alpha,w_e,w_r,w_c,action,intimacy,reward,density,model
2,1,2,1,0,0.0,low,0.011956398375332355,discomfort_only
2,1,2,1,0,0.0,high,0.011956398375332355,discomfort_only
2,1,2,1,0,0.009999999776482582,low,0.011937101371586323,discomfort_only
2,1,2,1,0,0.009999999776482582,high,0.011937101371586323,discomfort_only
2,1,2,1,0,0.019999999552965164,low,0.01191739458590746,discomfort_only
2,1,2,1,0,0.019999999552965164,high,0.01191739458590746,discomfort_only
2,1,2,1,0,0.029999999329447746,low,0.011897267773747444,discomfort_only
2,1,2,1,0,0.029999999329447746,high,0.011897267773747444,discomfort_only
2,1,2,1,0,0.03999999910593033,low,0.01187671348452568,discomfort_only
2,1,2,1,0,0.03999999910593033,high,0.01187671348452568,discomfort_only
2,1,2,1,0,0.04999999701976776,low,0.011855721473693848,discomfort_only
2,1,2,1,0,0.04999999701976776,high,0.011855721473693848,discomfort_only
2,1,2,1,0,0.05999999865889549,low,0.011834284290671349,discomfort_only
2,1,2,1,0,0.05999999865889549,high,0.011834284290671349,discomfort_only
2,1,2,1,0,0.07000000029802322,low,0.011812390759587288,discomfort_only
2,1,2,1,0,0.07000000029802322,high,0.011812390759587288,discomfort_only
2,1,2,1,0,0.07999999821186066,low,0.011790032498538494,discomfort_only
2,1,2,1,0,0.07999999821186066,high,0.011790032498538494,discomfort_only
2,1,2,1,0,0.08999999612569809,low,0.01176720205694437,discomfort_only
2,1,2,1,0,0.08999999612569809,high,0.01176720205694437,discomfort_only
2,1,2,1,0,0.09999999403953552,low,0.011743885464966297,discomfort_only
2,1,2,1,0,0.09999999403953552,high,0.011743885464966297,discomfort_only
2,1,2,1,0,0.10999999940395355,low,0.011720076203346252,discomfort_only
2,1,2,1,0,0.10999999940395355,high,0.011720076203346252,discomfort_only
2,1,2,1,0,0.11999999731779099,low,0.01169576309621334,discomfort_only
2,1,2,1,0,0.11999999731779099,high,0.01169576309621334,discomfort_only
2,1,2,1,0,0.12999999523162842,low,0.011670934967696667,discomfort_only
2,1,2,1,0,0.12999999523162842,high,0.011670934967696667,discomfort_only
2,1,2,1,0,0.14000000059604645,low,0.011645584367215633,discomfort_only
2,1,2,1,0,0.14000000059604645,high,0.011645584367215633,discomfort_only
2,1,2,1,0,0.14999999105930328,low,0.011619697324931622,discomfort_only
2,1,2,1,0,0.14999999105930328,high,0.011619697324931622,discomfort_only
2,1,2,1,0,0.1599999964237213,low,0.011593266390264034,discomfort_only
2,1,2,1,0,0.1599999964237213,high,0.011593266390264034,discomfort_only
2,1,2,1,0,0.17000000178813934,low,0.011566277593374252,discomfort_only
2,1,2,1,0,0.17000000178813934,high,0.011566277593374252,discomfort_only
2,1,2,1,0,0.17999999225139618,low,0.011538723483681679,discomfort_only
2,1,2,1,0,0.17999999225139618,high,0.011538723483681679,discomfort_only
2,1,2,1,0,0.1899999976158142,low,0.01151058916002512,discomfort_only
2,1,2,1,0,0.1899999976158142,high,0.01151058916002512,discomfort_only
2,1,2,1,0,0.19999998807907104,low,0.011481867171823978,discomfort_only
2,1,2,1,0,0.19999998807907104,high,0.011481867171823978,discomfort_only
2,1,2,1,0,0.20999999344348907,low,0.01145254448056221,discomfort_only
2,1,2,1,0,0.20999999344348907,high,0.01145254448056221,discomfort_only
2,1,2,1,0,0.2199999988079071,low,0.011422608979046345,discomfort_only
2,1,2,1,0,0.2199999988079071,high,0.011422608979046345,discomfort_only
2,1,2,1,0,0.22999998927116394,low,0.011392050422728062,discomfort_only
2,1,2,1,0,0.22999998927116394,high,0.011392050422728062,discomfort_only
2,1,2,1,0,0.23999999463558197,low,0.011360855773091316,discomfort_only
2,1,2,1,0,0.23999999463558197,high,0.011360855773091316,discomfort_only
2,1,2,1,0,0.25,low,0.011329012922942638,discomfort_only
2,1,2,1,0,0.25,high,0.011329012922942638,discomfort_only
2,1,2,1,0,0.25999999046325684,low,0.011296511627733707,discomfort_only
2,1,2,1,0,0.25999999046325684,high,0.011296511627733707,discomfort_only
2,1,2,1,0,0.26999998092651367,low,0.011263340711593628,discomfort_only
2,1,2,1,0,0.26999998092651367,high,0.011263340711593628,discomfort_only
2,1,2,1,0,0.2800000011920929,low,0.011229484342038631,discomfort_only
2,1,2,1,0,0.2800000011920929,high,0.011229484342038631,discomfort_only
2,1,2,1,0,0.28999999165534973,low,0.011194934137165546,discomfort_only
2,1,2,1,0,0.28999999165534973,high,0.011194934137165546,discomfort_only
2,1,2,1,0,0.29999998211860657,low,0.01115967333316803,discomfort_only
2,1,2,1,0,0.29999998211860657,high,0.01115967333316803,discomfort_only
2,1,2,1,0,0.3100000023841858,low,0.011123694479465485,discomfort_only
2,1,2,1,0,0.3100000023841858,high,0.011123694479465485,discomfort_only
2,1,2,1,0,0.3199999928474426,low,0.011086981743574142,discomfort_only
2,1,2,1,0,0.3199999928474426,high,0.011086981743574142,discomfort_only
2,1,2,1,0,0.32999998331069946,low,0.011049524880945683,discomfort_only
2,1,2,1,0,0.32999998331069946,high,0.011049524880945683,discomfort_only
2,1,2,1,0,0.3400000035762787,low,0.011011308059096336,discomfort_only
2,1,2,1,0,0.3400000035762787,high,0.011011308059096336,discomfort_only
2,1,2,1,0,0.3499999940395355,low,0.010972324758768082,discomfort_only
2,1,2,1,0,0.3499999940395355,high,0.010972324758768082,discomfort_only
2,1,2,1,0,0.35999998450279236,low,0.010932556353509426,discomfort_only
2,1,2,1,0,0.35999998450279236,high,0.010932556353509426,discomfort_only
2,1,2,1,0,0.3700000047683716,low,0.010891993530094624,discomfort_only
2,1,2,1,0,0.3700000047683716,high,0.010891993530094624,discomfort_only
2,1,2,1,0,0.3799999952316284,low,0.010850622318685055,discomfort_only
2,1,2,1,0,0.3799999952316284,high,0.010850622318685055,discomfort_only
2,1,2,1,0,0.38999998569488525,low,0.010808432474732399,discomfort_only
2,1,2,1,0,0.38999998569488525,high,0.010808432474732399,discomfort_only
2,1,2,1,0,0.3999999761581421,low,0.010765408165752888,discomfort_only
2,1,2,1,0,0.3999999761581421,high,0.010765408165752888,discomfort_only
2,1,2,1,0,0.4099999964237213,low,0.0107215391471982,discomfort_only
2,1,2,1,0,0.4099999964237213,high,0.0107215391471982,discomfort_only
2,1,2,1,0,0.41999998688697815,low,0.010676813311874866,discomfort_only
2,1,2,1,0,0.41999998688697815,high,0.010676813311874866,discomfort_only
2,1,2,1,0,0.429999977350235,low,0.010631219483911991,discomfort_only
2,1,2,1,0,0.429999977350235,high,0.010631219483911991,discomfort_only
2,1,2,1,0,0.4399999976158142,low,0.01058474276214838,discomfort_only
2,1,2,1,0,0.4399999976158142,high,0.01058474276214838,discomfort_only
2,1,2,1,0,0.44999998807907104,low,0.010537373833358288,discomfort_only
2,1,2,1,0,0.44999998807907104,high,0.010537373833358288,discomfort_only
2,1,2,1,0,0.4599999785423279,low,0.010489101521670818,discomfort_only
2,1,2,1,0,0.4599999785423279,high,0.010489101521670818,discomfort_only
2,1,2,1,0,0.4699999988079071,low,0.010439910925924778,discomfort_only
2,1,2,1,0,0.4699999988079071,high,0.010439910925924778,discomfort_only
2,1,2,1,0,0.47999998927116394,low,0.010389793664216995,discomfort_only
2,1,2,1,0,0.47999998927116394,high,0.010389793664216995,discomfort_only
2,1,2,1,0,0.4899999797344208,low,0.010338738560676575,discomfort_only
2,1,2,1,0,0.4899999797344208,high,0.010338738560676575,discomfort_only
2,1,2,1,0,0.5,low,0.01028673630207777,discomfort_only
2,1,2,1,0,0.5,high,0.01028673630207777,discomfort_only
2,1,2,1,0,0.5099999904632568,low,0.010233773849904537,discomfort_only
2,1,2,1,0,0.5099999904632568,high,0.010233773849904537,discomfort_only
2,1,2,1,0,0.5199999809265137,low,0.010179842822253704,discomfort_only
2,1,2,1,0,0.5199999809265137,high,0.010179842822253704,discomfort_only
2,1,2,1,0,0.5299999713897705,low,0.01012493297457695,discomfort_only
2,1,2,1,0,0.5299999713897705,high,0.01012493297457695,discomfort_only
2,1,2,1,0,0.5399999618530273,low,0.010069034993648529,discomfort_only
2,1,2,1,0,0.5399999618530273,high,0.010069034993648529,discomfort_only
2,1,2,1,0,0.550000011920929,low,0.01001214049756527,discomfort_only
2,1,2,1,0,0.550000011920929,high,0.01001214049756527,discomfort_only
2,1,2,1,0,0.5600000023841858,low,0.009954242035746574,discomfort_only
2,1,2,1,0,0.5600000023841858,high,0.009954242035746574,discomfort_only
2,1,2,1,0,0.5699999928474426,low,0.009895330294966698,discomfort_only
2,1,2,1,0,0.5699999928474426,high,0.009895330294966698,discomfort_only
2,1,2,1,0,0.5799999833106995,low,0.009835401549935341,discomfort_only
2,1,2,1,0,0.5799999833106995,high,0.009835401549935341,discomfort_only
2,1,2,1,0,0.5899999737739563,low,0.009774443693459034,discomfort_only
2,1,2,1,0,0.5899999737739563,high,0.009774443693459034,discomfort_only
2,1,2,1,0,0.5999999642372131,low,0.009712456725537777,discomfort_only
2,1,2,1,0,0.5999999642372131,high,0.009712456725537777,discomfort_only
2,1,2,1,0,0.6100000143051147,low,0.009649430401623249,discomfort_only
2,1,2,1,0,0.6100000143051147,high,0.009649430401623249,discomfort_only
2,1,2,1,0,0.6200000047683716,low,0.009585361927747726,discomfort_only
2,1,2,1,0,0.6200000047683716,high,0.009585361927747726,discomfort_only
2,1,2,1,0,0.6299999952316284,low,0.009520250372588634,discomfort_only
2,1,2,1,0,0.6299999952316284,high,0.009520250372588634,discomfort_only
2,1,2,1,0,0.6399999856948853,low,0.009454088285565376,discomfort_only
2,1,2,1,0,0.6399999856948853,high,0.009454088285565376,discomfort_only
2,1,2,1,0,0.6499999761581421,low,0.009386875666677952,discomfort_only
2,1,2,1,0,0.6499999761581421,high,0.009386875666677952,discomfort_only
2,1,2,1,0,0.6599999666213989,low,0.009318611584603786,discomfort_only
2,1,2,1,0,0.6599999666213989,high,0.009318611584603786,discomfort_only
2,1,2,1,0,0.6699999570846558,low,0.009249294176697731,discomfort_only
2,1,2,1,0,0.6699999570846558,high,0.009249294176697731,discomfort_only
2,1,2,1,0,0.6800000071525574,low,0.009178925305604935,discomfort_only
2,1,2,1,0,0.6800000071525574,high,0.009178925305604935,discomfort_only
2,1,2,1,0,0.6899999976158142,low,0.009107505902647972,discomfort_only
2,1,2,1,0,0.6899999976158142,high,0.009107505902647972,discomfort_only
2,1,2,1,0,0.699999988079071,low,0.009035037830471992,discomfort_only
2,1,2,1,0,0.699999988079071,high,0.009035037830471992,discomfort_only
2,1,2,1,0,0.7099999785423279,low,0.008961525745689869,discomfort_only
2,1,2,1,0,0.7099999785423279,high,0.008961525745689869,discomfort_only
2,1,2,1,0,0.7199999690055847,low,0.008886975236237049,discomfort_only
2,1,2,1,0,0.7199999690055847,high,0.008886975236237049,discomfort_only
2,1,2,1,0,0.7299999594688416,low,0.008811390958726406,discomfort_only
2,1,2,1,0,0.7299999594688416,high,0.008811390958726406,discomfort_only
2,1,2,1,0,0.7400000095367432,low,0.008734777569770813,discomfort_only
2,1,2,1,0,0.7400000095367432,high,0.008734777569770813,discomfort_only
2,1,2,1,0,0.75,low,0.008657149039208889,discomfort_only
2,1,2,1,0,0.75,high,0.008657149039208889,discomfort_only
2,1,2,1,0,0.7599999904632568,low,0.008578510023653507,discomfort_only
2,1,2,1,0,0.7599999904632568,high,0.008578510023653507,discomfort_only
2,1,2,1,0,0.7699999809265137,low,0.008498874492943287,discomfort_only
2,1,2,1,0,0.7699999809265137,high,0.008498874492943287,discomfort_only
2,1,2,1,0,0.7799999713897705,low,0.0084182508289814,discomfort_only
2,1,2,1,0,0.7799999713897705,high,0.0084182508289814,discomfort_only
2,1,2,1,0,0.7899999618530273,low,0.008336655795574188,discomfort_only
2,1,2,1,0,0.7899999618530273,high,0.008336655795574188,discomfort_only
2,1,2,1,0,0.7999999523162842,low,0.008254104293882847,discomfort_only
2,1,2,1,0,0.7999999523162842,high,0.008254104293882847,discomfort_only
2,1,2,1,0,0.8100000023841858,low,0.00817061122506857,discomfort_only
2,1,2,1,0,0.8100000023841858,high,0.00817061122506857,discomfort_only
2,1,2,1,0,0.8199999928474426,low,0.008086195215582848,discomfort_only
2,1,2,1,0,0.8199999928474426,high,0.008086195215582848,discomfort_only
2,1,2,1,0,0.8299999833106995,low,0.008000873029232025,discomfort_only
2,1,2,1,0,0.8299999833106995,high,0.008000873029232025,discomfort_only
2,1,2,1,0,0.8399999737739563,low,0.007914667949080467,discomfort_only
2,1,2,1,0,0.8399999737739563,high,0.007914667949080467,discomfort_only
2,1,2,1,0,0.8499999642372131,low,0.00782760139554739,discomfort_only
2,1,2,1,0,0.8499999642372131,high,0.00782760139554739,discomfort_only
2,1,2,1,0,0.85999995470047,low,0.00773969478905201,discomfort_only
2,1,2,1,0,0.85999995470047,high,0.00773969478905201,discomfort_only
2,1,2,1,0,0.8700000047683716,low,0.00765097513794899,discomfort_only
2,1,2,1,0,0.8700000047683716,high,0.00765097513794899,discomfort_only
2,1,2,1,0,0.8799999952316284,low,0.00756146851927042,discomfort_only
2,1,2,1,0,0.8799999952316284,high,0.00756146851927042,discomfort_only
2,1,2,1,0,0.8899999856948853,low,0.0074712010100483894,discomfort_only
2,1,2,1,0,0.8899999856948853,high,0.0074712010100483894,discomfort_only
2,1,2,1,0,0.8999999761581421,low,0.007380204740911722,discomfort_only
2,1,2,1,0,0.8999999761581421,high,0.007380204740911722,discomfort_only
2,1,2,1,0,0.9099999666213989,low,0.007288508582860231,discomfort_only
2,1,2,1,0,0.9099999666213989,high,0.007288508582860231,discomfort_only
2,1,2,1,0,0.9199999570846558,low,0.007196144200861454,discomfort_only
2,1,2,1,0,0.9199999570846558,high,0.007196144200861454,discomfort_only
2,1,2,1,0,0.9300000071525574,low,0.007103144656866789,discomfort_only
2,1,2,1,0,0.9300000071525574,high,0.007103144656866789,discomfort_only
2,1,2,1,0,0.9399999976158142,low,0.007009547203779221,discomfort_only
2,1,2,1,0,0.9399999976158142,high,0.007009547203779221,discomfort_only
2,1,2,1,0,0.949999988079071,low,0.00691538630053401,discomfort_only
2,1,2,1,0,0.949999988079071,high,0.00691538630053401,discomfort_only
2,1,2,1,0,0.9599999785423279,low,0.00682069780305028,discomfort_only
2,1,2,1,0,0.9599999785423279,high,0.00682069780305028,discomfort_only
2,1,2,1,0,0.9699999690055847,low,0.0067255231551826,discomfort_only
2,1,2,1,0,0.9699999690055847,high,0.0067255231551826,discomfort_only
2,1,2,1,0,0.9799999594688416,low,0.00662990054115653,discomfort_only
2,1,2,1,0,0.9799999594688416,high,0.00662990054115653,discomfort_only
2,1,2,1,0,0.9899999499320984,low,0.006533871870487928,discomfort_only
2,1,2,1,0,0.9899999499320984,high,0.006533871870487928,discomfort_only
2,1,2,1,0,1.0,low,0.0064374771900475025,discomfort_only
2,1,2,1,0,1.0,high,0.0064374771900475025,discomfort_only
2,1,2,1,1,0.0,low,0.011956398375332355,discomfort_only
2,1,2,1,1,0.0,high,0.011956398375332355,discomfort_only
2,1,2,1,1,0.009999999776482582,low,0.011937101371586323,discomfort_only
2,1,2,1,1,0.009999999776482582,high,0.011937101371586323,discomfort_only
2,1,2,1,1,0.019999999552965164,low,0.01191739458590746,discomfort_only
2,1,2,1,1,0.019999999552965164,high,0.01191739458590746,discomfort_only
2,1,2,1,1,0.029999999329447746,low,0.011897267773747444,discomfort_only
2,1,2,1,1,0.029999999329447746,high,0.011897267773747444,discomfort_only
2,1,2,1,1,0.03999999910593033,low,0.01187671348452568,discomfort_only
2,1,2,1,1,0.03999999910593033,high,0.01187671348452568,discomfort_only
2,1,2,1,1,0.04999999701976776,low,0.011855721473693848,discomfort_only
2,1,2,1,1,0.04999999701976776,high,0.011855721473693848,discomfort_only
2,1,2,1,1,0.05999999865889549,low,0.011834284290671349,discomfort_only
2,1,2,1,1,0.05999999865889549,high,0.011834284290671349,discomfort_only
2,1,2,1,1,0.07000000029802322,low,0.011812390759587288,discomfort_only
2,1,2,1,1,0.07000000029802322,high,0.011812390759587288,discomfort_only
2,1,2,1,1,0.07999999821186066,low,0.011790032498538494,discomfort_only
2,1,2,1,1,0.07999999821186066,high,0.011790032498538494,discomfort_only
2,1,2,1,1,0.08999999612569809,low,0.01176720205694437,discomfort_only
2,1,2,1,1,0.08999999612569809,high,0.01176720205694437,discomfort_only
2,1,2,1,1,0.09999999403953552,low,0.011743885464966297,discomfort_only
2,1,2,1,1,0.09999999403953552,high,0.011743885464966297,discomfort_only
2,1,2,1,1,0.10999999940395355,low,0.011720076203346252,discomfort_only
2,1,2,1,1,0.10999999940395355,high,0.011720076203346252,discomfort_only
2,1,2,1,1,0.11999999731779099,low,0.01169576309621334,discomfort_only
2,1,2,1,1,0.11999999731779099,high,0.01169576309621334,discomfort_only
2,1,2,1,1,0.12999999523162842,low,0.011670934967696667,discomfort_only
2,1,2,1,1,0.12999999523162842,high,0.011670934967696667,discomfort_only
2,1,2,1,1,0.14000000059604645,low,0.011645584367215633,discomfort_only
2,1,2,1,1,0.14000000059604645,high,0.011645584367215633,discomfort_only
2,1,2,1,1,0.14999999105930328,low,0.011619697324931622,discomfort_only
2,1,2,1,1,0.14999999105930328,high,0.011619697324931622,discomfort_only
2,1,2,1,1,0.1599999964237213,low,0.011593266390264034,discomfort_only
2,1,2,1,1,0.1599999964237213,high,0.011593266390264034,discomfort_only
2,1,2,1,1,0.17000000178813934,low,0.011566277593374252,discomfort_only
2,1,2,1,1,0.17000000178813934,high,0.011566277593374252,discomfort_only
2,1,2,1,1,0.17999999225139618,low,0.011538723483681679,discomfort_only
2,1,2,1,1,0.17999999225139618,high,0.011538723483681679,discomfort_only
2,1,2,1,1,0.1899999976158142,low,0.01151058916002512,discomfort_only
2,1,2,1,1,0.1899999976158142,high,0.01151058916002512,discomfort_only
2,1,2,1,1,0.19999998807907104,low,0.011481867171823978,discomfort_only
2,1,2,1,1,0.19999998807907104,high,0.011481867171823978,discomfort_only
2,1,2,1,1,0.20999999344348907,low,0.01145254448056221,discomfort_only
2,1,2,1,1,0.20999999344348907,high,0.01145254448056221,discomfort_only
2,1,2,1,1,0.2199999988079071,low,0.011422608979046345,discomfort_only
2,1,2,1,1,0.2199999988079071,high,0.011422608979046345,discomfort_only
2,1,2,1,1,0.22999998927116394,low,0.011392050422728062,discomfort_only
2,1,2,1,1,0.22999998927116394,high,0.011392050422728062,discomfort_only
2,1,2,1,1,0.23999999463558197,low,0.011360855773091316,discomfort_only
2,1,2,1,1,0.23999999463558197,high,0.011360855773091316,discomfort_only
2,1,2,1,1,0.25,low,0.011329012922942638,discomfort_only
2,1,2,1,1,0.25,high,0.011329012922942638,discomfort_only
2,1,2,1,1,0.25999999046325684,low,0.011296511627733707,discomfort_only
2,1,2,1,1,0.25999999046325684,high,0.011296511627733707,discomfort_only
2,1,2,1,1,0.26999998092651367,low,0.011263340711593628,discomfort_only
2,1,2,1,1,0.26999998092651367,high,0.011263340711593628,discomfort_only
2,1,2,1,1,0.2800000011920929,low,0.011229484342038631,discomfort_only
2,1,2,1,1,0.2800000011920929,high,0.011229484342038631,discomfort_only
2,1,2,1,1,0.28999999165534973,low,0.011194934137165546,discomfort_only
2,1,2,1,1,0.28999999165534973,high,0.011194934137165546,discomfort_only
2,1,2,1,1,0.29999998211860657,low,0.01115967333316803,discomfort_only
2,1,2,1,1,0.29999998211860657,high,0.01115967333316803,discomfort_only
2,1,2,1,1,0.3100000023841858,low,0.011123694479465485,discomfort_only
2,1,2,1,1,0.3100000023841858,high,0.011123694479465485,discomfort_only
2,1,2,1,1,0.3199999928474426,low,0.011086981743574142,discomfort_only
2,1,2,1,1,0.3199999928474426,high,0.011086981743574142,discomfort_only
2,1,2,1,1,0.32999998331069946,low,0.011049524880945683,discomfort_only
2,1,2,1,1,0.32999998331069946,high,0.011049524880945683,discomfort_only
2,1,2,1,1,0.3400000035762787,low,0.011011308059096336,discomfort_only
2,1,2,1,1,0.3400000035762787,high,0.011011308059096336,discomfort_only
2,1,2,1,1,0.3499999940395355,low,0.010972324758768082,discomfort_only
2,1,2,1,1,0.3499999940395355,high,0.010972324758768082,discomfort_only
2,1,2,1,1,0.35999998450279236,low,0.010932556353509426,discomfort_only
2,1,2,1,1,0.35999998450279236,high,0.010932556353509426,discomfort_only
2,1,2,1,1,0.3700000047683716,low,0.010891993530094624,discomfort_only
2,1,2,1,1,0.3700000047683716,high,0.010891993530094624,discomfort_only
2,1,2,1,1,0.3799999952316284,low,0.010850622318685055,discomfort_only
2,1,2,1,1,0.3799999952316284,high,0.010850622318685055,discomfort_only
2,1,2,1,1,0.38999998569488525,low,0.010808432474732399,discomfort_only
2,1,2,1,1,0.38999998569488525,high,0.010808432474732399,discomfort_only
2,1,2,1,1,0.3999999761581421,low,0.010765408165752888,discomfort_only
2,1,2,1,1,0.3999999761581421,high,0.010765408165752888,discomfort_only
2,1,2,1,1,0.4099999964237213,low,0.0107215391471982,discomfort_only
2,1,2,1,1,0.4099999964237213,high,0.0107215391471982,discomfort_only
2,1,2,1,1,0.41999998688697815,low,0.010676813311874866,discomfort_only
2,1,2,1,1,0.41999998688697815,high,0.010676813311874866,discomfort_only
2,1,2,1,1,0.429999977350235,low,0.010631219483911991,discomfort_only
2,1,2,1,1,0.429999977350235,high,0.010631219483911991,discomfort_only
2,1,2,1,1,0.4399999976158142,low,0.01058474276214838,discomfort_only
2,1,2,1,1,0.4399999976158142,high,0.01058474276214838,discomfort_only
2,1,2,1,1,0.44999998807907104,low,0.010537373833358288,discomfort_only
2,1,2,1,1,0.44999998807907104,high,0.010537373833358288,discomfort_only
2,1,2,1,1,0.4599999785423279,low,0.010489101521670818,discomfort_only
2,1,2,1,1,0.4599999785423279,high,0.010489101521670818,discomfort_only
2,1,2,1,1,0.4699999988079071,low,0.010439910925924778,discomfort_only
2,1,2,1,1,0.4699999988079071,high,0.010439910925924778,discomfort_only
2,1,2,1,1,0.47999998927116394,low,0.010389793664216995,discomfort_only
2,1,2,1,1,0.47999998927116394,high,0.010389793664216995,discomfort_only
2,1,2,1,1,0.4899999797344208,low,0.010338738560676575,discomfort_only
2,1,2,1,1,0.4899999797344208,high,0.010338738560676575,discomfort_only
2,1,2,1,1,0.5,low,0.01028673630207777,discomfort_only
2,1,2,1,1,0.5,high,0.01028673630207777,discomfort_only
2,1,2,1,1,0.5099999904632568,low,0.010233773849904537,discomfort_only
2,1,2,1,1,0.5099999904632568,high,0.010233773849904537,discomfort_only
2,1,2,1,1,0.5199999809265137,low,0.010179842822253704,discomfort_only
2,1,2,1,1,0.5199999809265137,high,0.010179842822253704,discomfort_only
2,1,2,1,1,0.5299999713897705,low,0.01012493297457695,discomfort_only
2,1,2,1,1,0.5299999713897705,high,0.01012493297457695,discomfort_only
2,1,2,1,1,0.5399999618530273,low,0.010069034993648529,discomfort_only
2,1,2,1,1,0.5399999618530273,high,0.010069034993648529,discomfort_only
2,1,2,1,1,0.550000011920929,low,0.01001214049756527,discomfort_only
2,1,2,1,1,0.550000011920929,high,0.01001214049756527,discomfort_only
2,1,2,1,1,0.5600000023841858,low,0.009954242035746574,discomfort_only
2,1,2,1,1,0.5600000023841858,high,0.009954242035746574,discomfort_only
2,1,2,1,1,0.5699999928474426,low,0.009895330294966698,discomfort_only
2,1,2,1,1,0.5699999928474426,high,0.009895330294966698,discomfort_only
2,1,2,1,1,0.5799999833106995,low,0.009835401549935341,discomfort_only
2,1,2,1,1,0.5799999833106995,high,0.009835401549935341,discomfort_only
2,1,2,1,1,0.5899999737739563,low,0.009774443693459034,discomfort_only
2,1,2,1,1,0.5899999737739563,high,0.009774443693459034,discomfort_only
2,1,2,1,1,0.5999999642372131,low,0.009712456725537777,discomfort_only
2,1,2,1,1,0.5999999642372131,high,0.009712456725537777,discomfort_only
2,1,2,1,1,0.6100000143051147,low,0.009649430401623249,discomfort_only
2,1,2,1,1,0.6100000143051147,high,0.009649430401623249,discomfort_only
2,1,2,1,1,0.6200000047683716,low,0.009585361927747726,discomfort_only
2,1,2,1,1,0.6200000047683716,high,0.009585361927747726,discomfort_only
2,1,2,1,1,0.6299999952316284,low,0.009520250372588634,discomfort_only
2,1,2,1,1,0.6299999952316284,high,0.009520250372588634,discomfort_only
2,1,2,1,1,0.6399999856948853,low,0.009454088285565376,discomfort_only
2,1,2,1,1,0.6399999856948853,high,0.009454088285565376,discomfort_only
2,1,2,1,1,0.6499999761581421,low,0.009386875666677952,discomfort_only
2,1,2,1,1,0.6499999761581421,high,0.009386875666677952,discomfort_only
2,1,2,1,1,0.6599999666213989,low,0.009318611584603786,discomfort_only
2,1,2,1,1,0.6599999666213989,high,0.009318611584603786,discomfort_only
2,1,2,1,1,0.6699999570846558,low,0.009249294176697731,discomfort_only
2,1,2,1,1,0.6699999570846558,high,0.009249294176697731,discomfort_only
2,1,2,1,1,0.6800000071525574,low,0.009178925305604935,discomfort_only
2,1,2,1,1,0.6800000071525574,high,0.009178925305604935,discomfort_only
2,1,2,1,1,0.6899999976158142,low,0.009107505902647972,discomfort_only
2,1,2,1,1,0.6899999976158142,high,0.009107505902647972,discomfort_only
2,1,2,1,1,0.699999988079071,low,0.009035037830471992,discomfort_only
2,1,2,1,1,0.699999988079071,high,0.009035037830471992,discomfort_only
2,1,2,1,1,0.7099999785423279,low,0.008961525745689869,discomfort_only
2,1,2,1,1,0.7099999785423279,high,0.008961525745689869,discomfort_only
2,1,2,1,1,0.7199999690055847,low,0.008886975236237049,discomfort_only
2,1,2,1,1,0.7199999690055847,high,0.008886975236237049,discomfort_only
2,1,2,1,1,0.7299999594688416,low,0.008811390958726406,discomfort_only
2,1,2,1,1,0.7299999594688416,high,0.008811390958726406,discomfort_only
2,1,2,1,1,0.7400000095367432,low,0.008734777569770813,discomfort_only
2,1,2,1,1,0.7400000095367432,high,0.008734777569770813,discomfort_only
2,1,2,1,1,0.75,low,0.008657149039208889,discomfort_only
2,1,2,1,1,0.75,high,0.008657149039208889,discomfort_only
2,1,2,1,1,0.7599999904632568,low,0.008578510023653507,discomfort_only
2,1,2,1,1,0.7599999904632568,high,0.008578510023653507,discomfort_only
2,1,2,1,1,0.7699999809265137,low,0.008498874492943287,discomfort_only
2,1,2,1,1,0.7699999809265137,high,0.008498874492943287,discomfort_only
2,1,2,1,1,0.7799999713897705,low,0.0084182508289814,discomfort_only
2,1,2,1,1,0.7799999713897705,high,0.0084182508289814,discomfort_only
2,1,2,1,1,0.7899999618530273,low,0.008336655795574188,discomfort_only
2,1,2,1,1,0.7899999618530273,high,0.008336655795574188,discomfort_only
2,1,2,1,1,0.7999999523162842,low,0.008254104293882847,discomfort_only
2,1,2,1,1,0.7999999523162842,high,0.008254104293882847,discomfort_only
2,1,2,1,1,0.8100000023841858,low,0.00817061122506857,discomfort_only
2,1,2,1,1,0.8100000023841858,high,0.00817061122506857,discomfort_only
2,1,2,1,1,0.8199999928474426,low,0.008086195215582848,discomfort_only
2,1,2,1,1,0.8199999928474426,high,0.008086195215582848,discomfort_only
2,1,2,1,1,0.8299999833106995,low,0.008000873029232025,discomfort_only
2,1,2,1,1,0.8299999833106995,high,0.008000873029232025,discomfort_only
2,1,2,1,1,0.8399999737739563,low,0.007914667949080467,discomfort_only
2,1,2,1,1,0.8399999737739563,high,0.007914667949080467,discomfort_only
2,1,2,1,1,0.8499999642372131,low,0.00782760139554739,discomfort_only
2,1,2,1,1,0.8499999642372131,high,0.00782760139554739,discomfort_only
2,1,2,1,1,0.85999995470047,low,0.00773969478905201,discomfort_only
2,1,2,1,1,0.85999995470047,high,0.00773969478905201,discomfort_only
2,1,2,1,1,0.8700000047683716,low,0.00765097513794899,discomfort_only
2,1,2,1,1,0.8700000047683716,high,0.00765097513794899,discomfort_only
2,1,2,1,1,0.8799999952316284,low,0.00756146851927042,discomfort_only
2,1,2,1,1,0.8799999952316284,high,0.00756146851927042,discomfort_only
2,1,2,1,1,0.8899999856948853,low,0.0074712010100483894,discomfort_only
2,1,2,1,1,0.8899999856948853,high,0.0074712010100483894,discomfort_only
2,1,2,1,1,0.8999999761581421,low,0.007380204740911722,discomfort_only
2,1,2,1,1,0.8999999761581421,high,0.007380204740911722,discomfort_only
2,1,2,1,1,0.9099999666213989,low,0.007288508582860231,discomfort_only
2,1,2,1,1,0.9099999666213989,high,0.007288508582860231,discomfort_only
2,1,2,1,1,0.9199999570846558,low,0.007196144200861454,discomfort_only
2,1,2,1,1,0.9199999570846558,high,0.007196144200861454,discomfort_only
2,1,2,1,1,0.9300000071525574,low,0.007103144656866789,discomfort_only
2,1,2,1,1,0.9300000071525574,high,0.007103144656866789,discomfort_only
2,1,2,1,1,0.9399999976158142,low,0.007009547203779221,discomfort_only
2,1,2,1,1,0.9399999976158142,high,0.007009547203779221,discomfort_only
2,1,2,1,1,0.949999988079071,low,0.00691538630053401,discomfort_only
2,1,2,1,1,0.949999988079071,high,0.00691538630053401,discomfort_only
2,1,2,1,1,0.9599999785423279,low,0.00682069780305028,discomfort_only
2,1,2,1,1,0.9599999785423279,high,0.00682069780305028,discomfort_only
2,1,2,1,1,0.9699999690055847,low,0.0067255231551826,discomfort_only
2,1,2,1,1,0.9699999690055847,high,0.0067255231551826,discomfort_only
2,1,2,1,1,0.9799999594688416,low,0.00662990054115653,discomfort_only
2,1,2,1,1,0.9799999594688416,high,0.00662990054115653,discomfort_only
2,1,2,1,1,0.9899999499320984,low,0.006533871870487928,discomfort_only
2,1,2,1,1,0.9899999499320984,high,0.006533871870487928,discomfort_only
2,1,2,1,1,1.0,low,0.0064374771900475025,discomfort_only
2,1,2,1,1,1.0,high,0.0064374771900475025,discomfort_only
2,1,2,1,2,0.0,low,0.0041106091812253,discomfort_only
2,1,2,1,2,0.0,high,0.0041106091812253,discomfort_only
2,1,2,1,2,0.009999999776482582,low,0.004186880774796009,discomfort_only
2,1,2,1,2,0.009999999776482582,high,0.004186880774796009,discomfort_only
2,1,2,1,2,0.019999999552965164,low,0.004264409653842449,discomfort_only
2,1,2,1,2,0.019999999552965164,high,0.004264409653842449,discomfort_only
2,1,2,1,2,0.029999999329447746,low,0.0043432083912193775,discomfort_only
2,1,2,1,2,0.029999999329447746,high,0.0043432083912193775,discomfort_only
2,1,2,1,2,0.03999999910593033,low,0.0044232928194105625,discomfort_only
2,1,2,1,2,0.03999999910593033,high,0.0044232928194105625,discomfort_only
2,1,2,1,2,0.04999999701976776,low,0.004504672717303038,discomfort_only
2,1,2,1,2,0.04999999701976776,high,0.004504672717303038,discomfort_only
2,1,2,1,2,0.05999999865889549,low,0.004587363917380571,discomfort_only
2,1,2,1,2,0.05999999865889549,high,0.004587363917380571,discomfort_only
2,1,2,1,2,0.07000000029802322,low,0.004671376198530197,discomfort_only
2,1,2,1,2,0.07000000029802322,high,0.004671376198530197,discomfort_only
2,1,2,1,2,0.07999999821186066,low,0.0047567239962518215,discomfort_only
2,1,2,1,2,0.07999999821186066,high,0.0047567239962518215,discomfort_only
2,1,2,1,2,0.08999999612569809,low,0.004843418952077627,discomfort_only
2,1,2,1,2,0.08999999612569809,high,0.004843418952077627,discomfort_only
2,1,2,1,2,0.09999999403953552,low,0.004931471310555935,discomfort_only
2,1,2,1,2,0.09999999403953552,high,0.004931471310555935,discomfort_only
2,1,2,1,2,0.10999999940395355,low,0.005020894110202789,discomfort_only
2,1,2,1,2,0.10999999940395355,high,0.005020894110202789,discomfort_only
2,1,2,1,2,0.11999999731779099,low,0.0051116966642439365,discomfort_only
2,1,2,1,2,0.11999999731779099,high,0.0051116966642439365,discomfort_only
2,1,2,1,2,0.12999999523162842,low,0.00520388875156641,discomfort_only
2,1,2,1,2,0.12999999523162842,high,0.00520388875156641,discomfort_only
2,1,2,1,2,0.14000000059604645,low,0.005297482013702393,discomfort_only
2,1,2,1,2,0.14000000059604645,high,0.005297482013702393,discomfort_only
2,1,2,1,2,0.14999999105930328,low,0.005392485298216343,discomfort_only
2,1,2,1,2,0.14999999105930328,high,0.005392485298216343,discomfort_only
2,1,2,1,2,0.1599999964237213,low,0.005488906521350145,discomfort_only
2,1,2,1,2,0.1599999964237213,high,0.005488906521350145,discomfort_only
2,1,2,1,2,0.17000000178813934,low,0.005586754530668259,discomfort_only
2,1,2,1,2,0.17000000178813934,high,0.005586754530668259,discomfort_only
2,1,2,1,2,0.17999999225139618,low,0.005686035845428705,discomfort_only
2,1,2,1,2,0.17999999225139618,high,0.005686035845428705,discomfort_only
2,1,2,1,2,0.1899999976158142,low,0.005786757450550795,discomfort_only
2,1,2,1,2,0.1899999976158142,high,0.005786757450550795,discomfort_only
2,1,2,1,2,0.19999998807907104,low,0.0058889263309538364,discomfort_only
2,1,2,1,2,0.19999998807907104,high,0.0058889263309538364,discomfort_only
2,1,2,1,2,0.20999999344348907,low,0.0059925466775894165,discomfort_only
2,1,2,1,2,0.20999999344348907,high,0.0059925466775894165,discomfort_only
2,1,2,1,2,0.2199999988079071,low,0.006097625009715557,discomfort_only
2,1,2,1,2,0.2199999988079071,high,0.006097625009715557,discomfort_only
2,1,2,1,2,0.22999998927116394,low,0.006204162258654833,discomfort_only
2,1,2,1,2,0.22999998927116394,high,0.006204162258654833,discomfort_only
2,1,2,1,2,0.23999999463558197,low,0.0063121626153588295,discomfort_only
2,1,2,1,2,0.23999999463558197,high,0.0063121626153588295,discomfort_only
2,1,2,1,2,0.25,low,0.006421627942472696,discomfort_only
2,1,2,1,2,0.25,high,0.006421627942472696,discomfort_only
2,1,2,1,2,0.25999999046325684,low,0.006532557774335146,discomfort_only
2,1,2,1,2,0.25999999046325684,high,0.006532557774335146,discomfort_only
2,1,2,1,2,0.26999998092651367,low,0.006644954439252615,discomfort_only
2,1,2,1,2,0.26999998092651367,high,0.006644954439252615,discomfort_only
2,1,2,1,2,0.2800000011920929,low,0.006758814211934805,discomfort_only
2,1,2,1,2,0.2800000011920929,high,0.006758814211934805,discomfort_only
2,1,2,1,2,0.28999999165534973,low,0.0068741352297365665,discomfort_only
2,1,2,1,2,0.28999999165534973,high,0.0068741352297365665,discomfort_only
2,1,2,1,2,0.29999998211860657,low,0.006990914233028889,discomfort_only
2,1,2,1,2,0.29999998211860657,high,0.006990914233028889,discomfort_only
2,1,2,1,2,0.3100000023841858,low,0.007109145633876324,discomfort_only
2,1,2,1,2,0.3100000023841858,high,0.007109145633876324,discomfort_only
2,1,2,1,2,0.3199999928474426,low,0.0072288233786821365,discomfort_only
2,1,2,1,2,0.3199999928474426,high,0.0072288233786821365,discomfort_only
2,1,2,1,2,0.32999998331069946,low,0.007349939085543156,discomfort_only
2,1,2,1,2,0.32999998331069946,high,0.007349939085543156,discomfort_only
2,1,2,1,2,0.3400000035762787,low,0.007472485303878784,discomfort_only
2,1,2,1,2,0.3400000035762787,high,0.007472485303878784,discomfort_only
2,1,2,1,2,0.3499999940395355,low,0.00759644852951169,discomfort_only
2,1,2,1,2,0.3499999940395355,high,0.00759644852951169,discomfort_only
2,1,2,1,2,0.35999998450279236,low,0.007721818517893553,discomfort_only
2,1,2,1,2,0.35999998450279236,high,0.007721818517893553,discomfort_only
2,1,2,1,2,0.3700000047683716,low,0.007848580367863178,discomfort_only
2,1,2,1,2,0.3700000047683716,high,0.007848580367863178,discomfort_only
2,1,2,1,2,0.3799999952316284,low,0.007976718246936798,discomfort_only
2,1,2,1,2,0.3799999952316284,high,0.007976718246936798,discomfort_only
2,1,2,1,2,0.38999998569488525,low,0.008106214925646782,discomfort_only
2,1,2,1,2,0.38999998569488525,high,0.008106214925646782,discomfort_only
2,1,2,1,2,0.3999999761581421,low,0.008237053640186787,discomfort_only
2,1,2,1,2,0.3999999761581421,high,0.008237053640186787,discomfort_only
2,1,2,1,2,0.4099999964237213,low,0.008369209244847298,discomfort_only
2,1,2,1,2,0.4099999964237213,high,0.008369209244847298,discomfort_only
2,1,2,1,2,0.41999998688697815,low,0.008502659387886524,discomfort_only
2,1,2,1,2,0.41999998688697815,high,0.008502659387886524,discomfort_only
2,1,2,1,2,0.429999977350235,low,0.008637381717562675,discomfort_only
2,1,2,1,2,0.429999977350235,high,0.008637381717562675,discomfort_only
2,1,2,1,2,0.4399999976158142,low,0.00877334550023079,discomfort_only
2,1,2,1,2,0.4399999976158142,high,0.00877334550023079,discomfort_only
2,1,2,1,2,0.44999998807907104,low,0.008910523727536201,discomfort_only
2,1,2,1,2,0.44999998807907104,high,0.008910523727536201,discomfort_only
2,1,2,1,2,0.4599999785423279,low,0.0090488838031888,discomfort_only
2,1,2,1,2,0.4599999785423279,high,0.0090488838031888,discomfort_only
2,1,2,1,2,0.4699999988079071,low,0.009188390336930752,discomfort_only
2,1,2,1,2,0.4699999988079071,high,0.009188390336930752,discomfort_only
2,1,2,1,2,0.47999998927116394,low,0.009329007938504219,discomfort_only
2,1,2,1,2,0.47999998927116394,high,0.009329007938504219,discomfort_only
2,1,2,1,2,0.4899999797344208,low,0.009470698423683643,discomfort_only
2,1,2,1,2,0.4899999797344208,high,0.009470698423683643,discomfort_only
2,1,2,1,2,0.5,low,0.009613418951630592,discomfort_only
2,1,2,1,2,0.5,high,0.009613418951630592,discomfort_only
2,1,2,1,2,0.5099999904632568,low,0.009757127612829208,discomfort_only
2,1,2,1,2,0.5099999904632568,high,0.009757127612829208,discomfort_only
2,1,2,1,2,0.5199999809265137,low,0.009901775978505611,discomfort_only
2,1,2,1,2,0.5199999809265137,high,0.009901775978505611,discomfort_only
2,1,2,1,2,0.5299999713897705,low,0.010047316551208496,discomfort_only
2,1,2,1,2,0.5299999713897705,high,0.010047316551208496,discomfort_only
2,1,2,1,2,0.5399999618530273,low,0.010193695314228535,discomfort_only
2,1,2,1,2,0.5399999618530273,high,0.010193695314228535,discomfort_only
2,1,2,1,2,0.550000011920929,low,0.010340859182178974,discomfort_only
2,1,2,1,2,0.550000011920929,high,0.010340859182178974,discomfort_only
2,1,2,1,2,0.5600000023841858,low,0.010488751344382763,discomfort_only
2,1,2,1,2,0.5600000023841858,high,0.010488751344382763,discomfort_only
2,1,2,1,2,0.5699999928474426,low,0.010637310333549976,discomfort_only
2,1,2,1,2,0.5699999928474426,high,0.010637310333549976,discomfort_only
2,1,2,1,2,0.5799999833106995,low,0.01078647281974554,discomfort_only
2,1,2,1,2,0.5799999833106995,high,0.01078647281974554,discomfort_only
2,1,2,1,2,0.5899999737739563,low,0.010936172679066658,discomfort_only
2,1,2,1,2,0.5899999737739563,high,0.010936172679066658,discomfort_only
2,1,2,1,2,0.5999999642372131,low,0.011086340993642807,discomfort_only
2,1,2,1,2,0.5999999642372131,high,0.011086340993642807,discomfort_only
2,1,2,1,2,0.6100000143051147,low,0.011236906051635742,discomfort_only
2,1,2,1,2,0.6100000143051147,high,0.011236906051635742,discomfort_only
2,1,2,1,2,0.6200000047683716,low,0.011387791484594345,discomfort_only
2,1,2,1,2,0.6200000047683716,high,0.011387791484594345,discomfort_only
2,1,2,1,2,0.6299999952316284,low,0.011538919992744923,discomfort_only
2,1,2,1,2,0.6299999952316284,high,0.011538919992744923,discomfort_only
2,1,2,1,2,0.6399999856948853,low,0.011690211482346058,discomfort_only
2,1,2,1,2,0.6399999856948853,high,0.011690211482346058,discomfort_only
2,1,2,1,2,0.6499999761581421,low,0.011841580271720886,discomfort_only
2,1,2,1,2,0.6499999761581421,high,0.011841580271720886,discomfort_only
2,1,2,1,2,0.6599999666213989,low,0.011992940679192543,discomfort_only
2,1,2,1,2,0.6599999666213989,high,0.011992940679192543,discomfort_only
2,1,2,1,2,0.6699999570846558,low,0.012144201435148716,discomfort_only
2,1,2,1,2,0.6699999570846558,high,0.012144201435148716,discomfort_only
2,1,2,1,2,0.6800000071525574,low,0.012295271269977093,discomfort_only
2,1,2,1,2,0.6800000071525574,high,0.012295271269977093,discomfort_only
2,1,2,1,2,0.6899999976158142,low,0.012446052394807339,discomfort_only
2,1,2,1,2,0.6899999976158142,high,0.012446052394807339,discomfort_only
2,1,2,1,2,0.699999988079071,low,0.012596446089446545,discomfort_only
2,1,2,1,2,0.699999988079071,high,0.012596446089446545,discomfort_only
2,1,2,1,2,0.7099999785423279,low,0.012746351771056652,discomfort_only
2,1,2,1,2,0.7099999785423279,high,0.012746351771056652,discomfort_only
2,1,2,1,2,0.7199999690055847,low,0.012895666062831879,discomfort_only
2,1,2,1,2,0.7199999690055847,high,0.012895666062831879,discomfort_only
2,1,2,1,2,0.7299999594688416,low,0.013044280000030994,discomfort_only
2,1,2,1,2,0.7299999594688416,high,0.013044280000030994,discomfort_only
2,1,2,1,2,0.7400000095367432,low,0.013192087411880493,discomfort_only
2,1,2,1,2,0.7400000095367432,high,0.013192087411880493,discomfort_only
2,1,2,1,2,0.75,low,0.013338973745703697,discomfort_only
2,1,2,1,2,0.75,high,0.013338973745703697,discomfort_only
2,1,2,1,2,0.7599999904632568,low,0.013484823517501354,discomfort_only
2,1,2,1,2,0.7599999904632568,high,0.013484823517501354,discomfort_only
2,1,2,1,2,0.7699999809265137,low,0.013629523105919361,discomfort_only
2,1,2,1,2,0.7699999809265137,high,0.013629523105919361,discomfort_only
2,1,2,1,2,0.7799999713897705,low,0.013772953301668167,discomfort_only
2,1,2,1,2,0.7799999713897705,high,0.013772953301668167,discomfort_only
2,1,2,1,2,0.7899999618530273,low,0.013914992101490498,discomfort_only
2,1,2,1,2,0.7899999618530273,high,0.013914992101490498,discomfort_only
2,1,2,1,2,0.7999999523162842,low,0.014055519364774227,discomfort_only
2,1,2,1,2,0.7999999523162842,high,0.014055519364774227,discomfort_only
2,1,2,1,2,0.8100000023841858,low,0.014194412156939507,discomfort_only
2,1,2,1,2,0.8100000023841858,high,0.014194412156939507,discomfort_only
2,1,2,1,2,0.8199999928474426,low,0.014331542886793613,discomfort_only
2,1,2,1,2,0.8199999928474426,high,0.014331542886793613,discomfort_only
2,1,2,1,2,0.8299999833106995,low,0.014466785825788975,discomfort_only
2,1,2,1,2,0.8299999833106995,high,0.014466785825788975,discomfort_only
2,1,2,1,2,0.8399999737739563,low,0.014600012451410294,discomfort_only
2,1,2,1,2,0.8399999737739563,high,0.014600012451410294,discomfort_only
2,1,2,1,2,0.8499999642372131,low,0.014731097035109997,discomfort_only
2,1,2,1,2,0.8499999642372131,high,0.014731097035109997,discomfort_only
2,1,2,1,2,0.85999995470047,low,0.014859907329082489,discomfort_only
2,1,2,1,2,0.85999995470047,high,0.014859907329082489,discomfort_only
2,1,2,1,2,0.8700000047683716,low,0.014986320398747921,discomfort_only
2,1,2,1,2,0.8700000047683716,high,0.014986320398747921,discomfort_only
2,1,2,1,2,0.8799999952316284,low,0.015110202133655548,discomfort_only
2,1,2,1,2,0.8799999952316284,high,0.015110202133655548,discomfort_only
2,1,2,1,2,0.8899999856948853,low,0.015231422148644924,discomfort_only
2,1,2,1,2,0.8899999856948853,high,0.015231422148644924,discomfort_only
2,1,2,1,2,0.8999999761581421,low,0.015349854715168476,discomfort_only
2,1,2,1,2,0.8999999761581421,high,0.015349854715168476,discomfort_only
2,1,2,1,2,0.9099999666213989,low,0.015465372242033482,discomfort_only
2,1,2,1,2,0.9099999666213989,high,0.015465372242033482,discomfort_only
2,1,2,1,2,0.9199999570846558,low,0.015577849000692368,discomfort_only
2,1,2,1,2,0.9199999570846558,high,0.015577849000692368,discomfort_only
2,1,2,1,2,0.9300000071525574,low,0.015687156468629837,discomfort_only
2,1,2,1,2,0.9300000071525574,high,0.015687156468629837,discomfort_only
2,1,2,1,2,0.9399999976158142,low,0.015793172642588615,discomfort_only
2,1,2,1,2,0.9399999976158142,high,0.015793172642588615,discomfort_only
2,1,2,1,2,0.949999988079071,low,0.015895776450634003,discomfort_only
2,1,2,1,2,0.949999988079071,high,0.015895776450634003,discomfort_only
2,1,2,1,2,0.9599999785423279,low,0.01599484495818615,discomfort_only
2,1,2,1,2,0.9599999785423279,high,0.01599484495818615,discomfort_only
2,1,2,1,2,0.9699999690055847,low,0.016090262681245804,discomfort_only
2,1,2,1,2,0.9699999690055847,high,0.016090262681245804,discomfort_only
2,1,2,1,2,0.9799999594688416,low,0.01618191786110401,discomfort_only
2,1,2,1,2,0.9799999594688416,high,0.01618191786110401,discomfort_only
2,1,2,1,2,0.9899999499320984,low,0.01626969501376152,discomfort_only
2,1,2,1,2,0.9899999499320984,high,0.01626969501376152,discomfort_only
2,1,2,1,2,1.0,low,0.016353491693735123,discomfort_only
2,1,2,1,2,1.0,high,0.016353491693735123,discomfort_only
2,1,2,1,3,0.0,low,0.0010574295883998275,discomfort_only
2,1,2,1,3,0.0,high,0.0010574295883998275,discomfort_only
2,1,2,1,3,0.009999999776482582,low,0.0010988079011440277,discomfort_only
2,1,2,1,3,0.009999999776482582,high,0.0010988079011440277,discomfort_only
2,1,2,1,3,0.019999999552965164,low,0.001141762943007052,discomfort_only
2,1,2,1,3,0.019999999552965164,high,0.001141762943007052,discomfort_only
2,1,2,1,3,0.029999999329447746,low,0.0011863521067425609,discomfort_only
2,1,2,1,3,0.029999999329447746,high,0.0011863521067425609,discomfort_only
2,1,2,1,3,0.03999999910593033,low,0.0012326351134106517,discomfort_only
2,1,2,1,3,0.03999999910593033,high,0.0012326351134106517,discomfort_only
2,1,2,1,3,0.04999999701976776,low,0.0012806722661480308,discomfort_only
2,1,2,1,3,0.04999999701976776,high,0.0012806722661480308,discomfort_only
2,1,2,1,3,0.05999999865889549,low,0.0013305271277204156,discomfort_only
2,1,2,1,3,0.05999999865889549,high,0.0013305271277204156,discomfort_only
2,1,2,1,3,0.07000000029802322,low,0.001382265007123351,discomfort_only
2,1,2,1,3,0.07000000029802322,high,0.001382265007123351,discomfort_only
2,1,2,1,3,0.07999999821186066,low,0.0014359530759975314,discomfort_only
2,1,2,1,3,0.07999999821186066,high,0.0014359530759975314,discomfort_only
2,1,2,1,3,0.08999999612569809,low,0.0014916614163666964,discomfort_only
2,1,2,1,3,0.08999999612569809,high,0.0014916614163666964,discomfort_only
2,1,2,1,3,0.09999999403953552,low,0.001549461274407804,discomfort_only
2,1,2,1,3,0.09999999403953552,high,0.001549461274407804,discomfort_only
2,1,2,1,3,0.10999999940395355,low,0.0016094264574348927,discomfort_only
2,1,2,1,3,0.10999999940395355,high,0.0016094264574348927,discomfort_only
2,1,2,1,3,0.11999999731779099,low,0.001671633217483759,discomfort_only
2,1,2,1,3,0.11999999731779099,high,0.001671633217483759,discomfort_only
2,1,2,1,3,0.12999999523162842,low,0.0017361602513119578,discomfort_only
2,1,2,1,3,0.12999999523162842,high,0.0017361602513119578,discomfort_only
2,1,2,1,3,0.14000000059604645,low,0.0018030890496447682,discomfort_only
2,1,2,1,3,0.14000000059604645,high,0.0018030890496447682,discomfort_only
2,1,2,1,3,0.14999999105930328,low,0.00187250308226794,discomfort_only
2,1,2,1,3,0.14999999105930328,high,0.00187250308226794,discomfort_only
2,1,2,1,3,0.1599999964237213,low,0.0019444881472736597,discomfort_only
2,1,2,1,3,0.1599999964237213,high,0.0019444881472736597,discomfort_only
2,1,2,1,3,0.17000000178813934,low,0.0020191334187984467,discomfort_only
2,1,2,1,3,0.17000000178813934,high,0.0020191334187984467,discomfort_only
2,1,2,1,3,0.17999999225139618,low,0.002096528885886073,discomfort_only
2,1,2,1,3,0.17999999225139618,high,0.002096528885886073,discomfort_only
2,1,2,1,3,0.1899999976158142,low,0.002176769310608506,discomfort_only
2,1,2,1,3,0.1899999976158142,high,0.002176769310608506,discomfort_only
2,1,2,1,3,0.19999998807907104,low,0.002259951550513506,discomfort_only
2,1,2,1,3,0.19999998807907104,high,0.002259951550513506,discomfort_only
2,1,2,1,3,0.20999999344348907,low,0.002346174791455269,discomfort_only
2,1,2,1,3,0.20999999344348907,high,0.002346174791455269,discomfort_only
2,1,2,1,3,0.2199999988079071,low,0.0024355414789170027,discomfort_only
2,1,2,1,3,0.2199999988079071,high,0.0024355414789170027,discomfort_only
2,1,2,1,3,0.22999998927116394,low,0.0025281563866883516,discomfort_only
2,1,2,1,3,0.22999998927116394,high,0.0025281563866883516,discomfort_only
2,1,2,1,3,0.23999999463558197,low,0.00262412684969604,discomfort_only
2,1,2,1,3,0.23999999463558197,high,0.00262412684969604,discomfort_only
2,1,2,1,3,0.25,low,0.002723563928157091,discomfort_only
2,1,2,1,3,0.25,high,0.002723563928157091,discomfort_only
2,1,2,1,3,0.25999999046325684,low,0.002826582407578826,discomfort_only
2,1,2,1,3,0.25999999046325684,high,0.002826582407578826,discomfort_only
2,1,2,1,3,0.26999998092651367,low,0.0029332987032830715,discomfort_only
2,1,2,1,3,0.26999998092651367,high,0.0029332987032830715,discomfort_only
2,1,2,1,3,0.2800000011920929,low,0.0030438320245593786,discomfort_only
2,1,2,1,3,0.2800000011920929,high,0.0030438320245593786,discomfort_only
2,1,2,1,3,0.28999999165534973,low,0.0031583053059875965,discomfort_only
2,1,2,1,3,0.28999999165534973,high,0.0031583053059875965,discomfort_only
2,1,2,1,3,0.29999998211860657,low,0.0032768447417765856,discomfort_only
2,1,2,1,3,0.29999998211860657,high,0.0032768447417765856,discomfort_only
2,1,2,1,3,0.3100000023841858,low,0.0033995797857642174,discomfort_only
2,1,2,1,3,0.3100000023841858,high,0.0033995797857642174,discomfort_only
2,1,2,1,3,0.3199999928474426,low,0.0035266419872641563,discomfort_only
2,1,2,1,3,0.3199999928474426,high,0.0035266419872641563,discomfort_only
2,1,2,1,3,0.32999998331069946,low,0.0036581652238965034,discomfort_only
2,1,2,1,3,0.32999998331069946,high,0.0036581652238965034,discomfort_only
2,1,2,1,3,0.3400000035762787,low,0.0037942908238619566,discomfort_only
2,1,2,1,3,0.3400000035762787,high,0.0037942908238619566,discomfort_only
2,1,2,1,3,0.3499999940395355,low,0.0039351568557322025,discomfort_only
2,1,2,1,3,0.3499999940395355,high,0.0039351568557322025,discomfort_only
2,1,2,1,3,0.35999998450279236,low,0.004080908838659525,discomfort_only
2,1,2,1,3,0.35999998450279236,high,0.004080908838659525,discomfort_only
2,1,2,1,3,0.3700000047683716,low,0.004231694620102644,discomfort_only
2,1,2,1,3,0.3700000047683716,high,0.004231694620102644,discomfort_only
2,1,2,1,3,0.3799999952316284,low,0.004387663211673498,discomfort_only
2,1,2,1,3,0.3799999952316284,high,0.004387663211673498,discomfort_only
2,1,2,1,3,0.38999998569488525,low,0.004548970144242048,discomfort_only
2,1,2,1,3,0.38999998569488525,high,0.004548970144242048,discomfort_only
2,1,2,1,3,0.3999999761581421,low,0.004715770948678255,discomfort_only
2,1,2,1,3,0.3999999761581421,high,0.004715770948678255,discomfort_only
2,1,2,1,3,0.4099999964237213,low,0.0048882244154810905,discomfort_only
2,1,2,1,3,0.4099999964237213,high,0.0048882244154810905,discomfort_only
2,1,2,1,3,0.41999998688697815,low,0.0050664921291172504,discomfort_only
2,1,2,1,3,0.41999998688697815,high,0.0050664921291172504,discomfort_only
2,1,2,1,3,0.429999977350235,low,0.005250740796327591,discomfort_only
2,1,2,1,3,0.429999977350235,high,0.005250740796327591,discomfort_only
2,1,2,1,3,0.4399999976158142,low,0.005441136658191681,discomfort_only
2,1,2,1,3,0.4399999976158142,high,0.005441136658191681,discomfort_only
2,1,2,1,3,0.44999998807907104,low,0.005637850612401962,discomfort_only
2,1,2,1,3,0.44999998807907104,high,0.005637850612401962,discomfort_only
2,1,2,1,3,0.4599999785423279,low,0.005841052625328302,discomfort_only
2,1,2,1,3,0.4599999785423279,high,0.005841052625328302,discomfort_only
2,1,2,1,3,0.4699999988079071,low,0.006050921976566315,discomfort_only
2,1,2,1,3,0.4699999988079071,high,0.006050921976566315,discomfort_only
2,1,2,1,3,0.47999998927116394,low,0.006267630960792303,discomfort_only
2,1,2,1,3,0.47999998927116394,high,0.006267630960792303,discomfort_only
2,1,2,1,3,0.4899999797344208,low,0.006491361651569605,discomfort_only
2,1,2,1,3,0.4899999797344208,high,0.006491361651569605,discomfort_only
2,1,2,1,3,0.5,low,0.00672229565680027,discomfort_only
2,1,2,1,3,0.5,high,0.00672229565680027,discomfort_only
2,1,2,1,3,0.5099999904632568,low,0.006960614584386349,discomfort_only
2,1,2,1,3,0.5099999904632568,high,0.006960614584386349,discomfort_only
2,1,2,1,3,0.5199999809265137,low,0.007206503301858902,discomfort_only
2,1,2,1,3,0.5199999809265137,high,0.007206503301858902,discomfort_only
2,1,2,1,3,0.5299999713897705,low,0.0074601490050554276,discomfort_only
2,1,2,1,3,0.5299999713897705,high,0.0074601490050554276,discomfort_only
2,1,2,1,3,0.5399999618530273,low,0.007721736095845699,discomfort_only
2,1,2,1,3,0.5399999618530273,high,0.007721736095845699,discomfort_only
2,1,2,1,3,0.550000011920929,low,0.007991455495357513,discomfort_only
2,1,2,1,3,0.550000011920929,high,0.007991455495357513,discomfort_only
2,1,2,1,3,0.5600000023841858,low,0.008269494399428368,discomfort_only
2,1,2,1,3,0.5600000023841858,high,0.008269494399428368,discomfort_only
2,1,2,1,3,0.5699999928474426,low,0.00855604000389576,discomfort_only
2,1,2,1,3,0.5699999928474426,high,0.00855604000389576,discomfort_only
2,1,2,1,3,0.5799999833106995,low,0.00885128416121006,discomfort_only
2,1,2,1,3,0.5799999833106995,high,0.00885128416121006,discomfort_only
2,1,2,1,3,0.5899999737739563,low,0.009155415929853916,discomfort_only
2,1,2,1,3,0.5899999737739563,high,0.009155415929853916,discomfort_only
2,1,2,1,3,0.5999999642372131,low,0.0094686234369874,discomfort_only
2,1,2,1,3,0.5999999642372131,high,0.0094686234369874,discomfort_only
2,1,2,1,3,0.6100000143051147,low,0.009791094809770584,discomfort_only
2,1,2,1,3,0.6100000143051147,high,0.009791094809770584,discomfort_only
2,1,2,1,3,0.6200000047683716,low,0.010123014450073242,discomfort_only
2,1,2,1,3,0.6200000047683716,high,0.010123014450073242,discomfort_only
2,1,2,1,3,0.6299999952316284,low,0.010464571416378021,discomfort_only
2,1,2,1,3,0.6299999952316284,high,0.010464571416378021,discomfort_only
2,1,2,1,3,0.6399999856948853,low,0.010815947316586971,discomfort_only
2,1,2,1,3,0.6399999856948853,high,0.010815947316586971,discomfort_only
2,1,2,1,3,0.6499999761581421,low,0.011177320964634418,discomfort_only
2,1,2,1,3,0.6499999761581421,high,0.011177320964634418,discomfort_only
2,1,2,1,3,0.6599999666213989,low,0.011548872105777264,discomfort_only
2,1,2,1,3,0.6599999666213989,high,0.011548872105777264,discomfort_only
2,1,2,1,3,0.6699999570846558,low,0.011930778622627258,discomfort_only
2,1,2,1,3,0.6699999570846558,high,0.011930778622627258,discomfort_only
2,1,2,1,3,0.6800000071525574,low,0.012323210015892982,discomfort_only
2,1,2,1,3,0.6800000071525574,high,0.012323210015892982,discomfort_only
2,1,2,1,3,0.6899999976158142,low,0.012726332992315292,discomfort_only
2,1,2,1,3,0.6899999976158142,high,0.012726332992315292,discomfort_only
2,1,2,1,3,0.699999988079071,low,0.013140306808054447,discomfort_only
2,1,2,1,3,0.699999988079071,high,0.013140306808054447,discomfort_only
2,1,2,1,3,0.7099999785423279,low,0.013565298169851303,discomfort_only
2,1,2,1,3,0.7099999785423279,high,0.013565298169851303,discomfort_only
2,1,2,1,3,0.7199999690055847,low,0.0140014523640275,discomfort_only
2,1,2,1,3,0.7199999690055847,high,0.0140014523640275,discomfort_only
2,1,2,1,3,0.7299999594688416,low,0.014448916539549828,discomfort_only
2,1,2,1,3,0.7299999594688416,high,0.014448916539549828,discomfort_only
2,1,2,1,3,0.7400000095367432,low,0.0149078369140625,discomfort_only
2,1,2,1,3,0.7400000095367432,high,0.0149078369140625,discomfort_only
2,1,2,1,3,0.75,low,0.015378337353467941,discomfort_only
2,1,2,1,3,0.75,high,0.015378337353467941,discomfort_only
2,1,2,1,3,0.7599999904632568,low,0.01586054638028145,discomfort_only
2,1,2,1,3,0.7599999904632568,high,0.01586054638028145,discomfort_only
2,1,2,1,3,0.7699999809265137,low,0.016354581341147423,discomfort_only
2,1,2,1,3,0.7699999809265137,high,0.016354581341147423,discomfort_only
2,1,2,1,3,0.7799999713897705,low,0.01686054840683937,discomfort_only
2,1,2,1,3,0.7799999713897705,high,0.01686054840683937,discomfort_only
2,1,2,1,3,0.7899999618530273,low,0.01737854816019535,discomfort_only
2,1,2,1,3,0.7899999618530273,high,0.01737854816019535,discomfort_only
2,1,2,1,3,0.7999999523162842,low,0.017908668145537376,discomfort_only
2,1,2,1,3,0.7999999523162842,high,0.017908668145537376,discomfort_only
2,1,2,1,3,0.8100000023841858,low,0.018450994044542313,discomfort_only
2,1,2,1,3,0.8100000023841858,high,0.018450994044542313,discomfort_only
2,1,2,1,3,0.8199999928474426,low,0.019005579873919487,discomfort_only
2,1,2,1,3,0.8199999928474426,high,0.019005579873919487,discomfort_only
2,1,2,1,3,0.8299999833106995,low,0.019572490826249123,discomfort_only
2,1,2,1,3,0.8299999833106995,high,0.019572490826249123,discomfort_only
2,1,2,1,3,0.8399999737739563,low,0.0201517716050148,discomfort_only
2,1,2,1,3,0.8399999737739563,high,0.0201517716050148,discomfort_only
2,1,2,1,3,0.8499999642372131,low,0.02074344828724861,discomfort_only
2,1,2,1,3,0.8499999642372131,high,0.02074344828724861,discomfort_only
2,1,2,1,3,0.85999995470047,low,0.021347541362047195,discomfort_only
2,1,2,1,3,0.85999995470047,high,0.021347541362047195,discomfort_only
2,1,2,1,3,0.8700000047683716,low,0.02196406200528145,discomfort_only
2,1,2,1,3,0.8700000047683716,high,0.02196406200528145,discomfort_only
2,1,2,1,3,0.8799999952316284,low,0.022592991590499878,discomfort_only
2,1,2,1,3,0.8799999952316284,high,0.022592991590499878,discomfort_only
2,1,2,1,3,0.8899999856948853,low,0.02323431521654129,discomfort_only
2,1,2,1,3,0.8899999856948853,high,0.02323431521654129,discomfort_only
2,1,2,1,3,0.8999999761581421,low,0.023887986317276955,discomfort_only
2,1,2,1,3,0.8999999761581421,high,0.023887986317276955,discomfort_only
2,1,2,1,3,0.9099999666213989,low,0.02455396018922329,discomfort_only
2,1,2,1,3,0.9099999666213989,high,0.02455396018922329,discomfort_only
2,1,2,1,3,0.9199999570846558,low,0.025232164189219475,discomfort_only
2,1,2,1,3,0.9199999570846558,high,0.025232164189219475,discomfort_only
2,1,2,1,3,0.9300000071525574,low,0.025922521948814392,discomfort_only
2,1,2,1,3,0.9300000071525574,high,0.025922521948814392,discomfort_only
2,1,2,1,3,0.9399999976158142,low,0.02662491798400879,discomfort_only
2,1,2,1,3,0.9399999976158142,high,0.02662491798400879,discomfort_only
2,1,2,1,3,0.949999988079071,low,0.02733924239873886,discomfort_only
2,1,2,1,3,0.949999988079071,high,0.02733924239873886,discomfort_only
2,1,2,1,3,0.9599999785423279,low,0.028065362945199013,discomfort_only
2,1,2,1,3,0.9599999785423279,high,0.028065362945199013,discomfort_only
2,1,2,1,3,0.9699999690055847,low,0.028803130611777306,discomfort_only
2,1,2,1,3,0.9699999690055847,high,0.028803130611777306,discomfort_only
2,1,2,1,3,0.9799999594688416,low,0.02955237589776516,discomfort_only
2,1,2,1,3,0.9799999594688416,high,0.02955237589776516,discomfort_only
2,1,2,1,3,0.9899999499320984,low,0.03031291626393795,discomfort_only
2,1,2,1,3,0.9899999499320984,high,0.03031291626393795,discomfort_only
2,1,2,1,3,1.0,low,0.031084557995200157,discomfort_only
2,1,2,1,3,1.0,high,0.031084557995200157,discomfort_only
2,1,2,1,0,0.0,low,0.009900991804897785,vanilla_inv_plan
2,1,2,1,0,0.0,high,0.00990099273622036,vanilla_inv_plan
2,1,2,1,0,0.009999999776482582,low,0.009900991804897785,vanilla_inv_plan
2,1,2,1,0,0.009999999776482582,high,0.00990099273622036,vanilla_inv_plan
2,1,2,1,0,0.019999999552965164,low,0.009900991804897785,vanilla_inv_plan
2,1,2,1,0,0.019999999552965164,high,0.00990099273622036,vanilla_inv_plan
2,1,2,1,0,0.029999999329447746,low,0.009900991804897785,vanilla_inv_plan
2,1,2,1,0,0.029999999329447746,high,0.00990099273622036,vanilla_inv_plan
2,1,2,1,0,0.03999999910593033,low,0.009900991804897785,vanilla_inv_plan
2,1,2,1,0,0.03999999910593033,high,0.00990099273622036,vanilla_inv_plan
2,1,2,1,0,0.04999999701976776,low,0.009900991804897785,vanilla_inv_plan
2,1,2,1,0,0.04999999701976776,high,0.00990099273622036,vanilla_inv_plan
2,1,2,1,0,0.05999999865889549,low,0.009900991804897785,vanilla_inv_plan
2,1,2,1,0,0.05999999865889549,high,0.00990099273622036,vanilla_inv_plan
2,1,2,1,0,0.07000000029802322,low,0.009900991804897785,vanilla_inv_plan
2,1,2,1,0,0.07000000029802322,high,0.00990099273622036,vanilla_inv_plan
2,1,2,1,0,0.07999999821186066,low,0.009900991804897785,vanilla_inv_plan
2,1,2,1,0,0.07999999821186066,high,0.00990099273622036,vanilla_inv_plan
2,1,2,1,0,0.08999999612569809,low,0.009900991804897785,vanilla_inv_plan
2,1,2,1,0,0.08999999612569809,high,0.00990099273622036,vanilla_inv_plan
2,1,2,1,0,0.09999999403953552,low,0.009900991804897785,vanilla_inv_plan
2,1,2,1,0,0.09999999403953552,high,0.00990099273622036,vanilla_inv_plan
2,1,2,1,0,0.10999999940395355,low,0.009900991804897785,vanilla_inv_plan
2,1,2,1,0,0.10999999940395355,high,0.00990099273622036,vanilla_inv_plan
2,1,2,1,0,0.11999999731779099,low,0.009900991804897785,vanilla_inv_plan
2,1,2,1,0,0.11999999731779099,high,0.00990099273622036,vanilla_inv_plan
2,1,2,1,0,0.12999999523162842,low,0.009900991804897785,vanilla_inv_plan
2,1,2,1,0,0.12999999523162842,high,0.00990099273622036,vanilla_inv_plan
2,1,2,1,0,0.14000000059604645,low,0.009900991804897785,vanilla_inv_plan
2,1,2,1,0,0.14000000059604645,high,0.00990099273622036,vanilla_inv_plan
2,1,2,1,0,0.14999999105930328,low,0.009900991804897785,vanilla_inv_plan
2,1,2,1,0,0.14999999105930328,high,0.00990099273622036,vanilla_inv_plan
2,1,2,1,0,0.1599999964237213,low,0.009900991804897785,vanilla_inv_plan
2,1,2,1,0,0.1599999964237213,high,0.00990099273622036,vanilla_inv_plan
2,1,2,1,0,0.17000000178813934,low,0.009900991804897785,vanilla_inv_plan
2,1,2,1,0,0.17000000178813934,high,0.00990099273622036,vanilla_inv_plan
2,1,2,1,0,0.17999999225139618,low,0.009900991804897785,vanilla_inv_plan
2,1,2,1,0,0.17999999225139618,high,0.00990099273622036,vanilla_inv_plan
2,1,2,1,0,0.1899999976158142,low,0.009900991804897785,vanilla_inv_plan
2,1,2,1,0,0.1899999976158142,high,0.00990099273622036,vanilla_inv_plan
2,1,2,1,0,0.19999998807907104,low,0.009900991804897785,vanilla_inv_plan
2,1,2,1,0,0.19999998807907104,high,0.00990099273622036,vanilla_inv_plan
2,1,2,1,0,0.20999999344348907,low,0.009900991804897785,vanilla_inv_plan
2,1,2,1,0,0.20999999344348907,high,0.00990099273622036,vanilla_inv_plan
2,1,2,1,0,0.2199999988079071,low,0.009900991804897785,vanilla_inv_plan
2,1,2,1,0,0.2199999988079071,high,0.00990099273622036,vanilla_inv_plan
2,1,2,1,0,0.22999998927116394,low,0.009900991804897785,vanilla_inv_plan
2,1,2,1,0,0.22999998927116394,high,0.00990099273622036,vanilla_inv_plan
2,1,2,1,0,0.23999999463558197,low,0.009900991804897785,vanilla_inv_plan
2,1,2,1,0,0.23999999463558197,high,0.00990099273622036,vanilla_inv_plan
2,1,2,1,0,0.25,low,0.009900991804897785,vanilla_inv_plan
2,1,2,1,0,0.25,high,0.00990099273622036,vanilla_inv_plan
2,1,2,1,0,0.25999999046325684,low,0.009900991804897785,vanilla_inv_plan
2,1,2,1,0,0.25999999046325684,high,0.00990099273622036,vanilla_inv_plan
2,1,2,1,0,0.26999998092651367,low,0.009900991804897785,vanilla_inv_plan
2,1,2,1,0,0.26999998092651367,high,0.00990099273622036,vanilla_inv_plan
2,1,2,1,0,0.2800000011920929,low,0.009900991804897785,vanilla_inv_plan
2,1,2,1,0,0.2800000011920929,high,0.00990099273622036,vanilla_inv_plan
2,1,2,1,0,0.28999999165534973,low,0.009900991804897785,vanilla_inv_plan
2,1,2,1,0,0.28999999165534973,high,0.00990099273622036,vanilla_inv_plan
2,1,2,1,0,0.29999998211860657,low,0.009900991804897785,vanilla_inv_plan
2,1,2,1,0,0.29999998211860657,high,0.00990099273622036,vanilla_inv_plan
2,1,2,1,0,0.3100000023841858,low,0.009900991804897785,vanilla_inv_plan
2,1,2,1,0,0.3100000023841858,high,0.00990099273622036,vanilla_inv_plan
2,1,2,1,0,0.3199999928474426,low,0.009900991804897785,vanilla_inv_plan
2,1,2,1,0,0.3199999928474426,high,0.00990099273622036,vanilla_inv_plan
2,1,2,1,0,0.32999998331069946,low,0.009900991804897785,vanilla_inv_plan
2,1,2,1,0,0.32999998331069946,high,0.00990099273622036,vanilla_inv_plan
2,1,2,1,0,0.3400000035762787,low,0.009900991804897785,vanilla_inv_plan
2,1,2,1,0,0.3400000035762787,high,0.00990099273622036,vanilla_inv_plan
2,1,2,1,0,0.3499999940395355,low,0.009900991804897785,vanilla_inv_plan
2,1,2,1,0,0.3499999940395355,high,0.00990099273622036,vanilla_inv_plan
2,1,2,1,0,0.35999998450279236,low,0.009900991804897785,vanilla_inv_plan
2,1,2,1,0,0.35999998450279236,high,0.00990099273622036,vanilla_inv_plan
2,1,2,1,0,0.3700000047683716,low,0.009900991804897785,vanilla_inv_plan
2,1,2,1,0,0.3700000047683716,high,0.00990099273622036,vanilla_inv_plan
2,1,2,1,0,0.3799999952316284,low,0.009900991804897785,vanilla_inv_plan
2,1,2,1,0,0.3799999952316284,high,0.00990099273622036,vanilla_inv_plan
2,1,2,1,0,0.38999998569488525,low,0.009900991804897785,vanilla_inv_plan
2,1,2,1,0,0.38999998569488525,high,0.00990099273622036,vanilla_inv_plan
2,1,2,1,0,0.3999999761581421,low,0.009900991804897785,vanilla_inv_plan
2,1,2,1,0,0.3999999761581421,high,0.00990099273622036,vanilla_inv_plan
2,1,2,1,0,0.4099999964237213,low,0.009900991804897785,vanilla_inv_plan
2,1,2,1,0,0.4099999964237213,high,0.00990099273622036,vanilla_inv_plan
2,1,2,1,0,0.41999998688697815,low,0.009900991804897785,vanilla_inv_plan
2,1,2,1,0,0.41999998688697815,high,0.00990099273622036,vanilla_inv_plan
2,1,2,1,0,0.429999977350235,low,0.009900991804897785,vanilla_inv_plan
2,1,2,1,0,0.429999977350235,high,0.00990099273622036,vanilla_inv_plan
2,1,2,1,0,0.4399999976158142,low,0.009900991804897785,vanilla_inv_plan
2,1,2,1,0,0.4399999976158142,high,0.00990099273622036,vanilla_inv_plan
2,1,2,1,0,0.44999998807907104,low,0.009900991804897785,vanilla_inv_plan
2,1,2,1,0,0.44999998807907104,high,0.00990099273622036,vanilla_inv_plan
2,1,2,1,0,0.4599999785423279,low,0.009900991804897785,vanilla_inv_plan
2,1,2,1,0,0.4599999785423279,high,0.00990099273622036,vanilla_inv_plan
2,1,2,1,0,0.4699999988079071,low,0.009900991804897785,vanilla_inv_plan
2,1,2,1,0,0.4699999988079071,high,0.00990099273622036,vanilla_inv_plan
2,1,2,1,0,0.47999998927116394,low,0.009900991804897785,vanilla_inv_plan
2,1,2,1,0,0.47999998927116394,high,0.00990099273622036,vanilla_inv_plan
2,1,2,1,0,0.4899999797344208,low,0.009900991804897785,vanilla_inv_plan
2,1,2,1,0,0.4899999797344208,high,0.00990099273622036,vanilla_inv_plan
2,1,2,1,0,0.5,low,0.009900991804897785,vanilla_inv_plan
2,1,2,1,0,0.5,high,0.00990099273622036,vanilla_inv_plan
2,1,2,1,0,0.5099999904632568,low,0.009900991804897785,vanilla_inv_plan
2,1,2,1,0,0.5099999904632568,high,0.00990099273622036,vanilla_inv_plan
2,1,2,1,0,0.5199999809265137,low,0.009900991804897785,vanilla_inv_plan
2,1,2,1,0,0.5199999809265137,high,0.00990099273622036,vanilla_inv_plan
2,1,2,1,0,0.5299999713897705,low,0.009900991804897785,vanilla_inv_plan
2,1,2,1,0,0.5299999713897705,high,0.00990099273622036,vanilla_inv_plan
2,1,2,1,0,0.5399999618530273,low,0.009900991804897785,vanilla_inv_plan
2,1,2,1,0,0.5399999618530273,high,0.00990099273622036,vanilla_inv_plan
2,1,2,1,0,0.550000011920929,low,0.009900991804897785,vanilla_inv_plan
2,1,2,1,0,0.550000011920929,high,0.00990099273622036,vanilla_inv_plan
2,1,2,1,0,0.5600000023841858,low,0.009900991804897785,vanilla_inv_plan
2,1,2,1,0,0.5600000023841858,high,0.00990099273622036,vanilla_inv_plan
2,1,2,1,0,0.5699999928474426,low,0.009900991804897785,vanilla_inv_plan
2,1,2,1,0,0.5699999928474426,high,0.00990099273622036,vanilla_inv_plan
2,1,2,1,0,0.5799999833106995,low,0.009900991804897785,vanilla_inv_plan
2,1,2,1,0,0.5799999833106995,high,0.00990099273622036,vanilla_inv_plan
2,1,2,1,0,0.5899999737739563,low,0.009900991804897785,vanilla_inv_plan
2,1,2,1,0,0.5899999737739563,high,0.00990099273622036,vanilla_inv_plan
2,1,2,1,0,0.5999999642372131,low,0.009900991804897785,vanilla_inv_plan
2,1,2,1,0,0.5999999642372131,high,0.00990099273622036,vanilla_inv_plan
2,1,2,1,0,0.6100000143051147,low,0.009900991804897785,vanilla_inv_plan
2,1,2,1,0,0.6100000143051147,high,0.00990099273622036,vanilla_inv_plan
2,1,2,1,0,0.6200000047683716,low,0.009900991804897785,vanilla_inv_plan
2,1,2,1,0,0.6200000047683716,high,0.00990099273622036,vanilla_inv_plan
2,1,2,1,0,0.6299999952316284,low,0.009900991804897785,vanilla_inv_plan
2,1,2,1,0,0.6299999952316284,high,0.00990099273622036,vanilla_inv_plan
2,1,2,1,0,0.6399999856948853,low,0.009900991804897785,vanilla_inv_plan
2,1,2,1,0,0.6399999856948853,high,0.00990099273622036,vanilla_inv_plan
2,1,2,1,0,0.6499999761581421,low,0.009900991804897785,vanilla_inv_plan
2,1,2,1,0,0.6499999761581421,high,0.00990099273622036,vanilla_inv_plan
2,1,2,1,0,0.6599999666213989,low,0.009900991804897785,vanilla_inv_plan
2,1,2,1,0,0.6599999666213989,high,0.00990099273622036,vanilla_inv_plan
2,1,2,1,0,0.6699999570846558,low,0.009900991804897785,vanilla_inv_plan
2,1,2,1,0,0.6699999570846558,high,0.00990099273622036,vanilla_inv_plan
2,1,2,1,0,0.6800000071525574,low,0.009900991804897785,vanilla_inv_plan
2,1,2,1,0,0.6800000071525574,high,0.00990099273622036,vanilla_inv_plan
2,1,2,1,0,0.6899999976158142,low,0.009900991804897785,vanilla_inv_plan
2,1,2,1,0,0.6899999976158142,high,0.00990099273622036,vanilla_inv_plan
2,1,2,1,0,0.699999988079071,low,0.009900991804897785,vanilla_inv_plan
2,1,2,1,0,0.699999988079071,high,0.00990099273622036,vanilla_inv_plan
2,1,2,1,0,0.7099999785423279,low,0.009900991804897785,vanilla_inv_plan
2,1,2,1,0,0.7099999785423279,high,0.00990099273622036,vanilla_inv_plan
2,1,2,1,0,0.7199999690055847,low,0.009900991804897785,vanilla_inv_plan
2,1,2,1,0,0.7199999690055847,high,0.00990099273622036,vanilla_inv_plan
2,1,2,1,0,0.7299999594688416,low,0.009900991804897785,vanilla_inv_plan
2,1,2,1,0,0.7299999594688416,high,0.00990099273622036,vanilla_inv_plan
2,1,2,1,0,0.7400000095367432,low,0.009900991804897785,vanilla_inv_plan
2,1,2,1,0,0.7400000095367432,high,0.00990099273622036,vanilla_inv_plan
2,1,2,1,0,0.75,low,0.009900991804897785,vanilla_inv_plan
2,1,2,1,0,0.75,high,0.00990099273622036,vanilla_inv_plan
2,1,2,1,0,0.7599999904632568,low,0.009900991804897785,vanilla_inv_plan
2,1,2,1,0,0.7599999904632568,high,0.00990099273622036,vanilla_inv_plan
2,1,2,1,0,0.7699999809265137,low,0.009900991804897785,vanilla_inv_plan
2,1,2,1,0,0.7699999809265137,high,0.00990099273622036,vanilla_inv_plan
2,1,2,1,0,0.7799999713897705,low,0.009900991804897785,vanilla_inv_plan
2,1,2,1,0,0.7799999713897705,high,0.00990099273622036,vanilla_inv_plan
2,1,2,1,0,0.7899999618530273,low,0.009900991804897785,vanilla_inv_plan
2,1,2,1,0,0.7899999618530273,high,0.00990099273622036,vanilla_inv_plan
2,1,2,1,0,0.7999999523162842,low,0.009900991804897785,vanilla_inv_plan
2,1,2,1,0,0.7999999523162842,high,0.00990099273622036,vanilla_inv_plan
2,1,2,1,0,0.8100000023841858,low,0.009900991804897785,vanilla_inv_plan
2,1,2,1,0,0.8100000023841858,high,0.00990099273622036,vanilla_inv_plan
2,1,2,1,0,0.8199999928474426,low,0.009900991804897785,vanilla_inv_plan
2,1,2,1,0,0.8199999928474426,high,0.00990099273622036,vanilla_inv_plan
2,1,2,1,0,0.8299999833106995,low,0.009900991804897785,vanilla_inv_plan
2,1,2,1,0,0.8299999833106995,high,0.00990099273622036,vanilla_inv_plan
2,1,2,1,0,0.8399999737739563,low,0.009900991804897785,vanilla_inv_plan
2,1,2,1,0,0.8399999737739563,high,0.00990099273622036,vanilla_inv_plan
2,1,2,1,0,0.8499999642372131,low,0.009900991804897785,vanilla_inv_plan
2,1,2,1,0,0.8499999642372131,high,0.00990099273622036,vanilla_inv_plan
2,1,2,1,0,0.85999995470047,low,0.009900991804897785,vanilla_inv_plan
2,1,2,1,0,0.85999995470047,high,0.00990099273622036,vanilla_inv_plan
2,1,2,1,0,0.8700000047683716,low,0.009900991804897785,vanilla_inv_plan
2,1,2,1,0,0.8700000047683716,high,0.00990099273622036,vanilla_inv_plan
2,1,2,1,0,0.8799999952316284,low,0.009900991804897785,vanilla_inv_plan
2,1,2,1,0,0.8799999952316284,high,0.00990099273622036,vanilla_inv_plan
2,1,2,1,0,0.8899999856948853,low,0.009900991804897785,vanilla_inv_plan
2,1,2,1,0,0.8899999856948853,high,0.00990099273622036,vanilla_inv_plan
2,1,2,1,0,0.8999999761581421,low,0.009900991804897785,vanilla_inv_plan
2,1,2,1,0,0.8999999761581421,high,0.00990099273622036,vanilla_inv_plan
2,1,2,1,0,0.9099999666213989,low,0.009900991804897785,vanilla_inv_plan
2,1,2,1,0,0.9099999666213989,high,0.00990099273622036,vanilla_inv_plan
2,1,2,1,0,0.9199999570846558,low,0.009900991804897785,vanilla_inv_plan
2,1,2,1,0,0.9199999570846558,high,0.00990099273622036,vanilla_inv_plan
2,1,2,1,0,0.9300000071525574,low,0.009900991804897785,vanilla_inv_plan
2,1,2,1,0,0.9300000071525574,high,0.00990099273622036,vanilla_inv_plan
2,1,2,1,0,0.9399999976158142,low,0.009900991804897785,vanilla_inv_plan
2,1,2,1,0,0.9399999976158142,high,0.00990099273622036,vanilla_inv_plan
2,1,2,1,0,0.949999988079071,low,0.009900991804897785,vanilla_inv_plan
2,1,2,1,0,0.949999988079071,high,0.00990099273622036,vanilla_inv_plan
2,1,2,1,0,0.9599999785423279,low,0.009900991804897785,vanilla_inv_plan
2,1,2,1,0,0.9599999785423279,high,0.00990099273622036,vanilla_inv_plan
2,1,2,1,0,0.9699999690055847,low,0.009900991804897785,vanilla_inv_plan
2,1,2,1,0,0.9699999690055847,high,0.00990099273622036,vanilla_inv_plan
2,1,2,1,0,0.9799999594688416,low,0.009900991804897785,vanilla_inv_plan
2,1,2,1,0,0.9799999594688416,high,0.00990099273622036,vanilla_inv_plan
2,1,2,1,0,0.9899999499320984,low,0.009900991804897785,vanilla_inv_plan
2,1,2,1,0,0.9899999499320984,high,0.00990099273622036,vanilla_inv_plan
2,1,2,1,0,1.0,low,0.009900991804897785,vanilla_inv_plan
2,1,2,1,0,1.0,high,0.00990099273622036,vanilla_inv_plan
2,1,2,1,1,0.0,low,0.00990099273622036,vanilla_inv_plan
2,1,2,1,1,0.0,high,0.00990099273622036,vanilla_inv_plan
2,1,2,1,1,0.009999999776482582,low,0.00990099273622036,vanilla_inv_plan
2,1,2,1,1,0.009999999776482582,high,0.00990099273622036,vanilla_inv_plan
2,1,2,1,1,0.019999999552965164,low,0.00990099273622036,vanilla_inv_plan
2,1,2,1,1,0.019999999552965164,high,0.00990099273622036,vanilla_inv_plan
2,1,2,1,1,0.029999999329447746,low,0.00990099273622036,vanilla_inv_plan
2,1,2,1,1,0.029999999329447746,high,0.00990099273622036,vanilla_inv_plan
2,1,2,1,1,0.03999999910593033,low,0.00990099273622036,vanilla_inv_plan
2,1,2,1,1,0.03999999910593033,high,0.00990099273622036,vanilla_inv_plan
2,1,2,1,1,0.04999999701976776,low,0.00990099273622036,vanilla_inv_plan
2,1,2,1,1,0.04999999701976776,high,0.00990099273622036,vanilla_inv_plan
2,1,2,1,1,0.05999999865889549,low,0.00990099273622036,vanilla_inv_plan
2,1,2,1,1,0.05999999865889549,high,0.00990099273622036,vanilla_inv_plan
2,1,2,1,1,0.07000000029802322,low,0.00990099273622036,vanilla_inv_plan
2,1,2,1,1,0.07000000029802322,high,0.00990099273622036,vanilla_inv_plan
2,1,2,1,1,0.07999999821186066,low,0.00990099273622036,vanilla_inv_plan
2,1,2,1,1,0.07999999821186066,high,0.00990099273622036,vanilla_inv_plan
2,1,2,1,1,0.08999999612569809,low,0.00990099273622036,vanilla_inv_plan
2,1,2,1,1,0.08999999612569809,high,0.00990099273622036,vanilla_inv_plan
2,1,2,1,1,0.09999999403953552,low,0.00990099273622036,vanilla_inv_plan
2,1,2,1,1,0.09999999403953552,high,0.00990099273622036,vanilla_inv_plan
2,1,2,1,1,0.10999999940395355,low,0.00990099273622036,vanilla_inv_plan
2,1,2,1,1,0.10999999940395355,high,0.00990099273622036,vanilla_inv_plan
2,1,2,1,1,0.11999999731779099,low,0.00990099273622036,vanilla_inv_plan
2,1,2,1,1,0.11999999731779099,high,0.00990099273622036,vanilla_inv_plan
2,1,2,1,1,0.12999999523162842,low,0.00990099273622036,vanilla_inv_plan
2,1,2,1,1,0.12999999523162842,high,0.00990099273622036,vanilla_inv_plan
2,1,2,1,1,0.14000000059604645,low,0.00990099273622036,vanilla_inv_plan
2,1,2,1,1,0.14000000059604645,high,0.00990099273622036,vanilla_inv_plan
2,1,2,1,1,0.14999999105930328,low,0.00990099273622036,vanilla_inv_plan
2,1,2,1,1,0.14999999105930328,high,0.00990099273622036,vanilla_inv_plan
2,1,2,1,1,0.1599999964237213,low,0.00990099273622036,vanilla_inv_plan
2,1,2,1,1,0.1599999964237213,high,0.00990099273622036,vanilla_inv_plan
2,1,2,1,1,0.17000000178813934,low,0.00990099273622036,vanilla_inv_plan
2,1,2,1,1,0.17000000178813934,high,0.00990099273622036,vanilla_inv_plan
2,1,2,1,1,0.17999999225139618,low,0.00990099273622036,vanilla_inv_plan
2,1,2,1,1,0.17999999225139618,high,0.00990099273622036,vanilla_inv_plan
2,1,2,1,1,0.1899999976158142,low,0.00990099273622036,vanilla_inv_plan
2,1,2,1,1,0.1899999976158142,high,0.00990099273622036,vanilla_inv_plan
2,1,2,1,1,0.19999998807907104,low,0.00990099273622036,vanilla_inv_plan
2,1,2,1,1,0.19999998807907104,high,0.00990099273622036,vanilla_inv_plan
2,1,2,1,1,0.20999999344348907,low,0.00990099273622036,vanilla_inv_plan
2,1,2,1,1,0.20999999344348907,high,0.00990099273622036,vanilla_inv_plan
2,1,2,1,1,0.2199999988079071,low,0.00990099273622036,vanilla_inv_plan
2,1,2,1,1,0.2199999988079071,high,0.00990099273622036,vanilla_inv_plan
2,1,2,1,1,0.22999998927116394,low,0.00990099273622036,vanilla_inv_plan
2,1,2,1,1,0.22999998927116394,high,0.00990099273622036,vanilla_inv_plan
2,1,2,1,1,0.23999999463558197,low,0.00990099273622036,vanilla_inv_plan
2,1,2,1,1,0.23999999463558197,high,0.00990099273622036,vanilla_inv_plan
2,1,2,1,1,0.25,low,0.00990099273622036,vanilla_inv_plan
2,1,2,1,1,0.25,high,0.00990099273622036,vanilla_inv_plan
2,1,2,1,1,0.25999999046325684,low,0.00990099273622036,vanilla_inv_plan
2,1,2,1,1,0.25999999046325684,high,0.00990099273622036,vanilla_inv_plan
2,1,2,1,1,0.26999998092651367,low,0.00990099273622036,vanilla_inv_plan
2,1,2,1,1,0.26999998092651367,high,0.00990099273622036,vanilla_inv_plan
2,1,2,1,1,0.2800000011920929,low,0.00990099273622036,vanilla_inv_plan
2,1,2,1,1,0.2800000011920929,high,0.00990099273622036,vanilla_inv_plan
2,1,2,1,1,0.28999999165534973,low,0.00990099273622036,vanilla_inv_plan
2,1,2,1,1,0.28999999165534973,high,0.00990099273622036,vanilla_inv_plan
2,1,2,1,1,0.29999998211860657,low,0.00990099273622036,vanilla_inv_plan
2,1,2,1,1,0.29999998211860657,high,0.00990099273622036,vanilla_inv_plan
2,1,2,1,1,0.3100000023841858,low,0.00990099273622036,vanilla_inv_plan
2,1,2,1,1,0.3100000023841858,high,0.00990099273622036,vanilla_inv_plan
2,1,2,1,1,0.3199999928474426,low,0.00990099273622036,vanilla_inv_plan
2,1,2,1,1,0.3199999928474426,high,0.00990099273622036,vanilla_inv_plan
2,1,2,1,1,0.32999998331069946,low,0.00990099273622036,vanilla_inv_plan
2,1,2,1,1,0.32999998331069946,high,0.00990099273622036,vanilla_inv_plan
2,1,2,1,1,0.3400000035762787,low,0.00990099273622036,vanilla_inv_plan
2,1,2,1,1,0.3400000035762787,high,0.00990099273622036,vanilla_inv_plan
2,1,2,1,1,0.3499999940395355,low,0.00990099273622036,vanilla_inv_plan
2,1,2,1,1,0.3499999940395355,high,0.00990099273622036,vanilla_inv_plan
2,1,2,1,1,0.35999998450279236,low,0.00990099273622036,vanilla_inv_plan
2,1,2,1,1,0.35999998450279236,high,0.00990099273622036,vanilla_inv_plan
2,1,2,1,1,0.3700000047683716,low,0.00990099273622036,vanilla_inv_plan
2,1,2,1,1,0.3700000047683716,high,0.00990099273622036,vanilla_inv_plan
2,1,2,1,1,0.3799999952316284,low,0.00990099273622036,vanilla_inv_plan
2,1,2,1,1,0.3799999952316284,high,0.00990099273622036,vanilla_inv_plan
2,1,2,1,1,0.38999998569488525,low,0.00990099273622036,vanilla_inv_plan
2,1,2,1,1,0.38999998569488525,high,0.00990099273622036,vanilla_inv_plan
2,1,2,1,1,0.3999999761581421,low,0.00990099273622036,vanilla_inv_plan
2,1,2,1,1,0.3999999761581421,high,0.00990099273622036,vanilla_inv_plan
2,1,2,1,1,0.4099999964237213,low,0.00990099273622036,vanilla_inv_plan
2,1,2,1,1,0.4099999964237213,high,0.00990099273622036,vanilla_inv_plan
2,1,2,1,1,0.41999998688697815,low,0.00990099273622036,vanilla_inv_plan
2,1,2,1,1,0.41999998688697815,high,0.00990099273622036,vanilla_inv_plan
2,1,2,1,1,0.429999977350235,low,0.00990099273622036,vanilla_inv_plan
2,1,2,1,1,0.429999977350235,high,0.00990099273622036,vanilla_inv_plan
2,1,2,1,1,0.4399999976158142,low,0.00990099273622036,vanilla_inv_plan
2,1,2,1,1,0.4399999976158142,high,0.00990099273622036,vanilla_inv_plan
2,1,2,1,1,0.44999998807907104,low,0.00990099273622036,vanilla_inv_plan
2,1,2,1,1,0.44999998807907104,high,0.00990099273622036,vanilla_inv_plan
2,1,2,1,1,0.4599999785423279,low,0.00990099273622036,vanilla_inv_plan
2,1,2,1,1,0.4599999785423279,high,0.00990099273622036,vanilla_inv_plan
2,1,2,1,1,0.4699999988079071,low,0.00990099273622036,vanilla_inv_plan
2,1,2,1,1,0.4699999988079071,high,0.00990099273622036,vanilla_inv_plan
2,1,2,1,1,0.47999998927116394,low,0.00990099273622036,vanilla_inv_plan
2,1,2,1,1,0.47999998927116394,high,0.00990099273622036,vanilla_inv_plan
2,1,2,1,1,0.4899999797344208,low,0.00990099273622036,vanilla_inv_plan
2,1,2,1,1,0.4899999797344208,high,0.00990099273622036,vanilla_inv_plan
2,1,2,1,1,0.5,low,0.00990099273622036,vanilla_inv_plan
2,1,2,1,1,0.5,high,0.00990099273622036,vanilla_inv_plan
2,1,2,1,1,0.5099999904632568,low,0.00990099273622036,vanilla_inv_plan
2,1,2,1,1,0.5099999904632568,high,0.00990099273622036,vanilla_inv_plan
2,1,2,1,1,0.5199999809265137,low,0.00990099273622036,vanilla_inv_plan
2,1,2,1,1,0.5199999809265137,high,0.00990099273622036,vanilla_inv_plan
2,1,2,1,1,0.5299999713897705,low,0.00990099273622036,vanilla_inv_plan
2,1,2,1,1,0.5299999713897705,high,0.00990099273622036,vanilla_inv_plan
2,1,2,1,1,0.5399999618530273,low,0.00990099273622036,vanilla_inv_plan
2,1,2,1,1,0.5399999618530273,high,0.00990099273622036,vanilla_inv_plan
2,1,2,1,1,0.550000011920929,low,0.00990099273622036,vanilla_inv_plan
2,1,2,1,1,0.550000011920929,high,0.00990099273622036,vanilla_inv_plan
2,1,2,1,1,0.5600000023841858,low,0.00990099273622036,vanilla_inv_plan
2,1,2,1,1,0.5600000023841858,high,0.00990099273622036,vanilla_inv_plan
2,1,2,1,1,0.5699999928474426,low,0.00990099273622036,vanilla_inv_plan
2,1,2,1,1,0.5699999928474426,high,0.00990099273622036,vanilla_inv_plan
2,1,2,1,1,0.5799999833106995,low,0.00990099273622036,vanilla_inv_plan
2,1,2,1,1,0.5799999833106995,high,0.00990099273622036,vanilla_inv_plan
2,1,2,1,1,0.5899999737739563,low,0.00990099273622036,vanilla_inv_plan
2,1,2,1,1,0.5899999737739563,high,0.00990099273622036,vanilla_inv_plan
2,1,2,1,1,0.5999999642372131,low,0.00990099273622036,vanilla_inv_plan
2,1,2,1,1,0.5999999642372131,high,0.00990099273622036,vanilla_inv_plan
2,1,2,1,1,0.6100000143051147,low,0.00990099273622036,vanilla_inv_plan
2,1,2,1,1,0.6100000143051147,high,0.00990099273622036,vanilla_inv_plan
2,1,2,1,1,0.6200000047683716,low,0.00990099273622036,vanilla_inv_plan
2,1,2,1,1,0.6200000047683716,high,0.00990099273622036,vanilla_inv_plan
2,1,2,1,1,0.6299999952316284,low,0.00990099273622036,vanilla_inv_plan
2,1,2,1,1,0.6299999952316284,high,0.00990099273622036,vanilla_inv_plan
2,1,2,1,1,0.6399999856948853,low,0.00990099273622036,vanilla_inv_plan
2,1,2,1,1,0.6399999856948853,high,0.00990099273622036,vanilla_inv_plan
2,1,2,1,1,0.6499999761581421,low,0.00990099273622036,vanilla_inv_plan
2,1,2,1,1,0.6499999761581421,high,0.00990099273622036,vanilla_inv_plan
2,1,2,1,1,0.6599999666213989,low,0.00990099273622036,vanilla_inv_plan
2,1,2,1,1,0.6599999666213989,high,0.00990099273622036,vanilla_inv_plan
2,1,2,1,1,0.6699999570846558,low,0.00990099273622036,vanilla_inv_plan
2,1,2,1,1,0.6699999570846558,high,0.00990099273622036,vanilla_inv_plan
2,1,2,1,1,0.6800000071525574,low,0.00990099273622036,vanilla_inv_plan
2,1,2,1,1,0.6800000071525574,high,0.00990099273622036,vanilla_inv_plan
2,1,2,1,1,0.6899999976158142,low,0.00990099273622036,vanilla_inv_plan
2,1,2,1,1,0.6899999976158142,high,0.00990099273622036,vanilla_inv_plan
2,1,2,1,1,0.699999988079071,low,0.00990099273622036,vanilla_inv_plan
2,1,2,1,1,0.699999988079071,high,0.00990099273622036,vanilla_inv_plan
2,1,2,1,1,0.7099999785423279,low,0.00990099273622036,vanilla_inv_plan
2,1,2,1,1,0.7099999785423279,high,0.00990099273622036,vanilla_inv_plan
2,1,2,1,1,0.7199999690055847,low,0.00990099273622036,vanilla_inv_plan
2,1,2,1,1,0.7199999690055847,high,0.00990099273622036,vanilla_inv_plan
2,1,2,1,1,0.7299999594688416,low,0.00990099273622036,vanilla_inv_plan
2,1,2,1,1,0.7299999594688416,high,0.00990099273622036,vanilla_inv_plan
2,1,2,1,1,0.7400000095367432,low,0.00990099273622036,vanilla_inv_plan
2,1,2,1,1,0.7400000095367432,high,0.00990099273622036,vanilla_inv_plan
2,1,2,1,1,0.75,low,0.00990099273622036,vanilla_inv_plan
2,1,2,1,1,0.75,high,0.00990099273622036,vanilla_inv_plan
2,1,2,1,1,0.7599999904632568,low,0.00990099273622036,vanilla_inv_plan
2,1,2,1,1,0.7599999904632568,high,0.00990099273622036,vanilla_inv_plan
2,1,2,1,1,0.7699999809265137,low,0.00990099273622036,vanilla_inv_plan
2,1,2,1,1,0.7699999809265137,high,0.00990099273622036,vanilla_inv_plan
2,1,2,1,1,0.7799999713897705,low,0.00990099273622036,vanilla_inv_plan
2,1,2,1,1,0.7799999713897705,high,0.00990099273622036,vanilla_inv_plan
2,1,2,1,1,0.7899999618530273,low,0.00990099273622036,vanilla_inv_plan
2,1,2,1,1,0.7899999618530273,high,0.00990099273622036,vanilla_inv_plan
2,1,2,1,1,0.7999999523162842,low,0.00990099273622036,vanilla_inv_plan
2,1,2,1,1,0.7999999523162842,high,0.00990099273622036,vanilla_inv_plan
2,1,2,1,1,0.8100000023841858,low,0.00990099273622036,vanilla_inv_plan
2,1,2,1,1,0.8100000023841858,high,0.00990099273622036,vanilla_inv_plan
2,1,2,1,1,0.8199999928474426,low,0.00990099273622036,vanilla_inv_plan
2,1,2,1,1,0.8199999928474426,high,0.00990099273622036,vanilla_inv_plan
2,1,2,1,1,0.8299999833106995,low,0.00990099273622036,vanilla_inv_plan
2,1,2,1,1,0.8299999833106995,high,0.00990099273622036,vanilla_inv_plan
2,1,2,1,1,0.8399999737739563,low,0.00990099273622036,vanilla_inv_plan
2,1,2,1,1,0.8399999737739563,high,0.00990099273622036,vanilla_inv_plan
2,1,2,1,1,0.8499999642372131,low,0.00990099273622036,vanilla_inv_plan
2,1,2,1,1,0.8499999642372131,high,0.00990099273622036,vanilla_inv_plan
2,1,2,1,1,0.85999995470047,low,0.00990099273622036,vanilla_inv_plan
2,1,2,1,1,0.85999995470047,high,0.00990099273622036,vanilla_inv_plan
2,1,2,1,1,0.8700000047683716,low,0.00990099273622036,vanilla_inv_plan
2,1,2,1,1,0.8700000047683716,high,0.00990099273622036,vanilla_inv_plan
2,1,2,1,1,0.8799999952316284,low,0.00990099273622036,vanilla_inv_plan
2,1,2,1,1,0.8799999952316284,high,0.00990099273622036,vanilla_inv_plan
2,1,2,1,1,0.8899999856948853,low,0.00990099273622036,vanilla_inv_plan
2,1,2,1,1,0.8899999856948853,high,0.00990099273622036,vanilla_inv_plan
2,1,2,1,1,0.8999999761581421,low,0.00990099273622036,vanilla_inv_plan
2,1,2,1,1,0.8999999761581421,high,0.00990099273622036,vanilla_inv_plan
2,1,2,1,1,0.9099999666213989,low,0.00990099273622036,vanilla_inv_plan
2,1,2,1,1,0.9099999666213989,high,0.00990099273622036,vanilla_inv_plan
2,1,2,1,1,0.9199999570846558,low,0.00990099273622036,vanilla_inv_plan
2,1,2,1,1,0.9199999570846558,high,0.00990099273622036,vanilla_inv_plan
2,1,2,1,1,0.9300000071525574,low,0.00990099273622036,vanilla_inv_plan
2,1,2,1,1,0.9300000071525574,high,0.00990099273622036,vanilla_inv_plan
2,1,2,1,1,0.9399999976158142,low,0.00990099273622036,vanilla_inv_plan
2,1,2,1,1,0.9399999976158142,high,0.00990099273622036,vanilla_inv_plan
2,1,2,1,1,0.949999988079071,low,0.00990099273622036,vanilla_inv_plan
2,1,2,1,1,0.949999988079071,high,0.00990099273622036,vanilla_inv_plan
2,1,2,1,1,0.9599999785423279,low,0.00990099273622036,vanilla_inv_plan
2,1,2,1,1,0.9599999785423279,high,0.00990099273622036,vanilla_inv_plan
2,1,2,1,1,0.9699999690055847,low,0.00990099273622036,vanilla_inv_plan
2,1,2,1,1,0.9699999690055847,high,0.00990099273622036,vanilla_inv_plan
2,1,2,1,1,0.9799999594688416,low,0.00990099273622036,vanilla_inv_plan
2,1,2,1,1,0.9799999594688416,high,0.00990099273622036,vanilla_inv_plan
2,1,2,1,1,0.9899999499320984,low,0.00990099273622036,vanilla_inv_plan
2,1,2,1,1,0.9899999499320984,high,0.00990099273622036,vanilla_inv_plan
2,1,2,1,1,1.0,low,0.00990099273622036,vanilla_inv_plan
2,1,2,1,1,1.0,high,0.00990099273622036,vanilla_inv_plan
2,1,2,1,2,0.0,low,0.009900991804897785,vanilla_inv_plan
2,1,2,1,2,0.0,high,0.009900993667542934,vanilla_inv_plan
2,1,2,1,2,0.009999999776482582,low,0.009900991804897785,vanilla_inv_plan
2,1,2,1,2,0.009999999776482582,high,0.009900993667542934,vanilla_inv_plan
2,1,2,1,2,0.019999999552965164,low,0.009900991804897785,vanilla_inv_plan
2,1,2,1,2,0.019999999552965164,high,0.009900993667542934,vanilla_inv_plan
2,1,2,1,2,0.029999999329447746,low,0.009900991804897785,vanilla_inv_plan
2,1,2,1,2,0.029999999329447746,high,0.009900993667542934,vanilla_inv_plan
2,1,2,1,2,0.03999999910593033,low,0.009900991804897785,vanilla_inv_plan
2,1,2,1,2,0.03999999910593033,high,0.009900993667542934,vanilla_inv_plan
2,1,2,1,2,0.04999999701976776,low,0.009900991804897785,vanilla_inv_plan
2,1,2,1,2,0.04999999701976776,high,0.009900993667542934,vanilla_inv_plan
2,1,2,1,2,0.05999999865889549,low,0.009900991804897785,vanilla_inv_plan
2,1,2,1,2,0.05999999865889549,high,0.009900993667542934,vanilla_inv_plan
2,1,2,1,2,0.07000000029802322,low,0.009900991804897785,vanilla_inv_plan
2,1,2,1,2,0.07000000029802322,high,0.009900993667542934,vanilla_inv_plan
2,1,2,1,2,0.07999999821186066,low,0.009900991804897785,vanilla_inv_plan
2,1,2,1,2,0.07999999821186066,high,0.009900993667542934,vanilla_inv_plan
2,1,2,1,2,0.08999999612569809,low,0.009900991804897785,vanilla_inv_plan
2,1,2,1,2,0.08999999612569809,high,0.009900993667542934,vanilla_inv_plan
2,1,2,1,2,0.09999999403953552,low,0.009900991804897785,vanilla_inv_plan
2,1,2,1,2,0.09999999403953552,high,0.009900993667542934,vanilla_inv_plan
2,1,2,1,2,0.10999999940395355,low,0.009900991804897785,vanilla_inv_plan
2,1,2,1,2,0.10999999940395355,high,0.009900993667542934,vanilla_inv_plan
2,1,2,1,2,0.11999999731779099,low,0.009900991804897785,vanilla_inv_plan
2,1,2,1,2,0.11999999731779099,high,0.009900993667542934,vanilla_inv_plan
2,1,2,1,2,0.12999999523162842,low,0.009900991804897785,vanilla_inv_plan
2,1,2,1,2,0.12999999523162842,high,0.009900993667542934,vanilla_inv_plan
2,1,2,1,2,0.14000000059604645,low,0.009900991804897785,vanilla_inv_plan
2,1,2,1,2,0.14000000059604645,high,0.009900993667542934,vanilla_inv_plan
2,1,2,1,2,0.14999999105930328,low,0.009900991804897785,vanilla_inv_plan
2,1,2,1,2,0.14999999105930328,high,0.009900993667542934,vanilla_inv_plan
2,1,2,1,2,0.1599999964237213,low,0.009900991804897785,vanilla_inv_plan
2,1,2,1,2,0.1599999964237213,high,0.009900993667542934,vanilla_inv_plan
2,1,2,1,2,0.17000000178813934,low,0.009900991804897785,vanilla_inv_plan
2,1,2,1,2,0.17000000178813934,high,0.009900993667542934,vanilla_inv_plan
2,1,2,1,2,0.17999999225139618,low,0.009900991804897785,vanilla_inv_plan
2,1,2,1,2,0.17999999225139618,high,0.009900993667542934,vanilla_inv_plan
2,1,2,1,2,0.1899999976158142,low,0.009900991804897785,vanilla_inv_plan
2,1,2,1,2,0.1899999976158142,high,0.009900993667542934,vanilla_inv_plan
2,1,2,1,2,0.19999998807907104,low,0.009900991804897785,vanilla_inv_plan
2,1,2,1,2,0.19999998807907104,high,0.009900993667542934,vanilla_inv_plan
2,1,2,1,2,0.20999999344348907,low,0.009900991804897785,vanilla_inv_plan
2,1,2,1,2,0.20999999344348907,high,0.009900993667542934,vanilla_inv_plan
2,1,2,1,2,0.2199999988079071,low,0.009900991804897785,vanilla_inv_plan
2,1,2,1,2,0.2199999988079071,high,0.009900993667542934,vanilla_inv_plan
2,1,2,1,2,0.22999998927116394,low,0.009900991804897785,vanilla_inv_plan
2,1,2,1,2,0.22999998927116394,high,0.009900993667542934,vanilla_inv_plan
2,1,2,1,2,0.23999999463558197,low,0.009900991804897785,vanilla_inv_plan
2,1,2,1,2,0.23999999463558197,high,0.009900993667542934,vanilla_inv_plan
2,1,2,1,2,0.25,low,0.009900991804897785,vanilla_inv_plan
2,1,2,1,2,0.25,high,0.009900993667542934,vanilla_inv_plan
2,1,2,1,2,0.25999999046325684,low,0.009900991804897785,vanilla_inv_plan
2,1,2,1,2,0.25999999046325684,high,0.009900993667542934,vanilla_inv_plan
2,1,2,1,2,0.26999998092651367,low,0.009900991804897785,vanilla_inv_plan
2,1,2,1,2,0.26999998092651367,high,0.009900993667542934,vanilla_inv_plan
2,1,2,1,2,0.2800000011920929,low,0.009900991804897785,vanilla_inv_plan
2,1,2,1,2,0.2800000011920929,high,0.009900993667542934,vanilla_inv_plan
2,1,2,1,2,0.28999999165534973,low,0.009900991804897785,vanilla_inv_plan
2,1,2,1,2,0.28999999165534973,high,0.009900993667542934,vanilla_inv_plan
2,1,2,1,2,0.29999998211860657,low,0.009900991804897785,vanilla_inv_plan
2,1,2,1,2,0.29999998211860657,high,0.009900993667542934,vanilla_inv_plan
2,1,2,1,2,0.3100000023841858,low,0.009900991804897785,vanilla_inv_plan
2,1,2,1,2,0.3100000023841858,high,0.009900993667542934,vanilla_inv_plan
2,1,2,1,2,0.3199999928474426,low,0.009900991804897785,vanilla_inv_plan
2,1,2,1,2,0.3199999928474426,high,0.009900993667542934,vanilla_inv_plan
2,1,2,1,2,0.32999998331069946,low,0.009900991804897785,vanilla_inv_plan
2,1,2,1,2,0.32999998331069946,high,0.009900993667542934,vanilla_inv_plan
2,1,2,1,2,0.3400000035762787,low,0.009900991804897785,vanilla_inv_plan
2,1,2,1,2,0.3400000035762787,high,0.009900993667542934,vanilla_inv_plan
2,1,2,1,2,0.3499999940395355,low,0.009900991804897785,vanilla_inv_plan
2,1,2,1,2,0.3499999940395355,high,0.009900993667542934,vanilla_inv_plan
2,1,2,1,2,0.35999998450279236,low,0.009900991804897785,vanilla_inv_plan
2,1,2,1,2,0.35999998450279236,high,0.009900993667542934,vanilla_inv_plan
2,1,2,1,2,0.3700000047683716,low,0.009900991804897785,vanilla_inv_plan
2,1,2,1,2,0.3700000047683716,high,0.009900993667542934,vanilla_inv_plan
2,1,2,1,2,0.3799999952316284,low,0.009900991804897785,vanilla_inv_plan
2,1,2,1,2,0.3799999952316284,high,0.009900993667542934,vanilla_inv_plan
2,1,2,1,2,0.38999998569488525,low,0.009900991804897785,vanilla_inv_plan
2,1,2,1,2,0.38999998569488525,high,0.009900993667542934,vanilla_inv_plan
2,1,2,1,2,0.3999999761581421,low,0.009900991804897785,vanilla_inv_plan
2,1,2,1,2,0.3999999761581421,high,0.009900993667542934,vanilla_inv_plan
2,1,2,1,2,0.4099999964237213,low,0.009900991804897785,vanilla_inv_plan
2,1,2,1,2,0.4099999964237213,high,0.009900993667542934,vanilla_inv_plan
2,1,2,1,2,0.41999998688697815,low,0.009900991804897785,vanilla_inv_plan
2,1,2,1,2,0.41999998688697815,high,0.009900993667542934,vanilla_inv_plan
2,1,2,1,2,0.429999977350235,low,0.009900991804897785,vanilla_inv_plan
2,1,2,1,2,0.429999977350235,high,0.009900993667542934,vanilla_inv_plan
2,1,2,1,2,0.4399999976158142,low,0.009900991804897785,vanilla_inv_plan
2,1,2,1,2,0.4399999976158142,high,0.009900993667542934,vanilla_inv_plan
2,1,2,1,2,0.44999998807907104,low,0.009900991804897785,vanilla_inv_plan
2,1,2,1,2,0.44999998807907104,high,0.009900993667542934,vanilla_inv_plan
2,1,2,1,2,0.4599999785423279,low,0.009900991804897785,vanilla_inv_plan
2,1,2,1,2,0.4599999785423279,high,0.009900993667542934,vanilla_inv_plan
2,1,2,1,2,0.4699999988079071,low,0.009900991804897785,vanilla_inv_plan
2,1,2,1,2,0.4699999988079071,high,0.009900993667542934,vanilla_inv_plan
2,1,2,1,2,0.47999998927116394,low,0.009900991804897785,vanilla_inv_plan
2,1,2,1,2,0.47999998927116394,high,0.009900993667542934,vanilla_inv_plan
2,1,2,1,2,0.4899999797344208,low,0.009900991804897785,vanilla_inv_plan
2,1,2,1,2,0.4899999797344208,high,0.009900993667542934,vanilla_inv_plan
2,1,2,1,2,0.5,low,0.009900991804897785,vanilla_inv_plan
2,1,2,1,2,0.5,high,0.009900993667542934,vanilla_inv_plan
2,1,2,1,2,0.5099999904632568,low,0.009900991804897785,vanilla_inv_plan
2,1,2,1,2,0.5099999904632568,high,0.009900993667542934,vanilla_inv_plan
2,1,2,1,2,0.5199999809265137,low,0.009900991804897785,vanilla_inv_plan
2,1,2,1,2,0.5199999809265137,high,0.009900993667542934,vanilla_inv_plan
2,1,2,1,2,0.5299999713897705,low,0.009900991804897785,vanilla_inv_plan
2,1,2,1,2,0.5299999713897705,high,0.009900993667542934,vanilla_inv_plan
2,1,2,1,2,0.5399999618530273,low,0.009900991804897785,vanilla_inv_plan
2,1,2,1,2,0.5399999618530273,high,0.009900993667542934,vanilla_inv_plan
2,1,2,1,2,0.550000011920929,low,0.009900991804897785,vanilla_inv_plan
2,1,2,1,2,0.550000011920929,high,0.009900993667542934,vanilla_inv_plan
2,1,2,1,2,0.5600000023841858,low,0.009900991804897785,vanilla_inv_plan
2,1,2,1,2,0.5600000023841858,high,0.009900993667542934,vanilla_inv_plan
2,1,2,1,2,0.5699999928474426,low,0.009900991804897785,vanilla_inv_plan
2,1,2,1,2,0.5699999928474426,high,0.009900993667542934,vanilla_inv_plan
2,1,2,1,2,0.5799999833106995,low,0.009900991804897785,vanilla_inv_plan
2,1,2,1,2,0.5799999833106995,high,0.009900993667542934,vanilla_inv_plan
2,1,2,1,2,0.5899999737739563,low,0.009900991804897785,vanilla_inv_plan
2,1,2,1,2,0.5899999737739563,high,0.009900993667542934,vanilla_inv_plan
2,1,2,1,2,0.5999999642372131,low,0.009900991804897785,vanilla_inv_plan
2,1,2,1,2,0.5999999642372131,high,0.009900993667542934,vanilla_inv_plan
2,1,2,1,2,0.6100000143051147,low,0.009900991804897785,vanilla_inv_plan
2,1,2,1,2,0.6100000143051147,high,0.009900993667542934,vanilla_inv_plan
2,1,2,1,2,0.6200000047683716,low,0.009900991804897785,vanilla_inv_plan
2,1,2,1,2,0.6200000047683716,high,0.009900993667542934,vanilla_inv_plan
2,1,2,1,2,0.6299999952316284,low,0.009900991804897785,vanilla_inv_plan
2,1,2,1,2,0.6299999952316284,high,0.009900993667542934,vanilla_inv_plan
2,1,2,1,2,0.6399999856948853,low,0.009900991804897785,vanilla_inv_plan
2,1,2,1,2,0.6399999856948853,high,0.009900993667542934,vanilla_inv_plan
2,1,2,1,2,0.6499999761581421,low,0.009900991804897785,vanilla_inv_plan
2,1,2,1,2,0.6499999761581421,high,0.009900993667542934,vanilla_inv_plan
2,1,2,1,2,0.6599999666213989,low,0.009900991804897785,vanilla_inv_plan
2,1,2,1,2,0.6599999666213989,high,0.009900993667542934,vanilla_inv_plan
2,1,2,1,2,0.6699999570846558,low,0.009900991804897785,vanilla_inv_plan
2,1,2,1,2,0.6699999570846558,high,0.009900993667542934,vanilla_inv_plan
2,1,2,1,2,0.6800000071525574,low,0.009900991804897785,vanilla_inv_plan
2,1,2,1,2,0.6800000071525574,high,0.009900993667542934,vanilla_inv_plan
2,1,2,1,2,0.6899999976158142,low,0.009900991804897785,vanilla_inv_plan
2,1,2,1,2,0.6899999976158142,high,0.009900993667542934,vanilla_inv_plan
2,1,2,1,2,0.699999988079071,low,0.009900991804897785,vanilla_inv_plan
2,1,2,1,2,0.699999988079071,high,0.009900993667542934,vanilla_inv_plan
2,1,2,1,2,0.7099999785423279,low,0.009900991804897785,vanilla_inv_plan
2,1,2,1,2,0.7099999785423279,high,0.009900993667542934,vanilla_inv_plan
2,1,2,1,2,0.7199999690055847,low,0.009900991804897785,vanilla_inv_plan
2,1,2,1,2,0.7199999690055847,high,0.009900993667542934,vanilla_inv_plan
2,1,2,1,2,0.7299999594688416,low,0.009900991804897785,vanilla_inv_plan
2,1,2,1,2,0.7299999594688416,high,0.009900993667542934,vanilla_inv_plan
2,1,2,1,2,0.7400000095367432,low,0.009900991804897785,vanilla_inv_plan
2,1,2,1,2,0.7400000095367432,high,0.009900993667542934,vanilla_inv_plan
2,1,2,1,2,0.75,low,0.009900991804897785,vanilla_inv_plan
2,1,2,1,2,0.75,high,0.009900993667542934,vanilla_inv_plan
2,1,2,1,2,0.7599999904632568,low,0.009900991804897785,vanilla_inv_plan
2,1,2,1,2,0.7599999904632568,high,0.009900993667542934,vanilla_inv_plan
2,1,2,1,2,0.7699999809265137,low,0.009900991804897785,vanilla_inv_plan
2,1,2,1,2,0.7699999809265137,high,0.009900993667542934,vanilla_inv_plan
2,1,2,1,2,0.7799999713897705,low,0.009900991804897785,vanilla_inv_plan
2,1,2,1,2,0.7799999713897705,high,0.009900993667542934,vanilla_inv_plan
2,1,2,1,2,0.7899999618530273,low,0.009900991804897785,vanilla_inv_plan
2,1,2,1,2,0.7899999618530273,high,0.009900993667542934,vanilla_inv_plan
2,1,2,1,2,0.7999999523162842,low,0.009900991804897785,vanilla_inv_plan
2,1,2,1,2,0.7999999523162842,high,0.009900993667542934,vanilla_inv_plan
2,1,2,1,2,0.8100000023841858,low,0.009900991804897785,vanilla_inv_plan
2,1,2,1,2,0.8100000023841858,high,0.009900993667542934,vanilla_inv_plan
2,1,2,1,2,0.8199999928474426,low,0.009900991804897785,vanilla_inv_plan
2,1,2,1,2,0.8199999928474426,high,0.009900993667542934,vanilla_inv_plan
2,1,2,1,2,0.8299999833106995,low,0.009900991804897785,vanilla_inv_plan
2,1,2,1,2,0.8299999833106995,high,0.009900993667542934,vanilla_inv_plan
2,1,2,1,2,0.8399999737739563,low,0.009900991804897785,vanilla_inv_plan
2,1,2,1,2,0.8399999737739563,high,0.009900993667542934,vanilla_inv_plan
2,1,2,1,2,0.8499999642372131,low,0.009900991804897785,vanilla_inv_plan
2,1,2,1,2,0.8499999642372131,high,0.009900993667542934,vanilla_inv_plan
2,1,2,1,2,0.85999995470047,low,0.009900991804897785,vanilla_inv_plan
2,1,2,1,2,0.85999995470047,high,0.009900993667542934,vanilla_inv_plan
2,1,2,1,2,0.8700000047683716,low,0.009900991804897785,vanilla_inv_plan
2,1,2,1,2,0.8700000047683716,high,0.009900993667542934,vanilla_inv_plan
2,1,2,1,2,0.8799999952316284,low,0.009900991804897785,vanilla_inv_plan
2,1,2,1,2,0.8799999952316284,high,0.009900993667542934,vanilla_inv_plan
2,1,2,1,2,0.8899999856948853,low,0.009900991804897785,vanilla_inv_plan
2,1,2,1,2,0.8899999856948853,high,0.009900993667542934,vanilla_inv_plan
2,1,2,1,2,0.8999999761581421,low,0.009900991804897785,vanilla_inv_plan
2,1,2,1,2,0.8999999761581421,high,0.009900993667542934,vanilla_inv_plan
2,1,2,1,2,0.9099999666213989,low,0.009900991804897785,vanilla_inv_plan
2,1,2,1,2,0.9099999666213989,high,0.009900993667542934,vanilla_inv_plan
2,1,2,1,2,0.9199999570846558,low,0.009900991804897785,vanilla_inv_plan
2,1,2,1,2,0.9199999570846558,high,0.009900993667542934,vanilla_inv_plan
2,1,2,1,2,0.9300000071525574,low,0.009900991804897785,vanilla_inv_plan
2,1,2,1,2,0.9300000071525574,high,0.009900993667542934,vanilla_inv_plan
2,1,2,1,2,0.9399999976158142,low,0.009900991804897785,vanilla_inv_plan
2,1,2,1,2,0.9399999976158142,high,0.009900993667542934,vanilla_inv_plan
2,1,2,1,2,0.949999988079071,low,0.009900991804897785,vanilla_inv_plan
2,1,2,1,2,0.949999988079071,high,0.009900993667542934,vanilla_inv_plan
2,1,2,1,2,0.9599999785423279,low,0.009900991804897785,vanilla_inv_plan
2,1,2,1,2,0.9599999785423279,high,0.009900993667542934,vanilla_inv_plan
2,1,2,1,2,0.9699999690055847,low,0.009900991804897785,vanilla_inv_plan
2,1,2,1,2,0.9699999690055847,high,0.009900993667542934,vanilla_inv_plan
2,1,2,1,2,0.9799999594688416,low,0.009900991804897785,vanilla_inv_plan
2,1,2,1,2,0.9799999594688416,high,0.009900993667542934,vanilla_inv_plan
2,1,2,1,2,0.9899999499320984,low,0.009900991804897785,vanilla_inv_plan
2,1,2,1,2,0.9899999499320984,high,0.009900993667542934,vanilla_inv_plan
2,1,2,1,2,1.0,low,0.009900991804897785,vanilla_inv_plan
2,1,2,1,2,1.0,high,0.009900993667542934,vanilla_inv_plan
2,1,2,1,3,0.0,low,0.00990099273622036,vanilla_inv_plan
2,1,2,1,3,0.0,high,0.00990099273622036,vanilla_inv_plan
2,1,2,1,3,0.009999999776482582,low,0.00990099273622036,vanilla_inv_plan
2,1,2,1,3,0.009999999776482582,high,0.00990099273622036,vanilla_inv_plan
2,1,2,1,3,0.019999999552965164,low,0.00990099273622036,vanilla_inv_plan
2,1,2,1,3,0.019999999552965164,high,0.00990099273622036,vanilla_inv_plan
2,1,2,1,3,0.029999999329447746,low,0.00990099273622036,vanilla_inv_plan
2,1,2,1,3,0.029999999329447746,high,0.00990099273622036,vanilla_inv_plan
2,1,2,1,3,0.03999999910593033,low,0.00990099273622036,vanilla_inv_plan
2,1,2,1,3,0.03999999910593033,high,0.00990099273622036,vanilla_inv_plan
2,1,2,1,3,0.04999999701976776,low,0.00990099273622036,vanilla_inv_plan
2,1,2,1,3,0.04999999701976776,high,0.00990099273622036,vanilla_inv_plan
2,1,2,1,3,0.05999999865889549,low,0.00990099273622036,vanilla_inv_plan
2,1,2,1,3,0.05999999865889549,high,0.00990099273622036,vanilla_inv_plan
2,1,2,1,3,0.07000000029802322,low,0.00990099273622036,vanilla_inv_plan
2,1,2,1,3,0.07000000029802322,high,0.00990099273622036,vanilla_inv_plan
2,1,2,1,3,0.07999999821186066,low,0.00990099273622036,vanilla_inv_plan
2,1,2,1,3,0.07999999821186066,high,0.00990099273622036,vanilla_inv_plan
2,1,2,1,3,0.08999999612569809,low,0.00990099273622036,vanilla_inv_plan
2,1,2,1,3,0.08999999612569809,high,0.00990099273622036,vanilla_inv_plan
2,1,2,1,3,0.09999999403953552,low,0.00990099273622036,vanilla_inv_plan
2,1,2,1,3,0.09999999403953552,high,0.00990099273622036,vanilla_inv_plan
2,1,2,1,3,0.10999999940395355,low,0.00990099273622036,vanilla_inv_plan
2,1,2,1,3,0.10999999940395355,high,0.00990099273622036,vanilla_inv_plan
2,1,2,1,3,0.11999999731779099,low,0.00990099273622036,vanilla_inv_plan
2,1,2,1,3,0.11999999731779099,high,0.00990099273622036,vanilla_inv_plan
2,1,2,1,3,0.12999999523162842,low,0.00990099273622036,vanilla_inv_plan
2,1,2,1,3,0.12999999523162842,high,0.00990099273622036,vanilla_inv_plan
2,1,2,1,3,0.14000000059604645,low,0.00990099273622036,vanilla_inv_plan
2,1,2,1,3,0.14000000059604645,high,0.00990099273622036,vanilla_inv_plan
2,1,2,1,3,0.14999999105930328,low,0.00990099273622036,vanilla_inv_plan
2,1,2,1,3,0.14999999105930328,high,0.00990099273622036,vanilla_inv_plan
2,1,2,1,3,0.1599999964237213,low,0.00990099273622036,vanilla_inv_plan
2,1,2,1,3,0.1599999964237213,high,0.00990099273622036,vanilla_inv_plan
2,1,2,1,3,0.17000000178813934,low,0.00990099273622036,vanilla_inv_plan
2,1,2,1,3,0.17000000178813934,high,0.00990099273622036,vanilla_inv_plan
2,1,2,1,3,0.17999999225139618,low,0.00990099273622036,vanilla_inv_plan
2,1,2,1,3,0.17999999225139618,high,0.00990099273622036,vanilla_inv_plan
2,1,2,1,3,0.1899999976158142,low,0.00990099273622036,vanilla_inv_plan
2,1,2,1,3,0.1899999976158142,high,0.00990099273622036,vanilla_inv_plan
2,1,2,1,3,0.19999998807907104,low,0.00990099273622036,vanilla_inv_plan
2,1,2,1,3,0.19999998807907104,high,0.00990099273622036,vanilla_inv_plan
2,1,2,1,3,0.20999999344348907,low,0.00990099273622036,vanilla_inv_plan
2,1,2,1,3,0.20999999344348907,high,0.00990099273622036,vanilla_inv_plan
2,1,2,1,3,0.2199999988079071,low,0.00990099273622036,vanilla_inv_plan
2,1,2,1,3,0.2199999988079071,high,0.00990099273622036,vanilla_inv_plan
2,1,2,1,3,0.22999998927116394,low,0.00990099273622036,vanilla_inv_plan
2,1,2,1,3,0.22999998927116394,high,0.00990099273622036,vanilla_inv_plan
2,1,2,1,3,0.23999999463558197,low,0.00990099273622036,vanilla_inv_plan
2,1,2,1,3,0.23999999463558197,high,0.00990099273622036,vanilla_inv_plan
2,1,2,1,3,0.25,low,0.00990099273622036,vanilla_inv_plan
2,1,2,1,3,0.25,high,0.00990099273622036,vanilla_inv_plan
2,1,2,1,3,0.25999999046325684,low,0.00990099273622036,vanilla_inv_plan
2,1,2,1,3,0.25999999046325684,high,0.00990099273622036,vanilla_inv_plan
2,1,2,1,3,0.26999998092651367,low,0.00990099273622036,vanilla_inv_plan
2,1,2,1,3,0.26999998092651367,high,0.00990099273622036,vanilla_inv_plan
2,1,2,1,3,0.2800000011920929,low,0.00990099273622036,vanilla_inv_plan
2,1,2,1,3,0.2800000011920929,high,0.00990099273622036,vanilla_inv_plan
2,1,2,1,3,0.28999999165534973,low,0.00990099273622036,vanilla_inv_plan
2,1,2,1,3,0.28999999165534973,high,0.00990099273622036,vanilla_inv_plan
2,1,2,1,3,0.29999998211860657,low,0.00990099273622036,vanilla_inv_plan
2,1,2,1,3,0.29999998211860657,high,0.00990099273622036,vanilla_inv_plan
2,1,2,1,3,0.3100000023841858,low,0.00990099273622036,vanilla_inv_plan
2,1,2,1,3,0.3100000023841858,high,0.00990099273622036,vanilla_inv_plan
2,1,2,1,3,0.3199999928474426,low,0.00990099273622036,vanilla_inv_plan
2,1,2,1,3,0.3199999928474426,high,0.00990099273622036,vanilla_inv_plan
2,1,2,1,3,0.32999998331069946,low,0.00990099273622036,vanilla_inv_plan
2,1,2,1,3,0.32999998331069946,high,0.00990099273622036,vanilla_inv_plan
2,1,2,1,3,0.3400000035762787,low,0.00990099273622036,vanilla_inv_plan
2,1,2,1,3,0.3400000035762787,high,0.00990099273622036,vanilla_inv_plan
2,1,2,1,3,0.3499999940395355,low,0.00990099273622036,vanilla_inv_plan
2,1,2,1,3,0.3499999940395355,high,0.00990099273622036,vanilla_inv_plan
2,1,2,1,3,0.35999998450279236,low,0.00990099273622036,vanilla_inv_plan
2,1,2,1,3,0.35999998450279236,high,0.00990099273622036,vanilla_inv_plan
2,1,2,1,3,0.3700000047683716,low,0.00990099273622036,vanilla_inv_plan
2,1,2,1,3,0.3700000047683716,high,0.00990099273622036,vanilla_inv_plan
2,1,2,1,3,0.3799999952316284,low,0.00990099273622036,vanilla_inv_plan
2,1,2,1,3,0.3799999952316284,high,0.00990099273622036,vanilla_inv_plan
2,1,2,1,3,0.38999998569488525,low,0.00990099273622036,vanilla_inv_plan
2,1,2,1,3,0.38999998569488525,high,0.00990099273622036,vanilla_inv_plan
2,1,2,1,3,0.3999999761581421,low,0.00990099273622036,vanilla_inv_plan
2,1,2,1,3,0.3999999761581421,high,0.00990099273622036,vanilla_inv_plan
2,1,2,1,3,0.4099999964237213,low,0.00990099273622036,vanilla_inv_plan
2,1,2,1,3,0.4099999964237213,high,0.00990099273622036,vanilla_inv_plan
2,1,2,1,3,0.41999998688697815,low,0.00990099273622036,vanilla_inv_plan
2,1,2,1,3,0.41999998688697815,high,0.00990099273622036,vanilla_inv_plan
2,1,2,1,3,0.429999977350235,low,0.00990099273622036,vanilla_inv_plan
2,1,2,1,3,0.429999977350235,high,0.00990099273622036,vanilla_inv_plan
2,1,2,1,3,0.4399999976158142,low,0.00990099273622036,vanilla_inv_plan
2,1,2,1,3,0.4399999976158142,high,0.00990099273622036,vanilla_inv_plan
2,1,2,1,3,0.44999998807907104,low,0.00990099273622036,vanilla_inv_plan
2,1,2,1,3,0.44999998807907104,high,0.00990099273622036,vanilla_inv_plan
2,1,2,1,3,0.4599999785423279,low,0.00990099273622036,vanilla_inv_plan
2,1,2,1,3,0.4599999785423279,high,0.00990099273622036,vanilla_inv_plan
2,1,2,1,3,0.4699999988079071,low,0.00990099273622036,vanilla_inv_plan
2,1,2,1,3,0.4699999988079071,high,0.00990099273622036,vanilla_inv_plan
2,1,2,1,3,0.47999998927116394,low,0.00990099273622036,vanilla_inv_plan
2,1,2,1,3,0.47999998927116394,high,0.00990099273622036,vanilla_inv_plan
2,1,2,1,3,0.4899999797344208,low,0.00990099273622036,vanilla_inv_plan
2,1,2,1,3,0.4899999797344208,high,0.00990099273622036,vanilla_inv_plan
2,1,2,1,3,0.5,low,0.00990099273622036,vanilla_inv_plan
2,1,2,1,3,0.5,high,0.00990099273622036,vanilla_inv_plan
2,1,2,1,3,0.5099999904632568,low,0.00990099273622036,vanilla_inv_plan
2,1,2,1,3,0.5099999904632568,high,0.00990099273622036,vanilla_inv_plan
2,1,2,1,3,0.5199999809265137,low,0.00990099273622036,vanilla_inv_plan
2,1,2,1,3,0.5199999809265137,high,0.00990099273622036,vanilla_inv_plan
2,1,2,1,3,0.5299999713897705,low,0.00990099273622036,vanilla_inv_plan
2,1,2,1,3,0.5299999713897705,high,0.00990099273622036,vanilla_inv_plan
2,1,2,1,3,0.5399999618530273,low,0.00990099273622036,vanilla_inv_plan
2,1,2,1,3,0.5399999618530273,high,0.00990099273622036,vanilla_inv_plan
2,1,2,1,3,0.550000011920929,low,0.00990099273622036,vanilla_inv_plan
2,1,2,1,3,0.550000011920929,high,0.00990099273622036,vanilla_inv_plan
2,1,2,1,3,0.5600000023841858,low,0.00990099273622036,vanilla_inv_plan
2,1,2,1,3,0.5600000023841858,high,0.00990099273622036,vanilla_inv_plan
2,1,2,1,3,0.5699999928474426,low,0.00990099273622036,vanilla_inv_plan
2,1,2,1,3,0.5699999928474426,high,0.00990099273622036,vanilla_inv_plan
2,1,2,1,3,0.5799999833106995,low,0.00990099273622036,vanilla_inv_plan
2,1,2,1,3,0.5799999833106995,high,0.00990099273622036,vanilla_inv_plan
2,1,2,1,3,0.5899999737739563,low,0.00990099273622036,vanilla_inv_plan
2,1,2,1,3,0.5899999737739563,high,0.00990099273622036,vanilla_inv_plan
2,1,2,1,3,0.5999999642372131,low,0.00990099273622036,vanilla_inv_plan
2,1,2,1,3,0.5999999642372131,high,0.00990099273622036,vanilla_inv_plan
2,1,2,1,3,0.6100000143051147,low,0.00990099273622036,vanilla_inv_plan
2,1,2,1,3,0.6100000143051147,high,0.00990099273622036,vanilla_inv_plan
2,1,2,1,3,0.6200000047683716,low,0.00990099273622036,vanilla_inv_plan
2,1,2,1,3,0.6200000047683716,high,0.00990099273622036,vanilla_inv_plan
2,1,2,1,3,0.6299999952316284,low,0.00990099273622036,vanilla_inv_plan
2,1,2,1,3,0.6299999952316284,high,0.00990099273622036,vanilla_inv_plan
2,1,2,1,3,0.6399999856948853,low,0.00990099273622036,vanilla_inv_plan
2,1,2,1,3,0.6399999856948853,high,0.00990099273622036,vanilla_inv_plan
2,1,2,1,3,0.6499999761581421,low,0.00990099273622036,vanilla_inv_plan
2,1,2,1,3,0.6499999761581421,high,0.00990099273622036,vanilla_inv_plan
2,1,2,1,3,0.6599999666213989,low,0.00990099273622036,vanilla_inv_plan
2,1,2,1,3,0.6599999666213989,high,0.00990099273622036,vanilla_inv_plan
2,1,2,1,3,0.6699999570846558,low,0.00990099273622036,vanilla_inv_plan
2,1,2,1,3,0.6699999570846558,high,0.00990099273622036,vanilla_inv_plan
2,1,2,1,3,0.6800000071525574,low,0.00990099273622036,vanilla_inv_plan
2,1,2,1,3,0.6800000071525574,high,0.00990099273622036,vanilla_inv_plan
2,1,2,1,3,0.6899999976158142,low,0.00990099273622036,vanilla_inv_plan
2,1,2,1,3,0.6899999976158142,high,0.00990099273622036,vanilla_inv_plan
2,1,2,1,3,0.699999988079071,low,0.00990099273622036,vanilla_inv_plan
2,1,2,1,3,0.699999988079071,high,0.00990099273622036,vanilla_inv_plan
2,1,2,1,3,0.7099999785423279,low,0.00990099273622036,vanilla_inv_plan
2,1,2,1,3,0.7099999785423279,high,0.00990099273622036,vanilla_inv_plan
2,1,2,1,3,0.7199999690055847,low,0.00990099273622036,vanilla_inv_plan
2,1,2,1,3,0.7199999690055847,high,0.00990099273622036,vanilla_inv_plan
2,1,2,1,3,0.7299999594688416,low,0.00990099273622036,vanilla_inv_plan
2,1,2,1,3,0.7299999594688416,high,0.00990099273622036,vanilla_inv_plan
2,1,2,1,3,0.7400000095367432,low,0.00990099273622036,vanilla_inv_plan
2,1,2,1,3,0.7400000095367432,high,0.00990099273622036,vanilla_inv_plan
2,1,2,1,3,0.75,low,0.00990099273622036,vanilla_inv_plan
2,1,2,1,3,0.75,high,0.00990099273622036,vanilla_inv_plan
2,1,2,1,3,0.7599999904632568,low,0.00990099273622036,vanilla_inv_plan
2,1,2,1,3,0.7599999904632568,high,0.00990099273622036,vanilla_inv_plan
2,1,2,1,3,0.7699999809265137,low,0.00990099273622036,vanilla_inv_plan
2,1,2,1,3,0.7699999809265137,high,0.00990099273622036,vanilla_inv_plan
2,1,2,1,3,0.7799999713897705,low,0.00990099273622036,vanilla_inv_plan
2,1,2,1,3,0.7799999713897705,high,0.00990099273622036,vanilla_inv_plan
2,1,2,1,3,0.7899999618530273,low,0.00990099273622036,vanilla_inv_plan
2,1,2,1,3,0.7899999618530273,high,0.00990099273622036,vanilla_inv_plan
2,1,2,1,3,0.7999999523162842,low,0.00990099273622036,vanilla_inv_plan
2,1,2,1,3,0.7999999523162842,high,0.00990099273622036,vanilla_inv_plan
2,1,2,1,3,0.8100000023841858,low,0.00990099273622036,vanilla_inv_plan
2,1,2,1,3,0.8100000023841858,high,0.00990099273622036,vanilla_inv_plan
2,1,2,1,3,0.8199999928474426,low,0.00990099273622036,vanilla_inv_plan
2,1,2,1,3,0.8199999928474426,high,0.00990099273622036,vanilla_inv_plan
2,1,2,1,3,0.8299999833106995,low,0.00990099273622036,vanilla_inv_plan
2,1,2,1,3,0.8299999833106995,high,0.00990099273622036,vanilla_inv_plan
2,1,2,1,3,0.8399999737739563,low,0.00990099273622036,vanilla_inv_plan
2,1,2,1,3,0.8399999737739563,high,0.00990099273622036,vanilla_inv_plan
2,1,2,1,3,0.8499999642372131,low,0.00990099273622036,vanilla_inv_plan
2,1,2,1,3,0.8499999642372131,high,0.00990099273622036,vanilla_inv_plan
2,1,2,1,3,0.85999995470047,low,0.00990099273622036,vanilla_inv_plan
2,1,2,1,3,0.85999995470047,high,0.00990099273622036,vanilla_inv_plan
2,1,2,1,3,0.8700000047683716,low,0.00990099273622036,vanilla_inv_plan
2,1,2,1,3,0.8700000047683716,high,0.00990099273622036,vanilla_inv_plan
2,1,2,1,3,0.8799999952316284,low,0.00990099273622036,vanilla_inv_plan
2,1,2,1,3,0.8799999952316284,high,0.00990099273622036,vanilla_inv_plan
2,1,2,1,3,0.8899999856948853,low,0.00990099273622036,vanilla_inv_plan
2,1,2,1,3,0.8899999856948853,high,0.00990099273622036,vanilla_inv_plan
2,1,2,1,3,0.8999999761581421,low,0.00990099273622036,vanilla_inv_plan
2,1,2,1,3,0.8999999761581421,high,0.00990099273622036,vanilla_inv_plan
2,1,2,1,3,0.9099999666213989,low,0.00990099273622036,vanilla_inv_plan
2,1,2,1,3,0.9099999666213989,high,0.00990099273622036,vanilla_inv_plan
2,1,2,1,3,0.9199999570846558,low,0.00990099273622036,vanilla_inv_plan
2,1,2,1,3,0.9199999570846558,high,0.00990099273622036,vanilla_inv_plan
2,1,2,1,3,0.9300000071525574,low,0.00990099273622036,vanilla_inv_plan
2,1,2,1,3,0.9300000071525574,high,0.00990099273622036,vanilla_inv_plan
2,1,2,1,3,0.9399999976158142,low,0.00990099273622036,vanilla_inv_plan
2,1,2,1,3,0.9399999976158142,high,0.00990099273622036,vanilla_inv_plan
2,1,2,1,3,0.949999988079071,low,0.00990099273622036,vanilla_inv_plan
2,1,2,1,3,0.949999988079071,high,0.00990099273622036,vanilla_inv_plan
2,1,2,1,3,0.9599999785423279,low,0.00990099273622036,vanilla_inv_plan
2,1,2,1,3,0.9599999785423279,high,0.00990099273622036,vanilla_inv_plan
2,1,2,1,3,0.9699999690055847,low,0.00990099273622036,vanilla_inv_plan
2,1,2,1,3,0.9699999690055847,high,0.00990099273622036,vanilla_inv_plan
2,1,2,1,3,0.9799999594688416,low,0.00990099273622036,vanilla_inv_plan
2,1,2,1,3,0.9799999594688416,high,0.00990099273622036,vanilla_inv_plan
2,1,2,1,3,0.9899999499320984,low,0.00990099273622036,vanilla_inv_plan
2,1,2,1,3,0.9899999499320984,high,0.00990099273622036,vanilla_inv_plan
2,1,2,1,3,1.0,low,0.00990099273622036,vanilla_inv_plan
2,1,2,1,3,1.0,high,0.00990099273622036,vanilla_inv_plan
2,1,2,1,0,0.0,low,0.010482540354132652,full_model
2,1,2,1,0,0.0,high,0.01338113658130169,full_model
2,1,2,1,0,0.009999999776482582,low,0.010478271171450615,full_model
2,1,2,1,0,0.009999999776482582,high,0.013340963050723076,full_model
2,1,2,1,0,0.019999999552965164,low,0.01047389954328537,full_model
2,1,2,1,0,0.019999999552965164,high,0.013300049118697643,full_model
2,1,2,1,0,0.029999999329447746,low,0.010469424538314342,full_model
2,1,2,1,0,0.029999999329447746,high,0.01325838454067707,full_model
2,1,2,1,0,0.03999999910593033,low,0.01046484149992466,full_model
2,1,2,1,0,0.03999999910593033,high,0.013215960934758186,full_model
2,1,2,1,0,0.04999999701976776,low,0.010460148565471172,full_model
2,1,2,1,0,0.04999999701976776,high,0.013172759674489498,full_model
2,1,2,1,0,0.05999999865889549,low,0.010455342940986156,full_model
2,1,2,1,0,0.05999999865889549,high,0.013128777034580708,full_model
2,1,2,1,0,0.07000000029802322,low,0.010450422763824463,full_model
2,1,2,1,0,0.07000000029802322,high,0.01308399811387062,full_model
2,1,2,1,0,0.07999999821186066,low,0.010445384308695793,full_model
2,1,2,1,0,0.07999999821186066,high,0.01303841732442379,full_model
2,1,2,1,0,0.08999999612569809,low,0.010440223850309849,full_model
2,1,2,1,0,0.08999999612569809,high,0.012992014177143574,full_model
2,1,2,1,0,0.09999999403953552,low,0.010434937663376331,full_model
2,1,2,1,0,0.09999999403953552,high,0.012944783084094524,full_model
2,1,2,1,0,0.10999999940395355,low,0.010429524816572666,full_model
2,1,2,1,0,0.10999999940395355,high,0.01289671566337347,full_model
2,1,2,1,0,0.11999999731779099,low,0.010423978790640831,full_model
2,1,2,1,0,0.11999999731779099,high,0.012847797013819218,full_model
2,1,2,1,0,0.12999999523162842,low,0.010418298654258251,full_model
2,1,2,1,0,0.12999999523162842,high,0.012798018753528595,full_model
2,1,2,1,0,0.14000000059604645,low,0.010412481613457203,full_model
2,1,2,1,0,0.14000000059604645,high,0.012747367843985558,full_model
2,1,2,1,0,0.14999999105930328,low,0.01040652021765709,full_model
2,1,2,1,0,0.14999999105930328,high,0.012695836834609509,full_model
2,1,2,1,0,0.1599999964237213,low,0.010400413535535336,full_model
2,1,2,1,0,0.1599999964237213,high,0.012643414549529552,full_model
2,1,2,1,0,0.17000000178813934,low,0.010394157841801643,full_model
2,1,2,1,0,0.17000000178813934,high,0.012590085156261921,full_model
2,1,2,1,0,0.17999999225139618,low,0.01038774661719799,full_model
2,1,2,1,0,0.17999999225139618,high,0.012535849586129189,full_model
2,1,2,1,0,0.1899999976158142,low,0.010381178930401802,full_model
2,1,2,1,0,0.1899999976158142,high,0.012480686418712139,full_model
2,1,2,1,0,0.19999998807907104,low,0.010374448262155056,full_model
2,1,2,1,0,0.19999998807907104,high,0.012424595654010773,full_model
2,1,2,1,0,0.20999999344348907,low,0.010367551818490028,full_model
2,1,2,1,0,0.20999999344348907,high,0.01236756145954132,full_model
2,1,2,1,0,0.2199999988079071,low,0.010360484011471272,full_model
2,1,2,1,0,0.2199999988079071,high,0.012309573590755463,full_model
2,1,2,1,0,0.22999998927116394,low,0.010353239253163338,full_model
2,1,2,1,0,0.22999998927116394,high,0.012250627391040325,full_model
2,1,2,1,0,0.23999999463558197,low,0.010345816612243652,full_model
2,1,2,1,0,0.23999999463558197,high,0.012190715409815311,full_model
2,1,2,1,0,0.25,low,0.010338207706809044,full_model
2,1,2,1,0,0.25,high,0.012129824608564377,full_model
2,1,2,1,0,0.25999999046325684,low,0.010330408811569214,full_model
2,1,2,1,0,0.25999999046325684,high,0.012067947536706924,full_model
2,1,2,1,0,0.26999998092651367,low,0.01032241526991129,full_model
2,1,2,1,0,0.26999998092651367,high,0.012005078606307507,full_model
2,1,2,1,0,0.2800000011920929,low,0.010314220562577248,full_model
2,1,2,1,0,0.2800000011920929,high,0.011941207572817802,full_model
2,1,2,1,0,0.28999999165534973,low,0.010305820032954216,full_model
2,1,2,1,0,0.28999999165534973,high,0.011876331642270088,full_model
2,1,2,1,0,0.29999998211860657,low,0.010297207161784172,full_model
2,1,2,1,0,0.29999998211860657,high,0.011810441501438618,full_model
2,1,2,1,0,0.3100000023841858,low,0.010288377292454243,full_model
2,1,2,1,0,0.3100000023841858,high,0.011743530631065369,full_model
2,1,2,1,0,0.3199999928474426,low,0.01027932483702898,full_model
2,1,2,1,0,0.3199999928474426,high,0.011675594374537468,full_model
2,1,2,1,0,0.32999998331069946,low,0.010270043276250362,full_model
2,1,2,1,0,0.32999998331069946,high,0.011606627143919468,full_model
2,1,2,1,0,0.3400000035762787,low,0.010260525159537792,full_model
2,1,2,1,0,0.3400000035762787,high,0.011536623351275921,full_model
2,1,2,1,0,0.3499999940395355,low,0.01025076862424612,full_model
2,1,2,1,0,0.3499999940395355,high,0.011465582996606827,full_model
2,1,2,1,0,0.35999998450279236,low,0.010240760631859303,full_model
2,1,2,1,0,0.35999998450279236,high,0.011393497698009014,full_model
2,1,2,1,0,0.3700000047683716,low,0.01023049745708704,full_model
2,1,2,1,0,0.3700000047683716,high,0.011320367455482483,full_model
2,1,2,1,0,0.3799999952316284,low,0.01021997258067131,full_model
2,1,2,1,0,0.3799999952316284,high,0.01124618947505951,full_model
2,1,2,1,0,0.38999998569488525,low,0.010209179483354092,full_model
2,1,2,1,0,0.38999998569488525,high,0.011170962825417519,full_model
2,1,2,1,0,0.3999999761581421,low,0.010198109783232212,full_model
2,1,2,1,0,0.3999999761581421,high,0.011094684712588787,full_model
2,1,2,1,0,0.4099999964237213,low,0.010186756029725075,full_model
2,1,2,1,0,0.4099999964237213,high,0.011017359793186188,full_model
2,1,2,1,0,0.41999998688697815,low,0.010175112634897232,full_model
2,1,2,1,0,0.41999998688697815,high,0.010938981547951698,full_model
2,1,2,1,0,0.429999977350235,low,0.01016316656023264,full_model
2,1,2,1,0,0.429999977350235,high,0.010859557427465916,full_model
2,1,2,1,0,0.4399999976158142,low,0.010150915011763573,full_model
2,1,2,1,0,0.4399999976158142,high,0.010779084637761116,full_model
2,1,2,1,0,0.44999998807907104,low,0.010138346813619137,full_model
2,1,2,1,0,0.44999998807907104,high,0.01069757342338562,full_model
2,1,2,1,0,0.4599999785423279,low,0.010125454515218735,full_model
2,1,2,1,0,0.4599999785423279,high,0.010615022853016853,full_model
2,1,2,1,0,0.4699999988079071,low,0.01011222880333662,full_model
2,1,2,1,0,0.4699999988079071,high,0.010531438514590263,full_model
2,1,2,1,0,0.47999998927116394,low,0.010098661296069622,full_model
2,1,2,1,0,0.47999998927116394,high,0.010446827858686447,full_model
2,1,2,1,0,0.4899999797344208,low,0.010084742680191994,full_model
2,1,2,1,0,0.4899999797344208,high,0.010361197404563427,full_model
2,1,2,1,0,0.5,low,0.01007046177983284,full_model
2,1,2,1,0,0.5,high,0.01027455274015665,full_model
2,1,2,1,0,0.5099999904632568,low,0.010055813007056713,full_model
2,1,2,1,0,0.5099999904632568,high,0.010186907835304737,full_model
2,1,2,1,0,0.5199999809265137,low,0.010040783323347569,full_model
2,1,2,1,0,0.5199999809265137,high,0.01009826548397541,full_model
2,1,2,1,0,0.5299999713897705,low,0.010025362484157085,full_model
2,1,2,1,0,0.5299999713897705,high,0.010008643381297588,full_model
2,1,2,1,0,0.5399999618530273,low,0.010009541176259518,full_model
2,1,2,1,0,0.5399999618530273,high,0.009918051771819592,full_model
2,1,2,1,0,0.550000011920929,low,0.009993309155106544,full_model
2,1,2,1,0,0.550000011920929,high,0.009826503694057465,full_model
2,1,2,1,0,0.5600000023841858,low,0.009976653382182121,full_model
2,1,2,1,0,0.5600000023841858,high,0.009734012186527252,full_model
2,1,2,1,0,0.5699999928474426,low,0.009959565475583076,full_model
2,1,2,1,0,0.5699999928474426,high,0.009640594944357872,full_model
2,1,2,1,0,0.5799999833106995,low,0.009942032396793365,full_model
2,1,2,1,0,0.5799999833106995,high,0.009546266868710518,full_model
2,1,2,1,0,0.5899999737739563,low,0.009924042969942093,full_model
2,1,2,1,0,0.5899999737739563,high,0.009451047517359257,full_model
2,1,2,1,0,0.5999999642372131,low,0.009905585087835789,full_model
2,1,2,1,0,0.5999999642372131,high,0.009354955516755581,full_model
2,1,2,1,0,0.6100000143051147,low,0.009886647574603558,full_model
2,1,2,1,0,0.6100000143051147,high,0.009258008562028408,full_model
2,1,2,1,0,0.6200000047683716,low,0.009867217391729355,full_model
2,1,2,1,0,0.6200000047683716,high,0.009160236455500126,full_model
2,1,2,1,0,0.6299999952316284,low,0.009847281500697136,full_model
2,1,2,1,0,0.6299999952316284,high,0.009061652235686779,full_model
2,1,2,1,0,0.6399999856948853,low,0.009826826862990856,full_model
2,1,2,1,0,0.6399999856948853,high,0.00896228663623333,full_model
2,1,2,1,0,0.6499999761581421,low,0.009805841371417046,full_model
2,1,2,1,0,0.6499999761581421,high,0.00886216014623642,full_model
2,1,2,1,0,0.6599999666213989,low,0.00978431198745966,full_model
2,1,2,1,0,0.6599999666213989,high,0.008761304430663586,full_model
2,1,2,1,0,0.6699999570846558,low,0.00976222287863493,full_model
2,1,2,1,0,0.6699999570846558,high,0.008659740909934044,full_model
2,1,2,1,0,0.6800000071525574,low,0.009739561006426811,full_model
2,1,2,1,0,0.6800000071525574,high,0.00855750311166048,full_model
2,1,2,1,0,0.6899999976158142,low,0.00971631333231926,full_model
2,1,2,1,0,0.6899999976158142,high,0.008454620838165283,full_model
2,1,2,1,0,0.699999988079071,low,0.009692464955151081,full_model
2,1,2,1,0,0.699999988079071,high,0.008351122960448265,full_model
2,1,2,1,0,0.7099999785423279,low,0.009668000973761082,full_model
2,1,2,1,0,0.7099999785423279,high,0.008247043937444687,full_model
2,1,2,1,0,0.7199999690055847,low,0.009642907418310642,full_model
2,1,2,1,0,0.7199999690055847,high,0.008142417296767235,full_model
2,1,2,1,0,0.7299999594688416,low,0.009617166593670845,full_model
2,1,2,1,0,0.7299999594688416,high,0.008037274703383446,full_model
2,1,2,1,0,0.7400000095367432,low,0.00959076639264822,full_model
2,1,2,1,0,0.7400000095367432,high,0.007931655272841454,full_model
2,1,2,1,0,0.75,low,0.00956368912011385,full_model
2,1,2,1,0,0.75,high,0.007825592532753944,full_model
2,1,2,1,0,0.7599999904632568,low,0.00953592173755169,full_model
2,1,2,1,0,0.7599999904632568,high,0.007719128392636776,full_model
2,1,2,1,0,0.7699999809265137,low,0.009507444687187672,full_model
2,1,2,1,0,0.7699999809265137,high,0.007612296380102634,full_model
2,1,2,1,0,0.7799999713897705,low,0.009478245861828327,full_model
2,1,2,1,0,0.7799999713897705,high,0.007505139801651239,full_model
2,1,2,1,0,0.7899999618530273,low,0.009448306635022163,full_model
2,1,2,1,0,0.7899999618530273,high,0.007397696375846863,full_model
2,1,2,1,0,0.7999999523162842,low,0.009417611174285412,full_model
2,1,2,1,0,0.7999999523162842,high,0.007290008943527937,full_model
2,1,2,1,0,0.8100000023841858,low,0.009386143647134304,full_model
2,1,2,1,0,0.8100000023841858,high,0.007182118482887745,full_model
2,1,2,1,0,0.8199999928474426,low,0.009353885427117348,full_model
2,1,2,1,0,0.8199999928474426,high,0.007074067369103432,full_model
2,1,2,1,0,0.8299999833106995,low,0.009320823475718498,full_model
2,1,2,1,0,0.8299999833106995,high,0.006965899374336004,full_model
2,1,2,1,0,0.8399999737739563,low,0.009286939166486263,full_model
2,1,2,1,0,0.8399999737739563,high,0.0068576582707464695,full_model
2,1,2,1,0,0.8499999642372131,low,0.009252214804291725,full_model
2,1,2,1,0,0.8499999642372131,high,0.006749388296157122,full_model
2,1,2,1,0,0.85999995470047,low,0.009216636419296265,full_model
2,1,2,1,0,0.85999995470047,high,0.006641133688390255,full_model
2,1,2,1,0,0.8700000047683716,low,0.009180184453725815,full_model
2,1,2,1,0,0.8700000047683716,high,0.006532938219606876,full_model
2,1,2,1,0,0.8799999952316284,low,0.009142844006419182,full_model
2,1,2,1,0,0.8799999952316284,high,0.006424848455935717,full_model
2,1,2,1,0,0.8899999856948853,low,0.009104598313570023,full_model
2,1,2,1,0,0.8899999856948853,high,0.0063169109635055065,full_model
2,1,2,1,0,0.8999999761581421,low,0.00906542968004942,full_model
2,1,2,1,0,0.8999999761581421,high,0.006209168583154678,full_model
2,1,2,1,0,0.9099999666213989,low,0.009025324136018753,full_model
2,1,2,1,0,0.9099999666213989,high,0.006101671140640974,full_model
2,1,2,1,0,0.9199999570846558,low,0.008984263055026531,full_model
2,1,2,1,0,0.9199999570846558,high,0.005994459148496389,full_model
2,1,2,1,0,0.9300000071525574,low,0.008942232467234135,full_model
2,1,2,1,0,0.9300000071525574,high,0.00588758010417223,full_model
2,1,2,1,0,0.9399999976158142,low,0.008899214677512646,full_model
2,1,2,1,0,0.9399999976158142,high,0.005781080108135939,full_model
2,1,2,1,0,0.949999988079071,low,0.00885519664734602,full_model
2,1,2,1,0,0.949999988079071,high,0.005675004329532385,full_model
2,1,2,1,0,0.9599999785423279,low,0.008810162544250488,full_model
2,1,2,1,0,0.9599999785423279,high,0.005569396074861288,full_model
2,1,2,1,0,0.9699999690055847,low,0.008764098398387432,full_model
2,1,2,1,0,0.9699999690055847,high,0.00546430004760623,full_model
2,1,2,1,0,0.9799999594688416,low,0.008716987445950508,full_model
2,1,2,1,0,0.9799999594688416,high,0.00535975955426693,full_model
2,1,2,1,0,0.9899999499320984,low,0.008668818511068821,full_model
2,1,2,1,0,0.9899999499320984,high,0.005255818832665682,full_model
2,1,2,1,0,1.0,low,0.008619578555226326,full_model
2,1,2,1,0,1.0,high,0.005152519326657057,full_model
2,1,2,1,1,0.0,low,0.010482542216777802,full_model
2,1,2,1,1,0.0,high,0.013381137512624264,full_model
2,1,2,1,1,0.009999999776482582,low,0.01047827210277319,full_model
2,1,2,1,1,0.009999999776482582,high,0.01334096398204565,full_model
2,1,2,1,1,0.019999999552965164,low,0.010473900474607944,full_model
2,1,2,1,1,0.019999999552965164,high,0.013300050981342793,full_model
2,1,2,1,1,0.029999999329447746,low,0.010469424538314342,full_model
2,1,2,1,1,0.029999999329447746,high,0.013258385471999645,full_model
2,1,2,1,1,0.03999999910593033,low,0.010464842431247234,full_model
2,1,2,1,1,0.03999999910593033,high,0.013215960934758186,full_model
2,1,2,1,1,0.04999999701976776,low,0.010460149496793747,full_model
2,1,2,1,1,0.04999999701976776,high,0.013172760605812073,full_model
2,1,2,1,1,0.05999999865889549,low,0.010455342940986156,full_model
2,1,2,1,1,0.05999999865889549,high,0.013128777034580708,full_model
2,1,2,1,1,0.07000000029802322,low,0.010450423695147038,full_model
2,1,2,1,1,0.07000000029802322,high,0.013084000907838345,full_model
2,1,2,1,1,0.07999999821186066,low,0.010445384308695793,full_model
2,1,2,1,1,0.07999999821186066,high,0.01303841546177864,full_model
2,1,2,1,1,0.08999999612569809,low,0.010440225712954998,full_model
2,1,2,1,1,0.08999999612569809,high,0.012992015108466148,full_model
2,1,2,1,1,0.09999999403953552,low,0.010434938594698906,full_model
2,1,2,1,1,0.09999999403953552,high,0.012944784015417099,full_model
2,1,2,1,1,0.10999999940395355,low,0.01042952574789524,full_model
2,1,2,1,1,0.10999999940395355,high,0.01289671566337347,full_model
2,1,2,1,1,0.11999999731779099,low,0.010423979721963406,full_model
2,1,2,1,1,0.11999999731779099,high,0.012847797945141792,full_model
2,1,2,1,1,0.12999999523162842,low,0.010418299585580826,full_model
2,1,2,1,1,0.12999999523162842,high,0.012798018753528595,full_model
2,1,2,1,1,0.14000000059604645,low,0.010412481613457203,full_model
2,1,2,1,1,0.14000000059604645,high,0.012747369706630707,full_model
2,1,2,1,1,0.14999999105930328,low,0.010406521148979664,full_model
2,1,2,1,1,0.14999999105930328,high,0.012695837765932083,full_model
2,1,2,1,1,0.1599999964237213,low,0.01040041446685791,full_model
2,1,2,1,1,0.1599999964237213,high,0.012643416412174702,full_model
2,1,2,1,1,0.17000000178813934,low,0.010394157841801643,full_model
2,1,2,1,1,0.17000000178813934,high,0.012590087950229645,full_model
2,1,2,1,1,0.17999999225139618,low,0.010387747548520565,full_model
2,1,2,1,1,0.17999999225139618,high,0.012535849586129189,full_model
2,1,2,1,1,0.1899999976158142,low,0.010381179861724377,full_model
2,1,2,1,1,0.1899999976158142,high,0.012480689212679863,full_model
2,1,2,1,1,0.19999998807907104,low,0.01037444919347763,full_model
2,1,2,1,1,0.19999998807907104,high,0.012424595654010773,full_model
2,1,2,1,1,0.20999999344348907,low,0.010367551818490028,full_model
2,1,2,1,1,0.20999999344348907,high,0.012367560528218746,full_model
2,1,2,1,1,0.2199999988079071,low,0.010360484942793846,full_model
2,1,2,1,1,0.2199999988079071,high,0.012309574522078037,full_model
2,1,2,1,1,0.22999998927116394,low,0.010353241115808487,full_model
2,1,2,1,1,0.22999998927116394,high,0.0122506283223629,full_model
2,1,2,1,1,0.23999999463558197,low,0.010345816612243652,full_model
2,1,2,1,1,0.23999999463558197,high,0.012190716341137886,full_model
2,1,2,1,1,0.25,low,0.010338208638131618,full_model
2,1,2,1,1,0.25,high,0.012129825539886951,full_model
2,1,2,1,1,0.25999999046325684,low,0.010330410674214363,full_model
2,1,2,1,1,0.25999999046325684,high,0.012067948468029499,full_model
2,1,2,1,1,0.26999998092651367,low,0.01032241526991129,full_model
2,1,2,1,1,0.26999998092651367,high,0.012005079537630081,full_model
2,1,2,1,1,0.2800000011920929,low,0.010314221493899822,full_model
2,1,2,1,1,0.2800000011920929,high,0.011941208504140377,full_model
2,1,2,1,1,0.28999999165534973,low,0.01030582096427679,full_model
2,1,2,1,1,0.28999999165534973,high,0.011876333504915237,full_model
2,1,2,1,1,0.29999998211860657,low,0.010297208093106747,full_model
2,1,2,1,1,0.29999998211860657,high,0.011810442432761192,full_model
2,1,2,1,1,0.3100000023841858,low,0.010288378223776817,full_model
2,1,2,1,1,0.3100000023841858,high,0.011743531562387943,full_model
2,1,2,1,1,0.3199999928474426,low,0.010279325768351555,full_model
2,1,2,1,1,0.3199999928474426,high,0.011675593443214893,full_model
2,1,2,1,1,0.32999998331069946,low,0.010270044207572937,full_model
2,1,2,1,1,0.32999998331069946,high,0.011606626212596893,full_model
2,1,2,1,1,0.3400000035762787,low,0.010260526090860367,full_model
2,1,2,1,1,0.3400000035762787,high,0.011536623351275921,full_model
2,1,2,1,1,0.3499999940395355,low,0.01025076862424612,full_model
2,1,2,1,1,0.3499999940395355,high,0.011465583927929401,full_model
2,1,2,1,1,0.35999998450279236,low,0.010240760631859303,full_model
2,1,2,1,1,0.35999998450279236,high,0.011393497698009014,full_model
2,1,2,1,1,0.3700000047683716,low,0.010230498388409615,full_model
2,1,2,1,1,0.3700000047683716,high,0.011320369318127632,full_model
2,1,2,1,1,0.3799999952316284,low,0.010219973511993885,full_model
2,1,2,1,1,0.3799999952316284,high,0.011246190406382084,full_model
2,1,2,1,1,0.38999998569488525,low,0.010209180414676666,full_model
2,1,2,1,1,0.38999998569488525,high,0.011170962825417519,full_model
2,1,2,1,1,0.3999999761581421,low,0.010198110714554787,full_model
2,1,2,1,1,0.3999999761581421,high,0.011094685643911362,full_model
2,1,2,1,1,0.4099999964237213,low,0.01018675696104765,full_model
2,1,2,1,1,0.4099999964237213,high,0.011017358861863613,full_model
2,1,2,1,1,0.41999998688697815,low,0.010175113566219807,full_model
2,1,2,1,1,0.41999998688697815,high,0.010938981547951698,full_model
2,1,2,1,1,0.429999977350235,low,0.010163168422877789,full_model
2,1,2,1,1,0.429999977350235,high,0.01085955835878849,full_model
2,1,2,1,1,0.4399999976158142,low,0.010150915943086147,full_model
2,1,2,1,1,0.4399999976158142,high,0.01077908556908369,full_model
2,1,2,1,1,0.44999998807907104,low,0.010138347744941711,full_model
2,1,2,1,1,0.44999998807907104,high,0.01069757342338562,full_model
2,1,2,1,1,0.4599999785423279,low,0.01012545544654131,full_model
2,1,2,1,1,0.4599999785423279,high,0.010615022853016853,full_model
2,1,2,1,1,0.4699999988079071,low,0.010112229734659195,full_model
2,1,2,1,1,0.4699999988079071,high,0.010531439445912838,full_model
2,1,2,1,1,0.47999998927116394,low,0.010098662227392197,full_model
2,1,2,1,1,0.47999998927116394,high,0.010446828790009022,full_model
2,1,2,1,1,0.4899999797344208,low,0.010084742680191994,full_model
2,1,2,1,1,0.4899999797344208,high,0.010361198335886002,full_model
2,1,2,1,1,0.5,low,0.01007046364247799,full_model
2,1,2,1,1,0.5,high,0.01027455274015665,full_model
2,1,2,1,1,0.5099999904632568,low,0.010055813938379288,full_model
2,1,2,1,1,0.5099999904632568,high,0.010186907835304737,full_model
2,1,2,1,1,0.5199999809265137,low,0.010040783323347569,full_model
2,1,2,1,1,0.5199999809265137,high,0.010098266415297985,full_model
2,1,2,1,1,0.5299999713897705,low,0.01002536341547966,full_model
2,1,2,1,1,0.5299999713897705,high,0.010008644312620163,full_model
2,1,2,1,1,0.5399999618530273,low,0.010009542107582092,full_model
2,1,2,1,1,0.5399999618530273,high,0.009918052703142166,full_model
2,1,2,1,1,0.550000011920929,low,0.009993309155106544,full_model
2,1,2,1,1,0.550000011920929,high,0.00982650462538004,full_model
2,1,2,1,1,0.5600000023841858,low,0.00997665524482727,full_model
2,1,2,1,1,0.5600000023841858,high,0.009734012186527252,full_model
2,1,2,1,1,0.5699999928474426,low,0.009959566406905651,full_model
2,1,2,1,1,0.5699999928474426,high,0.009640595875680447,full_model
2,1,2,1,1,0.5799999833106995,low,0.00994203332811594,full_model
2,1,2,1,1,0.5799999833106995,high,0.009546266868710518,full_model
2,1,2,1,1,0.5899999737739563,low,0.009924042969942093,full_model
2,1,2,1,1,0.5899999737739563,high,0.009451047517359257,full_model
2,1,2,1,1,0.5999999642372131,low,0.009905586019158363,full_model
2,1,2,1,1,0.5999999642372131,high,0.009354956448078156,full_model
2,1,2,1,1,0.6100000143051147,low,0.009886647574603558,full_model
2,1,2,1,1,0.6100000143051147,high,0.009258010424673557,full_model
2,1,2,1,1,0.6200000047683716,low,0.00986721832305193,full_model
2,1,2,1,1,0.6200000047683716,high,0.009160236455500126,full_model
2,1,2,1,1,0.6299999952316284,low,0.00984728243201971,full_model
2,1,2,1,1,0.6299999952316284,high,0.009061653167009354,full_model
2,1,2,1,1,0.6399999856948853,low,0.00982682779431343,full_model
2,1,2,1,1,0.6399999856948853,high,0.008962287567555904,full_model
2,1,2,1,1,0.6499999761581421,low,0.00980584230273962,full_model
2,1,2,1,1,0.6499999761581421,high,0.00886216014623642,full_model
2,1,2,1,1,0.6599999666213989,low,0.00978431198745966,full_model
2,1,2,1,1,0.6599999666213989,high,0.00876130536198616,full_model
2,1,2,1,1,0.6699999570846558,low,0.00976222287863493,full_model
2,1,2,1,1,0.6699999570846558,high,0.008659741841256618,full_model
2,1,2,1,1,0.6800000071525574,low,0.00973956286907196,full_model
2,1,2,1,1,0.6800000071525574,high,0.008557504042983055,full_model
2,1,2,1,1,0.6899999976158142,low,0.009716315194964409,full_model
2,1,2,1,1,0.6899999976158142,high,0.008454621769487858,full_model
2,1,2,1,1,0.699999988079071,low,0.009692465886473656,full_model
2,1,2,1,1,0.699999988079071,high,0.008351124823093414,full_model
2,1,2,1,1,0.7099999785423279,low,0.009668001905083656,full_model
2,1,2,1,1,0.7099999785423279,high,0.008247044868767262,full_model
2,1,2,1,1,0.7199999690055847,low,0.009642908349633217,full_model
2,1,2,1,1,0.7199999690055847,high,0.00814241636544466,full_model
2,1,2,1,1,0.7299999594688416,low,0.00961716752499342,full_model
2,1,2,1,1,0.7299999594688416,high,0.00803727563470602,full_model
2,1,2,1,1,0.7400000095367432,low,0.00959076639264822,full_model
2,1,2,1,1,0.7400000095367432,high,0.007931656204164028,full_model
2,1,2,1,1,0.75,low,0.009563690051436424,full_model
2,1,2,1,1,0.75,high,0.007825593464076519,full_model
2,1,2,1,1,0.7599999904632568,low,0.00953592173755169,full_model
2,1,2,1,1,0.7599999904632568,high,0.007719128392636776,full_model
2,1,2,1,1,0.7699999809265137,low,0.009507444687187672,full_model
2,1,2,1,1,0.7699999809265137,high,0.007612296845763922,full_model
2,1,2,1,1,0.7799999713897705,low,0.009478246793150902,full_model
2,1,2,1,1,0.7799999713897705,high,0.007505139801651239,full_model
2,1,2,1,1,0.7899999618530273,low,0.009448306635022163,full_model
2,1,2,1,1,0.7899999618530273,high,0.00739769684150815,full_model
2,1,2,1,1,0.7999999523162842,low,0.009417611174285412,full_model
2,1,2,1,1,0.7999999523162842,high,0.007290008943527937,full_model
2,1,2,1,1,0.8100000023841858,low,0.009386143647134304,full_model
2,1,2,1,1,0.8100000023841858,high,0.007182118948549032,full_model
2,1,2,1,1,0.8199999928474426,low,0.009353886358439922,full_model
2,1,2,1,1,0.8199999928474426,high,0.007074068300426006,full_model
2,1,2,1,1,0.8299999833106995,low,0.009320824407041073,full_model
2,1,2,1,1,0.8299999833106995,high,0.006965900305658579,full_model
2,1,2,1,1,0.8399999737739563,low,0.009286940097808838,full_model
2,1,2,1,1,0.8399999737739563,high,0.006857659202069044,full_model
2,1,2,1,1,0.8499999642372131,low,0.0092522157356143,full_model
2,1,2,1,1,0.8499999642372131,high,0.006749388296157122,full_model
2,1,2,1,1,0.85999995470047,low,0.00921663735061884,full_model
2,1,2,1,1,0.85999995470047,high,0.006641133688390255,full_model
2,1,2,1,1,0.8700000047683716,low,0.00918018538504839,full_model
2,1,2,1,1,0.8700000047683716,high,0.006532939150929451,full_model
2,1,2,1,1,0.8799999952316284,low,0.009142844937741756,full_model
2,1,2,1,1,0.8799999952316284,high,0.006424848455935717,full_model
2,1,2,1,1,0.8899999856948853,low,0.009104599244892597,full_model
2,1,2,1,1,0.8899999856948853,high,0.006316911894828081,full_model
2,1,2,1,1,0.8999999761581421,low,0.009065430611371994,full_model
2,1,2,1,1,0.8999999761581421,high,0.006209169048815966,full_model
2,1,2,1,1,0.9099999666213989,low,0.009025324136018753,full_model
2,1,2,1,1,0.9099999666213989,high,0.006101671606302261,full_model
2,1,2,1,1,0.9199999570846558,low,0.008984263986349106,full_model
2,1,2,1,1,0.9199999570846558,high,0.005994459148496389,full_model
2,1,2,1,1,0.9300000071525574,low,0.008942232467234135,full_model
2,1,2,1,1,0.9300000071525574,high,0.005887580569833517,full_model
2,1,2,1,1,0.9399999976158142,low,0.00889921560883522,full_model
2,1,2,1,1,0.9399999976158142,high,0.005781080573797226,full_model
2,1,2,1,1,0.949999988079071,low,0.008855197578668594,full_model
2,1,2,1,1,0.949999988079071,high,0.005675004329532385,full_model
2,1,2,1,1,0.9599999785423279,low,0.008810163475573063,full_model
2,1,2,1,1,0.9599999785423279,high,0.005569396074861288,full_model
2,1,2,1,1,0.9699999690055847,low,0.008764099329710007,full_model
2,1,2,1,1,0.9699999690055847,high,0.00546430004760623,full_model
2,1,2,1,1,0.9799999594688416,low,0.008716988377273083,full_model
2,1,2,1,1,0.9799999594688416,high,0.005359760019928217,full_model
2,1,2,1,1,0.9899999499320984,low,0.00866882037371397,full_model
2,1,2,1,1,0.9899999499320984,high,0.0052558183670043945,full_model
2,1,2,1,1,1.0,low,0.0086195794865489,full_model
2,1,2,1,1,1.0,high,0.0051525188609957695,full_model
2,1,2,1,2,0.0,low,0.0033711025025695562,full_model
2,1,2,1,2,0.0,high,0.004855808801949024,full_model
2,1,2,1,2,0.009999999776482582,low,0.0034378019627183676,full_model
2,1,2,1,2,0.009999999776482582,high,0.004939029924571514,full_model
2,1,2,1,2,0.019999999552965164,low,0.0035057871136814356,full_model
2,1,2,1,2,0.019999999552965164,high,0.0050233518704771996,full_model
2,1,2,1,2,0.029999999329447746,low,0.0035750798415392637,full_model
2,1,2,1,2,0.029999999329447746,high,0.005108775570988655,full_model
2,1,2,1,2,0.03999999910593033,low,0.003645705059170723,full_model
2,1,2,1,2,0.03999999910593033,high,0.005195302423089743,full_model
2,1,2,1,2,0.04999999701976776,low,0.0037176848854869604,full_model
2,1,2,1,2,0.04999999701976776,high,0.005282929167151451,full_model
2,1,2,1,2,0.05999999865889549,low,0.0037910446990281343,full_model
2,1,2,1,2,0.05999999865889549,high,0.005371655337512493,full_model
2,1,2,1,2,0.07000000029802322,low,0.0038658089470118284,full_model
2,1,2,1,2,0.07000000029802322,high,0.005461478605866432,full_model
2,1,2,1,2,0.07999999821186066,low,0.003942001610994339,full_model
2,1,2,1,2,0.07999999821186066,high,0.005552397109568119,full_model
2,1,2,1,2,0.08999999612569809,low,0.004019648768007755,full_model
2,1,2,1,2,0.08999999612569809,high,0.005644403398036957,full_model
2,1,2,1,2,0.09999999403953552,low,0.0040987757965922356,full_model
2,1,2,1,2,0.09999999403953552,high,0.005737492814660072,full_model
2,1,2,1,2,0.10999999940395355,low,0.00417940691113472,full_model
2,1,2,1,2,0.10999999940395355,high,0.005831665359437466,full_model
2,1,2,1,2,0.11999999731779099,low,0.004261569585651159,full_model
2,1,2,1,2,0.11999999731779099,high,0.005926902871578932,full_model
2,1,2,1,2,0.12999999523162842,low,0.004345289431512356,full_model
2,1,2,1,2,0.12999999523162842,high,0.0060232095420360565,full_model
2,1,2,1,2,0.14000000059604645,low,0.004430594388395548,full_model
2,1,2,1,2,0.14000000059604645,high,0.006120563019067049,full_model
2,1,2,1,2,0.14999999105930328,low,0.004517510998994112,full_model
2,1,2,1,2,0.14999999105930328,high,0.006218967493623495,full_model
2,1,2,1,2,0.1599999964237213,low,0.004606065806001425,full_model
2,1,2,1,2,0.1599999964237213,high,0.0063183982856571674,full_model
2,1,2,1,2,0.17000000178813934,low,0.004696289077401161,full_model
2,1,2,1,2,0.17000000178813934,high,0.006418853998184204,full_model
2,1,2,1,2,0.17999999225139618,low,0.0047882054932415485,full_model
2,1,2,1,2,0.17999999225139618,high,0.006520311813801527,full_model
2,1,2,1,2,0.1899999976158142,low,0.0048818448558449745,full_model
2,1,2,1,2,0.1899999976158142,high,0.006622759159654379,full_model
2,1,2,1,2,0.19999998807907104,low,0.004977235570549965,full_model
2,1,2,1,2,0.19999998807907104,high,0.0067261820659041405,full_model
2,1,2,1,2,0.20999999344348907,low,0.005074406508356333,full_model
2,1,2,1,2,0.20999999344348907,high,0.00683056004345417,full_model
2,1,2,1,2,0.2199999988079071,low,0.0051733870059251785,full_model
2,1,2,1,2,0.2199999988079071,high,0.006935873534530401,full_model
2,1,2,1,2,0.22999998927116394,low,0.005274205468595028,full_model
2,1,2,1,2,0.22999998927116394,high,0.007042103447020054,full_model
2,1,2,1,2,0.23999999463558197,low,0.005376894026994705,full_model
2,1,2,1,2,0.23999999463558197,high,0.007149227429181337,full_model
2,1,2,1,2,0.25,low,0.0054814801551401615,full_model
2,1,2,1,2,0.25,high,0.007257220800966024,full_model
2,1,2,1,2,0.25999999046325684,low,0.0055879950523376465,full_model
2,1,2,1,2,0.25999999046325684,high,0.007366056554019451,full_model
2,1,2,1,2,0.26999998092651367,low,0.005696467123925686,full_model
2,1,2,1,2,0.26999998092651367,high,0.007475712336599827,full_model
2,1,2,1,2,0.2800000011920929,low,0.0058069308288395405,full_model
2,1,2,1,2,0.2800000011920929,high,0.00758615555241704,full_model
2,1,2,1,2,0.28999999165534973,low,0.005919412709772587,full_model
2,1,2,1,2,0.28999999165534973,high,0.0076973577961325645,full_model
2,1,2,1,2,0.29999998211860657,low,0.006033945828676224,full_model
2,1,2,1,2,0.29999998211860657,high,0.007809286937117577,full_model
2,1,2,1,2,0.3100000023841858,low,0.006150561850517988,full_model
2,1,2,1,2,0.3100000023841858,high,0.007921907119452953,full_model
2,1,2,1,2,0.3199999928474426,low,0.006269289646297693,full_model
2,1,2,1,2,0.3199999928474426,high,0.008035184815526009,full_model
2,1,2,1,2,0.32999998331069946,low,0.006390162277966738,full_model
2,1,2,1,2,0.32999998331069946,high,0.008149084635078907,full_model
2,1,2,1,2,0.3400000035762787,low,0.006513211410492659,full_model
2,1,2,1,2,0.3400000035762787,high,0.008263569325208664,full_model
2,1,2,1,2,0.3499999940395355,low,0.006638467777520418,full_model
2,1,2,1,2,0.3499999940395355,high,0.008378586731851101,full_model
2,1,2,1,2,0.35999998450279236,low,0.006765962112694979,full_model
2,1,2,1,2,0.35999998450279236,high,0.008494107984006405,full_model
2,1,2,1,2,0.3700000047683716,low,0.0068957265466451645,full_model
2,1,2,1,2,0.3700000047683716,high,0.00861007533967495,full_model
2,1,2,1,2,0.3799999952316284,low,0.007027791813015938,full_model
2,1,2,1,2,0.3799999952316284,high,0.008726455271244049,full_model
2,1,2,1,2,0.38999998569488525,low,0.0071621909737586975,full_model
2,1,2,1,2,0.38999998569488525,high,0.008843186311423779,full_model
2,1,2,1,2,0.3999999761581421,low,0.007298952899873257,full_model
2,1,2,1,2,0.3999999761581421,high,0.008960232138633728,full_model
2,1,2,1,2,0.4099999964237213,low,0.007438111584633589,full_model
2,1,2,1,2,0.4099999964237213,high,0.009077523835003376,full_model
2,1,2,1,2,0.41999998688697815,low,0.007579697296023369,full_model
2,1,2,1,2,0.41999998688697815,high,0.009195024147629738,full_model
2,1,2,1,2,0.429999977350235,low,0.00772373890504241,full_model
2,1,2,1,2,0.429999977350235,high,0.009312661364674568,full_model
2,1,2,1,2,0.4399999976158142,low,0.007870270870625973,full_model
2,1,2,1,2,0.4399999976158142,high,0.00943038985133171,full_model
2,1,2,1,2,0.44999998807907104,low,0.008019319735467434,full_model
2,1,2,1,2,0.44999998807907104,high,0.009548142552375793,full_model
2,1,2,1,2,0.4599999785423279,low,0.008170917630195618,full_model
2,1,2,1,2,0.4599999785423279,high,0.009665858931839466,full_model
2,1,2,1,2,0.4699999988079071,low,0.008325091563165188,full_model
2,1,2,1,2,0.4699999988079071,high,0.009783473797142506,full_model
2,1,2,1,2,0.47999998927116394,low,0.00848187506198883,full_model
2,1,2,1,2,0.47999998927116394,high,0.009900924749672413,full_model
2,1,2,1,2,0.4899999797344208,low,0.00864129327237606,full_model
2,1,2,1,2,0.4899999797344208,high,0.010018140077590942,full_model
2,1,2,1,2,0.5,low,0.00880337506532669,full_model
2,1,2,1,2,0.5,high,0.010135051794350147,full_model
2,1,2,1,2,0.5099999904632568,low,0.008968151174485683,full_model
2,1,2,1,2,0.5099999904632568,high,0.01025159191340208,full_model
2,1,2,1,2,0.5199999809265137,low,0.009135643020272255,full_model
2,1,2,1,2,0.5199999809265137,high,0.010367680341005325,full_model
2,1,2,1,2,0.5299999713897705,low,0.009305881336331367,full_model
2,1,2,1,2,0.5299999713897705,high,0.010483250953257084,full_model
2,1,2,1,2,0.5399999618530273,low,0.009478891268372536,full_model
2,1,2,1,2,0.5399999618530273,high,0.010598220862448215,full_model
2,1,2,1,2,0.550000011920929,low,0.009654694236814976,full_model
2,1,2,1,2,0.550000011920929,high,0.01071251556277275,full_model
2,1,2,1,2,0.5600000023841858,low,0.009833315387368202,full_model
2,1,2,1,2,0.5600000023841858,high,0.010826055891811848,full_model
2,1,2,1,2,0.5699999928474426,low,0.010014778934419155,full_model
2,1,2,1,2,0.5699999928474426,high,0.01093875989317894,full_model
2,1,2,1,2,0.5799999833106995,low,0.010199104435741901,full_model
2,1,2,1,2,0.5799999833106995,high,0.011050544679164886,full_model
2,1,2,1,2,0.5899999737739563,low,0.010386311449110508,full_model
2,1,2,1,2,0.5899999737739563,high,0.01116133015602827,full_model
2,1,2,1,2,0.5999999642372131,low,0.010576422326266766,full_model
2,1,2,1,2,0.5999999642372131,high,0.011271030642092228,full_model
2,1,2,1,2,0.6100000143051147,low,0.010769452899694443,full_model
2,1,2,1,2,0.6100000143051147,high,0.011379563249647617,full_model
2,1,2,1,2,0.6200000047683716,low,0.010965417139232159,full_model
2,1,2,1,2,0.6200000047683716,high,0.011486833915114403,full_model
2,1,2,1,2,0.6299999952316284,low,0.011164331808686256,full_model
2,1,2,1,2,0.6299999952316284,high,0.01159276720136404,full_model
2,1,2,1,2,0.6399999856948853,low,0.011366208083927631,full_model
2,1,2,1,2,0.6399999856948853,high,0.011697261594235897,full_model
2,1,2,1,2,0.6499999761581421,low,0.011571056209504604,full_model
2,1,2,1,2,0.6499999761581421,high,0.011800245381891727,full_model
2,1,2,1,2,0.6599999666213989,low,0.01177888922393322,full_model
2,1,2,1,2,0.6599999666213989,high,0.011901614256203175,full_model
2,1,2,1,2,0.6699999570846558,low,0.011989708989858627,full_model
2,1,2,1,2,0.6699999570846558,high,0.012001295574009418,full_model
2,1,2,1,2,0.6800000071525574,low,0.012203524820506573,full_model
2,1,2,1,2,0.6800000071525574,high,0.012099185958504677,full_model
2,1,2,1,2,0.6899999976158142,low,0.012420333921909332,full_model
2,1,2,1,2,0.6899999976158142,high,0.012195205315947533,full_model
2,1,2,1,2,0.699999988079071,low,0.012640140019357204,full_model
2,1,2,1,2,0.699999988079071,high,0.012289260514080524,full_model
2,1,2,1,2,0.7099999785423279,low,0.012862938456237316,full_model
2,1,2,1,2,0.7099999785423279,high,0.012381266802549362,full_model
2,1,2,1,2,0.7199999690055847,low,0.013088726438581944,full_model
2,1,2,1,2,0.7199999690055847,high,0.012471133843064308,full_model
2,1,2,1,2,0.7299999594688416,low,0.013317490927875042,full_model
2,1,2,1,2,0.7299999594688416,high,0.012558776885271072,full_model
2,1,2,1,2,0.7400000095367432,low,0.013549226336181164,full_model
2,1,2,1,2,0.7400000095367432,high,0.012644109316170216,full_model
2,1,2,1,2,0.75,low,0.013783912174403667,full_model
2,1,2,1,2,0.75,high,0.012727044522762299,full_model
2,1,2,1,2,0.7599999904632568,low,0.014021536335349083,full_model
2,1,2,1,2,0.7599999904632568,high,0.01280750147998333,full_model
2,1,2,1,2,0.7699999809265137,low,0.014262072741985321,full_model
2,1,2,1,2,0.7699999809265137,high,0.012885394506156445,full_model
2,1,2,1,2,0.7799999713897705,low,0.014505499973893166,full_model
2,1,2,1,2,0.7799999713897705,high,0.012960647232830524,full_model
2,1,2,1,2,0.7899999618530273,low,0.014751783572137356,full_model
2,1,2,1,2,0.7899999618530273,high,0.013033177703619003,full_model
2,1,2,1,2,0.7999999523162842,low,0.015000896528363228,full_model
2,1,2,1,2,0.7999999523162842,high,0.013102909550070763,full_model
2,1,2,1,2,0.8100000023841858,low,0.015252797864377499,full_model
2,1,2,1,2,0.8100000023841858,high,0.013169767335057259,full_model
2,1,2,1,2,0.8199999928474426,low,0.01550744753330946,full_model
2,1,2,1,2,0.8199999928474426,high,0.01323368027806282,full_model
2,1,2,1,2,0.8299999833106995,low,0.01576479710638523,full_model
2,1,2,1,2,0.8299999833106995,high,0.013294576667249203,full_model
2,1,2,1,2,0.8399999737739563,low,0.016024798154830933,full_model
2,1,2,1,2,0.8399999737739563,high,0.013352392241358757,full_model
2,1,2,1,2,0.8499999642372131,low,0.016287395730614662,full_model
2,1,2,1,2,0.8499999642372131,high,0.013407059013843536,full_model
2,1,2,1,2,0.85999995470047,low,0.016552522778511047,full_model
2,1,2,1,2,0.85999995470047,high,0.013458515517413616,full_model
2,1,2,1,2,0.8700000047683716,low,0.016820121556520462,full_model
2,1,2,1,2,0.8700000047683716,high,0.01350670401006937,full_model
2,1,2,1,2,0.8799999952316284,low,0.01709011197090149,full_model
2,1,2,1,2,0.8799999952316284,high,0.013551575131714344,full_model
2,1,2,1,2,0.8899999856948853,low,0.01736242137849331,full_model
2,1,2,1,2,0.8899999856948853,high,0.013593065552413464,full_model
2,1,2,1,2,0.8999999761581421,low,0.017636962234973907,full_model
2,1,2,1,2,0.8999999761581421,high,0.013631138950586319,full_model
2,1,2,1,2,0.9099999666213989,low,0.01791364699602127,full_model
2,1,2,1,2,0.9099999666213989,high,0.013665739446878433,full_model
2,1,2,1,2,0.9199999570846558,low,0.018192382529377937,full_model
2,1,2,1,2,0.9199999570846558,high,0.013696840964257717,full_model
2,1,2,1,2,0.9300000071525574,low,0.018473070114850998,full_model
2,1,2,1,2,0.9300000071525574,high,0.013724393211305141,full_model
2,1,2,1,2,0.9399999976158142,low,0.018755588680505753,full_model
2,1,2,1,2,0.9399999976158142,high,0.013748370110988617,full_model
2,1,2,1,2,0.949999988079071,low,0.019039833918213844,full_model
2,1,2,1,2,0.949999988079071,high,0.01376874279230833,full_model
2,1,2,1,2,0.9599999785423279,low,0.019325675442814827,full_model
2,1,2,1,2,0.9599999785423279,high,0.013785487040877342,full_model
2,1,2,1,2,0.9699999690055847,low,0.01961299404501915,full_model
2,1,2,1,2,0.9699999690055847,high,0.013798579573631287,full_model
2,1,2,1,2,0.9799999594688416,low,0.019901644438505173,full_model
2,1,2,1,2,0.9799999594688416,high,0.013808009214699268,full_model
2,1,2,1,2,0.9899999499320984,low,0.020191490650177002,full_model
2,1,2,1,2,0.9899999499320984,high,0.013813762925565243,full_model
2,1,2,1,2,1.0,low,0.020482376217842102,full_model
2,1,2,1,2,1.0,high,0.013815834186971188,full_model
2,1,2,1,3,0.0,low,0.000818416359834373,full_model
2,1,2,1,3,0.0,high,0.0013100398937240243,full_model
2,1,2,1,3,0.009999999776482582,low,0.0008514695800840855,full_model
2,1,2,1,3,0.009999999776482582,high,0.0013594097690656781,full_model
2,1,2,1,3,0.019999999552965164,low,0.0008858488872647285,full_model
2,1,2,1,3,0.019999999552965164,high,0.001410549390129745,full_model
2,1,2,1,3,0.029999999329447746,low,0.0009216070175170898,full_model
2,1,2,1,3,0.029999999329447746,high,0.0014635158004239202,full_model
2,1,2,1,3,0.03999999910593033,low,0.0009587986278347671,full_model
2,1,2,1,3,0.03999999910593033,high,0.001518368604592979,full_model
2,1,2,1,3,0.04999999701976776,low,0.0009974803542718291,full_model
2,1,2,1,3,0.04999999701976776,high,0.001575168571434915,full_model
2,1,2,1,3,0.05999999865889549,low,0.001037711394019425,full_model
2,1,2,1,3,0.05999999865889549,high,0.0016339784488081932,full_model
2,1,2,1,3,0.07000000029802322,low,0.0010795528069138527,full_model
2,1,2,1,3,0.07000000029802322,high,0.0016948617994785309,full_model
2,1,2,1,3,0.07999999821186066,low,0.0011230686213821173,full_model
2,1,2,1,3,0.07999999821186066,high,0.001757884630933404,full_model
2,1,2,1,3,0.08999999612569809,low,0.0011683241464197636,full_model
2,1,2,1,3,0.08999999612569809,high,0.0018231141148135066,full_model
2,1,2,1,3,0.09999999403953552,low,0.0012153892312198877,full_model
2,1,2,1,3,0.09999999403953552,high,0.0018906192854046822,full_model
2,1,2,1,3,0.10999999940395355,low,0.0012643339578062296,full_model
2,1,2,1,3,0.10999999940395355,high,0.001960469875484705,full_model
2,1,2,1,3,0.11999999731779099,low,0.0013152327155694366,full_model
2,1,2,1,3,0.11999999731779099,high,0.0020327384117990732,full_model
2,1,2,1,3,0.12999999523162842,low,0.0013681622222065926,full_model
2,1,2,1,3,0.12999999523162842,high,0.002107498701661825,full_model
2,1,2,1,3,0.14000000059604645,low,0.00142320292070508,full_model
2,1,2,1,3,0.14000000059604645,high,0.002184825949370861,full_model
2,1,2,1,3,0.14999999105930328,low,0.001480436883866787,full_model
2,1,2,1,3,0.14999999105930328,high,0.0022647976875305176,full_model
2,1,2,1,3,0.1599999964237213,low,0.0015399506082758307,full_model
2,1,2,1,3,0.1599999964237213,high,0.0023474926128983498,full_model
2,1,2,1,3,0.17000000178813934,low,0.0016018335008993745,full_model
2,1,2,1,3,0.17000000178813934,high,0.002432991284877062,full_model
2,1,2,1,3,0.17999999225139618,low,0.001666177180595696,full_model
2,1,2,1,3,0.17999999225139618,high,0.0025213744957000017,full_model
2,1,2,1,3,0.1899999976158142,low,0.001733078621327877,full_model
2,1,2,1,3,0.1899999976158142,high,0.002612725831568241,full_model
2,1,2,1,3,0.19999998807907104,low,0.0018026373581960797,full_model
2,1,2,1,3,0.19999998807907104,high,0.002707131439819932,full_model
2,1,2,1,3,0.20999999344348907,low,0.0018749571172520518,full_model
2,1,2,1,3,0.20999999344348907,high,0.00280467770062387,full_model
2,1,2,1,3,0.2199999988079071,low,0.0019501452334225178,full_model
2,1,2,1,3,0.2199999988079071,high,0.002905451925471425,full_model
2,1,2,1,3,0.22999998927116394,low,0.002028312999755144,full_model
2,1,2,1,3,0.22999998927116394,high,0.003009544685482979,full_model
2,1,2,1,3,0.23999999463558197,low,0.002109576016664505,full_model
2,1,2,1,3,0.23999999463558197,high,0.0031170470174402,full_model
2,1,2,1,3,0.25,low,0.0021940546575933695,full_model
2,1,2,1,3,0.25,high,0.0032280515879392624,full_model
2,1,2,1,3,0.25999999046325684,low,0.0022818727884441614,full_model
2,1,2,1,3,0.25999999046325684,high,0.0033426517620682716,full_model
2,1,2,1,3,0.26999998092651367,low,0.002373160095885396,full_model
2,1,2,1,3,0.26999998092651367,high,0.003460943466052413,full_model
2,1,2,1,3,0.2800000011920929,low,0.0024680497590452433,full_model
2,1,2,1,3,0.2800000011920929,high,0.0035830221604555845,full_model
2,1,2,1,3,0.28999999165534973,low,0.0025666800793260336,full_model
2,1,2,1,3,0.28999999165534973,high,0.003708987031131983,full_model
2,1,2,1,3,0.29999998211860657,low,0.0026691958773881197,full_model
2,1,2,1,3,0.29999998211860657,high,0.003838936099782586,full_model
2,1,2,1,3,0.3100000023841858,low,0.002775745466351509,full_model
2,1,2,1,3,0.3100000023841858,high,0.003972969017922878,full_model
2,1,2,1,3,0.3199999928474426,low,0.002886484144255519,full_model
2,1,2,1,3,0.3199999928474426,high,0.004111187532544136,full_model
2,1,2,1,3,0.32999998331069946,low,0.003001570701599121,full_model
2,1,2,1,3,0.32999998331069946,high,0.004253691993653774,full_model
2,1,2,1,3,0.3400000035762787,low,0.00312117300927639,full_model
2,1,2,1,3,0.3400000035762787,high,0.004400588106364012,full_model
2,1,2,1,3,0.3499999940395355,low,0.0032454614993184805,full_model
2,1,2,1,3,0.3499999940395355,high,0.004551975522190332,full_model
2,1,2,1,3,0.35999998450279236,low,0.0033746131230145693,full_model
2,1,2,1,3,0.35999998450279236,high,0.004707958549261093,full_model
2,1,2,1,3,0.3700000047683716,low,0.0035088136792182922,full_model
2,1,2,1,3,0.3700000047683716,high,0.0048686424270272255,full_model
2,1,2,1,3,0.3799999952316284,low,0.003648254321888089,full_model
2,1,2,1,3,0.3799999952316284,high,0.005034130532294512,full_model
2,1,2,1,3,0.38999998569488525,low,0.0037931320257484913,full_model
2,1,2,1,3,0.38999998569488525,high,0.005204529035836458,full_model
2,1,2,1,3,0.3999999761581421,low,0.00394365144893527,full_model
2,1,2,1,3,0.3999999761581421,high,0.005379941780120134,full_model
2,1,2,1,3,0.4099999964237213,low,0.004100024700164795,full_model
2,1,2,1,3,0.4099999964237213,high,0.005560474935919046,full_model
2,1,2,1,3,0.41999998688697815,low,0.004262472502887249,full_model
2,1,2,1,3,0.41999998688697815,high,0.0057462300173938274,full_model
2,1,2,1,3,0.429999977350235,low,0.00443121837452054,full_model
2,1,2,1,3,0.429999977350235,high,0.005937314126640558,full_model
2,1,2,1,3,0.4399999976158142,low,0.004606502130627632,full_model
2,1,2,1,3,0.4399999976158142,high,0.006133830174803734,full_model
2,1,2,1,3,0.44999998807907104,low,0.004788560327142477,full_model
2,1,2,1,3,0.44999998807907104,high,0.006335878744721413,full_model
2,1,2,1,3,0.4599999785423279,low,0.004977647215127945,full_model
2,1,2,1,3,0.4599999785423279,high,0.006543563213199377,full_model
2,1,2,1,3,0.4699999988079071,low,0.005174021702259779,full_model
2,1,2,1,3,0.4699999988079071,high,0.006756982766091824,full_model
2,1,2,1,3,0.47999998927116394,low,0.005377952009439468,full_model
2,1,2,1,3,0.47999998927116394,high,0.006976238917559385,full_model
2,1,2,1,3,0.4899999797344208,low,0.005589715205132961,full_model
2,1,2,1,3,0.4899999797344208,high,0.007201427593827248,full_model
2,1,2,1,3,0.5,low,0.005809598136693239,full_model
2,1,2,1,3,0.5,high,0.007432644255459309,full_model
2,1,2,1,3,0.5099999904632568,low,0.006037896499037743,full_model
2,1,2,1,3,0.5099999904632568,high,0.007669985760003328,full_model
2,1,2,1,3,0.5199999809265137,low,0.0062749143689870834,full_model
2,1,2,1,3,0.5199999809265137,high,0.007913539186120033,full_model
2,1,2,1,3,0.5299999713897705,low,0.006520967464894056,full_model
2,1,2,1,3,0.5299999713897705,high,0.008163398131728172,full_model
2,1,2,1,3,0.5399999618530273,low,0.006776382680982351,full_model
2,1,2,1,3,0.5399999618530273,high,0.008419647812843323,full_model
2,1,2,1,3,0.550000011920929,low,0.007041494827717543,full_model
2,1,2,1,3,0.550000011920929,high,0.00868237018585205,full_model
2,1,2,1,3,0.5600000023841858,low,0.007316648960113525,full_model
2,1,2,1,3,0.5600000023841858,high,0.008951646275818348,full_model
2,1,2,1,3,0.5699999928474426,low,0.0076022036373615265,full_model
2,1,2,1,3,0.5699999928474426,high,0.009227554313838482,full_model
2,1,2,1,3,0.5799999833106995,low,0.007898525334894657,full_model
2,1,2,1,3,0.5799999833106995,high,0.009510166011750698,full_model
2,1,2,1,3,0.5899999737739563,low,0.008205994963645935,full_model
2,1,2,1,3,0.5899999737739563,high,0.009799553081393242,full_model
2,1,2,1,3,0.5999999642372131,low,0.008525003679096699,full_model
2,1,2,1,3,0.5999999642372131,high,0.010095778852701187,full_model
2,1,2,1,3,0.6100000143051147,low,0.008855952881276608,full_model
2,1,2,1,3,0.6100000143051147,high,0.010398906655609608,full_model
2,1,2,1,3,0.6200000047683716,low,0.00919925607740879,full_model
2,1,2,1,3,0.6200000047683716,high,0.010708988644182682,full_model
2,1,2,1,3,0.6299999952316284,low,0.009555339813232422,full_model
2,1,2,1,3,0.6299999952316284,high,0.01102607510983944,full_model
2,1,2,1,3,0.6399999856948853,low,0.00992464181035757,full_model
2,1,2,1,3,0.6399999856948853,high,0.011350218206644058,full_model
2,1,2,1,3,0.6499999761581421,low,0.010307613760232925,full_model
2,1,2,1,3,0.6499999761581421,high,0.011681447736918926,full_model
2,1,2,1,3,0.6599999666213989,low,0.01070472039282322,full_model
2,1,2,1,3,0.6599999666213989,high,0.012019810266792774,full_model
2,1,2,1,3,0.6699999570846558,low,0.011116434819996357,full_model
2,1,2,1,3,0.6699999570846558,high,0.012365324422717094,full_model
2,1,2,1,3,0.6800000071525574,low,0.011543248780071735,full_model
2,1,2,1,3,0.6800000071525574,high,0.012718023732304573,full_model
2,1,2,1,3,0.6899999976158142,low,0.011985660530626774,full_model
2,1,2,1,3,0.6899999976158142,high,0.013077912852168083,full_model
2,1,2,1,3,0.699999988079071,low,0.01244418602436781,full_model
2,1,2,1,3,0.699999988079071,high,0.01344500482082367,full_model
2,1,2,1,3,0.7099999785423279,low,0.012919350527226925,full_model
2,1,2,1,3,0.7099999785423279,high,0.01381930336356163,full_model
2,1,2,1,3,0.7199999690055847,low,0.013411697931587696,full_model
2,1,2,1,3,0.7199999690055847,high,0.014200804755091667,full_model
2,1,2,1,3,0.7299999594688416,low,0.013921775855123997,full_model
2,1,2,1,3,0.7299999594688416,high,0.014589494094252586,full_model
2,1,2,1,3,0.7400000095367432,low,0.014450160786509514,full_model
2,1,2,1,3,0.7400000095367432,high,0.014985352754592896,full_model
2,1,2,1,3,0.75,low,0.014997421763837337,full_model
2,1,2,1,3,0.75,high,0.015388354659080505,full_model
2,1,2,1,3,0.7599999904632568,low,0.015564155764877796,full_model
2,1,2,1,3,0.7599999904632568,high,0.01579846628010273,full_model
2,1,2,1,3,0.7699999809265137,low,0.01615096442401409,full_model
2,1,2,1,3,0.7699999809265137,high,0.016215641051530838,full_model
2,1,2,1,3,0.7799999713897705,low,0.016758469864726067,full_model
2,1,2,1,3,0.7799999713897705,high,0.01663983426988125,full_model
2,1,2,1,3,0.7899999618530273,low,0.017387300729751587,full_model
2,1,2,1,3,0.7899999618530273,high,0.017070980742573738,full_model
2,1,2,1,3,0.7999999523162842,low,0.018038097769021988,full_model
2,1,2,1,3,0.7999999523162842,high,0.017509017139673233,full_model
2,1,2,1,3,0.8100000023841858,low,0.0187115166336298,full_model
2,1,2,1,3,0.8100000023841858,high,0.017953868955373764,full_model
2,1,2,1,3,0.8199999928474426,low,0.019408218562602997,full_model
2,1,2,1,3,0.8199999928474426,high,0.018405452370643616,full_model
2,1,2,1,3,0.8299999833106995,low,0.020128877833485603,full_model
2,1,2,1,3,0.8299999833106995,high,0.018863674253225327,full_model
2,1,2,1,3,0.8399999737739563,low,0.02087419293820858,full_model
2,1,2,1,3,0.8399999737739563,high,0.019328434020280838,full_model
2,1,2,1,3,0.8499999642372131,low,0.021644851192831993,full_model
2,1,2,1,3,0.8499999642372131,high,0.019799623638391495,full_model
2,1,2,1,3,0.85999995470047,low,0.0224415622651577,full_model
2,1,2,1,3,0.85999995470047,high,0.020277131348848343,full_model
2,1,2,1,3,0.8700000047683716,low,0.023265045136213303,full_model
2,1,2,1,3,0.8700000047683716,high,0.020760836079716682,full_model
2,1,2,1,3,0.8799999952316284,low,0.024116018787026405,full_model
2,1,2,1,3,0.8799999952316284,high,0.021250583231449127,full_model
2,1,2,1,3,0.8899999856948853,low,0.024995215237140656,full_model
2,1,2,1,3,0.8899999856948853,high,0.021746261045336723,full_model
2,1,2,1,3,0.8999999761581421,low,0.025903362780809402,full_model
2,1,2,1,3,0.8999999761581421,high,0.02224769815802574,full_model
2,1,2,1,3,0.9099999666213989,low,0.02684122323989868,full_model
2,1,2,1,3,0.9099999666213989,high,0.02275475487112999,full_model
2,1,2,1,3,0.9199999570846558,low,0.027809539809823036,full_model
2,1,2,1,3,0.9199999570846558,high,0.02326725237071514,full_model
2,1,2,1,3,0.9300000071525574,low,0.028809061273932457,full_model
2,1,2,1,3,0.9300000071525574,high,0.02378503605723381,full_model
2,1,2,1,3,0.9399999976158142,low,0.029840536415576935,full_model
2,1,2,1,3,0.9399999976158142,high,0.024307917803525925,full_model
2,1,2,1,3,0.949999988079071,low,0.030904728919267654,full_model
2,1,2,1,3,0.949999988079071,high,0.024835718795657158,full_model
2,1,2,1,3,0.9599999785423279,low,0.032002389430999756,full_model
2,1,2,1,3,0.9599999785423279,high,0.02536824345588684,full_model
2,1,2,1,3,0.9699999690055847,low,0.03313427418470383,full_model
2,1,2,1,3,0.9699999690055847,high,0.025905301794409752,full_model
2,1,2,1,3,0.9799999594688416,low,0.03430113196372986,full_model
2,1,2,1,3,0.9799999594688416,high,0.02644668146967888,full_model
2,1,2,1,3,0.9899999499320984,low,0.035503704100847244,full_model
2,1,2,1,3,0.9899999499320984,high,0.026992181316018105,full_model
2,1,2,1,3,1.0,low,0.03674275055527687,full_model
2,1,2,1,3,1.0,high,0.027541587129235268,full_model
