scenario_label,observed_action,effort_condition,intimacy_condition,alt_idx,risk_raw,risk_raw_std,risk,effort_raw,effort_raw_std,effort,n_runs_risk,n_runs_effort,n_failures_risk,n_failures_effort
basketball,no_share,low,50,0,0.0,0.0,0.0,0.0,0.0,0.0,10,10,0,0
basketball,no_share,low,50,1,0.0,0.0,0.0,0.0,0.0,0.0,10,10,0,0
basketball,no_share,low,50,2,3.0,0.0,0.5,0.3,0.4582575694955839,0.0499999999999999,10,10,0,0
basketball,no_share,low,0,0,0.0,0.0,0.0,0.0,0.0,0.0,10,10,0,0
basketball,no_share,low,0,1,0.0,0.0,0.0,0.0,0.0,0.0,10,10,0,0
basketball,no_share,low,0,2,3.0,0.0,0.5,0.3,0.4582575694955839,0.0499999999999999,10,10,0,0
basketball,no_share,high,50,0,0.0,0.0,0.0,0.0,0.0,0.0,10,10,0,0
basketball,no_share,high,50,1,0.0,0.0,0.0,0.0,0.0,0.0,10,10,0,0
basketball,no_share,high,50,2,3.0,0.0,0.5,2.0,0.0,0.3333333333333333,10,10,0,0
basketball,no_share,high,50,3,0.0,0.0,0.0,6.0,0.0,1.0,10,10,0,0
basketball,no_share,high,75,0,0.0,0.0,0.0,0.0,0.0,0.0,10,10,0,0
basketball,no_share,high,75,1,0.0,0.0,0.0,0.0,0.0,0.0,10,10,0,0
basketball,no_share,high,75,2,3.0,0.0,0.5,0.0,0.0,0.0,10,10,0,0
basketball,no_share,high,75,3,0.0,0.0,0.0,6.0,0.0,1.0,10,10,0,0
basketball,no_share,high,100,0,0.0,0.0,0.0,0.0,0.0,0.0,10,10,0,0
basketball,no_share,high,100,1,0.0,0.0,0.0,0.0,0.0,0.0,10,10,0,0
basketball,no_share,high,100,2,3.0,0.0,0.5,0.0,0.0,0.0,10,10,0,0
basketball,no_share,high,100,3,0.0,0.0,0.0,6.0,0.0,1.0,10,10,0,0
basketball,low_risk_share,low,0,0,0.0,0.0,0.0,0.0,0.0,0.0,10,10,0,0
basketball,low_risk_share,low,0,1,0.0,0.0,0.0,0.0,0.0,0.0,10,10,0,0
basketball,low_risk_share,low,0,2,0.0,0.0,0.0,0.0,0.0,0.0,10,10,0,0
basketball,low_risk_share,low,0,3,0.0,0.0,0.0,2.3,0.458257569495584,0.3833333333333333,10,10,0,0
basketball,no_share,high,0,0,0.0,0.0,0.0,0.0,0.0,0.0,10,10,0,0
basketball,no_share,high,0,1,0.0,0.0,0.0,0.0,0.0,0.0,10,10,0,0
basketball,no_share,high,0,2,6.0,0.0,1.0,1.0,0.0,0.1666666666666666,10,10,0,0
basketball,no_share,high,0,3,0.0,0.0,0.0,6.0,0.0,1.0,10,10,0,0
basketball,no_share,low,75,0,0.0,0.0,0.0,0.0,0.0,0.0,10,10,0,0
basketball,no_share,low,75,1,0.0,0.0,0.0,0.0,0.0,0.0,10,10,0,0
basketball,no_share,low,75,2,3.0,0.0,0.5,0.3,0.4582575694955839,0.0499999999999999,10,10,0,0
basketball,low_risk_share,low,100,0,0.0,0.0,0.0,0.0,0.0,0.0,10,10,0,0
basketball,low_risk_share,low,100,1,0.0,0.0,0.0,0.0,0.0,0.0,10,10,0,0
basketball,low_risk_share,low,100,2,0.0,0.0,0.0,0.0,0.0,0.0,10,10,0,0
basketball,low_risk_share,low,100,3,6.0,0.0,1.0,0.3,0.4582575694955839,0.0499999999999999,10,10,0,0
basketball,low_risk_share,low,50,0,0.0,0.0,0.0,0.0,0.0,0.0,10,10,0,0
basketball,low_risk_share,low,50,1,0.0,0.0,0.0,1.3,0.4582575694955839,0.2166666666666666,10,10,0,0
basketball,low_risk_share,low,50,2,6.0,0.0,1.0,0.3,0.4582575694955839,0.0499999999999999,10,10,0,0
basketball,low_risk_share,low,50,3,0.0,0.0,0.0,0.3,0.4582575694955839,0.0499999999999999,10,10,0,0
basketball,low_risk_share,high,50,0,0.0,0.0,0.0,0.0,0.0,0.0,10,10,0,0
basketball,low_risk_share,high,50,1,0.0,0.0,0.0,0.0,0.0,0.0,10,10,0,0
basketball,low_risk_share,high,50,2,0.0,0.0,0.0,0.0,0.0,0.0,10,10,0,0
basketball,low_risk_share,high,50,3,6.0,0.0,1.0,0.0,0.0,0.0,10,10,0,0
basketball,no_share,low,100,0,0.0,0.0,0.0,0.0,0.0,0.0,10,10,0,0
basketball,no_share,low,100,1,0.0,0.0,0.0,0.0,0.0,0.0,10,10,0,0
basketball,no_share,low,100,2,3.0,0.0,0.5,0.3,0.4582575694955839,0.0499999999999999,10,10,0,0
basketball,no_share,low,100,3,3.0,0.0,0.5,1.0,0.0,0.1666666666666666,10,10,0,0
basketball,low_risk_share,high,100,0,0.0,0.0,0.0,0.0,0.0,0.0,10,10,0,0
basketball,low_risk_share,high,100,1,0.0,0.0,0.0,0.0,0.0,0.0,10,10,0,0
basketball,low_risk_share,high,100,2,0.0,0.0,0.0,0.0,0.0,0.0,10,10,0,0
basketball,low_risk_share,high,100,3,6.0,0.0,1.0,0.0,0.0,0.0,10,10,0,0
basketball,high_risk_share,low,0,0,0.0,0.0,0.0,0.0,0.0,0.0,10,10,0,0
basketball,high_risk_share,low,0,1,0.0,0.0,0.0,0.0,0.0,0.0,10,10,0,0
basketball,high_risk_share,low,0,2,0.0,0.0,0.0,1.3,0.4582575694955839,0.2166666666666666,10,10,0,0
basketball,high_risk_share,low,0,3,3.0,0.0,0.5,1.35,0.229128784747792,0.225,10,10,0,0
basketball,low_risk_share,low,75,0,0.0,0.0,0.0,0.0,0.0,0.0,10,10,0,0
basketball,low_risk_share,low,75,1,0.0,0.0,0.0,0.0,0.0,0.0,10,10,0,0
basketball,low_risk_share,low,75,2,0.0,0.0,0.0,0.0,0.0,0.0,10,10,0,0
basketball,low_risk_share,low,75,3,6.0,0.0,1.0,0.3,0.4582575694955839,0.0499999999999999,10,10,0,0
basketball,high_risk_share,low,50,0,0.0,0.0,0.0,0.0,0.0,0.0,10,10,0,0
basketball,high_risk_share,low,50,1,0.0,0.0,0.0,0.0,0.0,0.0,10,10,0,0
basketball,high_risk_share,low,50,2,0.0,0.0,0.0,1.3,0.4582575694955839,0.2166666666666666,10,10,0,0
basketball,high_risk_share,low,50,3,3.0,0.0,0.5,1.0,0.0,0.1666666666666666,10,10,0,0
basketball,low_risk_share,high,75,0,0.0,0.0,0.0,0.0,0.0,0.0,10,10,0,0
basketball,low_risk_share,high,75,1,0.0,0.0,0.0,0.0,0.0,0.0,10,10,0,0
basketball,low_risk_share,high,75,2,6.0,0.0,1.0,0.0,0.0,0.0,10,10,0,0
basketball,low_risk_share,high,75,3,6.0,0.0,1.0,1.0,0.0,0.1666666666666666,10,10,0,0
basketball,high_risk_share,high,75,0,0.0,0.0,0.0,0.0,0.0,0.0,10,10,0,0
basketball,high_risk_share,high,75,1,0.0,0.0,0.0,0.0,0.0,0.0,10,10,0,0
basketball,high_risk_share,high,75,2,0.0,0.0,0.0,2.1,0.3,0.35,10,10,0,0
basketball,high_risk_share,high,75,3,3.0,0.0,0.5,2.0,0.0,0.3333333333333333,10,10,0,0
basketball,high_risk_share,high,0,0,0.0,0.0,0.0,0.0,0.0,0.0,10,10,0,0
basketball,high_risk_share,high,0,1,0.0,0.0,0.0,0.0,0.0,0.0,10,10,0,0
basketball,high_risk_share,high,0,2,0.0,0.0,0.0,2.1,0.3,0.35,10,10,0,0
basketball,high_risk_share,high,0,3,3.0,0.0,0.5,2.0,0.0,0.3333333333333333,10,10,0,0
basketball,high_risk_share,high,0,4,0.0,0.0,0.0,6.0,0.0,1.0,10,10,0,0
basketball,high_risk_share,high,50,0,6.0,0.0,1.0,1.0,0.0,0.1666666666666666,10,10,0,0
basketball,high_risk_share,high,50,1,0.0,0.0,0.0,0.0,0.0,0.0,10,10,0,0
basketball,high_risk_share,high,50,2,0.0,0.0,0.0,0.0,0.0,0.0,10,10,0,0
basketball,high_risk_share,high,50,3,0.0,0.0,0.0,6.0,0.0,1.0,10,10,0,0
basketball,high_risk_share,low,75,0,0.0,0.0,0.0,0.0,0.0,0.0,10,10,0,0
basketball,high_risk_share,low,75,1,0.0,0.0,0.0,0.0,0.0,0.0,10,10,0,0
basketball,high_risk_share,low,75,2,3.0,0.0,0.5,1.35,0.229128784747792,0.225,10,10,0,0
basketball,high_risk_share,low,75,3,0.0,0.0,0.0,1.3,0.4582575694955839,0.2166666666666666,10,10,0,0
basketball,low_risk_share,high,0,0,0.0,0.0,0.0,0.0,0.0,0.0,10,10,0,0
basketball,low_risk_share,high,0,1,0.0,0.0,0.0,0.0,0.0,0.0,10,10,0,0
basketball,low_risk_share,high,0,2,0.0,0.0,0.0,2.1,0.3,0.35,10,10,0,0
basketball,low_risk_share,high,0,3,0.0,0.0,0.0,6.0,0.0,1.0,10,10,0,0
basketball,low_risk_share,high,0,4,0.0,0.0,0.0,2.1,0.3,0.35,10,10,0,0
basketball,high_risk_share,low,100,0,0.0,0.0,0.0,0.0,0.0,0.0,10,10,0,0
basketball,high_risk_share,low,100,1,0.0,0.0,0.0,0.0,0.0,0.0,10,10,0,0
basketball,high_risk_share,low,100,2,0.0,0.0,0.0,1.3,0.4582575694955839,0.2166666666666666,10,10,0,0
basketball,high_risk_share,low,100,3,3.0,0.0,0.5,1.35,0.229128784747792,0.225,10,10,0,0
basketball,high_risk_share,high,100,0,0.0,0.0,0.0,0.0,0.0,0.0,10,10,0,0
basketball,high_risk_share,high,100,1,0.0,0.0,0.0,0.0,0.0,0.0,10,10,0,0
basketball,high_risk_share,high,100,2,0.0,0.0,0.0,2.1,0.3,0.35,10,10,0,0
basketball,high_risk_share,high,100,3,6.0,0.0,1.0,1.0,0.0,0.1666666666666666,10,10,0,0
birthday,no_share,low,0,0,2.7,0.9,0.45,2.0,0.0,0.3333333333333333,10,10,0,0
birthday,no_share,low,0,1,0.0,0.0,0.0,0.0,0.0,0.0,10,10,0,0
birthday,no_share,low,0,2,0.0,0.0,0.0,0.0,0.0,0.0,10,10,0,0
birthday,no_share,low,0,3,0.0,0.0,0.0,0.0,0.0,0.0,10,10,0,0
birthday,no_share,low,75,0,2.7,0.9,0.45,2.0,0.0,0.3333333333333333,10,10,0,0
birthday,no_share,low,75,1,0.0,0.0,0.0,0.0,0.0,0.0,10,10,0,0
birthday,no_share,low,75,2,0.0,0.0,0.0,0.0,0.0,0.0,10,10,0,0
birthday,no_share,low,75,3,0.0,0.0,0.0,0.0,0.0,0.0,10,10,0,0
birthday,no_share,low,50,0,2.7,0.9,0.45,2.0,0.0,0.3333333333333333,10,10,0,0
birthday,no_share,low,50,1,0.0,0.0,0.0,0.0,0.0,0.0,10,10,0,0
birthday,no_share,low,50,2,3.0,0.0,0.5,1.0,0.0,0.1666666666666666,10,10,0,0
birthday,no_share,low,50,3,0.0,0.0,0.0,0.0,0.0,0.0,10,10,0,0
birthday,no_share,low,100,0,2.7,0.9,0.45,2.0,0.0,0.3333333333333333,10,10,0,0
birthday,no_share,low,100,1,0.0,0.0,0.0,0.0,0.0,0.0,10,10,0,0
birthday,no_share,low,100,2,0.0,0.0,0.0,0.0,0.0,0.0,10,10,0,0
birthday,no_share,low,100,3,0.0,0.0,0.0,0.0,0.0,0.0,10,10,0,0
birthday,low_risk_share,low,50,0,0.0,0.0,0.0,0.0,0.0,0.0,10,10,0,0
birthday,low_risk_share,low,50,1,0.0,0.0,0.0,0.0,0.0,0.0,10,10,0,0
birthday,low_risk_share,low,50,2,0.0,0.0,0.0,0.0,0.0,0.0,10,10,0,0
birthday,low_risk_share,low,50,3,2.7,0.9,0.45,2.0,0.0,0.3333333333333333,10,10,0,0
birthday,low_risk_share,low,0,0,0.0,0.0,0.0,0.0,0.0,0.0,10,10,0,0
birthday,low_risk_share,low,0,1,0.0,0.0,0.0,0.0,0.0,0.0,10,10,0,0
birthday,low_risk_share,low,0,2,0.0,0.0,0.0,0.0,0.0,0.0,10,10,0,0
birthday,low_risk_share,low,0,3,0.0,0.0,0.0,3.1,0.3,0.5166666666666666,10,10,0,0
birthday,low_risk_share,low,0,4,6.0,0.0,1.0,1.35,0.229128784747792,0.225,10,10,0,0
birthday,no_share,high,75,0,2.7,0.9,0.45,2.0,0.0,0.3333333333333333,10,10,0,0
birthday,no_share,high,75,1,0.0,0.0,0.0,0.0,0.0,0.0,10,10,0,0
birthday,no_share,high,75,2,0.0,0.0,0.0,0.0,0.0,0.0,10,10,0,0
birthday,no_share,high,75,3,0.0,0.0,0.0,0.0,0.0,0.0,10,10,0,0
birthday,no_share,high,0,0,2.7,0.9,0.45,2.0,0.0,0.3333333333333333,10,10,0,0
birthday,no_share,high,0,1,0.0,0.0,0.0,0.0,0.0,0.0,10,10,0,0
birthday,no_share,high,0,2,0.0,0.0,0.0,0.0,0.0,0.0,10,10,0,0
birthday,no_share,high,0,3,0.0,0.0,0.0,2.8,0.714142842854285,0.4666666666666666,10,10,0,0
birthday,no_share,high,0,4,3.0,0.0,0.5,1.0,0.0,0.1666666666666666,10,10,0,0
birthday,no_share,high,50,0,2.7,0.9,0.45,2.0,0.0,0.3333333333333333,10,10,0,0
birthday,no_share,high,50,1,0.0,0.0,0.0,0.0,0.0,0.0,10,10,0,0
birthday,no_share,high,50,2,0.0,0.0,0.0,0.0,0.0,0.0,10,10,0,0
birthday,no_share,high,50,3,0.0,0.0,0.0,0.0,0.0,0.0,10,10,0,0
birthday,no_share,high,100,0,2.7,0.9,0.45,2.0,0.0,0.3333333333333333,10,10,0,0
birthday,no_share,high,100,1,0.0,0.0,0.0,0.0,0.0,0.0,10,10,0,0
birthday,no_share,high,100,2,0.0,0.0,0.0,0.0,0.0,0.0,10,10,0,0
birthday,no_share,high,100,3,0.0,0.0,0.0,2.8,0.714142842854285,0.4666666666666666,10,10,0,0
birthday,no_share,high,100,4,0.0,0.0,0.0,0.0,0.0,0.0,10,10,0,0
birthday,low_risk_share,high,0,0,0.0,0.0,0.0,0.0,0.0,0.0,10,10,0,0
birthday,low_risk_share,high,0,1,0.0,0.0,0.0,0.0,0.0,0.0,10,10,0,0
birthday,low_risk_share,high,0,2,0.0,0.0,0.0,0.0,0.0,0.0,10,10,0,0
birthday,low_risk_share,low,100,0,0.0,0.0,0.0,0.0,0.0,0.0,10,10,0,0
birthday,low_risk_share,low,100,1,0.0,0.0,0.0,0.0,0.0,0.0,10,10,0,0
birthday,low_risk_share,low,100,2,0.0,0.0,0.0,0.0,0.0,0.0,10,10,0,0
birthday,low_risk_share,low,100,3,0.0,0.0,0.0,0.0,0.0,0.0,10,10,0,0
birthday,low_risk_share,low,100,4,6.0,0.0,1.0,1.2,0.2449489742783178,0.1999999999999999,10,10,0,0
birthday,low_risk_share,low,75,0,0.0,0.0,0.0,0.0,0.0,0.0,10,10,0,0
birthday,low_risk_share,low,75,1,0.0,0.0,0.0,0.0,0.0,0.0,10,10,0,0
birthday,low_risk_share,low,75,2,0.0,0.0,0.0,0.0,0.0,0.0,10,10,0,0
birthday,low_risk_share,low,75,3,0.0,0.0,0.0,0.0,0.0,0.0,10,10,0,0
birthday,low_risk_share,high,100,0,0.0,0.0,0.0,0.0,0.0,0.0,10,10,0,0
birthday,low_risk_share,high,100,1,0.0,0.0,0.0,0.0,0.0,0.0,10,10,0,0
birthday,low_risk_share,high,100,2,0.0,0.0,0.0,0.0,0.0,0.0,10,10,0,0
birthday,low_risk_share,high,100,3,6.0,0.0,1.0,2.3,0.33166247903554,0.3833333333333333,10,10,0,0
birthday,low_risk_share,high,50,0,0.0,0.0,0.0,0.0,0.0,0.0,10,10,0,0
birthday,low_risk_share,high,50,1,0.0,0.0,0.0,0.0,0.0,0.0,10,10,0,0
birthday,low_risk_share,high,50,2,0.0,0.0,0.0,0.0,0.0,0.0,10,10,0,0
birthday,low_risk_share,high,50,3,5.4,1.8,0.9,3.8,0.714142842854285,0.6333333333333333,10,10,0,0
birthday,high_risk_share,low,0,0,0.0,0.0,0.0,0.0,0.0,0.0,10,10,0,0
birthday,high_risk_share,low,0,1,0.0,0.0,0.0,2.35,0.229128784747792,0.3916666666666666,10,10,0,0
birthday,high_risk_share,low,0,2,0.0,0.0,0.0,0.0,0.0,0.0,10,10,0,0
birthday,high_risk_share,low,0,3,0.0,0.0,0.0,0.0,0.0,0.0,10,10,0,0
birthday,high_risk_share,low,0,4,0.0,0.0,0.0,2.1,0.3,0.35,10,10,0,0
birthday,low_risk_share,high,75,0,0.0,0.0,0.0,0.0,0.0,0.0,10,10,0,0
birthday,low_risk_share,high,75,1,0.0,0.0,0.0,0.0,0.0,0.0,10,10,0,0
birthday,low_risk_share,high,75,2,0.0,0.0,0.0,0.0,0.0,0.0,10,10,0,0
birthday,low_risk_share,high,75,3,6.0,0.0,1.0,2.3,0.33166247903554,0.3833333333333333,10,10,0,0
birthday,high_risk_share,low,75,0,0.0,0.0,0.0,0.0,0.0,0.0,10,10,0,0
birthday,high_risk_share,low,75,1,0.0,0.0,0.0,0.0,0.0,0.0,10,10,0,0
birthday,high_risk_share,low,75,2,2.1,1.374772708486752,0.35,2.0,0.0,0.3333333333333333,10,10,0,0
birthday,high_risk_share,low,75,3,0.0,0.0,0.0,2.35,0.229128784747792,0.3916666666666666,10,10,0,0
birthday,high_risk_share,high,50,0,0.0,0.0,0.0,0.0,0.0,0.0,10,10,0,0
birthday,high_risk_share,high,50,1,0.0,0.0,0.0,0.0,0.0,0.0,10,10,0,0
birthday,high_risk_share,high,50,2,0.0,0.0,0.0,4.2,0.2449489742783178,0.7,10,10,0,0
birthday,high_risk_share,high,50,3,0.0,0.0,0.0,0.0,0.0,0.0,10,10,0,0
birthday,high_risk_share,high,100,0,0.0,0.0,0.0,0.0,0.0,0.0,10,10,0,0
birthday,high_risk_share,high,100,1,0.0,0.0,0.0,0.0,0.0,0.0,10,10,0,0
birthday,high_risk_share,high,100,2,0.0,0.0,0.0,4.2,0.2449489742783178,0.7,10,10,0,0
birthday,high_risk_share,high,100,3,0.0,0.0,0.0,0.0,0.0,0.0,10,10,0,0
birthday,high_risk_share,low,100,0,0.0,0.0,0.0,0.0,0.0,0.0,10,10,0,0
birthday,high_risk_share,low,100,1,3.0,0.0,0.5,2.0,0.0,0.3333333333333333,10,10,0,0
birthday,high_risk_share,low,100,2,0.0,0.0,0.0,0.0,0.0,0.0,10,10,0,0
birthday,high_risk_share,low,100,3,0.0,0.0,0.0,0.0,0.0,0.0,10,10,0,0
birthday,high_risk_share,low,50,0,0.0,0.0,0.0,0.0,0.0,0.0,10,10,0,0
birthday,high_risk_share,low,50,1,0.0,0.0,0.0,0.0,0.0,0.0,10,10,0,0
birthday,high_risk_share,low,50,2,0.0,0.0,0.0,0.0,0.0,0.0,10,10,0,0
birthday,high_risk_share,low,50,3,3.0,0.0,0.5,1.4,0.3,0.2333333333333333,10,10,0,0
birthday,high_risk_share,high,0,0,0.0,0.0,0.0,0.0,0.0,0.0,10,10,0,0
birthday,high_risk_share,high,0,1,0.0,0.0,0.0,0.0,0.0,0.0,10,10,0,0
birthday,high_risk_share,high,0,2,0.0,0.0,0.0,4.2,0.2449489742783178,0.7,10,10,0,0
birthday,high_risk_share,high,0,3,0.0,0.0,0.0,0.0,0.0,0.0,10,10,0,0
birthday,high_risk_share,high,75,0,0.0,0.0,0.0,0.0,0.0,0.0,10,10,0,0
birthday,high_risk_share,high,75,1,0.0,0.0,0.0,0.0,0.0,0.0,10,10,0,0
birthday,high_risk_share,high,75,2,0.0,0.0,0.0,4.2,0.2449489742783178,0.7,10,10,0,0
birthday,high_risk_share,high,75,3,0.0,0.0,0.0,2.2,0.2449489742783178,0.3666666666666667,10,10,0,0
brunch,no_share,low,50,0,0.0,0.0,0.0,1.0,0.0,0.1666666666666666,10,10,0,0
brunch,no_share,low,50,1,0.0,0.0,0.0,0.0,0.0,0.0,10,10,0,0
brunch,no_share,low,50,2,4.6,0.916515138991168,0.7666666666666666,1.0,0.0,0.1666666666666666,10,10,0,0
brunch,no_share,low,50,3,1.7,0.4582575694955839,0.2833333333333333,2.0,0.0,0.3333333333333333,10,10,0,0
brunch,no_share,low,0,0,0.0,0.0,0.0,0.0,0.0,0.0,10,10,0,0
brunch,no_share,low,0,1,0.0,0.0,0.0,1.0,0.0,0.1666666666666666,10,10,0,0
brunch,no_share,low,0,2,4.85,0.8077747210701757,0.8083333333333332,1.0,0.0,0.1666666666666666,10,10,0,0
brunch,no_share,low,0,3,2.2,0.2449489742783178,0.3666666666666667,1.25,0.25,0.2083333333333333,10,10,0,0
brunch,no_share,low,100,0,0.0,0.0,0.0,1.0,0.0,0.1666666666666666,10,10,0,0
brunch,no_share,low,100,1,0.0,0.0,0.0,0.0,0.0,0.0,10,10,0,0
brunch,no_share,low,100,2,4.6,0.916515138991168,0.7666666666666666,1.0,0.0,0.1666666666666666,10,10,0,0
brunch,no_share,low,100,3,1.7,0.4582575694955839,0.2833333333333333,2.5,0.0,0.4166666666666666,10,10,0,0
brunch,no_share,low,75,0,0.0,0.0,0.0,1.0,0.0,0.1666666666666666,10,10,0,0
brunch,no_share,low,75,1,0.0,0.0,0.0,0.0,0.0,0.0,10,10,0,0
brunch,no_share,low,75,2,2.15,0.229128784747792,0.3583333333333333,1.3,0.2449489742783178,0.2166666666666666,10,10,0,0
brunch,no_share,low,75,3,4.6,0.916515138991168,0.7666666666666666,1.0,0.0,0.1666666666666666,10,10,0,0
brunch,no_share,high,0,0,0.0,0.0,0.0,1.2,0.4,0.1999999999999999,10,10,0,0
brunch,no_share,high,0,1,0.0,0.0,0.0,0.0,0.0,0.0,10,10,0,0
brunch,no_share,high,0,2,2.2,0.2449489742783178,0.3666666666666667,1.0699999999999998,0.3522782990761707,0.1783333333333333,10,10,0,0
brunch,no_share,high,0,3,0.0,0.0,0.0,3.55,0.35,0.5916666666666666,10,10,0,0
brunch,no_share,high,0,4,1.3,0.6403124237432849,0.2166666666666666,2.67,0.469148164229596,0.4449999999999999,10,10,0,0
brunch,low_risk_share,low,0,0,5.15,0.7088723439378913,0.8583333333333334,0.8,0.2449489742783178,0.1333333333333333,10,10,0,0
brunch,low_risk_share,low,0,1,0.0,0.0,0.0,3.5,0.0,0.5833333333333333,10,10,0,0
brunch,low_risk_share,low,0,2,0.0,0.0,0.0,0.0,0.0,0.0,10,10,0,0
brunch,low_risk_share,low,0,3,4.85,0.8077747210701757,0.8083333333333332,1.0,0.0,0.1666666666666666,10,10,0,0
brunch,no_share,high,100,0,0.0,0.0,0.0,1.2,0.4,0.1999999999999999,10,10,0,0
brunch,no_share,high,100,1,4.85,0.8077747210701757,0.8083333333333332,1.13,0.349428104193123,0.1883333333333333,10,10,0,0
brunch,no_share,high,100,2,0.0,0.0,0.0,0.0,0.0,0.0,10,10,0,0
brunch,no_share,high,100,3,1.7,0.4582575694955839,0.2833333333333333,2.73,0.3257299494980466,0.4549999999999999,10,10,0,0
brunch,low_risk_share,high,0,0,5.15,0.7088723439378913,0.8583333333333334,1.1800000000000002,0.6939740629158989,0.1966666666666666,10,10,0,0
brunch,low_risk_share,high,0,1,0.0,0.0,0.0,0.0,0.0,0.0,10,10,0,0
brunch,low_risk_share,high,0,2,4.85,0.8077747210701757,0.8083333333333332,1.25,0.4031128874149275,0.2083333333333333,10,10,0,0
brunch,low_risk_share,high,0,3,0.0,0.0,0.0,4.32,0.3893584466786357,0.72,10,10,0,0
brunch,low_risk_share,high,50,0,4.85,0.8077747210701757,0.8083333333333332,0.72,0.354400902933387,0.12,10,10,0,0
brunch,low_risk_share,high,50,1,0.0,0.0,0.0,1.2,0.4,0.1999999999999999,10,10,0,0
brunch,low_risk_share,high,50,2,4.25,1.2298373876248845,0.7083333333333334,1.5699999999999998,0.54230987451825,0.2616666666666666,10,10,0,0
brunch,low_risk_share,high,50,3,0.0,0.0,0.0,0.0,0.0,0.0,10,10,0,0
brunch,low_risk_share,low,50,0,5.15,0.7088723439378913,0.8583333333333334,0.8,0.2449489742783178,0.1333333333333333,10,10,0,0
brunch,low_risk_share,low,50,1,1.15,0.229128784747792,0.1916666666666666,2.3,0.2449489742783178,0.3833333333333333,10,10,0,0
brunch,low_risk_share,low,50,2,0.0,0.0,0.0,1.0,0.0,0.1666666666666666,10,10,0,0
brunch,low_risk_share,low,50,3,0.0,0.0,0.0,0.0,0.0,0.0,10,10,0,0
brunch,no_share,high,75,0,0.0,0.0,0.0,1.2,0.4,0.1999999999999999,10,10,0,0
brunch,no_share,high,75,1,0.0,0.0,0.0,0.95,0.15,0.1583333333333333,10,10,0,0
brunch,no_share,high,75,2,4.6,0.916515138991168,0.7666666666666666,1.13,0.349428104193123,0.1883333333333333,10,10,0,0
brunch,no_share,high,75,3,1.7,0.4582575694955839,0.2833333333333333,2.73,0.3257299494980466,0.4549999999999999,10,10,0,0
brunch,no_share,high,50,0,0.0,0.0,0.0,1.2,0.4,0.1999999999999999,10,10,0,0
brunch,no_share,high,50,1,0.0,0.0,0.0,0.0,0.0,0.0,10,10,0,0
brunch,no_share,high,50,2,1.85,0.5937171043518958,0.3083333333333333,1.3199999999999998,0.4489988864128729,0.2199999999999999,10,10,0,0
brunch,no_share,high,50,3,4.6,0.916515138991168,0.7666666666666666,1.13,0.349428104193123,0.1883333333333333,10,10,0,0
brunch,low_risk_share,low,100,0,4.85,0.8077747210701757,0.8083333333333332,0.5,0.0,0.0833333333333333,10,10,0,0
brunch,low_risk_share,low,100,1,0.0,0.0,0.0,1.0,0.0,0.1666666666666666,10,10,0,0
brunch,low_risk_share,low,100,2,0.0,0.0,0.0,0.0,0.0,0.0,10,10,0,0
brunch,low_risk_share,low,100,3,4.7,0.9,0.7833333333333333,1.1,0.4898979485566356,0.1833333333333333,10,10,0,0
brunch,low_risk_share,high,75,0,5.15,0.7088723439378913,0.8583333333333334,1.13,0.6870953354520754,0.1883333333333333,10,10,0,0
brunch,low_risk_share,high,75,1,2.1,0.4358898943540673,0.35,2.7,0.3316624790355399,0.45,10,10,0,0
brunch,low_risk_share,high,75,2,0.0,0.0,0.0,1.35,0.45,0.225,10,10,0,0
brunch,low_risk_share,high,75,3,0.0,0.0,0.0,0.05,0.15,0.0083333333333333,10,10,0,0
brunch,low_risk_share,high,100,0,4.85,0.8077747210701757,0.8083333333333332,0.72,0.354400902933387,0.12,10,10,0,0
brunch,low_risk_share,high,100,1,1.15,0.229128784747792,0.1916666666666666,4.01,0.1813835714721705,0.6683333333333332,10,10,0,0
brunch,low_risk_share,high,100,2,0.0,0.0,0.0,0.0,0.0,0.0,10,10,0,0
brunch,low_risk_share,high,100,3,4.85,0.8077747210701757,0.8083333333333332,1.25,0.4031128874149275,0.2083333333333333,10,10,0,0
brunch,low_risk_share,low,75,0,4.85,0.8077747210701757,0.8083333333333332,0.5,0.0,0.0833333333333333,10,10,0,0
brunch,low_risk_share,low,75,1,1.15,0.229128784747792,0.1916666666666666,2.3,0.2449489742783178,0.3833333333333333,10,10,0,0
brunch,low_risk_share,low,75,2,0.0,0.0,0.0,1.3,0.2449489742783178,0.2166666666666666,10,10,0,0
brunch,low_risk_share,low,75,3,0.0,0.0,0.0,0.0,0.0,0.0,10,10,0,0
brunch,high_risk_share,low,0,0,1.75,0.51234753829798,0.2916666666666667,1.0,0.0,0.1666666666666666,10,10,0,0
brunch,high_risk_share,low,0,1,4.6,1.0198039027185568,0.7666666666666666,0.85,0.3201562118716424,0.1416666666666666,10,10,0,0
brunch,high_risk_share,low,0,2,1.45,0.5678908345800274,0.2416666666666666,2.3,0.2449489742783178,0.3833333333333333,10,10,0,0
brunch,high_risk_share,low,0,3,0.0,0.0,0.0,0.0,0.0,0.0,10,10,0,0
brunch,high_risk_share,high,50,0,1.75,0.51234753829798,0.2916666666666667,2.57,0.3925557285278104,0.4283333333333333,10,10,0,0
brunch,high_risk_share,high,50,1,1.3,0.458257569495584,0.2166666666666666,2.75,0.4031128874149275,0.4583333333333333,10,10,0,0
brunch,high_risk_share,high,50,2,0.0,0.0,0.0,0.0,0.0,0.0,10,10,0,0
brunch,high_risk_share,high,50,3,0.0,0.0,0.0,1.25,0.4031128874149275,0.2083333333333333,10,10,0,0
brunch,high_risk_share,low,50,0,1.75,0.51234753829798,0.2916666666666667,1.15,0.229128784747792,0.1916666666666666,10,10,0,0
brunch,high_risk_share,low,50,1,0.0,0.0,0.0,3.5,0.0,0.5833333333333333,10,10,0,0
brunch,high_risk_share,low,50,2,0.0,0.0,0.0,0.0,0.0,0.0,10,10,0,0
brunch,high_risk_share,low,50,3,4.5,1.02469507659596,0.75,1.85,0.3201562118716424,0.3083333333333333,10,10,0,0
brunch,high_risk_share,low,75,0,1.75,0.51234753829798,0.2916666666666667,1.3,0.2449489742783178,0.2166666666666666,10,10,0,0
brunch,high_risk_share,low,75,1,1.15,0.229128784747792,0.1916666666666666,3.1,0.1999999999999999,0.5166666666666666,10,10,0,0
brunch,high_risk_share,low,75,2,4.6,1.0198039027185568,0.7666666666666666,1.15,0.55,0.1916666666666666,10,10,0,0
brunch,high_risk_share,low,75,3,0.0,0.0,0.0,0.0,0.0,0.0,10,10,0,0
brunch,high_risk_share,high,100,0,1.75,0.51234753829798,0.2916666666666667,2.62,0.3458323293158116,0.4366666666666666,10,10,0,0
brunch,high_risk_share,high,100,1,0.0,0.0,0.0,4.32,0.3893584466786357,0.72,10,10,0,0
brunch,high_risk_share,high,100,2,0.0,0.0,0.0,1.3,0.4,0.2166666666666666,10,10,0,0
brunch,high_risk_share,high,100,3,0.0,0.0,0.0,0.0,0.0,0.0,10,10,0,0
brunch,high_risk_share,low,100,0,1.75,0.51234753829798,0.2916666666666667,1.15,0.229128784747792,0.1916666666666666,10,10,0,0
brunch,high_risk_share,low,100,1,0.0,0.0,0.0,3.5,0.0,0.5833333333333333,10,10,0,0
brunch,high_risk_share,low,100,2,0.0,0.0,0.0,0.0,0.0,0.0,10,10,0,0
brunch,high_risk_share,low,100,3,4.6,1.0198039027185568,0.7666666666666666,0.95,0.4153311931459037,0.1583333333333333,10,10,0,0
brunch,high_risk_share,high,75,0,1.75,0.51234753829798,0.2916666666666667,2.62,0.3458323293158116,0.4366666666666666,10,10,0,0
brunch,high_risk_share,high,75,1,4.6,1.0198039027185568,0.7666666666666666,1.93,0.5692978130996114,0.3216666666666666,10,10,0,0
brunch,high_risk_share,high,75,2,0.0,0.0,0.0,1.2,0.4,0.1999999999999999,10,10,0,0
brunch,high_risk_share,high,75,3,0.0,0.0,0.0,0.0,0.0,0.0,10,10,0,0
brunch,high_risk_share,high,0,0,1.0,0.0,0.1666666666666666,1.65,0.229128784747792,0.2749999999999999,10,10,0,0
brunch,high_risk_share,high,0,1,4.6,1.0198039027185568,0.7666666666666666,1.58,0.6539113089708727,0.2633333333333333,10,10,0,0
brunch,high_risk_share,high,0,2,1.45,0.5678908345800274,0.2416666666666666,2.75,0.4031128874149275,0.4583333333333333,10,10,0,0
brunch,high_risk_share,high,0,3,0.0,0.0,0.0,0.0,0.0,0.0,10,10,0,0
takeout,no_share,low,0,0,0.0,0.0,0.0,0.0,0.0,0.0,10,10,0,0
takeout,no_share,low,0,1,0.0,0.0,0.0,2.0,0.0,0.3333333333333333,10,10,0,0
takeout,no_share,low,0,2,6.0,0.0,1.0,0.2,0.4000000000000001,0.0333333333333333,10,10,0,0
takeout,no_share,low,75,0,0.0,0.0,0.0,2.0,0.0,0.3333333333333333,10,10,0,0
takeout,no_share,low,75,1,0.0,0.0,0.0,0.0,0.0,0.0,10,10,0,0
takeout,no_share,low,75,2,0.0,0.0,0.0,0.0,0.0,0.0,10,10,0,0
takeout,no_share,low,75,3,0.0,0.0,0.0,4.8,0.3999999999999999,0.7999999999999999,10,10,0,0
takeout,no_share,high,0,0,0.0,0.0,0.0,6.0,0.0,1.0,10,10,0,0
takeout,no_share,high,0,1,0.0,0.0,0.0,6.0,0.0,1.0,10,10,0,0
takeout,no_share,high,0,2,0.0,0.0,0.0,0.0,0.0,0.0,10,10,0,0
takeout,no_share,high,0,3,0.0,0.0,0.0,0.0,0.0,0.0,10,10,0,0
takeout,no_share,low,100,0,0.0,0.0,0.0,2.0,0.0,0.3333333333333333,10,10,0,0
takeout,no_share,low,100,1,0.0,0.0,0.0,0.0,0.0,0.0,10,10,0,0
takeout,no_share,low,100,2,0.0,0.0,0.0,0.0,0.0,0.0,10,10,0,0
takeout,no_share,low,100,3,6.0,0.0,1.0,0.2,0.4000000000000001,0.0333333333333333,10,10,0,0
takeout,no_share,high,50,0,0.0,0.0,0.0,6.0,0.0,1.0,10,10,0,0
takeout,no_share,high,50,1,0.0,0.0,0.0,3.0,0.0,0.5,10,10,0,0
takeout,no_share,high,50,2,0.0,0.0,0.0,0.0,0.0,0.0,10,10,0,0
takeout,no_share,high,50,3,0.0,0.0,0.0,0.0,0.0,0.0,10,10,0,0
takeout,no_share,low,50,0,0.0,0.0,0.0,2.0,0.0,0.3333333333333333,10,10,0,0
takeout,no_share,low,50,1,0.0,0.0,0.0,0.0,0.0,0.0,10,10,0,0
takeout,no_share,low,50,2,0.0,0.0,0.0,0.0,0.0,0.0,10,10,0,0
takeout,no_share,low,50,3,6.0,0.0,1.0,0.2,0.4000000000000001,0.0333333333333333,10,10,0,0
takeout,low_risk_share,low,0,0,0.0,0.0,0.0,0.0,0.0,0.0,10,10,0,0
takeout,low_risk_share,low,0,1,6.0,0.0,1.0,0.2,0.4000000000000001,0.0333333333333333,10,10,0,0
takeout,low_risk_share,low,0,2,0.0,0.0,0.0,0.0,0.0,0.0,10,10,0,0
takeout,low_risk_share,low,0,3,0.0,0.0,0.0,4.8,0.3999999999999999,0.7999999999999999,10,10,0,0
takeout,no_share,high,75,0,0.0,0.0,0.0,6.0,0.0,1.0,10,10,0,0
takeout,no_share,high,75,1,6.0,0.0,1.0,0.0,0.0,0.0,10,10,0,0
takeout,no_share,high,75,2,0.0,0.0,0.0,0.0,0.0,0.0,10,10,0,0
takeout,no_share,high,75,3,0.0,0.0,0.0,0.0,0.0,0.0,10,10,0,0
takeout,no_share,high,100,0,0.0,0.0,0.0,6.0,0.0,1.0,10,10,0,0
takeout,no_share,high,100,1,6.0,0.0,1.0,0.0,0.0,0.0,10,10,0,0
takeout,no_share,high,100,2,0.0,0.0,0.0,3.0,0.0,0.5,10,10,0,0
takeout,no_share,high,100,3,0.0,0.0,0.0,0.0,0.0,0.0,10,10,0,0
takeout,no_share,high,100,4,0.0,0.0,0.0,0.0,0.0,0.0,10,10,0,0
takeout,low_risk_share,low,100,0,0.0,0.0,0.0,0.0,0.0,0.0,10,10,0,0
takeout,low_risk_share,low,100,1,6.0,0.0,1.0,0.2,0.4000000000000001,0.0333333333333333,10,10,0,0
takeout,low_risk_share,low,100,2,0.0,0.0,0.0,0.0,0.0,0.0,10,10,0,0
takeout,low_risk_share,low,75,0,0.0,0.0,0.0,0.0,0.0,0.0,10,10,0,0
takeout,low_risk_share,low,75,1,6.0,0.0,1.0,0.2,0.4000000000000001,0.0333333333333333,10,10,0,0
takeout,low_risk_share,low,75,2,0.0,0.0,0.0,0.0,0.0,0.0,10,10,0,0
takeout,low_risk_share,low,75,3,0.0,0.0,0.0,4.8,0.3999999999999999,0.7999999999999999,10,10,0,0
takeout,low_risk_share,low,50,0,6.0,0.0,1.0,0.2,0.4000000000000001,0.0333333333333333,10,10,0,0
takeout,low_risk_share,low,50,1,0.0,0.0,0.0,0.0,0.0,0.0,10,10,0,0
takeout,low_risk_share,low,50,2,0.0,0.0,0.0,4.8,0.3999999999999999,0.7999999999999999,10,10,0,0
takeout,low_risk_share,low,50,3,6.0,0.0,1.0,0.2,0.4000000000000001,0.0333333333333333,10,10,0,0
takeout,low_risk_share,high,50,0,6.0,0.0,1.0,0.0,0.0,0.0,10,10,0,0
takeout,low_risk_share,high,50,1,0.0,0.0,0.0,0.0,0.0,0.0,10,10,0,0
takeout,low_risk_share,high,50,2,0.0,0.0,0.0,6.0,0.0,1.0,10,10,0,0
takeout,low_risk_share,high,50,3,0.0,0.0,0.0,6.0,0.0,1.0,10,10,0,0
takeout,low_risk_share,high,50,4,0.0,0.0,0.0,0.0,0.0,0.0,10,10,0,0
takeout,high_risk_share,low,0,0,0.0,0.0,0.0,0.0,0.0,0.0,10,10,0,0
takeout,high_risk_share,low,0,1,0.0,0.0,0.0,2.0,0.0,0.3333333333333333,10,10,0,0
takeout,high_risk_share,low,0,2,0.0,0.0,0.0,0.0,0.0,0.0,10,10,0,0
takeout,high_risk_share,low,0,3,0.0,0.0,0.0,4.8,0.3999999999999999,0.7999999999999999,10,10,0,0
takeout,high_risk_share,low,0,4,0.0,0.0,0.0,0.0,0.0,0.0,10,10,0,0
takeout,high_risk_share,low,100,0,0.0,0.0,0.0,2.0,0.0,0.3333333333333333,10,10,0,0
takeout,high_risk_share,low,100,1,0.0,0.0,0.0,0.0,0.0,0.0,10,10,0,0
takeout,high_risk_share,low,100,2,0.0,0.0,0.0,0.0,0.0,0.0,10,10,0,0
takeout,high_risk_share,low,100,3,0.0,0.0,0.0,0.0,0.0,0.0,10,10,0,0
takeout,high_risk_share,low,75,0,0.0,0.0,0.0,2.0,0.0,0.3333333333333333,10,10,0,0
takeout,high_risk_share,low,75,1,0.0,0.0,0.0,0.0,0.0,0.0,10,10,0,0
takeout,high_risk_share,low,75,2,0.0,0.0,0.0,0.0,0.0,0.0,10,10,0,0
takeout,high_risk_share,low,75,3,0.0,0.0,0.0,0.0,0.0,0.0,10,10,0,0
takeout,low_risk_share,high,100,0,6.0,0.0,1.0,0.0,0.0,0.0,10,10,0,0
takeout,low_risk_share,high,100,1,0.0,0.0,0.0,0.0,0.0,0.0,10,10,0,0
takeout,low_risk_share,high,100,2,0.0,0.0,0.0,6.0,0.0,1.0,10,10,0,0
takeout,low_risk_share,high,100,3,0.0,0.0,0.0,0.0,0.0,0.0,10,10,0,0
takeout,high_risk_share,low,50,0,0.0,0.0,0.0,2.0,0.0,0.3333333333333333,10,10,0,0
takeout,high_risk_share,low,50,1,0.0,0.0,0.0,0.0,0.0,0.0,10,10,0,0
takeout,high_risk_share,low,50,2,0.0,0.0,0.0,0.2,0.4000000000000001,0.0333333333333333,10,10,0,0
takeout,high_risk_share,low,50,3,0.0,0.0,0.0,0.0,0.0,0.0,10,10,0,0
takeout,high_risk_share,low,50,4,0.0,0.0,0.0,0.0,0.0,0.0,10,10,0,0
takeout,high_risk_share,high,0,0,6.0,0.0,1.0,0.0,0.0,0.0,10,10,0,0
takeout,high_risk_share,high,0,1,0.0,0.0,0.0,0.0,0.0,0.0,10,10,0,0
takeout,high_risk_share,high,0,2,0.0,0.0,0.0,6.0,0.0,1.0,10,10,0,0
takeout,high_risk_share,high,0,3,0.0,0.0,0.0,0.0,0.0,0.0,10,10,0,0
takeout,high_risk_share,high,100,0,0.0,0.0,0.0,0.0,0.0,0.0,10,10,0,0
takeout,high_risk_share,high,100,1,0.0,0.0,0.0,6.0,0.0,1.0,10,10,0,0
takeout,high_risk_share,high,100,2,0.0,0.0,0.0,0.0,0.0,0.0,10,10,0,0
takeout,high_risk_share,high,100,3,0.0,0.0,0.0,0.0,0.0,0.0,10,10,0,0
takeout,high_risk_share,high,100,4,0.0,0.0,0.0,0.0,0.0,0.0,10,10,0,0
takeout,low_risk_share,high,0,0,0.0,0.0,0.0,0.0,0.0,0.0,10,10,0,0
takeout,low_risk_share,high,0,1,6.0,0.0,1.0,0.0,0.0,0.0,10,10,0,0
takeout,low_risk_share,high,0,2,0.0,0.0,0.0,0.0,0.0,0.0,10,10,0,0
takeout,low_risk_share,high,0,3,0.0,0.0,0.0,6.0,0.0,1.0,10,10,0,0
takeout,low_risk_share,high,0,4,0.0,0.0,0.0,0.0,0.0,0.0,10,10,0,0
takeout,low_risk_share,high,75,0,6.0,0.0,1.0,0.0,0.0,0.0,10,10,0,0
takeout,low_risk_share,high,75,1,0.0,0.0,0.0,0.0,0.0,0.0,10,10,0,0
takeout,low_risk_share,high,75,2,0.0,0.0,0.0,6.0,0.0,1.0,10,10,0,0
takeout,low_risk_share,high,75,3,0.0,0.0,0.0,0.0,0.0,0.0,10,10,0,0
takeout,high_risk_share,high,50,0,6.0,0.0,1.0,0.0,0.0,0.0,10,10,0,0
takeout,high_risk_share,high,50,1,0.0,0.0,0.0,0.0,0.0,0.0,10,10,0,0
takeout,high_risk_share,high,50,2,0.0,0.0,0.0,6.0,0.0,1.0,10,10,0,0
takeout,high_risk_share,high,50,3,0.0,0.0,0.0,0.0,0.0,0.0,10,10,0,0
takeout,high_risk_share,high,50,4,0.0,0.0,0.0,0.0,0.0,0.0,10,10,0,0
takeout,high_risk_share,high,75,0,6.0,0.0,1.0,0.0,0.0,0.0,10,10,0,0
takeout,high_risk_share,high,75,1,0.0,0.0,0.0,6.0,0.0,1.0,10,10,0,0
takeout,high_risk_share,high,75,2,0.0,0.0,0.0,0.0,0.0,0.0,10,10,0,0
takeout,high_risk_share,high,75,3,0.0,0.0,0.0,0.0,0.0,0.0,10,10,0,0
cooking,no_share,low,50,0,3.0,0.0,0.5,2.0,0.0,0.3333333333333333,10,10,0,0
cooking,no_share,low,50,1,0.0,0.0,0.0,0.0,0.0,0.0,10,10,0,0
cooking,no_share,low,50,2,3.0,0.0,0.5,4.0,0.0,0.6666666666666666,10,10,0,0
cooking,no_share,low,50,3,0.0,0.0,0.0,0.0,0.0,0.0,10,10,0,0
cooking,no_share,low,0,0,3.0,0.0,0.5,2.0,0.0,0.3333333333333333,10,10,0,0
cooking,no_share,low,0,1,0.0,0.0,0.0,0.9,0.3,0.15,10,10,0,0
cooking,no_share,low,0,2,0.0,0.0,0.0,0.0,0.0,0.0,10,10,0,0
cooking,no_share,low,0,3,3.0,0.0,0.5,2.0,0.0,0.3333333333333333,10,10,0,0
cooking,low_risk_share,low,0,0,6.0,0.0,1.0,1.0,0.0,0.1666666666666666,10,10,0,0
cooking,low_risk_share,low,0,1,0.0,0.0,0.0,2.0,0.0,0.3333333333333333,10,10,0,0
cooking,low_risk_share,low,0,2,6.0,0.0,1.0,2.0,0.0,0.3333333333333333,10,10,0,0
cooking,low_risk_share,low,0,3,0.0,0.0,0.0,0.0,0.0,0.0,10,10,0,0
cooking,no_share,high,75,0,2.4,1.2,0.3999999999999999,4.9,0.3,0.8166666666666667,10,10,0,0
cooking,no_share,high,75,1,3.0,0.0,0.5,1.0,0.0,0.1666666666666666,10,10,0,0
cooking,no_share,high,75,2,0.0,0.0,0.0,0.0,0.0,0.0,10,10,0,0
cooking,no_share,high,100,0,3.0,0.0,0.5,1.0,0.0,0.1666666666666666,10,10,0,0
cooking,no_share,high,100,1,0.0,0.0,0.0,4.9,0.3,0.8166666666666667,10,10,0,0
cooking,no_share,high,100,2,3.0,0.0,0.5,1.0,0.0,0.1666666666666666,10,10,0,0
cooking,no_share,high,100,3,3.0,0.0,0.5,3.9,0.3,0.6499999999999999,10,10,0,0
cooking,no_share,high,100,4,0.0,0.0,0.0,0.4,0.4898979485566356,0.0666666666666666,10,10,0,0
cooking,no_share,high,50,0,3.0,0.0,0.5,4.9,0.3,0.8166666666666667,10,10,0,0
cooking,no_share,high,50,1,3.0,0.0,0.5,1.0,0.0,0.1666666666666666,10,10,0,0
cooking,no_share,high,50,2,0.0,0.0,0.0,0.0,0.0,0.0,10,10,0,0
cooking,no_share,high,50,3,3.0,0.0,0.5,3.9,0.3,0.6499999999999999,10,10,0,0
cooking,no_share,low,75,0,3.0,0.0,0.5,2.0,0.0,0.3333333333333333,10,10,0,0
cooking,no_share,low,75,1,0.0,0.0,0.0,5.0,0.0,0.8333333333333333,10,10,0,0
cooking,no_share,low,75,2,0.0,0.0,0.0,2.0,0.0,0.3333333333333333,10,10,0,0
cooking,no_share,low,75,3,3.0,0.0,0.5,3.0,0.0,0.5,10,10,0,0
cooking,no_share,low,100,0,3.0,0.0,0.5,2.0,0.0,0.3333333333333333,10,10,0,0
cooking,no_share,low,100,1,0.0,0.0,0.0,0.0,0.0,0.0,10,10,0,0
cooking,no_share,low,100,2,3.0,0.0,0.5,4.0,0.0,0.6666666666666666,10,10,0,0
cooking,no_share,low,100,3,0.0,0.0,0.0,0.0,0.0,0.0,10,10,0,0
cooking,low_risk_share,low,50,0,6.0,0.0,1.0,1.0,0.0,0.1666666666666666,10,10,0,0
cooking,low_risk_share,low,50,1,0.0,0.0,0.0,2.0,0.0,0.3333333333333333,10,10,0,0
cooking,low_risk_share,low,50,2,6.0,0.0,1.0,2.0,0.0,0.3333333333333333,10,10,0,0
cooking,low_risk_share,low,50,3,0.0,0.0,0.0,0.9,0.3,0.15,10,10,0,0
cooking,low_risk_share,high,0,0,0.0,0.0,0.0,4.9,0.3,0.8166666666666667,10,10,0,0
cooking,low_risk_share,high,0,1,3.0,0.0,0.5,1.0,0.0,0.1666666666666666,10,10,0,0
cooking,low_risk_share,high,0,2,6.0,0.0,1.0,1.0,0.0,0.1666666666666666,10,10,0,0
cooking,low_risk_share,high,0,3,0.0,0.0,0.0,2.9,0.3,0.4833333333333333,10,10,0,0
cooking,low_risk_share,high,100,0,6.0,0.0,1.0,1.0,0.0,0.1666666666666666,10,10,0,0
cooking,low_risk_share,high,100,1,3.0,0.0,0.5,3.9,0.3,0.6499999999999999,10,10,0,0
cooking,low_risk_share,high,100,2,0.0,0.0,0.0,4.9,0.3,0.8166666666666667,10,10,0,0
cooking,low_risk_share,high,100,3,3.0,0.0,0.5,2.0,0.0,0.3333333333333333,10,10,0,0
cooking,no_share,high,0,0,3.0,0.0,0.5,4.9,0.3,0.8166666666666667,10,10,0,0
cooking,no_share,high,0,1,3.0,0.0,0.5,2.9,0.3,0.4833333333333333,10,10,0,0
cooking,no_share,high,0,2,6.0,0.0,1.0,3.9,0.3,0.6499999999999999,10,10,0,0
cooking,no_share,high,0,3,6.0,0.0,1.0,3.9,0.3,0.6499999999999999,10,10,0,0
cooking,no_share,high,0,4,3.0,0.0,0.5,3.9,0.3,0.6499999999999999,10,10,0,0
cooking,low_risk_share,low,100,0,6.0,0.0,1.0,1.0,0.0,0.1666666666666666,10,10,0,0
cooking,low_risk_share,low,100,1,0.0,0.0,0.0,2.0,0.0,0.3333333333333333,10,10,0,0
cooking,low_risk_share,low,100,2,6.0,0.0,1.0,2.0,0.0,0.3333333333333333,10,10,0,0
cooking,low_risk_share,low,100,3,0.0,0.0,0.0,0.0,0.0,0.0,10,10,0,0
cooking,high_risk_share,low,0,0,2.4,1.2,0.3999999999999999,2.0,0.0,0.3333333333333333,10,10,0,0
cooking,high_risk_share,low,0,1,0.0,0.0,0.0,2.0,0.0,0.3333333333333333,10,10,0,0
cooking,high_risk_share,low,0,2,0.0,0.0,0.0,2.0,0.0,0.3333333333333333,10,10,0,0
cooking,high_risk_share,low,0,3,3.0,0.0,0.5,2.0,0.0,0.3333333333333333,10,10,0,0
cooking,low_risk_share,high,75,0,6.0,0.0,1.0,1.0,0.0,0.1666666666666666,10,10,0,0
cooking,low_risk_share,high,75,1,3.0,0.0,0.5,4.7,0.458257569495584,0.7833333333333333,10,10,0,0
cooking,low_risk_share,high,75,2,0.0,0.0,0.0,4.9,0.3,0.8166666666666667,10,10,0,0
cooking,low_risk_share,high,75,3,6.0,0.0,1.0,2.0,0.0,0.3333333333333333,10,10,0,0
cooking,low_risk_share,high,50,0,6.0,0.0,1.0,1.0,0.0,0.1666666666666666,10,10,0,0
cooking,low_risk_share,high,50,1,0.0,0.0,0.0,4.9,0.3,0.8166666666666667,10,10,0,0
cooking,low_risk_share,high,50,2,3.0,0.0,0.5,1.0,0.0,0.1666666666666666,10,10,0,0
cooking,low_risk_share,high,50,3,0.0,0.0,0.0,1.0,0.0,0.1666666666666666,10,10,0,0
cooking,low_risk_share,low,75,0,6.0,0.0,1.0,2.0,0.0,0.3333333333333333,10,10,0,0
cooking,low_risk_share,low,75,1,3.0,0.0,0.5,1.0,0.0,0.1666666666666666,10,10,0,0
cooking,low_risk_share,low,75,2,0.0,0.0,0.0,2.0,0.0,0.3333333333333333,10,10,0,0
cooking,low_risk_share,low,75,3,6.0,0.0,1.0,2.5,0.5,0.4166666666666666,10,10,0,0
cooking,high_risk_share,low,100,0,0.3,0.9000000000000001,0.0499999999999999,2.0,0.0,0.3333333333333333,10,10,0,0
cooking,high_risk_share,low,100,1,3.0,0.0,0.5,2.0,0.0,0.3333333333333333,10,10,0,0
cooking,high_risk_share,low,100,2,0.0,0.0,0.0,2.0,0.0,0.3333333333333333,10,10,0,0
cooking,high_risk_share,low,100,3,3.0,0.0,0.5,1.0,0.0,0.1666666666666666,10,10,0,0
cooking,high_risk_share,low,50,0,0.3,0.9000000000000001,0.0499999999999999,2.0,0.0,0.3333333333333333,10,10,0,0
cooking,high_risk_share,low,50,1,0.0,0.0,0.0,2.0,0.0,0.3333333333333333,10,10,0,0
cooking,high_risk_share,low,50,2,0.0,0.0,0.0,2.0,0.0,0.3333333333333333,10,10,0,0
cooking,high_risk_share,low,50,3,0.0,0.0,0.0,1.0,0.0,0.1666666666666666,10,10,0,0
cooking,high_risk_share,low,75,0,0.3,0.9000000000000001,0.0499999999999999,2.0,0.0,0.3333333333333333,10,10,0,0
cooking,high_risk_share,low,75,1,2.4,1.2,0.3999999999999999,2.0,0.0,0.3333333333333333,10,10,0,0
cooking,high_risk_share,low,75,2,3.0,0.0,0.5,1.0,0.0,0.1666666666666666,10,10,0,0
cooking,high_risk_share,low,75,3,0.0,0.0,0.0,2.0,0.0,0.3333333333333333,10,10,0,0
cooking,high_risk_share,high,0,0,0.0,0.0,0.0,4.9,0.3,0.8166666666666667,10,10,0,0
cooking,high_risk_share,high,0,1,3.0,0.0,0.5,1.0,0.0,0.1666666666666666,10,10,0,0
cooking,high_risk_share,high,0,2,2.4,1.2,0.3999999999999999,2.9,0.3,0.4833333333333333,10,10,0,0
cooking,high_risk_share,high,75,0,3.0,0.0,0.5,4.9,0.3,0.8166666666666667,10,10,0,0
cooking,high_risk_share,high,75,1,3.0,0.0,0.5,1.0,0.0,0.1666666666666666,10,10,0,0
cooking,high_risk_share,high,75,2,2.4,1.2,0.3999999999999999,2.9,0.3,0.4833333333333333,10,10,0,0
cooking,high_risk_share,high,75,3,0.0,0.0,0.0,4.9,0.3,0.8166666666666667,10,10,0,0
cooking,high_risk_share,high,50,0,0.0,0.0,0.0,4.9,0.3,0.8166666666666667,10,10,0,0
cooking,high_risk_share,high,50,1,3.0,0.0,0.5,1.0,0.0,0.1666666666666666,10,10,0,0
cooking,high_risk_share,high,50,2,0.0,0.0,0.0,1.0,0.0,0.1666666666666666,10,10,0,0
cooking,high_risk_share,high,50,3,3.0,0.0,0.5,2.9,0.3,0.4833333333333333,10,10,0,0
cooking,high_risk_share,high,100,0,0.0,0.0,0.0,4.9,0.3,0.8166666666666667,10,10,0,0
cooking,high_risk_share,high,100,1,3.0,0.0,0.5,1.0,0.0,0.1666666666666666,10,10,0,0
cooking,high_risk_share,high,100,2,3.0,0.0,0.5,2.0,0.0,0.3333333333333333,10,10,0,0
cooking,high_risk_share,high,100,3,3.0,0.0,0.5,4.9,0.3,0.8166666666666667,10,10,0,0
apples,no_share,low,0,0,0.0,0.0,0.0,0.5,0.0,0.0833333333333333,10,10,0,0
apples,no_share,low,0,1,6.0,0.0,1.0,1.0,0.0,0.1666666666666666,10,10,0,0
apples,no_share,low,0,2,6.0,0.0,1.0,0.5,0.0,0.0833333333333333,10,10,0,0
apples,no_share,low,0,3,0.0,0.0,0.0,0.0,0.0,0.0,10,10,0,0
apples,no_share,low,75,0,0.0,0.0,0.0,0.5,0.0,0.0833333333333333,10,10,0,0
apples,no_share,low,75,1,6.0,0.0,1.0,1.0,0.0,0.1666666666666666,10,10,0,0
apples,no_share,low,75,2,6.0,0.0,1.0,0.1,0.2,0.0166666666666666,10,10,0,0
apples,no_share,low,50,0,0.0,0.0,0.0,0.5,0.0,0.0833333333333333,10,10,0,0
apples,no_share,low,50,1,6.0,0.0,1.0,1.0,0.0,0.1666666666666666,10,10,0,0
apples,no_share,low,50,2,6.0,0.0,1.0,0.5,0.0,0.0833333333333333,10,10,0,0
apples,no_share,low,50,3,3.0,0.0,0.5,0.65,0.2291287847477919,0.1083333333333333,10,10,0,0
apples,no_share,low,100,0,0.0,0.0,0.0,0.5,0.0,0.0833333333333333,10,10,0,0
apples,no_share,low,100,1,6.0,0.0,1.0,1.0,0.0,0.1666666666666666,10,10,0,0
apples,no_share,low,100,2,6.0,0.0,1.0,0.1,0.2,0.0166666666666666,10,10,0,0
apples,no_share,high,0,0,6.0,0.0,1.0,0.7,0.2449489742783178,0.1166666666666666,10,10,0,0
apples,no_share,high,0,1,0.0,0.0,0.0,6.0,0.0,1.0,10,10,0,0
apples,no_share,high,0,2,0.0,0.0,0.0,1.3,0.458257569495584,0.2166666666666666,10,10,0,0
apples,no_share,high,0,3,0.0,0.0,0.0,1.0,0.0,0.1666666666666666,10,10,0,0
apples,no_share,high,100,0,0.0,0.0,0.0,6.0,0.0,1.0,10,10,0,0
apples,no_share,high,100,1,6.0,0.0,1.0,2.7,0.458257569495584,0.45,10,10,0,0
apples,no_share,high,100,2,6.0,0.0,1.0,0.7,0.2449489742783178,0.1166666666666666,10,10,0,0
apples,no_share,high,100,3,0.0,0.0,0.0,1.3,0.458257569495584,0.2166666666666666,10,10,0,0
apples,no_share,high,75,0,6.0,0.0,1.0,0.7,0.2449489742783178,0.1166666666666666,10,10,0,0
apples,no_share,high,75,1,0.0,0.0,0.0,6.0,0.0,1.0,10,10,0,0
apples,no_share,high,75,2,0.0,0.0,0.0,0.3,0.4582575694955839,0.0499999999999999,10,10,0,0
apples,no_share,high,75,3,6.0,0.0,1.0,0.0,0.0,0.0,10,10,0,0
apples,low_risk_share,low,50,0,3.0,0.0,0.5,0.65,0.2291287847477919,0.1083333333333333,10,10,0,0
apples,low_risk_share,low,50,1,0.0,0.0,0.0,0.0,0.0,0.0,10,10,0,0
apples,low_risk_share,low,50,2,6.0,0.0,1.0,0.5,0.0,0.0833333333333333,10,10,0,0
apples,low_risk_share,low,50,3,0.0,0.0,0.0,0.5,0.0,0.0833333333333333,10,10,0,0
apples,low_risk_share,low,0,0,6.0,0.0,1.0,0.5,0.0,0.0833333333333333,10,10,0,0
apples,low_risk_share,low,0,1,0.0,0.0,0.0,0.0,0.0,0.0,10,10,0,0
apples,low_risk_share,low,0,2,3.0,0.0,0.5,2.0,0.0,0.3333333333333333,10,10,0,0
apples,low_risk_share,low,0,3,2.7,0.9,0.45,2.0,0.0,0.3333333333333333,10,10,0,0
apples,no_share,high,50,0,6.0,0.0,1.0,0.7,0.2449489742783178,0.1166666666666666,10,10,0,0
apples,no_share,high,50,1,0.0,0.0,0.0,6.0,0.0,1.0,10,10,0,0
apples,no_share,high,50,2,0.0,0.0,0.0,1.0,0.0,0.1666666666666666,10,10,0,0
apples,no_share,high,50,3,0.0,0.0,0.0,4.6,2.1540659228538015,0.7666666666666666,10,10,0,0
apples,low_risk_share,high,0,0,0.0,0.0,0.0,6.0,0.0,1.0,10,10,0,0
apples,low_risk_share,high,0,1,6.0,0.0,1.0,0.85,0.2291287847477919,0.1416666666666666,10,10,0,0
apples,low_risk_share,high,0,2,0.0,0.0,0.0,0.0,0.0,0.0,10,10,0,0
apples,low_risk_share,low,75,0,6.0,0.0,1.0,0.5,0.0,0.0833333333333333,10,10,0,0
apples,low_risk_share,low,75,1,3.0,0.0,0.5,0.65,0.2291287847477919,0.1083333333333333,10,10,0,0
apples,low_risk_share,low,75,2,0.0,0.0,0.0,0.0,0.0,0.0,10,10,0,0
apples,low_risk_share,low,75,3,6.0,0.0,1.0,1.0,0.0,0.1666666666666666,10,10,0,0
apples,low_risk_share,low,100,0,6.0,0.0,1.0,0.5,0.0,0.0833333333333333,10,10,0,0
apples,low_risk_share,low,100,1,3.0,0.0,0.5,0.65,0.2291287847477919,0.1083333333333333,10,10,0,0
apples,low_risk_share,low,100,2,0.0,0.0,0.0,0.0,0.0,0.0,10,10,0,0
apples,low_risk_share,low,100,3,6.0,0.0,1.0,1.0,0.0,0.1666666666666666,10,10,0,0
apples,low_risk_share,high,75,0,0.0,0.0,0.0,6.0,0.0,1.0,10,10,0,0
apples,low_risk_share,high,75,1,6.0,0.0,1.0,0.85,0.2291287847477919,0.1416666666666666,10,10,0,0
apples,low_risk_share,high,75,2,0.0,0.0,0.0,0.0,0.0,0.0,10,10,0,0
apples,high_risk_share,low,75,0,0.0,0.0,0.0,0.5,0.0,0.0833333333333333,10,10,0,0
apples,high_risk_share,low,75,1,0.0,0.0,0.0,0.0,0.0,0.0,10,10,0,0
apples,high_risk_share,low,75,2,0.0,0.0,0.0,1.0,0.0,0.1666666666666666,10,10,0,0
apples,high_risk_share,low,50,0,0.0,0.0,0.0,0.5,0.0,0.0833333333333333,10,10,0,0
apples,high_risk_share,low,50,1,0.0,0.0,0.0,0.0,0.0,0.0,10,10,0,0
apples,high_risk_share,low,50,2,0.0,0.0,0.0,2.0,0.0,0.3333333333333333,10,10,0,0
apples,high_risk_share,low,50,3,0.0,0.0,0.0,5.0,0.0,0.8333333333333333,10,10,0,0
apples,low_risk_share,high,50,0,0.0,0.0,0.0,6.0,0.0,1.0,10,10,0,0
apples,low_risk_share,high,50,1,6.0,0.0,1.0,0.7,0.2449489742783178,0.1166666666666666,10,10,0,0
apples,low_risk_share,high,50,2,0.0,0.0,0.0,6.0,0.0,1.0,10,10,0,0
apples,low_risk_share,high,50,3,0.0,0.0,0.0,0.0,0.0,0.0,10,10,0,0
apples,high_risk_share,low,0,0,0.0,0.0,0.0,0.5,0.0,0.0833333333333333,10,10,0,0
apples,high_risk_share,low,0,1,0.0,0.0,0.0,0.0,0.0,0.0,10,10,0,0
apples,high_risk_share,low,0,2,0.0,0.0,0.0,1.7,0.4582575694955839,0.2833333333333333,10,10,0,0
apples,high_risk_share,low,0,3,0.0,0.0,0.0,0.0,0.0,0.0,10,10,0,0
apples,high_risk_share,low,100,0,0.0,0.0,0.0,0.5,0.0,0.0833333333333333,10,10,0,0
apples,high_risk_share,low,100,1,0.0,0.0,0.0,0.0,0.0,0.0,10,10,0,0
apples,high_risk_share,low,100,2,0.0,0.0,0.0,1.0,0.0,0.1666666666666666,10,10,0,0
apples,high_risk_share,low,100,3,0.0,0.0,0.0,0.0,0.0,0.0,10,10,0,0
apples,low_risk_share,high,100,0,6.0,0.0,1.0,0.7,0.2449489742783178,0.1166666666666666,10,10,0,0
apples,low_risk_share,high,100,1,0.0,0.0,0.0,0.0,0.0,0.0,10,10,0,0
apples,low_risk_share,high,100,2,0.0,0.0,0.0,6.0,0.0,1.0,10,10,0,0
apples,low_risk_share,high,100,3,0.0,0.0,0.0,6.0,0.0,1.0,10,10,0,0
apples,high_risk_share,high,50,0,0.0,0.0,0.0,0.0,0.0,0.0,10,10,0,0
apples,high_risk_share,high,50,1,0.0,0.0,0.0,6.0,0.0,1.0,10,10,0,0
apples,high_risk_share,high,50,2,3.0,0.0,0.5,6.0,0.0,1.0,10,10,0,0
apples,high_risk_share,high,50,3,0.0,0.0,0.0,1.3,0.458257569495584,0.2166666666666666,10,10,0,0
apples,high_risk_share,high,100,0,0.0,0.0,0.0,0.0,0.0,0.0,10,10,0,0
apples,high_risk_share,high,100,1,0.0,0.0,0.0,6.0,0.0,1.0,10,10,0,0
apples,high_risk_share,high,100,2,0.0,0.0,0.0,1.3,0.458257569495584,0.2166666666666666,10,10,0,0
apples,high_risk_share,high,100,3,0.0,0.0,0.0,0.0,0.0,0.0,10,10,0,0
apples,high_risk_share,high,0,0,0.0,0.0,0.0,0.0,0.0,0.0,10,10,0,0
apples,high_risk_share,high,0,1,0.0,0.0,0.0,6.0,0.0,1.0,10,10,0,0
apples,high_risk_share,high,0,2,3.0,0.0,0.5,6.0,0.0,1.0,10,10,0,0
apples,high_risk_share,high,0,3,0.0,0.0,0.0,1.0,0.0,0.1666666666666666,10,10,0,0
apples,high_risk_share,high,75,0,0.0,0.0,0.0,0.0,0.0,0.0,10,10,0,0
apples,high_risk_share,high,75,1,6.0,0.0,1.0,6.0,0.0,1.0,10,10,0,0
apples,high_risk_share,high,75,2,3.0,0.0,0.5,6.0,0.0,1.0,10,10,0,0
apples,high_risk_share,high,75,3,0.0,0.0,0.0,1.3,0.458257569495584,0.2166666666666666,10,10,0,0
dip,no_share,low,75,0,0.0,0.0,0.0,3.0,0.0,0.5,10,10,0,0
dip,no_share,low,75,1,0.0,0.0,0.0,2.0,0.0,0.3333333333333333,10,10,0,0
dip,no_share,low,75,2,3.0,0.0,0.5,1.3,0.2449489742783178,0.2166666666666666,10,10,0,0
dip,no_share,low,75,3,1.5,1.5,0.25,3.4,0.1999999999999999,0.5666666666666667,10,10,0,0
dip,no_share,low,0,0,0.0,0.0,0.0,2.5,0.0,0.4166666666666666,10,10,0,0
dip,no_share,low,0,1,1.5,1.5,0.25,3.0,0.0,0.5,10,10,0,0
dip,no_share,low,0,2,3.0,0.0,0.5,1.3,0.2449489742783178,0.2166666666666666,10,10,0,0
dip,no_share,low,0,3,3.0,0.0,0.5,2.5,0.0,0.4166666666666666,10,10,0,0
dip,no_share,high,75,0,1.5,1.5,0.25,3.5,0.0,0.5833333333333333,10,10,0,0
dip,no_share,high,75,1,0.0,0.0,0.0,2.1,0.1999999999999999,0.35,10,10,0,0
dip,no_share,high,75,2,0.0,0.0,0.0,2.1,0.1999999999999999,0.35,10,10,0,0
dip,no_share,high,75,3,0.0,0.0,0.0,3.1,0.1999999999999999,0.5166666666666666,10,10,0,0
dip,no_share,low,50,0,1.5,1.5,0.25,3.0,0.0,0.5,10,10,0,0
dip,no_share,low,50,1,0.0,0.0,0.0,1.0,0.0,0.1666666666666666,10,10,0,0
dip,no_share,low,50,2,0.0,0.0,0.0,1.0,0.0,0.1666666666666666,10,10,0,0
dip,no_share,low,50,3,3.0,0.0,0.5,3.5,0.0,0.5833333333333333,10,10,0,0
dip,no_share,low,100,0,0.0,0.0,0.0,2.5,0.0,0.4166666666666666,10,10,0,0
dip,no_share,low,100,1,1.5,1.5,0.25,3.0,0.0,0.5,10,10,0,0
dip,no_share,low,100,2,3.0,0.0,0.5,1.3,0.2449489742783178,0.2166666666666666,10,10,0,0
dip,no_share,low,100,3,3.0,0.0,0.5,2.65,0.229128784747792,0.4416666666666666,10,10,0,0
dip,no_share,high,100,0,1.5,1.5,0.25,4.0,0.0,0.6666666666666666,10,10,0,0
dip,no_share,high,100,1,0.0,0.0,0.0,2.5,0.0,0.4166666666666666,10,10,0,0
dip,no_share,high,100,2,0.0,0.0,0.0,2.5,0.0,0.4166666666666666,10,10,0,0
dip,no_share,high,100,3,2.7,0.9,0.45,5.05,0.15,0.8416666666666666,10,10,0,0
dip,no_share,high,50,0,1.5,1.5,0.25,4.0,0.0,0.6666666666666666,10,10,0,0
dip,no_share,high,50,1,0.0,0.0,0.0,2.5,0.0,0.4166666666666666,10,10,0,0
dip,no_share,high,50,2,0.0,0.0,0.0,2.5,0.0,0.4166666666666666,10,10,0,0
dip,no_share,high,50,3,3.0,0.0,0.5,5.55,0.15,0.925,10,10,0,0
dip,low_risk_share,low,0,0,0.0,0.0,0.0,2.9,0.1999999999999999,0.4833333333333333,10,10,0,0
dip,low_risk_share,low,0,1,3.0,0.0,0.5,4.6,0.1999999999999999,0.7666666666666666,10,10,0,0
dip,low_risk_share,low,0,2,0.0,0.0,0.0,2.95,0.2692582403567252,0.4916666666666667,10,10,0,0
dip,low_risk_share,low,0,3,6.0,0.0,1.0,0.5,0.0,0.0833333333333333,10,10,0,0
dip,no_share,high,0,0,0.0,0.0,0.0,2.5,0.0,0.4166666666666666,10,10,0,0
dip,no_share,high,0,1,0.0,0.0,0.0,2.5,0.0,0.4166666666666666,10,10,0,0
dip,no_share,high,0,2,3.0,0.0,0.5,5.55,0.15,0.925,10,10,0,0
dip,no_share,high,0,3,3.0,0.0,0.5,3.1,0.1999999999999999,0.5166666666666666,10,10,0,0
dip,low_risk_share,high,0,0,3.6,1.2,0.6,3.5,0.0,0.5833333333333333,10,10,0,0
dip,low_risk_share,high,0,1,3.6,1.2,0.6,3.2,0.2449489742783178,0.5333333333333333,10,10,0,0
dip,low_risk_share,high,0,2,0.0,0.0,0.0,0.0,0.0,0.0,10,10,0,0
dip,low_risk_share,high,0,3,3.6,1.2,0.6,3.0,0.0,0.5,10,10,0,0
dip,low_risk_share,low,75,0,3.6,1.2,0.6,2.5,0.0,0.4166666666666666,10,10,0,0
dip,low_risk_share,low,75,1,3.6,1.2,0.6,2.05,0.15,0.3416666666666666,10,10,0,0
dip,low_risk_share,low,75,2,0.0,0.0,0.0,0.0,0.0,0.0,10,10,0,0
dip,low_risk_share,low,75,3,0.3,0.9000000000000001,0.0499999999999999,2.4,0.1999999999999999,0.3999999999999999,10,10,0,0
dip,low_risk_share,high,100,0,3.0,0.0,0.5,4.17,0.2238302928559939,0.695,10,10,0,0
dip,low_risk_share,high,100,1,0.0,0.0,0.0,2.9,0.1999999999999999,0.4833333333333333,10,10,0,0
dip,low_risk_share,high,100,2,3.6,1.2,0.6,3.6,0.1999999999999999,0.6,10,10,0,0
dip,low_risk_share,high,100,3,0.0,0.0,0.0,2.9,0.1999999999999999,0.4833333333333333,10,10,0,0
dip,low_risk_share,low,100,0,3.6,1.2,0.6,2.6,0.1999999999999999,0.4333333333333333,10,10,0,0
dip,low_risk_share,low,100,1,3.0,0.0,0.5,4.4,0.3741657386773941,0.7333333333333334,10,10,0,0
dip,low_risk_share,low,100,2,0.0,0.0,0.0,1.9,0.1999999999999999,0.3166666666666666,10,10,0,0
dip,low_risk_share,low,100,3,0.0,0.0,0.0,2.0,0.0,0.3333333333333333,10,10,0,0
dip,low_risk_share,low,50,0,3.6,1.2,0.6,2.5,0.0,0.4166666666666666,10,10,0,0
dip,low_risk_share,low,50,1,0.0,0.0,0.0,1.0,0.0,0.1666666666666666,10,10,0,0
dip,low_risk_share,low,50,2,0.0,0.0,0.0,2.0,0.0,0.3333333333333333,10,10,0,0
dip,low_risk_share,low,50,3,0.0,0.0,0.0,0.0,0.0,0.0,10,10,0,0
dip,high_risk_share,low,50,0,0.0,0.0,0.0,2.0,0.0,0.3333333333333333,10,10,0,0
dip,high_risk_share,low,50,1,3.0,0.0,0.5,3.5,0.0,0.5833333333333333,10,10,0,0
dip,high_risk_share,low,50,2,6.0,0.0,1.0,3.0,0.0,0.5,10,10,0,0
dip,high_risk_share,low,50,3,2.7,1.6155494421403511,0.45,1.95,0.15,0.3249999999999999,10,10,0,0
dip,low_risk_share,high,75,0,3.6,1.2,0.6,3.95,0.15,0.6583333333333333,10,10,0,0
dip,low_risk_share,high,75,1,0.0,0.0,0.0,2.45,0.2692582403567252,0.4083333333333333,10,10,0,0
dip,low_risk_share,high,75,2,0.0,0.0,0.0,6.0,0.0,1.0,10,10,0,0
dip,low_risk_share,high,75,3,6.0,0.0,1.0,1.0,0.0,0.1666666666666666,10,10,0,0
dip,low_risk_share,high,50,0,3.0,0.0,0.5,4.17,0.2238302928559939,0.695,10,10,0,0
dip,low_risk_share,high,50,1,0.0,0.0,0.0,6.0,0.0,1.0,10,10,0,0
dip,low_risk_share,high,50,2,0.0,0.0,0.0,4.35,0.2291287847477919,0.7249999999999999,10,10,0,0
dip,low_risk_share,high,50,3,6.0,0.0,1.0,1.0,0.0,0.1666666666666666,10,10,0,0
dip,high_risk_share,low,0,0,0.0,0.0,0.0,2.0,0.0,0.3333333333333333,10,10,0,0
dip,high_risk_share,low,0,1,0.0,0.0,0.0,1.0,0.0,0.1666666666666666,10,10,0,0
dip,high_risk_share,low,0,2,3.0,0.0,0.5,2.5,0.0,0.4166666666666666,10,10,0,0
dip,high_risk_share,low,0,3,2.7,1.6155494421403511,0.45,2.15,0.229128784747792,0.3583333333333333,10,10,0,0
dip,high_risk_share,low,75,0,0.0,0.0,0.0,3.0,0.0,0.5,10,10,0,0
dip,high_risk_share,low,75,1,6.0,0.0,1.0,2.95,0.15,0.4916666666666667,10,10,0,0
dip,high_risk_share,low,75,2,2.7,1.6155494421403511,0.45,2.5,0.2236067977499789,0.4166666666666666,10,10,0,0
dip,high_risk_share,low,75,3,0.0,0.0,0.0,1.4,0.1999999999999999,0.2333333333333333,10,10,0,0
dip,high_risk_share,high,50,0,0.0,0.0,0.0,3.35,0.45,0.5583333333333333,10,10,0,0
dip,high_risk_share,high,50,1,0.0,0.0,0.0,2.0,0.0,0.3333333333333333,10,10,0,0
dip,high_risk_share,high,50,2,0.0,0.0,0.0,3.2,0.2449489742783178,0.5333333333333333,10,10,0,0
dip,high_risk_share,high,50,3,0.0,0.0,0.0,6.0,0.0,1.0,10,10,0,0
dip,high_risk_share,high,100,0,0.0,0.0,0.0,3.05,0.2692582403567252,0.5083333333333333,10,10,0,0
dip,high_risk_share,high,100,1,0.0,0.0,0.0,2.0,0.0,0.3333333333333333,10,10,0,0
dip,high_risk_share,high,100,2,0.0,0.0,0.0,4.05,0.15,0.6749999999999999,10,10,0,0
dip,high_risk_share,high,100,3,0.0,0.0,0.0,6.0,0.0,1.0,10,10,0,0
dip,high_risk_share,high,0,0,0.0,0.0,0.0,2.0,0.0,0.3333333333333333,10,10,0,0
dip,high_risk_share,high,0,1,0.0,0.0,0.0,6.0,0.0,1.0,10,10,0,0
dip,high_risk_share,high,0,2,0.0,0.0,0.0,3.55,0.4716990566028302,0.5916666666666666,10,10,0,0
dip,high_risk_share,high,0,3,0.0,0.0,0.0,4.05,0.15,0.6749999999999999,10,10,0,0
dip,high_risk_share,high,0,4,2.1,1.374772708486752,0.35,4.12,0.198997487421324,0.6866666666666666,10,10,0,0
dip,high_risk_share,high,75,0,1.5,1.5,0.25,3.6,0.1999999999999999,0.6,10,10,0,0
dip,high_risk_share,high,75,1,3.0,0.0,0.5,4.0200000000000005,0.2315167380558045,0.67,10,10,0,0
dip,high_risk_share,high,75,2,0.0,0.0,0.0,6.0,0.0,1.0,10,10,0,0
dip,high_risk_share,high,75,3,0.0,0.0,0.0,2.5,0.0,0.4166666666666666,10,10,0,0
dip,high_risk_share,low,100,0,0.0,0.0,0.0,2.5,0.0,0.4166666666666666,10,10,0,0
dip,high_risk_share,low,100,1,6.0,0.0,1.0,2.0,0.0,0.3333333333333333,10,10,0,0
dip,high_risk_share,low,100,2,3.0,0.0,0.5,3.3,0.2449489742783178,0.5499999999999999,10,10,0,0
dip,high_risk_share,low,100,3,2.7,1.6155494421403511,0.45,2.5,0.0,0.4166666666666666,10,10,0,0
dip,high_risk_share,low,100,4,0.0,0.0,0.0,0.0,0.0,0.0,10,10,0,0
drinks,no_share,low,0,0,6.0,0.0,1.0,0.9,0.2,0.15,10,10,0,0
drinks,no_share,low,0,1,3.0,0.0,0.5,1.9,0.1999999999999999,0.3166666666666666,10,10,0,0
drinks,no_share,low,0,2,0.0,0.0,0.0,0.0,0.0,0.0,10,10,0,0
drinks,no_share,low,0,3,2.9,0.3,0.4833333333333333,4.1,0.3,0.6833333333333332,10,10,0,0
drinks,no_share,low,75,0,6.0,0.0,1.0,0.35,0.2291287847477919,0.0583333333333333,10,10,0,0
drinks,no_share,low,75,1,3.0,0.0,0.5,1.9,0.1999999999999999,0.3166666666666666,10,10,0,0
drinks,no_share,low,75,2,6.0,0.0,1.0,0.9,0.2,0.15,10,10,0,0
drinks,no_share,low,75,3,0.0,0.0,0.0,0.0,0.0,0.0,10,10,0,0
drinks,no_share,low,50,0,6.0,0.0,1.0,0.35,0.2291287847477919,0.0583333333333333,10,10,0,0
drinks,no_share,low,50,1,3.0,0.0,0.5,1.9,0.1999999999999999,0.3166666666666666,10,10,0,0
drinks,no_share,low,50,2,6.0,0.0,1.0,0.9,0.2,0.15,10,10,0,0
drinks,no_share,low,50,3,0.0,0.0,0.0,0.0,0.0,0.0,10,10,0,0
drinks,no_share,low,100,0,6.0,0.0,1.0,0.35,0.2291287847477919,0.0583333333333333,10,10,0,0
drinks,no_share,low,100,1,3.0,0.0,0.5,1.9,0.1999999999999999,0.3166666666666666,10,10,0,0
drinks,no_share,low,100,2,6.0,0.0,1.0,0.9,0.2,0.15,10,10,0,0
drinks,no_share,low,100,3,0.0,0.0,0.0,0.0,0.0,0.0,10,10,0,0
drinks,low_risk_share,low,0,0,6.0,0.0,1.0,0.9,0.2,0.15,10,10,0,0
drinks,low_risk_share,low,0,1,0.0,0.0,0.0,0.0,0.0,0.0,10,10,0,0
drinks,low_risk_share,low,0,2,2.9,0.3,0.4833333333333333,3.1,0.3,0.5166666666666666,10,10,0,0
drinks,low_risk_share,low,0,3,6.0,0.0,1.0,0.9,0.2,0.15,10,10,0,0
drinks,low_risk_share,low,50,0,6.0,0.0,1.0,0.9,0.2,0.15,10,10,0,0
drinks,low_risk_share,low,50,1,0.0,0.0,0.0,2.1,0.3,0.35,10,10,0,0
drinks,low_risk_share,low,50,2,0.0,0.0,0.0,3.55,0.5220153254455274,0.5916666666666666,10,10,0,0
drinks,low_risk_share,low,50,3,0.0,0.0,0.0,0.0,0.0,0.0,10,10,0,0
drinks,no_share,high,75,0,6.0,0.0,1.0,0.0,0.0,0.0,10,10,0,0
drinks,no_share,high,75,1,5.8,0.6,0.9666666666666668,0.0,0.0,0.0,10,10,0,0
drinks,no_share,high,75,2,6.0,0.0,1.0,0.0,0.0,0.0,10,10,0,0
drinks,no_share,high,75,3,2.9,0.3,0.4833333333333333,6.0,0.0,1.0,10,10,0,0
drinks,low_risk_share,low,100,0,6.0,0.0,1.0,0.35,0.2291287847477919,0.0583333333333333,10,10,0,0
drinks,low_risk_share,low,100,1,0.0,0.0,0.0,0.0,0.0,0.0,10,10,0,0
drinks,low_risk_share,low,100,2,0.0,0.0,0.0,3.1,0.3,0.5166666666666666,10,10,0,0
drinks,low_risk_share,low,100,3,6.0,0.0,1.0,0.9,0.2,0.15,10,10,0,0
drinks,low_risk_share,high,0,0,6.0,0.0,1.0,0.0,0.0,0.0,10,10,0,0
drinks,low_risk_share,high,0,1,0.0,0.0,0.0,0.0,0.0,0.0,10,10,0,0
drinks,low_risk_share,high,0,2,2.8,0.6,0.4666666666666666,6.0,0.0,1.0,10,10,0,0
drinks,low_risk_share,high,0,3,0.0,0.0,0.0,0.0,0.0,0.0,10,10,0,0
drinks,low_risk_share,high,50,0,6.0,0.0,1.0,0.0,0.0,0.0,10,10,0,0
drinks,low_risk_share,high,50,1,6.0,0.0,1.0,0.0,0.0,0.0,10,10,0,0
drinks,low_risk_share,high,50,2,0.0,0.0,0.0,0.0,0.0,0.0,10,10,0,0
drinks,low_risk_share,high,50,3,0.0,0.0,0.0,0.0,0.0,0.0,10,10,0,0
drinks,no_share,high,0,0,6.0,0.0,1.0,0.0,0.0,0.0,10,10,0,0
drinks,no_share,high,0,1,5.8,0.6,0.9666666666666668,0.0,0.0,0.0,10,10,0,0
drinks,no_share,high,0,2,0.0,0.0,0.0,0.0,0.0,0.0,10,10,0,0
drinks,no_share,high,0,3,4.0,0.4472135954999579,0.6666666666666666,3.0,0.0,0.5,10,10,0,0
drinks,low_risk_share,low,75,0,6.0,0.0,1.0,0.9,0.2,0.15,10,10,0,0
drinks,low_risk_share,low,75,1,0.0,0.0,0.0,0.0,0.0,0.0,10,10,0,0
drinks,low_risk_share,low,75,2,2.9,0.3,0.4833333333333333,3.1,0.3,0.5166666666666666,10,10,0,0
drinks,low_risk_share,low,75,3,6.0,0.0,1.0,0.35,0.2291287847477919,0.0583333333333333,10,10,0,0
drinks,high_risk_share,low,50,0,3.0,0.0,0.5,1.9,0.1999999999999999,0.3166666666666666,10,10,0,0
drinks,high_risk_share,low,50,1,0.0,0.0,0.0,0.0,0.0,0.0,10,10,0,0
drinks,high_risk_share,low,50,2,6.0,0.0,1.0,0.9,0.2,0.15,10,10,0,0
drinks,high_risk_share,low,50,3,2.9,0.3,0.4833333333333333,4.1,0.3,0.6833333333333332,10,10,0,0
drinks,no_share,high,100,0,6.0,0.0,1.0,0.0,0.0,0.0,10,10,0,0
drinks,no_share,high,100,1,6.0,0.0,1.0,0.0,0.0,0.0,10,10,0,0
drinks,no_share,high,100,2,0.0,0.0,0.0,0.0,0.0,0.0,10,10,0,0
drinks,no_share,high,100,3,2.9,0.3,0.4833333333333333,6.0,0.0,1.0,10,10,0,0
drinks,no_share,high,50,0,6.0,0.0,1.0,0.0,0.0,0.0,10,10,0,0
drinks,no_share,high,50,1,2.9,0.3,0.4833333333333333,6.0,0.0,1.0,10,10,0,0
drinks,no_share,high,50,2,0.0,0.0,0.0,0.0,0.0,0.0,10,10,0,0
drinks,no_share,high,50,3,4.0,0.4472135954999579,0.6666666666666666,3.0,0.0,0.5,10,10,0,0
drinks,high_risk_share,high,0,0,3.0,0.0,0.5,0.0,0.0,0.0,10,10,0,0
drinks,high_risk_share,high,0,1,2.8,0.6,0.4666666666666666,6.0,0.0,1.0,10,10,0,0
drinks,high_risk_share,high,0,2,0.0,0.0,0.0,0.0,0.0,0.0,10,10,0,0
drinks,high_risk_share,high,0,3,2.8,0.6,0.4666666666666666,3.6,1.2,0.6,10,10,0,0
drinks,low_risk_share,high,75,0,6.0,0.0,1.0,0.0,0.0,0.0,10,10,0,0
drinks,low_risk_share,high,75,1,0.0,0.0,0.0,0.0,0.0,0.0,10,10,0,0
drinks,low_risk_share,high,75,2,6.0,0.0,1.0,0.0,0.0,0.0,10,10,0,0
drinks,low_risk_share,high,75,3,0.0,0.0,0.0,0.0,0.0,0.0,10,10,0,0
drinks,high_risk_share,low,75,0,3.0,0.0,0.5,1.9,0.1999999999999999,0.3166666666666666,10,10,0,0
drinks,high_risk_share,low,75,1,0.0,0.0,0.0,0.0,0.0,0.0,10,10,0,0
drinks,high_risk_share,low,75,2,6.0,0.0,1.0,0.9,0.2,0.15,10,10,0,0
drinks,high_risk_share,low,75,3,2.9,0.3,0.4833333333333333,3.55,0.5220153254455274,0.5916666666666666,10,10,0,0
drinks,high_risk_share,low,0,0,3.0,0.0,0.5,1.9,0.1999999999999999,0.3166666666666666,10,10,0,0
drinks,high_risk_share,low,0,1,0.0,0.0,0.0,0.0,0.0,0.0,10,10,0,0
drinks,high_risk_share,low,0,2,2.9,0.3,0.4833333333333333,4.1,0.3,0.6833333333333332,10,10,0,0
drinks,high_risk_share,low,0,3,0.9,0.3,0.15,0.0,0.0,0.0,10,10,0,0
drinks,low_risk_share,high,100,0,6.0,0.0,1.0,0.0,0.0,0.0,10,10,0,0
drinks,low_risk_share,high,100,1,0.0,0.0,0.0,0.0,0.0,0.0,10,10,0,0
drinks,low_risk_share,high,100,2,2.9,0.3,0.4833333333333333,6.0,0.0,1.0,10,10,0,0
drinks,low_risk_share,high,100,3,6.0,0.0,1.0,0.0,0.0,0.0,10,10,0,0
drinks,high_risk_share,high,100,0,3.0,0.0,0.5,0.0,0.0,0.0,10,10,0,0
drinks,high_risk_share,high,100,1,2.9,0.3,0.4833333333333333,6.0,0.0,1.0,10,10,0,0
drinks,high_risk_share,high,100,2,0.0,0.0,0.0,0.0,0.0,0.0,10,10,0,0
drinks,high_risk_share,high,100,3,2.8,0.6,0.4666666666666666,6.0,0.0,1.0,10,10,0,0
drinks,high_risk_share,high,75,0,6.0,0.0,1.0,6.0,0.0,1.0,10,10,0,0
drinks,high_risk_share,high,75,1,0.0,0.0,0.0,6.0,0.0,1.0,10,10,0,0
drinks,high_risk_share,high,75,2,2.8,0.6,0.4666666666666666,3.6,1.2,0.6,10,10,0,0
drinks,high_risk_share,high,75,3,2.9,0.3,0.4833333333333333,6.0,0.0,1.0,10,10,0,0
drinks,high_risk_share,high,75,4,0.0,0.0,0.0,0.0,0.0,0.0,10,10,0,0
drinks,high_risk_share,low,100,0,3.0,0.0,0.5,1.9,0.1999999999999999,0.3166666666666666,10,10,0,0
drinks,high_risk_share,low,100,1,0.0,0.0,0.0,0.0,0.0,0.0,10,10,0,0
drinks,high_risk_share,low,100,2,6.0,0.0,1.0,0.9,0.2,0.15,10,10,0,0
drinks,high_risk_share,low,100,3,2.9,0.3,0.4833333333333333,3.9,0.5385164807134504,0.6499999999999999,10,10,0,0
drinks,high_risk_share,high,50,0,6.0,0.0,1.0,0.0,0.0,0.0,10,10,0,0
drinks,high_risk_share,high,50,1,2.9,0.3,0.4833333333333333,6.0,0.0,1.0,10,10,0,0
drinks,high_risk_share,high,50,2,0.0,0.0,0.0,0.0,0.0,0.0,10,10,0,0
drinks,high_risk_share,high,50,3,2.9,0.3,0.4833333333333333,6.0,0.0,1.0,10,10,0,0
driving,no_share,low,0,0,0.0,0.0,0.0,0.0,0.0,0.0,10,10,0,0
driving,no_share,low,0,1,0.0,0.0,0.0,4.0,0.0,0.6666666666666666,10,10,0,0
driving,no_share,low,0,2,0.0,0.0,0.0,0.0,0.0,0.0,10,10,0,0
driving,no_share,low,0,3,3.0,0.0,0.5,2.0,0.0,0.3333333333333333,10,10,0,0
driving,no_share,low,50,0,3.0,0.0,0.5,2.0,0.0,0.3333333333333333,10,10,0,0
driving,no_share,low,50,1,0.0,0.0,0.0,0.0,0.0,0.0,10,10,0,0
driving,no_share,low,50,2,0.0,0.0,0.0,0.0,0.0,0.0,10,10,0,0
driving,no_share,low,50,3,6.0,0.0,1.0,1.0,0.0,0.1666666666666666,10,10,0,0
driving,no_share,high,0,0,6.0,0.0,1.0,1.35,0.229128784747792,0.225,10,10,0,0
driving,no_share,high,0,1,0.0,0.0,0.0,0.0,0.0,0.0,10,10,0,0
driving,no_share,high,0,2,0.0,0.0,0.0,0.0,0.0,0.0,10,10,0,0
driving,no_share,high,0,3,0.0,0.0,0.0,4.35,0.2291287847477919,0.7249999999999999,10,10,0,0
driving,no_share,high,75,0,0.0,0.0,0.0,5.0,0.0,0.8333333333333333,10,10,0,0
driving,no_share,high,75,1,6.0,0.0,1.0,1.35,0.229128784747792,0.225,10,10,0,0
driving,no_share,high,75,2,0.0,0.0,0.0,0.0,0.0,0.0,10,10,0,0
driving,no_share,high,75,3,0.0,0.0,0.0,0.0,0.0,0.0,10,10,0,0
driving,low_risk_share,low,50,0,0.0,0.0,0.0,0.0,0.0,0.0,10,10,0,0
driving,low_risk_share,low,50,1,0.0,0.0,0.0,0.0,0.0,0.0,10,10,0,0
driving,low_risk_share,low,50,2,0.0,0.0,0.0,5.0,0.0,0.8333333333333333,10,10,0,0
driving,low_risk_share,low,50,3,0.0,0.0,0.0,0.0,0.0,0.0,10,10,0,0
driving,no_share,low,100,0,3.0,0.0,0.5,2.0,0.0,0.3333333333333333,10,10,0,0
driving,no_share,low,100,1,0.0,0.0,0.0,0.0,0.0,0.0,10,10,0,0
driving,no_share,low,100,2,0.0,0.0,0.0,0.0,0.0,0.0,10,10,0,0
driving,no_share,low,100,3,6.0,0.0,1.0,1.0,0.0,0.1666666666666666,10,10,0,0
driving,no_share,low,75,0,6.0,0.0,1.0,1.0,0.0,0.1666666666666666,10,10,0,0
driving,no_share,low,75,1,0.0,0.0,0.0,0.0,0.0,0.0,10,10,0,0
driving,no_share,low,75,2,0.0,0.0,0.0,4.0,0.0,0.6666666666666666,10,10,0,0
driving,no_share,low,75,3,0.0,0.0,0.0,0.0,0.0,0.0,10,10,0,0
driving,low_risk_share,low,100,0,0.0,0.0,0.0,0.0,0.0,0.0,10,10,0,0
driving,low_risk_share,low,100,1,0.0,0.0,0.0,0.0,0.0,0.0,10,10,0,0
driving,low_risk_share,low,100,2,0.0,0.0,0.0,4.1,0.3,0.6833333333333332,10,10,0,0
driving,low_risk_share,low,100,3,6.0,0.0,1.0,1.0,0.0,0.1666666666666666,10,10,0,0
driving,low_risk_share,low,75,0,0.0,0.0,0.0,0.0,0.0,0.0,10,10,0,0
driving,low_risk_share,low,75,1,0.0,0.0,0.0,0.0,0.0,0.0,10,10,0,0
driving,low_risk_share,low,75,2,0.0,0.0,0.0,3.0,0.0,0.5,10,10,0,0
driving,low_risk_share,low,75,3,6.0,0.0,1.0,1.0,0.0,0.1666666666666666,10,10,0,0
driving,low_risk_share,high,75,0,0.0,0.0,0.0,0.0,0.0,0.0,10,10,0,0
driving,low_risk_share,high,75,1,0.0,0.0,0.0,0.0,0.0,0.0,10,10,0,0
driving,low_risk_share,high,75,2,6.0,0.0,1.0,1.35,0.229128784747792,0.225,10,10,0,0
driving,low_risk_share,high,75,3,0.0,0.0,0.0,0.0,0.0,0.0,10,10,0,0
driving,no_share,high,100,0,6.0,0.0,1.0,1.35,0.229128784747792,0.225,10,10,0,0
driving,no_share,high,100,1,0.0,0.0,0.0,0.0,0.0,0.0,10,10,0,0
driving,no_share,high,100,2,3.0,0.0,0.5,3.15,0.229128784747792,0.5249999999999999,10,10,0,0
driving,no_share,high,100,3,0.0,0.0,0.0,0.0,0.0,0.0,10,10,0,0
driving,no_share,high,100,4,0.0,0.0,0.0,5.0,0.0,0.8333333333333333,10,10,0,0
driving,low_risk_share,high,50,0,0.0,0.0,0.0,0.0,0.0,0.0,10,10,0,0
driving,low_risk_share,high,50,1,0.0,0.0,0.0,0.0,0.0,0.0,10,10,0,0
driving,low_risk_share,high,50,2,0.0,0.0,0.0,0.0,0.0,0.0,10,10,0,0
driving,low_risk_share,high,50,3,6.0,0.0,1.0,1.35,0.229128784747792,0.225,10,10,0,0
driving,low_risk_share,low,0,0,0.0,0.0,0.0,0.0,0.0,0.0,10,10,0,0
driving,low_risk_share,low,0,1,0.0,0.0,0.0,0.0,0.0,0.0,10,10,0,0
driving,low_risk_share,low,0,2,0.0,0.0,0.0,3.4,0.4898979485566356,0.5666666666666667,10,10,0,0
driving,low_risk_share,low,0,3,6.0,0.0,1.0,1.0,0.0,0.1666666666666666,10,10,0,0
driving,high_risk_share,low,50,0,0.0,0.0,0.0,0.0,0.0,0.0,10,10,0,0
driving,high_risk_share,low,50,1,0.0,0.0,0.0,0.0,0.0,0.0,10,10,0,0
driving,high_risk_share,low,50,2,3.0,0.0,0.5,2.0,0.0,0.3333333333333333,10,10,0,0
driving,high_risk_share,low,50,3,0.0,0.0,0.0,3.0,0.0,0.5,10,10,0,0
driving,no_share,high,50,0,0.0,0.0,0.0,5.0,0.0,0.8333333333333333,10,10,0,0
driving,no_share,high,50,1,0.0,0.0,0.0,0.0,0.0,0.0,10,10,0,0
driving,no_share,high,50,2,6.0,0.0,1.0,1.35,0.229128784747792,0.225,10,10,0,0
driving,no_share,high,50,3,0.0,0.0,0.0,1.0,0.0,0.1666666666666666,10,10,0,0
driving,low_risk_share,high,100,0,0.0,0.0,0.0,0.0,0.0,0.0,10,10,0,0
driving,low_risk_share,high,100,1,0.0,0.0,0.0,0.0,0.0,0.0,10,10,0,0
driving,low_risk_share,high,100,2,0.0,0.0,0.0,0.0,0.0,0.0,10,10,0,0
driving,low_risk_share,high,100,3,0.0,0.0,0.0,5.35,0.2291287847477919,0.8916666666666666,10,10,0,0
driving,low_risk_share,high,0,0,0.0,0.0,0.0,0.0,0.0,0.0,10,10,0,0
driving,low_risk_share,high,0,1,0.0,0.0,0.0,0.0,0.0,0.0,10,10,0,0
driving,low_risk_share,high,0,2,0.0,0.0,0.0,0.0,0.0,0.0,10,10,0,0
driving,low_risk_share,high,0,3,6.0,0.0,1.0,1.35,0.229128784747792,0.225,10,10,0,0
driving,high_risk_share,low,0,0,0.0,0.0,0.0,0.0,0.0,0.0,10,10,0,0
driving,high_risk_share,low,0,1,0.0,0.0,0.0,0.0,0.0,0.0,10,10,0,0
driving,high_risk_share,low,0,2,3.0,0.0,0.5,4.0,0.0,0.6666666666666666,10,10,0,0
driving,high_risk_share,low,0,3,0.0,0.0,0.0,5.0,0.0,0.8333333333333333,10,10,0,0
driving,high_risk_share,low,100,0,0.0,0.0,0.0,0.0,0.0,0.0,10,10,0,0
driving,high_risk_share,low,100,1,0.0,0.0,0.0,0.0,0.0,0.0,10,10,0,0
driving,high_risk_share,low,100,2,0.0,0.0,0.0,3.8,0.3999999999999999,0.6333333333333333,10,10,0,0
driving,high_risk_share,low,100,3,0.0,0.0,0.0,0.0,0.0,0.0,10,10,0,0
driving,high_risk_share,high,0,0,0.0,0.0,0.0,0.0,0.0,0.0,10,10,0,0
driving,high_risk_share,high,0,1,0.0,0.0,0.0,0.0,0.0,0.0,10,10,0,0
driving,high_risk_share,high,0,2,0.0,0.0,0.0,5.35,0.2291287847477919,0.8916666666666666,10,10,0,0
driving,high_risk_share,high,0,3,0.0,0.0,0.0,5.35,0.5024937810560445,0.8916666666666666,10,10,0,0
driving,high_risk_share,high,75,0,0.0,0.0,0.0,0.0,0.0,0.0,10,10,0,0
driving,high_risk_share,high,75,1,0.0,0.0,0.0,0.0,0.0,0.0,10,10,0,0
driving,high_risk_share,high,75,2,0.0,0.0,0.0,4.35,0.2291287847477919,0.7249999999999999,10,10,0,0
driving,high_risk_share,high,75,3,0.0,0.0,0.0,0.0,0.0,0.0,10,10,0,0
driving,high_risk_share,high,50,0,0.0,0.0,0.0,0.0,0.0,0.0,10,10,0,0
driving,high_risk_share,high,50,1,0.0,0.0,0.0,0.0,0.0,0.0,10,10,0,0
driving,high_risk_share,high,50,2,0.0,0.0,0.0,5.35,0.2291287847477919,0.8916666666666666,10,10,0,0
driving,high_risk_share,high,50,3,0.0,0.0,0.0,0.0,0.0,0.0,10,10,0,0
driving,high_risk_share,high,100,0,0.0,0.0,0.0,0.0,0.0,0.0,10,10,0,0
driving,high_risk_share,high,100,1,0.0,0.0,0.0,0.0,0.0,0.0,10,10,0,0
driving,high_risk_share,high,100,2,0.0,0.0,0.0,0.0,0.0,0.0,10,10,0,0
driving,high_risk_share,high,100,3,0.0,0.0,0.0,5.0,0.0,0.8333333333333333,10,10,0,0
driving,high_risk_share,low,75,0,0.0,0.0,0.0,0.0,0.0,0.0,10,10,0,0
driving,high_risk_share,low,75,1,0.0,0.0,0.0,0.0,0.0,0.0,10,10,0,0
driving,high_risk_share,low,75,2,0.0,0.0,0.0,4.0,0.0,0.6666666666666666,10,10,0,0
driving,high_risk_share,low,75,3,0.0,0.0,0.0,0.0,0.0,0.0,10,10,0,0
driving,high_risk_share,low,75,4,0.0,0.0,0.0,5.0,0.0,0.8333333333333333,10,10,0,0
fair,no_share,low,0,0,6.0,0.0,1.0,2.0,0.0,0.3333333333333333,10,10,0,0
fair,no_share,low,0,1,2.7,0.9,0.45,2.7,0.2449489742783178,0.45,10,10,0,0
fair,no_share,low,0,2,3.0,0.0,0.5,1.5,0.0,0.25,10,10,0,0
fair,no_share,low,0,3,6.0,0.0,1.0,0.55,0.15,0.0916666666666666,10,10,0,0
fair,no_share,low,50,0,3.0,0.0,0.5,2.2,0.2449489742783178,0.3666666666666667,10,10,0,0
fair,no_share,low,50,1,2.7,0.9,0.45,0.5,0.0,0.0833333333333333,10,10,0,0
fair,no_share,low,50,2,5.7,0.9,0.95,1.05,0.15,0.175,10,10,0,0
fair,no_share,low,50,3,0.0,0.0,0.0,3.4,0.4898979485566356,0.5666666666666667,10,10,0,0
fair,no_share,low,50,4,6.0,0.0,1.0,1.0,0.0,0.1666666666666666,10,10,0,0
fair,no_share,low,75,0,3.0,0.0,0.5,2.2,0.2449489742783178,0.3666666666666667,10,10,0,0
fair,no_share,low,75,1,0.0,0.0,0.0,3.4,0.4898979485566356,0.5666666666666667,10,10,0,0
fair,no_share,low,75,2,2.7,0.9,0.45,0.65,0.2291287847477919,0.1083333333333333,10,10,0,0
fair,no_share,low,75,3,0.0,0.0,0.0,0.0,0.0,0.0,10,10,0,0
fair,no_share,low,100,0,3.0,0.0,0.5,3.7,0.2449489742783178,0.6166666666666667,10,10,0,0
fair,no_share,low,100,1,0.0,0.0,0.0,2.7,0.2449489742783178,0.45,10,10,0,0
fair,no_share,low,100,2,3.0,0.0,0.5,1.5,0.0,0.25,10,10,0,0
fair,no_share,low,100,3,2.7,0.9,0.45,1.0,0.0,0.1666666666666666,10,10,0,0
fair,low_risk_share,low,0,0,6.0,0.0,1.0,1.0,0.0,0.1666666666666666,10,10,0,0
fair,low_risk_share,low,0,1,2.7,0.9,0.45,3.4,0.4898979485566356,0.5666666666666667,10,10,0,0
fair,low_risk_share,low,0,2,2.7,0.9,0.45,0.7,0.2449489742783178,0.1166666666666666,10,10,0,0
fair,low_risk_share,low,0,3,0.0,0.0,0.0,0.0,0.0,0.0,10,10,0,0
fair,low_risk_share,low,0,4,6.0,0.0,1.0,0.7,0.5099019513592785,0.1166666666666666,10,10,0,0
fair,no_share,high,0,0,3.0,0.0,0.5,5.2,0.3999999999999999,0.8666666666666667,10,10,0,0
fair,no_share,high,0,1,0.0,0.0,0.0,4.0,0.0,0.6666666666666666,10,10,0,0
fair,no_share,high,0,2,2.7,0.9,0.45,0.35,0.2291287847477919,0.0583333333333333,10,10,0,0
fair,no_share,high,0,3,0.0,0.0,0.0,0.0,0.0,0.0,10,10,0,0
fair,no_share,high,0,4,6.0,0.0,1.0,2.0,0.0,0.3333333333333333,10,10,0,0
fair,no_share,high,100,0,6.0,0.0,1.0,2.0,0.0,0.3333333333333333,10,10,0,0
fair,no_share,high,100,1,3.0,0.0,0.5,4.1,0.3,0.6833333333333332,10,10,0,0
fair,no_share,high,100,2,0.0,0.0,0.0,0.35,0.2291287847477919,0.0583333333333333,10,10,0,0
fair,no_share,high,100,3,2.8,0.6,0.4666666666666666,5.2,0.3999999999999999,0.8666666666666667,10,10,0,0
fair,no_share,high,50,0,3.0,0.0,0.5,5.2,0.3999999999999999,0.8666666666666667,10,10,0,0
fair,no_share,high,50,1,6.0,0.0,1.0,2.0,0.0,0.3333333333333333,10,10,0,0
fair,no_share,high,50,2,0.0,0.0,0.0,0.35,0.2291287847477919,0.0583333333333333,10,10,0,0
fair,no_share,high,50,3,2.7,0.9,0.45,0.35,0.2291287847477919,0.0583333333333333,10,10,0,0
fair,no_share,high,50,4,0.0,0.0,0.0,0.0,0.0,0.0,10,10,0,0
fair,low_risk_share,low,50,0,6.0,0.0,1.0,0.65,0.2291287847477919,0.1083333333333333,10,10,0,0
fair,low_risk_share,low,50,1,3.0,0.0,0.5,1.75,0.25,0.2916666666666666,10,10,0,0
fair,low_risk_share,low,50,2,6.0,0.0,1.0,0.75,0.4609772228646444,0.125,10,10,0,0
fair,low_risk_share,low,50,3,0.0,0.0,0.0,0.0,0.0,0.0,10,10,0,0
fair,no_share,high,75,0,3.0,0.0,0.5,4.1,0.3,0.6833333333333332,10,10,0,0
fair,no_share,high,75,1,2.7,0.9,0.45,0.65,0.2291287847477919,0.1083333333333333,10,10,0,0
fair,no_share,high,75,2,3.0,0.0,0.5,5.2,0.3999999999999999,0.8666666666666667,10,10,0,0
fair,no_share,high,75,3,6.0,0.0,1.0,2.0,0.0,0.3333333333333333,10,10,0,0
fair,no_share,high,75,4,0.0,0.0,0.0,0.0,0.0,0.0,10,10,0,0
fair,low_risk_share,low,100,0,6.0,0.0,1.0,1.0,0.0,0.1666666666666666,10,10,0,0
fair,low_risk_share,low,100,1,2.7,0.9,0.45,3.4,0.4898979485566356,0.5666666666666667,10,10,0,0
fair,low_risk_share,low,100,2,2.7,0.9,0.45,0.65,0.2291287847477919,0.1083333333333333,10,10,0,0
fair,low_risk_share,low,100,3,0.0,0.0,0.0,0.0,0.0,0.0,10,10,0,0
fair,low_risk_share,high,100,0,6.0,0.0,1.0,0.9,0.3,0.15,10,10,0,0
fair,low_risk_share,high,100,1,2.7,0.9,0.45,0.95,0.15,0.1583333333333333,10,10,0,0
fair,low_risk_share,high,100,2,0.0,0.0,0.0,0.0,0.0,0.0,10,10,0,0
fair,low_risk_share,high,100,3,6.0,0.0,1.0,1.0,0.0,0.1666666666666666,10,10,0,0
fair,low_risk_share,high,75,0,6.0,0.0,1.0,0.6,0.4898979485566356,0.0999999999999999,10,10,0,0
fair,low_risk_share,high,75,1,2.7,0.9,0.45,3.0,0.0,0.5,10,10,0,0
fair,low_risk_share,high,75,2,2.7,0.9,0.45,0.35,0.2291287847477919,0.0583333333333333,10,10,0,0
fair,low_risk_share,high,75,3,6.0,0.0,1.0,1.0,0.0,0.1666666666666666,10,10,0,0
fair,low_risk_share,high,0,0,6.0,0.0,1.0,1.0,0.0,0.1666666666666666,10,10,0,0
fair,low_risk_share,high,0,1,2.7,0.9,0.45,0.95,0.15,0.1583333333333333,10,10,0,0
fair,low_risk_share,high,0,2,0.0,0.0,0.0,0.0,0.0,0.0,10,10,0,0
fair,low_risk_share,high,0,3,0.1,0.3,0.0166666666666666,3.8,0.3999999999999999,0.6333333333333333,10,10,0,0
fair,low_risk_share,high,0,4,6.0,0.0,1.0,0.6,0.4898979485566356,0.0999999999999999,10,10,0,0
fair,low_risk_share,high,50,0,6.0,0.0,1.0,1.0,0.0,0.1666666666666666,10,10,0,0
fair,low_risk_share,high,50,1,3.0,0.0,0.5,2.0,0.0,0.3333333333333333,10,10,0,0
fair,low_risk_share,high,50,2,2.7,0.9,0.45,0.95,0.15,0.1583333333333333,10,10,0,0
fair,low_risk_share,high,50,3,0.0,0.0,0.0,0.0,0.0,0.0,10,10,0,0
fair,low_risk_share,high,50,4,6.0,0.0,1.0,0.6,0.4898979485566356,0.0999999999999999,10,10,0,0
fair,low_risk_share,low,75,0,6.0,0.0,1.0,1.0,0.0,0.1666666666666666,10,10,0,0
fair,low_risk_share,low,75,1,2.7,0.9,0.45,3.4,0.4898979485566356,0.5666666666666667,10,10,0,0
fair,low_risk_share,low,75,2,2.7,0.9,0.45,0.65,0.2291287847477919,0.1083333333333333,10,10,0,0
fair,low_risk_share,low,75,3,0.0,0.0,0.0,0.0,0.0,0.0,10,10,0,0
fair,high_risk_share,low,50,0,2.7,0.9,0.45,3.4,0.4898979485566356,0.5666666666666667,10,10,0,0
fair,high_risk_share,low,50,1,2.7,0.9,0.45,0.55,0.2692582403567252,0.0916666666666666,10,10,0,0
fair,high_risk_share,low,50,2,6.0,0.0,1.0,1.5,0.0,0.25,10,10,0,0
fair,high_risk_share,low,50,3,0.0,0.0,0.0,0.35,0.3905124837953327,0.0583333333333333,10,10,0,0
fair,high_risk_share,low,50,4,0.0,0.0,0.0,0.1,0.3,0.0166666666666666,10,10,0,0
fair,high_risk_share,low,100,0,2.7,0.9,0.45,3.4,0.4898979485566356,0.5666666666666667,10,10,0,0
fair,high_risk_share,low,100,1,2.7,0.9,0.45,0.7,0.2449489742783178,0.1166666666666666,10,10,0,0
fair,high_risk_share,low,100,2,6.0,0.0,1.0,1.05,0.15,0.175,10,10,0,0
fair,high_risk_share,low,100,3,2.7,0.9,0.45,0.55,0.2692582403567252,0.0916666666666666,10,10,0,0
fair,high_risk_share,low,100,4,1.2,1.469693845669907,0.1999999999999999,0.35,0.3905124837953327,0.0583333333333333,10,10,0,0
fair,high_risk_share,low,0,0,3.0,0.0,0.5,2.2,0.2449489742783178,0.3666666666666667,10,10,0,0
fair,high_risk_share,low,0,1,0.0,0.0,0.0,3.4,0.4898979485566356,0.5666666666666667,10,10,0,0
fair,high_risk_share,low,0,2,2.7,0.9,0.45,0.65,0.2291287847477919,0.1083333333333333,10,10,0,0
fair,high_risk_share,low,0,3,2.7,0.9,0.45,0.7,0.2449489742783178,0.1166666666666666,10,10,0,0
fair,high_risk_share,high,50,0,3.0,0.0,0.5,4.0,0.0,0.6666666666666666,10,10,0,0
fair,high_risk_share,high,50,1,2.7,0.9,0.45,0.95,0.15,0.1583333333333333,10,10,0,0
fair,high_risk_share,high,50,2,2.8,0.6,0.4666666666666666,5.2,0.3999999999999999,0.8666666666666667,10,10,0,0
fair,high_risk_share,high,50,3,2.7,0.9,0.45,0.9,0.3,0.15,10,10,0,0
fair,high_risk_share,high,75,0,3.0,0.0,0.5,3.0,0.0,0.5,10,10,0,0
fair,high_risk_share,high,75,1,2.7,0.9,0.45,0.95,0.15,0.1583333333333333,10,10,0,0
fair,high_risk_share,high,75,2,2.8,0.6,0.4666666666666666,5.2,0.3999999999999999,0.8666666666666667,10,10,0,0
fair,high_risk_share,high,75,3,0.0,0.0,0.0,0.55,0.4153311931459037,0.0916666666666666,10,10,0,0
fair,high_risk_share,high,100,0,3.0,0.0,0.5,4.0,0.0,0.6666666666666666,10,10,0,0
fair,high_risk_share,high,100,1,2.8,0.6,0.4666666666666666,5.2,0.3999999999999999,0.8666666666666667,10,10,0,0
fair,high_risk_share,high,100,2,2.7,0.9,0.45,0.35,0.2291287847477919,0.0583333333333333,10,10,0,0
fair,high_risk_share,high,100,3,2.7,0.9,0.45,1.0,0.0,0.1666666666666666,10,10,0,0
fair,high_risk_share,high,0,0,3.0,0.0,0.5,3.0,0.0,0.5,10,10,0,0
fair,high_risk_share,high,0,1,2.8,0.6,0.4666666666666666,5.2,0.3999999999999999,0.8666666666666667,10,10,0,0
fair,high_risk_share,high,0,2,2.7,0.9,0.45,0.95,0.15,0.1583333333333333,10,10,0,0
fair,high_risk_share,high,0,3,2.1,1.374772708486752,0.35,0.35,0.2291287847477919,0.0583333333333333,10,10,0,0
fair,high_risk_share,high,0,4,2.7,0.9,0.45,1.0,0.0,0.1666666666666666,10,10,0,0
fair,high_risk_share,low,75,0,2.7,0.9,0.45,3.8,0.4,0.6333333333333333,10,10,0,0
fair,high_risk_share,low,75,1,2.7,0.9,0.45,0.7,0.2449489742783178,0.1166666666666666,10,10,0,0
fair,high_risk_share,low,75,2,6.0,0.0,1.0,1.55,0.15,0.2583333333333333,10,10,0,0
fair,high_risk_share,low,75,3,3.0,0.0,0.5,2.7,0.2449489742783178,0.45,10,10,0,0
fair,high_risk_share,low,75,4,2.7,0.9,0.45,0.65,0.2291287847477919,0.1083333333333333,10,10,0,0
gala,no_share,low,0,0,0.0,0.0,0.0,0.0,0.0,0.0,10,10,0,0
gala,no_share,low,0,1,1.2,1.469693845669907,0.1999999999999999,0.0,0.0,0.0,10,10,0,0
gala,no_share,low,0,2,4.2,1.469693845669907,0.7000000000000001,2.0,0.0,0.3333333333333333,10,10,0,0
gala,no_share,low,50,0,0.0,0.0,0.0,0.0,0.0,0.0,10,10,0,0
gala,no_share,low,50,1,1.2,1.469693845669907,0.1999999999999999,0.0,0.0,0.0,10,10,0,0
gala,no_share,low,50,2,4.2,1.469693845669907,0.7000000000000001,2.0,0.0,0.3333333333333333,10,10,0,0
gala,no_share,low,100,0,0.0,0.0,0.0,0.0,0.0,0.0,10,10,0,0
gala,no_share,low,100,1,1.2,1.469693845669907,0.1999999999999999,0.0,0.0,0.0,10,10,0,0
gala,no_share,low,100,2,6.0,0.0,1.0,2.0,0.0,0.3333333333333333,10,10,0,0
gala,no_share,low,100,3,0.0,0.0,0.0,0.0,0.0,0.0,10,10,0,0
gala,no_share,low,75,0,0.0,0.0,0.0,0.0,0.0,0.0,10,10,0,0
gala,no_share,low,75,1,1.2,1.469693845669907,0.1999999999999999,0.0,0.0,0.0,10,10,0,0
gala,no_share,low,75,2,6.0,0.0,1.0,2.2,0.3999999999999999,0.3666666666666667,10,10,0,0
gala,no_share,low,75,3,0.0,0.0,0.0,0.0,0.0,0.0,10,10,0,0
gala,no_share,high,0,0,0.0,0.0,0.0,5.555555555555555,0.6849348892187751,0.9259259259259258,10,9,0,1
gala,no_share,high,0,1,0.0,0.0,0.0,0.0,0.0,0.0,10,9,0,1
gala,no_share,high,0,2,6.0,0.0,1.0,1.0,0.0,0.1666666666666666,10,9,0,1
gala,no_share,high,100,0,6.0,0.0,1.0,1.2222222222222223,0.415739709641549,0.2037037037037037,10,9,0,1
gala,no_share,high,100,1,0.0,0.0,0.0,5.666666666666667,0.4714045207910317,0.9444444444444444,10,9,0,1
gala,no_share,high,100,2,0.0,0.0,0.0,0.0,0.0,0.0,10,9,0,1
gala,no_share,high,100,3,0.0,0.0,0.0,5.666666666666667,0.4714045207910317,0.9444444444444444,10,9,0,1
gala,no_share,high,75,0,0.0,0.0,0.0,5.555555555555555,0.6849348892187751,0.9259259259259258,10,9,0,1
gala,no_share,high,75,1,6.0,0.0,1.0,1.0,0.0,0.1666666666666666,10,9,0,1
gala,no_share,high,75,2,6.0,0.0,1.0,0.0,0.0,0.0,10,9,0,1
gala,no_share,high,50,0,0.0,0.0,0.0,5.666666666666667,0.4714045207910317,0.9444444444444444,10,9,0,1
gala,no_share,high,50,1,6.0,0.0,1.0,1.0,0.0,0.1666666666666666,10,9,0,1
gala,no_share,high,50,2,0.0,0.0,0.0,0.0,0.0,0.0,10,9,0,1
gala,no_share,high,50,3,6.0,0.0,1.0,0.0,0.0,0.0,10,9,0,1
gala,low_risk_share,low,50,0,0.0,0.0,0.0,0.0,0.0,0.0,10,10,0,0
gala,low_risk_share,low,50,1,3.0,0.0,0.5,3.9,0.3,0.6499999999999999,10,10,0,0
gala,low_risk_share,low,50,2,6.0,0.0,1.0,0.0,0.0,0.0,10,10,0,0
gala,low_risk_share,low,50,3,0.0,0.0,0.0,0.0,0.0,0.0,10,10,0,0
gala,low_risk_share,high,100,0,0.0,0.0,0.0,0.0,0.0,0.0,10,9,0,1
gala,low_risk_share,high,100,1,0.0,0.0,0.0,5.666666666666667,0.4714045207910317,0.9444444444444444,10,9,0,1
gala,low_risk_share,high,100,2,6.0,0.0,1.0,0.4444444444444444,0.4969039949999533,0.074074074074074,10,9,0,1
gala,low_risk_share,high,100,3,6.0,0.0,1.0,0.6666666666666666,0.4714045207910317,0.1111111111111111,10,9,0,1
gala,low_risk_share,low,75,0,0.0,0.0,0.0,0.0,0.0,0.0,10,10,0,0
gala,low_risk_share,low,75,1,3.0,0.0,0.5,3.9,0.3,0.6499999999999999,10,10,0,0
gala,low_risk_share,low,75,2,6.0,0.0,1.0,0.0,0.0,0.0,10,10,0,0
gala,low_risk_share,low,75,3,6.0,0.0,1.0,0.0,0.0,0.0,10,10,0,0
gala,low_risk_share,low,100,0,0.0,0.0,0.0,0.0,0.0,0.0,10,10,0,0
gala,low_risk_share,low,100,1,6.0,0.0,1.0,1.0,0.0,0.1666666666666666,10,10,0,0
gala,low_risk_share,low,100,2,3.0,0.0,0.5,1.9,0.3,0.3166666666666666,10,10,0,0
gala,low_risk_share,low,100,3,0.0,0.0,0.0,0.0,0.0,0.0,10,10,0,0
gala,low_risk_share,high,50,0,0.0,0.0,0.0,0.0,0.0,0.0,10,9,0,1
gala,low_risk_share,high,50,1,0.0,0.0,0.0,5.666666666666667,0.4714045207910317,0.9444444444444444,10,9,0,1
gala,low_risk_share,high,50,2,6.0,0.0,1.0,1.6666666666666667,0.4714045207910317,0.2777777777777778,10,9,0,1
gala,low_risk_share,high,50,3,0.0,0.0,0.0,0.0,0.0,0.0,10,9,0,1
gala,low_risk_share,low,0,0,0.0,0.0,0.0,0.0,0.0,0.0,10,10,0,0
gala,low_risk_share,low,0,1,0.0,0.0,0.0,0.0,0.0,0.0,10,10,0,0
gala,low_risk_share,low,0,2,3.0,0.0,0.5,2.1,0.3,0.35,10,10,0,0
gala,low_risk_share,low,0,3,1.2,1.469693845669907,0.1999999999999999,0.4,0.4898979485566356,0.0666666666666666,10,10,0,0
gala,low_risk_share,high,0,0,0.0,0.0,0.0,0.0,0.0,0.0,10,9,0,1
gala,low_risk_share,high,0,1,0.0,0.0,0.0,5.666666666666667,0.4714045207910317,0.9444444444444444,10,9,0,1
gala,low_risk_share,high,0,2,6.0,0.0,1.0,1.0,0.0,0.1666666666666666,10,9,0,1
gala,low_risk_share,high,0,3,0.0,0.0,0.0,0.0,0.0,0.0,10,9,0,1
gala,high_risk_share,low,75,0,3.0,0.0,0.5,1.0,0.0,0.1666666666666666,10,10,0,0
gala,high_risk_share,low,75,1,0.0,0.0,0.0,0.3,0.4582575694955839,0.0499999999999999,10,10,0,0
gala,high_risk_share,low,75,2,0.0,0.0,0.0,0.0,0.0,0.0,10,10,0,0
gala,high_risk_share,low,75,3,3.0,0.0,0.5,3.7,0.6403124237432849,0.6166666666666667,10,10,0,0
gala,high_risk_share,low,50,0,3.0,0.0,0.5,1.0,0.0,0.1666666666666666,10,10,0,0
gala,high_risk_share,low,50,1,0.0,0.0,0.0,0.0,0.0,0.0,10,10,0,0
gala,high_risk_share,low,50,2,3.0,0.0,0.5,2.9,0.3,0.4833333333333333,10,10,0,0
gala,high_risk_share,low,100,0,3.0,0.0,0.5,1.0,0.0,0.1666666666666666,10,10,0,0
gala,high_risk_share,low,100,1,0.0,0.0,0.0,0.0,0.0,0.0,10,10,0,0
gala,high_risk_share,low,100,2,4.2,1.469693845669907,0.7000000000000001,2.9,0.3,0.4833333333333333,10,10,0,0
gala,high_risk_share,low,100,3,0.0,0.0,0.0,0.3,0.4582575694955839,0.0499999999999999,10,10,0,0
gala,low_risk_share,high,75,0,0.0,0.0,0.0,0.0,0.0,0.0,10,9,0,1
gala,low_risk_share,high,75,1,0.0,0.0,0.0,5.666666666666667,0.4714045207910317,0.9444444444444444,10,9,0,1
gala,low_risk_share,high,75,2,6.0,0.0,1.0,1.0,0.0,0.1666666666666666,10,9,0,1
gala,low_risk_share,high,75,3,0.0,0.0,0.0,0.0,0.0,0.0,10,9,0,1
gala,high_risk_share,high,75,0,0.0,0.0,0.0,5.666666666666667,0.4714045207910317,0.9444444444444444,10,9,0,1
gala,high_risk_share,high,75,1,6.0,0.0,1.0,3.0,0.816496580927726,0.5,10,9,0,1
gala,high_risk_share,high,75,2,6.0,0.0,1.0,2.0,0.0,0.3333333333333333,10,9,0,1
gala,high_risk_share,high,75,3,0.0,0.0,0.0,5.666666666666667,0.4714045207910317,0.9444444444444444,10,9,0,1
gala,high_risk_share,low,0,0,3.0,0.0,0.5,1.0,0.0,0.1666666666666666,10,10,0,0
gala,high_risk_share,low,0,1,3.0,0.0,0.5,2.9,0.3,0.4833333333333333,10,10,0,0
gala,high_risk_share,low,0,2,0.0,0.0,0.0,0.0,0.0,0.0,10,10,0,0
gala,high_risk_share,low,0,3,3.0,0.0,0.5,2.1,0.3,0.35,10,10,0,0
gala,high_risk_share,high,0,0,0.0,0.0,0.0,0.6666666666666666,0.4714045207910317,0.1111111111111111,10,9,0,1
gala,high_risk_share,high,0,1,1.2,1.469693845669907,0.1999999999999999,1.0,0.0,0.1666666666666666,10,9,0,1
gala,high_risk_share,high,0,2,0.0,0.0,0.0,5.0,1.8856180831641267,0.8333333333333333,10,9,0,1
gala,high_risk_share,high,0,3,0.0,0.0,0.0,5.666666666666667,0.4714045207910317,0.9444444444444444,10,9,0,1
gala,high_risk_share,high,100,0,0.0,0.0,0.0,5.0,1.8856180831641267,0.8333333333333333,10,9,0,1
gala,high_risk_share,high,100,1,0.0,0.0,0.0,5.666666666666667,0.4714045207910317,0.9444444444444444,10,9,0,1
gala,high_risk_share,high,100,2,0.0,0.0,0.0,0.0,0.0,0.0,10,9,0,1
gala,high_risk_share,high,100,3,6.0,0.0,1.0,1.0,0.0,0.1666666666666666,10,9,0,1
gala,high_risk_share,high,50,0,6.0,0.0,1.0,2.0,0.0,0.3333333333333333,10,9,0,1
gala,high_risk_share,high,50,1,0.0,0.0,0.0,0.0,0.0,0.0,10,9,0,1
gala,high_risk_share,high,50,2,3.0,0.0,0.5,4.0,0.0,0.6666666666666666,10,9,0,1
gala,high_risk_share,high,50,3,0.1,0.3,0.0166666666666666,0.0,0.0,0.0,10,9,0,1
hike,no_share,low,75,0,3.3,0.458257569495584,0.5499999999999999,0.0,0.0,0.0,10,10,0,0
hike,no_share,low,75,1,3.7,0.9,0.6166666666666667,1.75,0.51234753829798,0.2916666666666666,10,10,0,0
hike,no_share,low,75,2,0.0,0.0,0.0,0.0,0.0,0.0,10,10,0,0
hike,no_share,low,75,3,3.45,0.687386354243376,0.5750000000000001,1.45,0.15,0.2416666666666666,10,10,0,0
hike,no_share,low,50,0,3.3,0.458257569495584,0.5499999999999999,0.0,0.0,0.0,10,10,0,0
hike,no_share,low,50,1,6.0,0.0,1.0,2.8,0.3999999999999999,0.4666666666666666,10,10,0,0
hike,no_share,low,50,2,1.9,0.9433981132056604,0.3166666666666666,0.8,0.4,0.1333333333333333,10,10,0,0
hike,no_share,low,50,3,3.55,0.687386354243376,0.5916666666666667,0.1,0.2,0.0166666666666666,10,10,0,0
hike,no_share,low,0,0,3.3,0.458257569495584,0.5499999999999999,0.0,0.0,0.0,10,10,0,0
hike,no_share,low,0,1,3.4,0.6244997998398398,0.5666666666666667,0.0,0.0,0.0,10,10,0,0
hike,no_share,low,0,2,1.6,1.0198039027185568,0.2666666666666666,0.85,0.3201562118716424,0.1416666666666666,10,10,0,0
hike,no_share,low,0,3,0.0,0.0,0.0,0.15,0.229128784747792,0.0249999999999999,10,10,0,0
hike,no_share,low,100,0,3.55,0.687386354243376,0.5916666666666667,1.5,0.0,0.25,10,10,0,0
hike,no_share,low,100,1,2.9,0.3,0.4833333333333333,0.85,0.3201562118716424,0.1416666666666666,10,10,0,0
hike,no_share,low,100,2,3.55,0.687386354243376,0.5916666666666667,0.0,0.0,0.0,10,10,0,0
hike,no_share,low,100,3,6.0,0.0,1.0,2.8,0.3999999999999999,0.4666666666666666,10,10,0,0
hike,no_share,high,0,0,3.3,0.458257569495584,0.5499999999999999,0.5,0.0,0.0833333333333333,10,10,0,0
hike,no_share,high,0,1,3.3,0.458257569495584,0.5499999999999999,1.0,0.0,0.1666666666666666,10,10,0,0
hike,no_share,high,0,2,1.9,0.9433981132056604,0.3166666666666666,1.0,0.0,0.1666666666666666,10,10,0,0
hike,no_share,high,0,3,0.4,0.4898979485566356,0.0666666666666666,0.0,0.0,0.0,10,10,0,0
hike,low_risk_share,low,50,0,0.0,0.0,0.0,0.0,0.0,0.0,10,10,0,0
hike,low_risk_share,low,50,1,3.55,0.687386354243376,0.5916666666666667,0.0,0.0,0.0,10,10,0,0
hike,low_risk_share,low,50,2,3.6,0.7681145747868608,0.6,0.95,0.15,0.1583333333333333,10,10,0,0
hike,low_risk_share,low,50,3,0.0,0.0,0.0,0.0,0.0,0.0,10,10,0,0
hike,low_risk_share,low,75,0,0.0,0.0,0.0,0.0,0.0,0.0,10,10,0,0
hike,low_risk_share,low,75,1,3.55,0.687386354243376,0.5916666666666667,0.0,0.0,0.0,10,10,0,0
hike,low_risk_share,low,75,2,3.6,0.7681145747868608,0.6,0.95,0.15,0.1583333333333333,10,10,0,0
hike,low_risk_share,low,75,3,0.0,0.0,0.0,0.0,0.0,0.0,10,10,0,0
hike,no_share,high,50,0,3.3,0.458257569495584,0.5499999999999999,0.5,0.0,0.0833333333333333,10,10,0,0
hike,no_share,high,50,1,6.0,0.0,1.0,3.2,0.3999999999999999,0.5333333333333333,10,10,0,0
hike,no_share,high,50,2,0.0,0.0,0.0,0.0,0.0,0.0,10,10,0,0
hike,no_share,high,50,3,3.5,0.6324555320336759,0.5833333333333334,1.4,0.4358898943540673,0.2333333333333333,10,10,0,0
hike,no_share,high,100,0,3.3,0.458257569495584,0.5499999999999999,0.5,0.0,0.0833333333333333,10,10,0,0
hike,no_share,high,100,1,3.7,0.9,0.6166666666666667,5.0,0.0,0.8333333333333333,10,10,0,0
hike,no_share,high,100,2,2.9,0.3,0.4833333333333333,1.0,0.0,0.1666666666666666,10,10,0,0
hike,no_share,high,100,3,0.0,0.0,0.0,0.0,0.0,0.0,10,10,0,0
hike,low_risk_share,low,0,0,0.0,0.0,0.0,0.0,0.0,0.0,10,10,0,0
hike,low_risk_share,low,0,1,3.3,0.458257569495584,0.5499999999999999,1.55,0.5678908345800273,0.2583333333333333,10,10,0,0
hike,low_risk_share,low,0,2,6.0,0.0,1.0,2.8,0.3999999999999999,0.4666666666666666,10,10,0,0
hike,low_risk_share,low,0,3,0.0,0.0,0.0,0.0,0.0,0.0,10,10,0,0
hike,low_risk_share,low,100,0,3.55,0.687386354243376,0.5916666666666667,0.0,0.0,0.0,10,10,0,0
hike,low_risk_share,low,100,1,3.6,0.7681145747868608,0.6,0.95,0.15,0.1583333333333333,10,10,0,0
hike,low_risk_share,low,100,2,3.55,0.687386354243376,0.5916666666666667,0.1,0.2,0.0166666666666666,10,10,0,0
hike,low_risk_share,low,100,3,0.0,0.0,0.0,0.0,0.0,0.0,10,10,0,0
hike,low_risk_share,high,50,0,0.0,0.0,0.0,0.0,0.0,0.0,10,10,0,0
hike,low_risk_share,high,50,1,3.6,0.7681145747868608,0.6,1.0,0.0,0.1666666666666666,10,10,0,0
hike,low_risk_share,high,50,2,3.55,0.687386354243376,0.5916666666666667,0.5,0.0,0.0833333333333333,10,10,0,0
hike,low_risk_share,high,50,3,0.0,0.0,0.0,0.0,0.0,0.0,10,10,0,0
hike,high_risk_share,low,0,0,0.0,0.0,0.0,0.0,0.0,0.0,10,10,0,0
hike,high_risk_share,low,0,1,3.55,0.687386354243376,0.5916666666666667,1.5,0.0,0.25,10,10,0,0
hike,high_risk_share,low,0,2,3.55,0.687386354243376,0.5916666666666667,0.1,0.2,0.0166666666666666,10,10,0,0
hike,high_risk_share,low,0,3,0.0,0.0,0.0,0.15,0.229128784747792,0.0249999999999999,10,10,0,0
hike,low_risk_share,high,100,0,3.55,0.687386354243376,0.5916666666666667,0.0,0.0,0.0,10,10,0,0
hike,low_risk_share,high,100,1,1.9,0.9433981132056604,0.3166666666666666,3.05,0.15,0.5083333333333333,10,10,0,0
hike,low_risk_share,high,100,2,2.9,0.3,0.4833333333333333,1.0,0.0,0.1666666666666666,10,10,0,0
hike,low_risk_share,high,100,3,1.8,0.8717797887081348,0.3,4.05,0.15,0.6749999999999999,10,10,0,0
hike,no_share,high,75,0,3.3,0.458257569495584,0.5499999999999999,0.5,0.0,0.0833333333333333,10,10,0,0
hike,no_share,high,75,1,3.3,0.458257569495584,0.5499999999999999,1.0,0.0,0.1666666666666666,10,10,0,0
hike,no_share,high,75,2,1.8,0.8717797887081348,0.3,4.55,0.2692582403567252,0.7583333333333333,10,10,0,0
hike,no_share,high,75,3,0.4,0.4898979485566356,0.0666666666666666,0.0,0.0,0.0,10,10,0,0
hike,high_risk_share,high,0,0,3.55,0.687386354243376,0.5916666666666667,4.0,0.0,0.6666666666666666,10,10,0,0
hike,high_risk_share,high,0,1,0.0,0.0,0.0,0.0,0.0,0.0,10,10,0,0
hike,high_risk_share,high,0,2,2.9,0.3,0.4833333333333333,1.0,0.0,0.1666666666666666,10,10,0,0
hike,high_risk_share,high,0,3,0.0,0.0,0.0,0.0,0.0,0.0,10,10,0,0
hike,high_risk_share,low,75,0,3.55,0.687386354243376,0.5916666666666667,1.5,0.0,0.25,10,10,0,0
hike,high_risk_share,low,75,1,0.0,0.0,0.0,0.0,0.0,0.0,10,10,0,0
hike,high_risk_share,low,75,2,3.55,0.687386354243376,0.5916666666666667,0.0,0.0,0.0,10,10,0,0
hike,high_risk_share,low,75,3,0.2,0.4000000000000001,0.0333333333333333,0.0,0.0,0.0,10,10,0,0
hike,high_risk_share,high,75,0,3.55,0.687386354243376,0.5916666666666667,4.0,0.0,0.6666666666666666,10,10,0,0
hike,high_risk_share,high,75,1,0.0,0.0,0.0,0.0,0.0,0.0,10,10,0,0
hike,high_risk_share,high,75,2,3.7,0.9,0.6166666666666667,5.0,0.0,0.8333333333333333,10,10,0,0
hike,high_risk_share,high,75,3,2.9,0.3,0.4833333333333333,1.0,0.0,0.1666666666666666,10,10,0,0
hike,low_risk_share,high,75,0,0.0,0.0,0.0,4.0,0.0,0.6666666666666666,10,10,0,0
hike,low_risk_share,high,75,1,3.6,0.7681145747868608,0.6,1.0,0.0,0.1666666666666666,10,10,0,0
hike,low_risk_share,high,75,2,3.55,0.687386354243376,0.5916666666666667,0.5,0.0,0.0833333333333333,10,10,0,0
hike,low_risk_share,high,75,3,5.6,0.4898979485566356,0.9333333333333332,2.0,0.0,0.3333333333333333,10,10,0,0
hike,high_risk_share,low,50,0,0.0,0.0,0.0,0.0,0.0,0.0,10,10,0,0
hike,high_risk_share,low,50,1,3.55,0.687386354243376,0.5916666666666667,1.5,0.0,0.25,10,10,0,0
hike,high_risk_share,low,50,2,3.55,0.687386354243376,0.5916666666666667,0.0,0.0,0.0,10,10,0,0
hike,high_risk_share,low,50,3,0.2,0.4000000000000001,0.0333333333333333,0.0,0.0,0.0,10,10,0,0
hike,low_risk_share,high,0,0,0.0,0.0,0.0,0.0,0.0,0.0,10,10,0,0
hike,low_risk_share,high,0,1,1.9,0.9433981132056604,0.3166666666666666,3.05,0.15,0.5083333333333333,10,10,0,0
hike,low_risk_share,high,0,2,2.9,0.3,0.4833333333333333,1.0,0.0,0.1666666666666666,10,10,0,0
hike,low_risk_share,high,0,3,1.5,0.6708203932499369,0.25,1.0,0.0,0.1666666666666666,10,10,0,0
hike,high_risk_share,high,100,0,3.55,0.687386354243376,0.5916666666666667,4.0,0.0,0.6666666666666666,10,10,0,0
hike,high_risk_share,high,100,1,0.0,0.0,0.0,0.0,0.0,0.0,10,10,0,0
hike,high_risk_share,high,100,2,0.0,0.0,0.0,0.0,0.0,0.0,10,10,0,0
hike,high_risk_share,high,100,3,0.0,0.0,0.0,0.0,0.0,0.0,10,10,0,0
hike,high_risk_share,high,50,0,3.55,0.687386354243376,0.5916666666666667,4.0,0.0,0.6666666666666666,10,10,0,0
hike,high_risk_share,high,50,1,0.0,0.0,0.0,0.0,0.0,0.0,10,10,0,0
hike,high_risk_share,high,50,2,0.0,0.0,0.0,0.0,0.0,0.0,10,10,0,0
hike,high_risk_share,high,50,3,3.1,0.3,0.5166666666666667,1.2,0.4,0.1999999999999999,10,10,0,0
hike,high_risk_share,low,100,0,0.0,0.0,0.0,0.0,0.0,0.0,10,10,0,0
hike,high_risk_share,low,100,1,3.55,0.687386354243376,0.5916666666666667,1.5,0.0,0.25,10,10,0,0
hike,high_risk_share,low,100,2,0.0,0.0,0.0,0.0,0.0,0.0,10,10,0,0
hike,high_risk_share,low,100,3,0.0,0.0,0.0,0.0,0.0,0.0,10,10,0,0
oysters,no_share,low,50,0,3.0,0.0,0.5,0.45,0.15,0.075,10,10,0,0
oysters,no_share,low,50,1,3.0,0.0,0.5,1.5,0.0,0.25,10,10,0,0
oysters,no_share,low,50,2,0.0,0.0,0.0,0.25,0.25,0.0416666666666666,10,10,0,0
oysters,no_share,low,50,3,0.0,0.0,0.0,0.8,0.2449489742783178,0.1333333333333333,10,10,0,0
oysters,no_share,low,100,0,3.0,0.0,0.5,0.0,0.0,0.0,10,10,0,0
oysters,no_share,low,100,1,3.0,0.0,0.5,1.5,0.0,0.25,10,10,0,0
oysters,no_share,low,100,2,0.0,0.0,0.0,0.0,0.0,0.0,10,10,0,0
oysters,no_share,high,0,0,3.0,0.0,0.5,0.6,0.2,0.0999999999999999,10,10,0,0
oysters,no_share,high,0,1,3.0,0.0,0.5,1.45,0.15,0.2416666666666666,10,10,0,0
oysters,no_share,high,0,2,0.0,0.0,0.0,4.0,0.0,0.6666666666666666,10,10,0,0
oysters,no_share,high,0,3,0.0,0.0,0.0,0.0,0.0,0.0,10,10,0,0
oysters,no_share,low,0,0,3.0,0.0,0.5,1.5,0.0,0.25,10,10,0,0
oysters,no_share,low,0,1,3.0,0.0,0.5,0.45,0.15,0.075,10,10,0,0
oysters,no_share,low,0,2,0.0,0.0,0.0,0.25,0.25,0.0416666666666666,10,10,0,0
oysters,no_share,low,0,3,0.0,0.0,0.0,0.8,0.2449489742783178,0.1333333333333333,10,10,0,0
oysters,low_risk_share,low,50,0,3.0,0.0,0.5,0.45,0.15,0.075,10,10,0,0
oysters,low_risk_share,low,50,1,0.0,0.0,0.0,1.2,0.9797958971132712,0.1999999999999999,10,10,0,0
oysters,low_risk_share,low,50,2,3.0,0.0,0.5,0.0,0.0,0.0,10,10,0,0
oysters,no_share,high,100,0,3.0,0.0,0.5,0.5,0.0,0.0833333333333333,10,10,0,0
oysters,no_share,high,100,1,3.0,0.0,0.5,1.9,0.1999999999999999,0.3166666666666666,10,10,0,0
oysters,no_share,high,100,2,0.0,0.0,0.0,0.0,0.0,0.0,10,10,0,0
oysters,no_share,high,100,3,0.0,0.0,0.0,0.0,0.0,0.0,10,10,0,0
oysters,no_share,high,100,4,0.0,0.0,0.0,0.0,0.0,0.0,10,10,0,0
oysters,no_share,high,50,0,3.0,0.0,0.5,0.5,0.0,0.0833333333333333,10,10,0,0
oysters,no_share,high,50,1,0.0,0.0,0.0,4.5,0.0,0.75,10,10,0,0
oysters,no_share,high,50,2,0.8,1.1661903789690602,0.1333333333333333,0.1,0.2,0.0166666666666666,10,10,0,0
oysters,no_share,high,50,3,0.0,0.0,0.0,2.75,0.3354101966249684,0.4583333333333333,10,10,0,0
oysters,no_share,high,75,0,3.0,0.0,0.5,0.2,0.2449489742783178,0.0333333333333333,10,10,0,0
oysters,no_share,high,75,1,0.0,0.0,0.0,4.5,0.0,0.75,10,10,0,0
oysters,no_share,high,75,2,0.0,0.0,0.0,0.0,0.0,0.0,10,10,0,0
oysters,no_share,high,75,3,0.0,0.0,0.0,0.0,0.0,0.0,10,10,0,0
oysters,low_risk_share,low,100,0,3.0,0.0,0.5,0.45,0.15,0.075,10,10,0,0
oysters,low_risk_share,low,100,1,3.0,0.0,0.5,0.0,0.0,0.0,10,10,0,0
oysters,low_risk_share,low,100,2,0.0,0.0,0.0,0.9,0.3,0.15,10,10,0,0
oysters,low_risk_share,low,100,3,0.0,0.0,0.0,1.6,0.4898979485566356,0.2666666666666666,10,10,0,0
oysters,low_risk_share,low,0,0,3.0,0.0,0.5,0.45,0.15,0.075,10,10,0,0
oysters,low_risk_share,low,0,1,3.0,0.0,0.5,0.0,0.0,0.0,10,10,0,0
oysters,low_risk_share,low,0,2,0.0,0.0,0.0,0.0,0.0,0.0,10,10,0,0
oysters,low_risk_share,low,0,3,0.0,0.0,0.0,1.6,0.4898979485566356,0.2666666666666666,10,10,0,0
oysters,low_risk_share,low,75,0,3.0,0.0,0.5,0.0,0.0,0.0,10,10,0,0
oysters,low_risk_share,low,75,1,3.0,0.0,0.5,0.45,0.15,0.075,10,10,0,0
oysters,low_risk_share,low,75,2,3.0,0.0,0.5,0.0,0.0,0.0,10,10,0,0
oysters,low_risk_share,high,75,0,3.0,0.0,0.5,0.5,0.0,0.0833333333333333,10,10,0,0
oysters,low_risk_share,high,75,1,3.0,0.0,0.5,0.0,0.0,0.0,10,10,0,0
oysters,low_risk_share,high,75,2,0.0,0.0,0.0,2.1,0.1999999999999999,0.35,10,10,0,0
oysters,low_risk_share,high,75,3,0.0,0.0,0.0,2.9,0.4898979485566356,0.4833333333333333,10,10,0,0
oysters,low_risk_share,high,50,0,3.0,0.0,0.5,0.5,0.0,0.0833333333333333,10,10,0,0
oysters,low_risk_share,high,50,1,0.0,0.0,0.0,2.9,0.4898979485566356,0.4833333333333333,10,10,0,0
oysters,low_risk_share,high,50,2,3.0,0.0,0.5,0.0,0.0,0.0,10,10,0,0
oysters,low_risk_share,high,0,0,3.0,0.0,0.5,0.5,0.0,0.0833333333333333,10,10,0,0
oysters,low_risk_share,high,0,1,0.0,0.0,0.0,2.9,0.4898979485566356,0.4833333333333333,10,10,0,0
oysters,low_risk_share,high,0,2,3.0,0.0,0.5,0.0,0.0,0.0,10,10,0,0
oysters,no_share,low,75,0,3.0,0.0,0.5,0.45,0.15,0.075,10,10,0,0
oysters,no_share,low,75,1,3.0,0.0,0.5,1.5,0.0,0.25,10,10,0,0
oysters,no_share,low,75,2,0.0,0.0,0.0,0.9,0.3,0.15,10,10,0,0
oysters,no_share,low,75,3,0.0,0.0,0.0,1.6,0.4898979485566356,0.2666666666666666,10,10,0,0
oysters,no_share,low,75,4,0.0,0.0,0.0,0.0,0.0,0.0,10,10,0,0
oysters,low_risk_share,high,100,0,3.0,0.0,0.5,0.5,0.0,0.0833333333333333,10,10,0,0
oysters,low_risk_share,high,100,1,0.0,0.0,0.0,2.9,0.4898979485566356,0.4833333333333333,10,10,0,0
oysters,low_risk_share,high,100,2,3.0,0.0,0.5,0.0,0.0,0.0,10,10,0,0
oysters,low_risk_share,high,100,3,0.0,0.0,0.0,2.4,0.3741657386773941,0.3999999999999999,10,10,0,0
oysters,high_risk_share,low,50,0,3.0,0.0,0.5,0.45,0.15,0.075,10,10,0,0
oysters,high_risk_share,low,50,1,0.0,0.0,0.0,1.95,0.15,0.3249999999999999,10,10,0,0
oysters,high_risk_share,low,50,2,0.0,0.0,0.0,1.2,0.9797958971132712,0.1999999999999999,10,10,0,0
oysters,high_risk_share,low,50,3,3.0,0.0,0.5,0.25,0.25,0.0416666666666666,10,10,0,0
oysters,high_risk_share,low,0,0,0.0,0.0,0.0,1.2,0.9797958971132712,0.1999999999999999,10,10,0,0
oysters,high_risk_share,low,0,1,3.0,0.0,0.5,0.0,0.0,0.0,10,10,0,0
oysters,high_risk_share,low,0,2,0.0,0.0,0.0,0.0,0.0,0.0,10,10,0,0
oysters,high_risk_share,low,0,3,0.0,0.0,0.0,1.9,0.3,0.3166666666666666,10,10,0,0
oysters,high_risk_share,high,0,0,0.0,0.0,0.0,2.9,0.4898979485566356,0.4833333333333333,10,10,0,0
oysters,high_risk_share,high,0,1,0.0,0.0,0.0,4.0,0.0,0.6666666666666666,10,10,0,0
oysters,high_risk_share,high,0,2,3.0,0.0,0.5,0.5,0.0,0.0833333333333333,10,10,0,0
oysters,high_risk_share,high,50,0,0.0,0.0,0.0,4.5,0.0,0.75,10,10,0,0
oysters,high_risk_share,high,50,1,3.0,0.0,0.5,0.5,0.0,0.0833333333333333,10,10,0,0
oysters,high_risk_share,high,50,2,0.0,0.0,0.0,2.9,0.4898979485566356,0.4833333333333333,10,10,0,0
oysters,high_risk_share,high,50,3,0.0,0.0,0.0,0.0,0.0,0.0,10,10,0,0
oysters,high_risk_share,low,100,0,3.0,0.0,0.5,0.45,0.15,0.075,10,10,0,0
oysters,high_risk_share,low,100,1,0.0,0.0,0.0,1.95,0.15,0.3249999999999999,10,10,0,0
oysters,high_risk_share,low,100,2,0.0,0.0,0.0,1.2,0.9797958971132712,0.1999999999999999,10,10,0,0
oysters,high_risk_share,low,100,3,3.0,0.0,0.5,0.25,0.25,0.0416666666666666,10,10,0,0
oysters,high_risk_share,low,75,0,6.0,0.0,1.0,1.05,0.15,0.175,10,10,0,0
oysters,high_risk_share,low,75,1,2.1,1.374772708486752,0.35,2.0,0.0,0.3333333333333333,10,10,0,0
oysters,high_risk_share,low,75,2,0.0,0.0,0.0,1.2,0.9797958971132712,0.1999999999999999,10,10,0,0
oysters,high_risk_share,low,75,3,3.0,0.0,0.5,0.45,0.15,0.075,10,10,0,0
oysters,high_risk_share,low,75,4,0.0,0.0,0.0,1.6,0.4898979485566356,0.2666666666666666,10,10,0,0
oysters,high_risk_share,high,75,0,0.0,0.0,0.0,4.0,0.0,0.6666666666666666,10,10,0,0
oysters,high_risk_share,high,75,1,3.0,0.0,0.5,0.5,0.0,0.0833333333333333,10,10,0,0
oysters,high_risk_share,high,75,2,0.8,1.1661903789690602,0.1333333333333333,0.05,0.15,0.0083333333333333,10,10,0,0
oysters,high_risk_share,high,75,3,0.0,0.0,0.0,2.1,0.1999999999999999,0.35,10,10,0,0
oysters,high_risk_share,high,100,0,0.0,0.0,0.0,4.5,0.0,0.75,10,10,0,0
oysters,high_risk_share,high,100,1,3.0,0.0,0.5,0.5,0.0,0.0833333333333333,10,10,0,0
oysters,high_risk_share,high,100,2,0.0,0.0,0.0,2.9,0.4898979485566356,0.4833333333333333,10,10,0,0
oysters,high_risk_share,high,100,3,0.0,0.0,0.0,2.3,0.2449489742783178,0.3833333333333333,10,10,0,0
social,no_share,low,50,0,0.0,0.0,0.0,0.0,0.0,0.0,10,10,0,0
social,no_share,low,50,1,0.0,0.0,0.0,0.0,0.0,0.0,10,10,0,0
social,no_share,low,50,2,3.0,0.0,0.5,1.5,0.0,0.25,10,10,0,0
social,no_share,low,50,3,3.0,0.0,0.5,2.0,0.0,0.3333333333333333,10,10,0,0
social,no_share,low,0,0,0.0,0.0,0.0,0.0,0.0,0.0,10,10,0,0
social,no_share,low,0,1,0.0,0.0,0.0,0.0,0.0,0.0,10,10,0,0
social,no_share,low,0,2,3.0,0.0,0.5,1.5,0.0,0.25,10,10,0,0
social,no_share,low,0,3,3.0,0.0,0.5,2.0,0.0,0.3333333333333333,10,10,0,0
social,no_share,low,75,0,0.0,0.0,0.0,0.0,0.0,0.0,10,10,0,0
social,no_share,low,75,1,0.0,0.0,0.0,0.0,0.0,0.0,10,10,0,0
social,no_share,low,75,2,3.0,0.0,0.5,1.5,0.0,0.25,10,10,0,0
social,no_share,low,75,3,3.0,0.0,0.5,2.0,0.0,0.3333333333333333,10,10,0,0
social,no_share,low,100,0,0.0,0.0,0.0,0.0,0.0,0.0,10,10,0,0
social,no_share,low,100,1,0.0,0.0,0.0,0.0,0.0,0.0,10,10,0,0
social,no_share,low,100,2,6.0,0.0,1.0,1.0,0.0,0.1666666666666666,10,10,0,0
social,no_share,low,100,3,3.0,0.0,0.5,2.0,0.0,0.3333333333333333,10,10,0,0
social,no_share,high,0,0,0.0,0.0,0.0,0.0,0.0,0.0,10,10,0,0
social,no_share,high,0,1,0.0,0.0,0.0,0.0,0.0,0.0,10,10,0,0
social,no_share,high,0,2,3.0,0.0,0.5,1.0,0.0,0.1666666666666666,10,10,0,0
social,no_share,high,0,3,0.0,0.0,0.0,2.3,0.458257569495584,0.3833333333333333,10,10,0,0
social,no_share,high,75,0,0.0,0.0,0.0,0.0,0.0,0.0,10,10,0,0
social,no_share,high,75,1,0.0,0.0,0.0,0.0,0.0,0.0,10,10,0,0
social,no_share,high,75,2,3.0,0.0,0.5,1.0,0.0,0.1666666666666666,10,10,0,0
social,no_share,high,50,0,0.0,0.0,0.0,0.0,0.0,0.0,10,10,0,0
social,no_share,high,50,1,0.0,0.0,0.0,0.0,0.0,0.0,10,10,0,0
social,no_share,high,50,2,3.0,0.0,0.5,1.0,0.0,0.1666666666666666,10,10,0,0
social,no_share,high,50,3,0.0,0.0,0.0,3.0,0.0,0.5,10,10,0,0
social,low_risk_share,low,50,0,0.0,0.0,0.0,0.0,0.0,0.0,10,10,0,0
social,low_risk_share,low,50,1,0.0,0.0,0.0,0.0,0.0,0.0,10,10,0,0
social,low_risk_share,low,50,2,0.0,0.0,0.0,0.0,0.0,0.0,10,10,0,0
social,low_risk_share,low,50,3,3.0,0.0,0.5,2.0,0.0,0.3333333333333333,10,10,0,0
social,no_share,high,100,0,0.0,0.0,0.0,0.0,0.0,0.0,10,10,0,0
social,no_share,high,100,1,0.0,0.0,0.0,0.0,0.0,0.0,10,10,0,0
social,no_share,high,100,2,3.0,0.0,0.5,1.0,0.0,0.1666666666666666,10,10,0,0
social,no_share,high,100,3,0.0,0.0,0.0,2.3,0.458257569495584,0.3833333333333333,10,10,0,0
social,low_risk_share,low,100,0,0.0,0.0,0.0,0.0,0.0,0.0,10,10,0,0
social,low_risk_share,low,100,1,0.0,0.0,0.0,0.0,0.0,0.0,10,10,0,0
social,low_risk_share,low,100,2,0.0,0.0,0.0,0.0,0.0,0.0,10,10,0,0
social,low_risk_share,low,100,3,3.0,0.0,0.5,2.0,0.0,0.3333333333333333,10,10,0,0
social,low_risk_share,low,0,0,0.0,0.0,0.0,0.0,0.0,0.0,10,10,0,0
social,low_risk_share,low,0,1,0.0,0.0,0.0,0.0,0.0,0.0,10,10,0,0
social,low_risk_share,low,0,2,0.0,0.0,0.0,0.0,0.0,0.0,10,10,0,0
social,low_risk_share,low,0,3,3.0,0.0,0.5,2.0,0.0,0.3333333333333333,10,10,0,0
social,low_risk_share,low,75,0,0.0,0.0,0.0,0.0,0.0,0.0,10,10,0,0
social,low_risk_share,low,75,1,0.0,0.0,0.0,0.0,0.0,0.0,10,10,0,0
social,low_risk_share,low,75,2,0.0,0.0,0.0,0.0,0.0,0.0,10,10,0,0
social,low_risk_share,low,75,3,0.0,0.0,0.0,2.0,0.0,0.3333333333333333,10,10,0,0
social,low_risk_share,high,50,0,0.0,0.0,0.0,0.0,0.0,0.0,10,10,0,0
social,low_risk_share,high,50,1,0.0,0.0,0.0,0.0,0.0,0.0,10,10,0,0
social,low_risk_share,high,50,2,0.0,0.0,0.0,0.7,0.4582575694955839,0.1166666666666666,10,10,0,0
social,low_risk_share,high,50,3,0.0,0.0,0.0,0.0,0.0,0.0,10,10,0,0
social,low_risk_share,high,100,0,0.0,0.0,0.0,0.0,0.0,0.0,10,10,0,0
social,low_risk_share,high,100,1,0.0,0.0,0.0,0.0,0.0,0.0,10,10,0,0
social,low_risk_share,high,100,2,0.0,0.0,0.0,0.7,0.4582575694955839,0.1166666666666666,10,10,0,0
social,low_risk_share,high,100,3,0.0,0.0,0.0,0.0,0.0,0.0,10,10,0,0
social,high_risk_share,low,50,0,0.0,0.0,0.0,0.0,0.0,0.0,10,10,0,0
social,high_risk_share,low,50,1,0.0,0.0,0.0,0.0,0.0,0.0,10,10,0,0
social,high_risk_share,low,50,2,0.0,0.0,0.0,1.0,0.0,0.1666666666666666,10,10,0,0
social,high_risk_share,low,50,3,3.0,0.0,0.5,3.0,0.0,0.5,10,10,0,0
social,low_risk_share,high,75,0,0.0,0.0,0.0,0.0,0.0,0.0,10,10,0,0
social,low_risk_share,high,75,1,0.0,0.0,0.0,0.0,0.0,0.0,10,10,0,0
social,low_risk_share,high,75,2,0.0,0.0,0.0,0.0,0.0,0.0,10,10,0,0
social,low_risk_share,high,75,3,6.0,0.0,1.0,2.4,0.4898979485566356,0.3999999999999999,10,10,0,0
social,high_risk_share,low,0,0,0.0,0.0,0.0,0.0,0.0,0.0,10,10,0,0
social,high_risk_share,low,0,1,0.0,0.0,0.0,0.0,0.0,0.0,10,10,0,0
social,high_risk_share,low,0,2,0.0,0.0,0.0,0.0,0.0,0.0,10,10,0,0
social,high_risk_share,low,0,3,3.0,0.0,0.5,2.0,0.0,0.3333333333333333,10,10,0,0
social,high_risk_share,low,100,0,0.0,0.0,0.0,0.0,0.0,0.0,10,10,0,0
social,high_risk_share,low,100,1,0.0,0.0,0.0,0.0,0.0,0.0,10,10,0,0
social,high_risk_share,low,100,2,0.0,0.0,0.0,0.0,0.0,0.0,10,10,0,0
social,high_risk_share,low,100,3,0.0,0.0,0.0,0.0,0.0,0.0,10,10,0,0
social,high_risk_share,low,75,0,0.0,0.0,0.0,0.0,0.0,0.0,10,10,0,0
social,high_risk_share,low,75,1,0.0,0.0,0.0,0.0,0.0,0.0,10,10,0,0
social,high_risk_share,low,75,2,0.0,0.0,0.0,1.0,0.0,0.1666666666666666,10,10,0,0
social,high_risk_share,low,75,3,3.0,0.0,0.5,3.0,0.0,0.5,10,10,0,0
social,low_risk_share,high,0,0,0.0,0.0,0.0,0.0,0.0,0.0,10,10,0,0
social,low_risk_share,high,0,1,0.0,0.0,0.0,0.0,0.0,0.0,10,10,0,0
social,low_risk_share,high,0,2,0.0,0.0,0.0,0.7,0.4582575694955839,0.1166666666666666,10,10,0,0
social,low_risk_share,high,0,3,0.0,0.0,0.0,0.0,0.0,0.0,10,10,0,0
social,high_risk_share,high,0,0,0.0,0.0,0.0,0.0,0.0,0.0,10,10,0,0
social,high_risk_share,high,0,1,0.0,0.0,0.0,0.0,0.0,0.0,10,10,0,0
social,high_risk_share,high,0,2,0.0,0.0,0.0,0.0,0.0,0.0,10,10,0,0
social,high_risk_share,high,0,3,0.0,0.0,0.0,2.3,0.458257569495584,0.3833333333333333,10,10,0,0
social,high_risk_share,high,75,0,0.0,0.0,0.0,0.0,0.0,0.0,10,10,0,0
social,high_risk_share,high,75,1,0.0,0.0,0.0,0.0,0.0,0.0,10,10,0,0
social,high_risk_share,high,75,2,0.0,0.0,0.0,0.0,0.0,0.0,10,10,0,0
social,high_risk_share,high,75,3,3.0,0.0,0.5,2.6,0.4898979485566356,0.4333333333333333,10,10,0,0
social,high_risk_share,high,75,4,0.0,0.0,0.0,0.0,0.0,0.0,10,10,0,0
social,high_risk_share,high,100,0,0.0,0.0,0.0,0.0,0.0,0.0,10,10,0,0
social,high_risk_share,high,100,1,0.0,0.0,0.0,0.0,0.0,0.0,10,10,0,0
social,high_risk_share,high,100,2,0.0,0.0,0.0,0.0,0.0,0.0,10,10,0,0
social,high_risk_share,high,100,3,3.0,0.0,0.5,2.6,0.4898979485566356,0.4333333333333333,10,10,0,0
social,high_risk_share,high,50,0,0.0,0.0,0.0,0.0,0.0,0.0,10,10,0,0
social,high_risk_share,high,50,1,0.0,0.0,0.0,0.0,0.0,0.0,10,10,0,0
social,high_risk_share,high,50,2,0.0,0.0,0.0,0.0,0.0,0.0,10,10,0,0
social,high_risk_share,high,50,3,3.0,0.0,0.5,2.6,0.4898979485566356,0.4333333333333333,10,10,0,0
social,high_risk_share,high,50,4,0.0,0.0,0.0,0.0,0.0,0.0,10,10,0,0
soup,no_share,low,75,0,3.0,0.0,0.5,2.95,0.15,0.4916666666666667,10,10,0,0
soup,no_share,low,75,1,4.2,0.6,0.7000000000000001,0.5,0.0,0.0833333333333333,10,10,0,0
soup,no_share,low,75,2,4.2,0.6,0.7000000000000001,0.5,0.0,0.0833333333333333,10,10,0,0
soup,no_share,low,75,3,0.0,0.0,0.0,1.9,0.3,0.3166666666666666,10,10,0,0
soup,no_share,high,0,0,3.0,0.0,0.5,4.3,0.2449489742783178,0.7166666666666666,10,10,0,0
soup,no_share,high,0,1,2.4,1.2000000000000002,0.3999999999999999,0.5,0.0,0.0833333333333333,10,10,0,0
soup,no_share,high,0,2,0.0,0.0,0.0,0.8,0.4,0.1333333333333333,10,10,0,0
soup,no_share,low,100,0,3.0,0.0,0.5,2.95,0.15,0.4916666666666667,10,10,0,0
soup,no_share,low,100,1,2.8,2.3579652245103193,0.4666666666666666,0.0,0.0,0.0,10,10,0,0
soup,no_share,low,100,2,0.0,0.0,0.0,0.0,0.0,0.0,10,10,0,0
soup,no_share,low,100,3,2.8,2.3579652245103193,0.4666666666666666,0.0,0.0,0.0,10,10,0,0
soup,no_share,high,75,0,5.4,0.8,0.9,2.0,0.0,0.3333333333333333,10,10,0,0
soup,no_share,high,75,1,3.1,1.044030650891055,0.5166666666666667,1.0,0.0,0.1666666666666666,10,10,0,0
soup,no_share,high,75,2,3.1,1.044030650891055,0.5166666666666667,1.0,0.0,0.1666666666666666,10,10,0,0
soup,no_share,high,75,3,0.0,0.0,0.0,0.0,0.0,0.0,10,10,0,0
soup,no_share,low,50,0,3.0,0.0,0.5,2.95,0.15,0.4916666666666667,10,10,0,0
soup,no_share,low,50,1,2.8,2.3579652245103193,0.4666666666666666,0.0,0.0,0.0,10,10,0,0
soup,no_share,low,50,2,2.8,2.3579652245103193,0.4666666666666666,0.0,0.0,0.0,10,10,0,0
soup,no_share,low,50,3,0.0,0.0,0.0,0.0,0.0,0.0,10,10,0,0
soup,no_share,high,100,0,5.4,0.8,0.9,2.0,0.0,0.3333333333333333,10,10,0,0
soup,no_share,high,100,1,3.1,1.044030650891055,0.5166666666666667,1.0,0.0,0.1666666666666666,10,10,0,0
soup,no_share,high,100,2,3.1,1.044030650891055,0.5166666666666667,1.0,0.0,0.1666666666666666,10,10,0,0
soup,no_share,high,100,3,5.8,0.3999999999999999,0.9666666666666668,4.2,0.2449489742783178,0.7,10,10,0,0
soup,no_share,low,0,0,3.0,0.0,0.5,2.95,0.15,0.4916666666666667,10,10,0,0
soup,no_share,low,0,1,2.4,1.2000000000000002,0.3999999999999999,0.5,0.0,0.0833333333333333,10,10,0,0
soup,no_share,low,0,2,2.8,2.3579652245103193,0.4666666666666666,0.0,0.0,0.0,10,10,0,0
soup,no_share,low,0,3,0.0,0.0,0.0,1.9,0.3,0.3166666666666666,10,10,0,0
soup,no_share,high,50,0,5.4,0.8,0.9,2.0,0.0,0.3333333333333333,10,10,0,0
soup,no_share,high,50,1,2.4,1.2000000000000002,0.3999999999999999,0.5,0.0,0.0833333333333333,10,10,0,0
soup,no_share,high,50,2,2.1,0.3,0.35,3.0,0.0,0.5,10,10,0,0
soup,no_share,high,50,3,2.8,2.3579652245103193,0.4666666666666666,0.0,0.0,0.0,10,10,0,0
soup,no_share,high,50,4,2.8,2.3579652245103193,0.4666666666666666,0.0,0.0,0.0,10,10,0,0
soup,low_risk_share,low,0,0,4.2,0.6,0.7000000000000001,0.5,0.0,0.0833333333333333,10,10,0,0
soup,low_risk_share,low,0,1,2.4,1.2000000000000002,0.3999999999999999,2.0,0.0,0.3333333333333333,10,10,0,0
soup,low_risk_share,low,0,2,3.0,0.0,0.5,2.9,0.3,0.4833333333333333,10,10,0,0
soup,low_risk_share,low,0,3,0.0,0.0,0.0,0.0,0.0,0.0,10,10,0,0
soup,low_risk_share,low,50,0,6.0,0.0,1.0,1.4,0.1999999999999999,0.2333333333333333,10,10,0,0
soup,low_risk_share,low,50,1,0.0,0.0,0.0,0.0,0.0,0.0,10,10,0,0
soup,low_risk_share,low,50,2,3.0,0.0,0.5,2.9,0.3,0.4833333333333333,10,10,0,0
soup,low_risk_share,low,50,3,2.4,1.2000000000000002,0.3999999999999999,2.0,0.0,0.3333333333333333,10,10,0,0
soup,low_risk_share,high,0,0,0.0,0.0,0.0,0.0,0.0,0.0,10,10,0,0
soup,low_risk_share,high,0,1,2.4,1.2000000000000002,0.3999999999999999,0.5,0.0,0.0833333333333333,10,10,0,0
soup,low_risk_share,high,0,2,0.0,0.0,0.0,0.0,0.0,0.0,10,10,0,0
soup,low_risk_share,high,0,3,4.2,0.6,0.7000000000000001,0.9,0.3,0.15,10,10,0,0
soup,low_risk_share,low,75,0,0.0,0.0,0.0,0.0,0.0,0.0,10,10,0,0
soup,low_risk_share,low,75,1,2.4,1.2000000000000002,0.3999999999999999,0.5,0.0,0.0833333333333333,10,10,0,0
soup,low_risk_share,low,75,2,3.0,0.0,0.5,2.9,0.3,0.4833333333333333,10,10,0,0
soup,low_risk_share,low,75,3,0.0,0.0,0.0,0.0,0.0,0.0,10,10,0,0
soup,low_risk_share,low,100,0,0.0,0.0,0.0,0.0,0.0,0.0,10,10,0,0
soup,low_risk_share,low,100,1,3.0,0.0,0.5,2.95,0.15,0.4916666666666667,10,10,0,0
soup,low_risk_share,low,100,2,6.0,0.0,1.0,0.2,0.6000000000000001,0.0333333333333333,10,10,0,0
soup,low_risk_share,low,100,3,3.0,0.0,0.5,2.9,0.3,0.4833333333333333,10,10,0,0
soup,low_risk_share,high,75,0,0.0,0.0,0.0,0.0,0.0,0.0,10,10,0,0
soup,low_risk_share,high,75,1,6.0,0.0,1.0,0.0,0.0,0.0,10,10,0,0
soup,low_risk_share,high,75,2,6.0,0.0,1.0,1.82,0.285657137141714,0.3033333333333333,10,10,0,0
soup,low_risk_share,high,75,3,4.2,0.6,0.7000000000000001,0.9,0.3,0.15,10,10,0,0
soup,low_risk_share,high,100,0,0.0,0.0,0.0,0.0,0.0,0.0,10,10,0,0
soup,low_risk_share,high,100,1,6.0,0.0,1.0,0.4,0.8000000000000002,0.0666666666666666,10,10,0,0
soup,low_risk_share,high,100,2,6.0,0.0,1.0,1.82,0.285657137141714,0.3033333333333333,10,10,0,0
soup,high_risk_share,low,75,0,0.0,0.0,0.0,0.0,0.0,0.0,10,10,0,0
soup,high_risk_share,low,75,1,3.0,0.0,0.5,2.95,0.15,0.4916666666666667,10,10,0,0
soup,high_risk_share,low,75,2,2.6,0.4898979485566356,0.4333333333333333,1.9,0.3,0.3166666666666666,10,10,0,0
soup,high_risk_share,low,75,3,3.0,0.0,0.5,2.95,0.15,0.4916666666666667,10,10,0,0
soup,low_risk_share,high,50,0,0.0,0.0,0.0,0.0,0.0,0.0,10,10,0,0
soup,low_risk_share,high,50,1,3.1,1.044030650891055,0.5166666666666667,1.0,0.0,0.1666666666666666,10,10,0,0
soup,low_risk_share,high,50,2,3.1,1.044030650891055,0.5166666666666667,1.0,0.0,0.1666666666666666,10,10,0,0
soup,low_risk_share,high,50,3,3.0,0.0,0.5,3.15,0.45,0.5249999999999999,10,10,0,0
soup,high_risk_share,low,0,0,0.0,0.0,0.0,0.0,0.0,0.0,10,10,0,0
soup,high_risk_share,low,0,1,3.0,0.0,0.5,2.95,0.15,0.4916666666666667,10,10,0,0
soup,high_risk_share,low,0,2,2.6,0.4898979485566356,0.4333333333333333,1.7,0.33166247903554,0.2833333333333333,10,10,0,0
soup,high_risk_share,low,0,3,0.0,0.0,0.0,0.0,0.0,0.0,10,10,0,0
soup,high_risk_share,high,100,0,0.0,0.0,0.0,0.0,0.0,0.0,10,10,0,0
soup,high_risk_share,high,100,1,0.0,0.0,0.0,0.0,0.0,0.0,10,10,0,0
soup,high_risk_share,high,100,2,3.0,0.0,0.5,4.3,0.2449489742783178,0.7166666666666666,10,10,0,0
soup,high_risk_share,high,100,3,2.6,2.2,0.4333333333333333,0.6,0.4898979485566356,0.0999999999999999,10,10,0,0
soup,high_risk_share,high,0,0,0.0,0.0,0.0,0.0,0.0,0.0,10,10,0,0
soup,high_risk_share,high,0,1,0.0,0.0,0.0,0.0,0.0,0.0,10,10,0,0
soup,high_risk_share,high,0,2,3.0,0.0,0.5,4.3,0.2449489742783178,0.7166666666666666,10,10,0,0
soup,high_risk_share,high,0,3,0.0,0.0,0.0,0.6,0.4898979485566356,0.0999999999999999,10,10,0,0
soup,high_risk_share,high,50,0,0.0,0.0,0.0,0.0,0.0,0.0,10,10,0,0
soup,high_risk_share,high,50,1,2.1,0.3,0.35,3.0,0.0,0.5,10,10,0,0
soup,high_risk_share,high,50,2,5.4,0.8,0.9,2.0,0.0,0.3333333333333333,10,10,0,0
soup,high_risk_share,high,50,3,3.0,0.0,0.5,3.15,0.45,0.5249999999999999,10,10,0,0
soup,high_risk_share,low,50,0,3.0,0.0,0.5,2.95,0.15,0.4916666666666667,10,10,0,0
soup,high_risk_share,low,50,1,0.0,0.0,0.0,0.0,0.0,0.0,10,10,0,0
soup,high_risk_share,low,50,2,6.0,0.0,1.0,2.0,0.0,0.3333333333333333,10,10,0,0
soup,high_risk_share,low,50,3,5.8,0.3999999999999999,0.9666666666666668,4.0,0.0,0.6666666666666666,10,10,0,0
soup,high_risk_share,low,100,0,0.0,0.0,0.0,0.0,0.0,0.0,10,10,0,0
soup,high_risk_share,low,100,1,3.0,0.0,0.5,3.45,0.15,0.575,10,10,0,0
soup,high_risk_share,low,100,2,2.8,2.3579652245103193,0.4666666666666666,0.0,0.0,0.0,10,10,0,0
soup,high_risk_share,low,100,3,6.0,0.0,1.0,2.05,0.15,0.3416666666666666,10,10,0,0
soup,high_risk_share,high,75,0,0.0,0.0,0.0,0.0,0.0,0.0,10,10,0,0
soup,high_risk_share,high,75,1,0.0,0.0,0.0,0.0,0.0,0.0,10,10,0,0
soup,high_risk_share,high,75,2,3.0,0.0,0.5,4.3,0.2449489742783178,0.7166666666666666,10,10,0,0
soup,high_risk_share,high,75,3,3.0,2.04939015319192,0.5,0.9,0.3,0.15,10,10,0,0
wedding,no_share,low,0,0,1.0,0.0,0.1666666666666666,0.0,0.0,0.0,10,9,0,1
wedding,no_share,low,0,1,4.0,0.0,0.6666666666666666,2.6666666666666665,0.6666666666666666,0.4444444444444444,10,9,0,1
wedding,no_share,low,0,2,1.0,0.0,0.1666666666666666,0.3333333333333333,0.3333333333333333,0.0555555555555555,10,9,0,1
wedding,no_share,low,0,3,4.0,0.0,0.6666666666666666,1.0,0.0,0.1666666666666666,10,9,0,1
wedding,no_share,low,50,0,5.7,0.458257569495584,0.95,3.7222222222222223,0.5328701692569688,0.6203703703703703,10,9,0,1
wedding,no_share,low,50,1,4.0,0.0,0.6666666666666666,2.6666666666666665,0.6666666666666666,0.4444444444444444,10,9,0,1
wedding,no_share,low,50,2,0.0,0.0,0.0,0.0,0.0,0.0,10,9,0,1
wedding,no_share,low,50,3,2.0,0.0,0.3333333333333333,2.0,0.0,0.3333333333333333,10,9,0,1
wedding,no_share,low,75,0,4.0,0.0,0.6666666666666666,1.9444444444444444,0.1571348402636772,0.324074074074074,10,9,0,1
wedding,no_share,low,75,1,5.7,0.458257569495584,0.95,3.7222222222222223,0.5328701692569688,0.6203703703703703,10,9,0,1
wedding,no_share,low,75,2,0.0,0.0,0.0,0.0,0.0,0.0,10,9,0,1
wedding,no_share,low,75,3,2.0,0.0,0.3333333333333333,2.0,0.0,0.3333333333333333,10,9,0,1
wedding,no_share,high,75,0,5.7,0.458257569495584,0.95,2.111111111111111,0.2078698548207745,0.3518518518518518,10,9,0,1
wedding,no_share,high,75,1,3.0,0.0,0.5,1.1111111111111112,0.2078698548207745,0.1851851851851851,10,9,0,1
wedding,no_share,high,75,2,3.0,0.0,0.5,1.1111111111111112,0.2078698548207745,0.1851851851851851,10,9,0,1
wedding,no_share,high,75,3,2.0,0.0,0.3333333333333333,4.0,0.0,0.6666666666666666,10,9,0,1
wedding,no_share,high,0,0,2.0,0.0,0.3333333333333333,5.0,0.0,0.8333333333333333,10,9,0,1
wedding,no_share,high,0,1,4.7,0.458257569495584,0.7833333333333333,1.4444444444444444,0.3685138655950444,0.2407407407407407,10,9,0,1
wedding,no_share,high,0,2,3.3,0.9,0.5499999999999999,0.5,0.408248290463863,0.0833333333333333,10,9,0,1
wedding,no_share,high,0,3,3.3,0.9,0.5499999999999999,0.5,0.408248290463863,0.0833333333333333,10,9,0,1
wedding,no_share,high,50,0,2.0,0.0,0.3333333333333333,5.0,0.0,0.8333333333333333,10,9,0,1
wedding,no_share,high,50,1,2.8,0.3999999999999999,0.4666666666666666,0.3333333333333333,0.2357022603955158,0.0555555555555555,10,9,0,1
wedding,no_share,high,50,2,2.8,0.3999999999999999,0.4666666666666666,0.3333333333333333,0.2357022603955158,0.0555555555555555,10,9,0,1
wedding,no_share,high,50,3,3.0,1.0,0.5,4.0,0.0,0.6666666666666666,10,9,0,1
wedding,no_share,high,50,4,1.8,0.4,0.3,5.0,0.0,0.8333333333333333,10,9,0,1
wedding,no_share,high,100,0,2.0,0.0,0.3333333333333333,5.0,0.0,0.8333333333333333,10,9,0,1
wedding,no_share,high,100,1,3.0,0.0,0.5,1.0555555555555556,0.1571348402636772,0.1759259259259259,10,9,0,1
wedding,no_share,high,100,2,3.0,0.0,0.5,1.0555555555555556,0.1571348402636772,0.1759259259259259,10,9,0,1
wedding,no_share,high,100,3,5.7,0.458257569495584,0.95,2.611111111111111,0.4581228472908512,0.4351851851851852,10,9,0,1
wedding,no_share,high,100,4,0.0,0.0,0.0,0.0,0.0,0.0,10,9,0,1
wedding,no_share,low,100,0,2.0,0.0,0.3333333333333333,2.5,0.4714045207910317,0.4166666666666666,10,9,0,1
wedding,no_share,low,100,1,5.7,0.458257569495584,0.95,3.7222222222222223,0.5328701692569688,0.6203703703703703,10,9,0,1
wedding,no_share,low,100,2,3.9,0.5385164807134505,0.65,0.8333333333333334,0.3333333333333333,0.1388888888888889,10,9,0,1
wedding,no_share,low,100,3,5.4,0.4898979485566356,0.9,3.5555555555555554,0.6849348892187751,0.5925925925925926,10,9,0,1
wedding,low_risk_share,high,75,0,5.7,0.458257569495584,0.95,2.111111111111111,0.2078698548207745,0.3518518518518518,10,9,0,1
wedding,low_risk_share,high,75,1,0.0,0.0,0.0,0.0,0.0,0.0,10,9,0,1
wedding,low_risk_share,high,75,2,4.2,0.6,0.7000000000000001,2.611111111111111,0.4581228472908512,0.4351851851851852,10,9,0,1
wedding,low_risk_share,high,75,3,2.2,0.6,0.3666666666666667,2.0,0.0,0.3333333333333333,10,9,0,1
wedding,low_risk_share,low,100,0,0.0,0.0,0.0,0.0,0.0,0.0,10,9,0,1
wedding,low_risk_share,low,100,1,4.0,0.0,0.6666666666666666,2.6666666666666665,0.6666666666666666,0.4444444444444444,10,9,0,1
wedding,low_risk_share,low,100,2,5.7,0.458257569495584,0.95,3.8333333333333335,0.4714045207910317,0.6388888888888888,10,9,0,1
wedding,low_risk_share,low,100,3,3.2,0.6,0.5333333333333333,1.9444444444444444,0.1571348402636772,0.324074074074074,10,9,0,1
wedding,low_risk_share,low,0,0,0.0,0.0,0.0,0.0,0.0,0.0,10,9,0,1
wedding,low_risk_share,low,0,1,2.8,0.9797958971132712,0.4666666666666666,2.5555555555555554,0.4969039949999532,0.4259259259259259,10,9,0,1
wedding,low_risk_share,low,0,2,6.0,0.0,1.0,3.7222222222222223,0.5328701692569688,0.6203703703703703,10,9,0,1
wedding,low_risk_share,low,0,3,3.0,1.0,0.5,4.388888888888889,0.936238863686262,0.7314814814814815,10,9,0,1
wedding,low_risk_share,low,50,0,0.0,0.0,0.0,0.0,0.0,0.0,10,9,0,1
wedding,low_risk_share,low,50,1,2.0,0.0,0.3333333333333333,2.5,0.4714045207910317,0.4166666666666666,10,9,0,1
wedding,low_risk_share,low,50,2,5.7,0.458257569495584,0.95,3.8333333333333335,0.4714045207910317,0.6388888888888888,10,9,0,1
wedding,low_risk_share,low,50,3,0.0,0.0,0.0,2.6666666666666665,0.6666666666666666,0.4444444444444444,10,9,0,1
wedding,low_risk_share,low,75,0,0.0,0.0,0.0,0.0,0.0,0.0,10,9,0,1
wedding,low_risk_share,low,75,1,2.0,0.0,0.3333333333333333,2.5,0.4714045207910317,0.4166666666666666,10,9,0,1
wedding,low_risk_share,low,75,2,5.7,0.458257569495584,0.95,3.8333333333333335,0.4714045207910317,0.6388888888888888,10,9,0,1
wedding,low_risk_share,low,75,3,4.0,0.0,0.6666666666666666,2.6666666666666665,0.6666666666666666,0.4444444444444444,10,9,0,1
wedding,low_risk_share,high,50,0,0.0,0.0,0.0,0.0,0.0,0.0,10,9,0,1
wedding,low_risk_share,high,50,1,5.7,0.458257569495584,0.95,2.111111111111111,0.2078698548207745,0.3518518518518518,10,9,0,1
wedding,low_risk_share,high,50,2,3.2,0.6,0.5333333333333333,1.2777777777777777,0.415739709641549,0.2129629629629629,10,9,0,1
wedding,low_risk_share,high,50,3,2.0,0.0,0.3333333333333333,3.888888888888889,0.3142696805273545,0.6481481481481481,10,9,0,1
wedding,low_risk_share,high,0,0,0.0,0.0,0.0,0.0,0.0,0.0,10,9,0,1
wedding,low_risk_share,high,0,1,5.1,0.3,0.85,3.2222222222222223,0.415739709641549,0.537037037037037,10,9,0,1
wedding,low_risk_share,high,0,2,6.0,0.0,1.0,1.6111111111111112,1.17326178233016,0.2685185185185185,10,9,0,1
wedding,low_risk_share,high,0,3,0.0,0.0,0.0,0.0,0.0,0.0,10,9,0,1
wedding,low_risk_share,high,100,0,0.0,0.0,0.0,0.0,0.0,0.0,10,9,0,1
wedding,low_risk_share,high,100,1,5.7,0.458257569495584,0.95,2.111111111111111,0.2078698548207745,0.3518518518518518,10,9,0,1
wedding,low_risk_share,high,100,2,2.2,0.6,0.3666666666666667,1.7777777777777777,0.415739709641549,0.2962962962962963,10,9,0,1
wedding,low_risk_share,high,100,3,6.0,0.0,1.0,2.0555555555555554,0.1571348402636772,0.3425925925925925,10,9,0,1
wedding,high_risk_share,high,0,0,0.0,0.0,0.0,0.0,0.0,0.0,10,9,0,1
wedding,high_risk_share,high,0,1,0.0,0.0,0.0,0.0,0.0,0.0,10,9,0,1
wedding,high_risk_share,high,0,2,2.0,0.0,0.3333333333333333,5.0,0.0,0.8333333333333333,10,9,0,1
wedding,high_risk_share,high,0,3,3.2,0.6,0.5333333333333333,1.2777777777777777,0.415739709641549,0.2129629629629629,10,9,0,1
wedding,high_risk_share,low,50,0,0.0,0.0,0.0,0.0,0.0,0.0,10,9,0,1
wedding,high_risk_share,low,50,1,0.0,0.0,0.0,0.0,0.0,0.0,10,9,0,1
wedding,high_risk_share,low,50,2,2.0,0.0,0.3333333333333333,2.5,0.4714045207910317,0.4166666666666666,10,9,0,1
wedding,high_risk_share,low,50,3,2.8,0.3999999999999999,0.4666666666666666,0.3333333333333333,0.3333333333333333,0.0555555555555555,10,9,0,1
wedding,high_risk_share,low,0,0,0.0,0.0,0.0,0.0,0.0,0.0,10,9,0,1
wedding,high_risk_share,low,0,1,2.0,0.0,0.3333333333333333,2.5,0.4714045207910317,0.4166666666666666,10,9,0,1
wedding,high_risk_share,low,0,2,5.7,0.458257569495584,0.95,1.3333333333333333,0.4714045207910317,0.2222222222222222,10,9,0,1
wedding,high_risk_share,low,0,3,0.0,0.0,0.0,0.0,0.0,0.0,10,9,0,1
wedding,high_risk_share,low,100,0,0.0,0.0,0.0,0.0,0.0,0.0,10,9,0,1
wedding,high_risk_share,low,100,1,0.0,0.0,0.0,0.0,0.0,0.0,10,9,0,1
wedding,high_risk_share,low,100,2,4.0,0.0,0.6666666666666666,2.6666666666666665,0.6666666666666666,0.4444444444444444,10,9,0,1
wedding,high_risk_share,low,100,3,3.2,0.6,0.5333333333333333,1.9444444444444444,0.1571348402636772,0.324074074074074,10,9,0,1
wedding,high_risk_share,low,75,0,0.0,0.0,0.0,0.0,0.0,0.0,10,9,0,1
wedding,high_risk_share,low,75,1,4.0,0.0,0.6666666666666666,3.6666666666666665,0.4714045207910317,0.611111111111111,10,9,0,1
wedding,high_risk_share,low,75,2,3.2,0.6,0.5333333333333333,1.9444444444444444,0.1571348402636772,0.324074074074074,10,9,0,1
wedding,high_risk_share,low,75,3,5.7,0.458257569495584,0.95,4.555555555555555,0.6849348892187751,0.7592592592592592,10,9,0,1
wedding,high_risk_share,high,75,0,0.0,0.0,0.0,0.0,0.0,0.0,10,9,0,1
wedding,high_risk_share,high,75,1,0.0,0.0,0.0,0.0,0.0,0.0,10,9,0,1
wedding,high_risk_share,high,75,2,2.0,0.0,0.3333333333333333,5.0,0.0,0.8333333333333333,10,9,0,1
wedding,high_risk_share,high,75,3,3.0,1.0,0.5,4.0,0.0,0.6666666666666666,10,9,0,1
wedding,high_risk_share,high,50,0,0.0,0.0,0.0,0.0,0.0,0.0,10,9,0,1
wedding,high_risk_share,high,50,1,2.0,0.0,0.3333333333333333,5.0,0.0,0.8333333333333333,10,9,0,1
wedding,high_risk_share,high,50,2,3.2,0.6,0.5333333333333333,1.2777777777777777,0.415739709641549,0.2129629629629629,10,9,0,1
wedding,high_risk_share,high,50,3,0.0,0.0,0.0,0.0,0.0,0.0,10,9,0,1
wedding,high_risk_share,high,100,0,0.0,0.0,0.0,0.0,0.0,0.0,10,9,0,1
wedding,high_risk_share,high,100,1,0.0,0.0,0.0,0.0,0.0,0.0,10,9,0,1
wedding,high_risk_share,high,100,2,2.0,0.0,0.3333333333333333,5.0,0.0,0.8333333333333333,10,9,0,1
wedding,high_risk_share,high,100,3,3.2,0.9797958971132712,0.5333333333333333,4.222222222222222,0.3424674446093875,0.7037037037037037,10,9,0,1
