subject_id,scenario_label,closeness_condition,scenario_idx,closeness,action,likert_rating,p_action,h0_pred,h1_pred
4e70ab6c-08df-50a1-bce0-6269c2996b70,crabs,close,5,2,0,3,0.1875,0.34133512,0.3152678
4e70ab6c-08df-50a1-bce0-6269c2996b70,crabs,close,5,2,1,6,0.375,0.3221551,0.32385492
4e70ab6c-08df-50a1-bce0-6269c2996b70,crabs,close,5,2,2,3,0.1875,0.18072298,0.19468644
4e70ab6c-08df-50a1-bce0-6269c2996b70,crabs,close,5,2,3,4,0.25,0.15578677,0.16619082
4e70ab6c-08df-50a1-bce0-6269c2996b70,cooking,somewhat_close,4,1,0,2,0.1428571428571428,0.3350411,0.302899
4e70ab6c-08df-50a1-bce0-6269c2996b70,cooking,somewhat_close,4,1,1,5,0.3571428571428571,0.301432,0.3137101
4e70ab6c-08df-50a1-bce0-6269c2996b70,cooking,somewhat_close,4,1,2,3,0.2142857142857142,0.2060558,0.21770318
4e70ab6c-08df-50a1-bce0-6269c2996b70,cooking,somewhat_close,4,1,3,4,0.2857142857142857,0.15747108,0.16568774
4e70ab6c-08df-50a1-bce0-6269c2996b70,social,not_close,13,0,0,4,0.4,0.40185055,0.42380705
4e70ab6c-08df-50a1-bce0-6269c2996b70,social,not_close,13,0,1,2,0.2,0.2581625,0.2471482
4e70ab6c-08df-50a1-bce0-6269c2996b70,social,not_close,13,0,2,3,0.3,0.1958849,0.1846005
4e70ab6c-08df-50a1-bce0-6269c2996b70,social,not_close,13,0,3,1,0.1,0.14410202,0.14444424
4e70ab6c-08df-50a1-bce0-6269c2996b70,driving,close,8,2,0,5,0.238095238095238,0.33066627,0.30398852
4e70ab6c-08df-50a1-bce0-6269c2996b70,driving,close,8,2,1,5,0.238095238095238,0.31550372,0.31212825
4e70ab6c-08df-50a1-bce0-6269c2996b70,driving,close,8,2,2,5,0.238095238095238,0.212756,0.21644199
4e70ab6c-08df-50a1-bce0-6269c2996b70,driving,close,8,2,3,6,0.2857142857142857,0.14107409,0.1674413
4e70ab6c-08df-50a1-bce0-6269c2996b70,fair,extremely_close,9,3,0,7,0.2692307692307692,0.3399395,0.32443607
4e70ab6c-08df-50a1-bce0-6269c2996b70,fair,extremely_close,9,3,1,7,0.2692307692307692,0.32053334,0.2984974
4e70ab6c-08df-50a1-bce0-6269c2996b70,fair,extremely_close,9,3,2,6,0.2307692307692307,0.20100063,0.20797278
4e70ab6c-08df-50a1-bce0-6269c2996b70,fair,extremely_close,9,3,3,6,0.2307692307692307,0.1385266,0.16909374
4e70ab6c-08df-50a1-bce0-6269c2996b70,gala,extremely_close,10,3,0,1,0.0476190476190476,0.37736025,0.27933165
4e70ab6c-08df-50a1-bce0-6269c2996b70,gala,extremely_close,10,3,1,7,0.3333333333333333,0.24683172,0.27254456
4e70ab6c-08df-50a1-bce0-6269c2996b70,gala,extremely_close,10,3,2,7,0.3333333333333333,0.21063499,0.25221765
4e70ab6c-08df-50a1-bce0-6269c2996b70,gala,extremely_close,10,3,3,6,0.2857142857142857,0.165173,0.19590618
4e70ab6c-08df-50a1-bce0-6269c2996b70,hike,extremely_close,11,3,0,5,0.25,0.3467728,0.33196965
4e70ab6c-08df-50a1-bce0-6269c2996b70,hike,extremely_close,11,3,1,5,0.25,0.3240307,0.28882948
4e70ab6c-08df-50a1-bce0-6269c2996b70,hike,extremely_close,11,3,2,5,0.25,0.19134435,0.21154393
4e70ab6c-08df-50a1-bce0-6269c2996b70,hike,extremely_close,11,3,3,5,0.25,0.13785222,0.167657
4e70ab6c-08df-50a1-bce0-6269c2996b70,birthday,somewhat_close,1,1,0,4,0.2,0.33094808,0.309631
4e70ab6c-08df-50a1-bce0-6269c2996b70,birthday,somewhat_close,1,1,1,6,0.3,0.31393355,0.31623533
4e70ab6c-08df-50a1-bce0-6269c2996b70,birthday,somewhat_close,1,1,2,6,0.3,0.21405,0.23311108
4e70ab6c-08df-50a1-bce0-6269c2996b70,birthday,somewhat_close,1,1,3,4,0.2,0.14106838,0.14102258
4e70ab6c-08df-50a1-bce0-6269c2996b70,brunch,somewhat_close,2,1,0,5,0.2631578947368421,0.31266126,0.3116763
4e70ab6c-08df-50a1-bce0-6269c2996b70,brunch,somewhat_close,2,1,1,6,0.3157894736842105,0.29284903,0.27925918
4e70ab6c-08df-50a1-bce0-6269c2996b70,brunch,somewhat_close,2,1,2,3,0.1578947368421052,0.22538273,0.23974313
4e70ab6c-08df-50a1-bce0-6269c2996b70,brunch,somewhat_close,2,1,3,5,0.2631578947368421,0.1691069,0.16932139
4e70ab6c-08df-50a1-bce0-6269c2996b70,wedding,not_close,15,0,0,6,0.5,0.31908587,0.34685898
4e70ab6c-08df-50a1-bce0-6269c2996b70,wedding,not_close,15,0,1,3,0.25,0.29837966,0.30831352
4e70ab6c-08df-50a1-bce0-6269c2996b70,wedding,not_close,15,0,2,2,0.1666666666666666,0.23396881,0.22699372
4e70ab6c-08df-50a1-bce0-6269c2996b70,wedding,not_close,15,0,3,1,0.0833333333333333,0.14856559,0.11783374
4e70ab6c-08df-50a1-bce0-6269c2996b70,soup,not_close,14,0,0,7,0.5384615384615384,0.3512944,0.3687841
4e70ab6c-08df-50a1-bce0-6269c2996b70,soup,not_close,14,0,1,3,0.2307692307692307,0.31583798,0.32352978
4e70ab6c-08df-50a1-bce0-6269c2996b70,soup,not_close,14,0,2,2,0.1538461538461538,0.18198796,0.17495361
4e70ab6c-08df-50a1-bce0-6269c2996b70,soup,not_close,14,0,3,1,0.0769230769230769,0.15087959,0.13273244
4e70ab6c-08df-50a1-bce0-6269c2996b70,dip,close,6,2,0,5,0.3333333333333333,0.34664327,0.33677724
4e70ab6c-08df-50a1-bce0-6269c2996b70,dip,close,6,2,1,4,0.2666666666666666,0.27114132,0.28138566
4e70ab6c-08df-50a1-bce0-6269c2996b70,dip,close,6,2,2,4,0.2666666666666666,0.2222055,0.22993708
4e70ab6c-08df-50a1-bce0-6269c2996b70,dip,close,6,2,3,2,0.1333333333333333,0.16000988,0.15190005
4e70ab6c-08df-50a1-bce0-6269c2996b70,basketball,not_close,0,0,0,6,0.5,0.32619047,0.3810742
4e70ab6c-08df-50a1-bce0-6269c2996b70,basketball,not_close,0,0,1,4,0.3333333333333333,0.31149498,0.33203775
4e70ab6c-08df-50a1-bce0-6269c2996b70,basketball,not_close,0,0,2,1,0.0833333333333333,0.21755591,0.16480143
4e70ab6c-08df-50a1-bce0-6269c2996b70,basketball,not_close,0,0,3,1,0.0833333333333333,0.14475863,0.12208664
4e70ab6c-08df-50a1-bce0-6269c2996b70,oysters,extremely_close,12,3,0,1,0.0588235294117647,0.35450813,0.33928892
4e70ab6c-08df-50a1-bce0-6269c2996b70,oysters,extremely_close,12,3,1,6,0.3529411764705882,0.30145344,0.29421192
4e70ab6c-08df-50a1-bce0-6269c2996b70,oysters,extremely_close,12,3,2,4,0.2352941176470588,0.19799377,0.2082637
4e70ab6c-08df-50a1-bce0-6269c2996b70,oysters,extremely_close,12,3,3,6,0.3529411764705882,0.14604472,0.15823552
4e70ab6c-08df-50a1-bce0-6269c2996b70,drinks,close,7,2,0,5,0.2631578947368421,0.34319648,0.2973132
4e70ab6c-08df-50a1-bce0-6269c2996b70,drinks,close,7,2,1,6,0.3157894736842105,0.26716295,0.27554834
4e70ab6c-08df-50a1-bce0-6269c2996b70,drinks,close,7,2,2,5,0.2631578947368421,0.22266258,0.23582152
4e70ab6c-08df-50a1-bce0-6269c2996b70,drinks,close,7,2,3,3,0.1578947368421052,0.16697805,0.1913169
4e70ab6c-08df-50a1-bce0-6269c2996b70,conference,somewhat_close,3,1,0,5,0.3846153846153846,0.3467783,0.330331
4e70ab6c-08df-50a1-bce0-6269c2996b70,conference,somewhat_close,3,1,1,6,0.4615384615384615,0.32602173,0.33012256
4e70ab6c-08df-50a1-bce0-6269c2996b70,conference,somewhat_close,3,1,2,1,0.0769230769230769,0.1874909,0.2040172
4e70ab6c-08df-50a1-bce0-6269c2996b70,conference,somewhat_close,3,1,3,1,0.0769230769230769,0.13970904,0.13552926
407d1fea-b1a2-5af8-b2f1-b3c7f99a191f,gala,extremely_close,10,3,0,6,0.4,0.37736025,0.27933165
407d1fea-b1a2-5af8-b2f1-b3c7f99a191f,gala,extremely_close,10,3,1,6,0.4,0.24683172,0.27254456
407d1fea-b1a2-5af8-b2f1-b3c7f99a191f,gala,extremely_close,10,3,2,2,0.1333333333333333,0.21063499,0.25221765
407d1fea-b1a2-5af8-b2f1-b3c7f99a191f,gala,extremely_close,10,3,3,1,0.0666666666666666,0.165173,0.19590618
407d1fea-b1a2-5af8-b2f1-b3c7f99a191f,crabs,not_close,5,0,0,3,0.2727272727272727,0.34133512,0.3294243
407d1fea-b1a2-5af8-b2f1-b3c7f99a191f,crabs,not_close,5,0,1,5,0.4545454545454545,0.3221551,0.36001885
407d1fea-b1a2-5af8-b2f1-b3c7f99a191f,crabs,not_close,5,0,2,1,0.0909090909090909,0.18072298,0.16664708
407d1fea-b1a2-5af8-b2f1-b3c7f99a191f,crabs,not_close,5,0,3,2,0.1818181818181818,0.15578677,0.14390975
407d1fea-b1a2-5af8-b2f1-b3c7f99a191f,wedding,not_close,15,0,0,5,0.3333333333333333,0.31908587,0.34685898
407d1fea-b1a2-5af8-b2f1-b3c7f99a191f,wedding,not_close,15,0,1,6,0.4,0.29837966,0.30831352
407d1fea-b1a2-5af8-b2f1-b3c7f99a191f,wedding,not_close,15,0,2,2,0.1333333333333333,0.23396881,0.22699372
407d1fea-b1a2-5af8-b2f1-b3c7f99a191f,wedding,not_close,15,0,3,2,0.1333333333333333,0.14856559,0.11783374
407d1fea-b1a2-5af8-b2f1-b3c7f99a191f,oysters,close,12,2,0,1,0.0666666666666666,0.35450813,0.32386693
407d1fea-b1a2-5af8-b2f1-b3c7f99a191f,oysters,close,12,2,1,6,0.4,0.30145344,0.29327434
407d1fea-b1a2-5af8-b2f1-b3c7f99a191f,oysters,close,12,2,2,5,0.3333333333333333,0.19799377,0.21184032
407d1fea-b1a2-5af8-b2f1-b3c7f99a191f,oysters,close,12,2,3,3,0.2,0.14604472,0.17101833
407d1fea-b1a2-5af8-b2f1-b3c7f99a191f,hike,extremely_close,11,3,0,7,0.35,0.3467728,0.33196965
407d1fea-b1a2-5af8-b2f1-b3c7f99a191f,hike,extremely_close,11,3,1,3,0.15,0.3240307,0.28882948
407d1fea-b1a2-5af8-b2f1-b3c7f99a191f,hike,extremely_close,11,3,2,5,0.25,0.19134435,0.21154393
407d1fea-b1a2-5af8-b2f1-b3c7f99a191f,hike,extremely_close,11,3,3,5,0.25,0.13785222,0.167657
407d1fea-b1a2-5af8-b2f1-b3c7f99a191f,basketball,close,0,2,0,1,0.0588235294117647,0.32619047,0.3229036
407d1fea-b1a2-5af8-b2f1-b3c7f99a191f,basketball,close,0,2,1,6,0.3529411764705882,0.31149498,0.29293644
407d1fea-b1a2-5af8-b2f1-b3c7f99a191f,basketball,close,0,2,2,5,0.2941176470588235,0.21755591,0.20826088
407d1fea-b1a2-5af8-b2f1-b3c7f99a191f,basketball,close,0,2,3,5,0.2941176470588235,0.14475863,0.175899
407d1fea-b1a2-5af8-b2f1-b3c7f99a191f,conference,not_close,3,0,0,5,0.3333333333333333,0.3467783,0.33014685
407d1fea-b1a2-5af8-b2f1-b3c7f99a191f,conference,not_close,3,0,1,3,0.2,0.32602173,0.3841856
407d1fea-b1a2-5af8-b2f1-b3c7f99a191f,conference,not_close,3,0,2,6,0.4,0.1874909,0.16168493
407d1fea-b1a2-5af8-b2f1-b3c7f99a191f,conference,not_close,3,0,3,1,0.0666666666666666,0.13970904,0.123982586
407d1fea-b1a2-5af8-b2f1-b3c7f99a191f,brunch,extremely_close,2,3,0,5,0.2631578947368421,0.31266126,0.26310802
407d1fea-b1a2-5af8-b2f1-b3c7f99a191f,brunch,extremely_close,2,3,1,5,0.2631578947368421,0.29284903,0.27545908
407d1fea-b1a2-5af8-b2f1-b3c7f99a191f,brunch,extremely_close,2,3,2,5,0.2631578947368421,0.22538273,0.24720623
407d1fea-b1a2-5af8-b2f1-b3c7f99a191f,brunch,extremely_close,2,3,3,4,0.2105263157894736,0.1691069,0.21422674
407d1fea-b1a2-5af8-b2f1-b3c7f99a191f,social,extremely_close,13,3,0,5,0.3846153846153846,0.40185055,0.34408742
407d1fea-b1a2-5af8-b2f1-b3c7f99a191f,social,extremely_close,13,3,1,4,0.3076923076923077,0.2581625,0.258135
407d1fea-b1a2-5af8-b2f1-b3c7f99a191f,social,extremely_close,13,3,2,2,0.1538461538461538,0.1958849,0.2316001
407d1fea-b1a2-5af8-b2f1-b3c7f99a191f,social,extremely_close,13,3,3,2,0.1538461538461538,0.14410202,0.16617753
407d1fea-b1a2-5af8-b2f1-b3c7f99a191f,driving,somewhat_close,8,1,0,5,0.25,0.33066627,0.3126709
407d1fea-b1a2-5af8-b2f1-b3c7f99a191f,driving,somewhat_close,8,1,1,5,0.25,0.31550372,0.329562
407d1fea-b1a2-5af8-b2f1-b3c7f99a191f,driving,somewhat_close,8,1,2,5,0.25,0.212756,0.21199694
407d1fea-b1a2-5af8-b2f1-b3c7f99a191f,driving,somewhat_close,8,1,3,5,0.25,0.14107409,0.14577018
407d1fea-b1a2-5af8-b2f1-b3c7f99a191f,birthday,close,1,2,0,2,0.1052631578947368,0.33094808,0.28472444
407d1fea-b1a2-5af8-b2f1-b3c7f99a191f,birthday,close,1,2,1,6,0.3157894736842105,0.31393355,0.3053844
407d1fea-b1a2-5af8-b2f1-b3c7f99a191f,birthday,close,1,2,2,6,0.3157894736842105,0.21405,0.23678404
407d1fea-b1a2-5af8-b2f1-b3c7f99a191f,birthday,close,1,2,3,5,0.2631578947368421,0.14106838,0.1731071
407d1fea-b1a2-5af8-b2f1-b3c7f99a191f,dip,somewhat_close,6,1,0,5,0.3333333333333333,0.34664327,0.34845993
407d1fea-b1a2-5af8-b2f1-b3c7f99a191f,dip,somewhat_close,6,1,1,5,0.3333333333333333,0.27114132,0.27802554
407d1fea-b1a2-5af8-b2f1-b3c7f99a191f,dip,somewhat_close,6,1,2,4,0.2666666666666666,0.2222055,0.23313951
407d1fea-b1a2-5af8-b2f1-b3c7f99a191f,dip,somewhat_close,6,1,3,1,0.0666666666666666,0.16000988,0.14037508
407d1fea-b1a2-5af8-b2f1-b3c7f99a191f,drinks,not_close,7,0,0,5,0.25,0.34319648,0.2994285
407d1fea-b1a2-5af8-b2f1-b3c7f99a191f,drinks,not_close,7,0,1,5,0.25,0.26716295,0.298935
407d1fea-b1a2-5af8-b2f1-b3c7f99a191f,drinks,not_close,7,0,2,5,0.25,0.22266258,0.2280769
407d1fea-b1a2-5af8-b2f1-b3c7f99a191f,drinks,not_close,7,0,3,5,0.25,0.16697805,0.1735596
407d1fea-b1a2-5af8-b2f1-b3c7f99a191f,fair,somewhat_close,9,1,0,5,0.2777777777777778,0.3399395,0.29991916
407d1fea-b1a2-5af8-b2f1-b3c7f99a191f,fair,somewhat_close,9,1,1,5,0.2777777777777778,0.32053334,0.31271672
407d1fea-b1a2-5af8-b2f1-b3c7f99a191f,fair,somewhat_close,9,1,2,5,0.2777777777777778,0.20100063,0.22270054
407d1fea-b1a2-5af8-b2f1-b3c7f99a191f,fair,somewhat_close,9,1,3,3,0.1666666666666666,0.1385266,0.16466357
407d1fea-b1a2-5af8-b2f1-b3c7f99a191f,soup,somewhat_close,14,1,0,6,0.3529411764705882,0.3512944,0.33787718
407d1fea-b1a2-5af8-b2f1-b3c7f99a191f,soup,somewhat_close,14,1,1,5,0.2941176470588235,0.31583798,0.30691224
407d1fea-b1a2-5af8-b2f1-b3c7f99a191f,soup,somewhat_close,14,1,2,2,0.1176470588235294,0.18198796,0.19641732
407d1fea-b1a2-5af8-b2f1-b3c7f99a191f,soup,somewhat_close,14,1,3,4,0.2352941176470588,0.15087959,0.15879321
407d1fea-b1a2-5af8-b2f1-b3c7f99a191f,cooking,close,4,2,0,2,0.1428571428571428,0.3350411,0.26264983
407d1fea-b1a2-5af8-b2f1-b3c7f99a191f,cooking,close,4,2,1,6,0.4285714285714285,0.301432,0.31273055
407d1fea-b1a2-5af8-b2f1-b3c7f99a191f,cooking,close,4,2,2,5,0.3571428571428571,0.2060558,0.2337246
407d1fea-b1a2-5af8-b2f1-b3c7f99a191f,cooking,close,4,2,3,1,0.0714285714285714,0.15747108,0.19089502
281b498e-618c-53f9-83e5-e0328ad0420e,conference,not_close,3,0,0,6,0.4615384615384615,0.3467783,0.33014685
281b498e-618c-53f9-83e5-e0328ad0420e,conference,not_close,3,0,1,5,0.3846153846153846,0.32602173,0.3841856
281b498e-618c-53f9-83e5-e0328ad0420e,conference,not_close,3,0,2,1,0.0769230769230769,0.1874909,0.16168493
281b498e-618c-53f9-83e5-e0328ad0420e,conference,not_close,3,0,3,1,0.0769230769230769,0.13970904,0.123982586
281b498e-618c-53f9-83e5-e0328ad0420e,drinks,somewhat_close,7,1,0,5,0.2631578947368421,0.34319648,0.34077784
281b498e-618c-53f9-83e5-e0328ad0420e,drinks,somewhat_close,7,1,1,5,0.2631578947368421,0.26716295,0.2960432
281b498e-618c-53f9-83e5-e0328ad0420e,drinks,somewhat_close,7,1,2,6,0.3157894736842105,0.22266258,0.20890208
281b498e-618c-53f9-83e5-e0328ad0420e,drinks,somewhat_close,7,1,3,3,0.1578947368421052,0.16697805,0.15427689
281b498e-618c-53f9-83e5-e0328ad0420e,gala,not_close,10,0,0,6,0.6,0.37736025,0.37343702
281b498e-618c-53f9-83e5-e0328ad0420e,gala,not_close,10,0,1,2,0.2,0.24683172,0.2587873
281b498e-618c-53f9-83e5-e0328ad0420e,gala,not_close,10,0,2,1,0.1,0.21063499,0.21295612
281b498e-618c-53f9-83e5-e0328ad0420e,gala,not_close,10,0,3,1,0.1,0.165173,0.15481953
281b498e-618c-53f9-83e5-e0328ad0420e,oysters,extremely_close,12,3,0,2,0.1666666666666666,0.35450813,0.33928892
281b498e-618c-53f9-83e5-e0328ad0420e,oysters,extremely_close,12,3,1,4,0.3333333333333333,0.30145344,0.29421192
281b498e-618c-53f9-83e5-e0328ad0420e,oysters,extremely_close,12,3,2,5,0.4166666666666667,0.19799377,0.2082637
281b498e-618c-53f9-83e5-e0328ad0420e,oysters,extremely_close,12,3,3,1,0.0833333333333333,0.14604472,0.15823552
281b498e-618c-53f9-83e5-e0328ad0420e,birthday,close,1,2,0,6,0.375,0.33094808,0.28472444
281b498e-618c-53f9-83e5-e0328ad0420e,birthday,close,1,2,1,6,0.375,0.31393355,0.3053844
281b498e-618c-53f9-83e5-e0328ad0420e,birthday,close,1,2,2,3,0.1875,0.21405,0.23678404
281b498e-618c-53f9-83e5-e0328ad0420e,birthday,close,1,2,3,1,0.0625,0.14106838,0.1731071
281b498e-618c-53f9-83e5-e0328ad0420e,hike,extremely_close,11,3,0,5,0.3846153846153846,0.3467728,0.33196965
281b498e-618c-53f9-83e5-e0328ad0420e,hike,extremely_close,11,3,1,6,0.4615384615384615,0.3240307,0.28882948
281b498e-618c-53f9-83e5-e0328ad0420e,hike,extremely_close,11,3,2,1,0.0769230769230769,0.19134435,0.21154393
281b498e-618c-53f9-83e5-e0328ad0420e,hike,extremely_close,11,3,3,1,0.0769230769230769,0.13785222,0.167657
281b498e-618c-53f9-83e5-e0328ad0420e,basketball,close,0,2,0,6,0.5454545454545454,0.32619047,0.3229036
281b498e-618c-53f9-83e5-e0328ad0420e,basketball,close,0,2,1,3,0.2727272727272727,0.31149498,0.29293644
281b498e-618c-53f9-83e5-e0328ad0420e,basketball,close,0,2,2,1,0.0909090909090909,0.21755591,0.20826088
281b498e-618c-53f9-83e5-e0328ad0420e,basketball,close,0,2,3,1,0.0909090909090909,0.14475863,0.175899
281b498e-618c-53f9-83e5-e0328ad0420e,soup,somewhat_close,14,1,0,7,0.5833333333333334,0.3512944,0.33787718
281b498e-618c-53f9-83e5-e0328ad0420e,soup,somewhat_close,14,1,1,2,0.1666666666666666,0.31583798,0.30691224
281b498e-618c-53f9-83e5-e0328ad0420e,soup,somewhat_close,14,1,2,2,0.1666666666666666,0.18198796,0.19641732
281b498e-618c-53f9-83e5-e0328ad0420e,soup,somewhat_close,14,1,3,1,0.0833333333333333,0.15087959,0.15879321
281b498e-618c-53f9-83e5-e0328ad0420e,dip,somewhat_close,6,1,0,5,0.4545454545454545,0.34664327,0.34845993
281b498e-618c-53f9-83e5-e0328ad0420e,dip,somewhat_close,6,1,1,3,0.2727272727272727,0.27114132,0.27802554
281b498e-618c-53f9-83e5-e0328ad0420e,dip,somewhat_close,6,1,2,2,0.1818181818181818,0.2222055,0.23313951
281b498e-618c-53f9-83e5-e0328ad0420e,dip,somewhat_close,6,1,3,1,0.0909090909090909,0.16000988,0.14037508
281b498e-618c-53f9-83e5-e0328ad0420e,wedding,not_close,15,0,0,7,0.7,0.31908587,0.34685898
281b498e-618c-53f9-83e5-e0328ad0420e,wedding,not_close,15,0,1,1,0.1,0.29837966,0.30831352
281b498e-618c-53f9-83e5-e0328ad0420e,wedding,not_close,15,0,2,1,0.1,0.23396881,0.22699372
281b498e-618c-53f9-83e5-e0328ad0420e,wedding,not_close,15,0,3,1,0.1,0.14856559,0.11783374
281b498e-618c-53f9-83e5-e0328ad0420e,brunch,not_close,2,0,0,6,0.4,0.31266126,0.34032917
281b498e-618c-53f9-83e5-e0328ad0420e,brunch,not_close,2,0,1,5,0.3333333333333333,0.29284903,0.29515493
281b498e-618c-53f9-83e5-e0328ad0420e,brunch,not_close,2,0,2,3,0.2,0.22538273,0.22530942
281b498e-618c-53f9-83e5-e0328ad0420e,brunch,not_close,2,0,3,1,0.0666666666666666,0.1691069,0.13920642
281b498e-618c-53f9-83e5-e0328ad0420e,driving,close,8,2,0,6,0.5454545454545454,0.33066627,0.30398852
281b498e-618c-53f9-83e5-e0328ad0420e,driving,close,8,2,1,3,0.2727272727272727,0.31550372,0.31212825
281b498e-618c-53f9-83e5-e0328ad0420e,driving,close,8,2,2,1,0.0909090909090909,0.212756,0.21644199
281b498e-618c-53f9-83e5-e0328ad0420e,driving,close,8,2,3,1,0.0909090909090909,0.14107409,0.1674413
281b498e-618c-53f9-83e5-e0328ad0420e,fair,close,9,2,0,2,0.1818181818181818,0.3399395,0.3417284
281b498e-618c-53f9-83e5-e0328ad0420e,fair,close,9,2,1,6,0.5454545454545454,0.32053334,0.32354605
281b498e-618c-53f9-83e5-e0328ad0420e,fair,close,9,2,2,2,0.1818181818181818,0.20100063,0.19540344
281b498e-618c-53f9-83e5-e0328ad0420e,fair,close,9,2,3,1,0.0909090909090909,0.1385266,0.13932213
281b498e-618c-53f9-83e5-e0328ad0420e,social,extremely_close,13,3,0,3,0.375,0.40185055,0.34408742
281b498e-618c-53f9-83e5-e0328ad0420e,social,extremely_close,13,3,1,1,0.125,0.2581625,0.258135
281b498e-618c-53f9-83e5-e0328ad0420e,social,extremely_close,13,3,2,3,0.375,0.1958849,0.2316001
281b498e-618c-53f9-83e5-e0328ad0420e,social,extremely_close,13,3,3,1,0.125,0.14410202,0.16617753
281b498e-618c-53f9-83e5-e0328ad0420e,crabs,somewhat_close,5,1,0,2,0.1818181818181818,0.34133512,0.3514227
281b498e-618c-53f9-83e5-e0328ad0420e,crabs,somewhat_close,5,1,1,5,0.4545454545454545,0.3221551,0.35142806
281b498e-618c-53f9-83e5-e0328ad0420e,crabs,somewhat_close,5,1,2,3,0.2727272727272727,0.18072298,0.148849
281b498e-618c-53f9-83e5-e0328ad0420e,crabs,somewhat_close,5,1,3,1,0.0909090909090909,0.15578677,0.14830023
281b498e-618c-53f9-83e5-e0328ad0420e,cooking,extremely_close,4,3,0,1,0.0714285714285714,0.3350411,0.26790115
281b498e-618c-53f9-83e5-e0328ad0420e,cooking,extremely_close,4,3,1,7,0.5,0.301432,0.30072036
281b498e-618c-53f9-83e5-e0328ad0420e,cooking,extremely_close,4,3,2,5,0.3571428571428571,0.2060558,0.23298924
281b498e-618c-53f9-83e5-e0328ad0420e,cooking,extremely_close,4,3,3,1,0.0714285714285714,0.15747108,0.19838926
5ab907c0-aa6d-5593-99c7-9c3d5e5f060c,wedding,close,15,2,0,5,0.3125,0.31908587,0.30511737
5ab907c0-aa6d-5593-99c7-9c3d5e5f060c,wedding,close,15,2,1,3,0.1875,0.29837966,0.2728047
5ab907c0-aa6d-5593-99c7-9c3d5e5f060c,wedding,close,15,2,2,6,0.375,0.23396881,0.2473037
5ab907c0-aa6d-5593-99c7-9c3d5e5f060c,wedding,close,15,2,3,2,0.125,0.14856559,0.17477417
5ab907c0-aa6d-5593-99c7-9c3d5e5f060c,soup,close,14,2,0,7,0.5,0.3512944,0.3422157
5ab907c0-aa6d-5593-99c7-9c3d5e5f060c,soup,close,14,2,1,4,0.2857142857142857,0.31583798,0.29969218
5ab907c0-aa6d-5593-99c7-9c3d5e5f060c,soup,close,14,2,2,2,0.1428571428571428,0.18198796,0.19644682
5ab907c0-aa6d-5593-99c7-9c3d5e5f060c,soup,close,14,2,3,1,0.0714285714285714,0.15087959,0.16164538
5ab907c0-aa6d-5593-99c7-9c3d5e5f060c,birthday,extremely_close,1,3,0,5,0.3333333333333333,0.33094808,0.29339695
5ab907c0-aa6d-5593-99c7-9c3d5e5f060c,birthday,extremely_close,1,3,1,6,0.4,0.31393355,0.28846595
5ab907c0-aa6d-5593-99c7-9c3d5e5f060c,birthday,extremely_close,1,3,2,3,0.2,0.21405,0.24154752
5ab907c0-aa6d-5593-99c7-9c3d5e5f060c,birthday,extremely_close,1,3,3,1,0.0666666666666666,0.14106838,0.1765896
5ab907c0-aa6d-5593-99c7-9c3d5e5f060c,cooking,extremely_close,4,3,0,1,0.0833333333333333,0.3350411,0.26790115
5ab907c0-aa6d-5593-99c7-9c3d5e5f060c,cooking,extremely_close,4,3,1,7,0.5833333333333334,0.301432,0.30072036
5ab907c0-aa6d-5593-99c7-9c3d5e5f060c,cooking,extremely_close,4,3,2,3,0.25,0.2060558,0.23298924
5ab907c0-aa6d-5593-99c7-9c3d5e5f060c,cooking,extremely_close,4,3,3,1,0.0833333333333333,0.15747108,0.19838926
5ab907c0-aa6d-5593-99c7-9c3d5e5f060c,drinks,not_close,7,0,0,6,0.4285714285714285,0.34319648,0.2994285
5ab907c0-aa6d-5593-99c7-9c3d5e5f060c,drinks,not_close,7,0,1,4,0.2857142857142857,0.26716295,0.298935
5ab907c0-aa6d-5593-99c7-9c3d5e5f060c,drinks,not_close,7,0,2,3,0.2142857142857142,0.22266258,0.2280769
5ab907c0-aa6d-5593-99c7-9c3d5e5f060c,drinks,not_close,7,0,3,1,0.0714285714285714,0.16697805,0.1735596
5ab907c0-aa6d-5593-99c7-9c3d5e5f060c,dip,not_close,6,0,0,5,0.3846153846153846,0.34664327,0.39242724
5ab907c0-aa6d-5593-99c7-9c3d5e5f060c,dip,not_close,6,0,1,4,0.3076923076923077,0.27114132,0.2466927
5ab907c0-aa6d-5593-99c7-9c3d5e5f060c,dip,not_close,6,0,2,3,0.2307692307692307,0.2222055,0.21824121
5ab907c0-aa6d-5593-99c7-9c3d5e5f060c,dip,not_close,6,0,3,1,0.0769230769230769,0.16000988,0.14263879
5ab907c0-aa6d-5593-99c7-9c3d5e5f060c,brunch,extremely_close,2,3,0,4,0.2,0.31266126,0.26310802
5ab907c0-aa6d-5593-99c7-9c3d5e5f060c,brunch,extremely_close,2,3,1,6,0.3,0.29284903,0.27545908
5ab907c0-aa6d-5593-99c7-9c3d5e5f060c,brunch,extremely_close,2,3,2,5,0.25,0.22538273,0.24720623
5ab907c0-aa6d-5593-99c7-9c3d5e5f060c,brunch,extremely_close,2,3,3,5,0.25,0.1691069,0.21422674
5ab907c0-aa6d-5593-99c7-9c3d5e5f060c,fair,somewhat_close,9,1,0,2,0.25,0.3399395,0.29991916
5ab907c0-aa6d-5593-99c7-9c3d5e5f060c,fair,somewhat_close,9,1,1,3,0.375,0.32053334,0.31271672
5ab907c0-aa6d-5593-99c7-9c3d5e5f060c,fair,somewhat_close,9,1,2,2,0.25,0.20100063,0.22270054
5ab907c0-aa6d-5593-99c7-9c3d5e5f060c,fair,somewhat_close,9,1,3,1,0.125,0.1385266,0.16466357
5ab907c0-aa6d-5593-99c7-9c3d5e5f060c,social,close,13,2,0,5,0.4545454545454545,0.40185055,0.3784892
5ab907c0-aa6d-5593-99c7-9c3d5e5f060c,social,close,13,2,1,3,0.2727272727272727,0.2581625,0.26476493
5ab907c0-aa6d-5593-99c7-9c3d5e5f060c,social,close,13,2,2,2,0.1818181818181818,0.1958849,0.20696187
5ab907c0-aa6d-5593-99c7-9c3d5e5f060c,social,close,13,2,3,1,0.0909090909090909,0.14410202,0.14978395
5ab907c0-aa6d-5593-99c7-9c3d5e5f060c,conference,extremely_close,3,3,0,5,0.2631578947368421,0.3467783,0.3099088
5ab907c0-aa6d-5593-99c7-9c3d5e5f060c,conference,extremely_close,3,3,1,7,0.3684210526315789,0.32602173,0.2874739
5ab907c0-aa6d-5593-99c7-9c3d5e5f060c,conference,extremely_close,3,3,2,6,0.3157894736842105,0.1874909,0.2322446
5ab907c0-aa6d-5593-99c7-9c3d5e5f060c,conference,extremely_close,3,3,3,1,0.0526315789473684,0.13970904,0.17037268
5ab907c0-aa6d-5593-99c7-9c3d5e5f060c,driving,not_close,8,0,0,6,0.4615384615384615,0.33066627,0.31951004
5ab907c0-aa6d-5593-99c7-9c3d5e5f060c,driving,not_close,8,0,1,5,0.3846153846153846,0.31550372,0.3540611
5ab907c0-aa6d-5593-99c7-9c3d5e5f060c,driving,not_close,8,0,2,1,0.0769230769230769,0.212756,0.19448832
5ab907c0-aa6d-5593-99c7-9c3d5e5f060c,driving,not_close,8,0,3,1,0.0769230769230769,0.14107409,0.1319406
5ab907c0-aa6d-5593-99c7-9c3d5e5f060c,basketball,close,0,2,0,4,0.2666666666666666,0.32619047,0.3229036
5ab907c0-aa6d-5593-99c7-9c3d5e5f060c,basketball,close,0,2,1,6,0.4,0.31149498,0.29293644
5ab907c0-aa6d-5593-99c7-9c3d5e5f060c,basketball,close,0,2,2,3,0.2,0.21755591,0.20826088
5ab907c0-aa6d-5593-99c7-9c3d5e5f060c,basketball,close,0,2,3,2,0.1333333333333333,0.14475863,0.175899
5ab907c0-aa6d-5593-99c7-9c3d5e5f060c,hike,somewhat_close,11,1,0,6,0.4285714285714285,0.3467728,0.33041134
5ab907c0-aa6d-5593-99c7-9c3d5e5f060c,hike,somewhat_close,11,1,1,5,0.3571428571428571,0.3240307,0.31247446
5ab907c0-aa6d-5593-99c7-9c3d5e5f060c,hike,somewhat_close,11,1,2,2,0.1428571428571428,0.19134435,0.20020384
5ab907c0-aa6d-5593-99c7-9c3d5e5f060c,hike,somewhat_close,11,1,3,1,0.0714285714285714,0.13785222,0.15691037
5ab907c0-aa6d-5593-99c7-9c3d5e5f060c,crabs,not_close,5,0,0,5,0.4166666666666667,0.34133512,0.3294243
5ab907c0-aa6d-5593-99c7-9c3d5e5f060c,crabs,not_close,5,0,1,5,0.4166666666666667,0.3221551,0.36001885
5ab907c0-aa6d-5593-99c7-9c3d5e5f060c,crabs,not_close,5,0,2,1,0.0833333333333333,0.18072298,0.16664708
5ab907c0-aa6d-5593-99c7-9c3d5e5f060c,crabs,not_close,5,0,3,1,0.0833333333333333,0.15578677,0.14390975
5ab907c0-aa6d-5593-99c7-9c3d5e5f060c,gala,somewhat_close,10,1,0,5,0.3125,0.37736025,0.32411346
5ab907c0-aa6d-5593-99c7-9c3d5e5f060c,gala,somewhat_close,10,1,1,5,0.3125,0.24683172,0.25308076
5ab907c0-aa6d-5593-99c7-9c3d5e5f060c,gala,somewhat_close,10,1,2,4,0.25,0.21063499,0.23114428
5ab907c0-aa6d-5593-99c7-9c3d5e5f060c,gala,somewhat_close,10,1,3,2,0.125,0.165173,0.1916615
5ab907c0-aa6d-5593-99c7-9c3d5e5f060c,oysters,somewhat_close,12,1,0,5,0.3333333333333333,0.35450813,0.34644595
5ab907c0-aa6d-5593-99c7-9c3d5e5f060c,oysters,somewhat_close,12,1,1,6,0.4,0.30145344,0.29076707
5ab907c0-aa6d-5593-99c7-9c3d5e5f060c,oysters,somewhat_close,12,1,2,2,0.1333333333333333,0.19799377,0.20686175
5ab907c0-aa6d-5593-99c7-9c3d5e5f060c,oysters,somewhat_close,12,1,3,2,0.1333333333333333,0.14604472,0.1559252
1d3ea850-d43f-5627-a818-214aa7a661e7,driving,not_close,8,0,0,4,0.2666666666666666,0.33066627,0.31951004
1d3ea850-d43f-5627-a818-214aa7a661e7,driving,not_close,8,0,1,6,0.4,0.31550372,0.3540611
1d3ea850-d43f-5627-a818-214aa7a661e7,driving,not_close,8,0,2,3,0.2,0.212756,0.19448832
1d3ea850-d43f-5627-a818-214aa7a661e7,driving,not_close,8,0,3,2,0.1333333333333333,0.14107409,0.1319406
1d3ea850-d43f-5627-a818-214aa7a661e7,fair,close,9,2,0,3,0.25,0.3399395,0.3417284
1d3ea850-d43f-5627-a818-214aa7a661e7,fair,close,9,2,1,4,0.3333333333333333,0.32053334,0.32354605
1d3ea850-d43f-5627-a818-214aa7a661e7,fair,close,9,2,2,3,0.25,0.20100063,0.19540344
1d3ea850-d43f-5627-a818-214aa7a661e7,fair,close,9,2,3,2,0.1666666666666666,0.1385266,0.13932213
1d3ea850-d43f-5627-a818-214aa7a661e7,wedding,somewhat_close,15,1,0,5,0.3125,0.31908587,0.32673198
1d3ea850-d43f-5627-a818-214aa7a661e7,wedding,somewhat_close,15,1,1,4,0.25,0.29837966,0.2921303
1d3ea850-d43f-5627-a818-214aa7a661e7,wedding,somewhat_close,15,1,2,4,0.25,0.23396881,0.23820917
1d3ea850-d43f-5627-a818-214aa7a661e7,wedding,somewhat_close,15,1,3,3,0.1875,0.14856559,0.14292857
1d3ea850-d43f-5627-a818-214aa7a661e7,cooking,not_close,4,0,0,3,0.2142857142857142,0.3350411,0.30513674
1d3ea850-d43f-5627-a818-214aa7a661e7,cooking,not_close,4,0,1,6,0.4285714285714285,0.301432,0.3403478
1d3ea850-d43f-5627-a818-214aa7a661e7,cooking,not_close,4,0,2,3,0.2142857142857142,0.2060558,0.19110213
1d3ea850-d43f-5627-a818-214aa7a661e7,cooking,not_close,4,0,3,2,0.1428571428571428,0.15747108,0.1634134
1d3ea850-d43f-5627-a818-214aa7a661e7,social,extremely_close,13,3,0,4,0.2222222222222222,0.40185055,0.34408742
1d3ea850-d43f-5627-a818-214aa7a661e7,social,extremely_close,13,3,1,5,0.2777777777777778,0.2581625,0.258135
1d3ea850-d43f-5627-a818-214aa7a661e7,social,extremely_close,13,3,2,5,0.2777777777777778,0.1958849,0.2316001
1d3ea850-d43f-5627-a818-214aa7a661e7,social,extremely_close,13,3,3,4,0.2222222222222222,0.14410202,0.16617753
1d3ea850-d43f-5627-a818-214aa7a661e7,conference,somewhat_close,3,1,0,4,0.3076923076923077,0.3467783,0.330331
1d3ea850-d43f-5627-a818-214aa7a661e7,conference,somewhat_close,3,1,1,5,0.3846153846153846,0.32602173,0.33012256
1d3ea850-d43f-5627-a818-214aa7a661e7,conference,somewhat_close,3,1,2,3,0.2307692307692307,0.1874909,0.2040172
1d3ea850-d43f-5627-a818-214aa7a661e7,conference,somewhat_close,3,1,3,1,0.0769230769230769,0.13970904,0.13552926
1d3ea850-d43f-5627-a818-214aa7a661e7,gala,extremely_close,10,3,0,5,0.25,0.37736025,0.27933165
1d3ea850-d43f-5627-a818-214aa7a661e7,gala,extremely_close,10,3,1,6,0.3,0.24683172,0.27254456
1d3ea850-d43f-5627-a818-214aa7a661e7,gala,extremely_close,10,3,2,5,0.25,0.21063499,0.25221765
1d3ea850-d43f-5627-a818-214aa7a661e7,gala,extremely_close,10,3,3,4,0.2,0.165173,0.19590618
1d3ea850-d43f-5627-a818-214aa7a661e7,basketball,extremely_close,0,3,0,3,0.1578947368421052,0.32619047,0.3092946
1d3ea850-d43f-5627-a818-214aa7a661e7,basketball,extremely_close,0,3,1,6,0.3157894736842105,0.31149498,0.30697325
1d3ea850-d43f-5627-a818-214aa7a661e7,basketball,extremely_close,0,3,2,5,0.2631578947368421,0.21755591,0.22017495
1d3ea850-d43f-5627-a818-214aa7a661e7,basketball,extremely_close,0,3,3,5,0.2631578947368421,0.14475863,0.16355725
1d3ea850-d43f-5627-a818-214aa7a661e7,brunch,not_close,2,0,0,4,0.2352941176470588,0.31266126,0.34032917
1d3ea850-d43f-5627-a818-214aa7a661e7,brunch,not_close,2,0,1,6,0.3529411764705882,0.29284903,0.29515493
1d3ea850-d43f-5627-a818-214aa7a661e7,brunch,not_close,2,0,2,4,0.2352941176470588,0.22538273,0.22530942
1d3ea850-d43f-5627-a818-214aa7a661e7,brunch,not_close,2,0,3,3,0.1764705882352941,0.1691069,0.13920642
1d3ea850-d43f-5627-a818-214aa7a661e7,birthday,not_close,1,0,0,6,0.3529411764705882,0.33094808,0.35584754
1d3ea850-d43f-5627-a818-214aa7a661e7,birthday,not_close,1,0,1,6,0.3529411764705882,0.31393355,0.31760582
1d3ea850-d43f-5627-a818-214aa7a661e7,birthday,not_close,1,0,2,3,0.1764705882352941,0.21405,0.1876142
1d3ea850-d43f-5627-a818-214aa7a661e7,birthday,not_close,1,0,3,2,0.1176470588235294,0.14106838,0.13893244
1d3ea850-d43f-5627-a818-214aa7a661e7,oysters,somewhat_close,12,1,0,3,0.2,0.35450813,0.34644595
1d3ea850-d43f-5627-a818-214aa7a661e7,oysters,somewhat_close,12,1,1,6,0.4,0.30145344,0.29076707
1d3ea850-d43f-5627-a818-214aa7a661e7,oysters,somewhat_close,12,1,2,3,0.2,0.19799377,0.20686175
1d3ea850-d43f-5627-a818-214aa7a661e7,oysters,somewhat_close,12,1,3,3,0.2,0.14604472,0.1559252
1d3ea850-d43f-5627-a818-214aa7a661e7,soup,close,14,2,0,5,0.3333333333333333,0.3512944,0.3422157
1d3ea850-d43f-5627-a818-214aa7a661e7,soup,close,14,2,1,4,0.2666666666666666,0.31583798,0.29969218
1d3ea850-d43f-5627-a818-214aa7a661e7,soup,close,14,2,2,3,0.2,0.18198796,0.19644682
1d3ea850-d43f-5627-a818-214aa7a661e7,soup,close,14,2,3,3,0.2,0.15087959,0.16164538
1d3ea850-d43f-5627-a818-214aa7a661e7,dip,close,6,2,0,6,0.3529411764705882,0.34664327,0.33677724
1d3ea850-d43f-5627-a818-214aa7a661e7,dip,close,6,2,1,5,0.2941176470588235,0.27114132,0.28138566
1d3ea850-d43f-5627-a818-214aa7a661e7,dip,close,6,2,2,4,0.2352941176470588,0.2222055,0.22993708
1d3ea850-d43f-5627-a818-214aa7a661e7,dip,close,6,2,3,2,0.1176470588235294,0.16000988,0.15190005
1d3ea850-d43f-5627-a818-214aa7a661e7,crabs,close,5,2,0,2,0.1428571428571428,0.34133512,0.3152678
1d3ea850-d43f-5627-a818-214aa7a661e7,crabs,close,5,2,1,4,0.2857142857142857,0.3221551,0.32385492
1d3ea850-d43f-5627-a818-214aa7a661e7,crabs,close,5,2,2,3,0.2142857142857142,0.18072298,0.19468644
1d3ea850-d43f-5627-a818-214aa7a661e7,crabs,close,5,2,3,5,0.3571428571428571,0.15578677,0.16619082
1d3ea850-d43f-5627-a818-214aa7a661e7,hike,extremely_close,11,3,0,4,0.2666666666666666,0.3467728,0.33196965
1d3ea850-d43f-5627-a818-214aa7a661e7,hike,extremely_close,11,3,1,3,0.2,0.3240307,0.28882948
1d3ea850-d43f-5627-a818-214aa7a661e7,hike,extremely_close,11,3,2,5,0.3333333333333333,0.19134435,0.21154393
1d3ea850-d43f-5627-a818-214aa7a661e7,hike,extremely_close,11,3,3,3,0.2,0.13785222,0.167657
1d3ea850-d43f-5627-a818-214aa7a661e7,drinks,somewhat_close,7,1,0,4,0.25,0.34319648,0.34077784
1d3ea850-d43f-5627-a818-214aa7a661e7,drinks,somewhat_close,7,1,1,3,0.1875,0.26716295,0.2960432
1d3ea850-d43f-5627-a818-214aa7a661e7,drinks,somewhat_close,7,1,2,4,0.25,0.22266258,0.20890208
1d3ea850-d43f-5627-a818-214aa7a661e7,drinks,somewhat_close,7,1,3,5,0.3125,0.16697805,0.15427689
fb0131e3-93f3-5866-a741-7ee507735561,brunch,somewhat_close,2,1,0,4,0.2105263157894736,0.31266126,0.3116763
fb0131e3-93f3-5866-a741-7ee507735561,brunch,somewhat_close,2,1,1,5,0.2631578947368421,0.29284903,0.27925918
fb0131e3-93f3-5866-a741-7ee507735561,brunch,somewhat_close,2,1,2,6,0.3157894736842105,0.22538273,0.23974313
fb0131e3-93f3-5866-a741-7ee507735561,brunch,somewhat_close,2,1,3,4,0.2105263157894736,0.1691069,0.16932139
fb0131e3-93f3-5866-a741-7ee507735561,dip,somewhat_close,6,1,0,6,0.3333333333333333,0.34664327,0.34845993
fb0131e3-93f3-5866-a741-7ee507735561,dip,somewhat_close,6,1,1,5,0.2777777777777778,0.27114132,0.27802554
fb0131e3-93f3-5866-a741-7ee507735561,dip,somewhat_close,6,1,2,5,0.2777777777777778,0.2222055,0.23313951
fb0131e3-93f3-5866-a741-7ee507735561,dip,somewhat_close,6,1,3,2,0.1111111111111111,0.16000988,0.14037508
fb0131e3-93f3-5866-a741-7ee507735561,driving,close,8,2,0,3,0.1578947368421052,0.33066627,0.30398852
fb0131e3-93f3-5866-a741-7ee507735561,driving,close,8,2,1,7,0.3684210526315789,0.31550372,0.31212825
fb0131e3-93f3-5866-a741-7ee507735561,driving,close,8,2,2,6,0.3157894736842105,0.212756,0.21644199
fb0131e3-93f3-5866-a741-7ee507735561,driving,close,8,2,3,3,0.1578947368421052,0.14107409,0.1674413
fb0131e3-93f3-5866-a741-7ee507735561,gala,somewhat_close,10,1,0,5,0.2631578947368421,0.37736025,0.32411346
fb0131e3-93f3-5866-a741-7ee507735561,gala,somewhat_close,10,1,1,6,0.3157894736842105,0.24683172,0.25308076
fb0131e3-93f3-5866-a741-7ee507735561,gala,somewhat_close,10,1,2,5,0.2631578947368421,0.21063499,0.23114428
fb0131e3-93f3-5866-a741-7ee507735561,gala,somewhat_close,10,1,3,3,0.1578947368421052,0.165173,0.1916615
fb0131e3-93f3-5866-a741-7ee507735561,soup,not_close,14,0,0,7,0.4375,0.3512944,0.3687841
fb0131e3-93f3-5866-a741-7ee507735561,soup,not_close,14,0,1,5,0.3125,0.31583798,0.32352978
fb0131e3-93f3-5866-a741-7ee507735561,soup,not_close,14,0,2,1,0.0625,0.18198796,0.17495361
fb0131e3-93f3-5866-a741-7ee507735561,soup,not_close,14,0,3,3,0.1875,0.15087959,0.13273244
fb0131e3-93f3-5866-a741-7ee507735561,fair,close,9,2,0,4,0.2222222222222222,0.3399395,0.3417284
fb0131e3-93f3-5866-a741-7ee507735561,fair,close,9,2,1,7,0.3888888888888889,0.32053334,0.32354605
fb0131e3-93f3-5866-a741-7ee507735561,fair,close,9,2,2,4,0.2222222222222222,0.20100063,0.19540344
fb0131e3-93f3-5866-a741-7ee507735561,fair,close,9,2,3,3,0.1666666666666666,0.1385266,0.13932213
fb0131e3-93f3-5866-a741-7ee507735561,birthday,extremely_close,1,3,0,3,0.15,0.33094808,0.29339695
fb0131e3-93f3-5866-a741-7ee507735561,birthday,extremely_close,1,3,1,7,0.35,0.31393355,0.28846595
fb0131e3-93f3-5866-a741-7ee507735561,birthday,extremely_close,1,3,2,6,0.3,0.21405,0.24154752
fb0131e3-93f3-5866-a741-7ee507735561,birthday,extremely_close,1,3,3,4,0.2,0.14106838,0.1765896
fb0131e3-93f3-5866-a741-7ee507735561,cooking,not_close,4,0,0,2,0.1,0.3350411,0.30513674
fb0131e3-93f3-5866-a741-7ee507735561,cooking,not_close,4,0,1,6,0.3,0.301432,0.3403478
fb0131e3-93f3-5866-a741-7ee507735561,cooking,not_close,4,0,2,7,0.35,0.2060558,0.19110213
fb0131e3-93f3-5866-a741-7ee507735561,cooking,not_close,4,0,3,5,0.25,0.15747108,0.1634134
fb0131e3-93f3-5866-a741-7ee507735561,conference,not_close,3,0,0,5,0.2777777777777778,0.3467783,0.33014685
fb0131e3-93f3-5866-a741-7ee507735561,conference,not_close,3,0,1,6,0.3333333333333333,0.32602173,0.3841856
fb0131e3-93f3-5866-a741-7ee507735561,conference,not_close,3,0,2,3,0.1666666666666666,0.1874909,0.16168493
fb0131e3-93f3-5866-a741-7ee507735561,conference,not_close,3,0,3,4,0.2222222222222222,0.13970904,0.123982586
fb0131e3-93f3-5866-a741-7ee507735561,crabs,somewhat_close,5,1,0,3,0.1764705882352941,0.34133512,0.3514227
fb0131e3-93f3-5866-a741-7ee507735561,crabs,somewhat_close,5,1,1,7,0.4117647058823529,0.3221551,0.35142806
fb0131e3-93f3-5866-a741-7ee507735561,crabs,somewhat_close,5,1,2,2,0.1176470588235294,0.18072298,0.148849
fb0131e3-93f3-5866-a741-7ee507735561,crabs,somewhat_close,5,1,3,5,0.2941176470588235,0.15578677,0.14830023
fb0131e3-93f3-5866-a741-7ee507735561,wedding,extremely_close,15,3,0,2,0.0952380952380952,0.31908587,0.2974841
fb0131e3-93f3-5866-a741-7ee507735561,wedding,extremely_close,15,3,1,7,0.3333333333333333,0.29837966,0.27377465
fb0131e3-93f3-5866-a741-7ee507735561,wedding,extremely_close,15,3,2,7,0.3333333333333333,0.23396881,0.24111676
fb0131e3-93f3-5866-a741-7ee507735561,wedding,extremely_close,15,3,3,5,0.238095238095238,0.14856559,0.18762444
fb0131e3-93f3-5866-a741-7ee507735561,hike,extremely_close,11,3,0,2,0.1111111111111111,0.3467728,0.33196965
fb0131e3-93f3-5866-a741-7ee507735561,hike,extremely_close,11,3,1,6,0.3333333333333333,0.3240307,0.28882948
fb0131e3-93f3-5866-a741-7ee507735561,hike,extremely_close,11,3,2,5,0.2777777777777778,0.19134435,0.21154393
fb0131e3-93f3-5866-a741-7ee507735561,hike,extremely_close,11,3,3,5,0.2777777777777778,0.13785222,0.167657
fb0131e3-93f3-5866-a741-7ee507735561,social,not_close,13,0,0,6,0.5454545454545454,0.40185055,0.42380705
fb0131e3-93f3-5866-a741-7ee507735561,social,not_close,13,0,1,2,0.1818181818181818,0.2581625,0.2471482
fb0131e3-93f3-5866-a741-7ee507735561,social,not_close,13,0,2,2,0.1818181818181818,0.1958849,0.1846005
fb0131e3-93f3-5866-a741-7ee507735561,social,not_close,13,0,3,1,0.0909090909090909,0.14410202,0.14444424
fb0131e3-93f3-5866-a741-7ee507735561,oysters,extremely_close,12,3,0,1,0.0625,0.35450813,0.33928892
fb0131e3-93f3-5866-a741-7ee507735561,oysters,extremely_close,12,3,1,6,0.375,0.30145344,0.29421192
fb0131e3-93f3-5866-a741-7ee507735561,oysters,extremely_close,12,3,2,5,0.3125,0.19799377,0.2082637
fb0131e3-93f3-5866-a741-7ee507735561,oysters,extremely_close,12,3,3,4,0.25,0.14604472,0.15823552
fb0131e3-93f3-5866-a741-7ee507735561,basketball,close,0,2,0,3,0.1666666666666666,0.32619047,0.3229036
fb0131e3-93f3-5866-a741-7ee507735561,basketball,close,0,2,1,7,0.3888888888888889,0.31149498,0.29293644
fb0131e3-93f3-5866-a741-7ee507735561,basketball,close,0,2,2,5,0.2777777777777778,0.21755591,0.20826088
fb0131e3-93f3-5866-a741-7ee507735561,basketball,close,0,2,3,3,0.1666666666666666,0.14475863,0.175899
fb0131e3-93f3-5866-a741-7ee507735561,drinks,close,7,2,0,1,0.0555555555555555,0.34319648,0.2973132
fb0131e3-93f3-5866-a741-7ee507735561,drinks,close,7,2,1,7,0.3888888888888889,0.26716295,0.27554834
fb0131e3-93f3-5866-a741-7ee507735561,drinks,close,7,2,2,7,0.3888888888888889,0.22266258,0.23582152
fb0131e3-93f3-5866-a741-7ee507735561,drinks,close,7,2,3,3,0.1666666666666666,0.16697805,0.1913169
9d0907f1-bc96-5a68-94a5-fdb2aa15c1d3,crabs,not_close,5,0,0,6,0.3333333333333333,0.34133512,0.3294243
9d0907f1-bc96-5a68-94a5-fdb2aa15c1d3,crabs,not_close,5,0,1,5,0.2777777777777778,0.3221551,0.36001885
9d0907f1-bc96-5a68-94a5-fdb2aa15c1d3,crabs,not_close,5,0,2,4,0.2222222222222222,0.18072298,0.16664708
9d0907f1-bc96-5a68-94a5-fdb2aa15c1d3,crabs,not_close,5,0,3,3,0.1666666666666666,0.15578677,0.14390975
9d0907f1-bc96-5a68-94a5-fdb2aa15c1d3,gala,somewhat_close,10,1,0,6,0.2857142857142857,0.37736025,0.32411346
9d0907f1-bc96-5a68-94a5-fdb2aa15c1d3,gala,somewhat_close,10,1,1,5,0.238095238095238,0.24683172,0.25308076
9d0907f1-bc96-5a68-94a5-fdb2aa15c1d3,gala,somewhat_close,10,1,2,5,0.238095238095238,0.21063499,0.23114428
9d0907f1-bc96-5a68-94a5-fdb2aa15c1d3,gala,somewhat_close,10,1,3,5,0.238095238095238,0.165173,0.1916615
9d0907f1-bc96-5a68-94a5-fdb2aa15c1d3,soup,not_close,14,0,0,7,0.4117647058823529,0.3512944,0.3687841
9d0907f1-bc96-5a68-94a5-fdb2aa15c1d3,soup,not_close,14,0,1,3,0.1764705882352941,0.31583798,0.32352978
9d0907f1-bc96-5a68-94a5-fdb2aa15c1d3,soup,not_close,14,0,2,3,0.1764705882352941,0.18198796,0.17495361
9d0907f1-bc96-5a68-94a5-fdb2aa15c1d3,soup,not_close,14,0,3,4,0.2352941176470588,0.15087959,0.13273244
9d0907f1-bc96-5a68-94a5-fdb2aa15c1d3,social,somewhat_close,13,1,0,6,0.5,0.40185055,0.3780521
9d0907f1-bc96-5a68-94a5-fdb2aa15c1d3,social,somewhat_close,13,1,1,2,0.1666666666666666,0.2581625,0.25415382
9d0907f1-bc96-5a68-94a5-fdb2aa15c1d3,social,somewhat_close,13,1,2,2,0.1666666666666666,0.1958849,0.20883785
9d0907f1-bc96-5a68-94a5-fdb2aa15c1d3,social,somewhat_close,13,1,3,2,0.1666666666666666,0.14410202,0.15895618
9d0907f1-bc96-5a68-94a5-fdb2aa15c1d3,fair,not_close,9,0,0,5,0.2941176470588235,0.3399395,0.33449876
9d0907f1-bc96-5a68-94a5-fdb2aa15c1d3,fair,not_close,9,0,1,5,0.2941176470588235,0.32053334,0.3437535
9d0907f1-bc96-5a68-94a5-fdb2aa15c1d3,fair,not_close,9,0,2,5,0.2941176470588235,0.20100063,0.1889061
9d0907f1-bc96-5a68-94a5-fdb2aa15c1d3,fair,not_close,9,0,3,2,0.1176470588235294,0.1385266,0.13284165
9d0907f1-bc96-5a68-94a5-fdb2aa15c1d3,dip,not_close,6,0,0,6,0.3529411764705882,0.34664327,0.39242724
9d0907f1-bc96-5a68-94a5-fdb2aa15c1d3,dip,not_close,6,0,1,2,0.1176470588235294,0.27114132,0.2466927
9d0907f1-bc96-5a68-94a5-fdb2aa15c1d3,dip,not_close,6,0,2,5,0.2941176470588235,0.2222055,0.21824121
9d0907f1-bc96-5a68-94a5-fdb2aa15c1d3,dip,not_close,6,0,3,4,0.2352941176470588,0.16000988,0.14263879
9d0907f1-bc96-5a68-94a5-fdb2aa15c1d3,birthday,close,1,2,0,1,0.0666666666666666,0.33094808,0.28472444
9d0907f1-bc96-5a68-94a5-fdb2aa15c1d3,birthday,close,1,2,1,4,0.2666666666666666,0.31393355,0.3053844
9d0907f1-bc96-5a68-94a5-fdb2aa15c1d3,birthday,close,1,2,2,5,0.3333333333333333,0.21405,0.23678404
9d0907f1-bc96-5a68-94a5-fdb2aa15c1d3,birthday,close,1,2,3,5,0.3333333333333333,0.14106838,0.1731071
9d0907f1-bc96-5a68-94a5-fdb2aa15c1d3,driving,close,8,2,0,2,0.1111111111111111,0.33066627,0.30398852
9d0907f1-bc96-5a68-94a5-fdb2aa15c1d3,driving,close,8,2,1,6,0.3333333333333333,0.31550372,0.31212825
9d0907f1-bc96-5a68-94a5-fdb2aa15c1d3,driving,close,8,2,2,5,0.2777777777777778,0.212756,0.21644199
9d0907f1-bc96-5a68-94a5-fdb2aa15c1d3,driving,close,8,2,3,5,0.2777777777777778,0.14107409,0.1674413
9d0907f1-bc96-5a68-94a5-fdb2aa15c1d3,hike,somewhat_close,11,1,0,2,0.1176470588235294,0.3467728,0.33041134
9d0907f1-bc96-5a68-94a5-fdb2aa15c1d3,hike,somewhat_close,11,1,1,5,0.2941176470588235,0.3240307,0.31247446
9d0907f1-bc96-5a68-94a5-fdb2aa15c1d3,hike,somewhat_close,11,1,2,5,0.2941176470588235,0.19134435,0.20020384
9d0907f1-bc96-5a68-94a5-fdb2aa15c1d3,hike,somewhat_close,11,1,3,5,0.2941176470588235,0.13785222,0.15691037
9d0907f1-bc96-5a68-94a5-fdb2aa15c1d3,oysters,extremely_close,12,3,0,3,0.1875,0.35450813,0.33928892
9d0907f1-bc96-5a68-94a5-fdb2aa15c1d3,oysters,extremely_close,12,3,1,5,0.3125,0.30145344,0.29421192
9d0907f1-bc96-5a68-94a5-fdb2aa15c1d3,oysters,extremely_close,12,3,2,2,0.125,0.19799377,0.2082637
9d0907f1-bc96-5a68-94a5-fdb2aa15c1d3,oysters,extremely_close,12,3,3,6,0.375,0.14604472,0.15823552
9d0907f1-bc96-5a68-94a5-fdb2aa15c1d3,conference,extremely_close,3,3,0,2,0.2,0.3467783,0.3099088
9d0907f1-bc96-5a68-94a5-fdb2aa15c1d3,conference,extremely_close,3,3,1,6,0.6,0.32602173,0.2874739
9d0907f1-bc96-5a68-94a5-fdb2aa15c1d3,conference,extremely_close,3,3,2,1,0.1,0.1874909,0.2322446
9d0907f1-bc96-5a68-94a5-fdb2aa15c1d3,conference,extremely_close,3,3,3,1,0.1,0.13970904,0.17037268
9d0907f1-bc96-5a68-94a5-fdb2aa15c1d3,cooking,close,4,2,0,2,0.125,0.3350411,0.26264983
9d0907f1-bc96-5a68-94a5-fdb2aa15c1d3,cooking,close,4,2,1,5,0.3125,0.301432,0.31273055
9d0907f1-bc96-5a68-94a5-fdb2aa15c1d3,cooking,close,4,2,2,5,0.3125,0.2060558,0.2337246
9d0907f1-bc96-5a68-94a5-fdb2aa15c1d3,cooking,close,4,2,3,4,0.25,0.15747108,0.19089502
9d0907f1-bc96-5a68-94a5-fdb2aa15c1d3,wedding,extremely_close,15,3,0,4,0.2222222222222222,0.31908587,0.2974841
9d0907f1-bc96-5a68-94a5-fdb2aa15c1d3,wedding,extremely_close,15,3,1,3,0.1666666666666666,0.29837966,0.27377465
9d0907f1-bc96-5a68-94a5-fdb2aa15c1d3,wedding,extremely_close,15,3,2,5,0.2777777777777778,0.23396881,0.24111676
9d0907f1-bc96-5a68-94a5-fdb2aa15c1d3,wedding,extremely_close,15,3,3,6,0.3333333333333333,0.14856559,0.18762444
9d0907f1-bc96-5a68-94a5-fdb2aa15c1d3,drinks,extremely_close,7,3,0,1,0.0555555555555555,0.34319648,0.24337234
9d0907f1-bc96-5a68-94a5-fdb2aa15c1d3,drinks,extremely_close,7,3,1,5,0.2777777777777778,0.26716295,0.29073274
9d0907f1-bc96-5a68-94a5-fdb2aa15c1d3,drinks,extremely_close,7,3,2,6,0.3333333333333333,0.22266258,0.22844173
9d0907f1-bc96-5a68-94a5-fdb2aa15c1d3,drinks,extremely_close,7,3,3,6,0.3333333333333333,0.16697805,0.23745316
9d0907f1-bc96-5a68-94a5-fdb2aa15c1d3,basketball,somewhat_close,0,1,0,3,0.1875,0.32619047,0.31074163
9d0907f1-bc96-5a68-94a5-fdb2aa15c1d3,basketball,somewhat_close,0,1,1,5,0.3125,0.31149498,0.30840942
9d0907f1-bc96-5a68-94a5-fdb2aa15c1d3,basketball,somewhat_close,0,1,2,5,0.3125,0.21755591,0.22120504
9d0907f1-bc96-5a68-94a5-fdb2aa15c1d3,basketball,somewhat_close,0,1,3,3,0.1875,0.14475863,0.15964389
9d0907f1-bc96-5a68-94a5-fdb2aa15c1d3,brunch,close,2,2,0,4,0.2105263157894736,0.31266126,0.2922043
9d0907f1-bc96-5a68-94a5-fdb2aa15c1d3,brunch,close,2,2,1,5,0.2631578947368421,0.29284903,0.27890328
9d0907f1-bc96-5a68-94a5-fdb2aa15c1d3,brunch,close,2,2,2,5,0.2631578947368421,0.22538273,0.2363917
9d0907f1-bc96-5a68-94a5-fdb2aa15c1d3,brunch,close,2,2,3,5,0.2631578947368421,0.1691069,0.19250078
6f34b165-406e-5765-b9df-7d7146d3a624,birthday,close,1,2,0,5,0.3571428571428571,0.33094808,0.28472444
6f34b165-406e-5765-b9df-7d7146d3a624,birthday,close,1,2,1,5,0.3571428571428571,0.31393355,0.3053844
6f34b165-406e-5765-b9df-7d7146d3a624,birthday,close,1,2,2,3,0.2142857142857142,0.21405,0.23678404
6f34b165-406e-5765-b9df-7d7146d3a624,birthday,close,1,2,3,1,0.0714285714285714,0.14106838,0.1731071
6f34b165-406e-5765-b9df-7d7146d3a624,wedding,close,15,2,0,6,0.3529411764705882,0.31908587,0.30511737
6f34b165-406e-5765-b9df-7d7146d3a624,wedding,close,15,2,1,4,0.2352941176470588,0.29837966,0.2728047
6f34b165-406e-5765-b9df-7d7146d3a624,wedding,close,15,2,2,5,0.2941176470588235,0.23396881,0.2473037
6f34b165-406e-5765-b9df-7d7146d3a624,wedding,close,15,2,3,2,0.1176470588235294,0.14856559,0.17477417
6f34b165-406e-5765-b9df-7d7146d3a624,cooking,extremely_close,4,3,0,4,0.25,0.3350411,0.26790115
6f34b165-406e-5765-b9df-7d7146d3a624,cooking,extremely_close,4,3,1,5,0.3125,0.301432,0.30072036
6f34b165-406e-5765-b9df-7d7146d3a624,cooking,extremely_close,4,3,2,4,0.25,0.2060558,0.23298924
6f34b165-406e-5765-b9df-7d7146d3a624,cooking,extremely_close,4,3,3,3,0.1875,0.15747108,0.19838926
6f34b165-406e-5765-b9df-7d7146d3a624,brunch,not_close,2,0,0,5,0.2941176470588235,0.31266126,0.34032917
6f34b165-406e-5765-b9df-7d7146d3a624,brunch,not_close,2,0,1,5,0.2941176470588235,0.29284903,0.29515493
6f34b165-406e-5765-b9df-7d7146d3a624,brunch,not_close,2,0,2,4,0.2352941176470588,0.22538273,0.22530942
6f34b165-406e-5765-b9df-7d7146d3a624,brunch,not_close,2,0,3,3,0.1764705882352941,0.1691069,0.13920642
6f34b165-406e-5765-b9df-7d7146d3a624,oysters,close,12,2,0,3,0.3,0.35450813,0.32386693
6f34b165-406e-5765-b9df-7d7146d3a624,oysters,close,12,2,1,2,0.2,0.30145344,0.29327434
6f34b165-406e-5765-b9df-7d7146d3a624,oysters,close,12,2,2,4,0.4,0.19799377,0.21184032
6f34b165-406e-5765-b9df-7d7146d3a624,oysters,close,12,2,3,1,0.1,0.14604472,0.17101833
6f34b165-406e-5765-b9df-7d7146d3a624,hike,close,11,2,0,5,0.3571428571428571,0.3467728,0.31535208
6f34b165-406e-5765-b9df-7d7146d3a624,hike,close,11,2,1,4,0.2857142857142857,0.3240307,0.3006642
6f34b165-406e-5765-b9df-7d7146d3a624,hike,close,11,2,2,3,0.2142857142857142,0.19134435,0.20856297
6f34b165-406e-5765-b9df-7d7146d3a624,hike,close,11,2,3,2,0.1428571428571428,0.13785222,0.17542079
6f34b165-406e-5765-b9df-7d7146d3a624,soup,extremely_close,14,3,0,6,0.375,0.3512944,0.31738377
6f34b165-406e-5765-b9df-7d7146d3a624,soup,extremely_close,14,3,1,4,0.25,0.31583798,0.29048625
6f34b165-406e-5765-b9df-7d7146d3a624,soup,extremely_close,14,3,2,3,0.1875,0.18198796,0.21168596
6f34b165-406e-5765-b9df-7d7146d3a624,soup,extremely_close,14,3,3,3,0.1875,0.15087959,0.18044408
6f34b165-406e-5765-b9df-7d7146d3a624,dip,not_close,6,0,0,6,0.4285714285714285,0.34664327,0.39242724
6f34b165-406e-5765-b9df-7d7146d3a624,dip,not_close,6,0,1,4,0.2857142857142857,0.27114132,0.2466927
6f34b165-406e-5765-b9df-7d7146d3a624,dip,not_close,6,0,2,3,0.2142857142857142,0.2222055,0.21824121
6f34b165-406e-5765-b9df-7d7146d3a624,dip,not_close,6,0,3,1,0.0714285714285714,0.16000988,0.14263879
6f34b165-406e-5765-b9df-7d7146d3a624,gala,not_close,10,0,0,4,0.2352941176470588,0.37736025,0.37343702
6f34b165-406e-5765-b9df-7d7146d3a624,gala,not_close,10,0,1,5,0.2941176470588235,0.24683172,0.2587873
6f34b165-406e-5765-b9df-7d7146d3a624,gala,not_close,10,0,2,5,0.2941176470588235,0.21063499,0.21295612
6f34b165-406e-5765-b9df-7d7146d3a624,gala,not_close,10,0,3,3,0.1764705882352941,0.165173,0.15481953
6f34b165-406e-5765-b9df-7d7146d3a624,crabs,not_close,5,0,0,3,0.2727272727272727,0.34133512,0.3294243
6f34b165-406e-5765-b9df-7d7146d3a624,crabs,not_close,5,0,1,4,0.3636363636363636,0.3221551,0.36001885
6f34b165-406e-5765-b9df-7d7146d3a624,crabs,not_close,5,0,2,2,0.1818181818181818,0.18072298,0.16664708
6f34b165-406e-5765-b9df-7d7146d3a624,crabs,not_close,5,0,3,2,0.1818181818181818,0.15578677,0.14390975
6f34b165-406e-5765-b9df-7d7146d3a624,basketball,somewhat_close,0,1,0,4,0.2666666666666666,0.32619047,0.31074163
6f34b165-406e-5765-b9df-7d7146d3a624,basketball,somewhat_close,0,1,1,5,0.3333333333333333,0.31149498,0.30840942
6f34b165-406e-5765-b9df-7d7146d3a624,basketball,somewhat_close,0,1,2,4,0.2666666666666666,0.21755591,0.22120504
6f34b165-406e-5765-b9df-7d7146d3a624,basketball,somewhat_close,0,1,3,2,0.1333333333333333,0.14475863,0.15964389
6f34b165-406e-5765-b9df-7d7146d3a624,social,extremely_close,13,3,0,4,0.3333333333333333,0.40185055,0.34408742
6f34b165-406e-5765-b9df-7d7146d3a624,social,extremely_close,13,3,1,3,0.25,0.2581625,0.258135
6f34b165-406e-5765-b9df-7d7146d3a624,social,extremely_close,13,3,2,4,0.3333333333333333,0.1958849,0.2316001
6f34b165-406e-5765-b9df-7d7146d3a624,social,extremely_close,13,3,3,1,0.0833333333333333,0.14410202,0.16617753
6f34b165-406e-5765-b9df-7d7146d3a624,driving,somewhat_close,8,1,0,4,0.2857142857142857,0.33066627,0.3126709
6f34b165-406e-5765-b9df-7d7146d3a624,driving,somewhat_close,8,1,1,5,0.3571428571428571,0.31550372,0.329562
6f34b165-406e-5765-b9df-7d7146d3a624,driving,somewhat_close,8,1,2,3,0.2142857142857142,0.212756,0.21199694
6f34b165-406e-5765-b9df-7d7146d3a624,driving,somewhat_close,8,1,3,2,0.1428571428571428,0.14107409,0.14577018
6f34b165-406e-5765-b9df-7d7146d3a624,drinks,somewhat_close,7,1,0,4,0.25,0.34319648,0.34077784
6f34b165-406e-5765-b9df-7d7146d3a624,drinks,somewhat_close,7,1,1,5,0.3125,0.26716295,0.2960432
6f34b165-406e-5765-b9df-7d7146d3a624,drinks,somewhat_close,7,1,2,3,0.1875,0.22266258,0.20890208
6f34b165-406e-5765-b9df-7d7146d3a624,drinks,somewhat_close,7,1,3,4,0.25,0.16697805,0.15427689
6f34b165-406e-5765-b9df-7d7146d3a624,conference,extremely_close,3,3,0,4,0.25,0.3467783,0.3099088
6f34b165-406e-5765-b9df-7d7146d3a624,conference,extremely_close,3,3,1,5,0.3125,0.32602173,0.2874739
6f34b165-406e-5765-b9df-7d7146d3a624,conference,extremely_close,3,3,2,5,0.3125,0.1874909,0.2322446
6f34b165-406e-5765-b9df-7d7146d3a624,conference,extremely_close,3,3,3,2,0.125,0.13970904,0.17037268
6f34b165-406e-5765-b9df-7d7146d3a624,fair,somewhat_close,9,1,0,4,0.25,0.3399395,0.29991916
6f34b165-406e-5765-b9df-7d7146d3a624,fair,somewhat_close,9,1,1,5,0.3125,0.32053334,0.31271672
6f34b165-406e-5765-b9df-7d7146d3a624,fair,somewhat_close,9,1,2,3,0.1875,0.20100063,0.22270054
6f34b165-406e-5765-b9df-7d7146d3a624,fair,somewhat_close,9,1,3,4,0.25,0.1385266,0.16466357
51ce3748-52c5-58b7-85e5-ec7c4221ca19,wedding,somewhat_close,15,1,0,7,0.3333333333333333,0.31908587,0.32673198
51ce3748-52c5-58b7-85e5-ec7c4221ca19,wedding,somewhat_close,15,1,1,6,0.2857142857142857,0.29837966,0.2921303
51ce3748-52c5-58b7-85e5-ec7c4221ca19,wedding,somewhat_close,15,1,2,5,0.238095238095238,0.23396881,0.23820917
51ce3748-52c5-58b7-85e5-ec7c4221ca19,wedding,somewhat_close,15,1,3,3,0.1428571428571428,0.14856559,0.14292857
51ce3748-52c5-58b7-85e5-ec7c4221ca19,gala,not_close,10,0,0,7,0.5384615384615384,0.37736025,0.37343702
51ce3748-52c5-58b7-85e5-ec7c4221ca19,gala,not_close,10,0,1,3,0.2307692307692307,0.24683172,0.2587873
51ce3748-52c5-58b7-85e5-ec7c4221ca19,gala,not_close,10,0,2,2,0.1538461538461538,0.21063499,0.21295612
51ce3748-52c5-58b7-85e5-ec7c4221ca19,gala,not_close,10,0,3,1,0.0769230769230769,0.165173,0.15481953
51ce3748-52c5-58b7-85e5-ec7c4221ca19,oysters,somewhat_close,12,1,0,7,0.4117647058823529,0.35450813,0.34644595
51ce3748-52c5-58b7-85e5-ec7c4221ca19,oysters,somewhat_close,12,1,1,7,0.4117647058823529,0.30145344,0.29076707
51ce3748-52c5-58b7-85e5-ec7c4221ca19,oysters,somewhat_close,12,1,2,2,0.1176470588235294,0.19799377,0.20686175
51ce3748-52c5-58b7-85e5-ec7c4221ca19,oysters,somewhat_close,12,1,3,1,0.0588235294117647,0.14604472,0.1559252
51ce3748-52c5-58b7-85e5-ec7c4221ca19,cooking,extremely_close,4,3,0,7,0.2916666666666667,0.3350411,0.26790115
51ce3748-52c5-58b7-85e5-ec7c4221ca19,cooking,extremely_close,4,3,1,6,0.25,0.301432,0.30072036
51ce3748-52c5-58b7-85e5-ec7c4221ca19,cooking,extremely_close,4,3,2,6,0.25,0.2060558,0.23298924
51ce3748-52c5-58b7-85e5-ec7c4221ca19,cooking,extremely_close,4,3,3,5,0.2083333333333333,0.15747108,0.19838926
51ce3748-52c5-58b7-85e5-ec7c4221ca19,conference,close,3,2,0,7,0.35,0.3467783,0.3194244
51ce3748-52c5-58b7-85e5-ec7c4221ca19,conference,close,3,2,1,7,0.35,0.32602173,0.30460128
51ce3748-52c5-58b7-85e5-ec7c4221ca19,conference,close,3,2,2,4,0.2,0.1874909,0.22443041
51ce3748-52c5-58b7-85e5-ec7c4221ca19,conference,close,3,2,3,2,0.1,0.13970904,0.15154389
51ce3748-52c5-58b7-85e5-ec7c4221ca19,driving,not_close,8,0,0,7,0.4375,0.33066627,0.31951004
51ce3748-52c5-58b7-85e5-ec7c4221ca19,driving,not_close,8,0,1,7,0.4375,0.31550372,0.3540611
51ce3748-52c5-58b7-85e5-ec7c4221ca19,driving,not_close,8,0,2,1,0.0625,0.212756,0.19448832
51ce3748-52c5-58b7-85e5-ec7c4221ca19,driving,not_close,8,0,3,1,0.0625,0.14107409,0.1319406
51ce3748-52c5-58b7-85e5-ec7c4221ca19,soup,somewhat_close,14,1,0,7,0.4117647058823529,0.3512944,0.33787718
51ce3748-52c5-58b7-85e5-ec7c4221ca19,soup,somewhat_close,14,1,1,6,0.3529411764705882,0.31583798,0.30691224
51ce3748-52c5-58b7-85e5-ec7c4221ca19,soup,somewhat_close,14,1,2,2,0.1176470588235294,0.18198796,0.19641732
51ce3748-52c5-58b7-85e5-ec7c4221ca19,soup,somewhat_close,14,1,3,2,0.1176470588235294,0.15087959,0.15879321
51ce3748-52c5-58b7-85e5-ec7c4221ca19,hike,not_close,11,0,0,7,0.4375,0.3467728,0.3642791
51ce3748-52c5-58b7-85e5-ec7c4221ca19,hike,not_close,11,0,1,6,0.375,0.3240307,0.31677198
51ce3748-52c5-58b7-85e5-ec7c4221ca19,hike,not_close,11,0,2,2,0.125,0.19134435,0.1780148
51ce3748-52c5-58b7-85e5-ec7c4221ca19,hike,not_close,11,0,3,1,0.0625,0.13785222,0.1409341
51ce3748-52c5-58b7-85e5-ec7c4221ca19,basketball,close,0,2,0,7,0.4375,0.32619047,0.3229036
51ce3748-52c5-58b7-85e5-ec7c4221ca19,basketball,close,0,2,1,6,0.375,0.31149498,0.29293644
51ce3748-52c5-58b7-85e5-ec7c4221ca19,basketball,close,0,2,2,2,0.125,0.21755591,0.20826088
51ce3748-52c5-58b7-85e5-ec7c4221ca19,basketball,close,0,2,3,1,0.0625,0.14475863,0.175899
51ce3748-52c5-58b7-85e5-ec7c4221ca19,birthday,close,1,2,0,7,0.35,0.33094808,0.28472444
51ce3748-52c5-58b7-85e5-ec7c4221ca19,birthday,close,1,2,1,7,0.35,0.31393355,0.3053844
51ce3748-52c5-58b7-85e5-ec7c4221ca19,birthday,close,1,2,2,4,0.2,0.21405,0.23678404
51ce3748-52c5-58b7-85e5-ec7c4221ca19,birthday,close,1,2,3,2,0.1,0.14106838,0.1731071
51ce3748-52c5-58b7-85e5-ec7c4221ca19,crabs,extremely_close,5,3,0,7,0.3888888888888889,0.34133512,0.32297945
51ce3748-52c5-58b7-85e5-ec7c4221ca19,crabs,extremely_close,5,3,1,7,0.3888888888888889,0.3221551,0.30443525
51ce3748-52c5-58b7-85e5-ec7c4221ca19,crabs,extremely_close,5,3,2,2,0.1111111111111111,0.18072298,0.18565442
51ce3748-52c5-58b7-85e5-ec7c4221ca19,crabs,extremely_close,5,3,3,2,0.1111111111111111,0.15578677,0.18693084
51ce3748-52c5-58b7-85e5-ec7c4221ca19,dip,extremely_close,6,3,0,7,0.3181818181818182,0.34664327,0.3213163
51ce3748-52c5-58b7-85e5-ec7c4221ca19,dip,extremely_close,6,3,1,6,0.2727272727272727,0.27114132,0.2708203
51ce3748-52c5-58b7-85e5-ec7c4221ca19,dip,extremely_close,6,3,2,6,0.2727272727272727,0.2222055,0.2373023
51ce3748-52c5-58b7-85e5-ec7c4221ca19,dip,extremely_close,6,3,3,3,0.1363636363636363,0.16000988,0.17056109
51ce3748-52c5-58b7-85e5-ec7c4221ca19,social,somewhat_close,13,1,0,7,0.5,0.40185055,0.3780521
51ce3748-52c5-58b7-85e5-ec7c4221ca19,social,somewhat_close,13,1,1,3,0.2142857142857142,0.2581625,0.25415382
51ce3748-52c5-58b7-85e5-ec7c4221ca19,social,somewhat_close,13,1,2,3,0.2142857142857142,0.1958849,0.20883785
51ce3748-52c5-58b7-85e5-ec7c4221ca19,social,somewhat_close,13,1,3,1,0.0714285714285714,0.14410202,0.15895618
51ce3748-52c5-58b7-85e5-ec7c4221ca19,drinks,extremely_close,7,3,0,4,0.25,0.34319648,0.24337234
51ce3748-52c5-58b7-85e5-ec7c4221ca19,drinks,extremely_close,7,3,1,4,0.25,0.26716295,0.29073274
51ce3748-52c5-58b7-85e5-ec7c4221ca19,drinks,extremely_close,7,3,2,4,0.25,0.22266258,0.22844173
51ce3748-52c5-58b7-85e5-ec7c4221ca19,drinks,extremely_close,7,3,3,4,0.25,0.16697805,0.23745316
51ce3748-52c5-58b7-85e5-ec7c4221ca19,brunch,close,2,2,0,7,0.3684210526315789,0.31266126,0.2922043
51ce3748-52c5-58b7-85e5-ec7c4221ca19,brunch,close,2,2,1,7,0.3684210526315789,0.29284903,0.27890328
51ce3748-52c5-58b7-85e5-ec7c4221ca19,brunch,close,2,2,2,3,0.1578947368421052,0.22538273,0.2363917
51ce3748-52c5-58b7-85e5-ec7c4221ca19,brunch,close,2,2,3,2,0.1052631578947368,0.1691069,0.19250078
51ce3748-52c5-58b7-85e5-ec7c4221ca19,fair,not_close,9,0,0,7,0.4666666666666667,0.3399395,0.33449876
51ce3748-52c5-58b7-85e5-ec7c4221ca19,fair,not_close,9,0,1,6,0.4,0.32053334,0.3437535
51ce3748-52c5-58b7-85e5-ec7c4221ca19,fair,not_close,9,0,2,1,0.0666666666666666,0.20100063,0.1889061
51ce3748-52c5-58b7-85e5-ec7c4221ca19,fair,not_close,9,0,3,1,0.0666666666666666,0.1385266,0.13284165
fa88935e-8667-5d90-afaa-8342aafef5bd,gala,somewhat_close,10,1,0,7,0.5833333333333334,0.37736025,0.32411346
fa88935e-8667-5d90-afaa-8342aafef5bd,gala,somewhat_close,10,1,1,2,0.1666666666666666,0.24683172,0.25308076
fa88935e-8667-5d90-afaa-8342aafef5bd,gala,somewhat_close,10,1,2,1,0.0833333333333333,0.21063499,0.23114428
fa88935e-8667-5d90-afaa-8342aafef5bd,gala,somewhat_close,10,1,3,2,0.1666666666666666,0.165173,0.1916615
fa88935e-8667-5d90-afaa-8342aafef5bd,oysters,not_close,12,0,0,7,0.4117647058823529,0.35450813,0.35589477
fa88935e-8667-5d90-afaa-8342aafef5bd,oysters,not_close,12,0,1,3,0.1764705882352941,0.30145344,0.31109774
fa88935e-8667-5d90-afaa-8342aafef5bd,oysters,not_close,12,0,2,4,0.2352941176470588,0.19799377,0.19477606
fa88935e-8667-5d90-afaa-8342aafef5bd,oysters,not_close,12,0,3,3,0.1764705882352941,0.14604472,0.13823144
fa88935e-8667-5d90-afaa-8342aafef5bd,wedding,extremely_close,15,3,0,3,0.1578947368421052,0.31908587,0.2974841
fa88935e-8667-5d90-afaa-8342aafef5bd,wedding,extremely_close,15,3,1,7,0.3684210526315789,0.29837966,0.27377465
fa88935e-8667-5d90-afaa-8342aafef5bd,wedding,extremely_close,15,3,2,6,0.3157894736842105,0.23396881,0.24111676
fa88935e-8667-5d90-afaa-8342aafef5bd,wedding,extremely_close,15,3,3,3,0.1578947368421052,0.14856559,0.18762444
fa88935e-8667-5d90-afaa-8342aafef5bd,cooking,extremely_close,4,3,0,1,0.0526315789473684,0.3350411,0.26790115
fa88935e-8667-5d90-afaa-8342aafef5bd,cooking,extremely_close,4,3,1,7,0.3684210526315789,0.301432,0.30072036
fa88935e-8667-5d90-afaa-8342aafef5bd,cooking,extremely_close,4,3,2,6,0.3157894736842105,0.2060558,0.23298924
fa88935e-8667-5d90-afaa-8342aafef5bd,cooking,extremely_close,4,3,3,5,0.2631578947368421,0.15747108,0.19838926
fa88935e-8667-5d90-afaa-8342aafef5bd,drinks,extremely_close,7,3,0,1,0.0526315789473684,0.34319648,0.24337234
fa88935e-8667-5d90-afaa-8342aafef5bd,drinks,extremely_close,7,3,1,6,0.3157894736842105,0.26716295,0.29073274
fa88935e-8667-5d90-afaa-8342aafef5bd,drinks,extremely_close,7,3,2,7,0.3684210526315789,0.22266258,0.22844173
fa88935e-8667-5d90-afaa-8342aafef5bd,drinks,extremely_close,7,3,3,5,0.2631578947368421,0.16697805,0.23745316
fa88935e-8667-5d90-afaa-8342aafef5bd,soup,not_close,14,0,0,7,0.5384615384615384,0.3512944,0.3687841
fa88935e-8667-5d90-afaa-8342aafef5bd,soup,not_close,14,0,1,3,0.2307692307692307,0.31583798,0.32352978
fa88935e-8667-5d90-afaa-8342aafef5bd,soup,not_close,14,0,2,2,0.1538461538461538,0.18198796,0.17495361
fa88935e-8667-5d90-afaa-8342aafef5bd,soup,not_close,14,0,3,1,0.0769230769230769,0.15087959,0.13273244
fa88935e-8667-5d90-afaa-8342aafef5bd,crabs,not_close,5,0,0,7,0.5833333333333334,0.34133512,0.3294243
fa88935e-8667-5d90-afaa-8342aafef5bd,crabs,not_close,5,0,1,3,0.25,0.3221551,0.36001885
fa88935e-8667-5d90-afaa-8342aafef5bd,crabs,not_close,5,0,2,1,0.0833333333333333,0.18072298,0.16664708
fa88935e-8667-5d90-afaa-8342aafef5bd,crabs,not_close,5,0,3,1,0.0833333333333333,0.15578677,0.14390975
fa88935e-8667-5d90-afaa-8342aafef5bd,driving,close,8,2,0,6,0.3,0.33066627,0.30398852
fa88935e-8667-5d90-afaa-8342aafef5bd,driving,close,8,2,1,7,0.35,0.31550372,0.31212825
fa88935e-8667-5d90-afaa-8342aafef5bd,driving,close,8,2,2,5,0.25,0.212756,0.21644199
fa88935e-8667-5d90-afaa-8342aafef5bd,driving,close,8,2,3,2,0.1,0.14107409,0.1674413
fa88935e-8667-5d90-afaa-8342aafef5bd,hike,somewhat_close,11,1,0,7,0.5384615384615384,0.3467728,0.33041134
fa88935e-8667-5d90-afaa-8342aafef5bd,hike,somewhat_close,11,1,1,3,0.2307692307692307,0.3240307,0.31247446
fa88935e-8667-5d90-afaa-8342aafef5bd,hike,somewhat_close,11,1,2,2,0.1538461538461538,0.19134435,0.20020384
fa88935e-8667-5d90-afaa-8342aafef5bd,hike,somewhat_close,11,1,3,1,0.0769230769230769,0.13785222,0.15691037
fa88935e-8667-5d90-afaa-8342aafef5bd,birthday,close,1,2,0,3,0.1578947368421052,0.33094808,0.28472444
fa88935e-8667-5d90-afaa-8342aafef5bd,birthday,close,1,2,1,7,0.3684210526315789,0.31393355,0.3053844
fa88935e-8667-5d90-afaa-8342aafef5bd,birthday,close,1,2,2,6,0.3157894736842105,0.21405,0.23678404
fa88935e-8667-5d90-afaa-8342aafef5bd,birthday,close,1,2,3,3,0.1578947368421052,0.14106838,0.1731071
fa88935e-8667-5d90-afaa-8342aafef5bd,social,close,13,2,0,7,0.4375,0.40185055,0.3784892
fa88935e-8667-5d90-afaa-8342aafef5bd,social,close,13,2,1,2,0.125,0.2581625,0.26476493
fa88935e-8667-5d90-afaa-8342aafef5bd,social,close,13,2,2,6,0.375,0.1958849,0.20696187
fa88935e-8667-5d90-afaa-8342aafef5bd,social,close,13,2,3,1,0.0625,0.14410202,0.14978395
fa88935e-8667-5d90-afaa-8342aafef5bd,fair,not_close,9,0,0,7,0.3888888888888889,0.3399395,0.33449876
fa88935e-8667-5d90-afaa-8342aafef5bd,fair,not_close,9,0,1,3,0.1666666666666666,0.32053334,0.3437535
fa88935e-8667-5d90-afaa-8342aafef5bd,fair,not_close,9,0,2,2,0.1111111111111111,0.20100063,0.1889061
fa88935e-8667-5d90-afaa-8342aafef5bd,fair,not_close,9,0,3,6,0.3333333333333333,0.1385266,0.13284165
fa88935e-8667-5d90-afaa-8342aafef5bd,conference,extremely_close,3,3,0,3,0.1764705882352941,0.3467783,0.3099088
fa88935e-8667-5d90-afaa-8342aafef5bd,conference,extremely_close,3,3,1,7,0.4117647058823529,0.32602173,0.2874739
fa88935e-8667-5d90-afaa-8342aafef5bd,conference,extremely_close,3,3,2,6,0.3529411764705882,0.1874909,0.2322446
fa88935e-8667-5d90-afaa-8342aafef5bd,conference,extremely_close,3,3,3,1,0.0588235294117647,0.13970904,0.17037268
fa88935e-8667-5d90-afaa-8342aafef5bd,basketball,somewhat_close,0,1,0,3,0.2727272727272727,0.32619047,0.31074163
fa88935e-8667-5d90-afaa-8342aafef5bd,basketball,somewhat_close,0,1,1,6,0.5454545454545454,0.31149498,0.30840942
fa88935e-8667-5d90-afaa-8342aafef5bd,basketball,somewhat_close,0,1,2,1,0.0909090909090909,0.21755591,0.22120504
fa88935e-8667-5d90-afaa-8342aafef5bd,basketball,somewhat_close,0,1,3,1,0.0909090909090909,0.14475863,0.15964389
fa88935e-8667-5d90-afaa-8342aafef5bd,brunch,close,2,2,0,6,0.2727272727272727,0.31266126,0.2922043
fa88935e-8667-5d90-afaa-8342aafef5bd,brunch,close,2,2,1,7,0.3181818181818182,0.29284903,0.27890328
fa88935e-8667-5d90-afaa-8342aafef5bd,brunch,close,2,2,2,6,0.2727272727272727,0.22538273,0.2363917
fa88935e-8667-5d90-afaa-8342aafef5bd,brunch,close,2,2,3,3,0.1363636363636363,0.1691069,0.19250078
fa88935e-8667-5d90-afaa-8342aafef5bd,dip,somewhat_close,6,1,0,7,0.5384615384615384,0.34664327,0.34845993
fa88935e-8667-5d90-afaa-8342aafef5bd,dip,somewhat_close,6,1,1,3,0.2307692307692307,0.27114132,0.27802554
fa88935e-8667-5d90-afaa-8342aafef5bd,dip,somewhat_close,6,1,2,2,0.1538461538461538,0.2222055,0.23313951
fa88935e-8667-5d90-afaa-8342aafef5bd,dip,somewhat_close,6,1,3,1,0.0769230769230769,0.16000988,0.14037508
a63ac7b3-066a-5437-850f-ff8400333a29,brunch,extremely_close,2,3,0,6,0.4,0.31266126,0.26310802
a63ac7b3-066a-5437-850f-ff8400333a29,brunch,extremely_close,2,3,1,2,0.1333333333333333,0.29284903,0.27545908
a63ac7b3-066a-5437-850f-ff8400333a29,brunch,extremely_close,2,3,2,2,0.1333333333333333,0.22538273,0.24720623
a63ac7b3-066a-5437-850f-ff8400333a29,brunch,extremely_close,2,3,3,5,0.3333333333333333,0.1691069,0.21422674
a63ac7b3-066a-5437-850f-ff8400333a29,gala,not_close,10,0,0,6,0.6666666666666666,0.37736025,0.37343702
a63ac7b3-066a-5437-850f-ff8400333a29,gala,not_close,10,0,1,1,0.1111111111111111,0.24683172,0.2587873
a63ac7b3-066a-5437-850f-ff8400333a29,gala,not_close,10,0,2,1,0.1111111111111111,0.21063499,0.21295612
a63ac7b3-066a-5437-850f-ff8400333a29,gala,not_close,10,0,3,1,0.1111111111111111,0.165173,0.15481953
a63ac7b3-066a-5437-850f-ff8400333a29,crabs,extremely_close,5,3,0,2,0.1818181818181818,0.34133512,0.32297945
a63ac7b3-066a-5437-850f-ff8400333a29,crabs,extremely_close,5,3,1,5,0.4545454545454545,0.3221551,0.30443525
a63ac7b3-066a-5437-850f-ff8400333a29,crabs,extremely_close,5,3,2,2,0.1818181818181818,0.18072298,0.18565442
a63ac7b3-066a-5437-850f-ff8400333a29,crabs,extremely_close,5,3,3,2,0.1818181818181818,0.15578677,0.18693084
a63ac7b3-066a-5437-850f-ff8400333a29,cooking,close,4,2,0,1,0.0833333333333333,0.3350411,0.26264983
a63ac7b3-066a-5437-850f-ff8400333a29,cooking,close,4,2,1,7,0.5833333333333334,0.301432,0.31273055
a63ac7b3-066a-5437-850f-ff8400333a29,cooking,close,4,2,2,3,0.25,0.2060558,0.2337246
a63ac7b3-066a-5437-850f-ff8400333a29,cooking,close,4,2,3,1,0.0833333333333333,0.15747108,0.19089502
a63ac7b3-066a-5437-850f-ff8400333a29,soup,close,14,2,0,7,0.6363636363636364,0.3512944,0.3422157
a63ac7b3-066a-5437-850f-ff8400333a29,soup,close,14,2,1,2,0.1818181818181818,0.31583798,0.29969218
a63ac7b3-066a-5437-850f-ff8400333a29,soup,close,14,2,2,1,0.0909090909090909,0.18198796,0.19644682
a63ac7b3-066a-5437-850f-ff8400333a29,soup,close,14,2,3,1,0.0909090909090909,0.15087959,0.16164538
a63ac7b3-066a-5437-850f-ff8400333a29,drinks,not_close,7,0,0,6,0.4615384615384615,0.34319648,0.2994285
a63ac7b3-066a-5437-850f-ff8400333a29,drinks,not_close,7,0,1,5,0.3846153846153846,0.26716295,0.298935
a63ac7b3-066a-5437-850f-ff8400333a29,drinks,not_close,7,0,2,1,0.0769230769230769,0.22266258,0.2280769
a63ac7b3-066a-5437-850f-ff8400333a29,drinks,not_close,7,0,3,1,0.0769230769230769,0.16697805,0.1735596
a63ac7b3-066a-5437-850f-ff8400333a29,oysters,somewhat_close,12,1,0,6,0.5454545454545454,0.35450813,0.34644595
a63ac7b3-066a-5437-850f-ff8400333a29,oysters,somewhat_close,12,1,1,2,0.1818181818181818,0.30145344,0.29076707
a63ac7b3-066a-5437-850f-ff8400333a29,oysters,somewhat_close,12,1,2,2,0.1818181818181818,0.19799377,0.20686175
a63ac7b3-066a-5437-850f-ff8400333a29,oysters,somewhat_close,12,1,3,1,0.0909090909090909,0.14604472,0.1559252
a63ac7b3-066a-5437-850f-ff8400333a29,birthday,close,1,2,0,5,0.2631578947368421,0.33094808,0.28472444
a63ac7b3-066a-5437-850f-ff8400333a29,birthday,close,1,2,1,7,0.3684210526315789,0.31393355,0.3053844
a63ac7b3-066a-5437-850f-ff8400333a29,birthday,close,1,2,2,5,0.2631578947368421,0.21405,0.23678404
a63ac7b3-066a-5437-850f-ff8400333a29,birthday,close,1,2,3,2,0.1052631578947368,0.14106838,0.1731071
a63ac7b3-066a-5437-850f-ff8400333a29,social,extremely_close,13,3,0,5,0.3571428571428571,0.40185055,0.34408742
a63ac7b3-066a-5437-850f-ff8400333a29,social,extremely_close,13,3,1,5,0.3571428571428571,0.2581625,0.258135
a63ac7b3-066a-5437-850f-ff8400333a29,social,extremely_close,13,3,2,2,0.1428571428571428,0.1958849,0.2316001
a63ac7b3-066a-5437-850f-ff8400333a29,social,extremely_close,13,3,3,2,0.1428571428571428,0.14410202,0.16617753
a63ac7b3-066a-5437-850f-ff8400333a29,hike,somewhat_close,11,1,0,6,0.3333333333333333,0.3467728,0.33041134
a63ac7b3-066a-5437-850f-ff8400333a29,hike,somewhat_close,11,1,1,5,0.2777777777777778,0.3240307,0.31247446
a63ac7b3-066a-5437-850f-ff8400333a29,hike,somewhat_close,11,1,2,5,0.2777777777777778,0.19134435,0.20020384
a63ac7b3-066a-5437-850f-ff8400333a29,hike,somewhat_close,11,1,3,2,0.1111111111111111,0.13785222,0.15691037
a63ac7b3-066a-5437-850f-ff8400333a29,conference,close,3,2,0,2,0.1176470588235294,0.3467783,0.3194244
a63ac7b3-066a-5437-850f-ff8400333a29,conference,close,3,2,1,6,0.3529411764705882,0.32602173,0.30460128
a63ac7b3-066a-5437-850f-ff8400333a29,conference,close,3,2,2,5,0.2941176470588235,0.1874909,0.22443041
a63ac7b3-066a-5437-850f-ff8400333a29,conference,close,3,2,3,4,0.2352941176470588,0.13970904,0.15154389
a63ac7b3-066a-5437-850f-ff8400333a29,basketball,not_close,0,0,0,6,0.4285714285714285,0.32619047,0.3810742
a63ac7b3-066a-5437-850f-ff8400333a29,basketball,not_close,0,0,1,5,0.3571428571428571,0.31149498,0.33203775
a63ac7b3-066a-5437-850f-ff8400333a29,basketball,not_close,0,0,2,2,0.1428571428571428,0.21755591,0.16480143
a63ac7b3-066a-5437-850f-ff8400333a29,basketball,not_close,0,0,3,1,0.0714285714285714,0.14475863,0.12208664
a63ac7b3-066a-5437-850f-ff8400333a29,wedding,somewhat_close,15,1,0,7,0.5833333333333334,0.31908587,0.32673198
a63ac7b3-066a-5437-850f-ff8400333a29,wedding,somewhat_close,15,1,1,2,0.1666666666666666,0.29837966,0.2921303
a63ac7b3-066a-5437-850f-ff8400333a29,wedding,somewhat_close,15,1,2,2,0.1666666666666666,0.23396881,0.23820917
a63ac7b3-066a-5437-850f-ff8400333a29,wedding,somewhat_close,15,1,3,1,0.0833333333333333,0.14856559,0.14292857
a63ac7b3-066a-5437-850f-ff8400333a29,fair,not_close,9,0,0,3,0.2307692307692307,0.3399395,0.33449876
a63ac7b3-066a-5437-850f-ff8400333a29,fair,not_close,9,0,1,5,0.3846153846153846,0.32053334,0.3437535
a63ac7b3-066a-5437-850f-ff8400333a29,fair,not_close,9,0,2,3,0.2307692307692307,0.20100063,0.1889061
a63ac7b3-066a-5437-850f-ff8400333a29,fair,not_close,9,0,3,2,0.1538461538461538,0.1385266,0.13284165
a63ac7b3-066a-5437-850f-ff8400333a29,driving,somewhat_close,8,1,0,5,0.3846153846153846,0.33066627,0.3126709
a63ac7b3-066a-5437-850f-ff8400333a29,driving,somewhat_close,8,1,1,6,0.4615384615384615,0.31550372,0.329562
a63ac7b3-066a-5437-850f-ff8400333a29,driving,somewhat_close,8,1,2,1,0.0769230769230769,0.212756,0.21199694
a63ac7b3-066a-5437-850f-ff8400333a29,driving,somewhat_close,8,1,3,1,0.0769230769230769,0.14107409,0.14577018
a63ac7b3-066a-5437-850f-ff8400333a29,dip,extremely_close,6,3,0,1,0.25,0.34664327,0.3213163
a63ac7b3-066a-5437-850f-ff8400333a29,dip,extremely_close,6,3,1,1,0.25,0.27114132,0.2708203
a63ac7b3-066a-5437-850f-ff8400333a29,dip,extremely_close,6,3,2,1,0.25,0.2222055,0.2373023
a63ac7b3-066a-5437-850f-ff8400333a29,dip,extremely_close,6,3,3,1,0.25,0.16000988,0.17056109
7dc80ecd-dcb4-56ef-85e9-4ba2d9c3d88e,birthday,not_close,1,0,0,6,0.5,0.33094808,0.35584754
7dc80ecd-dcb4-56ef-85e9-4ba2d9c3d88e,birthday,not_close,1,0,1,3,0.25,0.31393355,0.31760582
7dc80ecd-dcb4-56ef-85e9-4ba2d9c3d88e,birthday,not_close,1,0,2,1,0.0833333333333333,0.21405,0.1876142
7dc80ecd-dcb4-56ef-85e9-4ba2d9c3d88e,birthday,not_close,1,0,3,2,0.1666666666666666,0.14106838,0.13893244
7dc80ecd-dcb4-56ef-85e9-4ba2d9c3d88e,crabs,somewhat_close,5,1,0,7,0.5833333333333334,0.34133512,0.3514227
7dc80ecd-dcb4-56ef-85e9-4ba2d9c3d88e,crabs,somewhat_close,5,1,1,2,0.1666666666666666,0.3221551,0.35142806
7dc80ecd-dcb4-56ef-85e9-4ba2d9c3d88e,crabs,somewhat_close,5,1,2,2,0.1666666666666666,0.18072298,0.148849
7dc80ecd-dcb4-56ef-85e9-4ba2d9c3d88e,crabs,somewhat_close,5,1,3,1,0.0833333333333333,0.15578677,0.14830023
7dc80ecd-dcb4-56ef-85e9-4ba2d9c3d88e,soup,not_close,14,0,0,7,0.4117647058823529,0.3512944,0.3687841
7dc80ecd-dcb4-56ef-85e9-4ba2d9c3d88e,soup,not_close,14,0,1,2,0.1176470588235294,0.31583798,0.32352978
7dc80ecd-dcb4-56ef-85e9-4ba2d9c3d88e,soup,not_close,14,0,2,3,0.1764705882352941,0.18198796,0.17495361
7dc80ecd-dcb4-56ef-85e9-4ba2d9c3d88e,soup,not_close,14,0,3,5,0.2941176470588235,0.15087959,0.13273244
7dc80ecd-dcb4-56ef-85e9-4ba2d9c3d88e,drinks,close,7,2,0,4,0.25,0.34319648,0.2973132
7dc80ecd-dcb4-56ef-85e9-4ba2d9c3d88e,drinks,close,7,2,1,6,0.375,0.26716295,0.27554834
7dc80ecd-dcb4-56ef-85e9-4ba2d9c3d88e,drinks,close,7,2,2,5,0.3125,0.22266258,0.23582152
7dc80ecd-dcb4-56ef-85e9-4ba2d9c3d88e,drinks,close,7,2,3,1,0.0625,0.16697805,0.1913169
7dc80ecd-dcb4-56ef-85e9-4ba2d9c3d88e,fair,close,9,2,0,2,0.1052631578947368,0.3399395,0.3417284
7dc80ecd-dcb4-56ef-85e9-4ba2d9c3d88e,fair,close,9,2,1,5,0.2631578947368421,0.32053334,0.32354605
7dc80ecd-dcb4-56ef-85e9-4ba2d9c3d88e,fair,close,9,2,2,7,0.3684210526315789,0.20100063,0.19540344
7dc80ecd-dcb4-56ef-85e9-4ba2d9c3d88e,fair,close,9,2,3,5,0.2631578947368421,0.1385266,0.13932213
7dc80ecd-dcb4-56ef-85e9-4ba2d9c3d88e,conference,somewhat_close,3,1,0,3,0.2307692307692307,0.3467783,0.330331
7dc80ecd-dcb4-56ef-85e9-4ba2d9c3d88e,conference,somewhat_close,3,1,1,6,0.4615384615384615,0.32602173,0.33012256
7dc80ecd-dcb4-56ef-85e9-4ba2d9c3d88e,conference,somewhat_close,3,1,2,2,0.1538461538461538,0.1874909,0.2040172
7dc80ecd-dcb4-56ef-85e9-4ba2d9c3d88e,conference,somewhat_close,3,1,3,2,0.1538461538461538,0.13970904,0.13552926
7dc80ecd-dcb4-56ef-85e9-4ba2d9c3d88e,dip,somewhat_close,6,1,0,6,0.2608695652173913,0.34664327,0.34845993
7dc80ecd-dcb4-56ef-85e9-4ba2d9c3d88e,dip,somewhat_close,6,1,1,7,0.3043478260869565,0.27114132,0.27802554
7dc80ecd-dcb4-56ef-85e9-4ba2d9c3d88e,dip,somewhat_close,6,1,2,5,0.217391304347826,0.2222055,0.23313951
7dc80ecd-dcb4-56ef-85e9-4ba2d9c3d88e,dip,somewhat_close,6,1,3,5,0.217391304347826,0.16000988,0.14037508
7dc80ecd-dcb4-56ef-85e9-4ba2d9c3d88e,oysters,not_close,12,0,0,6,0.375,0.35450813,0.35589477
7dc80ecd-dcb4-56ef-85e9-4ba2d9c3d88e,oysters,not_close,12,0,1,5,0.3125,0.30145344,0.31109774
7dc80ecd-dcb4-56ef-85e9-4ba2d9c3d88e,oysters,not_close,12,0,2,3,0.1875,0.19799377,0.19477606
7dc80ecd-dcb4-56ef-85e9-4ba2d9c3d88e,oysters,not_close,12,0,3,2,0.125,0.14604472,0.13823144
7dc80ecd-dcb4-56ef-85e9-4ba2d9c3d88e,cooking,not_close,4,0,0,3,0.2142857142857142,0.3350411,0.30513674
7dc80ecd-dcb4-56ef-85e9-4ba2d9c3d88e,cooking,not_close,4,0,1,5,0.3571428571428571,0.301432,0.3403478
7dc80ecd-dcb4-56ef-85e9-4ba2d9c3d88e,cooking,not_close,4,0,2,5,0.3571428571428571,0.2060558,0.19110213
7dc80ecd-dcb4-56ef-85e9-4ba2d9c3d88e,cooking,not_close,4,0,3,1,0.0714285714285714,0.15747108,0.1634134
7dc80ecd-dcb4-56ef-85e9-4ba2d9c3d88e,social,somewhat_close,13,1,0,6,0.3,0.40185055,0.3780521
7dc80ecd-dcb4-56ef-85e9-4ba2d9c3d88e,social,somewhat_close,13,1,1,5,0.25,0.2581625,0.25415382
7dc80ecd-dcb4-56ef-85e9-4ba2d9c3d88e,social,somewhat_close,13,1,2,6,0.3,0.1958849,0.20883785
7dc80ecd-dcb4-56ef-85e9-4ba2d9c3d88e,social,somewhat_close,13,1,3,3,0.15,0.14410202,0.15895618
7dc80ecd-dcb4-56ef-85e9-4ba2d9c3d88e,wedding,extremely_close,15,3,0,6,0.3,0.31908587,0.2974841
7dc80ecd-dcb4-56ef-85e9-4ba2d9c3d88e,wedding,extremely_close,15,3,1,5,0.25,0.29837966,0.27377465
7dc80ecd-dcb4-56ef-85e9-4ba2d9c3d88e,wedding,extremely_close,15,3,2,6,0.3,0.23396881,0.24111676
7dc80ecd-dcb4-56ef-85e9-4ba2d9c3d88e,wedding,extremely_close,15,3,3,3,0.15,0.14856559,0.18762444
7dc80ecd-dcb4-56ef-85e9-4ba2d9c3d88e,basketball,extremely_close,0,3,0,5,0.2941176470588235,0.32619047,0.3092946
7dc80ecd-dcb4-56ef-85e9-4ba2d9c3d88e,basketball,extremely_close,0,3,1,7,0.4117647058823529,0.31149498,0.30697325
7dc80ecd-dcb4-56ef-85e9-4ba2d9c3d88e,basketball,extremely_close,0,3,2,3,0.1764705882352941,0.21755591,0.22017495
7dc80ecd-dcb4-56ef-85e9-4ba2d9c3d88e,basketball,extremely_close,0,3,3,2,0.1176470588235294,0.14475863,0.16355725
7dc80ecd-dcb4-56ef-85e9-4ba2d9c3d88e,gala,close,10,2,0,3,0.1428571428571428,0.37736025,0.30581924
7dc80ecd-dcb4-56ef-85e9-4ba2d9c3d88e,gala,close,10,2,1,6,0.2857142857142857,0.24683172,0.27153325
7dc80ecd-dcb4-56ef-85e9-4ba2d9c3d88e,gala,close,10,2,2,7,0.3333333333333333,0.21063499,0.2401309
7dc80ecd-dcb4-56ef-85e9-4ba2d9c3d88e,gala,close,10,2,3,5,0.238095238095238,0.165173,0.18251657
7dc80ecd-dcb4-56ef-85e9-4ba2d9c3d88e,driving,extremely_close,8,3,0,5,0.2631578947368421,0.33066627,0.27924845
7dc80ecd-dcb4-56ef-85e9-4ba2d9c3d88e,driving,extremely_close,8,3,1,7,0.3684210526315789,0.31550372,0.30885038
7dc80ecd-dcb4-56ef-85e9-4ba2d9c3d88e,driving,extremely_close,8,3,2,3,0.1578947368421052,0.212756,0.22954276
7dc80ecd-dcb4-56ef-85e9-4ba2d9c3d88e,driving,extremely_close,8,3,3,4,0.2105263157894736,0.14107409,0.18235837
7dc80ecd-dcb4-56ef-85e9-4ba2d9c3d88e,brunch,close,2,2,0,2,0.1,0.31266126,0.2922043
7dc80ecd-dcb4-56ef-85e9-4ba2d9c3d88e,brunch,close,2,2,1,7,0.35,0.29284903,0.27890328
7dc80ecd-dcb4-56ef-85e9-4ba2d9c3d88e,brunch,close,2,2,2,7,0.35,0.22538273,0.2363917
7dc80ecd-dcb4-56ef-85e9-4ba2d9c3d88e,brunch,close,2,2,3,4,0.2,0.1691069,0.19250078
7dc80ecd-dcb4-56ef-85e9-4ba2d9c3d88e,hike,extremely_close,11,3,0,7,0.2916666666666667,0.3467728,0.33196965
7dc80ecd-dcb4-56ef-85e9-4ba2d9c3d88e,hike,extremely_close,11,3,1,6,0.25,0.3240307,0.28882948
7dc80ecd-dcb4-56ef-85e9-4ba2d9c3d88e,hike,extremely_close,11,3,2,7,0.2916666666666667,0.19134435,0.21154393
7dc80ecd-dcb4-56ef-85e9-4ba2d9c3d88e,hike,extremely_close,11,3,3,4,0.1666666666666666,0.13785222,0.167657
5f02c355-b17a-5fe8-9b89-5a48509ecb1e,soup,close,14,2,0,7,0.7,0.3512944,0.3422157
5f02c355-b17a-5fe8-9b89-5a48509ecb1e,soup,close,14,2,1,1,0.1,0.31583798,0.29969218
5f02c355-b17a-5fe8-9b89-5a48509ecb1e,soup,close,14,2,2,1,0.1,0.18198796,0.19644682
5f02c355-b17a-5fe8-9b89-5a48509ecb1e,soup,close,14,2,3,1,0.1,0.15087959,0.16164538
5f02c355-b17a-5fe8-9b89-5a48509ecb1e,driving,close,8,2,0,7,0.4375,0.33066627,0.30398852
5f02c355-b17a-5fe8-9b89-5a48509ecb1e,driving,close,8,2,1,7,0.4375,0.31550372,0.31212825
5f02c355-b17a-5fe8-9b89-5a48509ecb1e,driving,close,8,2,2,1,0.0625,0.212756,0.21644199
5f02c355-b17a-5fe8-9b89-5a48509ecb1e,driving,close,8,2,3,1,0.0625,0.14107409,0.1674413
5f02c355-b17a-5fe8-9b89-5a48509ecb1e,gala,somewhat_close,10,1,0,1,0.25,0.37736025,0.32411346
5f02c355-b17a-5fe8-9b89-5a48509ecb1e,gala,somewhat_close,10,1,1,1,0.25,0.24683172,0.25308076
5f02c355-b17a-5fe8-9b89-5a48509ecb1e,gala,somewhat_close,10,1,2,1,0.25,0.21063499,0.23114428
5f02c355-b17a-5fe8-9b89-5a48509ecb1e,gala,somewhat_close,10,1,3,1,0.25,0.165173,0.1916615
5f02c355-b17a-5fe8-9b89-5a48509ecb1e,fair,extremely_close,9,3,0,4,0.2666666666666666,0.3399395,0.32443607
5f02c355-b17a-5fe8-9b89-5a48509ecb1e,fair,extremely_close,9,3,1,7,0.4666666666666667,0.32053334,0.2984974
5f02c355-b17a-5fe8-9b89-5a48509ecb1e,fair,extremely_close,9,3,2,2,0.1333333333333333,0.20100063,0.20797278
5f02c355-b17a-5fe8-9b89-5a48509ecb1e,fair,extremely_close,9,3,3,2,0.1333333333333333,0.1385266,0.16909374
5f02c355-b17a-5fe8-9b89-5a48509ecb1e,wedding,somewhat_close,15,1,0,7,0.5833333333333334,0.31908587,0.32673198
5f02c355-b17a-5fe8-9b89-5a48509ecb1e,wedding,somewhat_close,15,1,1,2,0.1666666666666666,0.29837966,0.2921303
5f02c355-b17a-5fe8-9b89-5a48509ecb1e,wedding,somewhat_close,15,1,2,2,0.1666666666666666,0.23396881,0.23820917
5f02c355-b17a-5fe8-9b89-5a48509ecb1e,wedding,somewhat_close,15,1,3,1,0.0833333333333333,0.14856559,0.14292857
5f02c355-b17a-5fe8-9b89-5a48509ecb1e,drinks,somewhat_close,7,1,0,7,0.5,0.34319648,0.34077784
5f02c355-b17a-5fe8-9b89-5a48509ecb1e,drinks,somewhat_close,7,1,1,5,0.3571428571428571,0.26716295,0.2960432
5f02c355-b17a-5fe8-9b89-5a48509ecb1e,drinks,somewhat_close,7,1,2,1,0.0714285714285714,0.22266258,0.20890208
5f02c355-b17a-5fe8-9b89-5a48509ecb1e,drinks,somewhat_close,7,1,3,1,0.0714285714285714,0.16697805,0.15427689
5f02c355-b17a-5fe8-9b89-5a48509ecb1e,cooking,extremely_close,4,3,0,1,0.0833333333333333,0.3350411,0.26790115
5f02c355-b17a-5fe8-9b89-5a48509ecb1e,cooking,extremely_close,4,3,1,7,0.5833333333333334,0.301432,0.30072036
5f02c355-b17a-5fe8-9b89-5a48509ecb1e,cooking,extremely_close,4,3,2,3,0.25,0.2060558,0.23298924
5f02c355-b17a-5fe8-9b89-5a48509ecb1e,cooking,extremely_close,4,3,3,1,0.0833333333333333,0.15747108,0.19838926
5f02c355-b17a-5fe8-9b89-5a48509ecb1e,dip,close,6,2,0,1,0.25,0.34664327,0.33677724
5f02c355-b17a-5fe8-9b89-5a48509ecb1e,dip,close,6,2,1,1,0.25,0.27114132,0.28138566
5f02c355-b17a-5fe8-9b89-5a48509ecb1e,dip,close,6,2,2,1,0.25,0.2222055,0.22993708
5f02c355-b17a-5fe8-9b89-5a48509ecb1e,dip,close,6,2,3,1,0.25,0.16000988,0.15190005
5f02c355-b17a-5fe8-9b89-5a48509ecb1e,brunch,not_close,2,0,0,7,0.7,0.31266126,0.34032917
5f02c355-b17a-5fe8-9b89-5a48509ecb1e,brunch,not_close,2,0,1,1,0.1,0.29284903,0.29515493
5f02c355-b17a-5fe8-9b89-5a48509ecb1e,brunch,not_close,2,0,2,1,0.1,0.22538273,0.22530942
5f02c355-b17a-5fe8-9b89-5a48509ecb1e,brunch,not_close,2,0,3,1,0.1,0.1691069,0.13920642
5f02c355-b17a-5fe8-9b89-5a48509ecb1e,basketball,extremely_close,0,3,0,5,0.3125,0.32619047,0.3092946
5f02c355-b17a-5fe8-9b89-5a48509ecb1e,basketball,extremely_close,0,3,1,5,0.3125,0.31149498,0.30697325
5f02c355-b17a-5fe8-9b89-5a48509ecb1e,basketball,extremely_close,0,3,2,4,0.25,0.21755591,0.22017495
5f02c355-b17a-5fe8-9b89-5a48509ecb1e,basketball,extremely_close,0,3,3,2,0.125,0.14475863,0.16355725
5f02c355-b17a-5fe8-9b89-5a48509ecb1e,crabs,close,5,2,0,5,0.4166666666666667,0.34133512,0.3152678
5f02c355-b17a-5fe8-9b89-5a48509ecb1e,crabs,close,5,2,1,5,0.4166666666666667,0.3221551,0.32385492
5f02c355-b17a-5fe8-9b89-5a48509ecb1e,crabs,close,5,2,2,1,0.0833333333333333,0.18072298,0.19468644
5f02c355-b17a-5fe8-9b89-5a48509ecb1e,crabs,close,5,2,3,1,0.0833333333333333,0.15578677,0.16619082
5f02c355-b17a-5fe8-9b89-5a48509ecb1e,conference,somewhat_close,3,1,0,7,0.5384615384615384,0.3467783,0.330331
5f02c355-b17a-5fe8-9b89-5a48509ecb1e,conference,somewhat_close,3,1,1,4,0.3076923076923077,0.32602173,0.33012256
5f02c355-b17a-5fe8-9b89-5a48509ecb1e,conference,somewhat_close,3,1,2,1,0.0769230769230769,0.1874909,0.2040172
5f02c355-b17a-5fe8-9b89-5a48509ecb1e,conference,somewhat_close,3,1,3,1,0.0769230769230769,0.13970904,0.13552926
5f02c355-b17a-5fe8-9b89-5a48509ecb1e,oysters,not_close,12,0,0,7,0.7,0.35450813,0.35589477
5f02c355-b17a-5fe8-9b89-5a48509ecb1e,oysters,not_close,12,0,1,1,0.1,0.30145344,0.31109774
5f02c355-b17a-5fe8-9b89-5a48509ecb1e,oysters,not_close,12,0,2,1,0.1,0.19799377,0.19477606
5f02c355-b17a-5fe8-9b89-5a48509ecb1e,oysters,not_close,12,0,3,1,0.1,0.14604472,0.13823144
5f02c355-b17a-5fe8-9b89-5a48509ecb1e,birthday,extremely_close,1,3,0,1,0.0666666666666666,0.33094808,0.29339695
5f02c355-b17a-5fe8-9b89-5a48509ecb1e,birthday,extremely_close,1,3,1,7,0.4666666666666667,0.31393355,0.28846595
5f02c355-b17a-5fe8-9b89-5a48509ecb1e,birthday,extremely_close,1,3,2,5,0.3333333333333333,0.21405,0.24154752
5f02c355-b17a-5fe8-9b89-5a48509ecb1e,birthday,extremely_close,1,3,3,2,0.1333333333333333,0.14106838,0.1765896
5f02c355-b17a-5fe8-9b89-5a48509ecb1e,social,not_close,13,0,0,3,0.5,0.40185055,0.42380705
5f02c355-b17a-5fe8-9b89-5a48509ecb1e,social,not_close,13,0,1,1,0.1666666666666666,0.2581625,0.2471482
5f02c355-b17a-5fe8-9b89-5a48509ecb1e,social,not_close,13,0,2,1,0.1666666666666666,0.1958849,0.1846005
5f02c355-b17a-5fe8-9b89-5a48509ecb1e,social,not_close,13,0,3,1,0.1666666666666666,0.14410202,0.14444424
5f02c355-b17a-5fe8-9b89-5a48509ecb1e,hike,not_close,11,0,0,7,0.5833333333333334,0.3467728,0.3642791
5f02c355-b17a-5fe8-9b89-5a48509ecb1e,hike,not_close,11,0,1,3,0.25,0.3240307,0.31677198
5f02c355-b17a-5fe8-9b89-5a48509ecb1e,hike,not_close,11,0,2,1,0.0833333333333333,0.19134435,0.1780148
5f02c355-b17a-5fe8-9b89-5a48509ecb1e,hike,not_close,11,0,3,1,0.0833333333333333,0.13785222,0.1409341
de54651b-bdca-55ee-9ebf-df518d471488,birthday,not_close,1,0,0,1,0.0666666666666666,0.33094808,0.35584754
de54651b-bdca-55ee-9ebf-df518d471488,birthday,not_close,1,0,1,4,0.2666666666666666,0.31393355,0.31760582
de54651b-bdca-55ee-9ebf-df518d471488,birthday,not_close,1,0,2,5,0.3333333333333333,0.21405,0.1876142
de54651b-bdca-55ee-9ebf-df518d471488,birthday,not_close,1,0,3,5,0.3333333333333333,0.14106838,0.13893244
de54651b-bdca-55ee-9ebf-df518d471488,basketball,somewhat_close,0,1,0,6,0.6666666666666666,0.32619047,0.31074163
de54651b-bdca-55ee-9ebf-df518d471488,basketball,somewhat_close,0,1,1,1,0.1111111111111111,0.31149498,0.30840942
de54651b-bdca-55ee-9ebf-df518d471488,basketball,somewhat_close,0,1,2,1,0.1111111111111111,0.21755591,0.22120504
de54651b-bdca-55ee-9ebf-df518d471488,basketball,somewhat_close,0,1,3,1,0.1111111111111111,0.14475863,0.15964389
de54651b-bdca-55ee-9ebf-df518d471488,wedding,close,15,2,0,2,0.2,0.31908587,0.30511737
de54651b-bdca-55ee-9ebf-df518d471488,wedding,close,15,2,1,3,0.3,0.29837966,0.2728047
de54651b-bdca-55ee-9ebf-df518d471488,wedding,close,15,2,2,3,0.3,0.23396881,0.2473037
de54651b-bdca-55ee-9ebf-df518d471488,wedding,close,15,2,3,2,0.2,0.14856559,0.17477417
de54651b-bdca-55ee-9ebf-df518d471488,gala,extremely_close,10,3,0,5,0.3571428571428571,0.37736025,0.27933165
de54651b-bdca-55ee-9ebf-df518d471488,gala,extremely_close,10,3,1,5,0.3571428571428571,0.24683172,0.27254456
de54651b-bdca-55ee-9ebf-df518d471488,gala,extremely_close,10,3,2,2,0.1428571428571428,0.21063499,0.25221765
de54651b-bdca-55ee-9ebf-df518d471488,gala,extremely_close,10,3,3,2,0.1428571428571428,0.165173,0.19590618
de54651b-bdca-55ee-9ebf-df518d471488,drinks,not_close,7,0,0,4,0.2857142857142857,0.34319648,0.2994285
de54651b-bdca-55ee-9ebf-df518d471488,drinks,not_close,7,0,1,3,0.2142857142857142,0.26716295,0.298935
de54651b-bdca-55ee-9ebf-df518d471488,drinks,not_close,7,0,2,3,0.2142857142857142,0.22266258,0.2280769
de54651b-bdca-55ee-9ebf-df518d471488,drinks,not_close,7,0,3,4,0.2857142857142857,0.16697805,0.1735596
de54651b-bdca-55ee-9ebf-df518d471488,crabs,close,5,2,0,5,0.4166666666666667,0.34133512,0.3152678
de54651b-bdca-55ee-9ebf-df518d471488,crabs,close,5,2,1,2,0.1666666666666666,0.3221551,0.32385492
de54651b-bdca-55ee-9ebf-df518d471488,crabs,close,5,2,2,2,0.1666666666666666,0.18072298,0.19468644
de54651b-bdca-55ee-9ebf-df518d471488,crabs,close,5,2,3,3,0.25,0.15578677,0.16619082
de54651b-bdca-55ee-9ebf-df518d471488,driving,somewhat_close,8,1,0,5,0.3571428571428571,0.33066627,0.3126709
de54651b-bdca-55ee-9ebf-df518d471488,driving,somewhat_close,8,1,1,6,0.4285714285714285,0.31550372,0.329562
de54651b-bdca-55ee-9ebf-df518d471488,driving,somewhat_close,8,1,2,1,0.0714285714285714,0.212756,0.21199694
de54651b-bdca-55ee-9ebf-df518d471488,driving,somewhat_close,8,1,3,2,0.1428571428571428,0.14107409,0.14577018
de54651b-bdca-55ee-9ebf-df518d471488,oysters,close,12,2,0,2,0.2857142857142857,0.35450813,0.32386693
de54651b-bdca-55ee-9ebf-df518d471488,oysters,close,12,2,1,1,0.1428571428571428,0.30145344,0.29327434
de54651b-bdca-55ee-9ebf-df518d471488,oysters,close,12,2,2,2,0.2857142857142857,0.19799377,0.21184032
de54651b-bdca-55ee-9ebf-df518d471488,oysters,close,12,2,3,2,0.2857142857142857,0.14604472,0.17101833
de54651b-bdca-55ee-9ebf-df518d471488,fair,somewhat_close,9,1,0,5,0.4545454545454545,0.3399395,0.29991916
de54651b-bdca-55ee-9ebf-df518d471488,fair,somewhat_close,9,1,1,2,0.1818181818181818,0.32053334,0.31271672
de54651b-bdca-55ee-9ebf-df518d471488,fair,somewhat_close,9,1,2,2,0.1818181818181818,0.20100063,0.22270054
de54651b-bdca-55ee-9ebf-df518d471488,fair,somewhat_close,9,1,3,2,0.1818181818181818,0.1385266,0.16466357
de54651b-bdca-55ee-9ebf-df518d471488,cooking,not_close,4,0,0,6,0.5,0.3350411,0.30513674
de54651b-bdca-55ee-9ebf-df518d471488,cooking,not_close,4,0,1,2,0.1666666666666666,0.301432,0.3403478
de54651b-bdca-55ee-9ebf-df518d471488,cooking,not_close,4,0,2,2,0.1666666666666666,0.2060558,0.19110213
de54651b-bdca-55ee-9ebf-df518d471488,cooking,not_close,4,0,3,2,0.1666666666666666,0.15747108,0.1634134
de54651b-bdca-55ee-9ebf-df518d471488,social,extremely_close,13,3,0,5,0.5,0.40185055,0.34408742
de54651b-bdca-55ee-9ebf-df518d471488,social,extremely_close,13,3,1,2,0.2,0.2581625,0.258135
de54651b-bdca-55ee-9ebf-df518d471488,social,extremely_close,13,3,2,2,0.2,0.1958849,0.2316001
de54651b-bdca-55ee-9ebf-df518d471488,social,extremely_close,13,3,3,1,0.1,0.14410202,0.16617753
de54651b-bdca-55ee-9ebf-df518d471488,dip,close,6,2,0,4,0.4,0.34664327,0.33677724
de54651b-bdca-55ee-9ebf-df518d471488,dip,close,6,2,1,2,0.2,0.27114132,0.28138566
de54651b-bdca-55ee-9ebf-df518d471488,dip,close,6,2,2,2,0.2,0.2222055,0.22993708
de54651b-bdca-55ee-9ebf-df518d471488,dip,close,6,2,3,2,0.2,0.16000988,0.15190005
de54651b-bdca-55ee-9ebf-df518d471488,brunch,extremely_close,2,3,0,4,0.5714285714285714,0.31266126,0.26310802
de54651b-bdca-55ee-9ebf-df518d471488,brunch,extremely_close,2,3,1,1,0.1428571428571428,0.29284903,0.27545908
de54651b-bdca-55ee-9ebf-df518d471488,brunch,extremely_close,2,3,2,1,0.1428571428571428,0.22538273,0.24720623
de54651b-bdca-55ee-9ebf-df518d471488,brunch,extremely_close,2,3,3,1,0.1428571428571428,0.1691069,0.21422674
de54651b-bdca-55ee-9ebf-df518d471488,conference,extremely_close,3,3,0,1,0.1,0.3467783,0.3099088
de54651b-bdca-55ee-9ebf-df518d471488,conference,extremely_close,3,3,1,6,0.6,0.32602173,0.2874739
de54651b-bdca-55ee-9ebf-df518d471488,conference,extremely_close,3,3,2,2,0.2,0.1874909,0.2322446
de54651b-bdca-55ee-9ebf-df518d471488,conference,extremely_close,3,3,3,1,0.1,0.13970904,0.17037268
de54651b-bdca-55ee-9ebf-df518d471488,soup,somewhat_close,14,1,0,6,0.6666666666666666,0.3512944,0.33787718
de54651b-bdca-55ee-9ebf-df518d471488,soup,somewhat_close,14,1,1,1,0.1111111111111111,0.31583798,0.30691224
de54651b-bdca-55ee-9ebf-df518d471488,soup,somewhat_close,14,1,2,1,0.1111111111111111,0.18198796,0.19641732
de54651b-bdca-55ee-9ebf-df518d471488,soup,somewhat_close,14,1,3,1,0.1111111111111111,0.15087959,0.15879321
de54651b-bdca-55ee-9ebf-df518d471488,hike,not_close,11,0,0,7,0.7,0.3467728,0.3642791
de54651b-bdca-55ee-9ebf-df518d471488,hike,not_close,11,0,1,1,0.1,0.3240307,0.31677198
de54651b-bdca-55ee-9ebf-df518d471488,hike,not_close,11,0,2,1,0.1,0.19134435,0.1780148
de54651b-bdca-55ee-9ebf-df518d471488,hike,not_close,11,0,3,1,0.1,0.13785222,0.1409341
24b40c18-ddee-52ef-be20-705e8071b2a8,brunch,close,2,2,0,4,0.2352941176470588,0.31266126,0.2922043
24b40c18-ddee-52ef-be20-705e8071b2a8,brunch,close,2,2,1,2,0.1176470588235294,0.29284903,0.27890328
24b40c18-ddee-52ef-be20-705e8071b2a8,brunch,close,2,2,2,6,0.3529411764705882,0.22538273,0.2363917
24b40c18-ddee-52ef-be20-705e8071b2a8,brunch,close,2,2,3,5,0.2941176470588235,0.1691069,0.19250078
24b40c18-ddee-52ef-be20-705e8071b2a8,social,close,13,2,0,5,0.3125,0.40185055,0.3784892
24b40c18-ddee-52ef-be20-705e8071b2a8,social,close,13,2,1,2,0.125,0.2581625,0.26476493
24b40c18-ddee-52ef-be20-705e8071b2a8,social,close,13,2,2,6,0.375,0.1958849,0.20696187
24b40c18-ddee-52ef-be20-705e8071b2a8,social,close,13,2,3,3,0.1875,0.14410202,0.14978395
24b40c18-ddee-52ef-be20-705e8071b2a8,fair,not_close,9,0,0,6,0.5,0.3399395,0.33449876
24b40c18-ddee-52ef-be20-705e8071b2a8,fair,not_close,9,0,1,3,0.25,0.32053334,0.3437535
24b40c18-ddee-52ef-be20-705e8071b2a8,fair,not_close,9,0,2,2,0.1666666666666666,0.20100063,0.1889061
24b40c18-ddee-52ef-be20-705e8071b2a8,fair,not_close,9,0,3,1,0.0833333333333333,0.1385266,0.13284165
24b40c18-ddee-52ef-be20-705e8071b2a8,basketball,not_close,0,0,0,3,0.25,0.32619047,0.3810742
24b40c18-ddee-52ef-be20-705e8071b2a8,basketball,not_close,0,0,1,2,0.1666666666666666,0.31149498,0.33203775
24b40c18-ddee-52ef-be20-705e8071b2a8,basketball,not_close,0,0,2,6,0.5,0.21755591,0.16480143
24b40c18-ddee-52ef-be20-705e8071b2a8,basketball,not_close,0,0,3,1,0.0833333333333333,0.14475863,0.12208664
24b40c18-ddee-52ef-be20-705e8071b2a8,dip,somewhat_close,6,1,0,5,0.4166666666666667,0.34664327,0.34845993
24b40c18-ddee-52ef-be20-705e8071b2a8,dip,somewhat_close,6,1,1,3,0.25,0.27114132,0.27802554
24b40c18-ddee-52ef-be20-705e8071b2a8,dip,somewhat_close,6,1,2,3,0.25,0.2222055,0.23313951
24b40c18-ddee-52ef-be20-705e8071b2a8,dip,somewhat_close,6,1,3,1,0.0833333333333333,0.16000988,0.14037508
24b40c18-ddee-52ef-be20-705e8071b2a8,birthday,extremely_close,1,3,0,2,0.125,0.33094808,0.29339695
24b40c18-ddee-52ef-be20-705e8071b2a8,birthday,extremely_close,1,3,1,3,0.1875,0.31393355,0.28846595
24b40c18-ddee-52ef-be20-705e8071b2a8,birthday,extremely_close,1,3,2,6,0.375,0.21405,0.24154752
24b40c18-ddee-52ef-be20-705e8071b2a8,birthday,extremely_close,1,3,3,5,0.3125,0.14106838,0.1765896
24b40c18-ddee-52ef-be20-705e8071b2a8,drinks,extremely_close,7,3,0,3,0.1666666666666666,0.34319648,0.24337234
24b40c18-ddee-52ef-be20-705e8071b2a8,drinks,extremely_close,7,3,1,4,0.2222222222222222,0.26716295,0.29073274
24b40c18-ddee-52ef-be20-705e8071b2a8,drinks,extremely_close,7,3,2,5,0.2777777777777778,0.22266258,0.22844173
24b40c18-ddee-52ef-be20-705e8071b2a8,drinks,extremely_close,7,3,3,6,0.3333333333333333,0.16697805,0.23745316
24b40c18-ddee-52ef-be20-705e8071b2a8,soup,not_close,14,0,0,6,0.5,0.3512944,0.3687841
24b40c18-ddee-52ef-be20-705e8071b2a8,soup,not_close,14,0,1,3,0.25,0.31583798,0.32352978
24b40c18-ddee-52ef-be20-705e8071b2a8,soup,not_close,14,0,2,2,0.1666666666666666,0.18198796,0.17495361
24b40c18-ddee-52ef-be20-705e8071b2a8,soup,not_close,14,0,3,1,0.0833333333333333,0.15087959,0.13273244
24b40c18-ddee-52ef-be20-705e8071b2a8,crabs,somewhat_close,5,1,0,5,0.3571428571428571,0.34133512,0.3514227
24b40c18-ddee-52ef-be20-705e8071b2a8,crabs,somewhat_close,5,1,1,6,0.4285714285714285,0.3221551,0.35142806
24b40c18-ddee-52ef-be20-705e8071b2a8,crabs,somewhat_close,5,1,2,2,0.1428571428571428,0.18072298,0.148849
24b40c18-ddee-52ef-be20-705e8071b2a8,crabs,somewhat_close,5,1,3,1,0.0714285714285714,0.15578677,0.14830023
24b40c18-ddee-52ef-be20-705e8071b2a8,conference,close,3,2,0,3,0.1764705882352941,0.3467783,0.3194244
24b40c18-ddee-52ef-be20-705e8071b2a8,conference,close,3,2,1,6,0.3529411764705882,0.32602173,0.30460128
24b40c18-ddee-52ef-be20-705e8071b2a8,conference,close,3,2,2,5,0.2941176470588235,0.1874909,0.22443041
24b40c18-ddee-52ef-be20-705e8071b2a8,conference,close,3,2,3,3,0.1764705882352941,0.13970904,0.15154389
24b40c18-ddee-52ef-be20-705e8071b2a8,oysters,somewhat_close,12,1,0,6,0.5,0.35450813,0.34644595
24b40c18-ddee-52ef-be20-705e8071b2a8,oysters,somewhat_close,12,1,1,2,0.1666666666666666,0.30145344,0.29076707
24b40c18-ddee-52ef-be20-705e8071b2a8,oysters,somewhat_close,12,1,2,3,0.25,0.19799377,0.20686175
24b40c18-ddee-52ef-be20-705e8071b2a8,oysters,somewhat_close,12,1,3,1,0.0833333333333333,0.14604472,0.1559252
24b40c18-ddee-52ef-be20-705e8071b2a8,hike,extremely_close,11,3,0,3,0.1666666666666666,0.3467728,0.33196965
24b40c18-ddee-52ef-be20-705e8071b2a8,hike,extremely_close,11,3,1,2,0.1111111111111111,0.3240307,0.28882948
24b40c18-ddee-52ef-be20-705e8071b2a8,hike,extremely_close,11,3,2,6,0.3333333333333333,0.19134435,0.21154393
24b40c18-ddee-52ef-be20-705e8071b2a8,hike,extremely_close,11,3,3,7,0.3888888888888889,0.13785222,0.167657
24b40c18-ddee-52ef-be20-705e8071b2a8,wedding,somewhat_close,15,1,0,3,0.2307692307692307,0.31908587,0.32673198
24b40c18-ddee-52ef-be20-705e8071b2a8,wedding,somewhat_close,15,1,1,2,0.1538461538461538,0.29837966,0.2921303
24b40c18-ddee-52ef-be20-705e8071b2a8,wedding,somewhat_close,15,1,2,3,0.2307692307692307,0.23396881,0.23820917
24b40c18-ddee-52ef-be20-705e8071b2a8,wedding,somewhat_close,15,1,3,5,0.3846153846153846,0.14856559,0.14292857
24b40c18-ddee-52ef-be20-705e8071b2a8,cooking,extremely_close,4,3,0,1,0.0555555555555555,0.3350411,0.26790115
24b40c18-ddee-52ef-be20-705e8071b2a8,cooking,extremely_close,4,3,1,5,0.2777777777777778,0.301432,0.30072036
24b40c18-ddee-52ef-be20-705e8071b2a8,cooking,extremely_close,4,3,2,5,0.2777777777777778,0.2060558,0.23298924
24b40c18-ddee-52ef-be20-705e8071b2a8,cooking,extremely_close,4,3,3,7,0.3888888888888889,0.15747108,0.19838926
24b40c18-ddee-52ef-be20-705e8071b2a8,gala,close,10,2,0,3,0.1666666666666666,0.37736025,0.30581924
24b40c18-ddee-52ef-be20-705e8071b2a8,gala,close,10,2,1,6,0.3333333333333333,0.24683172,0.27153325
24b40c18-ddee-52ef-be20-705e8071b2a8,gala,close,10,2,2,6,0.3333333333333333,0.21063499,0.2401309
24b40c18-ddee-52ef-be20-705e8071b2a8,gala,close,10,2,3,3,0.1666666666666666,0.165173,0.18251657
24b40c18-ddee-52ef-be20-705e8071b2a8,driving,not_close,8,0,0,6,0.4,0.33066627,0.31951004
24b40c18-ddee-52ef-be20-705e8071b2a8,driving,not_close,8,0,1,5,0.3333333333333333,0.31550372,0.3540611
24b40c18-ddee-52ef-be20-705e8071b2a8,driving,not_close,8,0,2,3,0.2,0.212756,0.19448832
24b40c18-ddee-52ef-be20-705e8071b2a8,driving,not_close,8,0,3,1,0.0666666666666666,0.14107409,0.1319406
56174123-a71f-5f58-a224-d390ecf537b7,soup,somewhat_close,14,1,0,7,0.7,0.3512944,0.33787718
56174123-a71f-5f58-a224-d390ecf537b7,soup,somewhat_close,14,1,1,1,0.1,0.31583798,0.30691224
56174123-a71f-5f58-a224-d390ecf537b7,soup,somewhat_close,14,1,2,1,0.1,0.18198796,0.19641732
56174123-a71f-5f58-a224-d390ecf537b7,soup,somewhat_close,14,1,3,1,0.1,0.15087959,0.15879321
56174123-a71f-5f58-a224-d390ecf537b7,wedding,not_close,15,0,0,7,0.7,0.31908587,0.34685898
56174123-a71f-5f58-a224-d390ecf537b7,wedding,not_close,15,0,1,1,0.1,0.29837966,0.30831352
56174123-a71f-5f58-a224-d390ecf537b7,wedding,not_close,15,0,2,1,0.1,0.23396881,0.22699372
56174123-a71f-5f58-a224-d390ecf537b7,wedding,not_close,15,0,3,1,0.1,0.14856559,0.11783374
56174123-a71f-5f58-a224-d390ecf537b7,basketball,close,0,2,0,3,0.2307692307692307,0.32619047,0.3229036
56174123-a71f-5f58-a224-d390ecf537b7,basketball,close,0,2,1,2,0.1538461538461538,0.31149498,0.29293644
56174123-a71f-5f58-a224-d390ecf537b7,basketball,close,0,2,2,6,0.4615384615384615,0.21755591,0.20826088
56174123-a71f-5f58-a224-d390ecf537b7,basketball,close,0,2,3,2,0.1538461538461538,0.14475863,0.175899
56174123-a71f-5f58-a224-d390ecf537b7,oysters,close,12,2,0,7,0.7,0.35450813,0.32386693
56174123-a71f-5f58-a224-d390ecf537b7,oysters,close,12,2,1,1,0.1,0.30145344,0.29327434
56174123-a71f-5f58-a224-d390ecf537b7,oysters,close,12,2,2,1,0.1,0.19799377,0.21184032
56174123-a71f-5f58-a224-d390ecf537b7,oysters,close,12,2,3,1,0.1,0.14604472,0.17101833
56174123-a71f-5f58-a224-d390ecf537b7,crabs,not_close,5,0,0,3,0.1666666666666666,0.34133512,0.3294243
56174123-a71f-5f58-a224-d390ecf537b7,crabs,not_close,5,0,1,6,0.3333333333333333,0.3221551,0.36001885
56174123-a71f-5f58-a224-d390ecf537b7,crabs,not_close,5,0,2,5,0.2777777777777778,0.18072298,0.16664708
56174123-a71f-5f58-a224-d390ecf537b7,crabs,not_close,5,0,3,4,0.2222222222222222,0.15578677,0.14390975
56174123-a71f-5f58-a224-d390ecf537b7,dip,somewhat_close,6,1,0,5,0.5555555555555556,0.34664327,0.34845993
56174123-a71f-5f58-a224-d390ecf537b7,dip,somewhat_close,6,1,1,1,0.1111111111111111,0.27114132,0.27802554
56174123-a71f-5f58-a224-d390ecf537b7,dip,somewhat_close,6,1,2,2,0.2222222222222222,0.2222055,0.23313951
56174123-a71f-5f58-a224-d390ecf537b7,dip,somewhat_close,6,1,3,1,0.1111111111111111,0.16000988,0.14037508
56174123-a71f-5f58-a224-d390ecf537b7,social,extremely_close,13,3,0,6,0.2727272727272727,0.40185055,0.34408742
56174123-a71f-5f58-a224-d390ecf537b7,social,extremely_close,13,3,1,5,0.2272727272727272,0.2581625,0.258135
56174123-a71f-5f58-a224-d390ecf537b7,social,extremely_close,13,3,2,5,0.2272727272727272,0.1958849,0.2316001
56174123-a71f-5f58-a224-d390ecf537b7,social,extremely_close,13,3,3,6,0.2727272727272727,0.14410202,0.16617753
56174123-a71f-5f58-a224-d390ecf537b7,driving,somewhat_close,8,1,0,5,0.2272727272727272,0.33066627,0.3126709
56174123-a71f-5f58-a224-d390ecf537b7,driving,somewhat_close,8,1,1,7,0.3181818181818182,0.31550372,0.329562
56174123-a71f-5f58-a224-d390ecf537b7,driving,somewhat_close,8,1,2,5,0.2272727272727272,0.212756,0.21199694
56174123-a71f-5f58-a224-d390ecf537b7,driving,somewhat_close,8,1,3,5,0.2272727272727272,0.14107409,0.14577018
56174123-a71f-5f58-a224-d390ecf537b7,gala,extremely_close,10,3,0,2,0.0952380952380952,0.37736025,0.27933165
56174123-a71f-5f58-a224-d390ecf537b7,gala,extremely_close,10,3,1,6,0.2857142857142857,0.24683172,0.27254456
56174123-a71f-5f58-a224-d390ecf537b7,gala,extremely_close,10,3,2,6,0.2857142857142857,0.21063499,0.25221765
56174123-a71f-5f58-a224-d390ecf537b7,gala,extremely_close,10,3,3,7,0.3333333333333333,0.165173,0.19590618
56174123-a71f-5f58-a224-d390ecf537b7,brunch,extremely_close,2,3,0,5,0.238095238095238,0.31266126,0.26310802
56174123-a71f-5f58-a224-d390ecf537b7,brunch,extremely_close,2,3,1,5,0.238095238095238,0.29284903,0.27545908
56174123-a71f-5f58-a224-d390ecf537b7,brunch,extremely_close,2,3,2,6,0.2857142857142857,0.22538273,0.24720623
56174123-a71f-5f58-a224-d390ecf537b7,brunch,extremely_close,2,3,3,5,0.238095238095238,0.1691069,0.21422674
56174123-a71f-5f58-a224-d390ecf537b7,fair,somewhat_close,9,1,0,5,0.3571428571428571,0.3399395,0.29991916
56174123-a71f-5f58-a224-d390ecf537b7,fair,somewhat_close,9,1,1,6,0.4285714285714285,0.32053334,0.31271672
56174123-a71f-5f58-a224-d390ecf537b7,fair,somewhat_close,9,1,2,1,0.0714285714285714,0.20100063,0.22270054
56174123-a71f-5f58-a224-d390ecf537b7,fair,somewhat_close,9,1,3,2,0.1428571428571428,0.1385266,0.16466357
56174123-a71f-5f58-a224-d390ecf537b7,drinks,not_close,7,0,0,5,0.238095238095238,0.34319648,0.2994285
56174123-a71f-5f58-a224-d390ecf537b7,drinks,not_close,7,0,1,5,0.238095238095238,0.26716295,0.298935
56174123-a71f-5f58-a224-d390ecf537b7,drinks,not_close,7,0,2,5,0.238095238095238,0.22266258,0.2280769
56174123-a71f-5f58-a224-d390ecf537b7,drinks,not_close,7,0,3,6,0.2857142857142857,0.16697805,0.1735596
56174123-a71f-5f58-a224-d390ecf537b7,hike,extremely_close,11,3,0,6,0.375,0.3467728,0.33196965
56174123-a71f-5f58-a224-d390ecf537b7,hike,extremely_close,11,3,1,5,0.3125,0.3240307,0.28882948
56174123-a71f-5f58-a224-d390ecf537b7,hike,extremely_close,11,3,2,2,0.125,0.19134435,0.21154393
56174123-a71f-5f58-a224-d390ecf537b7,hike,extremely_close,11,3,3,3,0.1875,0.13785222,0.167657
56174123-a71f-5f58-a224-d390ecf537b7,birthday,close,1,2,0,5,0.2631578947368421,0.33094808,0.28472444
56174123-a71f-5f58-a224-d390ecf537b7,birthday,close,1,2,1,7,0.3684210526315789,0.31393355,0.3053844
56174123-a71f-5f58-a224-d390ecf537b7,birthday,close,1,2,2,5,0.2631578947368421,0.21405,0.23678404
56174123-a71f-5f58-a224-d390ecf537b7,birthday,close,1,2,3,2,0.1052631578947368,0.14106838,0.1731071
56174123-a71f-5f58-a224-d390ecf537b7,conference,not_close,3,0,0,5,0.238095238095238,0.3467783,0.33014685
56174123-a71f-5f58-a224-d390ecf537b7,conference,not_close,3,0,1,6,0.2857142857142857,0.32602173,0.3841856
56174123-a71f-5f58-a224-d390ecf537b7,conference,not_close,3,0,2,5,0.238095238095238,0.1874909,0.16168493
56174123-a71f-5f58-a224-d390ecf537b7,conference,not_close,3,0,3,5,0.238095238095238,0.13970904,0.123982586
56174123-a71f-5f58-a224-d390ecf537b7,cooking,close,4,2,0,2,0.125,0.3350411,0.26264983
56174123-a71f-5f58-a224-d390ecf537b7,cooking,close,4,2,1,7,0.4375,0.301432,0.31273055
56174123-a71f-5f58-a224-d390ecf537b7,cooking,close,4,2,2,5,0.3125,0.2060558,0.2337246
56174123-a71f-5f58-a224-d390ecf537b7,cooking,close,4,2,3,2,0.125,0.15747108,0.19089502
6eb99c51-6d33-5b68-8a76-91a0ef48223e,wedding,not_close,15,0,0,7,0.5833333333333334,0.31908587,0.34685898
6eb99c51-6d33-5b68-8a76-91a0ef48223e,wedding,not_close,15,0,1,2,0.1666666666666666,0.29837966,0.30831352
6eb99c51-6d33-5b68-8a76-91a0ef48223e,wedding,not_close,15,0,2,2,0.1666666666666666,0.23396881,0.22699372
6eb99c51-6d33-5b68-8a76-91a0ef48223e,wedding,not_close,15,0,3,1,0.0833333333333333,0.14856559,0.11783374
6eb99c51-6d33-5b68-8a76-91a0ef48223e,fair,extremely_close,9,3,0,4,0.1666666666666666,0.3399395,0.32443607
6eb99c51-6d33-5b68-8a76-91a0ef48223e,fair,extremely_close,9,3,1,7,0.2916666666666667,0.32053334,0.2984974
6eb99c51-6d33-5b68-8a76-91a0ef48223e,fair,extremely_close,9,3,2,7,0.2916666666666667,0.20100063,0.20797278
6eb99c51-6d33-5b68-8a76-91a0ef48223e,fair,extremely_close,9,3,3,6,0.25,0.1385266,0.16909374
6eb99c51-6d33-5b68-8a76-91a0ef48223e,conference,somewhat_close,3,1,0,4,0.2352941176470588,0.3467783,0.330331
6eb99c51-6d33-5b68-8a76-91a0ef48223e,conference,somewhat_close,3,1,1,6,0.3529411764705882,0.32602173,0.33012256
6eb99c51-6d33-5b68-8a76-91a0ef48223e,conference,somewhat_close,3,1,2,5,0.2941176470588235,0.1874909,0.2040172
6eb99c51-6d33-5b68-8a76-91a0ef48223e,conference,somewhat_close,3,1,3,2,0.1176470588235294,0.13970904,0.13552926
6eb99c51-6d33-5b68-8a76-91a0ef48223e,hike,not_close,11,0,0,7,0.5384615384615384,0.3467728,0.3642791
6eb99c51-6d33-5b68-8a76-91a0ef48223e,hike,not_close,11,0,1,3,0.2307692307692307,0.3240307,0.31677198
6eb99c51-6d33-5b68-8a76-91a0ef48223e,hike,not_close,11,0,2,2,0.1538461538461538,0.19134435,0.1780148
6eb99c51-6d33-5b68-8a76-91a0ef48223e,hike,not_close,11,0,3,1,0.0769230769230769,0.13785222,0.1409341
6eb99c51-6d33-5b68-8a76-91a0ef48223e,birthday,somewhat_close,1,1,0,6,0.4,0.33094808,0.309631
6eb99c51-6d33-5b68-8a76-91a0ef48223e,birthday,somewhat_close,1,1,1,5,0.3333333333333333,0.31393355,0.31623533
6eb99c51-6d33-5b68-8a76-91a0ef48223e,birthday,somewhat_close,1,1,2,3,0.2,0.21405,0.23311108
6eb99c51-6d33-5b68-8a76-91a0ef48223e,birthday,somewhat_close,1,1,3,1,0.0666666666666666,0.14106838,0.14102258
6eb99c51-6d33-5b68-8a76-91a0ef48223e,basketball,extremely_close,0,3,0,3,0.1875,0.32619047,0.3092946
6eb99c51-6d33-5b68-8a76-91a0ef48223e,basketball,extremely_close,0,3,1,5,0.3125,0.31149498,0.30697325
6eb99c51-6d33-5b68-8a76-91a0ef48223e,basketball,extremely_close,0,3,2,5,0.3125,0.21755591,0.22017495
6eb99c51-6d33-5b68-8a76-91a0ef48223e,basketball,extremely_close,0,3,3,3,0.1875,0.14475863,0.16355725
6eb99c51-6d33-5b68-8a76-91a0ef48223e,gala,extremely_close,10,3,0,2,0.0952380952380952,0.37736025,0.27933165
6eb99c51-6d33-5b68-8a76-91a0ef48223e,gala,extremely_close,10,3,1,7,0.3333333333333333,0.24683172,0.27254456
6eb99c51-6d33-5b68-8a76-91a0ef48223e,gala,extremely_close,10,3,2,7,0.3333333333333333,0.21063499,0.25221765
6eb99c51-6d33-5b68-8a76-91a0ef48223e,gala,extremely_close,10,3,3,5,0.238095238095238,0.165173,0.19590618
6eb99c51-6d33-5b68-8a76-91a0ef48223e,cooking,somewhat_close,4,1,0,1,0.0666666666666666,0.3350411,0.302899
6eb99c51-6d33-5b68-8a76-91a0ef48223e,cooking,somewhat_close,4,1,1,7,0.4666666666666667,0.301432,0.3137101
6eb99c51-6d33-5b68-8a76-91a0ef48223e,cooking,somewhat_close,4,1,2,5,0.3333333333333333,0.2060558,0.21770318
6eb99c51-6d33-5b68-8a76-91a0ef48223e,cooking,somewhat_close,4,1,3,2,0.1333333333333333,0.15747108,0.16568774
6eb99c51-6d33-5b68-8a76-91a0ef48223e,crabs,close,5,2,0,2,0.125,0.34133512,0.3152678
6eb99c51-6d33-5b68-8a76-91a0ef48223e,crabs,close,5,2,1,7,0.4375,0.3221551,0.32385492
6eb99c51-6d33-5b68-8a76-91a0ef48223e,crabs,close,5,2,2,4,0.25,0.18072298,0.19468644
6eb99c51-6d33-5b68-8a76-91a0ef48223e,crabs,close,5,2,3,3,0.1875,0.15578677,0.16619082
6eb99c51-6d33-5b68-8a76-91a0ef48223e,driving,not_close,8,0,0,7,0.5,0.33066627,0.31951004
6eb99c51-6d33-5b68-8a76-91a0ef48223e,driving,not_close,8,0,1,5,0.3571428571428571,0.31550372,0.3540611
6eb99c51-6d33-5b68-8a76-91a0ef48223e,driving,not_close,8,0,2,1,0.0714285714285714,0.212756,0.19448832
6eb99c51-6d33-5b68-8a76-91a0ef48223e,driving,not_close,8,0,3,1,0.0714285714285714,0.14107409,0.1319406
6eb99c51-6d33-5b68-8a76-91a0ef48223e,social,close,13,2,0,2,0.1111111111111111,0.40185055,0.3784892
6eb99c51-6d33-5b68-8a76-91a0ef48223e,social,close,13,2,1,6,0.3333333333333333,0.2581625,0.26476493
6eb99c51-6d33-5b68-8a76-91a0ef48223e,social,close,13,2,2,5,0.2777777777777778,0.1958849,0.20696187
6eb99c51-6d33-5b68-8a76-91a0ef48223e,social,close,13,2,3,5,0.2777777777777778,0.14410202,0.14978395
6eb99c51-6d33-5b68-8a76-91a0ef48223e,soup,somewhat_close,14,1,0,6,0.3333333333333333,0.3512944,0.33787718
6eb99c51-6d33-5b68-8a76-91a0ef48223e,soup,somewhat_close,14,1,1,4,0.2222222222222222,0.31583798,0.30691224
6eb99c51-6d33-5b68-8a76-91a0ef48223e,soup,somewhat_close,14,1,2,4,0.2222222222222222,0.18198796,0.19641732
6eb99c51-6d33-5b68-8a76-91a0ef48223e,soup,somewhat_close,14,1,3,4,0.2222222222222222,0.15087959,0.15879321
6eb99c51-6d33-5b68-8a76-91a0ef48223e,oysters,not_close,12,0,0,7,0.6363636363636364,0.35450813,0.35589477
6eb99c51-6d33-5b68-8a76-91a0ef48223e,oysters,not_close,12,0,1,2,0.1818181818181818,0.30145344,0.31109774
6eb99c51-6d33-5b68-8a76-91a0ef48223e,oysters,not_close,12,0,2,1,0.0909090909090909,0.19799377,0.19477606
6eb99c51-6d33-5b68-8a76-91a0ef48223e,oysters,not_close,12,0,3,1,0.0909090909090909,0.14604472,0.13823144
6eb99c51-6d33-5b68-8a76-91a0ef48223e,dip,close,6,2,0,7,0.3043478260869565,0.34664327,0.33677724
6eb99c51-6d33-5b68-8a76-91a0ef48223e,dip,close,6,2,1,7,0.3043478260869565,0.27114132,0.28138566
6eb99c51-6d33-5b68-8a76-91a0ef48223e,dip,close,6,2,2,6,0.2608695652173913,0.2222055,0.22993708
6eb99c51-6d33-5b68-8a76-91a0ef48223e,dip,close,6,2,3,3,0.1304347826086956,0.16000988,0.15190005
6eb99c51-6d33-5b68-8a76-91a0ef48223e,drinks,extremely_close,7,3,0,1,0.0769230769230769,0.34319648,0.24337234
6eb99c51-6d33-5b68-8a76-91a0ef48223e,drinks,extremely_close,7,3,1,3,0.2307692307692307,0.26716295,0.29073274
6eb99c51-6d33-5b68-8a76-91a0ef48223e,drinks,extremely_close,7,3,2,3,0.2307692307692307,0.22266258,0.22844173
6eb99c51-6d33-5b68-8a76-91a0ef48223e,drinks,extremely_close,7,3,3,6,0.4615384615384615,0.16697805,0.23745316
6eb99c51-6d33-5b68-8a76-91a0ef48223e,brunch,close,2,2,0,1,0.0588235294117647,0.31266126,0.2922043
6eb99c51-6d33-5b68-8a76-91a0ef48223e,brunch,close,2,2,1,6,0.3529411764705882,0.29284903,0.27890328
6eb99c51-6d33-5b68-8a76-91a0ef48223e,brunch,close,2,2,2,5,0.2941176470588235,0.22538273,0.2363917
6eb99c51-6d33-5b68-8a76-91a0ef48223e,brunch,close,2,2,3,5,0.2941176470588235,0.1691069,0.19250078
35b42501-10af-5196-8f16-8ea6b769be65,wedding,close,15,2,0,4,0.2352941176470588,0.31908587,0.30511737
35b42501-10af-5196-8f16-8ea6b769be65,wedding,close,15,2,1,5,0.2941176470588235,0.29837966,0.2728047
35b42501-10af-5196-8f16-8ea6b769be65,wedding,close,15,2,2,6,0.3529411764705882,0.23396881,0.2473037
35b42501-10af-5196-8f16-8ea6b769be65,wedding,close,15,2,3,2,0.1176470588235294,0.14856559,0.17477417
35b42501-10af-5196-8f16-8ea6b769be65,conference,extremely_close,3,3,0,4,0.2222222222222222,0.3467783,0.3099088
35b42501-10af-5196-8f16-8ea6b769be65,conference,extremely_close,3,3,1,7,0.3888888888888889,0.32602173,0.2874739
35b42501-10af-5196-8f16-8ea6b769be65,conference,extremely_close,3,3,2,5,0.2777777777777778,0.1874909,0.2322446
35b42501-10af-5196-8f16-8ea6b769be65,conference,extremely_close,3,3,3,2,0.1111111111111111,0.13970904,0.17037268
35b42501-10af-5196-8f16-8ea6b769be65,gala,close,10,2,0,5,0.25,0.37736025,0.30581924
35b42501-10af-5196-8f16-8ea6b769be65,gala,close,10,2,1,5,0.25,0.24683172,0.27153325
35b42501-10af-5196-8f16-8ea6b769be65,gala,close,10,2,2,5,0.25,0.21063499,0.2401309
35b42501-10af-5196-8f16-8ea6b769be65,gala,close,10,2,3,5,0.25,0.165173,0.18251657
35b42501-10af-5196-8f16-8ea6b769be65,brunch,close,2,2,0,3,0.1578947368421052,0.31266126,0.2922043
35b42501-10af-5196-8f16-8ea6b769be65,brunch,close,2,2,1,7,0.3684210526315789,0.29284903,0.27890328
35b42501-10af-5196-8f16-8ea6b769be65,brunch,close,2,2,2,4,0.2105263157894736,0.22538273,0.2363917
35b42501-10af-5196-8f16-8ea6b769be65,brunch,close,2,2,3,5,0.2631578947368421,0.1691069,0.19250078
35b42501-10af-5196-8f16-8ea6b769be65,social,somewhat_close,13,1,0,5,0.5,0.40185055,0.3780521
35b42501-10af-5196-8f16-8ea6b769be65,social,somewhat_close,13,1,1,2,0.2,0.2581625,0.25415382
35b42501-10af-5196-8f16-8ea6b769be65,social,somewhat_close,13,1,2,2,0.2,0.1958849,0.20883785
35b42501-10af-5196-8f16-8ea6b769be65,social,somewhat_close,13,1,3,1,0.1,0.14410202,0.15895618
35b42501-10af-5196-8f16-8ea6b769be65,driving,not_close,8,0,0,6,0.4,0.33066627,0.31951004
35b42501-10af-5196-8f16-8ea6b769be65,driving,not_close,8,0,1,7,0.4666666666666667,0.31550372,0.3540611
35b42501-10af-5196-8f16-8ea6b769be65,driving,not_close,8,0,2,1,0.0666666666666666,0.212756,0.19448832
35b42501-10af-5196-8f16-8ea6b769be65,driving,not_close,8,0,3,1,0.0666666666666666,0.14107409,0.1319406
35b42501-10af-5196-8f16-8ea6b769be65,drinks,extremely_close,7,3,0,4,0.2857142857142857,0.34319648,0.24337234
35b42501-10af-5196-8f16-8ea6b769be65,drinks,extremely_close,7,3,1,5,0.3571428571428571,0.26716295,0.29073274
35b42501-10af-5196-8f16-8ea6b769be65,drinks,extremely_close,7,3,2,1,0.0714285714285714,0.22266258,0.22844173
35b42501-10af-5196-8f16-8ea6b769be65,drinks,extremely_close,7,3,3,4,0.2857142857142857,0.16697805,0.23745316
35b42501-10af-5196-8f16-8ea6b769be65,soup,extremely_close,14,3,0,5,0.2272727272727272,0.3512944,0.31738377
35b42501-10af-5196-8f16-8ea6b769be65,soup,extremely_close,14,3,1,7,0.3181818181818182,0.31583798,0.29048625
35b42501-10af-5196-8f16-8ea6b769be65,soup,extremely_close,14,3,2,5,0.2272727272727272,0.18198796,0.21168596
35b42501-10af-5196-8f16-8ea6b769be65,soup,extremely_close,14,3,3,5,0.2272727272727272,0.15087959,0.18044408
35b42501-10af-5196-8f16-8ea6b769be65,birthday,somewhat_close,1,1,0,6,0.375,0.33094808,0.309631
35b42501-10af-5196-8f16-8ea6b769be65,birthday,somewhat_close,1,1,1,6,0.375,0.31393355,0.31623533
35b42501-10af-5196-8f16-8ea6b769be65,birthday,somewhat_close,1,1,2,3,0.1875,0.21405,0.23311108
35b42501-10af-5196-8f16-8ea6b769be65,birthday,somewhat_close,1,1,3,1,0.0625,0.14106838,0.14102258
35b42501-10af-5196-8f16-8ea6b769be65,crabs,extremely_close,5,3,0,1,0.0769230769230769,0.34133512,0.32297945
35b42501-10af-5196-8f16-8ea6b769be65,crabs,extremely_close,5,3,1,7,0.5384615384615384,0.3221551,0.30443525
35b42501-10af-5196-8f16-8ea6b769be65,crabs,extremely_close,5,3,2,2,0.1538461538461538,0.18072298,0.18565442
35b42501-10af-5196-8f16-8ea6b769be65,crabs,extremely_close,5,3,3,3,0.2307692307692307,0.15578677,0.18693084
35b42501-10af-5196-8f16-8ea6b769be65,fair,not_close,9,0,0,5,0.3571428571428571,0.3399395,0.33449876
35b42501-10af-5196-8f16-8ea6b769be65,fair,not_close,9,0,1,7,0.5,0.32053334,0.3437535
35b42501-10af-5196-8f16-8ea6b769be65,fair,not_close,9,0,2,1,0.0714285714285714,0.20100063,0.1889061
35b42501-10af-5196-8f16-8ea6b769be65,fair,not_close,9,0,3,1,0.0714285714285714,0.1385266,0.13284165
35b42501-10af-5196-8f16-8ea6b769be65,basketball,not_close,0,0,0,4,0.3333333333333333,0.32619047,0.3810742
35b42501-10af-5196-8f16-8ea6b769be65,basketball,not_close,0,0,1,6,0.5,0.31149498,0.33203775
35b42501-10af-5196-8f16-8ea6b769be65,basketball,not_close,0,0,2,1,0.0833333333333333,0.21755591,0.16480143
35b42501-10af-5196-8f16-8ea6b769be65,basketball,not_close,0,0,3,1,0.0833333333333333,0.14475863,0.12208664
35b42501-10af-5196-8f16-8ea6b769be65,dip,not_close,6,0,0,7,0.5,0.34664327,0.39242724
35b42501-10af-5196-8f16-8ea6b769be65,dip,not_close,6,0,1,4,0.2857142857142857,0.27114132,0.2466927
35b42501-10af-5196-8f16-8ea6b769be65,dip,not_close,6,0,2,2,0.1428571428571428,0.2222055,0.21824121
35b42501-10af-5196-8f16-8ea6b769be65,dip,not_close,6,0,3,1,0.0714285714285714,0.16000988,0.14263879
35b42501-10af-5196-8f16-8ea6b769be65,oysters,somewhat_close,12,1,0,3,0.2,0.35450813,0.34644595
35b42501-10af-5196-8f16-8ea6b769be65,oysters,somewhat_close,12,1,1,6,0.4,0.30145344,0.29076707
35b42501-10af-5196-8f16-8ea6b769be65,oysters,somewhat_close,12,1,2,4,0.2666666666666666,0.19799377,0.20686175
35b42501-10af-5196-8f16-8ea6b769be65,oysters,somewhat_close,12,1,3,2,0.1333333333333333,0.14604472,0.1559252
35b42501-10af-5196-8f16-8ea6b769be65,cooking,somewhat_close,4,1,0,2,0.1176470588235294,0.3350411,0.302899
35b42501-10af-5196-8f16-8ea6b769be65,cooking,somewhat_close,4,1,1,7,0.4117647058823529,0.301432,0.3137101
35b42501-10af-5196-8f16-8ea6b769be65,cooking,somewhat_close,4,1,2,4,0.2352941176470588,0.2060558,0.21770318
35b42501-10af-5196-8f16-8ea6b769be65,cooking,somewhat_close,4,1,3,4,0.2352941176470588,0.15747108,0.16568774
35b42501-10af-5196-8f16-8ea6b769be65,hike,close,11,2,0,3,0.3333333333333333,0.3467728,0.31535208
35b42501-10af-5196-8f16-8ea6b769be65,hike,close,11,2,1,3,0.3333333333333333,0.3240307,0.3006642
35b42501-10af-5196-8f16-8ea6b769be65,hike,close,11,2,2,2,0.2222222222222222,0.19134435,0.20856297
35b42501-10af-5196-8f16-8ea6b769be65,hike,close,11,2,3,1,0.1111111111111111,0.13785222,0.17542079
6832564e-6a15-5c82-9db7-0102b6cb961e,hike,somewhat_close,11,1,0,3,0.2,0.3467728,0.33041134
6832564e-6a15-5c82-9db7-0102b6cb961e,hike,somewhat_close,11,1,1,6,0.4,0.3240307,0.31247446
6832564e-6a15-5c82-9db7-0102b6cb961e,hike,somewhat_close,11,1,2,4,0.2666666666666666,0.19134435,0.20020384
6832564e-6a15-5c82-9db7-0102b6cb961e,hike,somewhat_close,11,1,3,2,0.1333333333333333,0.13785222,0.15691037
6832564e-6a15-5c82-9db7-0102b6cb961e,drinks,close,7,2,0,6,0.4615384615384615,0.34319648,0.2973132
6832564e-6a15-5c82-9db7-0102b6cb961e,drinks,close,7,2,1,2,0.1538461538461538,0.26716295,0.27554834
6832564e-6a15-5c82-9db7-0102b6cb961e,drinks,close,7,2,2,3,0.2307692307692307,0.22266258,0.23582152
6832564e-6a15-5c82-9db7-0102b6cb961e,drinks,close,7,2,3,2,0.1538461538461538,0.16697805,0.1913169
6832564e-6a15-5c82-9db7-0102b6cb961e,gala,close,10,2,0,2,0.1052631578947368,0.37736025,0.30581924
6832564e-6a15-5c82-9db7-0102b6cb961e,gala,close,10,2,1,6,0.3157894736842105,0.24683172,0.27153325
6832564e-6a15-5c82-9db7-0102b6cb961e,gala,close,10,2,2,6,0.3157894736842105,0.21063499,0.2401309
6832564e-6a15-5c82-9db7-0102b6cb961e,gala,close,10,2,3,5,0.2631578947368421,0.165173,0.18251657
6832564e-6a15-5c82-9db7-0102b6cb961e,crabs,extremely_close,5,3,0,2,0.1111111111111111,0.34133512,0.32297945
6832564e-6a15-5c82-9db7-0102b6cb961e,crabs,extremely_close,5,3,1,6,0.3333333333333333,0.3221551,0.30443525
6832564e-6a15-5c82-9db7-0102b6cb961e,crabs,extremely_close,5,3,2,5,0.2777777777777778,0.18072298,0.18565442
6832564e-6a15-5c82-9db7-0102b6cb961e,crabs,extremely_close,5,3,3,5,0.2777777777777778,0.15578677,0.18693084
6832564e-6a15-5c82-9db7-0102b6cb961e,cooking,not_close,4,0,0,6,0.4,0.3350411,0.30513674
6832564e-6a15-5c82-9db7-0102b6cb961e,cooking,not_close,4,0,1,6,0.4,0.301432,0.3403478
6832564e-6a15-5c82-9db7-0102b6cb961e,cooking,not_close,4,0,2,2,0.1333333333333333,0.2060558,0.19110213
6832564e-6a15-5c82-9db7-0102b6cb961e,cooking,not_close,4,0,3,1,0.0666666666666666,0.15747108,0.1634134
6832564e-6a15-5c82-9db7-0102b6cb961e,soup,extremely_close,14,3,0,2,0.0952380952380952,0.3512944,0.31738377
6832564e-6a15-5c82-9db7-0102b6cb961e,soup,extremely_close,14,3,1,7,0.3333333333333333,0.31583798,0.29048625
6832564e-6a15-5c82-9db7-0102b6cb961e,soup,extremely_close,14,3,2,5,0.238095238095238,0.18198796,0.21168596
6832564e-6a15-5c82-9db7-0102b6cb961e,soup,extremely_close,14,3,3,7,0.3333333333333333,0.15087959,0.18044408
6832564e-6a15-5c82-9db7-0102b6cb961e,oysters,somewhat_close,12,1,0,6,0.3333333333333333,0.35450813,0.34644595
6832564e-6a15-5c82-9db7-0102b6cb961e,oysters,somewhat_close,12,1,1,5,0.2777777777777778,0.30145344,0.29076707
6832564e-6a15-5c82-9db7-0102b6cb961e,oysters,somewhat_close,12,1,2,5,0.2777777777777778,0.19799377,0.20686175
6832564e-6a15-5c82-9db7-0102b6cb961e,oysters,somewhat_close,12,1,3,2,0.1111111111111111,0.14604472,0.1559252
6832564e-6a15-5c82-9db7-0102b6cb961e,fair,not_close,9,0,0,6,0.4285714285714285,0.3399395,0.33449876
6832564e-6a15-5c82-9db7-0102b6cb961e,fair,not_close,9,0,1,5,0.3571428571428571,0.32053334,0.3437535
6832564e-6a15-5c82-9db7-0102b6cb961e,fair,not_close,9,0,2,2,0.1428571428571428,0.20100063,0.1889061
6832564e-6a15-5c82-9db7-0102b6cb961e,fair,not_close,9,0,3,1,0.0714285714285714,0.1385266,0.13284165
6832564e-6a15-5c82-9db7-0102b6cb961e,birthday,not_close,1,0,0,7,0.5,0.33094808,0.35584754
6832564e-6a15-5c82-9db7-0102b6cb961e,birthday,not_close,1,0,1,4,0.2857142857142857,0.31393355,0.31760582
6832564e-6a15-5c82-9db7-0102b6cb961e,birthday,not_close,1,0,2,2,0.1428571428571428,0.21405,0.1876142
6832564e-6a15-5c82-9db7-0102b6cb961e,birthday,not_close,1,0,3,1,0.0714285714285714,0.14106838,0.13893244
6832564e-6a15-5c82-9db7-0102b6cb961e,brunch,somewhat_close,2,1,0,5,0.25,0.31266126,0.3116763
6832564e-6a15-5c82-9db7-0102b6cb961e,brunch,somewhat_close,2,1,1,6,0.3,0.29284903,0.27925918
6832564e-6a15-5c82-9db7-0102b6cb961e,brunch,somewhat_close,2,1,2,7,0.35,0.22538273,0.23974313
6832564e-6a15-5c82-9db7-0102b6cb961e,brunch,somewhat_close,2,1,3,2,0.1,0.1691069,0.16932139
6832564e-6a15-5c82-9db7-0102b6cb961e,dip,extremely_close,6,3,0,5,0.217391304347826,0.34664327,0.3213163
6832564e-6a15-5c82-9db7-0102b6cb961e,dip,extremely_close,6,3,1,7,0.3043478260869565,0.27114132,0.2708203
6832564e-6a15-5c82-9db7-0102b6cb961e,dip,extremely_close,6,3,2,6,0.2608695652173913,0.2222055,0.2373023
6832564e-6a15-5c82-9db7-0102b6cb961e,dip,extremely_close,6,3,3,5,0.217391304347826,0.16000988,0.17056109
6832564e-6a15-5c82-9db7-0102b6cb961e,basketball,not_close,0,0,0,7,0.4375,0.32619047,0.3810742
6832564e-6a15-5c82-9db7-0102b6cb961e,basketball,not_close,0,0,1,6,0.375,0.31149498,0.33203775
6832564e-6a15-5c82-9db7-0102b6cb961e,basketball,not_close,0,0,2,2,0.125,0.21755591,0.16480143
6832564e-6a15-5c82-9db7-0102b6cb961e,basketball,not_close,0,0,3,1,0.0625,0.14475863,0.12208664
6832564e-6a15-5c82-9db7-0102b6cb961e,wedding,close,15,2,0,3,0.1363636363636363,0.31908587,0.30511737
6832564e-6a15-5c82-9db7-0102b6cb961e,wedding,close,15,2,1,6,0.2727272727272727,0.29837966,0.2728047
6832564e-6a15-5c82-9db7-0102b6cb961e,wedding,close,15,2,2,6,0.2727272727272727,0.23396881,0.2473037
6832564e-6a15-5c82-9db7-0102b6cb961e,wedding,close,15,2,3,7,0.3181818181818182,0.14856559,0.17477417
6832564e-6a15-5c82-9db7-0102b6cb961e,driving,extremely_close,8,3,0,2,0.1,0.33066627,0.27924845
6832564e-6a15-5c82-9db7-0102b6cb961e,driving,extremely_close,8,3,1,5,0.25,0.31550372,0.30885038
6832564e-6a15-5c82-9db7-0102b6cb961e,driving,extremely_close,8,3,2,6,0.3,0.212756,0.22954276
6832564e-6a15-5c82-9db7-0102b6cb961e,driving,extremely_close,8,3,3,7,0.35,0.14107409,0.18235837
6832564e-6a15-5c82-9db7-0102b6cb961e,social,somewhat_close,13,1,0,6,0.375,0.40185055,0.3780521
6832564e-6a15-5c82-9db7-0102b6cb961e,social,somewhat_close,13,1,1,5,0.3125,0.2581625,0.25415382
6832564e-6a15-5c82-9db7-0102b6cb961e,social,somewhat_close,13,1,2,4,0.25,0.1958849,0.20883785
6832564e-6a15-5c82-9db7-0102b6cb961e,social,somewhat_close,13,1,3,1,0.0625,0.14410202,0.15895618
6832564e-6a15-5c82-9db7-0102b6cb961e,conference,close,3,2,0,2,0.125,0.3467783,0.3194244
6832564e-6a15-5c82-9db7-0102b6cb961e,conference,close,3,2,1,6,0.375,0.32602173,0.30460128
6832564e-6a15-5c82-9db7-0102b6cb961e,conference,close,3,2,2,6,0.375,0.1874909,0.22443041
6832564e-6a15-5c82-9db7-0102b6cb961e,conference,close,3,2,3,2,0.125,0.13970904,0.15154389
28a92461-d996-5f70-b903-7d853640e031,hike,not_close,11,0,0,7,0.6363636363636364,0.3467728,0.3642791
28a92461-d996-5f70-b903-7d853640e031,hike,not_close,11,0,1,2,0.1818181818181818,0.3240307,0.31677198
28a92461-d996-5f70-b903-7d853640e031,hike,not_close,11,0,2,1,0.0909090909090909,0.19134435,0.1780148
28a92461-d996-5f70-b903-7d853640e031,hike,not_close,11,0,3,1,0.0909090909090909,0.13785222,0.1409341
28a92461-d996-5f70-b903-7d853640e031,driving,extremely_close,8,3,0,2,0.1,0.33066627,0.27924845
28a92461-d996-5f70-b903-7d853640e031,driving,extremely_close,8,3,1,6,0.3,0.31550372,0.30885038
28a92461-d996-5f70-b903-7d853640e031,driving,extremely_close,8,3,2,6,0.3,0.212756,0.22954276
28a92461-d996-5f70-b903-7d853640e031,driving,extremely_close,8,3,3,6,0.3,0.14107409,0.18235837
28a92461-d996-5f70-b903-7d853640e031,gala,close,10,2,0,5,0.2272727272727272,0.37736025,0.30581924
28a92461-d996-5f70-b903-7d853640e031,gala,close,10,2,1,6,0.2727272727272727,0.24683172,0.27153325
28a92461-d996-5f70-b903-7d853640e031,gala,close,10,2,2,6,0.2727272727272727,0.21063499,0.2401309
28a92461-d996-5f70-b903-7d853640e031,gala,close,10,2,3,5,0.2272727272727272,0.165173,0.18251657
28a92461-d996-5f70-b903-7d853640e031,brunch,close,2,2,0,5,0.2083333333333333,0.31266126,0.2922043
28a92461-d996-5f70-b903-7d853640e031,brunch,close,2,2,1,6,0.25,0.29284903,0.27890328
28a92461-d996-5f70-b903-7d853640e031,brunch,close,2,2,2,7,0.2916666666666667,0.22538273,0.2363917
28a92461-d996-5f70-b903-7d853640e031,brunch,close,2,2,3,6,0.25,0.1691069,0.19250078
28a92461-d996-5f70-b903-7d853640e031,crabs,close,5,2,0,3,0.15,0.34133512,0.3152678
28a92461-d996-5f70-b903-7d853640e031,crabs,close,5,2,1,7,0.35,0.3221551,0.32385492
28a92461-d996-5f70-b903-7d853640e031,crabs,close,5,2,2,5,0.25,0.18072298,0.19468644
28a92461-d996-5f70-b903-7d853640e031,crabs,close,5,2,3,5,0.25,0.15578677,0.16619082
28a92461-d996-5f70-b903-7d853640e031,soup,not_close,14,0,0,7,0.4117647058823529,0.3512944,0.3687841
28a92461-d996-5f70-b903-7d853640e031,soup,not_close,14,0,1,7,0.4117647058823529,0.31583798,0.32352978
28a92461-d996-5f70-b903-7d853640e031,soup,not_close,14,0,2,2,0.1176470588235294,0.18198796,0.17495361
28a92461-d996-5f70-b903-7d853640e031,soup,not_close,14,0,3,1,0.0588235294117647,0.15087959,0.13273244
28a92461-d996-5f70-b903-7d853640e031,wedding,extremely_close,15,3,0,1,0.0476190476190476,0.31908587,0.2974841
28a92461-d996-5f70-b903-7d853640e031,wedding,extremely_close,15,3,1,7,0.3333333333333333,0.29837966,0.27377465
28a92461-d996-5f70-b903-7d853640e031,wedding,extremely_close,15,3,2,7,0.3333333333333333,0.23396881,0.24111676
28a92461-d996-5f70-b903-7d853640e031,wedding,extremely_close,15,3,3,6,0.2857142857142857,0.14856559,0.18762444
28a92461-d996-5f70-b903-7d853640e031,cooking,somewhat_close,4,1,0,2,0.1176470588235294,0.3350411,0.302899
28a92461-d996-5f70-b903-7d853640e031,cooking,somewhat_close,4,1,1,7,0.4117647058823529,0.301432,0.3137101
28a92461-d996-5f70-b903-7d853640e031,cooking,somewhat_close,4,1,2,5,0.2941176470588235,0.2060558,0.21770318
28a92461-d996-5f70-b903-7d853640e031,cooking,somewhat_close,4,1,3,3,0.1764705882352941,0.15747108,0.16568774
28a92461-d996-5f70-b903-7d853640e031,dip,somewhat_close,6,1,0,7,0.3684210526315789,0.34664327,0.34845993
28a92461-d996-5f70-b903-7d853640e031,dip,somewhat_close,6,1,1,5,0.2631578947368421,0.27114132,0.27802554
28a92461-d996-5f70-b903-7d853640e031,dip,somewhat_close,6,1,2,5,0.2631578947368421,0.2222055,0.23313951
28a92461-d996-5f70-b903-7d853640e031,dip,somewhat_close,6,1,3,2,0.1052631578947368,0.16000988,0.14037508
28a92461-d996-5f70-b903-7d853640e031,social,somewhat_close,13,1,0,5,0.5,0.40185055,0.3780521
28a92461-d996-5f70-b903-7d853640e031,social,somewhat_close,13,1,1,1,0.1,0.2581625,0.25415382
28a92461-d996-5f70-b903-7d853640e031,social,somewhat_close,13,1,2,2,0.2,0.1958849,0.20883785
28a92461-d996-5f70-b903-7d853640e031,social,somewhat_close,13,1,3,2,0.2,0.14410202,0.15895618
28a92461-d996-5f70-b903-7d853640e031,birthday,not_close,1,0,0,7,0.4375,0.33094808,0.35584754
28a92461-d996-5f70-b903-7d853640e031,birthday,not_close,1,0,1,7,0.4375,0.31393355,0.31760582
28a92461-d996-5f70-b903-7d853640e031,birthday,not_close,1,0,2,1,0.0625,0.21405,0.1876142
28a92461-d996-5f70-b903-7d853640e031,birthday,not_close,1,0,3,1,0.0625,0.14106838,0.13893244
28a92461-d996-5f70-b903-7d853640e031,oysters,not_close,12,0,0,1,0.1,0.35450813,0.35589477
28a92461-d996-5f70-b903-7d853640e031,oysters,not_close,12,0,1,7,0.7,0.30145344,0.31109774
28a92461-d996-5f70-b903-7d853640e031,oysters,not_close,12,0,2,1,0.1,0.19799377,0.19477606
28a92461-d996-5f70-b903-7d853640e031,oysters,not_close,12,0,3,1,0.1,0.14604472,0.13823144
28a92461-d996-5f70-b903-7d853640e031,drinks,close,7,2,0,2,0.1111111111111111,0.34319648,0.2973132
28a92461-d996-5f70-b903-7d853640e031,drinks,close,7,2,1,6,0.3333333333333333,0.26716295,0.27554834
28a92461-d996-5f70-b903-7d853640e031,drinks,close,7,2,2,5,0.2777777777777778,0.22266258,0.23582152
28a92461-d996-5f70-b903-7d853640e031,drinks,close,7,2,3,5,0.2777777777777778,0.16697805,0.1913169
28a92461-d996-5f70-b903-7d853640e031,basketball,extremely_close,0,3,0,1,0.0555555555555555,0.32619047,0.3092946
28a92461-d996-5f70-b903-7d853640e031,basketball,extremely_close,0,3,1,3,0.1666666666666666,0.31149498,0.30697325
28a92461-d996-5f70-b903-7d853640e031,basketball,extremely_close,0,3,2,7,0.3888888888888889,0.21755591,0.22017495
28a92461-d996-5f70-b903-7d853640e031,basketball,extremely_close,0,3,3,7,0.3888888888888889,0.14475863,0.16355725
28a92461-d996-5f70-b903-7d853640e031,fair,extremely_close,9,3,0,1,0.05,0.3399395,0.32443607
28a92461-d996-5f70-b903-7d853640e031,fair,extremely_close,9,3,1,6,0.3,0.32053334,0.2984974
28a92461-d996-5f70-b903-7d853640e031,fair,extremely_close,9,3,2,6,0.3,0.20100063,0.20797278
28a92461-d996-5f70-b903-7d853640e031,fair,extremely_close,9,3,3,7,0.35,0.1385266,0.16909374
28a92461-d996-5f70-b903-7d853640e031,conference,somewhat_close,3,1,0,3,0.2,0.3467783,0.330331
28a92461-d996-5f70-b903-7d853640e031,conference,somewhat_close,3,1,1,6,0.4,0.32602173,0.33012256
28a92461-d996-5f70-b903-7d853640e031,conference,somewhat_close,3,1,2,5,0.3333333333333333,0.1874909,0.2040172
28a92461-d996-5f70-b903-7d853640e031,conference,somewhat_close,3,1,3,1,0.0666666666666666,0.13970904,0.13552926
dcc86b1b-1963-59bc-a449-c913452b5360,gala,close,10,2,0,5,0.25,0.37736025,0.30581924
dcc86b1b-1963-59bc-a449-c913452b5360,gala,close,10,2,1,6,0.3,0.24683172,0.27153325
dcc86b1b-1963-59bc-a449-c913452b5360,gala,close,10,2,2,6,0.3,0.21063499,0.2401309
dcc86b1b-1963-59bc-a449-c913452b5360,gala,close,10,2,3,3,0.15,0.165173,0.18251657
dcc86b1b-1963-59bc-a449-c913452b5360,wedding,close,15,2,0,5,0.3571428571428571,0.31908587,0.30511737
dcc86b1b-1963-59bc-a449-c913452b5360,wedding,close,15,2,1,3,0.2142857142857142,0.29837966,0.2728047
dcc86b1b-1963-59bc-a449-c913452b5360,wedding,close,15,2,2,3,0.2142857142857142,0.23396881,0.2473037
dcc86b1b-1963-59bc-a449-c913452b5360,wedding,close,15,2,3,3,0.2142857142857142,0.14856559,0.17477417
dcc86b1b-1963-59bc-a449-c913452b5360,drinks,extremely_close,7,3,0,2,0.1333333333333333,0.34319648,0.24337234
dcc86b1b-1963-59bc-a449-c913452b5360,drinks,extremely_close,7,3,1,3,0.2,0.26716295,0.29073274
dcc86b1b-1963-59bc-a449-c913452b5360,drinks,extremely_close,7,3,2,5,0.3333333333333333,0.22266258,0.22844173
dcc86b1b-1963-59bc-a449-c913452b5360,drinks,extremely_close,7,3,3,5,0.3333333333333333,0.16697805,0.23745316
dcc86b1b-1963-59bc-a449-c913452b5360,fair,not_close,9,0,0,5,0.25,0.3399395,0.33449876
dcc86b1b-1963-59bc-a449-c913452b5360,fair,not_close,9,0,1,6,0.3,0.32053334,0.3437535
dcc86b1b-1963-59bc-a449-c913452b5360,fair,not_close,9,0,2,4,0.2,0.20100063,0.1889061
dcc86b1b-1963-59bc-a449-c913452b5360,fair,not_close,9,0,3,5,0.25,0.1385266,0.13284165
dcc86b1b-1963-59bc-a449-c913452b5360,social,somewhat_close,13,1,0,6,0.4,0.40185055,0.3780521
dcc86b1b-1963-59bc-a449-c913452b5360,social,somewhat_close,13,1,1,5,0.3333333333333333,0.2581625,0.25415382
dcc86b1b-1963-59bc-a449-c913452b5360,social,somewhat_close,13,1,2,2,0.1333333333333333,0.1958849,0.20883785
dcc86b1b-1963-59bc-a449-c913452b5360,social,somewhat_close,13,1,3,2,0.1333333333333333,0.14410202,0.15895618
dcc86b1b-1963-59bc-a449-c913452b5360,driving,not_close,8,0,0,3,0.2307692307692307,0.33066627,0.31951004
dcc86b1b-1963-59bc-a449-c913452b5360,driving,not_close,8,0,1,5,0.3846153846153846,0.31550372,0.3540611
dcc86b1b-1963-59bc-a449-c913452b5360,driving,not_close,8,0,2,3,0.2307692307692307,0.212756,0.19448832
dcc86b1b-1963-59bc-a449-c913452b5360,driving,not_close,8,0,3,2,0.1538461538461538,0.14107409,0.1319406
dcc86b1b-1963-59bc-a449-c913452b5360,basketball,not_close,0,0,0,6,0.4615384615384615,0.32619047,0.3810742
dcc86b1b-1963-59bc-a449-c913452b5360,basketball,not_close,0,0,1,4,0.3076923076923077,0.31149498,0.33203775
dcc86b1b-1963-59bc-a449-c913452b5360,basketball,not_close,0,0,2,2,0.1538461538461538,0.21755591,0.16480143
dcc86b1b-1963-59bc-a449-c913452b5360,basketball,not_close,0,0,3,1,0.0769230769230769,0.14475863,0.12208664
dcc86b1b-1963-59bc-a449-c913452b5360,oysters,somewhat_close,12,1,0,3,0.2142857142857142,0.35450813,0.34644595
dcc86b1b-1963-59bc-a449-c913452b5360,oysters,somewhat_close,12,1,1,5,0.3571428571428571,0.30145344,0.29076707
dcc86b1b-1963-59bc-a449-c913452b5360,oysters,somewhat_close,12,1,2,3,0.2142857142857142,0.19799377,0.20686175
dcc86b1b-1963-59bc-a449-c913452b5360,oysters,somewhat_close,12,1,3,3,0.2142857142857142,0.14604472,0.1559252
dcc86b1b-1963-59bc-a449-c913452b5360,conference,close,3,2,0,2,0.125,0.3467783,0.3194244
dcc86b1b-1963-59bc-a449-c913452b5360,conference,close,3,2,1,6,0.375,0.32602173,0.30460128
dcc86b1b-1963-59bc-a449-c913452b5360,conference,close,3,2,2,5,0.3125,0.1874909,0.22443041
dcc86b1b-1963-59bc-a449-c913452b5360,conference,close,3,2,3,3,0.1875,0.13970904,0.15154389
dcc86b1b-1963-59bc-a449-c913452b5360,hike,somewhat_close,11,1,0,4,0.2857142857142857,0.3467728,0.33041134
dcc86b1b-1963-59bc-a449-c913452b5360,hike,somewhat_close,11,1,1,5,0.3571428571428571,0.3240307,0.31247446
dcc86b1b-1963-59bc-a449-c913452b5360,hike,somewhat_close,11,1,2,3,0.2142857142857142,0.19134435,0.20020384
dcc86b1b-1963-59bc-a449-c913452b5360,hike,somewhat_close,11,1,3,2,0.1428571428571428,0.13785222,0.15691037
dcc86b1b-1963-59bc-a449-c913452b5360,dip,extremely_close,6,3,0,5,0.238095238095238,0.34664327,0.3213163
dcc86b1b-1963-59bc-a449-c913452b5360,dip,extremely_close,6,3,1,6,0.2857142857142857,0.27114132,0.2708203
dcc86b1b-1963-59bc-a449-c913452b5360,dip,extremely_close,6,3,2,5,0.238095238095238,0.2222055,0.2373023
dcc86b1b-1963-59bc-a449-c913452b5360,dip,extremely_close,6,3,3,5,0.238095238095238,0.16000988,0.17056109
dcc86b1b-1963-59bc-a449-c913452b5360,cooking,somewhat_close,4,1,0,3,0.1666666666666666,0.3350411,0.302899
dcc86b1b-1963-59bc-a449-c913452b5360,cooking,somewhat_close,4,1,1,6,0.3333333333333333,0.301432,0.3137101
dcc86b1b-1963-59bc-a449-c913452b5360,cooking,somewhat_close,4,1,2,5,0.2777777777777778,0.2060558,0.21770318
dcc86b1b-1963-59bc-a449-c913452b5360,cooking,somewhat_close,4,1,3,4,0.2222222222222222,0.15747108,0.16568774
dcc86b1b-1963-59bc-a449-c913452b5360,birthday,not_close,1,0,0,6,0.4615384615384615,0.33094808,0.35584754
dcc86b1b-1963-59bc-a449-c913452b5360,birthday,not_close,1,0,1,4,0.3076923076923077,0.31393355,0.31760582
dcc86b1b-1963-59bc-a449-c913452b5360,birthday,not_close,1,0,2,2,0.1538461538461538,0.21405,0.1876142
dcc86b1b-1963-59bc-a449-c913452b5360,birthday,not_close,1,0,3,1,0.0769230769230769,0.14106838,0.13893244
dcc86b1b-1963-59bc-a449-c913452b5360,crabs,extremely_close,5,3,0,3,0.1578947368421052,0.34133512,0.32297945
dcc86b1b-1963-59bc-a449-c913452b5360,crabs,extremely_close,5,3,1,6,0.3157894736842105,0.3221551,0.30443525
dcc86b1b-1963-59bc-a449-c913452b5360,crabs,extremely_close,5,3,2,5,0.2631578947368421,0.18072298,0.18565442
dcc86b1b-1963-59bc-a449-c913452b5360,crabs,extremely_close,5,3,3,5,0.2631578947368421,0.15578677,0.18693084
dcc86b1b-1963-59bc-a449-c913452b5360,soup,extremely_close,14,3,0,2,0.1111111111111111,0.3512944,0.31738377
dcc86b1b-1963-59bc-a449-c913452b5360,soup,extremely_close,14,3,1,5,0.2777777777777778,0.31583798,0.29048625
dcc86b1b-1963-59bc-a449-c913452b5360,soup,extremely_close,14,3,2,6,0.3333333333333333,0.18198796,0.21168596
dcc86b1b-1963-59bc-a449-c913452b5360,soup,extremely_close,14,3,3,5,0.2777777777777778,0.15087959,0.18044408
dcc86b1b-1963-59bc-a449-c913452b5360,brunch,close,2,2,0,3,0.1666666666666666,0.31266126,0.2922043
dcc86b1b-1963-59bc-a449-c913452b5360,brunch,close,2,2,1,6,0.3333333333333333,0.29284903,0.27890328
dcc86b1b-1963-59bc-a449-c913452b5360,brunch,close,2,2,2,5,0.2777777777777778,0.22538273,0.2363917
dcc86b1b-1963-59bc-a449-c913452b5360,brunch,close,2,2,3,4,0.2222222222222222,0.1691069,0.19250078
f53fdb86-f97c-5e9a-8db8-6e4798271b34,gala,not_close,10,0,0,6,0.3157894736842105,0.37736025,0.37343702
f53fdb86-f97c-5e9a-8db8-6e4798271b34,gala,not_close,10,0,1,5,0.2631578947368421,0.24683172,0.2587873
f53fdb86-f97c-5e9a-8db8-6e4798271b34,gala,not_close,10,0,2,5,0.2631578947368421,0.21063499,0.21295612
f53fdb86-f97c-5e9a-8db8-6e4798271b34,gala,not_close,10,0,3,3,0.1578947368421052,0.165173,0.15481953
f53fdb86-f97c-5e9a-8db8-6e4798271b34,hike,close,11,2,0,5,0.4166666666666667,0.3467728,0.31535208
f53fdb86-f97c-5e9a-8db8-6e4798271b34,hike,close,11,2,1,4,0.3333333333333333,0.3240307,0.3006642
f53fdb86-f97c-5e9a-8db8-6e4798271b34,hike,close,11,2,2,2,0.1666666666666666,0.19134435,0.20856297
f53fdb86-f97c-5e9a-8db8-6e4798271b34,hike,close,11,2,3,1,0.0833333333333333,0.13785222,0.17542079
f53fdb86-f97c-5e9a-8db8-6e4798271b34,dip,extremely_close,6,3,0,6,0.375,0.34664327,0.3213163
f53fdb86-f97c-5e9a-8db8-6e4798271b34,dip,extremely_close,6,3,1,5,0.3125,0.27114132,0.2708203
f53fdb86-f97c-5e9a-8db8-6e4798271b34,dip,extremely_close,6,3,2,4,0.25,0.2222055,0.2373023
f53fdb86-f97c-5e9a-8db8-6e4798271b34,dip,extremely_close,6,3,3,1,0.0625,0.16000988,0.17056109
f53fdb86-f97c-5e9a-8db8-6e4798271b34,driving,somewhat_close,8,1,0,5,0.3333333333333333,0.33066627,0.3126709
f53fdb86-f97c-5e9a-8db8-6e4798271b34,driving,somewhat_close,8,1,1,5,0.3333333333333333,0.31550372,0.329562
f53fdb86-f97c-5e9a-8db8-6e4798271b34,driving,somewhat_close,8,1,2,3,0.2,0.212756,0.21199694
f53fdb86-f97c-5e9a-8db8-6e4798271b34,driving,somewhat_close,8,1,3,2,0.1333333333333333,0.14107409,0.14577018
f53fdb86-f97c-5e9a-8db8-6e4798271b34,brunch,not_close,2,0,0,5,0.3125,0.31266126,0.34032917
f53fdb86-f97c-5e9a-8db8-6e4798271b34,brunch,not_close,2,0,1,3,0.1875,0.29284903,0.29515493
f53fdb86-f97c-5e9a-8db8-6e4798271b34,brunch,not_close,2,0,2,4,0.25,0.22538273,0.22530942
f53fdb86-f97c-5e9a-8db8-6e4798271b34,brunch,not_close,2,0,3,4,0.25,0.1691069,0.13920642
f53fdb86-f97c-5e9a-8db8-6e4798271b34,crabs,not_close,5,0,0,6,0.4615384615384615,0.34133512,0.3294243
f53fdb86-f97c-5e9a-8db8-6e4798271b34,crabs,not_close,5,0,1,4,0.3076923076923077,0.3221551,0.36001885
f53fdb86-f97c-5e9a-8db8-6e4798271b34,crabs,not_close,5,0,2,2,0.1538461538461538,0.18072298,0.16664708
f53fdb86-f97c-5e9a-8db8-6e4798271b34,crabs,not_close,5,0,3,1,0.0769230769230769,0.15578677,0.14390975
f53fdb86-f97c-5e9a-8db8-6e4798271b34,wedding,somewhat_close,15,1,0,7,0.5,0.31908587,0.32673198
f53fdb86-f97c-5e9a-8db8-6e4798271b34,wedding,somewhat_close,15,1,1,3,0.2142857142857142,0.29837966,0.2921303
f53fdb86-f97c-5e9a-8db8-6e4798271b34,wedding,somewhat_close,15,1,2,2,0.1428571428571428,0.23396881,0.23820917
f53fdb86-f97c-5e9a-8db8-6e4798271b34,wedding,somewhat_close,15,1,3,2,0.1428571428571428,0.14856559,0.14292857
f53fdb86-f97c-5e9a-8db8-6e4798271b34,cooking,extremely_close,4,3,0,3,0.3,0.3350411,0.26790115
f53fdb86-f97c-5e9a-8db8-6e4798271b34,cooking,extremely_close,4,3,1,5,0.5,0.301432,0.30072036
f53fdb86-f97c-5e9a-8db8-6e4798271b34,cooking,extremely_close,4,3,2,1,0.1,0.2060558,0.23298924
f53fdb86-f97c-5e9a-8db8-6e4798271b34,cooking,extremely_close,4,3,3,1,0.1,0.15747108,0.19838926
f53fdb86-f97c-5e9a-8db8-6e4798271b34,oysters,close,12,2,0,5,0.3333333333333333,0.35450813,0.32386693
f53fdb86-f97c-5e9a-8db8-6e4798271b34,oysters,close,12,2,1,4,0.2666666666666666,0.30145344,0.29327434
f53fdb86-f97c-5e9a-8db8-6e4798271b34,oysters,close,12,2,2,3,0.2,0.19799377,0.21184032
f53fdb86-f97c-5e9a-8db8-6e4798271b34,oysters,close,12,2,3,3,0.2,0.14604472,0.17101833
f53fdb86-f97c-5e9a-8db8-6e4798271b34,social,extremely_close,13,3,0,4,0.3636363636363636,0.40185055,0.34408742
f53fdb86-f97c-5e9a-8db8-6e4798271b34,social,extremely_close,13,3,1,3,0.2727272727272727,0.2581625,0.258135
f53fdb86-f97c-5e9a-8db8-6e4798271b34,social,extremely_close,13,3,2,2,0.1818181818181818,0.1958849,0.2316001
f53fdb86-f97c-5e9a-8db8-6e4798271b34,social,extremely_close,13,3,3,2,0.1818181818181818,0.14410202,0.16617753
f53fdb86-f97c-5e9a-8db8-6e4798271b34,soup,close,14,2,0,7,0.5833333333333334,0.3512944,0.3422157
f53fdb86-f97c-5e9a-8db8-6e4798271b34,soup,close,14,2,1,2,0.1666666666666666,0.31583798,0.29969218
f53fdb86-f97c-5e9a-8db8-6e4798271b34,soup,close,14,2,2,2,0.1666666666666666,0.18198796,0.19644682
f53fdb86-f97c-5e9a-8db8-6e4798271b34,soup,close,14,2,3,1,0.0833333333333333,0.15087959,0.16164538
f53fdb86-f97c-5e9a-8db8-6e4798271b34,basketball,somewhat_close,0,1,0,3,0.2727272727272727,0.32619047,0.31074163
f53fdb86-f97c-5e9a-8db8-6e4798271b34,basketball,somewhat_close,0,1,1,4,0.3636363636363636,0.31149498,0.30840942
f53fdb86-f97c-5e9a-8db8-6e4798271b34,basketball,somewhat_close,0,1,2,2,0.1818181818181818,0.21755591,0.22120504
f53fdb86-f97c-5e9a-8db8-6e4798271b34,basketball,somewhat_close,0,1,3,2,0.1818181818181818,0.14475863,0.15964389
f53fdb86-f97c-5e9a-8db8-6e4798271b34,birthday,close,1,2,0,6,0.3333333333333333,0.33094808,0.28472444
f53fdb86-f97c-5e9a-8db8-6e4798271b34,birthday,close,1,2,1,6,0.3333333333333333,0.31393355,0.3053844
f53fdb86-f97c-5e9a-8db8-6e4798271b34,birthday,close,1,2,2,4,0.2222222222222222,0.21405,0.23678404
f53fdb86-f97c-5e9a-8db8-6e4798271b34,birthday,close,1,2,3,2,0.1111111111111111,0.14106838,0.1731071
f53fdb86-f97c-5e9a-8db8-6e4798271b34,drinks,not_close,7,0,0,5,0.3333333333333333,0.34319648,0.2994285
f53fdb86-f97c-5e9a-8db8-6e4798271b34,drinks,not_close,7,0,1,5,0.3333333333333333,0.26716295,0.298935
f53fdb86-f97c-5e9a-8db8-6e4798271b34,drinks,not_close,7,0,2,3,0.2,0.22266258,0.2280769
f53fdb86-f97c-5e9a-8db8-6e4798271b34,drinks,not_close,7,0,3,2,0.1333333333333333,0.16697805,0.1735596
f53fdb86-f97c-5e9a-8db8-6e4798271b34,conference,extremely_close,3,3,0,6,0.3157894736842105,0.3467783,0.3099088
f53fdb86-f97c-5e9a-8db8-6e4798271b34,conference,extremely_close,3,3,1,6,0.3157894736842105,0.32602173,0.2874739
f53fdb86-f97c-5e9a-8db8-6e4798271b34,conference,extremely_close,3,3,2,4,0.2105263157894736,0.1874909,0.2322446
f53fdb86-f97c-5e9a-8db8-6e4798271b34,conference,extremely_close,3,3,3,3,0.1578947368421052,0.13970904,0.17037268
f53fdb86-f97c-5e9a-8db8-6e4798271b34,fair,somewhat_close,9,1,0,4,0.2857142857142857,0.3399395,0.29991916
f53fdb86-f97c-5e9a-8db8-6e4798271b34,fair,somewhat_close,9,1,1,5,0.3571428571428571,0.32053334,0.31271672
f53fdb86-f97c-5e9a-8db8-6e4798271b34,fair,somewhat_close,9,1,2,3,0.2142857142857142,0.20100063,0.22270054
f53fdb86-f97c-5e9a-8db8-6e4798271b34,fair,somewhat_close,9,1,3,2,0.1428571428571428,0.1385266,0.16466357
d4624ce4-5515-5213-a6d1-db6fb9048d0c,oysters,not_close,12,0,0,7,0.5384615384615384,0.35450813,0.35589477
d4624ce4-5515-5213-a6d1-db6fb9048d0c,oysters,not_close,12,0,1,3,0.2307692307692307,0.30145344,0.31109774
d4624ce4-5515-5213-a6d1-db6fb9048d0c,oysters,not_close,12,0,2,2,0.1538461538461538,0.19799377,0.19477606
d4624ce4-5515-5213-a6d1-db6fb9048d0c,oysters,not_close,12,0,3,1,0.0769230769230769,0.14604472,0.13823144
d4624ce4-5515-5213-a6d1-db6fb9048d0c,dip,close,6,2,0,6,0.3,0.34664327,0.33677724
d4624ce4-5515-5213-a6d1-db6fb9048d0c,dip,close,6,2,1,6,0.3,0.27114132,0.28138566
d4624ce4-5515-5213-a6d1-db6fb9048d0c,dip,close,6,2,2,5,0.25,0.2222055,0.22993708
d4624ce4-5515-5213-a6d1-db6fb9048d0c,dip,close,6,2,3,3,0.15,0.16000988,0.15190005
d4624ce4-5515-5213-a6d1-db6fb9048d0c,soup,somewhat_close,14,1,0,6,0.4285714285714285,0.3512944,0.33787718
d4624ce4-5515-5213-a6d1-db6fb9048d0c,soup,somewhat_close,14,1,1,3,0.2142857142857142,0.31583798,0.30691224
d4624ce4-5515-5213-a6d1-db6fb9048d0c,soup,somewhat_close,14,1,2,3,0.2142857142857142,0.18198796,0.19641732
d4624ce4-5515-5213-a6d1-db6fb9048d0c,soup,somewhat_close,14,1,3,2,0.1428571428571428,0.15087959,0.15879321
d4624ce4-5515-5213-a6d1-db6fb9048d0c,wedding,not_close,15,0,0,7,0.5833333333333334,0.31908587,0.34685898
d4624ce4-5515-5213-a6d1-db6fb9048d0c,wedding,not_close,15,0,1,2,0.1666666666666666,0.29837966,0.30831352
d4624ce4-5515-5213-a6d1-db6fb9048d0c,wedding,not_close,15,0,2,2,0.1666666666666666,0.23396881,0.22699372
d4624ce4-5515-5213-a6d1-db6fb9048d0c,wedding,not_close,15,0,3,1,0.0833333333333333,0.14856559,0.11783374
d4624ce4-5515-5213-a6d1-db6fb9048d0c,basketball,extremely_close,0,3,0,6,0.3529411764705882,0.32619047,0.3092946
d4624ce4-5515-5213-a6d1-db6fb9048d0c,basketball,extremely_close,0,3,1,5,0.2941176470588235,0.31149498,0.30697325
d4624ce4-5515-5213-a6d1-db6fb9048d0c,basketball,extremely_close,0,3,2,3,0.1764705882352941,0.21755591,0.22017495
d4624ce4-5515-5213-a6d1-db6fb9048d0c,basketball,extremely_close,0,3,3,3,0.1764705882352941,0.14475863,0.16355725
d4624ce4-5515-5213-a6d1-db6fb9048d0c,gala,close,10,2,0,3,0.2,0.37736025,0.30581924
d4624ce4-5515-5213-a6d1-db6fb9048d0c,gala,close,10,2,1,5,0.3333333333333333,0.24683172,0.27153325
d4624ce4-5515-5213-a6d1-db6fb9048d0c,gala,close,10,2,2,5,0.3333333333333333,0.21063499,0.2401309
d4624ce4-5515-5213-a6d1-db6fb9048d0c,gala,close,10,2,3,2,0.1333333333333333,0.165173,0.18251657
d4624ce4-5515-5213-a6d1-db6fb9048d0c,drinks,extremely_close,7,3,0,3,0.2142857142857142,0.34319648,0.24337234
d4624ce4-5515-5213-a6d1-db6fb9048d0c,drinks,extremely_close,7,3,1,5,0.3571428571428571,0.26716295,0.29073274
d4624ce4-5515-5213-a6d1-db6fb9048d0c,drinks,extremely_close,7,3,2,4,0.2857142857142857,0.22266258,0.22844173
d4624ce4-5515-5213-a6d1-db6fb9048d0c,drinks,extremely_close,7,3,3,2,0.1428571428571428,0.16697805,0.23745316
d4624ce4-5515-5213-a6d1-db6fb9048d0c,cooking,somewhat_close,4,1,0,1,0.0666666666666666,0.3350411,0.302899
d4624ce4-5515-5213-a6d1-db6fb9048d0c,cooking,somewhat_close,4,1,1,7,0.4666666666666667,0.301432,0.3137101
d4624ce4-5515-5213-a6d1-db6fb9048d0c,cooking,somewhat_close,4,1,2,5,0.3333333333333333,0.2060558,0.21770318
d4624ce4-5515-5213-a6d1-db6fb9048d0c,cooking,somewhat_close,4,1,3,2,0.1333333333333333,0.15747108,0.16568774
d4624ce4-5515-5213-a6d1-db6fb9048d0c,crabs,close,5,2,0,3,0.2142857142857142,0.34133512,0.3152678
d4624ce4-5515-5213-a6d1-db6fb9048d0c,crabs,close,5,2,1,5,0.3571428571428571,0.3221551,0.32385492
d4624ce4-5515-5213-a6d1-db6fb9048d0c,crabs,close,5,2,2,3,0.2142857142857142,0.18072298,0.19468644
d4624ce4-5515-5213-a6d1-db6fb9048d0c,crabs,close,5,2,3,3,0.2142857142857142,0.15578677,0.16619082
d4624ce4-5515-5213-a6d1-db6fb9048d0c,birthday,not_close,1,0,0,6,0.4,0.33094808,0.35584754
d4624ce4-5515-5213-a6d1-db6fb9048d0c,birthday,not_close,1,0,1,6,0.4,0.31393355,0.31760582
d4624ce4-5515-5213-a6d1-db6fb9048d0c,birthday,not_close,1,0,2,2,0.1333333333333333,0.21405,0.1876142
d4624ce4-5515-5213-a6d1-db6fb9048d0c,birthday,not_close,1,0,3,1,0.0666666666666666,0.14106838,0.13893244
d4624ce4-5515-5213-a6d1-db6fb9048d0c,driving,extremely_close,8,3,0,5,0.2941176470588235,0.33066627,0.27924845
d4624ce4-5515-5213-a6d1-db6fb9048d0c,driving,extremely_close,8,3,1,7,0.4117647058823529,0.31550372,0.30885038
d4624ce4-5515-5213-a6d1-db6fb9048d0c,driving,extremely_close,8,3,2,3,0.1764705882352941,0.212756,0.22954276
d4624ce4-5515-5213-a6d1-db6fb9048d0c,driving,extremely_close,8,3,3,2,0.1176470588235294,0.14107409,0.18235837
d4624ce4-5515-5213-a6d1-db6fb9048d0c,social,somewhat_close,13,1,0,5,0.5555555555555556,0.40185055,0.3780521
d4624ce4-5515-5213-a6d1-db6fb9048d0c,social,somewhat_close,13,1,1,2,0.2222222222222222,0.2581625,0.25415382
d4624ce4-5515-5213-a6d1-db6fb9048d0c,social,somewhat_close,13,1,2,1,0.1111111111111111,0.1958849,0.20883785
d4624ce4-5515-5213-a6d1-db6fb9048d0c,social,somewhat_close,13,1,3,1,0.1111111111111111,0.14410202,0.15895618
d4624ce4-5515-5213-a6d1-db6fb9048d0c,conference,somewhat_close,3,1,0,5,0.3333333333333333,0.3467783,0.330331
d4624ce4-5515-5213-a6d1-db6fb9048d0c,conference,somewhat_close,3,1,1,6,0.4,0.32602173,0.33012256
d4624ce4-5515-5213-a6d1-db6fb9048d0c,conference,somewhat_close,3,1,2,3,0.2,0.1874909,0.2040172
d4624ce4-5515-5213-a6d1-db6fb9048d0c,conference,somewhat_close,3,1,3,1,0.0666666666666666,0.13970904,0.13552926
d4624ce4-5515-5213-a6d1-db6fb9048d0c,brunch,close,2,2,0,6,0.2857142857142857,0.31266126,0.2922043
d4624ce4-5515-5213-a6d1-db6fb9048d0c,brunch,close,2,2,1,5,0.238095238095238,0.29284903,0.27890328
d4624ce4-5515-5213-a6d1-db6fb9048d0c,brunch,close,2,2,2,5,0.238095238095238,0.22538273,0.2363917
d4624ce4-5515-5213-a6d1-db6fb9048d0c,brunch,close,2,2,3,5,0.238095238095238,0.1691069,0.19250078
d4624ce4-5515-5213-a6d1-db6fb9048d0c,fair,extremely_close,9,3,0,2,0.1666666666666666,0.3399395,0.32443607
d4624ce4-5515-5213-a6d1-db6fb9048d0c,fair,extremely_close,9,3,1,5,0.4166666666666667,0.32053334,0.2984974
d4624ce4-5515-5213-a6d1-db6fb9048d0c,fair,extremely_close,9,3,2,3,0.25,0.20100063,0.20797278
d4624ce4-5515-5213-a6d1-db6fb9048d0c,fair,extremely_close,9,3,3,2,0.1666666666666666,0.1385266,0.16909374
d4624ce4-5515-5213-a6d1-db6fb9048d0c,hike,not_close,11,0,0,5,0.3846153846153846,0.3467728,0.3642791
d4624ce4-5515-5213-a6d1-db6fb9048d0c,hike,not_close,11,0,1,5,0.3846153846153846,0.3240307,0.31677198
d4624ce4-5515-5213-a6d1-db6fb9048d0c,hike,not_close,11,0,2,2,0.1538461538461538,0.19134435,0.1780148
d4624ce4-5515-5213-a6d1-db6fb9048d0c,hike,not_close,11,0,3,1,0.0769230769230769,0.13785222,0.1409341
54000e39-4e0a-5d71-82e5-41f448863822,drinks,close,7,2,0,5,0.3125,0.34319648,0.2973132
54000e39-4e0a-5d71-82e5-41f448863822,drinks,close,7,2,1,6,0.375,0.26716295,0.27554834
54000e39-4e0a-5d71-82e5-41f448863822,drinks,close,7,2,2,3,0.1875,0.22266258,0.23582152
54000e39-4e0a-5d71-82e5-41f448863822,drinks,close,7,2,3,2,0.125,0.16697805,0.1913169
54000e39-4e0a-5d71-82e5-41f448863822,conference,somewhat_close,3,1,0,6,0.4,0.3467783,0.330331
54000e39-4e0a-5d71-82e5-41f448863822,conference,somewhat_close,3,1,1,6,0.4,0.32602173,0.33012256
54000e39-4e0a-5d71-82e5-41f448863822,conference,somewhat_close,3,1,2,2,0.1333333333333333,0.1874909,0.2040172
54000e39-4e0a-5d71-82e5-41f448863822,conference,somewhat_close,3,1,3,1,0.0666666666666666,0.13970904,0.13552926
54000e39-4e0a-5d71-82e5-41f448863822,soup,not_close,14,0,0,7,0.4666666666666667,0.3512944,0.3687841
54000e39-4e0a-5d71-82e5-41f448863822,soup,not_close,14,0,1,3,0.2,0.31583798,0.32352978
54000e39-4e0a-5d71-82e5-41f448863822,soup,not_close,14,0,2,3,0.2,0.18198796,0.17495361
54000e39-4e0a-5d71-82e5-41f448863822,soup,not_close,14,0,3,2,0.1333333333333333,0.15087959,0.13273244
54000e39-4e0a-5d71-82e5-41f448863822,crabs,close,5,2,0,6,0.3333333333333333,0.34133512,0.3152678
54000e39-4e0a-5d71-82e5-41f448863822,crabs,close,5,2,1,5,0.2777777777777778,0.3221551,0.32385492
54000e39-4e0a-5d71-82e5-41f448863822,crabs,close,5,2,2,5,0.2777777777777778,0.18072298,0.19468644
54000e39-4e0a-5d71-82e5-41f448863822,crabs,close,5,2,3,2,0.1111111111111111,0.15578677,0.16619082
54000e39-4e0a-5d71-82e5-41f448863822,birthday,somewhat_close,1,1,0,6,0.3,0.33094808,0.309631
54000e39-4e0a-5d71-82e5-41f448863822,birthday,somewhat_close,1,1,1,6,0.3,0.31393355,0.31623533
54000e39-4e0a-5d71-82e5-41f448863822,birthday,somewhat_close,1,1,2,5,0.25,0.21405,0.23311108
54000e39-4e0a-5d71-82e5-41f448863822,birthday,somewhat_close,1,1,3,3,0.15,0.14106838,0.14102258
54000e39-4e0a-5d71-82e5-41f448863822,fair,extremely_close,9,3,0,6,0.3333333333333333,0.3399395,0.32443607
54000e39-4e0a-5d71-82e5-41f448863822,fair,extremely_close,9,3,1,6,0.3333333333333333,0.32053334,0.2984974
54000e39-4e0a-5d71-82e5-41f448863822,fair,extremely_close,9,3,2,3,0.1666666666666666,0.20100063,0.20797278
54000e39-4e0a-5d71-82e5-41f448863822,fair,extremely_close,9,3,3,3,0.1666666666666666,0.1385266,0.16909374
54000e39-4e0a-5d71-82e5-41f448863822,dip,close,6,2,0,5,0.3333333333333333,0.34664327,0.33677724
54000e39-4e0a-5d71-82e5-41f448863822,dip,close,6,2,1,5,0.3333333333333333,0.27114132,0.28138566
54000e39-4e0a-5d71-82e5-41f448863822,dip,close,6,2,2,3,0.2,0.2222055,0.22993708
54000e39-4e0a-5d71-82e5-41f448863822,dip,close,6,2,3,2,0.1333333333333333,0.16000988,0.15190005
54000e39-4e0a-5d71-82e5-41f448863822,hike,extremely_close,11,3,0,6,0.375,0.3467728,0.33196965
54000e39-4e0a-5d71-82e5-41f448863822,hike,extremely_close,11,3,1,5,0.3125,0.3240307,0.28882948
54000e39-4e0a-5d71-82e5-41f448863822,hike,extremely_close,11,3,2,3,0.1875,0.19134435,0.21154393
54000e39-4e0a-5d71-82e5-41f448863822,hike,extremely_close,11,3,3,2,0.125,0.13785222,0.167657
54000e39-4e0a-5d71-82e5-41f448863822,gala,extremely_close,10,3,0,3,0.1875,0.37736025,0.27933165
54000e39-4e0a-5d71-82e5-41f448863822,gala,extremely_close,10,3,1,5,0.3125,0.24683172,0.27254456
54000e39-4e0a-5d71-82e5-41f448863822,gala,extremely_close,10,3,2,5,0.3125,0.21063499,0.25221765
54000e39-4e0a-5d71-82e5-41f448863822,gala,extremely_close,10,3,3,3,0.1875,0.165173,0.19590618
54000e39-4e0a-5d71-82e5-41f448863822,social,not_close,13,0,0,3,0.375,0.40185055,0.42380705
54000e39-4e0a-5d71-82e5-41f448863822,social,not_close,13,0,1,2,0.25,0.2581625,0.2471482
54000e39-4e0a-5d71-82e5-41f448863822,social,not_close,13,0,2,2,0.25,0.1958849,0.1846005
54000e39-4e0a-5d71-82e5-41f448863822,social,not_close,13,0,3,1,0.125,0.14410202,0.14444424
54000e39-4e0a-5d71-82e5-41f448863822,driving,close,8,2,0,6,0.375,0.33066627,0.30398852
54000e39-4e0a-5d71-82e5-41f448863822,driving,close,8,2,1,5,0.3125,0.31550372,0.31212825
54000e39-4e0a-5d71-82e5-41f448863822,driving,close,8,2,2,3,0.1875,0.212756,0.21644199
54000e39-4e0a-5d71-82e5-41f448863822,driving,close,8,2,3,2,0.125,0.14107409,0.1674413
54000e39-4e0a-5d71-82e5-41f448863822,basketball,not_close,0,0,0,6,0.4615384615384615,0.32619047,0.3810742
54000e39-4e0a-5d71-82e5-41f448863822,basketball,not_close,0,0,1,3,0.2307692307692307,0.31149498,0.33203775
54000e39-4e0a-5d71-82e5-41f448863822,basketball,not_close,0,0,2,2,0.1538461538461538,0.21755591,0.16480143
54000e39-4e0a-5d71-82e5-41f448863822,basketball,not_close,0,0,3,2,0.1538461538461538,0.14475863,0.12208664
54000e39-4e0a-5d71-82e5-41f448863822,cooking,somewhat_close,4,1,0,6,0.3157894736842105,0.3350411,0.302899
54000e39-4e0a-5d71-82e5-41f448863822,cooking,somewhat_close,4,1,1,6,0.3157894736842105,0.301432,0.3137101
54000e39-4e0a-5d71-82e5-41f448863822,cooking,somewhat_close,4,1,2,5,0.2631578947368421,0.2060558,0.21770318
54000e39-4e0a-5d71-82e5-41f448863822,cooking,somewhat_close,4,1,3,2,0.1052631578947368,0.15747108,0.16568774
54000e39-4e0a-5d71-82e5-41f448863822,brunch,somewhat_close,2,1,0,3,0.1764705882352941,0.31266126,0.3116763
54000e39-4e0a-5d71-82e5-41f448863822,brunch,somewhat_close,2,1,1,5,0.2941176470588235,0.29284903,0.27925918
54000e39-4e0a-5d71-82e5-41f448863822,brunch,somewhat_close,2,1,2,6,0.3529411764705882,0.22538273,0.23974313
54000e39-4e0a-5d71-82e5-41f448863822,brunch,somewhat_close,2,1,3,3,0.1764705882352941,0.1691069,0.16932139
54000e39-4e0a-5d71-82e5-41f448863822,wedding,not_close,15,0,0,6,0.4285714285714285,0.31908587,0.34685898
54000e39-4e0a-5d71-82e5-41f448863822,wedding,not_close,15,0,1,3,0.2142857142857142,0.29837966,0.30831352
54000e39-4e0a-5d71-82e5-41f448863822,wedding,not_close,15,0,2,3,0.2142857142857142,0.23396881,0.22699372
54000e39-4e0a-5d71-82e5-41f448863822,wedding,not_close,15,0,3,2,0.1428571428571428,0.14856559,0.11783374
54000e39-4e0a-5d71-82e5-41f448863822,oysters,extremely_close,12,3,0,5,0.3333333333333333,0.35450813,0.33928892
54000e39-4e0a-5d71-82e5-41f448863822,oysters,extremely_close,12,3,1,5,0.3333333333333333,0.30145344,0.29421192
54000e39-4e0a-5d71-82e5-41f448863822,oysters,extremely_close,12,3,2,3,0.2,0.19799377,0.2082637
54000e39-4e0a-5d71-82e5-41f448863822,oysters,extremely_close,12,3,3,2,0.1333333333333333,0.14604472,0.15823552
173bb84d-2ac3-5ebb-bde5-a457051a1f9d,wedding,somewhat_close,15,1,0,5,0.3846153846153846,0.31908587,0.32673198
173bb84d-2ac3-5ebb-bde5-a457051a1f9d,wedding,somewhat_close,15,1,1,3,0.2307692307692307,0.29837966,0.2921303
173bb84d-2ac3-5ebb-bde5-a457051a1f9d,wedding,somewhat_close,15,1,2,3,0.2307692307692307,0.23396881,0.23820917
173bb84d-2ac3-5ebb-bde5-a457051a1f9d,wedding,somewhat_close,15,1,3,2,0.1538461538461538,0.14856559,0.14292857
173bb84d-2ac3-5ebb-bde5-a457051a1f9d,gala,somewhat_close,10,1,0,7,0.4666666666666667,0.37736025,0.32411346
173bb84d-2ac3-5ebb-bde5-a457051a1f9d,gala,somewhat_close,10,1,1,5,0.3333333333333333,0.24683172,0.25308076
173bb84d-2ac3-5ebb-bde5-a457051a1f9d,gala,somewhat_close,10,1,2,2,0.1333333333333333,0.21063499,0.23114428
173bb84d-2ac3-5ebb-bde5-a457051a1f9d,gala,somewhat_close,10,1,3,1,0.0666666666666666,0.165173,0.1916615
173bb84d-2ac3-5ebb-bde5-a457051a1f9d,hike,extremely_close,11,3,0,3,0.25,0.3467728,0.33196965
173bb84d-2ac3-5ebb-bde5-a457051a1f9d,hike,extremely_close,11,3,1,6,0.5,0.3240307,0.28882948
173bb84d-2ac3-5ebb-bde5-a457051a1f9d,hike,extremely_close,11,3,2,2,0.1666666666666666,0.19134435,0.21154393
173bb84d-2ac3-5ebb-bde5-a457051a1f9d,hike,extremely_close,11,3,3,1,0.0833333333333333,0.13785222,0.167657
173bb84d-2ac3-5ebb-bde5-a457051a1f9d,birthday,close,1,2,0,7,0.4117647058823529,0.33094808,0.28472444
173bb84d-2ac3-5ebb-bde5-a457051a1f9d,birthday,close,1,2,1,2,0.1176470588235294,0.31393355,0.3053844
173bb84d-2ac3-5ebb-bde5-a457051a1f9d,birthday,close,1,2,2,6,0.3529411764705882,0.21405,0.23678404
173bb84d-2ac3-5ebb-bde5-a457051a1f9d,birthday,close,1,2,3,2,0.1176470588235294,0.14106838,0.1731071
173bb84d-2ac3-5ebb-bde5-a457051a1f9d,dip,not_close,6,0,0,5,0.4545454545454545,0.34664327,0.39242724
173bb84d-2ac3-5ebb-bde5-a457051a1f9d,dip,not_close,6,0,1,1,0.0909090909090909,0.27114132,0.2466927
173bb84d-2ac3-5ebb-bde5-a457051a1f9d,dip,not_close,6,0,2,3,0.2727272727272727,0.2222055,0.21824121
173bb84d-2ac3-5ebb-bde5-a457051a1f9d,dip,not_close,6,0,3,2,0.1818181818181818,0.16000988,0.14263879
173bb84d-2ac3-5ebb-bde5-a457051a1f9d,conference,close,3,2,0,1,0.0833333333333333,0.3467783,0.3194244
173bb84d-2ac3-5ebb-bde5-a457051a1f9d,conference,close,3,2,1,3,0.25,0.32602173,0.30460128
173bb84d-2ac3-5ebb-bde5-a457051a1f9d,conference,close,3,2,2,7,0.5833333333333334,0.1874909,0.22443041
173bb84d-2ac3-5ebb-bde5-a457051a1f9d,conference,close,3,2,3,1,0.0833333333333333,0.13970904,0.15154389
173bb84d-2ac3-5ebb-bde5-a457051a1f9d,oysters,somewhat_close,12,1,0,2,0.4,0.35450813,0.34644595
173bb84d-2ac3-5ebb-bde5-a457051a1f9d,oysters,somewhat_close,12,1,1,1,0.2,0.30145344,0.29076707
173bb84d-2ac3-5ebb-bde5-a457051a1f9d,oysters,somewhat_close,12,1,2,1,0.2,0.19799377,0.20686175
173bb84d-2ac3-5ebb-bde5-a457051a1f9d,oysters,somewhat_close,12,1,3,1,0.2,0.14604472,0.1559252
173bb84d-2ac3-5ebb-bde5-a457051a1f9d,driving,not_close,8,0,0,7,0.5,0.33066627,0.31951004
173bb84d-2ac3-5ebb-bde5-a457051a1f9d,driving,not_close,8,0,1,5,0.3571428571428571,0.31550372,0.3540611
173bb84d-2ac3-5ebb-bde5-a457051a1f9d,driving,not_close,8,0,2,1,0.0714285714285714,0.212756,0.19448832
173bb84d-2ac3-5ebb-bde5-a457051a1f9d,driving,not_close,8,0,3,1,0.0714285714285714,0.14107409,0.1319406
173bb84d-2ac3-5ebb-bde5-a457051a1f9d,cooking,extremely_close,4,3,0,1,0.0714285714285714,0.3350411,0.26790115
173bb84d-2ac3-5ebb-bde5-a457051a1f9d,cooking,extremely_close,4,3,1,6,0.4285714285714285,0.301432,0.30072036
173bb84d-2ac3-5ebb-bde5-a457051a1f9d,cooking,extremely_close,4,3,2,5,0.3571428571428571,0.2060558,0.23298924
173bb84d-2ac3-5ebb-bde5-a457051a1f9d,cooking,extremely_close,4,3,3,2,0.1428571428571428,0.15747108,0.19838926
173bb84d-2ac3-5ebb-bde5-a457051a1f9d,crabs,somewhat_close,5,1,0,1,0.0909090909090909,0.34133512,0.3514227
173bb84d-2ac3-5ebb-bde5-a457051a1f9d,crabs,somewhat_close,5,1,1,5,0.4545454545454545,0.3221551,0.35142806
173bb84d-2ac3-5ebb-bde5-a457051a1f9d,crabs,somewhat_close,5,1,2,3,0.2727272727272727,0.18072298,0.148849
173bb84d-2ac3-5ebb-bde5-a457051a1f9d,crabs,somewhat_close,5,1,3,2,0.1818181818181818,0.15578677,0.14830023
173bb84d-2ac3-5ebb-bde5-a457051a1f9d,fair,extremely_close,9,3,0,3,0.1578947368421052,0.3399395,0.32443607
173bb84d-2ac3-5ebb-bde5-a457051a1f9d,fair,extremely_close,9,3,1,5,0.2631578947368421,0.32053334,0.2984974
173bb84d-2ac3-5ebb-bde5-a457051a1f9d,fair,extremely_close,9,3,2,5,0.2631578947368421,0.20100063,0.20797278
173bb84d-2ac3-5ebb-bde5-a457051a1f9d,fair,extremely_close,9,3,3,6,0.3157894736842105,0.1385266,0.16909374
173bb84d-2ac3-5ebb-bde5-a457051a1f9d,social,close,13,2,0,3,0.1875,0.40185055,0.3784892
173bb84d-2ac3-5ebb-bde5-a457051a1f9d,social,close,13,2,1,6,0.375,0.2581625,0.26476493
173bb84d-2ac3-5ebb-bde5-a457051a1f9d,social,close,13,2,2,5,0.3125,0.1958849,0.20696187
173bb84d-2ac3-5ebb-bde5-a457051a1f9d,social,close,13,2,3,2,0.125,0.14410202,0.14978395
173bb84d-2ac3-5ebb-bde5-a457051a1f9d,soup,not_close,14,0,0,7,0.5384615384615384,0.3512944,0.3687841
173bb84d-2ac3-5ebb-bde5-a457051a1f9d,soup,not_close,14,0,1,3,0.2307692307692307,0.31583798,0.32352978
173bb84d-2ac3-5ebb-bde5-a457051a1f9d,soup,not_close,14,0,2,2,0.1538461538461538,0.18198796,0.17495361
173bb84d-2ac3-5ebb-bde5-a457051a1f9d,soup,not_close,14,0,3,1,0.0769230769230769,0.15087959,0.13273244
173bb84d-2ac3-5ebb-bde5-a457051a1f9d,brunch,close,2,2,0,5,0.2631578947368421,0.31266126,0.2922043
173bb84d-2ac3-5ebb-bde5-a457051a1f9d,brunch,close,2,2,1,6,0.3157894736842105,0.29284903,0.27890328
173bb84d-2ac3-5ebb-bde5-a457051a1f9d,brunch,close,2,2,2,5,0.2631578947368421,0.22538273,0.2363917
173bb84d-2ac3-5ebb-bde5-a457051a1f9d,brunch,close,2,2,3,3,0.1578947368421052,0.1691069,0.19250078
173bb84d-2ac3-5ebb-bde5-a457051a1f9d,basketball,not_close,0,0,0,5,0.5,0.32619047,0.3810742
173bb84d-2ac3-5ebb-bde5-a457051a1f9d,basketball,not_close,0,0,1,3,0.3,0.31149498,0.33203775
173bb84d-2ac3-5ebb-bde5-a457051a1f9d,basketball,not_close,0,0,2,1,0.1,0.21755591,0.16480143
173bb84d-2ac3-5ebb-bde5-a457051a1f9d,basketball,not_close,0,0,3,1,0.1,0.14475863,0.12208664
173bb84d-2ac3-5ebb-bde5-a457051a1f9d,drinks,extremely_close,7,3,0,5,0.238095238095238,0.34319648,0.24337234
173bb84d-2ac3-5ebb-bde5-a457051a1f9d,drinks,extremely_close,7,3,1,5,0.238095238095238,0.26716295,0.29073274
173bb84d-2ac3-5ebb-bde5-a457051a1f9d,drinks,extremely_close,7,3,2,6,0.2857142857142857,0.22266258,0.22844173
173bb84d-2ac3-5ebb-bde5-a457051a1f9d,drinks,extremely_close,7,3,3,5,0.238095238095238,0.16697805,0.23745316
25c63295-b437-58f7-b51d-975437e21ece,oysters,not_close,12,0,0,2,0.2857142857142857,0.35450813,0.35589477
25c63295-b437-58f7-b51d-975437e21ece,oysters,not_close,12,0,1,3,0.4285714285714285,0.30145344,0.31109774
25c63295-b437-58f7-b51d-975437e21ece,oysters,not_close,12,0,2,1,0.1428571428571428,0.19799377,0.19477606
25c63295-b437-58f7-b51d-975437e21ece,oysters,not_close,12,0,3,1,0.1428571428571428,0.14604472,0.13823144
25c63295-b437-58f7-b51d-975437e21ece,drinks,somewhat_close,7,1,0,7,0.4666666666666667,0.34319648,0.34077784
25c63295-b437-58f7-b51d-975437e21ece,drinks,somewhat_close,7,1,1,6,0.4,0.26716295,0.2960432
25c63295-b437-58f7-b51d-975437e21ece,drinks,somewhat_close,7,1,2,1,0.0666666666666666,0.22266258,0.20890208
25c63295-b437-58f7-b51d-975437e21ece,drinks,somewhat_close,7,1,3,1,0.0666666666666666,0.16697805,0.15427689
25c63295-b437-58f7-b51d-975437e21ece,dip,close,6,2,0,6,0.2727272727272727,0.34664327,0.33677724
25c63295-b437-58f7-b51d-975437e21ece,dip,close,6,2,1,6,0.2727272727272727,0.27114132,0.28138566
25c63295-b437-58f7-b51d-975437e21ece,dip,close,6,2,2,5,0.2272727272727272,0.2222055,0.22993708
25c63295-b437-58f7-b51d-975437e21ece,dip,close,6,2,3,5,0.2272727272727272,0.16000988,0.15190005
25c63295-b437-58f7-b51d-975437e21ece,driving,close,8,2,0,2,0.1666666666666666,0.33066627,0.30398852
25c63295-b437-58f7-b51d-975437e21ece,driving,close,8,2,1,6,0.5,0.31550372,0.31212825
25c63295-b437-58f7-b51d-975437e21ece,driving,close,8,2,2,2,0.1666666666666666,0.212756,0.21644199
25c63295-b437-58f7-b51d-975437e21ece,driving,close,8,2,3,2,0.1666666666666666,0.14107409,0.1674413
25c63295-b437-58f7-b51d-975437e21ece,fair,extremely_close,9,3,0,5,0.3333333333333333,0.3399395,0.32443607
25c63295-b437-58f7-b51d-975437e21ece,fair,extremely_close,9,3,1,7,0.4666666666666667,0.32053334,0.2984974
25c63295-b437-58f7-b51d-975437e21ece,fair,extremely_close,9,3,2,1,0.0666666666666666,0.20100063,0.20797278
25c63295-b437-58f7-b51d-975437e21ece,fair,extremely_close,9,3,3,2,0.1333333333333333,0.1385266,0.16909374
25c63295-b437-58f7-b51d-975437e21ece,gala,somewhat_close,10,1,0,7,0.4666666666666667,0.37736025,0.32411346
25c63295-b437-58f7-b51d-975437e21ece,gala,somewhat_close,10,1,1,2,0.1333333333333333,0.24683172,0.25308076
25c63295-b437-58f7-b51d-975437e21ece,gala,somewhat_close,10,1,2,5,0.3333333333333333,0.21063499,0.23114428
25c63295-b437-58f7-b51d-975437e21ece,gala,somewhat_close,10,1,3,1,0.0666666666666666,0.165173,0.1916615
25c63295-b437-58f7-b51d-975437e21ece,cooking,extremely_close,4,3,0,1,0.0833333333333333,0.3350411,0.26790115
25c63295-b437-58f7-b51d-975437e21ece,cooking,extremely_close,4,3,1,7,0.5833333333333334,0.301432,0.30072036
25c63295-b437-58f7-b51d-975437e21ece,cooking,extremely_close,4,3,2,2,0.1666666666666666,0.2060558,0.23298924
25c63295-b437-58f7-b51d-975437e21ece,cooking,extremely_close,4,3,3,2,0.1666666666666666,0.15747108,0.19838926
25c63295-b437-58f7-b51d-975437e21ece,soup,close,14,2,0,7,0.6363636363636364,0.3512944,0.3422157
25c63295-b437-58f7-b51d-975437e21ece,soup,close,14,2,1,2,0.1818181818181818,0.31583798,0.29969218
25c63295-b437-58f7-b51d-975437e21ece,soup,close,14,2,2,1,0.0909090909090909,0.18198796,0.19644682
25c63295-b437-58f7-b51d-975437e21ece,soup,close,14,2,3,1,0.0909090909090909,0.15087959,0.16164538
25c63295-b437-58f7-b51d-975437e21ece,conference,somewhat_close,3,1,0,2,0.1333333333333333,0.3467783,0.330331
25c63295-b437-58f7-b51d-975437e21ece,conference,somewhat_close,3,1,1,6,0.4,0.32602173,0.33012256
25c63295-b437-58f7-b51d-975437e21ece,conference,somewhat_close,3,1,2,5,0.3333333333333333,0.1874909,0.2040172
25c63295-b437-58f7-b51d-975437e21ece,conference,somewhat_close,3,1,3,2,0.1333333333333333,0.13970904,0.13552926
25c63295-b437-58f7-b51d-975437e21ece,hike,not_close,11,0,0,6,0.5454545454545454,0.3467728,0.3642791
25c63295-b437-58f7-b51d-975437e21ece,hike,not_close,11,0,1,3,0.2727272727272727,0.3240307,0.31677198
25c63295-b437-58f7-b51d-975437e21ece,hike,not_close,11,0,2,1,0.0909090909090909,0.19134435,0.1780148
25c63295-b437-58f7-b51d-975437e21ece,hike,not_close,11,0,3,1,0.0909090909090909,0.13785222,0.1409341
25c63295-b437-58f7-b51d-975437e21ece,wedding,somewhat_close,15,1,0,7,0.5833333333333334,0.31908587,0.32673198
25c63295-b437-58f7-b51d-975437e21ece,wedding,somewhat_close,15,1,1,2,0.1666666666666666,0.29837966,0.2921303
25c63295-b437-58f7-b51d-975437e21ece,wedding,somewhat_close,15,1,2,2,0.1666666666666666,0.23396881,0.23820917
25c63295-b437-58f7-b51d-975437e21ece,wedding,somewhat_close,15,1,3,1,0.0833333333333333,0.14856559,0.14292857
25c63295-b437-58f7-b51d-975437e21ece,brunch,not_close,2,0,0,7,0.4375,0.31266126,0.34032917
25c63295-b437-58f7-b51d-975437e21ece,brunch,not_close,2,0,1,5,0.3125,0.29284903,0.29515493
25c63295-b437-58f7-b51d-975437e21ece,brunch,not_close,2,0,2,2,0.125,0.22538273,0.22530942
25c63295-b437-58f7-b51d-975437e21ece,brunch,not_close,2,0,3,2,0.125,0.1691069,0.13920642
25c63295-b437-58f7-b51d-975437e21ece,birthday,extremely_close,1,3,0,5,0.2631578947368421,0.33094808,0.29339695
25c63295-b437-58f7-b51d-975437e21ece,birthday,extremely_close,1,3,1,7,0.3684210526315789,0.31393355,0.28846595
25c63295-b437-58f7-b51d-975437e21ece,birthday,extremely_close,1,3,2,6,0.3157894736842105,0.21405,0.24154752
25c63295-b437-58f7-b51d-975437e21ece,birthday,extremely_close,1,3,3,1,0.0526315789473684,0.14106838,0.1765896
25c63295-b437-58f7-b51d-975437e21ece,crabs,close,5,2,0,2,0.4,0.34133512,0.3152678
25c63295-b437-58f7-b51d-975437e21ece,crabs,close,5,2,1,1,0.2,0.3221551,0.32385492
25c63295-b437-58f7-b51d-975437e21ece,crabs,close,5,2,2,1,0.2,0.18072298,0.19468644
25c63295-b437-58f7-b51d-975437e21ece,crabs,close,5,2,3,1,0.2,0.15578677,0.16619082
25c63295-b437-58f7-b51d-975437e21ece,social,not_close,13,0,0,1,0.1111111111111111,0.40185055,0.42380705
25c63295-b437-58f7-b51d-975437e21ece,social,not_close,13,0,1,6,0.6666666666666666,0.2581625,0.2471482
25c63295-b437-58f7-b51d-975437e21ece,social,not_close,13,0,2,1,0.1111111111111111,0.1958849,0.1846005
25c63295-b437-58f7-b51d-975437e21ece,social,not_close,13,0,3,1,0.1111111111111111,0.14410202,0.14444424
25c63295-b437-58f7-b51d-975437e21ece,basketball,extremely_close,0,3,0,2,0.1818181818181818,0.32619047,0.3092946
25c63295-b437-58f7-b51d-975437e21ece,basketball,extremely_close,0,3,1,7,0.6363636363636364,0.31149498,0.30697325
25c63295-b437-58f7-b51d-975437e21ece,basketball,extremely_close,0,3,2,1,0.0909090909090909,0.21755591,0.22017495
25c63295-b437-58f7-b51d-975437e21ece,basketball,extremely_close,0,3,3,1,0.0909090909090909,0.14475863,0.16355725
f0268601-e8cf-58a0-a40d-7446b1e197ca,brunch,close,2,2,0,1,0.0769230769230769,0.31266126,0.2922043
f0268601-e8cf-58a0-a40d-7446b1e197ca,brunch,close,2,2,1,5,0.3846153846153846,0.29284903,0.27890328
f0268601-e8cf-58a0-a40d-7446b1e197ca,brunch,close,2,2,2,5,0.3846153846153846,0.22538273,0.2363917
f0268601-e8cf-58a0-a40d-7446b1e197ca,brunch,close,2,2,3,2,0.1538461538461538,0.1691069,0.19250078
f0268601-e8cf-58a0-a40d-7446b1e197ca,social,somewhat_close,13,1,0,7,0.4375,0.40185055,0.3780521
f0268601-e8cf-58a0-a40d-7446b1e197ca,social,somewhat_close,13,1,1,5,0.3125,0.2581625,0.25415382
f0268601-e8cf-58a0-a40d-7446b1e197ca,social,somewhat_close,13,1,2,3,0.1875,0.1958849,0.20883785
f0268601-e8cf-58a0-a40d-7446b1e197ca,social,somewhat_close,13,1,3,1,0.0625,0.14410202,0.15895618
f0268601-e8cf-58a0-a40d-7446b1e197ca,birthday,not_close,1,0,0,1,0.0714285714285714,0.33094808,0.35584754
f0268601-e8cf-58a0-a40d-7446b1e197ca,birthday,not_close,1,0,1,7,0.5,0.31393355,0.31760582
f0268601-e8cf-58a0-a40d-7446b1e197ca,birthday,not_close,1,0,2,5,0.3571428571428571,0.21405,0.1876142
f0268601-e8cf-58a0-a40d-7446b1e197ca,birthday,not_close,1,0,3,1,0.0714285714285714,0.14106838,0.13893244
f0268601-e8cf-58a0-a40d-7446b1e197ca,wedding,extremely_close,15,3,0,4,0.1904761904761904,0.31908587,0.2974841
f0268601-e8cf-58a0-a40d-7446b1e197ca,wedding,extremely_close,15,3,1,5,0.238095238095238,0.29837966,0.27377465
f0268601-e8cf-58a0-a40d-7446b1e197ca,wedding,extremely_close,15,3,2,5,0.238095238095238,0.23396881,0.24111676
f0268601-e8cf-58a0-a40d-7446b1e197ca,wedding,extremely_close,15,3,3,7,0.3333333333333333,0.14856559,0.18762444
f0268601-e8cf-58a0-a40d-7446b1e197ca,conference,somewhat_close,3,1,0,4,0.2352941176470588,0.3467783,0.330331
f0268601-e8cf-58a0-a40d-7446b1e197ca,conference,somewhat_close,3,1,1,5,0.2941176470588235,0.32602173,0.33012256
f0268601-e8cf-58a0-a40d-7446b1e197ca,conference,somewhat_close,3,1,2,6,0.3529411764705882,0.1874909,0.2040172
f0268601-e8cf-58a0-a40d-7446b1e197ca,conference,somewhat_close,3,1,3,2,0.1176470588235294,0.13970904,0.13552926
f0268601-e8cf-58a0-a40d-7446b1e197ca,fair,extremely_close,9,3,0,1,0.0588235294117647,0.3399395,0.32443607
f0268601-e8cf-58a0-a40d-7446b1e197ca,fair,extremely_close,9,3,1,3,0.1764705882352941,0.32053334,0.2984974
f0268601-e8cf-58a0-a40d-7446b1e197ca,fair,extremely_close,9,3,2,6,0.3529411764705882,0.20100063,0.20797278
f0268601-e8cf-58a0-a40d-7446b1e197ca,fair,extremely_close,9,3,3,7,0.4117647058823529,0.1385266,0.16909374
f0268601-e8cf-58a0-a40d-7446b1e197ca,crabs,close,5,2,0,2,0.1333333333333333,0.34133512,0.3152678
f0268601-e8cf-58a0-a40d-7446b1e197ca,crabs,close,5,2,1,5,0.3333333333333333,0.3221551,0.32385492
f0268601-e8cf-58a0-a40d-7446b1e197ca,crabs,close,5,2,2,3,0.2,0.18072298,0.19468644
f0268601-e8cf-58a0-a40d-7446b1e197ca,crabs,close,5,2,3,5,0.3333333333333333,0.15578677,0.16619082
f0268601-e8cf-58a0-a40d-7446b1e197ca,drinks,close,7,2,0,1,0.0769230769230769,0.34319648,0.2973132
f0268601-e8cf-58a0-a40d-7446b1e197ca,drinks,close,7,2,1,5,0.3846153846153846,0.26716295,0.27554834
f0268601-e8cf-58a0-a40d-7446b1e197ca,drinks,close,7,2,2,1,0.0769230769230769,0.22266258,0.23582152
f0268601-e8cf-58a0-a40d-7446b1e197ca,drinks,close,7,2,3,6,0.4615384615384615,0.16697805,0.1913169
f0268601-e8cf-58a0-a40d-7446b1e197ca,dip,somewhat_close,6,1,0,5,0.25,0.34664327,0.34845993
f0268601-e8cf-58a0-a40d-7446b1e197ca,dip,somewhat_close,6,1,1,7,0.35,0.27114132,0.27802554
f0268601-e8cf-58a0-a40d-7446b1e197ca,dip,somewhat_close,6,1,2,5,0.25,0.2222055,0.23313951
f0268601-e8cf-58a0-a40d-7446b1e197ca,dip,somewhat_close,6,1,3,3,0.15,0.16000988,0.14037508
f0268601-e8cf-58a0-a40d-7446b1e197ca,oysters,not_close,12,0,0,7,0.3684210526315789,0.35450813,0.35589477
f0268601-e8cf-58a0-a40d-7446b1e197ca,oysters,not_close,12,0,1,5,0.2631578947368421,0.30145344,0.31109774
f0268601-e8cf-58a0-a40d-7446b1e197ca,oysters,not_close,12,0,2,4,0.2105263157894736,0.19799377,0.19477606
f0268601-e8cf-58a0-a40d-7446b1e197ca,oysters,not_close,12,0,3,3,0.1578947368421052,0.14604472,0.13823144
f0268601-e8cf-58a0-a40d-7446b1e197ca,gala,close,10,2,0,1,0.05,0.37736025,0.30581924
f0268601-e8cf-58a0-a40d-7446b1e197ca,gala,close,10,2,1,7,0.35,0.24683172,0.27153325
f0268601-e8cf-58a0-a40d-7446b1e197ca,gala,close,10,2,2,7,0.35,0.21063499,0.2401309
f0268601-e8cf-58a0-a40d-7446b1e197ca,gala,close,10,2,3,5,0.25,0.165173,0.18251657
f0268601-e8cf-58a0-a40d-7446b1e197ca,soup,not_close,14,0,0,7,0.6363636363636364,0.3512944,0.3687841
f0268601-e8cf-58a0-a40d-7446b1e197ca,soup,not_close,14,0,1,2,0.1818181818181818,0.31583798,0.32352978
f0268601-e8cf-58a0-a40d-7446b1e197ca,soup,not_close,14,0,2,1,0.0909090909090909,0.18198796,0.17495361
f0268601-e8cf-58a0-a40d-7446b1e197ca,soup,not_close,14,0,3,1,0.0909090909090909,0.15087959,0.13273244
f0268601-e8cf-58a0-a40d-7446b1e197ca,driving,extremely_close,8,3,0,1,0.0476190476190476,0.33066627,0.27924845
f0268601-e8cf-58a0-a40d-7446b1e197ca,driving,extremely_close,8,3,1,6,0.2857142857142857,0.31550372,0.30885038
f0268601-e8cf-58a0-a40d-7446b1e197ca,driving,extremely_close,8,3,2,7,0.3333333333333333,0.212756,0.22954276
f0268601-e8cf-58a0-a40d-7446b1e197ca,driving,extremely_close,8,3,3,7,0.3333333333333333,0.14107409,0.18235837
f0268601-e8cf-58a0-a40d-7446b1e197ca,hike,not_close,11,0,0,5,0.3571428571428571,0.3467728,0.3642791
f0268601-e8cf-58a0-a40d-7446b1e197ca,hike,not_close,11,0,1,6,0.4285714285714285,0.3240307,0.31677198
f0268601-e8cf-58a0-a40d-7446b1e197ca,hike,not_close,11,0,2,2,0.1428571428571428,0.19134435,0.1780148
f0268601-e8cf-58a0-a40d-7446b1e197ca,hike,not_close,11,0,3,1,0.0714285714285714,0.13785222,0.1409341
f0268601-e8cf-58a0-a40d-7446b1e197ca,cooking,somewhat_close,4,1,0,1,0.0909090909090909,0.3350411,0.302899
f0268601-e8cf-58a0-a40d-7446b1e197ca,cooking,somewhat_close,4,1,1,7,0.6363636363636364,0.301432,0.3137101
f0268601-e8cf-58a0-a40d-7446b1e197ca,cooking,somewhat_close,4,1,2,2,0.1818181818181818,0.2060558,0.21770318
f0268601-e8cf-58a0-a40d-7446b1e197ca,cooking,somewhat_close,4,1,3,1,0.0909090909090909,0.15747108,0.16568774
f0268601-e8cf-58a0-a40d-7446b1e197ca,basketball,extremely_close,0,3,0,3,0.1666666666666666,0.32619047,0.3092946
f0268601-e8cf-58a0-a40d-7446b1e197ca,basketball,extremely_close,0,3,1,2,0.1111111111111111,0.31149498,0.30697325
f0268601-e8cf-58a0-a40d-7446b1e197ca,basketball,extremely_close,0,3,2,6,0.3333333333333333,0.21755591,0.22017495
f0268601-e8cf-58a0-a40d-7446b1e197ca,basketball,extremely_close,0,3,3,7,0.3888888888888889,0.14475863,0.16355725
af0133cb-74e3-5d50-a228-5b8935751d0d,wedding,not_close,15,0,0,7,0.7,0.31908587,0.34685898
af0133cb-74e3-5d50-a228-5b8935751d0d,wedding,not_close,15,0,1,1,0.1,0.29837966,0.30831352
af0133cb-74e3-5d50-a228-5b8935751d0d,wedding,not_close,15,0,2,1,0.1,0.23396881,0.22699372
af0133cb-74e3-5d50-a228-5b8935751d0d,wedding,not_close,15,0,3,1,0.1,0.14856559,0.11783374
af0133cb-74e3-5d50-a228-5b8935751d0d,dip,close,6,2,0,6,0.375,0.34664327,0.33677724
af0133cb-74e3-5d50-a228-5b8935751d0d,dip,close,6,2,1,6,0.375,0.27114132,0.28138566
af0133cb-74e3-5d50-a228-5b8935751d0d,dip,close,6,2,2,2,0.125,0.2222055,0.22993708
af0133cb-74e3-5d50-a228-5b8935751d0d,dip,close,6,2,3,2,0.125,0.16000988,0.15190005
af0133cb-74e3-5d50-a228-5b8935751d0d,conference,somewhat_close,3,1,0,5,0.3846153846153846,0.3467783,0.330331
af0133cb-74e3-5d50-a228-5b8935751d0d,conference,somewhat_close,3,1,1,6,0.4615384615384615,0.32602173,0.33012256
af0133cb-74e3-5d50-a228-5b8935751d0d,conference,somewhat_close,3,1,2,1,0.0769230769230769,0.1874909,0.2040172
af0133cb-74e3-5d50-a228-5b8935751d0d,conference,somewhat_close,3,1,3,1,0.0769230769230769,0.13970904,0.13552926
af0133cb-74e3-5d50-a228-5b8935751d0d,fair,extremely_close,9,3,0,2,0.2222222222222222,0.3399395,0.32443607
af0133cb-74e3-5d50-a228-5b8935751d0d,fair,extremely_close,9,3,1,5,0.5555555555555556,0.32053334,0.2984974
af0133cb-74e3-5d50-a228-5b8935751d0d,fair,extremely_close,9,3,2,1,0.1111111111111111,0.20100063,0.20797278
af0133cb-74e3-5d50-a228-5b8935751d0d,fair,extremely_close,9,3,3,1,0.1111111111111111,0.1385266,0.16909374
af0133cb-74e3-5d50-a228-5b8935751d0d,brunch,somewhat_close,2,1,0,5,0.3846153846153846,0.31266126,0.3116763
af0133cb-74e3-5d50-a228-5b8935751d0d,brunch,somewhat_close,2,1,1,5,0.3846153846153846,0.29284903,0.27925918
af0133cb-74e3-5d50-a228-5b8935751d0d,brunch,somewhat_close,2,1,2,1,0.0769230769230769,0.22538273,0.23974313
af0133cb-74e3-5d50-a228-5b8935751d0d,brunch,somewhat_close,2,1,3,2,0.1538461538461538,0.1691069,0.16932139
af0133cb-74e3-5d50-a228-5b8935751d0d,gala,extremely_close,10,3,0,2,0.1176470588235294,0.37736025,0.27933165
af0133cb-74e3-5d50-a228-5b8935751d0d,gala,extremely_close,10,3,1,7,0.4117647058823529,0.24683172,0.27254456
af0133cb-74e3-5d50-a228-5b8935751d0d,gala,extremely_close,10,3,2,7,0.4117647058823529,0.21063499,0.25221765
af0133cb-74e3-5d50-a228-5b8935751d0d,gala,extremely_close,10,3,3,1,0.0588235294117647,0.165173,0.19590618
af0133cb-74e3-5d50-a228-5b8935751d0d,birthday,somewhat_close,1,1,0,6,0.4,0.33094808,0.309631
af0133cb-74e3-5d50-a228-5b8935751d0d,birthday,somewhat_close,1,1,1,6,0.4,0.31393355,0.31623533
af0133cb-74e3-5d50-a228-5b8935751d0d,birthday,somewhat_close,1,1,2,2,0.1333333333333333,0.21405,0.23311108
af0133cb-74e3-5d50-a228-5b8935751d0d,birthday,somewhat_close,1,1,3,1,0.0666666666666666,0.14106838,0.14102258
af0133cb-74e3-5d50-a228-5b8935751d0d,soup,not_close,14,0,0,7,0.7,0.3512944,0.3687841
af0133cb-74e3-5d50-a228-5b8935751d0d,soup,not_close,14,0,1,1,0.1,0.31583798,0.32352978
af0133cb-74e3-5d50-a228-5b8935751d0d,soup,not_close,14,0,2,1,0.1,0.18198796,0.17495361
af0133cb-74e3-5d50-a228-5b8935751d0d,soup,not_close,14,0,3,1,0.1,0.15087959,0.13273244
af0133cb-74e3-5d50-a228-5b8935751d0d,drinks,close,7,2,0,6,0.4285714285714285,0.34319648,0.2973132
af0133cb-74e3-5d50-a228-5b8935751d0d,drinks,close,7,2,1,5,0.3571428571428571,0.26716295,0.27554834
af0133cb-74e3-5d50-a228-5b8935751d0d,drinks,close,7,2,2,2,0.1428571428571428,0.22266258,0.23582152
af0133cb-74e3-5d50-a228-5b8935751d0d,drinks,close,7,2,3,1,0.0714285714285714,0.16697805,0.1913169
af0133cb-74e3-5d50-a228-5b8935751d0d,hike,extremely_close,11,3,0,6,0.4285714285714285,0.3467728,0.33196965
af0133cb-74e3-5d50-a228-5b8935751d0d,hike,extremely_close,11,3,1,5,0.3571428571428571,0.3240307,0.28882948
af0133cb-74e3-5d50-a228-5b8935751d0d,hike,extremely_close,11,3,2,2,0.1428571428571428,0.19134435,0.21154393
af0133cb-74e3-5d50-a228-5b8935751d0d,hike,extremely_close,11,3,3,1,0.0714285714285714,0.13785222,0.167657
af0133cb-74e3-5d50-a228-5b8935751d0d,cooking,close,4,2,0,1,0.0909090909090909,0.3350411,0.26264983
af0133cb-74e3-5d50-a228-5b8935751d0d,cooking,close,4,2,1,7,0.6363636363636364,0.301432,0.31273055
af0133cb-74e3-5d50-a228-5b8935751d0d,cooking,close,4,2,2,2,0.1818181818181818,0.2060558,0.2337246
af0133cb-74e3-5d50-a228-5b8935751d0d,cooking,close,4,2,3,1,0.0909090909090909,0.15747108,0.19089502
af0133cb-74e3-5d50-a228-5b8935751d0d,driving,extremely_close,8,3,0,6,0.2727272727272727,0.33066627,0.27924845
af0133cb-74e3-5d50-a228-5b8935751d0d,driving,extremely_close,8,3,1,6,0.2727272727272727,0.31550372,0.30885038
af0133cb-74e3-5d50-a228-5b8935751d0d,driving,extremely_close,8,3,2,6,0.2727272727272727,0.212756,0.22954276
af0133cb-74e3-5d50-a228-5b8935751d0d,driving,extremely_close,8,3,3,4,0.1818181818181818,0.14107409,0.18235837
af0133cb-74e3-5d50-a228-5b8935751d0d,basketball,somewhat_close,0,1,0,1,0.1,0.32619047,0.31074163
af0133cb-74e3-5d50-a228-5b8935751d0d,basketball,somewhat_close,0,1,1,7,0.7,0.31149498,0.30840942
af0133cb-74e3-5d50-a228-5b8935751d0d,basketball,somewhat_close,0,1,2,1,0.1,0.21755591,0.22120504
af0133cb-74e3-5d50-a228-5b8935751d0d,basketball,somewhat_close,0,1,3,1,0.1,0.14475863,0.15964389
af0133cb-74e3-5d50-a228-5b8935751d0d,oysters,not_close,12,0,0,7,0.7,0.35450813,0.35589477
af0133cb-74e3-5d50-a228-5b8935751d0d,oysters,not_close,12,0,1,1,0.1,0.30145344,0.31109774
af0133cb-74e3-5d50-a228-5b8935751d0d,oysters,not_close,12,0,2,1,0.1,0.19799377,0.19477606
af0133cb-74e3-5d50-a228-5b8935751d0d,oysters,not_close,12,0,3,1,0.1,0.14604472,0.13823144
af0133cb-74e3-5d50-a228-5b8935751d0d,crabs,close,5,2,0,1,0.1111111111111111,0.34133512,0.3152678
af0133cb-74e3-5d50-a228-5b8935751d0d,crabs,close,5,2,1,6,0.6666666666666666,0.3221551,0.32385492
af0133cb-74e3-5d50-a228-5b8935751d0d,crabs,close,5,2,2,1,0.1111111111111111,0.18072298,0.19468644
af0133cb-74e3-5d50-a228-5b8935751d0d,crabs,close,5,2,3,1,0.1111111111111111,0.15578677,0.16619082
af0133cb-74e3-5d50-a228-5b8935751d0d,social,not_close,13,0,0,4,0.5714285714285714,0.40185055,0.42380705
af0133cb-74e3-5d50-a228-5b8935751d0d,social,not_close,13,0,1,1,0.1428571428571428,0.2581625,0.2471482
af0133cb-74e3-5d50-a228-5b8935751d0d,social,not_close,13,0,2,1,0.1428571428571428,0.1958849,0.1846005
af0133cb-74e3-5d50-a228-5b8935751d0d,social,not_close,13,0,3,1,0.1428571428571428,0.14410202,0.14444424
48f92fe5-300e-51f5-9425-a3f74a4c54e2,hike,extremely_close,11,3,0,6,0.5,0.3467728,0.33196965
48f92fe5-300e-51f5-9425-a3f74a4c54e2,hike,extremely_close,11,3,1,3,0.25,0.3240307,0.28882948
48f92fe5-300e-51f5-9425-a3f74a4c54e2,hike,extremely_close,11,3,2,2,0.1666666666666666,0.19134435,0.21154393
48f92fe5-300e-51f5-9425-a3f74a4c54e2,hike,extremely_close,11,3,3,1,0.0833333333333333,0.13785222,0.167657
48f92fe5-300e-51f5-9425-a3f74a4c54e2,dip,somewhat_close,6,1,0,6,0.3333333333333333,0.34664327,0.34845993
48f92fe5-300e-51f5-9425-a3f74a4c54e2,dip,somewhat_close,6,1,1,6,0.3333333333333333,0.27114132,0.27802554
48f92fe5-300e-51f5-9425-a3f74a4c54e2,dip,somewhat_close,6,1,2,5,0.2777777777777778,0.2222055,0.23313951
48f92fe5-300e-51f5-9425-a3f74a4c54e2,dip,somewhat_close,6,1,3,1,0.0555555555555555,0.16000988,0.14037508
48f92fe5-300e-51f5-9425-a3f74a4c54e2,drinks,not_close,7,0,0,7,0.3333333333333333,0.34319648,0.2994285
48f92fe5-300e-51f5-9425-a3f74a4c54e2,drinks,not_close,7,0,1,6,0.2857142857142857,0.26716295,0.298935
48f92fe5-300e-51f5-9425-a3f74a4c54e2,drinks,not_close,7,0,2,4,0.1904761904761904,0.22266258,0.2280769
48f92fe5-300e-51f5-9425-a3f74a4c54e2,drinks,not_close,7,0,3,4,0.1904761904761904,0.16697805,0.1735596
48f92fe5-300e-51f5-9425-a3f74a4c54e2,cooking,close,4,2,0,2,0.1052631578947368,0.3350411,0.26264983
48f92fe5-300e-51f5-9425-a3f74a4c54e2,cooking,close,4,2,1,7,0.3684210526315789,0.301432,0.31273055
48f92fe5-300e-51f5-9425-a3f74a4c54e2,cooking,close,4,2,2,5,0.2631578947368421,0.2060558,0.2337246
48f92fe5-300e-51f5-9425-a3f74a4c54e2,cooking,close,4,2,3,5,0.2631578947368421,0.15747108,0.19089502
48f92fe5-300e-51f5-9425-a3f74a4c54e2,basketball,close,0,2,0,6,0.4,0.32619047,0.3229036
48f92fe5-300e-51f5-9425-a3f74a4c54e2,basketball,close,0,2,1,5,0.3333333333333333,0.31149498,0.29293644
48f92fe5-300e-51f5-9425-a3f74a4c54e2,basketball,close,0,2,2,2,0.1333333333333333,0.21755591,0.20826088
48f92fe5-300e-51f5-9425-a3f74a4c54e2,basketball,close,0,2,3,2,0.1333333333333333,0.14475863,0.175899
48f92fe5-300e-51f5-9425-a3f74a4c54e2,fair,close,9,2,0,4,0.2352941176470588,0.3399395,0.3417284
48f92fe5-300e-51f5-9425-a3f74a4c54e2,fair,close,9,2,1,5,0.2941176470588235,0.32053334,0.32354605
48f92fe5-300e-51f5-9425-a3f74a4c54e2,fair,close,9,2,2,4,0.2352941176470588,0.20100063,0.19540344
48f92fe5-300e-51f5-9425-a3f74a4c54e2,fair,close,9,2,3,4,0.2352941176470588,0.1385266,0.13932213
48f92fe5-300e-51f5-9425-a3f74a4c54e2,brunch,extremely_close,2,3,0,4,0.2352941176470588,0.31266126,0.26310802
48f92fe5-300e-51f5-9425-a3f74a4c54e2,brunch,extremely_close,2,3,1,5,0.2941176470588235,0.29284903,0.27545908
48f92fe5-300e-51f5-9425-a3f74a4c54e2,brunch,extremely_close,2,3,2,4,0.2352941176470588,0.22538273,0.24720623
48f92fe5-300e-51f5-9425-a3f74a4c54e2,brunch,extremely_close,2,3,3,4,0.2352941176470588,0.1691069,0.21422674
48f92fe5-300e-51f5-9425-a3f74a4c54e2,social,extremely_close,13,3,0,5,0.5555555555555556,0.40185055,0.34408742
48f92fe5-300e-51f5-9425-a3f74a4c54e2,social,extremely_close,13,3,1,1,0.1111111111111111,0.2581625,0.258135
48f92fe5-300e-51f5-9425-a3f74a4c54e2,social,extremely_close,13,3,2,2,0.2222222222222222,0.1958849,0.2316001
48f92fe5-300e-51f5-9425-a3f74a4c54e2,social,extremely_close,13,3,3,1,0.1111111111111111,0.14410202,0.16617753
48f92fe5-300e-51f5-9425-a3f74a4c54e2,crabs,somewhat_close,5,1,0,2,0.2,0.34133512,0.3514227
48f92fe5-300e-51f5-9425-a3f74a4c54e2,crabs,somewhat_close,5,1,1,5,0.5,0.3221551,0.35142806
48f92fe5-300e-51f5-9425-a3f74a4c54e2,crabs,somewhat_close,5,1,2,1,0.1,0.18072298,0.148849
48f92fe5-300e-51f5-9425-a3f74a4c54e2,crabs,somewhat_close,5,1,3,2,0.2,0.15578677,0.14830023
48f92fe5-300e-51f5-9425-a3f74a4c54e2,gala,not_close,10,0,0,2,0.1176470588235294,0.37736025,0.37343702
48f92fe5-300e-51f5-9425-a3f74a4c54e2,gala,not_close,10,0,1,6,0.3529411764705882,0.24683172,0.2587873
48f92fe5-300e-51f5-9425-a3f74a4c54e2,gala,not_close,10,0,2,6,0.3529411764705882,0.21063499,0.21295612
48f92fe5-300e-51f5-9425-a3f74a4c54e2,gala,not_close,10,0,3,3,0.1764705882352941,0.165173,0.15481953
48f92fe5-300e-51f5-9425-a3f74a4c54e2,soup,somewhat_close,14,1,0,7,0.5833333333333334,0.3512944,0.33787718
48f92fe5-300e-51f5-9425-a3f74a4c54e2,soup,somewhat_close,14,1,1,3,0.25,0.31583798,0.30691224
48f92fe5-300e-51f5-9425-a3f74a4c54e2,soup,somewhat_close,14,1,2,1,0.0833333333333333,0.18198796,0.19641732
48f92fe5-300e-51f5-9425-a3f74a4c54e2,soup,somewhat_close,14,1,3,1,0.0833333333333333,0.15087959,0.15879321
48f92fe5-300e-51f5-9425-a3f74a4c54e2,conference,not_close,3,0,0,4,0.2666666666666666,0.3467783,0.33014685
48f92fe5-300e-51f5-9425-a3f74a4c54e2,conference,not_close,3,0,1,6,0.4,0.32602173,0.3841856
48f92fe5-300e-51f5-9425-a3f74a4c54e2,conference,not_close,3,0,2,4,0.2666666666666666,0.1874909,0.16168493
48f92fe5-300e-51f5-9425-a3f74a4c54e2,conference,not_close,3,0,3,1,0.0666666666666666,0.13970904,0.123982586
48f92fe5-300e-51f5-9425-a3f74a4c54e2,birthday,close,1,2,0,7,0.35,0.33094808,0.28472444
48f92fe5-300e-51f5-9425-a3f74a4c54e2,birthday,close,1,2,1,6,0.3,0.31393355,0.3053844
48f92fe5-300e-51f5-9425-a3f74a4c54e2,birthday,close,1,2,2,5,0.25,0.21405,0.23678404
48f92fe5-300e-51f5-9425-a3f74a4c54e2,birthday,close,1,2,3,2,0.1,0.14106838,0.1731071
48f92fe5-300e-51f5-9425-a3f74a4c54e2,oysters,extremely_close,12,3,0,4,0.2666666666666666,0.35450813,0.33928892
48f92fe5-300e-51f5-9425-a3f74a4c54e2,oysters,extremely_close,12,3,1,6,0.4,0.30145344,0.29421192
48f92fe5-300e-51f5-9425-a3f74a4c54e2,oysters,extremely_close,12,3,2,4,0.2666666666666666,0.19799377,0.2082637
48f92fe5-300e-51f5-9425-a3f74a4c54e2,oysters,extremely_close,12,3,3,1,0.0666666666666666,0.14604472,0.15823552
48f92fe5-300e-51f5-9425-a3f74a4c54e2,driving,somewhat_close,8,1,0,4,0.2222222222222222,0.33066627,0.3126709
48f92fe5-300e-51f5-9425-a3f74a4c54e2,driving,somewhat_close,8,1,1,6,0.3333333333333333,0.31550372,0.329562
48f92fe5-300e-51f5-9425-a3f74a4c54e2,driving,somewhat_close,8,1,2,3,0.1666666666666666,0.212756,0.21199694
48f92fe5-300e-51f5-9425-a3f74a4c54e2,driving,somewhat_close,8,1,3,5,0.2777777777777778,0.14107409,0.14577018
48f92fe5-300e-51f5-9425-a3f74a4c54e2,wedding,not_close,15,0,0,7,0.3181818181818182,0.31908587,0.34685898
48f92fe5-300e-51f5-9425-a3f74a4c54e2,wedding,not_close,15,0,1,6,0.2727272727272727,0.29837966,0.30831352
48f92fe5-300e-51f5-9425-a3f74a4c54e2,wedding,not_close,15,0,2,6,0.2727272727272727,0.23396881,0.22699372
48f92fe5-300e-51f5-9425-a3f74a4c54e2,wedding,not_close,15,0,3,3,0.1363636363636363,0.14856559,0.11783374
2453c4a8-acd9-5afa-a1c3-198459edc0aa,soup,close,14,2,0,7,0.7,0.3512944,0.3422157
2453c4a8-acd9-5afa-a1c3-198459edc0aa,soup,close,14,2,1,1,0.1,0.31583798,0.29969218
2453c4a8-acd9-5afa-a1c3-198459edc0aa,soup,close,14,2,2,1,0.1,0.18198796,0.19644682
2453c4a8-acd9-5afa-a1c3-198459edc0aa,soup,close,14,2,3,1,0.1,0.15087959,0.16164538
2453c4a8-acd9-5afa-a1c3-198459edc0aa,oysters,extremely_close,12,3,0,1,0.25,0.35450813,0.33928892
2453c4a8-acd9-5afa-a1c3-198459edc0aa,oysters,extremely_close,12,3,1,1,0.25,0.30145344,0.29421192
2453c4a8-acd9-5afa-a1c3-198459edc0aa,oysters,extremely_close,12,3,2,1,0.25,0.19799377,0.2082637
2453c4a8-acd9-5afa-a1c3-198459edc0aa,oysters,extremely_close,12,3,3,1,0.25,0.14604472,0.15823552
2453c4a8-acd9-5afa-a1c3-198459edc0aa,conference,somewhat_close,3,1,0,6,0.4285714285714285,0.3467783,0.330331
2453c4a8-acd9-5afa-a1c3-198459edc0aa,conference,somewhat_close,3,1,1,6,0.4285714285714285,0.32602173,0.33012256
2453c4a8-acd9-5afa-a1c3-198459edc0aa,conference,somewhat_close,3,1,2,1,0.0714285714285714,0.1874909,0.2040172
2453c4a8-acd9-5afa-a1c3-198459edc0aa,conference,somewhat_close,3,1,3,1,0.0714285714285714,0.13970904,0.13552926
2453c4a8-acd9-5afa-a1c3-198459edc0aa,fair,close,9,2,0,7,0.7,0.3399395,0.3417284
2453c4a8-acd9-5afa-a1c3-198459edc0aa,fair,close,9,2,1,1,0.1,0.32053334,0.32354605
2453c4a8-acd9-5afa-a1c3-198459edc0aa,fair,close,9,2,2,1,0.1,0.20100063,0.19540344
2453c4a8-acd9-5afa-a1c3-198459edc0aa,fair,close,9,2,3,1,0.1,0.1385266,0.13932213
2453c4a8-acd9-5afa-a1c3-198459edc0aa,cooking,extremely_close,4,3,0,1,0.0833333333333333,0.3350411,0.26790115
2453c4a8-acd9-5afa-a1c3-198459edc0aa,cooking,extremely_close,4,3,1,7,0.5833333333333334,0.301432,0.30072036
2453c4a8-acd9-5afa-a1c3-198459edc0aa,cooking,extremely_close,4,3,2,3,0.25,0.2060558,0.23298924
2453c4a8-acd9-5afa-a1c3-198459edc0aa,cooking,extremely_close,4,3,3,1,0.0833333333333333,0.15747108,0.19838926
2453c4a8-acd9-5afa-a1c3-198459edc0aa,basketball,extremely_close,0,3,0,1,0.0526315789473684,0.32619047,0.3092946
2453c4a8-acd9-5afa-a1c3-198459edc0aa,basketball,extremely_close,0,3,1,6,0.3157894736842105,0.31149498,0.30697325
2453c4a8-acd9-5afa-a1c3-198459edc0aa,basketball,extremely_close,0,3,2,6,0.3157894736842105,0.21755591,0.22017495
2453c4a8-acd9-5afa-a1c3-198459edc0aa,basketball,extremely_close,0,3,3,6,0.3157894736842105,0.14475863,0.16355725
2453c4a8-acd9-5afa-a1c3-198459edc0aa,gala,not_close,10,0,0,2,0.1428571428571428,0.37736025,0.37343702
2453c4a8-acd9-5afa-a1c3-198459edc0aa,gala,not_close,10,0,1,6,0.4285714285714285,0.24683172,0.2587873
2453c4a8-acd9-5afa-a1c3-198459edc0aa,gala,not_close,10,0,2,5,0.3571428571428571,0.21063499,0.21295612
2453c4a8-acd9-5afa-a1c3-198459edc0aa,gala,not_close,10,0,3,1,0.0714285714285714,0.165173,0.15481953
2453c4a8-acd9-5afa-a1c3-198459edc0aa,dip,close,6,2,0,7,0.35,0.34664327,0.33677724
2453c4a8-acd9-5afa-a1c3-198459edc0aa,dip,close,6,2,1,6,0.3,0.27114132,0.28138566
2453c4a8-acd9-5afa-a1c3-198459edc0aa,dip,close,6,2,2,6,0.3,0.2222055,0.22993708
2453c4a8-acd9-5afa-a1c3-198459edc0aa,dip,close,6,2,3,1,0.05,0.16000988,0.15190005
2453c4a8-acd9-5afa-a1c3-198459edc0aa,driving,close,8,2,0,6,0.4,0.33066627,0.30398852
2453c4a8-acd9-5afa-a1c3-198459edc0aa,driving,close,8,2,1,6,0.4,0.31550372,0.31212825
2453c4a8-acd9-5afa-a1c3-198459edc0aa,driving,close,8,2,2,2,0.1333333333333333,0.212756,0.21644199
2453c4a8-acd9-5afa-a1c3-198459edc0aa,driving,close,8,2,3,1,0.0666666666666666,0.14107409,0.1674413
2453c4a8-acd9-5afa-a1c3-198459edc0aa,birthday,extremely_close,1,3,0,2,0.125,0.33094808,0.29339695
2453c4a8-acd9-5afa-a1c3-198459edc0aa,birthday,extremely_close,1,3,1,7,0.4375,0.31393355,0.28846595
2453c4a8-acd9-5afa-a1c3-198459edc0aa,birthday,extremely_close,1,3,2,6,0.375,0.21405,0.24154752
2453c4a8-acd9-5afa-a1c3-198459edc0aa,birthday,extremely_close,1,3,3,1,0.0625,0.14106838,0.1765896
2453c4a8-acd9-5afa-a1c3-198459edc0aa,drinks,somewhat_close,7,1,0,2,0.1666666666666666,0.34319648,0.34077784
2453c4a8-acd9-5afa-a1c3-198459edc0aa,drinks,somewhat_close,7,1,1,7,0.5833333333333334,0.26716295,0.2960432
2453c4a8-acd9-5afa-a1c3-198459edc0aa,drinks,somewhat_close,7,1,2,2,0.1666666666666666,0.22266258,0.20890208
2453c4a8-acd9-5afa-a1c3-198459edc0aa,drinks,somewhat_close,7,1,3,1,0.0833333333333333,0.16697805,0.15427689
2453c4a8-acd9-5afa-a1c3-198459edc0aa,crabs,somewhat_close,5,1,0,1,0.1,0.34133512,0.3514227
2453c4a8-acd9-5afa-a1c3-198459edc0aa,crabs,somewhat_close,5,1,1,7,0.7,0.3221551,0.35142806
2453c4a8-acd9-5afa-a1c3-198459edc0aa,crabs,somewhat_close,5,1,2,1,0.1,0.18072298,0.148849
2453c4a8-acd9-5afa-a1c3-198459edc0aa,crabs,somewhat_close,5,1,3,1,0.1,0.15578677,0.14830023
2453c4a8-acd9-5afa-a1c3-198459edc0aa,hike,not_close,11,0,0,6,0.4615384615384615,0.3467728,0.3642791
2453c4a8-acd9-5afa-a1c3-198459edc0aa,hike,not_close,11,0,1,5,0.3846153846153846,0.3240307,0.31677198
2453c4a8-acd9-5afa-a1c3-198459edc0aa,hike,not_close,11,0,2,1,0.0769230769230769,0.19134435,0.1780148
2453c4a8-acd9-5afa-a1c3-198459edc0aa,hike,not_close,11,0,3,1,0.0769230769230769,0.13785222,0.1409341
2453c4a8-acd9-5afa-a1c3-198459edc0aa,social,not_close,13,0,0,5,0.625,0.40185055,0.42380705
2453c4a8-acd9-5afa-a1c3-198459edc0aa,social,not_close,13,0,1,1,0.125,0.2581625,0.2471482
2453c4a8-acd9-5afa-a1c3-198459edc0aa,social,not_close,13,0,2,1,0.125,0.1958849,0.1846005
2453c4a8-acd9-5afa-a1c3-198459edc0aa,social,not_close,13,0,3,1,0.125,0.14410202,0.14444424
2453c4a8-acd9-5afa-a1c3-198459edc0aa,wedding,somewhat_close,15,1,0,5,0.3125,0.31908587,0.32673198
2453c4a8-acd9-5afa-a1c3-198459edc0aa,wedding,somewhat_close,15,1,1,7,0.4375,0.29837966,0.2921303
2453c4a8-acd9-5afa-a1c3-198459edc0aa,wedding,somewhat_close,15,1,2,3,0.1875,0.23396881,0.23820917
2453c4a8-acd9-5afa-a1c3-198459edc0aa,wedding,somewhat_close,15,1,3,1,0.0625,0.14856559,0.14292857
2453c4a8-acd9-5afa-a1c3-198459edc0aa,brunch,not_close,2,0,0,4,0.3333333333333333,0.31266126,0.34032917
2453c4a8-acd9-5afa-a1c3-198459edc0aa,brunch,not_close,2,0,1,6,0.5,0.29284903,0.29515493
2453c4a8-acd9-5afa-a1c3-198459edc0aa,brunch,not_close,2,0,2,1,0.0833333333333333,0.22538273,0.22530942
2453c4a8-acd9-5afa-a1c3-198459edc0aa,brunch,not_close,2,0,3,1,0.0833333333333333,0.1691069,0.13920642
3d49f051-5980-579b-83aa-ff32ce001800,fair,not_close,9,0,0,3,0.25,0.3399395,0.33449876
3d49f051-5980-579b-83aa-ff32ce001800,fair,not_close,9,0,1,5,0.4166666666666667,0.32053334,0.3437535
3d49f051-5980-579b-83aa-ff32ce001800,fair,not_close,9,0,2,2,0.1666666666666666,0.20100063,0.1889061
3d49f051-5980-579b-83aa-ff32ce001800,fair,not_close,9,0,3,2,0.1666666666666666,0.1385266,0.13284165
3d49f051-5980-579b-83aa-ff32ce001800,crabs,extremely_close,5,3,0,2,0.1666666666666666,0.34133512,0.32297945
3d49f051-5980-579b-83aa-ff32ce001800,crabs,extremely_close,5,3,1,6,0.5,0.3221551,0.30443525
3d49f051-5980-579b-83aa-ff32ce001800,crabs,extremely_close,5,3,2,2,0.1666666666666666,0.18072298,0.18565442
3d49f051-5980-579b-83aa-ff32ce001800,crabs,extremely_close,5,3,3,2,0.1666666666666666,0.15578677,0.18693084
3d49f051-5980-579b-83aa-ff32ce001800,driving,not_close,8,0,0,3,0.2,0.33066627,0.31951004
3d49f051-5980-579b-83aa-ff32ce001800,driving,not_close,8,0,1,6,0.4,0.31550372,0.3540611
3d49f051-5980-579b-83aa-ff32ce001800,driving,not_close,8,0,2,5,0.3333333333333333,0.212756,0.19448832
3d49f051-5980-579b-83aa-ff32ce001800,driving,not_close,8,0,3,1,0.0666666666666666,0.14107409,0.1319406
3d49f051-5980-579b-83aa-ff32ce001800,cooking,extremely_close,4,3,0,1,0.0909090909090909,0.3350411,0.26790115
3d49f051-5980-579b-83aa-ff32ce001800,cooking,extremely_close,4,3,1,6,0.5454545454545454,0.301432,0.30072036
3d49f051-5980-579b-83aa-ff32ce001800,cooking,extremely_close,4,3,2,3,0.2727272727272727,0.2060558,0.23298924
3d49f051-5980-579b-83aa-ff32ce001800,cooking,extremely_close,4,3,3,1,0.0909090909090909,0.15747108,0.19838926
3d49f051-5980-579b-83aa-ff32ce001800,conference,extremely_close,3,3,0,5,0.3571428571428571,0.3467783,0.3099088
3d49f051-5980-579b-83aa-ff32ce001800,conference,extremely_close,3,3,1,7,0.5,0.32602173,0.2874739
3d49f051-5980-579b-83aa-ff32ce001800,conference,extremely_close,3,3,2,1,0.0714285714285714,0.1874909,0.2322446
3d49f051-5980-579b-83aa-ff32ce001800,conference,extremely_close,3,3,3,1,0.0714285714285714,0.13970904,0.17037268
3d49f051-5980-579b-83aa-ff32ce001800,drinks,not_close,7,0,0,5,0.3846153846153846,0.34319648,0.2994285
3d49f051-5980-579b-83aa-ff32ce001800,drinks,not_close,7,0,1,6,0.4615384615384615,0.26716295,0.298935
3d49f051-5980-579b-83aa-ff32ce001800,drinks,not_close,7,0,2,1,0.0769230769230769,0.22266258,0.2280769
3d49f051-5980-579b-83aa-ff32ce001800,drinks,not_close,7,0,3,1,0.0769230769230769,0.16697805,0.1735596
3d49f051-5980-579b-83aa-ff32ce001800,oysters,somewhat_close,12,1,0,3,0.25,0.35450813,0.34644595
3d49f051-5980-579b-83aa-ff32ce001800,oysters,somewhat_close,12,1,1,6,0.5,0.30145344,0.29076707
3d49f051-5980-579b-83aa-ff32ce001800,oysters,somewhat_close,12,1,2,2,0.1666666666666666,0.19799377,0.20686175
3d49f051-5980-579b-83aa-ff32ce001800,oysters,somewhat_close,12,1,3,1,0.0833333333333333,0.14604472,0.1559252
3d49f051-5980-579b-83aa-ff32ce001800,birthday,close,1,2,0,2,0.1666666666666666,0.33094808,0.28472444
3d49f051-5980-579b-83aa-ff32ce001800,birthday,close,1,2,1,6,0.5,0.31393355,0.3053844
3d49f051-5980-579b-83aa-ff32ce001800,birthday,close,1,2,2,3,0.25,0.21405,0.23678404
3d49f051-5980-579b-83aa-ff32ce001800,birthday,close,1,2,3,1,0.0833333333333333,0.14106838,0.1731071
3d49f051-5980-579b-83aa-ff32ce001800,wedding,close,15,2,0,5,0.3125,0.31908587,0.30511737
3d49f051-5980-579b-83aa-ff32ce001800,wedding,close,15,2,1,6,0.375,0.29837966,0.2728047
3d49f051-5980-579b-83aa-ff32ce001800,wedding,close,15,2,2,4,0.25,0.23396881,0.2473037
3d49f051-5980-579b-83aa-ff32ce001800,wedding,close,15,2,3,1,0.0625,0.14856559,0.17477417
3d49f051-5980-579b-83aa-ff32ce001800,dip,extremely_close,6,3,0,3,0.2727272727272727,0.34664327,0.3213163
3d49f051-5980-579b-83aa-ff32ce001800,dip,extremely_close,6,3,1,3,0.2727272727272727,0.27114132,0.2708203
3d49f051-5980-579b-83aa-ff32ce001800,dip,extremely_close,6,3,2,2,0.1818181818181818,0.2222055,0.2373023
3d49f051-5980-579b-83aa-ff32ce001800,dip,extremely_close,6,3,3,3,0.2727272727272727,0.16000988,0.17056109
3d49f051-5980-579b-83aa-ff32ce001800,basketball,close,0,2,0,2,0.1818181818181818,0.32619047,0.3229036
3d49f051-5980-579b-83aa-ff32ce001800,basketball,close,0,2,1,6,0.5454545454545454,0.31149498,0.29293644
3d49f051-5980-579b-83aa-ff32ce001800,basketball,close,0,2,2,2,0.1818181818181818,0.21755591,0.20826088
3d49f051-5980-579b-83aa-ff32ce001800,basketball,close,0,2,3,1,0.0909090909090909,0.14475863,0.175899
3d49f051-5980-579b-83aa-ff32ce001800,brunch,close,2,2,0,4,0.2352941176470588,0.31266126,0.2922043
3d49f051-5980-579b-83aa-ff32ce001800,brunch,close,2,2,1,6,0.3529411764705882,0.29284903,0.27890328
3d49f051-5980-579b-83aa-ff32ce001800,brunch,close,2,2,2,5,0.2941176470588235,0.22538273,0.2363917
3d49f051-5980-579b-83aa-ff32ce001800,brunch,close,2,2,3,2,0.1176470588235294,0.1691069,0.19250078
3d49f051-5980-579b-83aa-ff32ce001800,hike,somewhat_close,11,1,0,5,0.3571428571428571,0.3467728,0.33041134
3d49f051-5980-579b-83aa-ff32ce001800,hike,somewhat_close,11,1,1,6,0.4285714285714285,0.3240307,0.31247446
3d49f051-5980-579b-83aa-ff32ce001800,hike,somewhat_close,11,1,2,2,0.1428571428571428,0.19134435,0.20020384
3d49f051-5980-579b-83aa-ff32ce001800,hike,somewhat_close,11,1,3,1,0.0714285714285714,0.13785222,0.15691037
3d49f051-5980-579b-83aa-ff32ce001800,social,somewhat_close,13,1,0,5,0.5555555555555556,0.40185055,0.3780521
3d49f051-5980-579b-83aa-ff32ce001800,social,somewhat_close,13,1,1,2,0.2222222222222222,0.2581625,0.25415382
3d49f051-5980-579b-83aa-ff32ce001800,social,somewhat_close,13,1,2,1,0.1111111111111111,0.1958849,0.20883785
3d49f051-5980-579b-83aa-ff32ce001800,social,somewhat_close,13,1,3,1,0.1111111111111111,0.14410202,0.15895618
3d49f051-5980-579b-83aa-ff32ce001800,soup,somewhat_close,14,1,0,7,0.5,0.3512944,0.33787718
3d49f051-5980-579b-83aa-ff32ce001800,soup,somewhat_close,14,1,1,5,0.3571428571428571,0.31583798,0.30691224
3d49f051-5980-579b-83aa-ff32ce001800,soup,somewhat_close,14,1,2,1,0.0714285714285714,0.18198796,0.19641732
3d49f051-5980-579b-83aa-ff32ce001800,soup,somewhat_close,14,1,3,1,0.0714285714285714,0.15087959,0.15879321
3d49f051-5980-579b-83aa-ff32ce001800,gala,not_close,10,0,0,5,0.2941176470588235,0.37736025,0.37343702
3d49f051-5980-579b-83aa-ff32ce001800,gala,not_close,10,0,1,6,0.3529411764705882,0.24683172,0.2587873
3d49f051-5980-579b-83aa-ff32ce001800,gala,not_close,10,0,2,5,0.2941176470588235,0.21063499,0.21295612
3d49f051-5980-579b-83aa-ff32ce001800,gala,not_close,10,0,3,1,0.0588235294117647,0.165173,0.15481953
4f1550ae-1200-53c9-b81c-4c1b95472fa6,birthday,not_close,1,0,0,5,0.4166666666666667,0.33094808,0.35584754
4f1550ae-1200-53c9-b81c-4c1b95472fa6,birthday,not_close,1,0,1,5,0.4166666666666667,0.31393355,0.31760582
4f1550ae-1200-53c9-b81c-4c1b95472fa6,birthday,not_close,1,0,2,1,0.0833333333333333,0.21405,0.1876142
4f1550ae-1200-53c9-b81c-4c1b95472fa6,birthday,not_close,1,0,3,1,0.0833333333333333,0.14106838,0.13893244
4f1550ae-1200-53c9-b81c-4c1b95472fa6,cooking,not_close,4,0,0,3,0.2307692307692307,0.3350411,0.30513674
4f1550ae-1200-53c9-b81c-4c1b95472fa6,cooking,not_close,4,0,1,7,0.5384615384615384,0.301432,0.3403478
4f1550ae-1200-53c9-b81c-4c1b95472fa6,cooking,not_close,4,0,2,2,0.1538461538461538,0.2060558,0.19110213
4f1550ae-1200-53c9-b81c-4c1b95472fa6,cooking,not_close,4,0,3,1,0.0769230769230769,0.15747108,0.1634134
4f1550ae-1200-53c9-b81c-4c1b95472fa6,basketball,close,0,2,0,4,0.2105263157894736,0.32619047,0.3229036
4f1550ae-1200-53c9-b81c-4c1b95472fa6,basketball,close,0,2,1,7,0.3684210526315789,0.31149498,0.29293644
4f1550ae-1200-53c9-b81c-4c1b95472fa6,basketball,close,0,2,2,5,0.2631578947368421,0.21755591,0.20826088
4f1550ae-1200-53c9-b81c-4c1b95472fa6,basketball,close,0,2,3,3,0.1578947368421052,0.14475863,0.175899
4f1550ae-1200-53c9-b81c-4c1b95472fa6,crabs,somewhat_close,5,1,0,4,0.3636363636363636,0.34133512,0.3514227
4f1550ae-1200-53c9-b81c-4c1b95472fa6,crabs,somewhat_close,5,1,1,4,0.3636363636363636,0.3221551,0.35142806
4f1550ae-1200-53c9-b81c-4c1b95472fa6,crabs,somewhat_close,5,1,2,2,0.1818181818181818,0.18072298,0.148849
4f1550ae-1200-53c9-b81c-4c1b95472fa6,crabs,somewhat_close,5,1,3,1,0.0909090909090909,0.15578677,0.14830023
4f1550ae-1200-53c9-b81c-4c1b95472fa6,driving,extremely_close,8,3,0,2,0.0952380952380952,0.33066627,0.27924845
4f1550ae-1200-53c9-b81c-4c1b95472fa6,driving,extremely_close,8,3,1,7,0.3333333333333333,0.31550372,0.30885038
4f1550ae-1200-53c9-b81c-4c1b95472fa6,driving,extremely_close,8,3,2,7,0.3333333333333333,0.212756,0.22954276
4f1550ae-1200-53c9-b81c-4c1b95472fa6,driving,extremely_close,8,3,3,5,0.238095238095238,0.14107409,0.18235837
4f1550ae-1200-53c9-b81c-4c1b95472fa6,social,somewhat_close,13,1,0,4,0.5714285714285714,0.40185055,0.3780521
4f1550ae-1200-53c9-b81c-4c1b95472fa6,social,somewhat_close,13,1,1,1,0.1428571428571428,0.2581625,0.25415382
4f1550ae-1200-53c9-b81c-4c1b95472fa6,social,somewhat_close,13,1,2,1,0.1428571428571428,0.1958849,0.20883785
4f1550ae-1200-53c9-b81c-4c1b95472fa6,social,somewhat_close,13,1,3,1,0.1428571428571428,0.14410202,0.15895618
4f1550ae-1200-53c9-b81c-4c1b95472fa6,hike,extremely_close,11,3,0,4,0.2105263157894736,0.3467728,0.33196965
4f1550ae-1200-53c9-b81c-4c1b95472fa6,hike,extremely_close,11,3,1,7,0.3684210526315789,0.3240307,0.28882948
4f1550ae-1200-53c9-b81c-4c1b95472fa6,hike,extremely_close,11,3,2,5,0.2631578947368421,0.19134435,0.21154393
4f1550ae-1200-53c9-b81c-4c1b95472fa6,hike,extremely_close,11,3,3,3,0.1578947368421052,0.13785222,0.167657
4f1550ae-1200-53c9-b81c-4c1b95472fa6,dip,somewhat_close,6,1,0,6,0.6,0.34664327,0.34845993
4f1550ae-1200-53c9-b81c-4c1b95472fa6,dip,somewhat_close,6,1,1,2,0.2,0.27114132,0.27802554
4f1550ae-1200-53c9-b81c-4c1b95472fa6,dip,somewhat_close,6,1,2,1,0.1,0.2222055,0.23313951
4f1550ae-1200-53c9-b81c-4c1b95472fa6,dip,somewhat_close,6,1,3,1,0.1,0.16000988,0.14037508
4f1550ae-1200-53c9-b81c-4c1b95472fa6,oysters,extremely_close,12,3,0,5,0.3125,0.35450813,0.33928892
4f1550ae-1200-53c9-b81c-4c1b95472fa6,oysters,extremely_close,12,3,1,6,0.375,0.30145344,0.29421192
4f1550ae-1200-53c9-b81c-4c1b95472fa6,oysters,extremely_close,12,3,2,4,0.25,0.19799377,0.2082637
4f1550ae-1200-53c9-b81c-4c1b95472fa6,oysters,extremely_close,12,3,3,1,0.0625,0.14604472,0.15823552
4f1550ae-1200-53c9-b81c-4c1b95472fa6,conference,not_close,3,0,0,4,0.3076923076923077,0.3467783,0.33014685
4f1550ae-1200-53c9-b81c-4c1b95472fa6,conference,not_close,3,0,1,7,0.5384615384615384,0.32602173,0.3841856
4f1550ae-1200-53c9-b81c-4c1b95472fa6,conference,not_close,3,0,2,1,0.0769230769230769,0.1874909,0.16168493
4f1550ae-1200-53c9-b81c-4c1b95472fa6,conference,not_close,3,0,3,1,0.0769230769230769,0.13970904,0.123982586
4f1550ae-1200-53c9-b81c-4c1b95472fa6,gala,close,10,2,0,5,0.2272727272727272,0.37736025,0.30581924
4f1550ae-1200-53c9-b81c-4c1b95472fa6,gala,close,10,2,1,5,0.2272727272727272,0.24683172,0.27153325
4f1550ae-1200-53c9-b81c-4c1b95472fa6,gala,close,10,2,2,6,0.2727272727272727,0.21063499,0.2401309
4f1550ae-1200-53c9-b81c-4c1b95472fa6,gala,close,10,2,3,6,0.2727272727272727,0.165173,0.18251657
4f1550ae-1200-53c9-b81c-4c1b95472fa6,brunch,somewhat_close,2,1,0,4,0.2666666666666666,0.31266126,0.3116763
4f1550ae-1200-53c9-b81c-4c1b95472fa6,brunch,somewhat_close,2,1,1,5,0.3333333333333333,0.29284903,0.27925918
4f1550ae-1200-53c9-b81c-4c1b95472fa6,brunch,somewhat_close,2,1,2,4,0.2666666666666666,0.22538273,0.23974313
4f1550ae-1200-53c9-b81c-4c1b95472fa6,brunch,somewhat_close,2,1,3,2,0.1333333333333333,0.1691069,0.16932139
4f1550ae-1200-53c9-b81c-4c1b95472fa6,soup,not_close,14,0,0,7,0.7,0.3512944,0.3687841
4f1550ae-1200-53c9-b81c-4c1b95472fa6,soup,not_close,14,0,1,1,0.1,0.31583798,0.32352978
4f1550ae-1200-53c9-b81c-4c1b95472fa6,soup,not_close,14,0,2,1,0.1,0.18198796,0.17495361
4f1550ae-1200-53c9-b81c-4c1b95472fa6,soup,not_close,14,0,3,1,0.1,0.15087959,0.13273244
4f1550ae-1200-53c9-b81c-4c1b95472fa6,fair,close,9,2,0,4,0.2222222222222222,0.3399395,0.3417284
4f1550ae-1200-53c9-b81c-4c1b95472fa6,fair,close,9,2,1,6,0.3333333333333333,0.32053334,0.32354605
4f1550ae-1200-53c9-b81c-4c1b95472fa6,fair,close,9,2,2,3,0.1666666666666666,0.20100063,0.19540344
4f1550ae-1200-53c9-b81c-4c1b95472fa6,fair,close,9,2,3,5,0.2777777777777778,0.1385266,0.13932213
4f1550ae-1200-53c9-b81c-4c1b95472fa6,wedding,extremely_close,15,3,0,4,0.1818181818181818,0.31908587,0.2974841
4f1550ae-1200-53c9-b81c-4c1b95472fa6,wedding,extremely_close,15,3,1,7,0.3181818181818182,0.29837966,0.27377465
4f1550ae-1200-53c9-b81c-4c1b95472fa6,wedding,extremely_close,15,3,2,7,0.3181818181818182,0.23396881,0.24111676
4f1550ae-1200-53c9-b81c-4c1b95472fa6,wedding,extremely_close,15,3,3,4,0.1818181818181818,0.14856559,0.18762444
4f1550ae-1200-53c9-b81c-4c1b95472fa6,drinks,close,7,2,0,6,0.2857142857142857,0.34319648,0.2973132
4f1550ae-1200-53c9-b81c-4c1b95472fa6,drinks,close,7,2,1,6,0.2857142857142857,0.26716295,0.27554834
4f1550ae-1200-53c9-b81c-4c1b95472fa6,drinks,close,7,2,2,6,0.2857142857142857,0.22266258,0.23582152
4f1550ae-1200-53c9-b81c-4c1b95472fa6,drinks,close,7,2,3,3,0.1428571428571428,0.16697805,0.1913169
ea4b2ddb-0de2-512c-a3b6-f5438402b9c4,hike,somewhat_close,11,1,0,7,0.6363636363636364,0.3467728,0.33041134
ea4b2ddb-0de2-512c-a3b6-f5438402b9c4,hike,somewhat_close,11,1,1,2,0.1818181818181818,0.3240307,0.31247446
ea4b2ddb-0de2-512c-a3b6-f5438402b9c4,hike,somewhat_close,11,1,2,1,0.0909090909090909,0.19134435,0.20020384
ea4b2ddb-0de2-512c-a3b6-f5438402b9c4,hike,somewhat_close,11,1,3,1,0.0909090909090909,0.13785222,0.15691037
ea4b2ddb-0de2-512c-a3b6-f5438402b9c4,fair,not_close,9,0,0,7,0.7,0.3399395,0.33449876
ea4b2ddb-0de2-512c-a3b6-f5438402b9c4,fair,not_close,9,0,1,1,0.1,0.32053334,0.3437535
ea4b2ddb-0de2-512c-a3b6-f5438402b9c4,fair,not_close,9,0,2,1,0.1,0.20100063,0.1889061
ea4b2ddb-0de2-512c-a3b6-f5438402b9c4,fair,not_close,9,0,3,1,0.1,0.1385266,0.13284165
ea4b2ddb-0de2-512c-a3b6-f5438402b9c4,conference,extremely_close,3,3,0,4,0.25,0.3467783,0.3099088
ea4b2ddb-0de2-512c-a3b6-f5438402b9c4,conference,extremely_close,3,3,1,6,0.375,0.32602173,0.2874739
ea4b2ddb-0de2-512c-a3b6-f5438402b9c4,conference,extremely_close,3,3,2,5,0.3125,0.1874909,0.2322446
ea4b2ddb-0de2-512c-a3b6-f5438402b9c4,conference,extremely_close,3,3,3,1,0.0625,0.13970904,0.17037268
ea4b2ddb-0de2-512c-a3b6-f5438402b9c4,basketball,close,0,2,0,2,0.2,0.32619047,0.3229036
ea4b2ddb-0de2-512c-a3b6-f5438402b9c4,basketball,close,0,2,1,6,0.6,0.31149498,0.29293644
ea4b2ddb-0de2-512c-a3b6-f5438402b9c4,basketball,close,0,2,2,1,0.1,0.21755591,0.20826088
ea4b2ddb-0de2-512c-a3b6-f5438402b9c4,basketball,close,0,2,3,1,0.1,0.14475863,0.175899
ea4b2ddb-0de2-512c-a3b6-f5438402b9c4,brunch,extremely_close,2,3,0,3,0.2307692307692307,0.31266126,0.26310802
ea4b2ddb-0de2-512c-a3b6-f5438402b9c4,brunch,extremely_close,2,3,1,6,0.4615384615384615,0.29284903,0.27545908
ea4b2ddb-0de2-512c-a3b6-f5438402b9c4,brunch,extremely_close,2,3,2,3,0.2307692307692307,0.22538273,0.24720623
ea4b2ddb-0de2-512c-a3b6-f5438402b9c4,brunch,extremely_close,2,3,3,1,0.0769230769230769,0.1691069,0.21422674
ea4b2ddb-0de2-512c-a3b6-f5438402b9c4,dip,not_close,6,0,0,6,0.6666666666666666,0.34664327,0.39242724
ea4b2ddb-0de2-512c-a3b6-f5438402b9c4,dip,not_close,6,0,1,1,0.1111111111111111,0.27114132,0.2466927
ea4b2ddb-0de2-512c-a3b6-f5438402b9c4,dip,not_close,6,0,2,1,0.1111111111111111,0.2222055,0.21824121
ea4b2ddb-0de2-512c-a3b6-f5438402b9c4,dip,not_close,6,0,3,1,0.1111111111111111,0.16000988,0.14263879
ea4b2ddb-0de2-512c-a3b6-f5438402b9c4,cooking,extremely_close,4,3,0,2,0.2,0.3350411,0.26790115
ea4b2ddb-0de2-512c-a3b6-f5438402b9c4,cooking,extremely_close,4,3,1,4,0.4,0.301432,0.30072036
ea4b2ddb-0de2-512c-a3b6-f5438402b9c4,cooking,extremely_close,4,3,2,3,0.3,0.2060558,0.23298924
ea4b2ddb-0de2-512c-a3b6-f5438402b9c4,cooking,extremely_close,4,3,3,1,0.1,0.15747108,0.19838926
ea4b2ddb-0de2-512c-a3b6-f5438402b9c4,gala,somewhat_close,10,1,0,6,0.5454545454545454,0.37736025,0.32411346
ea4b2ddb-0de2-512c-a3b6-f5438402b9c4,gala,somewhat_close,10,1,1,3,0.2727272727272727,0.24683172,0.25308076
ea4b2ddb-0de2-512c-a3b6-f5438402b9c4,gala,somewhat_close,10,1,2,1,0.0909090909090909,0.21063499,0.23114428
ea4b2ddb-0de2-512c-a3b6-f5438402b9c4,gala,somewhat_close,10,1,3,1,0.0909090909090909,0.165173,0.1916615
ea4b2ddb-0de2-512c-a3b6-f5438402b9c4,crabs,extremely_close,5,3,0,2,0.3333333333333333,0.34133512,0.32297945
ea4b2ddb-0de2-512c-a3b6-f5438402b9c4,crabs,extremely_close,5,3,1,1,0.1666666666666666,0.3221551,0.30443525
ea4b2ddb-0de2-512c-a3b6-f5438402b9c4,crabs,extremely_close,5,3,2,2,0.3333333333333333,0.18072298,0.18565442
ea4b2ddb-0de2-512c-a3b6-f5438402b9c4,crabs,extremely_close,5,3,3,1,0.1666666666666666,0.15578677,0.18693084
ea4b2ddb-0de2-512c-a3b6-f5438402b9c4,oysters,somewhat_close,12,1,0,6,0.6666666666666666,0.35450813,0.34644595
ea4b2ddb-0de2-512c-a3b6-f5438402b9c4,oysters,somewhat_close,12,1,1,1,0.1111111111111111,0.30145344,0.29076707
ea4b2ddb-0de2-512c-a3b6-f5438402b9c4,oysters,somewhat_close,12,1,2,1,0.1111111111111111,0.19799377,0.20686175
ea4b2ddb-0de2-512c-a3b6-f5438402b9c4,oysters,somewhat_close,12,1,3,1,0.1111111111111111,0.14604472,0.1559252
ea4b2ddb-0de2-512c-a3b6-f5438402b9c4,wedding,close,15,2,0,5,0.5555555555555556,0.31908587,0.30511737
ea4b2ddb-0de2-512c-a3b6-f5438402b9c4,wedding,close,15,2,1,2,0.2222222222222222,0.29837966,0.2728047
ea4b2ddb-0de2-512c-a3b6-f5438402b9c4,wedding,close,15,2,2,1,0.1111111111111111,0.23396881,0.2473037
ea4b2ddb-0de2-512c-a3b6-f5438402b9c4,wedding,close,15,2,3,1,0.1111111111111111,0.14856559,0.17477417
ea4b2ddb-0de2-512c-a3b6-f5438402b9c4,soup,close,14,2,0,7,0.7,0.3512944,0.3422157
ea4b2ddb-0de2-512c-a3b6-f5438402b9c4,soup,close,14,2,1,1,0.1,0.31583798,0.29969218
ea4b2ddb-0de2-512c-a3b6-f5438402b9c4,soup,close,14,2,2,1,0.1,0.18198796,0.19644682
ea4b2ddb-0de2-512c-a3b6-f5438402b9c4,soup,close,14,2,3,1,0.1,0.15087959,0.16164538
ea4b2ddb-0de2-512c-a3b6-f5438402b9c4,drinks,not_close,7,0,0,7,0.7,0.34319648,0.2994285
ea4b2ddb-0de2-512c-a3b6-f5438402b9c4,drinks,not_close,7,0,1,1,0.1,0.26716295,0.298935
ea4b2ddb-0de2-512c-a3b6-f5438402b9c4,drinks,not_close,7,0,2,1,0.1,0.22266258,0.2280769
ea4b2ddb-0de2-512c-a3b6-f5438402b9c4,drinks,not_close,7,0,3,1,0.1,0.16697805,0.1735596
ea4b2ddb-0de2-512c-a3b6-f5438402b9c4,birthday,close,1,2,0,7,0.6363636363636364,0.33094808,0.28472444
ea4b2ddb-0de2-512c-a3b6-f5438402b9c4,birthday,close,1,2,1,2,0.1818181818181818,0.31393355,0.3053844
ea4b2ddb-0de2-512c-a3b6-f5438402b9c4,birthday,close,1,2,2,1,0.0909090909090909,0.21405,0.23678404
ea4b2ddb-0de2-512c-a3b6-f5438402b9c4,birthday,close,1,2,3,1,0.0909090909090909,0.14106838,0.1731071
ea4b2ddb-0de2-512c-a3b6-f5438402b9c4,social,somewhat_close,13,1,0,2,0.4,0.40185055,0.3780521
ea4b2ddb-0de2-512c-a3b6-f5438402b9c4,social,somewhat_close,13,1,1,1,0.2,0.2581625,0.25415382
ea4b2ddb-0de2-512c-a3b6-f5438402b9c4,social,somewhat_close,13,1,2,1,0.2,0.1958849,0.20883785
ea4b2ddb-0de2-512c-a3b6-f5438402b9c4,social,somewhat_close,13,1,3,1,0.2,0.14410202,0.15895618
ea4b2ddb-0de2-512c-a3b6-f5438402b9c4,driving,not_close,8,0,0,7,0.7,0.33066627,0.31951004
ea4b2ddb-0de2-512c-a3b6-f5438402b9c4,driving,not_close,8,0,1,1,0.1,0.31550372,0.3540611
ea4b2ddb-0de2-512c-a3b6-f5438402b9c4,driving,not_close,8,0,2,1,0.1,0.212756,0.19448832
ea4b2ddb-0de2-512c-a3b6-f5438402b9c4,driving,not_close,8,0,3,1,0.1,0.14107409,0.1319406
c37d9c91-33a2-5973-937a-91a1acbb0218,brunch,not_close,2,0,0,4,0.3636363636363636,0.31266126,0.34032917
c37d9c91-33a2-5973-937a-91a1acbb0218,brunch,not_close,2,0,1,5,0.4545454545454545,0.29284903,0.29515493
c37d9c91-33a2-5973-937a-91a1acbb0218,brunch,not_close,2,0,2,1,0.0909090909090909,0.22538273,0.22530942
c37d9c91-33a2-5973-937a-91a1acbb0218,brunch,not_close,2,0,3,1,0.0909090909090909,0.1691069,0.13920642
c37d9c91-33a2-5973-937a-91a1acbb0218,crabs,close,5,2,0,1,0.1111111111111111,0.34133512,0.3152678
c37d9c91-33a2-5973-937a-91a1acbb0218,crabs,close,5,2,1,6,0.6666666666666666,0.3221551,0.32385492
c37d9c91-33a2-5973-937a-91a1acbb0218,crabs,close,5,2,2,1,0.1111111111111111,0.18072298,0.19468644
c37d9c91-33a2-5973-937a-91a1acbb0218,crabs,close,5,2,3,1,0.1111111111111111,0.15578677,0.16619082
c37d9c91-33a2-5973-937a-91a1acbb0218,social,extremely_close,13,3,0,6,0.25,0.40185055,0.34408742
c37d9c91-33a2-5973-937a-91a1acbb0218,social,extremely_close,13,3,1,6,0.25,0.2581625,0.258135
c37d9c91-33a2-5973-937a-91a1acbb0218,social,extremely_close,13,3,2,5,0.2083333333333333,0.1958849,0.2316001
c37d9c91-33a2-5973-937a-91a1acbb0218,social,extremely_close,13,3,3,7,0.2916666666666667,0.14410202,0.16617753
c37d9c91-33a2-5973-937a-91a1acbb0218,soup,somewhat_close,14,1,0,7,0.5,0.3512944,0.33787718
c37d9c91-33a2-5973-937a-91a1acbb0218,soup,somewhat_close,14,1,1,2,0.1428571428571428,0.31583798,0.30691224
c37d9c91-33a2-5973-937a-91a1acbb0218,soup,somewhat_close,14,1,2,2,0.1428571428571428,0.18198796,0.19641732
c37d9c91-33a2-5973-937a-91a1acbb0218,soup,somewhat_close,14,1,3,3,0.2142857142857142,0.15087959,0.15879321
c37d9c91-33a2-5973-937a-91a1acbb0218,drinks,somewhat_close,7,1,0,6,0.2608695652173913,0.34319648,0.34077784
c37d9c91-33a2-5973-937a-91a1acbb0218,drinks,somewhat_close,7,1,1,5,0.217391304347826,0.26716295,0.2960432
c37d9c91-33a2-5973-937a-91a1acbb0218,drinks,somewhat_close,7,1,2,6,0.2608695652173913,0.22266258,0.20890208
c37d9c91-33a2-5973-937a-91a1acbb0218,drinks,somewhat_close,7,1,3,6,0.2608695652173913,0.16697805,0.15427689
c37d9c91-33a2-5973-937a-91a1acbb0218,basketball,extremely_close,0,3,0,1,0.0588235294117647,0.32619047,0.3092946
c37d9c91-33a2-5973-937a-91a1acbb0218,basketball,extremely_close,0,3,1,3,0.1764705882352941,0.31149498,0.30697325
c37d9c91-33a2-5973-937a-91a1acbb0218,basketball,extremely_close,0,3,2,6,0.3529411764705882,0.21755591,0.22017495
c37d9c91-33a2-5973-937a-91a1acbb0218,basketball,extremely_close,0,3,3,7,0.4117647058823529,0.14475863,0.16355725
c37d9c91-33a2-5973-937a-91a1acbb0218,dip,close,6,2,0,7,0.4117647058823529,0.34664327,0.33677724
c37d9c91-33a2-5973-937a-91a1acbb0218,dip,close,6,2,1,3,0.1764705882352941,0.27114132,0.28138566
c37d9c91-33a2-5973-937a-91a1acbb0218,dip,close,6,2,2,5,0.2941176470588235,0.2222055,0.22993708
c37d9c91-33a2-5973-937a-91a1acbb0218,dip,close,6,2,3,2,0.1176470588235294,0.16000988,0.15190005
c37d9c91-33a2-5973-937a-91a1acbb0218,birthday,not_close,1,0,0,7,0.5384615384615384,0.33094808,0.35584754
c37d9c91-33a2-5973-937a-91a1acbb0218,birthday,not_close,1,0,1,4,0.3076923076923077,0.31393355,0.31760582
c37d9c91-33a2-5973-937a-91a1acbb0218,birthday,not_close,1,0,2,1,0.0769230769230769,0.21405,0.1876142
c37d9c91-33a2-5973-937a-91a1acbb0218,birthday,not_close,1,0,3,1,0.0769230769230769,0.14106838,0.13893244
c37d9c91-33a2-5973-937a-91a1acbb0218,wedding,not_close,15,0,0,7,0.7,0.31908587,0.34685898
c37d9c91-33a2-5973-937a-91a1acbb0218,wedding,not_close,15,0,1,1,0.1,0.29837966,0.30831352
c37d9c91-33a2-5973-937a-91a1acbb0218,wedding,not_close,15,0,2,1,0.1,0.23396881,0.22699372
c37d9c91-33a2-5973-937a-91a1acbb0218,wedding,not_close,15,0,3,1,0.1,0.14856559,0.11783374
c37d9c91-33a2-5973-937a-91a1acbb0218,oysters,somewhat_close,12,1,0,7,0.3043478260869565,0.35450813,0.34644595
c37d9c91-33a2-5973-937a-91a1acbb0218,oysters,somewhat_close,12,1,1,6,0.2608695652173913,0.30145344,0.29076707
c37d9c91-33a2-5973-937a-91a1acbb0218,oysters,somewhat_close,12,1,2,6,0.2608695652173913,0.19799377,0.20686175
c37d9c91-33a2-5973-937a-91a1acbb0218,oysters,somewhat_close,12,1,3,4,0.1739130434782608,0.14604472,0.1559252
c37d9c91-33a2-5973-937a-91a1acbb0218,hike,extremely_close,11,3,0,5,0.217391304347826,0.3467728,0.33196965
c37d9c91-33a2-5973-937a-91a1acbb0218,hike,extremely_close,11,3,1,6,0.2608695652173913,0.3240307,0.28882948
c37d9c91-33a2-5973-937a-91a1acbb0218,hike,extremely_close,11,3,2,6,0.2608695652173913,0.19134435,0.21154393
c37d9c91-33a2-5973-937a-91a1acbb0218,hike,extremely_close,11,3,3,6,0.2608695652173913,0.13785222,0.167657
c37d9c91-33a2-5973-937a-91a1acbb0218,conference,somewhat_close,3,1,0,5,0.2941176470588235,0.3467783,0.330331
c37d9c91-33a2-5973-937a-91a1acbb0218,conference,somewhat_close,3,1,1,5,0.2941176470588235,0.32602173,0.33012256
c37d9c91-33a2-5973-937a-91a1acbb0218,conference,somewhat_close,3,1,2,5,0.2941176470588235,0.1874909,0.2040172
c37d9c91-33a2-5973-937a-91a1acbb0218,conference,somewhat_close,3,1,3,2,0.1176470588235294,0.13970904,0.13552926
c37d9c91-33a2-5973-937a-91a1acbb0218,fair,close,9,2,0,1,0.0625,0.3399395,0.3417284
c37d9c91-33a2-5973-937a-91a1acbb0218,fair,close,9,2,1,5,0.3125,0.32053334,0.32354605
c37d9c91-33a2-5973-937a-91a1acbb0218,fair,close,9,2,2,5,0.3125,0.20100063,0.19540344
c37d9c91-33a2-5973-937a-91a1acbb0218,fair,close,9,2,3,5,0.3125,0.1385266,0.13932213
c37d9c91-33a2-5973-937a-91a1acbb0218,cooking,not_close,4,0,0,5,0.2777777777777778,0.3350411,0.30513674
c37d9c91-33a2-5973-937a-91a1acbb0218,cooking,not_close,4,0,1,6,0.3333333333333333,0.301432,0.3403478
c37d9c91-33a2-5973-937a-91a1acbb0218,cooking,not_close,4,0,2,6,0.3333333333333333,0.2060558,0.19110213
c37d9c91-33a2-5973-937a-91a1acbb0218,cooking,not_close,4,0,3,1,0.0555555555555555,0.15747108,0.1634134
c37d9c91-33a2-5973-937a-91a1acbb0218,driving,extremely_close,8,3,0,1,0.0625,0.33066627,0.27924845
c37d9c91-33a2-5973-937a-91a1acbb0218,driving,extremely_close,8,3,1,5,0.3125,0.31550372,0.30885038
c37d9c91-33a2-5973-937a-91a1acbb0218,driving,extremely_close,8,3,2,5,0.3125,0.212756,0.22954276
c37d9c91-33a2-5973-937a-91a1acbb0218,driving,extremely_close,8,3,3,5,0.3125,0.14107409,0.18235837
c37d9c91-33a2-5973-937a-91a1acbb0218,gala,close,10,2,0,3,0.2,0.37736025,0.30581924
c37d9c91-33a2-5973-937a-91a1acbb0218,gala,close,10,2,1,6,0.4,0.24683172,0.27153325
c37d9c91-33a2-5973-937a-91a1acbb0218,gala,close,10,2,2,4,0.2666666666666666,0.21063499,0.2401309
c37d9c91-33a2-5973-937a-91a1acbb0218,gala,close,10,2,3,2,0.1333333333333333,0.165173,0.18251657
1058bfa6-6cb6-58b4-a0f1-655ef2591928,basketball,somewhat_close,0,1,0,5,0.3571428571428571,0.32619047,0.31074163
1058bfa6-6cb6-58b4-a0f1-655ef2591928,basketball,somewhat_close,0,1,1,6,0.4285714285714285,0.31149498,0.30840942
1058bfa6-6cb6-58b4-a0f1-655ef2591928,basketball,somewhat_close,0,1,2,2,0.1428571428571428,0.21755591,0.22120504
1058bfa6-6cb6-58b4-a0f1-655ef2591928,basketball,somewhat_close,0,1,3,1,0.0714285714285714,0.14475863,0.15964389
1058bfa6-6cb6-58b4-a0f1-655ef2591928,conference,extremely_close,3,3,0,5,0.2083333333333333,0.3467783,0.3099088
1058bfa6-6cb6-58b4-a0f1-655ef2591928,conference,extremely_close,3,3,1,6,0.25,0.32602173,0.2874739
1058bfa6-6cb6-58b4-a0f1-655ef2591928,conference,extremely_close,3,3,2,7,0.2916666666666667,0.1874909,0.2322446
1058bfa6-6cb6-58b4-a0f1-655ef2591928,conference,extremely_close,3,3,3,6,0.25,0.13970904,0.17037268
1058bfa6-6cb6-58b4-a0f1-655ef2591928,oysters,somewhat_close,12,1,0,5,0.2631578947368421,0.35450813,0.34644595
1058bfa6-6cb6-58b4-a0f1-655ef2591928,oysters,somewhat_close,12,1,1,6,0.3157894736842105,0.30145344,0.29076707
1058bfa6-6cb6-58b4-a0f1-655ef2591928,oysters,somewhat_close,12,1,2,5,0.2631578947368421,0.19799377,0.20686175
1058bfa6-6cb6-58b4-a0f1-655ef2591928,oysters,somewhat_close,12,1,3,3,0.1578947368421052,0.14604472,0.1559252
1058bfa6-6cb6-58b4-a0f1-655ef2591928,brunch,close,2,2,0,5,0.2777777777777778,0.31266126,0.2922043
1058bfa6-6cb6-58b4-a0f1-655ef2591928,brunch,close,2,2,1,6,0.3333333333333333,0.29284903,0.27890328
1058bfa6-6cb6-58b4-a0f1-655ef2591928,brunch,close,2,2,2,5,0.2777777777777778,0.22538273,0.2363917
1058bfa6-6cb6-58b4-a0f1-655ef2591928,brunch,close,2,2,3,2,0.1111111111111111,0.1691069,0.19250078
1058bfa6-6cb6-58b4-a0f1-655ef2591928,birthday,somewhat_close,1,1,0,6,0.4615384615384615,0.33094808,0.309631
1058bfa6-6cb6-58b4-a0f1-655ef2591928,birthday,somewhat_close,1,1,1,4,0.3076923076923077,0.31393355,0.31623533
1058bfa6-6cb6-58b4-a0f1-655ef2591928,birthday,somewhat_close,1,1,2,2,0.1538461538461538,0.21405,0.23311108
1058bfa6-6cb6-58b4-a0f1-655ef2591928,birthday,somewhat_close,1,1,3,1,0.0769230769230769,0.14106838,0.14102258
1058bfa6-6cb6-58b4-a0f1-655ef2591928,gala,close,10,2,0,5,0.2631578947368421,0.37736025,0.30581924
1058bfa6-6cb6-58b4-a0f1-655ef2591928,gala,close,10,2,1,5,0.2631578947368421,0.24683172,0.27153325
1058bfa6-6cb6-58b4-a0f1-655ef2591928,gala,close,10,2,2,4,0.2105263157894736,0.21063499,0.2401309
1058bfa6-6cb6-58b4-a0f1-655ef2591928,gala,close,10,2,3,5,0.2631578947368421,0.165173,0.18251657
1058bfa6-6cb6-58b4-a0f1-655ef2591928,hike,close,11,2,0,6,0.375,0.3467728,0.31535208
1058bfa6-6cb6-58b4-a0f1-655ef2591928,hike,close,11,2,1,6,0.375,0.3240307,0.3006642
1058bfa6-6cb6-58b4-a0f1-655ef2591928,hike,close,11,2,2,3,0.1875,0.19134435,0.20856297
1058bfa6-6cb6-58b4-a0f1-655ef2591928,hike,close,11,2,3,1,0.0625,0.13785222,0.17542079
1058bfa6-6cb6-58b4-a0f1-655ef2591928,crabs,extremely_close,5,3,0,5,0.2272727272727272,0.34133512,0.32297945
1058bfa6-6cb6-58b4-a0f1-655ef2591928,crabs,extremely_close,5,3,1,5,0.2272727272727272,0.3221551,0.30443525
1058bfa6-6cb6-58b4-a0f1-655ef2591928,crabs,extremely_close,5,3,2,6,0.2727272727272727,0.18072298,0.18565442
1058bfa6-6cb6-58b4-a0f1-655ef2591928,crabs,extremely_close,5,3,3,6,0.2727272727272727,0.15578677,0.18693084
1058bfa6-6cb6-58b4-a0f1-655ef2591928,cooking,somewhat_close,4,1,0,6,0.375,0.3350411,0.302899
1058bfa6-6cb6-58b4-a0f1-655ef2591928,cooking,somewhat_close,4,1,1,6,0.375,0.301432,0.3137101
1058bfa6-6cb6-58b4-a0f1-655ef2591928,cooking,somewhat_close,4,1,2,3,0.1875,0.2060558,0.21770318
1058bfa6-6cb6-58b4-a0f1-655ef2591928,cooking,somewhat_close,4,1,3,1,0.0625,0.15747108,0.16568774
1058bfa6-6cb6-58b4-a0f1-655ef2591928,soup,not_close,14,0,0,7,0.6363636363636364,0.3512944,0.3687841
1058bfa6-6cb6-58b4-a0f1-655ef2591928,soup,not_close,14,0,1,2,0.1818181818181818,0.31583798,0.32352978
1058bfa6-6cb6-58b4-a0f1-655ef2591928,soup,not_close,14,0,2,1,0.0909090909090909,0.18198796,0.17495361
1058bfa6-6cb6-58b4-a0f1-655ef2591928,soup,not_close,14,0,3,1,0.0909090909090909,0.15087959,0.13273244
1058bfa6-6cb6-58b4-a0f1-655ef2591928,wedding,extremely_close,15,3,0,5,0.217391304347826,0.31908587,0.2974841
1058bfa6-6cb6-58b4-a0f1-655ef2591928,wedding,extremely_close,15,3,1,6,0.2608695652173913,0.29837966,0.27377465
1058bfa6-6cb6-58b4-a0f1-655ef2591928,wedding,extremely_close,15,3,2,6,0.2608695652173913,0.23396881,0.24111676
1058bfa6-6cb6-58b4-a0f1-655ef2591928,wedding,extremely_close,15,3,3,6,0.2608695652173913,0.14856559,0.18762444
1058bfa6-6cb6-58b4-a0f1-655ef2591928,dip,not_close,6,0,0,5,0.625,0.34664327,0.39242724
1058bfa6-6cb6-58b4-a0f1-655ef2591928,dip,not_close,6,0,1,1,0.125,0.27114132,0.2466927
1058bfa6-6cb6-58b4-a0f1-655ef2591928,dip,not_close,6,0,2,1,0.125,0.2222055,0.21824121
1058bfa6-6cb6-58b4-a0f1-655ef2591928,dip,not_close,6,0,3,1,0.125,0.16000988,0.14263879
1058bfa6-6cb6-58b4-a0f1-655ef2591928,fair,not_close,9,0,0,6,0.5454545454545454,0.3399395,0.33449876
1058bfa6-6cb6-58b4-a0f1-655ef2591928,fair,not_close,9,0,1,3,0.2727272727272727,0.32053334,0.3437535
1058bfa6-6cb6-58b4-a0f1-655ef2591928,fair,not_close,9,0,2,1,0.0909090909090909,0.20100063,0.1889061
1058bfa6-6cb6-58b4-a0f1-655ef2591928,fair,not_close,9,0,3,1,0.0909090909090909,0.1385266,0.13284165
1058bfa6-6cb6-58b4-a0f1-655ef2591928,social,close,13,2,0,4,0.3333333333333333,0.40185055,0.3784892
1058bfa6-6cb6-58b4-a0f1-655ef2591928,social,close,13,2,1,5,0.4166666666666667,0.2581625,0.26476493
1058bfa6-6cb6-58b4-a0f1-655ef2591928,social,close,13,2,2,2,0.1666666666666666,0.1958849,0.20696187
1058bfa6-6cb6-58b4-a0f1-655ef2591928,social,close,13,2,3,1,0.0833333333333333,0.14410202,0.14978395
1058bfa6-6cb6-58b4-a0f1-655ef2591928,driving,not_close,8,0,0,7,0.5,0.33066627,0.31951004
1058bfa6-6cb6-58b4-a0f1-655ef2591928,driving,not_close,8,0,1,5,0.3571428571428571,0.31550372,0.3540611
1058bfa6-6cb6-58b4-a0f1-655ef2591928,driving,not_close,8,0,2,1,0.0714285714285714,0.212756,0.19448832
1058bfa6-6cb6-58b4-a0f1-655ef2591928,driving,not_close,8,0,3,1,0.0714285714285714,0.14107409,0.1319406
1058bfa6-6cb6-58b4-a0f1-655ef2591928,drinks,extremely_close,7,3,0,4,0.1904761904761904,0.34319648,0.24337234
1058bfa6-6cb6-58b4-a0f1-655ef2591928,drinks,extremely_close,7,3,1,6,0.2857142857142857,0.26716295,0.29073274
1058bfa6-6cb6-58b4-a0f1-655ef2591928,drinks,extremely_close,7,3,2,6,0.2857142857142857,0.22266258,0.22844173
1058bfa6-6cb6-58b4-a0f1-655ef2591928,drinks,extremely_close,7,3,3,5,0.238095238095238,0.16697805,0.23745316
1b7a7cfe-c845-5163-99f4-644ba2ab9fdf,oysters,not_close,12,0,0,7,0.5,0.35450813,0.35589477
1b7a7cfe-c845-5163-99f4-644ba2ab9fdf,oysters,not_close,12,0,1,5,0.3571428571428571,0.30145344,0.31109774
1b7a7cfe-c845-5163-99f4-644ba2ab9fdf,oysters,not_close,12,0,2,1,0.0714285714285714,0.19799377,0.19477606
1b7a7cfe-c845-5163-99f4-644ba2ab9fdf,oysters,not_close,12,0,3,1,0.0714285714285714,0.14604472,0.13823144
1b7a7cfe-c845-5163-99f4-644ba2ab9fdf,social,close,13,2,0,6,0.3333333333333333,0.40185055,0.3784892
1b7a7cfe-c845-5163-99f4-644ba2ab9fdf,social,close,13,2,1,5,0.2777777777777778,0.2581625,0.26476493
1b7a7cfe-c845-5163-99f4-644ba2ab9fdf,social,close,13,2,2,4,0.2222222222222222,0.1958849,0.20696187
1b7a7cfe-c845-5163-99f4-644ba2ab9fdf,social,close,13,2,3,3,0.1666666666666666,0.14410202,0.14978395
1b7a7cfe-c845-5163-99f4-644ba2ab9fdf,drinks,not_close,7,0,0,7,0.5833333333333334,0.34319648,0.2994285
1b7a7cfe-c845-5163-99f4-644ba2ab9fdf,drinks,not_close,7,0,1,2,0.1666666666666666,0.26716295,0.298935
1b7a7cfe-c845-5163-99f4-644ba2ab9fdf,drinks,not_close,7,0,2,2,0.1666666666666666,0.22266258,0.2280769
1b7a7cfe-c845-5163-99f4-644ba2ab9fdf,drinks,not_close,7,0,3,1,0.0833333333333333,0.16697805,0.1735596
1b7a7cfe-c845-5163-99f4-644ba2ab9fdf,cooking,extremely_close,4,3,0,2,0.1176470588235294,0.3350411,0.26790115
1b7a7cfe-c845-5163-99f4-644ba2ab9fdf,cooking,extremely_close,4,3,1,5,0.2941176470588235,0.301432,0.30072036
1b7a7cfe-c845-5163-99f4-644ba2ab9fdf,cooking,extremely_close,4,3,2,5,0.2941176470588235,0.2060558,0.23298924
1b7a7cfe-c845-5163-99f4-644ba2ab9fdf,cooking,extremely_close,4,3,3,5,0.2941176470588235,0.15747108,0.19838926
1b7a7cfe-c845-5163-99f4-644ba2ab9fdf,soup,somewhat_close,14,1,0,7,0.4117647058823529,0.3512944,0.33787718
1b7a7cfe-c845-5163-99f4-644ba2ab9fdf,soup,somewhat_close,14,1,1,4,0.2352941176470588,0.31583798,0.30691224
1b7a7cfe-c845-5163-99f4-644ba2ab9fdf,soup,somewhat_close,14,1,2,3,0.1764705882352941,0.18198796,0.19641732
1b7a7cfe-c845-5163-99f4-644ba2ab9fdf,soup,somewhat_close,14,1,3,3,0.1764705882352941,0.15087959,0.15879321
1b7a7cfe-c845-5163-99f4-644ba2ab9fdf,wedding,not_close,15,0,0,7,0.4666666666666667,0.31908587,0.34685898
1b7a7cfe-c845-5163-99f4-644ba2ab9fdf,wedding,not_close,15,0,1,4,0.2666666666666666,0.29837966,0.30831352
1b7a7cfe-c845-5163-99f4-644ba2ab9fdf,wedding,not_close,15,0,2,3,0.2,0.23396881,0.22699372
1b7a7cfe-c845-5163-99f4-644ba2ab9fdf,wedding,not_close,15,0,3,1,0.0666666666666666,0.14856559,0.11783374
1b7a7cfe-c845-5163-99f4-644ba2ab9fdf,conference,not_close,3,0,0,4,0.3076923076923077,0.3467783,0.33014685
1b7a7cfe-c845-5163-99f4-644ba2ab9fdf,conference,not_close,3,0,1,6,0.4615384615384615,0.32602173,0.3841856
1b7a7cfe-c845-5163-99f4-644ba2ab9fdf,conference,not_close,3,0,2,2,0.1538461538461538,0.1874909,0.16168493
1b7a7cfe-c845-5163-99f4-644ba2ab9fdf,conference,not_close,3,0,3,1,0.0769230769230769,0.13970904,0.123982586
1b7a7cfe-c845-5163-99f4-644ba2ab9fdf,gala,close,10,2,0,7,0.3888888888888889,0.37736025,0.30581924
1b7a7cfe-c845-5163-99f4-644ba2ab9fdf,gala,close,10,2,1,4,0.2222222222222222,0.24683172,0.27153325
1b7a7cfe-c845-5163-99f4-644ba2ab9fdf,gala,close,10,2,2,4,0.2222222222222222,0.21063499,0.2401309
1b7a7cfe-c845-5163-99f4-644ba2ab9fdf,gala,close,10,2,3,3,0.1666666666666666,0.165173,0.18251657
1b7a7cfe-c845-5163-99f4-644ba2ab9fdf,hike,close,11,2,0,5,0.4166666666666667,0.3467728,0.31535208
1b7a7cfe-c845-5163-99f4-644ba2ab9fdf,hike,close,11,2,1,4,0.3333333333333333,0.3240307,0.3006642
1b7a7cfe-c845-5163-99f4-644ba2ab9fdf,hike,close,11,2,2,2,0.1666666666666666,0.19134435,0.20856297
1b7a7cfe-c845-5163-99f4-644ba2ab9fdf,hike,close,11,2,3,1,0.0833333333333333,0.13785222,0.17542079
1b7a7cfe-c845-5163-99f4-644ba2ab9fdf,driving,extremely_close,8,3,0,2,0.1111111111111111,0.33066627,0.27924845
1b7a7cfe-c845-5163-99f4-644ba2ab9fdf,driving,extremely_close,8,3,1,6,0.3333333333333333,0.31550372,0.30885038
1b7a7cfe-c845-5163-99f4-644ba2ab9fdf,driving,extremely_close,8,3,2,5,0.2777777777777778,0.212756,0.22954276
1b7a7cfe-c845-5163-99f4-644ba2ab9fdf,driving,extremely_close,8,3,3,5,0.2777777777777778,0.14107409,0.18235837
1b7a7cfe-c845-5163-99f4-644ba2ab9fdf,basketball,close,0,2,0,3,0.2727272727272727,0.32619047,0.3229036
1b7a7cfe-c845-5163-99f4-644ba2ab9fdf,basketball,close,0,2,1,5,0.4545454545454545,0.31149498,0.29293644
1b7a7cfe-c845-5163-99f4-644ba2ab9fdf,basketball,close,0,2,2,2,0.1818181818181818,0.21755591,0.20826088
1b7a7cfe-c845-5163-99f4-644ba2ab9fdf,basketball,close,0,2,3,1,0.0909090909090909,0.14475863,0.175899
1b7a7cfe-c845-5163-99f4-644ba2ab9fdf,birthday,extremely_close,1,3,0,5,0.25,0.33094808,0.29339695
1b7a7cfe-c845-5163-99f4-644ba2ab9fdf,birthday,extremely_close,1,3,1,5,0.25,0.31393355,0.28846595
1b7a7cfe-c845-5163-99f4-644ba2ab9fdf,birthday,extremely_close,1,3,2,5,0.25,0.21405,0.24154752
1b7a7cfe-c845-5163-99f4-644ba2ab9fdf,birthday,extremely_close,1,3,3,5,0.25,0.14106838,0.1765896
1b7a7cfe-c845-5163-99f4-644ba2ab9fdf,dip,somewhat_close,6,1,0,5,0.4166666666666667,0.34664327,0.34845993
1b7a7cfe-c845-5163-99f4-644ba2ab9fdf,dip,somewhat_close,6,1,1,4,0.3333333333333333,0.27114132,0.27802554
1b7a7cfe-c845-5163-99f4-644ba2ab9fdf,dip,somewhat_close,6,1,2,2,0.1666666666666666,0.2222055,0.23313951
1b7a7cfe-c845-5163-99f4-644ba2ab9fdf,dip,somewhat_close,6,1,3,1,0.0833333333333333,0.16000988,0.14037508
1b7a7cfe-c845-5163-99f4-644ba2ab9fdf,crabs,somewhat_close,5,1,0,4,0.3333333333333333,0.34133512,0.3514227
1b7a7cfe-c845-5163-99f4-644ba2ab9fdf,crabs,somewhat_close,5,1,1,5,0.4166666666666667,0.3221551,0.35142806
1b7a7cfe-c845-5163-99f4-644ba2ab9fdf,crabs,somewhat_close,5,1,2,2,0.1666666666666666,0.18072298,0.148849
1b7a7cfe-c845-5163-99f4-644ba2ab9fdf,crabs,somewhat_close,5,1,3,1,0.0833333333333333,0.15578677,0.14830023
1b7a7cfe-c845-5163-99f4-644ba2ab9fdf,fair,somewhat_close,9,1,0,3,0.2307692307692307,0.3399395,0.29991916
1b7a7cfe-c845-5163-99f4-644ba2ab9fdf,fair,somewhat_close,9,1,1,5,0.3846153846153846,0.32053334,0.31271672
1b7a7cfe-c845-5163-99f4-644ba2ab9fdf,fair,somewhat_close,9,1,2,3,0.2307692307692307,0.20100063,0.22270054
1b7a7cfe-c845-5163-99f4-644ba2ab9fdf,fair,somewhat_close,9,1,3,2,0.1538461538461538,0.1385266,0.16466357
1b7a7cfe-c845-5163-99f4-644ba2ab9fdf,brunch,extremely_close,2,3,0,5,0.2777777777777778,0.31266126,0.26310802
1b7a7cfe-c845-5163-99f4-644ba2ab9fdf,brunch,extremely_close,2,3,1,5,0.2777777777777778,0.29284903,0.27545908
1b7a7cfe-c845-5163-99f4-644ba2ab9fdf,brunch,extremely_close,2,3,2,4,0.2222222222222222,0.22538273,0.24720623
1b7a7cfe-c845-5163-99f4-644ba2ab9fdf,brunch,extremely_close,2,3,3,4,0.2222222222222222,0.1691069,0.21422674
ab7ab8aa-2925-5871-842e-d02cc2ca8f94,brunch,not_close,2,0,0,2,0.1538461538461538,0.31266126,0.34032917
ab7ab8aa-2925-5871-842e-d02cc2ca8f94,brunch,not_close,2,0,1,6,0.4615384615384615,0.29284903,0.29515493
ab7ab8aa-2925-5871-842e-d02cc2ca8f94,brunch,not_close,2,0,2,3,0.2307692307692307,0.22538273,0.22530942
ab7ab8aa-2925-5871-842e-d02cc2ca8f94,brunch,not_close,2,0,3,2,0.1538461538461538,0.1691069,0.13920642
ab7ab8aa-2925-5871-842e-d02cc2ca8f94,oysters,extremely_close,12,3,0,2,0.1428571428571428,0.35450813,0.33928892
ab7ab8aa-2925-5871-842e-d02cc2ca8f94,oysters,extremely_close,12,3,1,6,0.4285714285714285,0.30145344,0.29421192
ab7ab8aa-2925-5871-842e-d02cc2ca8f94,oysters,extremely_close,12,3,2,3,0.2142857142857142,0.19799377,0.2082637
ab7ab8aa-2925-5871-842e-d02cc2ca8f94,oysters,extremely_close,12,3,3,3,0.2142857142857142,0.14604472,0.15823552
ab7ab8aa-2925-5871-842e-d02cc2ca8f94,wedding,not_close,15,0,0,7,0.5833333333333334,0.31908587,0.34685898
ab7ab8aa-2925-5871-842e-d02cc2ca8f94,wedding,not_close,15,0,1,1,0.0833333333333333,0.29837966,0.30831352
ab7ab8aa-2925-5871-842e-d02cc2ca8f94,wedding,not_close,15,0,2,1,0.0833333333333333,0.23396881,0.22699372
ab7ab8aa-2925-5871-842e-d02cc2ca8f94,wedding,not_close,15,0,3,3,0.25,0.14856559,0.11783374
ab7ab8aa-2925-5871-842e-d02cc2ca8f94,hike,not_close,11,0,0,7,0.5833333333333334,0.3467728,0.3642791
ab7ab8aa-2925-5871-842e-d02cc2ca8f94,hike,not_close,11,0,1,1,0.0833333333333333,0.3240307,0.31677198
ab7ab8aa-2925-5871-842e-d02cc2ca8f94,hike,not_close,11,0,2,3,0.25,0.19134435,0.1780148
ab7ab8aa-2925-5871-842e-d02cc2ca8f94,hike,not_close,11,0,3,1,0.0833333333333333,0.13785222,0.1409341
ab7ab8aa-2925-5871-842e-d02cc2ca8f94,basketball,close,0,2,0,3,0.2,0.32619047,0.3229036
ab7ab8aa-2925-5871-842e-d02cc2ca8f94,basketball,close,0,2,1,6,0.4,0.31149498,0.29293644
ab7ab8aa-2925-5871-842e-d02cc2ca8f94,basketball,close,0,2,2,5,0.3333333333333333,0.21755591,0.20826088
ab7ab8aa-2925-5871-842e-d02cc2ca8f94,basketball,close,0,2,3,1,0.0666666666666666,0.14475863,0.175899
ab7ab8aa-2925-5871-842e-d02cc2ca8f94,drinks,somewhat_close,7,1,0,6,0.375,0.34319648,0.34077784
ab7ab8aa-2925-5871-842e-d02cc2ca8f94,drinks,somewhat_close,7,1,1,5,0.3125,0.26716295,0.2960432
ab7ab8aa-2925-5871-842e-d02cc2ca8f94,drinks,somewhat_close,7,1,2,1,0.0625,0.22266258,0.20890208
ab7ab8aa-2925-5871-842e-d02cc2ca8f94,drinks,somewhat_close,7,1,3,4,0.25,0.16697805,0.15427689
ab7ab8aa-2925-5871-842e-d02cc2ca8f94,fair,close,9,2,0,5,0.3571428571428571,0.3399395,0.3417284
ab7ab8aa-2925-5871-842e-d02cc2ca8f94,fair,close,9,2,1,1,0.0714285714285714,0.32053334,0.32354605
ab7ab8aa-2925-5871-842e-d02cc2ca8f94,fair,close,9,2,2,5,0.3571428571428571,0.20100063,0.19540344
ab7ab8aa-2925-5871-842e-d02cc2ca8f94,fair,close,9,2,3,3,0.2142857142857142,0.1385266,0.13932213
ab7ab8aa-2925-5871-842e-d02cc2ca8f94,soup,somewhat_close,14,1,0,7,0.7,0.3512944,0.33787718
ab7ab8aa-2925-5871-842e-d02cc2ca8f94,soup,somewhat_close,14,1,1,1,0.1,0.31583798,0.30691224
ab7ab8aa-2925-5871-842e-d02cc2ca8f94,soup,somewhat_close,14,1,2,1,0.1,0.18198796,0.19641732
ab7ab8aa-2925-5871-842e-d02cc2ca8f94,soup,somewhat_close,14,1,3,1,0.1,0.15087959,0.15879321
ab7ab8aa-2925-5871-842e-d02cc2ca8f94,social,extremely_close,13,3,0,6,0.3529411764705882,0.40185055,0.34408742
ab7ab8aa-2925-5871-842e-d02cc2ca8f94,social,extremely_close,13,3,1,7,0.4117647058823529,0.2581625,0.258135
ab7ab8aa-2925-5871-842e-d02cc2ca8f94,social,extremely_close,13,3,2,3,0.1764705882352941,0.1958849,0.2316001
ab7ab8aa-2925-5871-842e-d02cc2ca8f94,social,extremely_close,13,3,3,1,0.0588235294117647,0.14410202,0.16617753
ab7ab8aa-2925-5871-842e-d02cc2ca8f94,gala,not_close,10,0,0,1,0.0666666666666666,0.37736025,0.37343702
ab7ab8aa-2925-5871-842e-d02cc2ca8f94,gala,not_close,10,0,1,6,0.4,0.24683172,0.2587873
ab7ab8aa-2925-5871-842e-d02cc2ca8f94,gala,not_close,10,0,2,6,0.4,0.21063499,0.21295612
ab7ab8aa-2925-5871-842e-d02cc2ca8f94,gala,not_close,10,0,3,2,0.1333333333333333,0.165173,0.15481953
ab7ab8aa-2925-5871-842e-d02cc2ca8f94,dip,close,6,2,0,7,0.3181818181818182,0.34664327,0.33677724
ab7ab8aa-2925-5871-842e-d02cc2ca8f94,dip,close,6,2,1,7,0.3181818181818182,0.27114132,0.28138566
ab7ab8aa-2925-5871-842e-d02cc2ca8f94,dip,close,6,2,2,6,0.2727272727272727,0.2222055,0.22993708
ab7ab8aa-2925-5871-842e-d02cc2ca8f94,dip,close,6,2,3,2,0.0909090909090909,0.16000988,0.15190005
ab7ab8aa-2925-5871-842e-d02cc2ca8f94,crabs,somewhat_close,5,1,0,1,0.0625,0.34133512,0.3514227
ab7ab8aa-2925-5871-842e-d02cc2ca8f94,crabs,somewhat_close,5,1,1,7,0.4375,0.3221551,0.35142806
ab7ab8aa-2925-5871-842e-d02cc2ca8f94,crabs,somewhat_close,5,1,2,3,0.1875,0.18072298,0.148849
ab7ab8aa-2925-5871-842e-d02cc2ca8f94,crabs,somewhat_close,5,1,3,5,0.3125,0.15578677,0.14830023
ab7ab8aa-2925-5871-842e-d02cc2ca8f94,driving,close,8,2,0,2,0.125,0.33066627,0.30398852
ab7ab8aa-2925-5871-842e-d02cc2ca8f94,driving,close,8,2,1,6,0.375,0.31550372,0.31212825
ab7ab8aa-2925-5871-842e-d02cc2ca8f94,driving,close,8,2,2,2,0.125,0.212756,0.21644199
ab7ab8aa-2925-5871-842e-d02cc2ca8f94,driving,close,8,2,3,6,0.375,0.14107409,0.1674413
ab7ab8aa-2925-5871-842e-d02cc2ca8f94,cooking,extremely_close,4,3,0,1,0.0526315789473684,0.3350411,0.26790115
ab7ab8aa-2925-5871-842e-d02cc2ca8f94,cooking,extremely_close,4,3,1,7,0.3684210526315789,0.301432,0.30072036
ab7ab8aa-2925-5871-842e-d02cc2ca8f94,cooking,extremely_close,4,3,2,6,0.3157894736842105,0.2060558,0.23298924
ab7ab8aa-2925-5871-842e-d02cc2ca8f94,cooking,extremely_close,4,3,3,5,0.2631578947368421,0.15747108,0.19838926
ab7ab8aa-2925-5871-842e-d02cc2ca8f94,birthday,extremely_close,1,3,0,7,0.7,0.33094808,0.29339695
ab7ab8aa-2925-5871-842e-d02cc2ca8f94,birthday,extremely_close,1,3,1,1,0.1,0.31393355,0.28846595
ab7ab8aa-2925-5871-842e-d02cc2ca8f94,birthday,extremely_close,1,3,2,1,0.1,0.21405,0.24154752
ab7ab8aa-2925-5871-842e-d02cc2ca8f94,birthday,extremely_close,1,3,3,1,0.1,0.14106838,0.1765896
ab7ab8aa-2925-5871-842e-d02cc2ca8f94,conference,somewhat_close,3,1,0,5,0.2941176470588235,0.3467783,0.330331
ab7ab8aa-2925-5871-842e-d02cc2ca8f94,conference,somewhat_close,3,1,1,6,0.3529411764705882,0.32602173,0.33012256
ab7ab8aa-2925-5871-842e-d02cc2ca8f94,conference,somewhat_close,3,1,2,5,0.2941176470588235,0.1874909,0.2040172
ab7ab8aa-2925-5871-842e-d02cc2ca8f94,conference,somewhat_close,3,1,3,1,0.0588235294117647,0.13970904,0.13552926
82d6b714-0379-5d87-b08c-9bac22bfbfe7,dip,close,6,2,0,3,0.375,0.34664327,0.33677724
82d6b714-0379-5d87-b08c-9bac22bfbfe7,dip,close,6,2,1,2,0.25,0.27114132,0.28138566
82d6b714-0379-5d87-b08c-9bac22bfbfe7,dip,close,6,2,2,1,0.125,0.2222055,0.22993708
82d6b714-0379-5d87-b08c-9bac22bfbfe7,dip,close,6,2,3,2,0.25,0.16000988,0.15190005
82d6b714-0379-5d87-b08c-9bac22bfbfe7,wedding,close,15,2,0,5,0.3125,0.31908587,0.30511737
82d6b714-0379-5d87-b08c-9bac22bfbfe7,wedding,close,15,2,1,6,0.375,0.29837966,0.2728047
82d6b714-0379-5d87-b08c-9bac22bfbfe7,wedding,close,15,2,2,3,0.1875,0.23396881,0.2473037
82d6b714-0379-5d87-b08c-9bac22bfbfe7,wedding,close,15,2,3,2,0.125,0.14856559,0.17477417
82d6b714-0379-5d87-b08c-9bac22bfbfe7,social,extremely_close,13,3,0,5,0.2631578947368421,0.40185055,0.34408742
82d6b714-0379-5d87-b08c-9bac22bfbfe7,social,extremely_close,13,3,1,6,0.3157894736842105,0.2581625,0.258135
82d6b714-0379-5d87-b08c-9bac22bfbfe7,social,extremely_close,13,3,2,5,0.2631578947368421,0.1958849,0.2316001
82d6b714-0379-5d87-b08c-9bac22bfbfe7,social,extremely_close,13,3,3,3,0.1578947368421052,0.14410202,0.16617753
82d6b714-0379-5d87-b08c-9bac22bfbfe7,driving,somewhat_close,8,1,0,5,0.3333333333333333,0.33066627,0.3126709
82d6b714-0379-5d87-b08c-9bac22bfbfe7,driving,somewhat_close,8,1,1,6,0.4,0.31550372,0.329562
82d6b714-0379-5d87-b08c-9bac22bfbfe7,driving,somewhat_close,8,1,2,3,0.2,0.212756,0.21199694
82d6b714-0379-5d87-b08c-9bac22bfbfe7,driving,somewhat_close,8,1,3,1,0.0666666666666666,0.14107409,0.14577018
82d6b714-0379-5d87-b08c-9bac22bfbfe7,crabs,extremely_close,5,3,0,3,0.1764705882352941,0.34133512,0.32297945
82d6b714-0379-5d87-b08c-9bac22bfbfe7,crabs,extremely_close,5,3,1,6,0.3529411764705882,0.3221551,0.30443525
82d6b714-0379-5d87-b08c-9bac22bfbfe7,crabs,extremely_close,5,3,2,5,0.2941176470588235,0.18072298,0.18565442
82d6b714-0379-5d87-b08c-9bac22bfbfe7,crabs,extremely_close,5,3,3,3,0.1764705882352941,0.15578677,0.18693084
82d6b714-0379-5d87-b08c-9bac22bfbfe7,fair,somewhat_close,9,1,0,5,0.3125,0.3399395,0.29991916
82d6b714-0379-5d87-b08c-9bac22bfbfe7,fair,somewhat_close,9,1,1,6,0.375,0.32053334,0.31271672
82d6b714-0379-5d87-b08c-9bac22bfbfe7,fair,somewhat_close,9,1,2,3,0.1875,0.20100063,0.22270054
82d6b714-0379-5d87-b08c-9bac22bfbfe7,fair,somewhat_close,9,1,3,2,0.125,0.1385266,0.16466357
82d6b714-0379-5d87-b08c-9bac22bfbfe7,birthday,not_close,1,0,0,6,0.4,0.33094808,0.35584754
82d6b714-0379-5d87-b08c-9bac22bfbfe7,birthday,not_close,1,0,1,5,0.3333333333333333,0.31393355,0.31760582
82d6b714-0379-5d87-b08c-9bac22bfbfe7,birthday,not_close,1,0,2,3,0.2,0.21405,0.1876142
82d6b714-0379-5d87-b08c-9bac22bfbfe7,birthday,not_close,1,0,3,1,0.0666666666666666,0.14106838,0.13893244
82d6b714-0379-5d87-b08c-9bac22bfbfe7,hike,not_close,11,0,0,6,0.4,0.3467728,0.3642791
82d6b714-0379-5d87-b08c-9bac22bfbfe7,hike,not_close,11,0,1,5,0.3333333333333333,0.3240307,0.31677198
82d6b714-0379-5d87-b08c-9bac22bfbfe7,hike,not_close,11,0,2,3,0.2,0.19134435,0.1780148
82d6b714-0379-5d87-b08c-9bac22bfbfe7,hike,not_close,11,0,3,1,0.0666666666666666,0.13785222,0.1409341
82d6b714-0379-5d87-b08c-9bac22bfbfe7,conference,extremely_close,3,3,0,3,0.2,0.3467783,0.3099088
82d6b714-0379-5d87-b08c-9bac22bfbfe7,conference,extremely_close,3,3,1,6,0.4,0.32602173,0.2874739
82d6b714-0379-5d87-b08c-9bac22bfbfe7,conference,extremely_close,3,3,2,5,0.3333333333333333,0.1874909,0.2322446
82d6b714-0379-5d87-b08c-9bac22bfbfe7,conference,extremely_close,3,3,3,1,0.0666666666666666,0.13970904,0.17037268
82d6b714-0379-5d87-b08c-9bac22bfbfe7,drinks,not_close,7,0,0,6,0.4,0.34319648,0.2994285
82d6b714-0379-5d87-b08c-9bac22bfbfe7,drinks,not_close,7,0,1,5,0.3333333333333333,0.26716295,0.298935
82d6b714-0379-5d87-b08c-9bac22bfbfe7,drinks,not_close,7,0,2,3,0.2,0.22266258,0.2280769
82d6b714-0379-5d87-b08c-9bac22bfbfe7,drinks,not_close,7,0,3,1,0.0666666666666666,0.16697805,0.1735596
82d6b714-0379-5d87-b08c-9bac22bfbfe7,soup,somewhat_close,14,1,0,7,0.3888888888888889,0.3512944,0.33787718
82d6b714-0379-5d87-b08c-9bac22bfbfe7,soup,somewhat_close,14,1,1,6,0.3333333333333333,0.31583798,0.30691224
82d6b714-0379-5d87-b08c-9bac22bfbfe7,soup,somewhat_close,14,1,2,3,0.1666666666666666,0.18198796,0.19641732
82d6b714-0379-5d87-b08c-9bac22bfbfe7,soup,somewhat_close,14,1,3,2,0.1111111111111111,0.15087959,0.15879321
82d6b714-0379-5d87-b08c-9bac22bfbfe7,basketball,close,0,2,0,3,0.1875,0.32619047,0.3229036
82d6b714-0379-5d87-b08c-9bac22bfbfe7,basketball,close,0,2,1,6,0.375,0.31149498,0.29293644
82d6b714-0379-5d87-b08c-9bac22bfbfe7,basketball,close,0,2,2,5,0.3125,0.21755591,0.20826088
82d6b714-0379-5d87-b08c-9bac22bfbfe7,basketball,close,0,2,3,2,0.125,0.14475863,0.175899
82d6b714-0379-5d87-b08c-9bac22bfbfe7,cooking,somewhat_close,4,1,0,2,0.1333333333333333,0.3350411,0.302899
82d6b714-0379-5d87-b08c-9bac22bfbfe7,cooking,somewhat_close,4,1,1,6,0.4,0.301432,0.3137101
82d6b714-0379-5d87-b08c-9bac22bfbfe7,cooking,somewhat_close,4,1,2,5,0.3333333333333333,0.2060558,0.21770318
82d6b714-0379-5d87-b08c-9bac22bfbfe7,cooking,somewhat_close,4,1,3,2,0.1333333333333333,0.15747108,0.16568774
82d6b714-0379-5d87-b08c-9bac22bfbfe7,brunch,not_close,2,0,0,6,0.375,0.31266126,0.34032917
82d6b714-0379-5d87-b08c-9bac22bfbfe7,brunch,not_close,2,0,1,5,0.3125,0.29284903,0.29515493
82d6b714-0379-5d87-b08c-9bac22bfbfe7,brunch,not_close,2,0,2,3,0.1875,0.22538273,0.22530942
82d6b714-0379-5d87-b08c-9bac22bfbfe7,brunch,not_close,2,0,3,2,0.125,0.1691069,0.13920642
82d6b714-0379-5d87-b08c-9bac22bfbfe7,oysters,close,12,2,0,4,0.25,0.35450813,0.32386693
82d6b714-0379-5d87-b08c-9bac22bfbfe7,oysters,close,12,2,1,5,0.3125,0.30145344,0.29327434
82d6b714-0379-5d87-b08c-9bac22bfbfe7,oysters,close,12,2,2,5,0.3125,0.19799377,0.21184032
82d6b714-0379-5d87-b08c-9bac22bfbfe7,oysters,close,12,2,3,2,0.125,0.14604472,0.17101833
82d6b714-0379-5d87-b08c-9bac22bfbfe7,gala,extremely_close,10,3,0,3,0.1578947368421052,0.37736025,0.27933165
82d6b714-0379-5d87-b08c-9bac22bfbfe7,gala,extremely_close,10,3,1,6,0.3157894736842105,0.24683172,0.27254456
82d6b714-0379-5d87-b08c-9bac22bfbfe7,gala,extremely_close,10,3,2,5,0.2631578947368421,0.21063499,0.25221765
82d6b714-0379-5d87-b08c-9bac22bfbfe7,gala,extremely_close,10,3,3,5,0.2631578947368421,0.165173,0.19590618
32c001a6-b436-5c06-9a71-e2e2a94ca257,dip,extremely_close,6,3,0,6,0.2727272727272727,0.34664327,0.3213163
32c001a6-b436-5c06-9a71-e2e2a94ca257,dip,extremely_close,6,3,1,6,0.2727272727272727,0.27114132,0.2708203
32c001a6-b436-5c06-9a71-e2e2a94ca257,dip,extremely_close,6,3,2,5,0.2272727272727272,0.2222055,0.2373023
32c001a6-b436-5c06-9a71-e2e2a94ca257,dip,extremely_close,6,3,3,5,0.2272727272727272,0.16000988,0.17056109
32c001a6-b436-5c06-9a71-e2e2a94ca257,fair,extremely_close,9,3,0,5,0.238095238095238,0.3399395,0.32443607
32c001a6-b436-5c06-9a71-e2e2a94ca257,fair,extremely_close,9,3,1,6,0.2857142857142857,0.32053334,0.2984974
32c001a6-b436-5c06-9a71-e2e2a94ca257,fair,extremely_close,9,3,2,5,0.238095238095238,0.20100063,0.20797278
32c001a6-b436-5c06-9a71-e2e2a94ca257,fair,extremely_close,9,3,3,5,0.238095238095238,0.1385266,0.16909374
32c001a6-b436-5c06-9a71-e2e2a94ca257,social,somewhat_close,13,1,0,5,0.3333333333333333,0.40185055,0.3780521
32c001a6-b436-5c06-9a71-e2e2a94ca257,social,somewhat_close,13,1,1,5,0.3333333333333333,0.2581625,0.25415382
32c001a6-b436-5c06-9a71-e2e2a94ca257,social,somewhat_close,13,1,2,3,0.2,0.1958849,0.20883785
32c001a6-b436-5c06-9a71-e2e2a94ca257,social,somewhat_close,13,1,3,2,0.1333333333333333,0.14410202,0.15895618
32c001a6-b436-5c06-9a71-e2e2a94ca257,wedding,close,15,2,0,6,0.4,0.31908587,0.30511737
32c001a6-b436-5c06-9a71-e2e2a94ca257,wedding,close,15,2,1,2,0.1333333333333333,0.29837966,0.2728047
32c001a6-b436-5c06-9a71-e2e2a94ca257,wedding,close,15,2,2,2,0.1333333333333333,0.23396881,0.2473037
32c001a6-b436-5c06-9a71-e2e2a94ca257,wedding,close,15,2,3,5,0.3333333333333333,0.14856559,0.17477417
32c001a6-b436-5c06-9a71-e2e2a94ca257,cooking,not_close,4,0,0,2,0.1333333333333333,0.3350411,0.30513674
32c001a6-b436-5c06-9a71-e2e2a94ca257,cooking,not_close,4,0,1,6,0.4,0.301432,0.3403478
32c001a6-b436-5c06-9a71-e2e2a94ca257,cooking,not_close,4,0,2,5,0.3333333333333333,0.2060558,0.19110213
32c001a6-b436-5c06-9a71-e2e2a94ca257,cooking,not_close,4,0,3,2,0.1333333333333333,0.15747108,0.1634134
32c001a6-b436-5c06-9a71-e2e2a94ca257,soup,extremely_close,14,3,0,6,0.3333333333333333,0.3512944,0.31738377
32c001a6-b436-5c06-9a71-e2e2a94ca257,soup,extremely_close,14,3,1,5,0.2777777777777778,0.31583798,0.29048625
32c001a6-b436-5c06-9a71-e2e2a94ca257,soup,extremely_close,14,3,2,4,0.2222222222222222,0.18198796,0.21168596
32c001a6-b436-5c06-9a71-e2e2a94ca257,soup,extremely_close,14,3,3,3,0.1666666666666666,0.15087959,0.18044408
32c001a6-b436-5c06-9a71-e2e2a94ca257,oysters,not_close,12,0,0,5,0.25,0.35450813,0.35589477
32c001a6-b436-5c06-9a71-e2e2a94ca257,oysters,not_close,12,0,1,6,0.3,0.30145344,0.31109774
32c001a6-b436-5c06-9a71-e2e2a94ca257,oysters,not_close,12,0,2,5,0.25,0.19799377,0.19477606
32c001a6-b436-5c06-9a71-e2e2a94ca257,oysters,not_close,12,0,3,4,0.2,0.14604472,0.13823144
32c001a6-b436-5c06-9a71-e2e2a94ca257,hike,somewhat_close,11,1,0,5,0.238095238095238,0.3467728,0.33041134
32c001a6-b436-5c06-9a71-e2e2a94ca257,hike,somewhat_close,11,1,1,6,0.2857142857142857,0.3240307,0.31247446
32c001a6-b436-5c06-9a71-e2e2a94ca257,hike,somewhat_close,11,1,2,5,0.238095238095238,0.19134435,0.20020384
32c001a6-b436-5c06-9a71-e2e2a94ca257,hike,somewhat_close,11,1,3,5,0.238095238095238,0.13785222,0.15691037
32c001a6-b436-5c06-9a71-e2e2a94ca257,driving,extremely_close,8,3,0,3,0.1764705882352941,0.33066627,0.27924845
32c001a6-b436-5c06-9a71-e2e2a94ca257,driving,extremely_close,8,3,1,5,0.2941176470588235,0.31550372,0.30885038
32c001a6-b436-5c06-9a71-e2e2a94ca257,driving,extremely_close,8,3,2,4,0.2352941176470588,0.212756,0.22954276
32c001a6-b436-5c06-9a71-e2e2a94ca257,driving,extremely_close,8,3,3,5,0.2941176470588235,0.14107409,0.18235837
32c001a6-b436-5c06-9a71-e2e2a94ca257,crabs,close,5,2,0,6,0.3,0.34133512,0.3152678
32c001a6-b436-5c06-9a71-e2e2a94ca257,crabs,close,5,2,1,4,0.2,0.3221551,0.32385492
32c001a6-b436-5c06-9a71-e2e2a94ca257,crabs,close,5,2,2,5,0.25,0.18072298,0.19468644
32c001a6-b436-5c06-9a71-e2e2a94ca257,crabs,close,5,2,3,5,0.25,0.15578677,0.16619082
32c001a6-b436-5c06-9a71-e2e2a94ca257,birthday,not_close,1,0,0,5,0.238095238095238,0.33094808,0.35584754
32c001a6-b436-5c06-9a71-e2e2a94ca257,birthday,not_close,1,0,1,5,0.238095238095238,0.31393355,0.31760582
32c001a6-b436-5c06-9a71-e2e2a94ca257,birthday,not_close,1,0,2,6,0.2857142857142857,0.21405,0.1876142
32c001a6-b436-5c06-9a71-e2e2a94ca257,birthday,not_close,1,0,3,5,0.238095238095238,0.14106838,0.13893244
32c001a6-b436-5c06-9a71-e2e2a94ca257,conference,close,3,2,0,5,0.238095238095238,0.3467783,0.3194244
32c001a6-b436-5c06-9a71-e2e2a94ca257,conference,close,3,2,1,6,0.2857142857142857,0.32602173,0.30460128
32c001a6-b436-5c06-9a71-e2e2a94ca257,conference,close,3,2,2,5,0.238095238095238,0.1874909,0.22443041
32c001a6-b436-5c06-9a71-e2e2a94ca257,conference,close,3,2,3,5,0.238095238095238,0.13970904,0.15154389
32c001a6-b436-5c06-9a71-e2e2a94ca257,basketball,not_close,0,0,0,5,0.238095238095238,0.32619047,0.3810742
32c001a6-b436-5c06-9a71-e2e2a94ca257,basketball,not_close,0,0,1,6,0.2857142857142857,0.31149498,0.33203775
32c001a6-b436-5c06-9a71-e2e2a94ca257,basketball,not_close,0,0,2,5,0.238095238095238,0.21755591,0.16480143
32c001a6-b436-5c06-9a71-e2e2a94ca257,basketball,not_close,0,0,3,5,0.238095238095238,0.14475863,0.12208664
32c001a6-b436-5c06-9a71-e2e2a94ca257,brunch,somewhat_close,2,1,0,6,0.3333333333333333,0.31266126,0.3116763
32c001a6-b436-5c06-9a71-e2e2a94ca257,brunch,somewhat_close,2,1,1,4,0.2222222222222222,0.29284903,0.27925918
32c001a6-b436-5c06-9a71-e2e2a94ca257,brunch,somewhat_close,2,1,2,3,0.1666666666666666,0.22538273,0.23974313
32c001a6-b436-5c06-9a71-e2e2a94ca257,brunch,somewhat_close,2,1,3,5,0.2777777777777778,0.1691069,0.16932139
32c001a6-b436-5c06-9a71-e2e2a94ca257,drinks,close,7,2,0,5,0.3125,0.34319648,0.2973132
32c001a6-b436-5c06-9a71-e2e2a94ca257,drinks,close,7,2,1,3,0.1875,0.26716295,0.27554834
32c001a6-b436-5c06-9a71-e2e2a94ca257,drinks,close,7,2,2,3,0.1875,0.22266258,0.23582152
32c001a6-b436-5c06-9a71-e2e2a94ca257,drinks,close,7,2,3,5,0.3125,0.16697805,0.1913169
32c001a6-b436-5c06-9a71-e2e2a94ca257,gala,somewhat_close,10,1,0,3,0.1666666666666666,0.37736025,0.32411346
32c001a6-b436-5c06-9a71-e2e2a94ca257,gala,somewhat_close,10,1,1,5,0.2777777777777778,0.24683172,0.25308076
32c001a6-b436-5c06-9a71-e2e2a94ca257,gala,somewhat_close,10,1,2,6,0.3333333333333333,0.21063499,0.23114428
32c001a6-b436-5c06-9a71-e2e2a94ca257,gala,somewhat_close,10,1,3,4,0.2222222222222222,0.165173,0.1916615
5cbcfc70-6578-5f86-81f8-8df7b6a09dec,birthday,extremely_close,1,3,0,3,0.2142857142857142,0.33094808,0.29339695
5cbcfc70-6578-5f86-81f8-8df7b6a09dec,birthday,extremely_close,1,3,1,6,0.4285714285714285,0.31393355,0.28846595
5cbcfc70-6578-5f86-81f8-8df7b6a09dec,birthday,extremely_close,1,3,2,4,0.2857142857142857,0.21405,0.24154752
5cbcfc70-6578-5f86-81f8-8df7b6a09dec,birthday,extremely_close,1,3,3,1,0.0714285714285714,0.14106838,0.1765896
5cbcfc70-6578-5f86-81f8-8df7b6a09dec,soup,extremely_close,14,3,0,5,0.3571428571428571,0.3512944,0.31738377
5cbcfc70-6578-5f86-81f8-8df7b6a09dec,soup,extremely_close,14,3,1,6,0.4285714285714285,0.31583798,0.29048625
5cbcfc70-6578-5f86-81f8-8df7b6a09dec,soup,extremely_close,14,3,2,2,0.1428571428571428,0.18198796,0.21168596
5cbcfc70-6578-5f86-81f8-8df7b6a09dec,soup,extremely_close,14,3,3,1,0.0714285714285714,0.15087959,0.18044408
5cbcfc70-6578-5f86-81f8-8df7b6a09dec,social,not_close,13,0,0,3,0.5,0.40185055,0.42380705
5cbcfc70-6578-5f86-81f8-8df7b6a09dec,social,not_close,13,0,1,1,0.1666666666666666,0.2581625,0.2471482
5cbcfc70-6578-5f86-81f8-8df7b6a09dec,social,not_close,13,0,2,1,0.1666666666666666,0.1958849,0.1846005
5cbcfc70-6578-5f86-81f8-8df7b6a09dec,social,not_close,13,0,3,1,0.1666666666666666,0.14410202,0.14444424
5cbcfc70-6578-5f86-81f8-8df7b6a09dec,conference,not_close,3,0,0,6,0.5,0.3467783,0.33014685
5cbcfc70-6578-5f86-81f8-8df7b6a09dec,conference,not_close,3,0,1,3,0.25,0.32602173,0.3841856
5cbcfc70-6578-5f86-81f8-8df7b6a09dec,conference,not_close,3,0,2,2,0.1666666666666666,0.1874909,0.16168493
5cbcfc70-6578-5f86-81f8-8df7b6a09dec,conference,not_close,3,0,3,1,0.0833333333333333,0.13970904,0.123982586
5cbcfc70-6578-5f86-81f8-8df7b6a09dec,hike,extremely_close,11,3,0,5,0.3846153846153846,0.3467728,0.33196965
5cbcfc70-6578-5f86-81f8-8df7b6a09dec,hike,extremely_close,11,3,1,5,0.3846153846153846,0.3240307,0.28882948
5cbcfc70-6578-5f86-81f8-8df7b6a09dec,hike,extremely_close,11,3,2,2,0.1538461538461538,0.19134435,0.21154393
5cbcfc70-6578-5f86-81f8-8df7b6a09dec,hike,extremely_close,11,3,3,1,0.0769230769230769,0.13785222,0.167657
5cbcfc70-6578-5f86-81f8-8df7b6a09dec,fair,close,9,2,0,4,0.3076923076923077,0.3399395,0.3417284
5cbcfc70-6578-5f86-81f8-8df7b6a09dec,fair,close,9,2,1,6,0.4615384615384615,0.32053334,0.32354605
5cbcfc70-6578-5f86-81f8-8df7b6a09dec,fair,close,9,2,2,2,0.1538461538461538,0.20100063,0.19540344
5cbcfc70-6578-5f86-81f8-8df7b6a09dec,fair,close,9,2,3,1,0.0769230769230769,0.1385266,0.13932213
5cbcfc70-6578-5f86-81f8-8df7b6a09dec,brunch,somewhat_close,2,1,0,5,0.3125,0.31266126,0.3116763
5cbcfc70-6578-5f86-81f8-8df7b6a09dec,brunch,somewhat_close,2,1,1,6,0.375,0.29284903,0.27925918
5cbcfc70-6578-5f86-81f8-8df7b6a09dec,brunch,somewhat_close,2,1,2,3,0.1875,0.22538273,0.23974313
5cbcfc70-6578-5f86-81f8-8df7b6a09dec,brunch,somewhat_close,2,1,3,2,0.125,0.1691069,0.16932139
5cbcfc70-6578-5f86-81f8-8df7b6a09dec,oysters,extremely_close,12,3,0,3,0.2142857142857142,0.35450813,0.33928892
5cbcfc70-6578-5f86-81f8-8df7b6a09dec,oysters,extremely_close,12,3,1,6,0.4285714285714285,0.30145344,0.29421192
5cbcfc70-6578-5f86-81f8-8df7b6a09dec,oysters,extremely_close,12,3,2,3,0.2142857142857142,0.19799377,0.2082637
5cbcfc70-6578-5f86-81f8-8df7b6a09dec,oysters,extremely_close,12,3,3,2,0.1428571428571428,0.14604472,0.15823552
5cbcfc70-6578-5f86-81f8-8df7b6a09dec,basketball,close,0,2,0,3,0.2142857142857142,0.32619047,0.3229036
5cbcfc70-6578-5f86-81f8-8df7b6a09dec,basketball,close,0,2,1,6,0.4285714285714285,0.31149498,0.29293644
5cbcfc70-6578-5f86-81f8-8df7b6a09dec,basketball,close,0,2,2,3,0.2142857142857142,0.21755591,0.20826088
5cbcfc70-6578-5f86-81f8-8df7b6a09dec,basketball,close,0,2,3,2,0.1428571428571428,0.14475863,0.175899
5cbcfc70-6578-5f86-81f8-8df7b6a09dec,wedding,close,15,2,0,3,0.2142857142857142,0.31908587,0.30511737
5cbcfc70-6578-5f86-81f8-8df7b6a09dec,wedding,close,15,2,1,6,0.4285714285714285,0.29837966,0.2728047
5cbcfc70-6578-5f86-81f8-8df7b6a09dec,wedding,close,15,2,2,3,0.2142857142857142,0.23396881,0.2473037
5cbcfc70-6578-5f86-81f8-8df7b6a09dec,wedding,close,15,2,3,2,0.1428571428571428,0.14856559,0.17477417
5cbcfc70-6578-5f86-81f8-8df7b6a09dec,driving,close,8,2,0,5,0.3571428571428571,0.33066627,0.30398852
5cbcfc70-6578-5f86-81f8-8df7b6a09dec,driving,close,8,2,1,6,0.4285714285714285,0.31550372,0.31212825
5cbcfc70-6578-5f86-81f8-8df7b6a09dec,driving,close,8,2,2,2,0.1428571428571428,0.212756,0.21644199
5cbcfc70-6578-5f86-81f8-8df7b6a09dec,driving,close,8,2,3,1,0.0714285714285714,0.14107409,0.1674413
5cbcfc70-6578-5f86-81f8-8df7b6a09dec,drinks,somewhat_close,7,1,0,6,0.4615384615384615,0.34319648,0.34077784
5cbcfc70-6578-5f86-81f8-8df7b6a09dec,drinks,somewhat_close,7,1,1,4,0.3076923076923077,0.26716295,0.2960432
5cbcfc70-6578-5f86-81f8-8df7b6a09dec,drinks,somewhat_close,7,1,2,2,0.1538461538461538,0.22266258,0.20890208
5cbcfc70-6578-5f86-81f8-8df7b6a09dec,drinks,somewhat_close,7,1,3,1,0.0769230769230769,0.16697805,0.15427689
5cbcfc70-6578-5f86-81f8-8df7b6a09dec,gala,somewhat_close,10,1,0,3,0.1875,0.37736025,0.32411346
5cbcfc70-6578-5f86-81f8-8df7b6a09dec,gala,somewhat_close,10,1,1,5,0.3125,0.24683172,0.25308076
5cbcfc70-6578-5f86-81f8-8df7b6a09dec,gala,somewhat_close,10,1,2,6,0.375,0.21063499,0.23114428
5cbcfc70-6578-5f86-81f8-8df7b6a09dec,gala,somewhat_close,10,1,3,2,0.125,0.165173,0.1916615
5cbcfc70-6578-5f86-81f8-8df7b6a09dec,crabs,somewhat_close,5,1,0,3,0.3,0.34133512,0.3514227
5cbcfc70-6578-5f86-81f8-8df7b6a09dec,crabs,somewhat_close,5,1,1,4,0.4,0.3221551,0.35142806
5cbcfc70-6578-5f86-81f8-8df7b6a09dec,crabs,somewhat_close,5,1,2,2,0.2,0.18072298,0.148849
5cbcfc70-6578-5f86-81f8-8df7b6a09dec,crabs,somewhat_close,5,1,3,1,0.1,0.15578677,0.14830023
5cbcfc70-6578-5f86-81f8-8df7b6a09dec,dip,not_close,6,0,0,4,0.4,0.34664327,0.39242724
5cbcfc70-6578-5f86-81f8-8df7b6a09dec,dip,not_close,6,0,1,3,0.3,0.27114132,0.2466927
5cbcfc70-6578-5f86-81f8-8df7b6a09dec,dip,not_close,6,0,2,2,0.2,0.2222055,0.21824121
5cbcfc70-6578-5f86-81f8-8df7b6a09dec,dip,not_close,6,0,3,1,0.1,0.16000988,0.14263879
5cbcfc70-6578-5f86-81f8-8df7b6a09dec,cooking,not_close,4,0,0,2,0.1818181818181818,0.3350411,0.30513674
5cbcfc70-6578-5f86-81f8-8df7b6a09dec,cooking,not_close,4,0,1,6,0.5454545454545454,0.301432,0.3403478
5cbcfc70-6578-5f86-81f8-8df7b6a09dec,cooking,not_close,4,0,2,2,0.1818181818181818,0.2060558,0.19110213
5cbcfc70-6578-5f86-81f8-8df7b6a09dec,cooking,not_close,4,0,3,1,0.0909090909090909,0.15747108,0.1634134
0991ac05-2b20-5b18-83c1-d8bea47bf4da,social,not_close,13,0,0,2,0.4,0.40185055,0.42380705
0991ac05-2b20-5b18-83c1-d8bea47bf4da,social,not_close,13,0,1,1,0.2,0.2581625,0.2471482
0991ac05-2b20-5b18-83c1-d8bea47bf4da,social,not_close,13,0,2,1,0.2,0.1958849,0.1846005
0991ac05-2b20-5b18-83c1-d8bea47bf4da,social,not_close,13,0,3,1,0.2,0.14410202,0.14444424
0991ac05-2b20-5b18-83c1-d8bea47bf4da,driving,not_close,8,0,0,5,0.4545454545454545,0.33066627,0.31951004
0991ac05-2b20-5b18-83c1-d8bea47bf4da,driving,not_close,8,0,1,4,0.3636363636363636,0.31550372,0.3540611
0991ac05-2b20-5b18-83c1-d8bea47bf4da,driving,not_close,8,0,2,1,0.0909090909090909,0.212756,0.19448832
0991ac05-2b20-5b18-83c1-d8bea47bf4da,driving,not_close,8,0,3,1,0.0909090909090909,0.14107409,0.1319406
0991ac05-2b20-5b18-83c1-d8bea47bf4da,cooking,somewhat_close,4,1,0,2,0.1666666666666666,0.3350411,0.302899
0991ac05-2b20-5b18-83c1-d8bea47bf4da,cooking,somewhat_close,4,1,1,7,0.5833333333333334,0.301432,0.3137101
0991ac05-2b20-5b18-83c1-d8bea47bf4da,cooking,somewhat_close,4,1,2,2,0.1666666666666666,0.2060558,0.21770318
0991ac05-2b20-5b18-83c1-d8bea47bf4da,cooking,somewhat_close,4,1,3,1,0.0833333333333333,0.15747108,0.16568774
0991ac05-2b20-5b18-83c1-d8bea47bf4da,dip,extremely_close,6,3,0,6,0.3333333333333333,0.34664327,0.3213163
0991ac05-2b20-5b18-83c1-d8bea47bf4da,dip,extremely_close,6,3,1,4,0.2222222222222222,0.27114132,0.2708203
0991ac05-2b20-5b18-83c1-d8bea47bf4da,dip,extremely_close,6,3,2,4,0.2222222222222222,0.2222055,0.2373023
0991ac05-2b20-5b18-83c1-d8bea47bf4da,dip,extremely_close,6,3,3,4,0.2222222222222222,0.16000988,0.17056109
0991ac05-2b20-5b18-83c1-d8bea47bf4da,wedding,somewhat_close,15,1,0,4,0.25,0.31908587,0.32673198
0991ac05-2b20-5b18-83c1-d8bea47bf4da,wedding,somewhat_close,15,1,1,6,0.375,0.29837966,0.2921303
0991ac05-2b20-5b18-83c1-d8bea47bf4da,wedding,somewhat_close,15,1,2,3,0.1875,0.23396881,0.23820917
0991ac05-2b20-5b18-83c1-d8bea47bf4da,wedding,somewhat_close,15,1,3,3,0.1875,0.14856559,0.14292857
0991ac05-2b20-5b18-83c1-d8bea47bf4da,hike,not_close,11,0,0,6,0.5,0.3467728,0.3642791
0991ac05-2b20-5b18-83c1-d8bea47bf4da,hike,not_close,11,0,1,4,0.3333333333333333,0.3240307,0.31677198
0991ac05-2b20-5b18-83c1-d8bea47bf4da,hike,not_close,11,0,2,1,0.0833333333333333,0.19134435,0.1780148
0991ac05-2b20-5b18-83c1-d8bea47bf4da,hike,not_close,11,0,3,1,0.0833333333333333,0.13785222,0.1409341
0991ac05-2b20-5b18-83c1-d8bea47bf4da,oysters,close,12,2,0,2,0.1818181818181818,0.35450813,0.32386693
0991ac05-2b20-5b18-83c1-d8bea47bf4da,oysters,close,12,2,1,4,0.3636363636363636,0.30145344,0.29327434
0991ac05-2b20-5b18-83c1-d8bea47bf4da,oysters,close,12,2,2,3,0.2727272727272727,0.19799377,0.21184032
0991ac05-2b20-5b18-83c1-d8bea47bf4da,oysters,close,12,2,3,2,0.1818181818181818,0.14604472,0.17101833
0991ac05-2b20-5b18-83c1-d8bea47bf4da,gala,extremely_close,10,3,0,1,0.0476190476190476,0.37736025,0.27933165
0991ac05-2b20-5b18-83c1-d8bea47bf4da,gala,extremely_close,10,3,1,7,0.3333333333333333,0.24683172,0.27254456
0991ac05-2b20-5b18-83c1-d8bea47bf4da,gala,extremely_close,10,3,2,7,0.3333333333333333,0.21063499,0.25221765
0991ac05-2b20-5b18-83c1-d8bea47bf4da,gala,extremely_close,10,3,3,6,0.2857142857142857,0.165173,0.19590618
0991ac05-2b20-5b18-83c1-d8bea47bf4da,brunch,not_close,2,0,0,4,0.3333333333333333,0.31266126,0.34032917
0991ac05-2b20-5b18-83c1-d8bea47bf4da,brunch,not_close,2,0,1,6,0.5,0.29284903,0.29515493
0991ac05-2b20-5b18-83c1-d8bea47bf4da,brunch,not_close,2,0,2,1,0.0833333333333333,0.22538273,0.22530942
0991ac05-2b20-5b18-83c1-d8bea47bf4da,brunch,not_close,2,0,3,1,0.0833333333333333,0.1691069,0.13920642
0991ac05-2b20-5b18-83c1-d8bea47bf4da,crabs,close,5,2,0,1,0.0833333333333333,0.34133512,0.3152678
0991ac05-2b20-5b18-83c1-d8bea47bf4da,crabs,close,5,2,1,7,0.5833333333333334,0.3221551,0.32385492
0991ac05-2b20-5b18-83c1-d8bea47bf4da,crabs,close,5,2,2,2,0.1666666666666666,0.18072298,0.19468644
0991ac05-2b20-5b18-83c1-d8bea47bf4da,crabs,close,5,2,3,2,0.1666666666666666,0.15578677,0.16619082
0991ac05-2b20-5b18-83c1-d8bea47bf4da,soup,close,14,2,0,6,0.4,0.3512944,0.3422157
0991ac05-2b20-5b18-83c1-d8bea47bf4da,soup,close,14,2,1,4,0.2666666666666666,0.31583798,0.29969218
0991ac05-2b20-5b18-83c1-d8bea47bf4da,soup,close,14,2,2,3,0.2,0.18198796,0.19644682
0991ac05-2b20-5b18-83c1-d8bea47bf4da,soup,close,14,2,3,2,0.1333333333333333,0.15087959,0.16164538
0991ac05-2b20-5b18-83c1-d8bea47bf4da,conference,somewhat_close,3,1,0,4,0.3076923076923077,0.3467783,0.330331
0991ac05-2b20-5b18-83c1-d8bea47bf4da,conference,somewhat_close,3,1,1,6,0.4615384615384615,0.32602173,0.33012256
0991ac05-2b20-5b18-83c1-d8bea47bf4da,conference,somewhat_close,3,1,2,2,0.1538461538461538,0.1874909,0.2040172
0991ac05-2b20-5b18-83c1-d8bea47bf4da,conference,somewhat_close,3,1,3,1,0.0769230769230769,0.13970904,0.13552926
0991ac05-2b20-5b18-83c1-d8bea47bf4da,drinks,close,7,2,0,6,0.3333333333333333,0.34319648,0.2973132
0991ac05-2b20-5b18-83c1-d8bea47bf4da,drinks,close,7,2,1,5,0.2777777777777778,0.26716295,0.27554834
0991ac05-2b20-5b18-83c1-d8bea47bf4da,drinks,close,7,2,2,5,0.2777777777777778,0.22266258,0.23582152
0991ac05-2b20-5b18-83c1-d8bea47bf4da,drinks,close,7,2,3,2,0.1111111111111111,0.16697805,0.1913169
0991ac05-2b20-5b18-83c1-d8bea47bf4da,basketball,extremely_close,0,3,0,2,0.1333333333333333,0.32619047,0.3092946
0991ac05-2b20-5b18-83c1-d8bea47bf4da,basketball,extremely_close,0,3,1,5,0.3333333333333333,0.31149498,0.30697325
0991ac05-2b20-5b18-83c1-d8bea47bf4da,basketball,extremely_close,0,3,2,6,0.4,0.21755591,0.22017495
0991ac05-2b20-5b18-83c1-d8bea47bf4da,basketball,extremely_close,0,3,3,2,0.1333333333333333,0.14475863,0.16355725
0991ac05-2b20-5b18-83c1-d8bea47bf4da,fair,extremely_close,9,3,0,4,0.2352941176470588,0.3399395,0.32443607
0991ac05-2b20-5b18-83c1-d8bea47bf4da,fair,extremely_close,9,3,1,5,0.2941176470588235,0.32053334,0.2984974
0991ac05-2b20-5b18-83c1-d8bea47bf4da,fair,extremely_close,9,3,2,5,0.2941176470588235,0.20100063,0.20797278
0991ac05-2b20-5b18-83c1-d8bea47bf4da,fair,extremely_close,9,3,3,3,0.1764705882352941,0.1385266,0.16909374
0991ac05-2b20-5b18-83c1-d8bea47bf4da,birthday,somewhat_close,1,1,0,5,0.3333333333333333,0.33094808,0.309631
0991ac05-2b20-5b18-83c1-d8bea47bf4da,birthday,somewhat_close,1,1,1,6,0.4,0.31393355,0.31623533
0991ac05-2b20-5b18-83c1-d8bea47bf4da,birthday,somewhat_close,1,1,2,3,0.2,0.21405,0.23311108
0991ac05-2b20-5b18-83c1-d8bea47bf4da,birthday,somewhat_close,1,1,3,1,0.0666666666666666,0.14106838,0.14102258
674aea41-bee9-5929-8a58-3be755db9c5e,drinks,extremely_close,7,3,0,1,0.0833333333333333,0.34319648,0.24337234
674aea41-bee9-5929-8a58-3be755db9c5e,drinks,extremely_close,7,3,1,4,0.3333333333333333,0.26716295,0.29073274
674aea41-bee9-5929-8a58-3be755db9c5e,drinks,extremely_close,7,3,2,4,0.3333333333333333,0.22266258,0.22844173
674aea41-bee9-5929-8a58-3be755db9c5e,drinks,extremely_close,7,3,3,3,0.25,0.16697805,0.23745316
674aea41-bee9-5929-8a58-3be755db9c5e,soup,not_close,14,0,0,6,0.3157894736842105,0.3512944,0.3687841
674aea41-bee9-5929-8a58-3be755db9c5e,soup,not_close,14,0,1,5,0.2631578947368421,0.31583798,0.32352978
674aea41-bee9-5929-8a58-3be755db9c5e,soup,not_close,14,0,2,5,0.2631578947368421,0.18198796,0.17495361
674aea41-bee9-5929-8a58-3be755db9c5e,soup,not_close,14,0,3,3,0.1578947368421052,0.15087959,0.13273244
674aea41-bee9-5929-8a58-3be755db9c5e,conference,close,3,2,0,1,0.0625,0.3467783,0.3194244
674aea41-bee9-5929-8a58-3be755db9c5e,conference,close,3,2,1,7,0.4375,0.32602173,0.30460128
674aea41-bee9-5929-8a58-3be755db9c5e,conference,close,3,2,2,7,0.4375,0.1874909,0.22443041
674aea41-bee9-5929-8a58-3be755db9c5e,conference,close,3,2,3,1,0.0625,0.13970904,0.15154389
674aea41-bee9-5929-8a58-3be755db9c5e,hike,not_close,11,0,0,4,0.4,0.3467728,0.3642791
674aea41-bee9-5929-8a58-3be755db9c5e,hike,not_close,11,0,1,4,0.4,0.3240307,0.31677198
674aea41-bee9-5929-8a58-3be755db9c5e,hike,not_close,11,0,2,1,0.1,0.19134435,0.1780148
674aea41-bee9-5929-8a58-3be755db9c5e,hike,not_close,11,0,3,1,0.1,0.13785222,0.1409341
674aea41-bee9-5929-8a58-3be755db9c5e,cooking,close,4,2,0,1,0.0625,0.3350411,0.26264983
674aea41-bee9-5929-8a58-3be755db9c5e,cooking,close,4,2,1,7,0.4375,0.301432,0.31273055
674aea41-bee9-5929-8a58-3be755db9c5e,cooking,close,4,2,2,7,0.4375,0.2060558,0.2337246
674aea41-bee9-5929-8a58-3be755db9c5e,cooking,close,4,2,3,1,0.0625,0.15747108,0.19089502
674aea41-bee9-5929-8a58-3be755db9c5e,social,not_close,13,0,0,5,0.3846153846153846,0.40185055,0.42380705
674aea41-bee9-5929-8a58-3be755db9c5e,social,not_close,13,0,1,6,0.4615384615384615,0.2581625,0.2471482
674aea41-bee9-5929-8a58-3be755db9c5e,social,not_close,13,0,2,1,0.0769230769230769,0.1958849,0.1846005
674aea41-bee9-5929-8a58-3be755db9c5e,social,not_close,13,0,3,1,0.0769230769230769,0.14410202,0.14444424
674aea41-bee9-5929-8a58-3be755db9c5e,fair,extremely_close,9,3,0,2,0.2,0.3399395,0.32443607
674aea41-bee9-5929-8a58-3be755db9c5e,fair,extremely_close,9,3,1,5,0.5,0.32053334,0.2984974
674aea41-bee9-5929-8a58-3be755db9c5e,fair,extremely_close,9,3,2,1,0.1,0.20100063,0.20797278
674aea41-bee9-5929-8a58-3be755db9c5e,fair,extremely_close,9,3,3,2,0.2,0.1385266,0.16909374
674aea41-bee9-5929-8a58-3be755db9c5e,dip,close,6,2,0,1,0.25,0.34664327,0.33677724
674aea41-bee9-5929-8a58-3be755db9c5e,dip,close,6,2,1,1,0.25,0.27114132,0.28138566
674aea41-bee9-5929-8a58-3be755db9c5e,dip,close,6,2,2,1,0.25,0.2222055,0.22993708
674aea41-bee9-5929-8a58-3be755db9c5e,dip,close,6,2,3,1,0.25,0.16000988,0.15190005
674aea41-bee9-5929-8a58-3be755db9c5e,brunch,somewhat_close,2,1,0,1,0.0588235294117647,0.31266126,0.3116763
674aea41-bee9-5929-8a58-3be755db9c5e,brunch,somewhat_close,2,1,1,7,0.4117647058823529,0.29284903,0.27925918
674aea41-bee9-5929-8a58-3be755db9c5e,brunch,somewhat_close,2,1,2,7,0.4117647058823529,0.22538273,0.23974313
674aea41-bee9-5929-8a58-3be755db9c5e,brunch,somewhat_close,2,1,3,2,0.1176470588235294,0.1691069,0.16932139
674aea41-bee9-5929-8a58-3be755db9c5e,crabs,close,5,2,0,1,0.125,0.34133512,0.3152678
674aea41-bee9-5929-8a58-3be755db9c5e,crabs,close,5,2,1,5,0.625,0.3221551,0.32385492
674aea41-bee9-5929-8a58-3be755db9c5e,crabs,close,5,2,2,1,0.125,0.18072298,0.19468644
674aea41-bee9-5929-8a58-3be755db9c5e,crabs,close,5,2,3,1,0.125,0.15578677,0.16619082
674aea41-bee9-5929-8a58-3be755db9c5e,oysters,not_close,12,0,0,7,0.7,0.35450813,0.35589477
674aea41-bee9-5929-8a58-3be755db9c5e,oysters,not_close,12,0,1,1,0.1,0.30145344,0.31109774
674aea41-bee9-5929-8a58-3be755db9c5e,oysters,not_close,12,0,2,1,0.1,0.19799377,0.19477606
674aea41-bee9-5929-8a58-3be755db9c5e,oysters,not_close,12,0,3,1,0.1,0.14604472,0.13823144
674aea41-bee9-5929-8a58-3be755db9c5e,driving,extremely_close,8,3,0,1,0.0625,0.33066627,0.27924845
674aea41-bee9-5929-8a58-3be755db9c5e,driving,extremely_close,8,3,1,7,0.4375,0.31550372,0.30885038
674aea41-bee9-5929-8a58-3be755db9c5e,driving,extremely_close,8,3,2,4,0.25,0.212756,0.22954276
674aea41-bee9-5929-8a58-3be755db9c5e,driving,extremely_close,8,3,3,4,0.25,0.14107409,0.18235837
674aea41-bee9-5929-8a58-3be755db9c5e,birthday,somewhat_close,1,1,0,7,0.2692307692307692,0.33094808,0.309631
674aea41-bee9-5929-8a58-3be755db9c5e,birthday,somewhat_close,1,1,1,7,0.2692307692307692,0.31393355,0.31623533
674aea41-bee9-5929-8a58-3be755db9c5e,birthday,somewhat_close,1,1,2,7,0.2692307692307692,0.21405,0.23311108
674aea41-bee9-5929-8a58-3be755db9c5e,birthday,somewhat_close,1,1,3,5,0.1923076923076923,0.14106838,0.14102258
674aea41-bee9-5929-8a58-3be755db9c5e,basketball,somewhat_close,0,1,0,5,0.3846153846153846,0.32619047,0.31074163
674aea41-bee9-5929-8a58-3be755db9c5e,basketball,somewhat_close,0,1,1,6,0.4615384615384615,0.31149498,0.30840942
674aea41-bee9-5929-8a58-3be755db9c5e,basketball,somewhat_close,0,1,2,1,0.0769230769230769,0.21755591,0.22120504
674aea41-bee9-5929-8a58-3be755db9c5e,basketball,somewhat_close,0,1,3,1,0.0769230769230769,0.14475863,0.15964389
674aea41-bee9-5929-8a58-3be755db9c5e,gala,extremely_close,10,3,0,4,0.16,0.37736025,0.27933165
674aea41-bee9-5929-8a58-3be755db9c5e,gala,extremely_close,10,3,1,7,0.28,0.24683172,0.27254456
674aea41-bee9-5929-8a58-3be755db9c5e,gala,extremely_close,10,3,2,7,0.28,0.21063499,0.25221765
674aea41-bee9-5929-8a58-3be755db9c5e,gala,extremely_close,10,3,3,7,0.28,0.165173,0.19590618
674aea41-bee9-5929-8a58-3be755db9c5e,wedding,somewhat_close,15,1,0,6,0.3333333333333333,0.31908587,0.32673198
674aea41-bee9-5929-8a58-3be755db9c5e,wedding,somewhat_close,15,1,1,4,0.2222222222222222,0.29837966,0.2921303
674aea41-bee9-5929-8a58-3be755db9c5e,wedding,somewhat_close,15,1,2,4,0.2222222222222222,0.23396881,0.23820917
674aea41-bee9-5929-8a58-3be755db9c5e,wedding,somewhat_close,15,1,3,4,0.2222222222222222,0.14856559,0.14292857
3ee7884f-795a-566a-8f76-5c3c884ec1c9,social,extremely_close,13,3,0,7,0.25,0.40185055,0.34408742
3ee7884f-795a-566a-8f76-5c3c884ec1c9,social,extremely_close,13,3,1,7,0.25,0.2581625,0.258135
3ee7884f-795a-566a-8f76-5c3c884ec1c9,social,extremely_close,13,3,2,7,0.25,0.1958849,0.2316001
3ee7884f-795a-566a-8f76-5c3c884ec1c9,social,extremely_close,13,3,3,7,0.25,0.14410202,0.16617753
3ee7884f-795a-566a-8f76-5c3c884ec1c9,brunch,not_close,2,0,0,7,0.4117647058823529,0.31266126,0.34032917
3ee7884f-795a-566a-8f76-5c3c884ec1c9,brunch,not_close,2,0,1,5,0.2941176470588235,0.29284903,0.29515493
3ee7884f-795a-566a-8f76-5c3c884ec1c9,brunch,not_close,2,0,2,3,0.1764705882352941,0.22538273,0.22530942
3ee7884f-795a-566a-8f76-5c3c884ec1c9,brunch,not_close,2,0,3,2,0.1176470588235294,0.1691069,0.13920642
3ee7884f-795a-566a-8f76-5c3c884ec1c9,dip,somewhat_close,6,1,0,4,0.25,0.34664327,0.34845993
3ee7884f-795a-566a-8f76-5c3c884ec1c9,dip,somewhat_close,6,1,1,4,0.25,0.27114132,0.27802554
3ee7884f-795a-566a-8f76-5c3c884ec1c9,dip,somewhat_close,6,1,2,4,0.25,0.2222055,0.23313951
3ee7884f-795a-566a-8f76-5c3c884ec1c9,dip,somewhat_close,6,1,3,4,0.25,0.16000988,0.14037508
3ee7884f-795a-566a-8f76-5c3c884ec1c9,cooking,somewhat_close,4,1,0,1,0.05,0.3350411,0.302899
3ee7884f-795a-566a-8f76-5c3c884ec1c9,cooking,somewhat_close,4,1,1,7,0.35,0.301432,0.3137101
3ee7884f-795a-566a-8f76-5c3c884ec1c9,cooking,somewhat_close,4,1,2,6,0.3,0.2060558,0.21770318
3ee7884f-795a-566a-8f76-5c3c884ec1c9,cooking,somewhat_close,4,1,3,6,0.3,0.15747108,0.16568774
3ee7884f-795a-566a-8f76-5c3c884ec1c9,gala,close,10,2,0,2,0.1111111111111111,0.37736025,0.30581924
3ee7884f-795a-566a-8f76-5c3c884ec1c9,gala,close,10,2,1,7,0.3888888888888889,0.24683172,0.27153325
3ee7884f-795a-566a-8f76-5c3c884ec1c9,gala,close,10,2,2,7,0.3888888888888889,0.21063499,0.2401309
3ee7884f-795a-566a-8f76-5c3c884ec1c9,gala,close,10,2,3,2,0.1111111111111111,0.165173,0.18251657
3ee7884f-795a-566a-8f76-5c3c884ec1c9,wedding,extremely_close,15,3,0,2,0.0869565217391304,0.31908587,0.2974841
3ee7884f-795a-566a-8f76-5c3c884ec1c9,wedding,extremely_close,15,3,1,7,0.3043478260869565,0.29837966,0.27377465
3ee7884f-795a-566a-8f76-5c3c884ec1c9,wedding,extremely_close,15,3,2,7,0.3043478260869565,0.23396881,0.24111676
3ee7884f-795a-566a-8f76-5c3c884ec1c9,wedding,extremely_close,15,3,3,7,0.3043478260869565,0.14856559,0.18762444
3ee7884f-795a-566a-8f76-5c3c884ec1c9,driving,close,8,2,0,6,0.25,0.33066627,0.30398852
3ee7884f-795a-566a-8f76-5c3c884ec1c9,driving,close,8,2,1,6,0.25,0.31550372,0.31212825
3ee7884f-795a-566a-8f76-5c3c884ec1c9,driving,close,8,2,2,6,0.25,0.212756,0.21644199
3ee7884f-795a-566a-8f76-5c3c884ec1c9,driving,close,8,2,3,6,0.25,0.14107409,0.1674413
3ee7884f-795a-566a-8f76-5c3c884ec1c9,soup,extremely_close,14,3,0,7,0.3333333333333333,0.3512944,0.31738377
3ee7884f-795a-566a-8f76-5c3c884ec1c9,soup,extremely_close,14,3,1,4,0.1904761904761904,0.31583798,0.29048625
3ee7884f-795a-566a-8f76-5c3c884ec1c9,soup,extremely_close,14,3,2,4,0.1904761904761904,0.18198796,0.21168596
3ee7884f-795a-566a-8f76-5c3c884ec1c9,soup,extremely_close,14,3,3,6,0.2857142857142857,0.15087959,0.18044408
3ee7884f-795a-566a-8f76-5c3c884ec1c9,conference,not_close,3,0,0,4,0.2857142857142857,0.3467783,0.33014685
3ee7884f-795a-566a-8f76-5c3c884ec1c9,conference,not_close,3,0,1,4,0.2857142857142857,0.32602173,0.3841856
3ee7884f-795a-566a-8f76-5c3c884ec1c9,conference,not_close,3,0,2,4,0.2857142857142857,0.1874909,0.16168493
3ee7884f-795a-566a-8f76-5c3c884ec1c9,conference,not_close,3,0,3,2,0.1428571428571428,0.13970904,0.123982586
3ee7884f-795a-566a-8f76-5c3c884ec1c9,fair,close,9,2,0,4,0.1904761904761904,0.3399395,0.3417284
3ee7884f-795a-566a-8f76-5c3c884ec1c9,fair,close,9,2,1,6,0.2857142857142857,0.32053334,0.32354605
3ee7884f-795a-566a-8f76-5c3c884ec1c9,fair,close,9,2,2,6,0.2857142857142857,0.20100063,0.19540344
3ee7884f-795a-566a-8f76-5c3c884ec1c9,fair,close,9,2,3,5,0.238095238095238,0.1385266,0.13932213
3ee7884f-795a-566a-8f76-5c3c884ec1c9,drinks,somewhat_close,7,1,0,6,0.2727272727272727,0.34319648,0.34077784
3ee7884f-795a-566a-8f76-5c3c884ec1c9,drinks,somewhat_close,7,1,1,6,0.2727272727272727,0.26716295,0.2960432
3ee7884f-795a-566a-8f76-5c3c884ec1c9,drinks,somewhat_close,7,1,2,6,0.2727272727272727,0.22266258,0.20890208
3ee7884f-795a-566a-8f76-5c3c884ec1c9,drinks,somewhat_close,7,1,3,4,0.1818181818181818,0.16697805,0.15427689
3ee7884f-795a-566a-8f76-5c3c884ec1c9,crabs,somewhat_close,5,1,0,5,0.2777777777777778,0.34133512,0.3514227
3ee7884f-795a-566a-8f76-5c3c884ec1c9,crabs,somewhat_close,5,1,1,5,0.2777777777777778,0.3221551,0.35142806
3ee7884f-795a-566a-8f76-5c3c884ec1c9,crabs,somewhat_close,5,1,2,3,0.1666666666666666,0.18072298,0.148849
3ee7884f-795a-566a-8f76-5c3c884ec1c9,crabs,somewhat_close,5,1,3,5,0.2777777777777778,0.15578677,0.14830023
3ee7884f-795a-566a-8f76-5c3c884ec1c9,birthday,not_close,1,0,0,6,0.375,0.33094808,0.35584754
3ee7884f-795a-566a-8f76-5c3c884ec1c9,birthday,not_close,1,0,1,6,0.375,0.31393355,0.31760582
3ee7884f-795a-566a-8f76-5c3c884ec1c9,birthday,not_close,1,0,2,2,0.125,0.21405,0.1876142
3ee7884f-795a-566a-8f76-5c3c884ec1c9,birthday,not_close,1,0,3,2,0.125,0.14106838,0.13893244
3ee7884f-795a-566a-8f76-5c3c884ec1c9,hike,close,11,2,0,6,0.25,0.3467728,0.31535208
3ee7884f-795a-566a-8f76-5c3c884ec1c9,hike,close,11,2,1,6,0.25,0.3240307,0.3006642
3ee7884f-795a-566a-8f76-5c3c884ec1c9,hike,close,11,2,2,6,0.25,0.19134435,0.20856297
3ee7884f-795a-566a-8f76-5c3c884ec1c9,hike,close,11,2,3,6,0.25,0.13785222,0.17542079
3ee7884f-795a-566a-8f76-5c3c884ec1c9,basketball,not_close,0,0,0,7,0.5,0.32619047,0.3810742
3ee7884f-795a-566a-8f76-5c3c884ec1c9,basketball,not_close,0,0,1,4,0.2857142857142857,0.31149498,0.33203775
3ee7884f-795a-566a-8f76-5c3c884ec1c9,basketball,not_close,0,0,2,2,0.1428571428571428,0.21755591,0.16480143
3ee7884f-795a-566a-8f76-5c3c884ec1c9,basketball,not_close,0,0,3,1,0.0714285714285714,0.14475863,0.12208664
3ee7884f-795a-566a-8f76-5c3c884ec1c9,oysters,extremely_close,12,3,0,4,0.1818181818181818,0.35450813,0.33928892
3ee7884f-795a-566a-8f76-5c3c884ec1c9,oysters,extremely_close,12,3,1,6,0.2727272727272727,0.30145344,0.29421192
3ee7884f-795a-566a-8f76-5c3c884ec1c9,oysters,extremely_close,12,3,2,6,0.2727272727272727,0.19799377,0.2082637
3ee7884f-795a-566a-8f76-5c3c884ec1c9,oysters,extremely_close,12,3,3,6,0.2727272727272727,0.14604472,0.15823552
7b531eaa-9d8b-5f6a-a574-2c2690807733,crabs,extremely_close,5,3,0,5,0.2631578947368421,0.34133512,0.32297945
7b531eaa-9d8b-5f6a-a574-2c2690807733,crabs,extremely_close,5,3,1,6,0.3157894736842105,0.3221551,0.30443525
7b531eaa-9d8b-5f6a-a574-2c2690807733,crabs,extremely_close,5,3,2,3,0.1578947368421052,0.18072298,0.18565442
7b531eaa-9d8b-5f6a-a574-2c2690807733,crabs,extremely_close,5,3,3,5,0.2631578947368421,0.15578677,0.18693084
7b531eaa-9d8b-5f6a-a574-2c2690807733,cooking,close,4,2,0,1,0.0588235294117647,0.3350411,0.26264983
7b531eaa-9d8b-5f6a-a574-2c2690807733,cooking,close,4,2,1,7,0.4117647058823529,0.301432,0.31273055
7b531eaa-9d8b-5f6a-a574-2c2690807733,cooking,close,4,2,2,4,0.2352941176470588,0.2060558,0.2337246
7b531eaa-9d8b-5f6a-a574-2c2690807733,cooking,close,4,2,3,5,0.2941176470588235,0.15747108,0.19089502
7b531eaa-9d8b-5f6a-a574-2c2690807733,wedding,somewhat_close,15,1,0,6,0.3333333333333333,0.31908587,0.32673198
7b531eaa-9d8b-5f6a-a574-2c2690807733,wedding,somewhat_close,15,1,1,5,0.2777777777777778,0.29837966,0.2921303
7b531eaa-9d8b-5f6a-a574-2c2690807733,wedding,somewhat_close,15,1,2,4,0.2222222222222222,0.23396881,0.23820917
7b531eaa-9d8b-5f6a-a574-2c2690807733,wedding,somewhat_close,15,1,3,3,0.1666666666666666,0.14856559,0.14292857
7b531eaa-9d8b-5f6a-a574-2c2690807733,birthday,close,1,2,0,6,0.3,0.33094808,0.28472444
7b531eaa-9d8b-5f6a-a574-2c2690807733,birthday,close,1,2,1,6,0.3,0.31393355,0.3053844
7b531eaa-9d8b-5f6a-a574-2c2690807733,birthday,close,1,2,2,5,0.25,0.21405,0.23678404
7b531eaa-9d8b-5f6a-a574-2c2690807733,birthday,close,1,2,3,3,0.15,0.14106838,0.1731071
7b531eaa-9d8b-5f6a-a574-2c2690807733,basketball,somewhat_close,0,1,0,3,0.2307692307692307,0.32619047,0.31074163
7b531eaa-9d8b-5f6a-a574-2c2690807733,basketball,somewhat_close,0,1,1,5,0.3846153846153846,0.31149498,0.30840942
7b531eaa-9d8b-5f6a-a574-2c2690807733,basketball,somewhat_close,0,1,2,3,0.2307692307692307,0.21755591,0.22120504
7b531eaa-9d8b-5f6a-a574-2c2690807733,basketball,somewhat_close,0,1,3,2,0.1538461538461538,0.14475863,0.15964389
7b531eaa-9d8b-5f6a-a574-2c2690807733,drinks,extremely_close,7,3,0,1,0.0588235294117647,0.34319648,0.24337234
7b531eaa-9d8b-5f6a-a574-2c2690807733,drinks,extremely_close,7,3,1,5,0.2941176470588235,0.26716295,0.29073274
7b531eaa-9d8b-5f6a-a574-2c2690807733,drinks,extremely_close,7,3,2,6,0.3529411764705882,0.22266258,0.22844173
7b531eaa-9d8b-5f6a-a574-2c2690807733,drinks,extremely_close,7,3,3,5,0.2941176470588235,0.16697805,0.23745316
7b531eaa-9d8b-5f6a-a574-2c2690807733,hike,not_close,11,0,0,6,0.4285714285714285,0.3467728,0.3642791
7b531eaa-9d8b-5f6a-a574-2c2690807733,hike,not_close,11,0,1,5,0.3571428571428571,0.3240307,0.31677198
7b531eaa-9d8b-5f6a-a574-2c2690807733,hike,not_close,11,0,2,2,0.1428571428571428,0.19134435,0.1780148
7b531eaa-9d8b-5f6a-a574-2c2690807733,hike,not_close,11,0,3,1,0.0714285714285714,0.13785222,0.1409341
7b531eaa-9d8b-5f6a-a574-2c2690807733,conference,close,3,2,0,3,0.2142857142857142,0.3467783,0.3194244
7b531eaa-9d8b-5f6a-a574-2c2690807733,conference,close,3,2,1,5,0.3571428571428571,0.32602173,0.30460128
7b531eaa-9d8b-5f6a-a574-2c2690807733,conference,close,3,2,2,3,0.2142857142857142,0.1874909,0.22443041
7b531eaa-9d8b-5f6a-a574-2c2690807733,conference,close,3,2,3,3,0.2142857142857142,0.13970904,0.15154389
7b531eaa-9d8b-5f6a-a574-2c2690807733,social,somewhat_close,13,1,0,3,0.2727272727272727,0.40185055,0.3780521
7b531eaa-9d8b-5f6a-a574-2c2690807733,social,somewhat_close,13,1,1,3,0.2727272727272727,0.2581625,0.25415382
7b531eaa-9d8b-5f6a-a574-2c2690807733,social,somewhat_close,13,1,2,3,0.2727272727272727,0.1958849,0.20883785
7b531eaa-9d8b-5f6a-a574-2c2690807733,social,somewhat_close,13,1,3,2,0.1818181818181818,0.14410202,0.15895618
7b531eaa-9d8b-5f6a-a574-2c2690807733,fair,not_close,9,0,0,5,0.3571428571428571,0.3399395,0.33449876
7b531eaa-9d8b-5f6a-a574-2c2690807733,fair,not_close,9,0,1,7,0.5,0.32053334,0.3437535
7b531eaa-9d8b-5f6a-a574-2c2690807733,fair,not_close,9,0,2,1,0.0714285714285714,0.20100063,0.1889061
7b531eaa-9d8b-5f6a-a574-2c2690807733,fair,not_close,9,0,3,1,0.0714285714285714,0.1385266,0.13284165
7b531eaa-9d8b-5f6a-a574-2c2690807733,brunch,close,2,2,0,4,0.2105263157894736,0.31266126,0.2922043
7b531eaa-9d8b-5f6a-a574-2c2690807733,brunch,close,2,2,1,5,0.2631578947368421,0.29284903,0.27890328
7b531eaa-9d8b-5f6a-a574-2c2690807733,brunch,close,2,2,2,5,0.2631578947368421,0.22538273,0.2363917
7b531eaa-9d8b-5f6a-a574-2c2690807733,brunch,close,2,2,3,5,0.2631578947368421,0.1691069,0.19250078
7b531eaa-9d8b-5f6a-a574-2c2690807733,oysters,not_close,12,0,0,5,0.3571428571428571,0.35450813,0.35589477
7b531eaa-9d8b-5f6a-a574-2c2690807733,oysters,not_close,12,0,1,5,0.3571428571428571,0.30145344,0.31109774
7b531eaa-9d8b-5f6a-a574-2c2690807733,oysters,not_close,12,0,2,3,0.2142857142857142,0.19799377,0.19477606
7b531eaa-9d8b-5f6a-a574-2c2690807733,oysters,not_close,12,0,3,1,0.0714285714285714,0.14604472,0.13823144
7b531eaa-9d8b-5f6a-a574-2c2690807733,dip,extremely_close,6,3,0,5,0.2941176470588235,0.34664327,0.3213163
7b531eaa-9d8b-5f6a-a574-2c2690807733,dip,extremely_close,6,3,1,6,0.3529411764705882,0.27114132,0.2708203
7b531eaa-9d8b-5f6a-a574-2c2690807733,dip,extremely_close,6,3,2,5,0.2941176470588235,0.2222055,0.2373023
7b531eaa-9d8b-5f6a-a574-2c2690807733,dip,extremely_close,6,3,3,1,0.0588235294117647,0.16000988,0.17056109
7b531eaa-9d8b-5f6a-a574-2c2690807733,gala,not_close,10,0,0,6,0.3529411764705882,0.37736025,0.37343702
7b531eaa-9d8b-5f6a-a574-2c2690807733,gala,not_close,10,0,1,4,0.2352941176470588,0.24683172,0.2587873
7b531eaa-9d8b-5f6a-a574-2c2690807733,gala,not_close,10,0,2,4,0.2352941176470588,0.21063499,0.21295612
7b531eaa-9d8b-5f6a-a574-2c2690807733,gala,not_close,10,0,3,3,0.1764705882352941,0.165173,0.15481953
7b531eaa-9d8b-5f6a-a574-2c2690807733,soup,somewhat_close,14,1,0,6,0.2857142857142857,0.3512944,0.33787718
7b531eaa-9d8b-5f6a-a574-2c2690807733,soup,somewhat_close,14,1,1,6,0.2857142857142857,0.31583798,0.30691224
7b531eaa-9d8b-5f6a-a574-2c2690807733,soup,somewhat_close,14,1,2,5,0.238095238095238,0.18198796,0.19641732
7b531eaa-9d8b-5f6a-a574-2c2690807733,soup,somewhat_close,14,1,3,4,0.1904761904761904,0.15087959,0.15879321
7b531eaa-9d8b-5f6a-a574-2c2690807733,driving,extremely_close,8,3,0,2,0.125,0.33066627,0.27924845
7b531eaa-9d8b-5f6a-a574-2c2690807733,driving,extremely_close,8,3,1,5,0.3125,0.31550372,0.30885038
7b531eaa-9d8b-5f6a-a574-2c2690807733,driving,extremely_close,8,3,2,5,0.3125,0.212756,0.22954276
7b531eaa-9d8b-5f6a-a574-2c2690807733,driving,extremely_close,8,3,3,4,0.25,0.14107409,0.18235837
e70bcbeb-364c-532e-a143-0246cd058bdf,basketball,extremely_close,0,3,0,7,0.3888888888888889,0.32619047,0.3092946
e70bcbeb-364c-532e-a143-0246cd058bdf,basketball,extremely_close,0,3,1,5,0.2777777777777778,0.31149498,0.30697325
e70bcbeb-364c-532e-a143-0246cd058bdf,basketball,extremely_close,0,3,2,2,0.1111111111111111,0.21755591,0.22017495
e70bcbeb-364c-532e-a143-0246cd058bdf,basketball,extremely_close,0,3,3,4,0.2222222222222222,0.14475863,0.16355725
e70bcbeb-364c-532e-a143-0246cd058bdf,soup,close,14,2,0,7,0.7,0.3512944,0.3422157
e70bcbeb-364c-532e-a143-0246cd058bdf,soup,close,14,2,1,1,0.1,0.31583798,0.29969218
e70bcbeb-364c-532e-a143-0246cd058bdf,soup,close,14,2,2,1,0.1,0.18198796,0.19644682
e70bcbeb-364c-532e-a143-0246cd058bdf,soup,close,14,2,3,1,0.1,0.15087959,0.16164538
e70bcbeb-364c-532e-a143-0246cd058bdf,social,not_close,13,0,0,2,0.4,0.40185055,0.42380705
e70bcbeb-364c-532e-a143-0246cd058bdf,social,not_close,13,0,1,1,0.2,0.2581625,0.2471482
e70bcbeb-364c-532e-a143-0246cd058bdf,social,not_close,13,0,2,1,0.2,0.1958849,0.1846005
e70bcbeb-364c-532e-a143-0246cd058bdf,social,not_close,13,0,3,1,0.2,0.14410202,0.14444424
e70bcbeb-364c-532e-a143-0246cd058bdf,brunch,not_close,2,0,0,7,0.4117647058823529,0.31266126,0.34032917
e70bcbeb-364c-532e-a143-0246cd058bdf,brunch,not_close,2,0,1,2,0.1176470588235294,0.29284903,0.29515493
e70bcbeb-364c-532e-a143-0246cd058bdf,brunch,not_close,2,0,2,4,0.2352941176470588,0.22538273,0.22530942
e70bcbeb-364c-532e-a143-0246cd058bdf,brunch,not_close,2,0,3,4,0.2352941176470588,0.1691069,0.13920642
e70bcbeb-364c-532e-a143-0246cd058bdf,crabs,close,5,2,0,2,0.1176470588235294,0.34133512,0.3152678
e70bcbeb-364c-532e-a143-0246cd058bdf,crabs,close,5,2,1,7,0.4117647058823529,0.3221551,0.32385492
e70bcbeb-364c-532e-a143-0246cd058bdf,crabs,close,5,2,2,4,0.2352941176470588,0.18072298,0.19468644
e70bcbeb-364c-532e-a143-0246cd058bdf,crabs,close,5,2,3,4,0.2352941176470588,0.15578677,0.16619082
e70bcbeb-364c-532e-a143-0246cd058bdf,driving,not_close,8,0,0,7,0.6363636363636364,0.33066627,0.31951004
e70bcbeb-364c-532e-a143-0246cd058bdf,driving,not_close,8,0,1,2,0.1818181818181818,0.31550372,0.3540611
e70bcbeb-364c-532e-a143-0246cd058bdf,driving,not_close,8,0,2,1,0.0909090909090909,0.212756,0.19448832
e70bcbeb-364c-532e-a143-0246cd058bdf,driving,not_close,8,0,3,1,0.0909090909090909,0.14107409,0.1319406
e70bcbeb-364c-532e-a143-0246cd058bdf,birthday,not_close,1,0,0,7,0.7,0.33094808,0.35584754
e70bcbeb-364c-532e-a143-0246cd058bdf,birthday,not_close,1,0,1,1,0.1,0.31393355,0.31760582
e70bcbeb-364c-532e-a143-0246cd058bdf,birthday,not_close,1,0,2,1,0.1,0.21405,0.1876142
e70bcbeb-364c-532e-a143-0246cd058bdf,birthday,not_close,1,0,3,1,0.1,0.14106838,0.13893244
e70bcbeb-364c-532e-a143-0246cd058bdf,fair,close,9,2,0,5,0.3125,0.3399395,0.3417284
e70bcbeb-364c-532e-a143-0246cd058bdf,fair,close,9,2,1,4,0.25,0.32053334,0.32354605
e70bcbeb-364c-532e-a143-0246cd058bdf,fair,close,9,2,2,2,0.125,0.20100063,0.19540344
e70bcbeb-364c-532e-a143-0246cd058bdf,fair,close,9,2,3,5,0.3125,0.1385266,0.13932213
e70bcbeb-364c-532e-a143-0246cd058bdf,dip,extremely_close,6,3,0,6,0.3157894736842105,0.34664327,0.3213163
e70bcbeb-364c-532e-a143-0246cd058bdf,dip,extremely_close,6,3,1,6,0.3157894736842105,0.27114132,0.2708203
e70bcbeb-364c-532e-a143-0246cd058bdf,dip,extremely_close,6,3,2,3,0.1578947368421052,0.2222055,0.2373023
e70bcbeb-364c-532e-a143-0246cd058bdf,dip,extremely_close,6,3,3,4,0.2105263157894736,0.16000988,0.17056109
e70bcbeb-364c-532e-a143-0246cd058bdf,gala,extremely_close,10,3,0,5,0.2272727272727272,0.37736025,0.27933165
e70bcbeb-364c-532e-a143-0246cd058bdf,gala,extremely_close,10,3,1,5,0.2272727272727272,0.24683172,0.27254456
e70bcbeb-364c-532e-a143-0246cd058bdf,gala,extremely_close,10,3,2,6,0.2727272727272727,0.21063499,0.25221765
e70bcbeb-364c-532e-a143-0246cd058bdf,gala,extremely_close,10,3,3,6,0.2727272727272727,0.165173,0.19590618
e70bcbeb-364c-532e-a143-0246cd058bdf,wedding,somewhat_close,15,1,0,7,0.7,0.31908587,0.32673198
e70bcbeb-364c-532e-a143-0246cd058bdf,wedding,somewhat_close,15,1,1,1,0.1,0.29837966,0.2921303
e70bcbeb-364c-532e-a143-0246cd058bdf,wedding,somewhat_close,15,1,2,1,0.1,0.23396881,0.23820917
e70bcbeb-364c-532e-a143-0246cd058bdf,wedding,somewhat_close,15,1,3,1,0.1,0.14856559,0.14292857
e70bcbeb-364c-532e-a143-0246cd058bdf,hike,extremely_close,11,3,0,2,0.1428571428571428,0.3467728,0.33196965
e70bcbeb-364c-532e-a143-0246cd058bdf,hike,extremely_close,11,3,1,5,0.3571428571428571,0.3240307,0.28882948
e70bcbeb-364c-532e-a143-0246cd058bdf,hike,extremely_close,11,3,2,5,0.3571428571428571,0.19134435,0.21154393
e70bcbeb-364c-532e-a143-0246cd058bdf,hike,extremely_close,11,3,3,2,0.1428571428571428,0.13785222,0.167657
e70bcbeb-364c-532e-a143-0246cd058bdf,conference,somewhat_close,3,1,0,5,0.3846153846153846,0.3467783,0.330331
e70bcbeb-364c-532e-a143-0246cd058bdf,conference,somewhat_close,3,1,1,2,0.1538461538461538,0.32602173,0.33012256
e70bcbeb-364c-532e-a143-0246cd058bdf,conference,somewhat_close,3,1,2,5,0.3846153846153846,0.1874909,0.2040172
e70bcbeb-364c-532e-a143-0246cd058bdf,conference,somewhat_close,3,1,3,1,0.0769230769230769,0.13970904,0.13552926
e70bcbeb-364c-532e-a143-0246cd058bdf,cooking,somewhat_close,4,1,0,3,0.1764705882352941,0.3350411,0.302899
e70bcbeb-364c-532e-a143-0246cd058bdf,cooking,somewhat_close,4,1,1,2,0.1176470588235294,0.301432,0.3137101
e70bcbeb-364c-532e-a143-0246cd058bdf,cooking,somewhat_close,4,1,2,7,0.4117647058823529,0.2060558,0.21770318
e70bcbeb-364c-532e-a143-0246cd058bdf,cooking,somewhat_close,4,1,3,5,0.2941176470588235,0.15747108,0.16568774
e70bcbeb-364c-532e-a143-0246cd058bdf,oysters,close,12,2,0,3,0.25,0.35450813,0.32386693
e70bcbeb-364c-532e-a143-0246cd058bdf,oysters,close,12,2,1,4,0.3333333333333333,0.30145344,0.29327434
e70bcbeb-364c-532e-a143-0246cd058bdf,oysters,close,12,2,2,3,0.25,0.19799377,0.21184032
e70bcbeb-364c-532e-a143-0246cd058bdf,oysters,close,12,2,3,2,0.1666666666666666,0.14604472,0.17101833
e70bcbeb-364c-532e-a143-0246cd058bdf,drinks,somewhat_close,7,1,0,5,0.2631578947368421,0.34319648,0.34077784
e70bcbeb-364c-532e-a143-0246cd058bdf,drinks,somewhat_close,7,1,1,6,0.3157894736842105,0.26716295,0.2960432
e70bcbeb-364c-532e-a143-0246cd058bdf,drinks,somewhat_close,7,1,2,7,0.3684210526315789,0.22266258,0.20890208
e70bcbeb-364c-532e-a143-0246cd058bdf,drinks,somewhat_close,7,1,3,1,0.0526315789473684,0.16697805,0.15427689
1614c84e-f4d8-5a45-b8c3-3fbaf37adb5b,conference,somewhat_close,3,1,0,2,0.1666666666666666,0.3467783,0.330331
1614c84e-f4d8-5a45-b8c3-3fbaf37adb5b,conference,somewhat_close,3,1,1,6,0.5,0.32602173,0.33012256
1614c84e-f4d8-5a45-b8c3-3fbaf37adb5b,conference,somewhat_close,3,1,2,3,0.25,0.1874909,0.2040172
1614c84e-f4d8-5a45-b8c3-3fbaf37adb5b,conference,somewhat_close,3,1,3,1,0.0833333333333333,0.13970904,0.13552926
1614c84e-f4d8-5a45-b8c3-3fbaf37adb5b,brunch,close,2,2,0,3,0.1764705882352941,0.31266126,0.2922043
1614c84e-f4d8-5a45-b8c3-3fbaf37adb5b,brunch,close,2,2,1,4,0.2352941176470588,0.29284903,0.27890328
1614c84e-f4d8-5a45-b8c3-3fbaf37adb5b,brunch,close,2,2,2,5,0.2941176470588235,0.22538273,0.2363917
1614c84e-f4d8-5a45-b8c3-3fbaf37adb5b,brunch,close,2,2,3,5,0.2941176470588235,0.1691069,0.19250078
1614c84e-f4d8-5a45-b8c3-3fbaf37adb5b,hike,not_close,11,0,0,6,0.4285714285714285,0.3467728,0.3642791
1614c84e-f4d8-5a45-b8c3-3fbaf37adb5b,hike,not_close,11,0,1,5,0.3571428571428571,0.3240307,0.31677198
1614c84e-f4d8-5a45-b8c3-3fbaf37adb5b,hike,not_close,11,0,2,2,0.1428571428571428,0.19134435,0.1780148
1614c84e-f4d8-5a45-b8c3-3fbaf37adb5b,hike,not_close,11,0,3,1,0.0714285714285714,0.13785222,0.1409341
1614c84e-f4d8-5a45-b8c3-3fbaf37adb5b,drinks,extremely_close,7,3,0,3,0.25,0.34319648,0.24337234
1614c84e-f4d8-5a45-b8c3-3fbaf37adb5b,drinks,extremely_close,7,3,1,2,0.1666666666666666,0.26716295,0.29073274
1614c84e-f4d8-5a45-b8c3-3fbaf37adb5b,drinks,extremely_close,7,3,2,3,0.25,0.22266258,0.22844173
1614c84e-f4d8-5a45-b8c3-3fbaf37adb5b,drinks,extremely_close,7,3,3,4,0.3333333333333333,0.16697805,0.23745316
1614c84e-f4d8-5a45-b8c3-3fbaf37adb5b,oysters,not_close,12,0,0,6,0.5,0.35450813,0.35589477
1614c84e-f4d8-5a45-b8c3-3fbaf37adb5b,oysters,not_close,12,0,1,2,0.1666666666666666,0.30145344,0.31109774
1614c84e-f4d8-5a45-b8c3-3fbaf37adb5b,oysters,not_close,12,0,2,2,0.1666666666666666,0.19799377,0.19477606
1614c84e-f4d8-5a45-b8c3-3fbaf37adb5b,oysters,not_close,12,0,3,2,0.1666666666666666,0.14604472,0.13823144
1614c84e-f4d8-5a45-b8c3-3fbaf37adb5b,basketball,extremely_close,0,3,0,2,0.125,0.32619047,0.3092946
1614c84e-f4d8-5a45-b8c3-3fbaf37adb5b,basketball,extremely_close,0,3,1,6,0.375,0.31149498,0.30697325
1614c84e-f4d8-5a45-b8c3-3fbaf37adb5b,basketball,extremely_close,0,3,2,3,0.1875,0.21755591,0.22017495
1614c84e-f4d8-5a45-b8c3-3fbaf37adb5b,basketball,extremely_close,0,3,3,5,0.3125,0.14475863,0.16355725
1614c84e-f4d8-5a45-b8c3-3fbaf37adb5b,wedding,not_close,15,0,0,6,0.4,0.31908587,0.34685898
1614c84e-f4d8-5a45-b8c3-3fbaf37adb5b,wedding,not_close,15,0,1,3,0.2,0.29837966,0.30831352
1614c84e-f4d8-5a45-b8c3-3fbaf37adb5b,wedding,not_close,15,0,2,5,0.3333333333333333,0.23396881,0.22699372
1614c84e-f4d8-5a45-b8c3-3fbaf37adb5b,wedding,not_close,15,0,3,1,0.0666666666666666,0.14856559,0.11783374
1614c84e-f4d8-5a45-b8c3-3fbaf37adb5b,cooking,somewhat_close,4,1,0,2,0.1333333333333333,0.3350411,0.302899
1614c84e-f4d8-5a45-b8c3-3fbaf37adb5b,cooking,somewhat_close,4,1,1,6,0.4,0.301432,0.3137101
1614c84e-f4d8-5a45-b8c3-3fbaf37adb5b,cooking,somewhat_close,4,1,2,5,0.3333333333333333,0.2060558,0.21770318
1614c84e-f4d8-5a45-b8c3-3fbaf37adb5b,cooking,somewhat_close,4,1,3,2,0.1333333333333333,0.15747108,0.16568774
1614c84e-f4d8-5a45-b8c3-3fbaf37adb5b,birthday,somewhat_close,1,1,0,3,0.2142857142857142,0.33094808,0.309631
1614c84e-f4d8-5a45-b8c3-3fbaf37adb5b,birthday,somewhat_close,1,1,1,5,0.3571428571428571,0.31393355,0.31623533
1614c84e-f4d8-5a45-b8c3-3fbaf37adb5b,birthday,somewhat_close,1,1,2,3,0.2142857142857142,0.21405,0.23311108
1614c84e-f4d8-5a45-b8c3-3fbaf37adb5b,birthday,somewhat_close,1,1,3,3,0.2142857142857142,0.14106838,0.14102258
1614c84e-f4d8-5a45-b8c3-3fbaf37adb5b,fair,extremely_close,9,3,0,5,0.2272727272727272,0.3399395,0.32443607
1614c84e-f4d8-5a45-b8c3-3fbaf37adb5b,fair,extremely_close,9,3,1,5,0.2272727272727272,0.32053334,0.2984974
1614c84e-f4d8-5a45-b8c3-3fbaf37adb5b,fair,extremely_close,9,3,2,6,0.2727272727272727,0.20100063,0.20797278
1614c84e-f4d8-5a45-b8c3-3fbaf37adb5b,fair,extremely_close,9,3,3,6,0.2727272727272727,0.1385266,0.16909374
1614c84e-f4d8-5a45-b8c3-3fbaf37adb5b,gala,extremely_close,10,3,0,3,0.1428571428571428,0.37736025,0.27933165
1614c84e-f4d8-5a45-b8c3-3fbaf37adb5b,gala,extremely_close,10,3,1,6,0.2857142857142857,0.24683172,0.27254456
1614c84e-f4d8-5a45-b8c3-3fbaf37adb5b,gala,extremely_close,10,3,2,6,0.2857142857142857,0.21063499,0.25221765
1614c84e-f4d8-5a45-b8c3-3fbaf37adb5b,gala,extremely_close,10,3,3,6,0.2857142857142857,0.165173,0.19590618
1614c84e-f4d8-5a45-b8c3-3fbaf37adb5b,soup,somewhat_close,14,1,0,7,0.5833333333333334,0.3512944,0.33787718
1614c84e-f4d8-5a45-b8c3-3fbaf37adb5b,soup,somewhat_close,14,1,1,2,0.1666666666666666,0.31583798,0.30691224
1614c84e-f4d8-5a45-b8c3-3fbaf37adb5b,soup,somewhat_close,14,1,2,2,0.1666666666666666,0.18198796,0.19641732
1614c84e-f4d8-5a45-b8c3-3fbaf37adb5b,soup,somewhat_close,14,1,3,1,0.0833333333333333,0.15087959,0.15879321
1614c84e-f4d8-5a45-b8c3-3fbaf37adb5b,crabs,close,5,2,0,2,0.1333333333333333,0.34133512,0.3152678
1614c84e-f4d8-5a45-b8c3-3fbaf37adb5b,crabs,close,5,2,1,7,0.4666666666666667,0.3221551,0.32385492
1614c84e-f4d8-5a45-b8c3-3fbaf37adb5b,crabs,close,5,2,2,3,0.2,0.18072298,0.19468644
1614c84e-f4d8-5a45-b8c3-3fbaf37adb5b,crabs,close,5,2,3,3,0.2,0.15578677,0.16619082
1614c84e-f4d8-5a45-b8c3-3fbaf37adb5b,dip,close,6,2,0,6,0.2608695652173913,0.34664327,0.33677724
1614c84e-f4d8-5a45-b8c3-3fbaf37adb5b,dip,close,6,2,1,6,0.2608695652173913,0.27114132,0.28138566
1614c84e-f4d8-5a45-b8c3-3fbaf37adb5b,dip,close,6,2,2,6,0.2608695652173913,0.2222055,0.22993708
1614c84e-f4d8-5a45-b8c3-3fbaf37adb5b,dip,close,6,2,3,5,0.217391304347826,0.16000988,0.15190005
1614c84e-f4d8-5a45-b8c3-3fbaf37adb5b,social,close,13,2,0,5,0.3571428571428571,0.40185055,0.3784892
1614c84e-f4d8-5a45-b8c3-3fbaf37adb5b,social,close,13,2,1,3,0.2142857142857142,0.2581625,0.26476493
1614c84e-f4d8-5a45-b8c3-3fbaf37adb5b,social,close,13,2,2,3,0.2142857142857142,0.1958849,0.20696187
1614c84e-f4d8-5a45-b8c3-3fbaf37adb5b,social,close,13,2,3,3,0.2142857142857142,0.14410202,0.14978395
1614c84e-f4d8-5a45-b8c3-3fbaf37adb5b,driving,not_close,8,0,0,5,0.3333333333333333,0.33066627,0.31951004
1614c84e-f4d8-5a45-b8c3-3fbaf37adb5b,driving,not_close,8,0,1,6,0.4,0.31550372,0.3540611
1614c84e-f4d8-5a45-b8c3-3fbaf37adb5b,driving,not_close,8,0,2,2,0.1333333333333333,0.212756,0.19448832
1614c84e-f4d8-5a45-b8c3-3fbaf37adb5b,driving,not_close,8,0,3,2,0.1333333333333333,0.14107409,0.1319406
bfab4c67-aa82-552e-90c9-c13d1d5285f5,brunch,extremely_close,2,3,0,3,0.1363636363636363,0.31266126,0.26310802
bfab4c67-aa82-552e-90c9-c13d1d5285f5,brunch,extremely_close,2,3,1,6,0.2727272727272727,0.29284903,0.27545908
bfab4c67-aa82-552e-90c9-c13d1d5285f5,brunch,extremely_close,2,3,2,7,0.3181818181818182,0.22538273,0.24720623
bfab4c67-aa82-552e-90c9-c13d1d5285f5,brunch,extremely_close,2,3,3,6,0.2727272727272727,0.1691069,0.21422674
bfab4c67-aa82-552e-90c9-c13d1d5285f5,oysters,somewhat_close,12,1,0,6,0.4285714285714285,0.35450813,0.34644595
bfab4c67-aa82-552e-90c9-c13d1d5285f5,oysters,somewhat_close,12,1,1,3,0.2142857142857142,0.30145344,0.29076707
bfab4c67-aa82-552e-90c9-c13d1d5285f5,oysters,somewhat_close,12,1,2,4,0.2857142857142857,0.19799377,0.20686175
bfab4c67-aa82-552e-90c9-c13d1d5285f5,oysters,somewhat_close,12,1,3,1,0.0714285714285714,0.14604472,0.1559252
bfab4c67-aa82-552e-90c9-c13d1d5285f5,basketball,close,0,2,0,3,0.1764705882352941,0.32619047,0.3229036
bfab4c67-aa82-552e-90c9-c13d1d5285f5,basketball,close,0,2,1,7,0.4117647058823529,0.31149498,0.29293644
bfab4c67-aa82-552e-90c9-c13d1d5285f5,basketball,close,0,2,2,5,0.2941176470588235,0.21755591,0.20826088
bfab4c67-aa82-552e-90c9-c13d1d5285f5,basketball,close,0,2,3,2,0.1176470588235294,0.14475863,0.175899
bfab4c67-aa82-552e-90c9-c13d1d5285f5,soup,somewhat_close,14,1,0,6,0.3529411764705882,0.3512944,0.33787718
bfab4c67-aa82-552e-90c9-c13d1d5285f5,soup,somewhat_close,14,1,1,5,0.2941176470588235,0.31583798,0.30691224
bfab4c67-aa82-552e-90c9-c13d1d5285f5,soup,somewhat_close,14,1,2,4,0.2352941176470588,0.18198796,0.19641732
bfab4c67-aa82-552e-90c9-c13d1d5285f5,soup,somewhat_close,14,1,3,2,0.1176470588235294,0.15087959,0.15879321
bfab4c67-aa82-552e-90c9-c13d1d5285f5,drinks,somewhat_close,7,1,0,6,0.375,0.34319648,0.34077784
bfab4c67-aa82-552e-90c9-c13d1d5285f5,drinks,somewhat_close,7,1,1,5,0.3125,0.26716295,0.2960432
bfab4c67-aa82-552e-90c9-c13d1d5285f5,drinks,somewhat_close,7,1,2,3,0.1875,0.22266258,0.20890208
bfab4c67-aa82-552e-90c9-c13d1d5285f5,drinks,somewhat_close,7,1,3,2,0.125,0.16697805,0.15427689
bfab4c67-aa82-552e-90c9-c13d1d5285f5,cooking,not_close,4,0,0,1,0.0769230769230769,0.3350411,0.30513674
bfab4c67-aa82-552e-90c9-c13d1d5285f5,cooking,not_close,4,0,1,7,0.5384615384615384,0.301432,0.3403478
bfab4c67-aa82-552e-90c9-c13d1d5285f5,cooking,not_close,4,0,2,3,0.2307692307692307,0.2060558,0.19110213
bfab4c67-aa82-552e-90c9-c13d1d5285f5,cooking,not_close,4,0,3,2,0.1538461538461538,0.15747108,0.1634134
bfab4c67-aa82-552e-90c9-c13d1d5285f5,birthday,not_close,1,0,0,7,0.5384615384615384,0.33094808,0.35584754
bfab4c67-aa82-552e-90c9-c13d1d5285f5,birthday,not_close,1,0,1,3,0.2307692307692307,0.31393355,0.31760582
bfab4c67-aa82-552e-90c9-c13d1d5285f5,birthday,not_close,1,0,2,2,0.1538461538461538,0.21405,0.1876142
bfab4c67-aa82-552e-90c9-c13d1d5285f5,birthday,not_close,1,0,3,1,0.0769230769230769,0.14106838,0.13893244
bfab4c67-aa82-552e-90c9-c13d1d5285f5,fair,close,9,2,0,2,0.1111111111111111,0.3399395,0.3417284
bfab4c67-aa82-552e-90c9-c13d1d5285f5,fair,close,9,2,1,7,0.3888888888888889,0.32053334,0.32354605
bfab4c67-aa82-552e-90c9-c13d1d5285f5,fair,close,9,2,2,6,0.3333333333333333,0.20100063,0.19540344
bfab4c67-aa82-552e-90c9-c13d1d5285f5,fair,close,9,2,3,3,0.1666666666666666,0.1385266,0.13932213
bfab4c67-aa82-552e-90c9-c13d1d5285f5,crabs,somewhat_close,5,1,0,5,0.3125,0.34133512,0.3514227
bfab4c67-aa82-552e-90c9-c13d1d5285f5,crabs,somewhat_close,5,1,1,6,0.375,0.3221551,0.35142806
bfab4c67-aa82-552e-90c9-c13d1d5285f5,crabs,somewhat_close,5,1,2,2,0.125,0.18072298,0.148849
bfab4c67-aa82-552e-90c9-c13d1d5285f5,crabs,somewhat_close,5,1,3,3,0.1875,0.15578677,0.14830023
bfab4c67-aa82-552e-90c9-c13d1d5285f5,hike,extremely_close,11,3,0,2,0.0909090909090909,0.3467728,0.33196965
bfab4c67-aa82-552e-90c9-c13d1d5285f5,hike,extremely_close,11,3,1,7,0.3181818181818182,0.3240307,0.28882948
bfab4c67-aa82-552e-90c9-c13d1d5285f5,hike,extremely_close,11,3,2,6,0.2727272727272727,0.19134435,0.21154393
bfab4c67-aa82-552e-90c9-c13d1d5285f5,hike,extremely_close,11,3,3,7,0.3181818181818182,0.13785222,0.167657
bfab4c67-aa82-552e-90c9-c13d1d5285f5,conference,not_close,3,0,0,6,0.375,0.3467783,0.33014685
bfab4c67-aa82-552e-90c9-c13d1d5285f5,conference,not_close,3,0,1,7,0.4375,0.32602173,0.3841856
bfab4c67-aa82-552e-90c9-c13d1d5285f5,conference,not_close,3,0,2,2,0.125,0.1874909,0.16168493
bfab4c67-aa82-552e-90c9-c13d1d5285f5,conference,not_close,3,0,3,1,0.0625,0.13970904,0.123982586
bfab4c67-aa82-552e-90c9-c13d1d5285f5,social,extremely_close,13,3,0,5,0.2083333333333333,0.40185055,0.34408742
bfab4c67-aa82-552e-90c9-c13d1d5285f5,social,extremely_close,13,3,1,6,0.25,0.2581625,0.258135
bfab4c67-aa82-552e-90c9-c13d1d5285f5,social,extremely_close,13,3,2,7,0.2916666666666667,0.1958849,0.2316001
bfab4c67-aa82-552e-90c9-c13d1d5285f5,social,extremely_close,13,3,3,6,0.25,0.14410202,0.16617753
bfab4c67-aa82-552e-90c9-c13d1d5285f5,dip,close,6,2,0,7,0.35,0.34664327,0.33677724
bfab4c67-aa82-552e-90c9-c13d1d5285f5,dip,close,6,2,1,6,0.3,0.27114132,0.28138566
bfab4c67-aa82-552e-90c9-c13d1d5285f5,dip,close,6,2,2,5,0.25,0.2222055,0.22993708
bfab4c67-aa82-552e-90c9-c13d1d5285f5,dip,close,6,2,3,2,0.1,0.16000988,0.15190005
bfab4c67-aa82-552e-90c9-c13d1d5285f5,gala,close,10,2,0,5,0.217391304347826,0.37736025,0.30581924
bfab4c67-aa82-552e-90c9-c13d1d5285f5,gala,close,10,2,1,7,0.3043478260869565,0.24683172,0.27153325
bfab4c67-aa82-552e-90c9-c13d1d5285f5,gala,close,10,2,2,6,0.2608695652173913,0.21063499,0.2401309
bfab4c67-aa82-552e-90c9-c13d1d5285f5,gala,close,10,2,3,5,0.217391304347826,0.165173,0.18251657
bfab4c67-aa82-552e-90c9-c13d1d5285f5,driving,extremely_close,8,3,0,2,0.1,0.33066627,0.27924845
bfab4c67-aa82-552e-90c9-c13d1d5285f5,driving,extremely_close,8,3,1,7,0.35,0.31550372,0.30885038
bfab4c67-aa82-552e-90c9-c13d1d5285f5,driving,extremely_close,8,3,2,6,0.3,0.212756,0.22954276
bfab4c67-aa82-552e-90c9-c13d1d5285f5,driving,extremely_close,8,3,3,5,0.25,0.14107409,0.18235837
bfab4c67-aa82-552e-90c9-c13d1d5285f5,wedding,not_close,15,0,0,7,0.5,0.31908587,0.34685898
bfab4c67-aa82-552e-90c9-c13d1d5285f5,wedding,not_close,15,0,1,2,0.1428571428571428,0.29837966,0.30831352
bfab4c67-aa82-552e-90c9-c13d1d5285f5,wedding,not_close,15,0,2,3,0.2142857142857142,0.23396881,0.22699372
bfab4c67-aa82-552e-90c9-c13d1d5285f5,wedding,not_close,15,0,3,2,0.1428571428571428,0.14856559,0.11783374
f370b075-282b-53f4-9673-2d14524f8743,driving,somewhat_close,8,1,0,5,0.3571428571428571,0.33066627,0.3126709
f370b075-282b-53f4-9673-2d14524f8743,driving,somewhat_close,8,1,1,6,0.4285714285714285,0.31550372,0.329562
f370b075-282b-53f4-9673-2d14524f8743,driving,somewhat_close,8,1,2,2,0.1428571428571428,0.212756,0.21199694
f370b075-282b-53f4-9673-2d14524f8743,driving,somewhat_close,8,1,3,1,0.0714285714285714,0.14107409,0.14577018
f370b075-282b-53f4-9673-2d14524f8743,oysters,close,12,2,0,2,0.1666666666666666,0.35450813,0.32386693
f370b075-282b-53f4-9673-2d14524f8743,oysters,close,12,2,1,5,0.4166666666666667,0.30145344,0.29327434
f370b075-282b-53f4-9673-2d14524f8743,oysters,close,12,2,2,3,0.25,0.19799377,0.21184032
f370b075-282b-53f4-9673-2d14524f8743,oysters,close,12,2,3,2,0.1666666666666666,0.14604472,0.17101833
f370b075-282b-53f4-9673-2d14524f8743,soup,close,14,2,0,7,0.3888888888888889,0.3512944,0.3422157
f370b075-282b-53f4-9673-2d14524f8743,soup,close,14,2,1,4,0.2222222222222222,0.31583798,0.29969218
f370b075-282b-53f4-9673-2d14524f8743,soup,close,14,2,2,5,0.2777777777777778,0.18198796,0.19644682
f370b075-282b-53f4-9673-2d14524f8743,soup,close,14,2,3,2,0.1111111111111111,0.15087959,0.16164538
f370b075-282b-53f4-9673-2d14524f8743,hike,close,11,2,0,3,0.2142857142857142,0.3467728,0.31535208
f370b075-282b-53f4-9673-2d14524f8743,hike,close,11,2,1,7,0.5,0.3240307,0.3006642
f370b075-282b-53f4-9673-2d14524f8743,hike,close,11,2,2,3,0.2142857142857142,0.19134435,0.20856297
f370b075-282b-53f4-9673-2d14524f8743,hike,close,11,2,3,1,0.0714285714285714,0.13785222,0.17542079
f370b075-282b-53f4-9673-2d14524f8743,wedding,extremely_close,15,3,0,5,0.2272727272727272,0.31908587,0.2974841
f370b075-282b-53f4-9673-2d14524f8743,wedding,extremely_close,15,3,1,6,0.2727272727272727,0.29837966,0.27377465
f370b075-282b-53f4-9673-2d14524f8743,wedding,extremely_close,15,3,2,6,0.2727272727272727,0.23396881,0.24111676
f370b075-282b-53f4-9673-2d14524f8743,wedding,extremely_close,15,3,3,5,0.2272727272727272,0.14856559,0.18762444
f370b075-282b-53f4-9673-2d14524f8743,basketball,extremely_close,0,3,0,2,0.0952380952380952,0.32619047,0.3092946
f370b075-282b-53f4-9673-2d14524f8743,basketball,extremely_close,0,3,1,7,0.3333333333333333,0.31149498,0.30697325
f370b075-282b-53f4-9673-2d14524f8743,basketball,extremely_close,0,3,2,6,0.2857142857142857,0.21755591,0.22017495
f370b075-282b-53f4-9673-2d14524f8743,basketball,extremely_close,0,3,3,6,0.2857142857142857,0.14475863,0.16355725
f370b075-282b-53f4-9673-2d14524f8743,birthday,extremely_close,1,3,0,3,0.1666666666666666,0.33094808,0.29339695
f370b075-282b-53f4-9673-2d14524f8743,birthday,extremely_close,1,3,1,7,0.3888888888888889,0.31393355,0.28846595
f370b075-282b-53f4-9673-2d14524f8743,birthday,extremely_close,1,3,2,6,0.3333333333333333,0.21405,0.24154752
f370b075-282b-53f4-9673-2d14524f8743,birthday,extremely_close,1,3,3,2,0.1111111111111111,0.14106838,0.1765896
f370b075-282b-53f4-9673-2d14524f8743,crabs,not_close,5,0,0,7,0.5,0.34133512,0.3294243
f370b075-282b-53f4-9673-2d14524f8743,crabs,not_close,5,0,1,5,0.3571428571428571,0.3221551,0.36001885
f370b075-282b-53f4-9673-2d14524f8743,crabs,not_close,5,0,2,1,0.0714285714285714,0.18072298,0.16664708
f370b075-282b-53f4-9673-2d14524f8743,crabs,not_close,5,0,3,1,0.0714285714285714,0.15578677,0.14390975
f370b075-282b-53f4-9673-2d14524f8743,gala,somewhat_close,10,1,0,6,0.3333333333333333,0.37736025,0.32411346
f370b075-282b-53f4-9673-2d14524f8743,gala,somewhat_close,10,1,1,5,0.2777777777777778,0.24683172,0.25308076
f370b075-282b-53f4-9673-2d14524f8743,gala,somewhat_close,10,1,2,5,0.2777777777777778,0.21063499,0.23114428
f370b075-282b-53f4-9673-2d14524f8743,gala,somewhat_close,10,1,3,2,0.1111111111111111,0.165173,0.1916615
f370b075-282b-53f4-9673-2d14524f8743,brunch,extremely_close,2,3,0,1,0.0526315789473684,0.31266126,0.26310802
f370b075-282b-53f4-9673-2d14524f8743,brunch,extremely_close,2,3,1,6,0.3157894736842105,0.29284903,0.27545908
f370b075-282b-53f4-9673-2d14524f8743,brunch,extremely_close,2,3,2,7,0.3684210526315789,0.22538273,0.24720623
f370b075-282b-53f4-9673-2d14524f8743,brunch,extremely_close,2,3,3,5,0.2631578947368421,0.1691069,0.21422674
f370b075-282b-53f4-9673-2d14524f8743,fair,somewhat_close,9,1,0,5,0.3571428571428571,0.3399395,0.29991916
f370b075-282b-53f4-9673-2d14524f8743,fair,somewhat_close,9,1,1,6,0.4285714285714285,0.32053334,0.31271672
f370b075-282b-53f4-9673-2d14524f8743,fair,somewhat_close,9,1,2,2,0.1428571428571428,0.20100063,0.22270054
f370b075-282b-53f4-9673-2d14524f8743,fair,somewhat_close,9,1,3,1,0.0714285714285714,0.1385266,0.16466357
f370b075-282b-53f4-9673-2d14524f8743,social,close,13,2,0,2,0.1666666666666666,0.40185055,0.3784892
f370b075-282b-53f4-9673-2d14524f8743,social,close,13,2,1,6,0.5,0.2581625,0.26476493
f370b075-282b-53f4-9673-2d14524f8743,social,close,13,2,2,3,0.25,0.1958849,0.20696187
f370b075-282b-53f4-9673-2d14524f8743,social,close,13,2,3,1,0.0833333333333333,0.14410202,0.14978395
f370b075-282b-53f4-9673-2d14524f8743,conference,not_close,3,0,0,6,0.4615384615384615,0.3467783,0.33014685
f370b075-282b-53f4-9673-2d14524f8743,conference,not_close,3,0,1,5,0.3846153846153846,0.32602173,0.3841856
f370b075-282b-53f4-9673-2d14524f8743,conference,not_close,3,0,2,1,0.0769230769230769,0.1874909,0.16168493
f370b075-282b-53f4-9673-2d14524f8743,conference,not_close,3,0,3,1,0.0769230769230769,0.13970904,0.123982586
f370b075-282b-53f4-9673-2d14524f8743,dip,not_close,6,0,0,7,0.5384615384615384,0.34664327,0.39242724
f370b075-282b-53f4-9673-2d14524f8743,dip,not_close,6,0,1,3,0.2307692307692307,0.27114132,0.2466927
f370b075-282b-53f4-9673-2d14524f8743,dip,not_close,6,0,2,2,0.1538461538461538,0.2222055,0.21824121
f370b075-282b-53f4-9673-2d14524f8743,dip,not_close,6,0,3,1,0.0769230769230769,0.16000988,0.14263879
f370b075-282b-53f4-9673-2d14524f8743,cooking,not_close,4,0,0,2,0.1538461538461538,0.3350411,0.30513674
f370b075-282b-53f4-9673-2d14524f8743,cooking,not_close,4,0,1,7,0.5384615384615384,0.301432,0.3403478
f370b075-282b-53f4-9673-2d14524f8743,cooking,not_close,4,0,2,3,0.2307692307692307,0.2060558,0.19110213
f370b075-282b-53f4-9673-2d14524f8743,cooking,not_close,4,0,3,1,0.0769230769230769,0.15747108,0.1634134
f370b075-282b-53f4-9673-2d14524f8743,drinks,somewhat_close,7,1,0,5,0.3571428571428571,0.34319648,0.34077784
f370b075-282b-53f4-9673-2d14524f8743,drinks,somewhat_close,7,1,1,6,0.4285714285714285,0.26716295,0.2960432
f370b075-282b-53f4-9673-2d14524f8743,drinks,somewhat_close,7,1,2,2,0.1428571428571428,0.22266258,0.20890208
f370b075-282b-53f4-9673-2d14524f8743,drinks,somewhat_close,7,1,3,1,0.0714285714285714,0.16697805,0.15427689
00c658b3-6a38-5515-87ad-65d359fa8826,gala,extremely_close,10,3,0,3,0.1578947368421052,0.37736025,0.27933165
00c658b3-6a38-5515-87ad-65d359fa8826,gala,extremely_close,10,3,1,7,0.3684210526315789,0.24683172,0.27254456
00c658b3-6a38-5515-87ad-65d359fa8826,gala,extremely_close,10,3,2,7,0.3684210526315789,0.21063499,0.25221765
00c658b3-6a38-5515-87ad-65d359fa8826,gala,extremely_close,10,3,3,2,0.1052631578947368,0.165173,0.19590618
00c658b3-6a38-5515-87ad-65d359fa8826,fair,somewhat_close,9,1,0,5,0.4166666666666667,0.3399395,0.29991916
00c658b3-6a38-5515-87ad-65d359fa8826,fair,somewhat_close,9,1,1,5,0.4166666666666667,0.32053334,0.31271672
00c658b3-6a38-5515-87ad-65d359fa8826,fair,somewhat_close,9,1,2,1,0.0833333333333333,0.20100063,0.22270054
00c658b3-6a38-5515-87ad-65d359fa8826,fair,somewhat_close,9,1,3,1,0.0833333333333333,0.1385266,0.16466357
00c658b3-6a38-5515-87ad-65d359fa8826,birthday,somewhat_close,1,1,0,6,0.4615384615384615,0.33094808,0.309631
00c658b3-6a38-5515-87ad-65d359fa8826,birthday,somewhat_close,1,1,1,5,0.3846153846153846,0.31393355,0.31623533
00c658b3-6a38-5515-87ad-65d359fa8826,birthday,somewhat_close,1,1,2,1,0.0769230769230769,0.21405,0.23311108
00c658b3-6a38-5515-87ad-65d359fa8826,birthday,somewhat_close,1,1,3,1,0.0769230769230769,0.14106838,0.14102258
00c658b3-6a38-5515-87ad-65d359fa8826,conference,extremely_close,3,3,0,1,0.0769230769230769,0.3467783,0.3099088
00c658b3-6a38-5515-87ad-65d359fa8826,conference,extremely_close,3,3,1,5,0.3846153846153846,0.32602173,0.2874739
00c658b3-6a38-5515-87ad-65d359fa8826,conference,extremely_close,3,3,2,6,0.4615384615384615,0.1874909,0.2322446
00c658b3-6a38-5515-87ad-65d359fa8826,conference,extremely_close,3,3,3,1,0.0769230769230769,0.13970904,0.17037268
00c658b3-6a38-5515-87ad-65d359fa8826,oysters,close,12,2,0,5,0.3571428571428571,0.35450813,0.32386693
00c658b3-6a38-5515-87ad-65d359fa8826,oysters,close,12,2,1,5,0.3571428571428571,0.30145344,0.29327434
00c658b3-6a38-5515-87ad-65d359fa8826,oysters,close,12,2,2,3,0.2142857142857142,0.19799377,0.21184032
00c658b3-6a38-5515-87ad-65d359fa8826,oysters,close,12,2,3,1,0.0714285714285714,0.14604472,0.17101833
00c658b3-6a38-5515-87ad-65d359fa8826,social,close,13,2,0,5,0.3333333333333333,0.40185055,0.3784892
00c658b3-6a38-5515-87ad-65d359fa8826,social,close,13,2,1,3,0.2,0.2581625,0.26476493
00c658b3-6a38-5515-87ad-65d359fa8826,social,close,13,2,2,5,0.3333333333333333,0.1958849,0.20696187
00c658b3-6a38-5515-87ad-65d359fa8826,social,close,13,2,3,2,0.1333333333333333,0.14410202,0.14978395
00c658b3-6a38-5515-87ad-65d359fa8826,basketball,somewhat_close,0,1,0,2,0.2222222222222222,0.32619047,0.31074163
00c658b3-6a38-5515-87ad-65d359fa8826,basketball,somewhat_close,0,1,1,5,0.5555555555555556,0.31149498,0.30840942
00c658b3-6a38-5515-87ad-65d359fa8826,basketball,somewhat_close,0,1,2,1,0.1111111111111111,0.21755591,0.22120504
00c658b3-6a38-5515-87ad-65d359fa8826,basketball,somewhat_close,0,1,3,1,0.1111111111111111,0.14475863,0.15964389
00c658b3-6a38-5515-87ad-65d359fa8826,soup,not_close,14,0,0,7,0.7,0.3512944,0.3687841
00c658b3-6a38-5515-87ad-65d359fa8826,soup,not_close,14,0,1,1,0.1,0.31583798,0.32352978
00c658b3-6a38-5515-87ad-65d359fa8826,soup,not_close,14,0,2,1,0.1,0.18198796,0.17495361
00c658b3-6a38-5515-87ad-65d359fa8826,soup,not_close,14,0,3,1,0.1,0.15087959,0.13273244
00c658b3-6a38-5515-87ad-65d359fa8826,crabs,not_close,5,0,0,5,0.5,0.34133512,0.3294243
00c658b3-6a38-5515-87ad-65d359fa8826,crabs,not_close,5,0,1,3,0.3,0.3221551,0.36001885
00c658b3-6a38-5515-87ad-65d359fa8826,crabs,not_close,5,0,2,1,0.1,0.18072298,0.16664708
00c658b3-6a38-5515-87ad-65d359fa8826,crabs,not_close,5,0,3,1,0.1,0.15578677,0.14390975
00c658b3-6a38-5515-87ad-65d359fa8826,brunch,close,2,2,0,5,0.25,0.31266126,0.2922043
00c658b3-6a38-5515-87ad-65d359fa8826,brunch,close,2,2,1,5,0.25,0.29284903,0.27890328
00c658b3-6a38-5515-87ad-65d359fa8826,brunch,close,2,2,2,5,0.25,0.22538273,0.2363917
00c658b3-6a38-5515-87ad-65d359fa8826,brunch,close,2,2,3,5,0.25,0.1691069,0.19250078
00c658b3-6a38-5515-87ad-65d359fa8826,wedding,extremely_close,15,3,0,3,0.15,0.31908587,0.2974841
00c658b3-6a38-5515-87ad-65d359fa8826,wedding,extremely_close,15,3,1,5,0.25,0.29837966,0.27377465
00c658b3-6a38-5515-87ad-65d359fa8826,wedding,extremely_close,15,3,2,6,0.3,0.23396881,0.24111676
00c658b3-6a38-5515-87ad-65d359fa8826,wedding,extremely_close,15,3,3,6,0.3,0.14856559,0.18762444
00c658b3-6a38-5515-87ad-65d359fa8826,driving,not_close,8,0,0,7,0.5833333333333334,0.33066627,0.31951004
00c658b3-6a38-5515-87ad-65d359fa8826,driving,not_close,8,0,1,3,0.25,0.31550372,0.3540611
00c658b3-6a38-5515-87ad-65d359fa8826,driving,not_close,8,0,2,1,0.0833333333333333,0.212756,0.19448832
00c658b3-6a38-5515-87ad-65d359fa8826,driving,not_close,8,0,3,1,0.0833333333333333,0.14107409,0.1319406
00c658b3-6a38-5515-87ad-65d359fa8826,dip,not_close,6,0,0,7,0.3888888888888889,0.34664327,0.39242724
00c658b3-6a38-5515-87ad-65d359fa8826,dip,not_close,6,0,1,5,0.2777777777777778,0.27114132,0.2466927
00c658b3-6a38-5515-87ad-65d359fa8826,dip,not_close,6,0,2,5,0.2777777777777778,0.2222055,0.21824121
00c658b3-6a38-5515-87ad-65d359fa8826,dip,not_close,6,0,3,1,0.0555555555555555,0.16000988,0.14263879
00c658b3-6a38-5515-87ad-65d359fa8826,cooking,somewhat_close,4,1,0,2,0.1538461538461538,0.3350411,0.302899
00c658b3-6a38-5515-87ad-65d359fa8826,cooking,somewhat_close,4,1,1,7,0.5384615384615384,0.301432,0.3137101
00c658b3-6a38-5515-87ad-65d359fa8826,cooking,somewhat_close,4,1,2,3,0.2307692307692307,0.2060558,0.21770318
00c658b3-6a38-5515-87ad-65d359fa8826,cooking,somewhat_close,4,1,3,1,0.0769230769230769,0.15747108,0.16568774
00c658b3-6a38-5515-87ad-65d359fa8826,hike,close,11,2,0,5,0.3333333333333333,0.3467728,0.31535208
00c658b3-6a38-5515-87ad-65d359fa8826,hike,close,11,2,1,5,0.3333333333333333,0.3240307,0.3006642
00c658b3-6a38-5515-87ad-65d359fa8826,hike,close,11,2,2,3,0.2,0.19134435,0.20856297
00c658b3-6a38-5515-87ad-65d359fa8826,hike,close,11,2,3,2,0.1333333333333333,0.13785222,0.17542079
00c658b3-6a38-5515-87ad-65d359fa8826,drinks,extremely_close,7,3,0,1,0.0833333333333333,0.34319648,0.24337234
00c658b3-6a38-5515-87ad-65d359fa8826,drinks,extremely_close,7,3,1,1,0.0833333333333333,0.26716295,0.29073274
00c658b3-6a38-5515-87ad-65d359fa8826,drinks,extremely_close,7,3,2,3,0.25,0.22266258,0.22844173
00c658b3-6a38-5515-87ad-65d359fa8826,drinks,extremely_close,7,3,3,7,0.5833333333333334,0.16697805,0.23745316
cdad3404-a692-52ce-af04-22097433ff0c,fair,not_close,9,0,0,5,0.5,0.3399395,0.33449876
cdad3404-a692-52ce-af04-22097433ff0c,fair,not_close,9,0,1,3,0.3,0.32053334,0.3437535
cdad3404-a692-52ce-af04-22097433ff0c,fair,not_close,9,0,2,1,0.1,0.20100063,0.1889061
cdad3404-a692-52ce-af04-22097433ff0c,fair,not_close,9,0,3,1,0.1,0.1385266,0.13284165
cdad3404-a692-52ce-af04-22097433ff0c,conference,extremely_close,3,3,0,5,0.2777777777777778,0.3467783,0.3099088
cdad3404-a692-52ce-af04-22097433ff0c,conference,extremely_close,3,3,1,6,0.3333333333333333,0.32602173,0.2874739
cdad3404-a692-52ce-af04-22097433ff0c,conference,extremely_close,3,3,2,6,0.3333333333333333,0.1874909,0.2322446
cdad3404-a692-52ce-af04-22097433ff0c,conference,extremely_close,3,3,3,1,0.0555555555555555,0.13970904,0.17037268
cdad3404-a692-52ce-af04-22097433ff0c,hike,close,11,2,0,6,0.4285714285714285,0.3467728,0.31535208
cdad3404-a692-52ce-af04-22097433ff0c,hike,close,11,2,1,5,0.3571428571428571,0.3240307,0.3006642
cdad3404-a692-52ce-af04-22097433ff0c,hike,close,11,2,2,2,0.1428571428571428,0.19134435,0.20856297
cdad3404-a692-52ce-af04-22097433ff0c,hike,close,11,2,3,1,0.0714285714285714,0.13785222,0.17542079
cdad3404-a692-52ce-af04-22097433ff0c,brunch,close,2,2,0,1,0.0714285714285714,0.31266126,0.2922043
cdad3404-a692-52ce-af04-22097433ff0c,brunch,close,2,2,1,6,0.4285714285714285,0.29284903,0.27890328
cdad3404-a692-52ce-af04-22097433ff0c,brunch,close,2,2,2,6,0.4285714285714285,0.22538273,0.2363917
cdad3404-a692-52ce-af04-22097433ff0c,brunch,close,2,2,3,1,0.0714285714285714,0.1691069,0.19250078
cdad3404-a692-52ce-af04-22097433ff0c,social,somewhat_close,13,1,0,5,0.5555555555555556,0.40185055,0.3780521
cdad3404-a692-52ce-af04-22097433ff0c,social,somewhat_close,13,1,1,1,0.1111111111111111,0.2581625,0.25415382
cdad3404-a692-52ce-af04-22097433ff0c,social,somewhat_close,13,1,2,2,0.2222222222222222,0.1958849,0.20883785
cdad3404-a692-52ce-af04-22097433ff0c,social,somewhat_close,13,1,3,1,0.1111111111111111,0.14410202,0.15895618
cdad3404-a692-52ce-af04-22097433ff0c,wedding,close,15,2,0,7,0.4375,0.31908587,0.30511737
cdad3404-a692-52ce-af04-22097433ff0c,wedding,close,15,2,1,2,0.125,0.29837966,0.2728047
cdad3404-a692-52ce-af04-22097433ff0c,wedding,close,15,2,2,4,0.25,0.23396881,0.2473037
cdad3404-a692-52ce-af04-22097433ff0c,wedding,close,15,2,3,3,0.1875,0.14856559,0.17477417
cdad3404-a692-52ce-af04-22097433ff0c,dip,not_close,6,0,0,4,0.5,0.34664327,0.39242724
cdad3404-a692-52ce-af04-22097433ff0c,dip,not_close,6,0,1,1,0.125,0.27114132,0.2466927
cdad3404-a692-52ce-af04-22097433ff0c,dip,not_close,6,0,2,2,0.25,0.2222055,0.21824121
cdad3404-a692-52ce-af04-22097433ff0c,dip,not_close,6,0,3,1,0.125,0.16000988,0.14263879
cdad3404-a692-52ce-af04-22097433ff0c,crabs,extremely_close,5,3,0,5,0.238095238095238,0.34133512,0.32297945
cdad3404-a692-52ce-af04-22097433ff0c,crabs,extremely_close,5,3,1,7,0.3333333333333333,0.3221551,0.30443525
cdad3404-a692-52ce-af04-22097433ff0c,crabs,extremely_close,5,3,2,6,0.2857142857142857,0.18072298,0.18565442
cdad3404-a692-52ce-af04-22097433ff0c,crabs,extremely_close,5,3,3,3,0.1428571428571428,0.15578677,0.18693084
cdad3404-a692-52ce-af04-22097433ff0c,oysters,somewhat_close,12,1,0,6,0.4285714285714285,0.35450813,0.34644595
cdad3404-a692-52ce-af04-22097433ff0c,oysters,somewhat_close,12,1,1,5,0.3571428571428571,0.30145344,0.29076707
cdad3404-a692-52ce-af04-22097433ff0c,oysters,somewhat_close,12,1,2,2,0.1428571428571428,0.19799377,0.20686175
cdad3404-a692-52ce-af04-22097433ff0c,oysters,somewhat_close,12,1,3,1,0.0714285714285714,0.14604472,0.1559252
cdad3404-a692-52ce-af04-22097433ff0c,drinks,extremely_close,7,3,0,2,0.1666666666666666,0.34319648,0.24337234
cdad3404-a692-52ce-af04-22097433ff0c,drinks,extremely_close,7,3,1,3,0.25,0.26716295,0.29073274
cdad3404-a692-52ce-af04-22097433ff0c,drinks,extremely_close,7,3,2,1,0.0833333333333333,0.22266258,0.22844173
cdad3404-a692-52ce-af04-22097433ff0c,drinks,extremely_close,7,3,3,6,0.5,0.16697805,0.23745316
cdad3404-a692-52ce-af04-22097433ff0c,soup,extremely_close,14,3,0,6,0.4615384615384615,0.3512944,0.31738377
cdad3404-a692-52ce-af04-22097433ff0c,soup,extremely_close,14,3,1,1,0.0769230769230769,0.31583798,0.29048625
cdad3404-a692-52ce-af04-22097433ff0c,soup,extremely_close,14,3,2,2,0.1538461538461538,0.18198796,0.21168596
cdad3404-a692-52ce-af04-22097433ff0c,soup,extremely_close,14,3,3,4,0.3076923076923077,0.15087959,0.18044408
cdad3404-a692-52ce-af04-22097433ff0c,birthday,somewhat_close,1,1,0,7,0.4666666666666667,0.33094808,0.309631
cdad3404-a692-52ce-af04-22097433ff0c,birthday,somewhat_close,1,1,1,4,0.2666666666666666,0.31393355,0.31623533
cdad3404-a692-52ce-af04-22097433ff0c,birthday,somewhat_close,1,1,2,2,0.1333333333333333,0.21405,0.23311108
cdad3404-a692-52ce-af04-22097433ff0c,birthday,somewhat_close,1,1,3,2,0.1333333333333333,0.14106838,0.14102258
cdad3404-a692-52ce-af04-22097433ff0c,gala,close,10,2,0,3,0.1764705882352941,0.37736025,0.30581924
cdad3404-a692-52ce-af04-22097433ff0c,gala,close,10,2,1,7,0.4117647058823529,0.24683172,0.27153325
cdad3404-a692-52ce-af04-22097433ff0c,gala,close,10,2,2,6,0.3529411764705882,0.21063499,0.2401309
cdad3404-a692-52ce-af04-22097433ff0c,gala,close,10,2,3,1,0.0588235294117647,0.165173,0.18251657
cdad3404-a692-52ce-af04-22097433ff0c,basketball,not_close,0,0,0,5,0.4166666666666667,0.32619047,0.3810742
cdad3404-a692-52ce-af04-22097433ff0c,basketball,not_close,0,0,1,5,0.4166666666666667,0.31149498,0.33203775
cdad3404-a692-52ce-af04-22097433ff0c,basketball,not_close,0,0,2,1,0.0833333333333333,0.21755591,0.16480143
cdad3404-a692-52ce-af04-22097433ff0c,basketball,not_close,0,0,3,1,0.0833333333333333,0.14475863,0.12208664
cdad3404-a692-52ce-af04-22097433ff0c,cooking,somewhat_close,4,1,0,2,0.1428571428571428,0.3350411,0.302899
cdad3404-a692-52ce-af04-22097433ff0c,cooking,somewhat_close,4,1,1,7,0.5,0.301432,0.3137101
cdad3404-a692-52ce-af04-22097433ff0c,cooking,somewhat_close,4,1,2,4,0.2857142857142857,0.2060558,0.21770318
cdad3404-a692-52ce-af04-22097433ff0c,cooking,somewhat_close,4,1,3,1,0.0714285714285714,0.15747108,0.16568774
cdad3404-a692-52ce-af04-22097433ff0c,driving,not_close,8,0,0,7,0.4117647058823529,0.33066627,0.31951004
cdad3404-a692-52ce-af04-22097433ff0c,driving,not_close,8,0,1,6,0.3529411764705882,0.31550372,0.3540611
cdad3404-a692-52ce-af04-22097433ff0c,driving,not_close,8,0,2,2,0.1176470588235294,0.212756,0.19448832
cdad3404-a692-52ce-af04-22097433ff0c,driving,not_close,8,0,3,2,0.1176470588235294,0.14107409,0.1319406
c44d9d67-395e-5ada-b0b0-df8c3dfc43a5,fair,not_close,9,0,0,7,0.4375,0.3399395,0.33449876
c44d9d67-395e-5ada-b0b0-df8c3dfc43a5,fair,not_close,9,0,1,7,0.4375,0.32053334,0.3437535
c44d9d67-395e-5ada-b0b0-df8c3dfc43a5,fair,not_close,9,0,2,1,0.0625,0.20100063,0.1889061
c44d9d67-395e-5ada-b0b0-df8c3dfc43a5,fair,not_close,9,0,3,1,0.0625,0.1385266,0.13284165
c44d9d67-395e-5ada-b0b0-df8c3dfc43a5,soup,somewhat_close,14,1,0,7,0.5384615384615384,0.3512944,0.33787718
c44d9d67-395e-5ada-b0b0-df8c3dfc43a5,soup,somewhat_close,14,1,1,2,0.1538461538461538,0.31583798,0.30691224
c44d9d67-395e-5ada-b0b0-df8c3dfc43a5,soup,somewhat_close,14,1,2,1,0.0769230769230769,0.18198796,0.19641732
c44d9d67-395e-5ada-b0b0-df8c3dfc43a5,soup,somewhat_close,14,1,3,3,0.2307692307692307,0.15087959,0.15879321
c44d9d67-395e-5ada-b0b0-df8c3dfc43a5,cooking,close,4,2,0,1,0.0833333333333333,0.3350411,0.26264983
c44d9d67-395e-5ada-b0b0-df8c3dfc43a5,cooking,close,4,2,1,7,0.5833333333333334,0.301432,0.31273055
c44d9d67-395e-5ada-b0b0-df8c3dfc43a5,cooking,close,4,2,2,2,0.1666666666666666,0.2060558,0.2337246
c44d9d67-395e-5ada-b0b0-df8c3dfc43a5,cooking,close,4,2,3,2,0.1666666666666666,0.15747108,0.19089502
c44d9d67-395e-5ada-b0b0-df8c3dfc43a5,crabs,extremely_close,5,3,0,2,0.125,0.34133512,0.32297945
c44d9d67-395e-5ada-b0b0-df8c3dfc43a5,crabs,extremely_close,5,3,1,7,0.4375,0.3221551,0.30443525
c44d9d67-395e-5ada-b0b0-df8c3dfc43a5,crabs,extremely_close,5,3,2,2,0.125,0.18072298,0.18565442
c44d9d67-395e-5ada-b0b0-df8c3dfc43a5,crabs,extremely_close,5,3,3,5,0.3125,0.15578677,0.18693084
c44d9d67-395e-5ada-b0b0-df8c3dfc43a5,dip,extremely_close,6,3,0,7,0.2692307692307692,0.34664327,0.3213163
c44d9d67-395e-5ada-b0b0-df8c3dfc43a5,dip,extremely_close,6,3,1,7,0.2692307692307692,0.27114132,0.2708203
c44d9d67-395e-5ada-b0b0-df8c3dfc43a5,dip,extremely_close,6,3,2,7,0.2692307692307692,0.2222055,0.2373023
c44d9d67-395e-5ada-b0b0-df8c3dfc43a5,dip,extremely_close,6,3,3,5,0.1923076923076923,0.16000988,0.17056109
c44d9d67-395e-5ada-b0b0-df8c3dfc43a5,hike,not_close,11,0,0,7,0.4117647058823529,0.3467728,0.3642791
c44d9d67-395e-5ada-b0b0-df8c3dfc43a5,hike,not_close,11,0,1,7,0.4117647058823529,0.3240307,0.31677198
c44d9d67-395e-5ada-b0b0-df8c3dfc43a5,hike,not_close,11,0,2,2,0.1176470588235294,0.19134435,0.1780148
c44d9d67-395e-5ada-b0b0-df8c3dfc43a5,hike,not_close,11,0,3,1,0.0588235294117647,0.13785222,0.1409341
c44d9d67-395e-5ada-b0b0-df8c3dfc43a5,oysters,not_close,12,0,0,3,0.1875,0.35450813,0.35589477
c44d9d67-395e-5ada-b0b0-df8c3dfc43a5,oysters,not_close,12,0,1,7,0.4375,0.30145344,0.31109774
c44d9d67-395e-5ada-b0b0-df8c3dfc43a5,oysters,not_close,12,0,2,5,0.3125,0.19799377,0.19477606
c44d9d67-395e-5ada-b0b0-df8c3dfc43a5,oysters,not_close,12,0,3,1,0.0625,0.14604472,0.13823144
c44d9d67-395e-5ada-b0b0-df8c3dfc43a5,wedding,somewhat_close,15,1,0,6,0.2608695652173913,0.31908587,0.32673198
c44d9d67-395e-5ada-b0b0-df8c3dfc43a5,wedding,somewhat_close,15,1,1,6,0.2608695652173913,0.29837966,0.2921303
c44d9d67-395e-5ada-b0b0-df8c3dfc43a5,wedding,somewhat_close,15,1,2,6,0.2608695652173913,0.23396881,0.23820917
c44d9d67-395e-5ada-b0b0-df8c3dfc43a5,wedding,somewhat_close,15,1,3,5,0.217391304347826,0.14856559,0.14292857
c44d9d67-395e-5ada-b0b0-df8c3dfc43a5,conference,close,3,2,0,3,0.1875,0.3467783,0.3194244
c44d9d67-395e-5ada-b0b0-df8c3dfc43a5,conference,close,3,2,1,7,0.4375,0.32602173,0.30460128
c44d9d67-395e-5ada-b0b0-df8c3dfc43a5,conference,close,3,2,2,5,0.3125,0.1874909,0.22443041
c44d9d67-395e-5ada-b0b0-df8c3dfc43a5,conference,close,3,2,3,1,0.0625,0.13970904,0.15154389
c44d9d67-395e-5ada-b0b0-df8c3dfc43a5,driving,extremely_close,8,3,0,2,0.1111111111111111,0.33066627,0.27924845
c44d9d67-395e-5ada-b0b0-df8c3dfc43a5,driving,extremely_close,8,3,1,7,0.3888888888888889,0.31550372,0.30885038
c44d9d67-395e-5ada-b0b0-df8c3dfc43a5,driving,extremely_close,8,3,2,3,0.1666666666666666,0.212756,0.22954276
c44d9d67-395e-5ada-b0b0-df8c3dfc43a5,driving,extremely_close,8,3,3,6,0.3333333333333333,0.14107409,0.18235837
c44d9d67-395e-5ada-b0b0-df8c3dfc43a5,basketball,somewhat_close,0,1,0,1,0.0909090909090909,0.32619047,0.31074163
c44d9d67-395e-5ada-b0b0-df8c3dfc43a5,basketball,somewhat_close,0,1,1,7,0.6363636363636364,0.31149498,0.30840942
c44d9d67-395e-5ada-b0b0-df8c3dfc43a5,basketball,somewhat_close,0,1,2,2,0.1818181818181818,0.21755591,0.22120504
c44d9d67-395e-5ada-b0b0-df8c3dfc43a5,basketball,somewhat_close,0,1,3,1,0.0909090909090909,0.14475863,0.15964389
c44d9d67-395e-5ada-b0b0-df8c3dfc43a5,gala,not_close,10,0,0,7,0.5833333333333334,0.37736025,0.37343702
c44d9d67-395e-5ada-b0b0-df8c3dfc43a5,gala,not_close,10,0,1,2,0.1666666666666666,0.24683172,0.2587873
c44d9d67-395e-5ada-b0b0-df8c3dfc43a5,gala,not_close,10,0,2,2,0.1666666666666666,0.21063499,0.21295612
c44d9d67-395e-5ada-b0b0-df8c3dfc43a5,gala,not_close,10,0,3,1,0.0833333333333333,0.165173,0.15481953
c44d9d67-395e-5ada-b0b0-df8c3dfc43a5,brunch,close,2,2,0,5,0.2083333333333333,0.31266126,0.2922043
c44d9d67-395e-5ada-b0b0-df8c3dfc43a5,brunch,close,2,2,1,5,0.2083333333333333,0.29284903,0.27890328
c44d9d67-395e-5ada-b0b0-df8c3dfc43a5,brunch,close,2,2,2,7,0.2916666666666667,0.22538273,0.2363917
c44d9d67-395e-5ada-b0b0-df8c3dfc43a5,brunch,close,2,2,3,7,0.2916666666666667,0.1691069,0.19250078
c44d9d67-395e-5ada-b0b0-df8c3dfc43a5,drinks,extremely_close,7,3,0,2,0.1818181818181818,0.34319648,0.24337234
c44d9d67-395e-5ada-b0b0-df8c3dfc43a5,drinks,extremely_close,7,3,1,1,0.0909090909090909,0.26716295,0.29073274
c44d9d67-395e-5ada-b0b0-df8c3dfc43a5,drinks,extremely_close,7,3,2,2,0.1818181818181818,0.22266258,0.22844173
c44d9d67-395e-5ada-b0b0-df8c3dfc43a5,drinks,extremely_close,7,3,3,6,0.5454545454545454,0.16697805,0.23745316
c44d9d67-395e-5ada-b0b0-df8c3dfc43a5,birthday,close,1,2,0,3,0.1428571428571428,0.33094808,0.28472444
c44d9d67-395e-5ada-b0b0-df8c3dfc43a5,birthday,close,1,2,1,7,0.3333333333333333,0.31393355,0.3053844
c44d9d67-395e-5ada-b0b0-df8c3dfc43a5,birthday,close,1,2,2,6,0.2857142857142857,0.21405,0.23678404
c44d9d67-395e-5ada-b0b0-df8c3dfc43a5,birthday,close,1,2,3,5,0.238095238095238,0.14106838,0.1731071
c44d9d67-395e-5ada-b0b0-df8c3dfc43a5,social,somewhat_close,13,1,0,6,0.375,0.40185055,0.3780521
c44d9d67-395e-5ada-b0b0-df8c3dfc43a5,social,somewhat_close,13,1,1,5,0.3125,0.2581625,0.25415382
c44d9d67-395e-5ada-b0b0-df8c3dfc43a5,social,somewhat_close,13,1,2,3,0.1875,0.1958849,0.20883785
c44d9d67-395e-5ada-b0b0-df8c3dfc43a5,social,somewhat_close,13,1,3,2,0.125,0.14410202,0.15895618
fbe32ed4-2dc9-53ee-88a9-cbcf7b514d2e,gala,not_close,10,0,0,6,0.5454545454545454,0.37736025,0.37343702
fbe32ed4-2dc9-53ee-88a9-cbcf7b514d2e,gala,not_close,10,0,1,2,0.1818181818181818,0.24683172,0.2587873
fbe32ed4-2dc9-53ee-88a9-cbcf7b514d2e,gala,not_close,10,0,2,2,0.1818181818181818,0.21063499,0.21295612
fbe32ed4-2dc9-53ee-88a9-cbcf7b514d2e,gala,not_close,10,0,3,1,0.0909090909090909,0.165173,0.15481953
fbe32ed4-2dc9-53ee-88a9-cbcf7b514d2e,hike,somewhat_close,11,1,0,2,0.1818181818181818,0.3467728,0.33041134
fbe32ed4-2dc9-53ee-88a9-cbcf7b514d2e,hike,somewhat_close,11,1,1,6,0.5454545454545454,0.3240307,0.31247446
fbe32ed4-2dc9-53ee-88a9-cbcf7b514d2e,hike,somewhat_close,11,1,2,2,0.1818181818181818,0.19134435,0.20020384
fbe32ed4-2dc9-53ee-88a9-cbcf7b514d2e,hike,somewhat_close,11,1,3,1,0.0909090909090909,0.13785222,0.15691037
fbe32ed4-2dc9-53ee-88a9-cbcf7b514d2e,birthday,close,1,2,0,1,0.0526315789473684,0.33094808,0.28472444
fbe32ed4-2dc9-53ee-88a9-cbcf7b514d2e,birthday,close,1,2,1,7,0.3684210526315789,0.31393355,0.3053844
fbe32ed4-2dc9-53ee-88a9-cbcf7b514d2e,birthday,close,1,2,2,6,0.3157894736842105,0.21405,0.23678404
fbe32ed4-2dc9-53ee-88a9-cbcf7b514d2e,birthday,close,1,2,3,5,0.2631578947368421,0.14106838,0.1731071
fbe32ed4-2dc9-53ee-88a9-cbcf7b514d2e,crabs,extremely_close,5,3,0,4,0.1739130434782608,0.34133512,0.32297945
fbe32ed4-2dc9-53ee-88a9-cbcf7b514d2e,crabs,extremely_close,5,3,1,7,0.3043478260869565,0.3221551,0.30443525
fbe32ed4-2dc9-53ee-88a9-cbcf7b514d2e,crabs,extremely_close,5,3,2,6,0.2608695652173913,0.18072298,0.18565442
fbe32ed4-2dc9-53ee-88a9-cbcf7b514d2e,crabs,extremely_close,5,3,3,6,0.2608695652173913,0.15578677,0.18693084
fbe32ed4-2dc9-53ee-88a9-cbcf7b514d2e,basketball,somewhat_close,0,1,0,2,0.1176470588235294,0.32619047,0.31074163
fbe32ed4-2dc9-53ee-88a9-cbcf7b514d2e,basketball,somewhat_close,0,1,1,7,0.4117647058823529,0.31149498,0.30840942
fbe32ed4-2dc9-53ee-88a9-cbcf7b514d2e,basketball,somewhat_close,0,1,2,5,0.2941176470588235,0.21755591,0.22120504
fbe32ed4-2dc9-53ee-88a9-cbcf7b514d2e,basketball,somewhat_close,0,1,3,3,0.1764705882352941,0.14475863,0.15964389
fbe32ed4-2dc9-53ee-88a9-cbcf7b514d2e,dip,extremely_close,6,3,0,6,0.2307692307692307,0.34664327,0.3213163
fbe32ed4-2dc9-53ee-88a9-cbcf7b514d2e,dip,extremely_close,6,3,1,7,0.2692307692307692,0.27114132,0.2708203
fbe32ed4-2dc9-53ee-88a9-cbcf7b514d2e,dip,extremely_close,6,3,2,7,0.2692307692307692,0.2222055,0.2373023
fbe32ed4-2dc9-53ee-88a9-cbcf7b514d2e,dip,extremely_close,6,3,3,6,0.2307692307692307,0.16000988,0.17056109
fbe32ed4-2dc9-53ee-88a9-cbcf7b514d2e,brunch,not_close,2,0,0,5,0.4166666666666667,0.31266126,0.34032917
fbe32ed4-2dc9-53ee-88a9-cbcf7b514d2e,brunch,not_close,2,0,1,4,0.3333333333333333,0.29284903,0.29515493
fbe32ed4-2dc9-53ee-88a9-cbcf7b514d2e,brunch,not_close,2,0,2,2,0.1666666666666666,0.22538273,0.22530942
fbe32ed4-2dc9-53ee-88a9-cbcf7b514d2e,brunch,not_close,2,0,3,1,0.0833333333333333,0.1691069,0.13920642
fbe32ed4-2dc9-53ee-88a9-cbcf7b514d2e,wedding,somewhat_close,15,1,0,7,0.3888888888888889,0.31908587,0.32673198
fbe32ed4-2dc9-53ee-88a9-cbcf7b514d2e,wedding,somewhat_close,15,1,1,5,0.2777777777777778,0.29837966,0.2921303
fbe32ed4-2dc9-53ee-88a9-cbcf7b514d2e,wedding,somewhat_close,15,1,2,4,0.2222222222222222,0.23396881,0.23820917
fbe32ed4-2dc9-53ee-88a9-cbcf7b514d2e,wedding,somewhat_close,15,1,3,2,0.1111111111111111,0.14856559,0.14292857
fbe32ed4-2dc9-53ee-88a9-cbcf7b514d2e,drinks,not_close,7,0,0,7,0.5,0.34319648,0.2994285
fbe32ed4-2dc9-53ee-88a9-cbcf7b514d2e,drinks,not_close,7,0,1,4,0.2857142857142857,0.26716295,0.298935
fbe32ed4-2dc9-53ee-88a9-cbcf7b514d2e,drinks,not_close,7,0,2,2,0.1428571428571428,0.22266258,0.2280769
fbe32ed4-2dc9-53ee-88a9-cbcf7b514d2e,drinks,not_close,7,0,3,1,0.0714285714285714,0.16697805,0.1735596
fbe32ed4-2dc9-53ee-88a9-cbcf7b514d2e,conference,extremely_close,3,3,0,5,0.238095238095238,0.3467783,0.3099088
fbe32ed4-2dc9-53ee-88a9-cbcf7b514d2e,conference,extremely_close,3,3,1,6,0.2857142857142857,0.32602173,0.2874739
fbe32ed4-2dc9-53ee-88a9-cbcf7b514d2e,conference,extremely_close,3,3,2,7,0.3333333333333333,0.1874909,0.2322446
fbe32ed4-2dc9-53ee-88a9-cbcf7b514d2e,conference,extremely_close,3,3,3,3,0.1428571428571428,0.13970904,0.17037268
fbe32ed4-2dc9-53ee-88a9-cbcf7b514d2e,driving,somewhat_close,8,1,0,4,0.2222222222222222,0.33066627,0.3126709
fbe32ed4-2dc9-53ee-88a9-cbcf7b514d2e,driving,somewhat_close,8,1,1,6,0.3333333333333333,0.31550372,0.329562
fbe32ed4-2dc9-53ee-88a9-cbcf7b514d2e,driving,somewhat_close,8,1,2,6,0.3333333333333333,0.212756,0.21199694
fbe32ed4-2dc9-53ee-88a9-cbcf7b514d2e,driving,somewhat_close,8,1,3,2,0.1111111111111111,0.14107409,0.14577018
fbe32ed4-2dc9-53ee-88a9-cbcf7b514d2e,fair,not_close,9,0,0,7,0.5833333333333334,0.3399395,0.33449876
fbe32ed4-2dc9-53ee-88a9-cbcf7b514d2e,fair,not_close,9,0,1,3,0.25,0.32053334,0.3437535
fbe32ed4-2dc9-53ee-88a9-cbcf7b514d2e,fair,not_close,9,0,2,1,0.0833333333333333,0.20100063,0.1889061
fbe32ed4-2dc9-53ee-88a9-cbcf7b514d2e,fair,not_close,9,0,3,1,0.0833333333333333,0.1385266,0.13284165
fbe32ed4-2dc9-53ee-88a9-cbcf7b514d2e,soup,close,14,2,0,7,0.3333333333333333,0.3512944,0.3422157
fbe32ed4-2dc9-53ee-88a9-cbcf7b514d2e,soup,close,14,2,1,5,0.238095238095238,0.31583798,0.29969218
fbe32ed4-2dc9-53ee-88a9-cbcf7b514d2e,soup,close,14,2,2,5,0.238095238095238,0.18198796,0.19644682
fbe32ed4-2dc9-53ee-88a9-cbcf7b514d2e,soup,close,14,2,3,4,0.1904761904761904,0.15087959,0.16164538
fbe32ed4-2dc9-53ee-88a9-cbcf7b514d2e,cooking,close,4,2,0,5,0.217391304347826,0.3350411,0.26264983
fbe32ed4-2dc9-53ee-88a9-cbcf7b514d2e,cooking,close,4,2,1,7,0.3043478260869565,0.301432,0.31273055
fbe32ed4-2dc9-53ee-88a9-cbcf7b514d2e,cooking,close,4,2,2,6,0.2608695652173913,0.2060558,0.2337246
fbe32ed4-2dc9-53ee-88a9-cbcf7b514d2e,cooking,close,4,2,3,5,0.217391304347826,0.15747108,0.19089502
fbe32ed4-2dc9-53ee-88a9-cbcf7b514d2e,social,extremely_close,13,3,0,3,0.15,0.40185055,0.34408742
fbe32ed4-2dc9-53ee-88a9-cbcf7b514d2e,social,extremely_close,13,3,1,7,0.35,0.2581625,0.258135
fbe32ed4-2dc9-53ee-88a9-cbcf7b514d2e,social,extremely_close,13,3,2,6,0.3,0.1958849,0.2316001
fbe32ed4-2dc9-53ee-88a9-cbcf7b514d2e,social,extremely_close,13,3,3,4,0.2,0.14410202,0.16617753
fbe32ed4-2dc9-53ee-88a9-cbcf7b514d2e,oysters,close,12,2,0,5,0.2272727272727272,0.35450813,0.32386693
fbe32ed4-2dc9-53ee-88a9-cbcf7b514d2e,oysters,close,12,2,1,7,0.3181818181818182,0.30145344,0.29327434
fbe32ed4-2dc9-53ee-88a9-cbcf7b514d2e,oysters,close,12,2,2,6,0.2727272727272727,0.19799377,0.21184032
fbe32ed4-2dc9-53ee-88a9-cbcf7b514d2e,oysters,close,12,2,3,4,0.1818181818181818,0.14604472,0.17101833
69a3fd7b-1395-5b68-a5bb-8b9589ca5027,basketball,close,0,2,0,6,0.2307692307692307,0.32619047,0.3229036
69a3fd7b-1395-5b68-a5bb-8b9589ca5027,basketball,close,0,2,1,7,0.2692307692307692,0.31149498,0.29293644
69a3fd7b-1395-5b68-a5bb-8b9589ca5027,basketball,close,0,2,2,6,0.2307692307692307,0.21755591,0.20826088
69a3fd7b-1395-5b68-a5bb-8b9589ca5027,basketball,close,0,2,3,7,0.2692307692307692,0.14475863,0.175899
69a3fd7b-1395-5b68-a5bb-8b9589ca5027,fair,somewhat_close,9,1,0,6,0.3157894736842105,0.3399395,0.29991916
69a3fd7b-1395-5b68-a5bb-8b9589ca5027,fair,somewhat_close,9,1,1,7,0.3684210526315789,0.32053334,0.31271672
69a3fd7b-1395-5b68-a5bb-8b9589ca5027,fair,somewhat_close,9,1,2,5,0.2631578947368421,0.20100063,0.22270054
69a3fd7b-1395-5b68-a5bb-8b9589ca5027,fair,somewhat_close,9,1,3,1,0.0526315789473684,0.1385266,0.16466357
69a3fd7b-1395-5b68-a5bb-8b9589ca5027,soup,close,14,2,0,5,0.238095238095238,0.3512944,0.3422157
69a3fd7b-1395-5b68-a5bb-8b9589ca5027,soup,close,14,2,1,6,0.2857142857142857,0.31583798,0.29969218
69a3fd7b-1395-5b68-a5bb-8b9589ca5027,soup,close,14,2,2,6,0.2857142857142857,0.18198796,0.19644682
69a3fd7b-1395-5b68-a5bb-8b9589ca5027,soup,close,14,2,3,4,0.1904761904761904,0.15087959,0.16164538
69a3fd7b-1395-5b68-a5bb-8b9589ca5027,hike,not_close,11,0,0,7,0.4117647058823529,0.3467728,0.3642791
69a3fd7b-1395-5b68-a5bb-8b9589ca5027,hike,not_close,11,0,1,6,0.3529411764705882,0.3240307,0.31677198
69a3fd7b-1395-5b68-a5bb-8b9589ca5027,hike,not_close,11,0,2,3,0.1764705882352941,0.19134435,0.1780148
69a3fd7b-1395-5b68-a5bb-8b9589ca5027,hike,not_close,11,0,3,1,0.0588235294117647,0.13785222,0.1409341
69a3fd7b-1395-5b68-a5bb-8b9589ca5027,drinks,somewhat_close,7,1,0,6,0.3,0.34319648,0.34077784
69a3fd7b-1395-5b68-a5bb-8b9589ca5027,drinks,somewhat_close,7,1,1,7,0.35,0.26716295,0.2960432
69a3fd7b-1395-5b68-a5bb-8b9589ca5027,drinks,somewhat_close,7,1,2,5,0.25,0.22266258,0.20890208
69a3fd7b-1395-5b68-a5bb-8b9589ca5027,drinks,somewhat_close,7,1,3,2,0.1,0.16697805,0.15427689
69a3fd7b-1395-5b68-a5bb-8b9589ca5027,driving,somewhat_close,8,1,0,7,0.3333333333333333,0.33066627,0.3126709
69a3fd7b-1395-5b68-a5bb-8b9589ca5027,driving,somewhat_close,8,1,1,6,0.2857142857142857,0.31550372,0.329562
69a3fd7b-1395-5b68-a5bb-8b9589ca5027,driving,somewhat_close,8,1,2,7,0.3333333333333333,0.212756,0.21199694
69a3fd7b-1395-5b68-a5bb-8b9589ca5027,driving,somewhat_close,8,1,3,1,0.0476190476190476,0.14107409,0.14577018
69a3fd7b-1395-5b68-a5bb-8b9589ca5027,social,extremely_close,13,3,0,5,0.2083333333333333,0.40185055,0.34408742
69a3fd7b-1395-5b68-a5bb-8b9589ca5027,social,extremely_close,13,3,1,6,0.25,0.2581625,0.258135
69a3fd7b-1395-5b68-a5bb-8b9589ca5027,social,extremely_close,13,3,2,6,0.25,0.1958849,0.2316001
69a3fd7b-1395-5b68-a5bb-8b9589ca5027,social,extremely_close,13,3,3,7,0.2916666666666667,0.14410202,0.16617753
69a3fd7b-1395-5b68-a5bb-8b9589ca5027,gala,extremely_close,10,3,0,5,0.2083333333333333,0.37736025,0.27933165
69a3fd7b-1395-5b68-a5bb-8b9589ca5027,gala,extremely_close,10,3,1,6,0.25,0.24683172,0.27254456
69a3fd7b-1395-5b68-a5bb-8b9589ca5027,gala,extremely_close,10,3,2,7,0.2916666666666667,0.21063499,0.25221765
69a3fd7b-1395-5b68-a5bb-8b9589ca5027,gala,extremely_close,10,3,3,6,0.25,0.165173,0.19590618
69a3fd7b-1395-5b68-a5bb-8b9589ca5027,brunch,not_close,2,0,0,6,0.3529411764705882,0.31266126,0.34032917
69a3fd7b-1395-5b68-a5bb-8b9589ca5027,brunch,not_close,2,0,1,5,0.2941176470588235,0.29284903,0.29515493
69a3fd7b-1395-5b68-a5bb-8b9589ca5027,brunch,not_close,2,0,2,5,0.2941176470588235,0.22538273,0.22530942
69a3fd7b-1395-5b68-a5bb-8b9589ca5027,brunch,not_close,2,0,3,1,0.0588235294117647,0.1691069,0.13920642
69a3fd7b-1395-5b68-a5bb-8b9589ca5027,conference,not_close,3,0,0,6,0.375,0.3467783,0.33014685
69a3fd7b-1395-5b68-a5bb-8b9589ca5027,conference,not_close,3,0,1,7,0.4375,0.32602173,0.3841856
69a3fd7b-1395-5b68-a5bb-8b9589ca5027,conference,not_close,3,0,2,2,0.125,0.1874909,0.16168493
69a3fd7b-1395-5b68-a5bb-8b9589ca5027,conference,not_close,3,0,3,1,0.0625,0.13970904,0.123982586
69a3fd7b-1395-5b68-a5bb-8b9589ca5027,birthday,not_close,1,0,0,7,0.4375,0.33094808,0.35584754
69a3fd7b-1395-5b68-a5bb-8b9589ca5027,birthday,not_close,1,0,1,6,0.375,0.31393355,0.31760582
69a3fd7b-1395-5b68-a5bb-8b9589ca5027,birthday,not_close,1,0,2,2,0.125,0.21405,0.1876142
69a3fd7b-1395-5b68-a5bb-8b9589ca5027,birthday,not_close,1,0,3,1,0.0625,0.14106838,0.13893244
69a3fd7b-1395-5b68-a5bb-8b9589ca5027,crabs,extremely_close,5,3,0,5,0.2083333333333333,0.34133512,0.32297945
69a3fd7b-1395-5b68-a5bb-8b9589ca5027,crabs,extremely_close,5,3,1,7,0.2916666666666667,0.3221551,0.30443525
69a3fd7b-1395-5b68-a5bb-8b9589ca5027,crabs,extremely_close,5,3,2,6,0.25,0.18072298,0.18565442
69a3fd7b-1395-5b68-a5bb-8b9589ca5027,crabs,extremely_close,5,3,3,6,0.25,0.15578677,0.18693084
69a3fd7b-1395-5b68-a5bb-8b9589ca5027,dip,close,6,2,0,7,0.35,0.34664327,0.33677724
69a3fd7b-1395-5b68-a5bb-8b9589ca5027,dip,close,6,2,1,6,0.3,0.27114132,0.28138566
69a3fd7b-1395-5b68-a5bb-8b9589ca5027,dip,close,6,2,2,5,0.25,0.2222055,0.22993708
69a3fd7b-1395-5b68-a5bb-8b9589ca5027,dip,close,6,2,3,2,0.1,0.16000988,0.15190005
69a3fd7b-1395-5b68-a5bb-8b9589ca5027,wedding,extremely_close,15,3,0,5,0.2083333333333333,0.31908587,0.2974841
69a3fd7b-1395-5b68-a5bb-8b9589ca5027,wedding,extremely_close,15,3,1,7,0.2916666666666667,0.29837966,0.27377465
69a3fd7b-1395-5b68-a5bb-8b9589ca5027,wedding,extremely_close,15,3,2,6,0.25,0.23396881,0.24111676
69a3fd7b-1395-5b68-a5bb-8b9589ca5027,wedding,extremely_close,15,3,3,6,0.25,0.14856559,0.18762444
69a3fd7b-1395-5b68-a5bb-8b9589ca5027,cooking,somewhat_close,4,1,0,1,0.0666666666666666,0.3350411,0.302899
69a3fd7b-1395-5b68-a5bb-8b9589ca5027,cooking,somewhat_close,4,1,1,7,0.4666666666666667,0.301432,0.3137101
69a3fd7b-1395-5b68-a5bb-8b9589ca5027,cooking,somewhat_close,4,1,2,5,0.3333333333333333,0.2060558,0.21770318
69a3fd7b-1395-5b68-a5bb-8b9589ca5027,cooking,somewhat_close,4,1,3,2,0.1333333333333333,0.15747108,0.16568774
69a3fd7b-1395-5b68-a5bb-8b9589ca5027,oysters,close,12,2,0,5,0.2631578947368421,0.35450813,0.32386693
69a3fd7b-1395-5b68-a5bb-8b9589ca5027,oysters,close,12,2,1,6,0.3157894736842105,0.30145344,0.29327434
69a3fd7b-1395-5b68-a5bb-8b9589ca5027,oysters,close,12,2,2,6,0.3157894736842105,0.19799377,0.21184032
69a3fd7b-1395-5b68-a5bb-8b9589ca5027,oysters,close,12,2,3,2,0.1052631578947368,0.14604472,0.17101833
fbb31246-7720-564a-beae-96a52519b0bb,crabs,somewhat_close,5,1,0,1,0.1428571428571428,0.34133512,0.3514227
fbb31246-7720-564a-beae-96a52519b0bb,crabs,somewhat_close,5,1,1,3,0.4285714285714285,0.3221551,0.35142806
fbb31246-7720-564a-beae-96a52519b0bb,crabs,somewhat_close,5,1,2,2,0.2857142857142857,0.18072298,0.148849
fbb31246-7720-564a-beae-96a52519b0bb,crabs,somewhat_close,5,1,3,1,0.1428571428571428,0.15578677,0.14830023
fbb31246-7720-564a-beae-96a52519b0bb,soup,somewhat_close,14,1,0,7,0.5833333333333334,0.3512944,0.33787718
fbb31246-7720-564a-beae-96a52519b0bb,soup,somewhat_close,14,1,1,2,0.1666666666666666,0.31583798,0.30691224
fbb31246-7720-564a-beae-96a52519b0bb,soup,somewhat_close,14,1,2,2,0.1666666666666666,0.18198796,0.19641732
fbb31246-7720-564a-beae-96a52519b0bb,soup,somewhat_close,14,1,3,1,0.0833333333333333,0.15087959,0.15879321
fbb31246-7720-564a-beae-96a52519b0bb,fair,close,9,2,0,4,0.3333333333333333,0.3399395,0.3417284
fbb31246-7720-564a-beae-96a52519b0bb,fair,close,9,2,1,5,0.4166666666666667,0.32053334,0.32354605
fbb31246-7720-564a-beae-96a52519b0bb,fair,close,9,2,2,2,0.1666666666666666,0.20100063,0.19540344
fbb31246-7720-564a-beae-96a52519b0bb,fair,close,9,2,3,1,0.0833333333333333,0.1385266,0.13932213
fbb31246-7720-564a-beae-96a52519b0bb,gala,not_close,10,0,0,7,0.6363636363636364,0.37736025,0.37343702
fbb31246-7720-564a-beae-96a52519b0bb,gala,not_close,10,0,1,2,0.1818181818181818,0.24683172,0.2587873
fbb31246-7720-564a-beae-96a52519b0bb,gala,not_close,10,0,2,1,0.0909090909090909,0.21063499,0.21295612
fbb31246-7720-564a-beae-96a52519b0bb,gala,not_close,10,0,3,1,0.0909090909090909,0.165173,0.15481953
fbb31246-7720-564a-beae-96a52519b0bb,social,extremely_close,13,3,0,4,0.2222222222222222,0.40185055,0.34408742
fbb31246-7720-564a-beae-96a52519b0bb,social,extremely_close,13,3,1,5,0.2777777777777778,0.2581625,0.258135
fbb31246-7720-564a-beae-96a52519b0bb,social,extremely_close,13,3,2,4,0.2222222222222222,0.1958849,0.2316001
fbb31246-7720-564a-beae-96a52519b0bb,social,extremely_close,13,3,3,5,0.2777777777777778,0.14410202,0.16617753
fbb31246-7720-564a-beae-96a52519b0bb,drinks,somewhat_close,7,1,0,2,0.1666666666666666,0.34319648,0.34077784
fbb31246-7720-564a-beae-96a52519b0bb,drinks,somewhat_close,7,1,1,7,0.5833333333333334,0.26716295,0.2960432
fbb31246-7720-564a-beae-96a52519b0bb,drinks,somewhat_close,7,1,2,2,0.1666666666666666,0.22266258,0.20890208
fbb31246-7720-564a-beae-96a52519b0bb,drinks,somewhat_close,7,1,3,1,0.0833333333333333,0.16697805,0.15427689
fbb31246-7720-564a-beae-96a52519b0bb,brunch,not_close,2,0,0,7,0.5,0.31266126,0.34032917
fbb31246-7720-564a-beae-96a52519b0bb,brunch,not_close,2,0,1,4,0.2857142857142857,0.29284903,0.29515493
fbb31246-7720-564a-beae-96a52519b0bb,brunch,not_close,2,0,2,2,0.1428571428571428,0.22538273,0.22530942
fbb31246-7720-564a-beae-96a52519b0bb,brunch,not_close,2,0,3,1,0.0714285714285714,0.1691069,0.13920642
fbb31246-7720-564a-beae-96a52519b0bb,birthday,close,1,2,0,2,0.125,0.33094808,0.28472444
fbb31246-7720-564a-beae-96a52519b0bb,birthday,close,1,2,1,7,0.4375,0.31393355,0.3053844
fbb31246-7720-564a-beae-96a52519b0bb,birthday,close,1,2,2,5,0.3125,0.21405,0.23678404
fbb31246-7720-564a-beae-96a52519b0bb,birthday,close,1,2,3,2,0.125,0.14106838,0.1731071
fbb31246-7720-564a-beae-96a52519b0bb,oysters,extremely_close,12,3,0,3,0.2,0.35450813,0.33928892
fbb31246-7720-564a-beae-96a52519b0bb,oysters,extremely_close,12,3,1,7,0.4666666666666667,0.30145344,0.29421192
fbb31246-7720-564a-beae-96a52519b0bb,oysters,extremely_close,12,3,2,3,0.2,0.19799377,0.2082637
fbb31246-7720-564a-beae-96a52519b0bb,oysters,extremely_close,12,3,3,2,0.1333333333333333,0.14604472,0.15823552
fbb31246-7720-564a-beae-96a52519b0bb,wedding,not_close,15,0,0,7,0.7,0.31908587,0.34685898
fbb31246-7720-564a-beae-96a52519b0bb,wedding,not_close,15,0,1,1,0.1,0.29837966,0.30831352
fbb31246-7720-564a-beae-96a52519b0bb,wedding,not_close,15,0,2,1,0.1,0.23396881,0.22699372
fbb31246-7720-564a-beae-96a52519b0bb,wedding,not_close,15,0,3,1,0.1,0.14856559,0.11783374
fbb31246-7720-564a-beae-96a52519b0bb,hike,extremely_close,11,3,0,7,0.6363636363636364,0.3467728,0.33196965
fbb31246-7720-564a-beae-96a52519b0bb,hike,extremely_close,11,3,1,2,0.1818181818181818,0.3240307,0.28882948
fbb31246-7720-564a-beae-96a52519b0bb,hike,extremely_close,11,3,2,1,0.0909090909090909,0.19134435,0.21154393
fbb31246-7720-564a-beae-96a52519b0bb,hike,extremely_close,11,3,3,1,0.0909090909090909,0.13785222,0.167657
fbb31246-7720-564a-beae-96a52519b0bb,basketball,close,0,2,0,2,0.1538461538461538,0.32619047,0.3229036
fbb31246-7720-564a-beae-96a52519b0bb,basketball,close,0,2,1,6,0.4615384615384615,0.31149498,0.29293644
fbb31246-7720-564a-beae-96a52519b0bb,basketball,close,0,2,2,4,0.3076923076923077,0.21755591,0.20826088
fbb31246-7720-564a-beae-96a52519b0bb,basketball,close,0,2,3,1,0.0769230769230769,0.14475863,0.175899
fbb31246-7720-564a-beae-96a52519b0bb,dip,somewhat_close,6,1,0,5,0.4545454545454545,0.34664327,0.34845993
fbb31246-7720-564a-beae-96a52519b0bb,dip,somewhat_close,6,1,1,3,0.2727272727272727,0.27114132,0.27802554
fbb31246-7720-564a-beae-96a52519b0bb,dip,somewhat_close,6,1,2,2,0.1818181818181818,0.2222055,0.23313951
fbb31246-7720-564a-beae-96a52519b0bb,dip,somewhat_close,6,1,3,1,0.0909090909090909,0.16000988,0.14037508
fbb31246-7720-564a-beae-96a52519b0bb,cooking,extremely_close,4,3,0,1,0.0714285714285714,0.3350411,0.26790115
fbb31246-7720-564a-beae-96a52519b0bb,cooking,extremely_close,4,3,1,7,0.5,0.301432,0.30072036
fbb31246-7720-564a-beae-96a52519b0bb,cooking,extremely_close,4,3,2,4,0.2857142857142857,0.2060558,0.23298924
fbb31246-7720-564a-beae-96a52519b0bb,cooking,extremely_close,4,3,3,2,0.1428571428571428,0.15747108,0.19838926
fbb31246-7720-564a-beae-96a52519b0bb,conference,not_close,3,0,0,7,0.7,0.3467783,0.33014685
fbb31246-7720-564a-beae-96a52519b0bb,conference,not_close,3,0,1,1,0.1,0.32602173,0.3841856
fbb31246-7720-564a-beae-96a52519b0bb,conference,not_close,3,0,2,1,0.1,0.1874909,0.16168493
fbb31246-7720-564a-beae-96a52519b0bb,conference,not_close,3,0,3,1,0.1,0.13970904,0.123982586
fbb31246-7720-564a-beae-96a52519b0bb,driving,close,8,2,0,6,0.5,0.33066627,0.30398852
fbb31246-7720-564a-beae-96a52519b0bb,driving,close,8,2,1,4,0.3333333333333333,0.31550372,0.31212825
fbb31246-7720-564a-beae-96a52519b0bb,driving,close,8,2,2,1,0.0833333333333333,0.212756,0.21644199
fbb31246-7720-564a-beae-96a52519b0bb,driving,close,8,2,3,1,0.0833333333333333,0.14107409,0.1674413
64c82c64-d833-584d-996a-87769349948b,cooking,close,4,2,0,1,0.1,0.3350411,0.26264983
64c82c64-d833-584d-996a-87769349948b,cooking,close,4,2,1,6,0.6,0.301432,0.31273055
64c82c64-d833-584d-996a-87769349948b,cooking,close,4,2,2,2,0.2,0.2060558,0.2337246
64c82c64-d833-584d-996a-87769349948b,cooking,close,4,2,3,1,0.1,0.15747108,0.19089502
64c82c64-d833-584d-996a-87769349948b,drinks,not_close,7,0,0,6,0.3157894736842105,0.34319648,0.2994285
64c82c64-d833-584d-996a-87769349948b,drinks,not_close,7,0,1,6,0.3157894736842105,0.26716295,0.298935
64c82c64-d833-584d-996a-87769349948b,drinks,not_close,7,0,2,4,0.2105263157894736,0.22266258,0.2280769
64c82c64-d833-584d-996a-87769349948b,drinks,not_close,7,0,3,3,0.1578947368421052,0.16697805,0.1735596
64c82c64-d833-584d-996a-87769349948b,dip,extremely_close,6,3,0,6,0.2727272727272727,0.34664327,0.3213163
64c82c64-d833-584d-996a-87769349948b,dip,extremely_close,6,3,1,7,0.3181818181818182,0.27114132,0.2708203
64c82c64-d833-584d-996a-87769349948b,dip,extremely_close,6,3,2,6,0.2727272727272727,0.2222055,0.2373023
64c82c64-d833-584d-996a-87769349948b,dip,extremely_close,6,3,3,3,0.1363636363636363,0.16000988,0.17056109
64c82c64-d833-584d-996a-87769349948b,wedding,somewhat_close,15,1,0,6,0.2857142857142857,0.31908587,0.32673198
64c82c64-d833-584d-996a-87769349948b,wedding,somewhat_close,15,1,1,5,0.238095238095238,0.29837966,0.2921303
64c82c64-d833-584d-996a-87769349948b,wedding,somewhat_close,15,1,2,6,0.2857142857142857,0.23396881,0.23820917
64c82c64-d833-584d-996a-87769349948b,wedding,somewhat_close,15,1,3,4,0.1904761904761904,0.14856559,0.14292857
64c82c64-d833-584d-996a-87769349948b,conference,extremely_close,3,3,0,5,0.3333333333333333,0.3467783,0.3099088
64c82c64-d833-584d-996a-87769349948b,conference,extremely_close,3,3,1,7,0.4666666666666667,0.32602173,0.2874739
64c82c64-d833-584d-996a-87769349948b,conference,extremely_close,3,3,2,2,0.1333333333333333,0.1874909,0.2322446
64c82c64-d833-584d-996a-87769349948b,conference,extremely_close,3,3,3,1,0.0666666666666666,0.13970904,0.17037268
64c82c64-d833-584d-996a-87769349948b,gala,not_close,10,0,0,6,0.3529411764705882,0.37736025,0.37343702
64c82c64-d833-584d-996a-87769349948b,gala,not_close,10,0,1,5,0.2941176470588235,0.24683172,0.2587873
64c82c64-d833-584d-996a-87769349948b,gala,not_close,10,0,2,4,0.2352941176470588,0.21063499,0.21295612
64c82c64-d833-584d-996a-87769349948b,gala,not_close,10,0,3,2,0.1176470588235294,0.165173,0.15481953
64c82c64-d833-584d-996a-87769349948b,brunch,not_close,2,0,0,6,0.3333333333333333,0.31266126,0.34032917
64c82c64-d833-584d-996a-87769349948b,brunch,not_close,2,0,1,5,0.2777777777777778,0.29284903,0.29515493
64c82c64-d833-584d-996a-87769349948b,brunch,not_close,2,0,2,5,0.2777777777777778,0.22538273,0.22530942
64c82c64-d833-584d-996a-87769349948b,brunch,not_close,2,0,3,2,0.1111111111111111,0.1691069,0.13920642
64c82c64-d833-584d-996a-87769349948b,oysters,close,12,2,0,6,0.4285714285714285,0.35450813,0.32386693
64c82c64-d833-584d-996a-87769349948b,oysters,close,12,2,1,4,0.2857142857142857,0.30145344,0.29327434
64c82c64-d833-584d-996a-87769349948b,oysters,close,12,2,2,2,0.1428571428571428,0.19799377,0.21184032
64c82c64-d833-584d-996a-87769349948b,oysters,close,12,2,3,2,0.1428571428571428,0.14604472,0.17101833
64c82c64-d833-584d-996a-87769349948b,hike,somewhat_close,11,1,0,6,0.4,0.3467728,0.33041134
64c82c64-d833-584d-996a-87769349948b,hike,somewhat_close,11,1,1,5,0.3333333333333333,0.3240307,0.31247446
64c82c64-d833-584d-996a-87769349948b,hike,somewhat_close,11,1,2,2,0.1333333333333333,0.19134435,0.20020384
64c82c64-d833-584d-996a-87769349948b,hike,somewhat_close,11,1,3,2,0.1333333333333333,0.13785222,0.15691037
64c82c64-d833-584d-996a-87769349948b,crabs,extremely_close,5,3,0,4,0.2,0.34133512,0.32297945
64c82c64-d833-584d-996a-87769349948b,crabs,extremely_close,5,3,1,6,0.3,0.3221551,0.30443525
64c82c64-d833-584d-996a-87769349948b,crabs,extremely_close,5,3,2,5,0.25,0.18072298,0.18565442
64c82c64-d833-584d-996a-87769349948b,crabs,extremely_close,5,3,3,5,0.25,0.15578677,0.18693084
64c82c64-d833-584d-996a-87769349948b,social,extremely_close,13,3,0,5,0.2777777777777778,0.40185055,0.34408742
64c82c64-d833-584d-996a-87769349948b,social,extremely_close,13,3,1,5,0.2777777777777778,0.2581625,0.258135
64c82c64-d833-584d-996a-87769349948b,social,extremely_close,13,3,2,5,0.2777777777777778,0.1958849,0.2316001
64c82c64-d833-584d-996a-87769349948b,social,extremely_close,13,3,3,3,0.1666666666666666,0.14410202,0.16617753
64c82c64-d833-584d-996a-87769349948b,basketball,somewhat_close,0,1,0,2,0.1666666666666666,0.32619047,0.31074163
64c82c64-d833-584d-996a-87769349948b,basketball,somewhat_close,0,1,1,6,0.5,0.31149498,0.30840942
64c82c64-d833-584d-996a-87769349948b,basketball,somewhat_close,0,1,2,2,0.1666666666666666,0.21755591,0.22120504
64c82c64-d833-584d-996a-87769349948b,basketball,somewhat_close,0,1,3,2,0.1666666666666666,0.14475863,0.15964389
64c82c64-d833-584d-996a-87769349948b,fair,not_close,9,0,0,4,0.2857142857142857,0.3399395,0.33449876
64c82c64-d833-584d-996a-87769349948b,fair,not_close,9,0,1,6,0.4285714285714285,0.32053334,0.3437535
64c82c64-d833-584d-996a-87769349948b,fair,not_close,9,0,2,3,0.2142857142857142,0.20100063,0.1889061
64c82c64-d833-584d-996a-87769349948b,fair,not_close,9,0,3,1,0.0714285714285714,0.1385266,0.13284165
64c82c64-d833-584d-996a-87769349948b,birthday,close,1,2,0,6,0.2727272727272727,0.33094808,0.28472444
64c82c64-d833-584d-996a-87769349948b,birthday,close,1,2,1,6,0.2727272727272727,0.31393355,0.3053844
64c82c64-d833-584d-996a-87769349948b,birthday,close,1,2,2,5,0.2272727272727272,0.21405,0.23678404
64c82c64-d833-584d-996a-87769349948b,birthday,close,1,2,3,5,0.2272727272727272,0.14106838,0.1731071
64c82c64-d833-584d-996a-87769349948b,driving,somewhat_close,8,1,0,5,0.238095238095238,0.33066627,0.3126709
64c82c64-d833-584d-996a-87769349948b,driving,somewhat_close,8,1,1,6,0.2857142857142857,0.31550372,0.329562
64c82c64-d833-584d-996a-87769349948b,driving,somewhat_close,8,1,2,5,0.238095238095238,0.212756,0.21199694
64c82c64-d833-584d-996a-87769349948b,driving,somewhat_close,8,1,3,5,0.238095238095238,0.14107409,0.14577018
64c82c64-d833-584d-996a-87769349948b,soup,close,14,2,0,6,0.3529411764705882,0.3512944,0.3422157
64c82c64-d833-584d-996a-87769349948b,soup,close,14,2,1,3,0.1764705882352941,0.31583798,0.29969218
64c82c64-d833-584d-996a-87769349948b,soup,close,14,2,2,5,0.2941176470588235,0.18198796,0.19644682
64c82c64-d833-584d-996a-87769349948b,soup,close,14,2,3,3,0.1764705882352941,0.15087959,0.16164538
bd68ad46-a7b9-5bc1-86f2-33ef14293f8b,fair,close,9,2,0,6,0.375,0.3399395,0.3417284
bd68ad46-a7b9-5bc1-86f2-33ef14293f8b,fair,close,9,2,1,3,0.1875,0.32053334,0.32354605
bd68ad46-a7b9-5bc1-86f2-33ef14293f8b,fair,close,9,2,2,5,0.3125,0.20100063,0.19540344
bd68ad46-a7b9-5bc1-86f2-33ef14293f8b,fair,close,9,2,3,2,0.125,0.1385266,0.13932213
bd68ad46-a7b9-5bc1-86f2-33ef14293f8b,conference,somewhat_close,3,1,0,6,0.4,0.3467783,0.330331
bd68ad46-a7b9-5bc1-86f2-33ef14293f8b,conference,somewhat_close,3,1,1,5,0.3333333333333333,0.32602173,0.33012256
bd68ad46-a7b9-5bc1-86f2-33ef14293f8b,conference,somewhat_close,3,1,2,3,0.2,0.1874909,0.2040172
bd68ad46-a7b9-5bc1-86f2-33ef14293f8b,conference,somewhat_close,3,1,3,1,0.0666666666666666,0.13970904,0.13552926
bd68ad46-a7b9-5bc1-86f2-33ef14293f8b,basketball,not_close,0,0,0,6,0.4,0.32619047,0.3810742
bd68ad46-a7b9-5bc1-86f2-33ef14293f8b,basketball,not_close,0,0,1,5,0.3333333333333333,0.31149498,0.33203775
bd68ad46-a7b9-5bc1-86f2-33ef14293f8b,basketball,not_close,0,0,2,3,0.2,0.21755591,0.16480143
bd68ad46-a7b9-5bc1-86f2-33ef14293f8b,basketball,not_close,0,0,3,1,0.0666666666666666,0.14475863,0.12208664
bd68ad46-a7b9-5bc1-86f2-33ef14293f8b,gala,extremely_close,10,3,0,6,0.4,0.37736025,0.27933165
bd68ad46-a7b9-5bc1-86f2-33ef14293f8b,gala,extremely_close,10,3,1,5,0.3333333333333333,0.24683172,0.27254456
bd68ad46-a7b9-5bc1-86f2-33ef14293f8b,gala,extremely_close,10,3,2,3,0.2,0.21063499,0.25221765
bd68ad46-a7b9-5bc1-86f2-33ef14293f8b,gala,extremely_close,10,3,3,1,0.0666666666666666,0.165173,0.19590618
bd68ad46-a7b9-5bc1-86f2-33ef14293f8b,driving,close,8,2,0,3,0.1875,0.33066627,0.30398852
bd68ad46-a7b9-5bc1-86f2-33ef14293f8b,driving,close,8,2,1,6,0.375,0.31550372,0.31212825
bd68ad46-a7b9-5bc1-86f2-33ef14293f8b,driving,close,8,2,2,5,0.3125,0.212756,0.21644199
bd68ad46-a7b9-5bc1-86f2-33ef14293f8b,driving,close,8,2,3,2,0.125,0.14107409,0.1674413
bd68ad46-a7b9-5bc1-86f2-33ef14293f8b,social,extremely_close,13,3,0,5,0.3333333333333333,0.40185055,0.34408742
bd68ad46-a7b9-5bc1-86f2-33ef14293f8b,social,extremely_close,13,3,1,3,0.2,0.2581625,0.258135
bd68ad46-a7b9-5bc1-86f2-33ef14293f8b,social,extremely_close,13,3,2,6,0.4,0.1958849,0.2316001
bd68ad46-a7b9-5bc1-86f2-33ef14293f8b,social,extremely_close,13,3,3,1,0.0666666666666666,0.14410202,0.16617753
bd68ad46-a7b9-5bc1-86f2-33ef14293f8b,cooking,somewhat_close,4,1,0,3,0.1666666666666666,0.3350411,0.302899
bd68ad46-a7b9-5bc1-86f2-33ef14293f8b,cooking,somewhat_close,4,1,1,7,0.3888888888888889,0.301432,0.3137101
bd68ad46-a7b9-5bc1-86f2-33ef14293f8b,cooking,somewhat_close,4,1,2,3,0.1666666666666666,0.2060558,0.21770318
bd68ad46-a7b9-5bc1-86f2-33ef14293f8b,cooking,somewhat_close,4,1,3,5,0.2777777777777778,0.15747108,0.16568774
bd68ad46-a7b9-5bc1-86f2-33ef14293f8b,brunch,somewhat_close,2,1,0,3,0.1578947368421052,0.31266126,0.3116763
bd68ad46-a7b9-5bc1-86f2-33ef14293f8b,brunch,somewhat_close,2,1,1,7,0.3684210526315789,0.29284903,0.27925918
bd68ad46-a7b9-5bc1-86f2-33ef14293f8b,brunch,somewhat_close,2,1,2,6,0.3157894736842105,0.22538273,0.23974313
bd68ad46-a7b9-5bc1-86f2-33ef14293f8b,brunch,somewhat_close,2,1,3,3,0.1578947368421052,0.1691069,0.16932139
bd68ad46-a7b9-5bc1-86f2-33ef14293f8b,wedding,not_close,15,0,0,7,0.5384615384615384,0.31908587,0.34685898
bd68ad46-a7b9-5bc1-86f2-33ef14293f8b,wedding,not_close,15,0,1,3,0.2307692307692307,0.29837966,0.30831352
bd68ad46-a7b9-5bc1-86f2-33ef14293f8b,wedding,not_close,15,0,2,2,0.1538461538461538,0.23396881,0.22699372
bd68ad46-a7b9-5bc1-86f2-33ef14293f8b,wedding,not_close,15,0,3,1,0.0769230769230769,0.14856559,0.11783374
bd68ad46-a7b9-5bc1-86f2-33ef14293f8b,drinks,close,7,2,0,6,0.4,0.34319648,0.2973132
bd68ad46-a7b9-5bc1-86f2-33ef14293f8b,drinks,close,7,2,1,5,0.3333333333333333,0.26716295,0.27554834
bd68ad46-a7b9-5bc1-86f2-33ef14293f8b,drinks,close,7,2,2,3,0.2,0.22266258,0.23582152
bd68ad46-a7b9-5bc1-86f2-33ef14293f8b,drinks,close,7,2,3,1,0.0666666666666666,0.16697805,0.1913169
bd68ad46-a7b9-5bc1-86f2-33ef14293f8b,crabs,somewhat_close,5,1,0,6,0.3,0.34133512,0.3514227
bd68ad46-a7b9-5bc1-86f2-33ef14293f8b,crabs,somewhat_close,5,1,1,6,0.3,0.3221551,0.35142806
bd68ad46-a7b9-5bc1-86f2-33ef14293f8b,crabs,somewhat_close,5,1,2,5,0.25,0.18072298,0.148849
bd68ad46-a7b9-5bc1-86f2-33ef14293f8b,crabs,somewhat_close,5,1,3,3,0.15,0.15578677,0.14830023
bd68ad46-a7b9-5bc1-86f2-33ef14293f8b,dip,close,6,2,0,7,0.5384615384615384,0.34664327,0.33677724
bd68ad46-a7b9-5bc1-86f2-33ef14293f8b,dip,close,6,2,1,3,0.2307692307692307,0.27114132,0.28138566
bd68ad46-a7b9-5bc1-86f2-33ef14293f8b,dip,close,6,2,2,2,0.1538461538461538,0.2222055,0.22993708
bd68ad46-a7b9-5bc1-86f2-33ef14293f8b,dip,close,6,2,3,1,0.0769230769230769,0.16000988,0.15190005
bd68ad46-a7b9-5bc1-86f2-33ef14293f8b,oysters,extremely_close,12,3,0,7,0.4375,0.35450813,0.33928892
bd68ad46-a7b9-5bc1-86f2-33ef14293f8b,oysters,extremely_close,12,3,1,5,0.3125,0.30145344,0.29421192
bd68ad46-a7b9-5bc1-86f2-33ef14293f8b,oysters,extremely_close,12,3,2,3,0.1875,0.19799377,0.2082637
bd68ad46-a7b9-5bc1-86f2-33ef14293f8b,oysters,extremely_close,12,3,3,1,0.0625,0.14604472,0.15823552
bd68ad46-a7b9-5bc1-86f2-33ef14293f8b,soup,not_close,14,0,0,7,0.3684210526315789,0.3512944,0.3687841
bd68ad46-a7b9-5bc1-86f2-33ef14293f8b,soup,not_close,14,0,1,5,0.2631578947368421,0.31583798,0.32352978
bd68ad46-a7b9-5bc1-86f2-33ef14293f8b,soup,not_close,14,0,2,5,0.2631578947368421,0.18198796,0.17495361
bd68ad46-a7b9-5bc1-86f2-33ef14293f8b,soup,not_close,14,0,3,2,0.1052631578947368,0.15087959,0.13273244
bd68ad46-a7b9-5bc1-86f2-33ef14293f8b,hike,extremely_close,11,3,0,3,0.1578947368421052,0.3467728,0.33196965
bd68ad46-a7b9-5bc1-86f2-33ef14293f8b,hike,extremely_close,11,3,1,7,0.3684210526315789,0.3240307,0.28882948
bd68ad46-a7b9-5bc1-86f2-33ef14293f8b,hike,extremely_close,11,3,2,6,0.3157894736842105,0.19134435,0.21154393
bd68ad46-a7b9-5bc1-86f2-33ef14293f8b,hike,extremely_close,11,3,3,3,0.1578947368421052,0.13785222,0.167657
bd68ad46-a7b9-5bc1-86f2-33ef14293f8b,birthday,not_close,1,0,0,3,0.1666666666666666,0.33094808,0.35584754
bd68ad46-a7b9-5bc1-86f2-33ef14293f8b,birthday,not_close,1,0,1,7,0.3888888888888889,0.31393355,0.31760582
bd68ad46-a7b9-5bc1-86f2-33ef14293f8b,birthday,not_close,1,0,2,5,0.2777777777777778,0.21405,0.1876142
bd68ad46-a7b9-5bc1-86f2-33ef14293f8b,birthday,not_close,1,0,3,3,0.1666666666666666,0.14106838,0.13893244
5f148266-9dea-5f4f-9e8c-6b0e7226daa2,wedding,not_close,15,0,0,7,0.7,0.31908587,0.34685898
5f148266-9dea-5f4f-9e8c-6b0e7226daa2,wedding,not_close,15,0,1,1,0.1,0.29837966,0.30831352
5f148266-9dea-5f4f-9e8c-6b0e7226daa2,wedding,not_close,15,0,2,1,0.1,0.23396881,0.22699372
5f148266-9dea-5f4f-9e8c-6b0e7226daa2,wedding,not_close,15,0,3,1,0.1,0.14856559,0.11783374
5f148266-9dea-5f4f-9e8c-6b0e7226daa2,social,extremely_close,13,3,0,2,0.1538461538461538,0.40185055,0.34408742
5f148266-9dea-5f4f-9e8c-6b0e7226daa2,social,extremely_close,13,3,1,5,0.3846153846153846,0.2581625,0.258135
5f148266-9dea-5f4f-9e8c-6b0e7226daa2,social,extremely_close,13,3,2,4,0.3076923076923077,0.1958849,0.2316001
5f148266-9dea-5f4f-9e8c-6b0e7226daa2,social,extremely_close,13,3,3,2,0.1538461538461538,0.14410202,0.16617753
5f148266-9dea-5f4f-9e8c-6b0e7226daa2,birthday,extremely_close,1,3,0,3,0.25,0.33094808,0.29339695
5f148266-9dea-5f4f-9e8c-6b0e7226daa2,birthday,extremely_close,1,3,1,6,0.5,0.31393355,0.28846595
5f148266-9dea-5f4f-9e8c-6b0e7226daa2,birthday,extremely_close,1,3,2,2,0.1666666666666666,0.21405,0.24154752
5f148266-9dea-5f4f-9e8c-6b0e7226daa2,birthday,extremely_close,1,3,3,1,0.0833333333333333,0.14106838,0.1765896
5f148266-9dea-5f4f-9e8c-6b0e7226daa2,hike,not_close,11,0,0,3,0.25,0.3467728,0.3642791
5f148266-9dea-5f4f-9e8c-6b0e7226daa2,hike,not_close,11,0,1,5,0.4166666666666667,0.3240307,0.31677198
5f148266-9dea-5f4f-9e8c-6b0e7226daa2,hike,not_close,11,0,2,3,0.25,0.19134435,0.1780148
5f148266-9dea-5f4f-9e8c-6b0e7226daa2,hike,not_close,11,0,3,1,0.0833333333333333,0.13785222,0.1409341
5f148266-9dea-5f4f-9e8c-6b0e7226daa2,cooking,extremely_close,4,3,0,1,0.0769230769230769,0.3350411,0.26790115
5f148266-9dea-5f4f-9e8c-6b0e7226daa2,cooking,extremely_close,4,3,1,6,0.4615384615384615,0.301432,0.30072036
5f148266-9dea-5f4f-9e8c-6b0e7226daa2,cooking,extremely_close,4,3,2,5,0.3846153846153846,0.2060558,0.23298924
5f148266-9dea-5f4f-9e8c-6b0e7226daa2,cooking,extremely_close,4,3,3,1,0.0769230769230769,0.15747108,0.19838926
5f148266-9dea-5f4f-9e8c-6b0e7226daa2,driving,close,8,2,0,5,0.4166666666666667,0.33066627,0.30398852
5f148266-9dea-5f4f-9e8c-6b0e7226daa2,driving,close,8,2,1,3,0.25,0.31550372,0.31212825
5f148266-9dea-5f4f-9e8c-6b0e7226daa2,driving,close,8,2,2,2,0.1666666666666666,0.212756,0.21644199
5f148266-9dea-5f4f-9e8c-6b0e7226daa2,driving,close,8,2,3,2,0.1666666666666666,0.14107409,0.1674413
5f148266-9dea-5f4f-9e8c-6b0e7226daa2,dip,close,6,2,0,3,0.5,0.34664327,0.33677724
5f148266-9dea-5f4f-9e8c-6b0e7226daa2,dip,close,6,2,1,1,0.1666666666666666,0.27114132,0.28138566
5f148266-9dea-5f4f-9e8c-6b0e7226daa2,dip,close,6,2,2,1,0.1666666666666666,0.2222055,0.22993708
5f148266-9dea-5f4f-9e8c-6b0e7226daa2,dip,close,6,2,3,1,0.1666666666666666,0.16000988,0.15190005
5f148266-9dea-5f4f-9e8c-6b0e7226daa2,soup,somewhat_close,14,1,0,7,0.7,0.3512944,0.33787718
5f148266-9dea-5f4f-9e8c-6b0e7226daa2,soup,somewhat_close,14,1,1,1,0.1,0.31583798,0.30691224
5f148266-9dea-5f4f-9e8c-6b0e7226daa2,soup,somewhat_close,14,1,2,1,0.1,0.18198796,0.19641732
5f148266-9dea-5f4f-9e8c-6b0e7226daa2,soup,somewhat_close,14,1,3,1,0.1,0.15087959,0.15879321
5f148266-9dea-5f4f-9e8c-6b0e7226daa2,conference,somewhat_close,3,1,0,3,0.2142857142857142,0.3467783,0.330331
5f148266-9dea-5f4f-9e8c-6b0e7226daa2,conference,somewhat_close,3,1,1,5,0.3571428571428571,0.32602173,0.33012256
5f148266-9dea-5f4f-9e8c-6b0e7226daa2,conference,somewhat_close,3,1,2,5,0.3571428571428571,0.1874909,0.2040172
5f148266-9dea-5f4f-9e8c-6b0e7226daa2,conference,somewhat_close,3,1,3,1,0.0714285714285714,0.13970904,0.13552926
5f148266-9dea-5f4f-9e8c-6b0e7226daa2,fair,close,9,2,0,3,0.2727272727272727,0.3399395,0.3417284
5f148266-9dea-5f4f-9e8c-6b0e7226daa2,fair,close,9,2,1,5,0.4545454545454545,0.32053334,0.32354605
5f148266-9dea-5f4f-9e8c-6b0e7226daa2,fair,close,9,2,2,2,0.1818181818181818,0.20100063,0.19540344
5f148266-9dea-5f4f-9e8c-6b0e7226daa2,fair,close,9,2,3,1,0.0909090909090909,0.1385266,0.13932213
5f148266-9dea-5f4f-9e8c-6b0e7226daa2,gala,not_close,10,0,0,5,0.3571428571428571,0.37736025,0.37343702
5f148266-9dea-5f4f-9e8c-6b0e7226daa2,gala,not_close,10,0,1,4,0.2857142857142857,0.24683172,0.2587873
5f148266-9dea-5f4f-9e8c-6b0e7226daa2,gala,not_close,10,0,2,3,0.2142857142857142,0.21063499,0.21295612
5f148266-9dea-5f4f-9e8c-6b0e7226daa2,gala,not_close,10,0,3,2,0.1428571428571428,0.165173,0.15481953
5f148266-9dea-5f4f-9e8c-6b0e7226daa2,basketball,close,0,2,0,1,0.1111111111111111,0.32619047,0.3229036
5f148266-9dea-5f4f-9e8c-6b0e7226daa2,basketball,close,0,2,1,5,0.5555555555555556,0.31149498,0.29293644
5f148266-9dea-5f4f-9e8c-6b0e7226daa2,basketball,close,0,2,2,2,0.2222222222222222,0.21755591,0.20826088
5f148266-9dea-5f4f-9e8c-6b0e7226daa2,basketball,close,0,2,3,1,0.1111111111111111,0.14475863,0.175899
5f148266-9dea-5f4f-9e8c-6b0e7226daa2,crabs,somewhat_close,5,1,0,5,0.5555555555555556,0.34133512,0.3514227
5f148266-9dea-5f4f-9e8c-6b0e7226daa2,crabs,somewhat_close,5,1,1,2,0.2222222222222222,0.3221551,0.35142806
5f148266-9dea-5f4f-9e8c-6b0e7226daa2,crabs,somewhat_close,5,1,2,1,0.1111111111111111,0.18072298,0.148849
5f148266-9dea-5f4f-9e8c-6b0e7226daa2,crabs,somewhat_close,5,1,3,1,0.1111111111111111,0.15578677,0.14830023
5f148266-9dea-5f4f-9e8c-6b0e7226daa2,brunch,not_close,2,0,0,3,0.25,0.31266126,0.34032917
5f148266-9dea-5f4f-9e8c-6b0e7226daa2,brunch,not_close,2,0,1,5,0.4166666666666667,0.29284903,0.29515493
5f148266-9dea-5f4f-9e8c-6b0e7226daa2,brunch,not_close,2,0,2,3,0.25,0.22538273,0.22530942
5f148266-9dea-5f4f-9e8c-6b0e7226daa2,brunch,not_close,2,0,3,1,0.0833333333333333,0.1691069,0.13920642
5f148266-9dea-5f4f-9e8c-6b0e7226daa2,oysters,extremely_close,12,3,0,7,0.5384615384615384,0.35450813,0.33928892
5f148266-9dea-5f4f-9e8c-6b0e7226daa2,oysters,extremely_close,12,3,1,2,0.1538461538461538,0.30145344,0.29421192
5f148266-9dea-5f4f-9e8c-6b0e7226daa2,oysters,extremely_close,12,3,2,3,0.2307692307692307,0.19799377,0.2082637
5f148266-9dea-5f4f-9e8c-6b0e7226daa2,oysters,extremely_close,12,3,3,1,0.0769230769230769,0.14604472,0.15823552
5f148266-9dea-5f4f-9e8c-6b0e7226daa2,drinks,somewhat_close,7,1,0,5,0.4545454545454545,0.34319648,0.34077784
5f148266-9dea-5f4f-9e8c-6b0e7226daa2,drinks,somewhat_close,7,1,1,1,0.0909090909090909,0.26716295,0.2960432
5f148266-9dea-5f4f-9e8c-6b0e7226daa2,drinks,somewhat_close,7,1,2,3,0.2727272727272727,0.22266258,0.20890208
5f148266-9dea-5f4f-9e8c-6b0e7226daa2,drinks,somewhat_close,7,1,3,2,0.1818181818181818,0.16697805,0.15427689
dc7bc805-2906-57e8-ac6e-4a15442fcde8,crabs,extremely_close,5,3,0,1,0.1,0.34133512,0.32297945
dc7bc805-2906-57e8-ac6e-4a15442fcde8,crabs,extremely_close,5,3,1,6,0.6,0.3221551,0.30443525
dc7bc805-2906-57e8-ac6e-4a15442fcde8,crabs,extremely_close,5,3,2,2,0.2,0.18072298,0.18565442
dc7bc805-2906-57e8-ac6e-4a15442fcde8,crabs,extremely_close,5,3,3,1,0.1,0.15578677,0.18693084
dc7bc805-2906-57e8-ac6e-4a15442fcde8,brunch,somewhat_close,2,1,0,1,0.0833333333333333,0.31266126,0.3116763
dc7bc805-2906-57e8-ac6e-4a15442fcde8,brunch,somewhat_close,2,1,1,2,0.1666666666666666,0.29284903,0.27925918
dc7bc805-2906-57e8-ac6e-4a15442fcde8,brunch,somewhat_close,2,1,2,6,0.5,0.22538273,0.23974313
dc7bc805-2906-57e8-ac6e-4a15442fcde8,brunch,somewhat_close,2,1,3,3,0.25,0.1691069,0.16932139
dc7bc805-2906-57e8-ac6e-4a15442fcde8,wedding,somewhat_close,15,1,0,7,0.7,0.31908587,0.32673198
dc7bc805-2906-57e8-ac6e-4a15442fcde8,wedding,somewhat_close,15,1,1,1,0.1,0.29837966,0.2921303
dc7bc805-2906-57e8-ac6e-4a15442fcde8,wedding,somewhat_close,15,1,2,1,0.1,0.23396881,0.23820917
dc7bc805-2906-57e8-ac6e-4a15442fcde8,wedding,somewhat_close,15,1,3,1,0.1,0.14856559,0.14292857
dc7bc805-2906-57e8-ac6e-4a15442fcde8,social,not_close,13,0,0,1,0.25,0.40185055,0.42380705
dc7bc805-2906-57e8-ac6e-4a15442fcde8,social,not_close,13,0,1,1,0.25,0.2581625,0.2471482
dc7bc805-2906-57e8-ac6e-4a15442fcde8,social,not_close,13,0,2,1,0.25,0.1958849,0.1846005
dc7bc805-2906-57e8-ac6e-4a15442fcde8,social,not_close,13,0,3,1,0.25,0.14410202,0.14444424
dc7bc805-2906-57e8-ac6e-4a15442fcde8,driving,not_close,8,0,0,6,0.5,0.33066627,0.31951004
dc7bc805-2906-57e8-ac6e-4a15442fcde8,driving,not_close,8,0,1,2,0.1666666666666666,0.31550372,0.3540611
dc7bc805-2906-57e8-ac6e-4a15442fcde8,driving,not_close,8,0,2,2,0.1666666666666666,0.212756,0.19448832
dc7bc805-2906-57e8-ac6e-4a15442fcde8,driving,not_close,8,0,3,2,0.1666666666666666,0.14107409,0.1319406
dc7bc805-2906-57e8-ac6e-4a15442fcde8,drinks,close,7,2,0,2,0.1666666666666666,0.34319648,0.2973132
dc7bc805-2906-57e8-ac6e-4a15442fcde8,drinks,close,7,2,1,2,0.1666666666666666,0.26716295,0.27554834
dc7bc805-2906-57e8-ac6e-4a15442fcde8,drinks,close,7,2,2,2,0.1666666666666666,0.22266258,0.23582152
dc7bc805-2906-57e8-ac6e-4a15442fcde8,drinks,close,7,2,3,6,0.5,0.16697805,0.1913169
dc7bc805-2906-57e8-ac6e-4a15442fcde8,soup,close,14,2,0,5,0.4545454545454545,0.3512944,0.3422157
dc7bc805-2906-57e8-ac6e-4a15442fcde8,soup,close,14,2,1,2,0.1818181818181818,0.31583798,0.29969218
dc7bc805-2906-57e8-ac6e-4a15442fcde8,soup,close,14,2,2,2,0.1818181818181818,0.18198796,0.19644682
dc7bc805-2906-57e8-ac6e-4a15442fcde8,soup,close,14,2,3,2,0.1818181818181818,0.15087959,0.16164538
dc7bc805-2906-57e8-ac6e-4a15442fcde8,dip,extremely_close,6,3,0,5,0.3333333333333333,0.34664327,0.3213163
dc7bc805-2906-57e8-ac6e-4a15442fcde8,dip,extremely_close,6,3,1,6,0.4,0.27114132,0.2708203
dc7bc805-2906-57e8-ac6e-4a15442fcde8,dip,extremely_close,6,3,2,2,0.1333333333333333,0.2222055,0.2373023
dc7bc805-2906-57e8-ac6e-4a15442fcde8,dip,extremely_close,6,3,3,2,0.1333333333333333,0.16000988,0.17056109
dc7bc805-2906-57e8-ac6e-4a15442fcde8,gala,extremely_close,10,3,0,5,0.4545454545454545,0.37736025,0.27933165
dc7bc805-2906-57e8-ac6e-4a15442fcde8,gala,extremely_close,10,3,1,2,0.1818181818181818,0.24683172,0.27254456
dc7bc805-2906-57e8-ac6e-4a15442fcde8,gala,extremely_close,10,3,2,2,0.1818181818181818,0.21063499,0.25221765
dc7bc805-2906-57e8-ac6e-4a15442fcde8,gala,extremely_close,10,3,3,2,0.1818181818181818,0.165173,0.19590618
dc7bc805-2906-57e8-ac6e-4a15442fcde8,oysters,close,12,2,0,7,0.4666666666666667,0.35450813,0.32386693
dc7bc805-2906-57e8-ac6e-4a15442fcde8,oysters,close,12,2,1,1,0.0666666666666666,0.30145344,0.29327434
dc7bc805-2906-57e8-ac6e-4a15442fcde8,oysters,close,12,2,2,5,0.3333333333333333,0.19799377,0.21184032
dc7bc805-2906-57e8-ac6e-4a15442fcde8,oysters,close,12,2,3,2,0.1333333333333333,0.14604472,0.17101833
dc7bc805-2906-57e8-ac6e-4a15442fcde8,birthday,somewhat_close,1,1,0,7,0.7,0.33094808,0.309631
dc7bc805-2906-57e8-ac6e-4a15442fcde8,birthday,somewhat_close,1,1,1,1,0.1,0.31393355,0.31623533
dc7bc805-2906-57e8-ac6e-4a15442fcde8,birthday,somewhat_close,1,1,2,1,0.1,0.21405,0.23311108
dc7bc805-2906-57e8-ac6e-4a15442fcde8,birthday,somewhat_close,1,1,3,1,0.1,0.14106838,0.14102258
dc7bc805-2906-57e8-ac6e-4a15442fcde8,cooking,somewhat_close,4,1,0,6,0.5,0.3350411,0.302899
dc7bc805-2906-57e8-ac6e-4a15442fcde8,cooking,somewhat_close,4,1,1,2,0.1666666666666666,0.301432,0.3137101
dc7bc805-2906-57e8-ac6e-4a15442fcde8,cooking,somewhat_close,4,1,2,2,0.1666666666666666,0.2060558,0.21770318
dc7bc805-2906-57e8-ac6e-4a15442fcde8,cooking,somewhat_close,4,1,3,2,0.1666666666666666,0.15747108,0.16568774
dc7bc805-2906-57e8-ac6e-4a15442fcde8,hike,not_close,11,0,0,3,0.2307692307692307,0.3467728,0.3642791
dc7bc805-2906-57e8-ac6e-4a15442fcde8,hike,not_close,11,0,1,6,0.4615384615384615,0.3240307,0.31677198
dc7bc805-2906-57e8-ac6e-4a15442fcde8,hike,not_close,11,0,2,2,0.1538461538461538,0.19134435,0.1780148
dc7bc805-2906-57e8-ac6e-4a15442fcde8,hike,not_close,11,0,3,2,0.1538461538461538,0.13785222,0.1409341
dc7bc805-2906-57e8-ac6e-4a15442fcde8,fair,extremely_close,9,3,0,1,0.25,0.3399395,0.32443607
dc7bc805-2906-57e8-ac6e-4a15442fcde8,fair,extremely_close,9,3,1,1,0.25,0.32053334,0.2984974
dc7bc805-2906-57e8-ac6e-4a15442fcde8,fair,extremely_close,9,3,2,1,0.25,0.20100063,0.20797278
dc7bc805-2906-57e8-ac6e-4a15442fcde8,fair,extremely_close,9,3,3,1,0.25,0.1385266,0.16909374
dc7bc805-2906-57e8-ac6e-4a15442fcde8,conference,close,3,2,0,2,0.1818181818181818,0.3467783,0.3194244
dc7bc805-2906-57e8-ac6e-4a15442fcde8,conference,close,3,2,1,7,0.6363636363636364,0.32602173,0.30460128
dc7bc805-2906-57e8-ac6e-4a15442fcde8,conference,close,3,2,2,1,0.0909090909090909,0.1874909,0.22443041
dc7bc805-2906-57e8-ac6e-4a15442fcde8,conference,close,3,2,3,1,0.0909090909090909,0.13970904,0.15154389
dc7bc805-2906-57e8-ac6e-4a15442fcde8,basketball,not_close,0,0,0,1,0.1111111111111111,0.32619047,0.3810742
dc7bc805-2906-57e8-ac6e-4a15442fcde8,basketball,not_close,0,0,1,6,0.6666666666666666,0.31149498,0.33203775
dc7bc805-2906-57e8-ac6e-4a15442fcde8,basketball,not_close,0,0,2,1,0.1111111111111111,0.21755591,0.16480143
dc7bc805-2906-57e8-ac6e-4a15442fcde8,basketball,not_close,0,0,3,1,0.1111111111111111,0.14475863,0.12208664
04aef6be-48e0-5c2f-b0df-a6d3e14b6cab,dip,somewhat_close,6,1,0,7,0.35,0.34664327,0.34845993
04aef6be-48e0-5c2f-b0df-a6d3e14b6cab,dip,somewhat_close,6,1,1,6,0.3,0.27114132,0.27802554
04aef6be-48e0-5c2f-b0df-a6d3e14b6cab,dip,somewhat_close,6,1,2,6,0.3,0.2222055,0.23313951
04aef6be-48e0-5c2f-b0df-a6d3e14b6cab,dip,somewhat_close,6,1,3,1,0.05,0.16000988,0.14037508
04aef6be-48e0-5c2f-b0df-a6d3e14b6cab,basketball,extremely_close,0,3,0,3,0.1428571428571428,0.32619047,0.3092946
04aef6be-48e0-5c2f-b0df-a6d3e14b6cab,basketball,extremely_close,0,3,1,7,0.3333333333333333,0.31149498,0.30697325
04aef6be-48e0-5c2f-b0df-a6d3e14b6cab,basketball,extremely_close,0,3,2,6,0.2857142857142857,0.21755591,0.22017495
04aef6be-48e0-5c2f-b0df-a6d3e14b6cab,basketball,extremely_close,0,3,3,5,0.238095238095238,0.14475863,0.16355725
04aef6be-48e0-5c2f-b0df-a6d3e14b6cab,brunch,not_close,2,0,0,4,0.2857142857142857,0.31266126,0.34032917
04aef6be-48e0-5c2f-b0df-a6d3e14b6cab,brunch,not_close,2,0,1,5,0.3571428571428571,0.29284903,0.29515493
04aef6be-48e0-5c2f-b0df-a6d3e14b6cab,brunch,not_close,2,0,2,3,0.2142857142857142,0.22538273,0.22530942
04aef6be-48e0-5c2f-b0df-a6d3e14b6cab,brunch,not_close,2,0,3,2,0.1428571428571428,0.1691069,0.13920642
04aef6be-48e0-5c2f-b0df-a6d3e14b6cab,soup,extremely_close,14,3,0,6,0.3,0.3512944,0.31738377
04aef6be-48e0-5c2f-b0df-a6d3e14b6cab,soup,extremely_close,14,3,1,6,0.3,0.31583798,0.29048625
04aef6be-48e0-5c2f-b0df-a6d3e14b6cab,soup,extremely_close,14,3,2,5,0.25,0.18198796,0.21168596
04aef6be-48e0-5c2f-b0df-a6d3e14b6cab,soup,extremely_close,14,3,3,3,0.15,0.15087959,0.18044408
04aef6be-48e0-5c2f-b0df-a6d3e14b6cab,conference,not_close,3,0,0,6,0.4615384615384615,0.3467783,0.33014685
04aef6be-48e0-5c2f-b0df-a6d3e14b6cab,conference,not_close,3,0,1,5,0.3846153846153846,0.32602173,0.3841856
04aef6be-48e0-5c2f-b0df-a6d3e14b6cab,conference,not_close,3,0,2,1,0.0769230769230769,0.1874909,0.16168493
04aef6be-48e0-5c2f-b0df-a6d3e14b6cab,conference,not_close,3,0,3,1,0.0769230769230769,0.13970904,0.123982586
04aef6be-48e0-5c2f-b0df-a6d3e14b6cab,driving,somewhat_close,8,1,0,5,0.3125,0.33066627,0.3126709
04aef6be-48e0-5c2f-b0df-a6d3e14b6cab,driving,somewhat_close,8,1,1,6,0.375,0.31550372,0.329562
04aef6be-48e0-5c2f-b0df-a6d3e14b6cab,driving,somewhat_close,8,1,2,3,0.1875,0.212756,0.21199694
04aef6be-48e0-5c2f-b0df-a6d3e14b6cab,driving,somewhat_close,8,1,3,2,0.125,0.14107409,0.14577018
04aef6be-48e0-5c2f-b0df-a6d3e14b6cab,oysters,close,12,2,0,3,0.1666666666666666,0.35450813,0.32386693
04aef6be-48e0-5c2f-b0df-a6d3e14b6cab,oysters,close,12,2,1,7,0.3888888888888889,0.30145344,0.29327434
04aef6be-48e0-5c2f-b0df-a6d3e14b6cab,oysters,close,12,2,2,5,0.2777777777777778,0.19799377,0.21184032
04aef6be-48e0-5c2f-b0df-a6d3e14b6cab,oysters,close,12,2,3,3,0.1666666666666666,0.14604472,0.17101833
04aef6be-48e0-5c2f-b0df-a6d3e14b6cab,social,extremely_close,13,3,0,5,0.4545454545454545,0.40185055,0.34408742
04aef6be-48e0-5c2f-b0df-a6d3e14b6cab,social,extremely_close,13,3,1,2,0.1818181818181818,0.2581625,0.258135
04aef6be-48e0-5c2f-b0df-a6d3e14b6cab,social,extremely_close,13,3,2,3,0.2727272727272727,0.1958849,0.2316001
04aef6be-48e0-5c2f-b0df-a6d3e14b6cab,social,extremely_close,13,3,3,1,0.0909090909090909,0.14410202,0.16617753
04aef6be-48e0-5c2f-b0df-a6d3e14b6cab,crabs,somewhat_close,5,1,0,3,0.1764705882352941,0.34133512,0.3514227
04aef6be-48e0-5c2f-b0df-a6d3e14b6cab,crabs,somewhat_close,5,1,1,7,0.4117647058823529,0.3221551,0.35142806
04aef6be-48e0-5c2f-b0df-a6d3e14b6cab,crabs,somewhat_close,5,1,2,5,0.2941176470588235,0.18072298,0.148849
04aef6be-48e0-5c2f-b0df-a6d3e14b6cab,crabs,somewhat_close,5,1,3,2,0.1176470588235294,0.15578677,0.14830023
04aef6be-48e0-5c2f-b0df-a6d3e14b6cab,fair,close,9,2,0,2,0.125,0.3399395,0.3417284
04aef6be-48e0-5c2f-b0df-a6d3e14b6cab,fair,close,9,2,1,7,0.4375,0.32053334,0.32354605
04aef6be-48e0-5c2f-b0df-a6d3e14b6cab,fair,close,9,2,2,5,0.3125,0.20100063,0.19540344
04aef6be-48e0-5c2f-b0df-a6d3e14b6cab,fair,close,9,2,3,2,0.125,0.1385266,0.13932213
04aef6be-48e0-5c2f-b0df-a6d3e14b6cab,birthday,not_close,1,0,0,7,0.6363636363636364,0.33094808,0.35584754
04aef6be-48e0-5c2f-b0df-a6d3e14b6cab,birthday,not_close,1,0,1,2,0.1818181818181818,0.31393355,0.31760582
04aef6be-48e0-5c2f-b0df-a6d3e14b6cab,birthday,not_close,1,0,2,1,0.0909090909090909,0.21405,0.1876142
04aef6be-48e0-5c2f-b0df-a6d3e14b6cab,birthday,not_close,1,0,3,1,0.0909090909090909,0.14106838,0.13893244
04aef6be-48e0-5c2f-b0df-a6d3e14b6cab,gala,close,10,2,0,5,0.1923076923076923,0.37736025,0.30581924
04aef6be-48e0-5c2f-b0df-a6d3e14b6cab,gala,close,10,2,1,7,0.2692307692307692,0.24683172,0.27153325
04aef6be-48e0-5c2f-b0df-a6d3e14b6cab,gala,close,10,2,2,7,0.2692307692307692,0.21063499,0.2401309
04aef6be-48e0-5c2f-b0df-a6d3e14b6cab,gala,close,10,2,3,7,0.2692307692307692,0.165173,0.18251657
04aef6be-48e0-5c2f-b0df-a6d3e14b6cab,hike,close,11,2,0,7,0.5384615384615384,0.3467728,0.31535208
04aef6be-48e0-5c2f-b0df-a6d3e14b6cab,hike,close,11,2,1,3,0.2307692307692307,0.3240307,0.3006642
04aef6be-48e0-5c2f-b0df-a6d3e14b6cab,hike,close,11,2,2,2,0.1538461538461538,0.19134435,0.20856297
04aef6be-48e0-5c2f-b0df-a6d3e14b6cab,hike,close,11,2,3,1,0.0769230769230769,0.13785222,0.17542079
04aef6be-48e0-5c2f-b0df-a6d3e14b6cab,drinks,somewhat_close,7,1,0,6,0.5,0.34319648,0.34077784
04aef6be-48e0-5c2f-b0df-a6d3e14b6cab,drinks,somewhat_close,7,1,1,3,0.25,0.26716295,0.2960432
04aef6be-48e0-5c2f-b0df-a6d3e14b6cab,drinks,somewhat_close,7,1,2,2,0.1666666666666666,0.22266258,0.20890208
04aef6be-48e0-5c2f-b0df-a6d3e14b6cab,drinks,somewhat_close,7,1,3,1,0.0833333333333333,0.16697805,0.15427689
04aef6be-48e0-5c2f-b0df-a6d3e14b6cab,wedding,extremely_close,15,3,0,2,0.1052631578947368,0.31908587,0.2974841
04aef6be-48e0-5c2f-b0df-a6d3e14b6cab,wedding,extremely_close,15,3,1,5,0.2631578947368421,0.29837966,0.27377465
04aef6be-48e0-5c2f-b0df-a6d3e14b6cab,wedding,extremely_close,15,3,2,7,0.3684210526315789,0.23396881,0.24111676
04aef6be-48e0-5c2f-b0df-a6d3e14b6cab,wedding,extremely_close,15,3,3,5,0.2631578947368421,0.14856559,0.18762444
04aef6be-48e0-5c2f-b0df-a6d3e14b6cab,cooking,not_close,4,0,0,5,0.3846153846153846,0.3350411,0.30513674
04aef6be-48e0-5c2f-b0df-a6d3e14b6cab,cooking,not_close,4,0,1,1,0.0769230769230769,0.301432,0.3403478
04aef6be-48e0-5c2f-b0df-a6d3e14b6cab,cooking,not_close,4,0,2,5,0.3846153846153846,0.2060558,0.19110213
04aef6be-48e0-5c2f-b0df-a6d3e14b6cab,cooking,not_close,4,0,3,2,0.1538461538461538,0.15747108,0.1634134
43679822-97ff-566a-895d-f37691331bc2,brunch,not_close,2,0,0,5,0.5,0.31266126,0.34032917
43679822-97ff-566a-895d-f37691331bc2,brunch,not_close,2,0,1,2,0.2,0.29284903,0.29515493
43679822-97ff-566a-895d-f37691331bc2,brunch,not_close,2,0,2,2,0.2,0.22538273,0.22530942
43679822-97ff-566a-895d-f37691331bc2,brunch,not_close,2,0,3,1,0.1,0.1691069,0.13920642
43679822-97ff-566a-895d-f37691331bc2,social,not_close,13,0,0,5,0.625,0.40185055,0.42380705
43679822-97ff-566a-895d-f37691331bc2,social,not_close,13,0,1,1,0.125,0.2581625,0.2471482
43679822-97ff-566a-895d-f37691331bc2,social,not_close,13,0,2,1,0.125,0.1958849,0.1846005
43679822-97ff-566a-895d-f37691331bc2,social,not_close,13,0,3,1,0.125,0.14410202,0.14444424
43679822-97ff-566a-895d-f37691331bc2,basketball,somewhat_close,0,1,0,6,0.6,0.32619047,0.31074163
43679822-97ff-566a-895d-f37691331bc2,basketball,somewhat_close,0,1,1,2,0.2,0.31149498,0.30840942
43679822-97ff-566a-895d-f37691331bc2,basketball,somewhat_close,0,1,2,1,0.1,0.21755591,0.22120504
43679822-97ff-566a-895d-f37691331bc2,basketball,somewhat_close,0,1,3,1,0.1,0.14475863,0.15964389
43679822-97ff-566a-895d-f37691331bc2,crabs,not_close,5,0,0,3,0.3,0.34133512,0.3294243
43679822-97ff-566a-895d-f37691331bc2,crabs,not_close,5,0,1,5,0.5,0.3221551,0.36001885
43679822-97ff-566a-895d-f37691331bc2,crabs,not_close,5,0,2,1,0.1,0.18072298,0.16664708
43679822-97ff-566a-895d-f37691331bc2,crabs,not_close,5,0,3,1,0.1,0.15578677,0.14390975
43679822-97ff-566a-895d-f37691331bc2,conference,extremely_close,3,3,0,5,0.2941176470588235,0.3467783,0.3099088
43679822-97ff-566a-895d-f37691331bc2,conference,extremely_close,3,3,1,6,0.3529411764705882,0.32602173,0.2874739
43679822-97ff-566a-895d-f37691331bc2,conference,extremely_close,3,3,2,5,0.2941176470588235,0.1874909,0.2322446
43679822-97ff-566a-895d-f37691331bc2,conference,extremely_close,3,3,3,1,0.0588235294117647,0.13970904,0.17037268
43679822-97ff-566a-895d-f37691331bc2,driving,close,8,2,0,6,0.3333333333333333,0.33066627,0.30398852
43679822-97ff-566a-895d-f37691331bc2,driving,close,8,2,1,5,0.2777777777777778,0.31550372,0.31212825
43679822-97ff-566a-895d-f37691331bc2,driving,close,8,2,2,4,0.2222222222222222,0.212756,0.21644199
43679822-97ff-566a-895d-f37691331bc2,driving,close,8,2,3,3,0.1666666666666666,0.14107409,0.1674413
43679822-97ff-566a-895d-f37691331bc2,soup,extremely_close,14,3,0,6,0.5,0.3512944,0.31738377
43679822-97ff-566a-895d-f37691331bc2,soup,extremely_close,14,3,1,3,0.25,0.31583798,0.29048625
43679822-97ff-566a-895d-f37691331bc2,soup,extremely_close,14,3,2,2,0.1666666666666666,0.18198796,0.21168596
43679822-97ff-566a-895d-f37691331bc2,soup,extremely_close,14,3,3,1,0.0833333333333333,0.15087959,0.18044408
43679822-97ff-566a-895d-f37691331bc2,wedding,close,15,2,0,5,0.3846153846153846,0.31908587,0.30511737
43679822-97ff-566a-895d-f37691331bc2,wedding,close,15,2,1,5,0.3846153846153846,0.29837966,0.2728047
43679822-97ff-566a-895d-f37691331bc2,wedding,close,15,2,2,2,0.1538461538461538,0.23396881,0.2473037
43679822-97ff-566a-895d-f37691331bc2,wedding,close,15,2,3,1,0.0769230769230769,0.14856559,0.17477417
43679822-97ff-566a-895d-f37691331bc2,dip,not_close,6,0,0,3,0.375,0.34664327,0.39242724
43679822-97ff-566a-895d-f37691331bc2,dip,not_close,6,0,1,2,0.25,0.27114132,0.2466927
43679822-97ff-566a-895d-f37691331bc2,dip,not_close,6,0,2,2,0.25,0.2222055,0.21824121
43679822-97ff-566a-895d-f37691331bc2,dip,not_close,6,0,3,1,0.125,0.16000988,0.14263879
43679822-97ff-566a-895d-f37691331bc2,cooking,extremely_close,4,3,0,1,0.0555555555555555,0.3350411,0.26790115
43679822-97ff-566a-895d-f37691331bc2,cooking,extremely_close,4,3,1,7,0.3888888888888889,0.301432,0.30072036
43679822-97ff-566a-895d-f37691331bc2,cooking,extremely_close,4,3,2,5,0.2777777777777778,0.2060558,0.23298924
43679822-97ff-566a-895d-f37691331bc2,cooking,extremely_close,4,3,3,5,0.2777777777777778,0.15747108,0.19838926
43679822-97ff-566a-895d-f37691331bc2,birthday,extremely_close,1,3,0,6,0.2857142857142857,0.33094808,0.29339695
43679822-97ff-566a-895d-f37691331bc2,birthday,extremely_close,1,3,1,7,0.3333333333333333,0.31393355,0.28846595
43679822-97ff-566a-895d-f37691331bc2,birthday,extremely_close,1,3,2,5,0.238095238095238,0.21405,0.24154752
43679822-97ff-566a-895d-f37691331bc2,birthday,extremely_close,1,3,3,3,0.1428571428571428,0.14106838,0.1765896
43679822-97ff-566a-895d-f37691331bc2,drinks,somewhat_close,7,1,0,5,0.3333333333333333,0.34319648,0.34077784
43679822-97ff-566a-895d-f37691331bc2,drinks,somewhat_close,7,1,1,5,0.3333333333333333,0.26716295,0.2960432
43679822-97ff-566a-895d-f37691331bc2,drinks,somewhat_close,7,1,2,2,0.1333333333333333,0.22266258,0.20890208
43679822-97ff-566a-895d-f37691331bc2,drinks,somewhat_close,7,1,3,3,0.2,0.16697805,0.15427689
43679822-97ff-566a-895d-f37691331bc2,gala,somewhat_close,10,1,0,5,0.25,0.37736025,0.32411346
43679822-97ff-566a-895d-f37691331bc2,gala,somewhat_close,10,1,1,5,0.25,0.24683172,0.25308076
43679822-97ff-566a-895d-f37691331bc2,gala,somewhat_close,10,1,2,5,0.25,0.21063499,0.23114428
43679822-97ff-566a-895d-f37691331bc2,gala,somewhat_close,10,1,3,5,0.25,0.165173,0.1916615
43679822-97ff-566a-895d-f37691331bc2,hike,close,11,2,0,4,0.2857142857142857,0.3467728,0.31535208
43679822-97ff-566a-895d-f37691331bc2,hike,close,11,2,1,6,0.4285714285714285,0.3240307,0.3006642
43679822-97ff-566a-895d-f37691331bc2,hike,close,11,2,2,3,0.2142857142857142,0.19134435,0.20856297
43679822-97ff-566a-895d-f37691331bc2,hike,close,11,2,3,1,0.0714285714285714,0.13785222,0.17542079
43679822-97ff-566a-895d-f37691331bc2,fair,somewhat_close,9,1,0,5,0.3846153846153846,0.3399395,0.29991916
43679822-97ff-566a-895d-f37691331bc2,fair,somewhat_close,9,1,1,5,0.3846153846153846,0.32053334,0.31271672
43679822-97ff-566a-895d-f37691331bc2,fair,somewhat_close,9,1,2,2,0.1538461538461538,0.20100063,0.22270054
43679822-97ff-566a-895d-f37691331bc2,fair,somewhat_close,9,1,3,1,0.0769230769230769,0.1385266,0.16466357
43679822-97ff-566a-895d-f37691331bc2,oysters,close,12,2,0,6,0.5454545454545454,0.35450813,0.32386693
43679822-97ff-566a-895d-f37691331bc2,oysters,close,12,2,1,2,0.1818181818181818,0.30145344,0.29327434
43679822-97ff-566a-895d-f37691331bc2,oysters,close,12,2,2,2,0.1818181818181818,0.19799377,0.21184032
43679822-97ff-566a-895d-f37691331bc2,oysters,close,12,2,3,1,0.0909090909090909,0.14604472,0.17101833
12c03e70-66bc-5bde-8cc5-7c26efc67f18,social,not_close,13,0,0,5,0.625,0.40185055,0.42380705
12c03e70-66bc-5bde-8cc5-7c26efc67f18,social,not_close,13,0,1,1,0.125,0.2581625,0.2471482
12c03e70-66bc-5bde-8cc5-7c26efc67f18,social,not_close,13,0,2,1,0.125,0.1958849,0.1846005
12c03e70-66bc-5bde-8cc5-7c26efc67f18,social,not_close,13,0,3,1,0.125,0.14410202,0.14444424
12c03e70-66bc-5bde-8cc5-7c26efc67f18,hike,extremely_close,11,3,0,6,0.2727272727272727,0.3467728,0.33196965
12c03e70-66bc-5bde-8cc5-7c26efc67f18,hike,extremely_close,11,3,1,6,0.2727272727272727,0.3240307,0.28882948
12c03e70-66bc-5bde-8cc5-7c26efc67f18,hike,extremely_close,11,3,2,5,0.2272727272727272,0.19134435,0.21154393
12c03e70-66bc-5bde-8cc5-7c26efc67f18,hike,extremely_close,11,3,3,5,0.2272727272727272,0.13785222,0.167657
12c03e70-66bc-5bde-8cc5-7c26efc67f18,fair,close,9,2,0,6,0.2727272727272727,0.3399395,0.3417284
12c03e70-66bc-5bde-8cc5-7c26efc67f18,fair,close,9,2,1,6,0.2727272727272727,0.32053334,0.32354605
12c03e70-66bc-5bde-8cc5-7c26efc67f18,fair,close,9,2,2,5,0.2272727272727272,0.20100063,0.19540344
12c03e70-66bc-5bde-8cc5-7c26efc67f18,fair,close,9,2,3,5,0.2272727272727272,0.1385266,0.13932213
12c03e70-66bc-5bde-8cc5-7c26efc67f18,birthday,extremely_close,1,3,0,6,0.24,0.33094808,0.29339695
12c03e70-66bc-5bde-8cc5-7c26efc67f18,birthday,extremely_close,1,3,1,7,0.28,0.31393355,0.28846595
12c03e70-66bc-5bde-8cc5-7c26efc67f18,birthday,extremely_close,1,3,2,6,0.24,0.21405,0.24154752
12c03e70-66bc-5bde-8cc5-7c26efc67f18,birthday,extremely_close,1,3,3,6,0.24,0.14106838,0.1765896
12c03e70-66bc-5bde-8cc5-7c26efc67f18,oysters,not_close,12,0,0,7,0.3333333333333333,0.35450813,0.35589477
12c03e70-66bc-5bde-8cc5-7c26efc67f18,oysters,not_close,12,0,1,7,0.3333333333333333,0.30145344,0.31109774
12c03e70-66bc-5bde-8cc5-7c26efc67f18,oysters,not_close,12,0,2,5,0.238095238095238,0.19799377,0.19477606
12c03e70-66bc-5bde-8cc5-7c26efc67f18,oysters,not_close,12,0,3,2,0.0952380952380952,0.14604472,0.13823144
12c03e70-66bc-5bde-8cc5-7c26efc67f18,cooking,extremely_close,4,3,0,2,0.1111111111111111,0.3350411,0.26790115
12c03e70-66bc-5bde-8cc5-7c26efc67f18,cooking,extremely_close,4,3,1,6,0.3333333333333333,0.301432,0.30072036
12c03e70-66bc-5bde-8cc5-7c26efc67f18,cooking,extremely_close,4,3,2,6,0.3333333333333333,0.2060558,0.23298924
12c03e70-66bc-5bde-8cc5-7c26efc67f18,cooking,extremely_close,4,3,3,4,0.2222222222222222,0.15747108,0.19838926
12c03e70-66bc-5bde-8cc5-7c26efc67f18,dip,close,6,2,0,6,0.375,0.34664327,0.33677724
12c03e70-66bc-5bde-8cc5-7c26efc67f18,dip,close,6,2,1,5,0.3125,0.27114132,0.28138566
12c03e70-66bc-5bde-8cc5-7c26efc67f18,dip,close,6,2,2,3,0.1875,0.2222055,0.22993708
12c03e70-66bc-5bde-8cc5-7c26efc67f18,dip,close,6,2,3,2,0.125,0.16000988,0.15190005
12c03e70-66bc-5bde-8cc5-7c26efc67f18,crabs,somewhat_close,5,1,0,6,0.3529411764705882,0.34133512,0.3514227
12c03e70-66bc-5bde-8cc5-7c26efc67f18,crabs,somewhat_close,5,1,1,5,0.2941176470588235,0.3221551,0.35142806
12c03e70-66bc-5bde-8cc5-7c26efc67f18,crabs,somewhat_close,5,1,2,1,0.0588235294117647,0.18072298,0.148849
12c03e70-66bc-5bde-8cc5-7c26efc67f18,crabs,somewhat_close,5,1,3,5,0.2941176470588235,0.15578677,0.14830023
12c03e70-66bc-5bde-8cc5-7c26efc67f18,driving,somewhat_close,8,1,0,5,0.3125,0.33066627,0.3126709
12c03e70-66bc-5bde-8cc5-7c26efc67f18,driving,somewhat_close,8,1,1,5,0.3125,0.31550372,0.329562
12c03e70-66bc-5bde-8cc5-7c26efc67f18,driving,somewhat_close,8,1,2,5,0.3125,0.212756,0.21199694
12c03e70-66bc-5bde-8cc5-7c26efc67f18,driving,somewhat_close,8,1,3,1,0.0625,0.14107409,0.14577018
12c03e70-66bc-5bde-8cc5-7c26efc67f18,drinks,somewhat_close,7,1,0,5,0.3571428571428571,0.34319648,0.34077784
12c03e70-66bc-5bde-8cc5-7c26efc67f18,drinks,somewhat_close,7,1,1,2,0.1428571428571428,0.26716295,0.2960432
12c03e70-66bc-5bde-8cc5-7c26efc67f18,drinks,somewhat_close,7,1,2,6,0.4285714285714285,0.22266258,0.20890208
12c03e70-66bc-5bde-8cc5-7c26efc67f18,drinks,somewhat_close,7,1,3,1,0.0714285714285714,0.16697805,0.15427689
12c03e70-66bc-5bde-8cc5-7c26efc67f18,soup,close,14,2,0,7,0.4375,0.3512944,0.3422157
12c03e70-66bc-5bde-8cc5-7c26efc67f18,soup,close,14,2,1,3,0.1875,0.31583798,0.29969218
12c03e70-66bc-5bde-8cc5-7c26efc67f18,soup,close,14,2,2,3,0.1875,0.18198796,0.19644682
12c03e70-66bc-5bde-8cc5-7c26efc67f18,soup,close,14,2,3,3,0.1875,0.15087959,0.16164538
12c03e70-66bc-5bde-8cc5-7c26efc67f18,wedding,not_close,15,0,0,7,0.7,0.31908587,0.34685898
12c03e70-66bc-5bde-8cc5-7c26efc67f18,wedding,not_close,15,0,1,1,0.1,0.29837966,0.30831352
12c03e70-66bc-5bde-8cc5-7c26efc67f18,wedding,not_close,15,0,2,1,0.1,0.23396881,0.22699372
12c03e70-66bc-5bde-8cc5-7c26efc67f18,wedding,not_close,15,0,3,1,0.1,0.14856559,0.11783374
12c03e70-66bc-5bde-8cc5-7c26efc67f18,brunch,extremely_close,2,3,0,1,0.0526315789473684,0.31266126,0.26310802
12c03e70-66bc-5bde-8cc5-7c26efc67f18,brunch,extremely_close,2,3,1,6,0.3157894736842105,0.29284903,0.27545908
12c03e70-66bc-5bde-8cc5-7c26efc67f18,brunch,extremely_close,2,3,2,6,0.3157894736842105,0.22538273,0.24720623
12c03e70-66bc-5bde-8cc5-7c26efc67f18,brunch,extremely_close,2,3,3,6,0.3157894736842105,0.1691069,0.21422674
12c03e70-66bc-5bde-8cc5-7c26efc67f18,basketball,somewhat_close,0,1,0,6,0.3333333333333333,0.32619047,0.31074163
12c03e70-66bc-5bde-8cc5-7c26efc67f18,basketball,somewhat_close,0,1,1,6,0.3333333333333333,0.31149498,0.30840942
12c03e70-66bc-5bde-8cc5-7c26efc67f18,basketball,somewhat_close,0,1,2,5,0.2777777777777778,0.21755591,0.22120504
12c03e70-66bc-5bde-8cc5-7c26efc67f18,basketball,somewhat_close,0,1,3,1,0.0555555555555555,0.14475863,0.15964389
12c03e70-66bc-5bde-8cc5-7c26efc67f18,conference,close,3,2,0,7,0.4666666666666667,0.3467783,0.3194244
12c03e70-66bc-5bde-8cc5-7c26efc67f18,conference,close,3,2,1,6,0.4,0.32602173,0.30460128
12c03e70-66bc-5bde-8cc5-7c26efc67f18,conference,close,3,2,2,1,0.0666666666666666,0.1874909,0.22443041
12c03e70-66bc-5bde-8cc5-7c26efc67f18,conference,close,3,2,3,1,0.0666666666666666,0.13970904,0.15154389
12c03e70-66bc-5bde-8cc5-7c26efc67f18,gala,not_close,10,0,0,7,0.7,0.37736025,0.37343702
12c03e70-66bc-5bde-8cc5-7c26efc67f18,gala,not_close,10,0,1,1,0.1,0.24683172,0.2587873
12c03e70-66bc-5bde-8cc5-7c26efc67f18,gala,not_close,10,0,2,1,0.1,0.21063499,0.21295612
12c03e70-66bc-5bde-8cc5-7c26efc67f18,gala,not_close,10,0,3,1,0.1,0.165173,0.15481953
11382ed8-527b-5112-93b6-a8396693e9e0,soup,not_close,14,0,0,7,0.7,0.3512944,0.3687841
11382ed8-527b-5112-93b6-a8396693e9e0,soup,not_close,14,0,1,1,0.1,0.31583798,0.32352978
11382ed8-527b-5112-93b6-a8396693e9e0,soup,not_close,14,0,2,1,0.1,0.18198796,0.17495361
11382ed8-527b-5112-93b6-a8396693e9e0,soup,not_close,14,0,3,1,0.1,0.15087959,0.13273244
11382ed8-527b-5112-93b6-a8396693e9e0,birthday,extremely_close,1,3,0,6,0.5,0.33094808,0.29339695
11382ed8-527b-5112-93b6-a8396693e9e0,birthday,extremely_close,1,3,1,3,0.25,0.31393355,0.28846595
11382ed8-527b-5112-93b6-a8396693e9e0,birthday,extremely_close,1,3,2,2,0.1666666666666666,0.21405,0.24154752
11382ed8-527b-5112-93b6-a8396693e9e0,birthday,extremely_close,1,3,3,1,0.0833333333333333,0.14106838,0.1765896
11382ed8-527b-5112-93b6-a8396693e9e0,hike,close,11,2,0,6,0.4285714285714285,0.3467728,0.31535208
11382ed8-527b-5112-93b6-a8396693e9e0,hike,close,11,2,1,5,0.3571428571428571,0.3240307,0.3006642
11382ed8-527b-5112-93b6-a8396693e9e0,hike,close,11,2,2,2,0.1428571428571428,0.19134435,0.20856297
11382ed8-527b-5112-93b6-a8396693e9e0,hike,close,11,2,3,1,0.0714285714285714,0.13785222,0.17542079
11382ed8-527b-5112-93b6-a8396693e9e0,basketball,close,0,2,0,6,0.4615384615384615,0.32619047,0.3229036
11382ed8-527b-5112-93b6-a8396693e9e0,basketball,close,0,2,1,4,0.3076923076923077,0.31149498,0.29293644
11382ed8-527b-5112-93b6-a8396693e9e0,basketball,close,0,2,2,2,0.1538461538461538,0.21755591,0.20826088
11382ed8-527b-5112-93b6-a8396693e9e0,basketball,close,0,2,3,1,0.0769230769230769,0.14475863,0.175899
11382ed8-527b-5112-93b6-a8396693e9e0,fair,somewhat_close,9,1,0,6,0.4,0.3399395,0.29991916
11382ed8-527b-5112-93b6-a8396693e9e0,fair,somewhat_close,9,1,1,6,0.4,0.32053334,0.31271672
11382ed8-527b-5112-93b6-a8396693e9e0,fair,somewhat_close,9,1,2,2,0.1333333333333333,0.20100063,0.22270054
11382ed8-527b-5112-93b6-a8396693e9e0,fair,somewhat_close,9,1,3,1,0.0666666666666666,0.1385266,0.16466357
11382ed8-527b-5112-93b6-a8396693e9e0,dip,somewhat_close,6,1,0,6,0.4615384615384615,0.34664327,0.34845993
11382ed8-527b-5112-93b6-a8396693e9e0,dip,somewhat_close,6,1,1,3,0.2307692307692307,0.27114132,0.27802554
11382ed8-527b-5112-93b6-a8396693e9e0,dip,somewhat_close,6,1,2,3,0.2307692307692307,0.2222055,0.23313951
11382ed8-527b-5112-93b6-a8396693e9e0,dip,somewhat_close,6,1,3,1,0.0769230769230769,0.16000988,0.14037508
11382ed8-527b-5112-93b6-a8396693e9e0,drinks,not_close,7,0,0,6,0.5,0.34319648,0.2994285
11382ed8-527b-5112-93b6-a8396693e9e0,drinks,not_close,7,0,1,3,0.25,0.26716295,0.298935
11382ed8-527b-5112-93b6-a8396693e9e0,drinks,not_close,7,0,2,2,0.1666666666666666,0.22266258,0.2280769
11382ed8-527b-5112-93b6-a8396693e9e0,drinks,not_close,7,0,3,1,0.0833333333333333,0.16697805,0.1735596
11382ed8-527b-5112-93b6-a8396693e9e0,social,close,13,2,0,5,0.4166666666666667,0.40185055,0.3784892
11382ed8-527b-5112-93b6-a8396693e9e0,social,close,13,2,1,4,0.3333333333333333,0.2581625,0.26476493
11382ed8-527b-5112-93b6-a8396693e9e0,social,close,13,2,2,2,0.1666666666666666,0.1958849,0.20696187
11382ed8-527b-5112-93b6-a8396693e9e0,social,close,13,2,3,1,0.0833333333333333,0.14410202,0.14978395
11382ed8-527b-5112-93b6-a8396693e9e0,crabs,somewhat_close,5,1,0,4,0.3333333333333333,0.34133512,0.3514227
11382ed8-527b-5112-93b6-a8396693e9e0,crabs,somewhat_close,5,1,1,6,0.5,0.3221551,0.35142806
11382ed8-527b-5112-93b6-a8396693e9e0,crabs,somewhat_close,5,1,2,1,0.0833333333333333,0.18072298,0.148849
11382ed8-527b-5112-93b6-a8396693e9e0,crabs,somewhat_close,5,1,3,1,0.0833333333333333,0.15578677,0.14830023
11382ed8-527b-5112-93b6-a8396693e9e0,driving,close,8,2,0,5,0.3333333333333333,0.33066627,0.30398852
11382ed8-527b-5112-93b6-a8396693e9e0,driving,close,8,2,1,7,0.4666666666666667,0.31550372,0.31212825
11382ed8-527b-5112-93b6-a8396693e9e0,driving,close,8,2,2,2,0.1333333333333333,0.212756,0.21644199
11382ed8-527b-5112-93b6-a8396693e9e0,driving,close,8,2,3,1,0.0666666666666666,0.14107409,0.1674413
11382ed8-527b-5112-93b6-a8396693e9e0,cooking,extremely_close,4,3,0,3,0.2307692307692307,0.3350411,0.26790115
11382ed8-527b-5112-93b6-a8396693e9e0,cooking,extremely_close,4,3,1,7,0.5384615384615384,0.301432,0.30072036
11382ed8-527b-5112-93b6-a8396693e9e0,cooking,extremely_close,4,3,2,2,0.1538461538461538,0.2060558,0.23298924
11382ed8-527b-5112-93b6-a8396693e9e0,cooking,extremely_close,4,3,3,1,0.0769230769230769,0.15747108,0.19838926
11382ed8-527b-5112-93b6-a8396693e9e0,oysters,not_close,12,0,0,6,0.4,0.35450813,0.35589477
11382ed8-527b-5112-93b6-a8396693e9e0,oysters,not_close,12,0,1,5,0.3333333333333333,0.30145344,0.31109774
11382ed8-527b-5112-93b6-a8396693e9e0,oysters,not_close,12,0,2,3,0.2,0.19799377,0.19477606
11382ed8-527b-5112-93b6-a8396693e9e0,oysters,not_close,12,0,3,1,0.0666666666666666,0.14604472,0.13823144
11382ed8-527b-5112-93b6-a8396693e9e0,conference,not_close,3,0,0,5,0.3571428571428571,0.3467783,0.33014685
11382ed8-527b-5112-93b6-a8396693e9e0,conference,not_close,3,0,1,6,0.4285714285714285,0.32602173,0.3841856
11382ed8-527b-5112-93b6-a8396693e9e0,conference,not_close,3,0,2,2,0.1428571428571428,0.1874909,0.16168493
11382ed8-527b-5112-93b6-a8396693e9e0,conference,not_close,3,0,3,1,0.0714285714285714,0.13970904,0.123982586
11382ed8-527b-5112-93b6-a8396693e9e0,wedding,extremely_close,15,3,0,4,0.25,0.31908587,0.2974841
11382ed8-527b-5112-93b6-a8396693e9e0,wedding,extremely_close,15,3,1,6,0.375,0.29837966,0.27377465
11382ed8-527b-5112-93b6-a8396693e9e0,wedding,extremely_close,15,3,2,5,0.3125,0.23396881,0.24111676
11382ed8-527b-5112-93b6-a8396693e9e0,wedding,extremely_close,15,3,3,1,0.0625,0.14856559,0.18762444
11382ed8-527b-5112-93b6-a8396693e9e0,brunch,extremely_close,2,3,0,5,0.2941176470588235,0.31266126,0.26310802
11382ed8-527b-5112-93b6-a8396693e9e0,brunch,extremely_close,2,3,1,6,0.3529411764705882,0.29284903,0.27545908
11382ed8-527b-5112-93b6-a8396693e9e0,brunch,extremely_close,2,3,2,4,0.2352941176470588,0.22538273,0.24720623
11382ed8-527b-5112-93b6-a8396693e9e0,brunch,extremely_close,2,3,3,2,0.1176470588235294,0.1691069,0.21422674
11382ed8-527b-5112-93b6-a8396693e9e0,gala,somewhat_close,10,1,0,6,0.4,0.37736025,0.32411346
11382ed8-527b-5112-93b6-a8396693e9e0,gala,somewhat_close,10,1,1,4,0.2666666666666666,0.24683172,0.25308076
11382ed8-527b-5112-93b6-a8396693e9e0,gala,somewhat_close,10,1,2,3,0.2,0.21063499,0.23114428
11382ed8-527b-5112-93b6-a8396693e9e0,gala,somewhat_close,10,1,3,2,0.1333333333333333,0.165173,0.1916615
78265e05-0c57-586b-b0eb-8c3c461302e1,drinks,somewhat_close,7,1,0,3,0.1666666666666666,0.34319648,0.34077784
78265e05-0c57-586b-b0eb-8c3c461302e1,drinks,somewhat_close,7,1,1,5,0.2777777777777778,0.26716295,0.2960432
78265e05-0c57-586b-b0eb-8c3c461302e1,drinks,somewhat_close,7,1,2,5,0.2777777777777778,0.22266258,0.20890208
78265e05-0c57-586b-b0eb-8c3c461302e1,drinks,somewhat_close,7,1,3,5,0.2777777777777778,0.16697805,0.15427689
78265e05-0c57-586b-b0eb-8c3c461302e1,basketball,extremely_close,0,3,0,5,0.2777777777777778,0.32619047,0.3092946
78265e05-0c57-586b-b0eb-8c3c461302e1,basketball,extremely_close,0,3,1,5,0.2777777777777778,0.31149498,0.30697325
78265e05-0c57-586b-b0eb-8c3c461302e1,basketball,extremely_close,0,3,2,6,0.3333333333333333,0.21755591,0.22017495
78265e05-0c57-586b-b0eb-8c3c461302e1,basketball,extremely_close,0,3,3,2,0.1111111111111111,0.14475863,0.16355725
78265e05-0c57-586b-b0eb-8c3c461302e1,wedding,extremely_close,15,3,0,6,0.3529411764705882,0.31908587,0.2974841
78265e05-0c57-586b-b0eb-8c3c461302e1,wedding,extremely_close,15,3,1,4,0.2352941176470588,0.29837966,0.27377465
78265e05-0c57-586b-b0eb-8c3c461302e1,wedding,extremely_close,15,3,2,5,0.2941176470588235,0.23396881,0.24111676
78265e05-0c57-586b-b0eb-8c3c461302e1,wedding,extremely_close,15,3,3,2,0.1176470588235294,0.14856559,0.18762444
78265e05-0c57-586b-b0eb-8c3c461302e1,brunch,not_close,2,0,0,4,0.2352941176470588,0.31266126,0.34032917
78265e05-0c57-586b-b0eb-8c3c461302e1,brunch,not_close,2,0,1,6,0.3529411764705882,0.29284903,0.29515493
78265e05-0c57-586b-b0eb-8c3c461302e1,brunch,not_close,2,0,2,5,0.2941176470588235,0.22538273,0.22530942
78265e05-0c57-586b-b0eb-8c3c461302e1,brunch,not_close,2,0,3,2,0.1176470588235294,0.1691069,0.13920642
78265e05-0c57-586b-b0eb-8c3c461302e1,dip,somewhat_close,6,1,0,6,0.375,0.34664327,0.34845993
78265e05-0c57-586b-b0eb-8c3c461302e1,dip,somewhat_close,6,1,1,5,0.3125,0.27114132,0.27802554
78265e05-0c57-586b-b0eb-8c3c461302e1,dip,somewhat_close,6,1,2,3,0.1875,0.2222055,0.23313951
78265e05-0c57-586b-b0eb-8c3c461302e1,dip,somewhat_close,6,1,3,2,0.125,0.16000988,0.14037508
78265e05-0c57-586b-b0eb-8c3c461302e1,fair,somewhat_close,9,1,0,6,0.3157894736842105,0.3399395,0.29991916
78265e05-0c57-586b-b0eb-8c3c461302e1,fair,somewhat_close,9,1,1,6,0.3157894736842105,0.32053334,0.31271672
78265e05-0c57-586b-b0eb-8c3c461302e1,fair,somewhat_close,9,1,2,3,0.1578947368421052,0.20100063,0.22270054
78265e05-0c57-586b-b0eb-8c3c461302e1,fair,somewhat_close,9,1,3,4,0.2105263157894736,0.1385266,0.16466357
78265e05-0c57-586b-b0eb-8c3c461302e1,oysters,close,12,2,0,5,0.4545454545454545,0.35450813,0.32386693
78265e05-0c57-586b-b0eb-8c3c461302e1,oysters,close,12,2,1,2,0.1818181818181818,0.30145344,0.29327434
78265e05-0c57-586b-b0eb-8c3c461302e1,oysters,close,12,2,2,2,0.1818181818181818,0.19799377,0.21184032
78265e05-0c57-586b-b0eb-8c3c461302e1,oysters,close,12,2,3,2,0.1818181818181818,0.14604472,0.17101833
78265e05-0c57-586b-b0eb-8c3c461302e1,birthday,extremely_close,1,3,0,4,0.2352941176470588,0.33094808,0.29339695
78265e05-0c57-586b-b0eb-8c3c461302e1,birthday,extremely_close,1,3,1,6,0.3529411764705882,0.31393355,0.28846595
78265e05-0c57-586b-b0eb-8c3c461302e1,birthday,extremely_close,1,3,2,5,0.2941176470588235,0.21405,0.24154752
78265e05-0c57-586b-b0eb-8c3c461302e1,birthday,extremely_close,1,3,3,2,0.1176470588235294,0.14106838,0.1765896
78265e05-0c57-586b-b0eb-8c3c461302e1,driving,somewhat_close,8,1,0,5,0.3125,0.33066627,0.3126709
78265e05-0c57-586b-b0eb-8c3c461302e1,driving,somewhat_close,8,1,1,6,0.375,0.31550372,0.329562
78265e05-0c57-586b-b0eb-8c3c461302e1,driving,somewhat_close,8,1,2,2,0.125,0.212756,0.21199694
78265e05-0c57-586b-b0eb-8c3c461302e1,driving,somewhat_close,8,1,3,3,0.1875,0.14107409,0.14577018
78265e05-0c57-586b-b0eb-8c3c461302e1,conference,not_close,3,0,0,5,0.4166666666666667,0.3467783,0.33014685
78265e05-0c57-586b-b0eb-8c3c461302e1,conference,not_close,3,0,1,5,0.4166666666666667,0.32602173,0.3841856
78265e05-0c57-586b-b0eb-8c3c461302e1,conference,not_close,3,0,2,1,0.0833333333333333,0.1874909,0.16168493
78265e05-0c57-586b-b0eb-8c3c461302e1,conference,not_close,3,0,3,1,0.0833333333333333,0.13970904,0.123982586
78265e05-0c57-586b-b0eb-8c3c461302e1,social,close,13,2,0,4,0.3076923076923077,0.40185055,0.3784892
78265e05-0c57-586b-b0eb-8c3c461302e1,social,close,13,2,1,3,0.2307692307692307,0.2581625,0.26476493
78265e05-0c57-586b-b0eb-8c3c461302e1,social,close,13,2,2,3,0.2307692307692307,0.1958849,0.20696187
78265e05-0c57-586b-b0eb-8c3c461302e1,social,close,13,2,3,3,0.2307692307692307,0.14410202,0.14978395
78265e05-0c57-586b-b0eb-8c3c461302e1,hike,close,11,2,0,5,0.2941176470588235,0.3467728,0.31535208
78265e05-0c57-586b-b0eb-8c3c461302e1,hike,close,11,2,1,5,0.2941176470588235,0.3240307,0.3006642
78265e05-0c57-586b-b0eb-8c3c461302e1,hike,close,11,2,2,5,0.2941176470588235,0.19134435,0.20856297
78265e05-0c57-586b-b0eb-8c3c461302e1,hike,close,11,2,3,2,0.1176470588235294,0.13785222,0.17542079
78265e05-0c57-586b-b0eb-8c3c461302e1,soup,extremely_close,14,3,0,6,0.3,0.3512944,0.31738377
78265e05-0c57-586b-b0eb-8c3c461302e1,soup,extremely_close,14,3,1,6,0.3,0.31583798,0.29048625
78265e05-0c57-586b-b0eb-8c3c461302e1,soup,extremely_close,14,3,2,6,0.3,0.18198796,0.21168596
78265e05-0c57-586b-b0eb-8c3c461302e1,soup,extremely_close,14,3,3,2,0.1,0.15087959,0.18044408
78265e05-0c57-586b-b0eb-8c3c461302e1,crabs,not_close,5,0,0,2,0.2,0.34133512,0.3294243
78265e05-0c57-586b-b0eb-8c3c461302e1,crabs,not_close,5,0,1,6,0.6,0.3221551,0.36001885
78265e05-0c57-586b-b0eb-8c3c461302e1,crabs,not_close,5,0,2,1,0.1,0.18072298,0.16664708
78265e05-0c57-586b-b0eb-8c3c461302e1,crabs,not_close,5,0,3,1,0.1,0.15578677,0.14390975
78265e05-0c57-586b-b0eb-8c3c461302e1,gala,close,10,2,0,4,0.2666666666666666,0.37736025,0.30581924
78265e05-0c57-586b-b0eb-8c3c461302e1,gala,close,10,2,1,5,0.3333333333333333,0.24683172,0.27153325
78265e05-0c57-586b-b0eb-8c3c461302e1,gala,close,10,2,2,4,0.2666666666666666,0.21063499,0.2401309
78265e05-0c57-586b-b0eb-8c3c461302e1,gala,close,10,2,3,2,0.1333333333333333,0.165173,0.18251657
78265e05-0c57-586b-b0eb-8c3c461302e1,cooking,not_close,4,0,0,1,0.0833333333333333,0.3350411,0.30513674
78265e05-0c57-586b-b0eb-8c3c461302e1,cooking,not_close,4,0,1,7,0.5833333333333334,0.301432,0.3403478
78265e05-0c57-586b-b0eb-8c3c461302e1,cooking,not_close,4,0,2,3,0.25,0.2060558,0.19110213
78265e05-0c57-586b-b0eb-8c3c461302e1,cooking,not_close,4,0,3,1,0.0833333333333333,0.15747108,0.1634134
77a46d7d-9dcd-5faa-b5e4-fa109335b208,birthday,somewhat_close,1,1,0,3,0.1764705882352941,0.33094808,0.309631
77a46d7d-9dcd-5faa-b5e4-fa109335b208,birthday,somewhat_close,1,1,1,6,0.3529411764705882,0.31393355,0.31623533
77a46d7d-9dcd-5faa-b5e4-fa109335b208,birthday,somewhat_close,1,1,2,5,0.2941176470588235,0.21405,0.23311108
77a46d7d-9dcd-5faa-b5e4-fa109335b208,birthday,somewhat_close,1,1,3,3,0.1764705882352941,0.14106838,0.14102258
77a46d7d-9dcd-5faa-b5e4-fa109335b208,oysters,not_close,12,0,0,3,0.2727272727272727,0.35450813,0.35589477
77a46d7d-9dcd-5faa-b5e4-fa109335b208,oysters,not_close,12,0,1,3,0.2727272727272727,0.30145344,0.31109774
77a46d7d-9dcd-5faa-b5e4-fa109335b208,oysters,not_close,12,0,2,3,0.2727272727272727,0.19799377,0.19477606
77a46d7d-9dcd-5faa-b5e4-fa109335b208,oysters,not_close,12,0,3,2,0.1818181818181818,0.14604472,0.13823144
77a46d7d-9dcd-5faa-b5e4-fa109335b208,cooking,close,4,2,0,2,0.1666666666666666,0.3350411,0.26264983
77a46d7d-9dcd-5faa-b5e4-fa109335b208,cooking,close,4,2,1,6,0.5,0.301432,0.31273055
77a46d7d-9dcd-5faa-b5e4-fa109335b208,cooking,close,4,2,2,2,0.1666666666666666,0.2060558,0.2337246
77a46d7d-9dcd-5faa-b5e4-fa109335b208,cooking,close,4,2,3,2,0.1666666666666666,0.15747108,0.19089502
77a46d7d-9dcd-5faa-b5e4-fa109335b208,basketball,somewhat_close,0,1,0,3,0.2142857142857142,0.32619047,0.31074163
77a46d7d-9dcd-5faa-b5e4-fa109335b208,basketball,somewhat_close,0,1,1,5,0.3571428571428571,0.31149498,0.30840942
77a46d7d-9dcd-5faa-b5e4-fa109335b208,basketball,somewhat_close,0,1,2,3,0.2142857142857142,0.21755591,0.22120504
77a46d7d-9dcd-5faa-b5e4-fa109335b208,basketball,somewhat_close,0,1,3,3,0.2142857142857142,0.14475863,0.15964389
77a46d7d-9dcd-5faa-b5e4-fa109335b208,hike,not_close,11,0,0,5,0.4166666666666667,0.3467728,0.3642791
77a46d7d-9dcd-5faa-b5e4-fa109335b208,hike,not_close,11,0,1,3,0.25,0.3240307,0.31677198
77a46d7d-9dcd-5faa-b5e4-fa109335b208,hike,not_close,11,0,2,2,0.1666666666666666,0.19134435,0.1780148
77a46d7d-9dcd-5faa-b5e4-fa109335b208,hike,not_close,11,0,3,2,0.1666666666666666,0.13785222,0.1409341
77a46d7d-9dcd-5faa-b5e4-fa109335b208,soup,somewhat_close,14,1,0,6,0.4615384615384615,0.3512944,0.33787718
77a46d7d-9dcd-5faa-b5e4-fa109335b208,soup,somewhat_close,14,1,1,3,0.2307692307692307,0.31583798,0.30691224
77a46d7d-9dcd-5faa-b5e4-fa109335b208,soup,somewhat_close,14,1,2,2,0.1538461538461538,0.18198796,0.19641732
77a46d7d-9dcd-5faa-b5e4-fa109335b208,soup,somewhat_close,14,1,3,2,0.1538461538461538,0.15087959,0.15879321
77a46d7d-9dcd-5faa-b5e4-fa109335b208,fair,extremely_close,9,3,0,3,0.15,0.3399395,0.32443607
77a46d7d-9dcd-5faa-b5e4-fa109335b208,fair,extremely_close,9,3,1,6,0.3,0.32053334,0.2984974
77a46d7d-9dcd-5faa-b5e4-fa109335b208,fair,extremely_close,9,3,2,5,0.25,0.20100063,0.20797278
77a46d7d-9dcd-5faa-b5e4-fa109335b208,fair,extremely_close,9,3,3,6,0.3,0.1385266,0.16909374
77a46d7d-9dcd-5faa-b5e4-fa109335b208,driving,extremely_close,8,3,0,2,0.1111111111111111,0.33066627,0.27924845
77a46d7d-9dcd-5faa-b5e4-fa109335b208,driving,extremely_close,8,3,1,6,0.3333333333333333,0.31550372,0.30885038
77a46d7d-9dcd-5faa-b5e4-fa109335b208,driving,extremely_close,8,3,2,5,0.2777777777777778,0.212756,0.22954276
77a46d7d-9dcd-5faa-b5e4-fa109335b208,driving,extremely_close,8,3,3,5,0.2777777777777778,0.14107409,0.18235837
77a46d7d-9dcd-5faa-b5e4-fa109335b208,wedding,somewhat_close,15,1,0,6,0.5,0.31908587,0.32673198
77a46d7d-9dcd-5faa-b5e4-fa109335b208,wedding,somewhat_close,15,1,1,3,0.25,0.29837966,0.2921303
77a46d7d-9dcd-5faa-b5e4-fa109335b208,wedding,somewhat_close,15,1,2,2,0.1666666666666666,0.23396881,0.23820917
77a46d7d-9dcd-5faa-b5e4-fa109335b208,wedding,somewhat_close,15,1,3,1,0.0833333333333333,0.14856559,0.14292857
77a46d7d-9dcd-5faa-b5e4-fa109335b208,dip,extremely_close,6,3,0,5,0.2631578947368421,0.34664327,0.3213163
77a46d7d-9dcd-5faa-b5e4-fa109335b208,dip,extremely_close,6,3,1,6,0.3157894736842105,0.27114132,0.2708203
77a46d7d-9dcd-5faa-b5e4-fa109335b208,dip,extremely_close,6,3,2,5,0.2631578947368421,0.2222055,0.2373023
77a46d7d-9dcd-5faa-b5e4-fa109335b208,dip,extremely_close,6,3,3,3,0.1578947368421052,0.16000988,0.17056109
77a46d7d-9dcd-5faa-b5e4-fa109335b208,drinks,extremely_close,7,3,0,6,0.3529411764705882,0.34319648,0.24337234
77a46d7d-9dcd-5faa-b5e4-fa109335b208,drinks,extremely_close,7,3,1,5,0.2941176470588235,0.26716295,0.29073274
77a46d7d-9dcd-5faa-b5e4-fa109335b208,drinks,extremely_close,7,3,2,3,0.1764705882352941,0.22266258,0.22844173
77a46d7d-9dcd-5faa-b5e4-fa109335b208,drinks,extremely_close,7,3,3,3,0.1764705882352941,0.16697805,0.23745316
77a46d7d-9dcd-5faa-b5e4-fa109335b208,gala,not_close,10,0,0,6,0.5,0.37736025,0.37343702
77a46d7d-9dcd-5faa-b5e4-fa109335b208,gala,not_close,10,0,1,3,0.25,0.24683172,0.2587873
77a46d7d-9dcd-5faa-b5e4-fa109335b208,gala,not_close,10,0,2,2,0.1666666666666666,0.21063499,0.21295612
77a46d7d-9dcd-5faa-b5e4-fa109335b208,gala,not_close,10,0,3,1,0.0833333333333333,0.165173,0.15481953
77a46d7d-9dcd-5faa-b5e4-fa109335b208,brunch,close,2,2,0,5,0.3125,0.31266126,0.2922043
77a46d7d-9dcd-5faa-b5e4-fa109335b208,brunch,close,2,2,1,5,0.3125,0.29284903,0.27890328
77a46d7d-9dcd-5faa-b5e4-fa109335b208,brunch,close,2,2,2,3,0.1875,0.22538273,0.2363917
77a46d7d-9dcd-5faa-b5e4-fa109335b208,brunch,close,2,2,3,3,0.1875,0.1691069,0.19250078
77a46d7d-9dcd-5faa-b5e4-fa109335b208,crabs,close,5,2,0,5,0.2941176470588235,0.34133512,0.3152678
77a46d7d-9dcd-5faa-b5e4-fa109335b208,crabs,close,5,2,1,6,0.3529411764705882,0.3221551,0.32385492
77a46d7d-9dcd-5faa-b5e4-fa109335b208,crabs,close,5,2,2,3,0.1764705882352941,0.18072298,0.19468644
77a46d7d-9dcd-5faa-b5e4-fa109335b208,crabs,close,5,2,3,3,0.1764705882352941,0.15578677,0.16619082
77a46d7d-9dcd-5faa-b5e4-fa109335b208,conference,close,3,2,0,3,0.2307692307692307,0.3467783,0.3194244
77a46d7d-9dcd-5faa-b5e4-fa109335b208,conference,close,3,2,1,5,0.3846153846153846,0.32602173,0.30460128
77a46d7d-9dcd-5faa-b5e4-fa109335b208,conference,close,3,2,2,3,0.2307692307692307,0.1874909,0.22443041
77a46d7d-9dcd-5faa-b5e4-fa109335b208,conference,close,3,2,3,2,0.1538461538461538,0.13970904,0.15154389
77a46d7d-9dcd-5faa-b5e4-fa109335b208,social,not_close,13,0,0,4,0.5,0.40185055,0.42380705
77a46d7d-9dcd-5faa-b5e4-fa109335b208,social,not_close,13,0,1,2,0.25,0.2581625,0.2471482
77a46d7d-9dcd-5faa-b5e4-fa109335b208,social,not_close,13,0,2,1,0.125,0.1958849,0.1846005
77a46d7d-9dcd-5faa-b5e4-fa109335b208,social,not_close,13,0,3,1,0.125,0.14410202,0.14444424
fe4ed079-c4ff-5f27-aa1f-469046557c90,wedding,close,15,2,0,1,0.0625,0.31908587,0.30511737
fe4ed079-c4ff-5f27-aa1f-469046557c90,wedding,close,15,2,1,5,0.3125,0.29837966,0.2728047
fe4ed079-c4ff-5f27-aa1f-469046557c90,wedding,close,15,2,2,4,0.25,0.23396881,0.2473037
fe4ed079-c4ff-5f27-aa1f-469046557c90,wedding,close,15,2,3,6,0.375,0.14856559,0.17477417
fe4ed079-c4ff-5f27-aa1f-469046557c90,birthday,not_close,1,0,0,5,0.2272727272727272,0.33094808,0.35584754
fe4ed079-c4ff-5f27-aa1f-469046557c90,birthday,not_close,1,0,1,7,0.3181818181818182,0.31393355,0.31760582
fe4ed079-c4ff-5f27-aa1f-469046557c90,birthday,not_close,1,0,2,7,0.3181818181818182,0.21405,0.1876142
fe4ed079-c4ff-5f27-aa1f-469046557c90,birthday,not_close,1,0,3,3,0.1363636363636363,0.14106838,0.13893244
fe4ed079-c4ff-5f27-aa1f-469046557c90,brunch,somewhat_close,2,1,0,5,0.2631578947368421,0.31266126,0.3116763
fe4ed079-c4ff-5f27-aa1f-469046557c90,brunch,somewhat_close,2,1,1,3,0.1578947368421052,0.29284903,0.27925918
fe4ed079-c4ff-5f27-aa1f-469046557c90,brunch,somewhat_close,2,1,2,5,0.2631578947368421,0.22538273,0.23974313
fe4ed079-c4ff-5f27-aa1f-469046557c90,brunch,somewhat_close,2,1,3,6,0.3157894736842105,0.1691069,0.16932139
fe4ed079-c4ff-5f27-aa1f-469046557c90,soup,extremely_close,14,3,0,7,0.5833333333333334,0.3512944,0.31738377
fe4ed079-c4ff-5f27-aa1f-469046557c90,soup,extremely_close,14,3,1,2,0.1666666666666666,0.31583798,0.29048625
fe4ed079-c4ff-5f27-aa1f-469046557c90,soup,extremely_close,14,3,2,2,0.1666666666666666,0.18198796,0.21168596
fe4ed079-c4ff-5f27-aa1f-469046557c90,soup,extremely_close,14,3,3,1,0.0833333333333333,0.15087959,0.18044408
fe4ed079-c4ff-5f27-aa1f-469046557c90,basketball,not_close,0,0,0,7,0.7,0.32619047,0.3810742
fe4ed079-c4ff-5f27-aa1f-469046557c90,basketball,not_close,0,0,1,1,0.1,0.31149498,0.33203775
fe4ed079-c4ff-5f27-aa1f-469046557c90,basketball,not_close,0,0,2,1,0.1,0.21755591,0.16480143
fe4ed079-c4ff-5f27-aa1f-469046557c90,basketball,not_close,0,0,3,1,0.1,0.14475863,0.12208664
fe4ed079-c4ff-5f27-aa1f-469046557c90,fair,not_close,9,0,0,4,0.2666666666666666,0.3399395,0.33449876
fe4ed079-c4ff-5f27-aa1f-469046557c90,fair,not_close,9,0,1,7,0.4666666666666667,0.32053334,0.3437535
fe4ed079-c4ff-5f27-aa1f-469046557c90,fair,not_close,9,0,2,2,0.1333333333333333,0.20100063,0.1889061
fe4ed079-c4ff-5f27-aa1f-469046557c90,fair,not_close,9,0,3,2,0.1333333333333333,0.1385266,0.13284165
fe4ed079-c4ff-5f27-aa1f-469046557c90,gala,close,10,2,0,2,0.1,0.37736025,0.30581924
fe4ed079-c4ff-5f27-aa1f-469046557c90,gala,close,10,2,1,7,0.35,0.24683172,0.27153325
fe4ed079-c4ff-5f27-aa1f-469046557c90,gala,close,10,2,2,4,0.2,0.21063499,0.2401309
fe4ed079-c4ff-5f27-aa1f-469046557c90,gala,close,10,2,3,7,0.35,0.165173,0.18251657
fe4ed079-c4ff-5f27-aa1f-469046557c90,social,somewhat_close,13,1,0,2,0.1818181818181818,0.40185055,0.3780521
fe4ed079-c4ff-5f27-aa1f-469046557c90,social,somewhat_close,13,1,1,5,0.4545454545454545,0.2581625,0.25415382
fe4ed079-c4ff-5f27-aa1f-469046557c90,social,somewhat_close,13,1,2,1,0.0909090909090909,0.1958849,0.20883785
fe4ed079-c4ff-5f27-aa1f-469046557c90,social,somewhat_close,13,1,3,3,0.2727272727272727,0.14410202,0.15895618
fe4ed079-c4ff-5f27-aa1f-469046557c90,crabs,extremely_close,5,3,0,1,0.0625,0.34133512,0.32297945
fe4ed079-c4ff-5f27-aa1f-469046557c90,crabs,extremely_close,5,3,1,6,0.375,0.3221551,0.30443525
fe4ed079-c4ff-5f27-aa1f-469046557c90,crabs,extremely_close,5,3,2,5,0.3125,0.18072298,0.18565442
fe4ed079-c4ff-5f27-aa1f-469046557c90,crabs,extremely_close,5,3,3,4,0.25,0.15578677,0.18693084
fe4ed079-c4ff-5f27-aa1f-469046557c90,hike,somewhat_close,11,1,0,3,0.25,0.3467728,0.33041134
fe4ed079-c4ff-5f27-aa1f-469046557c90,hike,somewhat_close,11,1,1,5,0.4166666666666667,0.3240307,0.31247446
fe4ed079-c4ff-5f27-aa1f-469046557c90,hike,somewhat_close,11,1,2,2,0.1666666666666666,0.19134435,0.20020384
fe4ed079-c4ff-5f27-aa1f-469046557c90,hike,somewhat_close,11,1,3,2,0.1666666666666666,0.13785222,0.15691037
fe4ed079-c4ff-5f27-aa1f-469046557c90,cooking,not_close,4,0,0,1,0.0625,0.3350411,0.30513674
fe4ed079-c4ff-5f27-aa1f-469046557c90,cooking,not_close,4,0,1,7,0.4375,0.301432,0.3403478
fe4ed079-c4ff-5f27-aa1f-469046557c90,cooking,not_close,4,0,2,6,0.375,0.2060558,0.19110213
fe4ed079-c4ff-5f27-aa1f-469046557c90,cooking,not_close,4,0,3,2,0.125,0.15747108,0.1634134
fe4ed079-c4ff-5f27-aa1f-469046557c90,oysters,somewhat_close,12,1,0,2,0.1333333333333333,0.35450813,0.34644595
fe4ed079-c4ff-5f27-aa1f-469046557c90,oysters,somewhat_close,12,1,1,6,0.4,0.30145344,0.29076707
fe4ed079-c4ff-5f27-aa1f-469046557c90,oysters,somewhat_close,12,1,2,2,0.1333333333333333,0.19799377,0.20686175
fe4ed079-c4ff-5f27-aa1f-469046557c90,oysters,somewhat_close,12,1,3,5,0.3333333333333333,0.14604472,0.1559252
fe4ed079-c4ff-5f27-aa1f-469046557c90,conference,close,3,2,0,1,0.0714285714285714,0.3467783,0.3194244
fe4ed079-c4ff-5f27-aa1f-469046557c90,conference,close,3,2,1,7,0.5,0.32602173,0.30460128
fe4ed079-c4ff-5f27-aa1f-469046557c90,conference,close,3,2,2,2,0.1428571428571428,0.1874909,0.22443041
fe4ed079-c4ff-5f27-aa1f-469046557c90,conference,close,3,2,3,4,0.2857142857142857,0.13970904,0.15154389
fe4ed079-c4ff-5f27-aa1f-469046557c90,dip,extremely_close,6,3,0,4,0.1904761904761904,0.34664327,0.3213163
fe4ed079-c4ff-5f27-aa1f-469046557c90,dip,extremely_close,6,3,1,6,0.2857142857142857,0.27114132,0.2708203
fe4ed079-c4ff-5f27-aa1f-469046557c90,dip,extremely_close,6,3,2,5,0.238095238095238,0.2222055,0.2373023
fe4ed079-c4ff-5f27-aa1f-469046557c90,dip,extremely_close,6,3,3,6,0.2857142857142857,0.16000988,0.17056109
fe4ed079-c4ff-5f27-aa1f-469046557c90,driving,extremely_close,8,3,0,1,0.0526315789473684,0.33066627,0.27924845
fe4ed079-c4ff-5f27-aa1f-469046557c90,driving,extremely_close,8,3,1,7,0.3684210526315789,0.31550372,0.30885038
fe4ed079-c4ff-5f27-aa1f-469046557c90,driving,extremely_close,8,3,2,6,0.3157894736842105,0.212756,0.22954276
fe4ed079-c4ff-5f27-aa1f-469046557c90,driving,extremely_close,8,3,3,5,0.2631578947368421,0.14107409,0.18235837
fe4ed079-c4ff-5f27-aa1f-469046557c90,drinks,close,7,2,0,1,0.05,0.34319648,0.2973132
fe4ed079-c4ff-5f27-aa1f-469046557c90,drinks,close,7,2,1,6,0.3,0.26716295,0.27554834
fe4ed079-c4ff-5f27-aa1f-469046557c90,drinks,close,7,2,2,6,0.3,0.22266258,0.23582152
fe4ed079-c4ff-5f27-aa1f-469046557c90,drinks,close,7,2,3,7,0.35,0.16697805,0.1913169
4f5c5c64-a627-59e4-9600-d84c42d93f70,dip,close,6,2,0,6,0.375,0.34664327,0.33677724
4f5c5c64-a627-59e4-9600-d84c42d93f70,dip,close,6,2,1,6,0.375,0.27114132,0.28138566
4f5c5c64-a627-59e4-9600-d84c42d93f70,dip,close,6,2,2,3,0.1875,0.2222055,0.22993708
4f5c5c64-a627-59e4-9600-d84c42d93f70,dip,close,6,2,3,1,0.0625,0.16000988,0.15190005
4f5c5c64-a627-59e4-9600-d84c42d93f70,gala,extremely_close,10,3,0,2,0.1176470588235294,0.37736025,0.27933165
4f5c5c64-a627-59e4-9600-d84c42d93f70,gala,extremely_close,10,3,1,6,0.3529411764705882,0.24683172,0.27254456
4f5c5c64-a627-59e4-9600-d84c42d93f70,gala,extremely_close,10,3,2,6,0.3529411764705882,0.21063499,0.25221765
4f5c5c64-a627-59e4-9600-d84c42d93f70,gala,extremely_close,10,3,3,3,0.1764705882352941,0.165173,0.19590618
4f5c5c64-a627-59e4-9600-d84c42d93f70,conference,close,3,2,0,3,0.25,0.3467783,0.3194244
4f5c5c64-a627-59e4-9600-d84c42d93f70,conference,close,3,2,1,5,0.4166666666666667,0.32602173,0.30460128
4f5c5c64-a627-59e4-9600-d84c42d93f70,conference,close,3,2,2,3,0.25,0.1874909,0.22443041
4f5c5c64-a627-59e4-9600-d84c42d93f70,conference,close,3,2,3,1,0.0833333333333333,0.13970904,0.15154389
4f5c5c64-a627-59e4-9600-d84c42d93f70,drinks,extremely_close,7,3,0,2,0.1333333333333333,0.34319648,0.24337234
4f5c5c64-a627-59e4-9600-d84c42d93f70,drinks,extremely_close,7,3,1,5,0.3333333333333333,0.26716295,0.29073274
4f5c5c64-a627-59e4-9600-d84c42d93f70,drinks,extremely_close,7,3,2,4,0.2666666666666666,0.22266258,0.22844173
4f5c5c64-a627-59e4-9600-d84c42d93f70,drinks,extremely_close,7,3,3,4,0.2666666666666666,0.16697805,0.23745316
4f5c5c64-a627-59e4-9600-d84c42d93f70,basketball,not_close,0,0,0,2,0.2222222222222222,0.32619047,0.3810742
4f5c5c64-a627-59e4-9600-d84c42d93f70,basketball,not_close,0,0,1,5,0.5555555555555556,0.31149498,0.33203775
4f5c5c64-a627-59e4-9600-d84c42d93f70,basketball,not_close,0,0,2,1,0.1111111111111111,0.21755591,0.16480143
4f5c5c64-a627-59e4-9600-d84c42d93f70,basketball,not_close,0,0,3,1,0.1111111111111111,0.14475863,0.12208664
4f5c5c64-a627-59e4-9600-d84c42d93f70,brunch,extremely_close,2,3,0,4,0.25,0.31266126,0.26310802
4f5c5c64-a627-59e4-9600-d84c42d93f70,brunch,extremely_close,2,3,1,1,0.0625,0.29284903,0.27545908
4f5c5c64-a627-59e4-9600-d84c42d93f70,brunch,extremely_close,2,3,2,5,0.3125,0.22538273,0.24720623
4f5c5c64-a627-59e4-9600-d84c42d93f70,brunch,extremely_close,2,3,3,6,0.375,0.1691069,0.21422674
4f5c5c64-a627-59e4-9600-d84c42d93f70,social,close,13,2,0,2,0.1818181818181818,0.40185055,0.3784892
4f5c5c64-a627-59e4-9600-d84c42d93f70,social,close,13,2,1,3,0.2727272727272727,0.2581625,0.26476493
4f5c5c64-a627-59e4-9600-d84c42d93f70,social,close,13,2,2,4,0.3636363636363636,0.1958849,0.20696187
4f5c5c64-a627-59e4-9600-d84c42d93f70,social,close,13,2,3,2,0.1818181818181818,0.14410202,0.14978395
4f5c5c64-a627-59e4-9600-d84c42d93f70,driving,not_close,8,0,0,5,0.3125,0.33066627,0.31951004
4f5c5c64-a627-59e4-9600-d84c42d93f70,driving,not_close,8,0,1,6,0.375,0.31550372,0.3540611
4f5c5c64-a627-59e4-9600-d84c42d93f70,driving,not_close,8,0,2,3,0.1875,0.212756,0.19448832
4f5c5c64-a627-59e4-9600-d84c42d93f70,driving,not_close,8,0,3,2,0.125,0.14107409,0.1319406
4f5c5c64-a627-59e4-9600-d84c42d93f70,oysters,somewhat_close,12,1,0,6,0.6,0.35450813,0.34644595
4f5c5c64-a627-59e4-9600-d84c42d93f70,oysters,somewhat_close,12,1,1,2,0.2,0.30145344,0.29076707
4f5c5c64-a627-59e4-9600-d84c42d93f70,oysters,somewhat_close,12,1,2,1,0.1,0.19799377,0.20686175
4f5c5c64-a627-59e4-9600-d84c42d93f70,oysters,somewhat_close,12,1,3,1,0.1,0.14604472,0.1559252
4f5c5c64-a627-59e4-9600-d84c42d93f70,wedding,not_close,15,0,0,6,0.5454545454545454,0.31908587,0.34685898
4f5c5c64-a627-59e4-9600-d84c42d93f70,wedding,not_close,15,0,1,2,0.1818181818181818,0.29837966,0.30831352
4f5c5c64-a627-59e4-9600-d84c42d93f70,wedding,not_close,15,0,2,2,0.1818181818181818,0.23396881,0.22699372
4f5c5c64-a627-59e4-9600-d84c42d93f70,wedding,not_close,15,0,3,1,0.0909090909090909,0.14856559,0.11783374
4f5c5c64-a627-59e4-9600-d84c42d93f70,birthday,somewhat_close,1,1,0,2,0.1818181818181818,0.33094808,0.309631
4f5c5c64-a627-59e4-9600-d84c42d93f70,birthday,somewhat_close,1,1,1,6,0.5454545454545454,0.31393355,0.31623533
4f5c5c64-a627-59e4-9600-d84c42d93f70,birthday,somewhat_close,1,1,2,2,0.1818181818181818,0.21405,0.23311108
4f5c5c64-a627-59e4-9600-d84c42d93f70,birthday,somewhat_close,1,1,3,1,0.0909090909090909,0.14106838,0.14102258
4f5c5c64-a627-59e4-9600-d84c42d93f70,fair,not_close,9,0,0,5,0.3846153846153846,0.3399395,0.33449876
4f5c5c64-a627-59e4-9600-d84c42d93f70,fair,not_close,9,0,1,5,0.3846153846153846,0.32053334,0.3437535
4f5c5c64-a627-59e4-9600-d84c42d93f70,fair,not_close,9,0,2,2,0.1538461538461538,0.20100063,0.1889061
4f5c5c64-a627-59e4-9600-d84c42d93f70,fair,not_close,9,0,3,1,0.0769230769230769,0.1385266,0.13284165
4f5c5c64-a627-59e4-9600-d84c42d93f70,soup,somewhat_close,14,1,0,6,0.5454545454545454,0.3512944,0.33787718
4f5c5c64-a627-59e4-9600-d84c42d93f70,soup,somewhat_close,14,1,1,2,0.1818181818181818,0.31583798,0.30691224
4f5c5c64-a627-59e4-9600-d84c42d93f70,soup,somewhat_close,14,1,2,2,0.1818181818181818,0.18198796,0.19641732
4f5c5c64-a627-59e4-9600-d84c42d93f70,soup,somewhat_close,14,1,3,1,0.0909090909090909,0.15087959,0.15879321
4f5c5c64-a627-59e4-9600-d84c42d93f70,hike,somewhat_close,11,1,0,6,0.5454545454545454,0.3467728,0.33041134
4f5c5c64-a627-59e4-9600-d84c42d93f70,hike,somewhat_close,11,1,1,2,0.1818181818181818,0.3240307,0.31247446
4f5c5c64-a627-59e4-9600-d84c42d93f70,hike,somewhat_close,11,1,2,2,0.1818181818181818,0.19134435,0.20020384
4f5c5c64-a627-59e4-9600-d84c42d93f70,hike,somewhat_close,11,1,3,1,0.0909090909090909,0.13785222,0.15691037
4f5c5c64-a627-59e4-9600-d84c42d93f70,cooking,close,4,2,0,1,0.0625,0.3350411,0.26264983
4f5c5c64-a627-59e4-9600-d84c42d93f70,cooking,close,4,2,1,7,0.4375,0.301432,0.31273055
4f5c5c64-a627-59e4-9600-d84c42d93f70,cooking,close,4,2,2,3,0.1875,0.2060558,0.2337246
4f5c5c64-a627-59e4-9600-d84c42d93f70,cooking,close,4,2,3,5,0.3125,0.15747108,0.19089502
4f5c5c64-a627-59e4-9600-d84c42d93f70,crabs,extremely_close,5,3,0,3,0.2307692307692307,0.34133512,0.32297945
4f5c5c64-a627-59e4-9600-d84c42d93f70,crabs,extremely_close,5,3,1,6,0.4615384615384615,0.3221551,0.30443525
4f5c5c64-a627-59e4-9600-d84c42d93f70,crabs,extremely_close,5,3,2,1,0.0769230769230769,0.18072298,0.18565442
4f5c5c64-a627-59e4-9600-d84c42d93f70,crabs,extremely_close,5,3,3,3,0.2307692307692307,0.15578677,0.18693084
c4826a9a-b32f-5168-a72a-46f8e7d55231,social,extremely_close,13,3,0,6,0.4615384615384615,0.40185055,0.34408742
c4826a9a-b32f-5168-a72a-46f8e7d55231,social,extremely_close,13,3,1,2,0.1538461538461538,0.2581625,0.258135
c4826a9a-b32f-5168-a72a-46f8e7d55231,social,extremely_close,13,3,2,3,0.2307692307692307,0.1958849,0.2316001
c4826a9a-b32f-5168-a72a-46f8e7d55231,social,extremely_close,13,3,3,2,0.1538461538461538,0.14410202,0.16617753
c4826a9a-b32f-5168-a72a-46f8e7d55231,gala,close,10,2,0,2,0.1176470588235294,0.37736025,0.30581924
c4826a9a-b32f-5168-a72a-46f8e7d55231,gala,close,10,2,1,6,0.3529411764705882,0.24683172,0.27153325
c4826a9a-b32f-5168-a72a-46f8e7d55231,gala,close,10,2,2,6,0.3529411764705882,0.21063499,0.2401309
c4826a9a-b32f-5168-a72a-46f8e7d55231,gala,close,10,2,3,3,0.1764705882352941,0.165173,0.18251657
c4826a9a-b32f-5168-a72a-46f8e7d55231,wedding,not_close,15,0,0,7,0.5833333333333334,0.31908587,0.34685898
c4826a9a-b32f-5168-a72a-46f8e7d55231,wedding,not_close,15,0,1,2,0.1666666666666666,0.29837966,0.30831352
c4826a9a-b32f-5168-a72a-46f8e7d55231,wedding,not_close,15,0,2,2,0.1666666666666666,0.23396881,0.22699372
c4826a9a-b32f-5168-a72a-46f8e7d55231,wedding,not_close,15,0,3,1,0.0833333333333333,0.14856559,0.11783374
c4826a9a-b32f-5168-a72a-46f8e7d55231,driving,close,8,2,0,6,0.4285714285714285,0.33066627,0.30398852
c4826a9a-b32f-5168-a72a-46f8e7d55231,driving,close,8,2,1,5,0.3571428571428571,0.31550372,0.31212825
c4826a9a-b32f-5168-a72a-46f8e7d55231,driving,close,8,2,2,2,0.1428571428571428,0.212756,0.21644199
c4826a9a-b32f-5168-a72a-46f8e7d55231,driving,close,8,2,3,1,0.0714285714285714,0.14107409,0.1674413
c4826a9a-b32f-5168-a72a-46f8e7d55231,drinks,close,7,2,0,5,0.3571428571428571,0.34319648,0.2973132
c4826a9a-b32f-5168-a72a-46f8e7d55231,drinks,close,7,2,1,5,0.3571428571428571,0.26716295,0.27554834
c4826a9a-b32f-5168-a72a-46f8e7d55231,drinks,close,7,2,2,2,0.1428571428571428,0.22266258,0.23582152
c4826a9a-b32f-5168-a72a-46f8e7d55231,drinks,close,7,2,3,2,0.1428571428571428,0.16697805,0.1913169
c4826a9a-b32f-5168-a72a-46f8e7d55231,brunch,not_close,2,0,0,5,0.3571428571428571,0.31266126,0.34032917
c4826a9a-b32f-5168-a72a-46f8e7d55231,brunch,not_close,2,0,1,5,0.3571428571428571,0.29284903,0.29515493
c4826a9a-b32f-5168-a72a-46f8e7d55231,brunch,not_close,2,0,2,2,0.1428571428571428,0.22538273,0.22530942
c4826a9a-b32f-5168-a72a-46f8e7d55231,brunch,not_close,2,0,3,2,0.1428571428571428,0.1691069,0.13920642
c4826a9a-b32f-5168-a72a-46f8e7d55231,basketball,not_close,0,0,0,5,0.5555555555555556,0.32619047,0.3810742
c4826a9a-b32f-5168-a72a-46f8e7d55231,basketball,not_close,0,0,1,2,0.2222222222222222,0.31149498,0.33203775
c4826a9a-b32f-5168-a72a-46f8e7d55231,basketball,not_close,0,0,2,1,0.1111111111111111,0.21755591,0.16480143
c4826a9a-b32f-5168-a72a-46f8e7d55231,basketball,not_close,0,0,3,1,0.1111111111111111,0.14475863,0.12208664
c4826a9a-b32f-5168-a72a-46f8e7d55231,fair,close,9,2,0,5,0.625,0.3399395,0.3417284
c4826a9a-b32f-5168-a72a-46f8e7d55231,fair,close,9,2,1,1,0.125,0.32053334,0.32354605
c4826a9a-b32f-5168-a72a-46f8e7d55231,fair,close,9,2,2,1,0.125,0.20100063,0.19540344
c4826a9a-b32f-5168-a72a-46f8e7d55231,fair,close,9,2,3,1,0.125,0.1385266,0.13932213
c4826a9a-b32f-5168-a72a-46f8e7d55231,crabs,somewhat_close,5,1,0,6,0.4615384615384615,0.34133512,0.3514227
c4826a9a-b32f-5168-a72a-46f8e7d55231,crabs,somewhat_close,5,1,1,5,0.3846153846153846,0.3221551,0.35142806
c4826a9a-b32f-5168-a72a-46f8e7d55231,crabs,somewhat_close,5,1,2,1,0.0769230769230769,0.18072298,0.148849
c4826a9a-b32f-5168-a72a-46f8e7d55231,crabs,somewhat_close,5,1,3,1,0.0769230769230769,0.15578677,0.14830023
c4826a9a-b32f-5168-a72a-46f8e7d55231,dip,somewhat_close,6,1,0,5,0.5,0.34664327,0.34845993
c4826a9a-b32f-5168-a72a-46f8e7d55231,dip,somewhat_close,6,1,1,2,0.2,0.27114132,0.27802554
c4826a9a-b32f-5168-a72a-46f8e7d55231,dip,somewhat_close,6,1,2,2,0.2,0.2222055,0.23313951
c4826a9a-b32f-5168-a72a-46f8e7d55231,dip,somewhat_close,6,1,3,1,0.1,0.16000988,0.14037508
c4826a9a-b32f-5168-a72a-46f8e7d55231,conference,somewhat_close,3,1,0,6,0.4285714285714285,0.3467783,0.330331
c4826a9a-b32f-5168-a72a-46f8e7d55231,conference,somewhat_close,3,1,1,5,0.3571428571428571,0.32602173,0.33012256
c4826a9a-b32f-5168-a72a-46f8e7d55231,conference,somewhat_close,3,1,2,2,0.1428571428571428,0.1874909,0.2040172
c4826a9a-b32f-5168-a72a-46f8e7d55231,conference,somewhat_close,3,1,3,1,0.0714285714285714,0.13970904,0.13552926
c4826a9a-b32f-5168-a72a-46f8e7d55231,birthday,not_close,1,0,0,6,0.5454545454545454,0.33094808,0.35584754
c4826a9a-b32f-5168-a72a-46f8e7d55231,birthday,not_close,1,0,1,2,0.1818181818181818,0.31393355,0.31760582
c4826a9a-b32f-5168-a72a-46f8e7d55231,birthday,not_close,1,0,2,2,0.1818181818181818,0.21405,0.1876142
c4826a9a-b32f-5168-a72a-46f8e7d55231,birthday,not_close,1,0,3,1,0.0909090909090909,0.14106838,0.13893244
c4826a9a-b32f-5168-a72a-46f8e7d55231,cooking,somewhat_close,4,1,0,5,0.3846153846153846,0.3350411,0.302899
c4826a9a-b32f-5168-a72a-46f8e7d55231,cooking,somewhat_close,4,1,1,5,0.3846153846153846,0.301432,0.3137101
c4826a9a-b32f-5168-a72a-46f8e7d55231,cooking,somewhat_close,4,1,2,2,0.1538461538461538,0.2060558,0.21770318
c4826a9a-b32f-5168-a72a-46f8e7d55231,cooking,somewhat_close,4,1,3,1,0.0769230769230769,0.15747108,0.16568774
c4826a9a-b32f-5168-a72a-46f8e7d55231,hike,extremely_close,11,3,0,6,0.5454545454545454,0.3467728,0.33196965
c4826a9a-b32f-5168-a72a-46f8e7d55231,hike,extremely_close,11,3,1,3,0.2727272727272727,0.3240307,0.28882948
c4826a9a-b32f-5168-a72a-46f8e7d55231,hike,extremely_close,11,3,2,1,0.0909090909090909,0.19134435,0.21154393
c4826a9a-b32f-5168-a72a-46f8e7d55231,hike,extremely_close,11,3,3,1,0.0909090909090909,0.13785222,0.167657
c4826a9a-b32f-5168-a72a-46f8e7d55231,soup,extremely_close,14,3,0,7,0.6363636363636364,0.3512944,0.31738377
c4826a9a-b32f-5168-a72a-46f8e7d55231,soup,extremely_close,14,3,1,2,0.1818181818181818,0.31583798,0.29048625
c4826a9a-b32f-5168-a72a-46f8e7d55231,soup,extremely_close,14,3,2,1,0.0909090909090909,0.18198796,0.21168596
c4826a9a-b32f-5168-a72a-46f8e7d55231,soup,extremely_close,14,3,3,1,0.0909090909090909,0.15087959,0.18044408
c4826a9a-b32f-5168-a72a-46f8e7d55231,oysters,extremely_close,12,3,0,6,0.5,0.35450813,0.33928892
c4826a9a-b32f-5168-a72a-46f8e7d55231,oysters,extremely_close,12,3,1,3,0.25,0.30145344,0.29421192
c4826a9a-b32f-5168-a72a-46f8e7d55231,oysters,extremely_close,12,3,2,2,0.1666666666666666,0.19799377,0.2082637
c4826a9a-b32f-5168-a72a-46f8e7d55231,oysters,extremely_close,12,3,3,1,0.0833333333333333,0.14604472,0.15823552
8026e9b7-c504-50fc-aa1d-89e98edd10e0,cooking,somewhat_close,4,1,0,1,0.0833333333333333,0.3350411,0.302899
8026e9b7-c504-50fc-aa1d-89e98edd10e0,cooking,somewhat_close,4,1,1,7,0.5833333333333334,0.301432,0.3137101
8026e9b7-c504-50fc-aa1d-89e98edd10e0,cooking,somewhat_close,4,1,2,2,0.1666666666666666,0.2060558,0.21770318
8026e9b7-c504-50fc-aa1d-89e98edd10e0,cooking,somewhat_close,4,1,3,2,0.1666666666666666,0.15747108,0.16568774
8026e9b7-c504-50fc-aa1d-89e98edd10e0,gala,extremely_close,10,3,0,4,0.1739130434782608,0.37736025,0.27933165
8026e9b7-c504-50fc-aa1d-89e98edd10e0,gala,extremely_close,10,3,1,7,0.3043478260869565,0.24683172,0.27254456
8026e9b7-c504-50fc-aa1d-89e98edd10e0,gala,extremely_close,10,3,2,7,0.3043478260869565,0.21063499,0.25221765
8026e9b7-c504-50fc-aa1d-89e98edd10e0,gala,extremely_close,10,3,3,5,0.217391304347826,0.165173,0.19590618
8026e9b7-c504-50fc-aa1d-89e98edd10e0,soup,not_close,14,0,0,7,0.7,0.3512944,0.3687841
8026e9b7-c504-50fc-aa1d-89e98edd10e0,soup,not_close,14,0,1,1,0.1,0.31583798,0.32352978
8026e9b7-c504-50fc-aa1d-89e98edd10e0,soup,not_close,14,0,2,1,0.1,0.18198796,0.17495361
8026e9b7-c504-50fc-aa1d-89e98edd10e0,soup,not_close,14,0,3,1,0.1,0.15087959,0.13273244
8026e9b7-c504-50fc-aa1d-89e98edd10e0,social,extremely_close,13,3,0,4,0.1904761904761904,0.40185055,0.34408742
8026e9b7-c504-50fc-aa1d-89e98edd10e0,social,extremely_close,13,3,1,6,0.2857142857142857,0.2581625,0.258135
8026e9b7-c504-50fc-aa1d-89e98edd10e0,social,extremely_close,13,3,2,7,0.3333333333333333,0.1958849,0.2316001
8026e9b7-c504-50fc-aa1d-89e98edd10e0,social,extremely_close,13,3,3,4,0.1904761904761904,0.14410202,0.16617753
8026e9b7-c504-50fc-aa1d-89e98edd10e0,basketball,not_close,0,0,0,7,0.5384615384615384,0.32619047,0.3810742
8026e9b7-c504-50fc-aa1d-89e98edd10e0,basketball,not_close,0,0,1,4,0.3076923076923077,0.31149498,0.33203775
8026e9b7-c504-50fc-aa1d-89e98edd10e0,basketball,not_close,0,0,2,1,0.0769230769230769,0.21755591,0.16480143
8026e9b7-c504-50fc-aa1d-89e98edd10e0,basketball,not_close,0,0,3,1,0.0769230769230769,0.14475863,0.12208664
8026e9b7-c504-50fc-aa1d-89e98edd10e0,oysters,extremely_close,12,3,0,4,0.2105263157894736,0.35450813,0.33928892
8026e9b7-c504-50fc-aa1d-89e98edd10e0,oysters,extremely_close,12,3,1,7,0.3684210526315789,0.30145344,0.29421192
8026e9b7-c504-50fc-aa1d-89e98edd10e0,oysters,extremely_close,12,3,2,4,0.2105263157894736,0.19799377,0.2082637
8026e9b7-c504-50fc-aa1d-89e98edd10e0,oysters,extremely_close,12,3,3,4,0.2105263157894736,0.14604472,0.15823552
8026e9b7-c504-50fc-aa1d-89e98edd10e0,wedding,not_close,15,0,0,7,0.7,0.31908587,0.34685898
8026e9b7-c504-50fc-aa1d-89e98edd10e0,wedding,not_close,15,0,1,1,0.1,0.29837966,0.30831352
8026e9b7-c504-50fc-aa1d-89e98edd10e0,wedding,not_close,15,0,2,1,0.1,0.23396881,0.22699372
8026e9b7-c504-50fc-aa1d-89e98edd10e0,wedding,not_close,15,0,3,1,0.1,0.14856559,0.11783374
8026e9b7-c504-50fc-aa1d-89e98edd10e0,drinks,close,7,2,0,4,0.2105263157894736,0.34319648,0.2973132
8026e9b7-c504-50fc-aa1d-89e98edd10e0,drinks,close,7,2,1,6,0.3157894736842105,0.26716295,0.27554834
8026e9b7-c504-50fc-aa1d-89e98edd10e0,drinks,close,7,2,2,6,0.3157894736842105,0.22266258,0.23582152
8026e9b7-c504-50fc-aa1d-89e98edd10e0,drinks,close,7,2,3,3,0.1578947368421052,0.16697805,0.1913169
8026e9b7-c504-50fc-aa1d-89e98edd10e0,fair,close,9,2,0,6,0.2727272727272727,0.3399395,0.3417284
8026e9b7-c504-50fc-aa1d-89e98edd10e0,fair,close,9,2,1,7,0.3181818181818182,0.32053334,0.32354605
8026e9b7-c504-50fc-aa1d-89e98edd10e0,fair,close,9,2,2,5,0.2272727272727272,0.20100063,0.19540344
8026e9b7-c504-50fc-aa1d-89e98edd10e0,fair,close,9,2,3,4,0.1818181818181818,0.1385266,0.13932213
8026e9b7-c504-50fc-aa1d-89e98edd10e0,conference,somewhat_close,3,1,0,6,0.3157894736842105,0.3467783,0.330331
8026e9b7-c504-50fc-aa1d-89e98edd10e0,conference,somewhat_close,3,1,1,7,0.3684210526315789,0.32602173,0.33012256
8026e9b7-c504-50fc-aa1d-89e98edd10e0,conference,somewhat_close,3,1,2,4,0.2105263157894736,0.1874909,0.2040172
8026e9b7-c504-50fc-aa1d-89e98edd10e0,conference,somewhat_close,3,1,3,2,0.1052631578947368,0.13970904,0.13552926
8026e9b7-c504-50fc-aa1d-89e98edd10e0,crabs,somewhat_close,5,1,0,6,0.3333333333333333,0.34133512,0.3514227
8026e9b7-c504-50fc-aa1d-89e98edd10e0,crabs,somewhat_close,5,1,1,5,0.2777777777777778,0.3221551,0.35142806
8026e9b7-c504-50fc-aa1d-89e98edd10e0,crabs,somewhat_close,5,1,2,5,0.2777777777777778,0.18072298,0.148849
8026e9b7-c504-50fc-aa1d-89e98edd10e0,crabs,somewhat_close,5,1,3,2,0.1111111111111111,0.15578677,0.14830023
8026e9b7-c504-50fc-aa1d-89e98edd10e0,birthday,not_close,1,0,0,7,0.5,0.33094808,0.35584754
8026e9b7-c504-50fc-aa1d-89e98edd10e0,birthday,not_close,1,0,1,4,0.2857142857142857,0.31393355,0.31760582
8026e9b7-c504-50fc-aa1d-89e98edd10e0,birthday,not_close,1,0,2,2,0.1428571428571428,0.21405,0.1876142
8026e9b7-c504-50fc-aa1d-89e98edd10e0,birthday,not_close,1,0,3,1,0.0714285714285714,0.14106838,0.13893244
8026e9b7-c504-50fc-aa1d-89e98edd10e0,hike,extremely_close,11,3,0,6,0.24,0.3467728,0.33196965
8026e9b7-c504-50fc-aa1d-89e98edd10e0,hike,extremely_close,11,3,1,7,0.28,0.3240307,0.28882948
8026e9b7-c504-50fc-aa1d-89e98edd10e0,hike,extremely_close,11,3,2,6,0.24,0.19134435,0.21154393
8026e9b7-c504-50fc-aa1d-89e98edd10e0,hike,extremely_close,11,3,3,6,0.24,0.13785222,0.167657
8026e9b7-c504-50fc-aa1d-89e98edd10e0,dip,close,6,2,0,6,0.3,0.34664327,0.33677724
8026e9b7-c504-50fc-aa1d-89e98edd10e0,dip,close,6,2,1,5,0.25,0.27114132,0.28138566
8026e9b7-c504-50fc-aa1d-89e98edd10e0,dip,close,6,2,2,5,0.25,0.2222055,0.22993708
8026e9b7-c504-50fc-aa1d-89e98edd10e0,dip,close,6,2,3,4,0.2,0.16000988,0.15190005
8026e9b7-c504-50fc-aa1d-89e98edd10e0,driving,close,8,2,0,6,0.3,0.33066627,0.30398852
8026e9b7-c504-50fc-aa1d-89e98edd10e0,driving,close,8,2,1,6,0.3,0.31550372,0.31212825
8026e9b7-c504-50fc-aa1d-89e98edd10e0,driving,close,8,2,2,4,0.2,0.212756,0.21644199
8026e9b7-c504-50fc-aa1d-89e98edd10e0,driving,close,8,2,3,4,0.2,0.14107409,0.1674413
8026e9b7-c504-50fc-aa1d-89e98edd10e0,brunch,somewhat_close,2,1,0,4,0.2,0.31266126,0.3116763
8026e9b7-c504-50fc-aa1d-89e98edd10e0,brunch,somewhat_close,2,1,1,6,0.3,0.29284903,0.27925918
8026e9b7-c504-50fc-aa1d-89e98edd10e0,brunch,somewhat_close,2,1,2,6,0.3,0.22538273,0.23974313
8026e9b7-c504-50fc-aa1d-89e98edd10e0,brunch,somewhat_close,2,1,3,4,0.2,0.1691069,0.16932139
010a872c-b52a-5fa0-b767-0830e51a102c,dip,not_close,6,0,0,5,0.25,0.34664327,0.39242724
010a872c-b52a-5fa0-b767-0830e51a102c,dip,not_close,6,0,1,5,0.25,0.27114132,0.2466927
010a872c-b52a-5fa0-b767-0830e51a102c,dip,not_close,6,0,2,5,0.25,0.2222055,0.21824121
010a872c-b52a-5fa0-b767-0830e51a102c,dip,not_close,6,0,3,5,0.25,0.16000988,0.14263879
010a872c-b52a-5fa0-b767-0830e51a102c,soup,close,14,2,0,5,0.3846153846153846,0.3512944,0.3422157
010a872c-b52a-5fa0-b767-0830e51a102c,soup,close,14,2,1,3,0.2307692307692307,0.31583798,0.29969218
010a872c-b52a-5fa0-b767-0830e51a102c,soup,close,14,2,2,3,0.2307692307692307,0.18198796,0.19644682
010a872c-b52a-5fa0-b767-0830e51a102c,soup,close,14,2,3,2,0.1538461538461538,0.15087959,0.16164538
010a872c-b52a-5fa0-b767-0830e51a102c,brunch,extremely_close,2,3,0,5,0.2777777777777778,0.31266126,0.26310802
010a872c-b52a-5fa0-b767-0830e51a102c,brunch,extremely_close,2,3,1,5,0.2777777777777778,0.29284903,0.27545908
010a872c-b52a-5fa0-b767-0830e51a102c,brunch,extremely_close,2,3,2,4,0.2222222222222222,0.22538273,0.24720623
010a872c-b52a-5fa0-b767-0830e51a102c,brunch,extremely_close,2,3,3,4,0.2222222222222222,0.1691069,0.21422674
010a872c-b52a-5fa0-b767-0830e51a102c,basketball,close,0,2,0,5,0.2777777777777778,0.32619047,0.3229036
010a872c-b52a-5fa0-b767-0830e51a102c,basketball,close,0,2,1,5,0.2777777777777778,0.31149498,0.29293644
010a872c-b52a-5fa0-b767-0830e51a102c,basketball,close,0,2,2,4,0.2222222222222222,0.21755591,0.20826088
010a872c-b52a-5fa0-b767-0830e51a102c,basketball,close,0,2,3,4,0.2222222222222222,0.14475863,0.175899
010a872c-b52a-5fa0-b767-0830e51a102c,drinks,not_close,7,0,0,5,0.2631578947368421,0.34319648,0.2994285
010a872c-b52a-5fa0-b767-0830e51a102c,drinks,not_close,7,0,1,5,0.2631578947368421,0.26716295,0.298935
010a872c-b52a-5fa0-b767-0830e51a102c,drinks,not_close,7,0,2,5,0.2631578947368421,0.22266258,0.2280769
010a872c-b52a-5fa0-b767-0830e51a102c,drinks,not_close,7,0,3,4,0.2105263157894736,0.16697805,0.1735596
010a872c-b52a-5fa0-b767-0830e51a102c,birthday,close,1,2,0,5,0.25,0.33094808,0.28472444
010a872c-b52a-5fa0-b767-0830e51a102c,birthday,close,1,2,1,5,0.25,0.31393355,0.3053844
010a872c-b52a-5fa0-b767-0830e51a102c,birthday,close,1,2,2,5,0.25,0.21405,0.23678404
010a872c-b52a-5fa0-b767-0830e51a102c,birthday,close,1,2,3,5,0.25,0.14106838,0.1731071
010a872c-b52a-5fa0-b767-0830e51a102c,wedding,close,15,2,0,5,0.2631578947368421,0.31908587,0.30511737
010a872c-b52a-5fa0-b767-0830e51a102c,wedding,close,15,2,1,5,0.2631578947368421,0.29837966,0.2728047
010a872c-b52a-5fa0-b767-0830e51a102c,wedding,close,15,2,2,5,0.2631578947368421,0.23396881,0.2473037
010a872c-b52a-5fa0-b767-0830e51a102c,wedding,close,15,2,3,4,0.2105263157894736,0.14856559,0.17477417
010a872c-b52a-5fa0-b767-0830e51a102c,social,somewhat_close,13,1,0,5,0.3125,0.40185055,0.3780521
010a872c-b52a-5fa0-b767-0830e51a102c,social,somewhat_close,13,1,1,4,0.25,0.2581625,0.25415382
010a872c-b52a-5fa0-b767-0830e51a102c,social,somewhat_close,13,1,2,4,0.25,0.1958849,0.20883785
010a872c-b52a-5fa0-b767-0830e51a102c,social,somewhat_close,13,1,3,3,0.1875,0.14410202,0.15895618
010a872c-b52a-5fa0-b767-0830e51a102c,oysters,somewhat_close,12,1,0,5,0.2777777777777778,0.35450813,0.34644595
010a872c-b52a-5fa0-b767-0830e51a102c,oysters,somewhat_close,12,1,1,5,0.2777777777777778,0.30145344,0.29076707
010a872c-b52a-5fa0-b767-0830e51a102c,oysters,somewhat_close,12,1,2,4,0.2222222222222222,0.19799377,0.20686175
010a872c-b52a-5fa0-b767-0830e51a102c,oysters,somewhat_close,12,1,3,4,0.2222222222222222,0.14604472,0.1559252
010a872c-b52a-5fa0-b767-0830e51a102c,cooking,extremely_close,4,3,0,4,0.2105263157894736,0.3350411,0.26790115
010a872c-b52a-5fa0-b767-0830e51a102c,cooking,extremely_close,4,3,1,5,0.2631578947368421,0.301432,0.30072036
010a872c-b52a-5fa0-b767-0830e51a102c,cooking,extremely_close,4,3,2,5,0.2631578947368421,0.2060558,0.23298924
010a872c-b52a-5fa0-b767-0830e51a102c,cooking,extremely_close,4,3,3,5,0.2631578947368421,0.15747108,0.19838926
010a872c-b52a-5fa0-b767-0830e51a102c,conference,extremely_close,3,3,0,4,0.2666666666666666,0.3467783,0.3099088
010a872c-b52a-5fa0-b767-0830e51a102c,conference,extremely_close,3,3,1,4,0.2666666666666666,0.32602173,0.2874739
010a872c-b52a-5fa0-b767-0830e51a102c,conference,extremely_close,3,3,2,5,0.3333333333333333,0.1874909,0.2322446
010a872c-b52a-5fa0-b767-0830e51a102c,conference,extremely_close,3,3,3,2,0.1333333333333333,0.13970904,0.17037268
010a872c-b52a-5fa0-b767-0830e51a102c,gala,somewhat_close,10,1,0,5,0.3125,0.37736025,0.32411346
010a872c-b52a-5fa0-b767-0830e51a102c,gala,somewhat_close,10,1,1,4,0.25,0.24683172,0.25308076
010a872c-b52a-5fa0-b767-0830e51a102c,gala,somewhat_close,10,1,2,4,0.25,0.21063499,0.23114428
010a872c-b52a-5fa0-b767-0830e51a102c,gala,somewhat_close,10,1,3,3,0.1875,0.165173,0.1916615
010a872c-b52a-5fa0-b767-0830e51a102c,driving,not_close,8,0,0,5,0.3125,0.33066627,0.31951004
010a872c-b52a-5fa0-b767-0830e51a102c,driving,not_close,8,0,1,5,0.3125,0.31550372,0.3540611
010a872c-b52a-5fa0-b767-0830e51a102c,driving,not_close,8,0,2,4,0.25,0.212756,0.19448832
010a872c-b52a-5fa0-b767-0830e51a102c,driving,not_close,8,0,3,2,0.125,0.14107409,0.1319406
010a872c-b52a-5fa0-b767-0830e51a102c,fair,not_close,9,0,0,5,0.3333333333333333,0.3399395,0.33449876
010a872c-b52a-5fa0-b767-0830e51a102c,fair,not_close,9,0,1,5,0.3333333333333333,0.32053334,0.3437535
010a872c-b52a-5fa0-b767-0830e51a102c,fair,not_close,9,0,2,3,0.2,0.20100063,0.1889061
010a872c-b52a-5fa0-b767-0830e51a102c,fair,not_close,9,0,3,2,0.1333333333333333,0.1385266,0.13284165
010a872c-b52a-5fa0-b767-0830e51a102c,crabs,extremely_close,5,3,0,5,0.2777777777777778,0.34133512,0.32297945
010a872c-b52a-5fa0-b767-0830e51a102c,crabs,extremely_close,5,3,1,5,0.2777777777777778,0.3221551,0.30443525
010a872c-b52a-5fa0-b767-0830e51a102c,crabs,extremely_close,5,3,2,4,0.2222222222222222,0.18072298,0.18565442
010a872c-b52a-5fa0-b767-0830e51a102c,crabs,extremely_close,5,3,3,4,0.2222222222222222,0.15578677,0.18693084
010a872c-b52a-5fa0-b767-0830e51a102c,hike,somewhat_close,11,1,0,5,0.3125,0.3467728,0.33041134
010a872c-b52a-5fa0-b767-0830e51a102c,hike,somewhat_close,11,1,1,5,0.3125,0.3240307,0.31247446
010a872c-b52a-5fa0-b767-0830e51a102c,hike,somewhat_close,11,1,2,4,0.25,0.19134435,0.20020384
010a872c-b52a-5fa0-b767-0830e51a102c,hike,somewhat_close,11,1,3,2,0.125,0.13785222,0.15691037
47ce865d-01ab-5de3-955c-8219f0250ae0,crabs,close,5,2,0,2,0.1428571428571428,0.34133512,0.3152678
47ce865d-01ab-5de3-955c-8219f0250ae0,crabs,close,5,2,1,6,0.4285714285714285,0.3221551,0.32385492
47ce865d-01ab-5de3-955c-8219f0250ae0,crabs,close,5,2,2,3,0.2142857142857142,0.18072298,0.19468644
47ce865d-01ab-5de3-955c-8219f0250ae0,crabs,close,5,2,3,3,0.2142857142857142,0.15578677,0.16619082
47ce865d-01ab-5de3-955c-8219f0250ae0,gala,somewhat_close,10,1,0,1,0.05,0.37736025,0.32411346
47ce865d-01ab-5de3-955c-8219f0250ae0,gala,somewhat_close,10,1,1,7,0.35,0.24683172,0.25308076
47ce865d-01ab-5de3-955c-8219f0250ae0,gala,somewhat_close,10,1,2,7,0.35,0.21063499,0.23114428
47ce865d-01ab-5de3-955c-8219f0250ae0,gala,somewhat_close,10,1,3,5,0.25,0.165173,0.1916615
47ce865d-01ab-5de3-955c-8219f0250ae0,drinks,close,7,2,0,1,0.0769230769230769,0.34319648,0.2973132
47ce865d-01ab-5de3-955c-8219f0250ae0,drinks,close,7,2,1,6,0.4615384615384615,0.26716295,0.27554834
47ce865d-01ab-5de3-955c-8219f0250ae0,drinks,close,7,2,2,3,0.2307692307692307,0.22266258,0.23582152
47ce865d-01ab-5de3-955c-8219f0250ae0,drinks,close,7,2,3,3,0.2307692307692307,0.16697805,0.1913169
47ce865d-01ab-5de3-955c-8219f0250ae0,hike,not_close,11,0,0,5,0.4166666666666667,0.3467728,0.3642791
47ce865d-01ab-5de3-955c-8219f0250ae0,hike,not_close,11,0,1,5,0.4166666666666667,0.3240307,0.31677198
47ce865d-01ab-5de3-955c-8219f0250ae0,hike,not_close,11,0,2,1,0.0833333333333333,0.19134435,0.1780148
47ce865d-01ab-5de3-955c-8219f0250ae0,hike,not_close,11,0,3,1,0.0833333333333333,0.13785222,0.1409341
47ce865d-01ab-5de3-955c-8219f0250ae0,driving,extremely_close,8,3,0,1,0.05,0.33066627,0.27924845
47ce865d-01ab-5de3-955c-8219f0250ae0,driving,extremely_close,8,3,1,7,0.35,0.31550372,0.30885038
47ce865d-01ab-5de3-955c-8219f0250ae0,driving,extremely_close,8,3,2,7,0.35,0.212756,0.22954276
47ce865d-01ab-5de3-955c-8219f0250ae0,driving,extremely_close,8,3,3,5,0.25,0.14107409,0.18235837
47ce865d-01ab-5de3-955c-8219f0250ae0,dip,close,6,2,0,7,0.3888888888888889,0.34664327,0.33677724
47ce865d-01ab-5de3-955c-8219f0250ae0,dip,close,6,2,1,7,0.3888888888888889,0.27114132,0.28138566
47ce865d-01ab-5de3-955c-8219f0250ae0,dip,close,6,2,2,3,0.1666666666666666,0.2222055,0.22993708
47ce865d-01ab-5de3-955c-8219f0250ae0,dip,close,6,2,3,1,0.0555555555555555,0.16000988,0.15190005
47ce865d-01ab-5de3-955c-8219f0250ae0,social,not_close,13,0,0,7,0.5384615384615384,0.40185055,0.42380705
47ce865d-01ab-5de3-955c-8219f0250ae0,social,not_close,13,0,1,2,0.1538461538461538,0.2581625,0.2471482
47ce865d-01ab-5de3-955c-8219f0250ae0,social,not_close,13,0,2,2,0.1538461538461538,0.1958849,0.1846005
47ce865d-01ab-5de3-955c-8219f0250ae0,social,not_close,13,0,3,2,0.1538461538461538,0.14410202,0.14444424
47ce865d-01ab-5de3-955c-8219f0250ae0,oysters,not_close,12,0,0,7,0.4375,0.35450813,0.35589477
47ce865d-01ab-5de3-955c-8219f0250ae0,oysters,not_close,12,0,1,6,0.375,0.30145344,0.31109774
47ce865d-01ab-5de3-955c-8219f0250ae0,oysters,not_close,12,0,2,2,0.125,0.19799377,0.19477606
47ce865d-01ab-5de3-955c-8219f0250ae0,oysters,not_close,12,0,3,1,0.0625,0.14604472,0.13823144
47ce865d-01ab-5de3-955c-8219f0250ae0,wedding,somewhat_close,15,1,0,7,0.5833333333333334,0.31908587,0.32673198
47ce865d-01ab-5de3-955c-8219f0250ae0,wedding,somewhat_close,15,1,1,3,0.25,0.29837966,0.2921303
47ce865d-01ab-5de3-955c-8219f0250ae0,wedding,somewhat_close,15,1,2,1,0.0833333333333333,0.23396881,0.23820917
47ce865d-01ab-5de3-955c-8219f0250ae0,wedding,somewhat_close,15,1,3,1,0.0833333333333333,0.14856559,0.14292857
47ce865d-01ab-5de3-955c-8219f0250ae0,conference,somewhat_close,3,1,0,4,0.2105263157894736,0.3467783,0.330331
47ce865d-01ab-5de3-955c-8219f0250ae0,conference,somewhat_close,3,1,1,7,0.3684210526315789,0.32602173,0.33012256
47ce865d-01ab-5de3-955c-8219f0250ae0,conference,somewhat_close,3,1,2,7,0.3684210526315789,0.1874909,0.2040172
47ce865d-01ab-5de3-955c-8219f0250ae0,conference,somewhat_close,3,1,3,1,0.0526315789473684,0.13970904,0.13552926
47ce865d-01ab-5de3-955c-8219f0250ae0,birthday,extremely_close,1,3,0,7,0.35,0.33094808,0.29339695
47ce865d-01ab-5de3-955c-8219f0250ae0,birthday,extremely_close,1,3,1,7,0.35,0.31393355,0.28846595
47ce865d-01ab-5de3-955c-8219f0250ae0,birthday,extremely_close,1,3,2,5,0.25,0.21405,0.24154752
47ce865d-01ab-5de3-955c-8219f0250ae0,birthday,extremely_close,1,3,3,1,0.05,0.14106838,0.1765896
47ce865d-01ab-5de3-955c-8219f0250ae0,brunch,somewhat_close,2,1,0,4,0.2,0.31266126,0.3116763
47ce865d-01ab-5de3-955c-8219f0250ae0,brunch,somewhat_close,2,1,1,7,0.35,0.29284903,0.27925918
47ce865d-01ab-5de3-955c-8219f0250ae0,brunch,somewhat_close,2,1,2,7,0.35,0.22538273,0.23974313
47ce865d-01ab-5de3-955c-8219f0250ae0,brunch,somewhat_close,2,1,3,2,0.1,0.1691069,0.16932139
47ce865d-01ab-5de3-955c-8219f0250ae0,fair,extremely_close,9,3,0,3,0.1875,0.3399395,0.32443607
47ce865d-01ab-5de3-955c-8219f0250ae0,fair,extremely_close,9,3,1,6,0.375,0.32053334,0.2984974
47ce865d-01ab-5de3-955c-8219f0250ae0,fair,extremely_close,9,3,2,5,0.3125,0.20100063,0.20797278
47ce865d-01ab-5de3-955c-8219f0250ae0,fair,extremely_close,9,3,3,2,0.125,0.1385266,0.16909374
47ce865d-01ab-5de3-955c-8219f0250ae0,basketball,extremely_close,0,3,0,2,0.1052631578947368,0.32619047,0.3092946
47ce865d-01ab-5de3-955c-8219f0250ae0,basketball,extremely_close,0,3,1,7,0.3684210526315789,0.31149498,0.30697325
47ce865d-01ab-5de3-955c-8219f0250ae0,basketball,extremely_close,0,3,2,7,0.3684210526315789,0.21755591,0.22017495
47ce865d-01ab-5de3-955c-8219f0250ae0,basketball,extremely_close,0,3,3,3,0.1578947368421052,0.14475863,0.16355725
47ce865d-01ab-5de3-955c-8219f0250ae0,cooking,not_close,4,0,0,1,0.0833333333333333,0.3350411,0.30513674
47ce865d-01ab-5de3-955c-8219f0250ae0,cooking,not_close,4,0,1,7,0.5833333333333334,0.301432,0.3403478
47ce865d-01ab-5de3-955c-8219f0250ae0,cooking,not_close,4,0,2,3,0.25,0.2060558,0.19110213
47ce865d-01ab-5de3-955c-8219f0250ae0,cooking,not_close,4,0,3,1,0.0833333333333333,0.15747108,0.1634134
47ce865d-01ab-5de3-955c-8219f0250ae0,soup,close,14,2,0,7,0.4375,0.3512944,0.3422157
47ce865d-01ab-5de3-955c-8219f0250ae0,soup,close,14,2,1,3,0.1875,0.31583798,0.29969218
47ce865d-01ab-5de3-955c-8219f0250ae0,soup,close,14,2,2,3,0.1875,0.18198796,0.19644682
47ce865d-01ab-5de3-955c-8219f0250ae0,soup,close,14,2,3,3,0.1875,0.15087959,0.16164538
f6614eed-3825-5951-b17d-792706175160,soup,extremely_close,14,3,0,6,0.5454545454545454,0.3512944,0.31738377
f6614eed-3825-5951-b17d-792706175160,soup,extremely_close,14,3,1,1,0.0909090909090909,0.31583798,0.29048625
f6614eed-3825-5951-b17d-792706175160,soup,extremely_close,14,3,2,2,0.1818181818181818,0.18198796,0.21168596
f6614eed-3825-5951-b17d-792706175160,soup,extremely_close,14,3,3,2,0.1818181818181818,0.15087959,0.18044408
f6614eed-3825-5951-b17d-792706175160,dip,somewhat_close,6,1,0,6,0.3333333333333333,0.34664327,0.34845993
f6614eed-3825-5951-b17d-792706175160,dip,somewhat_close,6,1,1,5,0.2777777777777778,0.27114132,0.27802554
f6614eed-3825-5951-b17d-792706175160,dip,somewhat_close,6,1,2,5,0.2777777777777778,0.2222055,0.23313951
f6614eed-3825-5951-b17d-792706175160,dip,somewhat_close,6,1,3,2,0.1111111111111111,0.16000988,0.14037508
f6614eed-3825-5951-b17d-792706175160,brunch,not_close,2,0,0,5,0.2777777777777778,0.31266126,0.34032917
f6614eed-3825-5951-b17d-792706175160,brunch,not_close,2,0,1,6,0.3333333333333333,0.29284903,0.29515493
f6614eed-3825-5951-b17d-792706175160,brunch,not_close,2,0,2,5,0.2777777777777778,0.22538273,0.22530942
f6614eed-3825-5951-b17d-792706175160,brunch,not_close,2,0,3,2,0.1111111111111111,0.1691069,0.13920642
f6614eed-3825-5951-b17d-792706175160,hike,close,11,2,0,5,0.3571428571428571,0.3467728,0.31535208
f6614eed-3825-5951-b17d-792706175160,hike,close,11,2,1,5,0.3571428571428571,0.3240307,0.3006642
f6614eed-3825-5951-b17d-792706175160,hike,close,11,2,2,2,0.1428571428571428,0.19134435,0.20856297
f6614eed-3825-5951-b17d-792706175160,hike,close,11,2,3,2,0.1428571428571428,0.13785222,0.17542079
f6614eed-3825-5951-b17d-792706175160,fair,close,9,2,0,3,0.2142857142857142,0.3399395,0.3417284
f6614eed-3825-5951-b17d-792706175160,fair,close,9,2,1,6,0.4285714285714285,0.32053334,0.32354605
f6614eed-3825-5951-b17d-792706175160,fair,close,9,2,2,3,0.2142857142857142,0.20100063,0.19540344
f6614eed-3825-5951-b17d-792706175160,fair,close,9,2,3,2,0.1428571428571428,0.1385266,0.13932213
f6614eed-3825-5951-b17d-792706175160,crabs,somewhat_close,5,1,0,3,0.2307692307692307,0.34133512,0.3514227
f6614eed-3825-5951-b17d-792706175160,crabs,somewhat_close,5,1,1,6,0.4615384615384615,0.3221551,0.35142806
f6614eed-3825-5951-b17d-792706175160,crabs,somewhat_close,5,1,2,2,0.1538461538461538,0.18072298,0.148849
f6614eed-3825-5951-b17d-792706175160,crabs,somewhat_close,5,1,3,2,0.1538461538461538,0.15578677,0.14830023
f6614eed-3825-5951-b17d-792706175160,driving,close,8,2,0,5,0.3333333333333333,0.33066627,0.30398852
f6614eed-3825-5951-b17d-792706175160,driving,close,8,2,1,6,0.4,0.31550372,0.31212825
f6614eed-3825-5951-b17d-792706175160,driving,close,8,2,2,2,0.1333333333333333,0.212756,0.21644199
f6614eed-3825-5951-b17d-792706175160,driving,close,8,2,3,2,0.1333333333333333,0.14107409,0.1674413
f6614eed-3825-5951-b17d-792706175160,cooking,somewhat_close,4,1,0,1,0.0909090909090909,0.3350411,0.302899
f6614eed-3825-5951-b17d-792706175160,cooking,somewhat_close,4,1,1,7,0.6363636363636364,0.301432,0.3137101
f6614eed-3825-5951-b17d-792706175160,cooking,somewhat_close,4,1,2,2,0.1818181818181818,0.2060558,0.21770318
f6614eed-3825-5951-b17d-792706175160,cooking,somewhat_close,4,1,3,1,0.0909090909090909,0.15747108,0.16568774
f6614eed-3825-5951-b17d-792706175160,basketball,not_close,0,0,0,3,0.3,0.32619047,0.3810742
f6614eed-3825-5951-b17d-792706175160,basketball,not_close,0,0,1,5,0.5,0.31149498,0.33203775
f6614eed-3825-5951-b17d-792706175160,basketball,not_close,0,0,2,1,0.1,0.21755591,0.16480143
f6614eed-3825-5951-b17d-792706175160,basketball,not_close,0,0,3,1,0.1,0.14475863,0.12208664
f6614eed-3825-5951-b17d-792706175160,drinks,somewhat_close,7,1,0,5,0.2941176470588235,0.34319648,0.34077784
f6614eed-3825-5951-b17d-792706175160,drinks,somewhat_close,7,1,1,5,0.2941176470588235,0.26716295,0.2960432
f6614eed-3825-5951-b17d-792706175160,drinks,somewhat_close,7,1,2,4,0.2352941176470588,0.22266258,0.20890208
f6614eed-3825-5951-b17d-792706175160,drinks,somewhat_close,7,1,3,3,0.1764705882352941,0.16697805,0.15427689
f6614eed-3825-5951-b17d-792706175160,oysters,extremely_close,12,3,0,5,0.3333333333333333,0.35450813,0.33928892
f6614eed-3825-5951-b17d-792706175160,oysters,extremely_close,12,3,1,6,0.4,0.30145344,0.29421192
f6614eed-3825-5951-b17d-792706175160,oysters,extremely_close,12,3,2,2,0.1333333333333333,0.19799377,0.2082637
f6614eed-3825-5951-b17d-792706175160,oysters,extremely_close,12,3,3,2,0.1333333333333333,0.14604472,0.15823552
f6614eed-3825-5951-b17d-792706175160,gala,close,10,2,0,2,0.1176470588235294,0.37736025,0.30581924
f6614eed-3825-5951-b17d-792706175160,gala,close,10,2,1,6,0.3529411764705882,0.24683172,0.27153325
f6614eed-3825-5951-b17d-792706175160,gala,close,10,2,2,6,0.3529411764705882,0.21063499,0.2401309
f6614eed-3825-5951-b17d-792706175160,gala,close,10,2,3,3,0.1764705882352941,0.165173,0.18251657
f6614eed-3825-5951-b17d-792706175160,social,extremely_close,13,3,0,5,0.4166666666666667,0.40185055,0.34408742
f6614eed-3825-5951-b17d-792706175160,social,extremely_close,13,3,1,3,0.25,0.2581625,0.258135
f6614eed-3825-5951-b17d-792706175160,social,extremely_close,13,3,2,2,0.1666666666666666,0.1958849,0.2316001
f6614eed-3825-5951-b17d-792706175160,social,extremely_close,13,3,3,2,0.1666666666666666,0.14410202,0.16617753
f6614eed-3825-5951-b17d-792706175160,conference,not_close,3,0,0,5,0.3571428571428571,0.3467783,0.33014685
f6614eed-3825-5951-b17d-792706175160,conference,not_close,3,0,1,6,0.4285714285714285,0.32602173,0.3841856
f6614eed-3825-5951-b17d-792706175160,conference,not_close,3,0,2,2,0.1428571428571428,0.1874909,0.16168493
f6614eed-3825-5951-b17d-792706175160,conference,not_close,3,0,3,1,0.0714285714285714,0.13970904,0.123982586
f6614eed-3825-5951-b17d-792706175160,wedding,extremely_close,15,3,0,6,0.3333333333333333,0.31908587,0.2974841
f6614eed-3825-5951-b17d-792706175160,wedding,extremely_close,15,3,1,5,0.2777777777777778,0.29837966,0.27377465
f6614eed-3825-5951-b17d-792706175160,wedding,extremely_close,15,3,2,5,0.2777777777777778,0.23396881,0.24111676
f6614eed-3825-5951-b17d-792706175160,wedding,extremely_close,15,3,3,2,0.1111111111111111,0.14856559,0.18762444
f6614eed-3825-5951-b17d-792706175160,birthday,not_close,1,0,0,7,0.6363636363636364,0.33094808,0.35584754
f6614eed-3825-5951-b17d-792706175160,birthday,not_close,1,0,1,2,0.1818181818181818,0.31393355,0.31760582
f6614eed-3825-5951-b17d-792706175160,birthday,not_close,1,0,2,1,0.0909090909090909,0.21405,0.1876142
f6614eed-3825-5951-b17d-792706175160,birthday,not_close,1,0,3,1,0.0909090909090909,0.14106838,0.13893244
83e03c46-b0e1-520d-8799-694b6404dd82,hike,extremely_close,11,3,0,5,0.2631578947368421,0.3467728,0.33196965
83e03c46-b0e1-520d-8799-694b6404dd82,hike,extremely_close,11,3,1,6,0.3157894736842105,0.3240307,0.28882948
83e03c46-b0e1-520d-8799-694b6404dd82,hike,extremely_close,11,3,2,6,0.3157894736842105,0.19134435,0.21154393
83e03c46-b0e1-520d-8799-694b6404dd82,hike,extremely_close,11,3,3,2,0.1052631578947368,0.13785222,0.167657
83e03c46-b0e1-520d-8799-694b6404dd82,brunch,extremely_close,2,3,0,1,0.25,0.31266126,0.26310802
83e03c46-b0e1-520d-8799-694b6404dd82,brunch,extremely_close,2,3,1,1,0.25,0.29284903,0.27545908
83e03c46-b0e1-520d-8799-694b6404dd82,brunch,extremely_close,2,3,2,1,0.25,0.22538273,0.24720623
83e03c46-b0e1-520d-8799-694b6404dd82,brunch,extremely_close,2,3,3,1,0.25,0.1691069,0.21422674
83e03c46-b0e1-520d-8799-694b6404dd82,crabs,not_close,5,0,0,2,0.3333333333333333,0.34133512,0.3294243
83e03c46-b0e1-520d-8799-694b6404dd82,crabs,not_close,5,0,1,1,0.1666666666666666,0.3221551,0.36001885
83e03c46-b0e1-520d-8799-694b6404dd82,crabs,not_close,5,0,2,1,0.1666666666666666,0.18072298,0.16664708
83e03c46-b0e1-520d-8799-694b6404dd82,crabs,not_close,5,0,3,2,0.3333333333333333,0.15578677,0.14390975
83e03c46-b0e1-520d-8799-694b6404dd82,social,close,13,2,0,5,0.4545454545454545,0.40185055,0.3784892
83e03c46-b0e1-520d-8799-694b6404dd82,social,close,13,2,1,2,0.1818181818181818,0.2581625,0.26476493
83e03c46-b0e1-520d-8799-694b6404dd82,social,close,13,2,2,2,0.1818181818181818,0.1958849,0.20696187
83e03c46-b0e1-520d-8799-694b6404dd82,social,close,13,2,3,2,0.1818181818181818,0.14410202,0.14978395
83e03c46-b0e1-520d-8799-694b6404dd82,basketball,somewhat_close,0,1,0,2,0.1666666666666666,0.32619047,0.31074163
83e03c46-b0e1-520d-8799-694b6404dd82,basketball,somewhat_close,0,1,1,5,0.4166666666666667,0.31149498,0.30840942
83e03c46-b0e1-520d-8799-694b6404dd82,basketball,somewhat_close,0,1,2,2,0.1666666666666666,0.21755591,0.22120504
83e03c46-b0e1-520d-8799-694b6404dd82,basketball,somewhat_close,0,1,3,3,0.25,0.14475863,0.15964389
83e03c46-b0e1-520d-8799-694b6404dd82,cooking,close,4,2,0,5,0.2777777777777778,0.3350411,0.26264983
83e03c46-b0e1-520d-8799-694b6404dd82,cooking,close,4,2,1,5,0.2777777777777778,0.301432,0.31273055
83e03c46-b0e1-520d-8799-694b6404dd82,cooking,close,4,2,2,5,0.2777777777777778,0.2060558,0.2337246
83e03c46-b0e1-520d-8799-694b6404dd82,cooking,close,4,2,3,3,0.1666666666666666,0.15747108,0.19089502
83e03c46-b0e1-520d-8799-694b6404dd82,conference,not_close,3,0,0,6,0.3333333333333333,0.3467783,0.33014685
83e03c46-b0e1-520d-8799-694b6404dd82,conference,not_close,3,0,1,5,0.2777777777777778,0.32602173,0.3841856
83e03c46-b0e1-520d-8799-694b6404dd82,conference,not_close,3,0,2,5,0.2777777777777778,0.1874909,0.16168493
83e03c46-b0e1-520d-8799-694b6404dd82,conference,not_close,3,0,3,2,0.1111111111111111,0.13970904,0.123982586
83e03c46-b0e1-520d-8799-694b6404dd82,driving,somewhat_close,8,1,0,1,0.0714285714285714,0.33066627,0.3126709
83e03c46-b0e1-520d-8799-694b6404dd82,driving,somewhat_close,8,1,1,6,0.4285714285714285,0.31550372,0.329562
83e03c46-b0e1-520d-8799-694b6404dd82,driving,somewhat_close,8,1,2,2,0.1428571428571428,0.212756,0.21199694
83e03c46-b0e1-520d-8799-694b6404dd82,driving,somewhat_close,8,1,3,5,0.3571428571428571,0.14107409,0.14577018
83e03c46-b0e1-520d-8799-694b6404dd82,birthday,close,1,2,0,2,0.1333333333333333,0.33094808,0.28472444
83e03c46-b0e1-520d-8799-694b6404dd82,birthday,close,1,2,1,5,0.3333333333333333,0.31393355,0.3053844
83e03c46-b0e1-520d-8799-694b6404dd82,birthday,close,1,2,2,6,0.4,0.21405,0.23678404
83e03c46-b0e1-520d-8799-694b6404dd82,birthday,close,1,2,3,2,0.1333333333333333,0.14106838,0.1731071
83e03c46-b0e1-520d-8799-694b6404dd82,dip,somewhat_close,6,1,0,5,0.3846153846153846,0.34664327,0.34845993
83e03c46-b0e1-520d-8799-694b6404dd82,dip,somewhat_close,6,1,1,3,0.2307692307692307,0.27114132,0.27802554
83e03c46-b0e1-520d-8799-694b6404dd82,dip,somewhat_close,6,1,2,2,0.1538461538461538,0.2222055,0.23313951
83e03c46-b0e1-520d-8799-694b6404dd82,dip,somewhat_close,6,1,3,3,0.2307692307692307,0.16000988,0.14037508
83e03c46-b0e1-520d-8799-694b6404dd82,gala,extremely_close,10,3,0,6,0.3157894736842105,0.37736025,0.27933165
83e03c46-b0e1-520d-8799-694b6404dd82,gala,extremely_close,10,3,1,5,0.2631578947368421,0.24683172,0.27254456
83e03c46-b0e1-520d-8799-694b6404dd82,gala,extremely_close,10,3,2,6,0.3157894736842105,0.21063499,0.25221765
83e03c46-b0e1-520d-8799-694b6404dd82,gala,extremely_close,10,3,3,2,0.1052631578947368,0.165173,0.19590618
83e03c46-b0e1-520d-8799-694b6404dd82,fair,somewhat_close,9,1,0,5,0.2777777777777778,0.3399395,0.29991916
83e03c46-b0e1-520d-8799-694b6404dd82,fair,somewhat_close,9,1,1,2,0.1111111111111111,0.32053334,0.31271672
83e03c46-b0e1-520d-8799-694b6404dd82,fair,somewhat_close,9,1,2,5,0.2777777777777778,0.20100063,0.22270054
83e03c46-b0e1-520d-8799-694b6404dd82,fair,somewhat_close,9,1,3,6,0.3333333333333333,0.1385266,0.16466357
83e03c46-b0e1-520d-8799-694b6404dd82,wedding,extremely_close,15,3,0,5,0.2083333333333333,0.31908587,0.2974841
83e03c46-b0e1-520d-8799-694b6404dd82,wedding,extremely_close,15,3,1,6,0.25,0.29837966,0.27377465
83e03c46-b0e1-520d-8799-694b6404dd82,wedding,extremely_close,15,3,2,6,0.25,0.23396881,0.24111676
83e03c46-b0e1-520d-8799-694b6404dd82,wedding,extremely_close,15,3,3,7,0.2916666666666667,0.14856559,0.18762444
83e03c46-b0e1-520d-8799-694b6404dd82,soup,not_close,14,0,0,6,0.375,0.3512944,0.3687841
83e03c46-b0e1-520d-8799-694b6404dd82,soup,not_close,14,0,1,5,0.3125,0.31583798,0.32352978
83e03c46-b0e1-520d-8799-694b6404dd82,soup,not_close,14,0,2,2,0.125,0.18198796,0.17495361
83e03c46-b0e1-520d-8799-694b6404dd82,soup,not_close,14,0,3,3,0.1875,0.15087959,0.13273244
83e03c46-b0e1-520d-8799-694b6404dd82,oysters,close,12,2,0,6,0.3,0.35450813,0.32386693
83e03c46-b0e1-520d-8799-694b6404dd82,oysters,close,12,2,1,5,0.25,0.30145344,0.29327434
83e03c46-b0e1-520d-8799-694b6404dd82,oysters,close,12,2,2,6,0.3,0.19799377,0.21184032
83e03c46-b0e1-520d-8799-694b6404dd82,oysters,close,12,2,3,3,0.15,0.14604472,0.17101833
83e03c46-b0e1-520d-8799-694b6404dd82,drinks,not_close,7,0,0,2,0.1052631578947368,0.34319648,0.2994285
83e03c46-b0e1-520d-8799-694b6404dd82,drinks,not_close,7,0,1,6,0.3157894736842105,0.26716295,0.298935
83e03c46-b0e1-520d-8799-694b6404dd82,drinks,not_close,7,0,2,5,0.2631578947368421,0.22266258,0.2280769
83e03c46-b0e1-520d-8799-694b6404dd82,drinks,not_close,7,0,3,6,0.3157894736842105,0.16697805,0.1735596
5c0fdc38-94da-5ce9-8dd7-f2cc95e5fb61,driving,not_close,8,0,0,3,0.2142857142857142,0.33066627,0.31951004
5c0fdc38-94da-5ce9-8dd7-f2cc95e5fb61,driving,not_close,8,0,1,7,0.5,0.31550372,0.3540611
5c0fdc38-94da-5ce9-8dd7-f2cc95e5fb61,driving,not_close,8,0,2,1,0.0714285714285714,0.212756,0.19448832
5c0fdc38-94da-5ce9-8dd7-f2cc95e5fb61,driving,not_close,8,0,3,3,0.2142857142857142,0.14107409,0.1319406
5c0fdc38-94da-5ce9-8dd7-f2cc95e5fb61,brunch,close,2,2,0,3,0.1875,0.31266126,0.2922043
5c0fdc38-94da-5ce9-8dd7-f2cc95e5fb61,brunch,close,2,2,1,6,0.375,0.29284903,0.27890328
5c0fdc38-94da-5ce9-8dd7-f2cc95e5fb61,brunch,close,2,2,2,5,0.3125,0.22538273,0.2363917
5c0fdc38-94da-5ce9-8dd7-f2cc95e5fb61,brunch,close,2,2,3,2,0.125,0.1691069,0.19250078
5c0fdc38-94da-5ce9-8dd7-f2cc95e5fb61,crabs,extremely_close,5,3,0,2,0.1666666666666666,0.34133512,0.32297945
5c0fdc38-94da-5ce9-8dd7-f2cc95e5fb61,crabs,extremely_close,5,3,1,6,0.5,0.3221551,0.30443525
5c0fdc38-94da-5ce9-8dd7-f2cc95e5fb61,crabs,extremely_close,5,3,2,2,0.1666666666666666,0.18072298,0.18565442
5c0fdc38-94da-5ce9-8dd7-f2cc95e5fb61,crabs,extremely_close,5,3,3,2,0.1666666666666666,0.15578677,0.18693084
5c0fdc38-94da-5ce9-8dd7-f2cc95e5fb61,dip,extremely_close,6,3,0,7,0.35,0.34664327,0.3213163
5c0fdc38-94da-5ce9-8dd7-f2cc95e5fb61,dip,extremely_close,6,3,1,6,0.3,0.27114132,0.2708203
5c0fdc38-94da-5ce9-8dd7-f2cc95e5fb61,dip,extremely_close,6,3,2,4,0.2,0.2222055,0.2373023
5c0fdc38-94da-5ce9-8dd7-f2cc95e5fb61,dip,extremely_close,6,3,3,3,0.15,0.16000988,0.17056109
5c0fdc38-94da-5ce9-8dd7-f2cc95e5fb61,fair,not_close,9,0,0,2,0.2,0.3399395,0.33449876
5c0fdc38-94da-5ce9-8dd7-f2cc95e5fb61,fair,not_close,9,0,1,6,0.6,0.32053334,0.3437535
5c0fdc38-94da-5ce9-8dd7-f2cc95e5fb61,fair,not_close,9,0,2,1,0.1,0.20100063,0.1889061
5c0fdc38-94da-5ce9-8dd7-f2cc95e5fb61,fair,not_close,9,0,3,1,0.1,0.1385266,0.13284165
5c0fdc38-94da-5ce9-8dd7-f2cc95e5fb61,oysters,somewhat_close,12,1,0,2,0.1818181818181818,0.35450813,0.34644595
5c0fdc38-94da-5ce9-8dd7-f2cc95e5fb61,oysters,somewhat_close,12,1,1,6,0.5454545454545454,0.30145344,0.29076707
5c0fdc38-94da-5ce9-8dd7-f2cc95e5fb61,oysters,somewhat_close,12,1,2,2,0.1818181818181818,0.19799377,0.20686175
5c0fdc38-94da-5ce9-8dd7-f2cc95e5fb61,oysters,somewhat_close,12,1,3,1,0.0909090909090909,0.14604472,0.1559252
5c0fdc38-94da-5ce9-8dd7-f2cc95e5fb61,gala,not_close,10,0,0,6,0.3529411764705882,0.37736025,0.37343702
5c0fdc38-94da-5ce9-8dd7-f2cc95e5fb61,gala,not_close,10,0,1,5,0.2941176470588235,0.24683172,0.2587873
5c0fdc38-94da-5ce9-8dd7-f2cc95e5fb61,gala,not_close,10,0,2,5,0.2941176470588235,0.21063499,0.21295612
5c0fdc38-94da-5ce9-8dd7-f2cc95e5fb61,gala,not_close,10,0,3,1,0.0588235294117647,0.165173,0.15481953
5c0fdc38-94da-5ce9-8dd7-f2cc95e5fb61,social,somewhat_close,13,1,0,5,0.5,0.40185055,0.3780521
5c0fdc38-94da-5ce9-8dd7-f2cc95e5fb61,social,somewhat_close,13,1,1,3,0.3,0.2581625,0.25415382
5c0fdc38-94da-5ce9-8dd7-f2cc95e5fb61,social,somewhat_close,13,1,2,1,0.1,0.1958849,0.20883785
5c0fdc38-94da-5ce9-8dd7-f2cc95e5fb61,social,somewhat_close,13,1,3,1,0.1,0.14410202,0.15895618
5c0fdc38-94da-5ce9-8dd7-f2cc95e5fb61,hike,not_close,11,0,0,5,0.3571428571428571,0.3467728,0.3642791
5c0fdc38-94da-5ce9-8dd7-f2cc95e5fb61,hike,not_close,11,0,1,6,0.4285714285714285,0.3240307,0.31677198
5c0fdc38-94da-5ce9-8dd7-f2cc95e5fb61,hike,not_close,11,0,2,2,0.1428571428571428,0.19134435,0.1780148
5c0fdc38-94da-5ce9-8dd7-f2cc95e5fb61,hike,not_close,11,0,3,1,0.0714285714285714,0.13785222,0.1409341
5c0fdc38-94da-5ce9-8dd7-f2cc95e5fb61,cooking,extremely_close,4,3,0,1,0.1,0.3350411,0.26790115
5c0fdc38-94da-5ce9-8dd7-f2cc95e5fb61,cooking,extremely_close,4,3,1,7,0.7,0.301432,0.30072036
5c0fdc38-94da-5ce9-8dd7-f2cc95e5fb61,cooking,extremely_close,4,3,2,1,0.1,0.2060558,0.23298924
5c0fdc38-94da-5ce9-8dd7-f2cc95e5fb61,cooking,extremely_close,4,3,3,1,0.1,0.15747108,0.19838926
5c0fdc38-94da-5ce9-8dd7-f2cc95e5fb61,basketball,close,0,2,0,5,0.3571428571428571,0.32619047,0.3229036
5c0fdc38-94da-5ce9-8dd7-f2cc95e5fb61,basketball,close,0,2,1,7,0.5,0.31149498,0.29293644
5c0fdc38-94da-5ce9-8dd7-f2cc95e5fb61,basketball,close,0,2,2,1,0.0714285714285714,0.21755591,0.20826088
5c0fdc38-94da-5ce9-8dd7-f2cc95e5fb61,basketball,close,0,2,3,1,0.0714285714285714,0.14475863,0.175899
5c0fdc38-94da-5ce9-8dd7-f2cc95e5fb61,soup,somewhat_close,14,1,0,7,0.5,0.3512944,0.33787718
5c0fdc38-94da-5ce9-8dd7-f2cc95e5fb61,soup,somewhat_close,14,1,1,5,0.3571428571428571,0.31583798,0.30691224
5c0fdc38-94da-5ce9-8dd7-f2cc95e5fb61,soup,somewhat_close,14,1,2,1,0.0714285714285714,0.18198796,0.19641732
5c0fdc38-94da-5ce9-8dd7-f2cc95e5fb61,soup,somewhat_close,14,1,3,1,0.0714285714285714,0.15087959,0.15879321
5c0fdc38-94da-5ce9-8dd7-f2cc95e5fb61,birthday,close,1,2,0,3,0.2307692307692307,0.33094808,0.28472444
5c0fdc38-94da-5ce9-8dd7-f2cc95e5fb61,birthday,close,1,2,1,7,0.5384615384615384,0.31393355,0.3053844
5c0fdc38-94da-5ce9-8dd7-f2cc95e5fb61,birthday,close,1,2,2,2,0.1538461538461538,0.21405,0.23678404
5c0fdc38-94da-5ce9-8dd7-f2cc95e5fb61,birthday,close,1,2,3,1,0.0769230769230769,0.14106838,0.1731071
5c0fdc38-94da-5ce9-8dd7-f2cc95e5fb61,drinks,extremely_close,7,3,0,5,0.2777777777777778,0.34319648,0.24337234
5c0fdc38-94da-5ce9-8dd7-f2cc95e5fb61,drinks,extremely_close,7,3,1,7,0.3888888888888889,0.26716295,0.29073274
5c0fdc38-94da-5ce9-8dd7-f2cc95e5fb61,drinks,extremely_close,7,3,2,2,0.1111111111111111,0.22266258,0.22844173
5c0fdc38-94da-5ce9-8dd7-f2cc95e5fb61,drinks,extremely_close,7,3,3,4,0.2222222222222222,0.16697805,0.23745316
5c0fdc38-94da-5ce9-8dd7-f2cc95e5fb61,conference,close,3,2,0,3,0.2,0.3467783,0.3194244
5c0fdc38-94da-5ce9-8dd7-f2cc95e5fb61,conference,close,3,2,1,6,0.4,0.32602173,0.30460128
5c0fdc38-94da-5ce9-8dd7-f2cc95e5fb61,conference,close,3,2,2,5,0.3333333333333333,0.1874909,0.22443041
5c0fdc38-94da-5ce9-8dd7-f2cc95e5fb61,conference,close,3,2,3,1,0.0666666666666666,0.13970904,0.15154389
5c0fdc38-94da-5ce9-8dd7-f2cc95e5fb61,wedding,somewhat_close,15,1,0,5,0.238095238095238,0.31908587,0.32673198
5c0fdc38-94da-5ce9-8dd7-f2cc95e5fb61,wedding,somewhat_close,15,1,1,7,0.3333333333333333,0.29837966,0.2921303
5c0fdc38-94da-5ce9-8dd7-f2cc95e5fb61,wedding,somewhat_close,15,1,2,6,0.2857142857142857,0.23396881,0.23820917
5c0fdc38-94da-5ce9-8dd7-f2cc95e5fb61,wedding,somewhat_close,15,1,3,3,0.1428571428571428,0.14856559,0.14292857
7c66cb3e-43c7-5382-96cc-a5f635a1e48d,drinks,not_close,7,0,0,6,0.5,0.34319648,0.2994285
7c66cb3e-43c7-5382-96cc-a5f635a1e48d,drinks,not_close,7,0,1,2,0.1666666666666666,0.26716295,0.298935
7c66cb3e-43c7-5382-96cc-a5f635a1e48d,drinks,not_close,7,0,2,2,0.1666666666666666,0.22266258,0.2280769
7c66cb3e-43c7-5382-96cc-a5f635a1e48d,drinks,not_close,7,0,3,2,0.1666666666666666,0.16697805,0.1735596
7c66cb3e-43c7-5382-96cc-a5f635a1e48d,oysters,close,12,2,0,6,0.6666666666666666,0.35450813,0.32386693
7c66cb3e-43c7-5382-96cc-a5f635a1e48d,oysters,close,12,2,1,1,0.1111111111111111,0.30145344,0.29327434
7c66cb3e-43c7-5382-96cc-a5f635a1e48d,oysters,close,12,2,2,1,0.1111111111111111,0.19799377,0.21184032
7c66cb3e-43c7-5382-96cc-a5f635a1e48d,oysters,close,12,2,3,1,0.1111111111111111,0.14604472,0.17101833
7c66cb3e-43c7-5382-96cc-a5f635a1e48d,soup,not_close,14,0,0,7,0.5833333333333334,0.3512944,0.3687841
7c66cb3e-43c7-5382-96cc-a5f635a1e48d,soup,not_close,14,0,1,2,0.1666666666666666,0.31583798,0.32352978
7c66cb3e-43c7-5382-96cc-a5f635a1e48d,soup,not_close,14,0,2,2,0.1666666666666666,0.18198796,0.17495361
7c66cb3e-43c7-5382-96cc-a5f635a1e48d,soup,not_close,14,0,3,1,0.0833333333333333,0.15087959,0.13273244
7c66cb3e-43c7-5382-96cc-a5f635a1e48d,brunch,extremely_close,2,3,0,5,0.4166666666666667,0.31266126,0.26310802
7c66cb3e-43c7-5382-96cc-a5f635a1e48d,brunch,extremely_close,2,3,1,3,0.25,0.29284903,0.27545908
7c66cb3e-43c7-5382-96cc-a5f635a1e48d,brunch,extremely_close,2,3,2,3,0.25,0.22538273,0.24720623
7c66cb3e-43c7-5382-96cc-a5f635a1e48d,brunch,extremely_close,2,3,3,1,0.0833333333333333,0.1691069,0.21422674
7c66cb3e-43c7-5382-96cc-a5f635a1e48d,fair,somewhat_close,9,1,0,4,0.3333333333333333,0.3399395,0.29991916
7c66cb3e-43c7-5382-96cc-a5f635a1e48d,fair,somewhat_close,9,1,1,2,0.1666666666666666,0.32053334,0.31271672
7c66cb3e-43c7-5382-96cc-a5f635a1e48d,fair,somewhat_close,9,1,2,5,0.4166666666666667,0.20100063,0.22270054
7c66cb3e-43c7-5382-96cc-a5f635a1e48d,fair,somewhat_close,9,1,3,1,0.0833333333333333,0.1385266,0.16466357
7c66cb3e-43c7-5382-96cc-a5f635a1e48d,birthday,somewhat_close,1,1,0,6,0.4285714285714285,0.33094808,0.309631
7c66cb3e-43c7-5382-96cc-a5f635a1e48d,birthday,somewhat_close,1,1,1,2,0.1428571428571428,0.31393355,0.31623533
7c66cb3e-43c7-5382-96cc-a5f635a1e48d,birthday,somewhat_close,1,1,2,4,0.2857142857142857,0.21405,0.23311108
7c66cb3e-43c7-5382-96cc-a5f635a1e48d,birthday,somewhat_close,1,1,3,2,0.1428571428571428,0.14106838,0.14102258
7c66cb3e-43c7-5382-96cc-a5f635a1e48d,cooking,close,4,2,0,1,0.0833333333333333,0.3350411,0.26264983
7c66cb3e-43c7-5382-96cc-a5f635a1e48d,cooking,close,4,2,1,7,0.5833333333333334,0.301432,0.31273055
7c66cb3e-43c7-5382-96cc-a5f635a1e48d,cooking,close,4,2,2,3,0.25,0.2060558,0.2337246
7c66cb3e-43c7-5382-96cc-a5f635a1e48d,cooking,close,4,2,3,1,0.0833333333333333,0.15747108,0.19089502
7c66cb3e-43c7-5382-96cc-a5f635a1e48d,wedding,extremely_close,15,3,0,7,0.7,0.31908587,0.2974841
7c66cb3e-43c7-5382-96cc-a5f635a1e48d,wedding,extremely_close,15,3,1,1,0.1,0.29837966,0.27377465
7c66cb3e-43c7-5382-96cc-a5f635a1e48d,wedding,extremely_close,15,3,2,1,0.1,0.23396881,0.24111676
7c66cb3e-43c7-5382-96cc-a5f635a1e48d,wedding,extremely_close,15,3,3,1,0.1,0.14856559,0.18762444
7c66cb3e-43c7-5382-96cc-a5f635a1e48d,hike,close,11,2,0,4,0.3076923076923077,0.3467728,0.31535208
7c66cb3e-43c7-5382-96cc-a5f635a1e48d,hike,close,11,2,1,5,0.3846153846153846,0.3240307,0.3006642
7c66cb3e-43c7-5382-96cc-a5f635a1e48d,hike,close,11,2,2,2,0.1538461538461538,0.19134435,0.20856297
7c66cb3e-43c7-5382-96cc-a5f635a1e48d,hike,close,11,2,3,2,0.1538461538461538,0.13785222,0.17542079
7c66cb3e-43c7-5382-96cc-a5f635a1e48d,social,close,13,2,0,5,0.625,0.40185055,0.3784892
7c66cb3e-43c7-5382-96cc-a5f635a1e48d,social,close,13,2,1,1,0.125,0.2581625,0.26476493
7c66cb3e-43c7-5382-96cc-a5f635a1e48d,social,close,13,2,2,1,0.125,0.1958849,0.20696187
7c66cb3e-43c7-5382-96cc-a5f635a1e48d,social,close,13,2,3,1,0.125,0.14410202,0.14978395
7c66cb3e-43c7-5382-96cc-a5f635a1e48d,basketball,somewhat_close,0,1,0,7,0.7,0.32619047,0.31074163
7c66cb3e-43c7-5382-96cc-a5f635a1e48d,basketball,somewhat_close,0,1,1,1,0.1,0.31149498,0.30840942
7c66cb3e-43c7-5382-96cc-a5f635a1e48d,basketball,somewhat_close,0,1,2,1,0.1,0.21755591,0.22120504
7c66cb3e-43c7-5382-96cc-a5f635a1e48d,basketball,somewhat_close,0,1,3,1,0.1,0.14475863,0.15964389
7c66cb3e-43c7-5382-96cc-a5f635a1e48d,driving,somewhat_close,8,1,0,5,0.5555555555555556,0.33066627,0.3126709
7c66cb3e-43c7-5382-96cc-a5f635a1e48d,driving,somewhat_close,8,1,1,2,0.2222222222222222,0.31550372,0.329562
7c66cb3e-43c7-5382-96cc-a5f635a1e48d,driving,somewhat_close,8,1,2,1,0.1111111111111111,0.212756,0.21199694
7c66cb3e-43c7-5382-96cc-a5f635a1e48d,driving,somewhat_close,8,1,3,1,0.1111111111111111,0.14107409,0.14577018
7c66cb3e-43c7-5382-96cc-a5f635a1e48d,crabs,not_close,5,0,0,4,0.5,0.34133512,0.3294243
7c66cb3e-43c7-5382-96cc-a5f635a1e48d,crabs,not_close,5,0,1,2,0.25,0.3221551,0.36001885
7c66cb3e-43c7-5382-96cc-a5f635a1e48d,crabs,not_close,5,0,2,1,0.125,0.18072298,0.16664708
7c66cb3e-43c7-5382-96cc-a5f635a1e48d,crabs,not_close,5,0,3,1,0.125,0.15578677,0.14390975
7c66cb3e-43c7-5382-96cc-a5f635a1e48d,dip,not_close,6,0,0,4,0.5,0.34664327,0.39242724
7c66cb3e-43c7-5382-96cc-a5f635a1e48d,dip,not_close,6,0,1,2,0.25,0.27114132,0.2466927
7c66cb3e-43c7-5382-96cc-a5f635a1e48d,dip,not_close,6,0,2,1,0.125,0.2222055,0.21824121
7c66cb3e-43c7-5382-96cc-a5f635a1e48d,dip,not_close,6,0,3,1,0.125,0.16000988,0.14263879
7c66cb3e-43c7-5382-96cc-a5f635a1e48d,gala,extremely_close,10,3,0,5,0.3333333333333333,0.37736025,0.27933165
7c66cb3e-43c7-5382-96cc-a5f635a1e48d,gala,extremely_close,10,3,1,5,0.3333333333333333,0.24683172,0.27254456
7c66cb3e-43c7-5382-96cc-a5f635a1e48d,gala,extremely_close,10,3,2,4,0.2666666666666666,0.21063499,0.25221765
7c66cb3e-43c7-5382-96cc-a5f635a1e48d,gala,extremely_close,10,3,3,1,0.0666666666666666,0.165173,0.19590618
7c66cb3e-43c7-5382-96cc-a5f635a1e48d,conference,extremely_close,3,3,0,4,0.3333333333333333,0.3467783,0.3099088
7c66cb3e-43c7-5382-96cc-a5f635a1e48d,conference,extremely_close,3,3,1,6,0.5,0.32602173,0.2874739
7c66cb3e-43c7-5382-96cc-a5f635a1e48d,conference,extremely_close,3,3,2,1,0.0833333333333333,0.1874909,0.2322446
7c66cb3e-43c7-5382-96cc-a5f635a1e48d,conference,extremely_close,3,3,3,1,0.0833333333333333,0.13970904,0.17037268
11d02432-9e52-5d1d-bab8-b1dbe240096c,driving,not_close,8,0,0,7,0.7,0.33066627,0.31951004
11d02432-9e52-5d1d-bab8-b1dbe240096c,driving,not_close,8,0,1,1,0.1,0.31550372,0.3540611
11d02432-9e52-5d1d-bab8-b1dbe240096c,driving,not_close,8,0,2,1,0.1,0.212756,0.19448832
11d02432-9e52-5d1d-bab8-b1dbe240096c,driving,not_close,8,0,3,1,0.1,0.14107409,0.1319406
11d02432-9e52-5d1d-bab8-b1dbe240096c,basketball,not_close,0,0,0,4,0.3636363636363636,0.32619047,0.3810742
11d02432-9e52-5d1d-bab8-b1dbe240096c,basketball,not_close,0,0,1,5,0.4545454545454545,0.31149498,0.33203775
11d02432-9e52-5d1d-bab8-b1dbe240096c,basketball,not_close,0,0,2,1,0.0909090909090909,0.21755591,0.16480143
11d02432-9e52-5d1d-bab8-b1dbe240096c,basketball,not_close,0,0,3,1,0.0909090909090909,0.14475863,0.12208664
11d02432-9e52-5d1d-bab8-b1dbe240096c,drinks,close,7,2,0,3,0.2142857142857142,0.34319648,0.2973132
11d02432-9e52-5d1d-bab8-b1dbe240096c,drinks,close,7,2,1,5,0.3571428571428571,0.26716295,0.27554834
11d02432-9e52-5d1d-bab8-b1dbe240096c,drinks,close,7,2,2,4,0.2857142857142857,0.22266258,0.23582152
11d02432-9e52-5d1d-bab8-b1dbe240096c,drinks,close,7,2,3,2,0.1428571428571428,0.16697805,0.1913169
11d02432-9e52-5d1d-bab8-b1dbe240096c,dip,extremely_close,6,3,0,4,0.25,0.34664327,0.3213163
11d02432-9e52-5d1d-bab8-b1dbe240096c,dip,extremely_close,6,3,1,4,0.25,0.27114132,0.2708203
11d02432-9e52-5d1d-bab8-b1dbe240096c,dip,extremely_close,6,3,2,4,0.25,0.2222055,0.2373023
11d02432-9e52-5d1d-bab8-b1dbe240096c,dip,extremely_close,6,3,3,4,0.25,0.16000988,0.17056109
11d02432-9e52-5d1d-bab8-b1dbe240096c,gala,extremely_close,10,3,0,3,0.1666666666666666,0.37736025,0.27933165
11d02432-9e52-5d1d-bab8-b1dbe240096c,gala,extremely_close,10,3,1,5,0.2777777777777778,0.24683172,0.27254456
11d02432-9e52-5d1d-bab8-b1dbe240096c,gala,extremely_close,10,3,2,5,0.2777777777777778,0.21063499,0.25221765
11d02432-9e52-5d1d-bab8-b1dbe240096c,gala,extremely_close,10,3,3,5,0.2777777777777778,0.165173,0.19590618
11d02432-9e52-5d1d-bab8-b1dbe240096c,conference,close,3,2,0,1,0.0833333333333333,0.3467783,0.3194244
11d02432-9e52-5d1d-bab8-b1dbe240096c,conference,close,3,2,1,6,0.5,0.32602173,0.30460128
11d02432-9e52-5d1d-bab8-b1dbe240096c,conference,close,3,2,2,4,0.3333333333333333,0.1874909,0.22443041
11d02432-9e52-5d1d-bab8-b1dbe240096c,conference,close,3,2,3,1,0.0833333333333333,0.13970904,0.15154389
11d02432-9e52-5d1d-bab8-b1dbe240096c,birthday,somewhat_close,1,1,0,3,0.2,0.33094808,0.309631
11d02432-9e52-5d1d-bab8-b1dbe240096c,birthday,somewhat_close,1,1,1,5,0.3333333333333333,0.31393355,0.31623533
11d02432-9e52-5d1d-bab8-b1dbe240096c,birthday,somewhat_close,1,1,2,4,0.2666666666666666,0.21405,0.23311108
11d02432-9e52-5d1d-bab8-b1dbe240096c,birthday,somewhat_close,1,1,3,3,0.2,0.14106838,0.14102258
11d02432-9e52-5d1d-bab8-b1dbe240096c,soup,close,14,2,0,6,0.6,0.3512944,0.3422157
11d02432-9e52-5d1d-bab8-b1dbe240096c,soup,close,14,2,1,2,0.2,0.31583798,0.29969218
11d02432-9e52-5d1d-bab8-b1dbe240096c,soup,close,14,2,2,1,0.1,0.18198796,0.19644682
11d02432-9e52-5d1d-bab8-b1dbe240096c,soup,close,14,2,3,1,0.1,0.15087959,0.16164538
11d02432-9e52-5d1d-bab8-b1dbe240096c,fair,extremely_close,9,3,0,4,0.2666666666666666,0.3399395,0.32443607
11d02432-9e52-5d1d-bab8-b1dbe240096c,fair,extremely_close,9,3,1,7,0.4666666666666667,0.32053334,0.2984974
11d02432-9e52-5d1d-bab8-b1dbe240096c,fair,extremely_close,9,3,2,3,0.2,0.20100063,0.20797278
11d02432-9e52-5d1d-bab8-b1dbe240096c,fair,extremely_close,9,3,3,1,0.0666666666666666,0.1385266,0.16909374
11d02432-9e52-5d1d-bab8-b1dbe240096c,hike,not_close,11,0,0,7,0.5,0.3467728,0.3642791
11d02432-9e52-5d1d-bab8-b1dbe240096c,hike,not_close,11,0,1,3,0.2142857142857142,0.3240307,0.31677198
11d02432-9e52-5d1d-bab8-b1dbe240096c,hike,not_close,11,0,2,3,0.2142857142857142,0.19134435,0.1780148
11d02432-9e52-5d1d-bab8-b1dbe240096c,hike,not_close,11,0,3,1,0.0714285714285714,0.13785222,0.1409341
11d02432-9e52-5d1d-bab8-b1dbe240096c,wedding,somewhat_close,15,1,0,4,0.2666666666666666,0.31908587,0.32673198
11d02432-9e52-5d1d-bab8-b1dbe240096c,wedding,somewhat_close,15,1,1,5,0.3333333333333333,0.29837966,0.2921303
11d02432-9e52-5d1d-bab8-b1dbe240096c,wedding,somewhat_close,15,1,2,4,0.2666666666666666,0.23396881,0.23820917
11d02432-9e52-5d1d-bab8-b1dbe240096c,wedding,somewhat_close,15,1,3,2,0.1333333333333333,0.14856559,0.14292857
11d02432-9e52-5d1d-bab8-b1dbe240096c,brunch,somewhat_close,2,1,0,4,0.25,0.31266126,0.3116763
11d02432-9e52-5d1d-bab8-b1dbe240096c,brunch,somewhat_close,2,1,1,5,0.3125,0.29284903,0.27925918
11d02432-9e52-5d1d-bab8-b1dbe240096c,brunch,somewhat_close,2,1,2,5,0.3125,0.22538273,0.23974313
11d02432-9e52-5d1d-bab8-b1dbe240096c,brunch,somewhat_close,2,1,3,2,0.125,0.1691069,0.16932139
11d02432-9e52-5d1d-bab8-b1dbe240096c,cooking,somewhat_close,4,1,0,4,0.3333333333333333,0.3350411,0.302899
11d02432-9e52-5d1d-bab8-b1dbe240096c,cooking,somewhat_close,4,1,1,4,0.3333333333333333,0.301432,0.3137101
11d02432-9e52-5d1d-bab8-b1dbe240096c,cooking,somewhat_close,4,1,2,2,0.1666666666666666,0.2060558,0.21770318
11d02432-9e52-5d1d-bab8-b1dbe240096c,cooking,somewhat_close,4,1,3,2,0.1666666666666666,0.15747108,0.16568774
11d02432-9e52-5d1d-bab8-b1dbe240096c,social,not_close,13,0,0,4,0.5714285714285714,0.40185055,0.42380705
11d02432-9e52-5d1d-bab8-b1dbe240096c,social,not_close,13,0,1,1,0.1428571428571428,0.2581625,0.2471482
11d02432-9e52-5d1d-bab8-b1dbe240096c,social,not_close,13,0,2,1,0.1428571428571428,0.1958849,0.1846005
11d02432-9e52-5d1d-bab8-b1dbe240096c,social,not_close,13,0,3,1,0.1428571428571428,0.14410202,0.14444424
11d02432-9e52-5d1d-bab8-b1dbe240096c,oysters,close,12,2,0,4,0.4,0.35450813,0.32386693
11d02432-9e52-5d1d-bab8-b1dbe240096c,oysters,close,12,2,1,4,0.4,0.30145344,0.29327434
11d02432-9e52-5d1d-bab8-b1dbe240096c,oysters,close,12,2,2,1,0.1,0.19799377,0.21184032
11d02432-9e52-5d1d-bab8-b1dbe240096c,oysters,close,12,2,3,1,0.1,0.14604472,0.17101833
11d02432-9e52-5d1d-bab8-b1dbe240096c,crabs,extremely_close,5,3,0,6,0.5,0.34133512,0.32297945
11d02432-9e52-5d1d-bab8-b1dbe240096c,crabs,extremely_close,5,3,1,4,0.3333333333333333,0.3221551,0.30443525
11d02432-9e52-5d1d-bab8-b1dbe240096c,crabs,extremely_close,5,3,2,1,0.0833333333333333,0.18072298,0.18565442
11d02432-9e52-5d1d-bab8-b1dbe240096c,crabs,extremely_close,5,3,3,1,0.0833333333333333,0.15578677,0.18693084
5013816e-c315-53f7-9654-c385e8036580,social,somewhat_close,13,1,0,7,0.7,0.40185055,0.3780521
5013816e-c315-53f7-9654-c385e8036580,social,somewhat_close,13,1,1,1,0.1,0.2581625,0.25415382
5013816e-c315-53f7-9654-c385e8036580,social,somewhat_close,13,1,2,1,0.1,0.1958849,0.20883785
5013816e-c315-53f7-9654-c385e8036580,social,somewhat_close,13,1,3,1,0.1,0.14410202,0.15895618
5013816e-c315-53f7-9654-c385e8036580,dip,extremely_close,6,3,0,7,0.3181818181818182,0.34664327,0.3213163
5013816e-c315-53f7-9654-c385e8036580,dip,extremely_close,6,3,1,7,0.3181818181818182,0.27114132,0.2708203
5013816e-c315-53f7-9654-c385e8036580,dip,extremely_close,6,3,2,6,0.2727272727272727,0.2222055,0.2373023
5013816e-c315-53f7-9654-c385e8036580,dip,extremely_close,6,3,3,2,0.0909090909090909,0.16000988,0.17056109
5013816e-c315-53f7-9654-c385e8036580,driving,not_close,8,0,0,6,0.4615384615384615,0.33066627,0.31951004
5013816e-c315-53f7-9654-c385e8036580,driving,not_close,8,0,1,5,0.3846153846153846,0.31550372,0.3540611
5013816e-c315-53f7-9654-c385e8036580,driving,not_close,8,0,2,1,0.0769230769230769,0.212756,0.19448832
5013816e-c315-53f7-9654-c385e8036580,driving,not_close,8,0,3,1,0.0769230769230769,0.14107409,0.1319406
5013816e-c315-53f7-9654-c385e8036580,conference,close,3,2,0,5,0.3333333333333333,0.3467783,0.3194244
5013816e-c315-53f7-9654-c385e8036580,conference,close,3,2,1,7,0.4666666666666667,0.32602173,0.30460128
5013816e-c315-53f7-9654-c385e8036580,conference,close,3,2,2,2,0.1333333333333333,0.1874909,0.22443041
5013816e-c315-53f7-9654-c385e8036580,conference,close,3,2,3,1,0.0666666666666666,0.13970904,0.15154389
5013816e-c315-53f7-9654-c385e8036580,basketball,not_close,0,0,0,6,0.4,0.32619047,0.3810742
5013816e-c315-53f7-9654-c385e8036580,basketball,not_close,0,0,1,7,0.4666666666666667,0.31149498,0.33203775
5013816e-c315-53f7-9654-c385e8036580,basketball,not_close,0,0,2,1,0.0666666666666666,0.21755591,0.16480143
5013816e-c315-53f7-9654-c385e8036580,basketball,not_close,0,0,3,1,0.0666666666666666,0.14475863,0.12208664
5013816e-c315-53f7-9654-c385e8036580,birthday,not_close,1,0,0,7,0.5833333333333334,0.33094808,0.35584754
5013816e-c315-53f7-9654-c385e8036580,birthday,not_close,1,0,1,3,0.25,0.31393355,0.31760582
5013816e-c315-53f7-9654-c385e8036580,birthday,not_close,1,0,2,1,0.0833333333333333,0.21405,0.1876142
5013816e-c315-53f7-9654-c385e8036580,birthday,not_close,1,0,3,1,0.0833333333333333,0.14106838,0.13893244
5013816e-c315-53f7-9654-c385e8036580,crabs,extremely_close,5,3,0,2,0.1176470588235294,0.34133512,0.32297945
5013816e-c315-53f7-9654-c385e8036580,crabs,extremely_close,5,3,1,7,0.4117647058823529,0.3221551,0.30443525
5013816e-c315-53f7-9654-c385e8036580,crabs,extremely_close,5,3,2,5,0.2941176470588235,0.18072298,0.18565442
5013816e-c315-53f7-9654-c385e8036580,crabs,extremely_close,5,3,3,3,0.1764705882352941,0.15578677,0.18693084
5013816e-c315-53f7-9654-c385e8036580,cooking,somewhat_close,4,1,0,1,0.0769230769230769,0.3350411,0.302899
5013816e-c315-53f7-9654-c385e8036580,cooking,somewhat_close,4,1,1,7,0.5384615384615384,0.301432,0.3137101
5013816e-c315-53f7-9654-c385e8036580,cooking,somewhat_close,4,1,2,3,0.2307692307692307,0.2060558,0.21770318
5013816e-c315-53f7-9654-c385e8036580,cooking,somewhat_close,4,1,3,2,0.1538461538461538,0.15747108,0.16568774
5013816e-c315-53f7-9654-c385e8036580,hike,somewhat_close,11,1,0,6,0.4,0.3467728,0.33041134
5013816e-c315-53f7-9654-c385e8036580,hike,somewhat_close,11,1,1,7,0.4666666666666667,0.3240307,0.31247446
5013816e-c315-53f7-9654-c385e8036580,hike,somewhat_close,11,1,2,1,0.0666666666666666,0.19134435,0.20020384
5013816e-c315-53f7-9654-c385e8036580,hike,somewhat_close,11,1,3,1,0.0666666666666666,0.13785222,0.15691037
5013816e-c315-53f7-9654-c385e8036580,gala,close,10,2,0,3,0.1764705882352941,0.37736025,0.30581924
5013816e-c315-53f7-9654-c385e8036580,gala,close,10,2,1,7,0.4117647058823529,0.24683172,0.27153325
5013816e-c315-53f7-9654-c385e8036580,gala,close,10,2,2,5,0.2941176470588235,0.21063499,0.2401309
5013816e-c315-53f7-9654-c385e8036580,gala,close,10,2,3,2,0.1176470588235294,0.165173,0.18251657
5013816e-c315-53f7-9654-c385e8036580,soup,extremely_close,14,3,0,7,0.5833333333333334,0.3512944,0.31738377
5013816e-c315-53f7-9654-c385e8036580,soup,extremely_close,14,3,1,2,0.1666666666666666,0.31583798,0.29048625
5013816e-c315-53f7-9654-c385e8036580,soup,extremely_close,14,3,2,2,0.1666666666666666,0.18198796,0.21168596
5013816e-c315-53f7-9654-c385e8036580,soup,extremely_close,14,3,3,1,0.0833333333333333,0.15087959,0.18044408
5013816e-c315-53f7-9654-c385e8036580,oysters,somewhat_close,12,1,0,6,0.4615384615384615,0.35450813,0.34644595
5013816e-c315-53f7-9654-c385e8036580,oysters,somewhat_close,12,1,1,5,0.3846153846153846,0.30145344,0.29076707
5013816e-c315-53f7-9654-c385e8036580,oysters,somewhat_close,12,1,2,1,0.0769230769230769,0.19799377,0.20686175
5013816e-c315-53f7-9654-c385e8036580,oysters,somewhat_close,12,1,3,1,0.0769230769230769,0.14604472,0.1559252
5013816e-c315-53f7-9654-c385e8036580,drinks,extremely_close,7,3,0,1,0.0714285714285714,0.34319648,0.24337234
5013816e-c315-53f7-9654-c385e8036580,drinks,extremely_close,7,3,1,2,0.1428571428571428,0.26716295,0.29073274
5013816e-c315-53f7-9654-c385e8036580,drinks,extremely_close,7,3,2,7,0.5,0.22266258,0.22844173
5013816e-c315-53f7-9654-c385e8036580,drinks,extremely_close,7,3,3,4,0.2857142857142857,0.16697805,0.23745316
5013816e-c315-53f7-9654-c385e8036580,wedding,close,15,2,0,7,0.4117647058823529,0.31908587,0.30511737
5013816e-c315-53f7-9654-c385e8036580,wedding,close,15,2,1,2,0.1176470588235294,0.29837966,0.2728047
5013816e-c315-53f7-9654-c385e8036580,wedding,close,15,2,2,5,0.2941176470588235,0.23396881,0.2473037
5013816e-c315-53f7-9654-c385e8036580,wedding,close,15,2,3,3,0.1764705882352941,0.14856559,0.17477417
5013816e-c315-53f7-9654-c385e8036580,brunch,close,2,2,0,6,0.2608695652173913,0.31266126,0.2922043
5013816e-c315-53f7-9654-c385e8036580,brunch,close,2,2,1,7,0.3043478260869565,0.29284903,0.27890328
5013816e-c315-53f7-9654-c385e8036580,brunch,close,2,2,2,5,0.217391304347826,0.22538273,0.2363917
5013816e-c315-53f7-9654-c385e8036580,brunch,close,2,2,3,5,0.217391304347826,0.1691069,0.19250078
5013816e-c315-53f7-9654-c385e8036580,fair,not_close,9,0,0,7,0.6363636363636364,0.3399395,0.33449876
5013816e-c315-53f7-9654-c385e8036580,fair,not_close,9,0,1,2,0.1818181818181818,0.32053334,0.3437535
5013816e-c315-53f7-9654-c385e8036580,fair,not_close,9,0,2,1,0.0909090909090909,0.20100063,0.1889061
5013816e-c315-53f7-9654-c385e8036580,fair,not_close,9,0,3,1,0.0909090909090909,0.1385266,0.13284165
dbf143f1-dbcb-558a-864a-97951069f058,brunch,extremely_close,2,3,0,5,0.238095238095238,0.31266126,0.26310802
dbf143f1-dbcb-558a-864a-97951069f058,brunch,extremely_close,2,3,1,5,0.238095238095238,0.29284903,0.27545908
dbf143f1-dbcb-558a-864a-97951069f058,brunch,extremely_close,2,3,2,6,0.2857142857142857,0.22538273,0.24720623
dbf143f1-dbcb-558a-864a-97951069f058,brunch,extremely_close,2,3,3,5,0.238095238095238,0.1691069,0.21422674
dbf143f1-dbcb-558a-864a-97951069f058,oysters,somewhat_close,12,1,0,5,0.3846153846153846,0.35450813,0.34644595
dbf143f1-dbcb-558a-864a-97951069f058,oysters,somewhat_close,12,1,1,3,0.2307692307692307,0.30145344,0.29076707
dbf143f1-dbcb-558a-864a-97951069f058,oysters,somewhat_close,12,1,2,2,0.1538461538461538,0.19799377,0.20686175
dbf143f1-dbcb-558a-864a-97951069f058,oysters,somewhat_close,12,1,3,3,0.2307692307692307,0.14604472,0.1559252
dbf143f1-dbcb-558a-864a-97951069f058,hike,not_close,11,0,0,6,0.6,0.3467728,0.3642791
dbf143f1-dbcb-558a-864a-97951069f058,hike,not_close,11,0,1,2,0.2,0.3240307,0.31677198
dbf143f1-dbcb-558a-864a-97951069f058,hike,not_close,11,0,2,1,0.1,0.19134435,0.1780148
dbf143f1-dbcb-558a-864a-97951069f058,hike,not_close,11,0,3,1,0.1,0.13785222,0.1409341
dbf143f1-dbcb-558a-864a-97951069f058,driving,not_close,8,0,0,5,0.3571428571428571,0.33066627,0.31951004
dbf143f1-dbcb-558a-864a-97951069f058,driving,not_close,8,0,1,6,0.4285714285714285,0.31550372,0.3540611
dbf143f1-dbcb-558a-864a-97951069f058,driving,not_close,8,0,2,2,0.1428571428571428,0.212756,0.19448832
dbf143f1-dbcb-558a-864a-97951069f058,driving,not_close,8,0,3,1,0.0714285714285714,0.14107409,0.1319406
dbf143f1-dbcb-558a-864a-97951069f058,birthday,somewhat_close,1,1,0,7,0.4117647058823529,0.33094808,0.309631
dbf143f1-dbcb-558a-864a-97951069f058,birthday,somewhat_close,1,1,1,3,0.1764705882352941,0.31393355,0.31623533
dbf143f1-dbcb-558a-864a-97951069f058,birthday,somewhat_close,1,1,2,5,0.2941176470588235,0.21405,0.23311108
dbf143f1-dbcb-558a-864a-97951069f058,birthday,somewhat_close,1,1,3,2,0.1176470588235294,0.14106838,0.14102258
dbf143f1-dbcb-558a-864a-97951069f058,fair,extremely_close,9,3,0,3,0.2142857142857142,0.3399395,0.32443607
dbf143f1-dbcb-558a-864a-97951069f058,fair,extremely_close,9,3,1,1,0.0714285714285714,0.32053334,0.2984974
dbf143f1-dbcb-558a-864a-97951069f058,fair,extremely_close,9,3,2,5,0.3571428571428571,0.20100063,0.20797278
dbf143f1-dbcb-558a-864a-97951069f058,fair,extremely_close,9,3,3,5,0.3571428571428571,0.1385266,0.16909374
dbf143f1-dbcb-558a-864a-97951069f058,conference,close,3,2,0,5,0.2777777777777778,0.3467783,0.3194244
dbf143f1-dbcb-558a-864a-97951069f058,conference,close,3,2,1,6,0.3333333333333333,0.32602173,0.30460128
dbf143f1-dbcb-558a-864a-97951069f058,conference,close,3,2,2,5,0.2777777777777778,0.1874909,0.22443041
dbf143f1-dbcb-558a-864a-97951069f058,conference,close,3,2,3,2,0.1111111111111111,0.13970904,0.15154389
dbf143f1-dbcb-558a-864a-97951069f058,dip,close,6,2,0,3,0.2307692307692307,0.34664327,0.33677724
dbf143f1-dbcb-558a-864a-97951069f058,dip,close,6,2,1,5,0.3846153846153846,0.27114132,0.28138566
dbf143f1-dbcb-558a-864a-97951069f058,dip,close,6,2,2,3,0.2307692307692307,0.2222055,0.22993708
dbf143f1-dbcb-558a-864a-97951069f058,dip,close,6,2,3,2,0.1538461538461538,0.16000988,0.15190005
dbf143f1-dbcb-558a-864a-97951069f058,soup,somewhat_close,14,1,0,7,0.5833333333333334,0.3512944,0.33787718
dbf143f1-dbcb-558a-864a-97951069f058,soup,somewhat_close,14,1,1,2,0.1666666666666666,0.31583798,0.30691224
dbf143f1-dbcb-558a-864a-97951069f058,soup,somewhat_close,14,1,2,2,0.1666666666666666,0.18198796,0.19641732
dbf143f1-dbcb-558a-864a-97951069f058,soup,somewhat_close,14,1,3,1,0.0833333333333333,0.15087959,0.15879321
dbf143f1-dbcb-558a-864a-97951069f058,gala,extremely_close,10,3,0,3,0.1363636363636363,0.37736025,0.27933165
dbf143f1-dbcb-558a-864a-97951069f058,gala,extremely_close,10,3,1,7,0.3181818181818182,0.24683172,0.27254456
dbf143f1-dbcb-558a-864a-97951069f058,gala,extremely_close,10,3,2,7,0.3181818181818182,0.21063499,0.25221765
dbf143f1-dbcb-558a-864a-97951069f058,gala,extremely_close,10,3,3,5,0.2272727272727272,0.165173,0.19590618
dbf143f1-dbcb-558a-864a-97951069f058,drinks,extremely_close,7,3,0,5,0.2777777777777778,0.34319648,0.24337234
dbf143f1-dbcb-558a-864a-97951069f058,drinks,extremely_close,7,3,1,5,0.2777777777777778,0.26716295,0.29073274
dbf143f1-dbcb-558a-864a-97951069f058,drinks,extremely_close,7,3,2,3,0.1666666666666666,0.22266258,0.22844173
dbf143f1-dbcb-558a-864a-97951069f058,drinks,extremely_close,7,3,3,5,0.2777777777777778,0.16697805,0.23745316
dbf143f1-dbcb-558a-864a-97951069f058,social,close,13,2,0,5,0.2777777777777778,0.40185055,0.3784892
dbf143f1-dbcb-558a-864a-97951069f058,social,close,13,2,1,5,0.2777777777777778,0.2581625,0.26476493
dbf143f1-dbcb-558a-864a-97951069f058,social,close,13,2,2,5,0.2777777777777778,0.1958849,0.20696187
dbf143f1-dbcb-558a-864a-97951069f058,social,close,13,2,3,3,0.1666666666666666,0.14410202,0.14978395
dbf143f1-dbcb-558a-864a-97951069f058,wedding,not_close,15,0,0,7,0.5,0.31908587,0.34685898
dbf143f1-dbcb-558a-864a-97951069f058,wedding,not_close,15,0,1,3,0.2142857142857142,0.29837966,0.30831352
dbf143f1-dbcb-558a-864a-97951069f058,wedding,not_close,15,0,2,3,0.2142857142857142,0.23396881,0.22699372
dbf143f1-dbcb-558a-864a-97951069f058,wedding,not_close,15,0,3,1,0.0714285714285714,0.14856559,0.11783374
dbf143f1-dbcb-558a-864a-97951069f058,basketball,not_close,0,0,0,6,0.6,0.32619047,0.3810742
dbf143f1-dbcb-558a-864a-97951069f058,basketball,not_close,0,0,1,1,0.1,0.31149498,0.33203775
dbf143f1-dbcb-558a-864a-97951069f058,basketball,not_close,0,0,2,2,0.2,0.21755591,0.16480143
dbf143f1-dbcb-558a-864a-97951069f058,basketball,not_close,0,0,3,1,0.1,0.14475863,0.12208664
dbf143f1-dbcb-558a-864a-97951069f058,cooking,somewhat_close,4,1,0,2,0.125,0.3350411,0.302899
dbf143f1-dbcb-558a-864a-97951069f058,cooking,somewhat_close,4,1,1,7,0.4375,0.301432,0.3137101
dbf143f1-dbcb-558a-864a-97951069f058,cooking,somewhat_close,4,1,2,5,0.3125,0.2060558,0.21770318
dbf143f1-dbcb-558a-864a-97951069f058,cooking,somewhat_close,4,1,3,2,0.125,0.15747108,0.16568774
dbf143f1-dbcb-558a-864a-97951069f058,crabs,close,5,2,0,3,0.1764705882352941,0.34133512,0.3152678
dbf143f1-dbcb-558a-864a-97951069f058,crabs,close,5,2,1,6,0.3529411764705882,0.3221551,0.32385492
dbf143f1-dbcb-558a-864a-97951069f058,crabs,close,5,2,2,5,0.2941176470588235,0.18072298,0.19468644
dbf143f1-dbcb-558a-864a-97951069f058,crabs,close,5,2,3,3,0.1764705882352941,0.15578677,0.16619082
0b4d4b10-87b0-505c-afc3-fc0cd0f9964b,social,close,13,2,0,5,0.3846153846153846,0.40185055,0.3784892
0b4d4b10-87b0-505c-afc3-fc0cd0f9964b,social,close,13,2,1,2,0.1538461538461538,0.2581625,0.26476493
0b4d4b10-87b0-505c-afc3-fc0cd0f9964b,social,close,13,2,2,3,0.2307692307692307,0.1958849,0.20696187
0b4d4b10-87b0-505c-afc3-fc0cd0f9964b,social,close,13,2,3,3,0.2307692307692307,0.14410202,0.14978395
0b4d4b10-87b0-505c-afc3-fc0cd0f9964b,drinks,extremely_close,7,3,0,1,0.1,0.34319648,0.24337234
0b4d4b10-87b0-505c-afc3-fc0cd0f9964b,drinks,extremely_close,7,3,1,2,0.2,0.26716295,0.29073274
0b4d4b10-87b0-505c-afc3-fc0cd0f9964b,drinks,extremely_close,7,3,2,2,0.2,0.22266258,0.22844173
0b4d4b10-87b0-505c-afc3-fc0cd0f9964b,drinks,extremely_close,7,3,3,5,0.5,0.16697805,0.23745316
0b4d4b10-87b0-505c-afc3-fc0cd0f9964b,driving,not_close,8,0,0,6,0.4615384615384615,0.33066627,0.31951004
0b4d4b10-87b0-505c-afc3-fc0cd0f9964b,driving,not_close,8,0,1,4,0.3076923076923077,0.31550372,0.3540611
0b4d4b10-87b0-505c-afc3-fc0cd0f9964b,driving,not_close,8,0,2,2,0.1538461538461538,0.212756,0.19448832
0b4d4b10-87b0-505c-afc3-fc0cd0f9964b,driving,not_close,8,0,3,1,0.0769230769230769,0.14107409,0.1319406
0b4d4b10-87b0-505c-afc3-fc0cd0f9964b,hike,close,11,2,0,6,0.4615384615384615,0.3467728,0.31535208
0b4d4b10-87b0-505c-afc3-fc0cd0f9964b,hike,close,11,2,1,4,0.3076923076923077,0.3240307,0.3006642
0b4d4b10-87b0-505c-afc3-fc0cd0f9964b,hike,close,11,2,2,2,0.1538461538461538,0.19134435,0.20856297
0b4d4b10-87b0-505c-afc3-fc0cd0f9964b,hike,close,11,2,3,1,0.0769230769230769,0.13785222,0.17542079
0b4d4b10-87b0-505c-afc3-fc0cd0f9964b,conference,extremely_close,3,3,0,2,0.1333333333333333,0.3467783,0.3099088
0b4d4b10-87b0-505c-afc3-fc0cd0f9964b,conference,extremely_close,3,3,1,4,0.2666666666666666,0.32602173,0.2874739
0b4d4b10-87b0-505c-afc3-fc0cd0f9964b,conference,extremely_close,3,3,2,6,0.4,0.1874909,0.2322446
0b4d4b10-87b0-505c-afc3-fc0cd0f9964b,conference,extremely_close,3,3,3,3,0.2,0.13970904,0.17037268
0b4d4b10-87b0-505c-afc3-fc0cd0f9964b,brunch,close,2,2,0,3,0.1764705882352941,0.31266126,0.2922043
0b4d4b10-87b0-505c-afc3-fc0cd0f9964b,brunch,close,2,2,1,6,0.3529411764705882,0.29284903,0.27890328
0b4d4b10-87b0-505c-afc3-fc0cd0f9964b,brunch,close,2,2,2,5,0.2941176470588235,0.22538273,0.2363917
0b4d4b10-87b0-505c-afc3-fc0cd0f9964b,brunch,close,2,2,3,3,0.1764705882352941,0.1691069,0.19250078
0b4d4b10-87b0-505c-afc3-fc0cd0f9964b,oysters,close,12,2,0,3,0.2307692307692307,0.35450813,0.32386693
0b4d4b10-87b0-505c-afc3-fc0cd0f9964b,oysters,close,12,2,1,6,0.4615384615384615,0.30145344,0.29327434
0b4d4b10-87b0-505c-afc3-fc0cd0f9964b,oysters,close,12,2,2,3,0.2307692307692307,0.19799377,0.21184032
0b4d4b10-87b0-505c-afc3-fc0cd0f9964b,oysters,close,12,2,3,1,0.0769230769230769,0.14604472,0.17101833
0b4d4b10-87b0-505c-afc3-fc0cd0f9964b,dip,not_close,6,0,0,3,0.375,0.34664327,0.39242724
0b4d4b10-87b0-505c-afc3-fc0cd0f9964b,dip,not_close,6,0,1,2,0.25,0.27114132,0.2466927
0b4d4b10-87b0-505c-afc3-fc0cd0f9964b,dip,not_close,6,0,2,2,0.25,0.2222055,0.21824121
0b4d4b10-87b0-505c-afc3-fc0cd0f9964b,dip,not_close,6,0,3,1,0.125,0.16000988,0.14263879
0b4d4b10-87b0-505c-afc3-fc0cd0f9964b,wedding,extremely_close,15,3,0,5,0.25,0.31908587,0.2974841
0b4d4b10-87b0-505c-afc3-fc0cd0f9964b,wedding,extremely_close,15,3,1,5,0.25,0.29837966,0.27377465
0b4d4b10-87b0-505c-afc3-fc0cd0f9964b,wedding,extremely_close,15,3,2,4,0.2,0.23396881,0.24111676
0b4d4b10-87b0-505c-afc3-fc0cd0f9964b,wedding,extremely_close,15,3,3,6,0.3,0.14856559,0.18762444
0b4d4b10-87b0-505c-afc3-fc0cd0f9964b,gala,extremely_close,10,3,0,1,0.0555555555555555,0.37736025,0.27933165
0b4d4b10-87b0-505c-afc3-fc0cd0f9964b,gala,extremely_close,10,3,1,7,0.3888888888888889,0.24683172,0.27254456
0b4d4b10-87b0-505c-afc3-fc0cd0f9964b,gala,extremely_close,10,3,2,6,0.3333333333333333,0.21063499,0.25221765
0b4d4b10-87b0-505c-afc3-fc0cd0f9964b,gala,extremely_close,10,3,3,4,0.2222222222222222,0.165173,0.19590618
0b4d4b10-87b0-505c-afc3-fc0cd0f9964b,cooking,somewhat_close,4,1,0,2,0.1111111111111111,0.3350411,0.302899
0b4d4b10-87b0-505c-afc3-fc0cd0f9964b,cooking,somewhat_close,4,1,1,7,0.3888888888888889,0.301432,0.3137101
0b4d4b10-87b0-505c-afc3-fc0cd0f9964b,cooking,somewhat_close,4,1,2,6,0.3333333333333333,0.2060558,0.21770318
0b4d4b10-87b0-505c-afc3-fc0cd0f9964b,cooking,somewhat_close,4,1,3,3,0.1666666666666666,0.15747108,0.16568774
0b4d4b10-87b0-505c-afc3-fc0cd0f9964b,basketball,somewhat_close,0,1,0,4,0.3333333333333333,0.32619047,0.31074163
0b4d4b10-87b0-505c-afc3-fc0cd0f9964b,basketball,somewhat_close,0,1,1,3,0.25,0.31149498,0.30840942
0b4d4b10-87b0-505c-afc3-fc0cd0f9964b,basketball,somewhat_close,0,1,2,3,0.25,0.21755591,0.22120504
0b4d4b10-87b0-505c-afc3-fc0cd0f9964b,basketball,somewhat_close,0,1,3,2,0.1666666666666666,0.14475863,0.15964389
0b4d4b10-87b0-505c-afc3-fc0cd0f9964b,crabs,not_close,5,0,0,7,0.4117647058823529,0.34133512,0.3294243
0b4d4b10-87b0-505c-afc3-fc0cd0f9964b,crabs,not_close,5,0,1,5,0.2941176470588235,0.3221551,0.36001885
0b4d4b10-87b0-505c-afc3-fc0cd0f9964b,crabs,not_close,5,0,2,3,0.1764705882352941,0.18072298,0.16664708
0b4d4b10-87b0-505c-afc3-fc0cd0f9964b,crabs,not_close,5,0,3,2,0.1176470588235294,0.15578677,0.14390975
0b4d4b10-87b0-505c-afc3-fc0cd0f9964b,soup,not_close,14,0,0,7,0.4666666666666667,0.3512944,0.3687841
0b4d4b10-87b0-505c-afc3-fc0cd0f9964b,soup,not_close,14,0,1,3,0.2,0.31583798,0.32352978
0b4d4b10-87b0-505c-afc3-fc0cd0f9964b,soup,not_close,14,0,2,3,0.2,0.18198796,0.17495361
0b4d4b10-87b0-505c-afc3-fc0cd0f9964b,soup,not_close,14,0,3,2,0.1333333333333333,0.15087959,0.13273244
0b4d4b10-87b0-505c-afc3-fc0cd0f9964b,birthday,somewhat_close,1,1,0,5,0.2777777777777778,0.33094808,0.309631
0b4d4b10-87b0-505c-afc3-fc0cd0f9964b,birthday,somewhat_close,1,1,1,4,0.2222222222222222,0.31393355,0.31623533
0b4d4b10-87b0-505c-afc3-fc0cd0f9964b,birthday,somewhat_close,1,1,2,5,0.2777777777777778,0.21405,0.23311108
0b4d4b10-87b0-505c-afc3-fc0cd0f9964b,birthday,somewhat_close,1,1,3,4,0.2222222222222222,0.14106838,0.14102258
0b4d4b10-87b0-505c-afc3-fc0cd0f9964b,fair,somewhat_close,9,1,0,5,0.2777777777777778,0.3399395,0.29991916
0b4d4b10-87b0-505c-afc3-fc0cd0f9964b,fair,somewhat_close,9,1,1,4,0.2222222222222222,0.32053334,0.31271672
0b4d4b10-87b0-505c-afc3-fc0cd0f9964b,fair,somewhat_close,9,1,2,5,0.2777777777777778,0.20100063,0.22270054
0b4d4b10-87b0-505c-afc3-fc0cd0f9964b,fair,somewhat_close,9,1,3,4,0.2222222222222222,0.1385266,0.16466357
2c9fead8-57d2-56ff-b426-76677bd41f94,oysters,close,12,2,0,2,0.1176470588235294,0.35450813,0.32386693
2c9fead8-57d2-56ff-b426-76677bd41f94,oysters,close,12,2,1,6,0.3529411764705882,0.30145344,0.29327434
2c9fead8-57d2-56ff-b426-76677bd41f94,oysters,close,12,2,2,5,0.2941176470588235,0.19799377,0.21184032
2c9fead8-57d2-56ff-b426-76677bd41f94,oysters,close,12,2,3,4,0.2352941176470588,0.14604472,0.17101833
2c9fead8-57d2-56ff-b426-76677bd41f94,social,not_close,13,0,0,5,0.4545454545454545,0.40185055,0.42380705
2c9fead8-57d2-56ff-b426-76677bd41f94,social,not_close,13,0,1,2,0.1818181818181818,0.2581625,0.2471482
2c9fead8-57d2-56ff-b426-76677bd41f94,social,not_close,13,0,2,3,0.2727272727272727,0.1958849,0.1846005
2c9fead8-57d2-56ff-b426-76677bd41f94,social,not_close,13,0,3,1,0.0909090909090909,0.14410202,0.14444424
2c9fead8-57d2-56ff-b426-76677bd41f94,soup,extremely_close,14,3,0,7,0.5833333333333334,0.3512944,0.31738377
2c9fead8-57d2-56ff-b426-76677bd41f94,soup,extremely_close,14,3,1,2,0.1666666666666666,0.31583798,0.29048625
2c9fead8-57d2-56ff-b426-76677bd41f94,soup,extremely_close,14,3,2,2,0.1666666666666666,0.18198796,0.21168596
2c9fead8-57d2-56ff-b426-76677bd41f94,soup,extremely_close,14,3,3,1,0.0833333333333333,0.15087959,0.18044408
2c9fead8-57d2-56ff-b426-76677bd41f94,dip,not_close,6,0,0,7,0.7,0.34664327,0.39242724
2c9fead8-57d2-56ff-b426-76677bd41f94,dip,not_close,6,0,1,1,0.1,0.27114132,0.2466927
2c9fead8-57d2-56ff-b426-76677bd41f94,dip,not_close,6,0,2,1,0.1,0.2222055,0.21824121
2c9fead8-57d2-56ff-b426-76677bd41f94,dip,not_close,6,0,3,1,0.1,0.16000988,0.14263879
2c9fead8-57d2-56ff-b426-76677bd41f94,birthday,extremely_close,1,3,0,1,0.05,0.33094808,0.29339695
2c9fead8-57d2-56ff-b426-76677bd41f94,birthday,extremely_close,1,3,1,6,0.3,0.31393355,0.28846595
2c9fead8-57d2-56ff-b426-76677bd41f94,birthday,extremely_close,1,3,2,6,0.3,0.21405,0.24154752
2c9fead8-57d2-56ff-b426-76677bd41f94,birthday,extremely_close,1,3,3,7,0.35,0.14106838,0.1765896
2c9fead8-57d2-56ff-b426-76677bd41f94,fair,somewhat_close,9,1,0,6,0.3333333333333333,0.3399395,0.29991916
2c9fead8-57d2-56ff-b426-76677bd41f94,fair,somewhat_close,9,1,1,5,0.2777777777777778,0.32053334,0.31271672
2c9fead8-57d2-56ff-b426-76677bd41f94,fair,somewhat_close,9,1,2,6,0.3333333333333333,0.20100063,0.22270054
2c9fead8-57d2-56ff-b426-76677bd41f94,fair,somewhat_close,9,1,3,1,0.0555555555555555,0.1385266,0.16466357
2c9fead8-57d2-56ff-b426-76677bd41f94,crabs,not_close,5,0,0,6,0.4285714285714285,0.34133512,0.3294243
2c9fead8-57d2-56ff-b426-76677bd41f94,crabs,not_close,5,0,1,5,0.3571428571428571,0.3221551,0.36001885
2c9fead8-57d2-56ff-b426-76677bd41f94,crabs,not_close,5,0,2,1,0.0714285714285714,0.18072298,0.16664708
2c9fead8-57d2-56ff-b426-76677bd41f94,crabs,not_close,5,0,3,2,0.1428571428571428,0.15578677,0.14390975
2c9fead8-57d2-56ff-b426-76677bd41f94,conference,extremely_close,3,3,0,2,0.1,0.3467783,0.3099088
2c9fead8-57d2-56ff-b426-76677bd41f94,conference,extremely_close,3,3,1,5,0.25,0.32602173,0.2874739
2c9fead8-57d2-56ff-b426-76677bd41f94,conference,extremely_close,3,3,2,7,0.35,0.1874909,0.2322446
2c9fead8-57d2-56ff-b426-76677bd41f94,conference,extremely_close,3,3,3,6,0.3,0.13970904,0.17037268
2c9fead8-57d2-56ff-b426-76677bd41f94,cooking,extremely_close,4,3,0,1,0.0476190476190476,0.3350411,0.26790115
2c9fead8-57d2-56ff-b426-76677bd41f94,cooking,extremely_close,4,3,1,6,0.2857142857142857,0.301432,0.30072036
2c9fead8-57d2-56ff-b426-76677bd41f94,cooking,extremely_close,4,3,2,7,0.3333333333333333,0.2060558,0.23298924
2c9fead8-57d2-56ff-b426-76677bd41f94,cooking,extremely_close,4,3,3,7,0.3333333333333333,0.15747108,0.19838926
2c9fead8-57d2-56ff-b426-76677bd41f94,gala,somewhat_close,10,1,0,6,0.3157894736842105,0.37736025,0.32411346
2c9fead8-57d2-56ff-b426-76677bd41f94,gala,somewhat_close,10,1,1,6,0.3157894736842105,0.24683172,0.25308076
2c9fead8-57d2-56ff-b426-76677bd41f94,gala,somewhat_close,10,1,2,5,0.2631578947368421,0.21063499,0.23114428
2c9fead8-57d2-56ff-b426-76677bd41f94,gala,somewhat_close,10,1,3,2,0.1052631578947368,0.165173,0.1916615
2c9fead8-57d2-56ff-b426-76677bd41f94,brunch,not_close,2,0,0,6,0.4,0.31266126,0.34032917
2c9fead8-57d2-56ff-b426-76677bd41f94,brunch,not_close,2,0,1,2,0.1333333333333333,0.29284903,0.29515493
2c9fead8-57d2-56ff-b426-76677bd41f94,brunch,not_close,2,0,2,5,0.3333333333333333,0.22538273,0.22530942
2c9fead8-57d2-56ff-b426-76677bd41f94,brunch,not_close,2,0,3,2,0.1333333333333333,0.1691069,0.13920642
2c9fead8-57d2-56ff-b426-76677bd41f94,wedding,close,15,2,0,2,0.1052631578947368,0.31908587,0.30511737
2c9fead8-57d2-56ff-b426-76677bd41f94,wedding,close,15,2,1,6,0.3157894736842105,0.29837966,0.2728047
2c9fead8-57d2-56ff-b426-76677bd41f94,wedding,close,15,2,2,5,0.2631578947368421,0.23396881,0.2473037
2c9fead8-57d2-56ff-b426-76677bd41f94,wedding,close,15,2,3,6,0.3157894736842105,0.14856559,0.17477417
2c9fead8-57d2-56ff-b426-76677bd41f94,drinks,somewhat_close,7,1,0,2,0.1538461538461538,0.34319648,0.34077784
2c9fead8-57d2-56ff-b426-76677bd41f94,drinks,somewhat_close,7,1,1,6,0.4615384615384615,0.26716295,0.2960432
2c9fead8-57d2-56ff-b426-76677bd41f94,drinks,somewhat_close,7,1,2,3,0.2307692307692307,0.22266258,0.20890208
2c9fead8-57d2-56ff-b426-76677bd41f94,drinks,somewhat_close,7,1,3,2,0.1538461538461538,0.16697805,0.15427689
2c9fead8-57d2-56ff-b426-76677bd41f94,hike,close,11,2,0,1,0.0588235294117647,0.3467728,0.31535208
2c9fead8-57d2-56ff-b426-76677bd41f94,hike,close,11,2,1,6,0.3529411764705882,0.3240307,0.3006642
2c9fead8-57d2-56ff-b426-76677bd41f94,hike,close,11,2,2,3,0.1764705882352941,0.19134435,0.20856297
2c9fead8-57d2-56ff-b426-76677bd41f94,hike,close,11,2,3,7,0.4117647058823529,0.13785222,0.17542079
2c9fead8-57d2-56ff-b426-76677bd41f94,basketball,somewhat_close,0,1,0,2,0.125,0.32619047,0.31074163
2c9fead8-57d2-56ff-b426-76677bd41f94,basketball,somewhat_close,0,1,1,6,0.375,0.31149498,0.30840942
2c9fead8-57d2-56ff-b426-76677bd41f94,basketball,somewhat_close,0,1,2,6,0.375,0.21755591,0.22120504
2c9fead8-57d2-56ff-b426-76677bd41f94,basketball,somewhat_close,0,1,3,2,0.125,0.14475863,0.15964389
2c9fead8-57d2-56ff-b426-76677bd41f94,driving,close,8,2,0,2,0.0952380952380952,0.33066627,0.30398852
2c9fead8-57d2-56ff-b426-76677bd41f94,driving,close,8,2,1,7,0.3333333333333333,0.31550372,0.31212825
2c9fead8-57d2-56ff-b426-76677bd41f94,driving,close,8,2,2,6,0.2857142857142857,0.212756,0.21644199
2c9fead8-57d2-56ff-b426-76677bd41f94,driving,close,8,2,3,6,0.2857142857142857,0.14107409,0.1674413
1da09ab7-69fe-58dc-a22b-e6ed1840a9ac,dip,somewhat_close,6,1,0,6,0.4285714285714285,0.34664327,0.34845993
1da09ab7-69fe-58dc-a22b-e6ed1840a9ac,dip,somewhat_close,6,1,1,5,0.3571428571428571,0.27114132,0.27802554
1da09ab7-69fe-58dc-a22b-e6ed1840a9ac,dip,somewhat_close,6,1,2,2,0.1428571428571428,0.2222055,0.23313951
1da09ab7-69fe-58dc-a22b-e6ed1840a9ac,dip,somewhat_close,6,1,3,1,0.0714285714285714,0.16000988,0.14037508
1da09ab7-69fe-58dc-a22b-e6ed1840a9ac,basketball,somewhat_close,0,1,0,6,0.4285714285714285,0.32619047,0.31074163
1da09ab7-69fe-58dc-a22b-e6ed1840a9ac,basketball,somewhat_close,0,1,1,5,0.3571428571428571,0.31149498,0.30840942
1da09ab7-69fe-58dc-a22b-e6ed1840a9ac,basketball,somewhat_close,0,1,2,2,0.1428571428571428,0.21755591,0.22120504
1da09ab7-69fe-58dc-a22b-e6ed1840a9ac,basketball,somewhat_close,0,1,3,1,0.0714285714285714,0.14475863,0.15964389
1da09ab7-69fe-58dc-a22b-e6ed1840a9ac,soup,not_close,14,0,0,7,0.6363636363636364,0.3512944,0.3687841
1da09ab7-69fe-58dc-a22b-e6ed1840a9ac,soup,not_close,14,0,1,2,0.1818181818181818,0.31583798,0.32352978
1da09ab7-69fe-58dc-a22b-e6ed1840a9ac,soup,not_close,14,0,2,1,0.0909090909090909,0.18198796,0.17495361
1da09ab7-69fe-58dc-a22b-e6ed1840a9ac,soup,not_close,14,0,3,1,0.0909090909090909,0.15087959,0.13273244
1da09ab7-69fe-58dc-a22b-e6ed1840a9ac,fair,somewhat_close,9,1,0,2,0.125,0.3399395,0.29991916
1da09ab7-69fe-58dc-a22b-e6ed1840a9ac,fair,somewhat_close,9,1,1,6,0.375,0.32053334,0.31271672
1da09ab7-69fe-58dc-a22b-e6ed1840a9ac,fair,somewhat_close,9,1,2,6,0.375,0.20100063,0.22270054
1da09ab7-69fe-58dc-a22b-e6ed1840a9ac,fair,somewhat_close,9,1,3,2,0.125,0.1385266,0.16466357
1da09ab7-69fe-58dc-a22b-e6ed1840a9ac,wedding,extremely_close,15,3,0,1,0.0526315789473684,0.31908587,0.2974841
1da09ab7-69fe-58dc-a22b-e6ed1840a9ac,wedding,extremely_close,15,3,1,6,0.3157894736842105,0.29837966,0.27377465
1da09ab7-69fe-58dc-a22b-e6ed1840a9ac,wedding,extremely_close,15,3,2,5,0.2631578947368421,0.23396881,0.24111676
1da09ab7-69fe-58dc-a22b-e6ed1840a9ac,wedding,extremely_close,15,3,3,7,0.3684210526315789,0.14856559,0.18762444
1da09ab7-69fe-58dc-a22b-e6ed1840a9ac,hike,extremely_close,11,3,0,1,0.0526315789473684,0.3467728,0.33196965
1da09ab7-69fe-58dc-a22b-e6ed1840a9ac,hike,extremely_close,11,3,1,6,0.3157894736842105,0.3240307,0.28882948
1da09ab7-69fe-58dc-a22b-e6ed1840a9ac,hike,extremely_close,11,3,2,6,0.3157894736842105,0.19134435,0.21154393
1da09ab7-69fe-58dc-a22b-e6ed1840a9ac,hike,extremely_close,11,3,3,6,0.3157894736842105,0.13785222,0.167657
1da09ab7-69fe-58dc-a22b-e6ed1840a9ac,cooking,close,4,2,0,1,0.0555555555555555,0.3350411,0.26264983
1da09ab7-69fe-58dc-a22b-e6ed1840a9ac,cooking,close,4,2,1,6,0.3333333333333333,0.301432,0.31273055
1da09ab7-69fe-58dc-a22b-e6ed1840a9ac,cooking,close,4,2,2,5,0.2777777777777778,0.2060558,0.2337246
1da09ab7-69fe-58dc-a22b-e6ed1840a9ac,cooking,close,4,2,3,6,0.3333333333333333,0.15747108,0.19089502
1da09ab7-69fe-58dc-a22b-e6ed1840a9ac,birthday,close,1,2,0,2,0.1,0.33094808,0.28472444
1da09ab7-69fe-58dc-a22b-e6ed1840a9ac,birthday,close,1,2,1,7,0.35,0.31393355,0.3053844
1da09ab7-69fe-58dc-a22b-e6ed1840a9ac,birthday,close,1,2,2,6,0.3,0.21405,0.23678404
1da09ab7-69fe-58dc-a22b-e6ed1840a9ac,birthday,close,1,2,3,5,0.25,0.14106838,0.1731071
1da09ab7-69fe-58dc-a22b-e6ed1840a9ac,driving,somewhat_close,8,1,0,5,0.2777777777777778,0.33066627,0.3126709
1da09ab7-69fe-58dc-a22b-e6ed1840a9ac,driving,somewhat_close,8,1,1,6,0.3333333333333333,0.31550372,0.329562
1da09ab7-69fe-58dc-a22b-e6ed1840a9ac,driving,somewhat_close,8,1,2,5,0.2777777777777778,0.212756,0.21199694
1da09ab7-69fe-58dc-a22b-e6ed1840a9ac,driving,somewhat_close,8,1,3,2,0.1111111111111111,0.14107409,0.14577018
1da09ab7-69fe-58dc-a22b-e6ed1840a9ac,oysters,close,12,2,0,2,0.1333333333333333,0.35450813,0.32386693
1da09ab7-69fe-58dc-a22b-e6ed1840a9ac,oysters,close,12,2,1,6,0.4,0.30145344,0.29327434
1da09ab7-69fe-58dc-a22b-e6ed1840a9ac,oysters,close,12,2,2,5,0.3333333333333333,0.19799377,0.21184032
1da09ab7-69fe-58dc-a22b-e6ed1840a9ac,oysters,close,12,2,3,2,0.1333333333333333,0.14604472,0.17101833
1da09ab7-69fe-58dc-a22b-e6ed1840a9ac,social,close,13,2,0,2,0.0952380952380952,0.40185055,0.3784892
1da09ab7-69fe-58dc-a22b-e6ed1840a9ac,social,close,13,2,1,6,0.2857142857142857,0.2581625,0.26476493
1da09ab7-69fe-58dc-a22b-e6ed1840a9ac,social,close,13,2,2,6,0.2857142857142857,0.1958849,0.20696187
1da09ab7-69fe-58dc-a22b-e6ed1840a9ac,social,close,13,2,3,7,0.3333333333333333,0.14410202,0.14978395
1da09ab7-69fe-58dc-a22b-e6ed1840a9ac,brunch,extremely_close,2,3,0,1,0.05,0.31266126,0.26310802
1da09ab7-69fe-58dc-a22b-e6ed1840a9ac,brunch,extremely_close,2,3,1,6,0.3,0.29284903,0.27545908
1da09ab7-69fe-58dc-a22b-e6ed1840a9ac,brunch,extremely_close,2,3,2,7,0.35,0.22538273,0.24720623
1da09ab7-69fe-58dc-a22b-e6ed1840a9ac,brunch,extremely_close,2,3,3,6,0.3,0.1691069,0.21422674
1da09ab7-69fe-58dc-a22b-e6ed1840a9ac,drinks,not_close,7,0,0,7,0.5833333333333334,0.34319648,0.2994285
1da09ab7-69fe-58dc-a22b-e6ed1840a9ac,drinks,not_close,7,0,1,2,0.1666666666666666,0.26716295,0.298935
1da09ab7-69fe-58dc-a22b-e6ed1840a9ac,drinks,not_close,7,0,2,2,0.1666666666666666,0.22266258,0.2280769
1da09ab7-69fe-58dc-a22b-e6ed1840a9ac,drinks,not_close,7,0,3,1,0.0833333333333333,0.16697805,0.1735596
1da09ab7-69fe-58dc-a22b-e6ed1840a9ac,conference,not_close,3,0,0,6,0.4615384615384615,0.3467783,0.33014685
1da09ab7-69fe-58dc-a22b-e6ed1840a9ac,conference,not_close,3,0,1,5,0.3846153846153846,0.32602173,0.3841856
1da09ab7-69fe-58dc-a22b-e6ed1840a9ac,conference,not_close,3,0,2,1,0.0769230769230769,0.1874909,0.16168493
1da09ab7-69fe-58dc-a22b-e6ed1840a9ac,conference,not_close,3,0,3,1,0.0769230769230769,0.13970904,0.123982586
1da09ab7-69fe-58dc-a22b-e6ed1840a9ac,gala,extremely_close,10,3,0,1,0.0476190476190476,0.37736025,0.27933165
1da09ab7-69fe-58dc-a22b-e6ed1840a9ac,gala,extremely_close,10,3,1,7,0.3333333333333333,0.24683172,0.27254456
1da09ab7-69fe-58dc-a22b-e6ed1840a9ac,gala,extremely_close,10,3,2,6,0.2857142857142857,0.21063499,0.25221765
1da09ab7-69fe-58dc-a22b-e6ed1840a9ac,gala,extremely_close,10,3,3,7,0.3333333333333333,0.165173,0.19590618
1da09ab7-69fe-58dc-a22b-e6ed1840a9ac,crabs,not_close,5,0,0,6,0.4285714285714285,0.34133512,0.3294243
1da09ab7-69fe-58dc-a22b-e6ed1840a9ac,crabs,not_close,5,0,1,5,0.3571428571428571,0.3221551,0.36001885
1da09ab7-69fe-58dc-a22b-e6ed1840a9ac,crabs,not_close,5,0,2,2,0.1428571428571428,0.18072298,0.16664708
1da09ab7-69fe-58dc-a22b-e6ed1840a9ac,crabs,not_close,5,0,3,1,0.0714285714285714,0.15578677,0.14390975
aeee18f5-1350-5709-bd84-16c595b1f686,gala,not_close,10,0,0,6,0.25,0.37736025,0.37343702
aeee18f5-1350-5709-bd84-16c595b1f686,gala,not_close,10,0,1,6,0.25,0.24683172,0.2587873
aeee18f5-1350-5709-bd84-16c595b1f686,gala,not_close,10,0,2,6,0.25,0.21063499,0.21295612
aeee18f5-1350-5709-bd84-16c595b1f686,gala,not_close,10,0,3,6,0.25,0.165173,0.15481953
aeee18f5-1350-5709-bd84-16c595b1f686,soup,extremely_close,14,3,0,2,0.25,0.3512944,0.31738377
aeee18f5-1350-5709-bd84-16c595b1f686,soup,extremely_close,14,3,1,2,0.25,0.31583798,0.29048625
aeee18f5-1350-5709-bd84-16c595b1f686,soup,extremely_close,14,3,2,2,0.25,0.18198796,0.21168596
aeee18f5-1350-5709-bd84-16c595b1f686,soup,extremely_close,14,3,3,2,0.25,0.15087959,0.18044408
aeee18f5-1350-5709-bd84-16c595b1f686,birthday,close,1,2,0,2,0.125,0.33094808,0.28472444
aeee18f5-1350-5709-bd84-16c595b1f686,birthday,close,1,2,1,6,0.375,0.31393355,0.3053844
aeee18f5-1350-5709-bd84-16c595b1f686,birthday,close,1,2,2,6,0.375,0.21405,0.23678404
aeee18f5-1350-5709-bd84-16c595b1f686,birthday,close,1,2,3,2,0.125,0.14106838,0.1731071
aeee18f5-1350-5709-bd84-16c595b1f686,driving,somewhat_close,8,1,0,6,0.375,0.33066627,0.3126709
aeee18f5-1350-5709-bd84-16c595b1f686,driving,somewhat_close,8,1,1,6,0.375,0.31550372,0.329562
aeee18f5-1350-5709-bd84-16c595b1f686,driving,somewhat_close,8,1,2,2,0.125,0.212756,0.21199694
aeee18f5-1350-5709-bd84-16c595b1f686,driving,somewhat_close,8,1,3,2,0.125,0.14107409,0.14577018
aeee18f5-1350-5709-bd84-16c595b1f686,oysters,extremely_close,12,3,0,3,0.25,0.35450813,0.33928892
aeee18f5-1350-5709-bd84-16c595b1f686,oysters,extremely_close,12,3,1,3,0.25,0.30145344,0.29421192
aeee18f5-1350-5709-bd84-16c595b1f686,oysters,extremely_close,12,3,2,3,0.25,0.19799377,0.2082637
aeee18f5-1350-5709-bd84-16c595b1f686,oysters,extremely_close,12,3,3,3,0.25,0.14604472,0.15823552
aeee18f5-1350-5709-bd84-16c595b1f686,hike,somewhat_close,11,1,0,6,0.5,0.3467728,0.33041134
aeee18f5-1350-5709-bd84-16c595b1f686,hike,somewhat_close,11,1,1,2,0.1666666666666666,0.3240307,0.31247446
aeee18f5-1350-5709-bd84-16c595b1f686,hike,somewhat_close,11,1,2,2,0.1666666666666666,0.19134435,0.20020384
aeee18f5-1350-5709-bd84-16c595b1f686,hike,somewhat_close,11,1,3,2,0.1666666666666666,0.13785222,0.15691037
aeee18f5-1350-5709-bd84-16c595b1f686,cooking,close,4,2,0,2,0.1666666666666666,0.3350411,0.26264983
aeee18f5-1350-5709-bd84-16c595b1f686,cooking,close,4,2,1,6,0.5,0.301432,0.31273055
aeee18f5-1350-5709-bd84-16c595b1f686,cooking,close,4,2,2,2,0.1666666666666666,0.2060558,0.2337246
aeee18f5-1350-5709-bd84-16c595b1f686,cooking,close,4,2,3,2,0.1666666666666666,0.15747108,0.19089502
aeee18f5-1350-5709-bd84-16c595b1f686,wedding,close,15,2,0,6,0.5,0.31908587,0.30511737
aeee18f5-1350-5709-bd84-16c595b1f686,wedding,close,15,2,1,2,0.1666666666666666,0.29837966,0.2728047
aeee18f5-1350-5709-bd84-16c595b1f686,wedding,close,15,2,2,2,0.1666666666666666,0.23396881,0.2473037
aeee18f5-1350-5709-bd84-16c595b1f686,wedding,close,15,2,3,2,0.1666666666666666,0.14856559,0.17477417
aeee18f5-1350-5709-bd84-16c595b1f686,social,somewhat_close,13,1,0,2,0.25,0.40185055,0.3780521
aeee18f5-1350-5709-bd84-16c595b1f686,social,somewhat_close,13,1,1,2,0.25,0.2581625,0.25415382
aeee18f5-1350-5709-bd84-16c595b1f686,social,somewhat_close,13,1,2,2,0.25,0.1958849,0.20883785
aeee18f5-1350-5709-bd84-16c595b1f686,social,somewhat_close,13,1,3,2,0.25,0.14410202,0.15895618
aeee18f5-1350-5709-bd84-16c595b1f686,fair,not_close,9,0,0,5,0.2631578947368421,0.3399395,0.33449876
aeee18f5-1350-5709-bd84-16c595b1f686,fair,not_close,9,0,1,6,0.3157894736842105,0.32053334,0.3437535
aeee18f5-1350-5709-bd84-16c595b1f686,fair,not_close,9,0,2,6,0.3157894736842105,0.20100063,0.1889061
aeee18f5-1350-5709-bd84-16c595b1f686,fair,not_close,9,0,3,2,0.1052631578947368,0.1385266,0.13284165
aeee18f5-1350-5709-bd84-16c595b1f686,crabs,not_close,5,0,0,2,0.1818181818181818,0.34133512,0.3294243
aeee18f5-1350-5709-bd84-16c595b1f686,crabs,not_close,5,0,1,5,0.4545454545454545,0.3221551,0.36001885
aeee18f5-1350-5709-bd84-16c595b1f686,crabs,not_close,5,0,2,2,0.1818181818181818,0.18072298,0.16664708
aeee18f5-1350-5709-bd84-16c595b1f686,crabs,not_close,5,0,3,2,0.1818181818181818,0.15578677,0.14390975
aeee18f5-1350-5709-bd84-16c595b1f686,dip,not_close,6,0,0,6,0.375,0.34664327,0.39242724
aeee18f5-1350-5709-bd84-16c595b1f686,dip,not_close,6,0,1,6,0.375,0.27114132,0.2466927
aeee18f5-1350-5709-bd84-16c595b1f686,dip,not_close,6,0,2,2,0.125,0.2222055,0.21824121
aeee18f5-1350-5709-bd84-16c595b1f686,dip,not_close,6,0,3,2,0.125,0.16000988,0.14263879
aeee18f5-1350-5709-bd84-16c595b1f686,brunch,close,2,2,0,5,0.3333333333333333,0.31266126,0.2922043
aeee18f5-1350-5709-bd84-16c595b1f686,brunch,close,2,2,1,3,0.2,0.29284903,0.27890328
aeee18f5-1350-5709-bd84-16c595b1f686,brunch,close,2,2,2,5,0.3333333333333333,0.22538273,0.2363917
aeee18f5-1350-5709-bd84-16c595b1f686,brunch,close,2,2,3,2,0.1333333333333333,0.1691069,0.19250078
aeee18f5-1350-5709-bd84-16c595b1f686,conference,extremely_close,3,3,0,6,0.375,0.3467783,0.3099088
aeee18f5-1350-5709-bd84-16c595b1f686,conference,extremely_close,3,3,1,6,0.375,0.32602173,0.2874739
aeee18f5-1350-5709-bd84-16c595b1f686,conference,extremely_close,3,3,2,2,0.125,0.1874909,0.2322446
aeee18f5-1350-5709-bd84-16c595b1f686,conference,extremely_close,3,3,3,2,0.125,0.13970904,0.17037268
aeee18f5-1350-5709-bd84-16c595b1f686,basketball,somewhat_close,0,1,0,6,0.25,0.32619047,0.31074163
aeee18f5-1350-5709-bd84-16c595b1f686,basketball,somewhat_close,0,1,1,6,0.25,0.31149498,0.30840942
aeee18f5-1350-5709-bd84-16c595b1f686,basketball,somewhat_close,0,1,2,6,0.25,0.21755591,0.22120504
aeee18f5-1350-5709-bd84-16c595b1f686,basketball,somewhat_close,0,1,3,6,0.25,0.14475863,0.15964389
aeee18f5-1350-5709-bd84-16c595b1f686,drinks,extremely_close,7,3,0,6,0.375,0.34319648,0.24337234
aeee18f5-1350-5709-bd84-16c595b1f686,drinks,extremely_close,7,3,1,2,0.125,0.26716295,0.29073274
aeee18f5-1350-5709-bd84-16c595b1f686,drinks,extremely_close,7,3,2,6,0.375,0.22266258,0.22844173
aeee18f5-1350-5709-bd84-16c595b1f686,drinks,extremely_close,7,3,3,2,0.125,0.16697805,0.23745316
d30a4a61-8f1a-5263-b39e-509bb297935c,hike,close,11,2,0,6,0.4285714285714285,0.3467728,0.31535208
d30a4a61-8f1a-5263-b39e-509bb297935c,hike,close,11,2,1,6,0.4285714285714285,0.3240307,0.3006642
d30a4a61-8f1a-5263-b39e-509bb297935c,hike,close,11,2,2,1,0.0714285714285714,0.19134435,0.20856297
d30a4a61-8f1a-5263-b39e-509bb297935c,hike,close,11,2,3,1,0.0714285714285714,0.13785222,0.17542079
d30a4a61-8f1a-5263-b39e-509bb297935c,basketball,close,0,2,0,1,0.1,0.32619047,0.3229036
d30a4a61-8f1a-5263-b39e-509bb297935c,basketball,close,0,2,1,7,0.7,0.31149498,0.29293644
d30a4a61-8f1a-5263-b39e-509bb297935c,basketball,close,0,2,2,1,0.1,0.21755591,0.20826088
d30a4a61-8f1a-5263-b39e-509bb297935c,basketball,close,0,2,3,1,0.1,0.14475863,0.175899
d30a4a61-8f1a-5263-b39e-509bb297935c,brunch,extremely_close,2,3,0,3,0.2,0.31266126,0.26310802
d30a4a61-8f1a-5263-b39e-509bb297935c,brunch,extremely_close,2,3,1,7,0.4666666666666667,0.29284903,0.27545908
d30a4a61-8f1a-5263-b39e-509bb297935c,brunch,extremely_close,2,3,2,3,0.2,0.22538273,0.24720623
d30a4a61-8f1a-5263-b39e-509bb297935c,brunch,extremely_close,2,3,3,2,0.1333333333333333,0.1691069,0.21422674
d30a4a61-8f1a-5263-b39e-509bb297935c,drinks,not_close,7,0,0,5,0.2941176470588235,0.34319648,0.2994285
d30a4a61-8f1a-5263-b39e-509bb297935c,drinks,not_close,7,0,1,6,0.3529411764705882,0.26716295,0.298935
d30a4a61-8f1a-5263-b39e-509bb297935c,drinks,not_close,7,0,2,5,0.2941176470588235,0.22266258,0.2280769
d30a4a61-8f1a-5263-b39e-509bb297935c,drinks,not_close,7,0,3,1,0.0588235294117647,0.16697805,0.1735596
d30a4a61-8f1a-5263-b39e-509bb297935c,wedding,not_close,15,0,0,7,0.7,0.31908587,0.34685898
d30a4a61-8f1a-5263-b39e-509bb297935c,wedding,not_close,15,0,1,1,0.1,0.29837966,0.30831352
d30a4a61-8f1a-5263-b39e-509bb297935c,wedding,not_close,15,0,2,1,0.1,0.23396881,0.22699372
d30a4a61-8f1a-5263-b39e-509bb297935c,wedding,not_close,15,0,3,1,0.1,0.14856559,0.11783374
d30a4a61-8f1a-5263-b39e-509bb297935c,gala,close,10,2,0,3,0.1875,0.37736025,0.30581924
d30a4a61-8f1a-5263-b39e-509bb297935c,gala,close,10,2,1,6,0.375,0.24683172,0.27153325
d30a4a61-8f1a-5263-b39e-509bb297935c,gala,close,10,2,2,6,0.375,0.21063499,0.2401309
d30a4a61-8f1a-5263-b39e-509bb297935c,gala,close,10,2,3,1,0.0625,0.165173,0.18251657
d30a4a61-8f1a-5263-b39e-509bb297935c,dip,close,6,2,0,5,0.2941176470588235,0.34664327,0.33677724
d30a4a61-8f1a-5263-b39e-509bb297935c,dip,close,6,2,1,6,0.3529411764705882,0.27114132,0.28138566
d30a4a61-8f1a-5263-b39e-509bb297935c,dip,close,6,2,2,5,0.2941176470588235,0.2222055,0.22993708
d30a4a61-8f1a-5263-b39e-509bb297935c,dip,close,6,2,3,1,0.0588235294117647,0.16000988,0.15190005
d30a4a61-8f1a-5263-b39e-509bb297935c,conference,not_close,3,0,0,3,0.2727272727272727,0.3467783,0.33014685
d30a4a61-8f1a-5263-b39e-509bb297935c,conference,not_close,3,0,1,6,0.5454545454545454,0.32602173,0.3841856
d30a4a61-8f1a-5263-b39e-509bb297935c,conference,not_close,3,0,2,1,0.0909090909090909,0.1874909,0.16168493
d30a4a61-8f1a-5263-b39e-509bb297935c,conference,not_close,3,0,3,1,0.0909090909090909,0.13970904,0.123982586
d30a4a61-8f1a-5263-b39e-509bb297935c,crabs,somewhat_close,5,1,0,2,0.1818181818181818,0.34133512,0.3514227
d30a4a61-8f1a-5263-b39e-509bb297935c,crabs,somewhat_close,5,1,1,7,0.6363636363636364,0.3221551,0.35142806
d30a4a61-8f1a-5263-b39e-509bb297935c,crabs,somewhat_close,5,1,2,1,0.0909090909090909,0.18072298,0.148849
d30a4a61-8f1a-5263-b39e-509bb297935c,crabs,somewhat_close,5,1,3,1,0.0909090909090909,0.15578677,0.14830023
d30a4a61-8f1a-5263-b39e-509bb297935c,fair,somewhat_close,9,1,0,3,0.375,0.3399395,0.29991916
d30a4a61-8f1a-5263-b39e-509bb297935c,fair,somewhat_close,9,1,1,3,0.375,0.32053334,0.31271672
d30a4a61-8f1a-5263-b39e-509bb297935c,fair,somewhat_close,9,1,2,1,0.125,0.20100063,0.22270054
d30a4a61-8f1a-5263-b39e-509bb297935c,fair,somewhat_close,9,1,3,1,0.125,0.1385266,0.16466357
d30a4a61-8f1a-5263-b39e-509bb297935c,oysters,somewhat_close,12,1,0,3,0.2727272727272727,0.35450813,0.34644595
d30a4a61-8f1a-5263-b39e-509bb297935c,oysters,somewhat_close,12,1,1,6,0.5454545454545454,0.30145344,0.29076707
d30a4a61-8f1a-5263-b39e-509bb297935c,oysters,somewhat_close,12,1,2,1,0.0909090909090909,0.19799377,0.20686175
d30a4a61-8f1a-5263-b39e-509bb297935c,oysters,somewhat_close,12,1,3,1,0.0909090909090909,0.14604472,0.1559252
d30a4a61-8f1a-5263-b39e-509bb297935c,soup,somewhat_close,14,1,0,7,0.7,0.3512944,0.33787718
d30a4a61-8f1a-5263-b39e-509bb297935c,soup,somewhat_close,14,1,1,1,0.1,0.31583798,0.30691224
d30a4a61-8f1a-5263-b39e-509bb297935c,soup,somewhat_close,14,1,2,1,0.1,0.18198796,0.19641732
d30a4a61-8f1a-5263-b39e-509bb297935c,soup,somewhat_close,14,1,3,1,0.1,0.15087959,0.15879321
d30a4a61-8f1a-5263-b39e-509bb297935c,birthday,extremely_close,1,3,0,1,0.0714285714285714,0.33094808,0.29339695
d30a4a61-8f1a-5263-b39e-509bb297935c,birthday,extremely_close,1,3,1,7,0.5,0.31393355,0.28846595
d30a4a61-8f1a-5263-b39e-509bb297935c,birthday,extremely_close,1,3,2,5,0.3571428571428571,0.21405,0.24154752
d30a4a61-8f1a-5263-b39e-509bb297935c,birthday,extremely_close,1,3,3,1,0.0714285714285714,0.14106838,0.1765896
d30a4a61-8f1a-5263-b39e-509bb297935c,driving,extremely_close,8,3,0,5,0.25,0.33066627,0.27924845
d30a4a61-8f1a-5263-b39e-509bb297935c,driving,extremely_close,8,3,1,7,0.35,0.31550372,0.30885038
d30a4a61-8f1a-5263-b39e-509bb297935c,driving,extremely_close,8,3,2,5,0.25,0.212756,0.22954276
d30a4a61-8f1a-5263-b39e-509bb297935c,driving,extremely_close,8,3,3,3,0.15,0.14107409,0.18235837
d30a4a61-8f1a-5263-b39e-509bb297935c,social,extremely_close,13,3,0,3,0.25,0.40185055,0.34408742
d30a4a61-8f1a-5263-b39e-509bb297935c,social,extremely_close,13,3,1,5,0.4166666666666667,0.2581625,0.258135
d30a4a61-8f1a-5263-b39e-509bb297935c,social,extremely_close,13,3,2,1,0.0833333333333333,0.1958849,0.2316001
d30a4a61-8f1a-5263-b39e-509bb297935c,social,extremely_close,13,3,3,3,0.25,0.14410202,0.16617753
d30a4a61-8f1a-5263-b39e-509bb297935c,cooking,not_close,4,0,0,1,0.0909090909090909,0.3350411,0.30513674
d30a4a61-8f1a-5263-b39e-509bb297935c,cooking,not_close,4,0,1,7,0.6363636363636364,0.301432,0.3403478
d30a4a61-8f1a-5263-b39e-509bb297935c,cooking,not_close,4,0,2,2,0.1818181818181818,0.2060558,0.19110213
d30a4a61-8f1a-5263-b39e-509bb297935c,cooking,not_close,4,0,3,1,0.0909090909090909,0.15747108,0.1634134
478fd1d5-b8a0-53fb-a7ae-4868a58e97c4,birthday,somewhat_close,1,1,0,5,0.25,0.33094808,0.309631
478fd1d5-b8a0-53fb-a7ae-4868a58e97c4,birthday,somewhat_close,1,1,1,7,0.35,0.31393355,0.31623533
478fd1d5-b8a0-53fb-a7ae-4868a58e97c4,birthday,somewhat_close,1,1,2,7,0.35,0.21405,0.23311108
478fd1d5-b8a0-53fb-a7ae-4868a58e97c4,birthday,somewhat_close,1,1,3,1,0.05,0.14106838,0.14102258
478fd1d5-b8a0-53fb-a7ae-4868a58e97c4,cooking,close,4,2,0,1,0.1,0.3350411,0.26264983
478fd1d5-b8a0-53fb-a7ae-4868a58e97c4,cooking,close,4,2,1,7,0.7,0.301432,0.31273055
478fd1d5-b8a0-53fb-a7ae-4868a58e97c4,cooking,close,4,2,2,1,0.1,0.2060558,0.2337246
478fd1d5-b8a0-53fb-a7ae-4868a58e97c4,cooking,close,4,2,3,1,0.1,0.15747108,0.19089502
478fd1d5-b8a0-53fb-a7ae-4868a58e97c4,conference,somewhat_close,3,1,0,7,0.4375,0.3467783,0.330331
478fd1d5-b8a0-53fb-a7ae-4868a58e97c4,conference,somewhat_close,3,1,1,7,0.4375,0.32602173,0.33012256
478fd1d5-b8a0-53fb-a7ae-4868a58e97c4,conference,somewhat_close,3,1,2,1,0.0625,0.1874909,0.2040172
478fd1d5-b8a0-53fb-a7ae-4868a58e97c4,conference,somewhat_close,3,1,3,1,0.0625,0.13970904,0.13552926
478fd1d5-b8a0-53fb-a7ae-4868a58e97c4,basketball,somewhat_close,0,1,0,1,0.0909090909090909,0.32619047,0.31074163
478fd1d5-b8a0-53fb-a7ae-4868a58e97c4,basketball,somewhat_close,0,1,1,7,0.6363636363636364,0.31149498,0.30840942
478fd1d5-b8a0-53fb-a7ae-4868a58e97c4,basketball,somewhat_close,0,1,2,2,0.1818181818181818,0.21755591,0.22120504
478fd1d5-b8a0-53fb-a7ae-4868a58e97c4,basketball,somewhat_close,0,1,3,1,0.0909090909090909,0.14475863,0.15964389
478fd1d5-b8a0-53fb-a7ae-4868a58e97c4,dip,close,6,2,0,7,0.3181818181818182,0.34664327,0.33677724
478fd1d5-b8a0-53fb-a7ae-4868a58e97c4,dip,close,6,2,1,7,0.3181818181818182,0.27114132,0.28138566
478fd1d5-b8a0-53fb-a7ae-4868a58e97c4,dip,close,6,2,2,7,0.3181818181818182,0.2222055,0.22993708
478fd1d5-b8a0-53fb-a7ae-4868a58e97c4,dip,close,6,2,3,1,0.0454545454545454,0.16000988,0.15190005
478fd1d5-b8a0-53fb-a7ae-4868a58e97c4,oysters,not_close,12,0,0,1,0.1,0.35450813,0.35589477
478fd1d5-b8a0-53fb-a7ae-4868a58e97c4,oysters,not_close,12,0,1,7,0.7,0.30145344,0.31109774
478fd1d5-b8a0-53fb-a7ae-4868a58e97c4,oysters,not_close,12,0,2,1,0.1,0.19799377,0.19477606
478fd1d5-b8a0-53fb-a7ae-4868a58e97c4,oysters,not_close,12,0,3,1,0.1,0.14604472,0.13823144
478fd1d5-b8a0-53fb-a7ae-4868a58e97c4,drinks,close,7,2,0,7,0.4375,0.34319648,0.2973132
478fd1d5-b8a0-53fb-a7ae-4868a58e97c4,drinks,close,7,2,1,7,0.4375,0.26716295,0.27554834
478fd1d5-b8a0-53fb-a7ae-4868a58e97c4,drinks,close,7,2,2,1,0.0625,0.22266258,0.23582152
478fd1d5-b8a0-53fb-a7ae-4868a58e97c4,drinks,close,7,2,3,1,0.0625,0.16697805,0.1913169
478fd1d5-b8a0-53fb-a7ae-4868a58e97c4,soup,not_close,14,0,0,7,0.4375,0.3512944,0.3687841
478fd1d5-b8a0-53fb-a7ae-4868a58e97c4,soup,not_close,14,0,1,7,0.4375,0.31583798,0.32352978
478fd1d5-b8a0-53fb-a7ae-4868a58e97c4,soup,not_close,14,0,2,1,0.0625,0.18198796,0.17495361
478fd1d5-b8a0-53fb-a7ae-4868a58e97c4,soup,not_close,14,0,3,1,0.0625,0.15087959,0.13273244
478fd1d5-b8a0-53fb-a7ae-4868a58e97c4,driving,extremely_close,8,3,0,2,0.1176470588235294,0.33066627,0.27924845
478fd1d5-b8a0-53fb-a7ae-4868a58e97c4,driving,extremely_close,8,3,1,7,0.4117647058823529,0.31550372,0.30885038
478fd1d5-b8a0-53fb-a7ae-4868a58e97c4,driving,extremely_close,8,3,2,7,0.4117647058823529,0.212756,0.22954276
478fd1d5-b8a0-53fb-a7ae-4868a58e97c4,driving,extremely_close,8,3,3,1,0.0588235294117647,0.14107409,0.18235837
478fd1d5-b8a0-53fb-a7ae-4868a58e97c4,wedding,not_close,15,0,0,7,0.5,0.31908587,0.34685898
478fd1d5-b8a0-53fb-a7ae-4868a58e97c4,wedding,not_close,15,0,1,5,0.3571428571428571,0.29837966,0.30831352
478fd1d5-b8a0-53fb-a7ae-4868a58e97c4,wedding,not_close,15,0,2,1,0.0714285714285714,0.23396881,0.22699372
478fd1d5-b8a0-53fb-a7ae-4868a58e97c4,wedding,not_close,15,0,3,1,0.0714285714285714,0.14856559,0.11783374
478fd1d5-b8a0-53fb-a7ae-4868a58e97c4,social,not_close,13,0,0,7,0.7,0.40185055,0.42380705
478fd1d5-b8a0-53fb-a7ae-4868a58e97c4,social,not_close,13,0,1,1,0.1,0.2581625,0.2471482
478fd1d5-b8a0-53fb-a7ae-4868a58e97c4,social,not_close,13,0,2,1,0.1,0.1958849,0.1846005
478fd1d5-b8a0-53fb-a7ae-4868a58e97c4,social,not_close,13,0,3,1,0.1,0.14410202,0.14444424
478fd1d5-b8a0-53fb-a7ae-4868a58e97c4,fair,extremely_close,9,3,0,1,0.0476190476190476,0.3399395,0.32443607
478fd1d5-b8a0-53fb-a7ae-4868a58e97c4,fair,extremely_close,9,3,1,7,0.3333333333333333,0.32053334,0.2984974
478fd1d5-b8a0-53fb-a7ae-4868a58e97c4,fair,extremely_close,9,3,2,7,0.3333333333333333,0.20100063,0.20797278
478fd1d5-b8a0-53fb-a7ae-4868a58e97c4,fair,extremely_close,9,3,3,6,0.2857142857142857,0.1385266,0.16909374
478fd1d5-b8a0-53fb-a7ae-4868a58e97c4,crabs,close,5,2,0,1,0.1,0.34133512,0.3152678
478fd1d5-b8a0-53fb-a7ae-4868a58e97c4,crabs,close,5,2,1,7,0.7,0.3221551,0.32385492
478fd1d5-b8a0-53fb-a7ae-4868a58e97c4,crabs,close,5,2,2,1,0.1,0.18072298,0.19468644
478fd1d5-b8a0-53fb-a7ae-4868a58e97c4,crabs,close,5,2,3,1,0.1,0.15578677,0.16619082
478fd1d5-b8a0-53fb-a7ae-4868a58e97c4,gala,extremely_close,10,3,0,1,0.0476190476190476,0.37736025,0.27933165
478fd1d5-b8a0-53fb-a7ae-4868a58e97c4,gala,extremely_close,10,3,1,7,0.3333333333333333,0.24683172,0.27254456
478fd1d5-b8a0-53fb-a7ae-4868a58e97c4,gala,extremely_close,10,3,2,7,0.3333333333333333,0.21063499,0.25221765
478fd1d5-b8a0-53fb-a7ae-4868a58e97c4,gala,extremely_close,10,3,3,6,0.2857142857142857,0.165173,0.19590618
478fd1d5-b8a0-53fb-a7ae-4868a58e97c4,hike,extremely_close,11,3,0,1,0.0555555555555555,0.3467728,0.33196965
478fd1d5-b8a0-53fb-a7ae-4868a58e97c4,hike,extremely_close,11,3,1,7,0.3888888888888889,0.3240307,0.28882948
478fd1d5-b8a0-53fb-a7ae-4868a58e97c4,hike,extremely_close,11,3,2,7,0.3888888888888889,0.19134435,0.21154393
478fd1d5-b8a0-53fb-a7ae-4868a58e97c4,hike,extremely_close,11,3,3,3,0.1666666666666666,0.13785222,0.167657
478fd1d5-b8a0-53fb-a7ae-4868a58e97c4,brunch,somewhat_close,2,1,0,2,0.0909090909090909,0.31266126,0.3116763
478fd1d5-b8a0-53fb-a7ae-4868a58e97c4,brunch,somewhat_close,2,1,1,7,0.3181818181818182,0.29284903,0.27925918
478fd1d5-b8a0-53fb-a7ae-4868a58e97c4,brunch,somewhat_close,2,1,2,6,0.2727272727272727,0.22538273,0.23974313
478fd1d5-b8a0-53fb-a7ae-4868a58e97c4,brunch,somewhat_close,2,1,3,7,0.3181818181818182,0.1691069,0.16932139
cc4fc22a-8fe8-5744-9bf9-1d1d674105f4,gala,extremely_close,10,3,0,6,0.5,0.37736025,0.27933165
cc4fc22a-8fe8-5744-9bf9-1d1d674105f4,gala,extremely_close,10,3,1,2,0.1666666666666666,0.24683172,0.27254456
cc4fc22a-8fe8-5744-9bf9-1d1d674105f4,gala,extremely_close,10,3,2,2,0.1666666666666666,0.21063499,0.25221765
cc4fc22a-8fe8-5744-9bf9-1d1d674105f4,gala,extremely_close,10,3,3,2,0.1666666666666666,0.165173,0.19590618
cc4fc22a-8fe8-5744-9bf9-1d1d674105f4,cooking,somewhat_close,4,1,0,2,0.1052631578947368,0.3350411,0.302899
cc4fc22a-8fe8-5744-9bf9-1d1d674105f4,cooking,somewhat_close,4,1,1,6,0.3157894736842105,0.301432,0.3137101
cc4fc22a-8fe8-5744-9bf9-1d1d674105f4,cooking,somewhat_close,4,1,2,6,0.3157894736842105,0.2060558,0.21770318
cc4fc22a-8fe8-5744-9bf9-1d1d674105f4,cooking,somewhat_close,4,1,3,5,0.2631578947368421,0.15747108,0.16568774
cc4fc22a-8fe8-5744-9bf9-1d1d674105f4,driving,not_close,8,0,0,2,0.1333333333333333,0.33066627,0.31951004
cc4fc22a-8fe8-5744-9bf9-1d1d674105f4,driving,not_close,8,0,1,6,0.4,0.31550372,0.3540611
cc4fc22a-8fe8-5744-9bf9-1d1d674105f4,driving,not_close,8,0,2,3,0.2,0.212756,0.19448832
cc4fc22a-8fe8-5744-9bf9-1d1d674105f4,driving,not_close,8,0,3,4,0.2666666666666666,0.14107409,0.1319406
cc4fc22a-8fe8-5744-9bf9-1d1d674105f4,basketball,extremely_close,0,3,0,2,0.1176470588235294,0.32619047,0.3092946
cc4fc22a-8fe8-5744-9bf9-1d1d674105f4,basketball,extremely_close,0,3,1,5,0.2941176470588235,0.31149498,0.30697325
cc4fc22a-8fe8-5744-9bf9-1d1d674105f4,basketball,extremely_close,0,3,2,5,0.2941176470588235,0.21755591,0.22017495
cc4fc22a-8fe8-5744-9bf9-1d1d674105f4,basketball,extremely_close,0,3,3,5,0.2941176470588235,0.14475863,0.16355725
cc4fc22a-8fe8-5744-9bf9-1d1d674105f4,drinks,close,7,2,0,5,0.3571428571428571,0.34319648,0.2973132
cc4fc22a-8fe8-5744-9bf9-1d1d674105f4,drinks,close,7,2,1,3,0.2142857142857142,0.26716295,0.27554834
cc4fc22a-8fe8-5744-9bf9-1d1d674105f4,drinks,close,7,2,2,3,0.2142857142857142,0.22266258,0.23582152
cc4fc22a-8fe8-5744-9bf9-1d1d674105f4,drinks,close,7,2,3,3,0.2142857142857142,0.16697805,0.1913169
cc4fc22a-8fe8-5744-9bf9-1d1d674105f4,oysters,close,12,2,0,3,0.1666666666666666,0.35450813,0.32386693
cc4fc22a-8fe8-5744-9bf9-1d1d674105f4,oysters,close,12,2,1,5,0.2777777777777778,0.30145344,0.29327434
cc4fc22a-8fe8-5744-9bf9-1d1d674105f4,oysters,close,12,2,2,5,0.2777777777777778,0.19799377,0.21184032
cc4fc22a-8fe8-5744-9bf9-1d1d674105f4,oysters,close,12,2,3,5,0.2777777777777778,0.14604472,0.17101833
cc4fc22a-8fe8-5744-9bf9-1d1d674105f4,birthday,somewhat_close,1,1,0,5,0.3571428571428571,0.33094808,0.309631
cc4fc22a-8fe8-5744-9bf9-1d1d674105f4,birthday,somewhat_close,1,1,1,3,0.2142857142857142,0.31393355,0.31623533
cc4fc22a-8fe8-5744-9bf9-1d1d674105f4,birthday,somewhat_close,1,1,2,3,0.2142857142857142,0.21405,0.23311108
cc4fc22a-8fe8-5744-9bf9-1d1d674105f4,birthday,somewhat_close,1,1,3,3,0.2142857142857142,0.14106838,0.14102258
cc4fc22a-8fe8-5744-9bf9-1d1d674105f4,brunch,not_close,2,0,0,3,0.1666666666666666,0.31266126,0.34032917
cc4fc22a-8fe8-5744-9bf9-1d1d674105f4,brunch,not_close,2,0,1,5,0.2777777777777778,0.29284903,0.29515493
cc4fc22a-8fe8-5744-9bf9-1d1d674105f4,brunch,not_close,2,0,2,5,0.2777777777777778,0.22538273,0.22530942
cc4fc22a-8fe8-5744-9bf9-1d1d674105f4,brunch,not_close,2,0,3,5,0.2777777777777778,0.1691069,0.13920642
cc4fc22a-8fe8-5744-9bf9-1d1d674105f4,crabs,close,5,2,0,6,0.2727272727272727,0.34133512,0.3152678
cc4fc22a-8fe8-5744-9bf9-1d1d674105f4,crabs,close,5,2,1,5,0.2272727272727272,0.3221551,0.32385492
cc4fc22a-8fe8-5744-9bf9-1d1d674105f4,crabs,close,5,2,2,5,0.2272727272727272,0.18072298,0.19468644
cc4fc22a-8fe8-5744-9bf9-1d1d674105f4,crabs,close,5,2,3,6,0.2727272727272727,0.15578677,0.16619082
cc4fc22a-8fe8-5744-9bf9-1d1d674105f4,soup,close,14,2,0,5,0.2272727272727272,0.3512944,0.3422157
cc4fc22a-8fe8-5744-9bf9-1d1d674105f4,soup,close,14,2,1,5,0.2272727272727272,0.31583798,0.29969218
cc4fc22a-8fe8-5744-9bf9-1d1d674105f4,soup,close,14,2,2,6,0.2727272727272727,0.18198796,0.19644682
cc4fc22a-8fe8-5744-9bf9-1d1d674105f4,soup,close,14,2,3,6,0.2727272727272727,0.15087959,0.16164538
cc4fc22a-8fe8-5744-9bf9-1d1d674105f4,hike,not_close,11,0,0,6,0.4615384615384615,0.3467728,0.3642791
cc4fc22a-8fe8-5744-9bf9-1d1d674105f4,hike,not_close,11,0,1,3,0.2307692307692307,0.3240307,0.31677198
cc4fc22a-8fe8-5744-9bf9-1d1d674105f4,hike,not_close,11,0,2,2,0.1538461538461538,0.19134435,0.1780148
cc4fc22a-8fe8-5744-9bf9-1d1d674105f4,hike,not_close,11,0,3,2,0.1538461538461538,0.13785222,0.1409341
cc4fc22a-8fe8-5744-9bf9-1d1d674105f4,fair,extremely_close,9,3,0,7,0.25,0.3399395,0.32443607
cc4fc22a-8fe8-5744-9bf9-1d1d674105f4,fair,extremely_close,9,3,1,7,0.25,0.32053334,0.2984974
cc4fc22a-8fe8-5744-9bf9-1d1d674105f4,fair,extremely_close,9,3,2,7,0.25,0.20100063,0.20797278
cc4fc22a-8fe8-5744-9bf9-1d1d674105f4,fair,extremely_close,9,3,3,7,0.25,0.1385266,0.16909374
cc4fc22a-8fe8-5744-9bf9-1d1d674105f4,conference,somewhat_close,3,1,0,6,0.375,0.3467783,0.330331
cc4fc22a-8fe8-5744-9bf9-1d1d674105f4,conference,somewhat_close,3,1,1,6,0.375,0.32602173,0.33012256
cc4fc22a-8fe8-5744-9bf9-1d1d674105f4,conference,somewhat_close,3,1,2,2,0.125,0.1874909,0.2040172
cc4fc22a-8fe8-5744-9bf9-1d1d674105f4,conference,somewhat_close,3,1,3,2,0.125,0.13970904,0.13552926
cc4fc22a-8fe8-5744-9bf9-1d1d674105f4,social,not_close,13,0,0,6,0.5,0.40185055,0.42380705
cc4fc22a-8fe8-5744-9bf9-1d1d674105f4,social,not_close,13,0,1,2,0.1666666666666666,0.2581625,0.2471482
cc4fc22a-8fe8-5744-9bf9-1d1d674105f4,social,not_close,13,0,2,2,0.1666666666666666,0.1958849,0.1846005
cc4fc22a-8fe8-5744-9bf9-1d1d674105f4,social,not_close,13,0,3,2,0.1666666666666666,0.14410202,0.14444424
cc4fc22a-8fe8-5744-9bf9-1d1d674105f4,wedding,somewhat_close,15,1,0,6,0.3157894736842105,0.31908587,0.32673198
cc4fc22a-8fe8-5744-9bf9-1d1d674105f4,wedding,somewhat_close,15,1,1,5,0.2631578947368421,0.29837966,0.2921303
cc4fc22a-8fe8-5744-9bf9-1d1d674105f4,wedding,somewhat_close,15,1,2,5,0.2631578947368421,0.23396881,0.23820917
cc4fc22a-8fe8-5744-9bf9-1d1d674105f4,wedding,somewhat_close,15,1,3,3,0.1578947368421052,0.14856559,0.14292857
cc4fc22a-8fe8-5744-9bf9-1d1d674105f4,dip,extremely_close,6,3,0,7,0.28,0.34664327,0.3213163
cc4fc22a-8fe8-5744-9bf9-1d1d674105f4,dip,extremely_close,6,3,1,6,0.24,0.27114132,0.2708203
cc4fc22a-8fe8-5744-9bf9-1d1d674105f4,dip,extremely_close,6,3,2,6,0.24,0.2222055,0.2373023
cc4fc22a-8fe8-5744-9bf9-1d1d674105f4,dip,extremely_close,6,3,3,6,0.24,0.16000988,0.17056109
c2787d30-599d-5691-9ef2-dfc515d05720,wedding,extremely_close,15,3,0,7,0.5384615384615384,0.31908587,0.2974841
c2787d30-599d-5691-9ef2-dfc515d05720,wedding,extremely_close,15,3,1,1,0.0769230769230769,0.29837966,0.27377465
c2787d30-599d-5691-9ef2-dfc515d05720,wedding,extremely_close,15,3,2,2,0.1538461538461538,0.23396881,0.24111676
c2787d30-599d-5691-9ef2-dfc515d05720,wedding,extremely_close,15,3,3,3,0.2307692307692307,0.14856559,0.18762444
c2787d30-599d-5691-9ef2-dfc515d05720,gala,extremely_close,10,3,0,6,0.3529411764705882,0.37736025,0.27933165
c2787d30-599d-5691-9ef2-dfc515d05720,gala,extremely_close,10,3,1,6,0.3529411764705882,0.24683172,0.27254456
c2787d30-599d-5691-9ef2-dfc515d05720,gala,extremely_close,10,3,2,2,0.1176470588235294,0.21063499,0.25221765
c2787d30-599d-5691-9ef2-dfc515d05720,gala,extremely_close,10,3,3,3,0.1764705882352941,0.165173,0.19590618
c2787d30-599d-5691-9ef2-dfc515d05720,soup,not_close,14,0,0,3,0.25,0.3512944,0.3687841
c2787d30-599d-5691-9ef2-dfc515d05720,soup,not_close,14,0,1,3,0.25,0.31583798,0.32352978
c2787d30-599d-5691-9ef2-dfc515d05720,soup,not_close,14,0,2,3,0.25,0.18198796,0.17495361
c2787d30-599d-5691-9ef2-dfc515d05720,soup,not_close,14,0,3,3,0.25,0.15087959,0.13273244
c2787d30-599d-5691-9ef2-dfc515d05720,cooking,close,4,2,0,2,0.1111111111111111,0.3350411,0.26264983
c2787d30-599d-5691-9ef2-dfc515d05720,cooking,close,4,2,1,7,0.3888888888888889,0.301432,0.31273055
c2787d30-599d-5691-9ef2-dfc515d05720,cooking,close,4,2,2,3,0.1666666666666666,0.2060558,0.2337246
c2787d30-599d-5691-9ef2-dfc515d05720,cooking,close,4,2,3,6,0.3333333333333333,0.15747108,0.19089502
c2787d30-599d-5691-9ef2-dfc515d05720,social,close,13,2,0,6,0.3529411764705882,0.40185055,0.3784892
c2787d30-599d-5691-9ef2-dfc515d05720,social,close,13,2,1,3,0.1764705882352941,0.2581625,0.26476493
c2787d30-599d-5691-9ef2-dfc515d05720,social,close,13,2,2,5,0.2941176470588235,0.1958849,0.20696187
c2787d30-599d-5691-9ef2-dfc515d05720,social,close,13,2,3,3,0.1764705882352941,0.14410202,0.14978395
c2787d30-599d-5691-9ef2-dfc515d05720,driving,somewhat_close,8,1,0,6,0.375,0.33066627,0.3126709
c2787d30-599d-5691-9ef2-dfc515d05720,driving,somewhat_close,8,1,1,5,0.3125,0.31550372,0.329562
c2787d30-599d-5691-9ef2-dfc515d05720,driving,somewhat_close,8,1,2,2,0.125,0.212756,0.21199694
c2787d30-599d-5691-9ef2-dfc515d05720,driving,somewhat_close,8,1,3,3,0.1875,0.14107409,0.14577018
c2787d30-599d-5691-9ef2-dfc515d05720,crabs,not_close,5,0,0,6,0.5,0.34133512,0.3294243
c2787d30-599d-5691-9ef2-dfc515d05720,crabs,not_close,5,0,1,3,0.25,0.3221551,0.36001885
c2787d30-599d-5691-9ef2-dfc515d05720,crabs,not_close,5,0,2,2,0.1666666666666666,0.18072298,0.16664708
c2787d30-599d-5691-9ef2-dfc515d05720,crabs,not_close,5,0,3,1,0.0833333333333333,0.15578677,0.14390975
c2787d30-599d-5691-9ef2-dfc515d05720,basketball,somewhat_close,0,1,0,6,0.5,0.32619047,0.31074163
c2787d30-599d-5691-9ef2-dfc515d05720,basketball,somewhat_close,0,1,1,3,0.25,0.31149498,0.30840942
c2787d30-599d-5691-9ef2-dfc515d05720,basketball,somewhat_close,0,1,2,2,0.1666666666666666,0.21755591,0.22120504
c2787d30-599d-5691-9ef2-dfc515d05720,basketball,somewhat_close,0,1,3,1,0.0833333333333333,0.14475863,0.15964389
c2787d30-599d-5691-9ef2-dfc515d05720,oysters,close,12,2,0,6,0.5,0.35450813,0.32386693
c2787d30-599d-5691-9ef2-dfc515d05720,oysters,close,12,2,1,2,0.1666666666666666,0.30145344,0.29327434
c2787d30-599d-5691-9ef2-dfc515d05720,oysters,close,12,2,2,3,0.25,0.19799377,0.21184032
c2787d30-599d-5691-9ef2-dfc515d05720,oysters,close,12,2,3,1,0.0833333333333333,0.14604472,0.17101833
c2787d30-599d-5691-9ef2-dfc515d05720,birthday,somewhat_close,1,1,0,6,0.6,0.33094808,0.309631
c2787d30-599d-5691-9ef2-dfc515d05720,birthday,somewhat_close,1,1,1,2,0.2,0.31393355,0.31623533
c2787d30-599d-5691-9ef2-dfc515d05720,birthday,somewhat_close,1,1,2,1,0.1,0.21405,0.23311108
c2787d30-599d-5691-9ef2-dfc515d05720,birthday,somewhat_close,1,1,3,1,0.1,0.14106838,0.14102258
c2787d30-599d-5691-9ef2-dfc515d05720,conference,extremely_close,3,3,0,6,0.4285714285714285,0.3467783,0.3099088
c2787d30-599d-5691-9ef2-dfc515d05720,conference,extremely_close,3,3,1,5,0.3571428571428571,0.32602173,0.2874739
c2787d30-599d-5691-9ef2-dfc515d05720,conference,extremely_close,3,3,2,2,0.1428571428571428,0.1874909,0.2322446
c2787d30-599d-5691-9ef2-dfc515d05720,conference,extremely_close,3,3,3,1,0.0714285714285714,0.13970904,0.17037268
c2787d30-599d-5691-9ef2-dfc515d05720,drinks,not_close,7,0,0,7,0.5384615384615384,0.34319648,0.2994285
c2787d30-599d-5691-9ef2-dfc515d05720,drinks,not_close,7,0,1,3,0.2307692307692307,0.26716295,0.298935
c2787d30-599d-5691-9ef2-dfc515d05720,drinks,not_close,7,0,2,2,0.1538461538461538,0.22266258,0.2280769
c2787d30-599d-5691-9ef2-dfc515d05720,drinks,not_close,7,0,3,1,0.0769230769230769,0.16697805,0.1735596
c2787d30-599d-5691-9ef2-dfc515d05720,brunch,extremely_close,2,3,0,5,0.25,0.31266126,0.26310802
c2787d30-599d-5691-9ef2-dfc515d05720,brunch,extremely_close,2,3,1,6,0.3,0.29284903,0.27545908
c2787d30-599d-5691-9ef2-dfc515d05720,brunch,extremely_close,2,3,2,7,0.35,0.22538273,0.24720623
c2787d30-599d-5691-9ef2-dfc515d05720,brunch,extremely_close,2,3,3,2,0.1,0.1691069,0.21422674
c2787d30-599d-5691-9ef2-dfc515d05720,hike,close,11,2,0,6,0.4,0.3467728,0.31535208
c2787d30-599d-5691-9ef2-dfc515d05720,hike,close,11,2,1,5,0.3333333333333333,0.3240307,0.3006642
c2787d30-599d-5691-9ef2-dfc515d05720,hike,close,11,2,2,2,0.1333333333333333,0.19134435,0.20856297
c2787d30-599d-5691-9ef2-dfc515d05720,hike,close,11,2,3,2,0.1333333333333333,0.13785222,0.17542079
c2787d30-599d-5691-9ef2-dfc515d05720,dip,not_close,6,0,0,6,0.6,0.34664327,0.39242724
c2787d30-599d-5691-9ef2-dfc515d05720,dip,not_close,6,0,1,2,0.2,0.27114132,0.2466927
c2787d30-599d-5691-9ef2-dfc515d05720,dip,not_close,6,0,2,1,0.1,0.2222055,0.21824121
c2787d30-599d-5691-9ef2-dfc515d05720,dip,not_close,6,0,3,1,0.1,0.16000988,0.14263879
c2787d30-599d-5691-9ef2-dfc515d05720,fair,somewhat_close,9,1,0,5,0.3571428571428571,0.3399395,0.29991916
c2787d30-599d-5691-9ef2-dfc515d05720,fair,somewhat_close,9,1,1,6,0.4285714285714285,0.32053334,0.31271672
c2787d30-599d-5691-9ef2-dfc515d05720,fair,somewhat_close,9,1,2,2,0.1428571428571428,0.20100063,0.22270054
c2787d30-599d-5691-9ef2-dfc515d05720,fair,somewhat_close,9,1,3,1,0.0714285714285714,0.1385266,0.16466357
3a0e9a2a-1704-58c7-8547-cc2cf4a855bb,driving,close,8,2,0,2,0.1052631578947368,0.33066627,0.30398852
3a0e9a2a-1704-58c7-8547-cc2cf4a855bb,driving,close,8,2,1,6,0.3157894736842105,0.31550372,0.31212825
3a0e9a2a-1704-58c7-8547-cc2cf4a855bb,driving,close,8,2,2,5,0.2631578947368421,0.212756,0.21644199
3a0e9a2a-1704-58c7-8547-cc2cf4a855bb,driving,close,8,2,3,6,0.3157894736842105,0.14107409,0.1674413
3a0e9a2a-1704-58c7-8547-cc2cf4a855bb,basketball,close,0,2,0,1,0.0555555555555555,0.32619047,0.3229036
3a0e9a2a-1704-58c7-8547-cc2cf4a855bb,basketball,close,0,2,1,5,0.2777777777777778,0.31149498,0.29293644
3a0e9a2a-1704-58c7-8547-cc2cf4a855bb,basketball,close,0,2,2,6,0.3333333333333333,0.21755591,0.20826088
3a0e9a2a-1704-58c7-8547-cc2cf4a855bb,basketball,close,0,2,3,6,0.3333333333333333,0.14475863,0.175899
3a0e9a2a-1704-58c7-8547-cc2cf4a855bb,wedding,close,15,2,0,6,0.3157894736842105,0.31908587,0.30511737
3a0e9a2a-1704-58c7-8547-cc2cf4a855bb,wedding,close,15,2,1,3,0.1578947368421052,0.29837966,0.2728047
3a0e9a2a-1704-58c7-8547-cc2cf4a855bb,wedding,close,15,2,2,6,0.3157894736842105,0.23396881,0.2473037
3a0e9a2a-1704-58c7-8547-cc2cf4a855bb,wedding,close,15,2,3,4,0.2105263157894736,0.14856559,0.17477417
3a0e9a2a-1704-58c7-8547-cc2cf4a855bb,crabs,not_close,5,0,0,3,0.25,0.34133512,0.3294243
3a0e9a2a-1704-58c7-8547-cc2cf4a855bb,crabs,not_close,5,0,1,5,0.4166666666666667,0.3221551,0.36001885
3a0e9a2a-1704-58c7-8547-cc2cf4a855bb,crabs,not_close,5,0,2,2,0.1666666666666666,0.18072298,0.16664708
3a0e9a2a-1704-58c7-8547-cc2cf4a855bb,crabs,not_close,5,0,3,2,0.1666666666666666,0.15578677,0.14390975
3a0e9a2a-1704-58c7-8547-cc2cf4a855bb,fair,somewhat_close,9,1,0,3,0.2142857142857142,0.3399395,0.29991916
3a0e9a2a-1704-58c7-8547-cc2cf4a855bb,fair,somewhat_close,9,1,1,6,0.4285714285714285,0.32053334,0.31271672
3a0e9a2a-1704-58c7-8547-cc2cf4a855bb,fair,somewhat_close,9,1,2,3,0.2142857142857142,0.20100063,0.22270054
3a0e9a2a-1704-58c7-8547-cc2cf4a855bb,fair,somewhat_close,9,1,3,2,0.1428571428571428,0.1385266,0.16466357
3a0e9a2a-1704-58c7-8547-cc2cf4a855bb,cooking,extremely_close,4,3,0,1,0.0666666666666666,0.3350411,0.26790115
3a0e9a2a-1704-58c7-8547-cc2cf4a855bb,cooking,extremely_close,4,3,1,6,0.4,0.301432,0.30072036
3a0e9a2a-1704-58c7-8547-cc2cf4a855bb,cooking,extremely_close,4,3,2,6,0.4,0.2060558,0.23298924
3a0e9a2a-1704-58c7-8547-cc2cf4a855bb,cooking,extremely_close,4,3,3,2,0.1333333333333333,0.15747108,0.19838926
3a0e9a2a-1704-58c7-8547-cc2cf4a855bb,conference,not_close,3,0,0,3,0.2,0.3467783,0.33014685
3a0e9a2a-1704-58c7-8547-cc2cf4a855bb,conference,not_close,3,0,1,4,0.2666666666666666,0.32602173,0.3841856
3a0e9a2a-1704-58c7-8547-cc2cf4a855bb,conference,not_close,3,0,2,5,0.3333333333333333,0.1874909,0.16168493
3a0e9a2a-1704-58c7-8547-cc2cf4a855bb,conference,not_close,3,0,3,3,0.2,0.13970904,0.123982586
3a0e9a2a-1704-58c7-8547-cc2cf4a855bb,dip,not_close,6,0,0,6,0.5,0.34664327,0.39242724
3a0e9a2a-1704-58c7-8547-cc2cf4a855bb,dip,not_close,6,0,1,3,0.25,0.27114132,0.2466927
3a0e9a2a-1704-58c7-8547-cc2cf4a855bb,dip,not_close,6,0,2,2,0.1666666666666666,0.2222055,0.21824121
3a0e9a2a-1704-58c7-8547-cc2cf4a855bb,dip,not_close,6,0,3,1,0.0833333333333333,0.16000988,0.14263879
3a0e9a2a-1704-58c7-8547-cc2cf4a855bb,oysters,extremely_close,12,3,0,2,0.1818181818181818,0.35450813,0.33928892
3a0e9a2a-1704-58c7-8547-cc2cf4a855bb,oysters,extremely_close,12,3,1,5,0.4545454545454545,0.30145344,0.29421192
3a0e9a2a-1704-58c7-8547-cc2cf4a855bb,oysters,extremely_close,12,3,2,2,0.1818181818181818,0.19799377,0.2082637
3a0e9a2a-1704-58c7-8547-cc2cf4a855bb,oysters,extremely_close,12,3,3,2,0.1818181818181818,0.14604472,0.15823552
3a0e9a2a-1704-58c7-8547-cc2cf4a855bb,social,not_close,13,0,0,3,0.2142857142857142,0.40185055,0.42380705
3a0e9a2a-1704-58c7-8547-cc2cf4a855bb,social,not_close,13,0,1,5,0.3571428571428571,0.2581625,0.2471482
3a0e9a2a-1704-58c7-8547-cc2cf4a855bb,social,not_close,13,0,2,4,0.2857142857142857,0.1958849,0.1846005
3a0e9a2a-1704-58c7-8547-cc2cf4a855bb,social,not_close,13,0,3,2,0.1428571428571428,0.14410202,0.14444424
3a0e9a2a-1704-58c7-8547-cc2cf4a855bb,brunch,somewhat_close,2,1,0,2,0.1052631578947368,0.31266126,0.3116763
3a0e9a2a-1704-58c7-8547-cc2cf4a855bb,brunch,somewhat_close,2,1,1,6,0.3157894736842105,0.29284903,0.27925918
3a0e9a2a-1704-58c7-8547-cc2cf4a855bb,brunch,somewhat_close,2,1,2,6,0.3157894736842105,0.22538273,0.23974313
3a0e9a2a-1704-58c7-8547-cc2cf4a855bb,brunch,somewhat_close,2,1,3,5,0.2631578947368421,0.1691069,0.16932139
3a0e9a2a-1704-58c7-8547-cc2cf4a855bb,birthday,extremely_close,1,3,0,2,0.1176470588235294,0.33094808,0.29339695
3a0e9a2a-1704-58c7-8547-cc2cf4a855bb,birthday,extremely_close,1,3,1,6,0.3529411764705882,0.31393355,0.28846595
3a0e9a2a-1704-58c7-8547-cc2cf4a855bb,birthday,extremely_close,1,3,2,6,0.3529411764705882,0.21405,0.24154752
3a0e9a2a-1704-58c7-8547-cc2cf4a855bb,birthday,extremely_close,1,3,3,3,0.1764705882352941,0.14106838,0.1765896
3a0e9a2a-1704-58c7-8547-cc2cf4a855bb,gala,somewhat_close,10,1,0,3,0.1875,0.37736025,0.32411346
3a0e9a2a-1704-58c7-8547-cc2cf4a855bb,gala,somewhat_close,10,1,1,6,0.375,0.24683172,0.25308076
3a0e9a2a-1704-58c7-8547-cc2cf4a855bb,gala,somewhat_close,10,1,2,5,0.3125,0.21063499,0.23114428
3a0e9a2a-1704-58c7-8547-cc2cf4a855bb,gala,somewhat_close,10,1,3,2,0.125,0.165173,0.1916615
3a0e9a2a-1704-58c7-8547-cc2cf4a855bb,soup,extremely_close,14,3,0,5,0.238095238095238,0.3512944,0.31738377
3a0e9a2a-1704-58c7-8547-cc2cf4a855bb,soup,extremely_close,14,3,1,4,0.1904761904761904,0.31583798,0.29048625
3a0e9a2a-1704-58c7-8547-cc2cf4a855bb,soup,extremely_close,14,3,2,6,0.2857142857142857,0.18198796,0.21168596
3a0e9a2a-1704-58c7-8547-cc2cf4a855bb,soup,extremely_close,14,3,3,6,0.2857142857142857,0.15087959,0.18044408
3a0e9a2a-1704-58c7-8547-cc2cf4a855bb,drinks,somewhat_close,7,1,0,5,0.3571428571428571,0.34319648,0.34077784
3a0e9a2a-1704-58c7-8547-cc2cf4a855bb,drinks,somewhat_close,7,1,1,5,0.3571428571428571,0.26716295,0.2960432
3a0e9a2a-1704-58c7-8547-cc2cf4a855bb,drinks,somewhat_close,7,1,2,2,0.1428571428571428,0.22266258,0.20890208
3a0e9a2a-1704-58c7-8547-cc2cf4a855bb,drinks,somewhat_close,7,1,3,2,0.1428571428571428,0.16697805,0.15427689
3a0e9a2a-1704-58c7-8547-cc2cf4a855bb,hike,close,11,2,0,3,0.1666666666666666,0.3467728,0.31535208
3a0e9a2a-1704-58c7-8547-cc2cf4a855bb,hike,close,11,2,1,6,0.3333333333333333,0.3240307,0.3006642
3a0e9a2a-1704-58c7-8547-cc2cf4a855bb,hike,close,11,2,2,5,0.2777777777777778,0.19134435,0.20856297
3a0e9a2a-1704-58c7-8547-cc2cf4a855bb,hike,close,11,2,3,4,0.2222222222222222,0.13785222,0.17542079
e1136062-159d-5b33-ba96-7daca21b8a1c,driving,extremely_close,8,3,0,5,0.238095238095238,0.33066627,0.27924845
e1136062-159d-5b33-ba96-7daca21b8a1c,driving,extremely_close,8,3,1,6,0.2857142857142857,0.31550372,0.30885038
e1136062-159d-5b33-ba96-7daca21b8a1c,driving,extremely_close,8,3,2,5,0.238095238095238,0.212756,0.22954276
e1136062-159d-5b33-ba96-7daca21b8a1c,driving,extremely_close,8,3,3,5,0.238095238095238,0.14107409,0.18235837
e1136062-159d-5b33-ba96-7daca21b8a1c,dip,not_close,6,0,0,5,0.4166666666666667,0.34664327,0.39242724
e1136062-159d-5b33-ba96-7daca21b8a1c,dip,not_close,6,0,1,3,0.25,0.27114132,0.2466927
e1136062-159d-5b33-ba96-7daca21b8a1c,dip,not_close,6,0,2,3,0.25,0.2222055,0.21824121
e1136062-159d-5b33-ba96-7daca21b8a1c,dip,not_close,6,0,3,1,0.0833333333333333,0.16000988,0.14263879
e1136062-159d-5b33-ba96-7daca21b8a1c,soup,not_close,14,0,0,7,0.5833333333333334,0.3512944,0.3687841
e1136062-159d-5b33-ba96-7daca21b8a1c,soup,not_close,14,0,1,2,0.1666666666666666,0.31583798,0.32352978
e1136062-159d-5b33-ba96-7daca21b8a1c,soup,not_close,14,0,2,2,0.1666666666666666,0.18198796,0.17495361
e1136062-159d-5b33-ba96-7daca21b8a1c,soup,not_close,14,0,3,1,0.0833333333333333,0.15087959,0.13273244
e1136062-159d-5b33-ba96-7daca21b8a1c,wedding,extremely_close,15,3,0,7,0.5833333333333334,0.31908587,0.2974841
e1136062-159d-5b33-ba96-7daca21b8a1c,wedding,extremely_close,15,3,1,2,0.1666666666666666,0.29837966,0.27377465
e1136062-159d-5b33-ba96-7daca21b8a1c,wedding,extremely_close,15,3,2,2,0.1666666666666666,0.23396881,0.24111676
e1136062-159d-5b33-ba96-7daca21b8a1c,wedding,extremely_close,15,3,3,1,0.0833333333333333,0.14856559,0.18762444
e1136062-159d-5b33-ba96-7daca21b8a1c,crabs,not_close,5,0,0,6,0.4615384615384615,0.34133512,0.3294243
e1136062-159d-5b33-ba96-7daca21b8a1c,crabs,not_close,5,0,1,4,0.3076923076923077,0.3221551,0.36001885
e1136062-159d-5b33-ba96-7daca21b8a1c,crabs,not_close,5,0,2,2,0.1538461538461538,0.18072298,0.16664708
e1136062-159d-5b33-ba96-7daca21b8a1c,crabs,not_close,5,0,3,1,0.0769230769230769,0.15578677,0.14390975
e1136062-159d-5b33-ba96-7daca21b8a1c,gala,close,10,2,0,6,0.25,0.37736025,0.30581924
e1136062-159d-5b33-ba96-7daca21b8a1c,gala,close,10,2,1,7,0.2916666666666667,0.24683172,0.27153325
e1136062-159d-5b33-ba96-7daca21b8a1c,gala,close,10,2,2,7,0.2916666666666667,0.21063499,0.2401309
e1136062-159d-5b33-ba96-7daca21b8a1c,gala,close,10,2,3,4,0.1666666666666666,0.165173,0.18251657
e1136062-159d-5b33-ba96-7daca21b8a1c,conference,somewhat_close,3,1,0,6,0.3157894736842105,0.3467783,0.330331
e1136062-159d-5b33-ba96-7daca21b8a1c,conference,somewhat_close,3,1,1,7,0.3684210526315789,0.32602173,0.33012256
e1136062-159d-5b33-ba96-7daca21b8a1c,conference,somewhat_close,3,1,2,4,0.2105263157894736,0.1874909,0.2040172
e1136062-159d-5b33-ba96-7daca21b8a1c,conference,somewhat_close,3,1,3,2,0.1052631578947368,0.13970904,0.13552926
e1136062-159d-5b33-ba96-7daca21b8a1c,fair,not_close,9,0,0,6,0.4,0.3399395,0.33449876
e1136062-159d-5b33-ba96-7daca21b8a1c,fair,not_close,9,0,1,6,0.4,0.32053334,0.3437535
e1136062-159d-5b33-ba96-7daca21b8a1c,fair,not_close,9,0,2,2,0.1333333333333333,0.20100063,0.1889061
e1136062-159d-5b33-ba96-7daca21b8a1c,fair,not_close,9,0,3,1,0.0666666666666666,0.1385266,0.13284165
e1136062-159d-5b33-ba96-7daca21b8a1c,hike,somewhat_close,11,1,0,7,0.4375,0.3467728,0.33041134
e1136062-159d-5b33-ba96-7daca21b8a1c,hike,somewhat_close,11,1,1,5,0.3125,0.3240307,0.31247446
e1136062-159d-5b33-ba96-7daca21b8a1c,hike,somewhat_close,11,1,2,3,0.1875,0.19134435,0.20020384
e1136062-159d-5b33-ba96-7daca21b8a1c,hike,somewhat_close,11,1,3,1,0.0625,0.13785222,0.15691037
e1136062-159d-5b33-ba96-7daca21b8a1c,social,close,13,2,0,6,0.375,0.40185055,0.3784892
e1136062-159d-5b33-ba96-7daca21b8a1c,social,close,13,2,1,4,0.25,0.2581625,0.26476493
e1136062-159d-5b33-ba96-7daca21b8a1c,social,close,13,2,2,4,0.25,0.1958849,0.20696187
e1136062-159d-5b33-ba96-7daca21b8a1c,social,close,13,2,3,2,0.125,0.14410202,0.14978395
e1136062-159d-5b33-ba96-7daca21b8a1c,drinks,extremely_close,7,3,0,7,0.35,0.34319648,0.24337234
e1136062-159d-5b33-ba96-7daca21b8a1c,drinks,extremely_close,7,3,1,5,0.25,0.26716295,0.29073274
e1136062-159d-5b33-ba96-7daca21b8a1c,drinks,extremely_close,7,3,2,5,0.25,0.22266258,0.22844173
e1136062-159d-5b33-ba96-7daca21b8a1c,drinks,extremely_close,7,3,3,3,0.15,0.16697805,0.23745316
e1136062-159d-5b33-ba96-7daca21b8a1c,basketball,extremely_close,0,3,0,6,0.3,0.32619047,0.3092946
e1136062-159d-5b33-ba96-7daca21b8a1c,basketball,extremely_close,0,3,1,6,0.3,0.31149498,0.30697325
e1136062-159d-5b33-ba96-7daca21b8a1c,basketball,extremely_close,0,3,2,5,0.25,0.21755591,0.22017495
e1136062-159d-5b33-ba96-7daca21b8a1c,basketball,extremely_close,0,3,3,3,0.15,0.14475863,0.16355725
e1136062-159d-5b33-ba96-7daca21b8a1c,brunch,close,2,2,0,6,0.3333333333333333,0.31266126,0.2922043
e1136062-159d-5b33-ba96-7daca21b8a1c,brunch,close,2,2,1,6,0.3333333333333333,0.29284903,0.27890328
e1136062-159d-5b33-ba96-7daca21b8a1c,brunch,close,2,2,2,4,0.2222222222222222,0.22538273,0.2363917
e1136062-159d-5b33-ba96-7daca21b8a1c,brunch,close,2,2,3,2,0.1111111111111111,0.1691069,0.19250078
e1136062-159d-5b33-ba96-7daca21b8a1c,birthday,somewhat_close,1,1,0,7,0.5833333333333334,0.33094808,0.309631
e1136062-159d-5b33-ba96-7daca21b8a1c,birthday,somewhat_close,1,1,1,3,0.25,0.31393355,0.31623533
e1136062-159d-5b33-ba96-7daca21b8a1c,birthday,somewhat_close,1,1,2,1,0.0833333333333333,0.21405,0.23311108
e1136062-159d-5b33-ba96-7daca21b8a1c,birthday,somewhat_close,1,1,3,1,0.0833333333333333,0.14106838,0.14102258
e1136062-159d-5b33-ba96-7daca21b8a1c,oysters,close,12,2,0,5,0.5,0.35450813,0.32386693
e1136062-159d-5b33-ba96-7daca21b8a1c,oysters,close,12,2,1,2,0.2,0.30145344,0.29327434
e1136062-159d-5b33-ba96-7daca21b8a1c,oysters,close,12,2,2,2,0.2,0.19799377,0.21184032
e1136062-159d-5b33-ba96-7daca21b8a1c,oysters,close,12,2,3,1,0.1,0.14604472,0.17101833
e1136062-159d-5b33-ba96-7daca21b8a1c,cooking,somewhat_close,4,1,0,3,0.1875,0.3350411,0.302899
e1136062-159d-5b33-ba96-7daca21b8a1c,cooking,somewhat_close,4,1,1,7,0.4375,0.301432,0.3137101
e1136062-159d-5b33-ba96-7daca21b8a1c,cooking,somewhat_close,4,1,2,4,0.25,0.2060558,0.21770318
e1136062-159d-5b33-ba96-7daca21b8a1c,cooking,somewhat_close,4,1,3,2,0.125,0.15747108,0.16568774
9a37c6ea-990f-5b42-abc1-bbe495f3237b,drinks,close,7,2,0,1,0.25,0.34319648,0.2973132
9a37c6ea-990f-5b42-abc1-bbe495f3237b,drinks,close,7,2,1,1,0.25,0.26716295,0.27554834
9a37c6ea-990f-5b42-abc1-bbe495f3237b,drinks,close,7,2,2,1,0.25,0.22266258,0.23582152
9a37c6ea-990f-5b42-abc1-bbe495f3237b,drinks,close,7,2,3,1,0.25,0.16697805,0.1913169
9a37c6ea-990f-5b42-abc1-bbe495f3237b,oysters,not_close,12,0,0,4,0.25,0.35450813,0.35589477
9a37c6ea-990f-5b42-abc1-bbe495f3237b,oysters,not_close,12,0,1,4,0.25,0.30145344,0.31109774
9a37c6ea-990f-5b42-abc1-bbe495f3237b,oysters,not_close,12,0,2,4,0.25,0.19799377,0.19477606
9a37c6ea-990f-5b42-abc1-bbe495f3237b,oysters,not_close,12,0,3,4,0.25,0.14604472,0.13823144
9a37c6ea-990f-5b42-abc1-bbe495f3237b,hike,somewhat_close,11,1,0,5,0.3333333333333333,0.3467728,0.33041134
9a37c6ea-990f-5b42-abc1-bbe495f3237b,hike,somewhat_close,11,1,1,4,0.2666666666666666,0.3240307,0.31247446
9a37c6ea-990f-5b42-abc1-bbe495f3237b,hike,somewhat_close,11,1,2,3,0.2,0.19134435,0.20020384
9a37c6ea-990f-5b42-abc1-bbe495f3237b,hike,somewhat_close,11,1,3,3,0.2,0.13785222,0.15691037
9a37c6ea-990f-5b42-abc1-bbe495f3237b,fair,extremely_close,9,3,0,5,0.25,0.3399395,0.32443607
9a37c6ea-990f-5b42-abc1-bbe495f3237b,fair,extremely_close,9,3,1,6,0.3,0.32053334,0.2984974
9a37c6ea-990f-5b42-abc1-bbe495f3237b,fair,extremely_close,9,3,2,5,0.25,0.20100063,0.20797278
9a37c6ea-990f-5b42-abc1-bbe495f3237b,fair,extremely_close,9,3,3,4,0.2,0.1385266,0.16909374
9a37c6ea-990f-5b42-abc1-bbe495f3237b,conference,close,3,2,0,2,0.1333333333333333,0.3467783,0.3194244
9a37c6ea-990f-5b42-abc1-bbe495f3237b,conference,close,3,2,1,7,0.4666666666666667,0.32602173,0.30460128
9a37c6ea-990f-5b42-abc1-bbe495f3237b,conference,close,3,2,2,4,0.2666666666666666,0.1874909,0.22443041
9a37c6ea-990f-5b42-abc1-bbe495f3237b,conference,close,3,2,3,2,0.1333333333333333,0.13970904,0.15154389
9a37c6ea-990f-5b42-abc1-bbe495f3237b,wedding,somewhat_close,15,1,0,4,0.2222222222222222,0.31908587,0.32673198
9a37c6ea-990f-5b42-abc1-bbe495f3237b,wedding,somewhat_close,15,1,1,6,0.3333333333333333,0.29837966,0.2921303
9a37c6ea-990f-5b42-abc1-bbe495f3237b,wedding,somewhat_close,15,1,2,6,0.3333333333333333,0.23396881,0.23820917
9a37c6ea-990f-5b42-abc1-bbe495f3237b,wedding,somewhat_close,15,1,3,2,0.1111111111111111,0.14856559,0.14292857
9a37c6ea-990f-5b42-abc1-bbe495f3237b,dip,extremely_close,6,3,0,3,0.3333333333333333,0.34664327,0.3213163
9a37c6ea-990f-5b42-abc1-bbe495f3237b,dip,extremely_close,6,3,1,1,0.1111111111111111,0.27114132,0.2708203
9a37c6ea-990f-5b42-abc1-bbe495f3237b,dip,extremely_close,6,3,2,4,0.4444444444444444,0.2222055,0.2373023
9a37c6ea-990f-5b42-abc1-bbe495f3237b,dip,extremely_close,6,3,3,1,0.1111111111111111,0.16000988,0.17056109
9a37c6ea-990f-5b42-abc1-bbe495f3237b,social,not_close,13,0,0,6,0.5454545454545454,0.40185055,0.42380705
9a37c6ea-990f-5b42-abc1-bbe495f3237b,social,not_close,13,0,1,1,0.0909090909090909,0.2581625,0.2471482
9a37c6ea-990f-5b42-abc1-bbe495f3237b,social,not_close,13,0,2,3,0.2727272727272727,0.1958849,0.1846005
9a37c6ea-990f-5b42-abc1-bbe495f3237b,social,not_close,13,0,3,1,0.0909090909090909,0.14410202,0.14444424
9a37c6ea-990f-5b42-abc1-bbe495f3237b,cooking,not_close,4,0,0,5,0.2777777777777778,0.3350411,0.30513674
9a37c6ea-990f-5b42-abc1-bbe495f3237b,cooking,not_close,4,0,1,7,0.3888888888888889,0.301432,0.3403478
9a37c6ea-990f-5b42-abc1-bbe495f3237b,cooking,not_close,4,0,2,5,0.2777777777777778,0.2060558,0.19110213
9a37c6ea-990f-5b42-abc1-bbe495f3237b,cooking,not_close,4,0,3,1,0.0555555555555555,0.15747108,0.1634134
9a37c6ea-990f-5b42-abc1-bbe495f3237b,brunch,somewhat_close,2,1,0,4,0.2,0.31266126,0.3116763
9a37c6ea-990f-5b42-abc1-bbe495f3237b,brunch,somewhat_close,2,1,1,4,0.2,0.29284903,0.27925918
9a37c6ea-990f-5b42-abc1-bbe495f3237b,brunch,somewhat_close,2,1,2,7,0.35,0.22538273,0.23974313
9a37c6ea-990f-5b42-abc1-bbe495f3237b,brunch,somewhat_close,2,1,3,5,0.25,0.1691069,0.16932139
9a37c6ea-990f-5b42-abc1-bbe495f3237b,basketball,extremely_close,0,3,0,4,0.1904761904761904,0.32619047,0.3092946
9a37c6ea-990f-5b42-abc1-bbe495f3237b,basketball,extremely_close,0,3,1,5,0.238095238095238,0.31149498,0.30697325
9a37c6ea-990f-5b42-abc1-bbe495f3237b,basketball,extremely_close,0,3,2,6,0.2857142857142857,0.21755591,0.22017495
9a37c6ea-990f-5b42-abc1-bbe495f3237b,basketball,extremely_close,0,3,3,6,0.2857142857142857,0.14475863,0.16355725
9a37c6ea-990f-5b42-abc1-bbe495f3237b,gala,somewhat_close,10,1,0,4,0.3333333333333333,0.37736025,0.32411346
9a37c6ea-990f-5b42-abc1-bbe495f3237b,gala,somewhat_close,10,1,1,4,0.3333333333333333,0.24683172,0.25308076
9a37c6ea-990f-5b42-abc1-bbe495f3237b,gala,somewhat_close,10,1,2,2,0.1666666666666666,0.21063499,0.23114428
9a37c6ea-990f-5b42-abc1-bbe495f3237b,gala,somewhat_close,10,1,3,2,0.1666666666666666,0.165173,0.1916615
9a37c6ea-990f-5b42-abc1-bbe495f3237b,driving,extremely_close,8,3,0,3,0.15,0.33066627,0.27924845
9a37c6ea-990f-5b42-abc1-bbe495f3237b,driving,extremely_close,8,3,1,6,0.3,0.31550372,0.30885038
9a37c6ea-990f-5b42-abc1-bbe495f3237b,driving,extremely_close,8,3,2,6,0.3,0.212756,0.22954276
9a37c6ea-990f-5b42-abc1-bbe495f3237b,driving,extremely_close,8,3,3,5,0.25,0.14107409,0.18235837
9a37c6ea-990f-5b42-abc1-bbe495f3237b,crabs,close,5,2,0,5,0.2777777777777778,0.34133512,0.3152678
9a37c6ea-990f-5b42-abc1-bbe495f3237b,crabs,close,5,2,1,5,0.2777777777777778,0.3221551,0.32385492
9a37c6ea-990f-5b42-abc1-bbe495f3237b,crabs,close,5,2,2,3,0.1666666666666666,0.18072298,0.19468644
9a37c6ea-990f-5b42-abc1-bbe495f3237b,crabs,close,5,2,3,5,0.2777777777777778,0.15578677,0.16619082
9a37c6ea-990f-5b42-abc1-bbe495f3237b,birthday,not_close,1,0,0,2,0.1538461538461538,0.33094808,0.35584754
9a37c6ea-990f-5b42-abc1-bbe495f3237b,birthday,not_close,1,0,1,4,0.3076923076923077,0.31393355,0.31760582
9a37c6ea-990f-5b42-abc1-bbe495f3237b,birthday,not_close,1,0,2,5,0.3846153846153846,0.21405,0.1876142
9a37c6ea-990f-5b42-abc1-bbe495f3237b,birthday,not_close,1,0,3,2,0.1538461538461538,0.14106838,0.13893244
9a37c6ea-990f-5b42-abc1-bbe495f3237b,soup,close,14,2,0,5,0.2631578947368421,0.3512944,0.3422157
9a37c6ea-990f-5b42-abc1-bbe495f3237b,soup,close,14,2,1,6,0.3157894736842105,0.31583798,0.29969218
9a37c6ea-990f-5b42-abc1-bbe495f3237b,soup,close,14,2,2,4,0.2105263157894736,0.18198796,0.19644682
9a37c6ea-990f-5b42-abc1-bbe495f3237b,soup,close,14,2,3,4,0.2105263157894736,0.15087959,0.16164538
6c1be0b8-9b5f-574a-8236-28b13c21005f,conference,not_close,3,0,0,4,0.3333333333333333,0.3467783,0.33014685
6c1be0b8-9b5f-574a-8236-28b13c21005f,conference,not_close,3,0,1,5,0.4166666666666667,0.32602173,0.3841856
6c1be0b8-9b5f-574a-8236-28b13c21005f,conference,not_close,3,0,2,2,0.1666666666666666,0.1874909,0.16168493
6c1be0b8-9b5f-574a-8236-28b13c21005f,conference,not_close,3,0,3,1,0.0833333333333333,0.13970904,0.123982586
6c1be0b8-9b5f-574a-8236-28b13c21005f,fair,close,9,2,0,2,0.25,0.3399395,0.3417284
6c1be0b8-9b5f-574a-8236-28b13c21005f,fair,close,9,2,1,3,0.375,0.32053334,0.32354605
6c1be0b8-9b5f-574a-8236-28b13c21005f,fair,close,9,2,2,2,0.25,0.20100063,0.19540344
6c1be0b8-9b5f-574a-8236-28b13c21005f,fair,close,9,2,3,1,0.125,0.1385266,0.13932213
6c1be0b8-9b5f-574a-8236-28b13c21005f,oysters,extremely_close,12,3,0,5,0.3333333333333333,0.35450813,0.33928892
6c1be0b8-9b5f-574a-8236-28b13c21005f,oysters,extremely_close,12,3,1,6,0.4,0.30145344,0.29421192
6c1be0b8-9b5f-574a-8236-28b13c21005f,oysters,extremely_close,12,3,2,2,0.1333333333333333,0.19799377,0.2082637
6c1be0b8-9b5f-574a-8236-28b13c21005f,oysters,extremely_close,12,3,3,2,0.1333333333333333,0.14604472,0.15823552
6c1be0b8-9b5f-574a-8236-28b13c21005f,cooking,not_close,4,0,0,1,0.0666666666666666,0.3350411,0.30513674
6c1be0b8-9b5f-574a-8236-28b13c21005f,cooking,not_close,4,0,1,7,0.4666666666666667,0.301432,0.3403478
6c1be0b8-9b5f-574a-8236-28b13c21005f,cooking,not_close,4,0,2,5,0.3333333333333333,0.2060558,0.19110213
6c1be0b8-9b5f-574a-8236-28b13c21005f,cooking,not_close,4,0,3,2,0.1333333333333333,0.15747108,0.1634134
6c1be0b8-9b5f-574a-8236-28b13c21005f,hike,extremely_close,11,3,0,5,0.3125,0.3467728,0.33196965
6c1be0b8-9b5f-574a-8236-28b13c21005f,hike,extremely_close,11,3,1,5,0.3125,0.3240307,0.28882948
6c1be0b8-9b5f-574a-8236-28b13c21005f,hike,extremely_close,11,3,2,4,0.25,0.19134435,0.21154393
6c1be0b8-9b5f-574a-8236-28b13c21005f,hike,extremely_close,11,3,3,2,0.125,0.13785222,0.167657
6c1be0b8-9b5f-574a-8236-28b13c21005f,birthday,extremely_close,1,3,0,4,0.2,0.33094808,0.29339695
6c1be0b8-9b5f-574a-8236-28b13c21005f,birthday,extremely_close,1,3,1,7,0.35,0.31393355,0.28846595
6c1be0b8-9b5f-574a-8236-28b13c21005f,birthday,extremely_close,1,3,2,6,0.3,0.21405,0.24154752
6c1be0b8-9b5f-574a-8236-28b13c21005f,birthday,extremely_close,1,3,3,3,0.15,0.14106838,0.1765896
6c1be0b8-9b5f-574a-8236-28b13c21005f,crabs,somewhat_close,5,1,0,2,0.1818181818181818,0.34133512,0.3514227
6c1be0b8-9b5f-574a-8236-28b13c21005f,crabs,somewhat_close,5,1,1,6,0.5454545454545454,0.3221551,0.35142806
6c1be0b8-9b5f-574a-8236-28b13c21005f,crabs,somewhat_close,5,1,2,2,0.1818181818181818,0.18072298,0.148849
6c1be0b8-9b5f-574a-8236-28b13c21005f,crabs,somewhat_close,5,1,3,1,0.0909090909090909,0.15578677,0.14830023
6c1be0b8-9b5f-574a-8236-28b13c21005f,soup,not_close,14,0,0,7,0.5833333333333334,0.3512944,0.3687841
6c1be0b8-9b5f-574a-8236-28b13c21005f,soup,not_close,14,0,1,2,0.1666666666666666,0.31583798,0.32352978
6c1be0b8-9b5f-574a-8236-28b13c21005f,soup,not_close,14,0,2,2,0.1666666666666666,0.18198796,0.17495361
6c1be0b8-9b5f-574a-8236-28b13c21005f,soup,not_close,14,0,3,1,0.0833333333333333,0.15087959,0.13273244
6c1be0b8-9b5f-574a-8236-28b13c21005f,wedding,extremely_close,15,3,0,6,0.375,0.31908587,0.2974841
6c1be0b8-9b5f-574a-8236-28b13c21005f,wedding,extremely_close,15,3,1,5,0.3125,0.29837966,0.27377465
6c1be0b8-9b5f-574a-8236-28b13c21005f,wedding,extremely_close,15,3,2,3,0.1875,0.23396881,0.24111676
6c1be0b8-9b5f-574a-8236-28b13c21005f,wedding,extremely_close,15,3,3,2,0.125,0.14856559,0.18762444
6c1be0b8-9b5f-574a-8236-28b13c21005f,basketball,close,0,2,0,6,0.4,0.32619047,0.3229036
6c1be0b8-9b5f-574a-8236-28b13c21005f,basketball,close,0,2,1,5,0.3333333333333333,0.31149498,0.29293644
6c1be0b8-9b5f-574a-8236-28b13c21005f,basketball,close,0,2,2,2,0.1333333333333333,0.21755591,0.20826088
6c1be0b8-9b5f-574a-8236-28b13c21005f,basketball,close,0,2,3,2,0.1333333333333333,0.14475863,0.175899
6c1be0b8-9b5f-574a-8236-28b13c21005f,brunch,somewhat_close,2,1,0,4,0.2666666666666666,0.31266126,0.3116763
6c1be0b8-9b5f-574a-8236-28b13c21005f,brunch,somewhat_close,2,1,1,6,0.4,0.29284903,0.27925918
6c1be0b8-9b5f-574a-8236-28b13c21005f,brunch,somewhat_close,2,1,2,3,0.2,0.22538273,0.23974313
6c1be0b8-9b5f-574a-8236-28b13c21005f,brunch,somewhat_close,2,1,3,2,0.1333333333333333,0.1691069,0.16932139
6c1be0b8-9b5f-574a-8236-28b13c21005f,social,not_close,13,0,0,6,0.6,0.40185055,0.42380705
6c1be0b8-9b5f-574a-8236-28b13c21005f,social,not_close,13,0,1,2,0.2,0.2581625,0.2471482
6c1be0b8-9b5f-574a-8236-28b13c21005f,social,not_close,13,0,2,1,0.1,0.1958849,0.1846005
6c1be0b8-9b5f-574a-8236-28b13c21005f,social,not_close,13,0,3,1,0.1,0.14410202,0.14444424
6c1be0b8-9b5f-574a-8236-28b13c21005f,dip,somewhat_close,6,1,0,6,0.375,0.34664327,0.34845993
6c1be0b8-9b5f-574a-8236-28b13c21005f,dip,somewhat_close,6,1,1,5,0.3125,0.27114132,0.27802554
6c1be0b8-9b5f-574a-8236-28b13c21005f,dip,somewhat_close,6,1,2,4,0.25,0.2222055,0.23313951
6c1be0b8-9b5f-574a-8236-28b13c21005f,dip,somewhat_close,6,1,3,1,0.0625,0.16000988,0.14037508
6c1be0b8-9b5f-574a-8236-28b13c21005f,driving,close,8,2,0,5,0.2777777777777778,0.33066627,0.30398852
6c1be0b8-9b5f-574a-8236-28b13c21005f,driving,close,8,2,1,6,0.3333333333333333,0.31550372,0.31212825
6c1be0b8-9b5f-574a-8236-28b13c21005f,driving,close,8,2,2,5,0.2777777777777778,0.212756,0.21644199
6c1be0b8-9b5f-574a-8236-28b13c21005f,driving,close,8,2,3,2,0.1111111111111111,0.14107409,0.1674413
6c1be0b8-9b5f-574a-8236-28b13c21005f,drinks,close,7,2,0,5,0.238095238095238,0.34319648,0.2973132
6c1be0b8-9b5f-574a-8236-28b13c21005f,drinks,close,7,2,1,6,0.2857142857142857,0.26716295,0.27554834
6c1be0b8-9b5f-574a-8236-28b13c21005f,drinks,close,7,2,2,5,0.238095238095238,0.22266258,0.23582152
6c1be0b8-9b5f-574a-8236-28b13c21005f,drinks,close,7,2,3,5,0.238095238095238,0.16697805,0.1913169
6c1be0b8-9b5f-574a-8236-28b13c21005f,gala,somewhat_close,10,1,0,5,0.2941176470588235,0.37736025,0.32411346
6c1be0b8-9b5f-574a-8236-28b13c21005f,gala,somewhat_close,10,1,1,5,0.2941176470588235,0.24683172,0.25308076
6c1be0b8-9b5f-574a-8236-28b13c21005f,gala,somewhat_close,10,1,2,5,0.2941176470588235,0.21063499,0.23114428
6c1be0b8-9b5f-574a-8236-28b13c21005f,gala,somewhat_close,10,1,3,2,0.1176470588235294,0.165173,0.1916615
