scenario_label,observed_action,effort_condition,intimacy_condition,alt_idx,access_raw,access_raw_std,access,effort_raw,effort_raw_std,effort,n_runs_access,n_runs_effort,n_failures_access,n_failures_effort
basketball,action_0,low,50,0,0.0,0.0,0.0,0.0,0.0,0.0,10,10,0,0
basketball,action_0,low,50,1,0.0,0.0,0.0,0.0,0.0,0.0,10,10,0,0
basketball,action_0,low,50,2,3.0,0.0,1.0,0.3,0.45825756949558394,0.049999999999999996,10,10,0,0
basketball,action_0,low,0,0,0.0,0.0,0.0,0.0,0.0,0.0,10,10,0,0
basketball,action_0,low,0,1,0.0,0.0,0.0,0.0,0.0,0.0,10,10,0,0
basketball,action_0,low,0,2,3.0,0.0,1.0,0.3,0.45825756949558394,0.049999999999999996,10,10,0,0
basketball,action_0,high,50,0,0.0,0.0,0.0,0.0,0.0,0.0,10,10,0,0
basketball,action_0,high,50,1,0.0,0.0,0.0,0.0,0.0,0.0,10,10,0,0
basketball,action_0,high,50,2,3.0,0.0,1.0,2.0,0.0,0.3333333333333333,10,10,0,0
basketball,action_0,high,50,3,0.0,0.0,0.0,6.0,0.0,1.0,10,10,0,0
basketball,action_0,high,75,0,0.0,0.0,0.0,0.0,0.0,0.0,10,10,0,0
basketball,action_0,high,75,1,0.0,0.0,0.0,0.0,0.0,0.0,10,10,0,0
basketball,action_0,high,75,2,3.0,0.0,1.0,0.0,0.0,0.0,10,10,0,0
basketball,action_0,high,75,3,0.0,0.0,0.0,6.0,0.0,1.0,10,10,0,0
basketball,action_0,high,100,0,0.0,0.0,0.0,0.0,0.0,0.0,10,10,0,0
basketball,action_0,high,100,1,0.0,0.0,0.0,0.0,0.0,0.0,10,10,0,0
basketball,action_0,high,100,2,3.0,0.0,1.0,0.0,0.0,0.0,10,10,0,0
basketball,action_0,high,100,3,0.0,0.0,0.0,6.0,0.0,1.0,10,10,0,0
basketball,action_1,low,0,0,0.0,0.0,0.0,0.0,0.0,0.0,10,10,0,0
basketball,action_1,low,0,1,0.0,0.0,0.0,0.0,0.0,0.0,10,10,0,0
basketball,action_1,low,0,2,0.0,0.0,0.0,0.0,0.0,0.0,10,10,0,0
basketball,action_1,low,0,3,0.0,0.0,0.0,2.3,0.45825756949558405,0.3833333333333333,10,10,0,0
basketball,action_0,high,0,0,0.0,0.0,0.0,0.0,0.0,0.0,10,10,0,0
basketball,action_0,high,0,1,0.0,0.0,0.0,0.0,0.0,0.0,10,10,0,0
basketball,action_0,high,0,2,6.0,0.0,2.0,1.0,0.0,0.16666666666666666,10,10,0,0
basketball,action_0,high,0,3,0.0,0.0,0.0,6.0,0.0,1.0,10,10,0,0
basketball,action_0,low,75,0,0.0,0.0,0.0,0.0,0.0,0.0,10,10,0,0
basketball,action_0,low,75,1,0.0,0.0,0.0,0.0,0.0,0.0,10,10,0,0
basketball,action_0,low,75,2,3.0,0.0,1.0,0.3,0.45825756949558394,0.049999999999999996,10,10,0,0
basketball,action_1,low,100,0,0.0,0.0,0.0,0.0,0.0,0.0,10,10,0,0
basketball,action_1,low,100,1,0.0,0.0,0.0,0.0,0.0,0.0,10,10,0,0
basketball,action_1,low,100,2,0.0,0.0,0.0,0.0,0.0,0.0,10,10,0,0
basketball,action_1,low,100,3,6.0,0.0,2.0,0.3,0.45825756949558394,0.049999999999999996,10,10,0,0
basketball,action_1,low,50,0,0.0,0.0,0.0,0.0,0.0,0.0,10,10,0,0
basketball,action_1,low,50,1,0.0,0.0,0.0,1.3,0.45825756949558394,0.21666666666666667,10,10,0,0
basketball,action_1,low,50,2,6.0,0.0,2.0,0.3,0.45825756949558394,0.049999999999999996,10,10,0,0
basketball,action_1,low,50,3,0.0,0.0,0.0,0.3,0.45825756949558394,0.049999999999999996,10,10,0,0
basketball,action_1,high,50,0,0.0,0.0,0.0,0.0,0.0,0.0,10,10,0,0
basketball,action_1,high,50,1,0.0,0.0,0.0,0.0,0.0,0.0,10,10,0,0
basketball,action_1,high,50,2,0.0,0.0,0.0,0.0,0.0,0.0,10,10,0,0
basketball,action_1,high,50,3,6.0,0.0,2.0,0.0,0.0,0.0,10,10,0,0
basketball,action_0,low,100,0,0.0,0.0,0.0,0.0,0.0,0.0,10,10,0,0
basketball,action_0,low,100,1,0.0,0.0,0.0,0.0,0.0,0.0,10,10,0,0
basketball,action_0,low,100,2,3.0,0.0,1.0,0.3,0.45825756949558394,0.049999999999999996,10,10,0,0
basketball,action_0,low,100,3,3.0,0.0,1.0,1.0,0.0,0.16666666666666666,10,10,0,0
basketball,action_1,high,100,0,0.0,0.0,0.0,0.0,0.0,0.0,10,10,0,0
basketball,action_1,high,100,1,0.0,0.0,0.0,0.0,0.0,0.0,10,10,0,0
basketball,action_1,high,100,2,0.0,0.0,0.0,0.0,0.0,0.0,10,10,0,0
basketball,action_1,high,100,3,6.0,0.0,2.0,0.0,0.0,0.0,10,10,0,0
basketball,action_2,low,0,0,0.0,0.0,0.0,0.0,0.0,0.0,10,10,0,0
basketball,action_2,low,0,1,0.0,0.0,0.0,0.0,0.0,0.0,10,10,0,0
basketball,action_2,low,0,2,0.0,0.0,0.0,1.3,0.45825756949558394,0.21666666666666667,10,10,0,0
basketball,action_2,low,0,3,3.0,0.0,1.0,1.35,0.22912878474779202,0.225,10,10,0,0
basketball,action_1,low,75,0,0.0,0.0,0.0,0.0,0.0,0.0,10,10,0,0
basketball,action_1,low,75,1,0.0,0.0,0.0,0.0,0.0,0.0,10,10,0,0
basketball,action_1,low,75,2,0.0,0.0,0.0,0.0,0.0,0.0,10,10,0,0
basketball,action_1,low,75,3,6.0,0.0,2.0,0.3,0.45825756949558394,0.049999999999999996,10,10,0,0
basketball,action_2,low,50,0,0.0,0.0,0.0,0.0,0.0,0.0,10,10,0,0
basketball,action_2,low,50,1,0.0,0.0,0.0,0.0,0.0,0.0,10,10,0,0
basketball,action_2,low,50,2,0.0,0.0,0.0,1.3,0.45825756949558394,0.21666666666666667,10,10,0,0
basketball,action_2,low,50,3,3.0,0.0,1.0,1.0,0.0,0.16666666666666666,10,10,0,0
basketball,action_1,high,75,0,0.0,0.0,0.0,0.0,0.0,0.0,10,10,0,0
basketball,action_1,high,75,1,0.0,0.0,0.0,0.0,0.0,0.0,10,10,0,0
basketball,action_1,high,75,2,6.0,0.0,2.0,0.0,0.0,0.0,10,10,0,0
basketball,action_1,high,75,3,6.0,0.0,2.0,1.0,0.0,0.16666666666666666,10,10,0,0
basketball,action_2,high,75,0,0.0,0.0,0.0,0.0,0.0,0.0,10,10,0,0
basketball,action_2,high,75,1,0.0,0.0,0.0,0.0,0.0,0.0,10,10,0,0
basketball,action_2,high,75,2,0.0,0.0,0.0,2.1,0.3,0.35,10,10,0,0
basketball,action_2,high,75,3,3.0,0.0,1.0,2.0,0.0,0.3333333333333333,10,10,0,0
basketball,action_2,high,0,0,0.0,0.0,0.0,0.0,0.0,0.0,10,10,0,0
basketball,action_2,high,0,1,0.0,0.0,0.0,0.0,0.0,0.0,10,10,0,0
basketball,action_2,high,0,2,0.0,0.0,0.0,2.1,0.3,0.35,10,10,0,0
basketball,action_2,high,0,3,3.0,0.0,1.0,2.0,0.0,0.3333333333333333,10,10,0,0
basketball,action_2,high,0,4,0.0,0.0,0.0,6.0,0.0,1.0,10,10,0,0
basketball,action_2,high,50,0,6.0,0.0,2.0,1.0,0.0,0.16666666666666666,10,10,0,0
basketball,action_2,high,50,1,0.0,0.0,0.0,0.0,0.0,0.0,10,10,0,0
basketball,action_2,high,50,2,0.0,0.0,0.0,0.0,0.0,0.0,10,10,0,0
basketball,action_2,high,50,3,0.0,0.0,0.0,6.0,0.0,1.0,10,10,0,0
basketball,action_2,low,75,0,0.0,0.0,0.0,0.0,0.0,0.0,10,10,0,0
basketball,action_2,low,75,1,0.0,0.0,0.0,0.0,0.0,0.0,10,10,0,0
basketball,action_2,low,75,2,3.0,0.0,1.0,1.35,0.22912878474779202,0.225,10,10,0,0
basketball,action_2,low,75,3,0.0,0.0,0.0,1.3,0.45825756949558394,0.21666666666666667,10,10,0,0
basketball,action_1,high,0,0,0.0,0.0,0.0,0.0,0.0,0.0,10,10,0,0
basketball,action_1,high,0,1,0.0,0.0,0.0,0.0,0.0,0.0,10,10,0,0
basketball,action_1,high,0,2,0.0,0.0,0.0,2.1,0.3,0.35,10,10,0,0
basketball,action_1,high,0,3,0.0,0.0,0.0,6.0,0.0,1.0,10,10,0,0
basketball,action_1,high,0,4,0.0,0.0,0.0,2.1,0.3,0.35,10,10,0,0
basketball,action_2,low,100,0,0.0,0.0,0.0,0.0,0.0,0.0,10,10,0,0
basketball,action_2,low,100,1,0.0,0.0,0.0,0.0,0.0,0.0,10,10,0,0
basketball,action_2,low,100,2,0.0,0.0,0.0,1.3,0.45825756949558394,0.21666666666666667,10,10,0,0
basketball,action_2,low,100,3,3.0,0.0,1.0,1.35,0.22912878474779202,0.225,10,10,0,0
basketball,action_2,high,100,0,0.0,0.0,0.0,0.0,0.0,0.0,10,10,0,0
basketball,action_2,high,100,1,0.0,0.0,0.0,0.0,0.0,0.0,10,10,0,0
basketball,action_2,high,100,2,0.0,0.0,0.0,2.1,0.3,0.35,10,10,0,0
basketball,action_2,high,100,3,6.0,0.0,2.0,1.0,0.0,0.16666666666666666,10,10,0,0
birthday,action_0,low,0,0,2.7,0.9,0.9,2.0,0.0,0.3333333333333333,10,10,0,0
birthday,action_0,low,0,1,0.0,0.0,0.0,0.0,0.0,0.0,10,10,0,0
birthday,action_0,low,0,2,0.0,0.0,0.0,0.0,0.0,0.0,10,10,0,0
birthday,action_0,low,0,3,0.0,0.0,0.0,0.0,0.0,0.0,10,10,0,0
birthday,action_0,low,75,0,2.7,0.9,0.9,2.0,0.0,0.3333333333333333,10,10,0,0
birthday,action_0,low,75,1,0.0,0.0,0.0,0.0,0.0,0.0,10,10,0,0
birthday,action_0,low,75,2,0.0,0.0,0.0,0.0,0.0,0.0,10,10,0,0
birthday,action_0,low,75,3,0.0,0.0,0.0,0.0,0.0,0.0,10,10,0,0
birthday,action_0,low,50,0,2.7,0.9,0.9,2.0,0.0,0.3333333333333333,10,10,0,0
birthday,action_0,low,50,1,0.0,0.0,0.0,0.0,0.0,0.0,10,10,0,0
birthday,action_0,low,50,2,3.0,0.0,1.0,1.0,0.0,0.16666666666666666,10,10,0,0
birthday,action_0,low,50,3,0.0,0.0,0.0,0.0,0.0,0.0,10,10,0,0
birthday,action_0,low,100,0,2.7,0.9,0.9,2.0,0.0,0.3333333333333333,10,10,0,0
birthday,action_0,low,100,1,0.0,0.0,0.0,0.0,0.0,0.0,10,10,0,0
birthday,action_0,low,100,2,0.0,0.0,0.0,0.0,0.0,0.0,10,10,0,0
birthday,action_0,low,100,3,0.0,0.0,0.0,0.0,0.0,0.0,10,10,0,0
birthday,action_1,low,50,0,0.0,0.0,0.0,0.0,0.0,0.0,10,10,0,0
birthday,action_1,low,50,1,0.0,0.0,0.0,0.0,0.0,0.0,10,10,0,0
birthday,action_1,low,50,2,0.0,0.0,0.0,0.0,0.0,0.0,10,10,0,0
birthday,action_1,low,50,3,2.7,0.9,0.9,2.0,0.0,0.3333333333333333,10,10,0,0
birthday,action_1,low,0,0,0.0,0.0,0.0,0.0,0.0,0.0,10,10,0,0
birthday,action_1,low,0,1,0.0,0.0,0.0,0.0,0.0,0.0,10,10,0,0
birthday,action_1,low,0,2,0.0,0.0,0.0,0.0,0.0,0.0,10,10,0,0
birthday,action_1,low,0,3,0.0,0.0,0.0,3.1,0.3,0.5166666666666666,10,10,0,0
birthday,action_1,low,0,4,6.0,0.0,2.0,1.35,0.22912878474779202,0.225,10,10,0,0
birthday,action_0,high,75,0,2.7,0.9,0.9,2.0,0.0,0.3333333333333333,10,10,0,0
birthday,action_0,high,75,1,0.0,0.0,0.0,0.0,0.0,0.0,10,10,0,0
birthday,action_0,high,75,2,0.0,0.0,0.0,0.0,0.0,0.0,10,10,0,0
birthday,action_0,high,75,3,0.0,0.0,0.0,0.0,0.0,0.0,10,10,0,0
birthday,action_0,high,0,0,2.7,0.9,0.9,2.0,0.0,0.3333333333333333,10,10,0,0
birthday,action_0,high,0,1,0.0,0.0,0.0,0.0,0.0,0.0,10,10,0,0
birthday,action_0,high,0,2,0.0,0.0,0.0,0.0,0.0,0.0,10,10,0,0
birthday,action_0,high,0,3,0.0,0.0,0.0,2.8,0.714142842854285,0.4666666666666666,10,10,0,0
birthday,action_0,high,0,4,3.0,0.0,1.0,1.0,0.0,0.16666666666666666,10,10,0,0
birthday,action_0,high,50,0,2.7,0.9,0.9,2.0,0.0,0.3333333333333333,10,10,0,0
birthday,action_0,high,50,1,0.0,0.0,0.0,0.0,0.0,0.0,10,10,0,0
birthday,action_0,high,50,2,0.0,0.0,0.0,0.0,0.0,0.0,10,10,0,0
birthday,action_0,high,50,3,0.0,0.0,0.0,0.0,0.0,0.0,10,10,0,0
birthday,action_0,high,100,0,2.7,0.9,0.9,2.0,0.0,0.3333333333333333,10,10,0,0
birthday,action_0,high,100,1,0.0,0.0,0.0,0.0,0.0,0.0,10,10,0,0
birthday,action_0,high,100,2,0.0,0.0,0.0,0.0,0.0,0.0,10,10,0,0
birthday,action_0,high,100,3,0.0,0.0,0.0,2.8,0.714142842854285,0.4666666666666666,10,10,0,0
birthday,action_0,high,100,4,0.0,0.0,0.0,0.0,0.0,0.0,10,10,0,0
birthday,action_1,high,0,0,0.0,0.0,0.0,0.0,0.0,0.0,10,10,0,0
birthday,action_1,high,0,1,0.0,0.0,0.0,0.0,0.0,0.0,10,10,0,0
birthday,action_1,high,0,2,0.0,0.0,0.0,0.0,0.0,0.0,10,10,0,0
birthday,action_1,low,100,0,0.0,0.0,0.0,0.0,0.0,0.0,10,10,0,0
birthday,action_1,low,100,1,0.0,0.0,0.0,0.0,0.0,0.0,10,10,0,0
birthday,action_1,low,100,2,0.0,0.0,0.0,0.0,0.0,0.0,10,10,0,0
birthday,action_1,low,100,3,0.0,0.0,0.0,0.0,0.0,0.0,10,10,0,0
birthday,action_1,low,100,4,6.0,0.0,2.0,1.2,0.24494897427831783,0.19999999999999998,10,10,0,0
birthday,action_1,low,75,0,0.0,0.0,0.0,0.0,0.0,0.0,10,10,0,0
birthday,action_1,low,75,1,0.0,0.0,0.0,0.0,0.0,0.0,10,10,0,0
birthday,action_1,low,75,2,0.0,0.0,0.0,0.0,0.0,0.0,10,10,0,0
birthday,action_1,low,75,3,0.0,0.0,0.0,0.0,0.0,0.0,10,10,0,0
birthday,action_1,high,100,0,0.0,0.0,0.0,0.0,0.0,0.0,10,10,0,0
birthday,action_1,high,100,1,0.0,0.0,0.0,0.0,0.0,0.0,10,10,0,0
birthday,action_1,high,100,2,0.0,0.0,0.0,0.0,0.0,0.0,10,10,0,0
birthday,action_1,high,100,3,6.0,0.0,2.0,2.3,0.33166247903554,0.3833333333333333,10,10,0,0
birthday,action_1,high,50,0,0.0,0.0,0.0,0.0,0.0,0.0,10,10,0,0
birthday,action_1,high,50,1,0.0,0.0,0.0,0.0,0.0,0.0,10,10,0,0
birthday,action_1,high,50,2,0.0,0.0,0.0,0.0,0.0,0.0,10,10,0,0
birthday,action_1,high,50,3,5.4,1.8,1.8,3.8,0.714142842854285,0.6333333333333333,10,10,0,0
birthday,action_2,low,0,0,0.0,0.0,0.0,0.0,0.0,0.0,10,10,0,0
birthday,action_2,low,0,1,0.0,0.0,0.0,2.35,0.22912878474779202,0.39166666666666666,10,10,0,0
birthday,action_2,low,0,2,0.0,0.0,0.0,0.0,0.0,0.0,10,10,0,0
birthday,action_2,low,0,3,0.0,0.0,0.0,0.0,0.0,0.0,10,10,0,0
birthday,action_2,low,0,4,0.0,0.0,0.0,2.1,0.3,0.35,10,10,0,0
birthday,action_1,high,75,0,0.0,0.0,0.0,0.0,0.0,0.0,10,10,0,0
birthday,action_1,high,75,1,0.0,0.0,0.0,0.0,0.0,0.0,10,10,0,0
birthday,action_1,high,75,2,0.0,0.0,0.0,0.0,0.0,0.0,10,10,0,0
birthday,action_1,high,75,3,6.0,0.0,2.0,2.3,0.33166247903554,0.3833333333333333,10,10,0,0
birthday,action_2,low,75,0,0.0,0.0,0.0,0.0,0.0,0.0,10,10,0,0
birthday,action_2,low,75,1,0.0,0.0,0.0,0.0,0.0,0.0,10,10,0,0
birthday,action_2,low,75,2,2.1,1.374772708486752,0.7,2.0,0.0,0.3333333333333333,10,10,0,0
birthday,action_2,low,75,3,0.0,0.0,0.0,2.35,0.22912878474779202,0.39166666666666666,10,10,0,0
birthday,action_2,high,50,0,0.0,0.0,0.0,0.0,0.0,0.0,10,10,0,0
birthday,action_2,high,50,1,0.0,0.0,0.0,0.0,0.0,0.0,10,10,0,0
birthday,action_2,high,50,2,0.0,0.0,0.0,4.2,0.2449489742783178,0.7,10,10,0,0
birthday,action_2,high,50,3,0.0,0.0,0.0,0.0,0.0,0.0,10,10,0,0
birthday,action_2,high,100,0,0.0,0.0,0.0,0.0,0.0,0.0,10,10,0,0
birthday,action_2,high,100,1,0.0,0.0,0.0,0.0,0.0,0.0,10,10,0,0
birthday,action_2,high,100,2,0.0,0.0,0.0,4.2,0.2449489742783178,0.7,10,10,0,0
birthday,action_2,high,100,3,0.0,0.0,0.0,0.0,0.0,0.0,10,10,0,0
birthday,action_2,low,100,0,0.0,0.0,0.0,0.0,0.0,0.0,10,10,0,0
birthday,action_2,low,100,1,3.0,0.0,1.0,2.0,0.0,0.3333333333333333,10,10,0,0
birthday,action_2,low,100,2,0.0,0.0,0.0,0.0,0.0,0.0,10,10,0,0
birthday,action_2,low,100,3,0.0,0.0,0.0,0.0,0.0,0.0,10,10,0,0
birthday,action_2,low,50,0,0.0,0.0,0.0,0.0,0.0,0.0,10,10,0,0
birthday,action_2,low,50,1,0.0,0.0,0.0,0.0,0.0,0.0,10,10,0,0
birthday,action_2,low,50,2,0.0,0.0,0.0,0.0,0.0,0.0,10,10,0,0
birthday,action_2,low,50,3,3.0,0.0,1.0,1.4,0.3,0.2333333333333333,10,10,0,0
birthday,action_2,high,0,0,0.0,0.0,0.0,0.0,0.0,0.0,10,10,0,0
birthday,action_2,high,0,1,0.0,0.0,0.0,0.0,0.0,0.0,10,10,0,0
birthday,action_2,high,0,2,0.0,0.0,0.0,4.2,0.2449489742783178,0.7,10,10,0,0
birthday,action_2,high,0,3,0.0,0.0,0.0,0.0,0.0,0.0,10,10,0,0
birthday,action_2,high,75,0,0.0,0.0,0.0,0.0,0.0,0.0,10,10,0,0
birthday,action_2,high,75,1,0.0,0.0,0.0,0.0,0.0,0.0,10,10,0,0
birthday,action_2,high,75,2,0.0,0.0,0.0,4.2,0.2449489742783178,0.7,10,10,0,0
birthday,action_2,high,75,3,0.0,0.0,0.0,2.2,0.2449489742783178,0.3666666666666667,10,10,0,0
brunch,action_0,low,50,0,0.0,0.0,0.0,1.0,0.0,0.16666666666666666,10,10,0,0
brunch,action_0,low,50,1,0.0,0.0,0.0,0.0,0.0,0.0,10,10,0,0
brunch,action_0,low,50,2,4.6,0.9165151389911681,1.5333333333333332,1.0,0.0,0.16666666666666666,10,10,0,0
brunch,action_0,low,50,3,1.7,0.45825756949558394,0.5666666666666667,2.0,0.0,0.3333333333333333,10,10,0,0
brunch,action_0,low,0,0,0.0,0.0,0.0,0.0,0.0,0.0,10,10,0,0
brunch,action_0,low,0,1,0.0,0.0,0.0,1.0,0.0,0.16666666666666666,10,10,0,0
brunch,action_0,low,0,2,4.85,0.8077747210701757,1.6166666666666665,1.0,0.0,0.16666666666666666,10,10,0,0
brunch,action_0,low,0,3,2.2,0.2449489742783178,0.7333333333333334,1.25,0.25,0.20833333333333331,10,10,0,0
brunch,action_0,low,100,0,0.0,0.0,0.0,1.0,0.0,0.16666666666666666,10,10,0,0
brunch,action_0,low,100,1,0.0,0.0,0.0,0.0,0.0,0.0,10,10,0,0
brunch,action_0,low,100,2,4.6,0.9165151389911681,1.5333333333333332,1.0,0.0,0.16666666666666666,10,10,0,0
brunch,action_0,low,100,3,1.7,0.45825756949558394,0.5666666666666667,2.5,0.0,0.41666666666666663,10,10,0,0
brunch,action_0,low,75,0,0.0,0.0,0.0,1.0,0.0,0.16666666666666666,10,10,0,0
brunch,action_0,low,75,1,0.0,0.0,0.0,0.0,0.0,0.0,10,10,0,0
brunch,action_0,low,75,2,2.15,0.22912878474779202,0.7166666666666666,1.3,0.24494897427831783,0.21666666666666667,10,10,0,0
brunch,action_0,low,75,3,4.6,0.9165151389911681,1.5333333333333332,1.0,0.0,0.16666666666666666,10,10,0,0
brunch,action_0,high,0,0,0.0,0.0,0.0,1.2,0.4,0.19999999999999998,10,10,0,0
brunch,action_0,high,0,1,0.0,0.0,0.0,0.0,0.0,0.0,10,10,0,0
brunch,action_0,high,0,2,2.2,0.2449489742783178,0.7333333333333334,1.0699999999999998,0.35227829907617075,0.1783333333333333,10,10,0,0
brunch,action_0,high,0,3,0.0,0.0,0.0,3.55,0.35000000000000003,0.5916666666666666,10,10,0,0
brunch,action_0,high,0,4,1.3,0.6403124237432849,0.43333333333333335,2.67,0.46914816422959604,0.44499999999999995,10,10,0,0
brunch,action_1,low,0,0,5.15,0.7088723439378913,1.7166666666666668,0.8,0.24494897427831783,0.13333333333333333,10,10,0,0
brunch,action_1,low,0,1,0.0,0.0,0.0,3.5,0.0,0.5833333333333333,10,10,0,0
brunch,action_1,low,0,2,0.0,0.0,0.0,0.0,0.0,0.0,10,10,0,0
brunch,action_1,low,0,3,4.85,0.8077747210701757,1.6166666666666665,1.0,0.0,0.16666666666666666,10,10,0,0
brunch,action_0,high,100,0,0.0,0.0,0.0,1.2,0.4,0.19999999999999998,10,10,0,0
brunch,action_0,high,100,1,4.85,0.8077747210701757,1.6166666666666665,1.1300000000000001,0.349428104193123,0.18833333333333335,10,10,0,0
brunch,action_0,high,100,2,0.0,0.0,0.0,0.0,0.0,0.0,10,10,0,0
brunch,action_0,high,100,3,1.7,0.45825756949558394,0.5666666666666667,2.73,0.3257299494980466,0.45499999999999996,10,10,0,0
brunch,action_1,high,0,0,5.15,0.7088723439378913,1.7166666666666668,1.1800000000000002,0.6939740629158989,0.19666666666666668,10,10,0,0
brunch,action_1,high,0,1,0.0,0.0,0.0,0.0,0.0,0.0,10,10,0,0
brunch,action_1,high,0,2,4.85,0.8077747210701757,1.6166666666666665,1.25,0.4031128874149275,0.20833333333333331,10,10,0,0
brunch,action_1,high,0,3,0.0,0.0,0.0,4.32,0.38935844667863573,0.72,10,10,0,0
brunch,action_1,high,50,0,4.85,0.8077747210701757,1.6166666666666665,0.72,0.354400902933387,0.12,10,10,0,0
brunch,action_1,high,50,1,0.0,0.0,0.0,1.2,0.4,0.19999999999999998,10,10,0,0
brunch,action_1,high,50,2,4.25,1.2298373876248843,1.4166666666666665,1.5699999999999998,0.54230987451825,0.2616666666666666,10,10,0,0
brunch,action_1,high,50,3,0.0,0.0,0.0,0.0,0.0,0.0,10,10,0,0
brunch,action_1,low,50,0,5.15,0.7088723439378913,1.7166666666666668,0.8,0.24494897427831783,0.13333333333333333,10,10,0,0
brunch,action_1,low,50,1,1.15,0.22912878474779202,0.3833333333333333,2.3,0.2449489742783178,0.3833333333333333,10,10,0,0
brunch,action_1,low,50,2,0.0,0.0,0.0,1.0,0.0,0.16666666666666666,10,10,0,0
brunch,action_1,low,50,3,0.0,0.0,0.0,0.0,0.0,0.0,10,10,0,0
brunch,action_0,high,75,0,0.0,0.0,0.0,1.2,0.4,0.19999999999999998,10,10,0,0
brunch,action_0,high,75,1,0.0,0.0,0.0,0.95,0.15,0.15833333333333333,10,10,0,0
brunch,action_0,high,75,2,4.6,0.9165151389911681,1.5333333333333332,1.1300000000000001,0.349428104193123,0.18833333333333335,10,10,0,0
brunch,action_0,high,75,3,1.7,0.45825756949558394,0.5666666666666667,2.73,0.3257299494980466,0.45499999999999996,10,10,0,0
brunch,action_0,high,50,0,0.0,0.0,0.0,1.2,0.4,0.19999999999999998,10,10,0,0
brunch,action_0,high,50,1,0.0,0.0,0.0,0.0,0.0,0.0,10,10,0,0
brunch,action_0,high,50,2,1.85,0.5937171043518958,0.6166666666666667,1.3199999999999998,0.44899888641287294,0.21999999999999997,10,10,0,0
brunch,action_0,high,50,3,4.6,0.9165151389911681,1.5333333333333332,1.1300000000000001,0.349428104193123,0.18833333333333335,10,10,0,0
brunch,action_1,low,100,0,4.85,0.8077747210701757,1.6166666666666665,0.5,0.0,0.08333333333333333,10,10,0,0
brunch,action_1,low,100,1,0.0,0.0,0.0,1.0,0.0,0.16666666666666666,10,10,0,0
brunch,action_1,low,100,2,0.0,0.0,0.0,0.0,0.0,0.0,10,10,0,0
brunch,action_1,low,100,3,4.7,0.9,1.5666666666666667,1.1,0.48989794855663565,0.18333333333333335,10,10,0,0
brunch,action_1,high,75,0,5.15,0.7088723439378913,1.7166666666666668,1.1300000000000001,0.6870953354520754,0.18833333333333335,10,10,0,0
brunch,action_1,high,75,1,2.1,0.43588989435406733,0.7,2.7,0.33166247903553997,0.45,10,10,0,0
brunch,action_1,high,75,2,0.0,0.0,0.0,1.35,0.45,0.225,10,10,0,0
brunch,action_1,high,75,3,0.0,0.0,0.0,0.05,0.15000000000000002,0.008333333333333333,10,10,0,0
brunch,action_1,high,100,0,4.85,0.8077747210701757,1.6166666666666665,0.72,0.354400902933387,0.12,10,10,0,0
brunch,action_1,high,100,1,1.15,0.22912878474779202,0.3833333333333333,4.01,0.18138357147217057,0.6683333333333332,10,10,0,0
brunch,action_1,high,100,2,0.0,0.0,0.0,0.0,0.0,0.0,10,10,0,0
brunch,action_1,high,100,3,4.85,0.8077747210701757,1.6166666666666665,1.25,0.4031128874149275,0.20833333333333331,10,10,0,0
brunch,action_1,low,75,0,4.85,0.8077747210701757,1.6166666666666665,0.5,0.0,0.08333333333333333,10,10,0,0
brunch,action_1,low,75,1,1.15,0.22912878474779202,0.3833333333333333,2.3,0.2449489742783178,0.3833333333333333,10,10,0,0
brunch,action_1,low,75,2,0.0,0.0,0.0,1.3,0.24494897427831783,0.21666666666666667,10,10,0,0
brunch,action_1,low,75,3,0.0,0.0,0.0,0.0,0.0,0.0,10,10,0,0
brunch,action_2,low,0,0,1.75,0.51234753829798,0.5833333333333333,1.0,0.0,0.16666666666666666,10,10,0,0
brunch,action_2,low,0,1,4.6,1.0198039027185568,1.5333333333333332,0.85,0.32015621187164245,0.14166666666666666,10,10,0,0
brunch,action_2,low,0,2,1.45,0.5678908345800274,0.4833333333333333,2.3,0.2449489742783178,0.3833333333333333,10,10,0,0
brunch,action_2,low,0,3,0.0,0.0,0.0,0.0,0.0,0.0,10,10,0,0
brunch,action_2,high,50,0,1.75,0.51234753829798,0.5833333333333333,2.57,0.3925557285278104,0.4283333333333333,10,10,0,0
brunch,action_2,high,50,1,1.3,0.45825756949558405,0.43333333333333335,2.75,0.4031128874149275,0.4583333333333333,10,10,0,0
brunch,action_2,high,50,2,0.0,0.0,0.0,0.0,0.0,0.0,10,10,0,0
brunch,action_2,high,50,3,0.0,0.0,0.0,1.25,0.4031128874149275,0.20833333333333331,10,10,0,0
brunch,action_2,low,50,0,1.75,0.51234753829798,0.5833333333333333,1.15,0.22912878474779202,0.19166666666666665,10,10,0,0
brunch,action_2,low,50,1,0.0,0.0,0.0,3.5,0.0,0.5833333333333333,10,10,0,0
brunch,action_2,low,50,2,0.0,0.0,0.0,0.0,0.0,0.0,10,10,0,0
brunch,action_2,low,50,3,4.5,1.02469507659596,1.5,1.85,0.32015621187164245,0.30833333333333335,10,10,0,0
brunch,action_2,low,75,0,1.75,0.51234753829798,0.5833333333333333,1.3,0.24494897427831783,0.21666666666666667,10,10,0,0
brunch,action_2,low,75,1,1.15,0.22912878474779202,0.3833333333333333,3.1,0.19999999999999998,0.5166666666666666,10,10,0,0
brunch,action_2,low,75,2,4.6,1.0198039027185568,1.5333333333333332,1.15,0.55,0.19166666666666665,10,10,0,0
brunch,action_2,low,75,3,0.0,0.0,0.0,0.0,0.0,0.0,10,10,0,0
brunch,action_2,high,100,0,1.75,0.51234753829798,0.5833333333333333,2.62,0.3458323293158116,0.43666666666666665,10,10,0,0
brunch,action_2,high,100,1,0.0,0.0,0.0,4.32,0.38935844667863573,0.72,10,10,0,0
brunch,action_2,high,100,2,0.0,0.0,0.0,1.3,0.4,0.21666666666666667,10,10,0,0
brunch,action_2,high,100,3,0.0,0.0,0.0,0.0,0.0,0.0,10,10,0,0
brunch,action_2,low,100,0,1.75,0.51234753829798,0.5833333333333333,1.15,0.22912878474779202,0.19166666666666665,10,10,0,0
brunch,action_2,low,100,1,0.0,0.0,0.0,3.5,0.0,0.5833333333333333,10,10,0,0
brunch,action_2,low,100,2,0.0,0.0,0.0,0.0,0.0,0.0,10,10,0,0
brunch,action_2,low,100,3,4.6,1.0198039027185568,1.5333333333333332,0.95,0.4153311931459037,0.15833333333333333,10,10,0,0
brunch,action_2,high,75,0,1.75,0.51234753829798,0.5833333333333333,2.62,0.3458323293158116,0.43666666666666665,10,10,0,0
brunch,action_2,high,75,1,4.6,1.0198039027185568,1.5333333333333332,1.9300000000000002,0.5692978130996114,0.32166666666666666,10,10,0,0
brunch,action_2,high,75,2,0.0,0.0,0.0,1.2,0.4,0.19999999999999998,10,10,0,0
brunch,action_2,high,75,3,0.0,0.0,0.0,0.0,0.0,0.0,10,10,0,0
brunch,action_2,high,0,0,1.0,0.0,0.3333333333333333,1.65,0.22912878474779202,0.27499999999999997,10,10,0,0
brunch,action_2,high,0,1,4.6,1.0198039027185568,1.5333333333333332,1.58,0.6539113089708727,0.2633333333333333,10,10,0,0
brunch,action_2,high,0,2,1.45,0.5678908345800274,0.4833333333333333,2.75,0.4031128874149275,0.4583333333333333,10,10,0,0
brunch,action_2,high,0,3,0.0,0.0,0.0,0.0,0.0,0.0,10,10,0,0
takeout,action_0,low,0,0,0.0,0.0,0.0,0.0,0.0,0.0,10,10,0,0
takeout,action_0,low,0,1,0.0,0.0,0.0,2.0,0.0,0.3333333333333333,10,10,0,0
takeout,action_0,low,0,2,6.0,0.0,2.0,0.2,0.4000000000000001,0.03333333333333333,10,10,0,0
takeout,action_0,low,75,0,0.0,0.0,0.0,2.0,0.0,0.3333333333333333,10,10,0,0
takeout,action_0,low,75,1,0.0,0.0,0.0,0.0,0.0,0.0,10,10,0,0
takeout,action_0,low,75,2,0.0,0.0,0.0,0.0,0.0,0.0,10,10,0,0
takeout,action_0,low,75,3,0.0,0.0,0.0,4.8,0.39999999999999997,0.7999999999999999,10,10,0,0
takeout,action_0,high,0,0,0.0,0.0,0.0,6.0,0.0,1.0,10,10,0,0
takeout,action_0,high,0,1,0.0,0.0,0.0,6.0,0.0,1.0,10,10,0,0
takeout,action_0,high,0,2,0.0,0.0,0.0,0.0,0.0,0.0,10,10,0,0
takeout,action_0,high,0,3,0.0,0.0,0.0,0.0,0.0,0.0,10,10,0,0
takeout,action_0,low,100,0,0.0,0.0,0.0,2.0,0.0,0.3333333333333333,10,10,0,0
takeout,action_0,low,100,1,0.0,0.0,0.0,0.0,0.0,0.0,10,10,0,0
takeout,action_0,low,100,2,0.0,0.0,0.0,0.0,0.0,0.0,10,10,0,0
takeout,action_0,low,100,3,6.0,0.0,2.0,0.2,0.4000000000000001,0.03333333333333333,10,10,0,0
takeout,action_0,high,50,0,0.0,0.0,0.0,6.0,0.0,1.0,10,10,0,0
takeout,action_0,high,50,1,0.0,0.0,0.0,3.0,0.0,0.5,10,10,0,0
takeout,action_0,high,50,2,0.0,0.0,0.0,0.0,0.0,0.0,10,10,0,0
takeout,action_0,high,50,3,0.0,0.0,0.0,0.0,0.0,0.0,10,10,0,0
takeout,action_0,low,50,0,0.0,0.0,0.0,2.0,0.0,0.3333333333333333,10,10,0,0
takeout,action_0,low,50,1,0.0,0.0,0.0,0.0,0.0,0.0,10,10,0,0
takeout,action_0,low,50,2,0.0,0.0,0.0,0.0,0.0,0.0,10,10,0,0
takeout,action_0,low,50,3,6.0,0.0,2.0,0.2,0.4000000000000001,0.03333333333333333,10,10,0,0
takeout,action_1,low,0,0,0.0,0.0,0.0,0.0,0.0,0.0,10,10,0,0
takeout,action_1,low,0,1,6.0,0.0,2.0,0.2,0.4000000000000001,0.03333333333333333,10,10,0,0
takeout,action_1,low,0,2,0.0,0.0,0.0,0.0,0.0,0.0,10,10,0,0
takeout,action_1,low,0,3,0.0,0.0,0.0,4.8,0.39999999999999997,0.7999999999999999,10,10,0,0
takeout,action_0,high,75,0,0.0,0.0,0.0,6.0,0.0,1.0,10,10,0,0
takeout,action_0,high,75,1,6.0,0.0,2.0,0.0,0.0,0.0,10,10,0,0
takeout,action_0,high,75,2,0.0,0.0,0.0,0.0,0.0,0.0,10,10,0,0
takeout,action_0,high,75,3,0.0,0.0,0.0,0.0,0.0,0.0,10,10,0,0
takeout,action_0,high,100,0,0.0,0.0,0.0,6.0,0.0,1.0,10,10,0,0
takeout,action_0,high,100,1,6.0,0.0,2.0,0.0,0.0,0.0,10,10,0,0
takeout,action_0,high,100,2,0.0,0.0,0.0,3.0,0.0,0.5,10,10,0,0
takeout,action_0,high,100,3,0.0,0.0,0.0,0.0,0.0,0.0,10,10,0,0
takeout,action_0,high,100,4,0.0,0.0,0.0,0.0,0.0,0.0,10,10,0,0
takeout,action_1,low,100,0,0.0,0.0,0.0,0.0,0.0,0.0,10,10,0,0
takeout,action_1,low,100,1,6.0,0.0,2.0,0.2,0.4000000000000001,0.03333333333333333,10,10,0,0
takeout,action_1,low,100,2,0.0,0.0,0.0,0.0,0.0,0.0,10,10,0,0
takeout,action_1,low,75,0,0.0,0.0,0.0,0.0,0.0,0.0,10,10,0,0
takeout,action_1,low,75,1,6.0,0.0,2.0,0.2,0.4000000000000001,0.03333333333333333,10,10,0,0
takeout,action_1,low,75,2,0.0,0.0,0.0,0.0,0.0,0.0,10,10,0,0
takeout,action_1,low,75,3,0.0,0.0,0.0,4.8,0.39999999999999997,0.7999999999999999,10,10,0,0
takeout,action_1,low,50,0,6.0,0.0,2.0,0.2,0.4000000000000001,0.03333333333333333,10,10,0,0
takeout,action_1,low,50,1,0.0,0.0,0.0,0.0,0.0,0.0,10,10,0,0
takeout,action_1,low,50,2,0.0,0.0,0.0,4.8,0.39999999999999997,0.7999999999999999,10,10,0,0
takeout,action_1,low,50,3,6.0,0.0,2.0,0.2,0.4000000000000001,0.03333333333333333,10,10,0,0
takeout,action_1,high,50,0,6.0,0.0,2.0,0.0,0.0,0.0,10,10,0,0
takeout,action_1,high,50,1,0.0,0.0,0.0,0.0,0.0,0.0,10,10,0,0
takeout,action_1,high,50,2,0.0,0.0,0.0,6.0,0.0,1.0,10,10,0,0
takeout,action_1,high,50,3,0.0,0.0,0.0,6.0,0.0,1.0,10,10,0,0
takeout,action_1,high,50,4,0.0,0.0,0.0,0.0,0.0,0.0,10,10,0,0
takeout,action_2,low,0,0,0.0,0.0,0.0,0.0,0.0,0.0,10,10,0,0
takeout,action_2,low,0,1,0.0,0.0,0.0,2.0,0.0,0.3333333333333333,10,10,0,0
takeout,action_2,low,0,2,0.0,0.0,0.0,0.0,0.0,0.0,10,10,0,0
takeout,action_2,low,0,3,0.0,0.0,0.0,4.8,0.39999999999999997,0.7999999999999999,10,10,0,0
takeout,action_2,low,0,4,0.0,0.0,0.0,0.0,0.0,0.0,10,10,0,0
takeout,action_2,low,100,0,0.0,0.0,0.0,2.0,0.0,0.3333333333333333,10,10,0,0
takeout,action_2,low,100,1,0.0,0.0,0.0,0.0,0.0,0.0,10,10,0,0
takeout,action_2,low,100,2,0.0,0.0,0.0,0.0,0.0,0.0,10,10,0,0
takeout,action_2,low,100,3,0.0,0.0,0.0,0.0,0.0,0.0,10,10,0,0
takeout,action_2,low,75,0,0.0,0.0,0.0,2.0,0.0,0.3333333333333333,10,10,0,0
takeout,action_2,low,75,1,0.0,0.0,0.0,0.0,0.0,0.0,10,10,0,0
takeout,action_2,low,75,2,0.0,0.0,0.0,0.0,0.0,0.0,10,10,0,0
takeout,action_2,low,75,3,0.0,0.0,0.0,0.0,0.0,0.0,10,10,0,0
takeout,action_1,high,100,0,6.0,0.0,2.0,0.0,0.0,0.0,10,10,0,0
takeout,action_1,high,100,1,0.0,0.0,0.0,0.0,0.0,0.0,10,10,0,0
takeout,action_1,high,100,2,0.0,0.0,0.0,6.0,0.0,1.0,10,10,0,0
takeout,action_1,high,100,3,0.0,0.0,0.0,0.0,0.0,0.0,10,10,0,0
takeout,action_2,low,50,0,0.0,0.0,0.0,2.0,0.0,0.3333333333333333,10,10,0,0
takeout,action_2,low,50,1,0.0,0.0,0.0,0.0,0.0,0.0,10,10,0,0
takeout,action_2,low,50,2,0.0,0.0,0.0,0.2,0.4000000000000001,0.03333333333333333,10,10,0,0
takeout,action_2,low,50,3,0.0,0.0,0.0,0.0,0.0,0.0,10,10,0,0
takeout,action_2,low,50,4,0.0,0.0,0.0,0.0,0.0,0.0,10,10,0,0
takeout,action_2,high,0,0,6.0,0.0,2.0,0.0,0.0,0.0,10,10,0,0
takeout,action_2,high,0,1,0.0,0.0,0.0,0.0,0.0,0.0,10,10,0,0
takeout,action_2,high,0,2,0.0,0.0,0.0,6.0,0.0,1.0,10,10,0,0
takeout,action_2,high,0,3,0.0,0.0,0.0,0.0,0.0,0.0,10,10,0,0
takeout,action_2,high,100,0,0.0,0.0,0.0,0.0,0.0,0.0,10,10,0,0
takeout,action_2,high,100,1,0.0,0.0,0.0,6.0,0.0,1.0,10,10,0,0
takeout,action_2,high,100,2,0.0,0.0,0.0,0.0,0.0,0.0,10,10,0,0
takeout,action_2,high,100,3,0.0,0.0,0.0,0.0,0.0,0.0,10,10,0,0
takeout,action_2,high,100,4,0.0,0.0,0.0,0.0,0.0,0.0,10,10,0,0
takeout,action_1,high,0,0,0.0,0.0,0.0,0.0,0.0,0.0,10,10,0,0
takeout,action_1,high,0,1,6.0,0.0,2.0,0.0,0.0,0.0,10,10,0,0
takeout,action_1,high,0,2,0.0,0.0,0.0,0.0,0.0,0.0,10,10,0,0
takeout,action_1,high,0,3,0.0,0.0,0.0,6.0,0.0,1.0,10,10,0,0
takeout,action_1,high,0,4,0.0,0.0,0.0,0.0,0.0,0.0,10,10,0,0
takeout,action_1,high,75,0,6.0,0.0,2.0,0.0,0.0,0.0,10,10,0,0
takeout,action_1,high,75,1,0.0,0.0,0.0,0.0,0.0,0.0,10,10,0,0
takeout,action_1,high,75,2,0.0,0.0,0.0,6.0,0.0,1.0,10,10,0,0
takeout,action_1,high,75,3,0.0,0.0,0.0,0.0,0.0,0.0,10,10,0,0
takeout,action_2,high,50,0,6.0,0.0,2.0,0.0,0.0,0.0,10,10,0,0
takeout,action_2,high,50,1,0.0,0.0,0.0,0.0,0.0,0.0,10,10,0,0
takeout,action_2,high,50,2,0.0,0.0,0.0,6.0,0.0,1.0,10,10,0,0
takeout,action_2,high,50,3,0.0,0.0,0.0,0.0,0.0,0.0,10,10,0,0
takeout,action_2,high,50,4,0.0,0.0,0.0,0.0,0.0,0.0,10,10,0,0
takeout,action_2,high,75,0,6.0,0.0,2.0,0.0,0.0,0.0,10,10,0,0
takeout,action_2,high,75,1,0.0,0.0,0.0,6.0,0.0,1.0,10,10,0,0
takeout,action_2,high,75,2,0.0,0.0,0.0,0.0,0.0,0.0,10,10,0,0
takeout,action_2,high,75,3,0.0,0.0,0.0,0.0,0.0,0.0,10,10,0,0
cooking,action_0,low,50,0,3.0,0.0,1.0,2.0,0.0,0.3333333333333333,10,10,0,0
cooking,action_0,low,50,1,0.0,0.0,0.0,0.0,0.0,0.0,10,10,0,0
cooking,action_0,low,50,2,3.0,0.0,1.0,4.0,0.0,0.6666666666666666,10,10,0,0
cooking,action_0,low,50,3,0.0,0.0,0.0,0.0,0.0,0.0,10,10,0,0
cooking,action_0,low,0,0,3.0,0.0,1.0,2.0,0.0,0.3333333333333333,10,10,0,0
cooking,action_0,low,0,1,0.0,0.0,0.0,0.9,0.30000000000000004,0.15,10,10,0,0
cooking,action_0,low,0,2,0.0,0.0,0.0,0.0,0.0,0.0,10,10,0,0
cooking,action_0,low,0,3,3.0,0.0,1.0,2.0,0.0,0.3333333333333333,10,10,0,0
cooking,action_1,low,0,0,6.0,0.0,2.0,1.0,0.0,0.16666666666666666,10,10,0,0
cooking,action_1,low,0,1,0.0,0.0,0.0,2.0,0.0,0.3333333333333333,10,10,0,0
cooking,action_1,low,0,2,6.0,0.0,2.0,2.0,0.0,0.3333333333333333,10,10,0,0
cooking,action_1,low,0,3,0.0,0.0,0.0,0.0,0.0,0.0,10,10,0,0
cooking,action_0,high,75,0,2.4,1.2,0.7999999999999999,4.9,0.3,0.8166666666666667,10,10,0,0
cooking,action_0,high,75,1,3.0,0.0,1.0,1.0,0.0,0.16666666666666666,10,10,0,0
cooking,action_0,high,75,2,0.0,0.0,0.0,0.0,0.0,0.0,10,10,0,0
cooking,action_0,high,100,0,3.0,0.0,1.0,1.0,0.0,0.16666666666666666,10,10,0,0
cooking,action_0,high,100,1,0.0,0.0,0.0,4.9,0.3,0.8166666666666667,10,10,0,0
cooking,action_0,high,100,2,3.0,0.0,1.0,1.0,0.0,0.16666666666666666,10,10,0,0
cooking,action_0,high,100,3,3.0,0.0,1.0,3.9,0.3,0.6499999999999999,10,10,0,0
cooking,action_0,high,100,4,0.0,0.0,0.0,0.4,0.4898979485566356,0.06666666666666667,10,10,0,0
cooking,action_0,high,50,0,3.0,0.0,1.0,4.9,0.3,0.8166666666666667,10,10,0,0
cooking,action_0,high,50,1,3.0,0.0,1.0,1.0,0.0,0.16666666666666666,10,10,0,0
cooking,action_0,high,50,2,0.0,0.0,0.0,0.0,0.0,0.0,10,10,0,0
cooking,action_0,high,50,3,3.0,0.0,1.0,3.9,0.3,0.6499999999999999,10,10,0,0
cooking,action_0,low,75,0,3.0,0.0,1.0,2.0,0.0,0.3333333333333333,10,10,0,0
cooking,action_0,low,75,1,0.0,0.0,0.0,5.0,0.0,0.8333333333333333,10,10,0,0
cooking,action_0,low,75,2,0.0,0.0,0.0,2.0,0.0,0.3333333333333333,10,10,0,0
cooking,action_0,low,75,3,3.0,0.0,1.0,3.0,0.0,0.5,10,10,0,0
cooking,action_0,low,100,0,3.0,0.0,1.0,2.0,0.0,0.3333333333333333,10,10,0,0
cooking,action_0,low,100,1,0.0,0.0,0.0,0.0,0.0,0.0,10,10,0,0
cooking,action_0,low,100,2,3.0,0.0,1.0,4.0,0.0,0.6666666666666666,10,10,0,0
cooking,action_0,low,100,3,0.0,0.0,0.0,0.0,0.0,0.0,10,10,0,0
cooking,action_1,low,50,0,6.0,0.0,2.0,1.0,0.0,0.16666666666666666,10,10,0,0
cooking,action_1,low,50,1,0.0,0.0,0.0,2.0,0.0,0.3333333333333333,10,10,0,0
cooking,action_1,low,50,2,6.0,0.0,2.0,2.0,0.0,0.3333333333333333,10,10,0,0
cooking,action_1,low,50,3,0.0,0.0,0.0,0.9,0.30000000000000004,0.15,10,10,0,0
cooking,action_1,high,0,0,0.0,0.0,0.0,4.9,0.3,0.8166666666666667,10,10,0,0
cooking,action_1,high,0,1,3.0,0.0,1.0,1.0,0.0,0.16666666666666666,10,10,0,0
cooking,action_1,high,0,2,6.0,0.0,2.0,1.0,0.0,0.16666666666666666,10,10,0,0
cooking,action_1,high,0,3,0.0,0.0,0.0,2.9,0.3,0.4833333333333333,10,10,0,0
cooking,action_1,high,100,0,6.0,0.0,2.0,1.0,0.0,0.16666666666666666,10,10,0,0
cooking,action_1,high,100,1,3.0,0.0,1.0,3.9,0.3,0.6499999999999999,10,10,0,0
cooking,action_1,high,100,2,0.0,0.0,0.0,4.9,0.3,0.8166666666666667,10,10,0,0
cooking,action_1,high,100,3,3.0,0.0,1.0,2.0,0.0,0.3333333333333333,10,10,0,0
cooking,action_0,high,0,0,3.0,0.0,1.0,4.9,0.3,0.8166666666666667,10,10,0,0
cooking,action_0,high,0,1,3.0,0.0,1.0,2.9,0.3,0.4833333333333333,10,10,0,0
cooking,action_0,high,0,2,6.0,0.0,2.0,3.9,0.3,0.6499999999999999,10,10,0,0
cooking,action_0,high,0,3,6.0,0.0,2.0,3.9,0.3,0.6499999999999999,10,10,0,0
cooking,action_0,high,0,4,3.0,0.0,1.0,3.9,0.3,0.6499999999999999,10,10,0,0
cooking,action_1,low,100,0,6.0,0.0,2.0,1.0,0.0,0.16666666666666666,10,10,0,0
cooking,action_1,low,100,1,0.0,0.0,0.0,2.0,0.0,0.3333333333333333,10,10,0,0
cooking,action_1,low,100,2,6.0,0.0,2.0,2.0,0.0,0.3333333333333333,10,10,0,0
cooking,action_1,low,100,3,0.0,0.0,0.0,0.0,0.0,0.0,10,10,0,0
cooking,action_2,low,0,0,2.4,1.2,0.7999999999999999,2.0,0.0,0.3333333333333333,10,10,0,0
cooking,action_2,low,0,1,0.0,0.0,0.0,2.0,0.0,0.3333333333333333,10,10,0,0
cooking,action_2,low,0,2,0.0,0.0,0.0,2.0,0.0,0.3333333333333333,10,10,0,0
cooking,action_2,low,0,3,3.0,0.0,1.0,2.0,0.0,0.3333333333333333,10,10,0,0
cooking,action_1,high,75,0,6.0,0.0,2.0,1.0,0.0,0.16666666666666666,10,10,0,0
cooking,action_1,high,75,1,3.0,0.0,1.0,4.7,0.45825756949558405,0.7833333333333333,10,10,0,0
cooking,action_1,high,75,2,0.0,0.0,0.0,4.9,0.3,0.8166666666666667,10,10,0,0
cooking,action_1,high,75,3,6.0,0.0,2.0,2.0,0.0,0.3333333333333333,10,10,0,0
cooking,action_1,high,50,0,6.0,0.0,2.0,1.0,0.0,0.16666666666666666,10,10,0,0
cooking,action_1,high,50,1,0.0,0.0,0.0,4.9,0.3,0.8166666666666667,10,10,0,0
cooking,action_1,high,50,2,3.0,0.0,1.0,1.0,0.0,0.16666666666666666,10,10,0,0
cooking,action_1,high,50,3,0.0,0.0,0.0,1.0,0.0,0.16666666666666666,10,10,0,0
cooking,action_1,low,75,0,6.0,0.0,2.0,2.0,0.0,0.3333333333333333,10,10,0,0
cooking,action_1,low,75,1,3.0,0.0,1.0,1.0,0.0,0.16666666666666666,10,10,0,0
cooking,action_1,low,75,2,0.0,0.0,0.0,2.0,0.0,0.3333333333333333,10,10,0,0
cooking,action_1,low,75,3,6.0,0.0,2.0,2.5,0.5,0.41666666666666663,10,10,0,0
cooking,action_2,low,100,0,0.3,0.9000000000000001,0.09999999999999999,2.0,0.0,0.3333333333333333,10,10,0,0
cooking,action_2,low,100,1,3.0,0.0,1.0,2.0,0.0,0.3333333333333333,10,10,0,0
cooking,action_2,low,100,2,0.0,0.0,0.0,2.0,0.0,0.3333333333333333,10,10,0,0
cooking,action_2,low,100,3,3.0,0.0,1.0,1.0,0.0,0.16666666666666666,10,10,0,0
cooking,action_2,low,50,0,0.3,0.9000000000000001,0.09999999999999999,2.0,0.0,0.3333333333333333,10,10,0,0
cooking,action_2,low,50,1,0.0,0.0,0.0,2.0,0.0,0.3333333333333333,10,10,0,0
cooking,action_2,low,50,2,0.0,0.0,0.0,2.0,0.0,0.3333333333333333,10,10,0,0
cooking,action_2,low,50,3,0.0,0.0,0.0,1.0,0.0,0.16666666666666666,10,10,0,0
cooking,action_2,low,75,0,0.3,0.9000000000000001,0.09999999999999999,2.0,0.0,0.3333333333333333,10,10,0,0
cooking,action_2,low,75,1,2.4,1.2,0.7999999999999999,2.0,0.0,0.3333333333333333,10,10,0,0
cooking,action_2,low,75,2,3.0,0.0,1.0,1.0,0.0,0.16666666666666666,10,10,0,0
cooking,action_2,low,75,3,0.0,0.0,0.0,2.0,0.0,0.3333333333333333,10,10,0,0
cooking,action_2,high,0,0,0.0,0.0,0.0,4.9,0.3,0.8166666666666667,10,10,0,0
cooking,action_2,high,0,1,3.0,0.0,1.0,1.0,0.0,0.16666666666666666,10,10,0,0
cooking,action_2,high,0,2,2.4,1.2,0.7999999999999999,2.9,0.3,0.4833333333333333,10,10,0,0
cooking,action_2,high,75,0,3.0,0.0,1.0,4.9,0.3,0.8166666666666667,10,10,0,0
cooking,action_2,high,75,1,3.0,0.0,1.0,1.0,0.0,0.16666666666666666,10,10,0,0
cooking,action_2,high,75,2,2.4,1.2,0.7999999999999999,2.9,0.3,0.4833333333333333,10,10,0,0
cooking,action_2,high,75,3,0.0,0.0,0.0,4.9,0.3,0.8166666666666667,10,10,0,0
cooking,action_2,high,50,0,0.0,0.0,0.0,4.9,0.3,0.8166666666666667,10,10,0,0
cooking,action_2,high,50,1,3.0,0.0,1.0,1.0,0.0,0.16666666666666666,10,10,0,0
cooking,action_2,high,50,2,0.0,0.0,0.0,1.0,0.0,0.16666666666666666,10,10,0,0
cooking,action_2,high,50,3,3.0,0.0,1.0,2.9,0.3,0.4833333333333333,10,10,0,0
cooking,action_2,high,100,0,0.0,0.0,0.0,4.9,0.3,0.8166666666666667,10,10,0,0
cooking,action_2,high,100,1,3.0,0.0,1.0,1.0,0.0,0.16666666666666666,10,10,0,0
cooking,action_2,high,100,2,3.0,0.0,1.0,2.0,0.0,0.3333333333333333,10,10,0,0
cooking,action_2,high,100,3,3.0,0.0,1.0,4.9,0.3,0.8166666666666667,10,10,0,0
apples,action_0,low,0,0,0.0,0.0,0.0,0.5,0.0,0.08333333333333333,10,10,0,0
apples,action_0,low,0,1,6.0,0.0,2.0,1.0,0.0,0.16666666666666666,10,10,0,0
apples,action_0,low,0,2,6.0,0.0,2.0,0.5,0.0,0.08333333333333333,10,10,0,0
apples,action_0,low,0,3,0.0,0.0,0.0,0.0,0.0,0.0,10,10,0,0
apples,action_0,low,75,0,0.0,0.0,0.0,0.5,0.0,0.08333333333333333,10,10,0,0
apples,action_0,low,75,1,6.0,0.0,2.0,1.0,0.0,0.16666666666666666,10,10,0,0
apples,action_0,low,75,2,6.0,0.0,2.0,0.1,0.20000000000000004,0.016666666666666666,10,10,0,0
apples,action_0,low,50,0,0.0,0.0,0.0,0.5,0.0,0.08333333333333333,10,10,0,0
apples,action_0,low,50,1,6.0,0.0,2.0,1.0,0.0,0.16666666666666666,10,10,0,0
apples,action_0,low,50,2,6.0,0.0,2.0,0.5,0.0,0.08333333333333333,10,10,0,0
apples,action_0,low,50,3,3.0,0.0,1.0,0.65,0.22912878474779197,0.10833333333333334,10,10,0,0
apples,action_0,low,100,0,0.0,0.0,0.0,0.5,0.0,0.08333333333333333,10,10,0,0
apples,action_0,low,100,1,6.0,0.0,2.0,1.0,0.0,0.16666666666666666,10,10,0,0
apples,action_0,low,100,2,6.0,0.0,2.0,0.1,0.20000000000000004,0.016666666666666666,10,10,0,0
apples,action_0,high,0,0,6.0,0.0,2.0,0.7,0.24494897427831783,0.11666666666666665,10,10,0,0
apples,action_0,high,0,1,0.0,0.0,0.0,6.0,0.0,1.0,10,10,0,0
apples,action_0,high,0,2,0.0,0.0,0.0,1.3,0.45825756949558405,0.21666666666666667,10,10,0,0
apples,action_0,high,0,3,0.0,0.0,0.0,1.0,0.0,0.16666666666666666,10,10,0,0
apples,action_0,high,100,0,0.0,0.0,0.0,6.0,0.0,1.0,10,10,0,0
apples,action_0,high,100,1,6.0,0.0,2.0,2.7,0.45825756949558405,0.45,10,10,0,0
apples,action_0,high,100,2,6.0,0.0,2.0,0.7,0.24494897427831783,0.11666666666666665,10,10,0,0
apples,action_0,high,100,3,0.0,0.0,0.0,1.3,0.45825756949558405,0.21666666666666667,10,10,0,0
apples,action_0,high,75,0,6.0,0.0,2.0,0.7,0.24494897427831783,0.11666666666666665,10,10,0,0
apples,action_0,high,75,1,0.0,0.0,0.0,6.0,0.0,1.0,10,10,0,0
apples,action_0,high,75,2,0.0,0.0,0.0,0.3,0.45825756949558394,0.049999999999999996,10,10,0,0
apples,action_0,high,75,3,6.0,0.0,2.0,0.0,0.0,0.0,10,10,0,0
apples,action_1,low,50,0,3.0,0.0,1.0,0.65,0.22912878474779197,0.10833333333333334,10,10,0,0
apples,action_1,low,50,1,0.0,0.0,0.0,0.0,0.0,0.0,10,10,0,0
apples,action_1,low,50,2,6.0,0.0,2.0,0.5,0.0,0.08333333333333333,10,10,0,0
apples,action_1,low,50,3,0.0,0.0,0.0,0.5,0.0,0.08333333333333333,10,10,0,0
apples,action_1,low,0,0,6.0,0.0,2.0,0.5,0.0,0.08333333333333333,10,10,0,0
apples,action_1,low,0,1,0.0,0.0,0.0,0.0,0.0,0.0,10,10,0,0
apples,action_1,low,0,2,3.0,0.0,1.0,2.0,0.0,0.3333333333333333,10,10,0,0
apples,action_1,low,0,3,2.7,0.9,0.9,2.0,0.0,0.3333333333333333,10,10,0,0
apples,action_0,high,50,0,6.0,0.0,2.0,0.7,0.24494897427831783,0.11666666666666665,10,10,0,0
apples,action_0,high,50,1,0.0,0.0,0.0,6.0,0.0,1.0,10,10,0,0
apples,action_0,high,50,2,0.0,0.0,0.0,1.0,0.0,0.16666666666666666,10,10,0,0
apples,action_0,high,50,3,0.0,0.0,0.0,4.6,2.1540659228538015,0.7666666666666666,10,10,0,0
apples,action_1,high,0,0,0.0,0.0,0.0,6.0,0.0,1.0,10,10,0,0
apples,action_1,high,0,1,6.0,0.0,2.0,0.85,0.22912878474779197,0.14166666666666666,10,10,0,0
apples,action_1,high,0,2,0.0,0.0,0.0,0.0,0.0,0.0,10,10,0,0
apples,action_1,low,75,0,6.0,0.0,2.0,0.5,0.0,0.08333333333333333,10,10,0,0
apples,action_1,low,75,1,3.0,0.0,1.0,0.65,0.22912878474779197,0.10833333333333334,10,10,0,0
apples,action_1,low,75,2,0.0,0.0,0.0,0.0,0.0,0.0,10,10,0,0
apples,action_1,low,75,3,6.0,0.0,2.0,1.0,0.0,0.16666666666666666,10,10,0,0
apples,action_1,low,100,0,6.0,0.0,2.0,0.5,0.0,0.08333333333333333,10,10,0,0
apples,action_1,low,100,1,3.0,0.0,1.0,0.65,0.22912878474779197,0.10833333333333334,10,10,0,0
apples,action_1,low,100,2,0.0,0.0,0.0,0.0,0.0,0.0,10,10,0,0
apples,action_1,low,100,3,6.0,0.0,2.0,1.0,0.0,0.16666666666666666,10,10,0,0
apples,action_1,high,75,0,0.0,0.0,0.0,6.0,0.0,1.0,10,10,0,0
apples,action_1,high,75,1,6.0,0.0,2.0,0.85,0.22912878474779197,0.14166666666666666,10,10,0,0
apples,action_1,high,75,2,0.0,0.0,0.0,0.0,0.0,0.0,10,10,0,0
apples,action_2,low,75,0,0.0,0.0,0.0,0.5,0.0,0.08333333333333333,10,10,0,0
apples,action_2,low,75,1,0.0,0.0,0.0,0.0,0.0,0.0,10,10,0,0
apples,action_2,low,75,2,0.0,0.0,0.0,1.0,0.0,0.16666666666666666,10,10,0,0
apples,action_2,low,50,0,0.0,0.0,0.0,0.5,0.0,0.08333333333333333,10,10,0,0
apples,action_2,low,50,1,0.0,0.0,0.0,0.0,0.0,0.0,10,10,0,0
apples,action_2,low,50,2,0.0,0.0,0.0,2.0,0.0,0.3333333333333333,10,10,0,0
apples,action_2,low,50,3,0.0,0.0,0.0,5.0,0.0,0.8333333333333333,10,10,0,0
apples,action_1,high,50,0,0.0,0.0,0.0,6.0,0.0,1.0,10,10,0,0
apples,action_1,high,50,1,6.0,0.0,2.0,0.7,0.24494897427831783,0.11666666666666665,10,10,0,0
apples,action_1,high,50,2,0.0,0.0,0.0,6.0,0.0,1.0,10,10,0,0
apples,action_1,high,50,3,0.0,0.0,0.0,0.0,0.0,0.0,10,10,0,0
apples,action_2,low,0,0,0.0,0.0,0.0,0.5,0.0,0.08333333333333333,10,10,0,0
apples,action_2,low,0,1,0.0,0.0,0.0,0.0,0.0,0.0,10,10,0,0
apples,action_2,low,0,2,0.0,0.0,0.0,1.7,0.45825756949558394,0.2833333333333333,10,10,0,0
apples,action_2,low,0,3,0.0,0.0,0.0,0.0,0.0,0.0,10,10,0,0
apples,action_2,low,100,0,0.0,0.0,0.0,0.5,0.0,0.08333333333333333,10,10,0,0
apples,action_2,low,100,1,0.0,0.0,0.0,0.0,0.0,0.0,10,10,0,0
apples,action_2,low,100,2,0.0,0.0,0.0,1.0,0.0,0.16666666666666666,10,10,0,0
apples,action_2,low,100,3,0.0,0.0,0.0,0.0,0.0,0.0,10,10,0,0
apples,action_1,high,100,0,6.0,0.0,2.0,0.7,0.24494897427831783,0.11666666666666665,10,10,0,0
apples,action_1,high,100,1,0.0,0.0,0.0,0.0,0.0,0.0,10,10,0,0
apples,action_1,high,100,2,0.0,0.0,0.0,6.0,0.0,1.0,10,10,0,0
apples,action_1,high,100,3,0.0,0.0,0.0,6.0,0.0,1.0,10,10,0,0
apples,action_2,high,50,0,0.0,0.0,0.0,0.0,0.0,0.0,10,10,0,0
apples,action_2,high,50,1,0.0,0.0,0.0,6.0,0.0,1.0,10,10,0,0
apples,action_2,high,50,2,3.0,0.0,1.0,6.0,0.0,1.0,10,10,0,0
apples,action_2,high,50,3,0.0,0.0,0.0,1.3,0.45825756949558405,0.21666666666666667,10,10,0,0
apples,action_2,high,100,0,0.0,0.0,0.0,0.0,0.0,0.0,10,10,0,0
apples,action_2,high,100,1,0.0,0.0,0.0,6.0,0.0,1.0,10,10,0,0
apples,action_2,high,100,2,0.0,0.0,0.0,1.3,0.45825756949558405,0.21666666666666667,10,10,0,0
apples,action_2,high,100,3,0.0,0.0,0.0,0.0,0.0,0.0,10,10,0,0
apples,action_2,high,0,0,0.0,0.0,0.0,0.0,0.0,0.0,10,10,0,0
apples,action_2,high,0,1,0.0,0.0,0.0,6.0,0.0,1.0,10,10,0,0
apples,action_2,high,0,2,3.0,0.0,1.0,6.0,0.0,1.0,10,10,0,0
apples,action_2,high,0,3,0.0,0.0,0.0,1.0,0.0,0.16666666666666666,10,10,0,0
apples,action_2,high,75,0,0.0,0.0,0.0,0.0,0.0,0.0,10,10,0,0
apples,action_2,high,75,1,6.0,0.0,2.0,6.0,0.0,1.0,10,10,0,0
apples,action_2,high,75,2,3.0,0.0,1.0,6.0,0.0,1.0,10,10,0,0
apples,action_2,high,75,3,0.0,0.0,0.0,1.3,0.45825756949558405,0.21666666666666667,10,10,0,0
dip,action_0,low,75,0,0.0,0.0,0.0,3.0,0.0,0.5,10,10,0,0
dip,action_0,low,75,1,0.0,0.0,0.0,2.0,0.0,0.3333333333333333,10,10,0,0
dip,action_0,low,75,2,3.0,0.0,1.0,1.3,0.24494897427831783,0.21666666666666667,10,10,0,0
dip,action_0,low,75,3,1.5,1.5,0.5,3.4,0.19999999999999998,0.5666666666666667,10,10,0,0
dip,action_0,low,0,0,0.0,0.0,0.0,2.5,0.0,0.41666666666666663,10,10,0,0
dip,action_0,low,0,1,1.5,1.5,0.5,3.0,0.0,0.5,10,10,0,0
dip,action_0,low,0,2,3.0,0.0,1.0,1.3,0.24494897427831783,0.21666666666666667,10,10,0,0
dip,action_0,low,0,3,3.0,0.0,1.0,2.5,0.0,0.41666666666666663,10,10,0,0
dip,action_0,high,75,0,1.5,1.5,0.5,3.5,0.0,0.5833333333333333,10,10,0,0
dip,action_0,high,75,1,0.0,0.0,0.0,2.1,0.19999999999999998,0.35,10,10,0,0
dip,action_0,high,75,2,0.0,0.0,0.0,2.1,0.19999999999999998,0.35,10,10,0,0
dip,action_0,high,75,3,0.0,0.0,0.0,3.1,0.19999999999999998,0.5166666666666666,10,10,0,0
dip,action_0,low,50,0,1.5,1.5,0.5,3.0,0.0,0.5,10,10,0,0
dip,action_0,low,50,1,0.0,0.0,0.0,1.0,0.0,0.16666666666666666,10,10,0,0
dip,action_0,low,50,2,0.0,0.0,0.0,1.0,0.0,0.16666666666666666,10,10,0,0
dip,action_0,low,50,3,3.0,0.0,1.0,3.5,0.0,0.5833333333333333,10,10,0,0
dip,action_0,low,100,0,0.0,0.0,0.0,2.5,0.0,0.41666666666666663,10,10,0,0
dip,action_0,low,100,1,1.5,1.5,0.5,3.0,0.0,0.5,10,10,0,0
dip,action_0,low,100,2,3.0,0.0,1.0,1.3,0.24494897427831783,0.21666666666666667,10,10,0,0
dip,action_0,low,100,3,3.0,0.0,1.0,2.65,0.22912878474779202,0.44166666666666665,10,10,0,0
dip,action_0,high,100,0,1.5,1.5,0.5,4.0,0.0,0.6666666666666666,10,10,0,0
dip,action_0,high,100,1,0.0,0.0,0.0,2.5,0.0,0.41666666666666663,10,10,0,0
dip,action_0,high,100,2,0.0,0.0,0.0,2.5,0.0,0.41666666666666663,10,10,0,0
dip,action_0,high,100,3,2.7,0.9,0.9,5.05,0.15,0.8416666666666666,10,10,0,0
dip,action_0,high,50,0,1.5,1.5,0.5,4.0,0.0,0.6666666666666666,10,10,0,0
dip,action_0,high,50,1,0.0,0.0,0.0,2.5,0.0,0.41666666666666663,10,10,0,0
dip,action_0,high,50,2,0.0,0.0,0.0,2.5,0.0,0.41666666666666663,10,10,0,0
dip,action_0,high,50,3,3.0,0.0,1.0,5.55,0.15,0.9249999999999999,10,10,0,0
dip,action_1,low,0,0,0.0,0.0,0.0,2.9,0.19999999999999998,0.4833333333333333,10,10,0,0
dip,action_1,low,0,1,3.0,0.0,1.0,4.6,0.19999999999999998,0.7666666666666666,10,10,0,0
dip,action_1,low,0,2,0.0,0.0,0.0,2.95,0.2692582403567252,0.4916666666666667,10,10,0,0
dip,action_1,low,0,3,6.0,0.0,2.0,0.5,0.0,0.08333333333333333,10,10,0,0
dip,action_0,high,0,0,0.0,0.0,0.0,2.5,0.0,0.41666666666666663,10,10,0,0
dip,action_0,high,0,1,0.0,0.0,0.0,2.5,0.0,0.41666666666666663,10,10,0,0
dip,action_0,high,0,2,3.0,0.0,1.0,5.55,0.15,0.9249999999999999,10,10,0,0
dip,action_0,high,0,3,3.0,0.0,1.0,3.1,0.19999999999999998,0.5166666666666666,10,10,0,0
dip,action_1,high,0,0,3.6,1.2,1.2,3.5,0.0,0.5833333333333333,10,10,0,0
dip,action_1,high,0,1,3.6,1.2,1.2,3.2,0.2449489742783178,0.5333333333333333,10,10,0,0
dip,action_1,high,0,2,0.0,0.0,0.0,0.0,0.0,0.0,10,10,0,0
dip,action_1,high,0,3,3.6,1.2,1.2,3.0,0.0,0.5,10,10,0,0
dip,action_1,low,75,0,3.6,1.2,1.2,2.5,0.0,0.41666666666666663,10,10,0,0
dip,action_1,low,75,1,3.6,1.2,1.2,2.05,0.15,0.3416666666666666,10,10,0,0
dip,action_1,low,75,2,0.0,0.0,0.0,0.0,0.0,0.0,10,10,0,0
dip,action_1,low,75,3,0.3,0.9000000000000001,0.09999999999999999,2.4,0.19999999999999998,0.39999999999999997,10,10,0,0
dip,action_1,high,100,0,3.0,0.0,1.0,4.17,0.2238302928559939,0.695,10,10,0,0
dip,action_1,high,100,1,0.0,0.0,0.0,2.9,0.19999999999999998,0.4833333333333333,10,10,0,0
dip,action_1,high,100,2,3.6,1.2,1.2,3.6,0.19999999999999998,0.6,10,10,0,0
dip,action_1,high,100,3,0.0,0.0,0.0,2.9,0.19999999999999998,0.4833333333333333,10,10,0,0
dip,action_1,low,100,0,3.6,1.2,1.2,2.6,0.19999999999999998,0.43333333333333335,10,10,0,0
dip,action_1,low,100,1,3.0,0.0,1.0,4.4,0.37416573867739417,0.7333333333333334,10,10,0,0
dip,action_1,low,100,2,0.0,0.0,0.0,1.9,0.19999999999999998,0.31666666666666665,10,10,0,0
dip,action_1,low,100,3,0.0,0.0,0.0,2.0,0.0,0.3333333333333333,10,10,0,0
dip,action_1,low,50,0,3.6,1.2,1.2,2.5,0.0,0.41666666666666663,10,10,0,0
dip,action_1,low,50,1,0.0,0.0,0.0,1.0,0.0,0.16666666666666666,10,10,0,0
dip,action_1,low,50,2,0.0,0.0,0.0,2.0,0.0,0.3333333333333333,10,10,0,0
dip,action_1,low,50,3,0.0,0.0,0.0,0.0,0.0,0.0,10,10,0,0
dip,action_2,low,50,0,0.0,0.0,0.0,2.0,0.0,0.3333333333333333,10,10,0,0
dip,action_2,low,50,1,3.0,0.0,1.0,3.5,0.0,0.5833333333333333,10,10,0,0
dip,action_2,low,50,2,6.0,0.0,2.0,3.0,0.0,0.5,10,10,0,0
dip,action_2,low,50,3,2.7,1.6155494421403513,0.9,1.95,0.15,0.32499999999999996,10,10,0,0
dip,action_1,high,75,0,3.6,1.2,1.2,3.95,0.15,0.6583333333333333,10,10,0,0
dip,action_1,high,75,1,0.0,0.0,0.0,2.45,0.2692582403567252,0.4083333333333333,10,10,0,0
dip,action_1,high,75,2,0.0,0.0,0.0,6.0,0.0,1.0,10,10,0,0
dip,action_1,high,75,3,6.0,0.0,2.0,1.0,0.0,0.16666666666666666,10,10,0,0
dip,action_1,high,50,0,3.0,0.0,1.0,4.17,0.2238302928559939,0.695,10,10,0,0
dip,action_1,high,50,1,0.0,0.0,0.0,6.0,0.0,1.0,10,10,0,0
dip,action_1,high,50,2,0.0,0.0,0.0,4.35,0.22912878474779197,0.7249999999999999,10,10,0,0
dip,action_1,high,50,3,6.0,0.0,2.0,1.0,0.0,0.16666666666666666,10,10,0,0
dip,action_2,low,0,0,0.0,0.0,0.0,2.0,0.0,0.3333333333333333,10,10,0,0
dip,action_2,low,0,1,0.0,0.0,0.0,1.0,0.0,0.16666666666666666,10,10,0,0
dip,action_2,low,0,2,3.0,0.0,1.0,2.5,0.0,0.41666666666666663,10,10,0,0
dip,action_2,low,0,3,2.7,1.6155494421403513,0.9,2.15,0.22912878474779202,0.3583333333333333,10,10,0,0
dip,action_2,low,75,0,0.0,0.0,0.0,3.0,0.0,0.5,10,10,0,0
dip,action_2,low,75,1,6.0,0.0,2.0,2.95,0.15,0.4916666666666667,10,10,0,0
dip,action_2,low,75,2,2.7,1.6155494421403513,0.9,2.5,0.22360679774997896,0.41666666666666663,10,10,0,0
dip,action_2,low,75,3,0.0,0.0,0.0,1.4,0.19999999999999998,0.2333333333333333,10,10,0,0
dip,action_2,high,50,0,0.0,0.0,0.0,3.35,0.45,0.5583333333333333,10,10,0,0
dip,action_2,high,50,1,0.0,0.0,0.0,2.0,0.0,0.3333333333333333,10,10,0,0
dip,action_2,high,50,2,0.0,0.0,0.0,3.2,0.2449489742783178,0.5333333333333333,10,10,0,0
dip,action_2,high,50,3,0.0,0.0,0.0,6.0,0.0,1.0,10,10,0,0
dip,action_2,high,100,0,0.0,0.0,0.0,3.05,0.2692582403567252,0.5083333333333333,10,10,0,0
dip,action_2,high,100,1,0.0,0.0,0.0,2.0,0.0,0.3333333333333333,10,10,0,0
dip,action_2,high,100,2,0.0,0.0,0.0,4.05,0.15,0.6749999999999999,10,10,0,0
dip,action_2,high,100,3,0.0,0.0,0.0,6.0,0.0,1.0,10,10,0,0
dip,action_2,high,0,0,0.0,0.0,0.0,2.0,0.0,0.3333333333333333,10,10,0,0
dip,action_2,high,0,1,0.0,0.0,0.0,6.0,0.0,1.0,10,10,0,0
dip,action_2,high,0,2,0.0,0.0,0.0,3.55,0.4716990566028302,0.5916666666666666,10,10,0,0
dip,action_2,high,0,3,0.0,0.0,0.0,4.05,0.15,0.6749999999999999,10,10,0,0
dip,action_2,high,0,4,2.1,1.374772708486752,0.7,4.12,0.198997487421324,0.6866666666666666,10,10,0,0
dip,action_2,high,75,0,1.5,1.5,0.5,3.6,0.19999999999999998,0.6,10,10,0,0
dip,action_2,high,75,1,3.0,0.0,1.0,4.0200000000000005,0.2315167380558045,0.67,10,10,0,0
dip,action_2,high,75,2,0.0,0.0,0.0,6.0,0.0,1.0,10,10,0,0
dip,action_2,high,75,3,0.0,0.0,0.0,2.5,0.0,0.41666666666666663,10,10,0,0
dip,action_2,low,100,0,0.0,0.0,0.0,2.5,0.0,0.41666666666666663,10,10,0,0
dip,action_2,low,100,1,6.0,0.0,2.0,2.0,0.0,0.3333333333333333,10,10,0,0
dip,action_2,low,100,2,3.0,0.0,1.0,3.3,0.2449489742783178,0.5499999999999999,10,10,0,0
dip,action_2,low,100,3,2.7,1.6155494421403513,0.9,2.5,0.0,0.41666666666666663,10,10,0,0
dip,action_2,low,100,4,0.0,0.0,0.0,0.0,0.0,0.0,10,10,0,0
drinks,action_0,low,0,0,6.0,0.0,2.0,0.9,0.2,0.15,10,10,0,0
drinks,action_0,low,0,1,3.0,0.0,1.0,1.9,0.19999999999999998,0.31666666666666665,10,10,0,0
drinks,action_0,low,0,2,0.0,0.0,0.0,0.0,0.0,0.0,10,10,0,0
drinks,action_0,low,0,3,2.9,0.3,0.9666666666666666,4.1,0.3,0.6833333333333332,10,10,0,0
drinks,action_0,low,75,0,6.0,0.0,2.0,0.35,0.22912878474779197,0.05833333333333333,10,10,0,0
drinks,action_0,low,75,1,3.0,0.0,1.0,1.9,0.19999999999999998,0.31666666666666665,10,10,0,0
drinks,action_0,low,75,2,6.0,0.0,2.0,0.9,0.2,0.15,10,10,0,0
drinks,action_0,low,75,3,0.0,0.0,0.0,0.0,0.0,0.0,10,10,0,0
drinks,action_0,low,50,0,6.0,0.0,2.0,0.35,0.22912878474779197,0.05833333333333333,10,10,0,0
drinks,action_0,low,50,1,3.0,0.0,1.0,1.9,0.19999999999999998,0.31666666666666665,10,10,0,0
drinks,action_0,low,50,2,6.0,0.0,2.0,0.9,0.2,0.15,10,10,0,0
drinks,action_0,low,50,3,0.0,0.0,0.0,0.0,0.0,0.0,10,10,0,0
drinks,action_0,low,100,0,6.0,0.0,2.0,0.35,0.22912878474779197,0.05833333333333333,10,10,0,0
drinks,action_0,low,100,1,3.0,0.0,1.0,1.9,0.19999999999999998,0.31666666666666665,10,10,0,0
drinks,action_0,low,100,2,6.0,0.0,2.0,0.9,0.2,0.15,10,10,0,0
drinks,action_0,low,100,3,0.0,0.0,0.0,0.0,0.0,0.0,10,10,0,0
drinks,action_1,low,0,0,6.0,0.0,2.0,0.9,0.2,0.15,10,10,0,0
drinks,action_1,low,0,1,0.0,0.0,0.0,0.0,0.0,0.0,10,10,0,0
drinks,action_1,low,0,2,2.9,0.3,0.9666666666666666,3.1,0.3,0.5166666666666666,10,10,0,0
drinks,action_1,low,0,3,6.0,0.0,2.0,0.9,0.2,0.15,10,10,0,0
drinks,action_1,low,50,0,6.0,0.0,2.0,0.9,0.2,0.15,10,10,0,0
drinks,action_1,low,50,1,0.0,0.0,0.0,2.1,0.3,0.35,10,10,0,0
drinks,action_1,low,50,2,0.0,0.0,0.0,3.55,0.5220153254455274,0.5916666666666666,10,10,0,0
drinks,action_1,low,50,3,0.0,0.0,0.0,0.0,0.0,0.0,10,10,0,0
drinks,action_0,high,75,0,6.0,0.0,2.0,0.0,0.0,0.0,10,10,0,0
drinks,action_0,high,75,1,5.8,0.6,1.9333333333333331,0.0,0.0,0.0,10,10,0,0
drinks,action_0,high,75,2,6.0,0.0,2.0,0.0,0.0,0.0,10,10,0,0
drinks,action_0,high,75,3,2.9,0.3,0.9666666666666666,6.0,0.0,1.0,10,10,0,0
drinks,action_1,low,100,0,6.0,0.0,2.0,0.35,0.22912878474779197,0.05833333333333333,10,10,0,0
drinks,action_1,low,100,1,0.0,0.0,0.0,0.0,0.0,0.0,10,10,0,0
drinks,action_1,low,100,2,0.0,0.0,0.0,3.1,0.3,0.5166666666666666,10,10,0,0
drinks,action_1,low,100,3,6.0,0.0,2.0,0.9,0.2,0.15,10,10,0,0
drinks,action_1,high,0,0,6.0,0.0,2.0,0.0,0.0,0.0,10,10,0,0
drinks,action_1,high,0,1,0.0,0.0,0.0,0.0,0.0,0.0,10,10,0,0
drinks,action_1,high,0,2,2.8,0.6,0.9333333333333332,6.0,0.0,1.0,10,10,0,0
drinks,action_1,high,0,3,0.0,0.0,0.0,0.0,0.0,0.0,10,10,0,0
drinks,action_1,high,50,0,6.0,0.0,2.0,0.0,0.0,0.0,10,10,0,0
drinks,action_1,high,50,1,6.0,0.0,2.0,0.0,0.0,0.0,10,10,0,0
drinks,action_1,high,50,2,0.0,0.0,0.0,0.0,0.0,0.0,10,10,0,0
drinks,action_1,high,50,3,0.0,0.0,0.0,0.0,0.0,0.0,10,10,0,0
drinks,action_0,high,0,0,6.0,0.0,2.0,0.0,0.0,0.0,10,10,0,0
drinks,action_0,high,0,1,5.8,0.6,1.9333333333333331,0.0,0.0,0.0,10,10,0,0
drinks,action_0,high,0,2,0.0,0.0,0.0,0.0,0.0,0.0,10,10,0,0
drinks,action_0,high,0,3,4.0,0.4472135954999579,1.3333333333333333,3.0,0.0,0.5,10,10,0,0
drinks,action_1,low,75,0,6.0,0.0,2.0,0.9,0.2,0.15,10,10,0,0
drinks,action_1,low,75,1,0.0,0.0,0.0,0.0,0.0,0.0,10,10,0,0
drinks,action_1,low,75,2,2.9,0.3,0.9666666666666666,3.1,0.3,0.5166666666666666,10,10,0,0
drinks,action_1,low,75,3,6.0,0.0,2.0,0.35,0.22912878474779197,0.05833333333333333,10,10,0,0
drinks,action_2,low,50,0,3.0,0.0,1.0,1.9,0.19999999999999998,0.31666666666666665,10,10,0,0
drinks,action_2,low,50,1,0.0,0.0,0.0,0.0,0.0,0.0,10,10,0,0
drinks,action_2,low,50,2,6.0,0.0,2.0,0.9,0.2,0.15,10,10,0,0
drinks,action_2,low,50,3,2.9,0.3,0.9666666666666666,4.1,0.3,0.6833333333333332,10,10,0,0
drinks,action_0,high,100,0,6.0,0.0,2.0,0.0,0.0,0.0,10,10,0,0
drinks,action_0,high,100,1,6.0,0.0,2.0,0.0,0.0,0.0,10,10,0,0
drinks,action_0,high,100,2,0.0,0.0,0.0,0.0,0.0,0.0,10,10,0,0
drinks,action_0,high,100,3,2.9,0.3,0.9666666666666666,6.0,0.0,1.0,10,10,0,0
drinks,action_0,high,50,0,6.0,0.0,2.0,0.0,0.0,0.0,10,10,0,0
drinks,action_0,high,50,1,2.9,0.3,0.9666666666666666,6.0,0.0,1.0,10,10,0,0
drinks,action_0,high,50,2,0.0,0.0,0.0,0.0,0.0,0.0,10,10,0,0
drinks,action_0,high,50,3,4.0,0.4472135954999579,1.3333333333333333,3.0,0.0,0.5,10,10,0,0
drinks,action_2,high,0,0,3.0,0.0,1.0,0.0,0.0,0.0,10,10,0,0
drinks,action_2,high,0,1,2.8,0.6,0.9333333333333332,6.0,0.0,1.0,10,10,0,0
drinks,action_2,high,0,2,0.0,0.0,0.0,0.0,0.0,0.0,10,10,0,0
drinks,action_2,high,0,3,2.8,0.6,0.9333333333333332,3.6,1.2,0.6,10,10,0,0
drinks,action_1,high,75,0,6.0,0.0,2.0,0.0,0.0,0.0,10,10,0,0
drinks,action_1,high,75,1,0.0,0.0,0.0,0.0,0.0,0.0,10,10,0,0
drinks,action_1,high,75,2,6.0,0.0,2.0,0.0,0.0,0.0,10,10,0,0
drinks,action_1,high,75,3,0.0,0.0,0.0,0.0,0.0,0.0,10,10,0,0
drinks,action_2,low,75,0,3.0,0.0,1.0,1.9,0.19999999999999998,0.31666666666666665,10,10,0,0
drinks,action_2,low,75,1,0.0,0.0,0.0,0.0,0.0,0.0,10,10,0,0
drinks,action_2,low,75,2,6.0,0.0,2.0,0.9,0.2,0.15,10,10,0,0
drinks,action_2,low,75,3,2.9,0.3,0.9666666666666666,3.55,0.5220153254455274,0.5916666666666666,10,10,0,0
drinks,action_2,low,0,0,3.0,0.0,1.0,1.9,0.19999999999999998,0.31666666666666665,10,10,0,0
drinks,action_2,low,0,1,0.0,0.0,0.0,0.0,0.0,0.0,10,10,0,0
drinks,action_2,low,0,2,2.9,0.3,0.9666666666666666,4.1,0.3,0.6833333333333332,10,10,0,0
drinks,action_2,low,0,3,0.9,0.30000000000000004,0.3,0.0,0.0,0.0,10,10,0,0
drinks,action_1,high,100,0,6.0,0.0,2.0,0.0,0.0,0.0,10,10,0,0
drinks,action_1,high,100,1,0.0,0.0,0.0,0.0,0.0,0.0,10,10,0,0
drinks,action_1,high,100,2,2.9,0.3,0.9666666666666666,6.0,0.0,1.0,10,10,0,0
drinks,action_1,high,100,3,6.0,0.0,2.0,0.0,0.0,0.0,10,10,0,0
drinks,action_2,high,100,0,3.0,0.0,1.0,0.0,0.0,0.0,10,10,0,0
drinks,action_2,high,100,1,2.9,0.3,0.9666666666666666,6.0,0.0,1.0,10,10,0,0
drinks,action_2,high,100,2,0.0,0.0,0.0,0.0,0.0,0.0,10,10,0,0
drinks,action_2,high,100,3,2.8,0.6,0.9333333333333332,6.0,0.0,1.0,10,10,0,0
drinks,action_2,high,75,0,6.0,0.0,2.0,6.0,0.0,1.0,10,10,0,0
drinks,action_2,high,75,1,0.0,0.0,0.0,6.0,0.0,1.0,10,10,0,0
drinks,action_2,high,75,2,2.8,0.6,0.9333333333333332,3.6,1.2,0.6,10,10,0,0
drinks,action_2,high,75,3,2.9,0.3,0.9666666666666666,6.0,0.0,1.0,10,10,0,0
drinks,action_2,high,75,4,0.0,0.0,0.0,0.0,0.0,0.0,10,10,0,0
drinks,action_2,low,100,0,3.0,0.0,1.0,1.9,0.19999999999999998,0.31666666666666665,10,10,0,0
drinks,action_2,low,100,1,0.0,0.0,0.0,0.0,0.0,0.0,10,10,0,0
drinks,action_2,low,100,2,6.0,0.0,2.0,0.9,0.2,0.15,10,10,0,0
drinks,action_2,low,100,3,2.9,0.3,0.9666666666666666,3.9,0.5385164807134504,0.6499999999999999,10,10,0,0
drinks,action_2,high,50,0,6.0,0.0,2.0,0.0,0.0,0.0,10,10,0,0
drinks,action_2,high,50,1,2.9,0.3,0.9666666666666666,6.0,0.0,1.0,10,10,0,0
drinks,action_2,high,50,2,0.0,0.0,0.0,0.0,0.0,0.0,10,10,0,0
drinks,action_2,high,50,3,2.9,0.3,0.9666666666666666,6.0,0.0,1.0,10,10,0,0
driving,action_0,low,0,0,0.0,0.0,0.0,0.0,0.0,0.0,10,10,0,0
driving,action_0,low,0,1,0.0,0.0,0.0,4.0,0.0,0.6666666666666666,10,10,0,0
driving,action_0,low,0,2,0.0,0.0,0.0,0.0,0.0,0.0,10,10,0,0
driving,action_0,low,0,3,3.0,0.0,1.0,2.0,0.0,0.3333333333333333,10,10,0,0
driving,action_0,low,50,0,3.0,0.0,1.0,2.0,0.0,0.3333333333333333,10,10,0,0
driving,action_0,low,50,1,0.0,0.0,0.0,0.0,0.0,0.0,10,10,0,0
driving,action_0,low,50,2,0.0,0.0,0.0,0.0,0.0,0.0,10,10,0,0
driving,action_0,low,50,3,6.0,0.0,2.0,1.0,0.0,0.16666666666666666,10,10,0,0
driving,action_0,high,0,0,6.0,0.0,2.0,1.35,0.22912878474779202,0.225,10,10,0,0
driving,action_0,high,0,1,0.0,0.0,0.0,0.0,0.0,0.0,10,10,0,0
driving,action_0,high,0,2,0.0,0.0,0.0,0.0,0.0,0.0,10,10,0,0
driving,action_0,high,0,3,0.0,0.0,0.0,4.35,0.22912878474779197,0.7249999999999999,10,10,0,0
driving,action_0,high,75,0,0.0,0.0,0.0,5.0,0.0,0.8333333333333333,10,10,0,0
driving,action_0,high,75,1,6.0,0.0,2.0,1.35,0.22912878474779202,0.225,10,10,0,0
driving,action_0,high,75,2,0.0,0.0,0.0,0.0,0.0,0.0,10,10,0,0
driving,action_0,high,75,3,0.0,0.0,0.0,0.0,0.0,0.0,10,10,0,0
driving,action_1,low,50,0,0.0,0.0,0.0,0.0,0.0,0.0,10,10,0,0
driving,action_1,low,50,1,0.0,0.0,0.0,0.0,0.0,0.0,10,10,0,0
driving,action_1,low,50,2,0.0,0.0,0.0,5.0,0.0,0.8333333333333333,10,10,0,0
driving,action_1,low,50,3,0.0,0.0,0.0,0.0,0.0,0.0,10,10,0,0
driving,action_0,low,100,0,3.0,0.0,1.0,2.0,0.0,0.3333333333333333,10,10,0,0
driving,action_0,low,100,1,0.0,0.0,0.0,0.0,0.0,0.0,10,10,0,0
driving,action_0,low,100,2,0.0,0.0,0.0,0.0,0.0,0.0,10,10,0,0
driving,action_0,low,100,3,6.0,0.0,2.0,1.0,0.0,0.16666666666666666,10,10,0,0
driving,action_0,low,75,0,6.0,0.0,2.0,1.0,0.0,0.16666666666666666,10,10,0,0
driving,action_0,low,75,1,0.0,0.0,0.0,0.0,0.0,0.0,10,10,0,0
driving,action_0,low,75,2,0.0,0.0,0.0,4.0,0.0,0.6666666666666666,10,10,0,0
driving,action_0,low,75,3,0.0,0.0,0.0,0.0,0.0,0.0,10,10,0,0
driving,action_1,low,100,0,0.0,0.0,0.0,0.0,0.0,0.0,10,10,0,0
driving,action_1,low,100,1,0.0,0.0,0.0,0.0,0.0,0.0,10,10,0,0
driving,action_1,low,100,2,0.0,0.0,0.0,4.1,0.3,0.6833333333333332,10,10,0,0
driving,action_1,low,100,3,6.0,0.0,2.0,1.0,0.0,0.16666666666666666,10,10,0,0
driving,action_1,low,75,0,0.0,0.0,0.0,0.0,0.0,0.0,10,10,0,0
driving,action_1,low,75,1,0.0,0.0,0.0,0.0,0.0,0.0,10,10,0,0
driving,action_1,low,75,2,0.0,0.0,0.0,3.0,0.0,0.5,10,10,0,0
driving,action_1,low,75,3,6.0,0.0,2.0,1.0,0.0,0.16666666666666666,10,10,0,0
driving,action_1,high,75,0,0.0,0.0,0.0,0.0,0.0,0.0,10,10,0,0
driving,action_1,high,75,1,0.0,0.0,0.0,0.0,0.0,0.0,10,10,0,0
driving,action_1,high,75,2,6.0,0.0,2.0,1.35,0.22912878474779202,0.225,10,10,0,0
driving,action_1,high,75,3,0.0,0.0,0.0,0.0,0.0,0.0,10,10,0,0
driving,action_0,high,100,0,6.0,0.0,2.0,1.35,0.22912878474779202,0.225,10,10,0,0
driving,action_0,high,100,1,0.0,0.0,0.0,0.0,0.0,0.0,10,10,0,0
driving,action_0,high,100,2,3.0,0.0,1.0,3.15,0.22912878474779202,0.5249999999999999,10,10,0,0
driving,action_0,high,100,3,0.0,0.0,0.0,0.0,0.0,0.0,10,10,0,0
driving,action_0,high,100,4,0.0,0.0,0.0,5.0,0.0,0.8333333333333333,10,10,0,0
driving,action_1,high,50,0,0.0,0.0,0.0,0.0,0.0,0.0,10,10,0,0
driving,action_1,high,50,1,0.0,0.0,0.0,0.0,0.0,0.0,10,10,0,0
driving,action_1,high,50,2,0.0,0.0,0.0,0.0,0.0,0.0,10,10,0,0
driving,action_1,high,50,3,6.0,0.0,2.0,1.35,0.22912878474779202,0.225,10,10,0,0
driving,action_1,low,0,0,0.0,0.0,0.0,0.0,0.0,0.0,10,10,0,0
driving,action_1,low,0,1,0.0,0.0,0.0,0.0,0.0,0.0,10,10,0,0
driving,action_1,low,0,2,0.0,0.0,0.0,3.4,0.48989794855663565,0.5666666666666667,10,10,0,0
driving,action_1,low,0,3,6.0,0.0,2.0,1.0,0.0,0.16666666666666666,10,10,0,0
driving,action_2,low,50,0,0.0,0.0,0.0,0.0,0.0,0.0,10,10,0,0
driving,action_2,low,50,1,0.0,0.0,0.0,0.0,0.0,0.0,10,10,0,0
driving,action_2,low,50,2,3.0,0.0,1.0,2.0,0.0,0.3333333333333333,10,10,0,0
driving,action_2,low,50,3,0.0,0.0,0.0,3.0,0.0,0.5,10,10,0,0
driving,action_0,high,50,0,0.0,0.0,0.0,5.0,0.0,0.8333333333333333,10,10,0,0
driving,action_0,high,50,1,0.0,0.0,0.0,0.0,0.0,0.0,10,10,0,0
driving,action_0,high,50,2,6.0,0.0,2.0,1.35,0.22912878474779202,0.225,10,10,0,0
driving,action_0,high,50,3,0.0,0.0,0.0,1.0,0.0,0.16666666666666666,10,10,0,0
driving,action_1,high,100,0,0.0,0.0,0.0,0.0,0.0,0.0,10,10,0,0
driving,action_1,high,100,1,0.0,0.0,0.0,0.0,0.0,0.0,10,10,0,0
driving,action_1,high,100,2,0.0,0.0,0.0,0.0,0.0,0.0,10,10,0,0
driving,action_1,high,100,3,0.0,0.0,0.0,5.35,0.22912878474779197,0.8916666666666666,10,10,0,0
driving,action_1,high,0,0,0.0,0.0,0.0,0.0,0.0,0.0,10,10,0,0
driving,action_1,high,0,1,0.0,0.0,0.0,0.0,0.0,0.0,10,10,0,0
driving,action_1,high,0,2,0.0,0.0,0.0,0.0,0.0,0.0,10,10,0,0
driving,action_1,high,0,3,6.0,0.0,2.0,1.35,0.22912878474779202,0.225,10,10,0,0
driving,action_2,low,0,0,0.0,0.0,0.0,0.0,0.0,0.0,10,10,0,0
driving,action_2,low,0,1,0.0,0.0,0.0,0.0,0.0,0.0,10,10,0,0
driving,action_2,low,0,2,3.0,0.0,1.0,4.0,0.0,0.6666666666666666,10,10,0,0
driving,action_2,low,0,3,0.0,0.0,0.0,5.0,0.0,0.8333333333333333,10,10,0,0
driving,action_2,low,100,0,0.0,0.0,0.0,0.0,0.0,0.0,10,10,0,0
driving,action_2,low,100,1,0.0,0.0,0.0,0.0,0.0,0.0,10,10,0,0
driving,action_2,low,100,2,0.0,0.0,0.0,3.8,0.39999999999999997,0.6333333333333333,10,10,0,0
driving,action_2,low,100,3,0.0,0.0,0.0,0.0,0.0,0.0,10,10,0,0
driving,action_2,high,0,0,0.0,0.0,0.0,0.0,0.0,0.0,10,10,0,0
driving,action_2,high,0,1,0.0,0.0,0.0,0.0,0.0,0.0,10,10,0,0
driving,action_2,high,0,2,0.0,0.0,0.0,5.35,0.22912878474779197,0.8916666666666666,10,10,0,0
driving,action_2,high,0,3,0.0,0.0,0.0,5.35,0.5024937810560445,0.8916666666666666,10,10,0,0
driving,action_2,high,75,0,0.0,0.0,0.0,0.0,0.0,0.0,10,10,0,0
driving,action_2,high,75,1,0.0,0.0,0.0,0.0,0.0,0.0,10,10,0,0
driving,action_2,high,75,2,0.0,0.0,0.0,4.35,0.22912878474779197,0.7249999999999999,10,10,0,0
driving,action_2,high,75,3,0.0,0.0,0.0,0.0,0.0,0.0,10,10,0,0
driving,action_2,high,50,0,0.0,0.0,0.0,0.0,0.0,0.0,10,10,0,0
driving,action_2,high,50,1,0.0,0.0,0.0,0.0,0.0,0.0,10,10,0,0
driving,action_2,high,50,2,0.0,0.0,0.0,5.35,0.22912878474779197,0.8916666666666666,10,10,0,0
driving,action_2,high,50,3,0.0,0.0,0.0,0.0,0.0,0.0,10,10,0,0
driving,action_2,high,100,0,0.0,0.0,0.0,0.0,0.0,0.0,10,10,0,0
driving,action_2,high,100,1,0.0,0.0,0.0,0.0,0.0,0.0,10,10,0,0
driving,action_2,high,100,2,0.0,0.0,0.0,0.0,0.0,0.0,10,10,0,0
driving,action_2,high,100,3,0.0,0.0,0.0,5.0,0.0,0.8333333333333333,10,10,0,0
driving,action_2,low,75,0,0.0,0.0,0.0,0.0,0.0,0.0,10,10,0,0
driving,action_2,low,75,1,0.0,0.0,0.0,0.0,0.0,0.0,10,10,0,0
driving,action_2,low,75,2,0.0,0.0,0.0,4.0,0.0,0.6666666666666666,10,10,0,0
driving,action_2,low,75,3,0.0,0.0,0.0,0.0,0.0,0.0,10,10,0,0
driving,action_2,low,75,4,0.0,0.0,0.0,5.0,0.0,0.8333333333333333,10,10,0,0
fair,action_0,low,0,0,6.0,0.0,2.0,2.0,0.0,0.3333333333333333,10,10,0,0
fair,action_0,low,0,1,2.7,0.9,0.9,2.7,0.2449489742783178,0.45,10,10,0,0
fair,action_0,low,0,2,3.0,0.0,1.0,1.5,0.0,0.25,10,10,0,0
fair,action_0,low,0,3,6.0,0.0,2.0,0.55,0.15,0.09166666666666667,10,10,0,0
fair,action_0,low,50,0,3.0,0.0,1.0,2.2,0.2449489742783178,0.3666666666666667,10,10,0,0
fair,action_0,low,50,1,2.7,0.9,0.9,0.5,0.0,0.08333333333333333,10,10,0,0
fair,action_0,low,50,2,5.7,0.9,1.9,1.05,0.15,0.175,10,10,0,0
fair,action_0,low,50,3,0.0,0.0,0.0,3.4,0.48989794855663565,0.5666666666666667,10,10,0,0
fair,action_0,low,50,4,6.0,0.0,2.0,1.0,0.0,0.16666666666666666,10,10,0,0
fair,action_0,low,75,0,3.0,0.0,1.0,2.2,0.2449489742783178,0.3666666666666667,10,10,0,0
fair,action_0,low,75,1,0.0,0.0,0.0,3.4,0.48989794855663565,0.5666666666666667,10,10,0,0
fair,action_0,low,75,2,2.7,0.9,0.9,0.65,0.22912878474779197,0.10833333333333334,10,10,0,0
fair,action_0,low,75,3,0.0,0.0,0.0,0.0,0.0,0.0,10,10,0,0
fair,action_0,low,100,0,3.0,0.0,1.0,3.7,0.2449489742783178,0.6166666666666667,10,10,0,0
fair,action_0,low,100,1,0.0,0.0,0.0,2.7,0.2449489742783178,0.45,10,10,0,0
fair,action_0,low,100,2,3.0,0.0,1.0,1.5,0.0,0.25,10,10,0,0
fair,action_0,low,100,3,2.7,0.9,0.9,1.0,0.0,0.16666666666666666,10,10,0,0
fair,action_1,low,0,0,6.0,0.0,2.0,1.0,0.0,0.16666666666666666,10,10,0,0
fair,action_1,low,0,1,2.7,0.9,0.9,3.4,0.48989794855663565,0.5666666666666667,10,10,0,0
fair,action_1,low,0,2,2.7,0.9,0.9,0.7,0.24494897427831783,0.11666666666666665,10,10,0,0
fair,action_1,low,0,3,0.0,0.0,0.0,0.0,0.0,0.0,10,10,0,0
fair,action_1,low,0,4,6.0,0.0,2.0,0.7,0.5099019513592785,0.11666666666666665,10,10,0,0
fair,action_0,high,0,0,3.0,0.0,1.0,5.2,0.39999999999999997,0.8666666666666667,10,10,0,0
fair,action_0,high,0,1,0.0,0.0,0.0,4.0,0.0,0.6666666666666666,10,10,0,0
fair,action_0,high,0,2,2.7,0.9,0.9,0.35,0.22912878474779197,0.05833333333333333,10,10,0,0
fair,action_0,high,0,3,0.0,0.0,0.0,0.0,0.0,0.0,10,10,0,0
fair,action_0,high,0,4,6.0,0.0,2.0,2.0,0.0,0.3333333333333333,10,10,0,0
fair,action_0,high,100,0,6.0,0.0,2.0,2.0,0.0,0.3333333333333333,10,10,0,0
fair,action_0,high,100,1,3.0,0.0,1.0,4.1,0.3,0.6833333333333332,10,10,0,0
fair,action_0,high,100,2,0.0,0.0,0.0,0.35,0.22912878474779197,0.05833333333333333,10,10,0,0
fair,action_0,high,100,3,2.8,0.6,0.9333333333333332,5.2,0.39999999999999997,0.8666666666666667,10,10,0,0
fair,action_0,high,50,0,3.0,0.0,1.0,5.2,0.39999999999999997,0.8666666666666667,10,10,0,0
fair,action_0,high,50,1,6.0,0.0,2.0,2.0,0.0,0.3333333333333333,10,10,0,0
fair,action_0,high,50,2,0.0,0.0,0.0,0.35,0.22912878474779197,0.05833333333333333,10,10,0,0
fair,action_0,high,50,3,2.7,0.9,0.9,0.35,0.22912878474779197,0.05833333333333333,10,10,0,0
fair,action_0,high,50,4,0.0,0.0,0.0,0.0,0.0,0.0,10,10,0,0
fair,action_1,low,50,0,6.0,0.0,2.0,0.65,0.22912878474779197,0.10833333333333334,10,10,0,0
fair,action_1,low,50,1,3.0,0.0,1.0,1.75,0.25,0.29166666666666663,10,10,0,0
fair,action_1,low,50,2,6.0,0.0,2.0,0.75,0.4609772228646444,0.125,10,10,0,0
fair,action_1,low,50,3,0.0,0.0,0.0,0.0,0.0,0.0,10,10,0,0
fair,action_0,high,75,0,3.0,0.0,1.0,4.1,0.3,0.6833333333333332,10,10,0,0
fair,action_0,high,75,1,2.7,0.9,0.9,0.65,0.22912878474779197,0.10833333333333334,10,10,0,0
fair,action_0,high,75,2,3.0,0.0,1.0,5.2,0.39999999999999997,0.8666666666666667,10,10,0,0
fair,action_0,high,75,3,6.0,0.0,2.0,2.0,0.0,0.3333333333333333,10,10,0,0
fair,action_0,high,75,4,0.0,0.0,0.0,0.0,0.0,0.0,10,10,0,0
fair,action_1,low,100,0,6.0,0.0,2.0,1.0,0.0,0.16666666666666666,10,10,0,0
fair,action_1,low,100,1,2.7,0.9,0.9,3.4,0.48989794855663565,0.5666666666666667,10,10,0,0
fair,action_1,low,100,2,2.7,0.9,0.9,0.65,0.22912878474779197,0.10833333333333334,10,10,0,0
fair,action_1,low,100,3,0.0,0.0,0.0,0.0,0.0,0.0,10,10,0,0
fair,action_1,high,100,0,6.0,0.0,2.0,0.9,0.30000000000000004,0.15,10,10,0,0
fair,action_1,high,100,1,2.7,0.9,0.9,0.95,0.15,0.15833333333333333,10,10,0,0
fair,action_1,high,100,2,0.0,0.0,0.0,0.0,0.0,0.0,10,10,0,0
fair,action_1,high,100,3,6.0,0.0,2.0,1.0,0.0,0.16666666666666666,10,10,0,0
fair,action_1,high,75,0,6.0,0.0,2.0,0.6,0.48989794855663565,0.09999999999999999,10,10,0,0
fair,action_1,high,75,1,2.7,0.9,0.9,3.0,0.0,0.5,10,10,0,0
fair,action_1,high,75,2,2.7,0.9,0.9,0.35,0.22912878474779197,0.05833333333333333,10,10,0,0
fair,action_1,high,75,3,6.0,0.0,2.0,1.0,0.0,0.16666666666666666,10,10,0,0
fair,action_1,high,0,0,6.0,0.0,2.0,1.0,0.0,0.16666666666666666,10,10,0,0
fair,action_1,high,0,1,2.7,0.9,0.9,0.95,0.15,0.15833333333333333,10,10,0,0
fair,action_1,high,0,2,0.0,0.0,0.0,0.0,0.0,0.0,10,10,0,0
fair,action_1,high,0,3,0.1,0.30000000000000004,0.03333333333333333,3.8,0.39999999999999997,0.6333333333333333,10,10,0,0
fair,action_1,high,0,4,6.0,0.0,2.0,0.6,0.48989794855663565,0.09999999999999999,10,10,0,0
fair,action_1,high,50,0,6.0,0.0,2.0,1.0,0.0,0.16666666666666666,10,10,0,0
fair,action_1,high,50,1,3.0,0.0,1.0,2.0,0.0,0.3333333333333333,10,10,0,0
fair,action_1,high,50,2,2.7,0.9,0.9,0.95,0.15,0.15833333333333333,10,10,0,0
fair,action_1,high,50,3,0.0,0.0,0.0,0.0,0.0,0.0,10,10,0,0
fair,action_1,high,50,4,6.0,0.0,2.0,0.6,0.48989794855663565,0.09999999999999999,10,10,0,0
fair,action_1,low,75,0,6.0,0.0,2.0,1.0,0.0,0.16666666666666666,10,10,0,0
fair,action_1,low,75,1,2.7,0.9,0.9,3.4,0.48989794855663565,0.5666666666666667,10,10,0,0
fair,action_1,low,75,2,2.7,0.9,0.9,0.65,0.22912878474779197,0.10833333333333334,10,10,0,0
fair,action_1,low,75,3,0.0,0.0,0.0,0.0,0.0,0.0,10,10,0,0
fair,action_2,low,50,0,2.7,0.9,0.9,3.4,0.48989794855663565,0.5666666666666667,10,10,0,0
fair,action_2,low,50,1,2.7,0.9,0.9,0.55,0.26925824035672524,0.09166666666666667,10,10,0,0
fair,action_2,low,50,2,6.0,0.0,2.0,1.5,0.0,0.25,10,10,0,0
fair,action_2,low,50,3,0.0,0.0,0.0,0.35,0.39051248379533277,0.05833333333333333,10,10,0,0
fair,action_2,low,50,4,0.0,0.0,0.0,0.1,0.30000000000000004,0.016666666666666666,10,10,0,0
fair,action_2,low,100,0,2.7,0.9,0.9,3.4,0.48989794855663565,0.5666666666666667,10,10,0,0
fair,action_2,low,100,1,2.7,0.9,0.9,0.7,0.24494897427831783,0.11666666666666665,10,10,0,0
fair,action_2,low,100,2,6.0,0.0,2.0,1.05,0.15,0.175,10,10,0,0
fair,action_2,low,100,3,2.7,0.9,0.9,0.55,0.26925824035672524,0.09166666666666667,10,10,0,0
fair,action_2,low,100,4,1.2,1.469693845669907,0.39999999999999997,0.35,0.39051248379533277,0.05833333333333333,10,10,0,0
fair,action_2,low,0,0,3.0,0.0,1.0,2.2,0.2449489742783178,0.3666666666666667,10,10,0,0
fair,action_2,low,0,1,0.0,0.0,0.0,3.4,0.48989794855663565,0.5666666666666667,10,10,0,0
fair,action_2,low,0,2,2.7,0.9,0.9,0.65,0.22912878474779197,0.10833333333333334,10,10,0,0
fair,action_2,low,0,3,2.7,0.9,0.9,0.7,0.24494897427831783,0.11666666666666665,10,10,0,0
fair,action_2,high,50,0,3.0,0.0,1.0,4.0,0.0,0.6666666666666666,10,10,0,0
fair,action_2,high,50,1,2.7,0.9,0.9,0.95,0.15,0.15833333333333333,10,10,0,0
fair,action_2,high,50,2,2.8,0.6,0.9333333333333332,5.2,0.39999999999999997,0.8666666666666667,10,10,0,0
fair,action_2,high,50,3,2.7,0.9,0.9,0.9,0.30000000000000004,0.15,10,10,0,0
fair,action_2,high,75,0,3.0,0.0,1.0,3.0,0.0,0.5,10,10,0,0
fair,action_2,high,75,1,2.7,0.9,0.9,0.95,0.15,0.15833333333333333,10,10,0,0
fair,action_2,high,75,2,2.8,0.6,0.9333333333333332,5.2,0.39999999999999997,0.8666666666666667,10,10,0,0
fair,action_2,high,75,3,0.0,0.0,0.0,0.55,0.4153311931459037,0.09166666666666667,10,10,0,0
fair,action_2,high,100,0,3.0,0.0,1.0,4.0,0.0,0.6666666666666666,10,10,0,0
fair,action_2,high,100,1,2.8,0.6,0.9333333333333332,5.2,0.39999999999999997,0.8666666666666667,10,10,0,0
fair,action_2,high,100,2,2.7,0.9,0.9,0.35,0.22912878474779197,0.05833333333333333,10,10,0,0
fair,action_2,high,100,3,2.7,0.9,0.9,1.0,0.0,0.16666666666666666,10,10,0,0
fair,action_2,high,0,0,3.0,0.0,1.0,3.0,0.0,0.5,10,10,0,0
fair,action_2,high,0,1,2.8,0.6,0.9333333333333332,5.2,0.39999999999999997,0.8666666666666667,10,10,0,0
fair,action_2,high,0,2,2.7,0.9,0.9,0.95,0.15,0.15833333333333333,10,10,0,0
fair,action_2,high,0,3,2.1,1.374772708486752,0.7,0.35,0.22912878474779197,0.05833333333333333,10,10,0,0
fair,action_2,high,0,4,2.7,0.9,0.9,1.0,0.0,0.16666666666666666,10,10,0,0
fair,action_2,low,75,0,2.7,0.9,0.9,3.8,0.4,0.6333333333333333,10,10,0,0
fair,action_2,low,75,1,2.7,0.9,0.9,0.7,0.24494897427831783,0.11666666666666665,10,10,0,0
fair,action_2,low,75,2,6.0,0.0,2.0,1.55,0.15,0.2583333333333333,10,10,0,0
fair,action_2,low,75,3,3.0,0.0,1.0,2.7,0.2449489742783178,0.45,10,10,0,0
fair,action_2,low,75,4,2.7,0.9,0.9,0.65,0.22912878474779197,0.10833333333333334,10,10,0,0
gala,action_0,low,0,0,0.0,0.0,0.0,0.0,0.0,0.0,10,10,0,0
gala,action_0,low,0,1,1.2,1.469693845669907,0.39999999999999997,0.0,0.0,0.0,10,10,0,0
gala,action_0,low,0,2,4.2,1.469693845669907,1.4,2.0,0.0,0.3333333333333333,10,10,0,0
gala,action_0,low,50,0,0.0,0.0,0.0,0.0,0.0,0.0,10,10,0,0
gala,action_0,low,50,1,1.2,1.469693845669907,0.39999999999999997,0.0,0.0,0.0,10,10,0,0
gala,action_0,low,50,2,4.2,1.469693845669907,1.4,2.0,0.0,0.3333333333333333,10,10,0,0
gala,action_0,low,100,0,0.0,0.0,0.0,0.0,0.0,0.0,10,10,0,0
gala,action_0,low,100,1,1.2,1.469693845669907,0.39999999999999997,0.0,0.0,0.0,10,10,0,0
gala,action_0,low,100,2,6.0,0.0,2.0,2.0,0.0,0.3333333333333333,10,10,0,0
gala,action_0,low,100,3,0.0,0.0,0.0,0.0,0.0,0.0,10,10,0,0
gala,action_0,low,75,0,0.0,0.0,0.0,0.0,0.0,0.0,10,10,0,0
gala,action_0,low,75,1,1.2,1.469693845669907,0.39999999999999997,0.0,0.0,0.0,10,10,0,0
gala,action_0,low,75,2,6.0,0.0,2.0,2.2,0.39999999999999997,0.3666666666666667,10,10,0,0
gala,action_0,low,75,3,0.0,0.0,0.0,0.0,0.0,0.0,10,10,0,0
gala,action_0,high,0,0,0.0,0.0,0.0,5.555555555555555,0.6849348892187751,0.9259259259259258,10,9,0,1
gala,action_0,high,0,1,0.0,0.0,0.0,0.0,0.0,0.0,10,9,0,1
gala,action_0,high,0,2,6.0,0.0,2.0,1.0,0.0,0.16666666666666666,10,9,0,1
gala,action_0,high,100,0,6.0,0.0,2.0,1.2222222222222223,0.41573970964154905,0.20370370370370372,10,9,0,1
gala,action_0,high,100,1,0.0,0.0,0.0,5.666666666666667,0.4714045207910317,0.9444444444444444,10,9,0,1
gala,action_0,high,100,2,0.0,0.0,0.0,0.0,0.0,0.0,10,9,0,1
gala,action_0,high,100,3,0.0,0.0,0.0,5.666666666666667,0.4714045207910317,0.9444444444444444,10,9,0,1
gala,action_0,high,75,0,0.0,0.0,0.0,5.555555555555555,0.6849348892187751,0.9259259259259258,10,9,0,1
gala,action_0,high,75,1,6.0,0.0,2.0,1.0,0.0,0.16666666666666666,10,9,0,1
gala,action_0,high,75,2,6.0,0.0,2.0,0.0,0.0,0.0,10,9,0,1
gala,action_0,high,50,0,0.0,0.0,0.0,5.666666666666667,0.4714045207910317,0.9444444444444444,10,9,0,1
gala,action_0,high,50,1,6.0,0.0,2.0,1.0,0.0,0.16666666666666666,10,9,0,1
gala,action_0,high,50,2,0.0,0.0,0.0,0.0,0.0,0.0,10,9,0,1
gala,action_0,high,50,3,6.0,0.0,2.0,0.0,0.0,0.0,10,9,0,1
gala,action_1,low,50,0,0.0,0.0,0.0,0.0,0.0,0.0,10,10,0,0
gala,action_1,low,50,1,3.0,0.0,1.0,3.9,0.3,0.6499999999999999,10,10,0,0
gala,action_1,low,50,2,6.0,0.0,2.0,0.0,0.0,0.0,10,10,0,0
gala,action_1,low,50,3,0.0,0.0,0.0,0.0,0.0,0.0,10,10,0,0
gala,action_1,high,100,0,0.0,0.0,0.0,0.0,0.0,0.0,10,9,0,1
gala,action_1,high,100,1,0.0,0.0,0.0,5.666666666666667,0.4714045207910317,0.9444444444444444,10,9,0,1
gala,action_1,high,100,2,6.0,0.0,2.0,0.4444444444444444,0.4969039949999533,0.07407407407407407,10,9,0,1
gala,action_1,high,100,3,6.0,0.0,2.0,0.6666666666666666,0.4714045207910317,0.1111111111111111,10,9,0,1
gala,action_1,low,75,0,0.0,0.0,0.0,0.0,0.0,0.0,10,10,0,0
gala,action_1,low,75,1,3.0,0.0,1.0,3.9,0.3,0.6499999999999999,10,10,0,0
gala,action_1,low,75,2,6.0,0.0,2.0,0.0,0.0,0.0,10,10,0,0
gala,action_1,low,75,3,6.0,0.0,2.0,0.0,0.0,0.0,10,10,0,0
gala,action_1,low,100,0,0.0,0.0,0.0,0.0,0.0,0.0,10,10,0,0
gala,action_1,low,100,1,6.0,0.0,2.0,1.0,0.0,0.16666666666666666,10,10,0,0
gala,action_1,low,100,2,3.0,0.0,1.0,1.9,0.3,0.31666666666666665,10,10,0,0
gala,action_1,low,100,3,0.0,0.0,0.0,0.0,0.0,0.0,10,10,0,0
gala,action_1,high,50,0,0.0,0.0,0.0,0.0,0.0,0.0,10,9,0,1
gala,action_1,high,50,1,0.0,0.0,0.0,5.666666666666667,0.4714045207910317,0.9444444444444444,10,9,0,1
gala,action_1,high,50,2,6.0,0.0,2.0,1.6666666666666667,0.4714045207910317,0.2777777777777778,10,9,0,1
gala,action_1,high,50,3,0.0,0.0,0.0,0.0,0.0,0.0,10,9,0,1
gala,action_1,low,0,0,0.0,0.0,0.0,0.0,0.0,0.0,10,10,0,0
gala,action_1,low,0,1,0.0,0.0,0.0,0.0,0.0,0.0,10,10,0,0
gala,action_1,low,0,2,3.0,0.0,1.0,2.1,0.3,0.35,10,10,0,0
gala,action_1,low,0,3,1.2,1.469693845669907,0.39999999999999997,0.4,0.48989794855663565,0.06666666666666667,10,10,0,0
gala,action_1,high,0,0,0.0,0.0,0.0,0.0,0.0,0.0,10,9,0,1
gala,action_1,high,0,1,0.0,0.0,0.0,5.666666666666667,0.4714045207910317,0.9444444444444444,10,9,0,1
gala,action_1,high,0,2,6.0,0.0,2.0,1.0,0.0,0.16666666666666666,10,9,0,1
gala,action_1,high,0,3,0.0,0.0,0.0,0.0,0.0,0.0,10,9,0,1
gala,action_2,low,75,0,3.0,0.0,1.0,1.0,0.0,0.16666666666666666,10,10,0,0
gala,action_2,low,75,1,0.0,0.0,0.0,0.3,0.45825756949558394,0.049999999999999996,10,10,0,0
gala,action_2,low,75,2,0.0,0.0,0.0,0.0,0.0,0.0,10,10,0,0
gala,action_2,low,75,3,3.0,0.0,1.0,3.7,0.6403124237432849,0.6166666666666667,10,10,0,0
gala,action_2,low,50,0,3.0,0.0,1.0,1.0,0.0,0.16666666666666666,10,10,0,0
gala,action_2,low,50,1,0.0,0.0,0.0,0.0,0.0,0.0,10,10,0,0
gala,action_2,low,50,2,3.0,0.0,1.0,2.9,0.3,0.4833333333333333,10,10,0,0
gala,action_2,low,100,0,3.0,0.0,1.0,1.0,0.0,0.16666666666666666,10,10,0,0
gala,action_2,low,100,1,0.0,0.0,0.0,0.0,0.0,0.0,10,10,0,0
gala,action_2,low,100,2,4.2,1.469693845669907,1.4,2.9,0.3,0.4833333333333333,10,10,0,0
gala,action_2,low,100,3,0.0,0.0,0.0,0.3,0.45825756949558394,0.049999999999999996,10,10,0,0
gala,action_1,high,75,0,0.0,0.0,0.0,0.0,0.0,0.0,10,9,0,1
gala,action_1,high,75,1,0.0,0.0,0.0,5.666666666666667,0.4714045207910317,0.9444444444444444,10,9,0,1
gala,action_1,high,75,2,6.0,0.0,2.0,1.0,0.0,0.16666666666666666,10,9,0,1
gala,action_1,high,75,3,0.0,0.0,0.0,0.0,0.0,0.0,10,9,0,1
gala,action_2,high,75,0,0.0,0.0,0.0,5.666666666666667,0.4714045207910317,0.9444444444444444,10,9,0,1
gala,action_2,high,75,1,6.0,0.0,2.0,3.0,0.816496580927726,0.5,10,9,0,1
gala,action_2,high,75,2,6.0,0.0,2.0,2.0,0.0,0.3333333333333333,10,9,0,1
gala,action_2,high,75,3,0.0,0.0,0.0,5.666666666666667,0.4714045207910317,0.9444444444444444,10,9,0,1
gala,action_2,low,0,0,3.0,0.0,1.0,1.0,0.0,0.16666666666666666,10,10,0,0
gala,action_2,low,0,1,3.0,0.0,1.0,2.9,0.3,0.4833333333333333,10,10,0,0
gala,action_2,low,0,2,0.0,0.0,0.0,0.0,0.0,0.0,10,10,0,0
gala,action_2,low,0,3,3.0,0.0,1.0,2.1,0.3,0.35,10,10,0,0
gala,action_2,high,0,0,0.0,0.0,0.0,0.6666666666666666,0.4714045207910317,0.1111111111111111,10,9,0,1
gala,action_2,high,0,1,1.2,1.469693845669907,0.39999999999999997,1.0,0.0,0.16666666666666666,10,9,0,1
gala,action_2,high,0,2,0.0,0.0,0.0,5.0,1.8856180831641267,0.8333333333333333,10,9,0,1
gala,action_2,high,0,3,0.0,0.0,0.0,5.666666666666667,0.4714045207910317,0.9444444444444444,10,9,0,1
gala,action_2,high,100,0,0.0,0.0,0.0,5.0,1.8856180831641267,0.8333333333333333,10,9,0,1
gala,action_2,high,100,1,0.0,0.0,0.0,5.666666666666667,0.4714045207910317,0.9444444444444444,10,9,0,1
gala,action_2,high,100,2,0.0,0.0,0.0,0.0,0.0,0.0,10,9,0,1
gala,action_2,high,100,3,6.0,0.0,2.0,1.0,0.0,0.16666666666666666,10,9,0,1
gala,action_2,high,50,0,6.0,0.0,2.0,2.0,0.0,0.3333333333333333,10,9,0,1
gala,action_2,high,50,1,0.0,0.0,0.0,0.0,0.0,0.0,10,9,0,1
gala,action_2,high,50,2,3.0,0.0,1.0,4.0,0.0,0.6666666666666666,10,9,0,1
gala,action_2,high,50,3,0.1,0.30000000000000004,0.03333333333333333,0.0,0.0,0.0,10,9,0,1
hike,action_0,low,75,0,3.3,0.45825756949558405,1.0999999999999999,0.0,0.0,0.0,10,10,0,0
hike,action_0,low,75,1,3.7,0.9,1.2333333333333334,1.75,0.51234753829798,0.29166666666666663,10,10,0,0
hike,action_0,low,75,2,0.0,0.0,0.0,0.0,0.0,0.0,10,10,0,0
hike,action_0,low,75,3,3.45,0.687386354243376,1.15,1.45,0.15,0.24166666666666664,10,10,0,0
hike,action_0,low,50,0,3.3,0.45825756949558405,1.0999999999999999,0.0,0.0,0.0,10,10,0,0
hike,action_0,low,50,1,6.0,0.0,2.0,2.8,0.39999999999999997,0.4666666666666666,10,10,0,0
hike,action_0,low,50,2,1.9,0.9433981132056604,0.6333333333333333,0.8,0.4,0.13333333333333333,10,10,0,0
hike,action_0,low,50,3,3.55,0.687386354243376,1.1833333333333331,0.1,0.2,0.016666666666666666,10,10,0,0
hike,action_0,low,0,0,3.3,0.45825756949558405,1.0999999999999999,0.0,0.0,0.0,10,10,0,0
hike,action_0,low,0,1,3.4,0.6244997998398398,1.1333333333333333,0.0,0.0,0.0,10,10,0,0
hike,action_0,low,0,2,1.6,1.0198039027185568,0.5333333333333333,0.85,0.32015621187164245,0.14166666666666666,10,10,0,0
hike,action_0,low,0,3,0.0,0.0,0.0,0.15,0.22912878474779202,0.024999999999999998,10,10,0,0
hike,action_0,low,100,0,3.55,0.687386354243376,1.1833333333333331,1.5,0.0,0.25,10,10,0,0
hike,action_0,low,100,1,2.9,0.3,0.9666666666666666,0.85,0.32015621187164245,0.14166666666666666,10,10,0,0
hike,action_0,low,100,2,3.55,0.687386354243376,1.1833333333333331,0.0,0.0,0.0,10,10,0,0
hike,action_0,low,100,3,6.0,0.0,2.0,2.8,0.39999999999999997,0.4666666666666666,10,10,0,0
hike,action_0,high,0,0,3.3,0.45825756949558405,1.0999999999999999,0.5,0.0,0.08333333333333333,10,10,0,0
hike,action_0,high,0,1,3.3,0.45825756949558405,1.0999999999999999,1.0,0.0,0.16666666666666666,10,10,0,0
hike,action_0,high,0,2,1.9,0.9433981132056604,0.6333333333333333,1.0,0.0,0.16666666666666666,10,10,0,0
hike,action_0,high,0,3,0.4,0.48989794855663565,0.13333333333333333,0.0,0.0,0.0,10,10,0,0
hike,action_1,low,50,0,0.0,0.0,0.0,0.0,0.0,0.0,10,10,0,0
hike,action_1,low,50,1,3.55,0.687386354243376,1.1833333333333331,0.0,0.0,0.0,10,10,0,0
hike,action_1,low,50,2,3.6,0.7681145747868608,1.2,0.95,0.15,0.15833333333333333,10,10,0,0
hike,action_1,low,50,3,0.0,0.0,0.0,0.0,0.0,0.0,10,10,0,0
hike,action_1,low,75,0,0.0,0.0,0.0,0.0,0.0,0.0,10,10,0,0
hike,action_1,low,75,1,3.55,0.687386354243376,1.1833333333333331,0.0,0.0,0.0,10,10,0,0
hike,action_1,low,75,2,3.6,0.7681145747868608,1.2,0.95,0.15,0.15833333333333333,10,10,0,0
hike,action_1,low,75,3,0.0,0.0,0.0,0.0,0.0,0.0,10,10,0,0
hike,action_0,high,50,0,3.3,0.45825756949558405,1.0999999999999999,0.5,0.0,0.08333333333333333,10,10,0,0
hike,action_0,high,50,1,6.0,0.0,2.0,3.2,0.39999999999999997,0.5333333333333333,10,10,0,0
hike,action_0,high,50,2,0.0,0.0,0.0,0.0,0.0,0.0,10,10,0,0
hike,action_0,high,50,3,3.5,0.6324555320336759,1.1666666666666665,1.4,0.43588989435406733,0.2333333333333333,10,10,0,0
hike,action_0,high,100,0,3.3,0.45825756949558405,1.0999999999999999,0.5,0.0,0.08333333333333333,10,10,0,0
hike,action_0,high,100,1,3.7,0.9,1.2333333333333334,5.0,0.0,0.8333333333333333,10,10,0,0
hike,action_0,high,100,2,2.9,0.3,0.9666666666666666,1.0,0.0,0.16666666666666666,10,10,0,0
hike,action_0,high,100,3,0.0,0.0,0.0,0.0,0.0,0.0,10,10,0,0
hike,action_1,low,0,0,0.0,0.0,0.0,0.0,0.0,0.0,10,10,0,0
hike,action_1,low,0,1,3.3,0.45825756949558405,1.0999999999999999,1.55,0.5678908345800273,0.2583333333333333,10,10,0,0
hike,action_1,low,0,2,6.0,0.0,2.0,2.8,0.39999999999999997,0.4666666666666666,10,10,0,0
hike,action_1,low,0,3,0.0,0.0,0.0,0.0,0.0,0.0,10,10,0,0
hike,action_1,low,100,0,3.55,0.687386354243376,1.1833333333333331,0.0,0.0,0.0,10,10,0,0
hike,action_1,low,100,1,3.6,0.7681145747868608,1.2,0.95,0.15,0.15833333333333333,10,10,0,0
hike,action_1,low,100,2,3.55,0.687386354243376,1.1833333333333331,0.1,0.2,0.016666666666666666,10,10,0,0
hike,action_1,low,100,3,0.0,0.0,0.0,0.0,0.0,0.0,10,10,0,0
hike,action_1,high,50,0,0.0,0.0,0.0,0.0,0.0,0.0,10,10,0,0
hike,action_1,high,50,1,3.6,0.7681145747868608,1.2,1.0,0.0,0.16666666666666666,10,10,0,0
hike,action_1,high,50,2,3.55,0.687386354243376,1.1833333333333331,0.5,0.0,0.08333333333333333,10,10,0,0
hike,action_1,high,50,3,0.0,0.0,0.0,0.0,0.0,0.0,10,10,0,0
hike,action_2,low,0,0,0.0,0.0,0.0,0.0,0.0,0.0,10,10,0,0
hike,action_2,low,0,1,3.55,0.687386354243376,1.1833333333333331,1.5,0.0,0.25,10,10,0,0
hike,action_2,low,0,2,3.55,0.687386354243376,1.1833333333333331,0.1,0.2,0.016666666666666666,10,10,0,0
hike,action_2,low,0,3,0.0,0.0,0.0,0.15,0.22912878474779202,0.024999999999999998,10,10,0,0
hike,action_1,high,100,0,3.55,0.687386354243376,1.1833333333333331,0.0,0.0,0.0,10,10,0,0
hike,action_1,high,100,1,1.9,0.9433981132056604,0.6333333333333333,3.05,0.15,0.5083333333333333,10,10,0,0
hike,action_1,high,100,2,2.9,0.3,0.9666666666666666,1.0,0.0,0.16666666666666666,10,10,0,0
hike,action_1,high,100,3,1.8,0.8717797887081348,0.6,4.05,0.15,0.6749999999999999,10,10,0,0
hike,action_0,high,75,0,3.3,0.45825756949558405,1.0999999999999999,0.5,0.0,0.08333333333333333,10,10,0,0
hike,action_0,high,75,1,3.3,0.45825756949558405,1.0999999999999999,1.0,0.0,0.16666666666666666,10,10,0,0
hike,action_0,high,75,2,1.8,0.8717797887081348,0.6,4.55,0.2692582403567252,0.7583333333333333,10,10,0,0
hike,action_0,high,75,3,0.4,0.48989794855663565,0.13333333333333333,0.0,0.0,0.0,10,10,0,0
hike,action_2,high,0,0,3.55,0.687386354243376,1.1833333333333331,4.0,0.0,0.6666666666666666,10,10,0,0
hike,action_2,high,0,1,0.0,0.0,0.0,0.0,0.0,0.0,10,10,0,0
hike,action_2,high,0,2,2.9,0.3,0.9666666666666666,1.0,0.0,0.16666666666666666,10,10,0,0
hike,action_2,high,0,3,0.0,0.0,0.0,0.0,0.0,0.0,10,10,0,0
hike,action_2,low,75,0,3.55,0.687386354243376,1.1833333333333331,1.5,0.0,0.25,10,10,0,0
hike,action_2,low,75,1,0.0,0.0,0.0,0.0,0.0,0.0,10,10,0,0
hike,action_2,low,75,2,3.55,0.687386354243376,1.1833333333333331,0.0,0.0,0.0,10,10,0,0
hike,action_2,low,75,3,0.2,0.4000000000000001,0.06666666666666667,0.0,0.0,0.0,10,10,0,0
hike,action_2,high,75,0,3.55,0.687386354243376,1.1833333333333331,4.0,0.0,0.6666666666666666,10,10,0,0
hike,action_2,high,75,1,0.0,0.0,0.0,0.0,0.0,0.0,10,10,0,0
hike,action_2,high,75,2,3.7,0.9,1.2333333333333334,5.0,0.0,0.8333333333333333,10,10,0,0
hike,action_2,high,75,3,2.9,0.3,0.9666666666666666,1.0,0.0,0.16666666666666666,10,10,0,0
hike,action_1,high,75,0,0.0,0.0,0.0,4.0,0.0,0.6666666666666666,10,10,0,0
hike,action_1,high,75,1,3.6,0.7681145747868608,1.2,1.0,0.0,0.16666666666666666,10,10,0,0
hike,action_1,high,75,2,3.55,0.687386354243376,1.1833333333333331,0.5,0.0,0.08333333333333333,10,10,0,0
hike,action_1,high,75,3,5.6,0.4898979485566356,1.8666666666666665,2.0,0.0,0.3333333333333333,10,10,0,0
hike,action_2,low,50,0,0.0,0.0,0.0,0.0,0.0,0.0,10,10,0,0
hike,action_2,low,50,1,3.55,0.687386354243376,1.1833333333333331,1.5,0.0,0.25,10,10,0,0
hike,action_2,low,50,2,3.55,0.687386354243376,1.1833333333333331,0.0,0.0,0.0,10,10,0,0
hike,action_2,low,50,3,0.2,0.4000000000000001,0.06666666666666667,0.0,0.0,0.0,10,10,0,0
hike,action_1,high,0,0,0.0,0.0,0.0,0.0,0.0,0.0,10,10,0,0
hike,action_1,high,0,1,1.9,0.9433981132056604,0.6333333333333333,3.05,0.15,0.5083333333333333,10,10,0,0
hike,action_1,high,0,2,2.9,0.3,0.9666666666666666,1.0,0.0,0.16666666666666666,10,10,0,0
hike,action_1,high,0,3,1.5,0.6708203932499369,0.5,1.0,0.0,0.16666666666666666,10,10,0,0
hike,action_2,high,100,0,3.55,0.687386354243376,1.1833333333333331,4.0,0.0,0.6666666666666666,10,10,0,0
hike,action_2,high,100,1,0.0,0.0,0.0,0.0,0.0,0.0,10,10,0,0
hike,action_2,high,100,2,0.0,0.0,0.0,0.0,0.0,0.0,10,10,0,0
hike,action_2,high,100,3,0.0,0.0,0.0,0.0,0.0,0.0,10,10,0,0
hike,action_2,high,50,0,3.55,0.687386354243376,1.1833333333333331,4.0,0.0,0.6666666666666666,10,10,0,0
hike,action_2,high,50,1,0.0,0.0,0.0,0.0,0.0,0.0,10,10,0,0
hike,action_2,high,50,2,0.0,0.0,0.0,0.0,0.0,0.0,10,10,0,0
hike,action_2,high,50,3,3.1,0.3,1.0333333333333332,1.2,0.4,0.19999999999999998,10,10,0,0
hike,action_2,low,100,0,0.0,0.0,0.0,0.0,0.0,0.0,10,10,0,0
hike,action_2,low,100,1,3.55,0.687386354243376,1.1833333333333331,1.5,0.0,0.25,10,10,0,0
hike,action_2,low,100,2,0.0,0.0,0.0,0.0,0.0,0.0,10,10,0,0
hike,action_2,low,100,3,0.0,0.0,0.0,0.0,0.0,0.0,10,10,0,0
oysters,action_0,low,50,0,3.0,0.0,1.0,0.45,0.15000000000000002,0.075,10,10,0,0
oysters,action_0,low,50,1,3.0,0.0,1.0,1.5,0.0,0.25,10,10,0,0
oysters,action_0,low,50,2,0.0,0.0,0.0,0.25,0.25,0.041666666666666664,10,10,0,0
oysters,action_0,low,50,3,0.0,0.0,0.0,0.8,0.24494897427831783,0.13333333333333333,10,10,0,0
oysters,action_0,low,100,0,3.0,0.0,1.0,0.0,0.0,0.0,10,10,0,0
oysters,action_0,low,100,1,3.0,0.0,1.0,1.5,0.0,0.25,10,10,0,0
oysters,action_0,low,100,2,0.0,0.0,0.0,0.0,0.0,0.0,10,10,0,0
oysters,action_0,high,0,0,3.0,0.0,1.0,0.6,0.2,0.09999999999999999,10,10,0,0
oysters,action_0,high,0,1,3.0,0.0,1.0,1.45,0.15,0.24166666666666664,10,10,0,0
oysters,action_0,high,0,2,0.0,0.0,0.0,4.0,0.0,0.6666666666666666,10,10,0,0
oysters,action_0,high,0,3,0.0,0.0,0.0,0.0,0.0,0.0,10,10,0,0
oysters,action_0,low,0,0,3.0,0.0,1.0,1.5,0.0,0.25,10,10,0,0
oysters,action_0,low,0,1,3.0,0.0,1.0,0.45,0.15000000000000002,0.075,10,10,0,0
oysters,action_0,low,0,2,0.0,0.0,0.0,0.25,0.25,0.041666666666666664,10,10,0,0
oysters,action_0,low,0,3,0.0,0.0,0.0,0.8,0.24494897427831783,0.13333333333333333,10,10,0,0
oysters,action_1,low,50,0,3.0,0.0,1.0,0.45,0.15000000000000002,0.075,10,10,0,0
oysters,action_1,low,50,1,0.0,0.0,0.0,1.2,0.9797958971132713,0.19999999999999998,10,10,0,0
oysters,action_1,low,50,2,3.0,0.0,1.0,0.0,0.0,0.0,10,10,0,0
oysters,action_0,high,100,0,3.0,0.0,1.0,0.5,0.0,0.08333333333333333,10,10,0,0
oysters,action_0,high,100,1,3.0,0.0,1.0,1.9,0.19999999999999998,0.31666666666666665,10,10,0,0
oysters,action_0,high,100,2,0.0,0.0,0.0,0.0,0.0,0.0,10,10,0,0
oysters,action_0,high,100,3,0.0,0.0,0.0,0.0,0.0,0.0,10,10,0,0
oysters,action_0,high,100,4,0.0,0.0,0.0,0.0,0.0,0.0,10,10,0,0
oysters,action_0,high,50,0,3.0,0.0,1.0,0.5,0.0,0.08333333333333333,10,10,0,0
oysters,action_0,high,50,1,0.0,0.0,0.0,4.5,0.0,0.75,10,10,0,0
oysters,action_0,high,50,2,0.8,1.1661903789690602,0.26666666666666666,0.1,0.20000000000000004,0.016666666666666666,10,10,0,0
oysters,action_0,high,50,3,0.0,0.0,0.0,2.75,0.33541019662496846,0.4583333333333333,10,10,0,0
oysters,action_0,high,75,0,3.0,0.0,1.0,0.2,0.24494897427831783,0.03333333333333333,10,10,0,0
oysters,action_0,high,75,1,0.0,0.0,0.0,4.5,0.0,0.75,10,10,0,0
oysters,action_0,high,75,2,0.0,0.0,0.0,0.0,0.0,0.0,10,10,0,0
oysters,action_0,high,75,3,0.0,0.0,0.0,0.0,0.0,0.0,10,10,0,0
oysters,action_1,low,100,0,3.0,0.0,1.0,0.45,0.15000000000000002,0.075,10,10,0,0
oysters,action_1,low,100,1,3.0,0.0,1.0,0.0,0.0,0.0,10,10,0,0
oysters,action_1,low,100,2,0.0,0.0,0.0,0.9,0.30000000000000004,0.15,10,10,0,0
oysters,action_1,low,100,3,0.0,0.0,0.0,1.6,0.48989794855663565,0.26666666666666666,10,10,0,0
oysters,action_1,low,0,0,3.0,0.0,1.0,0.45,0.15000000000000002,0.075,10,10,0,0
oysters,action_1,low,0,1,3.0,0.0,1.0,0.0,0.0,0.0,10,10,0,0
oysters,action_1,low,0,2,0.0,0.0,0.0,0.0,0.0,0.0,10,10,0,0
oysters,action_1,low,0,3,0.0,0.0,0.0,1.6,0.48989794855663565,0.26666666666666666,10,10,0,0
oysters,action_1,low,75,0,3.0,0.0,1.0,0.0,0.0,0.0,10,10,0,0
oysters,action_1,low,75,1,3.0,0.0,1.0,0.45,0.15000000000000002,0.075,10,10,0,0
oysters,action_1,low,75,2,3.0,0.0,1.0,0.0,0.0,0.0,10,10,0,0
oysters,action_1,high,75,0,3.0,0.0,1.0,0.5,0.0,0.08333333333333333,10,10,0,0
oysters,action_1,high,75,1,3.0,0.0,1.0,0.0,0.0,0.0,10,10,0,0
oysters,action_1,high,75,2,0.0,0.0,0.0,2.1,0.19999999999999998,0.35,10,10,0,0
oysters,action_1,high,75,3,0.0,0.0,0.0,2.9,0.4898979485566356,0.4833333333333333,10,10,0,0
oysters,action_1,high,50,0,3.0,0.0,1.0,0.5,0.0,0.08333333333333333,10,10,0,0
oysters,action_1,high,50,1,0.0,0.0,0.0,2.9,0.4898979485566356,0.4833333333333333,10,10,0,0
oysters,action_1,high,50,2,3.0,0.0,1.0,0.0,0.0,0.0,10,10,0,0
oysters,action_1,high,0,0,3.0,0.0,1.0,0.5,0.0,0.08333333333333333,10,10,0,0
oysters,action_1,high,0,1,0.0,0.0,0.0,2.9,0.4898979485566356,0.4833333333333333,10,10,0,0
oysters,action_1,high,0,2,3.0,0.0,1.0,0.0,0.0,0.0,10,10,0,0
oysters,action_0,low,75,0,3.0,0.0,1.0,0.45,0.15000000000000002,0.075,10,10,0,0
oysters,action_0,low,75,1,3.0,0.0,1.0,1.5,0.0,0.25,10,10,0,0
oysters,action_0,low,75,2,0.0,0.0,0.0,0.9,0.30000000000000004,0.15,10,10,0,0
oysters,action_0,low,75,3,0.0,0.0,0.0,1.6,0.48989794855663565,0.26666666666666666,10,10,0,0
oysters,action_0,low,75,4,0.0,0.0,0.0,0.0,0.0,0.0,10,10,0,0
oysters,action_1,high,100,0,3.0,0.0,1.0,0.5,0.0,0.08333333333333333,10,10,0,0
oysters,action_1,high,100,1,0.0,0.0,0.0,2.9,0.4898979485566356,0.4833333333333333,10,10,0,0
oysters,action_1,high,100,2,3.0,0.0,1.0,0.0,0.0,0.0,10,10,0,0
oysters,action_1,high,100,3,0.0,0.0,0.0,2.4,0.3741657386773941,0.39999999999999997,10,10,0,0
oysters,action_2,low,50,0,3.0,0.0,1.0,0.45,0.15000000000000002,0.075,10,10,0,0
oysters,action_2,low,50,1,0.0,0.0,0.0,1.95,0.15,0.32499999999999996,10,10,0,0
oysters,action_2,low,50,2,0.0,0.0,0.0,1.2,0.9797958971132713,0.19999999999999998,10,10,0,0
oysters,action_2,low,50,3,3.0,0.0,1.0,0.25,0.25,0.041666666666666664,10,10,0,0
oysters,action_2,low,0,0,0.0,0.0,0.0,1.2,0.9797958971132713,0.19999999999999998,10,10,0,0
oysters,action_2,low,0,1,3.0,0.0,1.0,0.0,0.0,0.0,10,10,0,0
oysters,action_2,low,0,2,0.0,0.0,0.0,0.0,0.0,0.0,10,10,0,0
oysters,action_2,low,0,3,0.0,0.0,0.0,1.9,0.3,0.31666666666666665,10,10,0,0
oysters,action_2,high,0,0,0.0,0.0,0.0,2.9,0.4898979485566356,0.4833333333333333,10,10,0,0
oysters,action_2,high,0,1,0.0,0.0,0.0,4.0,0.0,0.6666666666666666,10,10,0,0
oysters,action_2,high,0,2,3.0,0.0,1.0,0.5,0.0,0.08333333333333333,10,10,0,0
oysters,action_2,high,50,0,0.0,0.0,0.0,4.5,0.0,0.75,10,10,0,0
oysters,action_2,high,50,1,3.0,0.0,1.0,0.5,0.0,0.08333333333333333,10,10,0,0
oysters,action_2,high,50,2,0.0,0.0,0.0,2.9,0.4898979485566356,0.4833333333333333,10,10,0,0
oysters,action_2,high,50,3,0.0,0.0,0.0,0.0,0.0,0.0,10,10,0,0
oysters,action_2,low,100,0,3.0,0.0,1.0,0.45,0.15000000000000002,0.075,10,10,0,0
oysters,action_2,low,100,1,0.0,0.0,0.0,1.95,0.15,0.32499999999999996,10,10,0,0
oysters,action_2,low,100,2,0.0,0.0,0.0,1.2,0.9797958971132713,0.19999999999999998,10,10,0,0
oysters,action_2,low,100,3,3.0,0.0,1.0,0.25,0.25,0.041666666666666664,10,10,0,0
oysters,action_2,low,75,0,6.0,0.0,2.0,1.05,0.15,0.175,10,10,0,0
oysters,action_2,low,75,1,2.1,1.374772708486752,0.7,2.0,0.0,0.3333333333333333,10,10,0,0
oysters,action_2,low,75,2,0.0,0.0,0.0,1.2,0.9797958971132713,0.19999999999999998,10,10,0,0
oysters,action_2,low,75,3,3.0,0.0,1.0,0.45,0.15000000000000002,0.075,10,10,0,0
oysters,action_2,low,75,4,0.0,0.0,0.0,1.6,0.48989794855663565,0.26666666666666666,10,10,0,0
oysters,action_2,high,75,0,0.0,0.0,0.0,4.0,0.0,0.6666666666666666,10,10,0,0
oysters,action_2,high,75,1,3.0,0.0,1.0,0.5,0.0,0.08333333333333333,10,10,0,0
oysters,action_2,high,75,2,0.8,1.1661903789690602,0.26666666666666666,0.05,0.15000000000000002,0.008333333333333333,10,10,0,0
oysters,action_2,high,75,3,0.0,0.0,0.0,2.1,0.19999999999999998,0.35,10,10,0,0
oysters,action_2,high,100,0,0.0,0.0,0.0,4.5,0.0,0.75,10,10,0,0
oysters,action_2,high,100,1,3.0,0.0,1.0,0.5,0.0,0.08333333333333333,10,10,0,0
oysters,action_2,high,100,2,0.0,0.0,0.0,2.9,0.4898979485566356,0.4833333333333333,10,10,0,0
oysters,action_2,high,100,3,0.0,0.0,0.0,2.3,0.2449489742783178,0.3833333333333333,10,10,0,0
social,action_0,low,50,0,0.0,0.0,0.0,0.0,0.0,0.0,10,10,0,0
social,action_0,low,50,1,0.0,0.0,0.0,0.0,0.0,0.0,10,10,0,0
social,action_0,low,50,2,3.0,0.0,1.0,1.5,0.0,0.25,10,10,0,0
social,action_0,low,50,3,3.0,0.0,1.0,2.0,0.0,0.3333333333333333,10,10,0,0
social,action_0,low,0,0,0.0,0.0,0.0,0.0,0.0,0.0,10,10,0,0
social,action_0,low,0,1,0.0,0.0,0.0,0.0,0.0,0.0,10,10,0,0
social,action_0,low,0,2,3.0,0.0,1.0,1.5,0.0,0.25,10,10,0,0
social,action_0,low,0,3,3.0,0.0,1.0,2.0,0.0,0.3333333333333333,10,10,0,0
social,action_0,low,75,0,0.0,0.0,0.0,0.0,0.0,0.0,10,10,0,0
social,action_0,low,75,1,0.0,0.0,0.0,0.0,0.0,0.0,10,10,0,0
social,action_0,low,75,2,3.0,0.0,1.0,1.5,0.0,0.25,10,10,0,0
social,action_0,low,75,3,3.0,0.0,1.0,2.0,0.0,0.3333333333333333,10,10,0,0
social,action_0,low,100,0,0.0,0.0,0.0,0.0,0.0,0.0,10,10,0,0
social,action_0,low,100,1,0.0,0.0,0.0,0.0,0.0,0.0,10,10,0,0
social,action_0,low,100,2,6.0,0.0,2.0,1.0,0.0,0.16666666666666666,10,10,0,0
social,action_0,low,100,3,3.0,0.0,1.0,2.0,0.0,0.3333333333333333,10,10,0,0
social,action_0,high,0,0,0.0,0.0,0.0,0.0,0.0,0.0,10,10,0,0
social,action_0,high,0,1,0.0,0.0,0.0,0.0,0.0,0.0,10,10,0,0
social,action_0,high,0,2,3.0,0.0,1.0,1.0,0.0,0.16666666666666666,10,10,0,0
social,action_0,high,0,3,0.0,0.0,0.0,2.3,0.45825756949558405,0.3833333333333333,10,10,0,0
social,action_0,high,75,0,0.0,0.0,0.0,0.0,0.0,0.0,10,10,0,0
social,action_0,high,75,1,0.0,0.0,0.0,0.0,0.0,0.0,10,10,0,0
social,action_0,high,75,2,3.0,0.0,1.0,1.0,0.0,0.16666666666666666,10,10,0,0
social,action_0,high,50,0,0.0,0.0,0.0,0.0,0.0,0.0,10,10,0,0
social,action_0,high,50,1,0.0,0.0,0.0,0.0,0.0,0.0,10,10,0,0
social,action_0,high,50,2,3.0,0.0,1.0,1.0,0.0,0.16666666666666666,10,10,0,0
social,action_0,high,50,3,0.0,0.0,0.0,3.0,0.0,0.5,10,10,0,0
social,action_1,low,50,0,0.0,0.0,0.0,0.0,0.0,0.0,10,10,0,0
social,action_1,low,50,1,0.0,0.0,0.0,0.0,0.0,0.0,10,10,0,0
social,action_1,low,50,2,0.0,0.0,0.0,0.0,0.0,0.0,10,10,0,0
social,action_1,low,50,3,3.0,0.0,1.0,2.0,0.0,0.3333333333333333,10,10,0,0
social,action_0,high,100,0,0.0,0.0,0.0,0.0,0.0,0.0,10,10,0,0
social,action_0,high,100,1,0.0,0.0,0.0,0.0,0.0,0.0,10,10,0,0
social,action_0,high,100,2,3.0,0.0,1.0,1.0,0.0,0.16666666666666666,10,10,0,0
social,action_0,high,100,3,0.0,0.0,0.0,2.3,0.45825756949558405,0.3833333333333333,10,10,0,0
social,action_1,low,100,0,0.0,0.0,0.0,0.0,0.0,0.0,10,10,0,0
social,action_1,low,100,1,0.0,0.0,0.0,0.0,0.0,0.0,10,10,0,0
social,action_1,low,100,2,0.0,0.0,0.0,0.0,0.0,0.0,10,10,0,0
social,action_1,low,100,3,3.0,0.0,1.0,2.0,0.0,0.3333333333333333,10,10,0,0
social,action_1,low,0,0,0.0,0.0,0.0,0.0,0.0,0.0,10,10,0,0
social,action_1,low,0,1,0.0,0.0,0.0,0.0,0.0,0.0,10,10,0,0
social,action_1,low,0,2,0.0,0.0,0.0,0.0,0.0,0.0,10,10,0,0
social,action_1,low,0,3,3.0,0.0,1.0,2.0,0.0,0.3333333333333333,10,10,0,0
social,action_1,low,75,0,0.0,0.0,0.0,0.0,0.0,0.0,10,10,0,0
social,action_1,low,75,1,0.0,0.0,0.0,0.0,0.0,0.0,10,10,0,0
social,action_1,low,75,2,0.0,0.0,0.0,0.0,0.0,0.0,10,10,0,0
social,action_1,low,75,3,0.0,0.0,0.0,2.0,0.0,0.3333333333333333,10,10,0,0
social,action_1,high,50,0,0.0,0.0,0.0,0.0,0.0,0.0,10,10,0,0
social,action_1,high,50,1,0.0,0.0,0.0,0.0,0.0,0.0,10,10,0,0
social,action_1,high,50,2,0.0,0.0,0.0,0.7,0.45825756949558394,0.11666666666666665,10,10,0,0
social,action_1,high,50,3,0.0,0.0,0.0,0.0,0.0,0.0,10,10,0,0
social,action_1,high,100,0,0.0,0.0,0.0,0.0,0.0,0.0,10,10,0,0
social,action_1,high,100,1,0.0,0.0,0.0,0.0,0.0,0.0,10,10,0,0
social,action_1,high,100,2,0.0,0.0,0.0,0.7,0.45825756949558394,0.11666666666666665,10,10,0,0
social,action_1,high,100,3,0.0,0.0,0.0,0.0,0.0,0.0,10,10,0,0
social,action_2,low,50,0,0.0,0.0,0.0,0.0,0.0,0.0,10,10,0,0
social,action_2,low,50,1,0.0,0.0,0.0,0.0,0.0,0.0,10,10,0,0
social,action_2,low,50,2,0.0,0.0,0.0,1.0,0.0,0.16666666666666666,10,10,0,0
social,action_2,low,50,3,3.0,0.0,1.0,3.0,0.0,0.5,10,10,0,0
social,action_1,high,75,0,0.0,0.0,0.0,0.0,0.0,0.0,10,10,0,0
social,action_1,high,75,1,0.0,0.0,0.0,0.0,0.0,0.0,10,10,0,0
social,action_1,high,75,2,0.0,0.0,0.0,0.0,0.0,0.0,10,10,0,0
social,action_1,high,75,3,6.0,0.0,2.0,2.4,0.48989794855663565,0.39999999999999997,10,10,0,0
social,action_2,low,0,0,0.0,0.0,0.0,0.0,0.0,0.0,10,10,0,0
social,action_2,low,0,1,0.0,0.0,0.0,0.0,0.0,0.0,10,10,0,0
social,action_2,low,0,2,0.0,0.0,0.0,0.0,0.0,0.0,10,10,0,0
social,action_2,low,0,3,3.0,0.0,1.0,2.0,0.0,0.3333333333333333,10,10,0,0
social,action_2,low,100,0,0.0,0.0,0.0,0.0,0.0,0.0,10,10,0,0
social,action_2,low,100,1,0.0,0.0,0.0,0.0,0.0,0.0,10,10,0,0
social,action_2,low,100,2,0.0,0.0,0.0,0.0,0.0,0.0,10,10,0,0
social,action_2,low,100,3,0.0,0.0,0.0,0.0,0.0,0.0,10,10,0,0
social,action_2,low,75,0,0.0,0.0,0.0,0.0,0.0,0.0,10,10,0,0
social,action_2,low,75,1,0.0,0.0,0.0,0.0,0.0,0.0,10,10,0,0
social,action_2,low,75,2,0.0,0.0,0.0,1.0,0.0,0.16666666666666666,10,10,0,0
social,action_2,low,75,3,3.0,0.0,1.0,3.0,0.0,0.5,10,10,0,0
social,action_1,high,0,0,0.0,0.0,0.0,0.0,0.0,0.0,10,10,0,0
social,action_1,high,0,1,0.0,0.0,0.0,0.0,0.0,0.0,10,10,0,0
social,action_1,high,0,2,0.0,0.0,0.0,0.7,0.45825756949558394,0.11666666666666665,10,10,0,0
social,action_1,high,0,3,0.0,0.0,0.0,0.0,0.0,0.0,10,10,0,0
social,action_2,high,0,0,0.0,0.0,0.0,0.0,0.0,0.0,10,10,0,0
social,action_2,high,0,1,0.0,0.0,0.0,0.0,0.0,0.0,10,10,0,0
social,action_2,high,0,2,0.0,0.0,0.0,0.0,0.0,0.0,10,10,0,0
social,action_2,high,0,3,0.0,0.0,0.0,2.3,0.45825756949558405,0.3833333333333333,10,10,0,0
social,action_2,high,75,0,0.0,0.0,0.0,0.0,0.0,0.0,10,10,0,0
social,action_2,high,75,1,0.0,0.0,0.0,0.0,0.0,0.0,10,10,0,0
social,action_2,high,75,2,0.0,0.0,0.0,0.0,0.0,0.0,10,10,0,0
social,action_2,high,75,3,3.0,0.0,1.0,2.6,0.48989794855663565,0.43333333333333335,10,10,0,0
social,action_2,high,75,4,0.0,0.0,0.0,0.0,0.0,0.0,10,10,0,0
social,action_2,high,100,0,0.0,0.0,0.0,0.0,0.0,0.0,10,10,0,0
social,action_2,high,100,1,0.0,0.0,0.0,0.0,0.0,0.0,10,10,0,0
social,action_2,high,100,2,0.0,0.0,0.0,0.0,0.0,0.0,10,10,0,0
social,action_2,high,100,3,3.0,0.0,1.0,2.6,0.48989794855663565,0.43333333333333335,10,10,0,0
social,action_2,high,50,0,0.0,0.0,0.0,0.0,0.0,0.0,10,10,0,0
social,action_2,high,50,1,0.0,0.0,0.0,0.0,0.0,0.0,10,10,0,0
social,action_2,high,50,2,0.0,0.0,0.0,0.0,0.0,0.0,10,10,0,0
social,action_2,high,50,3,3.0,0.0,1.0,2.6,0.48989794855663565,0.43333333333333335,10,10,0,0
social,action_2,high,50,4,0.0,0.0,0.0,0.0,0.0,0.0,10,10,0,0
soup,action_0,low,75,0,3.0,0.0,1.0,2.95,0.15,0.4916666666666667,10,10,0,0
soup,action_0,low,75,1,4.2,0.6,1.4,0.5,0.0,0.08333333333333333,10,10,0,0
soup,action_0,low,75,2,4.2,0.6,1.4,0.5,0.0,0.08333333333333333,10,10,0,0
soup,action_0,low,75,3,0.0,0.0,0.0,1.9,0.3,0.31666666666666665,10,10,0,0
soup,action_0,high,0,0,3.0,0.0,1.0,4.3,0.2449489742783178,0.7166666666666666,10,10,0,0
soup,action_0,high,0,1,2.4,1.2000000000000002,0.7999999999999999,0.5,0.0,0.08333333333333333,10,10,0,0
soup,action_0,high,0,2,0.0,0.0,0.0,0.8,0.4,0.13333333333333333,10,10,0,0
soup,action_0,low,100,0,3.0,0.0,1.0,2.95,0.15,0.4916666666666667,10,10,0,0
soup,action_0,low,100,1,2.8,2.3579652245103193,0.9333333333333332,0.0,0.0,0.0,10,10,0,0
soup,action_0,low,100,2,0.0,0.0,0.0,0.0,0.0,0.0,10,10,0,0
soup,action_0,low,100,3,2.8,2.3579652245103193,0.9333333333333332,0.0,0.0,0.0,10,10,0,0
soup,action_0,high,75,0,5.4,0.8,1.8,2.0,0.0,0.3333333333333333,10,10,0,0
soup,action_0,high,75,1,3.1,1.044030650891055,1.0333333333333332,1.0,0.0,0.16666666666666666,10,10,0,0
soup,action_0,high,75,2,3.1,1.044030650891055,1.0333333333333332,1.0,0.0,0.16666666666666666,10,10,0,0
soup,action_0,high,75,3,0.0,0.0,0.0,0.0,0.0,0.0,10,10,0,0
soup,action_0,low,50,0,3.0,0.0,1.0,2.95,0.15,0.4916666666666667,10,10,0,0
soup,action_0,low,50,1,2.8,2.3579652245103193,0.9333333333333332,0.0,0.0,0.0,10,10,0,0
soup,action_0,low,50,2,2.8,2.3579652245103193,0.9333333333333332,0.0,0.0,0.0,10,10,0,0
soup,action_0,low,50,3,0.0,0.0,0.0,0.0,0.0,0.0,10,10,0,0
soup,action_0,high,100,0,5.4,0.8,1.8,2.0,0.0,0.3333333333333333,10,10,0,0
soup,action_0,high,100,1,3.1,1.044030650891055,1.0333333333333332,1.0,0.0,0.16666666666666666,10,10,0,0
soup,action_0,high,100,2,3.1,1.044030650891055,1.0333333333333332,1.0,0.0,0.16666666666666666,10,10,0,0
soup,action_0,high,100,3,5.8,0.39999999999999997,1.9333333333333331,4.2,0.2449489742783178,0.7,10,10,0,0
soup,action_0,low,0,0,3.0,0.0,1.0,2.95,0.15,0.4916666666666667,10,10,0,0
soup,action_0,low,0,1,2.4,1.2000000000000002,0.7999999999999999,0.5,0.0,0.08333333333333333,10,10,0,0
soup,action_0,low,0,2,2.8,2.3579652245103193,0.9333333333333332,0.0,0.0,0.0,10,10,0,0
soup,action_0,low,0,3,0.0,0.0,0.0,1.9,0.3,0.31666666666666665,10,10,0,0
soup,action_0,high,50,0,5.4,0.8,1.8,2.0,0.0,0.3333333333333333,10,10,0,0
soup,action_0,high,50,1,2.4,1.2000000000000002,0.7999999999999999,0.5,0.0,0.08333333333333333,10,10,0,0
soup,action_0,high,50,2,2.1,0.3,0.7,3.0,0.0,0.5,10,10,0,0
soup,action_0,high,50,3,2.8,2.3579652245103193,0.9333333333333332,0.0,0.0,0.0,10,10,0,0
soup,action_0,high,50,4,2.8,2.3579652245103193,0.9333333333333332,0.0,0.0,0.0,10,10,0,0
soup,action_1,low,0,0,4.2,0.6,1.4,0.5,0.0,0.08333333333333333,10,10,0,0
soup,action_1,low,0,1,2.4,1.2000000000000002,0.7999999999999999,2.0,0.0,0.3333333333333333,10,10,0,0
soup,action_1,low,0,2,3.0,0.0,1.0,2.9,0.3,0.4833333333333333,10,10,0,0
soup,action_1,low,0,3,0.0,0.0,0.0,0.0,0.0,0.0,10,10,0,0
soup,action_1,low,50,0,6.0,0.0,2.0,1.4,0.19999999999999998,0.2333333333333333,10,10,0,0
soup,action_1,low,50,1,0.0,0.0,0.0,0.0,0.0,0.0,10,10,0,0
soup,action_1,low,50,2,3.0,0.0,1.0,2.9,0.3,0.4833333333333333,10,10,0,0
soup,action_1,low,50,3,2.4,1.2000000000000002,0.7999999999999999,2.0,0.0,0.3333333333333333,10,10,0,0
soup,action_1,high,0,0,0.0,0.0,0.0,0.0,0.0,0.0,10,10,0,0
soup,action_1,high,0,1,2.4,1.2000000000000002,0.7999999999999999,0.5,0.0,0.08333333333333333,10,10,0,0
soup,action_1,high,0,2,0.0,0.0,0.0,0.0,0.0,0.0,10,10,0,0
soup,action_1,high,0,3,4.2,0.6,1.4,0.9,0.30000000000000004,0.15,10,10,0,0
soup,action_1,low,75,0,0.0,0.0,0.0,0.0,0.0,0.0,10,10,0,0
soup,action_1,low,75,1,2.4,1.2000000000000002,0.7999999999999999,0.5,0.0,0.08333333333333333,10,10,0,0
soup,action_1,low,75,2,3.0,0.0,1.0,2.9,0.3,0.4833333333333333,10,10,0,0
soup,action_1,low,75,3,0.0,0.0,0.0,0.0,0.0,0.0,10,10,0,0
soup,action_1,low,100,0,0.0,0.0,0.0,0.0,0.0,0.0,10,10,0,0
soup,action_1,low,100,1,3.0,0.0,1.0,2.95,0.15,0.4916666666666667,10,10,0,0
soup,action_1,low,100,2,6.0,0.0,2.0,0.2,0.6000000000000001,0.03333333333333333,10,10,0,0
soup,action_1,low,100,3,3.0,0.0,1.0,2.9,0.3,0.4833333333333333,10,10,0,0
soup,action_1,high,75,0,0.0,0.0,0.0,0.0,0.0,0.0,10,10,0,0
soup,action_1,high,75,1,6.0,0.0,2.0,0.0,0.0,0.0,10,10,0,0
soup,action_1,high,75,2,6.0,0.0,2.0,1.8199999999999998,0.28565713714171403,0.3033333333333333,10,10,0,0
soup,action_1,high,75,3,4.2,0.6,1.4,0.9,0.30000000000000004,0.15,10,10,0,0
soup,action_1,high,100,0,0.0,0.0,0.0,0.0,0.0,0.0,10,10,0,0
soup,action_1,high,100,1,6.0,0.0,2.0,0.4,0.8000000000000002,0.06666666666666667,10,10,0,0
soup,action_1,high,100,2,6.0,0.0,2.0,1.8199999999999998,0.28565713714171403,0.3033333333333333,10,10,0,0
soup,action_2,low,75,0,0.0,0.0,0.0,0.0,0.0,0.0,10,10,0,0
soup,action_2,low,75,1,3.0,0.0,1.0,2.95,0.15,0.4916666666666667,10,10,0,0
soup,action_2,low,75,2,2.6,0.48989794855663565,0.8666666666666667,1.9,0.3,0.31666666666666665,10,10,0,0
soup,action_2,low,75,3,3.0,0.0,1.0,2.95,0.15,0.4916666666666667,10,10,0,0
soup,action_1,high,50,0,0.0,0.0,0.0,0.0,0.0,0.0,10,10,0,0
soup,action_1,high,50,1,3.1,1.044030650891055,1.0333333333333332,1.0,0.0,0.16666666666666666,10,10,0,0
soup,action_1,high,50,2,3.1,1.044030650891055,1.0333333333333332,1.0,0.0,0.16666666666666666,10,10,0,0
soup,action_1,high,50,3,3.0,0.0,1.0,3.15,0.45,0.5249999999999999,10,10,0,0
soup,action_2,low,0,0,0.0,0.0,0.0,0.0,0.0,0.0,10,10,0,0
soup,action_2,low,0,1,3.0,0.0,1.0,2.95,0.15,0.4916666666666667,10,10,0,0
soup,action_2,low,0,2,2.6,0.48989794855663565,0.8666666666666667,1.7,0.33166247903554,0.2833333333333333,10,10,0,0
soup,action_2,low,0,3,0.0,0.0,0.0,0.0,0.0,0.0,10,10,0,0
soup,action_2,high,100,0,0.0,0.0,0.0,0.0,0.0,0.0,10,10,0,0
soup,action_2,high,100,1,0.0,0.0,0.0,0.0,0.0,0.0,10,10,0,0
soup,action_2,high,100,2,3.0,0.0,1.0,4.3,0.2449489742783178,0.7166666666666666,10,10,0,0
soup,action_2,high,100,3,2.6,2.2,0.8666666666666667,0.6,0.48989794855663565,0.09999999999999999,10,10,0,0
soup,action_2,high,0,0,0.0,0.0,0.0,0.0,0.0,0.0,10,10,0,0
soup,action_2,high,0,1,0.0,0.0,0.0,0.0,0.0,0.0,10,10,0,0
soup,action_2,high,0,2,3.0,0.0,1.0,4.3,0.2449489742783178,0.7166666666666666,10,10,0,0
soup,action_2,high,0,3,0.0,0.0,0.0,0.6,0.48989794855663565,0.09999999999999999,10,10,0,0
soup,action_2,high,50,0,0.0,0.0,0.0,0.0,0.0,0.0,10,10,0,0
soup,action_2,high,50,1,2.1,0.3,0.7,3.0,0.0,0.5,10,10,0,0
soup,action_2,high,50,2,5.4,0.8,1.8,2.0,0.0,0.3333333333333333,10,10,0,0
soup,action_2,high,50,3,3.0,0.0,1.0,3.15,0.45,0.5249999999999999,10,10,0,0
soup,action_2,low,50,0,3.0,0.0,1.0,2.95,0.15,0.4916666666666667,10,10,0,0
soup,action_2,low,50,1,0.0,0.0,0.0,0.0,0.0,0.0,10,10,0,0
soup,action_2,low,50,2,6.0,0.0,2.0,2.0,0.0,0.3333333333333333,10,10,0,0
soup,action_2,low,50,3,5.8,0.39999999999999997,1.9333333333333331,4.0,0.0,0.6666666666666666,10,10,0,0
soup,action_2,low,100,0,0.0,0.0,0.0,0.0,0.0,0.0,10,10,0,0
soup,action_2,low,100,1,3.0,0.0,1.0,3.45,0.15,0.575,10,10,0,0
soup,action_2,low,100,2,2.8,2.3579652245103193,0.9333333333333332,0.0,0.0,0.0,10,10,0,0
soup,action_2,low,100,3,6.0,0.0,2.0,2.05,0.15,0.3416666666666666,10,10,0,0
soup,action_2,high,75,0,0.0,0.0,0.0,0.0,0.0,0.0,10,10,0,0
soup,action_2,high,75,1,0.0,0.0,0.0,0.0,0.0,0.0,10,10,0,0
soup,action_2,high,75,2,3.0,0.0,1.0,4.3,0.2449489742783178,0.7166666666666666,10,10,0,0
soup,action_2,high,75,3,3.0,2.04939015319192,1.0,0.9,0.30000000000000004,0.15,10,10,0,0
wedding,action_0,low,0,0,1.0,0.0,0.3333333333333333,0.0,0.0,0.0,10,9,0,1
wedding,action_0,low,0,1,4.0,0.0,1.3333333333333333,2.6666666666666665,0.6666666666666666,0.4444444444444444,10,9,0,1
wedding,action_0,low,0,2,1.0,0.0,0.3333333333333333,0.3333333333333333,0.3333333333333333,0.05555555555555555,10,9,0,1
wedding,action_0,low,0,3,4.0,0.0,1.3333333333333333,1.0,0.0,0.16666666666666666,10,9,0,1
wedding,action_0,low,50,0,5.7,0.45825756949558405,1.9,3.7222222222222223,0.5328701692569688,0.6203703703703703,10,9,0,1
wedding,action_0,low,50,1,4.0,0.0,1.3333333333333333,2.6666666666666665,0.6666666666666666,0.4444444444444444,10,9,0,1
wedding,action_0,low,50,2,0.0,0.0,0.0,0.0,0.0,0.0,10,9,0,1
wedding,action_0,low,50,3,2.0,0.0,0.6666666666666666,2.0,0.0,0.3333333333333333,10,9,0,1
wedding,action_0,low,75,0,4.0,0.0,1.3333333333333333,1.9444444444444444,0.15713484026367724,0.32407407407407407,10,9,0,1
wedding,action_0,low,75,1,5.7,0.45825756949558405,1.9,3.7222222222222223,0.5328701692569688,0.6203703703703703,10,9,0,1
wedding,action_0,low,75,2,0.0,0.0,0.0,0.0,0.0,0.0,10,9,0,1
wedding,action_0,low,75,3,2.0,0.0,0.6666666666666666,2.0,0.0,0.3333333333333333,10,9,0,1
wedding,action_0,high,75,0,5.7,0.45825756949558405,1.9,2.111111111111111,0.20786985482077452,0.35185185185185186,10,9,0,1
wedding,action_0,high,75,1,3.0,0.0,1.0,1.1111111111111112,0.20786985482077452,0.18518518518518517,10,9,0,1
wedding,action_0,high,75,2,3.0,0.0,1.0,1.1111111111111112,0.20786985482077452,0.18518518518518517,10,9,0,1
wedding,action_0,high,75,3,2.0,0.0,0.6666666666666666,4.0,0.0,0.6666666666666666,10,9,0,1
wedding,action_0,high,0,0,2.0,0.0,0.6666666666666666,5.0,0.0,0.8333333333333333,10,9,0,1
wedding,action_0,high,0,1,4.7,0.45825756949558405,1.5666666666666667,1.4444444444444444,0.36851386559504445,0.24074074074074073,10,9,0,1
wedding,action_0,high,0,2,3.3,0.9,1.0999999999999999,0.5,0.408248290463863,0.08333333333333333,10,9,0,1
wedding,action_0,high,0,3,3.3,0.9,1.0999999999999999,0.5,0.408248290463863,0.08333333333333333,10,9,0,1
wedding,action_0,high,50,0,2.0,0.0,0.6666666666666666,5.0,0.0,0.8333333333333333,10,9,0,1
wedding,action_0,high,50,1,2.8,0.39999999999999997,0.9333333333333332,0.3333333333333333,0.23570226039551584,0.05555555555555555,10,9,0,1
wedding,action_0,high,50,2,2.8,0.39999999999999997,0.9333333333333332,0.3333333333333333,0.23570226039551584,0.05555555555555555,10,9,0,1
wedding,action_0,high,50,3,3.0,1.0,1.0,4.0,0.0,0.6666666666666666,10,9,0,1
wedding,action_0,high,50,4,1.8,0.4,0.6,5.0,0.0,0.8333333333333333,10,9,0,1
wedding,action_0,high,100,0,2.0,0.0,0.6666666666666666,5.0,0.0,0.8333333333333333,10,9,0,1
wedding,action_0,high,100,1,3.0,0.0,1.0,1.0555555555555556,0.15713484026367724,0.17592592592592593,10,9,0,1
wedding,action_0,high,100,2,3.0,0.0,1.0,1.0555555555555556,0.15713484026367724,0.17592592592592593,10,9,0,1
wedding,action_0,high,100,3,5.7,0.45825756949558405,1.9,2.611111111111111,0.4581228472908512,0.4351851851851852,10,9,0,1
wedding,action_0,high,100,4,0.0,0.0,0.0,0.0,0.0,0.0,10,9,0,1
wedding,action_0,low,100,0,2.0,0.0,0.6666666666666666,2.5,0.4714045207910317,0.41666666666666663,10,9,0,1
wedding,action_0,low,100,1,5.7,0.45825756949558405,1.9,3.7222222222222223,0.5328701692569688,0.6203703703703703,10,9,0,1
wedding,action_0,low,100,2,3.9,0.5385164807134505,1.2999999999999998,0.8333333333333334,0.3333333333333333,0.1388888888888889,10,9,0,1
wedding,action_0,low,100,3,5.4,0.4898979485566356,1.8,3.5555555555555554,0.6849348892187751,0.5925925925925926,10,9,0,1
wedding,action_1,high,75,0,5.7,0.45825756949558405,1.9,2.111111111111111,0.20786985482077452,0.35185185185185186,10,9,0,1
wedding,action_1,high,75,1,0.0,0.0,0.0,0.0,0.0,0.0,10,9,0,1
wedding,action_1,high,75,2,4.2,0.6,1.4,2.611111111111111,0.4581228472908512,0.4351851851851852,10,9,0,1
wedding,action_1,high,75,3,2.2,0.6,0.7333333333333334,2.0,0.0,0.3333333333333333,10,9,0,1
wedding,action_1,low,100,0,0.0,0.0,0.0,0.0,0.0,0.0,10,9,0,1
wedding,action_1,low,100,1,4.0,0.0,1.3333333333333333,2.6666666666666665,0.6666666666666666,0.4444444444444444,10,9,0,1
wedding,action_1,low,100,2,5.7,0.45825756949558405,1.9,3.8333333333333335,0.4714045207910317,0.6388888888888888,10,9,0,1
wedding,action_1,low,100,3,3.2,0.6,1.0666666666666667,1.9444444444444444,0.15713484026367724,0.32407407407407407,10,9,0,1
wedding,action_1,low,0,0,0.0,0.0,0.0,0.0,0.0,0.0,10,9,0,1
wedding,action_1,low,0,1,2.8,0.9797958971132713,0.9333333333333332,2.5555555555555554,0.49690399499995325,0.4259259259259259,10,9,0,1
wedding,action_1,low,0,2,6.0,0.0,2.0,3.7222222222222223,0.5328701692569688,0.6203703703703703,10,9,0,1
wedding,action_1,low,0,3,3.0,1.0,1.0,4.388888888888889,0.9362388636862621,0.7314814814814815,10,9,0,1
wedding,action_1,low,50,0,0.0,0.0,0.0,0.0,0.0,0.0,10,9,0,1
wedding,action_1,low,50,1,2.0,0.0,0.6666666666666666,2.5,0.4714045207910317,0.41666666666666663,10,9,0,1
wedding,action_1,low,50,2,5.7,0.45825756949558405,1.9,3.8333333333333335,0.4714045207910317,0.6388888888888888,10,9,0,1
wedding,action_1,low,50,3,0.0,0.0,0.0,2.6666666666666665,0.6666666666666666,0.4444444444444444,10,9,0,1
wedding,action_1,low,75,0,0.0,0.0,0.0,0.0,0.0,0.0,10,9,0,1
wedding,action_1,low,75,1,2.0,0.0,0.6666666666666666,2.5,0.4714045207910317,0.41666666666666663,10,9,0,1
wedding,action_1,low,75,2,5.7,0.45825756949558405,1.9,3.8333333333333335,0.4714045207910317,0.6388888888888888,10,9,0,1
wedding,action_1,low,75,3,4.0,0.0,1.3333333333333333,2.6666666666666665,0.6666666666666666,0.4444444444444444,10,9,0,1
wedding,action_1,high,50,0,0.0,0.0,0.0,0.0,0.0,0.0,10,9,0,1
wedding,action_1,high,50,1,5.7,0.45825756949558405,1.9,2.111111111111111,0.20786985482077452,0.35185185185185186,10,9,0,1
wedding,action_1,high,50,2,3.2,0.6,1.0666666666666667,1.2777777777777777,0.41573970964154905,0.21296296296296294,10,9,0,1
wedding,action_1,high,50,3,2.0,0.0,0.6666666666666666,3.888888888888889,0.3142696805273545,0.6481481481481481,10,9,0,1
wedding,action_1,high,0,0,0.0,0.0,0.0,0.0,0.0,0.0,10,9,0,1
wedding,action_1,high,0,1,5.1,0.3,1.6999999999999997,3.2222222222222223,0.41573970964154905,0.537037037037037,10,9,0,1
wedding,action_1,high,0,2,6.0,0.0,2.0,1.6111111111111112,1.1732617823301599,0.2685185185185185,10,9,0,1
wedding,action_1,high,0,3,0.0,0.0,0.0,0.0,0.0,0.0,10,9,0,1
wedding,action_1,high,100,0,0.0,0.0,0.0,0.0,0.0,0.0,10,9,0,1
wedding,action_1,high,100,1,5.7,0.45825756949558405,1.9,2.111111111111111,0.20786985482077452,0.35185185185185186,10,9,0,1
wedding,action_1,high,100,2,2.2,0.6,0.7333333333333334,1.7777777777777777,0.41573970964154905,0.2962962962962963,10,9,0,1
wedding,action_1,high,100,3,6.0,0.0,2.0,2.0555555555555554,0.15713484026367724,0.34259259259259256,10,9,0,1
wedding,action_2,high,0,0,0.0,0.0,0.0,0.0,0.0,0.0,10,9,0,1
wedding,action_2,high,0,1,0.0,0.0,0.0,0.0,0.0,0.0,10,9,0,1
wedding,action_2,high,0,2,2.0,0.0,0.6666666666666666,5.0,0.0,0.8333333333333333,10,9,0,1
wedding,action_2,high,0,3,3.2,0.6,1.0666666666666667,1.2777777777777777,0.41573970964154905,0.21296296296296294,10,9,0,1
wedding,action_2,low,50,0,0.0,0.0,0.0,0.0,0.0,0.0,10,9,0,1
wedding,action_2,low,50,1,0.0,0.0,0.0,0.0,0.0,0.0,10,9,0,1
wedding,action_2,low,50,2,2.0,0.0,0.6666666666666666,2.5,0.4714045207910317,0.41666666666666663,10,9,0,1
wedding,action_2,low,50,3,2.8,0.39999999999999997,0.9333333333333332,0.3333333333333333,0.3333333333333333,0.05555555555555555,10,9,0,1
wedding,action_2,low,0,0,0.0,0.0,0.0,0.0,0.0,0.0,10,9,0,1
wedding,action_2,low,0,1,2.0,0.0,0.6666666666666666,2.5,0.4714045207910317,0.41666666666666663,10,9,0,1
wedding,action_2,low,0,2,5.7,0.45825756949558405,1.9,1.3333333333333333,0.4714045207910317,0.2222222222222222,10,9,0,1
wedding,action_2,low,0,3,0.0,0.0,0.0,0.0,0.0,0.0,10,9,0,1
wedding,action_2,low,100,0,0.0,0.0,0.0,0.0,0.0,0.0,10,9,0,1
wedding,action_2,low,100,1,0.0,0.0,0.0,0.0,0.0,0.0,10,9,0,1
wedding,action_2,low,100,2,4.0,0.0,1.3333333333333333,2.6666666666666665,0.6666666666666666,0.4444444444444444,10,9,0,1
wedding,action_2,low,100,3,3.2,0.6,1.0666666666666667,1.9444444444444444,0.15713484026367724,0.32407407407407407,10,9,0,1
wedding,action_2,low,75,0,0.0,0.0,0.0,0.0,0.0,0.0,10,9,0,1
wedding,action_2,low,75,1,4.0,0.0,1.3333333333333333,3.6666666666666665,0.4714045207910317,0.611111111111111,10,9,0,1
wedding,action_2,low,75,2,3.2,0.6,1.0666666666666667,1.9444444444444444,0.15713484026367724,0.32407407407407407,10,9,0,1
wedding,action_2,low,75,3,5.7,0.45825756949558405,1.9,4.555555555555555,0.6849348892187751,0.7592592592592592,10,9,0,1
wedding,action_2,high,75,0,0.0,0.0,0.0,0.0,0.0,0.0,10,9,0,1
wedding,action_2,high,75,1,0.0,0.0,0.0,0.0,0.0,0.0,10,9,0,1
wedding,action_2,high,75,2,2.0,0.0,0.6666666666666666,5.0,0.0,0.8333333333333333,10,9,0,1
wedding,action_2,high,75,3,3.0,1.0,1.0,4.0,0.0,0.6666666666666666,10,9,0,1
wedding,action_2,high,50,0,0.0,0.0,0.0,0.0,0.0,0.0,10,9,0,1
wedding,action_2,high,50,1,2.0,0.0,0.6666666666666666,5.0,0.0,0.8333333333333333,10,9,0,1
wedding,action_2,high,50,2,3.2,0.6,1.0666666666666667,1.2777777777777777,0.41573970964154905,0.21296296296296294,10,9,0,1
wedding,action_2,high,50,3,0.0,0.0,0.0,0.0,0.0,0.0,10,9,0,1
wedding,action_2,high,100,0,0.0,0.0,0.0,0.0,0.0,0.0,10,9,0,1
wedding,action_2,high,100,1,0.0,0.0,0.0,0.0,0.0,0.0,10,9,0,1
wedding,action_2,high,100,2,2.0,0.0,0.6666666666666666,5.0,0.0,0.8333333333333333,10,9,0,1
wedding,action_2,high,100,3,3.2,0.9797958971132713,1.0666666666666667,4.222222222222222,0.34246744460938755,0.7037037037037037,10,9,0,1
