subject_id,scenario_label,stimulus_index,action_condition,desire_condition,stage,intimacy_rating,effort_rating
47b13ca0-fd26-5779-b056-3f754614f114,social,0,low_risk_share,high,prior,0.35,0.63
47b13ca0-fd26-5779-b056-3f754614f114,social,0,low_risk_share,high,posterior,0.74,0.6
47b13ca0-fd26-5779-b056-3f754614f114,basketball,1,no_share,high,prior,0.81,0.36
47b13ca0-fd26-5779-b056-3f754614f114,basketball,1,no_share,high,posterior,0.57,0.62
47b13ca0-fd26-5779-b056-3f754614f114,brunch,2,no_share,high,prior,0.41,0.56
47b13ca0-fd26-5779-b056-3f754614f114,brunch,2,no_share,high,posterior,0.25,0.42
47b13ca0-fd26-5779-b056-3f754614f114,apples,3,high_risk_share,low,prior,0.68,0.63
47b13ca0-fd26-5779-b056-3f754614f114,apples,3,high_risk_share,low,posterior,0.61,0.35
47b13ca0-fd26-5779-b056-3f754614f114,drinks,4,no_share,high,prior,0.75,0.64
47b13ca0-fd26-5779-b056-3f754614f114,drinks,4,no_share,high,posterior,0.55,0.37
47b13ca0-fd26-5779-b056-3f754614f114,fair,5,no_share,low,prior,0.84,0.67
47b13ca0-fd26-5779-b056-3f754614f114,fair,5,no_share,low,posterior,0.69,0.83
47b13ca0-fd26-5779-b056-3f754614f114,hike,6,no_share,low,prior,0.65,0.57
47b13ca0-fd26-5779-b056-3f754614f114,hike,6,no_share,low,posterior,0.61,0.55
47b13ca0-fd26-5779-b056-3f754614f114,birthday,7,high_risk_share,low,prior,0.8,0.66
47b13ca0-fd26-5779-b056-3f754614f114,birthday,7,high_risk_share,low,posterior,0.32,0.67
47b13ca0-fd26-5779-b056-3f754614f114,driving,8,low_risk_share,high,prior,0.79,0.73
47b13ca0-fd26-5779-b056-3f754614f114,driving,8,low_risk_share,high,posterior,0.63,0.81
47b13ca0-fd26-5779-b056-3f754614f114,takeout,9,low_risk_share,high,prior,0.33,0.22
47b13ca0-fd26-5779-b056-3f754614f114,takeout,9,low_risk_share,high,posterior,0.36,0.24
47b13ca0-fd26-5779-b056-3f754614f114,gala,10,high_risk_share,low,prior,0.43,0.66
47b13ca0-fd26-5779-b056-3f754614f114,gala,10,high_risk_share,low,posterior,0.76,0.56
47b13ca0-fd26-5779-b056-3f754614f114,soup,11,high_risk_share,high,prior,0.29,0.66
47b13ca0-fd26-5779-b056-3f754614f114,soup,11,high_risk_share,high,posterior,0.17,0.3
47b13ca0-fd26-5779-b056-3f754614f114,dip,12,low_risk_share,low,prior,0.76,0.64
47b13ca0-fd26-5779-b056-3f754614f114,dip,12,low_risk_share,low,posterior,0.71,0.26
47b13ca0-fd26-5779-b056-3f754614f114,wedding,13,low_risk_share,low,prior,0.22,0.66
47b13ca0-fd26-5779-b056-3f754614f114,wedding,13,low_risk_share,low,posterior,0.41,0.8
47b13ca0-fd26-5779-b056-3f754614f114,cooking,14,high_risk_share,high,prior,0.78,0.63
47b13ca0-fd26-5779-b056-3f754614f114,cooking,14,high_risk_share,high,posterior,0.24,0.71
47b13ca0-fd26-5779-b056-3f754614f114,oysters,15,no_share,low,prior,0.67,0.56
47b13ca0-fd26-5779-b056-3f754614f114,oysters,15,no_share,low,posterior,0.66,0.58
83fc67c2-61ce-5b7e-a1e5-d5bde151a4d2,fair,0,no_share,high,prior,1.0,0.19
83fc67c2-61ce-5b7e-a1e5-d5bde151a4d2,fair,0,no_share,high,posterior,0.61,0.18
83fc67c2-61ce-5b7e-a1e5-d5bde151a4d2,oysters,1,low_risk_share,high,prior,0.51,0.66
83fc67c2-61ce-5b7e-a1e5-d5bde151a4d2,oysters,1,low_risk_share,high,posterior,0.68,0.0
83fc67c2-61ce-5b7e-a1e5-d5bde151a4d2,social,2,low_risk_share,low,prior,0.92,0.0
83fc67c2-61ce-5b7e-a1e5-d5bde151a4d2,social,2,low_risk_share,low,posterior,0.98,0.0
83fc67c2-61ce-5b7e-a1e5-d5bde151a4d2,gala,3,low_risk_share,high,prior,0.88,0.54
83fc67c2-61ce-5b7e-a1e5-d5bde151a4d2,gala,3,low_risk_share,high,posterior,0.63,0.0
83fc67c2-61ce-5b7e-a1e5-d5bde151a4d2,hike,4,high_risk_share,low,prior,0.58,0.5
83fc67c2-61ce-5b7e-a1e5-d5bde151a4d2,hike,4,high_risk_share,low,posterior,0.95,1.0
83fc67c2-61ce-5b7e-a1e5-d5bde151a4d2,brunch,5,no_share,high,prior,0.82,0.77
83fc67c2-61ce-5b7e-a1e5-d5bde151a4d2,brunch,5,no_share,high,posterior,0.7,1.0
83fc67c2-61ce-5b7e-a1e5-d5bde151a4d2,soup,6,low_risk_share,high,prior,0.85,0.75
83fc67c2-61ce-5b7e-a1e5-d5bde151a4d2,soup,6,low_risk_share,high,posterior,0.84,0.0
83fc67c2-61ce-5b7e-a1e5-d5bde151a4d2,takeout,7,high_risk_share,high,prior,0.4,1.0
83fc67c2-61ce-5b7e-a1e5-d5bde151a4d2,takeout,7,high_risk_share,high,posterior,0.7,1.0
83fc67c2-61ce-5b7e-a1e5-d5bde151a4d2,driving,8,high_risk_share,low,prior,0.84,0.12
83fc67c2-61ce-5b7e-a1e5-d5bde151a4d2,driving,8,high_risk_share,low,posterior,0.96,1.0
83fc67c2-61ce-5b7e-a1e5-d5bde151a4d2,wedding,9,no_share,low,prior,0.58,1.0
83fc67c2-61ce-5b7e-a1e5-d5bde151a4d2,wedding,9,no_share,low,posterior,0.49,1.0
83fc67c2-61ce-5b7e-a1e5-d5bde151a4d2,birthday,10,no_share,low,prior,1.0,0.42
83fc67c2-61ce-5b7e-a1e5-d5bde151a4d2,birthday,10,no_share,low,posterior,0.54,0.49
83fc67c2-61ce-5b7e-a1e5-d5bde151a4d2,apples,11,no_share,low,prior,1.0,0.34
83fc67c2-61ce-5b7e-a1e5-d5bde151a4d2,apples,11,no_share,low,posterior,0.89,0.49
83fc67c2-61ce-5b7e-a1e5-d5bde151a4d2,dip,12,high_risk_share,low,prior,1.0,0.0
83fc67c2-61ce-5b7e-a1e5-d5bde151a4d2,dip,12,high_risk_share,low,posterior,1.0,0.0
83fc67c2-61ce-5b7e-a1e5-d5bde151a4d2,drinks,13,low_risk_share,low,prior,0.78,0.66
83fc67c2-61ce-5b7e-a1e5-d5bde151a4d2,drinks,13,low_risk_share,low,posterior,0.61,0.56
83fc67c2-61ce-5b7e-a1e5-d5bde151a4d2,cooking,14,no_share,high,prior,0.97,0.0
83fc67c2-61ce-5b7e-a1e5-d5bde151a4d2,cooking,14,no_share,high,posterior,1.0,0.0
83fc67c2-61ce-5b7e-a1e5-d5bde151a4d2,basketball,15,high_risk_share,high,prior,0.9,0.0
83fc67c2-61ce-5b7e-a1e5-d5bde151a4d2,basketball,15,high_risk_share,high,posterior,0.99,0.64
e602a8c1-3209-53e4-94db-3d49da6edfb9,social,0,high_risk_share,high,prior,0.25,0.28
e602a8c1-3209-53e4-94db-3d49da6edfb9,social,0,high_risk_share,high,posterior,1.0,0.99
e602a8c1-3209-53e4-94db-3d49da6edfb9,brunch,1,high_risk_share,high,prior,0.71,0.8
e602a8c1-3209-53e4-94db-3d49da6edfb9,brunch,1,high_risk_share,high,posterior,0.9,0.98
e602a8c1-3209-53e4-94db-3d49da6edfb9,fair,2,low_risk_share,high,prior,0.73,0.96
e602a8c1-3209-53e4-94db-3d49da6edfb9,fair,2,low_risk_share,high,posterior,0.33,0.35
e602a8c1-3209-53e4-94db-3d49da6edfb9,birthday,3,no_share,high,prior,0.56,0.28
e602a8c1-3209-53e4-94db-3d49da6edfb9,birthday,3,no_share,high,posterior,0.09,0.76
e602a8c1-3209-53e4-94db-3d49da6edfb9,apples,4,low_risk_share,high,prior,0.75,0.25
e602a8c1-3209-53e4-94db-3d49da6edfb9,apples,4,low_risk_share,high,posterior,0.41,0.02
e602a8c1-3209-53e4-94db-3d49da6edfb9,hike,5,high_risk_share,low,prior,0.74,0.61
e602a8c1-3209-53e4-94db-3d49da6edfb9,hike,5,high_risk_share,low,posterior,0.74,0.94
e602a8c1-3209-53e4-94db-3d49da6edfb9,basketball,6,no_share,high,prior,0.58,0.65
e602a8c1-3209-53e4-94db-3d49da6edfb9,basketball,6,no_share,high,posterior,0.08,0.96
e602a8c1-3209-53e4-94db-3d49da6edfb9,wedding,7,low_risk_share,high,prior,0.44,0.89
e602a8c1-3209-53e4-94db-3d49da6edfb9,wedding,7,low_risk_share,high,posterior,0.57,0.57
e602a8c1-3209-53e4-94db-3d49da6edfb9,takeout,8,no_share,low,prior,0.66,0.83
e602a8c1-3209-53e4-94db-3d49da6edfb9,takeout,8,no_share,low,posterior,0.61,0.99
e602a8c1-3209-53e4-94db-3d49da6edfb9,cooking,9,no_share,low,prior,0.7,0.33
e602a8c1-3209-53e4-94db-3d49da6edfb9,cooking,9,no_share,low,posterior,0.68,0.82
e602a8c1-3209-53e4-94db-3d49da6edfb9,gala,10,no_share,high,prior,0.67,0.91
e602a8c1-3209-53e4-94db-3d49da6edfb9,gala,10,no_share,high,posterior,0.32,0.92
e602a8c1-3209-53e4-94db-3d49da6edfb9,driving,11,high_risk_share,low,prior,0.76,0.67
e602a8c1-3209-53e4-94db-3d49da6edfb9,driving,11,high_risk_share,low,posterior,0.86,0.91
e602a8c1-3209-53e4-94db-3d49da6edfb9,drinks,12,no_share,low,prior,0.5,0.44
e602a8c1-3209-53e4-94db-3d49da6edfb9,drinks,12,no_share,low,posterior,0.49,0.45
e602a8c1-3209-53e4-94db-3d49da6edfb9,oysters,13,low_risk_share,low,prior,0.63,0.65
e602a8c1-3209-53e4-94db-3d49da6edfb9,oysters,13,low_risk_share,low,posterior,0.56,0.06
e602a8c1-3209-53e4-94db-3d49da6edfb9,soup,14,low_risk_share,low,prior,0.55,0.47
e602a8c1-3209-53e4-94db-3d49da6edfb9,soup,14,low_risk_share,low,posterior,0.68,0.33
e602a8c1-3209-53e4-94db-3d49da6edfb9,dip,15,high_risk_share,low,prior,0.64,0.29
e602a8c1-3209-53e4-94db-3d49da6edfb9,dip,15,high_risk_share,low,posterior,0.85,0.13
ae86eb57-adc5-5d87-a819-bc323cb02d33,fair,0,low_risk_share,low,prior,0.83,0.23
ae86eb57-adc5-5d87-a819-bc323cb02d33,fair,0,low_risk_share,low,posterior,0.72,0.0
ae86eb57-adc5-5d87-a819-bc323cb02d33,drinks,1,high_risk_share,low,prior,0.49,0.37
ae86eb57-adc5-5d87-a819-bc323cb02d33,drinks,1,high_risk_share,low,posterior,0.91,1.0
ae86eb57-adc5-5d87-a819-bc323cb02d33,cooking,2,no_share,low,prior,0.95,0.3
ae86eb57-adc5-5d87-a819-bc323cb02d33,cooking,2,no_share,low,posterior,0.94,0.27
ae86eb57-adc5-5d87-a819-bc323cb02d33,birthday,3,low_risk_share,low,prior,0.51,0.17
ae86eb57-adc5-5d87-a819-bc323cb02d33,birthday,3,low_risk_share,low,posterior,0.75,0.0
ae86eb57-adc5-5d87-a819-bc323cb02d33,takeout,4,no_share,high,prior,0.4,1.0
ae86eb57-adc5-5d87-a819-bc323cb02d33,takeout,4,no_share,high,posterior,0.13,1.0
ae86eb57-adc5-5d87-a819-bc323cb02d33,driving,5,low_risk_share,high,prior,0.5,0.0
ae86eb57-adc5-5d87-a819-bc323cb02d33,driving,5,low_risk_share,high,posterior,0.35,0.0
ae86eb57-adc5-5d87-a819-bc323cb02d33,oysters,6,high_risk_share,high,prior,0.58,0.23
ae86eb57-adc5-5d87-a819-bc323cb02d33,oysters,6,high_risk_share,high,posterior,1.0,0.61
ae86eb57-adc5-5d87-a819-bc323cb02d33,brunch,7,low_risk_share,low,prior,0.52,0.8
ae86eb57-adc5-5d87-a819-bc323cb02d33,brunch,7,low_risk_share,low,posterior,0.51,0.86
ae86eb57-adc5-5d87-a819-bc323cb02d33,dip,8,low_risk_share,high,prior,0.89,0.02
ae86eb57-adc5-5d87-a819-bc323cb02d33,dip,8,low_risk_share,high,posterior,0.93,0.0
ae86eb57-adc5-5d87-a819-bc323cb02d33,soup,9,high_risk_share,low,prior,0.5,0.5
ae86eb57-adc5-5d87-a819-bc323cb02d33,soup,9,high_risk_share,low,posterior,0.97,0.69
ae86eb57-adc5-5d87-a819-bc323cb02d33,hike,10,no_share,high,prior,0.77,0.05
ae86eb57-adc5-5d87-a819-bc323cb02d33,hike,10,no_share,high,posterior,0.57,0.88
ae86eb57-adc5-5d87-a819-bc323cb02d33,basketball,11,no_share,high,prior,0.87,0.05
ae86eb57-adc5-5d87-a819-bc323cb02d33,basketball,11,no_share,high,posterior,0.89,0.87
ae86eb57-adc5-5d87-a819-bc323cb02d33,apples,12,no_share,low,prior,0.69,0.35
ae86eb57-adc5-5d87-a819-bc323cb02d33,apples,12,no_share,low,posterior,0.64,0.33
ae86eb57-adc5-5d87-a819-bc323cb02d33,social,13,high_risk_share,low,prior,0.57,0.31
ae86eb57-adc5-5d87-a819-bc323cb02d33,social,13,high_risk_share,low,posterior,0.96,0.33
ae86eb57-adc5-5d87-a819-bc323cb02d33,wedding,14,high_risk_share,high,prior,0.78,0.93
ae86eb57-adc5-5d87-a819-bc323cb02d33,wedding,14,high_risk_share,high,posterior,0.97,0.95
ae86eb57-adc5-5d87-a819-bc323cb02d33,gala,15,high_risk_share,high,prior,0.5,0.12
ae86eb57-adc5-5d87-a819-bc323cb02d33,gala,15,high_risk_share,high,posterior,0.59,0.03
a4aa2795-f038-5939-bf77-2f080204c843,birthday,0,low_risk_share,low,prior,0.77,0.0
a4aa2795-f038-5939-bf77-2f080204c843,birthday,0,low_risk_share,low,posterior,0.96,0.0
a4aa2795-f038-5939-bf77-2f080204c843,brunch,1,low_risk_share,low,prior,0.73,0.73
a4aa2795-f038-5939-bf77-2f080204c843,brunch,1,low_risk_share,low,posterior,0.6,0.71
a4aa2795-f038-5939-bf77-2f080204c843,hike,2,high_risk_share,high,prior,0.49,0.52
a4aa2795-f038-5939-bf77-2f080204c843,hike,2,high_risk_share,high,posterior,0.93,0.48
a4aa2795-f038-5939-bf77-2f080204c843,apples,3,high_risk_share,low,prior,0.42,0.27
a4aa2795-f038-5939-bf77-2f080204c843,apples,3,high_risk_share,low,posterior,0.96,0.06
a4aa2795-f038-5939-bf77-2f080204c843,driving,4,no_share,high,prior,0.53,0.5
a4aa2795-f038-5939-bf77-2f080204c843,driving,4,no_share,high,posterior,0.7,0.02
a4aa2795-f038-5939-bf77-2f080204c843,basketball,5,no_share,low,prior,0.31,0.0
a4aa2795-f038-5939-bf77-2f080204c843,basketball,5,no_share,low,posterior,0.73,0.02
a4aa2795-f038-5939-bf77-2f080204c843,wedding,6,high_risk_share,high,prior,0.78,0.48
a4aa2795-f038-5939-bf77-2f080204c843,wedding,6,high_risk_share,high,posterior,1.0,0.13
a4aa2795-f038-5939-bf77-2f080204c843,cooking,7,no_share,low,prior,0.96,0.51
a4aa2795-f038-5939-bf77-2f080204c843,cooking,7,no_share,low,posterior,0.89,0.05
a4aa2795-f038-5939-bf77-2f080204c843,oysters,8,no_share,high,prior,0.5,0.52
a4aa2795-f038-5939-bf77-2f080204c843,oysters,8,no_share,high,posterior,0.67,0.63
a4aa2795-f038-5939-bf77-2f080204c843,takeout,9,no_share,high,prior,0.98,0.89
a4aa2795-f038-5939-bf77-2f080204c843,takeout,9,no_share,high,posterior,1.0,0.55
a4aa2795-f038-5939-bf77-2f080204c843,social,10,low_risk_share,low,prior,0.93,0.78
a4aa2795-f038-5939-bf77-2f080204c843,social,10,low_risk_share,low,posterior,0.96,0.88
a4aa2795-f038-5939-bf77-2f080204c843,dip,11,high_risk_share,low,prior,0.39,0.29
a4aa2795-f038-5939-bf77-2f080204c843,dip,11,high_risk_share,low,posterior,0.99,0.94
a4aa2795-f038-5939-bf77-2f080204c843,drinks,12,low_risk_share,high,prior,0.76,0.55
a4aa2795-f038-5939-bf77-2f080204c843,drinks,12,low_risk_share,high,posterior,0.8,0.24
a4aa2795-f038-5939-bf77-2f080204c843,soup,13,low_risk_share,high,prior,0.87,0.4
a4aa2795-f038-5939-bf77-2f080204c843,soup,13,low_risk_share,high,posterior,0.56,0.52
a4aa2795-f038-5939-bf77-2f080204c843,fair,14,high_risk_share,low,prior,0.51,0.53
a4aa2795-f038-5939-bf77-2f080204c843,fair,14,high_risk_share,low,posterior,0.89,0.91
a4aa2795-f038-5939-bf77-2f080204c843,gala,15,high_risk_share,high,prior,0.73,0.33
a4aa2795-f038-5939-bf77-2f080204c843,gala,15,high_risk_share,high,posterior,1.0,1.0
510aaf23-2514-574d-9a1c-12a1f2652327,basketball,0,low_risk_share,high,prior,0.44,0.25
510aaf23-2514-574d-9a1c-12a1f2652327,basketball,0,low_risk_share,high,posterior,0.34,0.25
510aaf23-2514-574d-9a1c-12a1f2652327,soup,1,high_risk_share,high,prior,0.37,0.64
510aaf23-2514-574d-9a1c-12a1f2652327,soup,1,high_risk_share,high,posterior,0.45,0.64
510aaf23-2514-574d-9a1c-12a1f2652327,fair,2,high_risk_share,low,prior,0.53,0.65
510aaf23-2514-574d-9a1c-12a1f2652327,fair,2,high_risk_share,low,posterior,0.87,0.85
510aaf23-2514-574d-9a1c-12a1f2652327,wedding,3,high_risk_share,low,prior,0.43,0.34
510aaf23-2514-574d-9a1c-12a1f2652327,wedding,3,high_risk_share,low,posterior,0.73,0.32
510aaf23-2514-574d-9a1c-12a1f2652327,drinks,4,high_risk_share,high,prior,0.36,0.37
510aaf23-2514-574d-9a1c-12a1f2652327,drinks,4,high_risk_share,high,posterior,0.64,0.69
510aaf23-2514-574d-9a1c-12a1f2652327,apples,5,high_risk_share,high,prior,0.63,0.44
510aaf23-2514-574d-9a1c-12a1f2652327,apples,5,high_risk_share,high,posterior,0.79,0.32
510aaf23-2514-574d-9a1c-12a1f2652327,driving,6,no_share,high,prior,0.32,0.0
510aaf23-2514-574d-9a1c-12a1f2652327,driving,6,no_share,high,posterior,0.13,0.84
510aaf23-2514-574d-9a1c-12a1f2652327,cooking,7,no_share,high,prior,0.75,0.25
510aaf23-2514-574d-9a1c-12a1f2652327,cooking,7,no_share,high,posterior,0.21,0.29
510aaf23-2514-574d-9a1c-12a1f2652327,oysters,8,no_share,low,prior,0.93,0.28
510aaf23-2514-574d-9a1c-12a1f2652327,oysters,8,no_share,low,posterior,0.54,0.38
510aaf23-2514-574d-9a1c-12a1f2652327,takeout,9,no_share,low,prior,0.36,1.0
510aaf23-2514-574d-9a1c-12a1f2652327,takeout,9,no_share,low,posterior,0.0,1.0
510aaf23-2514-574d-9a1c-12a1f2652327,dip,10,no_share,high,prior,0.62,0.74
510aaf23-2514-574d-9a1c-12a1f2652327,dip,10,no_share,high,posterior,0.33,0.79
510aaf23-2514-574d-9a1c-12a1f2652327,hike,11,low_risk_share,high,prior,0.61,0.17
510aaf23-2514-574d-9a1c-12a1f2652327,hike,11,low_risk_share,high,posterior,0.47,0.31
510aaf23-2514-574d-9a1c-12a1f2652327,birthday,12,low_risk_share,low,prior,0.58,0.37
510aaf23-2514-574d-9a1c-12a1f2652327,birthday,12,low_risk_share,low,posterior,0.61,0.41
510aaf23-2514-574d-9a1c-12a1f2652327,social,13,low_risk_share,low,prior,0.8,1.0
510aaf23-2514-574d-9a1c-12a1f2652327,social,13,low_risk_share,low,posterior,1.0,1.0
510aaf23-2514-574d-9a1c-12a1f2652327,brunch,14,low_risk_share,low,prior,0.47,0.42
510aaf23-2514-574d-9a1c-12a1f2652327,brunch,14,low_risk_share,low,posterior,0.56,0.1
510aaf23-2514-574d-9a1c-12a1f2652327,gala,15,high_risk_share,low,prior,0.6,0.7
510aaf23-2514-574d-9a1c-12a1f2652327,gala,15,high_risk_share,low,posterior,0.63,0.57
39391eba-f0f2-5047-917b-9ad51bc711e9,social,0,low_risk_share,high,prior,0.39,0.66
39391eba-f0f2-5047-917b-9ad51bc711e9,social,0,low_risk_share,high,posterior,0.78,0.17
39391eba-f0f2-5047-917b-9ad51bc711e9,takeout,1,high_risk_share,low,prior,0.85,0.54
39391eba-f0f2-5047-917b-9ad51bc711e9,takeout,1,high_risk_share,low,posterior,0.9,0.55
39391eba-f0f2-5047-917b-9ad51bc711e9,driving,2,no_share,high,prior,1.0,0.92
39391eba-f0f2-5047-917b-9ad51bc711e9,driving,2,no_share,high,posterior,0.24,0.85
39391eba-f0f2-5047-917b-9ad51bc711e9,fair,3,low_risk_share,low,prior,0.66,0.72
39391eba-f0f2-5047-917b-9ad51bc711e9,fair,3,low_risk_share,low,posterior,0.51,0.33
39391eba-f0f2-5047-917b-9ad51bc711e9,cooking,4,high_risk_share,high,prior,0.74,0.74
39391eba-f0f2-5047-917b-9ad51bc711e9,cooking,4,high_risk_share,high,posterior,0.94,0.17
39391eba-f0f2-5047-917b-9ad51bc711e9,apples,5,no_share,high,prior,0.45,0.52
39391eba-f0f2-5047-917b-9ad51bc711e9,apples,5,no_share,high,posterior,0.25,0.6
39391eba-f0f2-5047-917b-9ad51bc711e9,basketball,6,no_share,low,prior,0.54,0.39
39391eba-f0f2-5047-917b-9ad51bc711e9,basketball,6,no_share,low,posterior,0.41,0.4
39391eba-f0f2-5047-917b-9ad51bc711e9,oysters,7,high_risk_share,low,prior,0.57,0.42
39391eba-f0f2-5047-917b-9ad51bc711e9,oysters,7,high_risk_share,low,posterior,0.83,0.26
39391eba-f0f2-5047-917b-9ad51bc711e9,dip,8,low_risk_share,high,prior,0.7,0.23
39391eba-f0f2-5047-917b-9ad51bc711e9,dip,8,low_risk_share,high,posterior,0.55,0.2
39391eba-f0f2-5047-917b-9ad51bc711e9,gala,9,low_risk_share,high,prior,0.65,0.63
39391eba-f0f2-5047-917b-9ad51bc711e9,gala,9,low_risk_share,high,posterior,0.53,0.0
39391eba-f0f2-5047-917b-9ad51bc711e9,drinks,10,high_risk_share,high,prior,0.53,0.55
39391eba-f0f2-5047-917b-9ad51bc711e9,drinks,10,high_risk_share,high,posterior,0.93,0.83
39391eba-f0f2-5047-917b-9ad51bc711e9,hike,11,no_share,low,prior,0.53,0.39
39391eba-f0f2-5047-917b-9ad51bc711e9,hike,11,no_share,low,posterior,0.3,0.75
39391eba-f0f2-5047-917b-9ad51bc711e9,brunch,12,no_share,low,prior,0.61,0.62
39391eba-f0f2-5047-917b-9ad51bc711e9,brunch,12,no_share,low,posterior,0.57,0.53
39391eba-f0f2-5047-917b-9ad51bc711e9,wedding,13,low_risk_share,low,prior,0.85,0.76
39391eba-f0f2-5047-917b-9ad51bc711e9,wedding,13,low_risk_share,low,posterior,0.7,0.71
39391eba-f0f2-5047-917b-9ad51bc711e9,birthday,14,low_risk_share,low,prior,0.65,0.23
39391eba-f0f2-5047-917b-9ad51bc711e9,birthday,14,low_risk_share,low,posterior,0.56,0.13
39391eba-f0f2-5047-917b-9ad51bc711e9,soup,15,high_risk_share,high,prior,0.59,0.46
39391eba-f0f2-5047-917b-9ad51bc711e9,soup,15,high_risk_share,high,posterior,0.93,0.93
d5af9c8a-da49-5f20-9313-21902079417e,cooking,0,low_risk_share,high,prior,0.79,0.35
d5af9c8a-da49-5f20-9313-21902079417e,cooking,0,low_risk_share,high,posterior,0.84,0.13
d5af9c8a-da49-5f20-9313-21902079417e,hike,1,no_share,low,prior,0.37,0.11
d5af9c8a-da49-5f20-9313-21902079417e,hike,1,no_share,low,posterior,0.14,0.83
d5af9c8a-da49-5f20-9313-21902079417e,fair,2,low_risk_share,low,prior,0.63,0.29
d5af9c8a-da49-5f20-9313-21902079417e,fair,2,low_risk_share,low,posterior,0.87,0.0
d5af9c8a-da49-5f20-9313-21902079417e,drinks,3,high_risk_share,low,prior,0.5,0.79
d5af9c8a-da49-5f20-9313-21902079417e,drinks,3,high_risk_share,low,posterior,1.0,1.0
d5af9c8a-da49-5f20-9313-21902079417e,wedding,4,no_share,high,prior,0.66,0.11
d5af9c8a-da49-5f20-9313-21902079417e,wedding,4,no_share,high,posterior,0.11,0.82
d5af9c8a-da49-5f20-9313-21902079417e,basketball,5,low_risk_share,high,prior,0.65,0.28
d5af9c8a-da49-5f20-9313-21902079417e,basketball,5,low_risk_share,high,posterior,0.72,0.0
d5af9c8a-da49-5f20-9313-21902079417e,dip,6,no_share,low,prior,0.89,0.48
d5af9c8a-da49-5f20-9313-21902079417e,dip,6,no_share,low,posterior,0.49,0.5
d5af9c8a-da49-5f20-9313-21902079417e,birthday,7,high_risk_share,high,prior,0.7,0.27
d5af9c8a-da49-5f20-9313-21902079417e,birthday,7,high_risk_share,high,posterior,0.93,0.99
d5af9c8a-da49-5f20-9313-21902079417e,social,8,low_risk_share,low,prior,0.63,0.26
d5af9c8a-da49-5f20-9313-21902079417e,social,8,low_risk_share,low,posterior,0.78,0.84
d5af9c8a-da49-5f20-9313-21902079417e,oysters,9,high_risk_share,high,prior,0.71,0.14
d5af9c8a-da49-5f20-9313-21902079417e,oysters,9,high_risk_share,high,posterior,0.96,0.83
d5af9c8a-da49-5f20-9313-21902079417e,brunch,10,no_share,high,prior,0.66,0.34
d5af9c8a-da49-5f20-9313-21902079417e,brunch,10,no_share,high,posterior,0.51,0.51
d5af9c8a-da49-5f20-9313-21902079417e,takeout,11,high_risk_share,low,prior,0.36,0.81
d5af9c8a-da49-5f20-9313-21902079417e,takeout,11,high_risk_share,low,posterior,0.75,0.51
d5af9c8a-da49-5f20-9313-21902079417e,apples,12,no_share,high,prior,0.65,0.31
d5af9c8a-da49-5f20-9313-21902079417e,apples,12,no_share,high,posterior,0.19,0.82
d5af9c8a-da49-5f20-9313-21902079417e,soup,13,high_risk_share,low,prior,0.49,0.62
d5af9c8a-da49-5f20-9313-21902079417e,soup,13,high_risk_share,low,posterior,0.84,0.93
d5af9c8a-da49-5f20-9313-21902079417e,driving,14,high_risk_share,high,prior,0.69,0.27
d5af9c8a-da49-5f20-9313-21902079417e,driving,14,high_risk_share,high,posterior,0.93,0.9
d5af9c8a-da49-5f20-9313-21902079417e,gala,15,low_risk_share,low,prior,0.32,0.51
d5af9c8a-da49-5f20-9313-21902079417e,gala,15,low_risk_share,low,posterior,0.63,0.02
22e9180f-1bf1-5ee7-b86d-55a7b7126068,social,0,no_share,high,prior,0.22,0.74
22e9180f-1bf1-5ee7-b86d-55a7b7126068,social,0,no_share,high,posterior,0.7,0.8
22e9180f-1bf1-5ee7-b86d-55a7b7126068,soup,1,high_risk_share,high,prior,0.74,0.82
22e9180f-1bf1-5ee7-b86d-55a7b7126068,soup,1,high_risk_share,high,posterior,0.87,0.86
22e9180f-1bf1-5ee7-b86d-55a7b7126068,drinks,2,no_share,high,prior,0.37,0.7
22e9180f-1bf1-5ee7-b86d-55a7b7126068,drinks,2,no_share,high,posterior,0.47,0.77
22e9180f-1bf1-5ee7-b86d-55a7b7126068,wedding,3,high_risk_share,low,prior,0.47,0.78
22e9180f-1bf1-5ee7-b86d-55a7b7126068,wedding,3,high_risk_share,low,posterior,0.85,0.87
22e9180f-1bf1-5ee7-b86d-55a7b7126068,dip,4,low_risk_share,low,prior,0.64,0.14
22e9180f-1bf1-5ee7-b86d-55a7b7126068,dip,4,low_risk_share,low,posterior,0.26,0.71
22e9180f-1bf1-5ee7-b86d-55a7b7126068,basketball,5,no_share,high,prior,0.74,0.22
22e9180f-1bf1-5ee7-b86d-55a7b7126068,basketball,5,no_share,high,posterior,0.25,0.77
22e9180f-1bf1-5ee7-b86d-55a7b7126068,gala,6,low_risk_share,high,prior,0.79,0.6
22e9180f-1bf1-5ee7-b86d-55a7b7126068,gala,6,low_risk_share,high,posterior,0.23,0.61
22e9180f-1bf1-5ee7-b86d-55a7b7126068,birthday,7,high_risk_share,low,prior,0.35,0.57
22e9180f-1bf1-5ee7-b86d-55a7b7126068,birthday,7,high_risk_share,low,posterior,0.75,0.44
22e9180f-1bf1-5ee7-b86d-55a7b7126068,takeout,8,no_share,low,prior,0.29,0.68
22e9180f-1bf1-5ee7-b86d-55a7b7126068,takeout,8,no_share,low,posterior,0.53,0.66
22e9180f-1bf1-5ee7-b86d-55a7b7126068,hike,9,low_risk_share,low,prior,0.74,0.17
22e9180f-1bf1-5ee7-b86d-55a7b7126068,hike,9,low_risk_share,low,posterior,0.72,0.11
22e9180f-1bf1-5ee7-b86d-55a7b7126068,driving,10,no_share,low,prior,0.68,0.27
22e9180f-1bf1-5ee7-b86d-55a7b7126068,driving,10,no_share,low,posterior,0.28,0.7
22e9180f-1bf1-5ee7-b86d-55a7b7126068,brunch,11,high_risk_share,high,prior,0.74,0.26
22e9180f-1bf1-5ee7-b86d-55a7b7126068,brunch,11,high_risk_share,high,posterior,0.76,0.27
22e9180f-1bf1-5ee7-b86d-55a7b7126068,fair,12,low_risk_share,high,prior,0.69,0.74
22e9180f-1bf1-5ee7-b86d-55a7b7126068,fair,12,low_risk_share,high,posterior,0.49,0.17
22e9180f-1bf1-5ee7-b86d-55a7b7126068,cooking,13,high_risk_share,high,prior,0.74,0.3
22e9180f-1bf1-5ee7-b86d-55a7b7126068,cooking,13,high_risk_share,high,posterior,0.95,0.89
22e9180f-1bf1-5ee7-b86d-55a7b7126068,apples,14,low_risk_share,low,prior,0.55,0.54
22e9180f-1bf1-5ee7-b86d-55a7b7126068,apples,14,low_risk_share,low,posterior,0.48,0.21
22e9180f-1bf1-5ee7-b86d-55a7b7126068,oysters,15,high_risk_share,low,prior,0.63,0.23
22e9180f-1bf1-5ee7-b86d-55a7b7126068,oysters,15,high_risk_share,low,posterior,0.78,0.71
92631ce0-d224-5ec5-82fb-37fd2b575d50,wedding,0,high_risk_share,low,prior,0.39,0.79
92631ce0-d224-5ec5-82fb-37fd2b575d50,wedding,0,high_risk_share,low,posterior,0.8,0.3
92631ce0-d224-5ec5-82fb-37fd2b575d50,oysters,1,no_share,high,prior,0.75,0.35
92631ce0-d224-5ec5-82fb-37fd2b575d50,oysters,1,no_share,high,posterior,0.26,0.75
92631ce0-d224-5ec5-82fb-37fd2b575d50,brunch,2,high_risk_share,high,prior,0.71,0.21
92631ce0-d224-5ec5-82fb-37fd2b575d50,brunch,2,high_risk_share,high,posterior,0.6,0.73
92631ce0-d224-5ec5-82fb-37fd2b575d50,birthday,3,no_share,low,prior,0.45,0.62
92631ce0-d224-5ec5-82fb-37fd2b575d50,birthday,3,no_share,low,posterior,0.42,0.77
92631ce0-d224-5ec5-82fb-37fd2b575d50,drinks,4,no_share,high,prior,0.46,0.65
92631ce0-d224-5ec5-82fb-37fd2b575d50,drinks,4,no_share,high,posterior,0.15,0.92
92631ce0-d224-5ec5-82fb-37fd2b575d50,apples,5,low_risk_share,high,prior,0.4,0.22
92631ce0-d224-5ec5-82fb-37fd2b575d50,apples,5,low_risk_share,high,posterior,0.31,0.2
92631ce0-d224-5ec5-82fb-37fd2b575d50,driving,6,high_risk_share,high,prior,0.4,1.0
92631ce0-d224-5ec5-82fb-37fd2b575d50,driving,6,high_risk_share,high,posterior,0.74,0.76
92631ce0-d224-5ec5-82fb-37fd2b575d50,hike,7,no_share,high,prior,0.61,0.29
92631ce0-d224-5ec5-82fb-37fd2b575d50,hike,7,no_share,high,posterior,0.08,1.0
92631ce0-d224-5ec5-82fb-37fd2b575d50,dip,8,no_share,low,prior,0.33,0.71
92631ce0-d224-5ec5-82fb-37fd2b575d50,dip,8,no_share,low,posterior,0.38,1.0
92631ce0-d224-5ec5-82fb-37fd2b575d50,basketball,9,high_risk_share,low,prior,0.37,0.98
92631ce0-d224-5ec5-82fb-37fd2b575d50,basketball,9,high_risk_share,low,posterior,0.95,0.73
92631ce0-d224-5ec5-82fb-37fd2b575d50,social,10,low_risk_share,low,prior,0.72,0.76
92631ce0-d224-5ec5-82fb-37fd2b575d50,social,10,low_risk_share,low,posterior,0.61,0.27
92631ce0-d224-5ec5-82fb-37fd2b575d50,cooking,11,high_risk_share,low,prior,0.4,0.64
92631ce0-d224-5ec5-82fb-37fd2b575d50,cooking,11,high_risk_share,low,posterior,0.82,0.3
92631ce0-d224-5ec5-82fb-37fd2b575d50,gala,12,low_risk_share,high,prior,0.57,0.3
92631ce0-d224-5ec5-82fb-37fd2b575d50,gala,12,low_risk_share,high,posterior,0.65,0.6
92631ce0-d224-5ec5-82fb-37fd2b575d50,takeout,13,high_risk_share,high,prior,0.45,0.59
92631ce0-d224-5ec5-82fb-37fd2b575d50,takeout,13,high_risk_share,high,posterior,0.66,0.66
92631ce0-d224-5ec5-82fb-37fd2b575d50,fair,14,low_risk_share,low,prior,0.41,0.55
92631ce0-d224-5ec5-82fb-37fd2b575d50,fair,14,low_risk_share,low,posterior,0.27,0.34
92631ce0-d224-5ec5-82fb-37fd2b575d50,soup,15,low_risk_share,low,prior,0.42,0.4
92631ce0-d224-5ec5-82fb-37fd2b575d50,soup,15,low_risk_share,low,posterior,0.17,0.27
90f84f93-062f-5af6-b7f9-59e28080036c,birthday,0,high_risk_share,high,prior,0.9,0.2
90f84f93-062f-5af6-b7f9-59e28080036c,birthday,0,high_risk_share,high,posterior,0.86,0.18
90f84f93-062f-5af6-b7f9-59e28080036c,driving,1,no_share,high,prior,0.81,0.13
90f84f93-062f-5af6-b7f9-59e28080036c,driving,1,no_share,high,posterior,0.67,0.07
90f84f93-062f-5af6-b7f9-59e28080036c,hike,2,low_risk_share,low,prior,0.68,0.23
90f84f93-062f-5af6-b7f9-59e28080036c,hike,2,low_risk_share,low,posterior,0.74,0.16
90f84f93-062f-5af6-b7f9-59e28080036c,soup,3,high_risk_share,low,prior,0.61,0.31
90f84f93-062f-5af6-b7f9-59e28080036c,soup,3,high_risk_share,low,posterior,0.95,0.5
90f84f93-062f-5af6-b7f9-59e28080036c,apples,4,high_risk_share,low,prior,0.87,0.12
90f84f93-062f-5af6-b7f9-59e28080036c,apples,4,high_risk_share,low,posterior,0.97,0.09
90f84f93-062f-5af6-b7f9-59e28080036c,takeout,5,high_risk_share,high,prior,0.62,0.97
90f84f93-062f-5af6-b7f9-59e28080036c,takeout,5,high_risk_share,high,posterior,0.68,1.0
90f84f93-062f-5af6-b7f9-59e28080036c,drinks,6,low_risk_share,high,prior,0.86,0.65
90f84f93-062f-5af6-b7f9-59e28080036c,drinks,6,low_risk_share,high,posterior,0.54,0.66
90f84f93-062f-5af6-b7f9-59e28080036c,wedding,7,high_risk_share,high,prior,0.74,0.67
90f84f93-062f-5af6-b7f9-59e28080036c,wedding,7,high_risk_share,high,posterior,0.92,0.67
90f84f93-062f-5af6-b7f9-59e28080036c,basketball,8,no_share,low,prior,0.69,0.83
90f84f93-062f-5af6-b7f9-59e28080036c,basketball,8,no_share,low,posterior,0.6,0.96
90f84f93-062f-5af6-b7f9-59e28080036c,fair,9,no_share,high,prior,0.72,0.62
90f84f93-062f-5af6-b7f9-59e28080036c,fair,9,no_share,high,posterior,0.56,0.74
90f84f93-062f-5af6-b7f9-59e28080036c,dip,10,low_risk_share,low,prior,0.9,0.16
90f84f93-062f-5af6-b7f9-59e28080036c,dip,10,low_risk_share,low,posterior,0.8,0.12
90f84f93-062f-5af6-b7f9-59e28080036c,brunch,11,high_risk_share,low,prior,0.84,0.9
90f84f93-062f-5af6-b7f9-59e28080036c,brunch,11,high_risk_share,low,posterior,0.89,0.92
90f84f93-062f-5af6-b7f9-59e28080036c,social,12,low_risk_share,high,prior,0.6,0.51
90f84f93-062f-5af6-b7f9-59e28080036c,social,12,low_risk_share,high,posterior,0.74,0.06
90f84f93-062f-5af6-b7f9-59e28080036c,cooking,13,no_share,low,prior,0.87,0.14
90f84f93-062f-5af6-b7f9-59e28080036c,cooking,13,no_share,low,posterior,0.89,0.14
90f84f93-062f-5af6-b7f9-59e28080036c,gala,14,no_share,high,prior,0.96,0.08
90f84f93-062f-5af6-b7f9-59e28080036c,gala,14,no_share,high,posterior,0.92,0.07
90f84f93-062f-5af6-b7f9-59e28080036c,oysters,15,low_risk_share,low,prior,0.79,0.39
90f84f93-062f-5af6-b7f9-59e28080036c,oysters,15,low_risk_share,low,posterior,0.69,0.3
da1a4bb5-69cd-53ad-9bd3-8ef9a7803109,fair,0,low_risk_share,low,prior,0.4,0.36
da1a4bb5-69cd-53ad-9bd3-8ef9a7803109,fair,0,low_risk_share,low,posterior,0.39,0.27
da1a4bb5-69cd-53ad-9bd3-8ef9a7803109,social,1,low_risk_share,low,prior,0.38,0.49
da1a4bb5-69cd-53ad-9bd3-8ef9a7803109,social,1,low_risk_share,low,posterior,0.59,0.64
da1a4bb5-69cd-53ad-9bd3-8ef9a7803109,dip,2,no_share,low,prior,0.38,0.39
da1a4bb5-69cd-53ad-9bd3-8ef9a7803109,dip,2,no_share,low,posterior,0.44,0.69
da1a4bb5-69cd-53ad-9bd3-8ef9a7803109,hike,3,no_share,high,prior,0.55,0.6
da1a4bb5-69cd-53ad-9bd3-8ef9a7803109,hike,3,no_share,high,posterior,0.55,0.67
da1a4bb5-69cd-53ad-9bd3-8ef9a7803109,driving,4,high_risk_share,high,prior,0.44,0.61
da1a4bb5-69cd-53ad-9bd3-8ef9a7803109,driving,4,high_risk_share,high,posterior,0.58,0.63
da1a4bb5-69cd-53ad-9bd3-8ef9a7803109,basketball,5,high_risk_share,low,prior,0.42,0.59
da1a4bb5-69cd-53ad-9bd3-8ef9a7803109,basketball,5,high_risk_share,low,posterior,0.6,0.66
da1a4bb5-69cd-53ad-9bd3-8ef9a7803109,drinks,6,no_share,high,prior,0.4,0.58
da1a4bb5-69cd-53ad-9bd3-8ef9a7803109,drinks,6,no_share,high,posterior,0.3,0.58
da1a4bb5-69cd-53ad-9bd3-8ef9a7803109,soup,7,low_risk_share,low,prior,0.31,0.67
da1a4bb5-69cd-53ad-9bd3-8ef9a7803109,soup,7,low_risk_share,low,posterior,0.61,0.3
da1a4bb5-69cd-53ad-9bd3-8ef9a7803109,gala,8,low_risk_share,high,prior,0.71,0.63
da1a4bb5-69cd-53ad-9bd3-8ef9a7803109,gala,8,low_risk_share,high,posterior,0.43,0.26
da1a4bb5-69cd-53ad-9bd3-8ef9a7803109,birthday,9,no_share,low,prior,0.39,0.41
da1a4bb5-69cd-53ad-9bd3-8ef9a7803109,birthday,9,no_share,low,posterior,0.35,0.49
da1a4bb5-69cd-53ad-9bd3-8ef9a7803109,apples,10,low_risk_share,high,prior,0.36,0.42
da1a4bb5-69cd-53ad-9bd3-8ef9a7803109,apples,10,low_risk_share,high,posterior,0.23,0.4
da1a4bb5-69cd-53ad-9bd3-8ef9a7803109,oysters,11,no_share,high,prior,0.61,0.41
da1a4bb5-69cd-53ad-9bd3-8ef9a7803109,oysters,11,no_share,high,posterior,0.32,0.69
da1a4bb5-69cd-53ad-9bd3-8ef9a7803109,takeout,12,high_risk_share,high,prior,0.53,0.63
da1a4bb5-69cd-53ad-9bd3-8ef9a7803109,takeout,12,high_risk_share,high,posterior,0.57,0.69
da1a4bb5-69cd-53ad-9bd3-8ef9a7803109,cooking,13,high_risk_share,low,prior,0.69,0.59
da1a4bb5-69cd-53ad-9bd3-8ef9a7803109,cooking,13,high_risk_share,low,posterior,0.71,0.66
da1a4bb5-69cd-53ad-9bd3-8ef9a7803109,brunch,14,high_risk_share,high,prior,0.38,0.43
da1a4bb5-69cd-53ad-9bd3-8ef9a7803109,brunch,14,high_risk_share,high,posterior,0.41,0.62
da1a4bb5-69cd-53ad-9bd3-8ef9a7803109,wedding,15,high_risk_share,low,prior,0.26,0.62
da1a4bb5-69cd-53ad-9bd3-8ef9a7803109,wedding,15,high_risk_share,low,posterior,0.57,0.66
05628373-4642-5516-8453-5f2fe5fa1973,drinks,0,high_risk_share,low,prior,0.62,0.73
05628373-4642-5516-8453-5f2fe5fa1973,drinks,0,high_risk_share,low,posterior,0.7,0.8
05628373-4642-5516-8453-5f2fe5fa1973,social,1,high_risk_share,low,prior,0.75,0.86
05628373-4642-5516-8453-5f2fe5fa1973,social,1,high_risk_share,low,posterior,0.7,0.88
05628373-4642-5516-8453-5f2fe5fa1973,takeout,2,no_share,high,prior,0.61,0.79
05628373-4642-5516-8453-5f2fe5fa1973,takeout,2,no_share,high,posterior,0.67,0.8
05628373-4642-5516-8453-5f2fe5fa1973,driving,3,low_risk_share,high,prior,0.61,0.79
05628373-4642-5516-8453-5f2fe5fa1973,driving,3,low_risk_share,high,posterior,0.9,0.79
05628373-4642-5516-8453-5f2fe5fa1973,birthday,4,low_risk_share,low,prior,0.67,0.76
05628373-4642-5516-8453-5f2fe5fa1973,birthday,4,low_risk_share,low,posterior,0.72,0.85
05628373-4642-5516-8453-5f2fe5fa1973,hike,5,no_share,high,prior,0.72,0.8
05628373-4642-5516-8453-5f2fe5fa1973,hike,5,no_share,high,posterior,0.65,0.77
05628373-4642-5516-8453-5f2fe5fa1973,gala,6,high_risk_share,high,prior,0.58,0.83
05628373-4642-5516-8453-5f2fe5fa1973,gala,6,high_risk_share,high,posterior,0.72,0.83
05628373-4642-5516-8453-5f2fe5fa1973,dip,7,low_risk_share,high,prior,0.73,0.83
05628373-4642-5516-8453-5f2fe5fa1973,dip,7,low_risk_share,high,posterior,0.7,0.84
05628373-4642-5516-8453-5f2fe5fa1973,cooking,8,no_share,low,prior,0.69,0.82
05628373-4642-5516-8453-5f2fe5fa1973,cooking,8,no_share,low,posterior,0.71,0.86
05628373-4642-5516-8453-5f2fe5fa1973,soup,9,high_risk_share,low,prior,0.73,0.78
05628373-4642-5516-8453-5f2fe5fa1973,soup,9,high_risk_share,low,posterior,0.71,0.81
05628373-4642-5516-8453-5f2fe5fa1973,brunch,10,low_risk_share,low,prior,0.64,0.92
05628373-4642-5516-8453-5f2fe5fa1973,brunch,10,low_risk_share,low,posterior,0.72,0.88
05628373-4642-5516-8453-5f2fe5fa1973,oysters,11,high_risk_share,high,prior,0.81,0.85
05628373-4642-5516-8453-5f2fe5fa1973,oysters,11,high_risk_share,high,posterior,0.6,0.81
05628373-4642-5516-8453-5f2fe5fa1973,fair,12,low_risk_share,low,prior,0.64,0.84
05628373-4642-5516-8453-5f2fe5fa1973,fair,12,low_risk_share,low,posterior,0.73,0.82
05628373-4642-5516-8453-5f2fe5fa1973,apples,13,no_share,low,prior,0.78,0.76
05628373-4642-5516-8453-5f2fe5fa1973,apples,13,no_share,low,posterior,0.74,0.85
05628373-4642-5516-8453-5f2fe5fa1973,basketball,14,no_share,high,prior,0.6,0.54
05628373-4642-5516-8453-5f2fe5fa1973,basketball,14,no_share,high,posterior,0.41,0.64
05628373-4642-5516-8453-5f2fe5fa1973,wedding,15,high_risk_share,high,prior,0.61,0.51
05628373-4642-5516-8453-5f2fe5fa1973,wedding,15,high_risk_share,high,posterior,0.64,0.72
66f1dd15-0577-596a-ba50-90a41da0905b,hike,0,high_risk_share,low,prior,0.68,0.5
66f1dd15-0577-596a-ba50-90a41da0905b,hike,0,high_risk_share,low,posterior,0.89,0.5
66f1dd15-0577-596a-ba50-90a41da0905b,oysters,1,high_risk_share,high,prior,0.92,0.42
66f1dd15-0577-596a-ba50-90a41da0905b,oysters,1,high_risk_share,high,posterior,0.94,0.44
66f1dd15-0577-596a-ba50-90a41da0905b,driving,2,high_risk_share,low,prior,0.6,0.63
66f1dd15-0577-596a-ba50-90a41da0905b,driving,2,high_risk_share,low,posterior,0.9,0.86
66f1dd15-0577-596a-ba50-90a41da0905b,social,3,no_share,low,prior,0.73,0.75
66f1dd15-0577-596a-ba50-90a41da0905b,social,3,no_share,low,posterior,0.35,0.6
66f1dd15-0577-596a-ba50-90a41da0905b,fair,4,no_share,low,prior,0.62,0.84
66f1dd15-0577-596a-ba50-90a41da0905b,fair,4,no_share,low,posterior,0.42,1.0
66f1dd15-0577-596a-ba50-90a41da0905b,birthday,5,low_risk_share,high,prior,0.42,1.0
66f1dd15-0577-596a-ba50-90a41da0905b,birthday,5,low_risk_share,high,posterior,0.19,0.0
66f1dd15-0577-596a-ba50-90a41da0905b,basketball,6,no_share,low,prior,0.63,0.18
66f1dd15-0577-596a-ba50-90a41da0905b,basketball,6,no_share,low,posterior,0.16,0.84
66f1dd15-0577-596a-ba50-90a41da0905b,wedding,7,no_share,high,prior,0.69,0.69
66f1dd15-0577-596a-ba50-90a41da0905b,wedding,7,no_share,high,posterior,0.3,0.76
66f1dd15-0577-596a-ba50-90a41da0905b,dip,8,low_risk_share,low,prior,0.64,0.31
66f1dd15-0577-596a-ba50-90a41da0905b,dip,8,low_risk_share,low,posterior,0.18,0.0
66f1dd15-0577-596a-ba50-90a41da0905b,brunch,9,low_risk_share,low,prior,0.37,0.77
66f1dd15-0577-596a-ba50-90a41da0905b,brunch,9,low_risk_share,low,posterior,0.31,0.0
66f1dd15-0577-596a-ba50-90a41da0905b,apples,10,no_share,high,prior,0.6,0.36
66f1dd15-0577-596a-ba50-90a41da0905b,apples,10,no_share,high,posterior,0.34,0.79
66f1dd15-0577-596a-ba50-90a41da0905b,drinks,11,high_risk_share,high,prior,0.62,0.64
66f1dd15-0577-596a-ba50-90a41da0905b,drinks,11,high_risk_share,high,posterior,0.84,0.84
66f1dd15-0577-596a-ba50-90a41da0905b,soup,12,high_risk_share,low,prior,0.61,0.43
66f1dd15-0577-596a-ba50-90a41da0905b,soup,12,high_risk_share,low,posterior,0.82,0.12
66f1dd15-0577-596a-ba50-90a41da0905b,takeout,13,no_share,high,prior,0.61,1.0
66f1dd15-0577-596a-ba50-90a41da0905b,takeout,13,no_share,high,posterior,0.18,1.0
66f1dd15-0577-596a-ba50-90a41da0905b,gala,14,low_risk_share,high,prior,0.64,0.61
66f1dd15-0577-596a-ba50-90a41da0905b,gala,14,low_risk_share,high,posterior,0.35,0.0
66f1dd15-0577-596a-ba50-90a41da0905b,cooking,15,low_risk_share,high,prior,0.61,0.33
66f1dd15-0577-596a-ba50-90a41da0905b,cooking,15,low_risk_share,high,posterior,0.24,0.0
bb95222d-1c3e-57b8-b3ec-b7ab59d64ed1,fair,0,low_risk_share,high,prior,0.72,0.24
bb95222d-1c3e-57b8-b3ec-b7ab59d64ed1,fair,0,low_risk_share,high,posterior,0.73,0.14
bb95222d-1c3e-57b8-b3ec-b7ab59d64ed1,hike,1,high_risk_share,high,prior,0.71,0.29
bb95222d-1c3e-57b8-b3ec-b7ab59d64ed1,hike,1,high_risk_share,high,posterior,0.85,0.18
bb95222d-1c3e-57b8-b3ec-b7ab59d64ed1,takeout,2,low_risk_share,low,prior,0.38,0.26
bb95222d-1c3e-57b8-b3ec-b7ab59d64ed1,takeout,2,low_risk_share,low,posterior,0.35,0.17
bb95222d-1c3e-57b8-b3ec-b7ab59d64ed1,brunch,3,high_risk_share,high,prior,0.64,0.34
bb95222d-1c3e-57b8-b3ec-b7ab59d64ed1,brunch,3,high_risk_share,high,posterior,0.63,0.09
bb95222d-1c3e-57b8-b3ec-b7ab59d64ed1,driving,4,no_share,high,prior,0.65,0.28
bb95222d-1c3e-57b8-b3ec-b7ab59d64ed1,driving,4,no_share,high,posterior,0.61,0.15
bb95222d-1c3e-57b8-b3ec-b7ab59d64ed1,cooking,5,no_share,high,prior,0.65,0.21
bb95222d-1c3e-57b8-b3ec-b7ab59d64ed1,cooking,5,no_share,high,posterior,0.64,0.18
bb95222d-1c3e-57b8-b3ec-b7ab59d64ed1,apples,6,high_risk_share,low,prior,0.59,0.23
bb95222d-1c3e-57b8-b3ec-b7ab59d64ed1,apples,6,high_risk_share,low,posterior,0.76,0.22
bb95222d-1c3e-57b8-b3ec-b7ab59d64ed1,social,7,no_share,low,prior,0.74,0.22
bb95222d-1c3e-57b8-b3ec-b7ab59d64ed1,social,7,no_share,low,posterior,0.68,0.23
bb95222d-1c3e-57b8-b3ec-b7ab59d64ed1,basketball,8,low_risk_share,high,prior,0.73,0.23
bb95222d-1c3e-57b8-b3ec-b7ab59d64ed1,basketball,8,low_risk_share,high,posterior,0.74,0.14
bb95222d-1c3e-57b8-b3ec-b7ab59d64ed1,dip,9,no_share,low,prior,0.69,0.23
bb95222d-1c3e-57b8-b3ec-b7ab59d64ed1,dip,9,no_share,low,posterior,0.7,0.11
bb95222d-1c3e-57b8-b3ec-b7ab59d64ed1,soup,10,no_share,high,prior,0.69,0.32
bb95222d-1c3e-57b8-b3ec-b7ab59d64ed1,soup,10,no_share,high,posterior,0.68,0.24
bb95222d-1c3e-57b8-b3ec-b7ab59d64ed1,wedding,11,high_risk_share,low,prior,0.69,0.22
bb95222d-1c3e-57b8-b3ec-b7ab59d64ed1,wedding,11,high_risk_share,low,posterior,0.77,0.17
bb95222d-1c3e-57b8-b3ec-b7ab59d64ed1,gala,12,low_risk_share,high,prior,0.69,0.24
bb95222d-1c3e-57b8-b3ec-b7ab59d64ed1,gala,12,low_risk_share,high,posterior,0.73,0.18
bb95222d-1c3e-57b8-b3ec-b7ab59d64ed1,birthday,13,low_risk_share,low,prior,0.68,0.21
bb95222d-1c3e-57b8-b3ec-b7ab59d64ed1,birthday,13,low_risk_share,low,posterior,0.72,0.18
bb95222d-1c3e-57b8-b3ec-b7ab59d64ed1,oysters,14,high_risk_share,low,prior,0.68,0.25
bb95222d-1c3e-57b8-b3ec-b7ab59d64ed1,oysters,14,high_risk_share,low,posterior,0.8,0.24
bb95222d-1c3e-57b8-b3ec-b7ab59d64ed1,drinks,15,no_share,low,prior,0.63,0.17
bb95222d-1c3e-57b8-b3ec-b7ab59d64ed1,drinks,15,no_share,low,posterior,0.65,0.16
d487f443-ab63-5f88-a91e-829a9e4b069d,basketball,0,low_risk_share,high,prior,0.33,0.12
d487f443-ab63-5f88-a91e-829a9e4b069d,basketball,0,low_risk_share,high,posterior,0.7,0.0
d487f443-ab63-5f88-a91e-829a9e4b069d,cooking,1,low_risk_share,low,prior,0.32,0.71
d487f443-ab63-5f88-a91e-829a9e4b069d,cooking,1,low_risk_share,low,posterior,0.19,0.03
d487f443-ab63-5f88-a91e-829a9e4b069d,oysters,2,high_risk_share,low,prior,0.68,0.75
d487f443-ab63-5f88-a91e-829a9e4b069d,oysters,2,high_risk_share,low,posterior,0.91,0.95
d487f443-ab63-5f88-a91e-829a9e4b069d,wedding,3,no_share,high,prior,0.82,0.33
d487f443-ab63-5f88-a91e-829a9e4b069d,wedding,3,no_share,high,posterior,0.3,0.83
d487f443-ab63-5f88-a91e-829a9e4b069d,social,4,high_risk_share,high,prior,0.7,0.24
d487f443-ab63-5f88-a91e-829a9e4b069d,social,4,high_risk_share,high,posterior,0.89,0.92
d487f443-ab63-5f88-a91e-829a9e4b069d,drinks,5,no_share,low,prior,0.64,0.76
d487f443-ab63-5f88-a91e-829a9e4b069d,drinks,5,no_share,low,posterior,0.77,0.73
d487f443-ab63-5f88-a91e-829a9e4b069d,birthday,6,low_risk_share,high,prior,0.28,0.24
d487f443-ab63-5f88-a91e-829a9e4b069d,birthday,6,low_risk_share,high,posterior,0.43,0.06
d487f443-ab63-5f88-a91e-829a9e4b069d,soup,7,no_share,low,prior,0.35,0.75
d487f443-ab63-5f88-a91e-829a9e4b069d,soup,7,no_share,low,posterior,0.37,0.8
d487f443-ab63-5f88-a91e-829a9e4b069d,apples,8,high_risk_share,high,prior,0.71,0.07
d487f443-ab63-5f88-a91e-829a9e4b069d,apples,8,high_risk_share,high,posterior,0.75,0.36
d487f443-ab63-5f88-a91e-829a9e4b069d,brunch,9,no_share,high,prior,0.41,0.3
d487f443-ab63-5f88-a91e-829a9e4b069d,brunch,9,no_share,high,posterior,0.35,0.29
d487f443-ab63-5f88-a91e-829a9e4b069d,takeout,10,low_risk_share,low,prior,0.52,0.61
d487f443-ab63-5f88-a91e-829a9e4b069d,takeout,10,low_risk_share,low,posterior,0.42,0.66
d487f443-ab63-5f88-a91e-829a9e4b069d,fair,11,high_risk_share,low,prior,0.4,0.79
d487f443-ab63-5f88-a91e-829a9e4b069d,fair,11,high_risk_share,low,posterior,0.54,0.7
d487f443-ab63-5f88-a91e-829a9e4b069d,gala,12,high_risk_share,high,prior,0.37,0.21
d487f443-ab63-5f88-a91e-829a9e4b069d,gala,12,high_risk_share,high,posterior,0.73,0.87
d487f443-ab63-5f88-a91e-829a9e4b069d,dip,13,high_risk_share,low,prior,0.61,0.24
d487f443-ab63-5f88-a91e-829a9e4b069d,dip,13,high_risk_share,low,posterior,1.0,0.71
d487f443-ab63-5f88-a91e-829a9e4b069d,hike,14,low_risk_share,low,prior,0.6,0.82
d487f443-ab63-5f88-a91e-829a9e4b069d,hike,14,low_risk_share,low,posterior,0.64,0.04
d487f443-ab63-5f88-a91e-829a9e4b069d,driving,15,no_share,high,prior,0.34,0.19
d487f443-ab63-5f88-a91e-829a9e4b069d,driving,15,no_share,high,posterior,0.62,1.0
65480ec3-ffdc-54a2-8e62-3f32976409ee,fair,0,low_risk_share,high,prior,0.56,0.92
65480ec3-ffdc-54a2-8e62-3f32976409ee,fair,0,low_risk_share,high,posterior,0.23,0.51
65480ec3-ffdc-54a2-8e62-3f32976409ee,social,1,high_risk_share,low,prior,0.82,0.0
65480ec3-ffdc-54a2-8e62-3f32976409ee,social,1,high_risk_share,low,posterior,1.0,0.75
65480ec3-ffdc-54a2-8e62-3f32976409ee,apples,2,no_share,high,prior,0.59,0.42
65480ec3-ffdc-54a2-8e62-3f32976409ee,apples,2,no_share,high,posterior,0.52,0.51
65480ec3-ffdc-54a2-8e62-3f32976409ee,driving,3,no_share,low,prior,0.44,0.74
65480ec3-ffdc-54a2-8e62-3f32976409ee,driving,3,no_share,low,posterior,0.1,0.71
65480ec3-ffdc-54a2-8e62-3f32976409ee,cooking,4,low_risk_share,low,prior,0.72,0.45
65480ec3-ffdc-54a2-8e62-3f32976409ee,cooking,4,low_risk_share,low,posterior,0.25,0.22
65480ec3-ffdc-54a2-8e62-3f32976409ee,takeout,5,low_risk_share,high,prior,0.3,0.71
65480ec3-ffdc-54a2-8e62-3f32976409ee,takeout,5,low_risk_share,high,posterior,0.08,0.22
65480ec3-ffdc-54a2-8e62-3f32976409ee,wedding,6,high_risk_share,high,prior,0.8,0.64
65480ec3-ffdc-54a2-8e62-3f32976409ee,wedding,6,high_risk_share,high,posterior,0.79,0.8
65480ec3-ffdc-54a2-8e62-3f32976409ee,birthday,7,no_share,low,prior,0.52,0.23
65480ec3-ffdc-54a2-8e62-3f32976409ee,birthday,7,no_share,low,posterior,0.32,0.3
65480ec3-ffdc-54a2-8e62-3f32976409ee,brunch,8,no_share,low,prior,0.78,0.76
65480ec3-ffdc-54a2-8e62-3f32976409ee,brunch,8,no_share,low,posterior,0.67,0.7
65480ec3-ffdc-54a2-8e62-3f32976409ee,hike,9,high_risk_share,low,prior,0.58,0.35
65480ec3-ffdc-54a2-8e62-3f32976409ee,hike,9,high_risk_share,low,posterior,0.65,0.71
65480ec3-ffdc-54a2-8e62-3f32976409ee,soup,10,low_risk_share,low,prior,0.57,0.4
65480ec3-ffdc-54a2-8e62-3f32976409ee,soup,10,low_risk_share,low,posterior,0.67,0.23
65480ec3-ffdc-54a2-8e62-3f32976409ee,oysters,11,high_risk_share,high,prior,0.58,0.66
65480ec3-ffdc-54a2-8e62-3f32976409ee,oysters,11,high_risk_share,high,posterior,1.0,0.67
65480ec3-ffdc-54a2-8e62-3f32976409ee,basketball,12,low_risk_share,low,prior,0.63,0.28
65480ec3-ffdc-54a2-8e62-3f32976409ee,basketball,12,low_risk_share,low,posterior,0.35,0.31
65480ec3-ffdc-54a2-8e62-3f32976409ee,dip,13,no_share,high,prior,0.66,0.27
65480ec3-ffdc-54a2-8e62-3f32976409ee,dip,13,no_share,high,posterior,0.72,0.27
65480ec3-ffdc-54a2-8e62-3f32976409ee,gala,14,low_risk_share,high,prior,0.59,0.24
65480ec3-ffdc-54a2-8e62-3f32976409ee,gala,14,low_risk_share,high,posterior,0.45,0.28
65480ec3-ffdc-54a2-8e62-3f32976409ee,drinks,15,high_risk_share,high,prior,0.52,0.21
65480ec3-ffdc-54a2-8e62-3f32976409ee,drinks,15,high_risk_share,high,posterior,0.91,0.28
c839fa1e-3fce-5774-956e-3cf379c43d6a,brunch,0,high_risk_share,high,prior,0.5,1.0
c839fa1e-3fce-5774-956e-3cf379c43d6a,brunch,0,high_risk_share,high,posterior,0.7,0.21
c839fa1e-3fce-5774-956e-3cf379c43d6a,social,1,no_share,high,prior,0.23,0.0
c839fa1e-3fce-5774-956e-3cf379c43d6a,social,1,no_share,high,posterior,0.21,0.17
c839fa1e-3fce-5774-956e-3cf379c43d6a,birthday,2,low_risk_share,high,prior,0.89,0.0
c839fa1e-3fce-5774-956e-3cf379c43d6a,birthday,2,low_risk_share,high,posterior,0.88,0.0
c839fa1e-3fce-5774-956e-3cf379c43d6a,drinks,3,high_risk_share,high,prior,1.0,0.25
c839fa1e-3fce-5774-956e-3cf379c43d6a,drinks,3,high_risk_share,high,posterior,1.0,0.0
c839fa1e-3fce-5774-956e-3cf379c43d6a,soup,4,high_risk_share,low,prior,1.0,0.86
c839fa1e-3fce-5774-956e-3cf379c43d6a,soup,4,high_risk_share,low,posterior,1.0,0.89
c839fa1e-3fce-5774-956e-3cf379c43d6a,driving,5,no_share,high,prior,0.0,0.92
c839fa1e-3fce-5774-956e-3cf379c43d6a,driving,5,no_share,high,posterior,0.0,1.0
c839fa1e-3fce-5774-956e-3cf379c43d6a,apples,6,high_risk_share,high,prior,1.0,0.11
c839fa1e-3fce-5774-956e-3cf379c43d6a,apples,6,high_risk_share,high,posterior,1.0,1.0
c839fa1e-3fce-5774-956e-3cf379c43d6a,cooking,7,low_risk_share,high,prior,0.16,0.0
c839fa1e-3fce-5774-956e-3cf379c43d6a,cooking,7,low_risk_share,high,posterior,0.0,0.0
c839fa1e-3fce-5774-956e-3cf379c43d6a,oysters,8,low_risk_share,low,prior,1.0,1.0
c839fa1e-3fce-5774-956e-3cf379c43d6a,oysters,8,low_risk_share,low,posterior,0.48,0.0
c839fa1e-3fce-5774-956e-3cf379c43d6a,basketball,9,low_risk_share,low,prior,0.75,0.0
c839fa1e-3fce-5774-956e-3cf379c43d6a,basketball,9,low_risk_share,low,posterior,0.74,0.0
c839fa1e-3fce-5774-956e-3cf379c43d6a,hike,10,high_risk_share,low,prior,0.91,1.0
c839fa1e-3fce-5774-956e-3cf379c43d6a,hike,10,high_risk_share,low,posterior,1.0,1.0
c839fa1e-3fce-5774-956e-3cf379c43d6a,dip,11,no_share,low,prior,0.73,0.0
c839fa1e-3fce-5774-956e-3cf379c43d6a,dip,11,no_share,low,posterior,0.74,1.0
c839fa1e-3fce-5774-956e-3cf379c43d6a,wedding,12,low_risk_share,low,prior,1.0,1.0
c839fa1e-3fce-5774-956e-3cf379c43d6a,wedding,12,low_risk_share,low,posterior,0.77,0.0
c839fa1e-3fce-5774-956e-3cf379c43d6a,takeout,13,no_share,high,prior,0.0,1.0
c839fa1e-3fce-5774-956e-3cf379c43d6a,takeout,13,no_share,high,posterior,0.24,1.0
c839fa1e-3fce-5774-956e-3cf379c43d6a,gala,14,high_risk_share,low,prior,0.86,0.51
c839fa1e-3fce-5774-956e-3cf379c43d6a,gala,14,high_risk_share,low,posterior,0.85,1.0
c839fa1e-3fce-5774-956e-3cf379c43d6a,fair,15,no_share,low,prior,0.81,0.0
c839fa1e-3fce-5774-956e-3cf379c43d6a,fair,15,no_share,low,posterior,0.79,1.0
6cc72538-9913-5c2e-b4de-9daf6cd88201,basketball,0,high_risk_share,low,prior,0.85,0.83
6cc72538-9913-5c2e-b4de-9daf6cd88201,basketball,0,high_risk_share,low,posterior,0.93,0.85
6cc72538-9913-5c2e-b4de-9daf6cd88201,social,1,low_risk_share,low,prior,0.32,0.25
6cc72538-9913-5c2e-b4de-9daf6cd88201,social,1,low_risk_share,low,posterior,0.12,0.05
6cc72538-9913-5c2e-b4de-9daf6cd88201,brunch,2,no_share,high,prior,0.5,0.51
6cc72538-9913-5c2e-b4de-9daf6cd88201,brunch,2,no_share,high,posterior,0.49,0.88
6cc72538-9913-5c2e-b4de-9daf6cd88201,drinks,3,high_risk_share,low,prior,0.75,0.83
6cc72538-9913-5c2e-b4de-9daf6cd88201,drinks,3,high_risk_share,low,posterior,0.92,0.91
6cc72538-9913-5c2e-b4de-9daf6cd88201,birthday,4,low_risk_share,low,prior,0.72,0.16
6cc72538-9913-5c2e-b4de-9daf6cd88201,birthday,4,low_risk_share,low,posterior,0.19,0.14
6cc72538-9913-5c2e-b4de-9daf6cd88201,wedding,5,high_risk_share,high,prior,0.69,0.85
6cc72538-9913-5c2e-b4de-9daf6cd88201,wedding,5,high_risk_share,high,posterior,0.94,0.9
6cc72538-9913-5c2e-b4de-9daf6cd88201,driving,6,no_share,low,prior,0.83,0.91
6cc72538-9913-5c2e-b4de-9daf6cd88201,driving,6,no_share,low,posterior,0.4,0.87
6cc72538-9913-5c2e-b4de-9daf6cd88201,oysters,7,low_risk_share,high,prior,0.7,0.86
6cc72538-9913-5c2e-b4de-9daf6cd88201,oysters,7,low_risk_share,high,posterior,0.21,0.11
6cc72538-9913-5c2e-b4de-9daf6cd88201,dip,8,no_share,low,prior,0.35,0.51
6cc72538-9913-5c2e-b4de-9daf6cd88201,dip,8,no_share,low,posterior,0.27,0.76
6cc72538-9913-5c2e-b4de-9daf6cd88201,fair,9,no_share,high,prior,0.68,0.83
6cc72538-9913-5c2e-b4de-9daf6cd88201,fair,9,no_share,high,posterior,0.32,0.82
6cc72538-9913-5c2e-b4de-9daf6cd88201,gala,10,low_risk_share,high,prior,0.8,0.86
6cc72538-9913-5c2e-b4de-9daf6cd88201,gala,10,low_risk_share,high,posterior,0.25,0.3
6cc72538-9913-5c2e-b4de-9daf6cd88201,soup,11,no_share,high,prior,0.58,0.65
6cc72538-9913-5c2e-b4de-9daf6cd88201,soup,11,no_share,high,posterior,0.36,0.75
6cc72538-9913-5c2e-b4de-9daf6cd88201,apples,12,no_share,low,prior,0.54,0.32
6cc72538-9913-5c2e-b4de-9daf6cd88201,apples,12,no_share,low,posterior,0.27,0.22
6cc72538-9913-5c2e-b4de-9daf6cd88201,cooking,13,low_risk_share,high,prior,0.66,0.81
6cc72538-9913-5c2e-b4de-9daf6cd88201,cooking,13,low_risk_share,high,posterior,0.23,0.19
6cc72538-9913-5c2e-b4de-9daf6cd88201,hike,14,high_risk_share,high,prior,0.53,0.74
6cc72538-9913-5c2e-b4de-9daf6cd88201,hike,14,high_risk_share,high,posterior,0.78,0.77
6cc72538-9913-5c2e-b4de-9daf6cd88201,takeout,15,high_risk_share,low,prior,0.43,0.68
6cc72538-9913-5c2e-b4de-9daf6cd88201,takeout,15,high_risk_share,low,posterior,0.51,0.9
36c59f8c-a130-5a91-8b3e-879a4c8b9398,drinks,0,low_risk_share,low,prior,0.78,1.0
36c59f8c-a130-5a91-8b3e-879a4c8b9398,drinks,0,low_risk_share,low,posterior,0.5,0.0
36c59f8c-a130-5a91-8b3e-879a4c8b9398,basketball,1,low_risk_share,high,prior,0.75,0.82
36c59f8c-a130-5a91-8b3e-879a4c8b9398,basketball,1,low_risk_share,high,posterior,0.56,0.0
36c59f8c-a130-5a91-8b3e-879a4c8b9398,cooking,2,high_risk_share,low,prior,0.71,0.9
36c59f8c-a130-5a91-8b3e-879a4c8b9398,cooking,2,high_risk_share,low,posterior,0.67,1.0
36c59f8c-a130-5a91-8b3e-879a4c8b9398,fair,3,low_risk_share,low,prior,0.68,0.83
36c59f8c-a130-5a91-8b3e-879a4c8b9398,fair,3,low_risk_share,low,posterior,0.51,0.06
36c59f8c-a130-5a91-8b3e-879a4c8b9398,social,4,no_share,high,prior,0.37,0.23
36c59f8c-a130-5a91-8b3e-879a4c8b9398,social,4,no_share,high,posterior,0.31,0.51
36c59f8c-a130-5a91-8b3e-879a4c8b9398,driving,5,no_share,low,prior,0.51,0.25
36c59f8c-a130-5a91-8b3e-879a4c8b9398,driving,5,no_share,low,posterior,0.72,0.51
36c59f8c-a130-5a91-8b3e-879a4c8b9398,oysters,6,low_risk_share,low,prior,0.79,0.13
36c59f8c-a130-5a91-8b3e-879a4c8b9398,oysters,6,low_risk_share,low,posterior,0.2,0.0
36c59f8c-a130-5a91-8b3e-879a4c8b9398,soup,7,low_risk_share,high,prior,0.81,0.88
36c59f8c-a130-5a91-8b3e-879a4c8b9398,soup,7,low_risk_share,high,posterior,0.49,0.06
36c59f8c-a130-5a91-8b3e-879a4c8b9398,apples,8,high_risk_share,high,prior,0.81,1.0
36c59f8c-a130-5a91-8b3e-879a4c8b9398,apples,8,high_risk_share,high,posterior,0.74,0.76
36c59f8c-a130-5a91-8b3e-879a4c8b9398,takeout,9,no_share,high,prior,0.19,0.49
36c59f8c-a130-5a91-8b3e-879a4c8b9398,takeout,9,no_share,high,posterior,0.12,1.0
36c59f8c-a130-5a91-8b3e-879a4c8b9398,hike,10,no_share,low,prior,0.56,0.19
36c59f8c-a130-5a91-8b3e-879a4c8b9398,hike,10,no_share,low,posterior,0.64,0.5
36c59f8c-a130-5a91-8b3e-879a4c8b9398,birthday,11,no_share,low,prior,0.22,0.22
36c59f8c-a130-5a91-8b3e-879a4c8b9398,birthday,11,no_share,low,posterior,0.2,0.88
36c59f8c-a130-5a91-8b3e-879a4c8b9398,brunch,12,high_risk_share,high,prior,0.78,0.17
36c59f8c-a130-5a91-8b3e-879a4c8b9398,brunch,12,high_risk_share,high,posterior,0.5,0.82
36c59f8c-a130-5a91-8b3e-879a4c8b9398,gala,13,high_risk_share,low,prior,0.51,0.73
36c59f8c-a130-5a91-8b3e-879a4c8b9398,gala,13,high_risk_share,low,posterior,0.71,0.78
36c59f8c-a130-5a91-8b3e-879a4c8b9398,wedding,14,low_risk_share,high,prior,0.63,0.82
36c59f8c-a130-5a91-8b3e-879a4c8b9398,wedding,14,low_risk_share,high,posterior,0.29,0.1
36c59f8c-a130-5a91-8b3e-879a4c8b9398,dip,15,high_risk_share,high,prior,0.49,0.19
36c59f8c-a130-5a91-8b3e-879a4c8b9398,dip,15,high_risk_share,high,posterior,0.77,0.78
0f22e5d1-0e21-589a-bf9f-42863d20c76d,basketball,0,no_share,low,prior,0.71,0.32
0f22e5d1-0e21-589a-bf9f-42863d20c76d,basketball,0,no_share,low,posterior,0.64,0.5
0f22e5d1-0e21-589a-bf9f-42863d20c76d,fair,1,no_share,low,prior,0.5,0.74
0f22e5d1-0e21-589a-bf9f-42863d20c76d,fair,1,no_share,low,posterior,0.4,0.84
0f22e5d1-0e21-589a-bf9f-42863d20c76d,cooking,2,low_risk_share,high,prior,0.46,0.29
0f22e5d1-0e21-589a-bf9f-42863d20c76d,cooking,2,low_risk_share,high,posterior,0.5,0.0
0f22e5d1-0e21-589a-bf9f-42863d20c76d,takeout,3,no_share,high,prior,0.63,0.64
0f22e5d1-0e21-589a-bf9f-42863d20c76d,takeout,3,no_share,high,posterior,0.5,0.5
0f22e5d1-0e21-589a-bf9f-42863d20c76d,gala,4,high_risk_share,low,prior,0.24,0.49
0f22e5d1-0e21-589a-bf9f-42863d20c76d,gala,4,high_risk_share,low,posterior,0.69,0.87
0f22e5d1-0e21-589a-bf9f-42863d20c76d,drinks,5,low_risk_share,low,prior,0.51,0.5
0f22e5d1-0e21-589a-bf9f-42863d20c76d,drinks,5,low_risk_share,low,posterior,0.39,0.0
0f22e5d1-0e21-589a-bf9f-42863d20c76d,driving,6,low_risk_share,high,prior,0.5,0.12
0f22e5d1-0e21-589a-bf9f-42863d20c76d,driving,6,low_risk_share,high,posterior,0.28,0.0
0f22e5d1-0e21-589a-bf9f-42863d20c76d,oysters,7,high_risk_share,high,prior,0.5,0.42
0f22e5d1-0e21-589a-bf9f-42863d20c76d,oysters,7,high_risk_share,high,posterior,0.8,0.5
0f22e5d1-0e21-589a-bf9f-42863d20c76d,brunch,8,high_risk_share,high,prior,0.5,0.67
0f22e5d1-0e21-589a-bf9f-42863d20c76d,brunch,8,high_risk_share,high,posterior,0.58,0.5
0f22e5d1-0e21-589a-bf9f-42863d20c76d,apples,9,high_risk_share,high,prior,0.5,0.32
0f22e5d1-0e21-589a-bf9f-42863d20c76d,apples,9,high_risk_share,high,posterior,0.79,0.36
0f22e5d1-0e21-589a-bf9f-42863d20c76d,dip,10,no_share,high,prior,0.5,0.28
0f22e5d1-0e21-589a-bf9f-42863d20c76d,dip,10,no_share,high,posterior,0.5,0.3
0f22e5d1-0e21-589a-bf9f-42863d20c76d,soup,11,no_share,low,prior,0.5,0.28
0f22e5d1-0e21-589a-bf9f-42863d20c76d,soup,11,no_share,low,posterior,0.5,0.32
0f22e5d1-0e21-589a-bf9f-42863d20c76d,social,12,low_risk_share,low,prior,0.5,0.37
0f22e5d1-0e21-589a-bf9f-42863d20c76d,social,12,low_risk_share,low,posterior,0.57,0.0
0f22e5d1-0e21-589a-bf9f-42863d20c76d,birthday,13,high_risk_share,low,prior,0.5,0.2
0f22e5d1-0e21-589a-bf9f-42863d20c76d,birthday,13,high_risk_share,low,posterior,0.87,0.2
0f22e5d1-0e21-589a-bf9f-42863d20c76d,wedding,14,low_risk_share,low,prior,0.5,0.29
0f22e5d1-0e21-589a-bf9f-42863d20c76d,wedding,14,low_risk_share,low,posterior,0.5,0.18
0f22e5d1-0e21-589a-bf9f-42863d20c76d,hike,15,low_risk_share,high,prior,0.5,0.19
0f22e5d1-0e21-589a-bf9f-42863d20c76d,hike,15,low_risk_share,high,posterior,0.45,0.06
695d6fb2-becf-58df-abe0-ee2579394755,fair,0,high_risk_share,high,prior,0.85,0.85
695d6fb2-becf-58df-abe0-ee2579394755,fair,0,high_risk_share,high,posterior,0.92,0.93
695d6fb2-becf-58df-abe0-ee2579394755,birthday,1,low_risk_share,low,prior,0.5,0.51
695d6fb2-becf-58df-abe0-ee2579394755,birthday,1,low_risk_share,low,posterior,0.66,0.33
695d6fb2-becf-58df-abe0-ee2579394755,gala,2,high_risk_share,low,prior,0.64,0.5
695d6fb2-becf-58df-abe0-ee2579394755,gala,2,high_risk_share,low,posterior,0.76,0.5
695d6fb2-becf-58df-abe0-ee2579394755,basketball,3,low_risk_share,high,prior,0.5,0.51
695d6fb2-becf-58df-abe0-ee2579394755,basketball,3,low_risk_share,high,posterior,0.5,0.28
695d6fb2-becf-58df-abe0-ee2579394755,driving,4,no_share,low,prior,0.5,0.5
695d6fb2-becf-58df-abe0-ee2579394755,driving,4,no_share,low,posterior,0.5,0.5
695d6fb2-becf-58df-abe0-ee2579394755,drinks,5,low_risk_share,high,prior,0.5,0.5
695d6fb2-becf-58df-abe0-ee2579394755,drinks,5,low_risk_share,high,posterior,0.5,0.26
695d6fb2-becf-58df-abe0-ee2579394755,hike,6,low_risk_share,high,prior,0.66,0.5
695d6fb2-becf-58df-abe0-ee2579394755,hike,6,low_risk_share,high,posterior,0.66,0.27
695d6fb2-becf-58df-abe0-ee2579394755,dip,7,high_risk_share,high,prior,0.64,0.45
695d6fb2-becf-58df-abe0-ee2579394755,dip,7,high_risk_share,high,posterior,0.91,0.58
695d6fb2-becf-58df-abe0-ee2579394755,oysters,8,no_share,high,prior,0.64,0.51
695d6fb2-becf-58df-abe0-ee2579394755,oysters,8,no_share,high,posterior,0.67,0.6
695d6fb2-becf-58df-abe0-ee2579394755,takeout,9,no_share,high,prior,0.5,0.67
695d6fb2-becf-58df-abe0-ee2579394755,takeout,9,no_share,high,posterior,0.5,0.81
695d6fb2-becf-58df-abe0-ee2579394755,wedding,10,high_risk_share,low,prior,0.76,0.5
695d6fb2-becf-58df-abe0-ee2579394755,wedding,10,high_risk_share,low,posterior,0.93,0.51
695d6fb2-becf-58df-abe0-ee2579394755,soup,11,low_risk_share,low,prior,0.79,0.5
695d6fb2-becf-58df-abe0-ee2579394755,soup,11,low_risk_share,low,posterior,0.78,0.2
695d6fb2-becf-58df-abe0-ee2579394755,brunch,12,no_share,low,prior,0.74,0.51
695d6fb2-becf-58df-abe0-ee2579394755,brunch,12,no_share,low,posterior,0.77,0.5
695d6fb2-becf-58df-abe0-ee2579394755,social,13,no_share,high,prior,0.78,0.5
695d6fb2-becf-58df-abe0-ee2579394755,social,13,no_share,high,posterior,0.82,0.5
695d6fb2-becf-58df-abe0-ee2579394755,apples,14,high_risk_share,low,prior,0.81,0.5
695d6fb2-becf-58df-abe0-ee2579394755,apples,14,high_risk_share,low,posterior,1.0,0.57
695d6fb2-becf-58df-abe0-ee2579394755,cooking,15,no_share,low,prior,0.73,0.51
695d6fb2-becf-58df-abe0-ee2579394755,cooking,15,no_share,low,posterior,0.78,0.5
e70104a1-8579-5d1a-ae62-f97e05235769,oysters,0,low_risk_share,low,prior,0.39,0.47
e70104a1-8579-5d1a-ae62-f97e05235769,oysters,0,low_risk_share,low,posterior,0.58,0.31
e70104a1-8579-5d1a-ae62-f97e05235769,takeout,1,no_share,high,prior,0.62,0.65
e70104a1-8579-5d1a-ae62-f97e05235769,takeout,1,no_share,high,posterior,0.35,0.4
e70104a1-8579-5d1a-ae62-f97e05235769,gala,2,high_risk_share,low,prior,0.58,0.6
e70104a1-8579-5d1a-ae62-f97e05235769,gala,2,high_risk_share,low,posterior,0.59,0.59
e70104a1-8579-5d1a-ae62-f97e05235769,drinks,3,high_risk_share,high,prior,0.6,0.59
e70104a1-8579-5d1a-ae62-f97e05235769,drinks,3,high_risk_share,high,posterior,0.75,0.7
e70104a1-8579-5d1a-ae62-f97e05235769,apples,4,high_risk_share,high,prior,0.67,0.35
e70104a1-8579-5d1a-ae62-f97e05235769,apples,4,high_risk_share,high,posterior,0.72,0.26
e70104a1-8579-5d1a-ae62-f97e05235769,soup,5,high_risk_share,low,prior,0.63,0.61
e70104a1-8579-5d1a-ae62-f97e05235769,soup,5,high_risk_share,low,posterior,0.81,0.77
e70104a1-8579-5d1a-ae62-f97e05235769,social,6,no_share,high,prior,0.61,0.36
e70104a1-8579-5d1a-ae62-f97e05235769,social,6,no_share,high,posterior,0.33,0.62
e70104a1-8579-5d1a-ae62-f97e05235769,fair,7,no_share,low,prior,0.67,0.39
e70104a1-8579-5d1a-ae62-f97e05235769,fair,7,no_share,low,posterior,0.36,0.39
e70104a1-8579-5d1a-ae62-f97e05235769,hike,8,high_risk_share,low,prior,0.67,0.36
e70104a1-8579-5d1a-ae62-f97e05235769,hike,8,high_risk_share,low,posterior,0.82,0.35
e70104a1-8579-5d1a-ae62-f97e05235769,cooking,9,low_risk_share,high,prior,0.67,0.37
e70104a1-8579-5d1a-ae62-f97e05235769,cooking,9,low_risk_share,high,posterior,0.38,0.36
e70104a1-8579-5d1a-ae62-f97e05235769,dip,10,no_share,low,prior,0.75,0.33
e70104a1-8579-5d1a-ae62-f97e05235769,dip,10,no_share,low,posterior,0.69,0.39
e70104a1-8579-5d1a-ae62-f97e05235769,basketball,11,low_risk_share,low,prior,0.63,0.35
e70104a1-8579-5d1a-ae62-f97e05235769,basketball,11,low_risk_share,low,posterior,0.7,0.13
e70104a1-8579-5d1a-ae62-f97e05235769,brunch,12,high_risk_share,high,prior,0.74,0.18
e70104a1-8579-5d1a-ae62-f97e05235769,brunch,12,high_risk_share,high,posterior,0.73,0.71
e70104a1-8579-5d1a-ae62-f97e05235769,driving,13,no_share,high,prior,0.7,0.34
e70104a1-8579-5d1a-ae62-f97e05235769,driving,13,no_share,high,posterior,0.75,0.71
e70104a1-8579-5d1a-ae62-f97e05235769,wedding,14,low_risk_share,low,prior,0.38,0.69
e70104a1-8579-5d1a-ae62-f97e05235769,wedding,14,low_risk_share,low,posterior,0.36,0.14
e70104a1-8579-5d1a-ae62-f97e05235769,birthday,15,low_risk_share,high,prior,0.94,0.27
e70104a1-8579-5d1a-ae62-f97e05235769,birthday,15,low_risk_share,high,posterior,0.89,0.14
b86d7d5b-0f05-57f8-8e95-efcba6073c63,drinks,0,no_share,high,prior,0.34,0.24
b86d7d5b-0f05-57f8-8e95-efcba6073c63,drinks,0,no_share,high,posterior,0.49,0.68
b86d7d5b-0f05-57f8-8e95-efcba6073c63,takeout,1,high_risk_share,low,prior,0.19,0.81
b86d7d5b-0f05-57f8-8e95-efcba6073c63,takeout,1,high_risk_share,low,posterior,0.62,1.0
b86d7d5b-0f05-57f8-8e95-efcba6073c63,brunch,2,high_risk_share,low,prior,0.6,0.51
b86d7d5b-0f05-57f8-8e95-efcba6073c63,brunch,2,high_risk_share,low,posterior,0.65,0.47
b86d7d5b-0f05-57f8-8e95-efcba6073c63,gala,3,high_risk_share,high,prior,0.85,0.2
b86d7d5b-0f05-57f8-8e95-efcba6073c63,gala,3,high_risk_share,high,posterior,0.93,0.28
b86d7d5b-0f05-57f8-8e95-efcba6073c63,oysters,4,low_risk_share,low,prior,0.58,0.41
b86d7d5b-0f05-57f8-8e95-efcba6073c63,oysters,4,low_risk_share,low,posterior,0.6,0.02
b86d7d5b-0f05-57f8-8e95-efcba6073c63,hike,5,low_risk_share,high,prior,0.82,0.24
b86d7d5b-0f05-57f8-8e95-efcba6073c63,hike,5,low_risk_share,high,posterior,0.72,0.23
b86d7d5b-0f05-57f8-8e95-efcba6073c63,birthday,6,low_risk_share,high,prior,0.23,0.12
b86d7d5b-0f05-57f8-8e95-efcba6073c63,birthday,6,low_risk_share,high,posterior,0.31,0.15
b86d7d5b-0f05-57f8-8e95-efcba6073c63,apples,7,no_share,high,prior,0.49,0.42
b86d7d5b-0f05-57f8-8e95-efcba6073c63,apples,7,no_share,high,posterior,0.49,0.48
b86d7d5b-0f05-57f8-8e95-efcba6073c63,wedding,8,high_risk_share,high,prior,0.57,0.21
b86d7d5b-0f05-57f8-8e95-efcba6073c63,wedding,8,high_risk_share,high,posterior,1.0,0.28
b86d7d5b-0f05-57f8-8e95-efcba6073c63,basketball,9,no_share,low,prior,0.56,0.44
b86d7d5b-0f05-57f8-8e95-efcba6073c63,basketball,9,no_share,low,posterior,0.28,0.45
b86d7d5b-0f05-57f8-8e95-efcba6073c63,dip,10,low_risk_share,high,prior,0.57,0.37
b86d7d5b-0f05-57f8-8e95-efcba6073c63,dip,10,low_risk_share,high,posterior,0.56,0.38
b86d7d5b-0f05-57f8-8e95-efcba6073c63,social,11,no_share,high,prior,0.6,0.45
b86d7d5b-0f05-57f8-8e95-efcba6073c63,social,11,no_share,high,posterior,0.42,0.34
b86d7d5b-0f05-57f8-8e95-efcba6073c63,fair,12,high_risk_share,low,prior,0.62,0.22
b86d7d5b-0f05-57f8-8e95-efcba6073c63,fair,12,high_risk_share,low,posterior,1.0,0.3
b86d7d5b-0f05-57f8-8e95-efcba6073c63,soup,13,low_risk_share,low,prior,0.47,0.34
b86d7d5b-0f05-57f8-8e95-efcba6073c63,soup,13,low_risk_share,low,posterior,0.4,0.28
b86d7d5b-0f05-57f8-8e95-efcba6073c63,driving,14,no_share,low,prior,0.64,0.26
b86d7d5b-0f05-57f8-8e95-efcba6073c63,driving,14,no_share,low,posterior,0.62,0.28
b86d7d5b-0f05-57f8-8e95-efcba6073c63,cooking,15,no_share,low,prior,0.45,0.25
b86d7d5b-0f05-57f8-8e95-efcba6073c63,cooking,15,no_share,low,posterior,0.49,0.24
b7543ca5-4bfd-5505-b729-ac30448e371e,social,0,high_risk_share,low,prior,0.73,0.17
b7543ca5-4bfd-5505-b729-ac30448e371e,social,0,high_risk_share,low,posterior,1.0,0.28
b7543ca5-4bfd-5505-b729-ac30448e371e,oysters,1,no_share,high,prior,0.57,0.47
b7543ca5-4bfd-5505-b729-ac30448e371e,oysters,1,no_share,high,posterior,0.47,0.48
b7543ca5-4bfd-5505-b729-ac30448e371e,dip,2,no_share,high,prior,0.55,0.18
b7543ca5-4bfd-5505-b729-ac30448e371e,dip,2,no_share,high,posterior,0.5,0.21
b7543ca5-4bfd-5505-b729-ac30448e371e,brunch,3,low_risk_share,high,prior,0.63,0.49
b7543ca5-4bfd-5505-b729-ac30448e371e,brunch,3,low_risk_share,high,posterior,0.61,0.12
b7543ca5-4bfd-5505-b729-ac30448e371e,wedding,4,low_risk_share,low,prior,0.42,0.54
b7543ca5-4bfd-5505-b729-ac30448e371e,wedding,4,low_risk_share,low,posterior,0.56,0.2
b7543ca5-4bfd-5505-b729-ac30448e371e,driving,5,high_risk_share,high,prior,0.75,0.18
b7543ca5-4bfd-5505-b729-ac30448e371e,driving,5,high_risk_share,high,posterior,0.9,0.76
b7543ca5-4bfd-5505-b729-ac30448e371e,cooking,6,no_share,high,prior,0.82,0.12
b7543ca5-4bfd-5505-b729-ac30448e371e,cooking,6,no_share,high,posterior,0.84,0.49
b7543ca5-4bfd-5505-b729-ac30448e371e,basketball,7,high_risk_share,low,prior,0.76,0.12
b7543ca5-4bfd-5505-b729-ac30448e371e,basketball,7,high_risk_share,low,posterior,1.0,0.09
b7543ca5-4bfd-5505-b729-ac30448e371e,hike,8,no_share,low,prior,0.72,0.45
b7543ca5-4bfd-5505-b729-ac30448e371e,hike,8,no_share,low,posterior,0.63,0.47
b7543ca5-4bfd-5505-b729-ac30448e371e,birthday,9,high_risk_share,high,prior,0.48,0.5
b7543ca5-4bfd-5505-b729-ac30448e371e,birthday,9,high_risk_share,high,posterior,1.0,0.77
b7543ca5-4bfd-5505-b729-ac30448e371e,apples,10,low_risk_share,high,prior,0.48,0.63
b7543ca5-4bfd-5505-b729-ac30448e371e,apples,10,low_risk_share,high,posterior,0.49,0.03
b7543ca5-4bfd-5505-b729-ac30448e371e,drinks,11,low_risk_share,low,prior,0.5,0.5
b7543ca5-4bfd-5505-b729-ac30448e371e,drinks,11,low_risk_share,low,posterior,0.61,0.01
b7543ca5-4bfd-5505-b729-ac30448e371e,gala,12,no_share,low,prior,0.48,0.38
b7543ca5-4bfd-5505-b729-ac30448e371e,gala,12,no_share,low,posterior,0.49,0.49
b7543ca5-4bfd-5505-b729-ac30448e371e,takeout,13,high_risk_share,low,prior,0.58,0.75
b7543ca5-4bfd-5505-b729-ac30448e371e,takeout,13,high_risk_share,low,posterior,0.8,0.98
b7543ca5-4bfd-5505-b729-ac30448e371e,fair,14,low_risk_share,high,prior,0.74,0.74
b7543ca5-4bfd-5505-b729-ac30448e371e,fair,14,low_risk_share,high,posterior,0.54,0.01
b7543ca5-4bfd-5505-b729-ac30448e371e,soup,15,no_share,low,prior,0.65,0.51
b7543ca5-4bfd-5505-b729-ac30448e371e,soup,15,no_share,low,posterior,0.62,0.49
fa26bb15-1bfe-5cba-bfe8-998eb46fd54f,gala,0,high_risk_share,high,prior,0.66,0.81
fa26bb15-1bfe-5cba-bfe8-998eb46fd54f,gala,0,high_risk_share,high,posterior,0.68,0.26
fa26bb15-1bfe-5cba-bfe8-998eb46fd54f,soup,1,high_risk_share,high,prior,0.77,0.24
fa26bb15-1bfe-5cba-bfe8-998eb46fd54f,soup,1,high_risk_share,high,posterior,0.71,0.14
fa26bb15-1bfe-5cba-bfe8-998eb46fd54f,apples,2,low_risk_share,high,prior,0.23,0.79
fa26bb15-1bfe-5cba-bfe8-998eb46fd54f,apples,2,low_risk_share,high,posterior,0.1,0.13
fa26bb15-1bfe-5cba-bfe8-998eb46fd54f,fair,3,low_risk_share,low,prior,0.16,0.17
fa26bb15-1bfe-5cba-bfe8-998eb46fd54f,fair,3,low_risk_share,low,posterior,0.13,0.12
fa26bb15-1bfe-5cba-bfe8-998eb46fd54f,social,4,low_risk_share,low,prior,0.11,0.91
fa26bb15-1bfe-5cba-bfe8-998eb46fd54f,social,4,low_risk_share,low,posterior,0.17,0.89
fa26bb15-1bfe-5cba-bfe8-998eb46fd54f,driving,5,no_share,low,prior,0.17,0.91
fa26bb15-1bfe-5cba-bfe8-998eb46fd54f,driving,5,no_share,low,posterior,0.2,0.76
fa26bb15-1bfe-5cba-bfe8-998eb46fd54f,cooking,6,high_risk_share,high,prior,0.6,0.62
fa26bb15-1bfe-5cba-bfe8-998eb46fd54f,cooking,6,high_risk_share,high,posterior,0.65,0.77
fa26bb15-1bfe-5cba-bfe8-998eb46fd54f,takeout,7,low_risk_share,low,prior,0.21,0.82
fa26bb15-1bfe-5cba-bfe8-998eb46fd54f,takeout,7,low_risk_share,low,posterior,0.3,0.64
fa26bb15-1bfe-5cba-bfe8-998eb46fd54f,hike,8,low_risk_share,high,prior,0.14,0.76
fa26bb15-1bfe-5cba-bfe8-998eb46fd54f,hike,8,low_risk_share,high,posterior,0.34,0.25
fa26bb15-1bfe-5cba-bfe8-998eb46fd54f,drinks,9,no_share,high,prior,0.66,0.22
fa26bb15-1bfe-5cba-bfe8-998eb46fd54f,drinks,9,no_share,high,posterior,0.64,0.72
fa26bb15-1bfe-5cba-bfe8-998eb46fd54f,oysters,10,no_share,low,prior,0.69,0.71
fa26bb15-1bfe-5cba-bfe8-998eb46fd54f,oysters,10,no_share,low,posterior,0.58,0.87
fa26bb15-1bfe-5cba-bfe8-998eb46fd54f,brunch,11,no_share,low,prior,0.2,0.73
fa26bb15-1bfe-5cba-bfe8-998eb46fd54f,brunch,11,no_share,low,posterior,0.31,0.62
fa26bb15-1bfe-5cba-bfe8-998eb46fd54f,basketball,12,low_risk_share,high,prior,0.31,0.65
fa26bb15-1bfe-5cba-bfe8-998eb46fd54f,basketball,12,low_risk_share,high,posterior,0.2,0.34
fa26bb15-1bfe-5cba-bfe8-998eb46fd54f,wedding,13,no_share,high,prior,0.79,0.28
fa26bb15-1bfe-5cba-bfe8-998eb46fd54f,wedding,13,no_share,high,posterior,0.67,0.84
fa26bb15-1bfe-5cba-bfe8-998eb46fd54f,birthday,14,high_risk_share,low,prior,0.55,0.6
fa26bb15-1bfe-5cba-bfe8-998eb46fd54f,birthday,14,high_risk_share,low,posterior,0.36,0.65
fa26bb15-1bfe-5cba-bfe8-998eb46fd54f,dip,15,high_risk_share,low,prior,0.64,0.73
fa26bb15-1bfe-5cba-bfe8-998eb46fd54f,dip,15,high_risk_share,low,posterior,0.38,0.67
663f8323-415f-5bbe-acb4-63db93f0294d,oysters,0,high_risk_share,high,prior,0.79,0.35
663f8323-415f-5bbe-acb4-63db93f0294d,oysters,0,high_risk_share,high,posterior,1.0,0.35
663f8323-415f-5bbe-acb4-63db93f0294d,driving,1,low_risk_share,low,prior,0.5,0.17
663f8323-415f-5bbe-acb4-63db93f0294d,driving,1,low_risk_share,low,posterior,0.62,0.0
663f8323-415f-5bbe-acb4-63db93f0294d,brunch,2,no_share,low,prior,0.77,0.79
663f8323-415f-5bbe-acb4-63db93f0294d,brunch,2,no_share,low,posterior,0.75,0.76
663f8323-415f-5bbe-acb4-63db93f0294d,hike,3,high_risk_share,high,prior,0.81,0.21
663f8323-415f-5bbe-acb4-63db93f0294d,hike,3,high_risk_share,high,posterior,0.76,0.8
663f8323-415f-5bbe-acb4-63db93f0294d,basketball,4,no_share,high,prior,0.77,0.2
663f8323-415f-5bbe-acb4-63db93f0294d,basketball,4,no_share,high,posterior,0.79,0.15
663f8323-415f-5bbe-acb4-63db93f0294d,fair,5,no_share,low,prior,0.8,0.5
663f8323-415f-5bbe-acb4-63db93f0294d,fair,5,no_share,low,posterior,0.69,0.5
663f8323-415f-5bbe-acb4-63db93f0294d,apples,6,low_risk_share,low,prior,0.78,0.18
663f8323-415f-5bbe-acb4-63db93f0294d,apples,6,low_risk_share,low,posterior,0.75,0.02
663f8323-415f-5bbe-acb4-63db93f0294d,soup,7,low_risk_share,high,prior,0.74,0.49
663f8323-415f-5bbe-acb4-63db93f0294d,soup,7,low_risk_share,high,posterior,0.63,0.05
663f8323-415f-5bbe-acb4-63db93f0294d,drinks,8,low_risk_share,high,prior,0.67,0.49
663f8323-415f-5bbe-acb4-63db93f0294d,drinks,8,low_risk_share,high,posterior,0.69,0.19
663f8323-415f-5bbe-acb4-63db93f0294d,social,9,no_share,high,prior,0.72,0.5
663f8323-415f-5bbe-acb4-63db93f0294d,social,9,no_share,high,posterior,0.71,0.75
663f8323-415f-5bbe-acb4-63db93f0294d,cooking,10,no_share,high,prior,0.76,0.22
663f8323-415f-5bbe-acb4-63db93f0294d,cooking,10,no_share,high,posterior,0.79,0.64
663f8323-415f-5bbe-acb4-63db93f0294d,dip,11,no_share,low,prior,0.79,0.17
663f8323-415f-5bbe-acb4-63db93f0294d,dip,11,no_share,low,posterior,0.77,0.19
663f8323-415f-5bbe-acb4-63db93f0294d,wedding,12,high_risk_share,low,prior,0.71,0.23
663f8323-415f-5bbe-acb4-63db93f0294d,wedding,12,high_risk_share,low,posterior,1.0,0.0
663f8323-415f-5bbe-acb4-63db93f0294d,takeout,13,low_risk_share,high,prior,0.6,0.93
663f8323-415f-5bbe-acb4-63db93f0294d,takeout,13,low_risk_share,high,posterior,0.57,0.76
663f8323-415f-5bbe-acb4-63db93f0294d,gala,14,high_risk_share,low,prior,0.73,0.34
663f8323-415f-5bbe-acb4-63db93f0294d,gala,14,high_risk_share,low,posterior,0.92,0.29
663f8323-415f-5bbe-acb4-63db93f0294d,birthday,15,high_risk_share,low,prior,0.69,0.04
663f8323-415f-5bbe-acb4-63db93f0294d,birthday,15,high_risk_share,low,posterior,1.0,0.08
ada90494-906d-5895-aac2-42c2ac8ab1fd,fair,0,low_risk_share,high,prior,1.0,0.0
ada90494-906d-5895-aac2-42c2ac8ab1fd,fair,0,low_risk_share,high,posterior,0.99,0.04
ada90494-906d-5895-aac2-42c2ac8ab1fd,driving,1,no_share,high,prior,1.0,0.0
ada90494-906d-5895-aac2-42c2ac8ab1fd,driving,1,no_share,high,posterior,0.97,0.03
ada90494-906d-5895-aac2-42c2ac8ab1fd,drinks,2,no_share,high,prior,0.97,0.11
ada90494-906d-5895-aac2-42c2ac8ab1fd,drinks,2,no_share,high,posterior,0.99,0.1
ada90494-906d-5895-aac2-42c2ac8ab1fd,takeout,3,no_share,low,prior,1.0,0.02
ada90494-906d-5895-aac2-42c2ac8ab1fd,takeout,3,no_share,low,posterior,0.99,0.01
ada90494-906d-5895-aac2-42c2ac8ab1fd,basketball,4,high_risk_share,low,prior,1.0,0.06
ada90494-906d-5895-aac2-42c2ac8ab1fd,basketball,4,high_risk_share,low,posterior,0.99,0.05
ada90494-906d-5895-aac2-42c2ac8ab1fd,brunch,5,high_risk_share,high,prior,0.97,0.13
ada90494-906d-5895-aac2-42c2ac8ab1fd,brunch,5,high_risk_share,high,posterior,0.98,0.06
ada90494-906d-5895-aac2-42c2ac8ab1fd,birthday,6,high_risk_share,low,prior,0.93,0.15
ada90494-906d-5895-aac2-42c2ac8ab1fd,birthday,6,high_risk_share,low,posterior,1.0,0.24
ada90494-906d-5895-aac2-42c2ac8ab1fd,cooking,7,low_risk_share,high,prior,0.94,0.2
ada90494-906d-5895-aac2-42c2ac8ab1fd,cooking,7,low_risk_share,high,posterior,0.77,0.36
ada90494-906d-5895-aac2-42c2ac8ab1fd,hike,8,low_risk_share,low,prior,0.34,0.73
ada90494-906d-5895-aac2-42c2ac8ab1fd,hike,8,low_risk_share,low,posterior,0.84,0.36
ada90494-906d-5895-aac2-42c2ac8ab1fd,apples,9,no_share,low,prior,0.98,0.05
ada90494-906d-5895-aac2-42c2ac8ab1fd,apples,9,no_share,low,posterior,0.95,0.1
ada90494-906d-5895-aac2-42c2ac8ab1fd,oysters,10,low_risk_share,low,prior,0.84,0.0
ada90494-906d-5895-aac2-42c2ac8ab1fd,oysters,10,low_risk_share,low,posterior,0.63,0.29
ada90494-906d-5895-aac2-42c2ac8ab1fd,wedding,11,no_share,low,prior,0.91,0.21
ada90494-906d-5895-aac2-42c2ac8ab1fd,wedding,11,no_share,low,posterior,0.99,0.05
ada90494-906d-5895-aac2-42c2ac8ab1fd,dip,12,low_risk_share,high,prior,0.89,0.27
ada90494-906d-5895-aac2-42c2ac8ab1fd,dip,12,low_risk_share,high,posterior,0.96,0.15
ada90494-906d-5895-aac2-42c2ac8ab1fd,soup,13,high_risk_share,high,prior,0.94,0.12
ada90494-906d-5895-aac2-42c2ac8ab1fd,soup,13,high_risk_share,high,posterior,0.93,0.12
ada90494-906d-5895-aac2-42c2ac8ab1fd,gala,14,high_risk_share,high,prior,1.0,0.02
ada90494-906d-5895-aac2-42c2ac8ab1fd,gala,14,high_risk_share,high,posterior,0.9,0.24
ada90494-906d-5895-aac2-42c2ac8ab1fd,social,15,low_risk_share,low,prior,0.93,0.09
ada90494-906d-5895-aac2-42c2ac8ab1fd,social,15,low_risk_share,low,posterior,0.96,0.09
c7ba14dd-3504-5a92-bc3a-1c43c52540ad,driving,0,low_risk_share,low,prior,0.28,0.21
c7ba14dd-3504-5a92-bc3a-1c43c52540ad,driving,0,low_risk_share,low,posterior,0.33,0.0
c7ba14dd-3504-5a92-bc3a-1c43c52540ad,social,1,no_share,high,prior,0.78,0.0
c7ba14dd-3504-5a92-bc3a-1c43c52540ad,social,1,no_share,high,posterior,0.01,1.0
c7ba14dd-3504-5a92-bc3a-1c43c52540ad,gala,2,high_risk_share,low,prior,0.09,0.89
c7ba14dd-3504-5a92-bc3a-1c43c52540ad,gala,2,high_risk_share,low,posterior,0.83,0.95
c7ba14dd-3504-5a92-bc3a-1c43c52540ad,brunch,3,low_risk_share,high,prior,0.73,0.14
c7ba14dd-3504-5a92-bc3a-1c43c52540ad,brunch,3,low_risk_share,high,posterior,0.27,0.0
c7ba14dd-3504-5a92-bc3a-1c43c52540ad,dip,4,high_risk_share,high,prior,0.78,1.0
c7ba14dd-3504-5a92-bc3a-1c43c52540ad,dip,4,high_risk_share,high,posterior,1.0,1.0
c7ba14dd-3504-5a92-bc3a-1c43c52540ad,apples,5,high_risk_share,high,prior,0.69,1.0
c7ba14dd-3504-5a92-bc3a-1c43c52540ad,apples,5,high_risk_share,high,posterior,1.0,1.0
c7ba14dd-3504-5a92-bc3a-1c43c52540ad,wedding,6,low_risk_share,low,prior,0.0,1.0
c7ba14dd-3504-5a92-bc3a-1c43c52540ad,wedding,6,low_risk_share,low,posterior,0.74,0.0
c7ba14dd-3504-5a92-bc3a-1c43c52540ad,hike,7,no_share,high,prior,0.82,0.02
c7ba14dd-3504-5a92-bc3a-1c43c52540ad,hike,7,no_share,high,posterior,0.23,1.0
c7ba14dd-3504-5a92-bc3a-1c43c52540ad,birthday,8,high_risk_share,high,prior,0.75,1.0
c7ba14dd-3504-5a92-bc3a-1c43c52540ad,birthday,8,high_risk_share,high,posterior,1.0,1.0
c7ba14dd-3504-5a92-bc3a-1c43c52540ad,drinks,9,low_risk_share,high,prior,0.78,0.0
c7ba14dd-3504-5a92-bc3a-1c43c52540ad,drinks,9,low_risk_share,high,posterior,0.5,0.0
c7ba14dd-3504-5a92-bc3a-1c43c52540ad,cooking,10,low_risk_share,high,prior,1.0,1.0
c7ba14dd-3504-5a92-bc3a-1c43c52540ad,cooking,10,low_risk_share,high,posterior,0.84,0.0
c7ba14dd-3504-5a92-bc3a-1c43c52540ad,fair,11,no_share,low,prior,0.78,1.0
c7ba14dd-3504-5a92-bc3a-1c43c52540ad,fair,11,no_share,low,posterior,0.5,1.0
c7ba14dd-3504-5a92-bc3a-1c43c52540ad,soup,12,high_risk_share,low,prior,0.69,0.0
c7ba14dd-3504-5a92-bc3a-1c43c52540ad,soup,12,high_risk_share,low,posterior,1.0,1.0
c7ba14dd-3504-5a92-bc3a-1c43c52540ad,basketball,13,no_share,low,prior,0.79,0.0
c7ba14dd-3504-5a92-bc3a-1c43c52540ad,basketball,13,no_share,low,posterior,0.48,1.0
c7ba14dd-3504-5a92-bc3a-1c43c52540ad,oysters,14,low_risk_share,low,prior,0.49,0.0
c7ba14dd-3504-5a92-bc3a-1c43c52540ad,oysters,14,low_risk_share,low,posterior,0.31,0.0
c7ba14dd-3504-5a92-bc3a-1c43c52540ad,takeout,15,no_share,low,prior,0.74,1.0
c7ba14dd-3504-5a92-bc3a-1c43c52540ad,takeout,15,no_share,low,posterior,0.17,0.0
4b5dc9c7-88bf-55cb-b8dc-23338bdf00ad,cooking,0,no_share,low,prior,1.0,0.09
4b5dc9c7-88bf-55cb-b8dc-23338bdf00ad,cooking,0,no_share,low,posterior,0.72,0.72
4b5dc9c7-88bf-55cb-b8dc-23338bdf00ad,drinks,1,no_share,high,prior,0.38,0.76
4b5dc9c7-88bf-55cb-b8dc-23338bdf00ad,drinks,1,no_share,high,posterior,0.36,0.73
4b5dc9c7-88bf-55cb-b8dc-23338bdf00ad,wedding,2,low_risk_share,high,prior,0.49,0.25
4b5dc9c7-88bf-55cb-b8dc-23338bdf00ad,wedding,2,low_risk_share,high,posterior,0.72,0.02
4b5dc9c7-88bf-55cb-b8dc-23338bdf00ad,birthday,3,low_risk_share,low,prior,0.7,0.77
4b5dc9c7-88bf-55cb-b8dc-23338bdf00ad,birthday,3,low_risk_share,low,posterior,0.7,0.0
4b5dc9c7-88bf-55cb-b8dc-23338bdf00ad,fair,4,high_risk_share,high,prior,0.69,0.48
4b5dc9c7-88bf-55cb-b8dc-23338bdf00ad,fair,4,high_risk_share,high,posterior,0.8,1.0
4b5dc9c7-88bf-55cb-b8dc-23338bdf00ad,social,5,no_share,low,prior,0.67,0.92
4b5dc9c7-88bf-55cb-b8dc-23338bdf00ad,social,5,no_share,low,posterior,0.67,1.0
4b5dc9c7-88bf-55cb-b8dc-23338bdf00ad,soup,6,high_risk_share,low,prior,0.49,0.58
4b5dc9c7-88bf-55cb-b8dc-23338bdf00ad,soup,6,high_risk_share,low,posterior,0.84,0.49
4b5dc9c7-88bf-55cb-b8dc-23338bdf00ad,driving,7,low_risk_share,high,prior,0.74,0.31
4b5dc9c7-88bf-55cb-b8dc-23338bdf00ad,driving,7,low_risk_share,high,posterior,0.65,0.03
4b5dc9c7-88bf-55cb-b8dc-23338bdf00ad,takeout,8,low_risk_share,low,prior,0.41,0.98
4b5dc9c7-88bf-55cb-b8dc-23338bdf00ad,takeout,8,low_risk_share,low,posterior,0.17,0.04
4b5dc9c7-88bf-55cb-b8dc-23338bdf00ad,gala,9,no_share,high,prior,0.77,0.25
4b5dc9c7-88bf-55cb-b8dc-23338bdf00ad,gala,9,no_share,high,posterior,0.21,0.49
4b5dc9c7-88bf-55cb-b8dc-23338bdf00ad,hike,10,low_risk_share,low,prior,0.68,0.21
4b5dc9c7-88bf-55cb-b8dc-23338bdf00ad,hike,10,low_risk_share,low,posterior,0.71,0.06
4b5dc9c7-88bf-55cb-b8dc-23338bdf00ad,basketball,11,high_risk_share,high,prior,0.65,0.34
4b5dc9c7-88bf-55cb-b8dc-23338bdf00ad,basketball,11,high_risk_share,high,posterior,0.76,0.73
4b5dc9c7-88bf-55cb-b8dc-23338bdf00ad,oysters,12,low_risk_share,high,prior,0.6,0.47
4b5dc9c7-88bf-55cb-b8dc-23338bdf00ad,oysters,12,low_risk_share,high,posterior,0.25,0.22
4b5dc9c7-88bf-55cb-b8dc-23338bdf00ad,dip,13,high_risk_share,high,prior,0.69,0.3
4b5dc9c7-88bf-55cb-b8dc-23338bdf00ad,dip,13,high_risk_share,high,posterior,0.69,0.25
4b5dc9c7-88bf-55cb-b8dc-23338bdf00ad,apples,14,high_risk_share,low,prior,0.68,0.4
4b5dc9c7-88bf-55cb-b8dc-23338bdf00ad,apples,14,high_risk_share,low,posterior,0.84,0.83
4b5dc9c7-88bf-55cb-b8dc-23338bdf00ad,brunch,15,no_share,low,prior,0.62,0.83
4b5dc9c7-88bf-55cb-b8dc-23338bdf00ad,brunch,15,no_share,low,posterior,0.72,0.84
0cd843b5-741f-566c-adb2-7e71af43df8b,dip,0,high_risk_share,high,prior,0.89,0.1
0cd843b5-741f-566c-adb2-7e71af43df8b,dip,0,high_risk_share,high,posterior,0.95,0.05
0cd843b5-741f-566c-adb2-7e71af43df8b,driving,1,high_risk_share,low,prior,0.89,0.49
0cd843b5-741f-566c-adb2-7e71af43df8b,driving,1,high_risk_share,low,posterior,0.97,0.94
0cd843b5-741f-566c-adb2-7e71af43df8b,wedding,2,no_share,high,prior,0.94,0.86
0cd843b5-741f-566c-adb2-7e71af43df8b,wedding,2,no_share,high,posterior,0.92,0.92
0cd843b5-741f-566c-adb2-7e71af43df8b,cooking,3,no_share,high,prior,0.91,0.09
0cd843b5-741f-566c-adb2-7e71af43df8b,cooking,3,no_share,high,posterior,0.94,0.1
0cd843b5-741f-566c-adb2-7e71af43df8b,oysters,4,low_risk_share,low,prior,0.91,0.48
0cd843b5-741f-566c-adb2-7e71af43df8b,oysters,4,low_risk_share,low,posterior,0.97,0.49
0cd843b5-741f-566c-adb2-7e71af43df8b,hike,5,no_share,low,prior,0.87,0.5
0cd843b5-741f-566c-adb2-7e71af43df8b,hike,5,no_share,low,posterior,0.89,0.5
0cd843b5-741f-566c-adb2-7e71af43df8b,fair,6,high_risk_share,high,prior,0.92,0.49
0cd843b5-741f-566c-adb2-7e71af43df8b,fair,6,high_risk_share,high,posterior,0.95,0.5
0cd843b5-741f-566c-adb2-7e71af43df8b,soup,7,low_risk_share,high,prior,0.94,0.5
0cd843b5-741f-566c-adb2-7e71af43df8b,soup,7,low_risk_share,high,posterior,0.92,0.03
0cd843b5-741f-566c-adb2-7e71af43df8b,takeout,8,low_risk_share,high,prior,0.95,0.91
0cd843b5-741f-566c-adb2-7e71af43df8b,takeout,8,low_risk_share,high,posterior,0.72,0.02
0cd843b5-741f-566c-adb2-7e71af43df8b,gala,9,no_share,low,prior,0.66,0.11
0cd843b5-741f-566c-adb2-7e71af43df8b,gala,9,no_share,low,posterior,0.72,0.18
0cd843b5-741f-566c-adb2-7e71af43df8b,apples,10,low_risk_share,low,prior,0.79,0.75
0cd843b5-741f-566c-adb2-7e71af43df8b,apples,10,low_risk_share,low,posterior,0.78,0.11
0cd843b5-741f-566c-adb2-7e71af43df8b,drinks,11,no_share,high,prior,0.81,0.13
0cd843b5-741f-566c-adb2-7e71af43df8b,drinks,11,no_share,high,posterior,0.79,0.16
0cd843b5-741f-566c-adb2-7e71af43df8b,basketball,12,high_risk_share,high,prior,0.83,0.5
0cd843b5-741f-566c-adb2-7e71af43df8b,basketball,12,high_risk_share,high,posterior,0.96,0.5
0cd843b5-741f-566c-adb2-7e71af43df8b,social,13,high_risk_share,low,prior,0.79,0.48
0cd843b5-741f-566c-adb2-7e71af43df8b,social,13,high_risk_share,low,posterior,0.96,0.5
0cd843b5-741f-566c-adb2-7e71af43df8b,birthday,14,low_risk_share,low,prior,0.89,0.11
0cd843b5-741f-566c-adb2-7e71af43df8b,birthday,14,low_risk_share,low,posterior,0.95,0.03
0cd843b5-741f-566c-adb2-7e71af43df8b,brunch,15,high_risk_share,low,prior,0.73,0.49
0cd843b5-741f-566c-adb2-7e71af43df8b,brunch,15,high_risk_share,low,posterior,0.96,0.49
9feffae7-6885-5635-a4c8-0a4c8f6a7e32,apples,0,no_share,low,prior,0.6,0.18
9feffae7-6885-5635-a4c8-0a4c8f6a7e32,apples,0,no_share,low,posterior,0.79,0.15
9feffae7-6885-5635-a4c8-0a4c8f6a7e32,social,1,low_risk_share,low,prior,0.4,0.78
9feffae7-6885-5635-a4c8-0a4c8f6a7e32,social,1,low_risk_share,low,posterior,0.17,0.05
9feffae7-6885-5635-a4c8-0a4c8f6a7e32,wedding,2,high_risk_share,low,prior,0.63,0.49
9feffae7-6885-5635-a4c8-0a4c8f6a7e32,wedding,2,high_risk_share,low,posterior,0.97,0.44
9feffae7-6885-5635-a4c8-0a4c8f6a7e32,driving,3,no_share,high,prior,0.85,0.83
9feffae7-6885-5635-a4c8-0a4c8f6a7e32,driving,3,no_share,high,posterior,0.98,0.92
9feffae7-6885-5635-a4c8-0a4c8f6a7e32,birthday,4,high_risk_share,high,prior,0.36,0.23
9feffae7-6885-5635-a4c8-0a4c8f6a7e32,birthday,4,high_risk_share,high,posterior,0.87,0.92
9feffae7-6885-5635-a4c8-0a4c8f6a7e32,hike,5,no_share,low,prior,0.62,0.35
9feffae7-6885-5635-a4c8-0a4c8f6a7e32,hike,5,no_share,low,posterior,0.55,0.57
9feffae7-6885-5635-a4c8-0a4c8f6a7e32,basketball,6,low_risk_share,high,prior,0.54,0.55
9feffae7-6885-5635-a4c8-0a4c8f6a7e32,basketball,6,low_risk_share,high,posterior,0.54,0.27
9feffae7-6885-5635-a4c8-0a4c8f6a7e32,drinks,7,no_share,low,prior,0.61,0.71
9feffae7-6885-5635-a4c8-0a4c8f6a7e32,drinks,7,no_share,low,posterior,0.56,0.41
9feffae7-6885-5635-a4c8-0a4c8f6a7e32,fair,8,high_risk_share,high,prior,0.61,1.0
9feffae7-6885-5635-a4c8-0a4c8f6a7e32,fair,8,high_risk_share,high,posterior,0.69,1.0
9feffae7-6885-5635-a4c8-0a4c8f6a7e32,takeout,9,low_risk_share,low,prior,0.11,0.77
9feffae7-6885-5635-a4c8-0a4c8f6a7e32,takeout,9,low_risk_share,low,posterior,0.05,0.14
9feffae7-6885-5635-a4c8-0a4c8f6a7e32,oysters,10,low_risk_share,high,prior,0.38,0.38
9feffae7-6885-5635-a4c8-0a4c8f6a7e32,oysters,10,low_risk_share,high,posterior,0.13,0.07
9feffae7-6885-5635-a4c8-0a4c8f6a7e32,cooking,11,no_share,high,prior,0.71,0.91
9feffae7-6885-5635-a4c8-0a4c8f6a7e32,cooking,11,no_share,high,posterior,0.67,1.0
9feffae7-6885-5635-a4c8-0a4c8f6a7e32,gala,12,low_risk_share,high,prior,0.6,0.01
9feffae7-6885-5635-a4c8-0a4c8f6a7e32,gala,12,low_risk_share,high,posterior,0.43,0.01
9feffae7-6885-5635-a4c8-0a4c8f6a7e32,dip,13,high_risk_share,low,prior,0.75,0.63
9feffae7-6885-5635-a4c8-0a4c8f6a7e32,dip,13,high_risk_share,low,posterior,0.91,0.94
9feffae7-6885-5635-a4c8-0a4c8f6a7e32,brunch,14,no_share,high,prior,0.45,0.43
9feffae7-6885-5635-a4c8-0a4c8f6a7e32,brunch,14,no_share,high,posterior,0.06,0.56
9feffae7-6885-5635-a4c8-0a4c8f6a7e32,soup,15,high_risk_share,low,prior,0.34,0.46
9feffae7-6885-5635-a4c8-0a4c8f6a7e32,soup,15,high_risk_share,low,posterior,0.89,0.41
748f72f9-4e8c-51f5-92ca-e48adf02beb3,soup,0,no_share,high,prior,0.77,0.48
748f72f9-4e8c-51f5-92ca-e48adf02beb3,soup,0,no_share,high,posterior,0.5,1.0
748f72f9-4e8c-51f5-92ca-e48adf02beb3,basketball,1,no_share,high,prior,0.7,0.49
748f72f9-4e8c-51f5-92ca-e48adf02beb3,basketball,1,no_share,high,posterior,0.56,0.93
748f72f9-4e8c-51f5-92ca-e48adf02beb3,hike,2,low_risk_share,low,prior,1.0,0.5
748f72f9-4e8c-51f5-92ca-e48adf02beb3,hike,2,low_risk_share,low,posterior,1.0,0.0
748f72f9-4e8c-51f5-92ca-e48adf02beb3,wedding,3,low_risk_share,low,prior,0.5,0.5
748f72f9-4e8c-51f5-92ca-e48adf02beb3,wedding,3,low_risk_share,low,posterior,0.51,0.51
748f72f9-4e8c-51f5-92ca-e48adf02beb3,oysters,4,high_risk_share,low,prior,0.5,0.5
748f72f9-4e8c-51f5-92ca-e48adf02beb3,oysters,4,high_risk_share,low,posterior,1.0,1.0
748f72f9-4e8c-51f5-92ca-e48adf02beb3,driving,5,low_risk_share,high,prior,0.51,0.5
748f72f9-4e8c-51f5-92ca-e48adf02beb3,driving,5,low_risk_share,high,posterior,0.48,0.0
748f72f9-4e8c-51f5-92ca-e48adf02beb3,social,6,no_share,low,prior,0.49,0.49
748f72f9-4e8c-51f5-92ca-e48adf02beb3,social,6,no_share,low,posterior,0.5,0.5
748f72f9-4e8c-51f5-92ca-e48adf02beb3,fair,7,high_risk_share,high,prior,0.5,0.5
748f72f9-4e8c-51f5-92ca-e48adf02beb3,fair,7,high_risk_share,high,posterior,1.0,1.0
748f72f9-4e8c-51f5-92ca-e48adf02beb3,birthday,8,low_risk_share,low,prior,0.5,0.5
748f72f9-4e8c-51f5-92ca-e48adf02beb3,birthday,8,low_risk_share,low,posterior,0.32,0.0
748f72f9-4e8c-51f5-92ca-e48adf02beb3,takeout,9,high_risk_share,high,prior,0.51,0.51
748f72f9-4e8c-51f5-92ca-e48adf02beb3,takeout,9,high_risk_share,high,posterior,1.0,1.0
748f72f9-4e8c-51f5-92ca-e48adf02beb3,drinks,10,high_risk_share,high,prior,0.5,0.5
748f72f9-4e8c-51f5-92ca-e48adf02beb3,drinks,10,high_risk_share,high,posterior,0.84,1.0
748f72f9-4e8c-51f5-92ca-e48adf02beb3,apples,11,no_share,low,prior,0.49,0.5
748f72f9-4e8c-51f5-92ca-e48adf02beb3,apples,11,no_share,low,posterior,0.49,0.49
748f72f9-4e8c-51f5-92ca-e48adf02beb3,gala,12,high_risk_share,low,prior,0.5,0.5
748f72f9-4e8c-51f5-92ca-e48adf02beb3,gala,12,high_risk_share,low,posterior,0.89,1.0
748f72f9-4e8c-51f5-92ca-e48adf02beb3,brunch,13,low_risk_share,high,prior,0.49,0.49
748f72f9-4e8c-51f5-92ca-e48adf02beb3,brunch,13,low_risk_share,high,posterior,0.49,0.49
748f72f9-4e8c-51f5-92ca-e48adf02beb3,cooking,14,high_risk_share,low,prior,0.5,0.5
748f72f9-4e8c-51f5-92ca-e48adf02beb3,cooking,14,high_risk_share,low,posterior,0.87,1.0
748f72f9-4e8c-51f5-92ca-e48adf02beb3,dip,15,no_share,high,prior,0.5,0.51
748f72f9-4e8c-51f5-92ca-e48adf02beb3,dip,15,no_share,high,posterior,0.51,0.51
6ce34f3d-f2ef-570e-b963-c99099350d53,birthday,0,high_risk_share,high,prior,0.43,0.14
6ce34f3d-f2ef-570e-b963-c99099350d53,birthday,0,high_risk_share,high,posterior,0.68,0.15
6ce34f3d-f2ef-570e-b963-c99099350d53,dip,1,high_risk_share,low,prior,0.07,0.94
6ce34f3d-f2ef-570e-b963-c99099350d53,dip,1,high_risk_share,low,posterior,0.75,1.0
6ce34f3d-f2ef-570e-b963-c99099350d53,drinks,2,low_risk_share,high,prior,0.27,0.99
6ce34f3d-f2ef-570e-b963-c99099350d53,drinks,2,low_risk_share,high,posterior,0.0,0.0
6ce34f3d-f2ef-570e-b963-c99099350d53,social,3,high_risk_share,low,prior,0.82,0.0
6ce34f3d-f2ef-570e-b963-c99099350d53,social,3,high_risk_share,low,posterior,1.0,0.96
6ce34f3d-f2ef-570e-b963-c99099350d53,apples,4,no_share,low,prior,0.0,0.51
6ce34f3d-f2ef-570e-b963-c99099350d53,apples,4,no_share,low,posterior,0.0,0.83
6ce34f3d-f2ef-570e-b963-c99099350d53,takeout,5,low_risk_share,low,prior,0.0,0.79
6ce34f3d-f2ef-570e-b963-c99099350d53,takeout,5,low_risk_share,low,posterior,0.0,0.0
6ce34f3d-f2ef-570e-b963-c99099350d53,soup,6,high_risk_share,high,prior,0.88,0.97
6ce34f3d-f2ef-570e-b963-c99099350d53,soup,6,high_risk_share,high,posterior,1.0,0.61
6ce34f3d-f2ef-570e-b963-c99099350d53,wedding,7,no_share,high,prior,1.0,0.0
6ce34f3d-f2ef-570e-b963-c99099350d53,wedding,7,no_share,high,posterior,0.0,0.41
6ce34f3d-f2ef-570e-b963-c99099350d53,hike,8,low_risk_share,low,prior,0.13,0.82
6ce34f3d-f2ef-570e-b963-c99099350d53,hike,8,low_risk_share,low,posterior,0.27,0.09
6ce34f3d-f2ef-570e-b963-c99099350d53,gala,9,no_share,low,prior,0.0,0.98
6ce34f3d-f2ef-570e-b963-c99099350d53,gala,9,no_share,low,posterior,0.0,0.48
6ce34f3d-f2ef-570e-b963-c99099350d53,oysters,10,no_share,low,prior,0.52,0.87
6ce34f3d-f2ef-570e-b963-c99099350d53,oysters,10,no_share,low,posterior,0.37,0.73
6ce34f3d-f2ef-570e-b963-c99099350d53,driving,11,high_risk_share,high,prior,0.92,0.98
6ce34f3d-f2ef-570e-b963-c99099350d53,driving,11,high_risk_share,high,posterior,1.0,1.0
6ce34f3d-f2ef-570e-b963-c99099350d53,cooking,12,low_risk_share,high,prior,0.23,0.0
6ce34f3d-f2ef-570e-b963-c99099350d53,cooking,12,low_risk_share,high,posterior,0.04,0.0
6ce34f3d-f2ef-570e-b963-c99099350d53,brunch,13,no_share,high,prior,0.92,0.94
6ce34f3d-f2ef-570e-b963-c99099350d53,brunch,13,no_share,high,posterior,0.5,0.52
6ce34f3d-f2ef-570e-b963-c99099350d53,basketball,14,low_risk_share,high,prior,1.0,1.0
6ce34f3d-f2ef-570e-b963-c99099350d53,basketball,14,low_risk_share,high,posterior,0.07,0.0
6ce34f3d-f2ef-570e-b963-c99099350d53,fair,15,low_risk_share,low,prior,0.76,1.0
6ce34f3d-f2ef-570e-b963-c99099350d53,fair,15,low_risk_share,low,posterior,0.25,0.09
88dfa8f2-e98f-54d0-9997-c3d9b7d52ce9,social,0,no_share,high,prior,0.75,0.87
88dfa8f2-e98f-54d0-9997-c3d9b7d52ce9,social,0,no_share,high,posterior,0.48,0.86
88dfa8f2-e98f-54d0-9997-c3d9b7d52ce9,birthday,1,high_risk_share,low,prior,0.75,0.41
88dfa8f2-e98f-54d0-9997-c3d9b7d52ce9,birthday,1,high_risk_share,low,posterior,0.86,0.85
88dfa8f2-e98f-54d0-9997-c3d9b7d52ce9,takeout,2,no_share,high,prior,0.47,0.68
88dfa8f2-e98f-54d0-9997-c3d9b7d52ce9,takeout,2,no_share,high,posterior,0.42,0.83
88dfa8f2-e98f-54d0-9997-c3d9b7d52ce9,wedding,3,low_risk_share,high,prior,0.66,0.6
88dfa8f2-e98f-54d0-9997-c3d9b7d52ce9,wedding,3,low_risk_share,high,posterior,0.4,0.07
88dfa8f2-e98f-54d0-9997-c3d9b7d52ce9,drinks,4,no_share,high,prior,0.75,0.27
88dfa8f2-e98f-54d0-9997-c3d9b7d52ce9,drinks,4,no_share,high,posterior,0.28,0.6
88dfa8f2-e98f-54d0-9997-c3d9b7d52ce9,fair,5,no_share,low,prior,0.23,0.87
88dfa8f2-e98f-54d0-9997-c3d9b7d52ce9,fair,5,no_share,low,posterior,0.31,0.97
88dfa8f2-e98f-54d0-9997-c3d9b7d52ce9,dip,6,low_risk_share,high,prior,0.79,0.36
88dfa8f2-e98f-54d0-9997-c3d9b7d52ce9,dip,6,low_risk_share,high,posterior,0.62,0.07
88dfa8f2-e98f-54d0-9997-c3d9b7d52ce9,hike,7,low_risk_share,high,prior,0.43,0.23
88dfa8f2-e98f-54d0-9997-c3d9b7d52ce9,hike,7,low_risk_share,high,posterior,0.35,0.06
88dfa8f2-e98f-54d0-9997-c3d9b7d52ce9,soup,8,no_share,low,prior,0.25,0.23
88dfa8f2-e98f-54d0-9997-c3d9b7d52ce9,soup,8,no_share,low,posterior,0.29,0.28
88dfa8f2-e98f-54d0-9997-c3d9b7d52ce9,cooking,9,high_risk_share,low,prior,0.67,0.68
88dfa8f2-e98f-54d0-9997-c3d9b7d52ce9,cooking,9,high_risk_share,low,posterior,0.95,0.97
88dfa8f2-e98f-54d0-9997-c3d9b7d52ce9,basketball,10,high_risk_share,high,prior,0.54,0.25
88dfa8f2-e98f-54d0-9997-c3d9b7d52ce9,basketball,10,high_risk_share,high,posterior,0.84,0.95
88dfa8f2-e98f-54d0-9997-c3d9b7d52ce9,driving,11,no_share,low,prior,0.37,0.83
88dfa8f2-e98f-54d0-9997-c3d9b7d52ce9,driving,11,no_share,low,posterior,0.4,0.95
88dfa8f2-e98f-54d0-9997-c3d9b7d52ce9,oysters,12,low_risk_share,low,prior,0.57,0.49
88dfa8f2-e98f-54d0-9997-c3d9b7d52ce9,oysters,12,low_risk_share,low,posterior,0.56,0.26
88dfa8f2-e98f-54d0-9997-c3d9b7d52ce9,gala,13,low_risk_share,low,prior,0.14,0.6
88dfa8f2-e98f-54d0-9997-c3d9b7d52ce9,gala,13,low_risk_share,low,posterior,0.38,0.19
88dfa8f2-e98f-54d0-9997-c3d9b7d52ce9,brunch,14,high_risk_share,low,prior,0.8,0.7
88dfa8f2-e98f-54d0-9997-c3d9b7d52ce9,brunch,14,high_risk_share,low,posterior,0.88,0.89
88dfa8f2-e98f-54d0-9997-c3d9b7d52ce9,apples,15,high_risk_share,high,prior,0.89,0.25
88dfa8f2-e98f-54d0-9997-c3d9b7d52ce9,apples,15,high_risk_share,high,posterior,0.91,0.92
965c5ba0-fab1-5e09-a08d-7e59b493abca,basketball,0,high_risk_share,high,prior,0.21,0.92
965c5ba0-fab1-5e09-a08d-7e59b493abca,basketball,0,high_risk_share,high,posterior,0.88,0.83
965c5ba0-fab1-5e09-a08d-7e59b493abca,social,1,low_risk_share,high,prior,0.26,0.78
965c5ba0-fab1-5e09-a08d-7e59b493abca,social,1,low_risk_share,high,posterior,0.66,0.17
965c5ba0-fab1-5e09-a08d-7e59b493abca,brunch,2,low_risk_share,high,prior,0.14,0.78
965c5ba0-fab1-5e09-a08d-7e59b493abca,brunch,2,low_risk_share,high,posterior,0.16,0.87
965c5ba0-fab1-5e09-a08d-7e59b493abca,takeout,3,low_risk_share,low,prior,0.01,0.98
965c5ba0-fab1-5e09-a08d-7e59b493abca,takeout,3,low_risk_share,low,posterior,0.01,0.04
965c5ba0-fab1-5e09-a08d-7e59b493abca,driving,4,low_risk_share,low,prior,0.63,0.8
965c5ba0-fab1-5e09-a08d-7e59b493abca,driving,4,low_risk_share,low,posterior,0.14,0.13
965c5ba0-fab1-5e09-a08d-7e59b493abca,hike,5,low_risk_share,low,prior,0.05,0.11
965c5ba0-fab1-5e09-a08d-7e59b493abca,hike,5,low_risk_share,low,posterior,0.02,0.14
965c5ba0-fab1-5e09-a08d-7e59b493abca,wedding,6,no_share,high,prior,0.15,0.85
965c5ba0-fab1-5e09-a08d-7e59b493abca,wedding,6,no_share,high,posterior,0.02,1.0
965c5ba0-fab1-5e09-a08d-7e59b493abca,cooking,7,high_risk_share,high,prior,0.86,0.08
965c5ba0-fab1-5e09-a08d-7e59b493abca,cooking,7,high_risk_share,high,posterior,0.69,0.9
965c5ba0-fab1-5e09-a08d-7e59b493abca,drinks,8,no_share,low,prior,0.17,0.17
965c5ba0-fab1-5e09-a08d-7e59b493abca,drinks,8,no_share,low,posterior,0.08,0.08
965c5ba0-fab1-5e09-a08d-7e59b493abca,gala,9,high_risk_share,high,prior,0.11,0.08
965c5ba0-fab1-5e09-a08d-7e59b493abca,gala,9,high_risk_share,high,posterior,0.81,0.04
965c5ba0-fab1-5e09-a08d-7e59b493abca,apples,10,high_risk_share,low,prior,0.61,0.08
965c5ba0-fab1-5e09-a08d-7e59b493abca,apples,10,high_risk_share,low,posterior,0.82,0.02
965c5ba0-fab1-5e09-a08d-7e59b493abca,fair,11,no_share,low,prior,0.87,0.92
965c5ba0-fab1-5e09-a08d-7e59b493abca,fair,11,no_share,low,posterior,0.11,0.94
965c5ba0-fab1-5e09-a08d-7e59b493abca,birthday,12,low_risk_share,high,prior,0.82,0.06
965c5ba0-fab1-5e09-a08d-7e59b493abca,birthday,12,low_risk_share,high,posterior,0.08,0.09
965c5ba0-fab1-5e09-a08d-7e59b493abca,dip,13,high_risk_share,low,prior,0.61,0.04
965c5ba0-fab1-5e09-a08d-7e59b493abca,dip,13,high_risk_share,low,posterior,0.61,0.07
965c5ba0-fab1-5e09-a08d-7e59b493abca,soup,14,no_share,low,prior,0.06,0.05
965c5ba0-fab1-5e09-a08d-7e59b493abca,soup,14,no_share,low,posterior,0.01,0.04
965c5ba0-fab1-5e09-a08d-7e59b493abca,oysters,15,no_share,high,prior,0.0,0.03
965c5ba0-fab1-5e09-a08d-7e59b493abca,oysters,15,no_share,high,posterior,0.0,0.0
e4c275d6-c807-5e85-8e29-970297d794d8,gala,0,high_risk_share,low,prior,0.6,0.13
e4c275d6-c807-5e85-8e29-970297d794d8,gala,0,high_risk_share,low,posterior,0.9,0.78
e4c275d6-c807-5e85-8e29-970297d794d8,hike,1,high_risk_share,low,prior,0.57,0.39
e4c275d6-c807-5e85-8e29-970297d794d8,hike,1,high_risk_share,low,posterior,0.73,0.07
e4c275d6-c807-5e85-8e29-970297d794d8,basketball,2,high_risk_share,low,prior,0.66,0.06
e4c275d6-c807-5e85-8e29-970297d794d8,basketball,2,high_risk_share,low,posterior,0.91,0.0
e4c275d6-c807-5e85-8e29-970297d794d8,birthday,3,no_share,high,prior,0.59,0.13
e4c275d6-c807-5e85-8e29-970297d794d8,birthday,3,no_share,high,posterior,0.07,0.81
e4c275d6-c807-5e85-8e29-970297d794d8,drinks,4,high_risk_share,high,prior,0.23,0.09
e4c275d6-c807-5e85-8e29-970297d794d8,drinks,4,high_risk_share,high,posterior,0.85,0.96
e4c275d6-c807-5e85-8e29-970297d794d8,cooking,5,low_risk_share,high,prior,0.56,0.31
e4c275d6-c807-5e85-8e29-970297d794d8,cooking,5,low_risk_share,high,posterior,0.24,0.0
e4c275d6-c807-5e85-8e29-970297d794d8,oysters,6,no_share,low,prior,0.69,0.77
e4c275d6-c807-5e85-8e29-970297d794d8,oysters,6,no_share,low,posterior,0.27,0.07
e4c275d6-c807-5e85-8e29-970297d794d8,apples,7,no_share,high,prior,0.37,0.18
e4c275d6-c807-5e85-8e29-970297d794d8,apples,7,no_share,high,posterior,0.08,0.0
e4c275d6-c807-5e85-8e29-970297d794d8,fair,8,no_share,low,prior,0.34,0.11
e4c275d6-c807-5e85-8e29-970297d794d8,fair,8,no_share,low,posterior,0.08,0.0
e4c275d6-c807-5e85-8e29-970297d794d8,takeout,9,no_share,high,prior,0.15,0.05
e4c275d6-c807-5e85-8e29-970297d794d8,takeout,9,no_share,high,posterior,0.0,0.84
e4c275d6-c807-5e85-8e29-970297d794d8,driving,10,low_risk_share,low,prior,0.76,0.68
e4c275d6-c807-5e85-8e29-970297d794d8,driving,10,low_risk_share,low,posterior,0.37,0.0
e4c275d6-c807-5e85-8e29-970297d794d8,brunch,11,low_risk_share,high,prior,0.35,0.21
e4c275d6-c807-5e85-8e29-970297d794d8,brunch,11,low_risk_share,high,posterior,0.44,0.0
e4c275d6-c807-5e85-8e29-970297d794d8,soup,12,low_risk_share,low,prior,0.36,0.14
e4c275d6-c807-5e85-8e29-970297d794d8,soup,12,low_risk_share,low,posterior,0.31,0.0
e4c275d6-c807-5e85-8e29-970297d794d8,dip,13,high_risk_share,high,prior,0.42,0.66
e4c275d6-c807-5e85-8e29-970297d794d8,dip,13,high_risk_share,high,posterior,0.59,0.92
e4c275d6-c807-5e85-8e29-970297d794d8,social,14,high_risk_share,high,prior,0.22,0.13
e4c275d6-c807-5e85-8e29-970297d794d8,social,14,high_risk_share,high,posterior,0.91,0.41
e4c275d6-c807-5e85-8e29-970297d794d8,wedding,15,low_risk_share,low,prior,0.69,0.1
e4c275d6-c807-5e85-8e29-970297d794d8,wedding,15,low_risk_share,low,posterior,0.19,0.0
abff86fb-a1f9-5f47-831f-730420534bb2,wedding,0,no_share,low,prior,0.4,0.55
abff86fb-a1f9-5f47-831f-730420534bb2,wedding,0,no_share,low,posterior,0.61,0.65
abff86fb-a1f9-5f47-831f-730420534bb2,drinks,1,no_share,high,prior,0.56,0.63
abff86fb-a1f9-5f47-831f-730420534bb2,drinks,1,no_share,high,posterior,0.48,0.83
abff86fb-a1f9-5f47-831f-730420534bb2,social,2,low_risk_share,low,prior,0.42,0.1
abff86fb-a1f9-5f47-831f-730420534bb2,social,2,low_risk_share,low,posterior,0.8,0.11
abff86fb-a1f9-5f47-831f-730420534bb2,takeout,3,no_share,low,prior,0.33,0.16
abff86fb-a1f9-5f47-831f-730420534bb2,takeout,3,no_share,low,posterior,0.22,0.89
abff86fb-a1f9-5f47-831f-730420534bb2,fair,4,low_risk_share,high,prior,0.71,0.15
abff86fb-a1f9-5f47-831f-730420534bb2,fair,4,low_risk_share,high,posterior,0.65,0.18
abff86fb-a1f9-5f47-831f-730420534bb2,brunch,5,high_risk_share,high,prior,0.66,0.67
abff86fb-a1f9-5f47-831f-730420534bb2,brunch,5,high_risk_share,high,posterior,0.69,0.63
abff86fb-a1f9-5f47-831f-730420534bb2,gala,6,high_risk_share,high,prior,0.6,0.65
abff86fb-a1f9-5f47-831f-730420534bb2,gala,6,high_risk_share,high,posterior,0.57,0.6
abff86fb-a1f9-5f47-831f-730420534bb2,soup,7,high_risk_share,high,prior,0.75,0.35
abff86fb-a1f9-5f47-831f-730420534bb2,soup,7,high_risk_share,high,posterior,0.68,0.21
abff86fb-a1f9-5f47-831f-730420534bb2,dip,8,low_risk_share,high,prior,0.79,0.17
abff86fb-a1f9-5f47-831f-730420534bb2,dip,8,low_risk_share,high,posterior,0.69,0.2
abff86fb-a1f9-5f47-831f-730420534bb2,birthday,9,high_risk_share,low,prior,0.49,0.33
abff86fb-a1f9-5f47-831f-730420534bb2,birthday,9,high_risk_share,low,posterior,0.51,0.32
abff86fb-a1f9-5f47-831f-730420534bb2,basketball,10,high_risk_share,low,prior,0.52,0.13
abff86fb-a1f9-5f47-831f-730420534bb2,basketball,10,high_risk_share,low,posterior,0.47,0.2
abff86fb-a1f9-5f47-831f-730420534bb2,apples,11,no_share,low,prior,0.52,0.27
abff86fb-a1f9-5f47-831f-730420534bb2,apples,11,no_share,low,posterior,0.5,0.26
abff86fb-a1f9-5f47-831f-730420534bb2,oysters,12,low_risk_share,low,prior,0.97,0.31
abff86fb-a1f9-5f47-831f-730420534bb2,oysters,12,low_risk_share,low,posterior,0.86,0.16
abff86fb-a1f9-5f47-831f-730420534bb2,driving,13,no_share,high,prior,0.77,0.26
abff86fb-a1f9-5f47-831f-730420534bb2,driving,13,no_share,high,posterior,0.82,0.2
abff86fb-a1f9-5f47-831f-730420534bb2,cooking,14,low_risk_share,high,prior,0.77,0.25
abff86fb-a1f9-5f47-831f-730420534bb2,cooking,14,low_risk_share,high,posterior,0.71,0.23
abff86fb-a1f9-5f47-831f-730420534bb2,hike,15,low_risk_share,low,prior,0.5,0.34
abff86fb-a1f9-5f47-831f-730420534bb2,hike,15,low_risk_share,low,posterior,0.5,0.32
21bda5ab-88f6-5bad-9c23-a77bc7168859,basketball,0,no_share,low,prior,0.83,0.23
21bda5ab-88f6-5bad-9c23-a77bc7168859,basketball,0,no_share,low,posterior,0.57,0.07
21bda5ab-88f6-5bad-9c23-a77bc7168859,cooking,1,high_risk_share,low,prior,0.88,0.23
21bda5ab-88f6-5bad-9c23-a77bc7168859,cooking,1,high_risk_share,low,posterior,1.0,0.09
21bda5ab-88f6-5bad-9c23-a77bc7168859,birthday,2,high_risk_share,high,prior,0.66,0.12
21bda5ab-88f6-5bad-9c23-a77bc7168859,birthday,2,high_risk_share,high,posterior,0.9,0.07
21bda5ab-88f6-5bad-9c23-a77bc7168859,fair,3,no_share,low,prior,0.74,0.31
21bda5ab-88f6-5bad-9c23-a77bc7168859,fair,3,no_share,low,posterior,0.6,0.36
21bda5ab-88f6-5bad-9c23-a77bc7168859,soup,4,low_risk_share,high,prior,0.64,0.28
21bda5ab-88f6-5bad-9c23-a77bc7168859,soup,4,low_risk_share,high,posterior,0.54,0.09
21bda5ab-88f6-5bad-9c23-a77bc7168859,drinks,5,low_risk_share,low,prior,0.57,0.0
21bda5ab-88f6-5bad-9c23-a77bc7168859,drinks,5,low_risk_share,low,posterior,0.88,0.5
21bda5ab-88f6-5bad-9c23-a77bc7168859,brunch,6,high_risk_share,low,prior,0.93,0.14
21bda5ab-88f6-5bad-9c23-a77bc7168859,brunch,6,high_risk_share,low,posterior,0.92,0.22
21bda5ab-88f6-5bad-9c23-a77bc7168859,gala,7,low_risk_share,low,prior,0.79,0.18
21bda5ab-88f6-5bad-9c23-a77bc7168859,gala,7,low_risk_share,low,posterior,0.7,0.02
21bda5ab-88f6-5bad-9c23-a77bc7168859,oysters,8,no_share,high,prior,0.59,0.07
21bda5ab-88f6-5bad-9c23-a77bc7168859,oysters,8,no_share,high,posterior,0.43,0.09
21bda5ab-88f6-5bad-9c23-a77bc7168859,social,9,no_share,high,prior,0.65,0.28
21bda5ab-88f6-5bad-9c23-a77bc7168859,social,9,no_share,high,posterior,0.61,0.19
21bda5ab-88f6-5bad-9c23-a77bc7168859,apples,10,low_risk_share,high,prior,0.7,0.0
21bda5ab-88f6-5bad-9c23-a77bc7168859,apples,10,low_risk_share,high,posterior,0.54,0.05
21bda5ab-88f6-5bad-9c23-a77bc7168859,hike,11,high_risk_share,low,prior,0.7,0.0
21bda5ab-88f6-5bad-9c23-a77bc7168859,hike,11,high_risk_share,low,posterior,0.81,0.05
21bda5ab-88f6-5bad-9c23-a77bc7168859,driving,12,high_risk_share,high,prior,0.83,0.01
21bda5ab-88f6-5bad-9c23-a77bc7168859,driving,12,high_risk_share,high,posterior,0.9,0.0
21bda5ab-88f6-5bad-9c23-a77bc7168859,wedding,13,no_share,high,prior,0.66,0.0
21bda5ab-88f6-5bad-9c23-a77bc7168859,wedding,13,no_share,high,posterior,0.53,0.0
21bda5ab-88f6-5bad-9c23-a77bc7168859,dip,14,high_risk_share,high,prior,0.74,0.0
21bda5ab-88f6-5bad-9c23-a77bc7168859,dip,14,high_risk_share,high,posterior,0.73,0.0
21bda5ab-88f6-5bad-9c23-a77bc7168859,takeout,15,low_risk_share,low,prior,0.25,0.0
21bda5ab-88f6-5bad-9c23-a77bc7168859,takeout,15,low_risk_share,low,posterior,0.69,0.0
eb634f36-c40a-58d6-80ef-6ddfc3fcef3e,drinks,0,no_share,low,prior,0.51,0.0
eb634f36-c40a-58d6-80ef-6ddfc3fcef3e,drinks,0,no_share,low,posterior,0.49,0.0
eb634f36-c40a-58d6-80ef-6ddfc3fcef3e,gala,1,no_share,high,prior,0.7,0.0
eb634f36-c40a-58d6-80ef-6ddfc3fcef3e,gala,1,no_share,high,posterior,0.72,0.0
eb634f36-c40a-58d6-80ef-6ddfc3fcef3e,dip,2,low_risk_share,low,prior,0.75,0.0
eb634f36-c40a-58d6-80ef-6ddfc3fcef3e,dip,2,low_risk_share,low,posterior,0.0,0.0
eb634f36-c40a-58d6-80ef-6ddfc3fcef3e,brunch,3,low_risk_share,high,prior,0.0,1.0
eb634f36-c40a-58d6-80ef-6ddfc3fcef3e,brunch,3,low_risk_share,high,posterior,0.0,1.0
eb634f36-c40a-58d6-80ef-6ddfc3fcef3e,social,4,high_risk_share,low,prior,0.62,0.51
eb634f36-c40a-58d6-80ef-6ddfc3fcef3e,social,4,high_risk_share,low,posterior,1.0,0.51
eb634f36-c40a-58d6-80ef-6ddfc3fcef3e,basketball,5,no_share,high,prior,0.59,0.0
eb634f36-c40a-58d6-80ef-6ddfc3fcef3e,basketball,5,no_share,high,posterior,0.51,0.0
eb634f36-c40a-58d6-80ef-6ddfc3fcef3e,birthday,6,no_share,low,prior,0.64,0.0
eb634f36-c40a-58d6-80ef-6ddfc3fcef3e,birthday,6,no_share,low,posterior,0.0,0.0
eb634f36-c40a-58d6-80ef-6ddfc3fcef3e,apples,7,high_risk_share,high,prior,0.54,0.0
eb634f36-c40a-58d6-80ef-6ddfc3fcef3e,apples,7,high_risk_share,high,posterior,1.0,0.0
eb634f36-c40a-58d6-80ef-6ddfc3fcef3e,cooking,8,low_risk_share,high,prior,0.9,0.4
eb634f36-c40a-58d6-80ef-6ddfc3fcef3e,cooking,8,low_risk_share,high,posterior,0.67,0.38
eb634f36-c40a-58d6-80ef-6ddfc3fcef3e,takeout,9,high_risk_share,low,prior,0.16,1.0
eb634f36-c40a-58d6-80ef-6ddfc3fcef3e,takeout,9,high_risk_share,low,posterior,0.49,1.0
eb634f36-c40a-58d6-80ef-6ddfc3fcef3e,wedding,10,low_risk_share,low,prior,0.33,0.18
eb634f36-c40a-58d6-80ef-6ddfc3fcef3e,wedding,10,low_risk_share,low,posterior,0.18,0.14
eb634f36-c40a-58d6-80ef-6ddfc3fcef3e,hike,11,no_share,low,prior,0.5,0.0
eb634f36-c40a-58d6-80ef-6ddfc3fcef3e,hike,11,no_share,low,posterior,0.0,0.0
eb634f36-c40a-58d6-80ef-6ddfc3fcef3e,fair,12,high_risk_share,low,prior,0.41,0.43
eb634f36-c40a-58d6-80ef-6ddfc3fcef3e,fair,12,high_risk_share,low,posterior,1.0,0.23
eb634f36-c40a-58d6-80ef-6ddfc3fcef3e,oysters,13,no_share,high,prior,0.2,0.37
eb634f36-c40a-58d6-80ef-6ddfc3fcef3e,oysters,13,no_share,high,posterior,0.0,0.3
eb634f36-c40a-58d6-80ef-6ddfc3fcef3e,driving,14,low_risk_share,high,prior,0.3,0.0
eb634f36-c40a-58d6-80ef-6ddfc3fcef3e,driving,14,low_risk_share,high,posterior,0.0,0.0
eb634f36-c40a-58d6-80ef-6ddfc3fcef3e,soup,15,high_risk_share,high,prior,0.13,0.5
eb634f36-c40a-58d6-80ef-6ddfc3fcef3e,soup,15,high_risk_share,high,posterior,1.0,0.49
e6b560a6-d776-5a83-ad87-88b2249fbf8a,basketball,0,low_risk_share,high,prior,0.74,0.1
e6b560a6-d776-5a83-ad87-88b2249fbf8a,basketball,0,low_risk_share,high,posterior,0.91,0.08
e6b560a6-d776-5a83-ad87-88b2249fbf8a,social,1,low_risk_share,high,prior,0.02,0.06
e6b560a6-d776-5a83-ad87-88b2249fbf8a,social,1,low_risk_share,high,posterior,0.09,0.02
e6b560a6-d776-5a83-ad87-88b2249fbf8a,wedding,2,high_risk_share,low,prior,0.01,0.07
e6b560a6-d776-5a83-ad87-88b2249fbf8a,wedding,2,high_risk_share,low,posterior,0.84,0.91
e6b560a6-d776-5a83-ad87-88b2249fbf8a,cooking,3,no_share,low,prior,0.62,0.76
e6b560a6-d776-5a83-ad87-88b2249fbf8a,cooking,3,no_share,low,posterior,0.51,0.09
e6b560a6-d776-5a83-ad87-88b2249fbf8a,soup,4,no_share,low,prior,0.17,0.15
e6b560a6-d776-5a83-ad87-88b2249fbf8a,soup,4,no_share,low,posterior,0.31,0.23
e6b560a6-d776-5a83-ad87-88b2249fbf8a,brunch,5,high_risk_share,high,prior,0.79,0.16
e6b560a6-d776-5a83-ad87-88b2249fbf8a,brunch,5,high_risk_share,high,posterior,0.84,0.83
e6b560a6-d776-5a83-ad87-88b2249fbf8a,oysters,6,no_share,low,prior,0.15,0.19
e6b560a6-d776-5a83-ad87-88b2249fbf8a,oysters,6,no_share,low,posterior,0.09,0.72
e6b560a6-d776-5a83-ad87-88b2249fbf8a,hike,7,low_risk_share,low,prior,0.18,0.18
e6b560a6-d776-5a83-ad87-88b2249fbf8a,hike,7,low_risk_share,low,posterior,0.12,0.0
e6b560a6-d776-5a83-ad87-88b2249fbf8a,gala,8,low_risk_share,low,prior,0.13,0.85
e6b560a6-d776-5a83-ad87-88b2249fbf8a,gala,8,low_risk_share,low,posterior,0.93,0.0
e6b560a6-d776-5a83-ad87-88b2249fbf8a,dip,9,low_risk_share,high,prior,0.14,0.13
e6b560a6-d776-5a83-ad87-88b2249fbf8a,dip,9,low_risk_share,high,posterior,0.06,0.07
e6b560a6-d776-5a83-ad87-88b2249fbf8a,takeout,10,no_share,high,prior,0.11,0.17
e6b560a6-d776-5a83-ad87-88b2249fbf8a,takeout,10,no_share,high,posterior,0.1,1.0
e6b560a6-d776-5a83-ad87-88b2249fbf8a,drinks,11,no_share,high,prior,0.9,0.85
e6b560a6-d776-5a83-ad87-88b2249fbf8a,drinks,11,no_share,high,posterior,0.82,0.99
e6b560a6-d776-5a83-ad87-88b2249fbf8a,fair,12,no_share,high,prior,0.16,0.95
e6b560a6-d776-5a83-ad87-88b2249fbf8a,fair,12,no_share,high,posterior,0.01,0.99
e6b560a6-d776-5a83-ad87-88b2249fbf8a,driving,13,high_risk_share,high,prior,0.1,0.08
e6b560a6-d776-5a83-ad87-88b2249fbf8a,driving,13,high_risk_share,high,posterior,0.77,1.0
e6b560a6-d776-5a83-ad87-88b2249fbf8a,birthday,14,high_risk_share,low,prior,0.12,0.08
e6b560a6-d776-5a83-ad87-88b2249fbf8a,birthday,14,high_risk_share,low,posterior,0.96,0.99
e6b560a6-d776-5a83-ad87-88b2249fbf8a,apples,15,high_risk_share,low,prior,0.87,0.1
e6b560a6-d776-5a83-ad87-88b2249fbf8a,apples,15,high_risk_share,low,posterior,0.89,0.06
b91a0eb0-686e-57c5-b9f7-0a814cd3e38c,wedding,0,high_risk_share,low,prior,0.44,0.49
b91a0eb0-686e-57c5-b9f7-0a814cd3e38c,wedding,0,high_risk_share,low,posterior,0.9,0.82
b91a0eb0-686e-57c5-b9f7-0a814cd3e38c,driving,1,high_risk_share,high,prior,0.63,0.37
b91a0eb0-686e-57c5-b9f7-0a814cd3e38c,driving,1,high_risk_share,high,posterior,0.99,0.83
b91a0eb0-686e-57c5-b9f7-0a814cd3e38c,fair,2,low_risk_share,high,prior,0.68,0.6
b91a0eb0-686e-57c5-b9f7-0a814cd3e38c,fair,2,low_risk_share,high,posterior,0.44,0.85
b91a0eb0-686e-57c5-b9f7-0a814cd3e38c,social,3,high_risk_share,high,prior,0.52,0.53
b91a0eb0-686e-57c5-b9f7-0a814cd3e38c,social,3,high_risk_share,high,posterior,1.0,0.93
b91a0eb0-686e-57c5-b9f7-0a814cd3e38c,soup,4,low_risk_share,low,prior,0.54,0.49
b91a0eb0-686e-57c5-b9f7-0a814cd3e38c,soup,4,low_risk_share,low,posterior,0.67,0.08
b91a0eb0-686e-57c5-b9f7-0a814cd3e38c,oysters,5,high_risk_share,low,prior,0.38,0.5
b91a0eb0-686e-57c5-b9f7-0a814cd3e38c,oysters,5,high_risk_share,low,posterior,1.0,0.94
b91a0eb0-686e-57c5-b9f7-0a814cd3e38c,dip,6,low_risk_share,low,prior,0.7,0.34
b91a0eb0-686e-57c5-b9f7-0a814cd3e38c,dip,6,low_risk_share,low,posterior,0.65,0.13
b91a0eb0-686e-57c5-b9f7-0a814cd3e38c,basketball,7,no_share,high,prior,0.69,0.51
b91a0eb0-686e-57c5-b9f7-0a814cd3e38c,basketball,7,no_share,high,posterior,0.33,0.63
b91a0eb0-686e-57c5-b9f7-0a814cd3e38c,apples,8,low_risk_share,high,prior,0.53,0.16
b91a0eb0-686e-57c5-b9f7-0a814cd3e38c,apples,8,low_risk_share,high,posterior,0.53,0.04
b91a0eb0-686e-57c5-b9f7-0a814cd3e38c,birthday,9,no_share,low,prior,0.6,0.82
b91a0eb0-686e-57c5-b9f7-0a814cd3e38c,birthday,9,no_share,low,posterior,0.39,0.73
b91a0eb0-686e-57c5-b9f7-0a814cd3e38c,gala,10,no_share,low,prior,0.4,0.54
b91a0eb0-686e-57c5-b9f7-0a814cd3e38c,gala,10,no_share,low,posterior,0.45,0.48
b91a0eb0-686e-57c5-b9f7-0a814cd3e38c,cooking,11,no_share,high,prior,0.4,0.5
b91a0eb0-686e-57c5-b9f7-0a814cd3e38c,cooking,11,no_share,high,posterior,0.67,0.65
b91a0eb0-686e-57c5-b9f7-0a814cd3e38c,takeout,12,high_risk_share,high,prior,0.53,0.58
b91a0eb0-686e-57c5-b9f7-0a814cd3e38c,takeout,12,high_risk_share,high,posterior,0.94,0.75
b91a0eb0-686e-57c5-b9f7-0a814cd3e38c,drinks,13,low_risk_share,high,prior,0.61,0.54
b91a0eb0-686e-57c5-b9f7-0a814cd3e38c,drinks,13,low_risk_share,high,posterior,0.6,0.02
b91a0eb0-686e-57c5-b9f7-0a814cd3e38c,hike,14,no_share,low,prior,0.69,0.48
b91a0eb0-686e-57c5-b9f7-0a814cd3e38c,hike,14,no_share,low,posterior,0.46,0.61
b91a0eb0-686e-57c5-b9f7-0a814cd3e38c,brunch,15,low_risk_share,low,prior,0.71,0.58
b91a0eb0-686e-57c5-b9f7-0a814cd3e38c,brunch,15,low_risk_share,low,posterior,0.67,0.87
cab523c2-13b9-519a-97f4-3557a2a64538,cooking,0,no_share,high,prior,0.9,0.0
cab523c2-13b9-519a-97f4-3557a2a64538,cooking,0,no_share,high,posterior,0.35,0.0
cab523c2-13b9-519a-97f4-3557a2a64538,driving,1,low_risk_share,low,prior,0.84,0.0
cab523c2-13b9-519a-97f4-3557a2a64538,driving,1,low_risk_share,low,posterior,0.87,0.0
cab523c2-13b9-519a-97f4-3557a2a64538,oysters,2,low_risk_share,high,prior,1.0,0.51
cab523c2-13b9-519a-97f4-3557a2a64538,oysters,2,low_risk_share,high,posterior,0.96,0.23
cab523c2-13b9-519a-97f4-3557a2a64538,birthday,3,no_share,low,prior,1.0,0.26
cab523c2-13b9-519a-97f4-3557a2a64538,birthday,3,no_share,low,posterior,1.0,1.0
cab523c2-13b9-519a-97f4-3557a2a64538,apples,4,low_risk_share,high,prior,0.14,0.0
cab523c2-13b9-519a-97f4-3557a2a64538,apples,4,low_risk_share,high,posterior,0.01,0.0
cab523c2-13b9-519a-97f4-3557a2a64538,social,5,high_risk_share,high,prior,0.78,0.01
cab523c2-13b9-519a-97f4-3557a2a64538,social,5,high_risk_share,high,posterior,1.0,1.0
cab523c2-13b9-519a-97f4-3557a2a64538,drinks,6,no_share,high,prior,0.7,0.0
cab523c2-13b9-519a-97f4-3557a2a64538,drinks,6,no_share,high,posterior,0.55,1.0
cab523c2-13b9-519a-97f4-3557a2a64538,hike,7,high_risk_share,low,prior,0.81,0.53
cab523c2-13b9-519a-97f4-3557a2a64538,hike,7,high_risk_share,low,posterior,1.0,0.52
cab523c2-13b9-519a-97f4-3557a2a64538,soup,8,low_risk_share,low,prior,0.56,0.37
cab523c2-13b9-519a-97f4-3557a2a64538,soup,8,low_risk_share,low,posterior,0.87,0.14
cab523c2-13b9-519a-97f4-3557a2a64538,dip,9,high_risk_share,high,prior,0.91,0.0
cab523c2-13b9-519a-97f4-3557a2a64538,dip,9,high_risk_share,high,posterior,1.0,0.43
cab523c2-13b9-519a-97f4-3557a2a64538,brunch,10,high_risk_share,low,prior,1.0,1.0
cab523c2-13b9-519a-97f4-3557a2a64538,brunch,10,high_risk_share,low,posterior,1.0,1.0
cab523c2-13b9-519a-97f4-3557a2a64538,basketball,11,low_risk_share,low,prior,0.9,0.47
cab523c2-13b9-519a-97f4-3557a2a64538,basketball,11,low_risk_share,low,posterior,0.97,0.0
cab523c2-13b9-519a-97f4-3557a2a64538,takeout,12,high_risk_share,high,prior,0.53,0.74
cab523c2-13b9-519a-97f4-3557a2a64538,takeout,12,high_risk_share,high,posterior,0.52,1.0
cab523c2-13b9-519a-97f4-3557a2a64538,gala,13,no_share,low,prior,0.47,0.0
cab523c2-13b9-519a-97f4-3557a2a64538,gala,13,no_share,low,posterior,0.49,0.0
cab523c2-13b9-519a-97f4-3557a2a64538,fair,14,low_risk_share,high,prior,1.0,0.17
cab523c2-13b9-519a-97f4-3557a2a64538,fair,14,low_risk_share,high,posterior,0.97,0.0
cab523c2-13b9-519a-97f4-3557a2a64538,wedding,15,no_share,low,prior,1.0,0.01
cab523c2-13b9-519a-97f4-3557a2a64538,wedding,15,no_share,low,posterior,0.86,0.0
fbb5f9e2-a26a-5ab1-806f-7d345fc1d8bc,social,0,high_risk_share,low,prior,0.77,0.0
fbb5f9e2-a26a-5ab1-806f-7d345fc1d8bc,social,0,high_risk_share,low,posterior,1.0,0.0
fbb5f9e2-a26a-5ab1-806f-7d345fc1d8bc,cooking,1,high_risk_share,high,prior,0.82,0.09
fbb5f9e2-a26a-5ab1-806f-7d345fc1d8bc,cooking,1,high_risk_share,high,posterior,0.97,0.97
fbb5f9e2-a26a-5ab1-806f-7d345fc1d8bc,brunch,2,low_risk_share,low,prior,0.74,0.44
fbb5f9e2-a26a-5ab1-806f-7d345fc1d8bc,brunch,2,low_risk_share,low,posterior,0.36,0.96
fbb5f9e2-a26a-5ab1-806f-7d345fc1d8bc,fair,3,low_risk_share,low,prior,0.68,0.85
fbb5f9e2-a26a-5ab1-806f-7d345fc1d8bc,fair,3,low_risk_share,low,posterior,0.71,0.14
fbb5f9e2-a26a-5ab1-806f-7d345fc1d8bc,apples,4,high_risk_share,low,prior,0.47,0.26
fbb5f9e2-a26a-5ab1-806f-7d345fc1d8bc,apples,4,high_risk_share,low,posterior,0.88,0.91
fbb5f9e2-a26a-5ab1-806f-7d345fc1d8bc,basketball,5,no_share,high,prior,0.85,0.06
fbb5f9e2-a26a-5ab1-806f-7d345fc1d8bc,basketball,5,no_share,high,posterior,0.23,0.04
fbb5f9e2-a26a-5ab1-806f-7d345fc1d8bc,wedding,6,no_share,low,prior,0.7,0.27
fbb5f9e2-a26a-5ab1-806f-7d345fc1d8bc,wedding,6,no_share,low,posterior,0.22,0.09
fbb5f9e2-a26a-5ab1-806f-7d345fc1d8bc,hike,7,high_risk_share,high,prior,0.86,0.07
fbb5f9e2-a26a-5ab1-806f-7d345fc1d8bc,hike,7,high_risk_share,high,posterior,0.98,0.97
fbb5f9e2-a26a-5ab1-806f-7d345fc1d8bc,driving,8,no_share,low,prior,1.0,0.0
fbb5f9e2-a26a-5ab1-806f-7d345fc1d8bc,driving,8,no_share,low,posterior,1.0,0.0
fbb5f9e2-a26a-5ab1-806f-7d345fc1d8bc,soup,9,low_risk_share,low,prior,0.61,0.49
fbb5f9e2-a26a-5ab1-806f-7d345fc1d8bc,soup,9,low_risk_share,low,posterior,0.14,0.03
fbb5f9e2-a26a-5ab1-806f-7d345fc1d8bc,oysters,10,high_risk_share,high,prior,0.82,0.3
fbb5f9e2-a26a-5ab1-806f-7d345fc1d8bc,oysters,10,high_risk_share,high,posterior,1.0,0.96
fbb5f9e2-a26a-5ab1-806f-7d345fc1d8bc,takeout,11,low_risk_share,high,prior,0.27,0.93
fbb5f9e2-a26a-5ab1-806f-7d345fc1d8bc,takeout,11,low_risk_share,high,posterior,0.12,0.0
fbb5f9e2-a26a-5ab1-806f-7d345fc1d8bc,dip,12,no_share,high,prior,0.85,0.62
fbb5f9e2-a26a-5ab1-806f-7d345fc1d8bc,dip,12,no_share,high,posterior,0.82,0.49
fbb5f9e2-a26a-5ab1-806f-7d345fc1d8bc,gala,13,low_risk_share,high,prior,0.82,0.24
fbb5f9e2-a26a-5ab1-806f-7d345fc1d8bc,gala,13,low_risk_share,high,posterior,0.59,0.03
fbb5f9e2-a26a-5ab1-806f-7d345fc1d8bc,drinks,14,high_risk_share,low,prior,0.51,0.62
fbb5f9e2-a26a-5ab1-806f-7d345fc1d8bc,drinks,14,high_risk_share,low,posterior,0.99,1.0
fbb5f9e2-a26a-5ab1-806f-7d345fc1d8bc,birthday,15,no_share,high,prior,0.67,0.5
fbb5f9e2-a26a-5ab1-806f-7d345fc1d8bc,birthday,15,no_share,high,posterior,0.5,1.0
b20c16d4-bb27-5687-aebe-f050312b8496,soup,0,high_risk_share,low,prior,0.51,0.5
b20c16d4-bb27-5687-aebe-f050312b8496,soup,0,high_risk_share,low,posterior,1.0,1.0
b20c16d4-bb27-5687-aebe-f050312b8496,dip,1,no_share,low,prior,0.51,0.51
b20c16d4-bb27-5687-aebe-f050312b8496,dip,1,no_share,low,posterior,0.51,0.49
b20c16d4-bb27-5687-aebe-f050312b8496,brunch,2,high_risk_share,high,prior,0.51,0.24
b20c16d4-bb27-5687-aebe-f050312b8496,brunch,2,high_risk_share,high,posterior,1.0,1.0
b20c16d4-bb27-5687-aebe-f050312b8496,drinks,3,high_risk_share,low,prior,0.49,0.04
b20c16d4-bb27-5687-aebe-f050312b8496,drinks,3,high_risk_share,low,posterior,0.51,0.11
b20c16d4-bb27-5687-aebe-f050312b8496,gala,4,low_risk_share,low,prior,0.51,0.52
b20c16d4-bb27-5687-aebe-f050312b8496,gala,4,low_risk_share,low,posterior,0.51,0.0
b20c16d4-bb27-5687-aebe-f050312b8496,fair,5,high_risk_share,high,prior,0.52,0.51
b20c16d4-bb27-5687-aebe-f050312b8496,fair,5,high_risk_share,high,posterior,1.0,1.0
b20c16d4-bb27-5687-aebe-f050312b8496,takeout,6,no_share,high,prior,0.52,0.52
b20c16d4-bb27-5687-aebe-f050312b8496,takeout,6,no_share,high,posterior,0.0,0.53
b20c16d4-bb27-5687-aebe-f050312b8496,social,7,no_share,low,prior,0.51,0.51
b20c16d4-bb27-5687-aebe-f050312b8496,social,7,no_share,low,posterior,0.51,0.52
b20c16d4-bb27-5687-aebe-f050312b8496,basketball,8,no_share,high,prior,0.49,0.51
b20c16d4-bb27-5687-aebe-f050312b8496,basketball,8,no_share,high,posterior,0.0,1.0
b20c16d4-bb27-5687-aebe-f050312b8496,apples,9,low_risk_share,high,prior,0.52,0.52
b20c16d4-bb27-5687-aebe-f050312b8496,apples,9,low_risk_share,high,posterior,0.51,0.0
b20c16d4-bb27-5687-aebe-f050312b8496,hike,10,no_share,low,prior,0.52,0.52
b20c16d4-bb27-5687-aebe-f050312b8496,hike,10,no_share,low,posterior,0.5,0.5
b20c16d4-bb27-5687-aebe-f050312b8496,oysters,11,low_risk_share,low,prior,0.51,0.0
b20c16d4-bb27-5687-aebe-f050312b8496,oysters,11,low_risk_share,low,posterior,0.51,0.0
b20c16d4-bb27-5687-aebe-f050312b8496,wedding,12,high_risk_share,high,prior,0.52,1.0
b20c16d4-bb27-5687-aebe-f050312b8496,wedding,12,high_risk_share,high,posterior,1.0,0.52
b20c16d4-bb27-5687-aebe-f050312b8496,driving,13,low_risk_share,high,prior,0.53,0.0
b20c16d4-bb27-5687-aebe-f050312b8496,driving,13,low_risk_share,high,posterior,0.51,0.03
b20c16d4-bb27-5687-aebe-f050312b8496,birthday,14,low_risk_share,high,prior,0.51,0.0
b20c16d4-bb27-5687-aebe-f050312b8496,birthday,14,low_risk_share,high,posterior,0.52,0.0
b20c16d4-bb27-5687-aebe-f050312b8496,cooking,15,low_risk_share,low,prior,0.51,0.0
b20c16d4-bb27-5687-aebe-f050312b8496,cooking,15,low_risk_share,low,posterior,0.51,0.0
e7534ec6-25f2-593a-9d3b-a9eff484a43f,soup,0,high_risk_share,high,prior,0.78,0.48
e7534ec6-25f2-593a-9d3b-a9eff484a43f,soup,0,high_risk_share,high,posterior,0.24,0.57
e7534ec6-25f2-593a-9d3b-a9eff484a43f,takeout,1,no_share,high,prior,0.36,0.77
e7534ec6-25f2-593a-9d3b-a9eff484a43f,takeout,1,no_share,high,posterior,0.26,0.81
e7534ec6-25f2-593a-9d3b-a9eff484a43f,driving,2,no_share,high,prior,0.41,0.61
e7534ec6-25f2-593a-9d3b-a9eff484a43f,driving,2,no_share,high,posterior,0.3,0.83
e7534ec6-25f2-593a-9d3b-a9eff484a43f,fair,3,low_risk_share,low,prior,0.17,0.45
e7534ec6-25f2-593a-9d3b-a9eff484a43f,fair,3,low_risk_share,low,posterior,0.17,0.55
e7534ec6-25f2-593a-9d3b-a9eff484a43f,basketball,4,high_risk_share,low,prior,0.33,0.29
e7534ec6-25f2-593a-9d3b-a9eff484a43f,basketball,4,high_risk_share,low,posterior,0.5,0.94
e7534ec6-25f2-593a-9d3b-a9eff484a43f,social,5,no_share,low,prior,0.33,0.84
e7534ec6-25f2-593a-9d3b-a9eff484a43f,social,5,no_share,low,posterior,0.32,0.82
e7534ec6-25f2-593a-9d3b-a9eff484a43f,oysters,6,low_risk_share,high,prior,0.32,0.11
e7534ec6-25f2-593a-9d3b-a9eff484a43f,oysters,6,low_risk_share,high,posterior,0.34,0.64
e7534ec6-25f2-593a-9d3b-a9eff484a43f,cooking,7,high_risk_share,low,prior,0.33,0.77
e7534ec6-25f2-593a-9d3b-a9eff484a43f,cooking,7,high_risk_share,low,posterior,0.25,0.16
e7534ec6-25f2-593a-9d3b-a9eff484a43f,apples,8,high_risk_share,high,prior,0.22,0.82
e7534ec6-25f2-593a-9d3b-a9eff484a43f,apples,8,high_risk_share,high,posterior,0.26,0.31
e7534ec6-25f2-593a-9d3b-a9eff484a43f,hike,9,low_risk_share,low,prior,0.7,0.29
e7534ec6-25f2-593a-9d3b-a9eff484a43f,hike,9,low_risk_share,low,posterior,0.94,0.21
e7534ec6-25f2-593a-9d3b-a9eff484a43f,birthday,10,low_risk_share,high,prior,0.41,0.85
e7534ec6-25f2-593a-9d3b-a9eff484a43f,birthday,10,low_risk_share,high,posterior,0.13,0.52
e7534ec6-25f2-593a-9d3b-a9eff484a43f,brunch,11,high_risk_share,high,prior,0.33,0.59
e7534ec6-25f2-593a-9d3b-a9eff484a43f,brunch,11,high_risk_share,high,posterior,0.63,0.41
e7534ec6-25f2-593a-9d3b-a9eff484a43f,gala,12,low_risk_share,high,prior,0.88,0.6
e7534ec6-25f2-593a-9d3b-a9eff484a43f,gala,12,low_risk_share,high,posterior,0.77,0.38
e7534ec6-25f2-593a-9d3b-a9eff484a43f,wedding,13,low_risk_share,low,prior,0.39,0.74
e7534ec6-25f2-593a-9d3b-a9eff484a43f,wedding,13,low_risk_share,low,posterior,0.28,0.8
e7534ec6-25f2-593a-9d3b-a9eff484a43f,drinks,14,no_share,low,prior,0.78,0.43
e7534ec6-25f2-593a-9d3b-a9eff484a43f,drinks,14,no_share,low,posterior,0.48,0.17
e7534ec6-25f2-593a-9d3b-a9eff484a43f,dip,15,no_share,low,prior,0.64,0.33
e7534ec6-25f2-593a-9d3b-a9eff484a43f,dip,15,no_share,low,posterior,0.94,0.68
30ccedad-ed18-5c81-87d0-eacd9c236422,hike,0,high_risk_share,high,prior,0.73,0.27
30ccedad-ed18-5c81-87d0-eacd9c236422,hike,0,high_risk_share,high,posterior,0.87,0.21
30ccedad-ed18-5c81-87d0-eacd9c236422,social,1,low_risk_share,high,prior,0.59,0.37
30ccedad-ed18-5c81-87d0-eacd9c236422,social,1,low_risk_share,high,posterior,0.74,0.11
30ccedad-ed18-5c81-87d0-eacd9c236422,cooking,2,low_risk_share,low,prior,0.93,0.3
30ccedad-ed18-5c81-87d0-eacd9c236422,cooking,2,low_risk_share,low,posterior,0.77,0.28
30ccedad-ed18-5c81-87d0-eacd9c236422,takeout,3,low_risk_share,high,prior,0.37,0.42
30ccedad-ed18-5c81-87d0-eacd9c236422,takeout,3,low_risk_share,high,posterior,0.21,0.31
30ccedad-ed18-5c81-87d0-eacd9c236422,fair,4,no_share,low,prior,0.7,0.39
30ccedad-ed18-5c81-87d0-eacd9c236422,fair,4,no_share,low,posterior,0.38,0.79
30ccedad-ed18-5c81-87d0-eacd9c236422,brunch,5,no_share,low,prior,0.43,0.58
30ccedad-ed18-5c81-87d0-eacd9c236422,brunch,5,no_share,low,posterior,0.41,0.49
30ccedad-ed18-5c81-87d0-eacd9c236422,birthday,6,low_risk_share,high,prior,0.43,0.44
30ccedad-ed18-5c81-87d0-eacd9c236422,birthday,6,low_risk_share,high,posterior,0.63,0.28
30ccedad-ed18-5c81-87d0-eacd9c236422,driving,7,low_risk_share,low,prior,0.41,0.49
30ccedad-ed18-5c81-87d0-eacd9c236422,driving,7,low_risk_share,low,posterior,0.59,0.19
30ccedad-ed18-5c81-87d0-eacd9c236422,gala,8,high_risk_share,low,prior,0.49,0.49
30ccedad-ed18-5c81-87d0-eacd9c236422,gala,8,high_risk_share,low,posterior,0.72,0.31
30ccedad-ed18-5c81-87d0-eacd9c236422,dip,9,no_share,high,prior,0.63,0.44
30ccedad-ed18-5c81-87d0-eacd9c236422,dip,9,no_share,high,posterior,0.66,0.6
30ccedad-ed18-5c81-87d0-eacd9c236422,wedding,10,no_share,high,prior,0.65,0.41
30ccedad-ed18-5c81-87d0-eacd9c236422,wedding,10,no_share,high,posterior,0.6,0.63
30ccedad-ed18-5c81-87d0-eacd9c236422,oysters,11,no_share,low,prior,0.69,0.39
30ccedad-ed18-5c81-87d0-eacd9c236422,oysters,11,no_share,low,posterior,0.69,0.77
30ccedad-ed18-5c81-87d0-eacd9c236422,basketball,12,high_risk_share,low,prior,0.38,0.5
30ccedad-ed18-5c81-87d0-eacd9c236422,basketball,12,high_risk_share,low,posterior,0.75,0.25
30ccedad-ed18-5c81-87d0-eacd9c236422,drinks,13,high_risk_share,low,prior,0.44,0.55
30ccedad-ed18-5c81-87d0-eacd9c236422,drinks,13,high_risk_share,low,posterior,0.79,0.28
30ccedad-ed18-5c81-87d0-eacd9c236422,soup,14,high_risk_share,high,prior,0.43,0.51
30ccedad-ed18-5c81-87d0-eacd9c236422,soup,14,high_risk_share,high,posterior,0.85,0.3
30ccedad-ed18-5c81-87d0-eacd9c236422,apples,15,no_share,high,prior,0.59,0.44
30ccedad-ed18-5c81-87d0-eacd9c236422,apples,15,no_share,high,posterior,0.69,0.7
1ce2d4b0-7436-5875-8bf0-7a0a97616348,takeout,0,high_risk_share,low,prior,0.41,0.12
1ce2d4b0-7436-5875-8bf0-7a0a97616348,takeout,0,high_risk_share,low,posterior,0.79,0.16
1ce2d4b0-7436-5875-8bf0-7a0a97616348,cooking,1,high_risk_share,high,prior,0.62,0.61
1ce2d4b0-7436-5875-8bf0-7a0a97616348,cooking,1,high_risk_share,high,posterior,0.88,0.02
1ce2d4b0-7436-5875-8bf0-7a0a97616348,drinks,2,high_risk_share,low,prior,0.29,0.26
1ce2d4b0-7436-5875-8bf0-7a0a97616348,drinks,2,high_risk_share,low,posterior,0.57,0.64
1ce2d4b0-7436-5875-8bf0-7a0a97616348,social,3,no_share,high,prior,0.39,0.71
1ce2d4b0-7436-5875-8bf0-7a0a97616348,social,3,no_share,high,posterior,0.1,0.37
1ce2d4b0-7436-5875-8bf0-7a0a97616348,birthday,4,no_share,high,prior,0.38,0.31
1ce2d4b0-7436-5875-8bf0-7a0a97616348,birthday,4,no_share,high,posterior,0.18,0.17
1ce2d4b0-7436-5875-8bf0-7a0a97616348,dip,5,low_risk_share,high,prior,0.54,0.34
1ce2d4b0-7436-5875-8bf0-7a0a97616348,dip,5,low_risk_share,high,posterior,0.57,0.35
1ce2d4b0-7436-5875-8bf0-7a0a97616348,brunch,6,no_share,low,prior,0.58,0.74
1ce2d4b0-7436-5875-8bf0-7a0a97616348,brunch,6,no_share,low,posterior,0.58,0.59
1ce2d4b0-7436-5875-8bf0-7a0a97616348,gala,7,low_risk_share,low,prior,0.45,0.2
1ce2d4b0-7436-5875-8bf0-7a0a97616348,gala,7,low_risk_share,low,posterior,0.65,0.25
1ce2d4b0-7436-5875-8bf0-7a0a97616348,wedding,8,high_risk_share,high,prior,0.58,0.66
1ce2d4b0-7436-5875-8bf0-7a0a97616348,wedding,8,high_risk_share,high,posterior,0.6,0.69
1ce2d4b0-7436-5875-8bf0-7a0a97616348,apples,9,high_risk_share,high,prior,0.57,0.29
1ce2d4b0-7436-5875-8bf0-7a0a97616348,apples,9,high_risk_share,high,posterior,0.74,0.26
1ce2d4b0-7436-5875-8bf0-7a0a97616348,oysters,10,high_risk_share,low,prior,0.56,0.62
1ce2d4b0-7436-5875-8bf0-7a0a97616348,oysters,10,high_risk_share,low,posterior,0.7,0.41
1ce2d4b0-7436-5875-8bf0-7a0a97616348,driving,11,low_risk_share,low,prior,0.69,0.2
1ce2d4b0-7436-5875-8bf0-7a0a97616348,driving,11,low_risk_share,low,posterior,0.65,0.09
1ce2d4b0-7436-5875-8bf0-7a0a97616348,fair,12,low_risk_share,high,prior,0.57,0.29
1ce2d4b0-7436-5875-8bf0-7a0a97616348,fair,12,low_risk_share,high,posterior,0.65,0.09
1ce2d4b0-7436-5875-8bf0-7a0a97616348,hike,13,no_share,high,prior,0.68,0.68
1ce2d4b0-7436-5875-8bf0-7a0a97616348,hike,13,no_share,high,posterior,0.4,0.41
1ce2d4b0-7436-5875-8bf0-7a0a97616348,soup,14,no_share,low,prior,0.58,0.29
1ce2d4b0-7436-5875-8bf0-7a0a97616348,soup,14,no_share,low,posterior,0.11,0.12
1ce2d4b0-7436-5875-8bf0-7a0a97616348,basketball,15,low_risk_share,low,prior,0.56,0.32
1ce2d4b0-7436-5875-8bf0-7a0a97616348,basketball,15,low_risk_share,low,posterior,0.3,0.0
096dbe1d-4b64-5f6e-8cb2-22cb47c9e7c3,hike,0,no_share,high,prior,0.73,0.49
096dbe1d-4b64-5f6e-8cb2-22cb47c9e7c3,hike,0,no_share,high,posterior,0.4,0.51
096dbe1d-4b64-5f6e-8cb2-22cb47c9e7c3,takeout,1,high_risk_share,high,prior,0.64,0.68
096dbe1d-4b64-5f6e-8cb2-22cb47c9e7c3,takeout,1,high_risk_share,high,posterior,0.73,0.49
096dbe1d-4b64-5f6e-8cb2-22cb47c9e7c3,drinks,2,no_share,low,prior,0.36,0.51
096dbe1d-4b64-5f6e-8cb2-22cb47c9e7c3,drinks,2,no_share,low,posterior,0.36,0.54
096dbe1d-4b64-5f6e-8cb2-22cb47c9e7c3,basketball,3,low_risk_share,low,prior,0.58,0.74
096dbe1d-4b64-5f6e-8cb2-22cb47c9e7c3,basketball,3,low_risk_share,low,posterior,0.65,0.19
096dbe1d-4b64-5f6e-8cb2-22cb47c9e7c3,social,4,low_risk_share,high,prior,0.66,0.26
096dbe1d-4b64-5f6e-8cb2-22cb47c9e7c3,social,4,low_risk_share,high,posterior,0.57,0.06
096dbe1d-4b64-5f6e-8cb2-22cb47c9e7c3,driving,5,low_risk_share,high,prior,0.79,0.12
096dbe1d-4b64-5f6e-8cb2-22cb47c9e7c3,driving,5,low_risk_share,high,posterior,0.72,0.08
096dbe1d-4b64-5f6e-8cb2-22cb47c9e7c3,cooking,6,high_risk_share,low,prior,0.87,0.12
096dbe1d-4b64-5f6e-8cb2-22cb47c9e7c3,cooking,6,high_risk_share,low,posterior,0.85,0.74
096dbe1d-4b64-5f6e-8cb2-22cb47c9e7c3,apples,7,no_share,high,prior,0.5,0.29
096dbe1d-4b64-5f6e-8cb2-22cb47c9e7c3,apples,7,no_share,high,posterior,0.47,0.81
096dbe1d-4b64-5f6e-8cb2-22cb47c9e7c3,dip,8,low_risk_share,high,prior,0.86,0.19
096dbe1d-4b64-5f6e-8cb2-22cb47c9e7c3,dip,8,low_risk_share,high,posterior,0.71,0.15
096dbe1d-4b64-5f6e-8cb2-22cb47c9e7c3,soup,9,no_share,high,prior,0.45,0.76
096dbe1d-4b64-5f6e-8cb2-22cb47c9e7c3,soup,9,no_share,high,posterior,0.34,0.78
096dbe1d-4b64-5f6e-8cb2-22cb47c9e7c3,wedding,10,no_share,low,prior,0.38,0.75
096dbe1d-4b64-5f6e-8cb2-22cb47c9e7c3,wedding,10,no_share,low,posterior,0.23,0.82
096dbe1d-4b64-5f6e-8cb2-22cb47c9e7c3,fair,11,high_risk_share,low,prior,0.76,0.77
096dbe1d-4b64-5f6e-8cb2-22cb47c9e7c3,fair,11,high_risk_share,low,posterior,0.8,0.8
096dbe1d-4b64-5f6e-8cb2-22cb47c9e7c3,birthday,12,high_risk_share,high,prior,0.58,0.15
096dbe1d-4b64-5f6e-8cb2-22cb47c9e7c3,birthday,12,high_risk_share,high,posterior,0.85,0.82
096dbe1d-4b64-5f6e-8cb2-22cb47c9e7c3,brunch,13,high_risk_share,low,prior,0.7,0.74
096dbe1d-4b64-5f6e-8cb2-22cb47c9e7c3,brunch,13,high_risk_share,low,posterior,0.84,0.69
096dbe1d-4b64-5f6e-8cb2-22cb47c9e7c3,oysters,14,low_risk_share,low,prior,0.39,0.3
096dbe1d-4b64-5f6e-8cb2-22cb47c9e7c3,oysters,14,low_risk_share,low,posterior,0.29,0.22
096dbe1d-4b64-5f6e-8cb2-22cb47c9e7c3,gala,15,no_share,low,prior,0.57,0.28
096dbe1d-4b64-5f6e-8cb2-22cb47c9e7c3,gala,15,no_share,low,posterior,0.6,0.33
11c18b13-7dc6-50a6-9bc4-d7ec36dfa9fa,drinks,0,high_risk_share,high,prior,0.57,0.53
11c18b13-7dc6-50a6-9bc4-d7ec36dfa9fa,drinks,0,high_risk_share,high,posterior,0.69,0.72
11c18b13-7dc6-50a6-9bc4-d7ec36dfa9fa,driving,1,no_share,high,prior,0.57,0.33
11c18b13-7dc6-50a6-9bc4-d7ec36dfa9fa,driving,1,no_share,high,posterior,0.22,0.33
11c18b13-7dc6-50a6-9bc4-d7ec36dfa9fa,fair,2,low_risk_share,high,prior,0.55,0.18
11c18b13-7dc6-50a6-9bc4-d7ec36dfa9fa,fair,2,low_risk_share,high,posterior,0.41,0.1
11c18b13-7dc6-50a6-9bc4-d7ec36dfa9fa,soup,3,no_share,low,prior,0.51,0.33
11c18b13-7dc6-50a6-9bc4-d7ec36dfa9fa,soup,3,no_share,low,posterior,0.47,0.34
11c18b13-7dc6-50a6-9bc4-d7ec36dfa9fa,basketball,4,low_risk_share,high,prior,0.76,0.23
11c18b13-7dc6-50a6-9bc4-d7ec36dfa9fa,basketball,4,low_risk_share,high,posterior,0.65,0.11
11c18b13-7dc6-50a6-9bc4-d7ec36dfa9fa,takeout,5,no_share,low,prior,0.25,0.79
11c18b13-7dc6-50a6-9bc4-d7ec36dfa9fa,takeout,5,no_share,low,posterior,0.29,0.91
11c18b13-7dc6-50a6-9bc4-d7ec36dfa9fa,oysters,6,low_risk_share,low,prior,0.79,0.69
11c18b13-7dc6-50a6-9bc4-d7ec36dfa9fa,oysters,6,low_risk_share,low,posterior,0.58,0.7
11c18b13-7dc6-50a6-9bc4-d7ec36dfa9fa,apples,7,no_share,low,prior,0.62,0.58
11c18b13-7dc6-50a6-9bc4-d7ec36dfa9fa,apples,7,no_share,low,posterior,0.56,0.67
11c18b13-7dc6-50a6-9bc4-d7ec36dfa9fa,wedding,8,high_risk_share,low,prior,0.42,0.65
11c18b13-7dc6-50a6-9bc4-d7ec36dfa9fa,wedding,8,high_risk_share,low,posterior,0.72,0.72
11c18b13-7dc6-50a6-9bc4-d7ec36dfa9fa,social,9,low_risk_share,high,prior,0.6,0.29
11c18b13-7dc6-50a6-9bc4-d7ec36dfa9fa,social,9,low_risk_share,high,posterior,0.69,0.31
11c18b13-7dc6-50a6-9bc4-d7ec36dfa9fa,gala,10,high_risk_share,high,prior,0.66,0.33
11c18b13-7dc6-50a6-9bc4-d7ec36dfa9fa,gala,10,high_risk_share,high,posterior,0.8,0.31
11c18b13-7dc6-50a6-9bc4-d7ec36dfa9fa,brunch,11,low_risk_share,low,prior,0.75,0.74
11c18b13-7dc6-50a6-9bc4-d7ec36dfa9fa,brunch,11,low_risk_share,low,posterior,0.7,0.75
11c18b13-7dc6-50a6-9bc4-d7ec36dfa9fa,birthday,12,high_risk_share,high,prior,0.67,0.26
11c18b13-7dc6-50a6-9bc4-d7ec36dfa9fa,birthday,12,high_risk_share,high,posterior,0.8,0.24
11c18b13-7dc6-50a6-9bc4-d7ec36dfa9fa,hike,13,no_share,high,prior,0.68,0.24
11c18b13-7dc6-50a6-9bc4-d7ec36dfa9fa,hike,13,no_share,high,posterior,0.41,0.25
11c18b13-7dc6-50a6-9bc4-d7ec36dfa9fa,cooking,14,low_risk_share,low,prior,0.79,0.2
11c18b13-7dc6-50a6-9bc4-d7ec36dfa9fa,cooking,14,low_risk_share,low,posterior,0.69,0.23
11c18b13-7dc6-50a6-9bc4-d7ec36dfa9fa,dip,15,high_risk_share,low,prior,0.6,0.21
11c18b13-7dc6-50a6-9bc4-d7ec36dfa9fa,dip,15,high_risk_share,low,posterior,0.64,0.19
7a0b20fc-6ddd-5d42-90ef-c37bbd9a9198,brunch,0,high_risk_share,high,prior,0.93,0.34
7a0b20fc-6ddd-5d42-90ef-c37bbd9a9198,brunch,0,high_risk_share,high,posterior,0.93,0.35
7a0b20fc-6ddd-5d42-90ef-c37bbd9a9198,hike,1,high_risk_share,high,prior,1.0,0.65
7a0b20fc-6ddd-5d42-90ef-c37bbd9a9198,hike,1,high_risk_share,high,posterior,1.0,0.88
7a0b20fc-6ddd-5d42-90ef-c37bbd9a9198,fair,2,no_share,high,prior,0.93,0.07
7a0b20fc-6ddd-5d42-90ef-c37bbd9a9198,fair,2,no_share,high,posterior,0.8,0.06
7a0b20fc-6ddd-5d42-90ef-c37bbd9a9198,birthday,3,high_risk_share,low,prior,0.87,0.64
7a0b20fc-6ddd-5d42-90ef-c37bbd9a9198,birthday,3,high_risk_share,low,posterior,0.94,0.84
7a0b20fc-6ddd-5d42-90ef-c37bbd9a9198,dip,4,high_risk_share,low,prior,0.92,0.27
7a0b20fc-6ddd-5d42-90ef-c37bbd9a9198,dip,4,high_risk_share,low,posterior,1.0,0.59
7a0b20fc-6ddd-5d42-90ef-c37bbd9a9198,gala,5,low_risk_share,low,prior,0.63,0.28
7a0b20fc-6ddd-5d42-90ef-c37bbd9a9198,gala,5,low_risk_share,low,posterior,0.71,0.29
7a0b20fc-6ddd-5d42-90ef-c37bbd9a9198,driving,6,no_share,low,prior,0.81,0.25
7a0b20fc-6ddd-5d42-90ef-c37bbd9a9198,driving,6,no_share,low,posterior,0.72,0.67
7a0b20fc-6ddd-5d42-90ef-c37bbd9a9198,soup,7,no_share,high,prior,1.0,0.33
7a0b20fc-6ddd-5d42-90ef-c37bbd9a9198,soup,7,no_share,high,posterior,0.98,0.18
7a0b20fc-6ddd-5d42-90ef-c37bbd9a9198,basketball,8,high_risk_share,high,prior,0.66,0.57
7a0b20fc-6ddd-5d42-90ef-c37bbd9a9198,basketball,8,high_risk_share,high,posterior,1.0,0.21
7a0b20fc-6ddd-5d42-90ef-c37bbd9a9198,social,9,no_share,low,prior,0.8,0.63
7a0b20fc-6ddd-5d42-90ef-c37bbd9a9198,social,9,no_share,low,posterior,0.81,0.25
7a0b20fc-6ddd-5d42-90ef-c37bbd9a9198,drinks,10,low_risk_share,low,prior,0.72,0.74
7a0b20fc-6ddd-5d42-90ef-c37bbd9a9198,drinks,10,low_risk_share,low,posterior,0.77,0.76
7a0b20fc-6ddd-5d42-90ef-c37bbd9a9198,apples,11,no_share,high,prior,0.93,0.73
7a0b20fc-6ddd-5d42-90ef-c37bbd9a9198,apples,11,no_share,high,posterior,0.68,0.67
7a0b20fc-6ddd-5d42-90ef-c37bbd9a9198,wedding,12,low_risk_share,high,prior,0.93,0.6
7a0b20fc-6ddd-5d42-90ef-c37bbd9a9198,wedding,12,low_risk_share,high,posterior,0.92,0.62
7a0b20fc-6ddd-5d42-90ef-c37bbd9a9198,oysters,13,low_risk_share,high,prior,0.86,0.43
7a0b20fc-6ddd-5d42-90ef-c37bbd9a9198,oysters,13,low_risk_share,high,posterior,0.81,0.42
7a0b20fc-6ddd-5d42-90ef-c37bbd9a9198,takeout,14,high_risk_share,low,prior,0.97,0.97
7a0b20fc-6ddd-5d42-90ef-c37bbd9a9198,takeout,14,high_risk_share,low,posterior,1.0,1.0
7a0b20fc-6ddd-5d42-90ef-c37bbd9a9198,cooking,15,low_risk_share,low,prior,1.0,0.11
7a0b20fc-6ddd-5d42-90ef-c37bbd9a9198,cooking,15,low_risk_share,low,posterior,0.96,0.15
b6dc34d3-f9a7-5600-a67b-7e6a71aa8289,wedding,0,low_risk_share,high,prior,0.3,0.77
b6dc34d3-f9a7-5600-a67b-7e6a71aa8289,wedding,0,low_risk_share,high,posterior,0.33,0.28
b6dc34d3-f9a7-5600-a67b-7e6a71aa8289,cooking,1,low_risk_share,low,prior,0.64,0.04
b6dc34d3-f9a7-5600-a67b-7e6a71aa8289,cooking,1,low_risk_share,low,posterior,0.66,0.01
b6dc34d3-f9a7-5600-a67b-7e6a71aa8289,dip,2,high_risk_share,high,prior,0.73,0.24
b6dc34d3-f9a7-5600-a67b-7e6a71aa8289,dip,2,high_risk_share,high,posterior,0.69,0.79
b6dc34d3-f9a7-5600-a67b-7e6a71aa8289,oysters,3,no_share,low,prior,0.84,0.69
b6dc34d3-f9a7-5600-a67b-7e6a71aa8289,oysters,3,no_share,low,posterior,0.68,0.31
b6dc34d3-f9a7-5600-a67b-7e6a71aa8289,driving,4,low_risk_share,high,prior,0.76,0.0
b6dc34d3-f9a7-5600-a67b-7e6a71aa8289,driving,4,low_risk_share,high,posterior,0.78,0.11
b6dc34d3-f9a7-5600-a67b-7e6a71aa8289,birthday,5,high_risk_share,high,prior,0.74,0.05
b6dc34d3-f9a7-5600-a67b-7e6a71aa8289,birthday,5,high_risk_share,high,posterior,0.98,0.21
b6dc34d3-f9a7-5600-a67b-7e6a71aa8289,social,6,low_risk_share,low,prior,0.49,0.22
b6dc34d3-f9a7-5600-a67b-7e6a71aa8289,social,6,low_risk_share,low,posterior,0.68,0.18
b6dc34d3-f9a7-5600-a67b-7e6a71aa8289,basketball,7,high_risk_share,low,prior,0.73,0.06
b6dc34d3-f9a7-5600-a67b-7e6a71aa8289,basketball,7,high_risk_share,low,posterior,0.64,0.17
b6dc34d3-f9a7-5600-a67b-7e6a71aa8289,soup,8,low_risk_share,low,prior,0.72,0.75
b6dc34d3-f9a7-5600-a67b-7e6a71aa8289,soup,8,low_risk_share,low,posterior,0.76,0.21
b6dc34d3-f9a7-5600-a67b-7e6a71aa8289,apples,9,no_share,low,prior,0.76,0.03
b6dc34d3-f9a7-5600-a67b-7e6a71aa8289,apples,9,no_share,low,posterior,0.75,0.6
b6dc34d3-f9a7-5600-a67b-7e6a71aa8289,drinks,10,no_share,high,prior,0.91,0.15
b6dc34d3-f9a7-5600-a67b-7e6a71aa8289,drinks,10,no_share,high,posterior,0.74,0.04
b6dc34d3-f9a7-5600-a67b-7e6a71aa8289,takeout,11,high_risk_share,low,prior,0.77,0.88
b6dc34d3-f9a7-5600-a67b-7e6a71aa8289,takeout,11,high_risk_share,low,posterior,0.9,0.87
b6dc34d3-f9a7-5600-a67b-7e6a71aa8289,brunch,12,high_risk_share,high,prior,0.79,0.16
b6dc34d3-f9a7-5600-a67b-7e6a71aa8289,brunch,12,high_risk_share,high,posterior,0.8,0.21
b6dc34d3-f9a7-5600-a67b-7e6a71aa8289,fair,13,no_share,high,prior,0.82,0.21
b6dc34d3-f9a7-5600-a67b-7e6a71aa8289,fair,13,no_share,high,posterior,0.8,0.21
b6dc34d3-f9a7-5600-a67b-7e6a71aa8289,gala,14,high_risk_share,low,prior,0.92,0.13
b6dc34d3-f9a7-5600-a67b-7e6a71aa8289,gala,14,high_risk_share,low,posterior,0.94,0.06
b6dc34d3-f9a7-5600-a67b-7e6a71aa8289,hike,15,no_share,high,prior,0.57,0.73
b6dc34d3-f9a7-5600-a67b-7e6a71aa8289,hike,15,no_share,high,posterior,0.61,0.38
b38b072c-be55-59bf-b10e-07399d9eb7b7,drinks,0,low_risk_share,low,prior,0.24,0.73
b38b072c-be55-59bf-b10e-07399d9eb7b7,drinks,0,low_risk_share,low,posterior,0.76,0.22
b38b072c-be55-59bf-b10e-07399d9eb7b7,birthday,1,high_risk_share,high,prior,0.82,0.75
b38b072c-be55-59bf-b10e-07399d9eb7b7,birthday,1,high_risk_share,high,posterior,0.83,0.76
b38b072c-be55-59bf-b10e-07399d9eb7b7,hike,2,no_share,low,prior,0.32,0.73
b38b072c-be55-59bf-b10e-07399d9eb7b7,hike,2,no_share,low,posterior,0.24,0.82
b38b072c-be55-59bf-b10e-07399d9eb7b7,driving,3,high_risk_share,high,prior,0.76,0.28
b38b072c-be55-59bf-b10e-07399d9eb7b7,driving,3,high_risk_share,high,posterior,0.88,0.79
b38b072c-be55-59bf-b10e-07399d9eb7b7,brunch,4,low_risk_share,high,prior,0.83,0.27
b38b072c-be55-59bf-b10e-07399d9eb7b7,brunch,4,low_risk_share,high,posterior,0.29,0.24
b38b072c-be55-59bf-b10e-07399d9eb7b7,social,5,high_risk_share,low,prior,0.31,0.82
b38b072c-be55-59bf-b10e-07399d9eb7b7,social,5,high_risk_share,low,posterior,0.87,0.83
b38b072c-be55-59bf-b10e-07399d9eb7b7,wedding,6,low_risk_share,low,prior,0.28,0.29
b38b072c-be55-59bf-b10e-07399d9eb7b7,wedding,6,low_risk_share,low,posterior,0.28,0.28
b38b072c-be55-59bf-b10e-07399d9eb7b7,dip,7,no_share,high,prior,0.75,0.73
b38b072c-be55-59bf-b10e-07399d9eb7b7,dip,7,no_share,high,posterior,0.26,0.77
b38b072c-be55-59bf-b10e-07399d9eb7b7,soup,8,no_share,low,prior,0.26,0.28
b38b072c-be55-59bf-b10e-07399d9eb7b7,soup,8,no_share,low,posterior,0.22,0.17
b38b072c-be55-59bf-b10e-07399d9eb7b7,basketball,9,high_risk_share,low,prior,0.26,0.28
b38b072c-be55-59bf-b10e-07399d9eb7b7,basketball,9,high_risk_share,low,posterior,0.78,0.84
b38b072c-be55-59bf-b10e-07399d9eb7b7,fair,10,low_risk_share,high,prior,0.77,0.79
b38b072c-be55-59bf-b10e-07399d9eb7b7,fair,10,low_risk_share,high,posterior,0.24,0.22
b38b072c-be55-59bf-b10e-07399d9eb7b7,cooking,11,no_share,high,prior,0.72,0.25
b38b072c-be55-59bf-b10e-07399d9eb7b7,cooking,11,no_share,high,posterior,0.22,0.79
b38b072c-be55-59bf-b10e-07399d9eb7b7,gala,12,no_share,low,prior,0.2,0.81
b38b072c-be55-59bf-b10e-07399d9eb7b7,gala,12,no_share,low,posterior,0.23,0.79
b38b072c-be55-59bf-b10e-07399d9eb7b7,apples,13,low_risk_share,high,prior,0.29,0.7
b38b072c-be55-59bf-b10e-07399d9eb7b7,apples,13,low_risk_share,high,posterior,0.2,0.18
b38b072c-be55-59bf-b10e-07399d9eb7b7,oysters,14,no_share,high,prior,0.78,0.21
b38b072c-be55-59bf-b10e-07399d9eb7b7,oysters,14,no_share,high,posterior,0.2,0.78
b38b072c-be55-59bf-b10e-07399d9eb7b7,takeout,15,high_risk_share,low,prior,0.25,0.78
b38b072c-be55-59bf-b10e-07399d9eb7b7,takeout,15,high_risk_share,low,posterior,0.77,0.78
d960b63e-aac1-5576-afe4-367f00dec80f,cooking,0,no_share,low,prior,0.88,0.74
d960b63e-aac1-5576-afe4-367f00dec80f,cooking,0,no_share,low,posterior,0.93,0.78
d960b63e-aac1-5576-afe4-367f00dec80f,birthday,1,low_risk_share,low,prior,0.7,0.77
d960b63e-aac1-5576-afe4-367f00dec80f,birthday,1,low_risk_share,low,posterior,0.86,0.92
d960b63e-aac1-5576-afe4-367f00dec80f,soup,2,low_risk_share,low,prior,0.84,0.68
d960b63e-aac1-5576-afe4-367f00dec80f,soup,2,low_risk_share,low,posterior,0.83,0.9
d960b63e-aac1-5576-afe4-367f00dec80f,gala,3,high_risk_share,low,prior,0.53,0.69
d960b63e-aac1-5576-afe4-367f00dec80f,gala,3,high_risk_share,low,posterior,0.93,0.9
d960b63e-aac1-5576-afe4-367f00dec80f,takeout,4,no_share,high,prior,0.7,0.8
d960b63e-aac1-5576-afe4-367f00dec80f,takeout,4,no_share,high,posterior,0.64,0.75
d960b63e-aac1-5576-afe4-367f00dec80f,hike,5,low_risk_share,high,prior,0.73,0.72
d960b63e-aac1-5576-afe4-367f00dec80f,hike,5,low_risk_share,high,posterior,0.69,0.77
d960b63e-aac1-5576-afe4-367f00dec80f,social,6,no_share,high,prior,0.56,0.67
d960b63e-aac1-5576-afe4-367f00dec80f,social,6,no_share,high,posterior,0.55,0.64
d960b63e-aac1-5576-afe4-367f00dec80f,oysters,7,no_share,high,prior,0.75,0.74
d960b63e-aac1-5576-afe4-367f00dec80f,oysters,7,no_share,high,posterior,0.7,0.77
d960b63e-aac1-5576-afe4-367f00dec80f,basketball,8,low_risk_share,high,prior,0.74,0.77
d960b63e-aac1-5576-afe4-367f00dec80f,basketball,8,low_risk_share,high,posterior,0.79,0.87
d960b63e-aac1-5576-afe4-367f00dec80f,dip,9,high_risk_share,high,prior,0.86,0.86
d960b63e-aac1-5576-afe4-367f00dec80f,dip,9,high_risk_share,high,posterior,0.95,0.96
d960b63e-aac1-5576-afe4-367f00dec80f,brunch,10,no_share,low,prior,0.88,0.92
d960b63e-aac1-5576-afe4-367f00dec80f,brunch,10,no_share,low,posterior,0.81,0.87
d960b63e-aac1-5576-afe4-367f00dec80f,drinks,11,low_risk_share,high,prior,0.69,0.81
d960b63e-aac1-5576-afe4-367f00dec80f,drinks,11,low_risk_share,high,posterior,0.9,0.95
d960b63e-aac1-5576-afe4-367f00dec80f,apples,12,high_risk_share,low,prior,0.59,0.94
d960b63e-aac1-5576-afe4-367f00dec80f,apples,12,high_risk_share,low,posterior,0.95,0.93
d960b63e-aac1-5576-afe4-367f00dec80f,wedding,13,high_risk_share,low,prior,0.62,0.7
d960b63e-aac1-5576-afe4-367f00dec80f,wedding,13,high_risk_share,low,posterior,0.96,0.92
d960b63e-aac1-5576-afe4-367f00dec80f,fair,14,high_risk_share,high,prior,0.77,0.87
d960b63e-aac1-5576-afe4-367f00dec80f,fair,14,high_risk_share,high,posterior,0.91,0.91
d960b63e-aac1-5576-afe4-367f00dec80f,driving,15,no_share,low,prior,0.91,0.98
d960b63e-aac1-5576-afe4-367f00dec80f,driving,15,no_share,low,posterior,0.79,0.94
0de718f8-a8a2-5fe1-bcd5-ae1584fc908b,brunch,0,low_risk_share,low,prior,0.69,0.08
0de718f8-a8a2-5fe1-bcd5-ae1584fc908b,brunch,0,low_risk_share,low,posterior,0.6,0.04
0de718f8-a8a2-5fe1-bcd5-ae1584fc908b,takeout,1,no_share,low,prior,0.46,0.62
0de718f8-a8a2-5fe1-bcd5-ae1584fc908b,takeout,1,no_share,low,posterior,0.48,0.29
0de718f8-a8a2-5fe1-bcd5-ae1584fc908b,basketball,2,no_share,low,prior,0.53,0.09
0de718f8-a8a2-5fe1-bcd5-ae1584fc908b,basketball,2,no_share,low,posterior,0.48,0.49
0de718f8-a8a2-5fe1-bcd5-ae1584fc908b,fair,3,high_risk_share,low,prior,0.63,0.38
0de718f8-a8a2-5fe1-bcd5-ae1584fc908b,fair,3,high_risk_share,low,posterior,0.78,0.6
0de718f8-a8a2-5fe1-bcd5-ae1584fc908b,driving,4,high_risk_share,high,prior,0.6,0.33
0de718f8-a8a2-5fe1-bcd5-ae1584fc908b,driving,4,high_risk_share,high,posterior,0.76,0.84
0de718f8-a8a2-5fe1-bcd5-ae1584fc908b,drinks,5,high_risk_share,high,prior,0.64,0.51
0de718f8-a8a2-5fe1-bcd5-ae1584fc908b,drinks,5,high_risk_share,high,posterior,0.75,0.5
0de718f8-a8a2-5fe1-bcd5-ae1584fc908b,birthday,6,no_share,high,prior,0.63,0.16
0de718f8-a8a2-5fe1-bcd5-ae1584fc908b,birthday,6,no_share,high,posterior,0.4,0.78
0de718f8-a8a2-5fe1-bcd5-ae1584fc908b,oysters,7,low_risk_share,high,prior,0.64,0.5
0de718f8-a8a2-5fe1-bcd5-ae1584fc908b,oysters,7,low_risk_share,high,posterior,0.59,0.08
0de718f8-a8a2-5fe1-bcd5-ae1584fc908b,dip,8,no_share,high,prior,0.67,0.29
0de718f8-a8a2-5fe1-bcd5-ae1584fc908b,dip,8,no_share,high,posterior,0.69,0.63
0de718f8-a8a2-5fe1-bcd5-ae1584fc908b,soup,9,low_risk_share,high,prior,0.65,0.5
0de718f8-a8a2-5fe1-bcd5-ae1584fc908b,soup,9,low_risk_share,high,posterior,0.67,0.12
0de718f8-a8a2-5fe1-bcd5-ae1584fc908b,hike,10,high_risk_share,low,prior,0.68,0.51
0de718f8-a8a2-5fe1-bcd5-ae1584fc908b,hike,10,high_risk_share,low,posterior,0.84,0.49
0de718f8-a8a2-5fe1-bcd5-ae1584fc908b,gala,11,low_risk_share,low,prior,0.54,0.47
0de718f8-a8a2-5fe1-bcd5-ae1584fc908b,gala,11,low_risk_share,low,posterior,0.92,0.03
0de718f8-a8a2-5fe1-bcd5-ae1584fc908b,cooking,12,low_risk_share,low,prior,0.71,0.32
0de718f8-a8a2-5fe1-bcd5-ae1584fc908b,cooking,12,low_risk_share,low,posterior,0.75,0.1
0de718f8-a8a2-5fe1-bcd5-ae1584fc908b,wedding,13,high_risk_share,high,prior,0.59,0.49
0de718f8-a8a2-5fe1-bcd5-ae1584fc908b,wedding,13,high_risk_share,high,posterior,0.88,0.57
0de718f8-a8a2-5fe1-bcd5-ae1584fc908b,social,14,low_risk_share,high,prior,0.6,0.36
0de718f8-a8a2-5fe1-bcd5-ae1584fc908b,social,14,low_risk_share,high,posterior,0.69,0.05
0de718f8-a8a2-5fe1-bcd5-ae1584fc908b,apples,15,no_share,low,prior,0.54,0.5
0de718f8-a8a2-5fe1-bcd5-ae1584fc908b,apples,15,no_share,low,posterior,0.54,0.51
11fb7f8f-0a27-5dcc-a2e1-e69fc7f43b6b,cooking,0,no_share,low,prior,0.63,0.15
11fb7f8f-0a27-5dcc-a2e1-e69fc7f43b6b,cooking,0,no_share,low,posterior,0.64,0.06
11fb7f8f-0a27-5dcc-a2e1-e69fc7f43b6b,dip,1,high_risk_share,high,prior,0.58,0.27
11fb7f8f-0a27-5dcc-a2e1-e69fc7f43b6b,dip,1,high_risk_share,high,posterior,0.82,0.21
11fb7f8f-0a27-5dcc-a2e1-e69fc7f43b6b,birthday,2,no_share,low,prior,0.42,0.52
11fb7f8f-0a27-5dcc-a2e1-e69fc7f43b6b,birthday,2,no_share,low,posterior,0.31,0.55
11fb7f8f-0a27-5dcc-a2e1-e69fc7f43b6b,social,3,high_risk_share,low,prior,0.72,0.22
11fb7f8f-0a27-5dcc-a2e1-e69fc7f43b6b,social,3,high_risk_share,low,posterior,0.94,0.26
11fb7f8f-0a27-5dcc-a2e1-e69fc7f43b6b,wedding,4,low_risk_share,low,prior,0.79,0.59
11fb7f8f-0a27-5dcc-a2e1-e69fc7f43b6b,wedding,4,low_risk_share,low,posterior,0.9,0.3
11fb7f8f-0a27-5dcc-a2e1-e69fc7f43b6b,driving,5,high_risk_share,high,prior,0.67,0.13
11fb7f8f-0a27-5dcc-a2e1-e69fc7f43b6b,driving,5,high_risk_share,high,posterior,0.97,0.36
11fb7f8f-0a27-5dcc-a2e1-e69fc7f43b6b,soup,6,low_risk_share,high,prior,0.79,0.5
11fb7f8f-0a27-5dcc-a2e1-e69fc7f43b6b,soup,6,low_risk_share,high,posterior,0.62,0.08
11fb7f8f-0a27-5dcc-a2e1-e69fc7f43b6b,drinks,7,low_risk_share,low,prior,0.3,0.45
11fb7f8f-0a27-5dcc-a2e1-e69fc7f43b6b,drinks,7,low_risk_share,low,posterior,0.41,0.13
11fb7f8f-0a27-5dcc-a2e1-e69fc7f43b6b,apples,8,no_share,high,prior,0.68,0.32
11fb7f8f-0a27-5dcc-a2e1-e69fc7f43b6b,apples,8,no_share,high,posterior,0.38,0.44
11fb7f8f-0a27-5dcc-a2e1-e69fc7f43b6b,gala,9,no_share,high,prior,0.77,0.35
11fb7f8f-0a27-5dcc-a2e1-e69fc7f43b6b,gala,9,no_share,high,posterior,0.43,0.61
11fb7f8f-0a27-5dcc-a2e1-e69fc7f43b6b,takeout,10,low_risk_share,low,prior,0.12,0.82
11fb7f8f-0a27-5dcc-a2e1-e69fc7f43b6b,takeout,10,low_risk_share,low,posterior,0.1,0.39
11fb7f8f-0a27-5dcc-a2e1-e69fc7f43b6b,hike,11,low_risk_share,high,prior,0.7,0.21
11fb7f8f-0a27-5dcc-a2e1-e69fc7f43b6b,hike,11,low_risk_share,high,posterior,0.79,0.09
11fb7f8f-0a27-5dcc-a2e1-e69fc7f43b6b,oysters,12,high_risk_share,high,prior,0.58,0.41
11fb7f8f-0a27-5dcc-a2e1-e69fc7f43b6b,oysters,12,high_risk_share,high,posterior,0.97,0.58
11fb7f8f-0a27-5dcc-a2e1-e69fc7f43b6b,brunch,13,no_share,high,prior,0.42,0.37
11fb7f8f-0a27-5dcc-a2e1-e69fc7f43b6b,brunch,13,no_share,high,posterior,0.29,0.43
11fb7f8f-0a27-5dcc-a2e1-e69fc7f43b6b,basketball,14,high_risk_share,low,prior,0.63,0.32
11fb7f8f-0a27-5dcc-a2e1-e69fc7f43b6b,basketball,14,high_risk_share,low,posterior,0.93,0.29
11fb7f8f-0a27-5dcc-a2e1-e69fc7f43b6b,fair,15,high_risk_share,low,prior,0.65,0.44
11fb7f8f-0a27-5dcc-a2e1-e69fc7f43b6b,fair,15,high_risk_share,low,posterior,0.88,0.43
e0c2c140-2799-5b66-80f0-332a8878ad85,takeout,0,low_risk_share,high,prior,0.21,0.81
e0c2c140-2799-5b66-80f0-332a8878ad85,takeout,0,low_risk_share,high,posterior,0.08,0.73
e0c2c140-2799-5b66-80f0-332a8878ad85,apples,1,high_risk_share,low,prior,0.86,0.1
e0c2c140-2799-5b66-80f0-332a8878ad85,apples,1,high_risk_share,low,posterior,0.93,0.64
e0c2c140-2799-5b66-80f0-332a8878ad85,driving,2,no_share,low,prior,0.29,0.1
e0c2c140-2799-5b66-80f0-332a8878ad85,driving,2,no_share,low,posterior,0.14,0.65
e0c2c140-2799-5b66-80f0-332a8878ad85,fair,3,low_risk_share,low,prior,0.62,0.58
e0c2c140-2799-5b66-80f0-332a8878ad85,fair,3,low_risk_share,low,posterior,0.45,0.37
e0c2c140-2799-5b66-80f0-332a8878ad85,soup,4,low_risk_share,low,prior,0.55,0.38
e0c2c140-2799-5b66-80f0-332a8878ad85,soup,4,low_risk_share,low,posterior,0.4,0.31
e0c2c140-2799-5b66-80f0-332a8878ad85,cooking,5,high_risk_share,high,prior,0.7,0.2
e0c2c140-2799-5b66-80f0-332a8878ad85,cooking,5,high_risk_share,high,posterior,0.93,0.67
e0c2c140-2799-5b66-80f0-332a8878ad85,oysters,6,high_risk_share,high,prior,0.62,0.41
e0c2c140-2799-5b66-80f0-332a8878ad85,oysters,6,high_risk_share,high,posterior,0.85,0.73
e0c2c140-2799-5b66-80f0-332a8878ad85,brunch,7,low_risk_share,low,prior,0.57,0.67
e0c2c140-2799-5b66-80f0-332a8878ad85,brunch,7,low_risk_share,low,posterior,0.57,0.66
e0c2c140-2799-5b66-80f0-332a8878ad85,drinks,8,high_risk_share,low,prior,0.36,0.64
e0c2c140-2799-5b66-80f0-332a8878ad85,drinks,8,high_risk_share,low,posterior,0.65,0.61
e0c2c140-2799-5b66-80f0-332a8878ad85,hike,9,high_risk_share,high,prior,0.61,0.78
e0c2c140-2799-5b66-80f0-332a8878ad85,hike,9,high_risk_share,high,posterior,0.76,0.86
e0c2c140-2799-5b66-80f0-332a8878ad85,birthday,10,no_share,high,prior,0.38,0.27
e0c2c140-2799-5b66-80f0-332a8878ad85,birthday,10,no_share,high,posterior,0.31,0.64
e0c2c140-2799-5b66-80f0-332a8878ad85,wedding,11,no_share,low,prior,0.78,0.57
e0c2c140-2799-5b66-80f0-332a8878ad85,wedding,11,no_share,low,posterior,0.55,0.6
e0c2c140-2799-5b66-80f0-332a8878ad85,gala,12,low_risk_share,high,prior,0.63,0.7
e0c2c140-2799-5b66-80f0-332a8878ad85,gala,12,low_risk_share,high,posterior,0.36,0.31
e0c2c140-2799-5b66-80f0-332a8878ad85,dip,13,no_share,high,prior,0.68,0.38
e0c2c140-2799-5b66-80f0-332a8878ad85,dip,13,no_share,high,posterior,0.58,0.4
e0c2c140-2799-5b66-80f0-332a8878ad85,social,14,high_risk_share,low,prior,0.41,0.63
e0c2c140-2799-5b66-80f0-332a8878ad85,social,14,high_risk_share,low,posterior,0.59,0.66
e0c2c140-2799-5b66-80f0-332a8878ad85,basketball,15,no_share,high,prior,0.59,0.32
e0c2c140-2799-5b66-80f0-332a8878ad85,basketball,15,no_share,high,posterior,0.63,0.39
710b1b6d-2f90-5edc-a716-4a47a1caa4d7,brunch,0,low_risk_share,high,prior,0.85,0.63
710b1b6d-2f90-5edc-a716-4a47a1caa4d7,brunch,0,low_risk_share,high,posterior,0.36,0.67
710b1b6d-2f90-5edc-a716-4a47a1caa4d7,soup,1,no_share,high,prior,0.27,0.29
710b1b6d-2f90-5edc-a716-4a47a1caa4d7,soup,1,no_share,high,posterior,0.13,0.31
710b1b6d-2f90-5edc-a716-4a47a1caa4d7,driving,2,low_risk_share,high,prior,0.62,0.79
710b1b6d-2f90-5edc-a716-4a47a1caa4d7,driving,2,low_risk_share,high,posterior,0.26,0.36
710b1b6d-2f90-5edc-a716-4a47a1caa4d7,social,3,high_risk_share,low,prior,0.57,0.56
710b1b6d-2f90-5edc-a716-4a47a1caa4d7,social,3,high_risk_share,low,posterior,0.63,0.62
710b1b6d-2f90-5edc-a716-4a47a1caa4d7,hike,4,high_risk_share,low,prior,0.3,0.74
710b1b6d-2f90-5edc-a716-4a47a1caa4d7,hike,4,high_risk_share,low,posterior,0.3,0.57
710b1b6d-2f90-5edc-a716-4a47a1caa4d7,birthday,5,no_share,high,prior,0.6,0.58
710b1b6d-2f90-5edc-a716-4a47a1caa4d7,birthday,5,no_share,high,posterior,0.61,0.63
710b1b6d-2f90-5edc-a716-4a47a1caa4d7,cooking,6,low_risk_share,low,prior,0.93,0.35
710b1b6d-2f90-5edc-a716-4a47a1caa4d7,cooking,6,low_risk_share,low,posterior,0.7,0.36
710b1b6d-2f90-5edc-a716-4a47a1caa4d7,gala,7,no_share,low,prior,0.31,0.68
710b1b6d-2f90-5edc-a716-4a47a1caa4d7,gala,7,no_share,low,posterior,0.21,0.29
710b1b6d-2f90-5edc-a716-4a47a1caa4d7,fair,8,high_risk_share,high,prior,0.36,0.73
710b1b6d-2f90-5edc-a716-4a47a1caa4d7,fair,8,high_risk_share,high,posterior,0.89,0.61
710b1b6d-2f90-5edc-a716-4a47a1caa4d7,oysters,9,high_risk_share,high,prior,0.86,0.3
710b1b6d-2f90-5edc-a716-4a47a1caa4d7,oysters,9,high_risk_share,high,posterior,0.76,0.31
710b1b6d-2f90-5edc-a716-4a47a1caa4d7,basketball,10,no_share,high,prior,0.61,0.37
710b1b6d-2f90-5edc-a716-4a47a1caa4d7,basketball,10,no_share,high,posterior,0.18,0.77
710b1b6d-2f90-5edc-a716-4a47a1caa4d7,takeout,11,low_risk_share,low,prior,0.74,0.78
710b1b6d-2f90-5edc-a716-4a47a1caa4d7,takeout,11,low_risk_share,low,posterior,0.08,0.43
710b1b6d-2f90-5edc-a716-4a47a1caa4d7,drinks,12,high_risk_share,high,prior,0.62,0.35
710b1b6d-2f90-5edc-a716-4a47a1caa4d7,drinks,12,high_risk_share,high,posterior,0.82,0.5
710b1b6d-2f90-5edc-a716-4a47a1caa4d7,wedding,13,no_share,low,prior,0.18,0.38
710b1b6d-2f90-5edc-a716-4a47a1caa4d7,wedding,13,no_share,low,posterior,0.13,0.41
710b1b6d-2f90-5edc-a716-4a47a1caa4d7,apples,14,high_risk_share,low,prior,0.28,0.3
710b1b6d-2f90-5edc-a716-4a47a1caa4d7,apples,14,high_risk_share,low,posterior,0.21,0.7
710b1b6d-2f90-5edc-a716-4a47a1caa4d7,dip,15,low_risk_share,low,prior,0.78,0.27
710b1b6d-2f90-5edc-a716-4a47a1caa4d7,dip,15,low_risk_share,low,posterior,0.66,0.33
6b7699c2-cbd7-53ce-8672-3f3e2deac150,drinks,0,low_risk_share,high,prior,0.96,0.21
6b7699c2-cbd7-53ce-8672-3f3e2deac150,drinks,0,low_risk_share,high,posterior,0.97,0.06
6b7699c2-cbd7-53ce-8672-3f3e2deac150,fair,1,no_share,low,prior,0.89,0.82
6b7699c2-cbd7-53ce-8672-3f3e2deac150,fair,1,no_share,low,posterior,0.62,1.0
6b7699c2-cbd7-53ce-8672-3f3e2deac150,dip,2,high_risk_share,low,prior,0.82,0.09
6b7699c2-cbd7-53ce-8672-3f3e2deac150,dip,2,high_risk_share,low,posterior,0.87,0.0
6b7699c2-cbd7-53ce-8672-3f3e2deac150,birthday,3,low_risk_share,high,prior,0.85,0.07
6b7699c2-cbd7-53ce-8672-3f3e2deac150,birthday,3,low_risk_share,high,posterior,0.81,0.0
6b7699c2-cbd7-53ce-8672-3f3e2deac150,social,4,high_risk_share,high,prior,0.63,0.0
6b7699c2-cbd7-53ce-8672-3f3e2deac150,social,4,high_risk_share,high,posterior,1.0,1.0
6b7699c2-cbd7-53ce-8672-3f3e2deac150,basketball,5,no_share,low,prior,0.68,0.79
6b7699c2-cbd7-53ce-8672-3f3e2deac150,basketball,5,no_share,low,posterior,0.3,0.99
6b7699c2-cbd7-53ce-8672-3f3e2deac150,gala,6,no_share,high,prior,1.0,0.82
6b7699c2-cbd7-53ce-8672-3f3e2deac150,gala,6,no_share,high,posterior,0.38,0.51
6b7699c2-cbd7-53ce-8672-3f3e2deac150,wedding,7,no_share,high,prior,0.69,0.49
6b7699c2-cbd7-53ce-8672-3f3e2deac150,wedding,7,no_share,high,posterior,0.24,0.69
6b7699c2-cbd7-53ce-8672-3f3e2deac150,cooking,8,low_risk_share,low,prior,0.72,0.32
6b7699c2-cbd7-53ce-8672-3f3e2deac150,cooking,8,low_risk_share,low,posterior,0.37,0.21
6b7699c2-cbd7-53ce-8672-3f3e2deac150,apples,9,low_risk_share,low,prior,0.6,0.31
6b7699c2-cbd7-53ce-8672-3f3e2deac150,apples,9,low_risk_share,low,posterior,0.53,0.17
6b7699c2-cbd7-53ce-8672-3f3e2deac150,driving,10,low_risk_share,low,prior,0.83,0.82
6b7699c2-cbd7-53ce-8672-3f3e2deac150,driving,10,low_risk_share,low,posterior,0.93,0.05
6b7699c2-cbd7-53ce-8672-3f3e2deac150,oysters,11,high_risk_share,low,prior,0.76,0.24
6b7699c2-cbd7-53ce-8672-3f3e2deac150,oysters,11,high_risk_share,low,posterior,0.99,0.81
6b7699c2-cbd7-53ce-8672-3f3e2deac150,hike,12,high_risk_share,low,prior,0.67,0.68
6b7699c2-cbd7-53ce-8672-3f3e2deac150,hike,12,high_risk_share,low,posterior,0.9,0.92
6b7699c2-cbd7-53ce-8672-3f3e2deac150,soup,13,high_risk_share,high,prior,0.89,0.92
6b7699c2-cbd7-53ce-8672-3f3e2deac150,soup,13,high_risk_share,high,posterior,0.91,0.61
6b7699c2-cbd7-53ce-8672-3f3e2deac150,takeout,14,high_risk_share,high,prior,0.88,0.89
6b7699c2-cbd7-53ce-8672-3f3e2deac150,takeout,14,high_risk_share,high,posterior,1.0,0.95
6b7699c2-cbd7-53ce-8672-3f3e2deac150,brunch,15,no_share,high,prior,0.28,0.44
6b7699c2-cbd7-53ce-8672-3f3e2deac150,brunch,15,no_share,high,posterior,0.14,0.83
ba097d28-d587-5e72-9696-75dda0fb6880,social,0,no_share,low,prior,0.54,0.65
ba097d28-d587-5e72-9696-75dda0fb6880,social,0,no_share,low,posterior,0.55,0.74
ba097d28-d587-5e72-9696-75dda0fb6880,takeout,1,high_risk_share,high,prior,0.46,0.63
ba097d28-d587-5e72-9696-75dda0fb6880,takeout,1,high_risk_share,high,posterior,0.58,0.8
ba097d28-d587-5e72-9696-75dda0fb6880,apples,2,no_share,low,prior,0.51,0.47
ba097d28-d587-5e72-9696-75dda0fb6880,apples,2,no_share,low,posterior,0.5,0.51
ba097d28-d587-5e72-9696-75dda0fb6880,oysters,3,high_risk_share,low,prior,0.5,0.47
ba097d28-d587-5e72-9696-75dda0fb6880,oysters,3,high_risk_share,low,posterior,0.6,0.61
ba097d28-d587-5e72-9696-75dda0fb6880,drinks,4,high_risk_share,high,prior,0.58,0.56
ba097d28-d587-5e72-9696-75dda0fb6880,drinks,4,high_risk_share,high,posterior,0.56,0.69
ba097d28-d587-5e72-9696-75dda0fb6880,wedding,5,low_risk_share,low,prior,0.5,0.57
ba097d28-d587-5e72-9696-75dda0fb6880,wedding,5,low_risk_share,low,posterior,0.5,0.35
ba097d28-d587-5e72-9696-75dda0fb6880,basketball,6,no_share,high,prior,0.62,0.56
ba097d28-d587-5e72-9696-75dda0fb6880,basketball,6,no_share,high,posterior,0.46,0.86
ba097d28-d587-5e72-9696-75dda0fb6880,dip,7,no_share,high,prior,0.58,0.37
ba097d28-d587-5e72-9696-75dda0fb6880,dip,7,no_share,high,posterior,0.55,0.59
ba097d28-d587-5e72-9696-75dda0fb6880,driving,8,low_risk_share,high,prior,0.63,0.41
ba097d28-d587-5e72-9696-75dda0fb6880,driving,8,low_risk_share,high,posterior,0.56,0.22
ba097d28-d587-5e72-9696-75dda0fb6880,birthday,9,low_risk_share,low,prior,0.52,0.67
ba097d28-d587-5e72-9696-75dda0fb6880,birthday,9,low_risk_share,low,posterior,0.5,0.26
ba097d28-d587-5e72-9696-75dda0fb6880,cooking,10,high_risk_share,low,prior,0.63,0.4
ba097d28-d587-5e72-9696-75dda0fb6880,cooking,10,high_risk_share,low,posterior,0.77,0.49
ba097d28-d587-5e72-9696-75dda0fb6880,brunch,11,low_risk_share,high,prior,0.51,0.58
ba097d28-d587-5e72-9696-75dda0fb6880,brunch,11,low_risk_share,high,posterior,0.5,0.44
ba097d28-d587-5e72-9696-75dda0fb6880,hike,12,low_risk_share,low,prior,0.6,0.44
ba097d28-d587-5e72-9696-75dda0fb6880,hike,12,low_risk_share,low,posterior,0.59,0.32
ba097d28-d587-5e72-9696-75dda0fb6880,gala,13,high_risk_share,low,prior,0.5,0.5
ba097d28-d587-5e72-9696-75dda0fb6880,gala,13,high_risk_share,low,posterior,0.65,0.61
ba097d28-d587-5e72-9696-75dda0fb6880,soup,14,no_share,high,prior,0.64,0.45
ba097d28-d587-5e72-9696-75dda0fb6880,soup,14,no_share,high,posterior,0.54,0.77
ba097d28-d587-5e72-9696-75dda0fb6880,fair,15,high_risk_share,high,prior,0.57,0.5
ba097d28-d587-5e72-9696-75dda0fb6880,fair,15,high_risk_share,high,posterior,0.75,0.63
1ed0a951-10db-59c9-abfa-aa2aeef8d0b5,hike,0,no_share,low,prior,0.77,0.0
1ed0a951-10db-59c9-abfa-aa2aeef8d0b5,hike,0,no_share,low,posterior,0.5,0.0
1ed0a951-10db-59c9-abfa-aa2aeef8d0b5,dip,1,no_share,low,prior,0.84,0.0
1ed0a951-10db-59c9-abfa-aa2aeef8d0b5,dip,1,no_share,low,posterior,0.89,0.0
1ed0a951-10db-59c9-abfa-aa2aeef8d0b5,driving,2,no_share,high,prior,0.26,0.93
1ed0a951-10db-59c9-abfa-aa2aeef8d0b5,driving,2,no_share,high,posterior,0.18,0.76
1ed0a951-10db-59c9-abfa-aa2aeef8d0b5,birthday,3,low_risk_share,high,prior,0.81,0.0
1ed0a951-10db-59c9-abfa-aa2aeef8d0b5,birthday,3,low_risk_share,high,posterior,0.81,0.0
1ed0a951-10db-59c9-abfa-aa2aeef8d0b5,cooking,4,low_risk_share,high,prior,0.77,0.5
1ed0a951-10db-59c9-abfa-aa2aeef8d0b5,cooking,4,low_risk_share,high,posterior,0.52,0.0
1ed0a951-10db-59c9-abfa-aa2aeef8d0b5,oysters,5,no_share,high,prior,0.79,0.75
1ed0a951-10db-59c9-abfa-aa2aeef8d0b5,oysters,5,no_share,high,posterior,0.0,0.0
1ed0a951-10db-59c9-abfa-aa2aeef8d0b5,gala,6,high_risk_share,high,prior,1.0,1.0
1ed0a951-10db-59c9-abfa-aa2aeef8d0b5,gala,6,high_risk_share,high,posterior,1.0,0.51
1ed0a951-10db-59c9-abfa-aa2aeef8d0b5,brunch,7,low_risk_share,high,prior,0.8,0.0
1ed0a951-10db-59c9-abfa-aa2aeef8d0b5,brunch,7,low_risk_share,high,posterior,0.4,0.13
1ed0a951-10db-59c9-abfa-aa2aeef8d0b5,apples,8,low_risk_share,low,prior,0.94,0.0
1ed0a951-10db-59c9-abfa-aa2aeef8d0b5,apples,8,low_risk_share,low,posterior,0.8,0.0
1ed0a951-10db-59c9-abfa-aa2aeef8d0b5,drinks,9,high_risk_share,low,prior,1.0,1.0
1ed0a951-10db-59c9-abfa-aa2aeef8d0b5,drinks,9,high_risk_share,low,posterior,1.0,1.0
1ed0a951-10db-59c9-abfa-aa2aeef8d0b5,basketball,10,low_risk_share,low,prior,0.82,1.0
1ed0a951-10db-59c9-abfa-aa2aeef8d0b5,basketball,10,low_risk_share,low,posterior,0.6,0.0
1ed0a951-10db-59c9-abfa-aa2aeef8d0b5,social,11,high_risk_share,low,prior,0.54,1.0
1ed0a951-10db-59c9-abfa-aa2aeef8d0b5,social,11,high_risk_share,low,posterior,1.0,1.0
1ed0a951-10db-59c9-abfa-aa2aeef8d0b5,soup,12,high_risk_share,high,prior,0.76,1.0
1ed0a951-10db-59c9-abfa-aa2aeef8d0b5,soup,12,high_risk_share,high,posterior,0.88,1.0
1ed0a951-10db-59c9-abfa-aa2aeef8d0b5,wedding,13,no_share,low,prior,0.91,0.11
1ed0a951-10db-59c9-abfa-aa2aeef8d0b5,wedding,13,no_share,low,posterior,0.47,1.0
1ed0a951-10db-59c9-abfa-aa2aeef8d0b5,takeout,14,high_risk_share,low,prior,0.55,0.0
1ed0a951-10db-59c9-abfa-aa2aeef8d0b5,takeout,14,high_risk_share,low,posterior,0.55,1.0
1ed0a951-10db-59c9-abfa-aa2aeef8d0b5,fair,15,no_share,high,prior,1.0,1.0
1ed0a951-10db-59c9-abfa-aa2aeef8d0b5,fair,15,no_share,high,posterior,0.51,0.5
1d6d6ee4-2383-58be-b24f-8c73c9b9cddb,wedding,0,high_risk_share,high,prior,0.0,0.0
1d6d6ee4-2383-58be-b24f-8c73c9b9cddb,wedding,0,high_risk_share,high,posterior,1.0,0.0
1d6d6ee4-2383-58be-b24f-8c73c9b9cddb,fair,1,high_risk_share,low,prior,1.0,1.0
1d6d6ee4-2383-58be-b24f-8c73c9b9cddb,fair,1,high_risk_share,low,posterior,1.0,0.51
1d6d6ee4-2383-58be-b24f-8c73c9b9cddb,hike,2,low_risk_share,high,prior,0.0,1.0
1d6d6ee4-2383-58be-b24f-8c73c9b9cddb,hike,2,low_risk_share,high,posterior,0.0,0.0
1d6d6ee4-2383-58be-b24f-8c73c9b9cddb,apples,3,no_share,low,prior,0.51,0.0
1d6d6ee4-2383-58be-b24f-8c73c9b9cddb,apples,3,no_share,low,posterior,0.51,1.0
1d6d6ee4-2383-58be-b24f-8c73c9b9cddb,driving,4,no_share,high,prior,0.0,0.0
1d6d6ee4-2383-58be-b24f-8c73c9b9cddb,driving,4,no_share,high,posterior,0.0,1.0
1d6d6ee4-2383-58be-b24f-8c73c9b9cddb,takeout,5,low_risk_share,low,prior,0.0,0.0
1d6d6ee4-2383-58be-b24f-8c73c9b9cddb,takeout,5,low_risk_share,low,posterior,0.0,0.0
1d6d6ee4-2383-58be-b24f-8c73c9b9cddb,birthday,6,no_share,low,prior,0.5,0.0
1d6d6ee4-2383-58be-b24f-8c73c9b9cddb,birthday,6,no_share,low,posterior,0.5,0.5
1d6d6ee4-2383-58be-b24f-8c73c9b9cddb,drinks,7,low_risk_share,high,prior,0.0,0.0
1d6d6ee4-2383-58be-b24f-8c73c9b9cddb,drinks,7,low_risk_share,high,posterior,0.0,0.0
1d6d6ee4-2383-58be-b24f-8c73c9b9cddb,cooking,8,high_risk_share,low,prior,0.0,1.0
1d6d6ee4-2383-58be-b24f-8c73c9b9cddb,cooking,8,high_risk_share,low,posterior,0.0,0.49
1d6d6ee4-2383-58be-b24f-8c73c9b9cddb,brunch,9,low_risk_share,low,prior,0.0,0.5
1d6d6ee4-2383-58be-b24f-8c73c9b9cddb,brunch,9,low_risk_share,low,posterior,0.0,0.0
1d6d6ee4-2383-58be-b24f-8c73c9b9cddb,dip,10,no_share,high,prior,0.0,0.0
1d6d6ee4-2383-58be-b24f-8c73c9b9cddb,dip,10,no_share,high,posterior,0.0,0.5
1d6d6ee4-2383-58be-b24f-8c73c9b9cddb,soup,11,low_risk_share,high,prior,0.27,0.0
1d6d6ee4-2383-58be-b24f-8c73c9b9cddb,soup,11,low_risk_share,high,posterior,0.0,0.0
1d6d6ee4-2383-58be-b24f-8c73c9b9cddb,social,12,no_share,low,prior,1.0,0.0
1d6d6ee4-2383-58be-b24f-8c73c9b9cddb,social,12,no_share,low,posterior,0.74,0.76
1d6d6ee4-2383-58be-b24f-8c73c9b9cddb,gala,13,no_share,high,prior,1.0,0.0
1d6d6ee4-2383-58be-b24f-8c73c9b9cddb,gala,13,no_share,high,posterior,1.0,1.0
1d6d6ee4-2383-58be-b24f-8c73c9b9cddb,oysters,14,high_risk_share,low,prior,0.0,0.0
1d6d6ee4-2383-58be-b24f-8c73c9b9cddb,oysters,14,high_risk_share,low,posterior,0.0,1.0
1d6d6ee4-2383-58be-b24f-8c73c9b9cddb,basketball,15,high_risk_share,high,prior,0.78,0.0
1d6d6ee4-2383-58be-b24f-8c73c9b9cddb,basketball,15,high_risk_share,high,posterior,1.0,0.5
da1fe917-dbc3-56e5-a5c0-da2d3a178ae4,drinks,0,high_risk_share,high,prior,0.19,0.83
da1fe917-dbc3-56e5-a5c0-da2d3a178ae4,drinks,0,high_risk_share,high,posterior,0.93,0.96
da1fe917-dbc3-56e5-a5c0-da2d3a178ae4,fair,1,no_share,high,prior,0.89,0.11
da1fe917-dbc3-56e5-a5c0-da2d3a178ae4,fair,1,no_share,high,posterior,0.12,0.69
da1fe917-dbc3-56e5-a5c0-da2d3a178ae4,social,2,no_share,low,prior,0.0,1.0
da1fe917-dbc3-56e5-a5c0-da2d3a178ae4,social,2,no_share,low,posterior,0.0,0.08
da1fe917-dbc3-56e5-a5c0-da2d3a178ae4,birthday,3,high_risk_share,low,prior,0.67,0.13
da1fe917-dbc3-56e5-a5c0-da2d3a178ae4,birthday,3,high_risk_share,low,posterior,1.0,0.94
da1fe917-dbc3-56e5-a5c0-da2d3a178ae4,dip,4,no_share,low,prior,0.32,0.02
da1fe917-dbc3-56e5-a5c0-da2d3a178ae4,dip,4,no_share,low,posterior,0.13,0.01
da1fe917-dbc3-56e5-a5c0-da2d3a178ae4,gala,5,no_share,high,prior,0.94,0.03
da1fe917-dbc3-56e5-a5c0-da2d3a178ae4,gala,5,no_share,high,posterior,0.0,0.86
da1fe917-dbc3-56e5-a5c0-da2d3a178ae4,soup,6,low_risk_share,high,prior,0.76,0.2
da1fe917-dbc3-56e5-a5c0-da2d3a178ae4,soup,6,low_risk_share,high,posterior,0.61,0.08
da1fe917-dbc3-56e5-a5c0-da2d3a178ae4,wedding,7,low_risk_share,low,prior,0.75,0.09
da1fe917-dbc3-56e5-a5c0-da2d3a178ae4,wedding,7,low_risk_share,low,posterior,0.05,0.08
da1fe917-dbc3-56e5-a5c0-da2d3a178ae4,oysters,8,high_risk_share,high,prior,0.78,0.1
da1fe917-dbc3-56e5-a5c0-da2d3a178ae4,oysters,8,high_risk_share,high,posterior,0.96,0.9
da1fe917-dbc3-56e5-a5c0-da2d3a178ae4,cooking,9,low_risk_share,high,prior,0.79,0.08
da1fe917-dbc3-56e5-a5c0-da2d3a178ae4,cooking,9,low_risk_share,high,posterior,0.54,0.0
da1fe917-dbc3-56e5-a5c0-da2d3a178ae4,driving,10,low_risk_share,high,prior,0.79,0.49
da1fe917-dbc3-56e5-a5c0-da2d3a178ae4,driving,10,low_risk_share,high,posterior,0.25,0.17
da1fe917-dbc3-56e5-a5c0-da2d3a178ae4,takeout,11,high_risk_share,low,prior,0.22,0.15
da1fe917-dbc3-56e5-a5c0-da2d3a178ae4,takeout,11,high_risk_share,low,posterior,0.83,0.84
da1fe917-dbc3-56e5-a5c0-da2d3a178ae4,hike,12,no_share,low,prior,0.11,0.06
da1fe917-dbc3-56e5-a5c0-da2d3a178ae4,hike,12,no_share,low,posterior,0.0,1.0
da1fe917-dbc3-56e5-a5c0-da2d3a178ae4,brunch,13,high_risk_share,low,prior,0.24,0.98
da1fe917-dbc3-56e5-a5c0-da2d3a178ae4,brunch,13,high_risk_share,low,posterior,0.16,0.89
da1fe917-dbc3-56e5-a5c0-da2d3a178ae4,basketball,14,no_share,high,prior,0.86,0.88
da1fe917-dbc3-56e5-a5c0-da2d3a178ae4,basketball,14,no_share,high,posterior,0.64,0.49
da1fe917-dbc3-56e5-a5c0-da2d3a178ae4,apples,15,low_risk_share,low,prior,0.5,0.49
da1fe917-dbc3-56e5-a5c0-da2d3a178ae4,apples,15,low_risk_share,low,posterior,0.22,0.14
dc0326af-35f3-57ca-a01f-8281f0ddbd20,oysters,0,low_risk_share,low,prior,0.37,0.0
dc0326af-35f3-57ca-a01f-8281f0ddbd20,oysters,0,low_risk_share,low,posterior,0.3,0.0
dc0326af-35f3-57ca-a01f-8281f0ddbd20,fair,1,high_risk_share,low,prior,0.77,0.0
dc0326af-35f3-57ca-a01f-8281f0ddbd20,fair,1,high_risk_share,low,posterior,1.0,0.01
dc0326af-35f3-57ca-a01f-8281f0ddbd20,social,2,low_risk_share,high,prior,0.62,1.0
dc0326af-35f3-57ca-a01f-8281f0ddbd20,social,2,low_risk_share,high,posterior,0.76,0.0
dc0326af-35f3-57ca-a01f-8281f0ddbd20,drinks,3,no_share,low,prior,0.58,0.0
dc0326af-35f3-57ca-a01f-8281f0ddbd20,drinks,3,no_share,low,posterior,0.65,0.0
dc0326af-35f3-57ca-a01f-8281f0ddbd20,apples,4,no_share,high,prior,0.72,0.0
dc0326af-35f3-57ca-a01f-8281f0ddbd20,apples,4,no_share,high,posterior,0.67,0.0
dc0326af-35f3-57ca-a01f-8281f0ddbd20,brunch,5,high_risk_share,low,prior,0.69,1.0
dc0326af-35f3-57ca-a01f-8281f0ddbd20,brunch,5,high_risk_share,low,posterior,0.65,1.0
dc0326af-35f3-57ca-a01f-8281f0ddbd20,gala,6,no_share,low,prior,0.64,0.5
dc0326af-35f3-57ca-a01f-8281f0ddbd20,gala,6,no_share,low,posterior,0.64,0.46
dc0326af-35f3-57ca-a01f-8281f0ddbd20,driving,7,low_risk_share,high,prior,0.71,1.0
dc0326af-35f3-57ca-a01f-8281f0ddbd20,driving,7,low_risk_share,high,posterior,0.67,0.0
dc0326af-35f3-57ca-a01f-8281f0ddbd20,birthday,8,high_risk_share,high,prior,0.72,0.0
dc0326af-35f3-57ca-a01f-8281f0ddbd20,birthday,8,high_risk_share,high,posterior,0.86,1.0
dc0326af-35f3-57ca-a01f-8281f0ddbd20,takeout,9,high_risk_share,high,prior,0.38,1.0
dc0326af-35f3-57ca-a01f-8281f0ddbd20,takeout,9,high_risk_share,high,posterior,0.81,1.0
dc0326af-35f3-57ca-a01f-8281f0ddbd20,cooking,10,high_risk_share,low,prior,0.68,1.0
dc0326af-35f3-57ca-a01f-8281f0ddbd20,cooking,10,high_risk_share,low,posterior,0.87,1.0
dc0326af-35f3-57ca-a01f-8281f0ddbd20,basketball,11,low_risk_share,low,prior,0.67,0.0
dc0326af-35f3-57ca-a01f-8281f0ddbd20,basketball,11,low_risk_share,low,posterior,0.77,0.0
dc0326af-35f3-57ca-a01f-8281f0ddbd20,wedding,12,no_share,low,prior,0.67,0.0
dc0326af-35f3-57ca-a01f-8281f0ddbd20,wedding,12,no_share,low,posterior,0.6,0.0
dc0326af-35f3-57ca-a01f-8281f0ddbd20,dip,13,low_risk_share,high,prior,0.63,0.0
dc0326af-35f3-57ca-a01f-8281f0ddbd20,dip,13,low_risk_share,high,posterior,0.61,0.0
dc0326af-35f3-57ca-a01f-8281f0ddbd20,hike,14,no_share,high,prior,0.67,0.0
dc0326af-35f3-57ca-a01f-8281f0ddbd20,hike,14,no_share,high,posterior,0.3,0.0
dc0326af-35f3-57ca-a01f-8281f0ddbd20,soup,15,no_share,high,prior,0.73,0.0
dc0326af-35f3-57ca-a01f-8281f0ddbd20,soup,15,no_share,high,posterior,0.67,0.0
db01879d-504c-5695-befa-9f1e9061365d,dip,0,high_risk_share,high,prior,0.53,0.3
db01879d-504c-5695-befa-9f1e9061365d,dip,0,high_risk_share,high,posterior,0.67,0.0
db01879d-504c-5695-befa-9f1e9061365d,driving,1,no_share,low,prior,0.5,0.71
db01879d-504c-5695-befa-9f1e9061365d,driving,1,no_share,low,posterior,0.34,0.5
db01879d-504c-5695-befa-9f1e9061365d,drinks,2,no_share,high,prior,0.51,0.5
db01879d-504c-5695-befa-9f1e9061365d,drinks,2,no_share,high,posterior,0.49,0.5
db01879d-504c-5695-befa-9f1e9061365d,birthday,3,high_risk_share,high,prior,0.45,0.14
db01879d-504c-5695-befa-9f1e9061365d,birthday,3,high_risk_share,high,posterior,1.0,0.14
db01879d-504c-5695-befa-9f1e9061365d,social,4,high_risk_share,low,prior,0.5,0.25
db01879d-504c-5695-befa-9f1e9061365d,social,4,high_risk_share,low,posterior,1.0,0.15
db01879d-504c-5695-befa-9f1e9061365d,basketball,5,low_risk_share,low,prior,0.5,0.26
db01879d-504c-5695-befa-9f1e9061365d,basketball,5,low_risk_share,low,posterior,0.46,0.21
db01879d-504c-5695-befa-9f1e9061365d,wedding,6,high_risk_share,low,prior,0.63,0.48
db01879d-504c-5695-befa-9f1e9061365d,wedding,6,high_risk_share,low,posterior,0.85,0.49
db01879d-504c-5695-befa-9f1e9061365d,takeout,7,low_risk_share,low,prior,0.37,0.11
db01879d-504c-5695-befa-9f1e9061365d,takeout,7,low_risk_share,low,posterior,0.22,0.11
db01879d-504c-5695-befa-9f1e9061365d,soup,8,high_risk_share,low,prior,0.43,0.26
db01879d-504c-5695-befa-9f1e9061365d,soup,8,high_risk_share,low,posterior,1.0,0.0
db01879d-504c-5695-befa-9f1e9061365d,brunch,9,no_share,low,prior,0.41,0.68
db01879d-504c-5695-befa-9f1e9061365d,brunch,9,no_share,low,posterior,0.5,0.63
db01879d-504c-5695-befa-9f1e9061365d,cooking,10,no_share,high,prior,0.65,0.03
db01879d-504c-5695-befa-9f1e9061365d,cooking,10,no_share,high,posterior,0.5,0.09
db01879d-504c-5695-befa-9f1e9061365d,apples,11,high_risk_share,high,prior,0.5,0.11
db01879d-504c-5695-befa-9f1e9061365d,apples,11,high_risk_share,high,posterior,1.0,0.13
db01879d-504c-5695-befa-9f1e9061365d,oysters,12,low_risk_share,high,prior,0.44,0.14
db01879d-504c-5695-befa-9f1e9061365d,oysters,12,low_risk_share,high,posterior,0.59,0.14
db01879d-504c-5695-befa-9f1e9061365d,hike,13,low_risk_share,low,prior,0.35,0.26
db01879d-504c-5695-befa-9f1e9061365d,hike,13,low_risk_share,low,posterior,0.48,0.0
db01879d-504c-5695-befa-9f1e9061365d,fair,14,no_share,high,prior,0.6,0.8
db01879d-504c-5695-befa-9f1e9061365d,fair,14,no_share,high,posterior,0.23,0.87
db01879d-504c-5695-befa-9f1e9061365d,gala,15,low_risk_share,high,prior,0.14,0.0
db01879d-504c-5695-befa-9f1e9061365d,gala,15,low_risk_share,high,posterior,0.3,0.0
776d0218-8992-5d4c-9ae7-c6fabaa50815,fair,0,high_risk_share,low,prior,0.74,0.22
776d0218-8992-5d4c-9ae7-c6fabaa50815,fair,0,high_risk_share,low,posterior,1.0,0.49
776d0218-8992-5d4c-9ae7-c6fabaa50815,driving,1,high_risk_share,high,prior,0.66,0.33
776d0218-8992-5d4c-9ae7-c6fabaa50815,driving,1,high_risk_share,high,posterior,0.86,1.0
776d0218-8992-5d4c-9ae7-c6fabaa50815,brunch,2,no_share,high,prior,0.56,0.57
776d0218-8992-5d4c-9ae7-c6fabaa50815,brunch,2,no_share,high,posterior,0.06,0.51
776d0218-8992-5d4c-9ae7-c6fabaa50815,social,3,high_risk_share,low,prior,0.38,0.28
776d0218-8992-5d4c-9ae7-c6fabaa50815,social,3,high_risk_share,low,posterior,0.91,1.0
776d0218-8992-5d4c-9ae7-c6fabaa50815,cooking,4,no_share,low,prior,0.77,0.74
776d0218-8992-5d4c-9ae7-c6fabaa50815,cooking,4,no_share,low,posterior,0.2,0.79
776d0218-8992-5d4c-9ae7-c6fabaa50815,soup,5,low_risk_share,high,prior,0.51,0.5
776d0218-8992-5d4c-9ae7-c6fabaa50815,soup,5,low_risk_share,high,posterior,0.0,0.0
776d0218-8992-5d4c-9ae7-c6fabaa50815,takeout,6,low_risk_share,low,prior,0.23,0.29
776d0218-8992-5d4c-9ae7-c6fabaa50815,takeout,6,low_risk_share,low,posterior,0.15,0.0
776d0218-8992-5d4c-9ae7-c6fabaa50815,wedding,7,low_risk_share,low,prior,0.27,0.51
776d0218-8992-5d4c-9ae7-c6fabaa50815,wedding,7,low_risk_share,low,posterior,0.04,0.23
776d0218-8992-5d4c-9ae7-c6fabaa50815,basketball,8,high_risk_share,low,prior,0.57,0.75
776d0218-8992-5d4c-9ae7-c6fabaa50815,basketball,8,high_risk_share,low,posterior,0.92,0.5
776d0218-8992-5d4c-9ae7-c6fabaa50815,birthday,9,no_share,low,prior,0.38,0.33
776d0218-8992-5d4c-9ae7-c6fabaa50815,birthday,9,no_share,low,posterior,0.01,0.0
776d0218-8992-5d4c-9ae7-c6fabaa50815,dip,10,high_risk_share,high,prior,0.48,0.0
776d0218-8992-5d4c-9ae7-c6fabaa50815,dip,10,high_risk_share,high,posterior,1.0,1.0
776d0218-8992-5d4c-9ae7-c6fabaa50815,drinks,11,low_risk_share,low,prior,0.27,0.2
776d0218-8992-5d4c-9ae7-c6fabaa50815,drinks,11,low_risk_share,low,posterior,0.0,0.0
776d0218-8992-5d4c-9ae7-c6fabaa50815,oysters,12,high_risk_share,high,prior,0.78,0.71
776d0218-8992-5d4c-9ae7-c6fabaa50815,oysters,12,high_risk_share,high,posterior,1.0,0.01
776d0218-8992-5d4c-9ae7-c6fabaa50815,gala,13,no_share,high,prior,0.51,0.5
776d0218-8992-5d4c-9ae7-c6fabaa50815,gala,13,no_share,high,posterior,0.0,1.0
776d0218-8992-5d4c-9ae7-c6fabaa50815,hike,14,low_risk_share,high,prior,0.69,0.51
776d0218-8992-5d4c-9ae7-c6fabaa50815,hike,14,low_risk_share,high,posterior,0.0,0.0
776d0218-8992-5d4c-9ae7-c6fabaa50815,apples,15,no_share,high,prior,0.73,0.51
776d0218-8992-5d4c-9ae7-c6fabaa50815,apples,15,no_share,high,posterior,0.0,0.5
ee843a8c-2501-5a66-be62-c4947f6c5be8,social,0,no_share,low,prior,0.77,0.15
ee843a8c-2501-5a66-be62-c4947f6c5be8,social,0,no_share,low,posterior,0.87,0.15
ee843a8c-2501-5a66-be62-c4947f6c5be8,drinks,1,high_risk_share,high,prior,0.58,0.81
ee843a8c-2501-5a66-be62-c4947f6c5be8,drinks,1,high_risk_share,high,posterior,1.0,0.86
ee843a8c-2501-5a66-be62-c4947f6c5be8,dip,2,no_share,low,prior,0.23,0.04
ee843a8c-2501-5a66-be62-c4947f6c5be8,dip,2,no_share,low,posterior,0.44,0.0
ee843a8c-2501-5a66-be62-c4947f6c5be8,wedding,3,low_risk_share,high,prior,0.13,0.92
ee843a8c-2501-5a66-be62-c4947f6c5be8,wedding,3,low_risk_share,high,posterior,0.76,0.09
ee843a8c-2501-5a66-be62-c4947f6c5be8,soup,4,low_risk_share,low,prior,0.37,0.23
ee843a8c-2501-5a66-be62-c4947f6c5be8,soup,4,low_risk_share,low,posterior,0.98,0.04
ee843a8c-2501-5a66-be62-c4947f6c5be8,gala,5,low_risk_share,low,prior,0.61,0.64
ee843a8c-2501-5a66-be62-c4947f6c5be8,gala,5,low_risk_share,low,posterior,0.65,0.06
ee843a8c-2501-5a66-be62-c4947f6c5be8,brunch,6,low_risk_share,high,prior,0.35,0.77
ee843a8c-2501-5a66-be62-c4947f6c5be8,brunch,6,low_risk_share,high,posterior,0.31,0.94
ee843a8c-2501-5a66-be62-c4947f6c5be8,birthday,7,no_share,high,prior,0.31,0.23
ee843a8c-2501-5a66-be62-c4947f6c5be8,birthday,7,no_share,high,posterior,0.13,0.38
ee843a8c-2501-5a66-be62-c4947f6c5be8,hike,8,low_risk_share,high,prior,0.83,0.74
ee843a8c-2501-5a66-be62-c4947f6c5be8,hike,8,low_risk_share,high,posterior,0.83,0.14
ee843a8c-2501-5a66-be62-c4947f6c5be8,takeout,9,high_risk_share,high,prior,0.77,0.93
ee843a8c-2501-5a66-be62-c4947f6c5be8,takeout,9,high_risk_share,high,posterior,0.82,0.97
ee843a8c-2501-5a66-be62-c4947f6c5be8,apples,10,low_risk_share,low,prior,0.28,0.06
ee843a8c-2501-5a66-be62-c4947f6c5be8,apples,10,low_risk_share,low,posterior,0.24,0.05
ee843a8c-2501-5a66-be62-c4947f6c5be8,oysters,11,high_risk_share,low,prior,0.8,0.26
ee843a8c-2501-5a66-be62-c4947f6c5be8,oysters,11,high_risk_share,low,posterior,1.0,0.13
ee843a8c-2501-5a66-be62-c4947f6c5be8,fair,12,high_risk_share,low,prior,0.85,0.85
ee843a8c-2501-5a66-be62-c4947f6c5be8,fair,12,high_risk_share,low,posterior,0.88,0.9
ee843a8c-2501-5a66-be62-c4947f6c5be8,cooking,13,no_share,low,prior,0.73,0.09
ee843a8c-2501-5a66-be62-c4947f6c5be8,cooking,13,no_share,low,posterior,0.61,0.04
ee843a8c-2501-5a66-be62-c4947f6c5be8,driving,14,high_risk_share,high,prior,0.87,0.9
ee843a8c-2501-5a66-be62-c4947f6c5be8,driving,14,high_risk_share,high,posterior,0.87,0.97
ee843a8c-2501-5a66-be62-c4947f6c5be8,basketball,15,no_share,high,prior,0.68,0.1
ee843a8c-2501-5a66-be62-c4947f6c5be8,basketball,15,no_share,high,posterior,0.41,0.96
655e3889-d8f2-5c53-ae8c-f8e18fcdae4c,birthday,0,low_risk_share,high,prior,0.5,0.08
655e3889-d8f2-5c53-ae8c-f8e18fcdae4c,birthday,0,low_risk_share,high,posterior,0.99,0.02
655e3889-d8f2-5c53-ae8c-f8e18fcdae4c,driving,1,high_risk_share,low,prior,0.42,0.14
655e3889-d8f2-5c53-ae8c-f8e18fcdae4c,driving,1,high_risk_share,low,posterior,0.5,0.94
655e3889-d8f2-5c53-ae8c-f8e18fcdae4c,wedding,2,low_risk_share,high,prior,0.75,0.74
655e3889-d8f2-5c53-ae8c-f8e18fcdae4c,wedding,2,low_risk_share,high,posterior,0.23,0.02
655e3889-d8f2-5c53-ae8c-f8e18fcdae4c,apples,3,low_risk_share,low,prior,0.56,0.33
655e3889-d8f2-5c53-ae8c-f8e18fcdae4c,apples,3,low_risk_share,low,posterior,0.32,0.04
655e3889-d8f2-5c53-ae8c-f8e18fcdae4c,social,4,high_risk_share,high,prior,0.69,0.28
655e3889-d8f2-5c53-ae8c-f8e18fcdae4c,social,4,high_risk_share,high,posterior,0.96,0.07
655e3889-d8f2-5c53-ae8c-f8e18fcdae4c,dip,5,low_risk_share,low,prior,0.35,0.69
655e3889-d8f2-5c53-ae8c-f8e18fcdae4c,dip,5,low_risk_share,low,posterior,0.15,0.17
655e3889-d8f2-5c53-ae8c-f8e18fcdae4c,basketball,6,low_risk_share,low,prior,0.69,0.74
655e3889-d8f2-5c53-ae8c-f8e18fcdae4c,basketball,6,low_risk_share,low,posterior,0.13,0.06
655e3889-d8f2-5c53-ae8c-f8e18fcdae4c,brunch,7,no_share,low,prior,0.27,0.71
655e3889-d8f2-5c53-ae8c-f8e18fcdae4c,brunch,7,no_share,low,posterior,0.48,0.85
655e3889-d8f2-5c53-ae8c-f8e18fcdae4c,drinks,8,high_risk_share,low,prior,0.44,0.69
655e3889-d8f2-5c53-ae8c-f8e18fcdae4c,drinks,8,high_risk_share,low,posterior,0.76,0.92
655e3889-d8f2-5c53-ae8c-f8e18fcdae4c,takeout,9,low_risk_share,high,prior,0.19,0.2
655e3889-d8f2-5c53-ae8c-f8e18fcdae4c,takeout,9,low_risk_share,high,posterior,0.1,0.06
655e3889-d8f2-5c53-ae8c-f8e18fcdae4c,fair,10,high_risk_share,high,prior,0.44,0.28
655e3889-d8f2-5c53-ae8c-f8e18fcdae4c,fair,10,high_risk_share,high,posterior,0.5,0.76
655e3889-d8f2-5c53-ae8c-f8e18fcdae4c,hike,11,high_risk_share,high,prior,0.36,0.31
655e3889-d8f2-5c53-ae8c-f8e18fcdae4c,hike,11,high_risk_share,high,posterior,0.82,0.9
655e3889-d8f2-5c53-ae8c-f8e18fcdae4c,oysters,12,no_share,low,prior,0.5,0.25
655e3889-d8f2-5c53-ae8c-f8e18fcdae4c,oysters,12,no_share,low,posterior,0.29,0.76
655e3889-d8f2-5c53-ae8c-f8e18fcdae4c,gala,13,no_share,high,prior,0.68,0.74
655e3889-d8f2-5c53-ae8c-f8e18fcdae4c,gala,13,no_share,high,posterior,0.24,0.85
655e3889-d8f2-5c53-ae8c-f8e18fcdae4c,cooking,14,no_share,low,prior,0.46,0.55
655e3889-d8f2-5c53-ae8c-f8e18fcdae4c,cooking,14,no_share,low,posterior,0.44,0.61
655e3889-d8f2-5c53-ae8c-f8e18fcdae4c,soup,15,no_share,high,prior,0.4,0.58
655e3889-d8f2-5c53-ae8c-f8e18fcdae4c,soup,15,no_share,high,posterior,0.29,0.72
93b93a67-7349-536e-88ff-b19839f71347,takeout,0,no_share,low,prior,0.82,0.82
93b93a67-7349-536e-88ff-b19839f71347,takeout,0,no_share,low,posterior,0.81,0.0
93b93a67-7349-536e-88ff-b19839f71347,gala,1,no_share,low,prior,0.13,0.13
93b93a67-7349-536e-88ff-b19839f71347,gala,1,no_share,low,posterior,0.07,0.07
93b93a67-7349-536e-88ff-b19839f71347,soup,2,high_risk_share,high,prior,0.74,0.1
93b93a67-7349-536e-88ff-b19839f71347,soup,2,high_risk_share,high,posterior,0.77,0.1
93b93a67-7349-536e-88ff-b19839f71347,wedding,3,high_risk_share,high,prior,0.82,0.83
93b93a67-7349-536e-88ff-b19839f71347,wedding,3,high_risk_share,high,posterior,0.91,0.87
93b93a67-7349-536e-88ff-b19839f71347,apples,4,low_risk_share,high,prior,0.77,0.1
93b93a67-7349-536e-88ff-b19839f71347,apples,4,low_risk_share,high,posterior,0.16,0.07
93b93a67-7349-536e-88ff-b19839f71347,oysters,5,low_risk_share,low,prior,0.81,0.11
93b93a67-7349-536e-88ff-b19839f71347,oysters,5,low_risk_share,low,posterior,0.62,0.38
93b93a67-7349-536e-88ff-b19839f71347,fair,6,low_risk_share,low,prior,0.67,0.86
93b93a67-7349-536e-88ff-b19839f71347,fair,6,low_risk_share,low,posterior,0.31,0.04
93b93a67-7349-536e-88ff-b19839f71347,brunch,7,high_risk_share,low,prior,0.78,0.12
93b93a67-7349-536e-88ff-b19839f71347,brunch,7,high_risk_share,low,posterior,0.77,0.07
93b93a67-7349-536e-88ff-b19839f71347,social,8,low_risk_share,high,prior,0.83,0.93
93b93a67-7349-536e-88ff-b19839f71347,social,8,low_risk_share,high,posterior,0.81,0.03
93b93a67-7349-536e-88ff-b19839f71347,drinks,9,no_share,high,prior,0.87,0.34
93b93a67-7349-536e-88ff-b19839f71347,drinks,9,no_share,high,posterior,0.04,0.92
93b93a67-7349-536e-88ff-b19839f71347,basketball,10,high_risk_share,high,prior,0.66,0.08
93b93a67-7349-536e-88ff-b19839f71347,basketball,10,high_risk_share,high,posterior,0.95,0.11
93b93a67-7349-536e-88ff-b19839f71347,dip,11,high_risk_share,low,prior,0.57,0.11
93b93a67-7349-536e-88ff-b19839f71347,dip,11,high_risk_share,low,posterior,1.0,0.98
93b93a67-7349-536e-88ff-b19839f71347,hike,12,no_share,high,prior,0.86,0.5
93b93a67-7349-536e-88ff-b19839f71347,hike,12,no_share,high,posterior,0.64,0.5
93b93a67-7349-536e-88ff-b19839f71347,driving,13,high_risk_share,low,prior,0.61,0.1
93b93a67-7349-536e-88ff-b19839f71347,driving,13,high_risk_share,low,posterior,1.0,0.07
93b93a67-7349-536e-88ff-b19839f71347,cooking,14,no_share,high,prior,0.66,0.18
93b93a67-7349-536e-88ff-b19839f71347,cooking,14,no_share,high,posterior,0.12,0.94
93b93a67-7349-536e-88ff-b19839f71347,birthday,15,low_risk_share,low,prior,0.64,0.15
93b93a67-7349-536e-88ff-b19839f71347,birthday,15,low_risk_share,low,posterior,0.57,0.0
cac3e6ee-8c36-5eae-8ff9-89b37655f041,gala,0,no_share,high,prior,0.77,0.0
cac3e6ee-8c36-5eae-8ff9-89b37655f041,gala,0,no_share,high,posterior,0.0,0.0
cac3e6ee-8c36-5eae-8ff9-89b37655f041,drinks,1,no_share,low,prior,0.5,0.5
cac3e6ee-8c36-5eae-8ff9-89b37655f041,drinks,1,no_share,low,posterior,0.56,0.5
cac3e6ee-8c36-5eae-8ff9-89b37655f041,driving,2,high_risk_share,low,prior,0.58,0.73
cac3e6ee-8c36-5eae-8ff9-89b37655f041,driving,2,high_risk_share,low,posterior,1.0,0.0
cac3e6ee-8c36-5eae-8ff9-89b37655f041,dip,3,low_risk_share,low,prior,0.63,0.84
cac3e6ee-8c36-5eae-8ff9-89b37655f041,dip,3,low_risk_share,low,posterior,0.66,0.13
cac3e6ee-8c36-5eae-8ff9-89b37655f041,takeout,4,high_risk_share,high,prior,0.66,0.12
cac3e6ee-8c36-5eae-8ff9-89b37655f041,takeout,4,high_risk_share,high,posterior,0.77,0.0
cac3e6ee-8c36-5eae-8ff9-89b37655f041,social,5,no_share,high,prior,0.83,0.02
cac3e6ee-8c36-5eae-8ff9-89b37655f041,social,5,no_share,high,posterior,0.74,0.3
cac3e6ee-8c36-5eae-8ff9-89b37655f041,birthday,6,high_risk_share,low,prior,0.65,0.0
cac3e6ee-8c36-5eae-8ff9-89b37655f041,birthday,6,high_risk_share,low,posterior,1.0,0.0
cac3e6ee-8c36-5eae-8ff9-89b37655f041,fair,7,high_risk_share,high,prior,0.81,0.13
cac3e6ee-8c36-5eae-8ff9-89b37655f041,fair,7,high_risk_share,high,posterior,0.8,0.26
cac3e6ee-8c36-5eae-8ff9-89b37655f041,hike,8,low_risk_share,high,prior,0.67,0.52
cac3e6ee-8c36-5eae-8ff9-89b37655f041,hike,8,low_risk_share,high,posterior,0.82,0.0
cac3e6ee-8c36-5eae-8ff9-89b37655f041,basketball,9,no_share,low,prior,0.83,0.51
cac3e6ee-8c36-5eae-8ff9-89b37655f041,basketball,9,no_share,low,posterior,0.83,0.51
cac3e6ee-8c36-5eae-8ff9-89b37655f041,cooking,10,low_risk_share,low,prior,0.88,0.0
cac3e6ee-8c36-5eae-8ff9-89b37655f041,cooking,10,low_risk_share,low,posterior,0.72,0.0
cac3e6ee-8c36-5eae-8ff9-89b37655f041,apples,11,no_share,low,prior,0.65,0.24
cac3e6ee-8c36-5eae-8ff9-89b37655f041,apples,11,no_share,low,posterior,0.65,0.4
cac3e6ee-8c36-5eae-8ff9-89b37655f041,brunch,12,low_risk_share,high,prior,0.63,0.28
cac3e6ee-8c36-5eae-8ff9-89b37655f041,brunch,12,low_risk_share,high,posterior,0.81,0.0
cac3e6ee-8c36-5eae-8ff9-89b37655f041,oysters,13,high_risk_share,high,prior,0.78,0.74
cac3e6ee-8c36-5eae-8ff9-89b37655f041,oysters,13,high_risk_share,high,posterior,1.0,0.49
cac3e6ee-8c36-5eae-8ff9-89b37655f041,wedding,14,low_risk_share,high,prior,0.74,0.07
cac3e6ee-8c36-5eae-8ff9-89b37655f041,wedding,14,low_risk_share,high,posterior,0.62,0.0
cac3e6ee-8c36-5eae-8ff9-89b37655f041,soup,15,low_risk_share,low,prior,0.52,0.52
cac3e6ee-8c36-5eae-8ff9-89b37655f041,soup,15,low_risk_share,low,posterior,0.51,0.39
13972d9c-4f39-5b23-8c6c-c0620c8e767d,basketball,0,no_share,low,prior,0.69,0.31
13972d9c-4f39-5b23-8c6c-c0620c8e767d,basketball,0,no_share,low,posterior,0.35,0.7
13972d9c-4f39-5b23-8c6c-c0620c8e767d,brunch,1,low_risk_share,low,prior,0.56,0.71
13972d9c-4f39-5b23-8c6c-c0620c8e767d,brunch,1,low_risk_share,low,posterior,0.57,0.5
13972d9c-4f39-5b23-8c6c-c0620c8e767d,gala,2,no_share,low,prior,0.23,0.51
13972d9c-4f39-5b23-8c6c-c0620c8e767d,gala,2,no_share,low,posterior,0.24,0.5
13972d9c-4f39-5b23-8c6c-c0620c8e767d,fair,3,low_risk_share,low,prior,0.71,0.32
13972d9c-4f39-5b23-8c6c-c0620c8e767d,fair,3,low_risk_share,low,posterior,0.69,0.38
13972d9c-4f39-5b23-8c6c-c0620c8e767d,social,4,low_risk_share,high,prior,0.63,0.65
13972d9c-4f39-5b23-8c6c-c0620c8e767d,social,4,low_risk_share,high,posterior,0.75,0.42
13972d9c-4f39-5b23-8c6c-c0620c8e767d,cooking,5,high_risk_share,high,prior,0.73,0.17
13972d9c-4f39-5b23-8c6c-c0620c8e767d,cooking,5,high_risk_share,high,posterior,0.85,0.74
13972d9c-4f39-5b23-8c6c-c0620c8e767d,driving,6,no_share,low,prior,0.65,0.21
13972d9c-4f39-5b23-8c6c-c0620c8e767d,driving,6,no_share,low,posterior,0.27,0.74
13972d9c-4f39-5b23-8c6c-c0620c8e767d,oysters,7,high_risk_share,low,prior,0.37,0.63
13972d9c-4f39-5b23-8c6c-c0620c8e767d,oysters,7,high_risk_share,low,posterior,0.85,0.59
13972d9c-4f39-5b23-8c6c-c0620c8e767d,apples,8,low_risk_share,high,prior,0.63,0.64
13972d9c-4f39-5b23-8c6c-c0620c8e767d,apples,8,low_risk_share,high,posterior,0.59,0.27
13972d9c-4f39-5b23-8c6c-c0620c8e767d,takeout,9,high_risk_share,high,prior,0.24,0.59
13972d9c-4f39-5b23-8c6c-c0620c8e767d,takeout,9,high_risk_share,high,posterior,0.84,0.73
13972d9c-4f39-5b23-8c6c-c0620c8e767d,soup,10,high_risk_share,low,prior,0.36,0.56
13972d9c-4f39-5b23-8c6c-c0620c8e767d,soup,10,high_risk_share,low,posterior,0.79,0.7
13972d9c-4f39-5b23-8c6c-c0620c8e767d,wedding,11,high_risk_share,low,prior,0.36,0.6
13972d9c-4f39-5b23-8c6c-c0620c8e767d,wedding,11,high_risk_share,low,posterior,0.84,0.71
13972d9c-4f39-5b23-8c6c-c0620c8e767d,birthday,12,no_share,high,prior,0.7,0.25
13972d9c-4f39-5b23-8c6c-c0620c8e767d,birthday,12,no_share,high,posterior,0.37,0.73
13972d9c-4f39-5b23-8c6c-c0620c8e767d,hike,13,no_share,high,prior,0.7,0.4
13972d9c-4f39-5b23-8c6c-c0620c8e767d,hike,13,no_share,high,posterior,0.32,0.69
13972d9c-4f39-5b23-8c6c-c0620c8e767d,dip,14,no_share,high,prior,0.73,0.27
13972d9c-4f39-5b23-8c6c-c0620c8e767d,dip,14,no_share,high,posterior,0.49,0.28
13972d9c-4f39-5b23-8c6c-c0620c8e767d,drinks,15,low_risk_share,high,prior,0.66,0.49
13972d9c-4f39-5b23-8c6c-c0620c8e767d,drinks,15,low_risk_share,high,posterior,0.37,0.56
064e9eb5-aad7-5b51-9483-5fec40deb32e,drinks,0,no_share,high,prior,0.0,0.78
064e9eb5-aad7-5b51-9483-5fec40deb32e,drinks,0,no_share,high,posterior,0.23,0.5
064e9eb5-aad7-5b51-9483-5fec40deb32e,wedding,1,low_risk_share,low,prior,0.88,0.51
064e9eb5-aad7-5b51-9483-5fec40deb32e,wedding,1,low_risk_share,low,posterior,0.95,0.0
064e9eb5-aad7-5b51-9483-5fec40deb32e,gala,2,high_risk_share,low,prior,0.76,0.03
064e9eb5-aad7-5b51-9483-5fec40deb32e,gala,2,high_risk_share,low,posterior,1.0,1.0
064e9eb5-aad7-5b51-9483-5fec40deb32e,basketball,3,no_share,high,prior,0.97,0.0
064e9eb5-aad7-5b51-9483-5fec40deb32e,basketball,3,no_share,high,posterior,0.74,1.0
064e9eb5-aad7-5b51-9483-5fec40deb32e,apples,4,high_risk_share,low,prior,0.96,1.0
064e9eb5-aad7-5b51-9483-5fec40deb32e,apples,4,high_risk_share,low,posterior,1.0,1.0
064e9eb5-aad7-5b51-9483-5fec40deb32e,social,5,low_risk_share,high,prior,0.87,0.0
064e9eb5-aad7-5b51-9483-5fec40deb32e,social,5,low_risk_share,high,posterior,0.95,0.0
064e9eb5-aad7-5b51-9483-5fec40deb32e,dip,6,low_risk_share,low,prior,0.91,1.0
064e9eb5-aad7-5b51-9483-5fec40deb32e,dip,6,low_risk_share,low,posterior,0.74,0.0
064e9eb5-aad7-5b51-9483-5fec40deb32e,birthday,7,high_risk_share,low,prior,0.85,0.0
064e9eb5-aad7-5b51-9483-5fec40deb32e,birthday,7,high_risk_share,low,posterior,0.84,0.13
064e9eb5-aad7-5b51-9483-5fec40deb32e,fair,8,no_share,low,prior,1.0,0.62
064e9eb5-aad7-5b51-9483-5fec40deb32e,fair,8,no_share,low,posterior,0.59,1.0
064e9eb5-aad7-5b51-9483-5fec40deb32e,brunch,9,no_share,high,prior,0.77,0.0
064e9eb5-aad7-5b51-9483-5fec40deb32e,brunch,9,no_share,high,posterior,0.7,0.48
064e9eb5-aad7-5b51-9483-5fec40deb32e,hike,10,no_share,low,prior,0.24,0.0
064e9eb5-aad7-5b51-9483-5fec40deb32e,hike,10,no_share,low,posterior,0.16,0.5
064e9eb5-aad7-5b51-9483-5fec40deb32e,takeout,11,low_risk_share,high,prior,1.0,1.0
064e9eb5-aad7-5b51-9483-5fec40deb32e,takeout,11,low_risk_share,high,posterior,0.74,0.49
064e9eb5-aad7-5b51-9483-5fec40deb32e,driving,12,low_risk_share,high,prior,0.51,0.0
064e9eb5-aad7-5b51-9483-5fec40deb32e,driving,12,low_risk_share,high,posterior,0.5,0.0
064e9eb5-aad7-5b51-9483-5fec40deb32e,cooking,13,high_risk_share,high,prior,0.76,0.0
064e9eb5-aad7-5b51-9483-5fec40deb32e,cooking,13,high_risk_share,high,posterior,1.0,0.22
064e9eb5-aad7-5b51-9483-5fec40deb32e,soup,14,high_risk_share,high,prior,0.77,0.25
064e9eb5-aad7-5b51-9483-5fec40deb32e,soup,14,high_risk_share,high,posterior,0.87,0.7
064e9eb5-aad7-5b51-9483-5fec40deb32e,oysters,15,no_share,low,prior,0.26,0.23
064e9eb5-aad7-5b51-9483-5fec40deb32e,oysters,15,no_share,low,posterior,0.22,1.0
df4a588b-d27c-5d24-98e2-f49dede6a912,fair,0,high_risk_share,low,prior,0.53,0.4
df4a588b-d27c-5d24-98e2-f49dede6a912,fair,0,high_risk_share,low,posterior,0.8,0.76
df4a588b-d27c-5d24-98e2-f49dede6a912,takeout,1,low_risk_share,high,prior,0.7,0.77
df4a588b-d27c-5d24-98e2-f49dede6a912,takeout,1,low_risk_share,high,posterior,0.26,1.0
df4a588b-d27c-5d24-98e2-f49dede6a912,social,2,no_share,low,prior,0.5,0.62
df4a588b-d27c-5d24-98e2-f49dede6a912,social,2,no_share,low,posterior,0.5,0.45
df4a588b-d27c-5d24-98e2-f49dede6a912,gala,3,low_risk_share,high,prior,0.67,0.5
df4a588b-d27c-5d24-98e2-f49dede6a912,gala,3,low_risk_share,high,posterior,0.33,0.22
df4a588b-d27c-5d24-98e2-f49dede6a912,hike,4,high_risk_share,high,prior,0.36,0.36
df4a588b-d27c-5d24-98e2-f49dede6a912,hike,4,high_risk_share,high,posterior,0.55,0.5
df4a588b-d27c-5d24-98e2-f49dede6a912,driving,5,no_share,low,prior,0.36,0.66
df4a588b-d27c-5d24-98e2-f49dede6a912,driving,5,no_share,low,posterior,0.1,0.63
df4a588b-d27c-5d24-98e2-f49dede6a912,dip,6,low_risk_share,low,prior,0.5,0.43
df4a588b-d27c-5d24-98e2-f49dede6a912,dip,6,low_risk_share,low,posterior,0.11,0.16
df4a588b-d27c-5d24-98e2-f49dede6a912,basketball,7,high_risk_share,low,prior,0.59,0.43
df4a588b-d27c-5d24-98e2-f49dede6a912,basketball,7,high_risk_share,low,posterior,0.78,0.68
df4a588b-d27c-5d24-98e2-f49dede6a912,drinks,8,low_risk_share,high,prior,0.44,0.65
df4a588b-d27c-5d24-98e2-f49dede6a912,drinks,8,low_risk_share,high,posterior,0.31,0.33
df4a588b-d27c-5d24-98e2-f49dede6a912,brunch,9,no_share,high,prior,0.36,0.4
df4a588b-d27c-5d24-98e2-f49dede6a912,brunch,9,no_share,high,posterior,0.29,0.5
df4a588b-d27c-5d24-98e2-f49dede6a912,wedding,10,no_share,low,prior,0.26,0.71
df4a588b-d27c-5d24-98e2-f49dede6a912,wedding,10,no_share,low,posterior,0.0,0.5
df4a588b-d27c-5d24-98e2-f49dede6a912,cooking,11,high_risk_share,high,prior,0.66,0.57
df4a588b-d27c-5d24-98e2-f49dede6a912,cooking,11,high_risk_share,high,posterior,0.55,0.42
df4a588b-d27c-5d24-98e2-f49dede6a912,apples,12,no_share,high,prior,0.33,0.77
df4a588b-d27c-5d24-98e2-f49dede6a912,apples,12,no_share,high,posterior,0.13,0.74
df4a588b-d27c-5d24-98e2-f49dede6a912,oysters,13,low_risk_share,low,prior,0.37,0.5
df4a588b-d27c-5d24-98e2-f49dede6a912,oysters,13,low_risk_share,low,posterior,0.27,0.33
df4a588b-d27c-5d24-98e2-f49dede6a912,soup,14,low_risk_share,low,prior,0.24,0.5
df4a588b-d27c-5d24-98e2-f49dede6a912,soup,14,low_risk_share,low,posterior,0.2,0.2
df4a588b-d27c-5d24-98e2-f49dede6a912,birthday,15,high_risk_share,high,prior,0.36,0.69
df4a588b-d27c-5d24-98e2-f49dede6a912,birthday,15,high_risk_share,high,posterior,0.38,0.78
4607554f-4ddd-5d2c-b48d-5ac925ea13ff,soup,0,high_risk_share,high,prior,0.71,0.23
4607554f-4ddd-5d2c-b48d-5ac925ea13ff,soup,0,high_risk_share,high,posterior,0.82,0.19
4607554f-4ddd-5d2c-b48d-5ac925ea13ff,birthday,1,low_risk_share,high,prior,0.42,0.35
4607554f-4ddd-5d2c-b48d-5ac925ea13ff,birthday,1,low_risk_share,high,posterior,0.37,0.21
4607554f-4ddd-5d2c-b48d-5ac925ea13ff,gala,2,low_risk_share,high,prior,0.8,0.17
4607554f-4ddd-5d2c-b48d-5ac925ea13ff,gala,2,low_risk_share,high,posterior,0.37,0.07
4607554f-4ddd-5d2c-b48d-5ac925ea13ff,basketball,3,high_risk_share,low,prior,0.75,0.15
4607554f-4ddd-5d2c-b48d-5ac925ea13ff,basketball,3,high_risk_share,low,posterior,0.89,0.1
4607554f-4ddd-5d2c-b48d-5ac925ea13ff,driving,4,no_share,high,prior,0.65,0.06
4607554f-4ddd-5d2c-b48d-5ac925ea13ff,driving,4,no_share,high,posterior,0.38,0.15
4607554f-4ddd-5d2c-b48d-5ac925ea13ff,social,5,no_share,low,prior,0.41,0.08
4607554f-4ddd-5d2c-b48d-5ac925ea13ff,social,5,no_share,low,posterior,0.27,0.11
4607554f-4ddd-5d2c-b48d-5ac925ea13ff,apples,6,high_risk_share,high,prior,0.78,0.06
4607554f-4ddd-5d2c-b48d-5ac925ea13ff,apples,6,high_risk_share,high,posterior,0.8,0.08
4607554f-4ddd-5d2c-b48d-5ac925ea13ff,wedding,7,low_risk_share,low,prior,0.67,0.28
4607554f-4ddd-5d2c-b48d-5ac925ea13ff,wedding,7,low_risk_share,low,posterior,0.59,0.13
4607554f-4ddd-5d2c-b48d-5ac925ea13ff,takeout,8,no_share,high,prior,0.58,0.71
4607554f-4ddd-5d2c-b48d-5ac925ea13ff,takeout,8,no_share,high,posterior,0.54,0.85
4607554f-4ddd-5d2c-b48d-5ac925ea13ff,hike,9,low_risk_share,low,prior,0.63,0.07
4607554f-4ddd-5d2c-b48d-5ac925ea13ff,hike,9,low_risk_share,low,posterior,0.63,0.06
4607554f-4ddd-5d2c-b48d-5ac925ea13ff,dip,10,no_share,low,prior,0.76,0.0
4607554f-4ddd-5d2c-b48d-5ac925ea13ff,dip,10,no_share,low,posterior,0.73,0.0
4607554f-4ddd-5d2c-b48d-5ac925ea13ff,cooking,11,high_risk_share,low,prior,0.82,0.0
4607554f-4ddd-5d2c-b48d-5ac925ea13ff,cooking,11,high_risk_share,low,posterior,0.87,0.0
4607554f-4ddd-5d2c-b48d-5ac925ea13ff,brunch,12,high_risk_share,high,prior,0.77,0.34
4607554f-4ddd-5d2c-b48d-5ac925ea13ff,brunch,12,high_risk_share,high,posterior,0.73,0.63
4607554f-4ddd-5d2c-b48d-5ac925ea13ff,oysters,13,low_risk_share,high,prior,0.68,0.62
4607554f-4ddd-5d2c-b48d-5ac925ea13ff,oysters,13,low_risk_share,high,posterior,0.65,0.65
4607554f-4ddd-5d2c-b48d-5ac925ea13ff,drinks,14,no_share,low,prior,0.77,0.03
4607554f-4ddd-5d2c-b48d-5ac925ea13ff,drinks,14,no_share,low,posterior,0.72,0.0
4607554f-4ddd-5d2c-b48d-5ac925ea13ff,fair,15,low_risk_share,low,prior,0.77,0.08
4607554f-4ddd-5d2c-b48d-5ac925ea13ff,fair,15,low_risk_share,low,posterior,0.71,0.0
1c382766-5980-5105-86f9-796efd439ff8,birthday,0,low_risk_share,low,prior,0.89,0.19
1c382766-5980-5105-86f9-796efd439ff8,birthday,0,low_risk_share,low,posterior,0.76,0.0
1c382766-5980-5105-86f9-796efd439ff8,hike,1,high_risk_share,high,prior,0.76,0.42
1c382766-5980-5105-86f9-796efd439ff8,hike,1,high_risk_share,high,posterior,0.94,1.0
1c382766-5980-5105-86f9-796efd439ff8,takeout,2,high_risk_share,low,prior,0.12,0.18
1c382766-5980-5105-86f9-796efd439ff8,takeout,2,high_risk_share,low,posterior,0.4,1.0
1c382766-5980-5105-86f9-796efd439ff8,cooking,3,low_risk_share,low,prior,0.86,0.62
1c382766-5980-5105-86f9-796efd439ff8,cooking,3,low_risk_share,low,posterior,0.85,0.0
1c382766-5980-5105-86f9-796efd439ff8,soup,4,no_share,high,prior,0.9,0.13
1c382766-5980-5105-86f9-796efd439ff8,soup,4,no_share,high,posterior,0.76,1.0
1c382766-5980-5105-86f9-796efd439ff8,brunch,5,no_share,high,prior,0.64,0.69
1c382766-5980-5105-86f9-796efd439ff8,brunch,5,no_share,high,posterior,0.64,0.68
1c382766-5980-5105-86f9-796efd439ff8,wedding,6,no_share,low,prior,0.58,0.89
1c382766-5980-5105-86f9-796efd439ff8,wedding,6,no_share,low,posterior,0.61,0.9
1c382766-5980-5105-86f9-796efd439ff8,gala,7,no_share,low,prior,0.32,0.8
1c382766-5980-5105-86f9-796efd439ff8,gala,7,no_share,low,posterior,0.31,0.81
1c382766-5980-5105-86f9-796efd439ff8,social,8,low_risk_share,high,prior,0.73,0.94
1c382766-5980-5105-86f9-796efd439ff8,social,8,low_risk_share,high,posterior,0.86,0.0
1c382766-5980-5105-86f9-796efd439ff8,oysters,9,high_risk_share,high,prior,0.72,0.2
1c382766-5980-5105-86f9-796efd439ff8,oysters,9,high_risk_share,high,posterior,0.98,0.94
1c382766-5980-5105-86f9-796efd439ff8,basketball,10,low_risk_share,high,prior,0.88,0.0
1c382766-5980-5105-86f9-796efd439ff8,basketball,10,low_risk_share,high,posterior,0.84,0.0
1c382766-5980-5105-86f9-796efd439ff8,dip,11,low_risk_share,low,prior,0.91,0.11
1c382766-5980-5105-86f9-796efd439ff8,dip,11,low_risk_share,low,posterior,0.89,0.0
1c382766-5980-5105-86f9-796efd439ff8,driving,12,high_risk_share,low,prior,0.89,0.86
1c382766-5980-5105-86f9-796efd439ff8,driving,12,high_risk_share,low,posterior,0.99,0.96
1c382766-5980-5105-86f9-796efd439ff8,apples,13,no_share,low,prior,0.59,0.12
1c382766-5980-5105-86f9-796efd439ff8,apples,13,no_share,low,posterior,0.64,0.14
1c382766-5980-5105-86f9-796efd439ff8,fair,14,high_risk_share,high,prior,0.87,0.12
1c382766-5980-5105-86f9-796efd439ff8,fair,14,high_risk_share,high,posterior,0.95,0.89
1c382766-5980-5105-86f9-796efd439ff8,drinks,15,low_risk_share,high,prior,0.91,0.92
1c382766-5980-5105-86f9-796efd439ff8,drinks,15,low_risk_share,high,posterior,0.66,0.0
b30c6c7b-c2d2-5249-8f7d-5827bfcdbde9,oysters,0,low_risk_share,high,prior,0.62,0.27
b30c6c7b-c2d2-5249-8f7d-5827bfcdbde9,oysters,0,low_risk_share,high,posterior,1.0,0.0
b30c6c7b-c2d2-5249-8f7d-5827bfcdbde9,wedding,1,high_risk_share,high,prior,0.76,1.0
b30c6c7b-c2d2-5249-8f7d-5827bfcdbde9,wedding,1,high_risk_share,high,posterior,1.0,1.0
b30c6c7b-c2d2-5249-8f7d-5827bfcdbde9,takeout,2,no_share,low,prior,0.99,1.0
b30c6c7b-c2d2-5249-8f7d-5827bfcdbde9,takeout,2,no_share,low,posterior,0.73,1.0
b30c6c7b-c2d2-5249-8f7d-5827bfcdbde9,brunch,3,low_risk_share,low,prior,0.37,0.83
b30c6c7b-c2d2-5249-8f7d-5827bfcdbde9,brunch,3,low_risk_share,low,posterior,0.4,0.22
b30c6c7b-c2d2-5249-8f7d-5827bfcdbde9,birthday,4,no_share,high,prior,0.5,0.0
b30c6c7b-c2d2-5249-8f7d-5827bfcdbde9,birthday,4,no_share,high,posterior,0.0,0.12
b30c6c7b-c2d2-5249-8f7d-5827bfcdbde9,apples,5,no_share,low,prior,0.48,0.0
b30c6c7b-c2d2-5249-8f7d-5827bfcdbde9,apples,5,no_share,low,posterior,0.34,0.29
b30c6c7b-c2d2-5249-8f7d-5827bfcdbde9,driving,6,high_risk_share,high,prior,0.55,0.81
b30c6c7b-c2d2-5249-8f7d-5827bfcdbde9,driving,6,high_risk_share,high,posterior,1.0,1.0
b30c6c7b-c2d2-5249-8f7d-5827bfcdbde9,gala,7,low_risk_share,low,prior,0.21,1.0
b30c6c7b-c2d2-5249-8f7d-5827bfcdbde9,gala,7,low_risk_share,low,posterior,0.32,0.01
b30c6c7b-c2d2-5249-8f7d-5827bfcdbde9,fair,8,high_risk_share,low,prior,0.77,0.78
b30c6c7b-c2d2-5249-8f7d-5827bfcdbde9,fair,8,high_risk_share,low,posterior,1.0,1.0
b30c6c7b-c2d2-5249-8f7d-5827bfcdbde9,hike,9,high_risk_share,low,prior,0.58,1.0
b30c6c7b-c2d2-5249-8f7d-5827bfcdbde9,hike,9,high_risk_share,low,posterior,1.0,0.51
b30c6c7b-c2d2-5249-8f7d-5827bfcdbde9,basketball,10,no_share,low,prior,0.52,0.62
b30c6c7b-c2d2-5249-8f7d-5827bfcdbde9,basketball,10,no_share,low,posterior,0.28,1.0
b30c6c7b-c2d2-5249-8f7d-5827bfcdbde9,cooking,11,low_risk_share,low,prior,0.52,0.53
b30c6c7b-c2d2-5249-8f7d-5827bfcdbde9,cooking,11,low_risk_share,low,posterior,0.52,0.0
b30c6c7b-c2d2-5249-8f7d-5827bfcdbde9,soup,12,low_risk_share,high,prior,0.55,0.52
b30c6c7b-c2d2-5249-8f7d-5827bfcdbde9,soup,12,low_risk_share,high,posterior,0.33,0.0
b30c6c7b-c2d2-5249-8f7d-5827bfcdbde9,drinks,13,high_risk_share,high,prior,0.51,0.46
b30c6c7b-c2d2-5249-8f7d-5827bfcdbde9,drinks,13,high_risk_share,high,posterior,1.0,1.0
b30c6c7b-c2d2-5249-8f7d-5827bfcdbde9,social,14,low_risk_share,high,prior,0.66,0.69
b30c6c7b-c2d2-5249-8f7d-5827bfcdbde9,social,14,low_risk_share,high,posterior,0.88,0.0
b30c6c7b-c2d2-5249-8f7d-5827bfcdbde9,dip,15,no_share,high,prior,0.24,0.08
b30c6c7b-c2d2-5249-8f7d-5827bfcdbde9,dip,15,no_share,high,posterior,0.25,1.0
b3c10f99-4cdf-5de0-9e5c-3f846d6f06af,cooking,0,low_risk_share,high,prior,0.89,0.2
b3c10f99-4cdf-5de0-9e5c-3f846d6f06af,cooking,0,low_risk_share,high,posterior,0.65,0.0
b3c10f99-4cdf-5de0-9e5c-3f846d6f06af,basketball,1,no_share,low,prior,0.64,0.5
b3c10f99-4cdf-5de0-9e5c-3f846d6f06af,basketball,1,no_share,low,posterior,0.65,0.5
b3c10f99-4cdf-5de0-9e5c-3f846d6f06af,fair,2,no_share,low,prior,0.81,0.07
b3c10f99-4cdf-5de0-9e5c-3f846d6f06af,fair,2,no_share,low,posterior,0.58,0.56
b3c10f99-4cdf-5de0-9e5c-3f846d6f06af,oysters,3,low_risk_share,low,prior,0.87,0.08
b3c10f99-4cdf-5de0-9e5c-3f846d6f06af,oysters,3,low_risk_share,low,posterior,0.57,0.29
b3c10f99-4cdf-5de0-9e5c-3f846d6f06af,driving,4,low_risk_share,low,prior,0.55,0.03
b3c10f99-4cdf-5de0-9e5c-3f846d6f06af,driving,4,low_risk_share,low,posterior,0.53,0.08
b3c10f99-4cdf-5de0-9e5c-3f846d6f06af,hike,5,no_share,high,prior,0.52,0.58
b3c10f99-4cdf-5de0-9e5c-3f846d6f06af,hike,5,no_share,high,posterior,0.5,0.87
b3c10f99-4cdf-5de0-9e5c-3f846d6f06af,wedding,6,low_risk_share,low,prior,0.43,0.6
b3c10f99-4cdf-5de0-9e5c-3f846d6f06af,wedding,6,low_risk_share,low,posterior,0.81,0.37
b3c10f99-4cdf-5de0-9e5c-3f846d6f06af,takeout,7,no_share,low,prior,0.42,0.99
b3c10f99-4cdf-5de0-9e5c-3f846d6f06af,takeout,7,no_share,low,posterior,0.41,0.95
b3c10f99-4cdf-5de0-9e5c-3f846d6f06af,social,8,no_share,high,prior,0.33,0.08
b3c10f99-4cdf-5de0-9e5c-3f846d6f06af,social,8,no_share,high,posterior,0.33,0.22
b3c10f99-4cdf-5de0-9e5c-3f846d6f06af,birthday,9,high_risk_share,high,prior,0.5,0.13
b3c10f99-4cdf-5de0-9e5c-3f846d6f06af,birthday,9,high_risk_share,high,posterior,0.97,0.5
b3c10f99-4cdf-5de0-9e5c-3f846d6f06af,drinks,10,low_risk_share,high,prior,0.5,0.74
b3c10f99-4cdf-5de0-9e5c-3f846d6f06af,drinks,10,low_risk_share,high,posterior,0.57,0.33
b3c10f99-4cdf-5de0-9e5c-3f846d6f06af,dip,11,high_risk_share,high,prior,0.75,0.2
b3c10f99-4cdf-5de0-9e5c-3f846d6f06af,dip,11,high_risk_share,high,posterior,0.95,0.5
b3c10f99-4cdf-5de0-9e5c-3f846d6f06af,soup,12,high_risk_share,low,prior,0.7,0.5
b3c10f99-4cdf-5de0-9e5c-3f846d6f06af,soup,12,high_risk_share,low,posterior,0.99,0.58
b3c10f99-4cdf-5de0-9e5c-3f846d6f06af,gala,13,high_risk_share,low,prior,0.39,0.36
b3c10f99-4cdf-5de0-9e5c-3f846d6f06af,gala,13,high_risk_share,low,posterior,0.98,0.57
b3c10f99-4cdf-5de0-9e5c-3f846d6f06af,brunch,14,low_risk_share,high,prior,0.78,0.61
b3c10f99-4cdf-5de0-9e5c-3f846d6f06af,brunch,14,low_risk_share,high,posterior,0.56,0.43
b3c10f99-4cdf-5de0-9e5c-3f846d6f06af,apples,15,high_risk_share,high,prior,0.75,0.04
b3c10f99-4cdf-5de0-9e5c-3f846d6f06af,apples,15,high_risk_share,high,posterior,0.95,0.08
99efbd01-ddb6-5ece-b2cb-f3630e00425c,dip,0,high_risk_share,low,prior,0.79,0.76
99efbd01-ddb6-5ece-b2cb-f3630e00425c,dip,0,high_risk_share,low,posterior,0.86,0.84
99efbd01-ddb6-5ece-b2cb-f3630e00425c,driving,1,high_risk_share,low,prior,0.83,0.68
99efbd01-ddb6-5ece-b2cb-f3630e00425c,driving,1,high_risk_share,low,posterior,0.9,0.81
99efbd01-ddb6-5ece-b2cb-f3630e00425c,takeout,2,no_share,low,prior,0.85,0.8
99efbd01-ddb6-5ece-b2cb-f3630e00425c,takeout,2,no_share,low,posterior,0.87,0.81
99efbd01-ddb6-5ece-b2cb-f3630e00425c,fair,3,low_risk_share,low,prior,0.75,0.77
99efbd01-ddb6-5ece-b2cb-f3630e00425c,fair,3,low_risk_share,low,posterior,0.32,0.27
99efbd01-ddb6-5ece-b2cb-f3630e00425c,oysters,4,low_risk_share,low,prior,0.68,0.32
99efbd01-ddb6-5ece-b2cb-f3630e00425c,oysters,4,low_risk_share,low,posterior,0.79,0.26
99efbd01-ddb6-5ece-b2cb-f3630e00425c,birthday,5,low_risk_share,low,prior,0.51,0.33
99efbd01-ddb6-5ece-b2cb-f3630e00425c,birthday,5,low_risk_share,low,posterior,0.8,0.2
99efbd01-ddb6-5ece-b2cb-f3630e00425c,brunch,6,high_risk_share,low,prior,0.49,0.1
99efbd01-ddb6-5ece-b2cb-f3630e00425c,brunch,6,high_risk_share,low,posterior,0.78,0.76
99efbd01-ddb6-5ece-b2cb-f3630e00425c,basketball,7,high_risk_share,high,prior,0.79,0.74
99efbd01-ddb6-5ece-b2cb-f3630e00425c,basketball,7,high_risk_share,high,posterior,0.82,0.8
99efbd01-ddb6-5ece-b2cb-f3630e00425c,soup,8,high_risk_share,high,prior,0.84,0.13
99efbd01-ddb6-5ece-b2cb-f3630e00425c,soup,8,high_risk_share,high,posterior,0.85,0.83
99efbd01-ddb6-5ece-b2cb-f3630e00425c,wedding,9,high_risk_share,high,prior,0.75,0.78
99efbd01-ddb6-5ece-b2cb-f3630e00425c,wedding,9,high_risk_share,high,posterior,0.83,0.82
99efbd01-ddb6-5ece-b2cb-f3630e00425c,cooking,10,no_share,high,prior,0.8,0.81
99efbd01-ddb6-5ece-b2cb-f3630e00425c,cooking,10,no_share,high,posterior,0.85,0.86
99efbd01-ddb6-5ece-b2cb-f3630e00425c,gala,11,no_share,low,prior,0.23,0.2
99efbd01-ddb6-5ece-b2cb-f3630e00425c,gala,11,no_share,low,posterior,0.21,0.22
99efbd01-ddb6-5ece-b2cb-f3630e00425c,hike,12,no_share,high,prior,0.79,0.25
99efbd01-ddb6-5ece-b2cb-f3630e00425c,hike,12,no_share,high,posterior,0.18,0.77
99efbd01-ddb6-5ece-b2cb-f3630e00425c,social,13,low_risk_share,high,prior,0.69,0.8
99efbd01-ddb6-5ece-b2cb-f3630e00425c,social,13,low_risk_share,high,posterior,0.78,0.19
99efbd01-ddb6-5ece-b2cb-f3630e00425c,drinks,14,no_share,high,prior,0.51,0.72
99efbd01-ddb6-5ece-b2cb-f3630e00425c,drinks,14,no_share,high,posterior,0.79,0.82
99efbd01-ddb6-5ece-b2cb-f3630e00425c,apples,15,low_risk_share,high,prior,0.48,0.76
99efbd01-ddb6-5ece-b2cb-f3630e00425c,apples,15,low_risk_share,high,posterior,0.47,0.27
1ee350fc-045e-526c-b9b8-5523be9caf26,brunch,0,no_share,low,prior,0.76,0.26
1ee350fc-045e-526c-b9b8-5523be9caf26,brunch,0,no_share,low,posterior,0.77,0.23
1ee350fc-045e-526c-b9b8-5523be9caf26,birthday,1,low_risk_share,high,prior,0.77,0.25
1ee350fc-045e-526c-b9b8-5523be9caf26,birthday,1,low_risk_share,high,posterior,1.0,0.0
1ee350fc-045e-526c-b9b8-5523be9caf26,dip,2,low_risk_share,low,prior,0.83,0.13
1ee350fc-045e-526c-b9b8-5523be9caf26,dip,2,low_risk_share,low,posterior,0.5,0.06
1ee350fc-045e-526c-b9b8-5523be9caf26,fair,3,high_risk_share,high,prior,0.63,0.71
1ee350fc-045e-526c-b9b8-5523be9caf26,fair,3,high_risk_share,high,posterior,0.84,0.85
1ee350fc-045e-526c-b9b8-5523be9caf26,drinks,4,high_risk_share,low,prior,0.5,0.67
1ee350fc-045e-526c-b9b8-5523be9caf26,drinks,4,high_risk_share,low,posterior,0.73,0.75
1ee350fc-045e-526c-b9b8-5523be9caf26,cooking,5,no_share,low,prior,0.72,0.28
1ee350fc-045e-526c-b9b8-5523be9caf26,cooking,5,no_share,low,posterior,0.74,0.75
1ee350fc-045e-526c-b9b8-5523be9caf26,driving,6,high_risk_share,low,prior,0.49,0.28
1ee350fc-045e-526c-b9b8-5523be9caf26,driving,6,high_risk_share,low,posterior,0.75,0.76
1ee350fc-045e-526c-b9b8-5523be9caf26,hike,7,high_risk_share,high,prior,0.76,0.31
1ee350fc-045e-526c-b9b8-5523be9caf26,hike,7,high_risk_share,high,posterior,0.78,0.79
1ee350fc-045e-526c-b9b8-5523be9caf26,soup,8,no_share,high,prior,0.75,0.76
1ee350fc-045e-526c-b9b8-5523be9caf26,soup,8,no_share,high,posterior,0.3,0.79
1ee350fc-045e-526c-b9b8-5523be9caf26,apples,9,low_risk_share,low,prior,0.49,0.8
1ee350fc-045e-526c-b9b8-5523be9caf26,apples,9,low_risk_share,low,posterior,0.25,0.26
1ee350fc-045e-526c-b9b8-5523be9caf26,oysters,10,no_share,low,prior,0.69,0.28
1ee350fc-045e-526c-b9b8-5523be9caf26,oysters,10,no_share,low,posterior,0.39,0.72
1ee350fc-045e-526c-b9b8-5523be9caf26,takeout,11,low_risk_share,high,prior,0.65,0.67
1ee350fc-045e-526c-b9b8-5523be9caf26,takeout,11,low_risk_share,high,posterior,0.19,0.06
1ee350fc-045e-526c-b9b8-5523be9caf26,gala,12,no_share,high,prior,0.71,0.28
1ee350fc-045e-526c-b9b8-5523be9caf26,gala,12,no_share,high,posterior,0.3,0.79
1ee350fc-045e-526c-b9b8-5523be9caf26,wedding,13,low_risk_share,high,prior,0.28,0.76
1ee350fc-045e-526c-b9b8-5523be9caf26,wedding,13,low_risk_share,high,posterior,0.18,0.18
1ee350fc-045e-526c-b9b8-5523be9caf26,basketball,14,low_risk_share,low,prior,0.72,0.74
1ee350fc-045e-526c-b9b8-5523be9caf26,basketball,14,low_risk_share,low,posterior,0.25,0.16
1ee350fc-045e-526c-b9b8-5523be9caf26,social,15,high_risk_share,high,prior,0.36,0.28
1ee350fc-045e-526c-b9b8-5523be9caf26,social,15,high_risk_share,high,posterior,0.82,0.8
328b9517-1c8a-5c83-9558-babd42f844c3,social,0,low_risk_share,low,prior,0.9,0.6
328b9517-1c8a-5c83-9558-babd42f844c3,social,0,low_risk_share,low,posterior,0.14,0.24
328b9517-1c8a-5c83-9558-babd42f844c3,wedding,1,no_share,low,prior,0.61,0.84
328b9517-1c8a-5c83-9558-babd42f844c3,wedding,1,no_share,low,posterior,0.1,0.13
328b9517-1c8a-5c83-9558-babd42f844c3,basketball,2,high_risk_share,low,prior,0.94,0.84
328b9517-1c8a-5c83-9558-babd42f844c3,basketball,2,high_risk_share,low,posterior,1.0,0.92
328b9517-1c8a-5c83-9558-babd42f844c3,dip,3,no_share,low,prior,0.0,0.0
328b9517-1c8a-5c83-9558-babd42f844c3,dip,3,no_share,low,posterior,0.12,0.0
328b9517-1c8a-5c83-9558-babd42f844c3,soup,4,low_risk_share,high,prior,0.71,0.0
328b9517-1c8a-5c83-9558-babd42f844c3,soup,4,low_risk_share,high,posterior,0.0,0.0
328b9517-1c8a-5c83-9558-babd42f844c3,cooking,5,no_share,low,prior,0.65,0.0
328b9517-1c8a-5c83-9558-babd42f844c3,cooking,5,no_share,low,posterior,0.0,0.0
328b9517-1c8a-5c83-9558-babd42f844c3,brunch,6,high_risk_share,high,prior,0.83,0.0
328b9517-1c8a-5c83-9558-babd42f844c3,brunch,6,high_risk_share,high,posterior,0.84,0.0
328b9517-1c8a-5c83-9558-babd42f844c3,apples,7,low_risk_share,low,prior,0.15,0.08
328b9517-1c8a-5c83-9558-babd42f844c3,apples,7,low_risk_share,low,posterior,0.0,0.02
328b9517-1c8a-5c83-9558-babd42f844c3,driving,8,high_risk_share,high,prior,0.82,0.23
328b9517-1c8a-5c83-9558-babd42f844c3,driving,8,high_risk_share,high,posterior,0.98,0.0
328b9517-1c8a-5c83-9558-babd42f844c3,fair,9,no_share,high,prior,0.14,0.02
328b9517-1c8a-5c83-9558-babd42f844c3,fair,9,no_share,high,posterior,0.01,0.78
328b9517-1c8a-5c83-9558-babd42f844c3,hike,10,high_risk_share,high,prior,0.29,0.66
328b9517-1c8a-5c83-9558-babd42f844c3,hike,10,high_risk_share,high,posterior,0.37,0.97
328b9517-1c8a-5c83-9558-babd42f844c3,oysters,11,no_share,high,prior,0.76,0.1
328b9517-1c8a-5c83-9558-babd42f844c3,oysters,11,no_share,high,posterior,0.64,0.06
328b9517-1c8a-5c83-9558-babd42f844c3,gala,12,low_risk_share,high,prior,0.75,0.88
328b9517-1c8a-5c83-9558-babd42f844c3,gala,12,low_risk_share,high,posterior,0.12,0.19
328b9517-1c8a-5c83-9558-babd42f844c3,birthday,13,low_risk_share,high,prior,0.67,0.02
328b9517-1c8a-5c83-9558-babd42f844c3,birthday,13,low_risk_share,high,posterior,0.22,0.0
328b9517-1c8a-5c83-9558-babd42f844c3,drinks,14,high_risk_share,low,prior,1.0,1.0
328b9517-1c8a-5c83-9558-babd42f844c3,drinks,14,high_risk_share,low,posterior,0.92,1.0
328b9517-1c8a-5c83-9558-babd42f844c3,takeout,15,low_risk_share,low,prior,0.14,0.18
328b9517-1c8a-5c83-9558-babd42f844c3,takeout,15,low_risk_share,low,posterior,0.16,1.0
db5ea35f-6b05-5bac-8d0c-6718c808a8c9,dip,0,high_risk_share,high,prior,0.8,0.24
db5ea35f-6b05-5bac-8d0c-6718c808a8c9,dip,0,high_risk_share,high,posterior,0.34,0.2
db5ea35f-6b05-5bac-8d0c-6718c808a8c9,cooking,1,no_share,low,prior,0.99,0.87
db5ea35f-6b05-5bac-8d0c-6718c808a8c9,cooking,1,no_share,low,posterior,0.82,0.8
db5ea35f-6b05-5bac-8d0c-6718c808a8c9,birthday,2,low_risk_share,high,prior,0.33,0.82
db5ea35f-6b05-5bac-8d0c-6718c808a8c9,birthday,2,low_risk_share,high,posterior,0.51,0.28
db5ea35f-6b05-5bac-8d0c-6718c808a8c9,soup,3,low_risk_share,low,prior,0.34,0.43
db5ea35f-6b05-5bac-8d0c-6718c808a8c9,soup,3,low_risk_share,low,posterior,0.32,0.22
db5ea35f-6b05-5bac-8d0c-6718c808a8c9,basketball,4,high_risk_share,low,prior,0.28,0.28
db5ea35f-6b05-5bac-8d0c-6718c808a8c9,basketball,4,high_risk_share,low,posterior,0.76,0.72
db5ea35f-6b05-5bac-8d0c-6718c808a8c9,driving,5,low_risk_share,low,prior,0.57,0.35
db5ea35f-6b05-5bac-8d0c-6718c808a8c9,driving,5,low_risk_share,low,posterior,0.51,0.01
db5ea35f-6b05-5bac-8d0c-6718c808a8c9,wedding,6,no_share,high,prior,0.67,0.38
db5ea35f-6b05-5bac-8d0c-6718c808a8c9,wedding,6,no_share,high,posterior,0.33,0.88
db5ea35f-6b05-5bac-8d0c-6718c808a8c9,brunch,7,no_share,low,prior,0.6,0.65
db5ea35f-6b05-5bac-8d0c-6718c808a8c9,brunch,7,no_share,low,posterior,0.42,0.38
db5ea35f-6b05-5bac-8d0c-6718c808a8c9,fair,8,high_risk_share,low,prior,0.84,0.68
db5ea35f-6b05-5bac-8d0c-6718c808a8c9,fair,8,high_risk_share,low,posterior,1.0,1.0
db5ea35f-6b05-5bac-8d0c-6718c808a8c9,drinks,9,no_share,high,prior,0.63,0.41
db5ea35f-6b05-5bac-8d0c-6718c808a8c9,drinks,9,no_share,high,posterior,0.22,0.83
db5ea35f-6b05-5bac-8d0c-6718c808a8c9,hike,10,low_risk_share,high,prior,0.89,0.81
db5ea35f-6b05-5bac-8d0c-6718c808a8c9,hike,10,low_risk_share,high,posterior,1.0,0.0
db5ea35f-6b05-5bac-8d0c-6718c808a8c9,oysters,11,high_risk_share,high,prior,0.81,0.24
db5ea35f-6b05-5bac-8d0c-6718c808a8c9,oysters,11,high_risk_share,high,posterior,1.0,0.0
db5ea35f-6b05-5bac-8d0c-6718c808a8c9,gala,12,no_share,low,prior,0.11,0.37
db5ea35f-6b05-5bac-8d0c-6718c808a8c9,gala,12,no_share,low,posterior,0.03,0.24
db5ea35f-6b05-5bac-8d0c-6718c808a8c9,social,13,high_risk_share,low,prior,0.51,0.33
db5ea35f-6b05-5bac-8d0c-6718c808a8c9,social,13,high_risk_share,low,posterior,0.98,0.83
db5ea35f-6b05-5bac-8d0c-6718c808a8c9,takeout,14,low_risk_share,high,prior,0.12,0.3
db5ea35f-6b05-5bac-8d0c-6718c808a8c9,takeout,14,low_risk_share,high,posterior,0.0,0.08
db5ea35f-6b05-5bac-8d0c-6718c808a8c9,apples,15,no_share,high,prior,0.52,0.18
db5ea35f-6b05-5bac-8d0c-6718c808a8c9,apples,15,no_share,high,posterior,0.13,0.47
72d28634-2f29-58cb-b523-e9fc8cb1d0be,basketball,0,high_risk_share,high,prior,0.21,0.27
72d28634-2f29-58cb-b523-e9fc8cb1d0be,basketball,0,high_risk_share,high,posterior,0.26,0.26
72d28634-2f29-58cb-b523-e9fc8cb1d0be,brunch,1,high_risk_share,low,prior,0.56,0.31
72d28634-2f29-58cb-b523-e9fc8cb1d0be,brunch,1,high_risk_share,low,posterior,0.65,0.18
72d28634-2f29-58cb-b523-e9fc8cb1d0be,dip,2,high_risk_share,high,prior,0.36,0.34
72d28634-2f29-58cb-b523-e9fc8cb1d0be,dip,2,high_risk_share,high,posterior,0.75,0.67
72d28634-2f29-58cb-b523-e9fc8cb1d0be,fair,3,high_risk_share,high,prior,0.6,0.29
72d28634-2f29-58cb-b523-e9fc8cb1d0be,fair,3,high_risk_share,high,posterior,0.73,0.36
72d28634-2f29-58cb-b523-e9fc8cb1d0be,birthday,4,low_risk_share,low,prior,0.23,0.11
72d28634-2f29-58cb-b523-e9fc8cb1d0be,birthday,4,low_risk_share,low,posterior,0.26,0.14
72d28634-2f29-58cb-b523-e9fc8cb1d0be,cooking,5,no_share,high,prior,0.26,0.15
72d28634-2f29-58cb-b523-e9fc8cb1d0be,cooking,5,no_share,high,posterior,0.28,0.24
72d28634-2f29-58cb-b523-e9fc8cb1d0be,oysters,6,low_risk_share,low,prior,0.63,0.8
72d28634-2f29-58cb-b523-e9fc8cb1d0be,oysters,6,low_risk_share,low,posterior,0.64,0.23
72d28634-2f29-58cb-b523-e9fc8cb1d0be,soup,7,low_risk_share,high,prior,0.21,0.27
72d28634-2f29-58cb-b523-e9fc8cb1d0be,soup,7,low_risk_share,high,posterior,0.32,0.19
72d28634-2f29-58cb-b523-e9fc8cb1d0be,hike,8,no_share,low,prior,0.36,0.2
72d28634-2f29-58cb-b523-e9fc8cb1d0be,hike,8,no_share,low,posterior,0.3,0.77
72d28634-2f29-58cb-b523-e9fc8cb1d0be,drinks,9,no_share,high,prior,0.31,0.29
72d28634-2f29-58cb-b523-e9fc8cb1d0be,drinks,9,no_share,high,posterior,0.28,0.75
72d28634-2f29-58cb-b523-e9fc8cb1d0be,social,10,high_risk_share,low,prior,0.28,0.25
72d28634-2f29-58cb-b523-e9fc8cb1d0be,social,10,high_risk_share,low,posterior,0.35,0.27
72d28634-2f29-58cb-b523-e9fc8cb1d0be,gala,11,no_share,low,prior,0.37,0.23
72d28634-2f29-58cb-b523-e9fc8cb1d0be,gala,11,no_share,low,posterior,0.32,0.25
72d28634-2f29-58cb-b523-e9fc8cb1d0be,takeout,12,low_risk_share,high,prior,0.36,0.7
72d28634-2f29-58cb-b523-e9fc8cb1d0be,takeout,12,low_risk_share,high,posterior,0.58,0.79
72d28634-2f29-58cb-b523-e9fc8cb1d0be,apples,13,low_risk_share,low,prior,0.42,0.23
72d28634-2f29-58cb-b523-e9fc8cb1d0be,apples,13,low_risk_share,low,posterior,0.64,0.31
72d28634-2f29-58cb-b523-e9fc8cb1d0be,driving,14,high_risk_share,low,prior,0.61,0.31
72d28634-2f29-58cb-b523-e9fc8cb1d0be,driving,14,high_risk_share,low,posterior,0.81,0.89
72d28634-2f29-58cb-b523-e9fc8cb1d0be,wedding,15,no_share,high,prior,0.24,0.25
72d28634-2f29-58cb-b523-e9fc8cb1d0be,wedding,15,no_share,high,posterior,0.65,0.39
b98e5b60-79d0-53c8-a2d1-e8dc4b54b1f6,oysters,0,no_share,high,prior,0.67,0.11
b98e5b60-79d0-53c8-a2d1-e8dc4b54b1f6,oysters,0,no_share,high,posterior,0.56,0.5
b98e5b60-79d0-53c8-a2d1-e8dc4b54b1f6,wedding,1,high_risk_share,high,prior,0.5,0.5
b98e5b60-79d0-53c8-a2d1-e8dc4b54b1f6,wedding,1,high_risk_share,high,posterior,0.83,0.65
b98e5b60-79d0-53c8-a2d1-e8dc4b54b1f6,gala,2,high_risk_share,high,prior,0.75,0.5
b98e5b60-79d0-53c8-a2d1-e8dc4b54b1f6,gala,2,high_risk_share,high,posterior,0.88,0.5
b98e5b60-79d0-53c8-a2d1-e8dc4b54b1f6,fair,3,high_risk_share,low,prior,0.81,0.51
b98e5b60-79d0-53c8-a2d1-e8dc4b54b1f6,fair,3,high_risk_share,low,posterior,0.97,0.5
b98e5b60-79d0-53c8-a2d1-e8dc4b54b1f6,soup,4,low_risk_share,high,prior,0.6,0.5
b98e5b60-79d0-53c8-a2d1-e8dc4b54b1f6,soup,4,low_risk_share,high,posterior,0.5,0.22
b98e5b60-79d0-53c8-a2d1-e8dc4b54b1f6,dip,5,high_risk_share,low,prior,0.66,0.13
b98e5b60-79d0-53c8-a2d1-e8dc4b54b1f6,dip,5,high_risk_share,low,posterior,0.66,0.09
b98e5b60-79d0-53c8-a2d1-e8dc4b54b1f6,drinks,6,low_risk_share,high,prior,0.6,0.5
b98e5b60-79d0-53c8-a2d1-e8dc4b54b1f6,drinks,6,low_risk_share,high,posterior,0.5,0.04
b98e5b60-79d0-53c8-a2d1-e8dc4b54b1f6,driving,7,no_share,high,prior,0.78,0.57
b98e5b60-79d0-53c8-a2d1-e8dc4b54b1f6,driving,7,no_share,high,posterior,0.56,0.5
b98e5b60-79d0-53c8-a2d1-e8dc4b54b1f6,apples,8,high_risk_share,low,prior,0.57,0.5
b98e5b60-79d0-53c8-a2d1-e8dc4b54b1f6,apples,8,high_risk_share,low,posterior,0.93,0.65
b98e5b60-79d0-53c8-a2d1-e8dc4b54b1f6,cooking,9,no_share,low,prior,0.58,0.5
b98e5b60-79d0-53c8-a2d1-e8dc4b54b1f6,cooking,9,no_share,low,posterior,0.55,0.66
b98e5b60-79d0-53c8-a2d1-e8dc4b54b1f6,basketball,10,no_share,low,prior,0.5,0.5
b98e5b60-79d0-53c8-a2d1-e8dc4b54b1f6,basketball,10,no_share,low,posterior,0.42,0.57
b98e5b60-79d0-53c8-a2d1-e8dc4b54b1f6,social,11,low_risk_share,low,prior,0.5,0.28
b98e5b60-79d0-53c8-a2d1-e8dc4b54b1f6,social,11,low_risk_share,low,posterior,0.59,0.0
b98e5b60-79d0-53c8-a2d1-e8dc4b54b1f6,brunch,12,low_risk_share,low,prior,0.5,0.5
b98e5b60-79d0-53c8-a2d1-e8dc4b54b1f6,brunch,12,low_risk_share,low,posterior,0.5,0.39
b98e5b60-79d0-53c8-a2d1-e8dc4b54b1f6,birthday,13,low_risk_share,low,prior,0.56,0.35
b98e5b60-79d0-53c8-a2d1-e8dc4b54b1f6,birthday,13,low_risk_share,low,posterior,0.57,0.35
b98e5b60-79d0-53c8-a2d1-e8dc4b54b1f6,hike,14,high_risk_share,high,prior,0.59,0.4
b98e5b60-79d0-53c8-a2d1-e8dc4b54b1f6,hike,14,high_risk_share,high,posterior,0.8,0.65
b98e5b60-79d0-53c8-a2d1-e8dc4b54b1f6,takeout,15,no_share,high,prior,0.18,0.89
b98e5b60-79d0-53c8-a2d1-e8dc4b54b1f6,takeout,15,no_share,high,posterior,0.05,1.0
c3e2c033-d553-549d-874b-9c136cbd7a62,apples,0,no_share,high,prior,0.53,0.03
c3e2c033-d553-549d-874b-9c136cbd7a62,apples,0,no_share,high,posterior,0.57,0.1
c3e2c033-d553-549d-874b-9c136cbd7a62,hike,1,high_risk_share,high,prior,0.56,0.98
c3e2c033-d553-549d-874b-9c136cbd7a62,hike,1,high_risk_share,high,posterior,0.0,0.0
c3e2c033-d553-549d-874b-9c136cbd7a62,cooking,2,high_risk_share,high,prior,1.0,0.01
c3e2c033-d553-549d-874b-9c136cbd7a62,cooking,2,high_risk_share,high,posterior,1.0,0.99
c3e2c033-d553-549d-874b-9c136cbd7a62,fair,3,high_risk_share,low,prior,0.53,0.01
c3e2c033-d553-549d-874b-9c136cbd7a62,fair,3,high_risk_share,low,posterior,1.0,1.0
c3e2c033-d553-549d-874b-9c136cbd7a62,basketball,4,high_risk_share,low,prior,1.0,0.01
c3e2c033-d553-549d-874b-9c136cbd7a62,basketball,4,high_risk_share,low,posterior,1.0,0.99
c3e2c033-d553-549d-874b-9c136cbd7a62,driving,5,no_share,low,prior,0.56,0.0
c3e2c033-d553-549d-874b-9c136cbd7a62,driving,5,no_share,low,posterior,0.56,0.02
c3e2c033-d553-549d-874b-9c136cbd7a62,social,6,no_share,low,prior,0.57,0.0
c3e2c033-d553-549d-874b-9c136cbd7a62,social,6,no_share,low,posterior,0.57,0.01
c3e2c033-d553-549d-874b-9c136cbd7a62,oysters,7,low_risk_share,low,prior,0.56,0.0
c3e2c033-d553-549d-874b-9c136cbd7a62,oysters,7,low_risk_share,low,posterior,0.53,0.01
c3e2c033-d553-549d-874b-9c136cbd7a62,brunch,8,no_share,high,prior,0.58,0.01
c3e2c033-d553-549d-874b-9c136cbd7a62,brunch,8,no_share,high,posterior,0.55,0.0
c3e2c033-d553-549d-874b-9c136cbd7a62,gala,9,low_risk_share,high,prior,0.56,0.01
c3e2c033-d553-549d-874b-9c136cbd7a62,gala,9,low_risk_share,high,posterior,0.43,0.02
c3e2c033-d553-549d-874b-9c136cbd7a62,birthday,10,high_risk_share,high,prior,0.68,0.64
c3e2c033-d553-549d-874b-9c136cbd7a62,birthday,10,high_risk_share,high,posterior,0.53,0.87
c3e2c033-d553-549d-874b-9c136cbd7a62,soup,11,low_risk_share,low,prior,0.61,0.09
c3e2c033-d553-549d-874b-9c136cbd7a62,soup,11,low_risk_share,low,posterior,0.55,0.35
c3e2c033-d553-549d-874b-9c136cbd7a62,drinks,12,low_risk_share,high,prior,0.78,0.59
c3e2c033-d553-549d-874b-9c136cbd7a62,drinks,12,low_risk_share,high,posterior,0.57,0.72
c3e2c033-d553-549d-874b-9c136cbd7a62,dip,13,low_risk_share,low,prior,0.26,0.6
c3e2c033-d553-549d-874b-9c136cbd7a62,dip,13,low_risk_share,low,posterior,0.66,0.59
c3e2c033-d553-549d-874b-9c136cbd7a62,wedding,14,no_share,low,prior,0.67,0.7
c3e2c033-d553-549d-874b-9c136cbd7a62,wedding,14,no_share,low,posterior,0.62,0.46
c3e2c033-d553-549d-874b-9c136cbd7a62,takeout,15,low_risk_share,high,prior,0.65,0.57
c3e2c033-d553-549d-874b-9c136cbd7a62,takeout,15,low_risk_share,high,posterior,0.45,0.05
fad7b923-deea-5a24-ab0d-a95426b262dc,apples,0,high_risk_share,high,prior,0.48,0.0
fad7b923-deea-5a24-ab0d-a95426b262dc,apples,0,high_risk_share,high,posterior,1.0,0.0
fad7b923-deea-5a24-ab0d-a95426b262dc,drinks,1,low_risk_share,low,prior,0.72,0.69
fad7b923-deea-5a24-ab0d-a95426b262dc,drinks,1,low_risk_share,low,posterior,0.39,0.09
fad7b923-deea-5a24-ab0d-a95426b262dc,gala,2,no_share,low,prior,0.67,0.67
fad7b923-deea-5a24-ab0d-a95426b262dc,gala,2,no_share,low,posterior,0.81,0.69
fad7b923-deea-5a24-ab0d-a95426b262dc,birthday,3,no_share,low,prior,0.28,0.31
fad7b923-deea-5a24-ab0d-a95426b262dc,birthday,3,no_share,low,posterior,0.39,0.31
fad7b923-deea-5a24-ab0d-a95426b262dc,fair,4,high_risk_share,low,prior,0.6,0.51
fad7b923-deea-5a24-ab0d-a95426b262dc,fair,4,high_risk_share,low,posterior,1.0,0.52
fad7b923-deea-5a24-ab0d-a95426b262dc,driving,5,no_share,high,prior,0.8,0.68
fad7b923-deea-5a24-ab0d-a95426b262dc,driving,5,no_share,high,posterior,0.49,0.51
fad7b923-deea-5a24-ab0d-a95426b262dc,hike,6,low_risk_share,high,prior,0.47,0.55
fad7b923-deea-5a24-ab0d-a95426b262dc,hike,6,low_risk_share,high,posterior,0.37,0.17
fad7b923-deea-5a24-ab0d-a95426b262dc,dip,7,low_risk_share,high,prior,0.78,0.8
fad7b923-deea-5a24-ab0d-a95426b262dc,dip,7,low_risk_share,high,posterior,0.57,0.24
fad7b923-deea-5a24-ab0d-a95426b262dc,brunch,8,high_risk_share,low,prior,0.46,0.55
fad7b923-deea-5a24-ab0d-a95426b262dc,brunch,8,high_risk_share,low,posterior,0.54,0.74
fad7b923-deea-5a24-ab0d-a95426b262dc,basketball,9,low_risk_share,high,prior,0.73,0.23
fad7b923-deea-5a24-ab0d-a95426b262dc,basketball,9,low_risk_share,high,posterior,0.6,0.0
fad7b923-deea-5a24-ab0d-a95426b262dc,social,10,high_risk_share,high,prior,0.52,0.51
fad7b923-deea-5a24-ab0d-a95426b262dc,social,10,high_risk_share,high,posterior,1.0,0.81
fad7b923-deea-5a24-ab0d-a95426b262dc,takeout,11,no_share,low,prior,0.51,0.28
fad7b923-deea-5a24-ab0d-a95426b262dc,takeout,11,no_share,low,posterior,0.51,0.73
fad7b923-deea-5a24-ab0d-a95426b262dc,oysters,12,high_risk_share,low,prior,0.68,0.3
fad7b923-deea-5a24-ab0d-a95426b262dc,oysters,12,high_risk_share,low,posterior,1.0,0.4
fad7b923-deea-5a24-ab0d-a95426b262dc,soup,13,no_share,high,prior,0.51,0.38
fad7b923-deea-5a24-ab0d-a95426b262dc,soup,13,no_share,high,posterior,0.32,0.33
fad7b923-deea-5a24-ab0d-a95426b262dc,cooking,14,low_risk_share,low,prior,0.63,0.4
fad7b923-deea-5a24-ab0d-a95426b262dc,cooking,14,low_risk_share,low,posterior,0.26,0.74
fad7b923-deea-5a24-ab0d-a95426b262dc,wedding,15,no_share,high,prior,0.49,0.57
fad7b923-deea-5a24-ab0d-a95426b262dc,wedding,15,no_share,high,posterior,0.22,0.56
3b8a50ff-b959-5202-8717-f27405258966,brunch,0,high_risk_share,low,prior,0.61,0.6
3b8a50ff-b959-5202-8717-f27405258966,brunch,0,high_risk_share,low,posterior,0.87,0.12
3b8a50ff-b959-5202-8717-f27405258966,wedding,1,low_risk_share,low,prior,0.61,0.53
3b8a50ff-b959-5202-8717-f27405258966,wedding,1,low_risk_share,low,posterior,0.81,0.11
3b8a50ff-b959-5202-8717-f27405258966,drinks,2,low_risk_share,low,prior,0.75,0.55
3b8a50ff-b959-5202-8717-f27405258966,drinks,2,low_risk_share,low,posterior,0.62,0.6
3b8a50ff-b959-5202-8717-f27405258966,takeout,3,low_risk_share,low,prior,0.55,0.6
3b8a50ff-b959-5202-8717-f27405258966,takeout,3,low_risk_share,low,posterior,0.69,0.66
3b8a50ff-b959-5202-8717-f27405258966,dip,4,high_risk_share,high,prior,0.45,0.41
3b8a50ff-b959-5202-8717-f27405258966,dip,4,high_risk_share,high,posterior,0.48,0.46
3b8a50ff-b959-5202-8717-f27405258966,hike,5,no_share,high,prior,0.53,0.48
3b8a50ff-b959-5202-8717-f27405258966,hike,5,no_share,high,posterior,0.55,0.46
3b8a50ff-b959-5202-8717-f27405258966,apples,6,low_risk_share,high,prior,0.51,0.47
3b8a50ff-b959-5202-8717-f27405258966,apples,6,low_risk_share,high,posterior,0.52,0.43
3b8a50ff-b959-5202-8717-f27405258966,basketball,7,high_risk_share,high,prior,0.57,0.45
3b8a50ff-b959-5202-8717-f27405258966,basketball,7,high_risk_share,high,posterior,0.54,0.47
3b8a50ff-b959-5202-8717-f27405258966,soup,8,high_risk_share,low,prior,0.55,0.47
3b8a50ff-b959-5202-8717-f27405258966,soup,8,high_risk_share,low,posterior,0.55,0.44
3b8a50ff-b959-5202-8717-f27405258966,fair,9,no_share,high,prior,0.57,0.46
3b8a50ff-b959-5202-8717-f27405258966,fair,9,no_share,high,posterior,0.55,0.44
3b8a50ff-b959-5202-8717-f27405258966,social,10,no_share,low,prior,0.53,0.47
3b8a50ff-b959-5202-8717-f27405258966,social,10,no_share,low,posterior,0.53,0.46
3b8a50ff-b959-5202-8717-f27405258966,gala,11,low_risk_share,high,prior,0.53,0.41
3b8a50ff-b959-5202-8717-f27405258966,gala,11,low_risk_share,high,posterior,0.54,0.43
3b8a50ff-b959-5202-8717-f27405258966,driving,12,low_risk_share,high,prior,0.57,0.45
3b8a50ff-b959-5202-8717-f27405258966,driving,12,low_risk_share,high,posterior,0.55,0.46
3b8a50ff-b959-5202-8717-f27405258966,oysters,13,no_share,low,prior,0.56,0.45
3b8a50ff-b959-5202-8717-f27405258966,oysters,13,no_share,low,posterior,0.55,0.45
3b8a50ff-b959-5202-8717-f27405258966,cooking,14,no_share,low,prior,0.58,0.43
3b8a50ff-b959-5202-8717-f27405258966,cooking,14,no_share,low,posterior,0.59,0.44
3b8a50ff-b959-5202-8717-f27405258966,birthday,15,high_risk_share,high,prior,0.56,0.44
3b8a50ff-b959-5202-8717-f27405258966,birthday,15,high_risk_share,high,posterior,0.57,0.45
3ee25d1f-8d55-50af-bf9b-e957fd4c27e0,wedding,0,low_risk_share,high,prior,0.57,0.32
3ee25d1f-8d55-50af-bf9b-e957fd4c27e0,wedding,0,low_risk_share,high,posterior,0.86,0.12
3ee25d1f-8d55-50af-bf9b-e957fd4c27e0,basketball,1,no_share,high,prior,0.43,0.14
3ee25d1f-8d55-50af-bf9b-e957fd4c27e0,basketball,1,no_share,high,posterior,0.14,0.06
3ee25d1f-8d55-50af-bf9b-e957fd4c27e0,dip,2,high_risk_share,low,prior,0.86,0.02
3ee25d1f-8d55-50af-bf9b-e957fd4c27e0,dip,2,high_risk_share,low,posterior,0.96,0.02
3ee25d1f-8d55-50af-bf9b-e957fd4c27e0,drinks,3,no_share,low,prior,0.25,0.1
3ee25d1f-8d55-50af-bf9b-e957fd4c27e0,drinks,3,no_share,low,posterior,0.3,0.09
3ee25d1f-8d55-50af-bf9b-e957fd4c27e0,oysters,4,low_risk_share,low,prior,0.73,0.19
3ee25d1f-8d55-50af-bf9b-e957fd4c27e0,oysters,4,low_risk_share,low,posterior,0.79,0.14
3ee25d1f-8d55-50af-bf9b-e957fd4c27e0,hike,5,high_risk_share,low,prior,0.75,0.18
3ee25d1f-8d55-50af-bf9b-e957fd4c27e0,hike,5,high_risk_share,low,posterior,0.86,0.08
3ee25d1f-8d55-50af-bf9b-e957fd4c27e0,brunch,6,high_risk_share,high,prior,0.88,0.01
3ee25d1f-8d55-50af-bf9b-e957fd4c27e0,brunch,6,high_risk_share,high,posterior,0.99,0.02
3ee25d1f-8d55-50af-bf9b-e957fd4c27e0,social,7,high_risk_share,high,prior,0.64,0.05
3ee25d1f-8d55-50af-bf9b-e957fd4c27e0,social,7,high_risk_share,high,posterior,1.0,0.03
3ee25d1f-8d55-50af-bf9b-e957fd4c27e0,apples,8,low_risk_share,high,prior,0.77,0.26
3ee25d1f-8d55-50af-bf9b-e957fd4c27e0,apples,8,low_risk_share,high,posterior,0.6,0.27
3ee25d1f-8d55-50af-bf9b-e957fd4c27e0,cooking,9,no_share,low,prior,0.93,0.86
3ee25d1f-8d55-50af-bf9b-e957fd4c27e0,cooking,9,no_share,low,posterior,0.86,0.18
3ee25d1f-8d55-50af-bf9b-e957fd4c27e0,driving,10,high_risk_share,low,prior,0.84,0.12
3ee25d1f-8d55-50af-bf9b-e957fd4c27e0,driving,10,high_risk_share,low,posterior,0.97,0.14
3ee25d1f-8d55-50af-bf9b-e957fd4c27e0,soup,11,low_risk_share,low,prior,0.93,0.1
3ee25d1f-8d55-50af-bf9b-e957fd4c27e0,soup,11,low_risk_share,low,posterior,0.97,0.12
3ee25d1f-8d55-50af-bf9b-e957fd4c27e0,birthday,12,no_share,high,prior,0.81,0.06
3ee25d1f-8d55-50af-bf9b-e957fd4c27e0,birthday,12,no_share,high,posterior,0.77,0.11
3ee25d1f-8d55-50af-bf9b-e957fd4c27e0,fair,13,low_risk_share,high,prior,0.82,0.15
3ee25d1f-8d55-50af-bf9b-e957fd4c27e0,fair,13,low_risk_share,high,posterior,0.89,0.11
3ee25d1f-8d55-50af-bf9b-e957fd4c27e0,gala,14,no_share,high,prior,0.92,0.06
3ee25d1f-8d55-50af-bf9b-e957fd4c27e0,gala,14,no_share,high,posterior,0.79,0.12
3ee25d1f-8d55-50af-bf9b-e957fd4c27e0,takeout,15,no_share,low,prior,0.8,0.16
3ee25d1f-8d55-50af-bf9b-e957fd4c27e0,takeout,15,no_share,low,posterior,0.79,0.19
71661134-f842-5325-ab08-536bf930c3de,basketball,0,low_risk_share,low,prior,1.0,0.0
71661134-f842-5325-ab08-536bf930c3de,basketball,0,low_risk_share,low,posterior,0.68,0.0
71661134-f842-5325-ab08-536bf930c3de,driving,1,low_risk_share,low,prior,0.56,0.0
71661134-f842-5325-ab08-536bf930c3de,driving,1,low_risk_share,low,posterior,0.59,0.0
71661134-f842-5325-ab08-536bf930c3de,social,2,low_risk_share,high,prior,0.09,0.0
71661134-f842-5325-ab08-536bf930c3de,social,2,low_risk_share,high,posterior,0.83,0.0
71661134-f842-5325-ab08-536bf930c3de,fair,3,no_share,low,prior,0.75,0.0
71661134-f842-5325-ab08-536bf930c3de,fair,3,no_share,low,posterior,0.39,1.0
71661134-f842-5325-ab08-536bf930c3de,apples,4,high_risk_share,high,prior,0.58,0.18
71661134-f842-5325-ab08-536bf930c3de,apples,4,high_risk_share,high,posterior,1.0,1.0
71661134-f842-5325-ab08-536bf930c3de,oysters,5,no_share,high,prior,0.73,0.58
71661134-f842-5325-ab08-536bf930c3de,oysters,5,no_share,high,posterior,0.37,1.0
71661134-f842-5325-ab08-536bf930c3de,hike,6,high_risk_share,high,prior,0.67,0.87
71661134-f842-5325-ab08-536bf930c3de,hike,6,high_risk_share,high,posterior,0.77,1.0
71661134-f842-5325-ab08-536bf930c3de,dip,7,low_risk_share,low,prior,0.59,0.82
71661134-f842-5325-ab08-536bf930c3de,dip,7,low_risk_share,low,posterior,0.44,0.0
71661134-f842-5325-ab08-536bf930c3de,brunch,8,no_share,low,prior,0.67,0.01
71661134-f842-5325-ab08-536bf930c3de,brunch,8,no_share,low,posterior,0.33,0.75
71661134-f842-5325-ab08-536bf930c3de,wedding,9,no_share,high,prior,0.57,0.75
71661134-f842-5325-ab08-536bf930c3de,wedding,9,no_share,high,posterior,0.12,1.0
71661134-f842-5325-ab08-536bf930c3de,soup,10,high_risk_share,high,prior,0.65,0.51
71661134-f842-5325-ab08-536bf930c3de,soup,10,high_risk_share,high,posterior,1.0,1.0
71661134-f842-5325-ab08-536bf930c3de,gala,11,high_risk_share,low,prior,0.48,0.51
71661134-f842-5325-ab08-536bf930c3de,gala,11,high_risk_share,low,posterior,0.96,0.96
71661134-f842-5325-ab08-536bf930c3de,cooking,12,low_risk_share,high,prior,0.68,0.0
71661134-f842-5325-ab08-536bf930c3de,cooking,12,low_risk_share,high,posterior,0.63,0.0
71661134-f842-5325-ab08-536bf930c3de,birthday,13,low_risk_share,high,prior,0.62,0.02
71661134-f842-5325-ab08-536bf930c3de,birthday,13,low_risk_share,high,posterior,0.55,0.01
71661134-f842-5325-ab08-536bf930c3de,drinks,14,no_share,low,prior,0.54,0.11
71661134-f842-5325-ab08-536bf930c3de,drinks,14,no_share,low,posterior,0.53,0.26
71661134-f842-5325-ab08-536bf930c3de,takeout,15,high_risk_share,low,prior,0.57,1.0
71661134-f842-5325-ab08-536bf930c3de,takeout,15,high_risk_share,low,posterior,0.96,1.0
f1220fd3-5788-534a-aee8-39bada57f74c,dip,0,high_risk_share,low,prior,0.49,0.0
f1220fd3-5788-534a-aee8-39bada57f74c,dip,0,high_risk_share,low,posterior,1.0,0.0
f1220fd3-5788-534a-aee8-39bada57f74c,gala,1,high_risk_share,high,prior,0.45,0.26
f1220fd3-5788-534a-aee8-39bada57f74c,gala,1,high_risk_share,high,posterior,0.22,1.0
f1220fd3-5788-534a-aee8-39bada57f74c,takeout,2,low_risk_share,low,prior,0.0,1.0
f1220fd3-5788-534a-aee8-39bada57f74c,takeout,2,low_risk_share,low,posterior,0.0,1.0
f1220fd3-5788-534a-aee8-39bada57f74c,cooking,3,high_risk_share,high,prior,0.84,0.03
f1220fd3-5788-534a-aee8-39bada57f74c,cooking,3,high_risk_share,high,posterior,1.0,1.0
f1220fd3-5788-534a-aee8-39bada57f74c,basketball,4,high_risk_share,high,prior,0.72,0.01
f1220fd3-5788-534a-aee8-39bada57f74c,basketball,4,high_risk_share,high,posterior,1.0,1.0
f1220fd3-5788-534a-aee8-39bada57f74c,brunch,5,low_risk_share,high,prior,0.5,0.51
f1220fd3-5788-534a-aee8-39bada57f74c,brunch,5,low_risk_share,high,posterior,0.34,1.0
f1220fd3-5788-534a-aee8-39bada57f74c,driving,6,low_risk_share,low,prior,0.38,0.21
f1220fd3-5788-534a-aee8-39bada57f74c,driving,6,low_risk_share,low,posterior,0.39,0.0
f1220fd3-5788-534a-aee8-39bada57f74c,fair,7,no_share,low,prior,0.38,0.0
f1220fd3-5788-534a-aee8-39bada57f74c,fair,7,no_share,low,posterior,0.35,0.65
f1220fd3-5788-534a-aee8-39bada57f74c,wedding,8,no_share,high,prior,0.74,0.28
f1220fd3-5788-534a-aee8-39bada57f74c,wedding,8,no_share,high,posterior,0.23,0.81
f1220fd3-5788-534a-aee8-39bada57f74c,social,9,low_risk_share,high,prior,0.7,0.64
f1220fd3-5788-534a-aee8-39bada57f74c,social,9,low_risk_share,high,posterior,0.56,0.0
f1220fd3-5788-534a-aee8-39bada57f74c,soup,10,no_share,low,prior,0.11,0.75
f1220fd3-5788-534a-aee8-39bada57f74c,soup,10,no_share,low,posterior,0.15,0.81
f1220fd3-5788-534a-aee8-39bada57f74c,hike,11,low_risk_share,low,prior,0.17,0.06
f1220fd3-5788-534a-aee8-39bada57f74c,hike,11,low_risk_share,low,posterior,0.19,0.02
f1220fd3-5788-534a-aee8-39bada57f74c,apples,12,high_risk_share,low,prior,0.18,0.23
f1220fd3-5788-534a-aee8-39bada57f74c,apples,12,high_risk_share,low,posterior,0.52,0.81
f1220fd3-5788-534a-aee8-39bada57f74c,oysters,13,no_share,high,prior,0.27,0.23
f1220fd3-5788-534a-aee8-39bada57f74c,oysters,13,no_share,high,posterior,0.27,0.66
f1220fd3-5788-534a-aee8-39bada57f74c,drinks,14,no_share,low,prior,0.54,0.26
f1220fd3-5788-534a-aee8-39bada57f74c,drinks,14,no_share,low,posterior,0.46,0.5
f1220fd3-5788-534a-aee8-39bada57f74c,birthday,15,low_risk_share,high,prior,0.65,0.75
f1220fd3-5788-534a-aee8-39bada57f74c,birthday,15,low_risk_share,high,posterior,0.44,0.06
e47e7684-3957-5cc5-b6bc-21abf85694da,hike,0,high_risk_share,low,prior,0.68,0.26
e47e7684-3957-5cc5-b6bc-21abf85694da,hike,0,high_risk_share,low,posterior,0.87,0.75
e47e7684-3957-5cc5-b6bc-21abf85694da,brunch,1,no_share,low,prior,0.73,0.73
e47e7684-3957-5cc5-b6bc-21abf85694da,brunch,1,no_share,low,posterior,0.72,0.3
e47e7684-3957-5cc5-b6bc-21abf85694da,fair,2,high_risk_share,high,prior,0.78,0.35
e47e7684-3957-5cc5-b6bc-21abf85694da,fair,2,high_risk_share,high,posterior,0.76,0.75
e47e7684-3957-5cc5-b6bc-21abf85694da,oysters,3,low_risk_share,high,prior,0.8,0.75
e47e7684-3957-5cc5-b6bc-21abf85694da,oysters,3,low_risk_share,high,posterior,0.92,0.35
e47e7684-3957-5cc5-b6bc-21abf85694da,soup,4,high_risk_share,low,prior,0.24,0.66
e47e7684-3957-5cc5-b6bc-21abf85694da,soup,4,high_risk_share,low,posterior,0.92,0.2
e47e7684-3957-5cc5-b6bc-21abf85694da,drinks,5,no_share,high,prior,0.81,0.87
e47e7684-3957-5cc5-b6bc-21abf85694da,drinks,5,no_share,high,posterior,1.0,0.94
e47e7684-3957-5cc5-b6bc-21abf85694da,takeout,6,no_share,low,prior,0.92,0.29
e47e7684-3957-5cc5-b6bc-21abf85694da,takeout,6,no_share,low,posterior,0.9,0.52
e47e7684-3957-5cc5-b6bc-21abf85694da,social,7,no_share,low,prior,0.8,0.3
e47e7684-3957-5cc5-b6bc-21abf85694da,social,7,no_share,low,posterior,0.87,0.84
e47e7684-3957-5cc5-b6bc-21abf85694da,cooking,8,low_risk_share,low,prior,0.79,0.32
e47e7684-3957-5cc5-b6bc-21abf85694da,cooking,8,low_risk_share,low,posterior,0.69,0.63
e47e7684-3957-5cc5-b6bc-21abf85694da,basketball,9,high_risk_share,high,prior,0.78,0.24
e47e7684-3957-5cc5-b6bc-21abf85694da,basketball,9,high_risk_share,high,posterior,0.8,0.31
e47e7684-3957-5cc5-b6bc-21abf85694da,birthday,10,no_share,high,prior,0.79,0.69
e47e7684-3957-5cc5-b6bc-21abf85694da,birthday,10,no_share,high,posterior,0.91,0.89
e47e7684-3957-5cc5-b6bc-21abf85694da,driving,11,low_risk_share,low,prior,0.85,0.69
e47e7684-3957-5cc5-b6bc-21abf85694da,driving,11,low_risk_share,low,posterior,0.73,0.81
e47e7684-3957-5cc5-b6bc-21abf85694da,wedding,12,low_risk_share,high,prior,0.77,0.41
e47e7684-3957-5cc5-b6bc-21abf85694da,wedding,12,low_risk_share,high,posterior,0.77,0.69
e47e7684-3957-5cc5-b6bc-21abf85694da,apples,13,no_share,high,prior,0.79,0.77
e47e7684-3957-5cc5-b6bc-21abf85694da,apples,13,no_share,high,posterior,0.78,0.64
e47e7684-3957-5cc5-b6bc-21abf85694da,gala,14,low_risk_share,high,prior,0.87,0.63
e47e7684-3957-5cc5-b6bc-21abf85694da,gala,14,low_risk_share,high,posterior,0.93,0.78
e47e7684-3957-5cc5-b6bc-21abf85694da,dip,15,high_risk_share,low,prior,0.75,0.6
e47e7684-3957-5cc5-b6bc-21abf85694da,dip,15,high_risk_share,low,posterior,0.82,0.74
e069bb22-9eb2-5871-88ca-38e2f4893878,oysters,0,high_risk_share,low,prior,0.76,0.09
e069bb22-9eb2-5871-88ca-38e2f4893878,oysters,0,high_risk_share,low,posterior,0.94,0.07
e069bb22-9eb2-5871-88ca-38e2f4893878,drinks,1,low_risk_share,high,prior,0.59,0.83
e069bb22-9eb2-5871-88ca-38e2f4893878,drinks,1,low_risk_share,high,posterior,0.37,0.11
e069bb22-9eb2-5871-88ca-38e2f4893878,takeout,2,low_risk_share,high,prior,0.56,0.83
e069bb22-9eb2-5871-88ca-38e2f4893878,takeout,2,low_risk_share,high,posterior,0.69,0.13
e069bb22-9eb2-5871-88ca-38e2f4893878,gala,3,high_risk_share,low,prior,0.39,0.84
e069bb22-9eb2-5871-88ca-38e2f4893878,gala,3,high_risk_share,low,posterior,0.76,0.2
e069bb22-9eb2-5871-88ca-38e2f4893878,driving,4,high_risk_share,high,prior,0.36,0.79
e069bb22-9eb2-5871-88ca-38e2f4893878,driving,4,high_risk_share,high,posterior,0.91,0.9
e069bb22-9eb2-5871-88ca-38e2f4893878,basketball,5,no_share,low,prior,0.24,0.38
e069bb22-9eb2-5871-88ca-38e2f4893878,basketball,5,no_share,low,posterior,0.6,0.85
e069bb22-9eb2-5871-88ca-38e2f4893878,cooking,6,low_risk_share,low,prior,0.67,0.76
e069bb22-9eb2-5871-88ca-38e2f4893878,cooking,6,low_risk_share,low,posterior,0.44,0.69
e069bb22-9eb2-5871-88ca-38e2f4893878,soup,7,no_share,low,prior,0.59,0.17
e069bb22-9eb2-5871-88ca-38e2f4893878,soup,7,no_share,low,posterior,0.31,0.2
e069bb22-9eb2-5871-88ca-38e2f4893878,brunch,8,low_risk_share,low,prior,0.58,0.22
e069bb22-9eb2-5871-88ca-38e2f4893878,brunch,8,low_risk_share,low,posterior,0.38,0.82
e069bb22-9eb2-5871-88ca-38e2f4893878,social,9,low_risk_share,high,prior,0.73,0.14
e069bb22-9eb2-5871-88ca-38e2f4893878,social,9,low_risk_share,high,posterior,0.57,0.15
e069bb22-9eb2-5871-88ca-38e2f4893878,birthday,10,high_risk_share,high,prior,0.66,0.13
e069bb22-9eb2-5871-88ca-38e2f4893878,birthday,10,high_risk_share,high,posterior,0.94,0.83
e069bb22-9eb2-5871-88ca-38e2f4893878,dip,11,no_share,high,prior,0.38,0.21
e069bb22-9eb2-5871-88ca-38e2f4893878,dip,11,no_share,high,posterior,0.11,0.89
e069bb22-9eb2-5871-88ca-38e2f4893878,wedding,12,no_share,high,prior,0.63,0.14
e069bb22-9eb2-5871-88ca-38e2f4893878,wedding,12,no_share,high,posterior,0.06,0.19
e069bb22-9eb2-5871-88ca-38e2f4893878,fair,13,no_share,low,prior,0.66,0.89
e069bb22-9eb2-5871-88ca-38e2f4893878,fair,13,no_share,low,posterior,0.65,0.75
e069bb22-9eb2-5871-88ca-38e2f4893878,hike,14,no_share,high,prior,0.32,0.64
e069bb22-9eb2-5871-88ca-38e2f4893878,hike,14,no_share,high,posterior,0.47,0.81
e069bb22-9eb2-5871-88ca-38e2f4893878,apples,15,high_risk_share,low,prior,0.61,0.18
e069bb22-9eb2-5871-88ca-38e2f4893878,apples,15,high_risk_share,low,posterior,0.96,0.23
603c3a7c-f8bc-570f-a9ba-97a1674da4c5,dip,0,high_risk_share,low,prior,0.84,0.82
603c3a7c-f8bc-570f-a9ba-97a1674da4c5,dip,0,high_risk_share,low,posterior,0.92,0.9
603c3a7c-f8bc-570f-a9ba-97a1674da4c5,drinks,1,low_risk_share,high,prior,0.63,0.27
603c3a7c-f8bc-570f-a9ba-97a1674da4c5,drinks,1,low_risk_share,high,posterior,0.58,0.0
603c3a7c-f8bc-570f-a9ba-97a1674da4c5,takeout,2,low_risk_share,low,prior,0.53,1.0
603c3a7c-f8bc-570f-a9ba-97a1674da4c5,takeout,2,low_risk_share,low,posterior,0.41,0.0
603c3a7c-f8bc-570f-a9ba-97a1674da4c5,basketball,3,low_risk_share,high,prior,0.63,0.64
603c3a7c-f8bc-570f-a9ba-97a1674da4c5,basketball,3,low_risk_share,high,posterior,0.37,0.21
603c3a7c-f8bc-570f-a9ba-97a1674da4c5,gala,4,no_share,low,prior,0.37,0.5
603c3a7c-f8bc-570f-a9ba-97a1674da4c5,gala,4,no_share,low,posterior,0.43,0.49
603c3a7c-f8bc-570f-a9ba-97a1674da4c5,birthday,5,high_risk_share,high,prior,0.47,0.51
603c3a7c-f8bc-570f-a9ba-97a1674da4c5,birthday,5,high_risk_share,high,posterior,1.0,0.0
603c3a7c-f8bc-570f-a9ba-97a1674da4c5,cooking,6,low_risk_share,high,prior,0.57,0.0
603c3a7c-f8bc-570f-a9ba-97a1674da4c5,cooking,6,low_risk_share,high,posterior,0.56,0.0
603c3a7c-f8bc-570f-a9ba-97a1674da4c5,brunch,7,no_share,high,prior,0.62,0.37
603c3a7c-f8bc-570f-a9ba-97a1674da4c5,brunch,7,no_share,high,posterior,0.56,0.53
603c3a7c-f8bc-570f-a9ba-97a1674da4c5,social,8,high_risk_share,low,prior,0.45,0.51
603c3a7c-f8bc-570f-a9ba-97a1674da4c5,social,8,high_risk_share,low,posterior,1.0,0.5
603c3a7c-f8bc-570f-a9ba-97a1674da4c5,wedding,9,no_share,high,prior,0.69,0.47
603c3a7c-f8bc-570f-a9ba-97a1674da4c5,wedding,9,no_share,high,posterior,0.64,0.52
603c3a7c-f8bc-570f-a9ba-97a1674da4c5,fair,10,low_risk_share,low,prior,0.66,0.48
603c3a7c-f8bc-570f-a9ba-97a1674da4c5,fair,10,low_risk_share,low,posterior,0.9,0.51
603c3a7c-f8bc-570f-a9ba-97a1674da4c5,driving,11,high_risk_share,high,prior,0.77,0.5
603c3a7c-f8bc-570f-a9ba-97a1674da4c5,driving,11,high_risk_share,high,posterior,1.0,0.87
603c3a7c-f8bc-570f-a9ba-97a1674da4c5,hike,12,low_risk_share,low,prior,0.82,0.5
603c3a7c-f8bc-570f-a9ba-97a1674da4c5,hike,12,low_risk_share,low,posterior,0.93,0.5
603c3a7c-f8bc-570f-a9ba-97a1674da4c5,soup,13,high_risk_share,high,prior,0.82,0.53
603c3a7c-f8bc-570f-a9ba-97a1674da4c5,soup,13,high_risk_share,high,posterior,0.52,0.51
603c3a7c-f8bc-570f-a9ba-97a1674da4c5,apples,14,no_share,low,prior,0.63,0.5
603c3a7c-f8bc-570f-a9ba-97a1674da4c5,apples,14,no_share,low,posterior,0.5,0.5
603c3a7c-f8bc-570f-a9ba-97a1674da4c5,oysters,15,no_share,low,prior,0.48,0.49
603c3a7c-f8bc-570f-a9ba-97a1674da4c5,oysters,15,no_share,low,posterior,0.5,0.5
2d9eab8b-7623-5dea-b033-73665dc7775f,takeout,0,no_share,low,prior,0.11,0.02
2d9eab8b-7623-5dea-b033-73665dc7775f,takeout,0,no_share,low,posterior,0.0,1.0
2d9eab8b-7623-5dea-b033-73665dc7775f,dip,1,high_risk_share,high,prior,0.57,0.0
2d9eab8b-7623-5dea-b033-73665dc7775f,dip,1,high_risk_share,high,posterior,0.72,0.0
2d9eab8b-7623-5dea-b033-73665dc7775f,wedding,2,high_risk_share,high,prior,0.68,1.0
2d9eab8b-7623-5dea-b033-73665dc7775f,wedding,2,high_risk_share,high,posterior,1.0,1.0
2d9eab8b-7623-5dea-b033-73665dc7775f,brunch,3,low_risk_share,high,prior,0.61,0.52
2d9eab8b-7623-5dea-b033-73665dc7775f,brunch,3,low_risk_share,high,posterior,0.56,0.0
2d9eab8b-7623-5dea-b033-73665dc7775f,soup,4,low_risk_share,high,prior,0.78,0.52
2d9eab8b-7623-5dea-b033-73665dc7775f,soup,4,low_risk_share,high,posterior,0.88,0.01
2d9eab8b-7623-5dea-b033-73665dc7775f,drinks,5,low_risk_share,low,prior,0.83,0.52
2d9eab8b-7623-5dea-b033-73665dc7775f,drinks,5,low_risk_share,low,posterior,0.59,0.0
2d9eab8b-7623-5dea-b033-73665dc7775f,oysters,6,high_risk_share,high,prior,0.93,0.52
2d9eab8b-7623-5dea-b033-73665dc7775f,oysters,6,high_risk_share,high,posterior,1.0,0.99
2d9eab8b-7623-5dea-b033-73665dc7775f,driving,7,no_share,low,prior,0.52,0.52
2d9eab8b-7623-5dea-b033-73665dc7775f,driving,7,no_share,low,posterior,0.39,1.0
2d9eab8b-7623-5dea-b033-73665dc7775f,cooking,8,high_risk_share,low,prior,0.85,0.13
2d9eab8b-7623-5dea-b033-73665dc7775f,cooking,8,high_risk_share,low,posterior,0.93,0.95
2d9eab8b-7623-5dea-b033-73665dc7775f,hike,9,high_risk_share,low,prior,0.75,0.08
2d9eab8b-7623-5dea-b033-73665dc7775f,hike,9,high_risk_share,low,posterior,0.95,0.52
2d9eab8b-7623-5dea-b033-73665dc7775f,birthday,10,low_risk_share,low,prior,0.7,0.01
2d9eab8b-7623-5dea-b033-73665dc7775f,birthday,10,low_risk_share,low,posterior,0.81,0.0
2d9eab8b-7623-5dea-b033-73665dc7775f,fair,11,low_risk_share,low,prior,0.89,1.0
2d9eab8b-7623-5dea-b033-73665dc7775f,fair,11,low_risk_share,low,posterior,0.86,0.0
2d9eab8b-7623-5dea-b033-73665dc7775f,gala,12,no_share,low,prior,0.52,0.53
2d9eab8b-7623-5dea-b033-73665dc7775f,gala,12,no_share,low,posterior,0.52,0.52
2d9eab8b-7623-5dea-b033-73665dc7775f,social,13,no_share,high,prior,0.64,0.52
2d9eab8b-7623-5dea-b033-73665dc7775f,social,13,no_share,high,posterior,0.54,0.52
2d9eab8b-7623-5dea-b033-73665dc7775f,apples,14,low_risk_share,high,prior,0.67,0.05
2d9eab8b-7623-5dea-b033-73665dc7775f,apples,14,low_risk_share,high,posterior,0.57,0.01
2d9eab8b-7623-5dea-b033-73665dc7775f,basketball,15,no_share,high,prior,0.84,0.51
2d9eab8b-7623-5dea-b033-73665dc7775f,basketball,15,no_share,high,posterior,0.54,0.52
e64afda3-2d27-5ab5-805f-71d48ff5d579,drinks,0,no_share,low,prior,0.82,0.97
e64afda3-2d27-5ab5-805f-71d48ff5d579,drinks,0,no_share,low,posterior,0.91,1.0
e64afda3-2d27-5ab5-805f-71d48ff5d579,cooking,1,high_risk_share,low,prior,1.0,0.01
e64afda3-2d27-5ab5-805f-71d48ff5d579,cooking,1,high_risk_share,low,posterior,1.0,0.5
e64afda3-2d27-5ab5-805f-71d48ff5d579,oysters,2,low_risk_share,low,prior,0.44,0.3
e64afda3-2d27-5ab5-805f-71d48ff5d579,oysters,2,low_risk_share,low,posterior,0.7,0.05
e64afda3-2d27-5ab5-805f-71d48ff5d579,apples,3,no_share,high,prior,0.78,0.03
e64afda3-2d27-5ab5-805f-71d48ff5d579,apples,3,no_share,high,posterior,0.31,0.04
e64afda3-2d27-5ab5-805f-71d48ff5d579,hike,4,low_risk_share,low,prior,0.06,0.51
e64afda3-2d27-5ab5-805f-71d48ff5d579,hike,4,low_risk_share,low,posterior,0.07,0.9
e64afda3-2d27-5ab5-805f-71d48ff5d579,basketball,5,high_risk_share,high,prior,0.3,0.1
e64afda3-2d27-5ab5-805f-71d48ff5d579,basketball,5,high_risk_share,high,posterior,0.74,0.95
e64afda3-2d27-5ab5-805f-71d48ff5d579,wedding,6,no_share,high,prior,0.39,0.19
e64afda3-2d27-5ab5-805f-71d48ff5d579,wedding,6,no_share,high,posterior,0.25,0.91
e64afda3-2d27-5ab5-805f-71d48ff5d579,birthday,7,high_risk_share,low,prior,0.62,0.75
e64afda3-2d27-5ab5-805f-71d48ff5d579,birthday,7,high_risk_share,low,posterior,0.85,0.91
e64afda3-2d27-5ab5-805f-71d48ff5d579,brunch,8,low_risk_share,low,prior,0.21,0.18
e64afda3-2d27-5ab5-805f-71d48ff5d579,brunch,8,low_risk_share,low,posterior,0.05,0.44
e64afda3-2d27-5ab5-805f-71d48ff5d579,dip,9,low_risk_share,high,prior,0.85,0.15
e64afda3-2d27-5ab5-805f-71d48ff5d579,dip,9,low_risk_share,high,posterior,0.83,0.0
e64afda3-2d27-5ab5-805f-71d48ff5d579,takeout,10,high_risk_share,high,prior,0.0,0.96
e64afda3-2d27-5ab5-805f-71d48ff5d579,takeout,10,high_risk_share,high,posterior,0.0,0.97
e64afda3-2d27-5ab5-805f-71d48ff5d579,gala,11,no_share,high,prior,1.0,0.79
e64afda3-2d27-5ab5-805f-71d48ff5d579,gala,11,no_share,high,posterior,0.35,0.95
e64afda3-2d27-5ab5-805f-71d48ff5d579,fair,12,low_risk_share,high,prior,0.04,0.98
e64afda3-2d27-5ab5-805f-71d48ff5d579,fair,12,low_risk_share,high,posterior,0.0,0.0
e64afda3-2d27-5ab5-805f-71d48ff5d579,social,13,high_risk_share,high,prior,0.06,0.2
e64afda3-2d27-5ab5-805f-71d48ff5d579,social,13,high_risk_share,high,posterior,0.51,0.94
e64afda3-2d27-5ab5-805f-71d48ff5d579,soup,14,no_share,low,prior,0.13,0.28
e64afda3-2d27-5ab5-805f-71d48ff5d579,soup,14,no_share,low,posterior,0.18,0.95
e64afda3-2d27-5ab5-805f-71d48ff5d579,driving,15,high_risk_share,low,prior,0.74,0.68
e64afda3-2d27-5ab5-805f-71d48ff5d579,driving,15,high_risk_share,low,posterior,0.86,1.0
74fa2fc4-fe8f-583b-b49b-77beb820d132,social,0,low_risk_share,high,prior,0.5,0.5
74fa2fc4-fe8f-583b-b49b-77beb820d132,social,0,low_risk_share,high,posterior,1.0,0.0
74fa2fc4-fe8f-583b-b49b-77beb820d132,apples,1,high_risk_share,low,prior,0.5,0.5
74fa2fc4-fe8f-583b-b49b-77beb820d132,apples,1,high_risk_share,low,posterior,1.0,0.5
74fa2fc4-fe8f-583b-b49b-77beb820d132,hike,2,no_share,high,prior,0.5,0.5
74fa2fc4-fe8f-583b-b49b-77beb820d132,hike,2,no_share,high,posterior,0.0,0.51
74fa2fc4-fe8f-583b-b49b-77beb820d132,cooking,3,low_risk_share,low,prior,0.5,0.0
74fa2fc4-fe8f-583b-b49b-77beb820d132,cooking,3,low_risk_share,low,posterior,0.5,0.0
74fa2fc4-fe8f-583b-b49b-77beb820d132,basketball,4,no_share,low,prior,0.5,0.0
74fa2fc4-fe8f-583b-b49b-77beb820d132,basketball,4,no_share,low,posterior,0.0,0.0
74fa2fc4-fe8f-583b-b49b-77beb820d132,drinks,5,low_risk_share,high,prior,0.5,0.68
74fa2fc4-fe8f-583b-b49b-77beb820d132,drinks,5,low_risk_share,high,posterior,0.0,0.0
74fa2fc4-fe8f-583b-b49b-77beb820d132,wedding,6,no_share,high,prior,0.5,0.5
74fa2fc4-fe8f-583b-b49b-77beb820d132,wedding,6,no_share,high,posterior,0.0,0.5
74fa2fc4-fe8f-583b-b49b-77beb820d132,soup,7,no_share,low,prior,0.0,0.5
74fa2fc4-fe8f-583b-b49b-77beb820d132,soup,7,no_share,low,posterior,0.0,0.5
74fa2fc4-fe8f-583b-b49b-77beb820d132,gala,8,high_risk_share,low,prior,0.49,0.5
74fa2fc4-fe8f-583b-b49b-77beb820d132,gala,8,high_risk_share,low,posterior,1.0,0.5
74fa2fc4-fe8f-583b-b49b-77beb820d132,fair,9,no_share,low,prior,0.51,0.5
74fa2fc4-fe8f-583b-b49b-77beb820d132,fair,9,no_share,low,posterior,0.0,0.51
74fa2fc4-fe8f-583b-b49b-77beb820d132,takeout,10,low_risk_share,high,prior,0.0,1.0
74fa2fc4-fe8f-583b-b49b-77beb820d132,takeout,10,low_risk_share,high,posterior,0.0,0.0
74fa2fc4-fe8f-583b-b49b-77beb820d132,oysters,11,high_risk_share,low,prior,0.5,0.5
74fa2fc4-fe8f-583b-b49b-77beb820d132,oysters,11,high_risk_share,low,posterior,1.0,0.5
74fa2fc4-fe8f-583b-b49b-77beb820d132,driving,12,high_risk_share,high,prior,0.5,0.0
74fa2fc4-fe8f-583b-b49b-77beb820d132,driving,12,high_risk_share,high,posterior,0.71,0.0
74fa2fc4-fe8f-583b-b49b-77beb820d132,birthday,13,high_risk_share,high,prior,0.51,0.5
74fa2fc4-fe8f-583b-b49b-77beb820d132,birthday,13,high_risk_share,high,posterior,0.71,0.49
74fa2fc4-fe8f-583b-b49b-77beb820d132,brunch,14,low_risk_share,low,prior,0.0,0.47
74fa2fc4-fe8f-583b-b49b-77beb820d132,brunch,14,low_risk_share,low,posterior,0.0,0.0
74fa2fc4-fe8f-583b-b49b-77beb820d132,dip,15,no_share,high,prior,0.5,0.49
74fa2fc4-fe8f-583b-b49b-77beb820d132,dip,15,no_share,high,posterior,0.0,0.0
95363d86-4f53-5263-867b-5d416400b52b,birthday,0,low_risk_share,high,prior,0.24,0.29
95363d86-4f53-5263-867b-5d416400b52b,birthday,0,low_risk_share,high,posterior,0.82,0.02
95363d86-4f53-5263-867b-5d416400b52b,wedding,1,no_share,high,prior,0.62,0.24
95363d86-4f53-5263-867b-5d416400b52b,wedding,1,no_share,high,posterior,0.16,0.94
95363d86-4f53-5263-867b-5d416400b52b,drinks,2,high_risk_share,low,prior,0.56,0.67
95363d86-4f53-5263-867b-5d416400b52b,drinks,2,high_risk_share,low,posterior,1.0,0.0
95363d86-4f53-5263-867b-5d416400b52b,hike,3,high_risk_share,high,prior,0.76,0.25
95363d86-4f53-5263-867b-5d416400b52b,hike,3,high_risk_share,high,posterior,1.0,0.18
95363d86-4f53-5263-867b-5d416400b52b,brunch,4,no_share,low,prior,0.56,0.31
95363d86-4f53-5263-867b-5d416400b52b,brunch,4,no_share,low,posterior,0.33,0.64
95363d86-4f53-5263-867b-5d416400b52b,driving,5,low_risk_share,low,prior,0.68,0.24
95363d86-4f53-5263-867b-5d416400b52b,driving,5,low_risk_share,low,posterior,0.19,0.63
95363d86-4f53-5263-867b-5d416400b52b,gala,6,high_risk_share,low,prior,0.38,0.64
95363d86-4f53-5263-867b-5d416400b52b,gala,6,high_risk_share,low,posterior,1.0,0.85
95363d86-4f53-5263-867b-5d416400b52b,oysters,7,no_share,low,prior,0.45,0.72
95363d86-4f53-5263-867b-5d416400b52b,oysters,7,no_share,low,posterior,0.57,0.85
95363d86-4f53-5263-867b-5d416400b52b,fair,8,no_share,low,prior,0.74,0.3
95363d86-4f53-5263-867b-5d416400b52b,fair,8,no_share,low,posterior,0.21,0.68
95363d86-4f53-5263-867b-5d416400b52b,takeout,9,low_risk_share,high,prior,0.66,0.72
95363d86-4f53-5263-867b-5d416400b52b,takeout,9,low_risk_share,high,posterior,0.29,0.01
95363d86-4f53-5263-867b-5d416400b52b,social,10,low_risk_share,high,prior,0.58,0.76
95363d86-4f53-5263-867b-5d416400b52b,social,10,low_risk_share,high,posterior,0.56,0.0
95363d86-4f53-5263-867b-5d416400b52b,cooking,11,low_risk_share,low,prior,0.59,0.64
95363d86-4f53-5263-867b-5d416400b52b,cooking,11,low_risk_share,low,posterior,0.61,0.18
95363d86-4f53-5263-867b-5d416400b52b,apples,12,no_share,high,prior,0.91,0.28
95363d86-4f53-5263-867b-5d416400b52b,apples,12,no_share,high,posterior,0.16,1.0
95363d86-4f53-5263-867b-5d416400b52b,soup,13,high_risk_share,high,prior,0.74,0.6
95363d86-4f53-5263-867b-5d416400b52b,soup,13,high_risk_share,high,posterior,1.0,0.92
95363d86-4f53-5263-867b-5d416400b52b,dip,14,no_share,high,prior,0.73,0.4
95363d86-4f53-5263-867b-5d416400b52b,dip,14,no_share,high,posterior,0.18,0.68
95363d86-4f53-5263-867b-5d416400b52b,basketball,15,high_risk_share,low,prior,0.71,0.31
95363d86-4f53-5263-867b-5d416400b52b,basketball,15,high_risk_share,low,posterior,1.0,0.65
174e11b0-9870-5fc2-8781-9a8cc8a760c8,wedding,0,no_share,high,prior,0.59,0.22
174e11b0-9870-5fc2-8781-9a8cc8a760c8,wedding,0,no_share,high,posterior,0.17,0.3
174e11b0-9870-5fc2-8781-9a8cc8a760c8,hike,1,low_risk_share,high,prior,0.63,0.32
174e11b0-9870-5fc2-8781-9a8cc8a760c8,hike,1,low_risk_share,high,posterior,0.8,0.16
174e11b0-9870-5fc2-8781-9a8cc8a760c8,takeout,2,no_share,low,prior,0.61,0.68
174e11b0-9870-5fc2-8781-9a8cc8a760c8,takeout,2,no_share,low,posterior,0.43,0.98
174e11b0-9870-5fc2-8781-9a8cc8a760c8,driving,3,no_share,high,prior,0.73,0.13
174e11b0-9870-5fc2-8781-9a8cc8a760c8,driving,3,no_share,high,posterior,0.24,0.55
174e11b0-9870-5fc2-8781-9a8cc8a760c8,soup,4,no_share,high,prior,0.74,0.43
174e11b0-9870-5fc2-8781-9a8cc8a760c8,soup,4,no_share,high,posterior,0.42,0.61
174e11b0-9870-5fc2-8781-9a8cc8a760c8,fair,5,high_risk_share,low,prior,0.76,0.15
174e11b0-9870-5fc2-8781-9a8cc8a760c8,fair,5,high_risk_share,low,posterior,0.93,0.13
174e11b0-9870-5fc2-8781-9a8cc8a760c8,birthday,6,no_share,low,prior,0.34,0.27
174e11b0-9870-5fc2-8781-9a8cc8a760c8,birthday,6,no_share,low,posterior,0.31,0.17
174e11b0-9870-5fc2-8781-9a8cc8a760c8,social,7,high_risk_share,high,prior,0.21,0.74
174e11b0-9870-5fc2-8781-9a8cc8a760c8,social,7,high_risk_share,high,posterior,0.88,0.78
174e11b0-9870-5fc2-8781-9a8cc8a760c8,brunch,8,high_risk_share,low,prior,0.68,0.65
174e11b0-9870-5fc2-8781-9a8cc8a760c8,brunch,8,high_risk_share,low,posterior,0.73,0.59
174e11b0-9870-5fc2-8781-9a8cc8a760c8,basketball,9,low_risk_share,high,prior,0.61,0.28
174e11b0-9870-5fc2-8781-9a8cc8a760c8,basketball,9,low_risk_share,high,posterior,0.71,0.18
174e11b0-9870-5fc2-8781-9a8cc8a760c8,dip,10,low_risk_share,high,prior,0.67,0.24
174e11b0-9870-5fc2-8781-9a8cc8a760c8,dip,10,low_risk_share,high,posterior,0.68,0.1
174e11b0-9870-5fc2-8781-9a8cc8a760c8,gala,11,no_share,low,prior,0.33,0.8
174e11b0-9870-5fc2-8781-9a8cc8a760c8,gala,11,no_share,low,posterior,0.25,0.81
174e11b0-9870-5fc2-8781-9a8cc8a760c8,apples,12,high_risk_share,high,prior,0.67,0.29
174e11b0-9870-5fc2-8781-9a8cc8a760c8,apples,12,high_risk_share,high,posterior,0.82,0.72
174e11b0-9870-5fc2-8781-9a8cc8a760c8,oysters,13,high_risk_share,low,prior,0.61,0.21
174e11b0-9870-5fc2-8781-9a8cc8a760c8,oysters,13,high_risk_share,low,posterior,0.82,0.89
174e11b0-9870-5fc2-8781-9a8cc8a760c8,cooking,14,low_risk_share,low,prior,0.72,0.21
174e11b0-9870-5fc2-8781-9a8cc8a760c8,cooking,14,low_risk_share,low,posterior,0.82,0.06
174e11b0-9870-5fc2-8781-9a8cc8a760c8,drinks,15,low_risk_share,low,prior,0.68,0.7
174e11b0-9870-5fc2-8781-9a8cc8a760c8,drinks,15,low_risk_share,low,posterior,0.73,0.13
1d43fa8f-4d65-5c78-b7c8-8d3c5b01d0a7,soup,0,no_share,low,prior,0.5,0.25
1d43fa8f-4d65-5c78-b7c8-8d3c5b01d0a7,soup,0,no_share,low,posterior,0.5,0.24
1d43fa8f-4d65-5c78-b7c8-8d3c5b01d0a7,oysters,1,low_risk_share,low,prior,0.48,0.23
1d43fa8f-4d65-5c78-b7c8-8d3c5b01d0a7,oysters,1,low_risk_share,low,posterior,0.51,0.09
1d43fa8f-4d65-5c78-b7c8-8d3c5b01d0a7,dip,2,low_risk_share,high,prior,0.77,0.26
1d43fa8f-4d65-5c78-b7c8-8d3c5b01d0a7,dip,2,low_risk_share,high,posterior,0.5,0.14
1d43fa8f-4d65-5c78-b7c8-8d3c5b01d0a7,birthday,3,high_risk_share,low,prior,0.75,0.08
1d43fa8f-4d65-5c78-b7c8-8d3c5b01d0a7,birthday,3,high_risk_share,low,posterior,0.92,0.08
1d43fa8f-4d65-5c78-b7c8-8d3c5b01d0a7,brunch,4,high_risk_share,low,prior,0.51,0.82
1d43fa8f-4d65-5c78-b7c8-8d3c5b01d0a7,brunch,4,high_risk_share,low,posterior,0.76,1.0
1d43fa8f-4d65-5c78-b7c8-8d3c5b01d0a7,fair,5,no_share,low,prior,0.52,0.18
1d43fa8f-4d65-5c78-b7c8-8d3c5b01d0a7,fair,5,no_share,low,posterior,0.52,0.93
1d43fa8f-4d65-5c78-b7c8-8d3c5b01d0a7,takeout,6,no_share,high,prior,0.33,0.79
1d43fa8f-4d65-5c78-b7c8-8d3c5b01d0a7,takeout,6,no_share,high,posterior,0.12,0.96
1d43fa8f-4d65-5c78-b7c8-8d3c5b01d0a7,drinks,7,no_share,high,prior,0.49,0.2
1d43fa8f-4d65-5c78-b7c8-8d3c5b01d0a7,drinks,7,no_share,high,posterior,0.52,0.97
1d43fa8f-4d65-5c78-b7c8-8d3c5b01d0a7,basketball,8,high_risk_share,high,prior,0.85,0.2
1d43fa8f-4d65-5c78-b7c8-8d3c5b01d0a7,basketball,8,high_risk_share,high,posterior,0.96,0.97
1d43fa8f-4d65-5c78-b7c8-8d3c5b01d0a7,gala,9,low_risk_share,low,prior,0.24,0.94
1d43fa8f-4d65-5c78-b7c8-8d3c5b01d0a7,gala,9,low_risk_share,low,posterior,0.35,0.06
1d43fa8f-4d65-5c78-b7c8-8d3c5b01d0a7,hike,10,low_risk_share,high,prior,0.25,0.5
1d43fa8f-4d65-5c78-b7c8-8d3c5b01d0a7,hike,10,low_risk_share,high,posterior,0.33,0.02
1d43fa8f-4d65-5c78-b7c8-8d3c5b01d0a7,cooking,11,high_risk_share,low,prior,0.83,0.04
1d43fa8f-4d65-5c78-b7c8-8d3c5b01d0a7,cooking,11,high_risk_share,low,posterior,1.0,0.03
1d43fa8f-4d65-5c78-b7c8-8d3c5b01d0a7,social,12,no_share,high,prior,0.95,0.99
1d43fa8f-4d65-5c78-b7c8-8d3c5b01d0a7,social,12,no_share,high,posterior,0.54,0.98
1d43fa8f-4d65-5c78-b7c8-8d3c5b01d0a7,driving,13,no_share,low,prior,0.5,0.96
1d43fa8f-4d65-5c78-b7c8-8d3c5b01d0a7,driving,13,no_share,low,posterior,0.12,0.98
1d43fa8f-4d65-5c78-b7c8-8d3c5b01d0a7,wedding,14,low_risk_share,high,prior,0.87,0.25
1d43fa8f-4d65-5c78-b7c8-8d3c5b01d0a7,wedding,14,low_risk_share,high,posterior,0.59,0.08
1d43fa8f-4d65-5c78-b7c8-8d3c5b01d0a7,apples,15,high_risk_share,high,prior,0.59,0.05
1d43fa8f-4d65-5c78-b7c8-8d3c5b01d0a7,apples,15,high_risk_share,high,posterior,0.97,0.51
680de1ca-dc24-539d-a15f-87ce5b3e1755,basketball,0,high_risk_share,high,prior,0.51,0.51
680de1ca-dc24-539d-a15f-87ce5b3e1755,basketball,0,high_risk_share,high,posterior,0.8,1.0
680de1ca-dc24-539d-a15f-87ce5b3e1755,apples,1,high_risk_share,low,prior,0.0,0.51
680de1ca-dc24-539d-a15f-87ce5b3e1755,apples,1,high_risk_share,low,posterior,0.69,0.49
680de1ca-dc24-539d-a15f-87ce5b3e1755,takeout,2,low_risk_share,high,prior,0.0,0.5
680de1ca-dc24-539d-a15f-87ce5b3e1755,takeout,2,low_risk_share,high,posterior,0.0,1.0
680de1ca-dc24-539d-a15f-87ce5b3e1755,brunch,3,high_risk_share,low,prior,0.0,0.49
680de1ca-dc24-539d-a15f-87ce5b3e1755,brunch,3,high_risk_share,low,posterior,0.0,1.0
680de1ca-dc24-539d-a15f-87ce5b3e1755,cooking,4,high_risk_share,high,prior,0.0,0.5
680de1ca-dc24-539d-a15f-87ce5b3e1755,cooking,4,high_risk_share,high,posterior,0.89,0.0
680de1ca-dc24-539d-a15f-87ce5b3e1755,fair,5,no_share,high,prior,0.79,0.52
680de1ca-dc24-539d-a15f-87ce5b3e1755,fair,5,no_share,high,posterior,0.0,0.5
680de1ca-dc24-539d-a15f-87ce5b3e1755,wedding,6,no_share,low,prior,0.0,0.51
680de1ca-dc24-539d-a15f-87ce5b3e1755,wedding,6,no_share,low,posterior,0.0,0.5
680de1ca-dc24-539d-a15f-87ce5b3e1755,drinks,7,low_risk_share,low,prior,0.0,0.5
680de1ca-dc24-539d-a15f-87ce5b3e1755,drinks,7,low_risk_share,low,posterior,0.0,0.5
680de1ca-dc24-539d-a15f-87ce5b3e1755,birthday,8,high_risk_share,high,prior,0.0,0.52
680de1ca-dc24-539d-a15f-87ce5b3e1755,birthday,8,high_risk_share,high,posterior,1.0,0.5
680de1ca-dc24-539d-a15f-87ce5b3e1755,gala,9,no_share,low,prior,0.0,0.51
680de1ca-dc24-539d-a15f-87ce5b3e1755,gala,9,no_share,low,posterior,0.0,0.52
680de1ca-dc24-539d-a15f-87ce5b3e1755,social,10,low_risk_share,low,prior,0.0,0.49
680de1ca-dc24-539d-a15f-87ce5b3e1755,social,10,low_risk_share,low,posterior,0.0,0.51
680de1ca-dc24-539d-a15f-87ce5b3e1755,driving,11,low_risk_share,low,prior,0.0,0.51
680de1ca-dc24-539d-a15f-87ce5b3e1755,driving,11,low_risk_share,low,posterior,0.0,0.0
680de1ca-dc24-539d-a15f-87ce5b3e1755,oysters,12,no_share,high,prior,0.0,0.5
680de1ca-dc24-539d-a15f-87ce5b3e1755,oysters,12,no_share,high,posterior,0.0,0.5
680de1ca-dc24-539d-a15f-87ce5b3e1755,soup,13,low_risk_share,high,prior,0.5,0.52
680de1ca-dc24-539d-a15f-87ce5b3e1755,soup,13,low_risk_share,high,posterior,0.0,0.5
680de1ca-dc24-539d-a15f-87ce5b3e1755,dip,14,low_risk_share,high,prior,0.49,0.52
680de1ca-dc24-539d-a15f-87ce5b3e1755,dip,14,low_risk_share,high,posterior,0.0,0.52
680de1ca-dc24-539d-a15f-87ce5b3e1755,hike,15,no_share,low,prior,0.49,0.49
680de1ca-dc24-539d-a15f-87ce5b3e1755,hike,15,no_share,low,posterior,0.0,0.49
526c7de4-7e1a-5f4b-9773-c4032e3dc72c,dip,0,high_risk_share,high,prior,0.73,0.39
526c7de4-7e1a-5f4b-9773-c4032e3dc72c,dip,0,high_risk_share,high,posterior,0.89,0.63
526c7de4-7e1a-5f4b-9773-c4032e3dc72c,oysters,1,high_risk_share,high,prior,0.59,0.5
526c7de4-7e1a-5f4b-9773-c4032e3dc72c,oysters,1,high_risk_share,high,posterior,0.99,0.55
526c7de4-7e1a-5f4b-9773-c4032e3dc72c,birthday,2,low_risk_share,low,prior,0.57,0.42
526c7de4-7e1a-5f4b-9773-c4032e3dc72c,birthday,2,low_risk_share,low,posterior,0.53,0.11
526c7de4-7e1a-5f4b-9773-c4032e3dc72c,gala,3,no_share,low,prior,0.42,0.81
526c7de4-7e1a-5f4b-9773-c4032e3dc72c,gala,3,no_share,low,posterior,0.67,0.67
526c7de4-7e1a-5f4b-9773-c4032e3dc72c,brunch,4,low_risk_share,high,prior,0.85,0.7
526c7de4-7e1a-5f4b-9773-c4032e3dc72c,brunch,4,low_risk_share,high,posterior,0.56,0.5
526c7de4-7e1a-5f4b-9773-c4032e3dc72c,driving,5,no_share,low,prior,0.6,0.27
526c7de4-7e1a-5f4b-9773-c4032e3dc72c,driving,5,no_share,low,posterior,0.53,0.52
526c7de4-7e1a-5f4b-9773-c4032e3dc72c,takeout,6,no_share,low,prior,0.31,1.0
526c7de4-7e1a-5f4b-9773-c4032e3dc72c,takeout,6,no_share,low,posterior,0.39,1.0
526c7de4-7e1a-5f4b-9773-c4032e3dc72c,drinks,7,low_risk_share,low,prior,0.65,0.74
526c7de4-7e1a-5f4b-9773-c4032e3dc72c,drinks,7,low_risk_share,low,posterior,0.55,0.1
526c7de4-7e1a-5f4b-9773-c4032e3dc72c,hike,8,high_risk_share,low,prior,0.58,0.34
526c7de4-7e1a-5f4b-9773-c4032e3dc72c,hike,8,high_risk_share,low,posterior,0.87,0.54
526c7de4-7e1a-5f4b-9773-c4032e3dc72c,social,9,no_share,high,prior,0.5,0.37
526c7de4-7e1a-5f4b-9773-c4032e3dc72c,social,9,no_share,high,posterior,0.3,0.74
526c7de4-7e1a-5f4b-9773-c4032e3dc72c,fair,10,low_risk_share,low,prior,0.79,0.31
526c7de4-7e1a-5f4b-9773-c4032e3dc72c,fair,10,low_risk_share,low,posterior,0.69,0.08
526c7de4-7e1a-5f4b-9773-c4032e3dc72c,basketball,11,no_share,high,prior,0.67,0.27
526c7de4-7e1a-5f4b-9773-c4032e3dc72c,basketball,11,no_share,high,posterior,0.57,0.94
526c7de4-7e1a-5f4b-9773-c4032e3dc72c,apples,12,low_risk_share,high,prior,0.63,0.35
526c7de4-7e1a-5f4b-9773-c4032e3dc72c,apples,12,low_risk_share,high,posterior,0.64,0.04
526c7de4-7e1a-5f4b-9773-c4032e3dc72c,wedding,13,high_risk_share,high,prior,0.64,0.81
526c7de4-7e1a-5f4b-9773-c4032e3dc72c,wedding,13,high_risk_share,high,posterior,0.83,0.75
526c7de4-7e1a-5f4b-9773-c4032e3dc72c,soup,14,low_risk_share,high,prior,0.61,0.66
526c7de4-7e1a-5f4b-9773-c4032e3dc72c,soup,14,low_risk_share,high,posterior,0.51,0.05
526c7de4-7e1a-5f4b-9773-c4032e3dc72c,cooking,15,high_risk_share,low,prior,0.83,0.19
526c7de4-7e1a-5f4b-9773-c4032e3dc72c,cooking,15,high_risk_share,low,posterior,0.9,0.5
5f08247e-bbb1-5ff0-a853-66ed9672b6dc,oysters,0,high_risk_share,high,prior,0.73,0.31
5f08247e-bbb1-5ff0-a853-66ed9672b6dc,oysters,0,high_risk_share,high,posterior,0.84,0.71
5f08247e-bbb1-5ff0-a853-66ed9672b6dc,drinks,1,high_risk_share,high,prior,0.43,0.5
5f08247e-bbb1-5ff0-a853-66ed9672b6dc,drinks,1,high_risk_share,high,posterior,0.87,0.65
5f08247e-bbb1-5ff0-a853-66ed9672b6dc,cooking,2,low_risk_share,high,prior,0.76,0.5
5f08247e-bbb1-5ff0-a853-66ed9672b6dc,cooking,2,low_risk_share,high,posterior,0.69,0.0
5f08247e-bbb1-5ff0-a853-66ed9672b6dc,birthday,3,low_risk_share,high,prior,0.64,0.35
5f08247e-bbb1-5ff0-a853-66ed9672b6dc,birthday,3,low_risk_share,high,posterior,0.62,0.13
5f08247e-bbb1-5ff0-a853-66ed9672b6dc,takeout,4,no_share,high,prior,0.78,0.79
5f08247e-bbb1-5ff0-a853-66ed9672b6dc,takeout,4,no_share,high,posterior,0.44,0.79
5f08247e-bbb1-5ff0-a853-66ed9672b6dc,fair,5,no_share,low,prior,0.6,0.44
5f08247e-bbb1-5ff0-a853-66ed9672b6dc,fair,5,no_share,low,posterior,0.38,0.8
5f08247e-bbb1-5ff0-a853-66ed9672b6dc,driving,6,high_risk_share,low,prior,0.67,0.45
5f08247e-bbb1-5ff0-a853-66ed9672b6dc,driving,6,high_risk_share,low,posterior,0.85,0.64
5f08247e-bbb1-5ff0-a853-66ed9672b6dc,brunch,7,low_risk_share,low,prior,0.62,0.5
5f08247e-bbb1-5ff0-a853-66ed9672b6dc,brunch,7,low_risk_share,low,posterior,0.55,0.22
5f08247e-bbb1-5ff0-a853-66ed9672b6dc,soup,8,high_risk_share,low,prior,0.46,0.5
5f08247e-bbb1-5ff0-a853-66ed9672b6dc,soup,8,high_risk_share,low,posterior,0.87,0.63
5f08247e-bbb1-5ff0-a853-66ed9672b6dc,wedding,9,no_share,high,prior,0.5,0.57
5f08247e-bbb1-5ff0-a853-66ed9672b6dc,wedding,9,no_share,high,posterior,0.17,0.5
5f08247e-bbb1-5ff0-a853-66ed9672b6dc,hike,10,high_risk_share,low,prior,0.67,0.5
5f08247e-bbb1-5ff0-a853-66ed9672b6dc,hike,10,high_risk_share,low,posterior,0.76,0.65
5f08247e-bbb1-5ff0-a853-66ed9672b6dc,gala,11,low_risk_share,high,prior,0.61,0.5
5f08247e-bbb1-5ff0-a853-66ed9672b6dc,gala,11,low_risk_share,high,posterior,0.63,0.16
5f08247e-bbb1-5ff0-a853-66ed9672b6dc,social,12,no_share,low,prior,0.5,0.49
5f08247e-bbb1-5ff0-a853-66ed9672b6dc,social,12,no_share,low,posterior,0.5,0.5
5f08247e-bbb1-5ff0-a853-66ed9672b6dc,dip,13,low_risk_share,low,prior,0.66,0.5
5f08247e-bbb1-5ff0-a853-66ed9672b6dc,dip,13,low_risk_share,low,posterior,0.6,0.29
5f08247e-bbb1-5ff0-a853-66ed9672b6dc,apples,14,no_share,high,prior,0.51,0.24
5f08247e-bbb1-5ff0-a853-66ed9672b6dc,apples,14,no_share,high,posterior,0.29,0.82
5f08247e-bbb1-5ff0-a853-66ed9672b6dc,basketball,15,no_share,low,prior,0.62,0.49
5f08247e-bbb1-5ff0-a853-66ed9672b6dc,basketball,15,no_share,low,posterior,0.61,0.94
7d33bfd6-f117-5cf4-b038-3e5057f43c15,drinks,0,low_risk_share,high,prior,0.58,0.0
7d33bfd6-f117-5cf4-b038-3e5057f43c15,drinks,0,low_risk_share,high,posterior,1.0,0.0
7d33bfd6-f117-5cf4-b038-3e5057f43c15,brunch,1,low_risk_share,low,prior,1.0,0.0
7d33bfd6-f117-5cf4-b038-3e5057f43c15,brunch,1,low_risk_share,low,posterior,1.0,0.8
7d33bfd6-f117-5cf4-b038-3e5057f43c15,driving,2,high_risk_share,high,prior,1.0,0.0
7d33bfd6-f117-5cf4-b038-3e5057f43c15,driving,2,high_risk_share,high,posterior,1.0,1.0
7d33bfd6-f117-5cf4-b038-3e5057f43c15,gala,3,no_share,low,prior,0.32,0.38
7d33bfd6-f117-5cf4-b038-3e5057f43c15,gala,3,no_share,low,posterior,0.0,0.49
7d33bfd6-f117-5cf4-b038-3e5057f43c15,soup,4,low_risk_share,low,prior,0.74,0.26
7d33bfd6-f117-5cf4-b038-3e5057f43c15,soup,4,low_risk_share,low,posterior,1.0,0.01
7d33bfd6-f117-5cf4-b038-3e5057f43c15,cooking,5,no_share,high,prior,1.0,0.19
7d33bfd6-f117-5cf4-b038-3e5057f43c15,cooking,5,no_share,high,posterior,0.42,0.48
7d33bfd6-f117-5cf4-b038-3e5057f43c15,wedding,6,high_risk_share,low,prior,0.43,0.48
7d33bfd6-f117-5cf4-b038-3e5057f43c15,wedding,6,high_risk_share,low,posterior,1.0,0.48
7d33bfd6-f117-5cf4-b038-3e5057f43c15,takeout,7,high_risk_share,high,prior,0.85,0.66
7d33bfd6-f117-5cf4-b038-3e5057f43c15,takeout,7,high_risk_share,high,posterior,1.0,0.51
7d33bfd6-f117-5cf4-b038-3e5057f43c15,dip,8,low_risk_share,low,prior,0.89,0.0
7d33bfd6-f117-5cf4-b038-3e5057f43c15,dip,8,low_risk_share,low,posterior,0.87,0.0
7d33bfd6-f117-5cf4-b038-3e5057f43c15,social,9,high_risk_share,high,prior,0.69,0.69
7d33bfd6-f117-5cf4-b038-3e5057f43c15,social,9,high_risk_share,high,posterior,1.0,1.0
7d33bfd6-f117-5cf4-b038-3e5057f43c15,hike,10,no_share,low,prior,0.87,0.52
7d33bfd6-f117-5cf4-b038-3e5057f43c15,hike,10,no_share,low,posterior,0.64,0.52
7d33bfd6-f117-5cf4-b038-3e5057f43c15,oysters,11,high_risk_share,low,prior,0.79,0.0
7d33bfd6-f117-5cf4-b038-3e5057f43c15,oysters,11,high_risk_share,low,posterior,1.0,0.55
7d33bfd6-f117-5cf4-b038-3e5057f43c15,basketball,12,no_share,high,prior,1.0,0.0
7d33bfd6-f117-5cf4-b038-3e5057f43c15,basketball,12,no_share,high,posterior,0.75,0.51
7d33bfd6-f117-5cf4-b038-3e5057f43c15,apples,13,low_risk_share,high,prior,0.49,0.52
7d33bfd6-f117-5cf4-b038-3e5057f43c15,apples,13,low_risk_share,high,posterior,0.34,0.35
7d33bfd6-f117-5cf4-b038-3e5057f43c15,fair,14,low_risk_share,high,prior,0.88,0.76
7d33bfd6-f117-5cf4-b038-3e5057f43c15,fair,14,low_risk_share,high,posterior,0.86,0.0
7d33bfd6-f117-5cf4-b038-3e5057f43c15,birthday,15,no_share,low,prior,0.49,0.0
7d33bfd6-f117-5cf4-b038-3e5057f43c15,birthday,15,no_share,low,posterior,0.48,0.0
8b42bd93-c6c8-5382-8b58-40457f4c3ce1,soup,0,low_risk_share,low,prior,0.5,0.2
8b42bd93-c6c8-5382-8b58-40457f4c3ce1,soup,0,low_risk_share,low,posterior,0.72,0.24
8b42bd93-c6c8-5382-8b58-40457f4c3ce1,cooking,1,low_risk_share,low,prior,0.91,0.77
8b42bd93-c6c8-5382-8b58-40457f4c3ce1,cooking,1,low_risk_share,low,posterior,0.92,0.0
8b42bd93-c6c8-5382-8b58-40457f4c3ce1,gala,2,high_risk_share,low,prior,0.49,0.8
8b42bd93-c6c8-5382-8b58-40457f4c3ce1,gala,2,high_risk_share,low,posterior,0.78,0.95
8b42bd93-c6c8-5382-8b58-40457f4c3ce1,basketball,3,high_risk_share,low,prior,0.57,0.76
8b42bd93-c6c8-5382-8b58-40457f4c3ce1,basketball,3,high_risk_share,low,posterior,0.88,0.96
8b42bd93-c6c8-5382-8b58-40457f4c3ce1,drinks,4,no_share,high,prior,0.51,0.5
8b42bd93-c6c8-5382-8b58-40457f4c3ce1,drinks,4,no_share,high,posterior,0.51,0.22
8b42bd93-c6c8-5382-8b58-40457f4c3ce1,hike,5,no_share,high,prior,0.77,0.5
8b42bd93-c6c8-5382-8b58-40457f4c3ce1,hike,5,no_share,high,posterior,0.62,0.88
8b42bd93-c6c8-5382-8b58-40457f4c3ce1,driving,6,low_risk_share,high,prior,0.74,0.92
8b42bd93-c6c8-5382-8b58-40457f4c3ce1,driving,6,low_risk_share,high,posterior,0.64,0.06
8b42bd93-c6c8-5382-8b58-40457f4c3ce1,wedding,7,low_risk_share,high,prior,0.23,0.15
8b42bd93-c6c8-5382-8b58-40457f4c3ce1,wedding,7,low_risk_share,high,posterior,0.59,0.01
8b42bd93-c6c8-5382-8b58-40457f4c3ce1,birthday,8,high_risk_share,high,prior,0.32,0.12
8b42bd93-c6c8-5382-8b58-40457f4c3ce1,birthday,8,high_risk_share,high,posterior,0.79,0.76
8b42bd93-c6c8-5382-8b58-40457f4c3ce1,fair,9,no_share,high,prior,0.76,0.23
8b42bd93-c6c8-5382-8b58-40457f4c3ce1,fair,9,no_share,high,posterior,0.27,0.65
8b42bd93-c6c8-5382-8b58-40457f4c3ce1,oysters,10,no_share,low,prior,0.59,0.33
8b42bd93-c6c8-5382-8b58-40457f4c3ce1,oysters,10,no_share,low,posterior,0.5,0.44
8b42bd93-c6c8-5382-8b58-40457f4c3ce1,takeout,11,high_risk_share,low,prior,0.77,0.84
8b42bd93-c6c8-5382-8b58-40457f4c3ce1,takeout,11,high_risk_share,low,posterior,0.86,0.91
8b42bd93-c6c8-5382-8b58-40457f4c3ce1,dip,12,high_risk_share,high,prior,0.86,0.17
8b42bd93-c6c8-5382-8b58-40457f4c3ce1,dip,12,high_risk_share,high,posterior,0.9,0.5
8b42bd93-c6c8-5382-8b58-40457f4c3ce1,apples,13,no_share,low,prior,0.81,0.25
8b42bd93-c6c8-5382-8b58-40457f4c3ce1,apples,13,no_share,low,posterior,0.73,0.2
8b42bd93-c6c8-5382-8b58-40457f4c3ce1,brunch,14,high_risk_share,high,prior,0.71,0.21
8b42bd93-c6c8-5382-8b58-40457f4c3ce1,brunch,14,high_risk_share,high,posterior,0.72,0.78
8b42bd93-c6c8-5382-8b58-40457f4c3ce1,social,15,low_risk_share,low,prior,0.62,0.24
8b42bd93-c6c8-5382-8b58-40457f4c3ce1,social,15,low_risk_share,low,posterior,0.5,0.15
ac9b941a-268f-5f29-b9bf-143eebcc31b8,wedding,0,low_risk_share,low,prior,0.0,0.0
ac9b941a-268f-5f29-b9bf-143eebcc31b8,wedding,0,low_risk_share,low,posterior,1.0,0.0
ac9b941a-268f-5f29-b9bf-143eebcc31b8,fair,1,low_risk_share,low,prior,1.0,1.0
ac9b941a-268f-5f29-b9bf-143eebcc31b8,fair,1,low_risk_share,low,posterior,1.0,0.0
ac9b941a-268f-5f29-b9bf-143eebcc31b8,hike,2,low_risk_share,low,prior,0.0,0.0
ac9b941a-268f-5f29-b9bf-143eebcc31b8,hike,2,low_risk_share,low,posterior,0.0,0.0
ac9b941a-268f-5f29-b9bf-143eebcc31b8,apples,3,high_risk_share,high,prior,0.5,0.0
ac9b941a-268f-5f29-b9bf-143eebcc31b8,apples,3,high_risk_share,high,posterior,1.0,0.5
ac9b941a-268f-5f29-b9bf-143eebcc31b8,takeout,4,no_share,high,prior,0.0,1.0
ac9b941a-268f-5f29-b9bf-143eebcc31b8,takeout,4,no_share,high,posterior,0.0,0.5
ac9b941a-268f-5f29-b9bf-143eebcc31b8,gala,5,low_risk_share,high,prior,1.0,0.0
ac9b941a-268f-5f29-b9bf-143eebcc31b8,gala,5,low_risk_share,high,posterior,1.0,0.0
ac9b941a-268f-5f29-b9bf-143eebcc31b8,oysters,6,low_risk_share,high,prior,1.0,1.0
ac9b941a-268f-5f29-b9bf-143eebcc31b8,oysters,6,low_risk_share,high,posterior,0.49,0.0
ac9b941a-268f-5f29-b9bf-143eebcc31b8,social,7,no_share,low,prior,0.0,0.0
ac9b941a-268f-5f29-b9bf-143eebcc31b8,social,7,no_share,low,posterior,0.0,0.49
ac9b941a-268f-5f29-b9bf-143eebcc31b8,drinks,8,no_share,low,prior,0.5,0.0
ac9b941a-268f-5f29-b9bf-143eebcc31b8,drinks,8,no_share,low,posterior,0.52,0.48
ac9b941a-268f-5f29-b9bf-143eebcc31b8,brunch,9,high_risk_share,high,prior,0.0,0.5
ac9b941a-268f-5f29-b9bf-143eebcc31b8,brunch,9,high_risk_share,high,posterior,1.0,0.5
ac9b941a-268f-5f29-b9bf-143eebcc31b8,soup,10,high_risk_share,high,prior,1.0,0.0
ac9b941a-268f-5f29-b9bf-143eebcc31b8,soup,10,high_risk_share,high,posterior,1.0,0.0
ac9b941a-268f-5f29-b9bf-143eebcc31b8,birthday,11,low_risk_share,high,prior,0.0,0.0
ac9b941a-268f-5f29-b9bf-143eebcc31b8,birthday,11,low_risk_share,high,posterior,0.0,0.0
ac9b941a-268f-5f29-b9bf-143eebcc31b8,dip,12,no_share,low,prior,1.0,0.0
ac9b941a-268f-5f29-b9bf-143eebcc31b8,dip,12,no_share,low,posterior,0.5,0.5
ac9b941a-268f-5f29-b9bf-143eebcc31b8,driving,13,no_share,high,prior,1.0,0.0
ac9b941a-268f-5f29-b9bf-143eebcc31b8,driving,13,no_share,high,posterior,0.0,0.0
ac9b941a-268f-5f29-b9bf-143eebcc31b8,basketball,14,high_risk_share,low,prior,1.0,0.0
ac9b941a-268f-5f29-b9bf-143eebcc31b8,basketball,14,high_risk_share,low,posterior,1.0,0.0
ac9b941a-268f-5f29-b9bf-143eebcc31b8,cooking,15,high_risk_share,low,prior,1.0,1.0
ac9b941a-268f-5f29-b9bf-143eebcc31b8,cooking,15,high_risk_share,low,posterior,1.0,1.0
8f23f78f-a523-51e8-952e-c8b4fd2fb685,apples,0,high_risk_share,low,prior,0.61,0.65
8f23f78f-a523-51e8-952e-c8b4fd2fb685,apples,0,high_risk_share,low,posterior,0.73,0.32
8f23f78f-a523-51e8-952e-c8b4fd2fb685,soup,1,no_share,high,prior,0.73,0.6
8f23f78f-a523-51e8-952e-c8b4fd2fb685,soup,1,no_share,high,posterior,0.2,0.8
8f23f78f-a523-51e8-952e-c8b4fd2fb685,driving,2,low_risk_share,high,prior,0.7,0.68
8f23f78f-a523-51e8-952e-c8b4fd2fb685,driving,2,low_risk_share,high,posterior,0.66,0.2
8f23f78f-a523-51e8-952e-c8b4fd2fb685,hike,3,high_risk_share,low,prior,0.69,0.63
8f23f78f-a523-51e8-952e-c8b4fd2fb685,hike,3,high_risk_share,low,posterior,0.76,0.84
8f23f78f-a523-51e8-952e-c8b4fd2fb685,brunch,4,low_risk_share,high,prior,0.33,0.72
8f23f78f-a523-51e8-952e-c8b4fd2fb685,brunch,4,low_risk_share,high,posterior,0.2,0.77
8f23f78f-a523-51e8-952e-c8b4fd2fb685,social,5,high_risk_share,low,prior,0.43,0.76
8f23f78f-a523-51e8-952e-c8b4fd2fb685,social,5,high_risk_share,low,posterior,0.9,0.81
8f23f78f-a523-51e8-952e-c8b4fd2fb685,dip,6,low_risk_share,low,prior,0.54,0.43
8f23f78f-a523-51e8-952e-c8b4fd2fb685,dip,6,low_risk_share,low,posterior,0.39,0.15
8f23f78f-a523-51e8-952e-c8b4fd2fb685,oysters,7,high_risk_share,high,prior,0.35,0.28
8f23f78f-a523-51e8-952e-c8b4fd2fb685,oysters,7,high_risk_share,high,posterior,0.63,0.78
8f23f78f-a523-51e8-952e-c8b4fd2fb685,basketball,8,no_share,high,prior,0.45,0.38
8f23f78f-a523-51e8-952e-c8b4fd2fb685,basketball,8,no_share,high,posterior,0.26,0.93
8f23f78f-a523-51e8-952e-c8b4fd2fb685,takeout,9,low_risk_share,low,prior,0.42,0.71
8f23f78f-a523-51e8-952e-c8b4fd2fb685,takeout,9,low_risk_share,low,posterior,0.18,0.12
8f23f78f-a523-51e8-952e-c8b4fd2fb685,drinks,10,high_risk_share,high,prior,0.47,0.44
8f23f78f-a523-51e8-952e-c8b4fd2fb685,drinks,10,high_risk_share,high,posterior,0.87,0.9
8f23f78f-a523-51e8-952e-c8b4fd2fb685,fair,11,high_risk_share,high,prior,0.54,0.77
8f23f78f-a523-51e8-952e-c8b4fd2fb685,fair,11,high_risk_share,high,posterior,0.83,0.95
8f23f78f-a523-51e8-952e-c8b4fd2fb685,cooking,12,low_risk_share,low,prior,0.56,0.58
8f23f78f-a523-51e8-952e-c8b4fd2fb685,cooking,12,low_risk_share,low,posterior,0.32,0.14
8f23f78f-a523-51e8-952e-c8b4fd2fb685,wedding,13,no_share,low,prior,0.28,0.84
8f23f78f-a523-51e8-952e-c8b4fd2fb685,wedding,13,no_share,low,posterior,0.2,0.88
8f23f78f-a523-51e8-952e-c8b4fd2fb685,gala,14,no_share,low,prior,0.43,0.55
8f23f78f-a523-51e8-952e-c8b4fd2fb685,gala,14,no_share,low,posterior,0.16,0.87
8f23f78f-a523-51e8-952e-c8b4fd2fb685,birthday,15,no_share,high,prior,0.41,0.39
8f23f78f-a523-51e8-952e-c8b4fd2fb685,birthday,15,no_share,high,posterior,0.13,0.85
1522a76c-d392-530f-ad4e-d6ab0d945770,cooking,0,no_share,low,prior,0.16,0.42
1522a76c-d392-530f-ad4e-d6ab0d945770,cooking,0,no_share,low,posterior,1.0,0.51
1522a76c-d392-530f-ad4e-d6ab0d945770,birthday,1,low_risk_share,high,prior,0.61,0.51
1522a76c-d392-530f-ad4e-d6ab0d945770,birthday,1,low_risk_share,high,posterior,1.0,0.22
1522a76c-d392-530f-ad4e-d6ab0d945770,soup,2,low_risk_share,low,prior,0.67,0.51
1522a76c-d392-530f-ad4e-d6ab0d945770,soup,2,low_risk_share,low,posterior,0.96,0.01
1522a76c-d392-530f-ad4e-d6ab0d945770,oysters,3,low_risk_share,low,prior,0.61,0.51
1522a76c-d392-530f-ad4e-d6ab0d945770,oysters,3,low_risk_share,low,posterior,0.81,0.24
1522a76c-d392-530f-ad4e-d6ab0d945770,apples,4,no_share,high,prior,0.65,0.22
1522a76c-d392-530f-ad4e-d6ab0d945770,apples,4,no_share,high,posterior,0.18,0.0
1522a76c-d392-530f-ad4e-d6ab0d945770,brunch,5,high_risk_share,low,prior,0.7,0.51
1522a76c-d392-530f-ad4e-d6ab0d945770,brunch,5,high_risk_share,low,posterior,1.0,0.75
1522a76c-d392-530f-ad4e-d6ab0d945770,gala,6,high_risk_share,high,prior,0.24,0.5
1522a76c-d392-530f-ad4e-d6ab0d945770,gala,6,high_risk_share,high,posterior,1.0,0.75
1522a76c-d392-530f-ad4e-d6ab0d945770,social,7,no_share,high,prior,0.38,0.64
1522a76c-d392-530f-ad4e-d6ab0d945770,social,7,no_share,high,posterior,0.21,1.0
1522a76c-d392-530f-ad4e-d6ab0d945770,wedding,8,high_risk_share,high,prior,0.39,0.48
1522a76c-d392-530f-ad4e-d6ab0d945770,wedding,8,high_risk_share,high,posterior,0.78,0.89
1522a76c-d392-530f-ad4e-d6ab0d945770,dip,9,low_risk_share,high,prior,0.73,0.5
1522a76c-d392-530f-ad4e-d6ab0d945770,dip,9,low_risk_share,high,posterior,0.72,0.15
1522a76c-d392-530f-ad4e-d6ab0d945770,basketball,10,no_share,low,prior,0.7,0.52
1522a76c-d392-530f-ad4e-d6ab0d945770,basketball,10,no_share,low,posterior,0.32,0.78
1522a76c-d392-530f-ad4e-d6ab0d945770,takeout,11,high_risk_share,low,prior,0.42,0.56
1522a76c-d392-530f-ad4e-d6ab0d945770,takeout,11,high_risk_share,low,posterior,0.66,0.71
1522a76c-d392-530f-ad4e-d6ab0d945770,driving,12,no_share,low,prior,0.54,0.5
1522a76c-d392-530f-ad4e-d6ab0d945770,driving,12,no_share,low,posterior,0.32,0.12
1522a76c-d392-530f-ad4e-d6ab0d945770,hike,13,low_risk_share,high,prior,0.63,0.49
1522a76c-d392-530f-ad4e-d6ab0d945770,hike,13,low_risk_share,high,posterior,0.68,0.09
1522a76c-d392-530f-ad4e-d6ab0d945770,fair,14,high_risk_share,low,prior,0.66,0.69
1522a76c-d392-530f-ad4e-d6ab0d945770,fair,14,high_risk_share,low,posterior,0.81,0.73
1522a76c-d392-530f-ad4e-d6ab0d945770,drinks,15,no_share,high,prior,0.43,0.49
1522a76c-d392-530f-ad4e-d6ab0d945770,drinks,15,no_share,high,posterior,0.24,0.81
3f48b9bf-a1f5-56f0-88fd-a19e5df0773b,driving,0,low_risk_share,low,prior,0.74,0.0
3f48b9bf-a1f5-56f0-88fd-a19e5df0773b,driving,0,low_risk_share,low,posterior,0.7,0.0
3f48b9bf-a1f5-56f0-88fd-a19e5df0773b,soup,1,low_risk_share,low,prior,0.89,0.67
3f48b9bf-a1f5-56f0-88fd-a19e5df0773b,soup,1,low_risk_share,low,posterior,0.9,0.5
3f48b9bf-a1f5-56f0-88fd-a19e5df0773b,social,2,high_risk_share,low,prior,0.24,0.0
3f48b9bf-a1f5-56f0-88fd-a19e5df0773b,social,2,high_risk_share,low,posterior,1.0,1.0
3f48b9bf-a1f5-56f0-88fd-a19e5df0773b,drinks,3,no_share,high,prior,0.64,0.0
3f48b9bf-a1f5-56f0-88fd-a19e5df0773b,drinks,3,no_share,high,posterior,0.48,0.62
3f48b9bf-a1f5-56f0-88fd-a19e5df0773b,fair,4,high_risk_share,low,prior,0.68,0.0
3f48b9bf-a1f5-56f0-88fd-a19e5df0773b,fair,4,high_risk_share,low,posterior,1.0,0.0
3f48b9bf-a1f5-56f0-88fd-a19e5df0773b,gala,5,no_share,low,prior,0.61,0.0
3f48b9bf-a1f5-56f0-88fd-a19e5df0773b,gala,5,no_share,low,posterior,0.63,0.0
3f48b9bf-a1f5-56f0-88fd-a19e5df0773b,dip,6,high_risk_share,high,prior,0.94,0.49
3f48b9bf-a1f5-56f0-88fd-a19e5df0773b,dip,6,high_risk_share,high,posterior,1.0,0.79
3f48b9bf-a1f5-56f0-88fd-a19e5df0773b,birthday,7,low_risk_share,high,prior,0.58,0.43
3f48b9bf-a1f5-56f0-88fd-a19e5df0773b,birthday,7,low_risk_share,high,posterior,0.54,0.0
3f48b9bf-a1f5-56f0-88fd-a19e5df0773b,cooking,8,no_share,low,prior,0.75,0.49
3f48b9bf-a1f5-56f0-88fd-a19e5df0773b,cooking,8,no_share,low,posterior,0.89,0.5
3f48b9bf-a1f5-56f0-88fd-a19e5df0773b,wedding,9,no_share,high,prior,0.51,0.0
3f48b9bf-a1f5-56f0-88fd-a19e5df0773b,wedding,9,no_share,high,posterior,0.51,0.0
3f48b9bf-a1f5-56f0-88fd-a19e5df0773b,brunch,10,no_share,low,prior,0.81,0.76
3f48b9bf-a1f5-56f0-88fd-a19e5df0773b,brunch,10,no_share,low,posterior,0.75,0.76
3f48b9bf-a1f5-56f0-88fd-a19e5df0773b,takeout,11,low_risk_share,high,prior,0.32,0.0
3f48b9bf-a1f5-56f0-88fd-a19e5df0773b,takeout,11,low_risk_share,high,posterior,0.17,0.0
3f48b9bf-a1f5-56f0-88fd-a19e5df0773b,basketball,12,high_risk_share,low,prior,0.81,0.0
3f48b9bf-a1f5-56f0-88fd-a19e5df0773b,basketball,12,high_risk_share,low,posterior,1.0,0.0
3f48b9bf-a1f5-56f0-88fd-a19e5df0773b,hike,13,low_risk_share,high,prior,0.85,0.51
3f48b9bf-a1f5-56f0-88fd-a19e5df0773b,hike,13,low_risk_share,high,posterior,1.0,0.5
3f48b9bf-a1f5-56f0-88fd-a19e5df0773b,oysters,14,high_risk_share,high,prior,0.85,0.52
3f48b9bf-a1f5-56f0-88fd-a19e5df0773b,oysters,14,high_risk_share,high,posterior,1.0,0.52
3f48b9bf-a1f5-56f0-88fd-a19e5df0773b,apples,15,no_share,high,prior,0.87,0.06
3f48b9bf-a1f5-56f0-88fd-a19e5df0773b,apples,15,no_share,high,posterior,0.85,0.88
32c7ba12-b31c-5873-9257-e97f7c782aac,soup,0,high_risk_share,low,prior,0.65,0.68
32c7ba12-b31c-5873-9257-e97f7c782aac,soup,0,high_risk_share,low,posterior,1.0,0.56
32c7ba12-b31c-5873-9257-e97f7c782aac,basketball,1,no_share,high,prior,0.73,0.79
32c7ba12-b31c-5873-9257-e97f7c782aac,basketball,1,no_share,high,posterior,0.12,0.93
32c7ba12-b31c-5873-9257-e97f7c782aac,wedding,2,high_risk_share,high,prior,0.83,0.69
32c7ba12-b31c-5873-9257-e97f7c782aac,wedding,2,high_risk_share,high,posterior,0.85,0.86
32c7ba12-b31c-5873-9257-e97f7c782aac,drinks,3,high_risk_share,low,prior,0.13,0.23
32c7ba12-b31c-5873-9257-e97f7c782aac,drinks,3,high_risk_share,low,posterior,0.22,0.28
32c7ba12-b31c-5873-9257-e97f7c782aac,dip,4,no_share,low,prior,0.74,0.66
32c7ba12-b31c-5873-9257-e97f7c782aac,dip,4,no_share,low,posterior,0.77,0.69
32c7ba12-b31c-5873-9257-e97f7c782aac,brunch,5,high_risk_share,high,prior,0.48,0.34
32c7ba12-b31c-5873-9257-e97f7c782aac,brunch,5,high_risk_share,high,posterior,0.88,0.28
32c7ba12-b31c-5873-9257-e97f7c782aac,fair,6,high_risk_share,high,prior,0.45,0.87
32c7ba12-b31c-5873-9257-e97f7c782aac,fair,6,high_risk_share,high,posterior,0.72,0.94
32c7ba12-b31c-5873-9257-e97f7c782aac,social,7,no_share,low,prior,0.41,0.39
32c7ba12-b31c-5873-9257-e97f7c782aac,social,7,no_share,low,posterior,0.46,0.93
32c7ba12-b31c-5873-9257-e97f7c782aac,takeout,8,no_share,high,prior,0.38,0.75
32c7ba12-b31c-5873-9257-e97f7c782aac,takeout,8,no_share,high,posterior,0.09,0.96
32c7ba12-b31c-5873-9257-e97f7c782aac,cooking,9,low_risk_share,low,prior,0.79,0.32
32c7ba12-b31c-5873-9257-e97f7c782aac,cooking,9,low_risk_share,low,posterior,0.63,0.29
32c7ba12-b31c-5873-9257-e97f7c782aac,driving,10,low_risk_share,high,prior,0.43,0.72
32c7ba12-b31c-5873-9257-e97f7c782aac,driving,10,low_risk_share,high,posterior,0.32,0.18
32c7ba12-b31c-5873-9257-e97f7c782aac,hike,11,no_share,low,prior,0.76,0.27
32c7ba12-b31c-5873-9257-e97f7c782aac,hike,11,no_share,low,posterior,0.77,0.22
32c7ba12-b31c-5873-9257-e97f7c782aac,apples,12,low_risk_share,high,prior,0.63,0.31
32c7ba12-b31c-5873-9257-e97f7c782aac,apples,12,low_risk_share,high,posterior,0.35,0.19
32c7ba12-b31c-5873-9257-e97f7c782aac,gala,13,low_risk_share,low,prior,0.34,0.72
32c7ba12-b31c-5873-9257-e97f7c782aac,gala,13,low_risk_share,low,posterior,0.25,0.22
32c7ba12-b31c-5873-9257-e97f7c782aac,oysters,14,low_risk_share,low,prior,0.76,0.33
32c7ba12-b31c-5873-9257-e97f7c782aac,oysters,14,low_risk_share,low,posterior,0.88,0.23
32c7ba12-b31c-5873-9257-e97f7c782aac,birthday,15,low_risk_share,high,prior,0.65,0.26
32c7ba12-b31c-5873-9257-e97f7c782aac,birthday,15,low_risk_share,high,posterior,0.85,0.11
5881e174-a4b2-5208-a6a7-97435a0c8b12,driving,0,low_risk_share,low,prior,0.51,0.59
5881e174-a4b2-5208-a6a7-97435a0c8b12,driving,0,low_risk_share,low,posterior,0.27,0.24
5881e174-a4b2-5208-a6a7-97435a0c8b12,basketball,1,high_risk_share,high,prior,0.59,0.32
5881e174-a4b2-5208-a6a7-97435a0c8b12,basketball,1,high_risk_share,high,posterior,0.99,0.7
5881e174-a4b2-5208-a6a7-97435a0c8b12,takeout,2,low_risk_share,high,prior,0.6,0.76
5881e174-a4b2-5208-a6a7-97435a0c8b12,takeout,2,low_risk_share,high,posterior,0.37,0.33
5881e174-a4b2-5208-a6a7-97435a0c8b12,birthday,3,high_risk_share,low,prior,0.6,0.25
5881e174-a4b2-5208-a6a7-97435a0c8b12,birthday,3,high_risk_share,low,posterior,0.94,0.18
5881e174-a4b2-5208-a6a7-97435a0c8b12,fair,4,no_share,high,prior,0.35,0.43
5881e174-a4b2-5208-a6a7-97435a0c8b12,fair,4,no_share,high,posterior,0.03,0.5
5881e174-a4b2-5208-a6a7-97435a0c8b12,oysters,5,high_risk_share,low,prior,0.25,0.22
5881e174-a4b2-5208-a6a7-97435a0c8b12,oysters,5,high_risk_share,low,posterior,1.0,0.34
5881e174-a4b2-5208-a6a7-97435a0c8b12,drinks,6,low_risk_share,low,prior,0.44,0.41
5881e174-a4b2-5208-a6a7-97435a0c8b12,drinks,6,low_risk_share,low,posterior,0.14,0.36
5881e174-a4b2-5208-a6a7-97435a0c8b12,hike,7,no_share,high,prior,0.69,0.38
5881e174-a4b2-5208-a6a7-97435a0c8b12,hike,7,no_share,high,posterior,0.0,0.49
5881e174-a4b2-5208-a6a7-97435a0c8b12,soup,8,high_risk_share,high,prior,0.74,0.49
5881e174-a4b2-5208-a6a7-97435a0c8b12,soup,8,high_risk_share,high,posterior,0.94,0.6
5881e174-a4b2-5208-a6a7-97435a0c8b12,cooking,9,no_share,high,prior,0.41,0.54
5881e174-a4b2-5208-a6a7-97435a0c8b12,cooking,9,no_share,high,posterior,0.17,0.57
5881e174-a4b2-5208-a6a7-97435a0c8b12,apples,10,high_risk_share,low,prior,0.55,0.44
5881e174-a4b2-5208-a6a7-97435a0c8b12,apples,10,high_risk_share,low,posterior,0.94,0.48
5881e174-a4b2-5208-a6a7-97435a0c8b12,social,11,no_share,low,prior,0.41,0.36
5881e174-a4b2-5208-a6a7-97435a0c8b12,social,11,no_share,low,posterior,0.43,0.66
5881e174-a4b2-5208-a6a7-97435a0c8b12,brunch,12,low_risk_share,high,prior,0.63,0.35
5881e174-a4b2-5208-a6a7-97435a0c8b12,brunch,12,low_risk_share,high,posterior,0.7,0.27
5881e174-a4b2-5208-a6a7-97435a0c8b12,gala,13,high_risk_share,high,prior,0.63,0.34
5881e174-a4b2-5208-a6a7-97435a0c8b12,gala,13,high_risk_share,high,posterior,0.93,0.49
5881e174-a4b2-5208-a6a7-97435a0c8b12,wedding,14,no_share,low,prior,0.62,0.5
5881e174-a4b2-5208-a6a7-97435a0c8b12,wedding,14,no_share,low,posterior,0.23,0.5
5881e174-a4b2-5208-a6a7-97435a0c8b12,dip,15,low_risk_share,low,prior,0.62,0.4
5881e174-a4b2-5208-a6a7-97435a0c8b12,dip,15,low_risk_share,low,posterior,0.24,0.21
21e9e8b3-fb7e-5736-8aa0-c0a4b5cafc41,brunch,0,no_share,high,prior,0.52,0.37
21e9e8b3-fb7e-5736-8aa0-c0a4b5cafc41,brunch,0,no_share,high,posterior,0.43,0.57
21e9e8b3-fb7e-5736-8aa0-c0a4b5cafc41,apples,1,no_share,low,prior,0.57,0.33
21e9e8b3-fb7e-5736-8aa0-c0a4b5cafc41,apples,1,no_share,low,posterior,0.54,0.27
21e9e8b3-fb7e-5736-8aa0-c0a4b5cafc41,hike,2,high_risk_share,high,prior,0.37,0.38
21e9e8b3-fb7e-5736-8aa0-c0a4b5cafc41,hike,2,high_risk_share,high,posterior,0.59,0.43
21e9e8b3-fb7e-5736-8aa0-c0a4b5cafc41,wedding,3,high_risk_share,high,prior,0.45,0.63
21e9e8b3-fb7e-5736-8aa0-c0a4b5cafc41,wedding,3,high_risk_share,high,posterior,0.64,0.7
21e9e8b3-fb7e-5736-8aa0-c0a4b5cafc41,basketball,4,high_risk_share,low,prior,0.59,0.37
21e9e8b3-fb7e-5736-8aa0-c0a4b5cafc41,basketball,4,high_risk_share,low,posterior,0.75,0.25
21e9e8b3-fb7e-5736-8aa0-c0a4b5cafc41,gala,5,low_risk_share,high,prior,0.62,0.33
21e9e8b3-fb7e-5736-8aa0-c0a4b5cafc41,gala,5,low_risk_share,high,posterior,0.33,0.18
21e9e8b3-fb7e-5736-8aa0-c0a4b5cafc41,oysters,6,low_risk_share,high,prior,0.41,0.38
21e9e8b3-fb7e-5736-8aa0-c0a4b5cafc41,oysters,6,low_risk_share,high,posterior,0.35,0.24
21e9e8b3-fb7e-5736-8aa0-c0a4b5cafc41,soup,7,no_share,high,prior,0.43,0.29
21e9e8b3-fb7e-5736-8aa0-c0a4b5cafc41,soup,7,no_share,high,posterior,0.05,0.33
21e9e8b3-fb7e-5736-8aa0-c0a4b5cafc41,fair,8,no_share,high,prior,0.4,0.24
21e9e8b3-fb7e-5736-8aa0-c0a4b5cafc41,fair,8,no_share,high,posterior,0.09,0.05
21e9e8b3-fb7e-5736-8aa0-c0a4b5cafc41,dip,9,no_share,low,prior,0.29,0.21
21e9e8b3-fb7e-5736-8aa0-c0a4b5cafc41,dip,9,no_share,low,posterior,0.25,0.07
21e9e8b3-fb7e-5736-8aa0-c0a4b5cafc41,takeout,10,high_risk_share,low,prior,0.36,0.65
21e9e8b3-fb7e-5736-8aa0-c0a4b5cafc41,takeout,10,high_risk_share,low,posterior,0.56,0.73
21e9e8b3-fb7e-5736-8aa0-c0a4b5cafc41,social,11,low_risk_share,low,prior,0.48,0.22
21e9e8b3-fb7e-5736-8aa0-c0a4b5cafc41,social,11,low_risk_share,low,posterior,0.69,0.19
21e9e8b3-fb7e-5736-8aa0-c0a4b5cafc41,birthday,12,low_risk_share,low,prior,0.32,0.25
21e9e8b3-fb7e-5736-8aa0-c0a4b5cafc41,birthday,12,low_risk_share,low,posterior,0.18,0.14
21e9e8b3-fb7e-5736-8aa0-c0a4b5cafc41,drinks,13,high_risk_share,low,prior,0.29,0.66
21e9e8b3-fb7e-5736-8aa0-c0a4b5cafc41,drinks,13,high_risk_share,low,posterior,0.64,0.78
21e9e8b3-fb7e-5736-8aa0-c0a4b5cafc41,driving,14,no_share,low,prior,0.38,0.22
21e9e8b3-fb7e-5736-8aa0-c0a4b5cafc41,driving,14,no_share,low,posterior,0.1,0.19
21e9e8b3-fb7e-5736-8aa0-c0a4b5cafc41,cooking,15,low_risk_share,high,prior,0.55,0.25
21e9e8b3-fb7e-5736-8aa0-c0a4b5cafc41,cooking,15,low_risk_share,high,posterior,0.5,0.2
38f2f9c1-82b6-5cd4-80d5-3dda1a385492,apples,0,low_risk_share,high,prior,0.59,0.48
38f2f9c1-82b6-5cd4-80d5-3dda1a385492,apples,0,low_risk_share,high,posterior,0.45,0.43
38f2f9c1-82b6-5cd4-80d5-3dda1a385492,cooking,1,high_risk_share,high,prior,0.65,0.48
38f2f9c1-82b6-5cd4-80d5-3dda1a385492,cooking,1,high_risk_share,high,posterior,1.0,0.57
38f2f9c1-82b6-5cd4-80d5-3dda1a385492,brunch,2,low_risk_share,high,prior,0.63,0.5
38f2f9c1-82b6-5cd4-80d5-3dda1a385492,brunch,2,low_risk_share,high,posterior,0.58,0.47
38f2f9c1-82b6-5cd4-80d5-3dda1a385492,oysters,3,no_share,low,prior,0.53,0.5
38f2f9c1-82b6-5cd4-80d5-3dda1a385492,oysters,3,no_share,low,posterior,0.51,0.5
38f2f9c1-82b6-5cd4-80d5-3dda1a385492,driving,4,high_risk_share,low,prior,0.52,0.5
38f2f9c1-82b6-5cd4-80d5-3dda1a385492,driving,4,high_risk_share,low,posterior,0.6,0.57
38f2f9c1-82b6-5cd4-80d5-3dda1a385492,birthday,5,low_risk_share,high,prior,0.5,0.5
38f2f9c1-82b6-5cd4-80d5-3dda1a385492,birthday,5,low_risk_share,high,posterior,0.49,0.53
38f2f9c1-82b6-5cd4-80d5-3dda1a385492,basketball,6,no_share,low,prior,0.56,0.5
38f2f9c1-82b6-5cd4-80d5-3dda1a385492,basketball,6,no_share,low,posterior,0.57,0.5
38f2f9c1-82b6-5cd4-80d5-3dda1a385492,fair,7,low_risk_share,low,prior,0.73,0.5
38f2f9c1-82b6-5cd4-80d5-3dda1a385492,fair,7,low_risk_share,low,posterior,0.77,0.7
38f2f9c1-82b6-5cd4-80d5-3dda1a385492,drinks,8,no_share,low,prior,0.56,0.5
38f2f9c1-82b6-5cd4-80d5-3dda1a385492,drinks,8,no_share,low,posterior,0.46,0.55
38f2f9c1-82b6-5cd4-80d5-3dda1a385492,soup,9,high_risk_share,low,prior,0.51,0.5
38f2f9c1-82b6-5cd4-80d5-3dda1a385492,soup,9,high_risk_share,low,posterior,0.79,0.51
38f2f9c1-82b6-5cd4-80d5-3dda1a385492,hike,10,low_risk_share,low,prior,0.58,0.5
38f2f9c1-82b6-5cd4-80d5-3dda1a385492,hike,10,low_risk_share,low,posterior,0.56,0.47
38f2f9c1-82b6-5cd4-80d5-3dda1a385492,social,11,no_share,high,prior,0.46,0.5
38f2f9c1-82b6-5cd4-80d5-3dda1a385492,social,11,no_share,high,posterior,0.33,0.52
38f2f9c1-82b6-5cd4-80d5-3dda1a385492,gala,12,no_share,high,prior,0.6,0.5
38f2f9c1-82b6-5cd4-80d5-3dda1a385492,gala,12,no_share,high,posterior,0.4,0.54
38f2f9c1-82b6-5cd4-80d5-3dda1a385492,dip,13,high_risk_share,low,prior,0.57,0.45
38f2f9c1-82b6-5cd4-80d5-3dda1a385492,dip,13,high_risk_share,low,posterior,0.58,0.46
38f2f9c1-82b6-5cd4-80d5-3dda1a385492,wedding,14,no_share,high,prior,0.54,0.51
38f2f9c1-82b6-5cd4-80d5-3dda1a385492,wedding,14,no_share,high,posterior,0.42,0.51
38f2f9c1-82b6-5cd4-80d5-3dda1a385492,takeout,15,high_risk_share,high,prior,0.45,0.59
38f2f9c1-82b6-5cd4-80d5-3dda1a385492,takeout,15,high_risk_share,high,posterior,0.57,0.56
fff00a56-ccb4-59d1-a134-68535149c03b,cooking,0,high_risk_share,low,prior,1.0,0.06
fff00a56-ccb4-59d1-a134-68535149c03b,cooking,0,high_risk_share,low,posterior,0.96,0.0
fff00a56-ccb4-59d1-a134-68535149c03b,driving,1,high_risk_share,high,prior,0.51,0.0
fff00a56-ccb4-59d1-a134-68535149c03b,driving,1,high_risk_share,high,posterior,0.97,0.97
fff00a56-ccb4-59d1-a134-68535149c03b,basketball,2,low_risk_share,low,prior,0.49,0.0
fff00a56-ccb4-59d1-a134-68535149c03b,basketball,2,low_risk_share,low,posterior,0.5,0.01
fff00a56-ccb4-59d1-a134-68535149c03b,fair,3,no_share,high,prior,0.46,0.0
fff00a56-ccb4-59d1-a134-68535149c03b,fair,3,no_share,high,posterior,0.27,0.0
fff00a56-ccb4-59d1-a134-68535149c03b,gala,4,low_risk_share,low,prior,0.5,0.0
fff00a56-ccb4-59d1-a134-68535149c03b,gala,4,low_risk_share,low,posterior,0.74,0.0
fff00a56-ccb4-59d1-a134-68535149c03b,birthday,5,no_share,low,prior,0.49,0.0
fff00a56-ccb4-59d1-a134-68535149c03b,birthday,5,no_share,low,posterior,0.5,0.0
fff00a56-ccb4-59d1-a134-68535149c03b,hike,6,low_risk_share,high,prior,0.49,0.0
fff00a56-ccb4-59d1-a134-68535149c03b,hike,6,low_risk_share,high,posterior,0.76,0.0
fff00a56-ccb4-59d1-a134-68535149c03b,takeout,7,no_share,low,prior,0.49,0.18
fff00a56-ccb4-59d1-a134-68535149c03b,takeout,7,no_share,low,posterior,0.5,0.0
fff00a56-ccb4-59d1-a134-68535149c03b,social,8,high_risk_share,low,prior,0.49,0.0
fff00a56-ccb4-59d1-a134-68535149c03b,social,8,high_risk_share,low,posterior,1.0,1.0
fff00a56-ccb4-59d1-a134-68535149c03b,drinks,9,low_risk_share,high,prior,0.49,0.0
fff00a56-ccb4-59d1-a134-68535149c03b,drinks,9,low_risk_share,high,posterior,0.48,0.0
fff00a56-ccb4-59d1-a134-68535149c03b,oysters,10,no_share,low,prior,0.48,0.0
fff00a56-ccb4-59d1-a134-68535149c03b,oysters,10,no_share,low,posterior,0.24,0.02
fff00a56-ccb4-59d1-a134-68535149c03b,brunch,11,low_risk_share,low,prior,0.48,0.0
fff00a56-ccb4-59d1-a134-68535149c03b,brunch,11,low_risk_share,low,posterior,0.46,0.0
fff00a56-ccb4-59d1-a134-68535149c03b,soup,12,low_risk_share,high,prior,0.49,0.0
fff00a56-ccb4-59d1-a134-68535149c03b,soup,12,low_risk_share,high,posterior,0.75,0.0
fff00a56-ccb4-59d1-a134-68535149c03b,apples,13,high_risk_share,high,prior,0.48,0.01
fff00a56-ccb4-59d1-a134-68535149c03b,apples,13,high_risk_share,high,posterior,1.0,0.0
fff00a56-ccb4-59d1-a134-68535149c03b,dip,14,no_share,high,prior,0.46,0.0
fff00a56-ccb4-59d1-a134-68535149c03b,dip,14,no_share,high,posterior,0.49,0.0
fff00a56-ccb4-59d1-a134-68535149c03b,wedding,15,high_risk_share,high,prior,0.48,0.02
fff00a56-ccb4-59d1-a134-68535149c03b,wedding,15,high_risk_share,high,posterior,0.99,0.0
51a340e8-c8ec-5f30-97ec-67401d818764,driving,0,high_risk_share,high,prior,0.91,0.4
51a340e8-c8ec-5f30-97ec-67401d818764,driving,0,high_risk_share,high,posterior,0.92,0.4
51a340e8-c8ec-5f30-97ec-67401d818764,oysters,1,no_share,high,prior,0.64,0.31
51a340e8-c8ec-5f30-97ec-67401d818764,oysters,1,no_share,high,posterior,0.63,0.36
51a340e8-c8ec-5f30-97ec-67401d818764,wedding,2,no_share,low,prior,0.59,0.43
51a340e8-c8ec-5f30-97ec-67401d818764,wedding,2,no_share,low,posterior,0.58,0.41
51a340e8-c8ec-5f30-97ec-67401d818764,social,3,low_risk_share,low,prior,0.78,0.58
51a340e8-c8ec-5f30-97ec-67401d818764,social,3,low_risk_share,low,posterior,0.73,0.08
51a340e8-c8ec-5f30-97ec-67401d818764,basketball,4,high_risk_share,low,prior,0.65,0.79
51a340e8-c8ec-5f30-97ec-67401d818764,basketball,4,high_risk_share,low,posterior,0.92,0.92
51a340e8-c8ec-5f30-97ec-67401d818764,apples,5,low_risk_share,low,prior,0.75,0.51
51a340e8-c8ec-5f30-97ec-67401d818764,apples,5,low_risk_share,low,posterior,0.68,0.44
51a340e8-c8ec-5f30-97ec-67401d818764,drinks,6,high_risk_share,low,prior,0.64,0.33
51a340e8-c8ec-5f30-97ec-67401d818764,drinks,6,high_risk_share,low,posterior,0.73,0.57
51a340e8-c8ec-5f30-97ec-67401d818764,brunch,7,high_risk_share,high,prior,0.73,0.71
51a340e8-c8ec-5f30-97ec-67401d818764,brunch,7,high_risk_share,high,posterior,0.76,0.75
51a340e8-c8ec-5f30-97ec-67401d818764,fair,8,no_share,high,prior,0.8,0.5
51a340e8-c8ec-5f30-97ec-67401d818764,fair,8,no_share,high,posterior,0.76,0.5
51a340e8-c8ec-5f30-97ec-67401d818764,hike,9,high_risk_share,high,prior,0.74,0.3
51a340e8-c8ec-5f30-97ec-67401d818764,hike,9,high_risk_share,high,posterior,0.72,0.27
51a340e8-c8ec-5f30-97ec-67401d818764,birthday,10,low_risk_share,high,prior,0.71,0.29
51a340e8-c8ec-5f30-97ec-67401d818764,birthday,10,low_risk_share,high,posterior,0.77,0.05
51a340e8-c8ec-5f30-97ec-67401d818764,takeout,11,low_risk_share,low,prior,0.4,0.49
51a340e8-c8ec-5f30-97ec-67401d818764,takeout,11,low_risk_share,low,posterior,0.21,0.5
51a340e8-c8ec-5f30-97ec-67401d818764,cooking,12,no_share,low,prior,0.71,0.49
51a340e8-c8ec-5f30-97ec-67401d818764,cooking,12,no_share,low,posterior,0.78,0.5
51a340e8-c8ec-5f30-97ec-67401d818764,dip,13,no_share,low,prior,0.61,0.3
51a340e8-c8ec-5f30-97ec-67401d818764,dip,13,no_share,low,posterior,0.67,0.34
51a340e8-c8ec-5f30-97ec-67401d818764,gala,14,low_risk_share,high,prior,0.77,0.43
51a340e8-c8ec-5f30-97ec-67401d818764,gala,14,low_risk_share,high,posterior,0.73,0.25
51a340e8-c8ec-5f30-97ec-67401d818764,soup,15,low_risk_share,high,prior,0.73,0.35
51a340e8-c8ec-5f30-97ec-67401d818764,soup,15,low_risk_share,high,posterior,0.72,0.33
a8070e0d-918c-5a44-b472-645ecd31d02e,hike,0,no_share,high,prior,0.71,0.5
a8070e0d-918c-5a44-b472-645ecd31d02e,hike,0,no_share,high,posterior,0.49,0.49
a8070e0d-918c-5a44-b472-645ecd31d02e,basketball,1,low_risk_share,low,prior,0.49,0.18
a8070e0d-918c-5a44-b472-645ecd31d02e,basketball,1,low_risk_share,low,posterior,0.64,0.0
a8070e0d-918c-5a44-b472-645ecd31d02e,gala,2,low_risk_share,low,prior,0.47,0.47
a8070e0d-918c-5a44-b472-645ecd31d02e,gala,2,low_risk_share,low,posterior,0.28,0.0
a8070e0d-918c-5a44-b472-645ecd31d02e,apples,3,high_risk_share,high,prior,0.5,0.5
a8070e0d-918c-5a44-b472-645ecd31d02e,apples,3,high_risk_share,high,posterior,0.78,0.5
a8070e0d-918c-5a44-b472-645ecd31d02e,driving,4,low_risk_share,low,prior,0.49,0.01
a8070e0d-918c-5a44-b472-645ecd31d02e,driving,4,low_risk_share,low,posterior,0.48,0.0
a8070e0d-918c-5a44-b472-645ecd31d02e,social,5,no_share,high,prior,0.58,0.5
a8070e0d-918c-5a44-b472-645ecd31d02e,social,5,no_share,high,posterior,0.49,0.5
a8070e0d-918c-5a44-b472-645ecd31d02e,brunch,6,no_share,low,prior,0.5,0.5
a8070e0d-918c-5a44-b472-645ecd31d02e,brunch,6,no_share,low,posterior,0.51,0.5
a8070e0d-918c-5a44-b472-645ecd31d02e,oysters,7,high_risk_share,low,prior,0.51,0.51
a8070e0d-918c-5a44-b472-645ecd31d02e,oysters,7,high_risk_share,low,posterior,0.72,0.66
a8070e0d-918c-5a44-b472-645ecd31d02e,birthday,8,no_share,high,prior,0.5,0.5
a8070e0d-918c-5a44-b472-645ecd31d02e,birthday,8,no_share,high,posterior,0.5,0.5
a8070e0d-918c-5a44-b472-645ecd31d02e,soup,9,no_share,low,prior,0.51,0.51
a8070e0d-918c-5a44-b472-645ecd31d02e,soup,9,no_share,low,posterior,0.51,0.5
a8070e0d-918c-5a44-b472-645ecd31d02e,dip,10,low_risk_share,high,prior,0.52,0.52
a8070e0d-918c-5a44-b472-645ecd31d02e,dip,10,low_risk_share,high,posterior,0.52,0.51
a8070e0d-918c-5a44-b472-645ecd31d02e,drinks,11,high_risk_share,low,prior,0.5,0.5
a8070e0d-918c-5a44-b472-645ecd31d02e,drinks,11,high_risk_share,low,posterior,0.51,0.72
a8070e0d-918c-5a44-b472-645ecd31d02e,cooking,12,high_risk_share,high,prior,0.51,0.33
a8070e0d-918c-5a44-b472-645ecd31d02e,cooking,12,high_risk_share,high,posterior,0.5,0.85
a8070e0d-918c-5a44-b472-645ecd31d02e,takeout,13,high_risk_share,low,prior,0.5,0.79
a8070e0d-918c-5a44-b472-645ecd31d02e,takeout,13,high_risk_share,low,posterior,0.5,0.78
a8070e0d-918c-5a44-b472-645ecd31d02e,fair,14,low_risk_share,high,prior,0.51,0.82
a8070e0d-918c-5a44-b472-645ecd31d02e,fair,14,low_risk_share,high,posterior,0.5,0.26
a8070e0d-918c-5a44-b472-645ecd31d02e,wedding,15,high_risk_share,high,prior,0.49,0.51
a8070e0d-918c-5a44-b472-645ecd31d02e,wedding,15,high_risk_share,high,posterior,0.64,0.73
1d2864d1-32a9-567c-809e-50da7c54b4be,apples,0,no_share,low,prior,0.58,0.19
1d2864d1-32a9-567c-809e-50da7c54b4be,apples,0,no_share,low,posterior,0.39,0.31
1d2864d1-32a9-567c-809e-50da7c54b4be,wedding,1,high_risk_share,high,prior,0.32,0.68
1d2864d1-32a9-567c-809e-50da7c54b4be,wedding,1,high_risk_share,high,posterior,0.78,0.77
1d2864d1-32a9-567c-809e-50da7c54b4be,drinks,2,high_risk_share,low,prior,0.6,0.67
1d2864d1-32a9-567c-809e-50da7c54b4be,drinks,2,high_risk_share,low,posterior,0.81,0.81
1d2864d1-32a9-567c-809e-50da7c54b4be,brunch,3,low_risk_share,high,prior,0.82,0.35
1d2864d1-32a9-567c-809e-50da7c54b4be,brunch,3,low_risk_share,high,posterior,0.82,0.43
1d2864d1-32a9-567c-809e-50da7c54b4be,hike,4,low_risk_share,low,prior,0.79,0.36
1d2864d1-32a9-567c-809e-50da7c54b4be,hike,4,low_risk_share,low,posterior,0.77,0.29
1d2864d1-32a9-567c-809e-50da7c54b4be,soup,5,no_share,high,prior,0.48,0.47
1d2864d1-32a9-567c-809e-50da7c54b4be,soup,5,no_share,high,posterior,0.34,0.35
1d2864d1-32a9-567c-809e-50da7c54b4be,oysters,6,no_share,high,prior,0.67,0.41
1d2864d1-32a9-567c-809e-50da7c54b4be,oysters,6,no_share,high,posterior,0.37,0.39
1d2864d1-32a9-567c-809e-50da7c54b4be,birthday,7,no_share,low,prior,0.59,0.39
1d2864d1-32a9-567c-809e-50da7c54b4be,birthday,7,no_share,low,posterior,0.47,0.38
1d2864d1-32a9-567c-809e-50da7c54b4be,driving,8,high_risk_share,high,prior,0.63,0.41
1d2864d1-32a9-567c-809e-50da7c54b4be,driving,8,high_risk_share,high,posterior,0.79,0.61
1d2864d1-32a9-567c-809e-50da7c54b4be,social,9,high_risk_share,low,prior,0.6,0.71
1d2864d1-32a9-567c-809e-50da7c54b4be,social,9,high_risk_share,low,posterior,0.9,0.84
1d2864d1-32a9-567c-809e-50da7c54b4be,takeout,10,no_share,low,prior,0.62,0.61
1d2864d1-32a9-567c-809e-50da7c54b4be,takeout,10,no_share,low,posterior,0.65,0.57
1d2864d1-32a9-567c-809e-50da7c54b4be,basketball,11,high_risk_share,low,prior,0.61,0.54
1d2864d1-32a9-567c-809e-50da7c54b4be,basketball,11,high_risk_share,low,posterior,0.84,0.7
1d2864d1-32a9-567c-809e-50da7c54b4be,cooking,12,low_risk_share,high,prior,0.64,0.38
1d2864d1-32a9-567c-809e-50da7c54b4be,cooking,12,low_risk_share,high,posterior,0.64,0.33
1d2864d1-32a9-567c-809e-50da7c54b4be,dip,13,low_risk_share,low,prior,0.58,0.42
1d2864d1-32a9-567c-809e-50da7c54b4be,dip,13,low_risk_share,low,posterior,0.54,0.44
1d2864d1-32a9-567c-809e-50da7c54b4be,fair,14,low_risk_share,high,prior,0.46,0.63
1d2864d1-32a9-567c-809e-50da7c54b4be,fair,14,low_risk_share,high,posterior,0.31,0.63
1d2864d1-32a9-567c-809e-50da7c54b4be,gala,15,no_share,high,prior,0.44,0.59
1d2864d1-32a9-567c-809e-50da7c54b4be,gala,15,no_share,high,posterior,0.29,0.62
8c462f31-9a45-50ca-97c0-dab41781c090,hike,0,no_share,high,prior,0.77,0.49
8c462f31-9a45-50ca-97c0-dab41781c090,hike,0,no_share,high,posterior,0.59,0.79
8c462f31-9a45-50ca-97c0-dab41781c090,soup,1,no_share,high,prior,0.88,0.5
8c462f31-9a45-50ca-97c0-dab41781c090,soup,1,no_share,high,posterior,0.43,0.58
8c462f31-9a45-50ca-97c0-dab41781c090,takeout,2,low_risk_share,high,prior,0.39,1.0
8c462f31-9a45-50ca-97c0-dab41781c090,takeout,2,low_risk_share,high,posterior,0.2,0.75
8c462f31-9a45-50ca-97c0-dab41781c090,gala,3,high_risk_share,high,prior,0.59,0.29
8c462f31-9a45-50ca-97c0-dab41781c090,gala,3,high_risk_share,high,posterior,0.87,0.96
8c462f31-9a45-50ca-97c0-dab41781c090,cooking,4,high_risk_share,high,prior,0.63,0.12
8c462f31-9a45-50ca-97c0-dab41781c090,cooking,4,high_risk_share,high,posterior,0.92,0.92
8c462f31-9a45-50ca-97c0-dab41781c090,basketball,5,low_risk_share,high,prior,0.6,0.64
8c462f31-9a45-50ca-97c0-dab41781c090,basketball,5,low_risk_share,high,posterior,0.42,0.03
8c462f31-9a45-50ca-97c0-dab41781c090,dip,6,no_share,low,prior,0.65,0.44
8c462f31-9a45-50ca-97c0-dab41781c090,dip,6,no_share,low,posterior,0.46,0.67
8c462f31-9a45-50ca-97c0-dab41781c090,wedding,7,low_risk_share,low,prior,0.49,0.49
8c462f31-9a45-50ca-97c0-dab41781c090,wedding,7,low_risk_share,low,posterior,0.36,0.18
8c462f31-9a45-50ca-97c0-dab41781c090,driving,8,no_share,low,prior,0.59,0.53
8c462f31-9a45-50ca-97c0-dab41781c090,driving,8,no_share,low,posterior,0.26,0.82
8c462f31-9a45-50ca-97c0-dab41781c090,social,9,high_risk_share,high,prior,0.56,0.61
8c462f31-9a45-50ca-97c0-dab41781c090,social,9,high_risk_share,high,posterior,0.99,0.73
8c462f31-9a45-50ca-97c0-dab41781c090,oysters,10,low_risk_share,high,prior,0.55,0.5
8c462f31-9a45-50ca-97c0-dab41781c090,oysters,10,low_risk_share,high,posterior,0.39,0.07
8c462f31-9a45-50ca-97c0-dab41781c090,apples,11,low_risk_share,low,prior,0.5,0.44
8c462f31-9a45-50ca-97c0-dab41781c090,apples,11,low_risk_share,low,posterior,0.23,0.03
8c462f31-9a45-50ca-97c0-dab41781c090,drinks,12,low_risk_share,low,prior,0.58,0.58
8c462f31-9a45-50ca-97c0-dab41781c090,drinks,12,low_risk_share,low,posterior,0.35,0.07
8c462f31-9a45-50ca-97c0-dab41781c090,brunch,13,high_risk_share,low,prior,0.49,0.76
8c462f31-9a45-50ca-97c0-dab41781c090,brunch,13,high_risk_share,low,posterior,0.67,0.98
8c462f31-9a45-50ca-97c0-dab41781c090,fair,14,high_risk_share,low,prior,0.78,0.5
8c462f31-9a45-50ca-97c0-dab41781c090,fair,14,high_risk_share,low,posterior,1.0,0.94
8c462f31-9a45-50ca-97c0-dab41781c090,birthday,15,no_share,low,prior,0.55,0.5
8c462f31-9a45-50ca-97c0-dab41781c090,birthday,15,no_share,low,posterior,0.46,0.87
b0ffbd66-b40f-5c4f-bc81-4fb55f24a8d0,apples,0,no_share,high,prior,0.66,0.0
b0ffbd66-b40f-5c4f-bc81-4fb55f24a8d0,apples,0,no_share,high,posterior,0.17,1.0
b0ffbd66-b40f-5c4f-bc81-4fb55f24a8d0,soup,1,no_share,high,prior,1.0,0.0
b0ffbd66-b40f-5c4f-bc81-4fb55f24a8d0,soup,1,no_share,high,posterior,0.0,1.0
b0ffbd66-b40f-5c4f-bc81-4fb55f24a8d0,wedding,2,no_share,low,prior,0.47,0.0
b0ffbd66-b40f-5c4f-bc81-4fb55f24a8d0,wedding,2,no_share,low,posterior,0.0,1.0
b0ffbd66-b40f-5c4f-bc81-4fb55f24a8d0,birthday,3,high_risk_share,high,prior,0.62,0.33
b0ffbd66-b40f-5c4f-bc81-4fb55f24a8d0,birthday,3,high_risk_share,high,posterior,1.0,1.0
b0ffbd66-b40f-5c4f-bc81-4fb55f24a8d0,takeout,4,high_risk_share,high,prior,0.0,0.0
b0ffbd66-b40f-5c4f-bc81-4fb55f24a8d0,takeout,4,high_risk_share,high,posterior,0.66,1.0
b0ffbd66-b40f-5c4f-bc81-4fb55f24a8d0,drinks,5,no_share,low,prior,0.25,0.64
b0ffbd66-b40f-5c4f-bc81-4fb55f24a8d0,drinks,5,no_share,low,posterior,0.0,0.0
b0ffbd66-b40f-5c4f-bc81-4fb55f24a8d0,social,6,low_risk_share,high,prior,0.0,0.35
b0ffbd66-b40f-5c4f-bc81-4fb55f24a8d0,social,6,low_risk_share,high,posterior,0.71,0.0
b0ffbd66-b40f-5c4f-bc81-4fb55f24a8d0,hike,7,no_share,high,prior,0.81,1.0
b0ffbd66-b40f-5c4f-bc81-4fb55f24a8d0,hike,7,no_share,high,posterior,0.0,1.0
b0ffbd66-b40f-5c4f-bc81-4fb55f24a8d0,dip,8,low_risk_share,high,prior,0.0,0.0
b0ffbd66-b40f-5c4f-bc81-4fb55f24a8d0,dip,8,low_risk_share,high,posterior,0.0,0.0
b0ffbd66-b40f-5c4f-bc81-4fb55f24a8d0,basketball,9,low_risk_share,low,prior,1.0,1.0
b0ffbd66-b40f-5c4f-bc81-4fb55f24a8d0,basketball,9,low_risk_share,low,posterior,0.0,0.0
b0ffbd66-b40f-5c4f-bc81-4fb55f24a8d0,gala,10,no_share,low,prior,0.0,0.0
b0ffbd66-b40f-5c4f-bc81-4fb55f24a8d0,gala,10,no_share,low,posterior,0.0,0.0
b0ffbd66-b40f-5c4f-bc81-4fb55f24a8d0,cooking,11,high_risk_share,low,prior,0.75,0.0
b0ffbd66-b40f-5c4f-bc81-4fb55f24a8d0,cooking,11,high_risk_share,low,posterior,1.0,1.0
b0ffbd66-b40f-5c4f-bc81-4fb55f24a8d0,oysters,12,low_risk_share,low,prior,0.0,0.0
b0ffbd66-b40f-5c4f-bc81-4fb55f24a8d0,oysters,12,low_risk_share,low,posterior,0.0,0.0
b0ffbd66-b40f-5c4f-bc81-4fb55f24a8d0,driving,13,low_risk_share,high,prior,0.17,0.84
b0ffbd66-b40f-5c4f-bc81-4fb55f24a8d0,driving,13,low_risk_share,high,posterior,0.0,0.0
b0ffbd66-b40f-5c4f-bc81-4fb55f24a8d0,fair,14,high_risk_share,low,prior,0.18,0.9
b0ffbd66-b40f-5c4f-bc81-4fb55f24a8d0,fair,14,high_risk_share,low,posterior,1.0,1.0
b0ffbd66-b40f-5c4f-bc81-4fb55f24a8d0,brunch,15,high_risk_share,low,prior,0.18,0.19
b0ffbd66-b40f-5c4f-bc81-4fb55f24a8d0,brunch,15,high_risk_share,low,posterior,1.0,1.0
da637b40-c4aa-577f-8867-8f99ddab28f7,fair,0,low_risk_share,high,prior,0.84,0.0
da637b40-c4aa-577f-8867-8f99ddab28f7,fair,0,low_risk_share,high,posterior,0.83,0.5
da637b40-c4aa-577f-8867-8f99ddab28f7,cooking,1,high_risk_share,high,prior,1.0,0.5
da637b40-c4aa-577f-8867-8f99ddab28f7,cooking,1,high_risk_share,high,posterior,1.0,0.0
da637b40-c4aa-577f-8867-8f99ddab28f7,brunch,2,low_risk_share,high,prior,0.8,1.0
da637b40-c4aa-577f-8867-8f99ddab28f7,brunch,2,low_risk_share,high,posterior,0.5,1.0
da637b40-c4aa-577f-8867-8f99ddab28f7,takeout,3,no_share,low,prior,0.84,1.0
da637b40-c4aa-577f-8867-8f99ddab28f7,takeout,3,no_share,low,posterior,0.52,1.0
da637b40-c4aa-577f-8867-8f99ddab28f7,gala,4,high_risk_share,low,prior,0.47,1.0
da637b40-c4aa-577f-8867-8f99ddab28f7,gala,4,high_risk_share,low,posterior,0.88,1.0
da637b40-c4aa-577f-8867-8f99ddab28f7,apples,5,high_risk_share,low,prior,1.0,0.01
da637b40-c4aa-577f-8867-8f99ddab28f7,apples,5,high_risk_share,low,posterior,1.0,0.99
da637b40-c4aa-577f-8867-8f99ddab28f7,birthday,6,low_risk_share,low,prior,0.52,0.0
da637b40-c4aa-577f-8867-8f99ddab28f7,birthday,6,low_risk_share,low,posterior,0.23,0.0
da637b40-c4aa-577f-8867-8f99ddab28f7,hike,7,low_risk_share,low,prior,0.78,0.0
da637b40-c4aa-577f-8867-8f99ddab28f7,hike,7,low_risk_share,low,posterior,0.83,0.0
da637b40-c4aa-577f-8867-8f99ddab28f7,wedding,8,no_share,low,prior,1.0,1.0
da637b40-c4aa-577f-8867-8f99ddab28f7,wedding,8,no_share,low,posterior,0.22,1.0
da637b40-c4aa-577f-8867-8f99ddab28f7,driving,9,no_share,high,prior,0.82,0.0
da637b40-c4aa-577f-8867-8f99ddab28f7,driving,9,no_share,high,posterior,0.21,1.0
da637b40-c4aa-577f-8867-8f99ddab28f7,oysters,10,no_share,high,prior,0.91,1.0
da637b40-c4aa-577f-8867-8f99ddab28f7,oysters,10,no_share,high,posterior,0.83,1.0
da637b40-c4aa-577f-8867-8f99ddab28f7,soup,11,no_share,high,prior,1.0,0.0
da637b40-c4aa-577f-8867-8f99ddab28f7,soup,11,no_share,high,posterior,1.0,1.0
da637b40-c4aa-577f-8867-8f99ddab28f7,basketball,12,low_risk_share,high,prior,1.0,0.0
da637b40-c4aa-577f-8867-8f99ddab28f7,basketball,12,low_risk_share,high,posterior,1.0,0.0
da637b40-c4aa-577f-8867-8f99ddab28f7,dip,13,high_risk_share,high,prior,1.0,0.0
da637b40-c4aa-577f-8867-8f99ddab28f7,dip,13,high_risk_share,high,posterior,1.0,1.0
da637b40-c4aa-577f-8867-8f99ddab28f7,social,14,no_share,low,prior,1.0,1.0
da637b40-c4aa-577f-8867-8f99ddab28f7,social,14,no_share,low,posterior,1.0,0.0
da637b40-c4aa-577f-8867-8f99ddab28f7,drinks,15,high_risk_share,low,prior,0.87,1.0
da637b40-c4aa-577f-8867-8f99ddab28f7,drinks,15,high_risk_share,low,posterior,1.0,1.0
2322aff7-0ba8-5ec8-8760-a1dc82619263,wedding,0,low_risk_share,high,prior,0.54,0.68
2322aff7-0ba8-5ec8-8760-a1dc82619263,wedding,0,low_risk_share,high,posterior,0.71,0.27
2322aff7-0ba8-5ec8-8760-a1dc82619263,dip,1,high_risk_share,low,prior,0.76,0.09
2322aff7-0ba8-5ec8-8760-a1dc82619263,dip,1,high_risk_share,low,posterior,0.91,0.14
2322aff7-0ba8-5ec8-8760-a1dc82619263,gala,2,low_risk_share,low,prior,0.49,0.44
2322aff7-0ba8-5ec8-8760-a1dc82619263,gala,2,low_risk_share,low,posterior,0.86,0.14
2322aff7-0ba8-5ec8-8760-a1dc82619263,brunch,3,high_risk_share,high,prior,0.64,0.45
2322aff7-0ba8-5ec8-8760-a1dc82619263,brunch,3,high_risk_share,high,posterior,0.84,0.6
2322aff7-0ba8-5ec8-8760-a1dc82619263,soup,4,no_share,high,prior,0.52,0.51
2322aff7-0ba8-5ec8-8760-a1dc82619263,soup,4,no_share,high,posterior,0.35,0.71
2322aff7-0ba8-5ec8-8760-a1dc82619263,apples,5,no_share,high,prior,0.56,0.29
2322aff7-0ba8-5ec8-8760-a1dc82619263,apples,5,no_share,high,posterior,0.47,0.52
2322aff7-0ba8-5ec8-8760-a1dc82619263,fair,6,no_share,high,prior,0.59,0.63
2322aff7-0ba8-5ec8-8760-a1dc82619263,fair,6,no_share,high,posterior,0.44,0.55
2322aff7-0ba8-5ec8-8760-a1dc82619263,social,7,no_share,low,prior,0.56,0.25
2322aff7-0ba8-5ec8-8760-a1dc82619263,social,7,no_share,low,posterior,0.53,0.29
2322aff7-0ba8-5ec8-8760-a1dc82619263,takeout,8,high_risk_share,low,prior,0.44,0.71
2322aff7-0ba8-5ec8-8760-a1dc82619263,takeout,8,high_risk_share,low,posterior,0.7,0.97
2322aff7-0ba8-5ec8-8760-a1dc82619263,driving,9,no_share,low,prior,0.52,0.18
2322aff7-0ba8-5ec8-8760-a1dc82619263,driving,9,no_share,low,posterior,0.47,0.53
2322aff7-0ba8-5ec8-8760-a1dc82619263,hike,10,high_risk_share,high,prior,0.61,0.5
2322aff7-0ba8-5ec8-8760-a1dc82619263,hike,10,high_risk_share,high,posterior,0.69,0.76
2322aff7-0ba8-5ec8-8760-a1dc82619263,oysters,11,low_risk_share,high,prior,0.78,0.31
2322aff7-0ba8-5ec8-8760-a1dc82619263,oysters,11,low_risk_share,high,posterior,0.66,0.14
2322aff7-0ba8-5ec8-8760-a1dc82619263,drinks,12,low_risk_share,low,prior,0.56,0.5
2322aff7-0ba8-5ec8-8760-a1dc82619263,drinks,12,low_risk_share,low,posterior,0.57,0.23
2322aff7-0ba8-5ec8-8760-a1dc82619263,cooking,13,low_risk_share,low,prior,0.69,0.29
2322aff7-0ba8-5ec8-8760-a1dc82619263,cooking,13,low_risk_share,low,posterior,0.68,0.0
2322aff7-0ba8-5ec8-8760-a1dc82619263,birthday,14,high_risk_share,low,prior,0.53,0.39
2322aff7-0ba8-5ec8-8760-a1dc82619263,birthday,14,high_risk_share,low,posterior,0.85,0.51
2322aff7-0ba8-5ec8-8760-a1dc82619263,basketball,15,high_risk_share,high,prior,0.6,0.6
2322aff7-0ba8-5ec8-8760-a1dc82619263,basketball,15,high_risk_share,high,posterior,0.69,0.56
05af6c67-71d8-5740-a85c-dac2333beb1f,birthday,0,low_risk_share,high,prior,0.65,0.36
05af6c67-71d8-5740-a85c-dac2333beb1f,birthday,0,low_risk_share,high,posterior,0.85,0.98
05af6c67-71d8-5740-a85c-dac2333beb1f,fair,1,high_risk_share,high,prior,0.93,0.28
05af6c67-71d8-5740-a85c-dac2333beb1f,fair,1,high_risk_share,high,posterior,0.98,0.95
05af6c67-71d8-5740-a85c-dac2333beb1f,drinks,2,high_risk_share,low,prior,0.4,0.99
05af6c67-71d8-5740-a85c-dac2333beb1f,drinks,2,high_risk_share,low,posterior,0.94,1.0
05af6c67-71d8-5740-a85c-dac2333beb1f,gala,3,high_risk_share,high,prior,0.61,0.41
05af6c67-71d8-5740-a85c-dac2333beb1f,gala,3,high_risk_share,high,posterior,0.76,0.65
05af6c67-71d8-5740-a85c-dac2333beb1f,apples,4,no_share,low,prior,0.63,0.05
05af6c67-71d8-5740-a85c-dac2333beb1f,apples,4,no_share,low,posterior,0.62,0.0
05af6c67-71d8-5740-a85c-dac2333beb1f,dip,5,high_risk_share,low,prior,0.9,0.05
05af6c67-71d8-5740-a85c-dac2333beb1f,dip,5,high_risk_share,low,posterior,0.92,0.09
05af6c67-71d8-5740-a85c-dac2333beb1f,brunch,6,no_share,high,prior,0.63,0.94
05af6c67-71d8-5740-a85c-dac2333beb1f,brunch,6,no_share,high,posterior,0.71,0.95
05af6c67-71d8-5740-a85c-dac2333beb1f,wedding,7,low_risk_share,low,prior,0.38,0.93
05af6c67-71d8-5740-a85c-dac2333beb1f,wedding,7,low_risk_share,low,posterior,0.24,0.1
05af6c67-71d8-5740-a85c-dac2333beb1f,soup,8,low_risk_share,low,prior,0.51,0.5
05af6c67-71d8-5740-a85c-dac2333beb1f,soup,8,low_risk_share,low,posterior,0.62,0.09
05af6c67-71d8-5740-a85c-dac2333beb1f,oysters,9,no_share,high,prior,0.7,0.51
05af6c67-71d8-5740-a85c-dac2333beb1f,oysters,9,no_share,high,posterior,0.27,0.9
05af6c67-71d8-5740-a85c-dac2333beb1f,driving,10,high_risk_share,low,prior,0.65,0.12
05af6c67-71d8-5740-a85c-dac2333beb1f,driving,10,high_risk_share,low,posterior,0.85,0.51
05af6c67-71d8-5740-a85c-dac2333beb1f,social,11,no_share,low,prior,0.88,0.33
05af6c67-71d8-5740-a85c-dac2333beb1f,social,11,no_share,low,posterior,0.92,0.49
05af6c67-71d8-5740-a85c-dac2333beb1f,takeout,12,low_risk_share,high,prior,0.61,1.0
05af6c67-71d8-5740-a85c-dac2333beb1f,takeout,12,low_risk_share,high,posterior,0.38,0.13
05af6c67-71d8-5740-a85c-dac2333beb1f,cooking,13,no_share,high,prior,0.65,0.06
05af6c67-71d8-5740-a85c-dac2333beb1f,cooking,13,no_share,high,posterior,0.65,0.0
05af6c67-71d8-5740-a85c-dac2333beb1f,basketball,14,low_risk_share,low,prior,0.79,0.0
05af6c67-71d8-5740-a85c-dac2333beb1f,basketball,14,low_risk_share,low,posterior,0.8,0.0
05af6c67-71d8-5740-a85c-dac2333beb1f,hike,15,high_risk_share,high,prior,0.58,0.51
05af6c67-71d8-5740-a85c-dac2333beb1f,hike,15,high_risk_share,high,posterior,0.96,0.49
0c87184b-e54d-503b-bbfa-3f645b0ee625,social,0,high_risk_share,high,prior,0.72,0.05
0c87184b-e54d-503b-bbfa-3f645b0ee625,social,0,high_risk_share,high,posterior,1.0,1.0
0c87184b-e54d-503b-bbfa-3f645b0ee625,drinks,1,low_risk_share,high,prior,0.68,0.16
0c87184b-e54d-503b-bbfa-3f645b0ee625,drinks,1,low_risk_share,high,posterior,0.67,0.0
0c87184b-e54d-503b-bbfa-3f645b0ee625,fair,2,no_share,low,prior,0.82,0.67
0c87184b-e54d-503b-bbfa-3f645b0ee625,fair,2,no_share,low,posterior,0.6,1.0
0c87184b-e54d-503b-bbfa-3f645b0ee625,oysters,3,high_risk_share,low,prior,0.67,0.84
0c87184b-e54d-503b-bbfa-3f645b0ee625,oysters,3,high_risk_share,low,posterior,1.0,1.0
0c87184b-e54d-503b-bbfa-3f645b0ee625,wedding,4,no_share,high,prior,0.89,0.34
0c87184b-e54d-503b-bbfa-3f645b0ee625,wedding,4,no_share,high,posterior,0.16,0.47
0c87184b-e54d-503b-bbfa-3f645b0ee625,brunch,5,no_share,high,prior,0.84,0.45
0c87184b-e54d-503b-bbfa-3f645b0ee625,brunch,5,no_share,high,posterior,0.59,0.66
0c87184b-e54d-503b-bbfa-3f645b0ee625,hike,6,high_risk_share,low,prior,0.62,0.39
0c87184b-e54d-503b-bbfa-3f645b0ee625,hike,6,high_risk_share,low,posterior,1.0,1.0
0c87184b-e54d-503b-bbfa-3f645b0ee625,driving,7,low_risk_share,low,prior,0.74,0.82
0c87184b-e54d-503b-bbfa-3f645b0ee625,driving,7,low_risk_share,low,posterior,0.6,0.0
0c87184b-e54d-503b-bbfa-3f645b0ee625,dip,8,high_risk_share,low,prior,0.67,0.27
0c87184b-e54d-503b-bbfa-3f645b0ee625,dip,8,high_risk_share,low,posterior,0.87,0.78
0c87184b-e54d-503b-bbfa-3f645b0ee625,soup,9,high_risk_share,high,prior,0.77,0.35
0c87184b-e54d-503b-bbfa-3f645b0ee625,soup,9,high_risk_share,high,posterior,1.0,0.83
0c87184b-e54d-503b-bbfa-3f645b0ee625,apples,10,low_risk_share,low,prior,0.71,0.6
0c87184b-e54d-503b-bbfa-3f645b0ee625,apples,10,low_risk_share,low,posterior,0.69,0.0
0c87184b-e54d-503b-bbfa-3f645b0ee625,birthday,11,low_risk_share,high,prior,0.63,0.26
0c87184b-e54d-503b-bbfa-3f645b0ee625,birthday,11,low_risk_share,high,posterior,0.68,0.0
0c87184b-e54d-503b-bbfa-3f645b0ee625,basketball,12,no_share,low,prior,0.64,0.17
0c87184b-e54d-503b-bbfa-3f645b0ee625,basketball,12,no_share,low,posterior,0.63,0.73
0c87184b-e54d-503b-bbfa-3f645b0ee625,gala,13,no_share,high,prior,0.7,0.73
0c87184b-e54d-503b-bbfa-3f645b0ee625,gala,13,no_share,high,posterior,0.47,1.0
0c87184b-e54d-503b-bbfa-3f645b0ee625,takeout,14,high_risk_share,high,prior,0.65,0.69
0c87184b-e54d-503b-bbfa-3f645b0ee625,takeout,14,high_risk_share,high,posterior,1.0,1.0
0c87184b-e54d-503b-bbfa-3f645b0ee625,cooking,15,low_risk_share,low,prior,0.66,0.25
0c87184b-e54d-503b-bbfa-3f645b0ee625,cooking,15,low_risk_share,low,posterior,0.64,0.0
6e31b59e-51fd-5bc3-aa33-19e724587b4b,apples,0,no_share,low,prior,0.55,0.56
6e31b59e-51fd-5bc3-aa33-19e724587b4b,apples,0,no_share,low,posterior,0.57,0.57
6e31b59e-51fd-5bc3-aa33-19e724587b4b,driving,1,no_share,high,prior,0.42,0.4
6e31b59e-51fd-5bc3-aa33-19e724587b4b,driving,1,no_share,high,posterior,0.46,0.54
6e31b59e-51fd-5bc3-aa33-19e724587b4b,takeout,2,low_risk_share,low,prior,0.71,0.45
6e31b59e-51fd-5bc3-aa33-19e724587b4b,takeout,2,low_risk_share,low,posterior,0.35,0.43
6e31b59e-51fd-5bc3-aa33-19e724587b4b,fair,3,high_risk_share,high,prior,0.67,0.57
6e31b59e-51fd-5bc3-aa33-19e724587b4b,fair,3,high_risk_share,high,posterior,0.59,0.52
6e31b59e-51fd-5bc3-aa33-19e724587b4b,birthday,4,high_risk_share,high,prior,0.52,0.52
6e31b59e-51fd-5bc3-aa33-19e724587b4b,birthday,4,high_risk_share,high,posterior,0.73,0.62
6e31b59e-51fd-5bc3-aa33-19e724587b4b,dip,5,high_risk_share,low,prior,0.56,0.52
6e31b59e-51fd-5bc3-aa33-19e724587b4b,dip,5,high_risk_share,low,posterior,0.52,0.54
6e31b59e-51fd-5bc3-aa33-19e724587b4b,wedding,6,high_risk_share,low,prior,0.35,0.52
6e31b59e-51fd-5bc3-aa33-19e724587b4b,wedding,6,high_risk_share,low,posterior,0.46,0.52
6e31b59e-51fd-5bc3-aa33-19e724587b4b,soup,7,high_risk_share,low,prior,0.42,0.48
6e31b59e-51fd-5bc3-aa33-19e724587b4b,soup,7,high_risk_share,low,posterior,0.58,0.61
6e31b59e-51fd-5bc3-aa33-19e724587b4b,basketball,8,low_risk_share,high,prior,0.55,0.54
6e31b59e-51fd-5bc3-aa33-19e724587b4b,basketball,8,low_risk_share,high,posterior,0.55,0.57
6e31b59e-51fd-5bc3-aa33-19e724587b4b,cooking,9,no_share,high,prior,0.46,0.48
6e31b59e-51fd-5bc3-aa33-19e724587b4b,cooking,9,no_share,high,posterior,0.57,0.55
6e31b59e-51fd-5bc3-aa33-19e724587b4b,gala,10,low_risk_share,high,prior,0.53,0.58
6e31b59e-51fd-5bc3-aa33-19e724587b4b,gala,10,low_risk_share,high,posterior,0.45,0.49
6e31b59e-51fd-5bc3-aa33-19e724587b4b,brunch,11,no_share,high,prior,0.55,0.53
6e31b59e-51fd-5bc3-aa33-19e724587b4b,brunch,11,no_share,high,posterior,0.52,0.53
6e31b59e-51fd-5bc3-aa33-19e724587b4b,drinks,12,no_share,low,prior,0.24,0.39
6e31b59e-51fd-5bc3-aa33-19e724587b4b,drinks,12,no_share,low,posterior,0.39,0.45
6e31b59e-51fd-5bc3-aa33-19e724587b4b,oysters,13,low_risk_share,high,prior,0.6,0.53
6e31b59e-51fd-5bc3-aa33-19e724587b4b,oysters,13,low_risk_share,high,posterior,0.6,0.6
6e31b59e-51fd-5bc3-aa33-19e724587b4b,hike,14,no_share,low,prior,0.54,0.55
6e31b59e-51fd-5bc3-aa33-19e724587b4b,hike,14,no_share,low,posterior,0.61,0.57
6e31b59e-51fd-5bc3-aa33-19e724587b4b,social,15,low_risk_share,low,prior,0.41,0.47
6e31b59e-51fd-5bc3-aa33-19e724587b4b,social,15,low_risk_share,low,posterior,0.46,0.47
