subject_id,scenario_label,stimulus_index,action_condition,effort_condition,intimacy_condition,stage,response
d038c91e-192e-5403-93f7-9af4ab579530,cooking,0,high_risk_share,low,max_formal,prior,0.87
d038c91e-192e-5403-93f7-9af4ab579530,cooking,0,high_risk_share,low,max_formal,posterior,0.87
d038c91e-192e-5403-93f7-9af4ab579530,basketball,1,low_risk_share,low,max_intimate,prior,0.72
d038c91e-192e-5403-93f7-9af4ab579530,basketball,1,low_risk_share,low,max_intimate,posterior,0.68
d038c91e-192e-5403-93f7-9af4ab579530,oysters,2,high_risk_share,low,somewhat_formal,prior,0.93
d038c91e-192e-5403-93f7-9af4ab579530,oysters,2,high_risk_share,low,somewhat_formal,posterior,0.39
d038c91e-192e-5403-93f7-9af4ab579530,soup,3,high_risk_share,high,max_formal,prior,0.83
d038c91e-192e-5403-93f7-9af4ab579530,soup,3,high_risk_share,high,max_formal,posterior,0.7
d038c91e-192e-5403-93f7-9af4ab579530,dip,4,low_risk_share,high,max_formal,prior,0.81
d038c91e-192e-5403-93f7-9af4ab579530,dip,4,low_risk_share,high,max_formal,posterior,0.79
d038c91e-192e-5403-93f7-9af4ab579530,driving,5,no_share,high,somewhat_intimate,prior,0.69
d038c91e-192e-5403-93f7-9af4ab579530,driving,5,no_share,high,somewhat_intimate,posterior,0.23
d038c91e-192e-5403-93f7-9af4ab579530,wedding,6,no_share,low,max_intimate,prior,0.86
d038c91e-192e-5403-93f7-9af4ab579530,wedding,6,no_share,low,max_intimate,posterior,0.0
d038c91e-192e-5403-93f7-9af4ab579530,takeout,7,no_share,low,somewhat_formal,prior,0.76
d038c91e-192e-5403-93f7-9af4ab579530,takeout,7,no_share,low,somewhat_formal,posterior,0.0
d038c91e-192e-5403-93f7-9af4ab579530,brunch,8,high_risk_share,high,somewhat_intimate,prior,0.93
d038c91e-192e-5403-93f7-9af4ab579530,brunch,8,high_risk_share,high,somewhat_intimate,posterior,0.77
d038c91e-192e-5403-93f7-9af4ab579530,apples,9,high_risk_share,high,max_intimate,prior,0.84
d038c91e-192e-5403-93f7-9af4ab579530,apples,9,high_risk_share,high,max_intimate,posterior,0.64
d038c91e-192e-5403-93f7-9af4ab579530,drinks,10,low_risk_share,high,somewhat_intimate,prior,0.85
d038c91e-192e-5403-93f7-9af4ab579530,drinks,10,low_risk_share,high,somewhat_intimate,posterior,0.85
d038c91e-192e-5403-93f7-9af4ab579530,social,11,low_risk_share,low,somewhat_intimate,prior,0.94
d038c91e-192e-5403-93f7-9af4ab579530,social,11,low_risk_share,low,somewhat_intimate,posterior,0.85
d038c91e-192e-5403-93f7-9af4ab579530,gala,12,low_risk_share,low,somewhat_formal,prior,0.9
d038c91e-192e-5403-93f7-9af4ab579530,gala,12,low_risk_share,low,somewhat_formal,posterior,0.89
d038c91e-192e-5403-93f7-9af4ab579530,hike,13,no_share,high,max_formal,prior,0.76
d038c91e-192e-5403-93f7-9af4ab579530,hike,13,no_share,high,max_formal,posterior,0.16
d038c91e-192e-5403-93f7-9af4ab579530,fair,14,no_share,high,somewhat_formal,prior,0.74
d038c91e-192e-5403-93f7-9af4ab579530,fair,14,no_share,high,somewhat_formal,posterior,0.14
d038c91e-192e-5403-93f7-9af4ab579530,birthday,15,high_risk_share,low,max_intimate,prior,0.94
d038c91e-192e-5403-93f7-9af4ab579530,birthday,15,high_risk_share,low,max_intimate,posterior,0.75
2d235da7-15f6-5a38-b9ad-9a0f4a102bb2,wedding,0,low_risk_share,low,somewhat_intimate,prior,0.81
2d235da7-15f6-5a38-b9ad-9a0f4a102bb2,wedding,0,low_risk_share,low,somewhat_intimate,posterior,0.93
2d235da7-15f6-5a38-b9ad-9a0f4a102bb2,hike,1,high_risk_share,high,somewhat_formal,prior,0.53
2d235da7-15f6-5a38-b9ad-9a0f4a102bb2,hike,1,high_risk_share,high,somewhat_formal,posterior,0.61
2d235da7-15f6-5a38-b9ad-9a0f4a102bb2,takeout,2,low_risk_share,high,max_formal,prior,0.39
2d235da7-15f6-5a38-b9ad-9a0f4a102bb2,takeout,2,low_risk_share,high,max_formal,posterior,0.66
2d235da7-15f6-5a38-b9ad-9a0f4a102bb2,social,3,no_share,low,somewhat_formal,prior,0.52
2d235da7-15f6-5a38-b9ad-9a0f4a102bb2,social,3,no_share,low,somewhat_formal,posterior,0.33
2d235da7-15f6-5a38-b9ad-9a0f4a102bb2,fair,4,low_risk_share,high,somewhat_formal,prior,0.52
2d235da7-15f6-5a38-b9ad-9a0f4a102bb2,fair,4,low_risk_share,high,somewhat_formal,posterior,0.83
2d235da7-15f6-5a38-b9ad-9a0f4a102bb2,dip,5,no_share,low,max_formal,prior,0.8
2d235da7-15f6-5a38-b9ad-9a0f4a102bb2,dip,5,no_share,low,max_formal,posterior,0.26
2d235da7-15f6-5a38-b9ad-9a0f4a102bb2,oysters,6,high_risk_share,low,max_intimate,prior,0.68
2d235da7-15f6-5a38-b9ad-9a0f4a102bb2,oysters,6,high_risk_share,low,max_intimate,posterior,0.61
2d235da7-15f6-5a38-b9ad-9a0f4a102bb2,birthday,7,no_share,high,max_intimate,prior,0.58
2d235da7-15f6-5a38-b9ad-9a0f4a102bb2,birthday,7,no_share,high,max_intimate,posterior,0.0
2d235da7-15f6-5a38-b9ad-9a0f4a102bb2,soup,8,low_risk_share,low,max_formal,prior,0.75
2d235da7-15f6-5a38-b9ad-9a0f4a102bb2,soup,8,low_risk_share,low,max_formal,posterior,0.89
2d235da7-15f6-5a38-b9ad-9a0f4a102bb2,drinks,9,high_risk_share,low,max_formal,prior,0.75
2d235da7-15f6-5a38-b9ad-9a0f4a102bb2,drinks,9,high_risk_share,low,max_formal,posterior,0.75
2d235da7-15f6-5a38-b9ad-9a0f4a102bb2,driving,10,low_risk_share,high,max_intimate,prior,0.34
2d235da7-15f6-5a38-b9ad-9a0f4a102bb2,driving,10,low_risk_share,high,max_intimate,posterior,0.87
2d235da7-15f6-5a38-b9ad-9a0f4a102bb2,apples,11,no_share,high,somewhat_formal,prior,0.53
2d235da7-15f6-5a38-b9ad-9a0f4a102bb2,apples,11,no_share,high,somewhat_formal,posterior,0.36
2d235da7-15f6-5a38-b9ad-9a0f4a102bb2,basketball,12,high_risk_share,high,max_intimate,prior,0.59
2d235da7-15f6-5a38-b9ad-9a0f4a102bb2,basketball,12,high_risk_share,high,max_intimate,posterior,0.65
2d235da7-15f6-5a38-b9ad-9a0f4a102bb2,cooking,13,high_risk_share,low,somewhat_intimate,prior,0.73
2d235da7-15f6-5a38-b9ad-9a0f4a102bb2,cooking,13,high_risk_share,low,somewhat_intimate,posterior,0.61
2d235da7-15f6-5a38-b9ad-9a0f4a102bb2,brunch,14,no_share,high,somewhat_intimate,prior,0.6
2d235da7-15f6-5a38-b9ad-9a0f4a102bb2,brunch,14,no_share,high,somewhat_intimate,posterior,0.0
2d235da7-15f6-5a38-b9ad-9a0f4a102bb2,gala,15,no_share,low,somewhat_intimate,prior,0.79
2d235da7-15f6-5a38-b9ad-9a0f4a102bb2,gala,15,no_share,low,somewhat_intimate,posterior,0.53
d34a58f8-6021-5a10-b5db-e57f92756aa0,driving,0,high_risk_share,low,max_intimate,prior,0.37
d34a58f8-6021-5a10-b5db-e57f92756aa0,driving,0,high_risk_share,low,max_intimate,posterior,0.39
d34a58f8-6021-5a10-b5db-e57f92756aa0,basketball,1,no_share,high,somewhat_formal,prior,0.58
d34a58f8-6021-5a10-b5db-e57f92756aa0,basketball,1,no_share,high,somewhat_formal,posterior,0.57
d34a58f8-6021-5a10-b5db-e57f92756aa0,gala,2,high_risk_share,high,max_intimate,prior,0.87
d34a58f8-6021-5a10-b5db-e57f92756aa0,gala,2,high_risk_share,high,max_intimate,posterior,0.83
d34a58f8-6021-5a10-b5db-e57f92756aa0,apples,3,no_share,high,max_intimate,prior,0.75
d34a58f8-6021-5a10-b5db-e57f92756aa0,apples,3,no_share,high,max_intimate,posterior,0.73
d34a58f8-6021-5a10-b5db-e57f92756aa0,cooking,4,high_risk_share,low,somewhat_intimate,prior,0.85
d34a58f8-6021-5a10-b5db-e57f92756aa0,cooking,4,high_risk_share,low,somewhat_intimate,posterior,0.89
d34a58f8-6021-5a10-b5db-e57f92756aa0,social,5,low_risk_share,high,max_intimate,prior,0.67
d34a58f8-6021-5a10-b5db-e57f92756aa0,social,5,low_risk_share,high,max_intimate,posterior,0.95
d34a58f8-6021-5a10-b5db-e57f92756aa0,oysters,6,low_risk_share,high,max_formal,prior,0.65
d34a58f8-6021-5a10-b5db-e57f92756aa0,oysters,6,low_risk_share,high,max_formal,posterior,0.7
d34a58f8-6021-5a10-b5db-e57f92756aa0,brunch,7,no_share,low,somewhat_intimate,prior,0.58
d34a58f8-6021-5a10-b5db-e57f92756aa0,brunch,7,no_share,low,somewhat_intimate,posterior,0.14
d34a58f8-6021-5a10-b5db-e57f92756aa0,drinks,8,low_risk_share,high,somewhat_formal,prior,0.49
d34a58f8-6021-5a10-b5db-e57f92756aa0,drinks,8,low_risk_share,high,somewhat_formal,posterior,0.53
d34a58f8-6021-5a10-b5db-e57f92756aa0,fair,9,no_share,low,somewhat_formal,prior,0.74
d34a58f8-6021-5a10-b5db-e57f92756aa0,fair,9,no_share,low,somewhat_formal,posterior,0.73
d34a58f8-6021-5a10-b5db-e57f92756aa0,hike,10,no_share,high,somewhat_intimate,prior,0.34
d34a58f8-6021-5a10-b5db-e57f92756aa0,hike,10,no_share,high,somewhat_intimate,posterior,0.38
d34a58f8-6021-5a10-b5db-e57f92756aa0,birthday,11,low_risk_share,low,somewhat_intimate,prior,0.9
d34a58f8-6021-5a10-b5db-e57f92756aa0,birthday,11,low_risk_share,low,somewhat_intimate,posterior,0.9
d34a58f8-6021-5a10-b5db-e57f92756aa0,wedding,12,high_risk_share,low,max_formal,prior,0.5
d34a58f8-6021-5a10-b5db-e57f92756aa0,wedding,12,high_risk_share,low,max_formal,posterior,0.92
d34a58f8-6021-5a10-b5db-e57f92756aa0,soup,13,low_risk_share,low,max_formal,prior,0.76
d34a58f8-6021-5a10-b5db-e57f92756aa0,soup,13,low_risk_share,low,max_formal,posterior,0.87
d34a58f8-6021-5a10-b5db-e57f92756aa0,takeout,14,no_share,low,max_formal,prior,0.23
d34a58f8-6021-5a10-b5db-e57f92756aa0,takeout,14,no_share,low,max_formal,posterior,0.1
d34a58f8-6021-5a10-b5db-e57f92756aa0,dip,15,high_risk_share,high,somewhat_formal,prior,0.63
d34a58f8-6021-5a10-b5db-e57f92756aa0,dip,15,high_risk_share,high,somewhat_formal,posterior,0.92
35a4064d-379c-59e2-8363-214f063c623f,takeout,0,high_risk_share,high,somewhat_intimate,prior,0.5
35a4064d-379c-59e2-8363-214f063c623f,takeout,0,high_risk_share,high,somewhat_intimate,posterior,0.81
35a4064d-379c-59e2-8363-214f063c623f,apples,1,high_risk_share,low,somewhat_formal,prior,0.69
35a4064d-379c-59e2-8363-214f063c623f,apples,1,high_risk_share,low,somewhat_formal,posterior,0.96
35a4064d-379c-59e2-8363-214f063c623f,fair,2,high_risk_share,low,max_formal,prior,0.42
35a4064d-379c-59e2-8363-214f063c623f,fair,2,high_risk_share,low,max_formal,posterior,0.84
35a4064d-379c-59e2-8363-214f063c623f,gala,3,high_risk_share,low,max_intimate,prior,0.28
35a4064d-379c-59e2-8363-214f063c623f,gala,3,high_risk_share,low,max_intimate,posterior,0.85
35a4064d-379c-59e2-8363-214f063c623f,cooking,4,low_risk_share,high,somewhat_intimate,prior,0.51
35a4064d-379c-59e2-8363-214f063c623f,cooking,4,low_risk_share,high,somewhat_intimate,posterior,0.44
35a4064d-379c-59e2-8363-214f063c623f,basketball,5,low_risk_share,high,max_formal,prior,0.3
35a4064d-379c-59e2-8363-214f063c623f,basketball,5,low_risk_share,high,max_formal,posterior,0.5
35a4064d-379c-59e2-8363-214f063c623f,dip,6,no_share,high,somewhat_intimate,prior,0.46
35a4064d-379c-59e2-8363-214f063c623f,dip,6,no_share,high,somewhat_intimate,posterior,0.16
35a4064d-379c-59e2-8363-214f063c623f,brunch,7,low_risk_share,low,somewhat_formal,prior,0.53
35a4064d-379c-59e2-8363-214f063c623f,brunch,7,low_risk_share,low,somewhat_formal,posterior,0.53
35a4064d-379c-59e2-8363-214f063c623f,wedding,8,no_share,high,somewhat_formal,prior,0.42
35a4064d-379c-59e2-8363-214f063c623f,wedding,8,no_share,high,somewhat_formal,posterior,0.11
35a4064d-379c-59e2-8363-214f063c623f,drinks,9,low_risk_share,low,max_intimate,prior,0.78
35a4064d-379c-59e2-8363-214f063c623f,drinks,9,low_risk_share,low,max_intimate,posterior,0.54
35a4064d-379c-59e2-8363-214f063c623f,soup,10,no_share,low,max_intimate,prior,0.17
35a4064d-379c-59e2-8363-214f063c623f,soup,10,no_share,low,max_intimate,posterior,0.07
35a4064d-379c-59e2-8363-214f063c623f,hike,11,no_share,high,max_formal,prior,0.28
35a4064d-379c-59e2-8363-214f063c623f,hike,11,no_share,high,max_formal,posterior,0.17
35a4064d-379c-59e2-8363-214f063c623f,driving,12,high_risk_share,high,max_formal,prior,0.28
35a4064d-379c-59e2-8363-214f063c623f,driving,12,high_risk_share,high,max_formal,posterior,0.84
35a4064d-379c-59e2-8363-214f063c623f,social,13,low_risk_share,low,somewhat_intimate,prior,0.6
35a4064d-379c-59e2-8363-214f063c623f,social,13,low_risk_share,low,somewhat_intimate,posterior,0.44
35a4064d-379c-59e2-8363-214f063c623f,oysters,14,no_share,low,somewhat_formal,prior,0.65
35a4064d-379c-59e2-8363-214f063c623f,oysters,14,no_share,low,somewhat_formal,posterior,0.51
35a4064d-379c-59e2-8363-214f063c623f,birthday,15,high_risk_share,high,max_intimate,prior,0.67
35a4064d-379c-59e2-8363-214f063c623f,birthday,15,high_risk_share,high,max_intimate,posterior,0.96
3322a983-5b83-539b-a1ec-6e42a2f21fd1,wedding,0,no_share,high,max_intimate,prior,0.84
3322a983-5b83-539b-a1ec-6e42a2f21fd1,wedding,0,no_share,high,max_intimate,posterior,0.68
3322a983-5b83-539b-a1ec-6e42a2f21fd1,brunch,1,low_risk_share,high,somewhat_intimate,prior,0.9
3322a983-5b83-539b-a1ec-6e42a2f21fd1,brunch,1,low_risk_share,high,somewhat_intimate,posterior,0.99
3322a983-5b83-539b-a1ec-6e42a2f21fd1,gala,2,no_share,low,somewhat_intimate,prior,0.7
3322a983-5b83-539b-a1ec-6e42a2f21fd1,gala,2,no_share,low,somewhat_intimate,posterior,0.17
3322a983-5b83-539b-a1ec-6e42a2f21fd1,oysters,3,low_risk_share,low,max_formal,prior,0.82
3322a983-5b83-539b-a1ec-6e42a2f21fd1,oysters,3,low_risk_share,low,max_formal,posterior,0.87
3322a983-5b83-539b-a1ec-6e42a2f21fd1,dip,4,high_risk_share,high,somewhat_formal,prior,0.62
3322a983-5b83-539b-a1ec-6e42a2f21fd1,dip,4,high_risk_share,high,somewhat_formal,posterior,1.0
3322a983-5b83-539b-a1ec-6e42a2f21fd1,driving,5,no_share,high,max_formal,prior,0.3
3322a983-5b83-539b-a1ec-6e42a2f21fd1,driving,5,no_share,high,max_formal,posterior,0.47
3322a983-5b83-539b-a1ec-6e42a2f21fd1,social,6,no_share,low,max_intimate,prior,0.78
3322a983-5b83-539b-a1ec-6e42a2f21fd1,social,6,no_share,low,max_intimate,posterior,0.03
3322a983-5b83-539b-a1ec-6e42a2f21fd1,fair,7,low_risk_share,high,somewhat_formal,prior,0.62
3322a983-5b83-539b-a1ec-6e42a2f21fd1,fair,7,low_risk_share,high,somewhat_formal,posterior,0.91
3322a983-5b83-539b-a1ec-6e42a2f21fd1,soup,8,high_risk_share,high,max_formal,prior,0.35
3322a983-5b83-539b-a1ec-6e42a2f21fd1,soup,8,high_risk_share,high,max_formal,posterior,1.0
3322a983-5b83-539b-a1ec-6e42a2f21fd1,takeout,9,high_risk_share,low,somewhat_intimate,prior,0.9
3322a983-5b83-539b-a1ec-6e42a2f21fd1,takeout,9,high_risk_share,low,somewhat_intimate,posterior,1.0
3322a983-5b83-539b-a1ec-6e42a2f21fd1,birthday,10,high_risk_share,high,somewhat_intimate,prior,0.35
3322a983-5b83-539b-a1ec-6e42a2f21fd1,birthday,10,high_risk_share,high,somewhat_intimate,posterior,0.57
3322a983-5b83-539b-a1ec-6e42a2f21fd1,hike,11,high_risk_share,low,somewhat_formal,prior,0.86
3322a983-5b83-539b-a1ec-6e42a2f21fd1,hike,11,high_risk_share,low,somewhat_formal,posterior,1.0
3322a983-5b83-539b-a1ec-6e42a2f21fd1,drinks,12,low_risk_share,high,max_intimate,prior,0.97
3322a983-5b83-539b-a1ec-6e42a2f21fd1,drinks,12,low_risk_share,high,max_intimate,posterior,0.86
3322a983-5b83-539b-a1ec-6e42a2f21fd1,cooking,13,low_risk_share,low,somewhat_formal,prior,0.9
3322a983-5b83-539b-a1ec-6e42a2f21fd1,cooking,13,low_risk_share,low,somewhat_formal,posterior,0.93
3322a983-5b83-539b-a1ec-6e42a2f21fd1,apples,14,no_share,low,max_formal,prior,0.82
3322a983-5b83-539b-a1ec-6e42a2f21fd1,apples,14,no_share,low,max_formal,posterior,0.56
3322a983-5b83-539b-a1ec-6e42a2f21fd1,basketball,15,low_risk_share,low,max_intimate,prior,1.0
3322a983-5b83-539b-a1ec-6e42a2f21fd1,basketball,15,low_risk_share,low,max_intimate,posterior,0.9
e3e401ba-d749-5e57-bdad-be24639faabe,fair,0,high_risk_share,low,max_formal,prior,0.28
e3e401ba-d749-5e57-bdad-be24639faabe,fair,0,high_risk_share,low,max_formal,posterior,0.73
e3e401ba-d749-5e57-bdad-be24639faabe,brunch,1,low_risk_share,low,somewhat_intimate,prior,1.0
e3e401ba-d749-5e57-bdad-be24639faabe,brunch,1,low_risk_share,low,somewhat_intimate,posterior,1.0
e3e401ba-d749-5e57-bdad-be24639faabe,hike,2,low_risk_share,high,max_formal,prior,1.0
e3e401ba-d749-5e57-bdad-be24639faabe,hike,2,low_risk_share,high,max_formal,posterior,1.0
e3e401ba-d749-5e57-bdad-be24639faabe,gala,3,high_risk_share,high,max_intimate,prior,0.81
e3e401ba-d749-5e57-bdad-be24639faabe,gala,3,high_risk_share,high,max_intimate,posterior,1.0
e3e401ba-d749-5e57-bdad-be24639faabe,driving,4,no_share,low,somewhat_formal,prior,1.0
e3e401ba-d749-5e57-bdad-be24639faabe,driving,4,no_share,low,somewhat_formal,posterior,0.24
e3e401ba-d749-5e57-bdad-be24639faabe,basketball,5,no_share,high,max_formal,prior,0.5
e3e401ba-d749-5e57-bdad-be24639faabe,basketball,5,no_share,high,max_formal,posterior,0.23
e3e401ba-d749-5e57-bdad-be24639faabe,apples,6,low_risk_share,low,max_intimate,prior,1.0
e3e401ba-d749-5e57-bdad-be24639faabe,apples,6,low_risk_share,low,max_intimate,posterior,1.0
e3e401ba-d749-5e57-bdad-be24639faabe,cooking,7,no_share,low,max_intimate,prior,0.79
e3e401ba-d749-5e57-bdad-be24639faabe,cooking,7,no_share,low,max_intimate,posterior,0.26
e3e401ba-d749-5e57-bdad-be24639faabe,birthday,8,high_risk_share,low,somewhat_formal,prior,0.28
e3e401ba-d749-5e57-bdad-be24639faabe,birthday,8,high_risk_share,low,somewhat_formal,posterior,0.77
e3e401ba-d749-5e57-bdad-be24639faabe,oysters,9,low_risk_share,high,somewhat_intimate,prior,1.0
e3e401ba-d749-5e57-bdad-be24639faabe,oysters,9,low_risk_share,high,somewhat_intimate,posterior,0.5
e3e401ba-d749-5e57-bdad-be24639faabe,social,10,no_share,high,somewhat_intimate,prior,0.5
e3e401ba-d749-5e57-bdad-be24639faabe,social,10,no_share,high,somewhat_intimate,posterior,0.5
e3e401ba-d749-5e57-bdad-be24639faabe,drinks,11,high_risk_share,high,somewhat_intimate,prior,0.24
e3e401ba-d749-5e57-bdad-be24639faabe,drinks,11,high_risk_share,high,somewhat_intimate,posterior,0.5
e3e401ba-d749-5e57-bdad-be24639faabe,dip,12,high_risk_share,low,max_intimate,prior,0.72
e3e401ba-d749-5e57-bdad-be24639faabe,dip,12,high_risk_share,low,max_intimate,posterior,1.0
e3e401ba-d749-5e57-bdad-be24639faabe,takeout,13,high_risk_share,high,max_formal,prior,0.37
e3e401ba-d749-5e57-bdad-be24639faabe,takeout,13,high_risk_share,high,max_formal,posterior,0.73
e3e401ba-d749-5e57-bdad-be24639faabe,soup,14,no_share,high,somewhat_formal,prior,0.29
e3e401ba-d749-5e57-bdad-be24639faabe,soup,14,no_share,high,somewhat_formal,posterior,1.0
e3e401ba-d749-5e57-bdad-be24639faabe,wedding,15,low_risk_share,low,somewhat_formal,prior,0.11
e3e401ba-d749-5e57-bdad-be24639faabe,wedding,15,low_risk_share,low,somewhat_formal,posterior,1.0
c7d4573d-1b41-583c-96c5-4231cad82031,dip,0,low_risk_share,low,somewhat_intimate,prior,0.75
c7d4573d-1b41-583c-96c5-4231cad82031,dip,0,low_risk_share,low,somewhat_intimate,posterior,0.74
c7d4573d-1b41-583c-96c5-4231cad82031,gala,1,low_risk_share,high,somewhat_formal,prior,0.21
c7d4573d-1b41-583c-96c5-4231cad82031,gala,1,low_risk_share,high,somewhat_formal,posterior,0.6
c7d4573d-1b41-583c-96c5-4231cad82031,takeout,2,no_share,low,somewhat_intimate,prior,1.0
c7d4573d-1b41-583c-96c5-4231cad82031,takeout,2,no_share,low,somewhat_intimate,posterior,0.0
c7d4573d-1b41-583c-96c5-4231cad82031,soup,3,high_risk_share,low,max_formal,prior,0.23
c7d4573d-1b41-583c-96c5-4231cad82031,soup,3,high_risk_share,low,max_formal,posterior,1.0
c7d4573d-1b41-583c-96c5-4231cad82031,driving,4,high_risk_share,low,max_intimate,prior,0.8
c7d4573d-1b41-583c-96c5-4231cad82031,driving,4,high_risk_share,low,max_intimate,posterior,1.0
c7d4573d-1b41-583c-96c5-4231cad82031,fair,5,no_share,low,max_formal,prior,1.0
c7d4573d-1b41-583c-96c5-4231cad82031,fair,5,no_share,low,max_formal,posterior,0.22
c7d4573d-1b41-583c-96c5-4231cad82031,cooking,6,low_risk_share,high,max_formal,prior,1.0
c7d4573d-1b41-583c-96c5-4231cad82031,cooking,6,low_risk_share,high,max_formal,posterior,1.0
c7d4573d-1b41-583c-96c5-4231cad82031,brunch,7,high_risk_share,high,somewhat_formal,prior,0.61
c7d4573d-1b41-583c-96c5-4231cad82031,brunch,7,high_risk_share,high,somewhat_formal,posterior,1.0
c7d4573d-1b41-583c-96c5-4231cad82031,drinks,8,no_share,high,somewhat_intimate,prior,0.75
c7d4573d-1b41-583c-96c5-4231cad82031,drinks,8,no_share,high,somewhat_intimate,posterior,0.0
c7d4573d-1b41-583c-96c5-4231cad82031,basketball,9,low_risk_share,high,max_intimate,prior,1.0
c7d4573d-1b41-583c-96c5-4231cad82031,basketball,9,low_risk_share,high,max_intimate,posterior,1.0
c7d4573d-1b41-583c-96c5-4231cad82031,social,10,no_share,high,max_intimate,prior,0.77
c7d4573d-1b41-583c-96c5-4231cad82031,social,10,no_share,high,max_intimate,posterior,0.0
c7d4573d-1b41-583c-96c5-4231cad82031,apples,11,high_risk_share,low,somewhat_intimate,prior,0.6
c7d4573d-1b41-583c-96c5-4231cad82031,apples,11,high_risk_share,low,somewhat_intimate,posterior,0.75
c7d4573d-1b41-583c-96c5-4231cad82031,hike,12,no_share,low,somewhat_formal,prior,0.75
c7d4573d-1b41-583c-96c5-4231cad82031,hike,12,no_share,low,somewhat_formal,posterior,0.32
c7d4573d-1b41-583c-96c5-4231cad82031,oysters,13,high_risk_share,high,max_intimate,prior,0.86
c7d4573d-1b41-583c-96c5-4231cad82031,oysters,13,high_risk_share,high,max_intimate,posterior,0.75
c7d4573d-1b41-583c-96c5-4231cad82031,birthday,14,low_risk_share,low,max_formal,prior,1.0
c7d4573d-1b41-583c-96c5-4231cad82031,birthday,14,low_risk_share,low,max_formal,posterior,1.0
c7d4573d-1b41-583c-96c5-4231cad82031,wedding,15,no_share,high,somewhat_formal,prior,1.0
c7d4573d-1b41-583c-96c5-4231cad82031,wedding,15,no_share,high,somewhat_formal,posterior,1.0
21f73050-c4ba-5011-afc8-3d26836dd7c3,fair,0,high_risk_share,high,max_intimate,prior,0.8
21f73050-c4ba-5011-afc8-3d26836dd7c3,fair,0,high_risk_share,high,max_intimate,posterior,0.68
21f73050-c4ba-5011-afc8-3d26836dd7c3,wedding,1,low_risk_share,high,somewhat_formal,prior,0.25
21f73050-c4ba-5011-afc8-3d26836dd7c3,wedding,1,low_risk_share,high,somewhat_formal,posterior,0.64
21f73050-c4ba-5011-afc8-3d26836dd7c3,dip,2,low_risk_share,low,max_formal,prior,0.67
21f73050-c4ba-5011-afc8-3d26836dd7c3,dip,2,low_risk_share,low,max_formal,posterior,0.36
21f73050-c4ba-5011-afc8-3d26836dd7c3,soup,3,low_risk_share,high,max_formal,prior,0.68
21f73050-c4ba-5011-afc8-3d26836dd7c3,soup,3,low_risk_share,high,max_formal,posterior,0.67
21f73050-c4ba-5011-afc8-3d26836dd7c3,basketball,4,high_risk_share,high,somewhat_formal,prior,0.27
21f73050-c4ba-5011-afc8-3d26836dd7c3,basketball,4,high_risk_share,high,somewhat_formal,posterior,0.69
21f73050-c4ba-5011-afc8-3d26836dd7c3,hike,5,high_risk_share,low,max_formal,prior,0.71
21f73050-c4ba-5011-afc8-3d26836dd7c3,hike,5,high_risk_share,low,max_formal,posterior,0.63
21f73050-c4ba-5011-afc8-3d26836dd7c3,oysters,6,high_risk_share,low,max_intimate,prior,0.62
21f73050-c4ba-5011-afc8-3d26836dd7c3,oysters,6,high_risk_share,low,max_intimate,posterior,0.41
21f73050-c4ba-5011-afc8-3d26836dd7c3,social,7,no_share,high,somewhat_formal,prior,0.32
21f73050-c4ba-5011-afc8-3d26836dd7c3,social,7,no_share,high,somewhat_formal,posterior,0.61
21f73050-c4ba-5011-afc8-3d26836dd7c3,driving,8,low_risk_share,low,somewhat_intimate,prior,0.33
21f73050-c4ba-5011-afc8-3d26836dd7c3,driving,8,low_risk_share,low,somewhat_intimate,posterior,0.59
21f73050-c4ba-5011-afc8-3d26836dd7c3,takeout,9,no_share,high,somewhat_intimate,prior,0.38
21f73050-c4ba-5011-afc8-3d26836dd7c3,takeout,9,no_share,high,somewhat_intimate,posterior,0.75
21f73050-c4ba-5011-afc8-3d26836dd7c3,drinks,10,low_risk_share,high,max_intimate,prior,0.72
21f73050-c4ba-5011-afc8-3d26836dd7c3,drinks,10,low_risk_share,high,max_intimate,posterior,0.87
21f73050-c4ba-5011-afc8-3d26836dd7c3,apples,11,high_risk_share,low,somewhat_intimate,prior,0.73
21f73050-c4ba-5011-afc8-3d26836dd7c3,apples,11,high_risk_share,low,somewhat_intimate,posterior,0.29
21f73050-c4ba-5011-afc8-3d26836dd7c3,gala,12,no_share,low,somewhat_intimate,prior,0.66
21f73050-c4ba-5011-afc8-3d26836dd7c3,gala,12,no_share,low,somewhat_intimate,posterior,0.0
21f73050-c4ba-5011-afc8-3d26836dd7c3,birthday,13,no_share,high,max_intimate,prior,0.72
21f73050-c4ba-5011-afc8-3d26836dd7c3,birthday,13,no_share,high,max_intimate,posterior,0.14
21f73050-c4ba-5011-afc8-3d26836dd7c3,brunch,14,no_share,low,somewhat_formal,prior,0.94
21f73050-c4ba-5011-afc8-3d26836dd7c3,brunch,14,no_share,low,somewhat_formal,posterior,0.1
21f73050-c4ba-5011-afc8-3d26836dd7c3,cooking,15,no_share,low,max_formal,prior,0.82
21f73050-c4ba-5011-afc8-3d26836dd7c3,cooking,15,no_share,low,max_formal,posterior,0.0
05bf3811-624b-5796-a414-1bad1d8f5c4a,wedding,0,high_risk_share,high,somewhat_formal,prior,0.87
05bf3811-624b-5796-a414-1bad1d8f5c4a,wedding,0,high_risk_share,high,somewhat_formal,posterior,0.91
05bf3811-624b-5796-a414-1bad1d8f5c4a,gala,1,low_risk_share,high,max_formal,prior,0.59
05bf3811-624b-5796-a414-1bad1d8f5c4a,gala,1,low_risk_share,high,max_formal,posterior,0.81
05bf3811-624b-5796-a414-1bad1d8f5c4a,soup,2,high_risk_share,low,somewhat_intimate,prior,0.69
05bf3811-624b-5796-a414-1bad1d8f5c4a,soup,2,high_risk_share,low,somewhat_intimate,posterior,0.84
05bf3811-624b-5796-a414-1bad1d8f5c4a,hike,3,low_risk_share,high,somewhat_formal,prior,0.35
05bf3811-624b-5796-a414-1bad1d8f5c4a,hike,3,low_risk_share,high,somewhat_formal,posterior,0.55
05bf3811-624b-5796-a414-1bad1d8f5c4a,social,4,low_risk_share,low,max_formal,prior,0.68
05bf3811-624b-5796-a414-1bad1d8f5c4a,social,4,low_risk_share,low,max_formal,posterior,0.8
05bf3811-624b-5796-a414-1bad1d8f5c4a,apples,5,low_risk_share,low,somewhat_intimate,prior,0.59
05bf3811-624b-5796-a414-1bad1d8f5c4a,apples,5,low_risk_share,low,somewhat_intimate,posterior,0.54
05bf3811-624b-5796-a414-1bad1d8f5c4a,takeout,6,high_risk_share,low,max_intimate,prior,0.59
05bf3811-624b-5796-a414-1bad1d8f5c4a,takeout,6,high_risk_share,low,max_intimate,posterior,0.75
05bf3811-624b-5796-a414-1bad1d8f5c4a,dip,7,no_share,low,somewhat_formal,prior,0.45
05bf3811-624b-5796-a414-1bad1d8f5c4a,dip,7,no_share,low,somewhat_formal,posterior,0.32
05bf3811-624b-5796-a414-1bad1d8f5c4a,oysters,8,no_share,low,max_formal,prior,0.68
05bf3811-624b-5796-a414-1bad1d8f5c4a,oysters,8,no_share,low,max_formal,posterior,0.39
05bf3811-624b-5796-a414-1bad1d8f5c4a,drinks,9,no_share,high,somewhat_formal,prior,0.63
05bf3811-624b-5796-a414-1bad1d8f5c4a,drinks,9,no_share,high,somewhat_formal,posterior,0.34
05bf3811-624b-5796-a414-1bad1d8f5c4a,brunch,10,no_share,high,max_intimate,prior,0.41
05bf3811-624b-5796-a414-1bad1d8f5c4a,brunch,10,no_share,high,max_intimate,posterior,0.3
05bf3811-624b-5796-a414-1bad1d8f5c4a,birthday,11,high_risk_share,low,max_formal,prior,0.67
05bf3811-624b-5796-a414-1bad1d8f5c4a,birthday,11,high_risk_share,low,max_formal,posterior,0.78
05bf3811-624b-5796-a414-1bad1d8f5c4a,cooking,12,no_share,high,somewhat_intimate,prior,0.45
05bf3811-624b-5796-a414-1bad1d8f5c4a,cooking,12,no_share,high,somewhat_intimate,posterior,0.21
05bf3811-624b-5796-a414-1bad1d8f5c4a,basketball,13,low_risk_share,high,max_intimate,prior,0.52
05bf3811-624b-5796-a414-1bad1d8f5c4a,basketball,13,low_risk_share,high,max_intimate,posterior,0.67
05bf3811-624b-5796-a414-1bad1d8f5c4a,driving,14,no_share,low,somewhat_intimate,prior,0.57
05bf3811-624b-5796-a414-1bad1d8f5c4a,driving,14,no_share,low,somewhat_intimate,posterior,0.18
05bf3811-624b-5796-a414-1bad1d8f5c4a,fair,15,high_risk_share,high,max_intimate,prior,0.63
05bf3811-624b-5796-a414-1bad1d8f5c4a,fair,15,high_risk_share,high,max_intimate,posterior,0.74
3de110d2-8a24-5a70-8154-392063273244,brunch,0,high_risk_share,high,somewhat_formal,prior,0.85
3de110d2-8a24-5a70-8154-392063273244,brunch,0,high_risk_share,high,somewhat_formal,posterior,0.94
3de110d2-8a24-5a70-8154-392063273244,social,1,high_risk_share,high,somewhat_intimate,prior,0.81
3de110d2-8a24-5a70-8154-392063273244,social,1,high_risk_share,high,somewhat_intimate,posterior,0.93
3de110d2-8a24-5a70-8154-392063273244,soup,2,no_share,high,max_intimate,prior,0.51
3de110d2-8a24-5a70-8154-392063273244,soup,2,no_share,high,max_intimate,posterior,0.42
3de110d2-8a24-5a70-8154-392063273244,oysters,3,no_share,low,max_intimate,prior,0.79
3de110d2-8a24-5a70-8154-392063273244,oysters,3,no_share,low,max_intimate,posterior,0.69
3de110d2-8a24-5a70-8154-392063273244,dip,4,low_risk_share,low,max_intimate,prior,0.79
3de110d2-8a24-5a70-8154-392063273244,dip,4,low_risk_share,low,max_intimate,posterior,0.89
3de110d2-8a24-5a70-8154-392063273244,hike,5,high_risk_share,high,max_formal,prior,0.53
3de110d2-8a24-5a70-8154-392063273244,hike,5,high_risk_share,high,max_formal,posterior,0.65
3de110d2-8a24-5a70-8154-392063273244,gala,6,no_share,high,max_formal,prior,0.52
3de110d2-8a24-5a70-8154-392063273244,gala,6,no_share,high,max_formal,posterior,0.4
3de110d2-8a24-5a70-8154-392063273244,takeout,7,low_risk_share,high,max_intimate,prior,0.78
3de110d2-8a24-5a70-8154-392063273244,takeout,7,low_risk_share,high,max_intimate,posterior,0.89
3de110d2-8a24-5a70-8154-392063273244,cooking,8,low_risk_share,low,max_formal,prior,0.83
3de110d2-8a24-5a70-8154-392063273244,cooking,8,low_risk_share,low,max_formal,posterior,0.81
3de110d2-8a24-5a70-8154-392063273244,birthday,9,low_risk_share,low,somewhat_formal,prior,0.78
3de110d2-8a24-5a70-8154-392063273244,birthday,9,low_risk_share,low,somewhat_formal,posterior,0.84
3de110d2-8a24-5a70-8154-392063273244,driving,10,low_risk_share,high,somewhat_intimate,prior,0.69
3de110d2-8a24-5a70-8154-392063273244,driving,10,low_risk_share,high,somewhat_intimate,posterior,0.82
3de110d2-8a24-5a70-8154-392063273244,basketball,11,high_risk_share,low,somewhat_intimate,prior,0.82
3de110d2-8a24-5a70-8154-392063273244,basketball,11,high_risk_share,low,somewhat_intimate,posterior,0.83
3de110d2-8a24-5a70-8154-392063273244,fair,12,low_risk_share,high,somewhat_formal,prior,0.71
3de110d2-8a24-5a70-8154-392063273244,fair,12,low_risk_share,high,somewhat_formal,posterior,0.84
3de110d2-8a24-5a70-8154-392063273244,apples,13,high_risk_share,low,somewhat_formal,prior,0.62
3de110d2-8a24-5a70-8154-392063273244,apples,13,high_risk_share,low,somewhat_formal,posterior,0.81
3de110d2-8a24-5a70-8154-392063273244,drinks,14,no_share,low,max_formal,prior,0.58
3de110d2-8a24-5a70-8154-392063273244,drinks,14,no_share,low,max_formal,posterior,0.2
3de110d2-8a24-5a70-8154-392063273244,wedding,15,no_share,low,somewhat_intimate,prior,0.8
3de110d2-8a24-5a70-8154-392063273244,wedding,15,no_share,low,somewhat_intimate,posterior,0.67
719503ae-22ea-56ef-a70a-990ceed986f0,takeout,0,low_risk_share,high,somewhat_intimate,prior,0.54
719503ae-22ea-56ef-a70a-990ceed986f0,takeout,0,low_risk_share,high,somewhat_intimate,posterior,0.91
719503ae-22ea-56ef-a70a-990ceed986f0,social,1,low_risk_share,high,max_formal,prior,0.59
719503ae-22ea-56ef-a70a-990ceed986f0,social,1,low_risk_share,high,max_formal,posterior,0.99
719503ae-22ea-56ef-a70a-990ceed986f0,wedding,2,high_risk_share,high,max_formal,prior,0.68
719503ae-22ea-56ef-a70a-990ceed986f0,wedding,2,high_risk_share,high,max_formal,posterior,0.93
719503ae-22ea-56ef-a70a-990ceed986f0,dip,3,high_risk_share,low,max_formal,prior,0.85
719503ae-22ea-56ef-a70a-990ceed986f0,dip,3,high_risk_share,low,max_formal,posterior,0.95
719503ae-22ea-56ef-a70a-990ceed986f0,soup,4,no_share,low,somewhat_formal,prior,0.59
719503ae-22ea-56ef-a70a-990ceed986f0,soup,4,no_share,low,somewhat_formal,posterior,0.42
719503ae-22ea-56ef-a70a-990ceed986f0,brunch,5,low_risk_share,low,somewhat_intimate,prior,0.64
719503ae-22ea-56ef-a70a-990ceed986f0,brunch,5,low_risk_share,low,somewhat_intimate,posterior,0.85
719503ae-22ea-56ef-a70a-990ceed986f0,drinks,6,low_risk_share,low,max_intimate,prior,0.7
719503ae-22ea-56ef-a70a-990ceed986f0,drinks,6,low_risk_share,low,max_intimate,posterior,0.95
719503ae-22ea-56ef-a70a-990ceed986f0,oysters,7,high_risk_share,low,max_intimate,prior,0.35
719503ae-22ea-56ef-a70a-990ceed986f0,oysters,7,high_risk_share,low,max_intimate,posterior,0.55
719503ae-22ea-56ef-a70a-990ceed986f0,birthday,8,high_risk_share,low,somewhat_formal,prior,0.6
719503ae-22ea-56ef-a70a-990ceed986f0,birthday,8,high_risk_share,low,somewhat_formal,posterior,0.91
719503ae-22ea-56ef-a70a-990ceed986f0,cooking,9,no_share,low,max_intimate,prior,0.63
719503ae-22ea-56ef-a70a-990ceed986f0,cooking,9,no_share,low,max_intimate,posterior,0.47
719503ae-22ea-56ef-a70a-990ceed986f0,basketball,10,no_share,high,max_formal,prior,0.6
719503ae-22ea-56ef-a70a-990ceed986f0,basketball,10,no_share,high,max_formal,posterior,0.45
719503ae-22ea-56ef-a70a-990ceed986f0,fair,11,no_share,high,somewhat_formal,prior,0.75
719503ae-22ea-56ef-a70a-990ceed986f0,fair,11,no_share,high,somewhat_formal,posterior,0.99
719503ae-22ea-56ef-a70a-990ceed986f0,driving,12,low_risk_share,low,somewhat_formal,prior,0.67
719503ae-22ea-56ef-a70a-990ceed986f0,driving,12,low_risk_share,low,somewhat_formal,posterior,0.8
719503ae-22ea-56ef-a70a-990ceed986f0,gala,13,high_risk_share,high,max_intimate,prior,0.58
719503ae-22ea-56ef-a70a-990ceed986f0,gala,13,high_risk_share,high,max_intimate,posterior,0.97
719503ae-22ea-56ef-a70a-990ceed986f0,hike,14,no_share,high,somewhat_intimate,prior,0.62
719503ae-22ea-56ef-a70a-990ceed986f0,hike,14,no_share,high,somewhat_intimate,posterior,0.91
719503ae-22ea-56ef-a70a-990ceed986f0,apples,15,high_risk_share,high,somewhat_intimate,prior,0.63
719503ae-22ea-56ef-a70a-990ceed986f0,apples,15,high_risk_share,high,somewhat_intimate,posterior,0.91
63128bd0-6b8e-5fbd-b28a-2bb16068209e,driving,0,no_share,low,max_intimate,prior,0.28
63128bd0-6b8e-5fbd-b28a-2bb16068209e,driving,0,no_share,low,max_intimate,posterior,0.21
63128bd0-6b8e-5fbd-b28a-2bb16068209e,oysters,1,low_risk_share,low,somewhat_formal,prior,0.77
63128bd0-6b8e-5fbd-b28a-2bb16068209e,oysters,1,low_risk_share,low,somewhat_formal,posterior,0.82
63128bd0-6b8e-5fbd-b28a-2bb16068209e,apples,2,high_risk_share,high,max_formal,prior,0.5
63128bd0-6b8e-5fbd-b28a-2bb16068209e,apples,2,high_risk_share,high,max_formal,posterior,0.88
63128bd0-6b8e-5fbd-b28a-2bb16068209e,cooking,3,no_share,low,somewhat_formal,prior,0.34
63128bd0-6b8e-5fbd-b28a-2bb16068209e,cooking,3,no_share,low,somewhat_formal,posterior,0.0
63128bd0-6b8e-5fbd-b28a-2bb16068209e,basketball,4,low_risk_share,high,somewhat_intimate,prior,0.37
63128bd0-6b8e-5fbd-b28a-2bb16068209e,basketball,4,low_risk_share,high,somewhat_intimate,posterior,1.0
63128bd0-6b8e-5fbd-b28a-2bb16068209e,hike,5,no_share,high,somewhat_intimate,prior,1.0
63128bd0-6b8e-5fbd-b28a-2bb16068209e,hike,5,no_share,high,somewhat_intimate,posterior,0.0
63128bd0-6b8e-5fbd-b28a-2bb16068209e,drinks,6,high_risk_share,low,somewhat_formal,prior,0.0
63128bd0-6b8e-5fbd-b28a-2bb16068209e,drinks,6,high_risk_share,low,somewhat_formal,posterior,1.0
63128bd0-6b8e-5fbd-b28a-2bb16068209e,birthday,7,low_risk_share,high,max_formal,prior,1.0
63128bd0-6b8e-5fbd-b28a-2bb16068209e,birthday,7,low_risk_share,high,max_formal,posterior,1.0
63128bd0-6b8e-5fbd-b28a-2bb16068209e,gala,8,high_risk_share,low,max_intimate,prior,1.0
63128bd0-6b8e-5fbd-b28a-2bb16068209e,gala,8,high_risk_share,low,max_intimate,posterior,1.0
63128bd0-6b8e-5fbd-b28a-2bb16068209e,takeout,9,no_share,high,max_formal,prior,1.0
63128bd0-6b8e-5fbd-b28a-2bb16068209e,takeout,9,no_share,high,max_formal,posterior,0.0
63128bd0-6b8e-5fbd-b28a-2bb16068209e,soup,10,high_risk_share,high,max_intimate,prior,0.0
63128bd0-6b8e-5fbd-b28a-2bb16068209e,soup,10,high_risk_share,high,max_intimate,posterior,1.0
63128bd0-6b8e-5fbd-b28a-2bb16068209e,brunch,11,high_risk_share,low,max_formal,prior,1.0
63128bd0-6b8e-5fbd-b28a-2bb16068209e,brunch,11,high_risk_share,low,max_formal,posterior,1.0
63128bd0-6b8e-5fbd-b28a-2bb16068209e,fair,12,no_share,high,somewhat_formal,prior,0.0
63128bd0-6b8e-5fbd-b28a-2bb16068209e,fair,12,no_share,high,somewhat_formal,posterior,0.2
63128bd0-6b8e-5fbd-b28a-2bb16068209e,social,13,low_risk_share,low,max_intimate,prior,1.0
63128bd0-6b8e-5fbd-b28a-2bb16068209e,social,13,low_risk_share,low,max_intimate,posterior,1.0
63128bd0-6b8e-5fbd-b28a-2bb16068209e,wedding,14,high_risk_share,high,somewhat_intimate,prior,1.0
63128bd0-6b8e-5fbd-b28a-2bb16068209e,wedding,14,high_risk_share,high,somewhat_intimate,posterior,1.0
63128bd0-6b8e-5fbd-b28a-2bb16068209e,dip,15,low_risk_share,low,somewhat_intimate,prior,1.0
63128bd0-6b8e-5fbd-b28a-2bb16068209e,dip,15,low_risk_share,low,somewhat_intimate,posterior,1.0
ddf8ab2b-1cc8-5af5-9a4e-145003f3f04c,birthday,0,low_risk_share,high,somewhat_intimate,prior,0.78
ddf8ab2b-1cc8-5af5-9a4e-145003f3f04c,birthday,0,low_risk_share,high,somewhat_intimate,posterior,0.78
ddf8ab2b-1cc8-5af5-9a4e-145003f3f04c,driving,1,low_risk_share,low,max_intimate,prior,0.83
ddf8ab2b-1cc8-5af5-9a4e-145003f3f04c,driving,1,low_risk_share,low,max_intimate,posterior,0.82
ddf8ab2b-1cc8-5af5-9a4e-145003f3f04c,drinks,2,no_share,high,max_formal,prior,0.71
ddf8ab2b-1cc8-5af5-9a4e-145003f3f04c,drinks,2,no_share,high,max_formal,posterior,0.75
ddf8ab2b-1cc8-5af5-9a4e-145003f3f04c,gala,3,high_risk_share,high,max_formal,prior,0.74
ddf8ab2b-1cc8-5af5-9a4e-145003f3f04c,gala,3,high_risk_share,high,max_formal,posterior,0.81
ddf8ab2b-1cc8-5af5-9a4e-145003f3f04c,wedding,4,low_risk_share,low,somewhat_formal,prior,0.88
ddf8ab2b-1cc8-5af5-9a4e-145003f3f04c,wedding,4,low_risk_share,low,somewhat_formal,posterior,0.85
ddf8ab2b-1cc8-5af5-9a4e-145003f3f04c,apples,5,high_risk_share,low,somewhat_formal,prior,0.89
ddf8ab2b-1cc8-5af5-9a4e-145003f3f04c,apples,5,high_risk_share,low,somewhat_formal,posterior,0.91
ddf8ab2b-1cc8-5af5-9a4e-145003f3f04c,social,6,no_share,high,max_intimate,prior,0.85
ddf8ab2b-1cc8-5af5-9a4e-145003f3f04c,social,6,no_share,high,max_intimate,posterior,0.89
ddf8ab2b-1cc8-5af5-9a4e-145003f3f04c,hike,7,no_share,low,max_formal,prior,0.78
ddf8ab2b-1cc8-5af5-9a4e-145003f3f04c,hike,7,no_share,low,max_formal,posterior,0.84
ddf8ab2b-1cc8-5af5-9a4e-145003f3f04c,brunch,8,high_risk_share,high,somewhat_intimate,prior,0.76
ddf8ab2b-1cc8-5af5-9a4e-145003f3f04c,brunch,8,high_risk_share,high,somewhat_intimate,posterior,0.82
ddf8ab2b-1cc8-5af5-9a4e-145003f3f04c,oysters,9,high_risk_share,high,somewhat_formal,prior,0.81
ddf8ab2b-1cc8-5af5-9a4e-145003f3f04c,oysters,9,high_risk_share,high,somewhat_formal,posterior,0.83
ddf8ab2b-1cc8-5af5-9a4e-145003f3f04c,dip,10,low_risk_share,low,max_formal,prior,0.89
ddf8ab2b-1cc8-5af5-9a4e-145003f3f04c,dip,10,low_risk_share,low,max_formal,posterior,0.91
ddf8ab2b-1cc8-5af5-9a4e-145003f3f04c,fair,11,no_share,low,somewhat_intimate,prior,0.94
ddf8ab2b-1cc8-5af5-9a4e-145003f3f04c,fair,11,no_share,low,somewhat_intimate,posterior,0.93
ddf8ab2b-1cc8-5af5-9a4e-145003f3f04c,basketball,12,no_share,low,max_intimate,prior,0.83
ddf8ab2b-1cc8-5af5-9a4e-145003f3f04c,basketball,12,no_share,low,max_intimate,posterior,0.86
ddf8ab2b-1cc8-5af5-9a4e-145003f3f04c,cooking,13,high_risk_share,low,somewhat_intimate,prior,0.93
ddf8ab2b-1cc8-5af5-9a4e-145003f3f04c,cooking,13,high_risk_share,low,somewhat_intimate,posterior,0.88
ddf8ab2b-1cc8-5af5-9a4e-145003f3f04c,soup,14,low_risk_share,high,somewhat_formal,prior,0.88
ddf8ab2b-1cc8-5af5-9a4e-145003f3f04c,soup,14,low_risk_share,high,somewhat_formal,posterior,0.87
ddf8ab2b-1cc8-5af5-9a4e-145003f3f04c,takeout,15,low_risk_share,high,max_intimate,prior,0.91
ddf8ab2b-1cc8-5af5-9a4e-145003f3f04c,takeout,15,low_risk_share,high,max_intimate,posterior,0.92
42a24ecb-c3a4-57c5-9814-39cdec41f1af,wedding,0,high_risk_share,high,somewhat_formal,prior,0.35
42a24ecb-c3a4-57c5-9814-39cdec41f1af,wedding,0,high_risk_share,high,somewhat_formal,posterior,0.31
42a24ecb-c3a4-57c5-9814-39cdec41f1af,takeout,1,high_risk_share,low,somewhat_intimate,prior,0.6
42a24ecb-c3a4-57c5-9814-39cdec41f1af,takeout,1,high_risk_share,low,somewhat_intimate,posterior,0.61
42a24ecb-c3a4-57c5-9814-39cdec41f1af,cooking,2,no_share,low,max_formal,prior,0.7
42a24ecb-c3a4-57c5-9814-39cdec41f1af,cooking,2,no_share,low,max_formal,posterior,0.63
42a24ecb-c3a4-57c5-9814-39cdec41f1af,brunch,3,low_risk_share,low,max_intimate,prior,0.63
42a24ecb-c3a4-57c5-9814-39cdec41f1af,brunch,3,low_risk_share,low,max_intimate,posterior,0.76
42a24ecb-c3a4-57c5-9814-39cdec41f1af,fair,4,no_share,high,max_formal,prior,0.64
42a24ecb-c3a4-57c5-9814-39cdec41f1af,fair,4,no_share,high,max_formal,posterior,0.44
42a24ecb-c3a4-57c5-9814-39cdec41f1af,soup,5,high_risk_share,low,somewhat_formal,prior,0.55
42a24ecb-c3a4-57c5-9814-39cdec41f1af,soup,5,high_risk_share,low,somewhat_formal,posterior,0.34
42a24ecb-c3a4-57c5-9814-39cdec41f1af,dip,6,low_risk_share,high,max_intimate,prior,0.65
42a24ecb-c3a4-57c5-9814-39cdec41f1af,dip,6,low_risk_share,high,max_intimate,posterior,0.69
42a24ecb-c3a4-57c5-9814-39cdec41f1af,gala,7,low_risk_share,low,max_formal,prior,0.31
42a24ecb-c3a4-57c5-9814-39cdec41f1af,gala,7,low_risk_share,low,max_formal,posterior,0.68
42a24ecb-c3a4-57c5-9814-39cdec41f1af,apples,8,low_risk_share,high,somewhat_intimate,prior,0.58
42a24ecb-c3a4-57c5-9814-39cdec41f1af,apples,8,low_risk_share,high,somewhat_intimate,posterior,0.65
42a24ecb-c3a4-57c5-9814-39cdec41f1af,birthday,9,high_risk_share,high,max_formal,prior,0.69
42a24ecb-c3a4-57c5-9814-39cdec41f1af,birthday,9,high_risk_share,high,max_formal,posterior,0.4
42a24ecb-c3a4-57c5-9814-39cdec41f1af,drinks,10,low_risk_share,low,somewhat_formal,prior,0.41
42a24ecb-c3a4-57c5-9814-39cdec41f1af,drinks,10,low_risk_share,low,somewhat_formal,posterior,0.36
42a24ecb-c3a4-57c5-9814-39cdec41f1af,basketball,11,no_share,low,max_intimate,prior,0.67
42a24ecb-c3a4-57c5-9814-39cdec41f1af,basketball,11,no_share,low,max_intimate,posterior,0.62
42a24ecb-c3a4-57c5-9814-39cdec41f1af,oysters,12,high_risk_share,high,somewhat_intimate,prior,0.68
42a24ecb-c3a4-57c5-9814-39cdec41f1af,oysters,12,high_risk_share,high,somewhat_intimate,posterior,0.4
42a24ecb-c3a4-57c5-9814-39cdec41f1af,driving,13,no_share,low,somewhat_intimate,prior,0.37
42a24ecb-c3a4-57c5-9814-39cdec41f1af,driving,13,no_share,low,somewhat_intimate,posterior,0.18
42a24ecb-c3a4-57c5-9814-39cdec41f1af,social,14,no_share,high,max_intimate,prior,0.4
42a24ecb-c3a4-57c5-9814-39cdec41f1af,social,14,no_share,high,max_intimate,posterior,0.57
42a24ecb-c3a4-57c5-9814-39cdec41f1af,hike,15,low_risk_share,high,somewhat_formal,prior,0.61
42a24ecb-c3a4-57c5-9814-39cdec41f1af,hike,15,low_risk_share,high,somewhat_formal,posterior,0.68
a316bd8f-0560-5e42-9834-f23d43bc712a,hike,0,high_risk_share,low,max_intimate,prior,0.74
a316bd8f-0560-5e42-9834-f23d43bc712a,hike,0,high_risk_share,low,max_intimate,posterior,0.75
a316bd8f-0560-5e42-9834-f23d43bc712a,gala,1,high_risk_share,low,max_formal,prior,0.64
a316bd8f-0560-5e42-9834-f23d43bc712a,gala,1,high_risk_share,low,max_formal,posterior,0.64
a316bd8f-0560-5e42-9834-f23d43bc712a,soup,2,high_risk_share,high,max_intimate,prior,0.58
a316bd8f-0560-5e42-9834-f23d43bc712a,soup,2,high_risk_share,high,max_intimate,posterior,0.62
a316bd8f-0560-5e42-9834-f23d43bc712a,apples,3,high_risk_share,high,somewhat_formal,prior,0.54
a316bd8f-0560-5e42-9834-f23d43bc712a,apples,3,high_risk_share,high,somewhat_formal,posterior,0.59
a316bd8f-0560-5e42-9834-f23d43bc712a,brunch,4,low_risk_share,high,somewhat_formal,prior,0.53
a316bd8f-0560-5e42-9834-f23d43bc712a,brunch,4,low_risk_share,high,somewhat_formal,posterior,0.58
a316bd8f-0560-5e42-9834-f23d43bc712a,birthday,5,low_risk_share,high,max_formal,prior,0.5
a316bd8f-0560-5e42-9834-f23d43bc712a,birthday,5,low_risk_share,high,max_formal,posterior,0.53
a316bd8f-0560-5e42-9834-f23d43bc712a,dip,6,high_risk_share,low,somewhat_intimate,prior,0.55
a316bd8f-0560-5e42-9834-f23d43bc712a,dip,6,high_risk_share,low,somewhat_intimate,posterior,0.52
a316bd8f-0560-5e42-9834-f23d43bc712a,driving,7,no_share,low,somewhat_formal,prior,0.42
a316bd8f-0560-5e42-9834-f23d43bc712a,driving,7,no_share,low,somewhat_formal,posterior,0.4
a316bd8f-0560-5e42-9834-f23d43bc712a,fair,8,low_risk_share,low,somewhat_intimate,prior,0.53
a316bd8f-0560-5e42-9834-f23d43bc712a,fair,8,low_risk_share,low,somewhat_intimate,posterior,0.61
a316bd8f-0560-5e42-9834-f23d43bc712a,drinks,9,low_risk_share,low,max_formal,prior,0.42
a316bd8f-0560-5e42-9834-f23d43bc712a,drinks,9,low_risk_share,low,max_formal,posterior,0.47
a316bd8f-0560-5e42-9834-f23d43bc712a,social,10,no_share,high,max_intimate,prior,0.67
a316bd8f-0560-5e42-9834-f23d43bc712a,social,10,no_share,high,max_intimate,posterior,0.19
a316bd8f-0560-5e42-9834-f23d43bc712a,oysters,11,no_share,low,max_formal,prior,0.56
a316bd8f-0560-5e42-9834-f23d43bc712a,oysters,11,no_share,low,max_formal,posterior,0.46
a316bd8f-0560-5e42-9834-f23d43bc712a,cooking,12,no_share,low,somewhat_intimate,prior,0.73
a316bd8f-0560-5e42-9834-f23d43bc712a,cooking,12,no_share,low,somewhat_intimate,posterior,0.55
a316bd8f-0560-5e42-9834-f23d43bc712a,wedding,13,no_share,high,somewhat_formal,prior,0.5
a316bd8f-0560-5e42-9834-f23d43bc712a,wedding,13,no_share,high,somewhat_formal,posterior,0.5
a316bd8f-0560-5e42-9834-f23d43bc712a,basketball,14,no_share,high,somewhat_intimate,prior,0.37
a316bd8f-0560-5e42-9834-f23d43bc712a,basketball,14,no_share,high,somewhat_intimate,posterior,0.16
a316bd8f-0560-5e42-9834-f23d43bc712a,takeout,15,low_risk_share,high,max_intimate,prior,0.58
a316bd8f-0560-5e42-9834-f23d43bc712a,takeout,15,low_risk_share,high,max_intimate,posterior,0.67
45f1650d-0f6a-5f41-adf0-54679a57fe8b,cooking,0,high_risk_share,high,max_formal,prior,1.0
45f1650d-0f6a-5f41-adf0-54679a57fe8b,cooking,0,high_risk_share,high,max_formal,posterior,0.92
45f1650d-0f6a-5f41-adf0-54679a57fe8b,drinks,1,low_risk_share,high,max_intimate,prior,0.62
45f1650d-0f6a-5f41-adf0-54679a57fe8b,drinks,1,low_risk_share,high,max_intimate,posterior,0.75
45f1650d-0f6a-5f41-adf0-54679a57fe8b,soup,2,no_share,high,max_intimate,prior,0.82
45f1650d-0f6a-5f41-adf0-54679a57fe8b,soup,2,no_share,high,max_intimate,posterior,0.0
45f1650d-0f6a-5f41-adf0-54679a57fe8b,birthday,3,no_share,low,max_intimate,prior,0.67
45f1650d-0f6a-5f41-adf0-54679a57fe8b,birthday,3,no_share,low,max_intimate,posterior,0.0
45f1650d-0f6a-5f41-adf0-54679a57fe8b,social,4,high_risk_share,low,somewhat_formal,prior,0.49
45f1650d-0f6a-5f41-adf0-54679a57fe8b,social,4,high_risk_share,low,somewhat_formal,posterior,1.0
45f1650d-0f6a-5f41-adf0-54679a57fe8b,dip,5,no_share,low,max_formal,prior,0.85
45f1650d-0f6a-5f41-adf0-54679a57fe8b,dip,5,no_share,low,max_formal,posterior,0.13
45f1650d-0f6a-5f41-adf0-54679a57fe8b,basketball,6,high_risk_share,high,somewhat_intimate,prior,0.89
45f1650d-0f6a-5f41-adf0-54679a57fe8b,basketball,6,high_risk_share,high,somewhat_intimate,posterior,1.0
45f1650d-0f6a-5f41-adf0-54679a57fe8b,takeout,7,low_risk_share,low,max_intimate,prior,0.91
45f1650d-0f6a-5f41-adf0-54679a57fe8b,takeout,7,low_risk_share,low,max_intimate,posterior,1.0
45f1650d-0f6a-5f41-adf0-54679a57fe8b,driving,8,low_risk_share,low,max_formal,prior,1.0
45f1650d-0f6a-5f41-adf0-54679a57fe8b,driving,8,low_risk_share,low,max_formal,posterior,1.0
45f1650d-0f6a-5f41-adf0-54679a57fe8b,fair,9,no_share,low,somewhat_intimate,prior,0.5
45f1650d-0f6a-5f41-adf0-54679a57fe8b,fair,9,no_share,low,somewhat_intimate,posterior,0.31
45f1650d-0f6a-5f41-adf0-54679a57fe8b,wedding,10,high_risk_share,low,somewhat_intimate,prior,1.0
45f1650d-0f6a-5f41-adf0-54679a57fe8b,wedding,10,high_risk_share,low,somewhat_intimate,posterior,1.0
45f1650d-0f6a-5f41-adf0-54679a57fe8b,apples,11,low_risk_share,low,somewhat_formal,prior,0.82
45f1650d-0f6a-5f41-adf0-54679a57fe8b,apples,11,low_risk_share,low,somewhat_formal,posterior,1.0
45f1650d-0f6a-5f41-adf0-54679a57fe8b,gala,12,no_share,high,max_formal,prior,0.13
45f1650d-0f6a-5f41-adf0-54679a57fe8b,gala,12,no_share,high,max_formal,posterior,0.0
45f1650d-0f6a-5f41-adf0-54679a57fe8b,oysters,13,high_risk_share,high,somewhat_formal,prior,0.86
45f1650d-0f6a-5f41-adf0-54679a57fe8b,oysters,13,high_risk_share,high,somewhat_formal,posterior,1.0
45f1650d-0f6a-5f41-adf0-54679a57fe8b,hike,14,low_risk_share,high,somewhat_intimate,prior,0.93
45f1650d-0f6a-5f41-adf0-54679a57fe8b,hike,14,low_risk_share,high,somewhat_intimate,posterior,1.0
45f1650d-0f6a-5f41-adf0-54679a57fe8b,brunch,15,low_risk_share,high,somewhat_formal,prior,0.5
45f1650d-0f6a-5f41-adf0-54679a57fe8b,brunch,15,low_risk_share,high,somewhat_formal,posterior,0.95
28dbd926-0529-5c50-a2c7-8dca5240bc7d,drinks,0,high_risk_share,low,somewhat_formal,prior,0.62
28dbd926-0529-5c50-a2c7-8dca5240bc7d,drinks,0,high_risk_share,low,somewhat_formal,posterior,1.0
28dbd926-0529-5c50-a2c7-8dca5240bc7d,cooking,1,high_risk_share,low,max_formal,prior,0.92
28dbd926-0529-5c50-a2c7-8dca5240bc7d,cooking,1,high_risk_share,low,max_formal,posterior,1.0
28dbd926-0529-5c50-a2c7-8dca5240bc7d,birthday,2,high_risk_share,high,max_intimate,prior,1.0
28dbd926-0529-5c50-a2c7-8dca5240bc7d,birthday,2,high_risk_share,high,max_intimate,posterior,1.0
28dbd926-0529-5c50-a2c7-8dca5240bc7d,driving,3,no_share,low,somewhat_formal,prior,1.0
28dbd926-0529-5c50-a2c7-8dca5240bc7d,driving,3,no_share,low,somewhat_formal,posterior,1.0
28dbd926-0529-5c50-a2c7-8dca5240bc7d,oysters,4,low_risk_share,high,somewhat_intimate,prior,1.0
28dbd926-0529-5c50-a2c7-8dca5240bc7d,oysters,4,low_risk_share,high,somewhat_intimate,posterior,1.0
28dbd926-0529-5c50-a2c7-8dca5240bc7d,gala,5,high_risk_share,high,max_formal,prior,0.53
28dbd926-0529-5c50-a2c7-8dca5240bc7d,gala,5,high_risk_share,high,max_formal,posterior,0.62
28dbd926-0529-5c50-a2c7-8dca5240bc7d,hike,6,high_risk_share,high,somewhat_intimate,prior,1.0
28dbd926-0529-5c50-a2c7-8dca5240bc7d,hike,6,high_risk_share,high,somewhat_intimate,posterior,1.0
28dbd926-0529-5c50-a2c7-8dca5240bc7d,apples,7,no_share,high,somewhat_formal,prior,0.42
28dbd926-0529-5c50-a2c7-8dca5240bc7d,apples,7,no_share,high,somewhat_formal,posterior,0.4
28dbd926-0529-5c50-a2c7-8dca5240bc7d,dip,8,no_share,high,somewhat_intimate,prior,1.0
28dbd926-0529-5c50-a2c7-8dca5240bc7d,dip,8,no_share,high,somewhat_intimate,posterior,1.0
28dbd926-0529-5c50-a2c7-8dca5240bc7d,takeout,9,low_risk_share,low,somewhat_formal,prior,1.0
28dbd926-0529-5c50-a2c7-8dca5240bc7d,takeout,9,low_risk_share,low,somewhat_formal,posterior,1.0
28dbd926-0529-5c50-a2c7-8dca5240bc7d,wedding,10,low_risk_share,low,somewhat_intimate,prior,0.93
28dbd926-0529-5c50-a2c7-8dca5240bc7d,wedding,10,low_risk_share,low,somewhat_intimate,posterior,0.92
28dbd926-0529-5c50-a2c7-8dca5240bc7d,fair,11,low_risk_share,high,max_formal,prior,1.0
28dbd926-0529-5c50-a2c7-8dca5240bc7d,fair,11,low_risk_share,high,max_formal,posterior,1.0
28dbd926-0529-5c50-a2c7-8dca5240bc7d,basketball,12,no_share,high,max_formal,prior,0.99
28dbd926-0529-5c50-a2c7-8dca5240bc7d,basketball,12,no_share,high,max_formal,posterior,0.98
28dbd926-0529-5c50-a2c7-8dca5240bc7d,social,13,low_risk_share,low,max_intimate,prior,1.0
28dbd926-0529-5c50-a2c7-8dca5240bc7d,social,13,low_risk_share,low,max_intimate,posterior,1.0
28dbd926-0529-5c50-a2c7-8dca5240bc7d,brunch,14,high_risk_share,low,max_intimate,prior,0.38
28dbd926-0529-5c50-a2c7-8dca5240bc7d,brunch,14,high_risk_share,low,max_intimate,posterior,0.79
28dbd926-0529-5c50-a2c7-8dca5240bc7d,soup,15,no_share,low,max_intimate,prior,0.91
28dbd926-0529-5c50-a2c7-8dca5240bc7d,soup,15,no_share,low,max_intimate,posterior,0.63
847bf47d-35f5-5877-b947-061f5ad3adcc,takeout,0,no_share,low,max_formal,prior,0.71
847bf47d-35f5-5877-b947-061f5ad3adcc,takeout,0,no_share,low,max_formal,posterior,0.35
847bf47d-35f5-5877-b947-061f5ad3adcc,social,1,no_share,low,somewhat_intimate,prior,0.6
847bf47d-35f5-5877-b947-061f5ad3adcc,social,1,no_share,low,somewhat_intimate,posterior,0.44
847bf47d-35f5-5877-b947-061f5ad3adcc,soup,2,low_risk_share,low,max_formal,prior,0.5
847bf47d-35f5-5877-b947-061f5ad3adcc,soup,2,low_risk_share,low,max_formal,posterior,0.82
847bf47d-35f5-5877-b947-061f5ad3adcc,hike,3,low_risk_share,high,somewhat_formal,prior,0.79
847bf47d-35f5-5877-b947-061f5ad3adcc,hike,3,low_risk_share,high,somewhat_formal,posterior,0.85
847bf47d-35f5-5877-b947-061f5ad3adcc,dip,4,no_share,low,somewhat_formal,prior,0.72
847bf47d-35f5-5877-b947-061f5ad3adcc,dip,4,no_share,low,somewhat_formal,posterior,0.4
847bf47d-35f5-5877-b947-061f5ad3adcc,drinks,5,high_risk_share,low,max_formal,prior,0.61
847bf47d-35f5-5877-b947-061f5ad3adcc,drinks,5,high_risk_share,low,max_formal,posterior,0.91
847bf47d-35f5-5877-b947-061f5ad3adcc,basketball,6,high_risk_share,high,max_intimate,prior,0.82
847bf47d-35f5-5877-b947-061f5ad3adcc,basketball,6,high_risk_share,high,max_intimate,posterior,0.89
847bf47d-35f5-5877-b947-061f5ad3adcc,brunch,7,no_share,high,somewhat_intimate,prior,0.8
847bf47d-35f5-5877-b947-061f5ad3adcc,brunch,7,no_share,high,somewhat_intimate,posterior,0.48
847bf47d-35f5-5877-b947-061f5ad3adcc,driving,8,low_risk_share,high,max_formal,prior,0.79
847bf47d-35f5-5877-b947-061f5ad3adcc,driving,8,low_risk_share,high,max_formal,posterior,0.78
847bf47d-35f5-5877-b947-061f5ad3adcc,fair,9,high_risk_share,low,somewhat_intimate,prior,0.6
847bf47d-35f5-5877-b947-061f5ad3adcc,fair,9,high_risk_share,low,somewhat_intimate,posterior,0.91
847bf47d-35f5-5877-b947-061f5ad3adcc,birthday,10,high_risk_share,high,somewhat_formal,prior,0.68
847bf47d-35f5-5877-b947-061f5ad3adcc,birthday,10,high_risk_share,high,somewhat_formal,posterior,0.83
847bf47d-35f5-5877-b947-061f5ad3adcc,gala,11,low_risk_share,low,somewhat_intimate,prior,0.77
847bf47d-35f5-5877-b947-061f5ad3adcc,gala,11,low_risk_share,low,somewhat_intimate,posterior,0.82
847bf47d-35f5-5877-b947-061f5ad3adcc,cooking,12,no_share,high,somewhat_formal,prior,0.89
847bf47d-35f5-5877-b947-061f5ad3adcc,cooking,12,no_share,high,somewhat_formal,posterior,0.45
847bf47d-35f5-5877-b947-061f5ad3adcc,oysters,13,low_risk_share,high,max_intimate,prior,0.89
847bf47d-35f5-5877-b947-061f5ad3adcc,oysters,13,low_risk_share,high,max_intimate,posterior,0.96
847bf47d-35f5-5877-b947-061f5ad3adcc,apples,14,high_risk_share,low,max_intimate,prior,0.8
847bf47d-35f5-5877-b947-061f5ad3adcc,apples,14,high_risk_share,low,max_intimate,posterior,0.9
847bf47d-35f5-5877-b947-061f5ad3adcc,wedding,15,no_share,high,max_intimate,prior,0.88
847bf47d-35f5-5877-b947-061f5ad3adcc,wedding,15,no_share,high,max_intimate,posterior,0.62
0c4eb614-cb12-53ca-9cd1-ffa89ddc0199,fair,0,high_risk_share,high,max_formal,prior,0.8
0c4eb614-cb12-53ca-9cd1-ffa89ddc0199,fair,0,high_risk_share,high,max_formal,posterior,0.17
0c4eb614-cb12-53ca-9cd1-ffa89ddc0199,driving,1,low_risk_share,high,max_intimate,prior,0.81
0c4eb614-cb12-53ca-9cd1-ffa89ddc0199,driving,1,low_risk_share,high,max_intimate,posterior,0.76
0c4eb614-cb12-53ca-9cd1-ffa89ddc0199,oysters,2,high_risk_share,high,somewhat_formal,prior,0.74
0c4eb614-cb12-53ca-9cd1-ffa89ddc0199,oysters,2,high_risk_share,high,somewhat_formal,posterior,0.3
0c4eb614-cb12-53ca-9cd1-ffa89ddc0199,social,3,no_share,low,max_intimate,prior,0.69
0c4eb614-cb12-53ca-9cd1-ffa89ddc0199,social,3,no_share,low,max_intimate,posterior,0.0
0c4eb614-cb12-53ca-9cd1-ffa89ddc0199,drinks,4,high_risk_share,low,somewhat_intimate,prior,0.66
0c4eb614-cb12-53ca-9cd1-ffa89ddc0199,drinks,4,high_risk_share,low,somewhat_intimate,posterior,0.79
0c4eb614-cb12-53ca-9cd1-ffa89ddc0199,birthday,5,low_risk_share,low,max_formal,prior,0.66
0c4eb614-cb12-53ca-9cd1-ffa89ddc0199,birthday,5,low_risk_share,low,max_formal,posterior,0.79
0c4eb614-cb12-53ca-9cd1-ffa89ddc0199,wedding,6,no_share,high,max_formal,prior,0.73
0c4eb614-cb12-53ca-9cd1-ffa89ddc0199,wedding,6,no_share,high,max_formal,posterior,0.04
0c4eb614-cb12-53ca-9cd1-ffa89ddc0199,apples,7,no_share,low,max_formal,prior,0.65
0c4eb614-cb12-53ca-9cd1-ffa89ddc0199,apples,7,no_share,low,max_formal,posterior,0.3
0c4eb614-cb12-53ca-9cd1-ffa89ddc0199,dip,8,high_risk_share,low,somewhat_formal,prior,0.55
0c4eb614-cb12-53ca-9cd1-ffa89ddc0199,dip,8,high_risk_share,low,somewhat_formal,posterior,0.68
0c4eb614-cb12-53ca-9cd1-ffa89ddc0199,takeout,9,low_risk_share,low,somewhat_formal,prior,0.72
0c4eb614-cb12-53ca-9cd1-ffa89ddc0199,takeout,9,low_risk_share,low,somewhat_formal,posterior,0.89
0c4eb614-cb12-53ca-9cd1-ffa89ddc0199,soup,10,low_risk_share,high,somewhat_formal,prior,0.63
0c4eb614-cb12-53ca-9cd1-ffa89ddc0199,soup,10,low_risk_share,high,somewhat_formal,posterior,0.45
0c4eb614-cb12-53ca-9cd1-ffa89ddc0199,hike,11,low_risk_share,high,somewhat_intimate,prior,0.57
0c4eb614-cb12-53ca-9cd1-ffa89ddc0199,hike,11,low_risk_share,high,somewhat_intimate,posterior,0.8
0c4eb614-cb12-53ca-9cd1-ffa89ddc0199,basketball,12,no_share,high,max_intimate,prior,0.89
0c4eb614-cb12-53ca-9cd1-ffa89ddc0199,basketball,12,no_share,high,max_intimate,posterior,0.81
0c4eb614-cb12-53ca-9cd1-ffa89ddc0199,brunch,13,high_risk_share,high,somewhat_intimate,prior,0.77
0c4eb614-cb12-53ca-9cd1-ffa89ddc0199,brunch,13,high_risk_share,high,somewhat_intimate,posterior,0.73
0c4eb614-cb12-53ca-9cd1-ffa89ddc0199,gala,14,no_share,low,somewhat_intimate,prior,0.66
0c4eb614-cb12-53ca-9cd1-ffa89ddc0199,gala,14,no_share,low,somewhat_intimate,posterior,0.57
0c4eb614-cb12-53ca-9cd1-ffa89ddc0199,cooking,15,low_risk_share,low,max_intimate,prior,0.61
0c4eb614-cb12-53ca-9cd1-ffa89ddc0199,cooking,15,low_risk_share,low,max_intimate,posterior,0.85
21a2772a-5224-55e5-8075-dcbfb5789963,brunch,0,high_risk_share,low,max_intimate,prior,0.78
21a2772a-5224-55e5-8075-dcbfb5789963,brunch,0,high_risk_share,low,max_intimate,posterior,0.88
21a2772a-5224-55e5-8075-dcbfb5789963,birthday,1,no_share,low,somewhat_formal,prior,0.67
21a2772a-5224-55e5-8075-dcbfb5789963,birthday,1,no_share,low,somewhat_formal,posterior,0.19
21a2772a-5224-55e5-8075-dcbfb5789963,gala,2,low_risk_share,high,max_intimate,prior,0.84
21a2772a-5224-55e5-8075-dcbfb5789963,gala,2,low_risk_share,high,max_intimate,posterior,0.97
21a2772a-5224-55e5-8075-dcbfb5789963,takeout,3,high_risk_share,low,max_formal,prior,0.22
21a2772a-5224-55e5-8075-dcbfb5789963,takeout,3,high_risk_share,low,max_formal,posterior,0.75
21a2772a-5224-55e5-8075-dcbfb5789963,driving,4,low_risk_share,high,max_formal,prior,0.87
21a2772a-5224-55e5-8075-dcbfb5789963,driving,4,low_risk_share,high,max_formal,posterior,0.98
21a2772a-5224-55e5-8075-dcbfb5789963,apples,5,low_risk_share,low,somewhat_intimate,prior,0.96
21a2772a-5224-55e5-8075-dcbfb5789963,apples,5,low_risk_share,low,somewhat_intimate,posterior,0.99
21a2772a-5224-55e5-8075-dcbfb5789963,hike,6,low_risk_share,high,somewhat_formal,prior,0.96
21a2772a-5224-55e5-8075-dcbfb5789963,hike,6,low_risk_share,high,somewhat_formal,posterior,0.95
21a2772a-5224-55e5-8075-dcbfb5789963,dip,7,no_share,low,max_formal,prior,0.96
21a2772a-5224-55e5-8075-dcbfb5789963,dip,7,no_share,low,max_formal,posterior,0.62
21a2772a-5224-55e5-8075-dcbfb5789963,drinks,8,no_share,low,somewhat_intimate,prior,0.67
21a2772a-5224-55e5-8075-dcbfb5789963,drinks,8,no_share,low,somewhat_intimate,posterior,0.12
21a2772a-5224-55e5-8075-dcbfb5789963,wedding,9,no_share,high,somewhat_intimate,prior,0.86
21a2772a-5224-55e5-8075-dcbfb5789963,wedding,9,no_share,high,somewhat_intimate,posterior,0.4
21a2772a-5224-55e5-8075-dcbfb5789963,fair,10,high_risk_share,high,somewhat_formal,prior,0.32
21a2772a-5224-55e5-8075-dcbfb5789963,fair,10,high_risk_share,high,somewhat_formal,posterior,0.88
21a2772a-5224-55e5-8075-dcbfb5789963,basketball,11,no_share,high,somewhat_formal,prior,0.81
21a2772a-5224-55e5-8075-dcbfb5789963,basketball,11,no_share,high,somewhat_formal,posterior,0.87
21a2772a-5224-55e5-8075-dcbfb5789963,social,12,high_risk_share,high,max_intimate,prior,0.84
21a2772a-5224-55e5-8075-dcbfb5789963,social,12,high_risk_share,high,max_intimate,posterior,0.93
21a2772a-5224-55e5-8075-dcbfb5789963,soup,13,no_share,high,max_intimate,prior,0.87
21a2772a-5224-55e5-8075-dcbfb5789963,soup,13,no_share,high,max_intimate,posterior,0.72
21a2772a-5224-55e5-8075-dcbfb5789963,cooking,14,low_risk_share,low,max_formal,prior,0.95
21a2772a-5224-55e5-8075-dcbfb5789963,cooking,14,low_risk_share,low,max_formal,posterior,0.98
21a2772a-5224-55e5-8075-dcbfb5789963,oysters,15,high_risk_share,low,somewhat_intimate,prior,0.75
21a2772a-5224-55e5-8075-dcbfb5789963,oysters,15,high_risk_share,low,somewhat_intimate,posterior,0.95
00bd92b8-6d0e-5de1-a46e-423739705749,social,0,high_risk_share,low,somewhat_intimate,prior,0.86
00bd92b8-6d0e-5de1-a46e-423739705749,social,0,high_risk_share,low,somewhat_intimate,posterior,0.91
00bd92b8-6d0e-5de1-a46e-423739705749,wedding,1,low_risk_share,high,max_intimate,prior,0.83
00bd92b8-6d0e-5de1-a46e-423739705749,wedding,1,low_risk_share,high,max_intimate,posterior,0.88
00bd92b8-6d0e-5de1-a46e-423739705749,brunch,2,no_share,low,max_formal,prior,0.17
00bd92b8-6d0e-5de1-a46e-423739705749,brunch,2,no_share,low,max_formal,posterior,0.0
00bd92b8-6d0e-5de1-a46e-423739705749,driving,3,no_share,low,somewhat_formal,prior,0.64
00bd92b8-6d0e-5de1-a46e-423739705749,driving,3,no_share,low,somewhat_formal,posterior,0.75
00bd92b8-6d0e-5de1-a46e-423739705749,basketball,4,high_risk_share,high,max_intimate,prior,0.87
00bd92b8-6d0e-5de1-a46e-423739705749,basketball,4,high_risk_share,high,max_intimate,posterior,1.0
00bd92b8-6d0e-5de1-a46e-423739705749,apples,5,low_risk_share,low,max_formal,prior,0.73
00bd92b8-6d0e-5de1-a46e-423739705749,apples,5,low_risk_share,low,max_formal,posterior,0.67
00bd92b8-6d0e-5de1-a46e-423739705749,soup,6,high_risk_share,low,max_formal,prior,0.0
00bd92b8-6d0e-5de1-a46e-423739705749,soup,6,high_risk_share,low,max_formal,posterior,0.0
00bd92b8-6d0e-5de1-a46e-423739705749,fair,7,no_share,high,max_intimate,prior,0.55
00bd92b8-6d0e-5de1-a46e-423739705749,fair,7,no_share,high,max_intimate,posterior,0.56
00bd92b8-6d0e-5de1-a46e-423739705749,takeout,8,no_share,high,somewhat_formal,prior,0.6
00bd92b8-6d0e-5de1-a46e-423739705749,takeout,8,no_share,high,somewhat_formal,posterior,0.0
00bd92b8-6d0e-5de1-a46e-423739705749,gala,9,low_risk_share,high,max_formal,prior,0.2
00bd92b8-6d0e-5de1-a46e-423739705749,gala,9,low_risk_share,high,max_formal,posterior,0.6
00bd92b8-6d0e-5de1-a46e-423739705749,oysters,10,no_share,low,somewhat_intimate,prior,0.9
00bd92b8-6d0e-5de1-a46e-423739705749,oysters,10,no_share,low,somewhat_intimate,posterior,0.62
00bd92b8-6d0e-5de1-a46e-423739705749,birthday,11,no_share,high,somewhat_intimate,prior,0.69
00bd92b8-6d0e-5de1-a46e-423739705749,birthday,11,no_share,high,somewhat_intimate,posterior,0.0
00bd92b8-6d0e-5de1-a46e-423739705749,hike,12,low_risk_share,high,somewhat_formal,prior,0.84
00bd92b8-6d0e-5de1-a46e-423739705749,hike,12,low_risk_share,high,somewhat_formal,posterior,0.94
00bd92b8-6d0e-5de1-a46e-423739705749,dip,13,high_risk_share,low,max_intimate,prior,0.85
00bd92b8-6d0e-5de1-a46e-423739705749,dip,13,high_risk_share,low,max_intimate,posterior,0.9
00bd92b8-6d0e-5de1-a46e-423739705749,drinks,14,low_risk_share,low,somewhat_intimate,prior,0.89
00bd92b8-6d0e-5de1-a46e-423739705749,drinks,14,low_risk_share,low,somewhat_intimate,posterior,0.94
00bd92b8-6d0e-5de1-a46e-423739705749,cooking,15,high_risk_share,high,somewhat_formal,prior,0.59
00bd92b8-6d0e-5de1-a46e-423739705749,cooking,15,high_risk_share,high,somewhat_formal,posterior,0.86
cd736aa3-c7ed-5f24-81f1-e763da86c82c,drinks,0,high_risk_share,low,max_intimate,prior,0.21
cd736aa3-c7ed-5f24-81f1-e763da86c82c,drinks,0,high_risk_share,low,max_intimate,posterior,0.9
cd736aa3-c7ed-5f24-81f1-e763da86c82c,hike,1,high_risk_share,high,somewhat_formal,prior,0.96
cd736aa3-c7ed-5f24-81f1-e763da86c82c,hike,1,high_risk_share,high,somewhat_formal,posterior,1.0
cd736aa3-c7ed-5f24-81f1-e763da86c82c,soup,2,no_share,low,somewhat_formal,prior,0.36
cd736aa3-c7ed-5f24-81f1-e763da86c82c,soup,2,no_share,low,somewhat_formal,posterior,0.23
cd736aa3-c7ed-5f24-81f1-e763da86c82c,basketball,3,low_risk_share,low,somewhat_intimate,prior,0.55
cd736aa3-c7ed-5f24-81f1-e763da86c82c,basketball,3,low_risk_share,low,somewhat_intimate,posterior,0.61
cd736aa3-c7ed-5f24-81f1-e763da86c82c,dip,4,no_share,low,max_formal,prior,0.71
cd736aa3-c7ed-5f24-81f1-e763da86c82c,dip,4,no_share,low,max_formal,posterior,0.48
cd736aa3-c7ed-5f24-81f1-e763da86c82c,social,5,low_risk_share,high,somewhat_formal,prior,0.86
cd736aa3-c7ed-5f24-81f1-e763da86c82c,social,5,low_risk_share,high,somewhat_formal,posterior,0.95
cd736aa3-c7ed-5f24-81f1-e763da86c82c,gala,6,no_share,high,somewhat_formal,prior,0.65
cd736aa3-c7ed-5f24-81f1-e763da86c82c,gala,6,no_share,high,somewhat_formal,posterior,0.65
cd736aa3-c7ed-5f24-81f1-e763da86c82c,fair,7,low_risk_share,high,max_formal,prior,0.8
cd736aa3-c7ed-5f24-81f1-e763da86c82c,fair,7,low_risk_share,high,max_formal,posterior,0.89
cd736aa3-c7ed-5f24-81f1-e763da86c82c,birthday,8,low_risk_share,high,max_intimate,prior,0.48
cd736aa3-c7ed-5f24-81f1-e763da86c82c,birthday,8,low_risk_share,high,max_intimate,posterior,0.52
cd736aa3-c7ed-5f24-81f1-e763da86c82c,takeout,9,low_risk_share,low,max_formal,prior,0.22
cd736aa3-c7ed-5f24-81f1-e763da86c82c,takeout,9,low_risk_share,low,max_formal,posterior,0.73
cd736aa3-c7ed-5f24-81f1-e763da86c82c,driving,10,no_share,high,max_intimate,prior,0.6
cd736aa3-c7ed-5f24-81f1-e763da86c82c,driving,10,no_share,high,max_intimate,posterior,0.31
cd736aa3-c7ed-5f24-81f1-e763da86c82c,brunch,11,high_risk_share,low,somewhat_intimate,prior,0.86
cd736aa3-c7ed-5f24-81f1-e763da86c82c,brunch,11,high_risk_share,low,somewhat_intimate,posterior,0.98
cd736aa3-c7ed-5f24-81f1-e763da86c82c,oysters,12,high_risk_share,high,max_intimate,prior,0.68
cd736aa3-c7ed-5f24-81f1-e763da86c82c,oysters,12,high_risk_share,high,max_intimate,posterior,1.0
cd736aa3-c7ed-5f24-81f1-e763da86c82c,cooking,13,no_share,high,somewhat_intimate,prior,0.97
cd736aa3-c7ed-5f24-81f1-e763da86c82c,cooking,13,no_share,high,somewhat_intimate,posterior,0.99
cd736aa3-c7ed-5f24-81f1-e763da86c82c,wedding,14,no_share,low,somewhat_intimate,prior,0.82
cd736aa3-c7ed-5f24-81f1-e763da86c82c,wedding,14,no_share,low,somewhat_intimate,posterior,0.79
cd736aa3-c7ed-5f24-81f1-e763da86c82c,apples,15,high_risk_share,low,max_formal,prior,0.55
cd736aa3-c7ed-5f24-81f1-e763da86c82c,apples,15,high_risk_share,low,max_formal,posterior,1.0
014a01f9-bf22-55ee-a4bf-a381dd834058,brunch,0,low_risk_share,high,somewhat_formal,prior,0.75
014a01f9-bf22-55ee-a4bf-a381dd834058,brunch,0,low_risk_share,high,somewhat_formal,posterior,0.87
014a01f9-bf22-55ee-a4bf-a381dd834058,oysters,1,high_risk_share,low,somewhat_intimate,prior,0.37
014a01f9-bf22-55ee-a4bf-a381dd834058,oysters,1,high_risk_share,low,somewhat_intimate,posterior,0.66
014a01f9-bf22-55ee-a4bf-a381dd834058,cooking,2,low_risk_share,high,max_formal,prior,0.71
014a01f9-bf22-55ee-a4bf-a381dd834058,cooking,2,low_risk_share,high,max_formal,posterior,0.78
014a01f9-bf22-55ee-a4bf-a381dd834058,dip,3,no_share,high,somewhat_formal,prior,0.34
014a01f9-bf22-55ee-a4bf-a381dd834058,dip,3,no_share,high,somewhat_formal,posterior,0.27
014a01f9-bf22-55ee-a4bf-a381dd834058,driving,4,high_risk_share,high,somewhat_formal,prior,0.21
014a01f9-bf22-55ee-a4bf-a381dd834058,driving,4,high_risk_share,high,somewhat_formal,posterior,0.33
014a01f9-bf22-55ee-a4bf-a381dd834058,wedding,5,low_risk_share,low,max_formal,prior,0.77
014a01f9-bf22-55ee-a4bf-a381dd834058,wedding,5,low_risk_share,low,max_formal,posterior,0.84
014a01f9-bf22-55ee-a4bf-a381dd834058,gala,6,high_risk_share,low,max_formal,prior,0.49
014a01f9-bf22-55ee-a4bf-a381dd834058,gala,6,high_risk_share,low,max_formal,posterior,0.4
014a01f9-bf22-55ee-a4bf-a381dd834058,birthday,7,low_risk_share,high,max_intimate,prior,0.3
014a01f9-bf22-55ee-a4bf-a381dd834058,birthday,7,low_risk_share,high,max_intimate,posterior,0.66
014a01f9-bf22-55ee-a4bf-a381dd834058,drinks,8,no_share,low,max_formal,prior,0.79
014a01f9-bf22-55ee-a4bf-a381dd834058,drinks,8,no_share,low,max_formal,posterior,0.33
014a01f9-bf22-55ee-a4bf-a381dd834058,takeout,9,no_share,low,somewhat_formal,prior,0.76
014a01f9-bf22-55ee-a4bf-a381dd834058,takeout,9,no_share,low,somewhat_formal,posterior,0.32
014a01f9-bf22-55ee-a4bf-a381dd834058,soup,10,high_risk_share,high,max_intimate,prior,0.73
014a01f9-bf22-55ee-a4bf-a381dd834058,soup,10,high_risk_share,high,max_intimate,posterior,0.84
014a01f9-bf22-55ee-a4bf-a381dd834058,social,11,no_share,high,max_intimate,prior,0.32
014a01f9-bf22-55ee-a4bf-a381dd834058,social,11,no_share,high,max_intimate,posterior,0.23
014a01f9-bf22-55ee-a4bf-a381dd834058,basketball,12,no_share,low,somewhat_intimate,prior,0.72
014a01f9-bf22-55ee-a4bf-a381dd834058,basketball,12,no_share,low,somewhat_intimate,posterior,0.28
014a01f9-bf22-55ee-a4bf-a381dd834058,hike,13,no_share,high,somewhat_intimate,prior,0.28
014a01f9-bf22-55ee-a4bf-a381dd834058,hike,13,no_share,high,somewhat_intimate,posterior,0.74
014a01f9-bf22-55ee-a4bf-a381dd834058,apples,14,low_risk_share,low,somewhat_intimate,prior,0.83
014a01f9-bf22-55ee-a4bf-a381dd834058,apples,14,low_risk_share,low,somewhat_intimate,posterior,0.91
014a01f9-bf22-55ee-a4bf-a381dd834058,fair,15,high_risk_share,low,max_intimate,prior,0.8
014a01f9-bf22-55ee-a4bf-a381dd834058,fair,15,high_risk_share,low,max_intimate,posterior,0.91
62186eff-275f-5003-8203-7b71d97f5db3,social,0,high_risk_share,high,max_formal,prior,0.5
62186eff-275f-5003-8203-7b71d97f5db3,social,0,high_risk_share,high,max_formal,posterior,1.0
62186eff-275f-5003-8203-7b71d97f5db3,dip,1,no_share,high,max_intimate,prior,0.79
62186eff-275f-5003-8203-7b71d97f5db3,dip,1,no_share,high,max_intimate,posterior,0.77
62186eff-275f-5003-8203-7b71d97f5db3,wedding,2,low_risk_share,low,max_intimate,prior,0.75
62186eff-275f-5003-8203-7b71d97f5db3,wedding,2,low_risk_share,low,max_intimate,posterior,1.0
62186eff-275f-5003-8203-7b71d97f5db3,cooking,3,no_share,high,max_formal,prior,0.67
62186eff-275f-5003-8203-7b71d97f5db3,cooking,3,no_share,high,max_formal,posterior,0.5
62186eff-275f-5003-8203-7b71d97f5db3,hike,4,low_risk_share,low,max_formal,prior,0.92
62186eff-275f-5003-8203-7b71d97f5db3,hike,4,low_risk_share,low,max_formal,posterior,1.0
62186eff-275f-5003-8203-7b71d97f5db3,basketball,5,high_risk_share,high,somewhat_formal,prior,0.91
62186eff-275f-5003-8203-7b71d97f5db3,basketball,5,high_risk_share,high,somewhat_formal,posterior,0.92
62186eff-275f-5003-8203-7b71d97f5db3,apples,6,no_share,low,max_formal,prior,0.86
62186eff-275f-5003-8203-7b71d97f5db3,apples,6,no_share,low,max_formal,posterior,0.43
62186eff-275f-5003-8203-7b71d97f5db3,takeout,7,high_risk_share,high,somewhat_intimate,prior,0.66
62186eff-275f-5003-8203-7b71d97f5db3,takeout,7,high_risk_share,high,somewhat_intimate,posterior,1.0
62186eff-275f-5003-8203-7b71d97f5db3,drinks,8,low_risk_share,high,somewhat_intimate,prior,0.74
62186eff-275f-5003-8203-7b71d97f5db3,drinks,8,low_risk_share,high,somewhat_intimate,posterior,1.0
62186eff-275f-5003-8203-7b71d97f5db3,gala,9,no_share,low,max_intimate,prior,1.0
62186eff-275f-5003-8203-7b71d97f5db3,gala,9,no_share,low,max_intimate,posterior,0.84
62186eff-275f-5003-8203-7b71d97f5db3,fair,10,low_risk_share,high,max_intimate,prior,1.0
62186eff-275f-5003-8203-7b71d97f5db3,fair,10,low_risk_share,high,max_intimate,posterior,0.93
62186eff-275f-5003-8203-7b71d97f5db3,brunch,11,low_risk_share,low,somewhat_formal,prior,0.65
62186eff-275f-5003-8203-7b71d97f5db3,brunch,11,low_risk_share,low,somewhat_formal,posterior,0.76
62186eff-275f-5003-8203-7b71d97f5db3,driving,12,no_share,low,somewhat_intimate,prior,0.45
62186eff-275f-5003-8203-7b71d97f5db3,driving,12,no_share,low,somewhat_intimate,posterior,0.25
62186eff-275f-5003-8203-7b71d97f5db3,soup,13,low_risk_share,high,somewhat_formal,prior,0.44
62186eff-275f-5003-8203-7b71d97f5db3,soup,13,low_risk_share,high,somewhat_formal,posterior,0.87
62186eff-275f-5003-8203-7b71d97f5db3,oysters,14,high_risk_share,low,somewhat_intimate,prior,0.86
62186eff-275f-5003-8203-7b71d97f5db3,oysters,14,high_risk_share,low,somewhat_intimate,posterior,1.0
62186eff-275f-5003-8203-7b71d97f5db3,birthday,15,high_risk_share,low,somewhat_formal,prior,0.83
62186eff-275f-5003-8203-7b71d97f5db3,birthday,15,high_risk_share,low,somewhat_formal,posterior,1.0
ad4cfd1b-9770-5c25-a186-2dac18f4c6ae,hike,0,low_risk_share,high,somewhat_formal,prior,1.0
ad4cfd1b-9770-5c25-a186-2dac18f4c6ae,hike,0,low_risk_share,high,somewhat_formal,posterior,1.0
ad4cfd1b-9770-5c25-a186-2dac18f4c6ae,cooking,1,high_risk_share,high,somewhat_formal,prior,1.0
ad4cfd1b-9770-5c25-a186-2dac18f4c6ae,cooking,1,high_risk_share,high,somewhat_formal,posterior,1.0
ad4cfd1b-9770-5c25-a186-2dac18f4c6ae,apples,2,high_risk_share,high,somewhat_intimate,prior,1.0
ad4cfd1b-9770-5c25-a186-2dac18f4c6ae,apples,2,high_risk_share,high,somewhat_intimate,posterior,1.0
ad4cfd1b-9770-5c25-a186-2dac18f4c6ae,dip,3,low_risk_share,low,somewhat_formal,prior,1.0
ad4cfd1b-9770-5c25-a186-2dac18f4c6ae,dip,3,low_risk_share,low,somewhat_formal,posterior,1.0
ad4cfd1b-9770-5c25-a186-2dac18f4c6ae,gala,4,low_risk_share,high,somewhat_intimate,prior,1.0
ad4cfd1b-9770-5c25-a186-2dac18f4c6ae,gala,4,low_risk_share,high,somewhat_intimate,posterior,1.0
ad4cfd1b-9770-5c25-a186-2dac18f4c6ae,social,5,high_risk_share,low,somewhat_intimate,prior,1.0
ad4cfd1b-9770-5c25-a186-2dac18f4c6ae,social,5,high_risk_share,low,somewhat_intimate,posterior,1.0
ad4cfd1b-9770-5c25-a186-2dac18f4c6ae,wedding,6,low_risk_share,high,max_intimate,prior,1.0
ad4cfd1b-9770-5c25-a186-2dac18f4c6ae,wedding,6,low_risk_share,high,max_intimate,posterior,1.0
ad4cfd1b-9770-5c25-a186-2dac18f4c6ae,drinks,7,no_share,high,max_intimate,prior,1.0
ad4cfd1b-9770-5c25-a186-2dac18f4c6ae,drinks,7,no_share,high,max_intimate,posterior,0.48
ad4cfd1b-9770-5c25-a186-2dac18f4c6ae,basketball,8,low_risk_share,low,max_formal,prior,1.0
ad4cfd1b-9770-5c25-a186-2dac18f4c6ae,basketball,8,low_risk_share,low,max_formal,posterior,1.0
ad4cfd1b-9770-5c25-a186-2dac18f4c6ae,brunch,9,high_risk_share,high,max_formal,prior,1.0
ad4cfd1b-9770-5c25-a186-2dac18f4c6ae,brunch,9,high_risk_share,high,max_formal,posterior,1.0
ad4cfd1b-9770-5c25-a186-2dac18f4c6ae,birthday,10,high_risk_share,low,somewhat_formal,prior,1.0
ad4cfd1b-9770-5c25-a186-2dac18f4c6ae,birthday,10,high_risk_share,low,somewhat_formal,posterior,1.0
ad4cfd1b-9770-5c25-a186-2dac18f4c6ae,soup,11,no_share,low,somewhat_intimate,prior,1.0
ad4cfd1b-9770-5c25-a186-2dac18f4c6ae,soup,11,no_share,low,somewhat_intimate,posterior,0.5
ad4cfd1b-9770-5c25-a186-2dac18f4c6ae,takeout,12,no_share,high,max_formal,prior,1.0
ad4cfd1b-9770-5c25-a186-2dac18f4c6ae,takeout,12,no_share,high,max_formal,posterior,1.0
ad4cfd1b-9770-5c25-a186-2dac18f4c6ae,fair,13,no_share,low,max_formal,prior,1.0
ad4cfd1b-9770-5c25-a186-2dac18f4c6ae,fair,13,no_share,low,max_formal,posterior,1.0
ad4cfd1b-9770-5c25-a186-2dac18f4c6ae,driving,14,no_share,low,max_intimate,prior,1.0
ad4cfd1b-9770-5c25-a186-2dac18f4c6ae,driving,14,no_share,low,max_intimate,posterior,0.5
ad4cfd1b-9770-5c25-a186-2dac18f4c6ae,oysters,15,low_risk_share,low,max_intimate,prior,1.0
ad4cfd1b-9770-5c25-a186-2dac18f4c6ae,oysters,15,low_risk_share,low,max_intimate,posterior,1.0
77fd7eea-870c-543f-aae9-9a0d892c66ac,social,0,low_risk_share,low,somewhat_formal,prior,0.67
77fd7eea-870c-543f-aae9-9a0d892c66ac,social,0,low_risk_share,low,somewhat_formal,posterior,0.83
77fd7eea-870c-543f-aae9-9a0d892c66ac,birthday,1,low_risk_share,low,max_formal,prior,0.54
77fd7eea-870c-543f-aae9-9a0d892c66ac,birthday,1,low_risk_share,low,max_formal,posterior,0.66
77fd7eea-870c-543f-aae9-9a0d892c66ac,wedding,2,no_share,high,max_intimate,prior,0.84
77fd7eea-870c-543f-aae9-9a0d892c66ac,wedding,2,no_share,high,max_intimate,posterior,0.49
77fd7eea-870c-543f-aae9-9a0d892c66ac,oysters,3,no_share,low,somewhat_intimate,prior,0.56
77fd7eea-870c-543f-aae9-9a0d892c66ac,oysters,3,no_share,low,somewhat_intimate,posterior,0.53
77fd7eea-870c-543f-aae9-9a0d892c66ac,apples,4,high_risk_share,high,somewhat_formal,prior,0.53
77fd7eea-870c-543f-aae9-9a0d892c66ac,apples,4,high_risk_share,high,somewhat_formal,posterior,0.9
77fd7eea-870c-543f-aae9-9a0d892c66ac,driving,5,no_share,high,max_formal,prior,0.52
77fd7eea-870c-543f-aae9-9a0d892c66ac,driving,5,no_share,high,max_formal,posterior,0.52
77fd7eea-870c-543f-aae9-9a0d892c66ac,brunch,6,low_risk_share,high,somewhat_intimate,prior,0.93
77fd7eea-870c-543f-aae9-9a0d892c66ac,brunch,6,low_risk_share,high,somewhat_intimate,posterior,0.77
77fd7eea-870c-543f-aae9-9a0d892c66ac,fair,7,low_risk_share,high,somewhat_formal,prior,0.5
77fd7eea-870c-543f-aae9-9a0d892c66ac,fair,7,low_risk_share,high,somewhat_formal,posterior,0.52
77fd7eea-870c-543f-aae9-9a0d892c66ac,dip,8,high_risk_share,low,somewhat_intimate,prior,0.53
77fd7eea-870c-543f-aae9-9a0d892c66ac,dip,8,high_risk_share,low,somewhat_intimate,posterior,0.9
77fd7eea-870c-543f-aae9-9a0d892c66ac,cooking,9,high_risk_share,high,somewhat_intimate,prior,0.52
77fd7eea-870c-543f-aae9-9a0d892c66ac,cooking,9,high_risk_share,high,somewhat_intimate,posterior,0.75
77fd7eea-870c-543f-aae9-9a0d892c66ac,hike,10,no_share,low,max_formal,prior,0.51
77fd7eea-870c-543f-aae9-9a0d892c66ac,hike,10,no_share,low,max_formal,posterior,0.47
77fd7eea-870c-543f-aae9-9a0d892c66ac,drinks,11,low_risk_share,high,max_intimate,prior,0.59
77fd7eea-870c-543f-aae9-9a0d892c66ac,drinks,11,low_risk_share,high,max_intimate,posterior,0.6
77fd7eea-870c-543f-aae9-9a0d892c66ac,basketball,12,high_risk_share,low,somewhat_formal,prior,0.53
77fd7eea-870c-543f-aae9-9a0d892c66ac,basketball,12,high_risk_share,low,somewhat_formal,posterior,0.86
77fd7eea-870c-543f-aae9-9a0d892c66ac,gala,13,high_risk_share,high,max_formal,prior,0.44
77fd7eea-870c-543f-aae9-9a0d892c66ac,gala,13,high_risk_share,high,max_formal,posterior,0.71
77fd7eea-870c-543f-aae9-9a0d892c66ac,soup,14,low_risk_share,low,max_intimate,prior,0.53
77fd7eea-870c-543f-aae9-9a0d892c66ac,soup,14,low_risk_share,low,max_intimate,posterior,0.52
77fd7eea-870c-543f-aae9-9a0d892c66ac,takeout,15,no_share,low,max_intimate,prior,0.86
77fd7eea-870c-543f-aae9-9a0d892c66ac,takeout,15,no_share,low,max_intimate,posterior,0.44
9361add4-8ae2-51df-bd18-2baabd091c4c,drinks,0,high_risk_share,high,max_formal,prior,0.72
9361add4-8ae2-51df-bd18-2baabd091c4c,drinks,0,high_risk_share,high,max_formal,posterior,0.76
9361add4-8ae2-51df-bd18-2baabd091c4c,brunch,1,high_risk_share,high,somewhat_formal,prior,0.77
9361add4-8ae2-51df-bd18-2baabd091c4c,brunch,1,high_risk_share,high,somewhat_formal,posterior,0.75
9361add4-8ae2-51df-bd18-2baabd091c4c,basketball,2,low_risk_share,high,max_intimate,prior,0.87
9361add4-8ae2-51df-bd18-2baabd091c4c,basketball,2,low_risk_share,high,max_intimate,posterior,0.58
9361add4-8ae2-51df-bd18-2baabd091c4c,oysters,3,high_risk_share,low,somewhat_formal,prior,0.5
9361add4-8ae2-51df-bd18-2baabd091c4c,oysters,3,high_risk_share,low,somewhat_formal,posterior,0.61
9361add4-8ae2-51df-bd18-2baabd091c4c,cooking,4,no_share,low,max_intimate,prior,0.4
9361add4-8ae2-51df-bd18-2baabd091c4c,cooking,4,no_share,low,max_intimate,posterior,0.34
9361add4-8ae2-51df-bd18-2baabd091c4c,fair,5,high_risk_share,low,somewhat_intimate,prior,0.59
9361add4-8ae2-51df-bd18-2baabd091c4c,fair,5,high_risk_share,low,somewhat_intimate,posterior,0.38
9361add4-8ae2-51df-bd18-2baabd091c4c,driving,6,no_share,high,max_formal,prior,0.34
9361add4-8ae2-51df-bd18-2baabd091c4c,driving,6,no_share,high,max_formal,posterior,0.27
9361add4-8ae2-51df-bd18-2baabd091c4c,birthday,7,low_risk_share,high,somewhat_formal,prior,0.34
9361add4-8ae2-51df-bd18-2baabd091c4c,birthday,7,low_risk_share,high,somewhat_formal,posterior,0.76
9361add4-8ae2-51df-bd18-2baabd091c4c,dip,8,no_share,high,max_intimate,prior,0.59
9361add4-8ae2-51df-bd18-2baabd091c4c,dip,8,no_share,high,max_intimate,posterior,0.32
9361add4-8ae2-51df-bd18-2baabd091c4c,apples,9,low_risk_share,low,max_intimate,prior,0.64
9361add4-8ae2-51df-bd18-2baabd091c4c,apples,9,low_risk_share,low,max_intimate,posterior,0.66
9361add4-8ae2-51df-bd18-2baabd091c4c,social,10,low_risk_share,low,somewhat_formal,prior,0.6
9361add4-8ae2-51df-bd18-2baabd091c4c,social,10,low_risk_share,low,somewhat_formal,posterior,0.58
9361add4-8ae2-51df-bd18-2baabd091c4c,wedding,11,no_share,low,somewhat_intimate,prior,0.71
9361add4-8ae2-51df-bd18-2baabd091c4c,wedding,11,no_share,low,somewhat_intimate,posterior,0.27
9361add4-8ae2-51df-bd18-2baabd091c4c,hike,12,low_risk_share,low,max_formal,prior,0.69
9361add4-8ae2-51df-bd18-2baabd091c4c,hike,12,low_risk_share,low,max_formal,posterior,0.76
9361add4-8ae2-51df-bd18-2baabd091c4c,soup,13,low_risk_share,high,somewhat_intimate,prior,0.43
9361add4-8ae2-51df-bd18-2baabd091c4c,soup,13,low_risk_share,high,somewhat_intimate,posterior,0.7
9361add4-8ae2-51df-bd18-2baabd091c4c,gala,14,high_risk_share,high,somewhat_intimate,prior,0.39
9361add4-8ae2-51df-bd18-2baabd091c4c,gala,14,high_risk_share,high,somewhat_intimate,posterior,0.66
9361add4-8ae2-51df-bd18-2baabd091c4c,takeout,15,no_share,low,max_formal,prior,0.62
9361add4-8ae2-51df-bd18-2baabd091c4c,takeout,15,no_share,low,max_formal,posterior,0.27
ef5feb24-f9e1-5ea4-adf1-9f528f828a99,birthday,0,low_risk_share,low,max_formal,prior,0.9
ef5feb24-f9e1-5ea4-adf1-9f528f828a99,birthday,0,low_risk_share,low,max_formal,posterior,0.9
ef5feb24-f9e1-5ea4-adf1-9f528f828a99,fair,1,low_risk_share,low,somewhat_formal,prior,0.77
ef5feb24-f9e1-5ea4-adf1-9f528f828a99,fair,1,low_risk_share,low,somewhat_formal,posterior,0.9
ef5feb24-f9e1-5ea4-adf1-9f528f828a99,gala,2,low_risk_share,high,max_intimate,prior,0.91
ef5feb24-f9e1-5ea4-adf1-9f528f828a99,gala,2,low_risk_share,high,max_intimate,posterior,0.92
ef5feb24-f9e1-5ea4-adf1-9f528f828a99,hike,3,no_share,low,max_formal,prior,0.87
ef5feb24-f9e1-5ea4-adf1-9f528f828a99,hike,3,no_share,low,max_formal,posterior,0.44
ef5feb24-f9e1-5ea4-adf1-9f528f828a99,drinks,4,high_risk_share,low,somewhat_intimate,prior,0.81
ef5feb24-f9e1-5ea4-adf1-9f528f828a99,drinks,4,high_risk_share,low,somewhat_intimate,posterior,0.89
ef5feb24-f9e1-5ea4-adf1-9f528f828a99,social,5,low_risk_share,low,max_intimate,prior,0.74
ef5feb24-f9e1-5ea4-adf1-9f528f828a99,social,5,low_risk_share,low,max_intimate,posterior,0.86
ef5feb24-f9e1-5ea4-adf1-9f528f828a99,wedding,6,no_share,low,somewhat_intimate,prior,0.79
ef5feb24-f9e1-5ea4-adf1-9f528f828a99,wedding,6,no_share,low,somewhat_intimate,posterior,0.76
ef5feb24-f9e1-5ea4-adf1-9f528f828a99,oysters,7,high_risk_share,low,somewhat_formal,prior,0.82
ef5feb24-f9e1-5ea4-adf1-9f528f828a99,oysters,7,high_risk_share,low,somewhat_formal,posterior,0.91
ef5feb24-f9e1-5ea4-adf1-9f528f828a99,apples,8,no_share,low,max_intimate,prior,0.87
ef5feb24-f9e1-5ea4-adf1-9f528f828a99,apples,8,no_share,low,max_intimate,posterior,0.45
ef5feb24-f9e1-5ea4-adf1-9f528f828a99,brunch,9,no_share,high,max_formal,prior,0.8
ef5feb24-f9e1-5ea4-adf1-9f528f828a99,brunch,9,no_share,high,max_formal,posterior,0.45
ef5feb24-f9e1-5ea4-adf1-9f528f828a99,soup,10,high_risk_share,high,somewhat_formal,prior,0.45
ef5feb24-f9e1-5ea4-adf1-9f528f828a99,soup,10,high_risk_share,high,somewhat_formal,posterior,0.92
ef5feb24-f9e1-5ea4-adf1-9f528f828a99,driving,11,no_share,high,max_intimate,prior,0.87
ef5feb24-f9e1-5ea4-adf1-9f528f828a99,driving,11,no_share,high,max_intimate,posterior,0.44
ef5feb24-f9e1-5ea4-adf1-9f528f828a99,dip,12,low_risk_share,high,somewhat_formal,prior,0.82
ef5feb24-f9e1-5ea4-adf1-9f528f828a99,dip,12,low_risk_share,high,somewhat_formal,posterior,0.75
ef5feb24-f9e1-5ea4-adf1-9f528f828a99,basketball,13,low_risk_share,high,somewhat_intimate,prior,0.83
ef5feb24-f9e1-5ea4-adf1-9f528f828a99,basketball,13,low_risk_share,high,somewhat_intimate,posterior,0.92
ef5feb24-f9e1-5ea4-adf1-9f528f828a99,cooking,14,high_risk_share,high,max_formal,prior,0.85
ef5feb24-f9e1-5ea4-adf1-9f528f828a99,cooking,14,high_risk_share,high,max_formal,posterior,0.92
ef5feb24-f9e1-5ea4-adf1-9f528f828a99,takeout,15,high_risk_share,high,somewhat_intimate,prior,0.44
ef5feb24-f9e1-5ea4-adf1-9f528f828a99,takeout,15,high_risk_share,high,somewhat_intimate,posterior,0.91
281dfad4-745f-5f36-9fb8-b146e43efb57,oysters,0,high_risk_share,high,somewhat_intimate,prior,0.68
281dfad4-745f-5f36-9fb8-b146e43efb57,oysters,0,high_risk_share,high,somewhat_intimate,posterior,0.38
281dfad4-745f-5f36-9fb8-b146e43efb57,cooking,1,low_risk_share,high,max_intimate,prior,0.65
281dfad4-745f-5f36-9fb8-b146e43efb57,cooking,1,low_risk_share,high,max_intimate,posterior,0.87
281dfad4-745f-5f36-9fb8-b146e43efb57,social,2,no_share,low,max_formal,prior,0.45
281dfad4-745f-5f36-9fb8-b146e43efb57,social,2,no_share,low,max_formal,posterior,0.3
281dfad4-745f-5f36-9fb8-b146e43efb57,brunch,3,high_risk_share,high,max_formal,prior,1.0
281dfad4-745f-5f36-9fb8-b146e43efb57,brunch,3,high_risk_share,high,max_formal,posterior,1.0
281dfad4-745f-5f36-9fb8-b146e43efb57,fair,4,low_risk_share,low,max_intimate,prior,0.93
281dfad4-745f-5f36-9fb8-b146e43efb57,fair,4,low_risk_share,low,max_intimate,posterior,1.0
281dfad4-745f-5f36-9fb8-b146e43efb57,takeout,5,high_risk_share,high,somewhat_formal,prior,0.33
281dfad4-745f-5f36-9fb8-b146e43efb57,takeout,5,high_risk_share,high,somewhat_formal,posterior,0.91
281dfad4-745f-5f36-9fb8-b146e43efb57,basketball,6,high_risk_share,low,somewhat_intimate,prior,0.89
281dfad4-745f-5f36-9fb8-b146e43efb57,basketball,6,high_risk_share,low,somewhat_intimate,posterior,1.0
281dfad4-745f-5f36-9fb8-b146e43efb57,soup,7,low_risk_share,low,max_formal,prior,0.66
281dfad4-745f-5f36-9fb8-b146e43efb57,soup,7,low_risk_share,low,max_formal,posterior,0.83
281dfad4-745f-5f36-9fb8-b146e43efb57,dip,8,no_share,low,somewhat_intimate,prior,0.89
281dfad4-745f-5f36-9fb8-b146e43efb57,dip,8,no_share,low,somewhat_intimate,posterior,0.29
281dfad4-745f-5f36-9fb8-b146e43efb57,drinks,9,low_risk_share,high,somewhat_intimate,prior,0.69
281dfad4-745f-5f36-9fb8-b146e43efb57,drinks,9,low_risk_share,high,somewhat_intimate,posterior,0.85
281dfad4-745f-5f36-9fb8-b146e43efb57,hike,10,high_risk_share,low,somewhat_formal,prior,0.78
281dfad4-745f-5f36-9fb8-b146e43efb57,hike,10,high_risk_share,low,somewhat_formal,posterior,0.75
281dfad4-745f-5f36-9fb8-b146e43efb57,driving,11,no_share,high,max_formal,prior,0.69
281dfad4-745f-5f36-9fb8-b146e43efb57,driving,11,no_share,high,max_formal,posterior,0.64
281dfad4-745f-5f36-9fb8-b146e43efb57,apples,12,low_risk_share,high,somewhat_formal,prior,0.67
281dfad4-745f-5f36-9fb8-b146e43efb57,apples,12,low_risk_share,high,somewhat_formal,posterior,0.77
281dfad4-745f-5f36-9fb8-b146e43efb57,wedding,13,no_share,low,max_intimate,prior,0.76
281dfad4-745f-5f36-9fb8-b146e43efb57,wedding,13,no_share,low,max_intimate,posterior,0.1
281dfad4-745f-5f36-9fb8-b146e43efb57,birthday,14,no_share,high,max_intimate,prior,0.68
281dfad4-745f-5f36-9fb8-b146e43efb57,birthday,14,no_share,high,max_intimate,posterior,0.21
281dfad4-745f-5f36-9fb8-b146e43efb57,gala,15,low_risk_share,low,somewhat_formal,prior,0.39
281dfad4-745f-5f36-9fb8-b146e43efb57,gala,15,low_risk_share,low,somewhat_formal,posterior,0.61
77b45e96-fd77-5af6-90b8-fca163398add,brunch,0,high_risk_share,high,max_formal,prior,0.72
77b45e96-fd77-5af6-90b8-fca163398add,brunch,0,high_risk_share,high,max_formal,posterior,0.51
77b45e96-fd77-5af6-90b8-fca163398add,soup,1,no_share,low,somewhat_intimate,prior,0.52
77b45e96-fd77-5af6-90b8-fca163398add,soup,1,no_share,low,somewhat_intimate,posterior,0.68
77b45e96-fd77-5af6-90b8-fca163398add,basketball,2,low_risk_share,high,max_intimate,prior,0.62
77b45e96-fd77-5af6-90b8-fca163398add,basketball,2,low_risk_share,high,max_intimate,posterior,0.64
77b45e96-fd77-5af6-90b8-fca163398add,social,3,no_share,low,max_intimate,prior,1.0
77b45e96-fd77-5af6-90b8-fca163398add,social,3,no_share,low,max_intimate,posterior,0.59
77b45e96-fd77-5af6-90b8-fca163398add,birthday,4,low_risk_share,low,max_formal,prior,0.53
77b45e96-fd77-5af6-90b8-fca163398add,birthday,4,low_risk_share,low,max_formal,posterior,0.58
77b45e96-fd77-5af6-90b8-fca163398add,drinks,5,low_risk_share,high,somewhat_intimate,prior,1.0
77b45e96-fd77-5af6-90b8-fca163398add,drinks,5,low_risk_share,high,somewhat_intimate,posterior,0.88
77b45e96-fd77-5af6-90b8-fca163398add,cooking,6,low_risk_share,high,somewhat_formal,prior,0.6
77b45e96-fd77-5af6-90b8-fca163398add,cooking,6,low_risk_share,high,somewhat_formal,posterior,0.55
77b45e96-fd77-5af6-90b8-fca163398add,takeout,7,no_share,high,max_intimate,prior,1.0
77b45e96-fd77-5af6-90b8-fca163398add,takeout,7,no_share,high,max_intimate,posterior,0.54
77b45e96-fd77-5af6-90b8-fca163398add,gala,8,high_risk_share,high,somewhat_formal,prior,0.54
77b45e96-fd77-5af6-90b8-fca163398add,gala,8,high_risk_share,high,somewhat_formal,posterior,0.53
77b45e96-fd77-5af6-90b8-fca163398add,hike,9,no_share,high,max_formal,prior,0.56
77b45e96-fd77-5af6-90b8-fca163398add,hike,9,no_share,high,max_formal,posterior,0.54
77b45e96-fd77-5af6-90b8-fca163398add,dip,10,low_risk_share,low,max_intimate,prior,0.54
77b45e96-fd77-5af6-90b8-fca163398add,dip,10,low_risk_share,low,max_intimate,posterior,0.52
77b45e96-fd77-5af6-90b8-fca163398add,fair,11,low_risk_share,low,somewhat_formal,prior,0.54
77b45e96-fd77-5af6-90b8-fca163398add,fair,11,low_risk_share,low,somewhat_formal,posterior,0.53
77b45e96-fd77-5af6-90b8-fca163398add,driving,12,no_share,low,max_formal,prior,0.53
77b45e96-fd77-5af6-90b8-fca163398add,driving,12,no_share,low,max_formal,posterior,0.54
77b45e96-fd77-5af6-90b8-fca163398add,apples,13,high_risk_share,high,somewhat_intimate,prior,0.54
77b45e96-fd77-5af6-90b8-fca163398add,apples,13,high_risk_share,high,somewhat_intimate,posterior,0.62
77b45e96-fd77-5af6-90b8-fca163398add,oysters,14,high_risk_share,low,somewhat_formal,prior,0.53
77b45e96-fd77-5af6-90b8-fca163398add,oysters,14,high_risk_share,low,somewhat_formal,posterior,0.67
77b45e96-fd77-5af6-90b8-fca163398add,wedding,15,high_risk_share,low,somewhat_intimate,prior,0.67
77b45e96-fd77-5af6-90b8-fca163398add,wedding,15,high_risk_share,low,somewhat_intimate,posterior,0.75
8a7a869c-8c4e-584a-b9ed-fea1cf0fd1ae,fair,0,low_risk_share,high,somewhat_formal,prior,0.5
8a7a869c-8c4e-584a-b9ed-fea1cf0fd1ae,fair,0,low_risk_share,high,somewhat_formal,posterior,0.52
8a7a869c-8c4e-584a-b9ed-fea1cf0fd1ae,oysters,1,no_share,low,max_intimate,prior,1.0
8a7a869c-8c4e-584a-b9ed-fea1cf0fd1ae,oysters,1,no_share,low,max_intimate,posterior,0.58
8a7a869c-8c4e-584a-b9ed-fea1cf0fd1ae,social,2,low_risk_share,high,somewhat_intimate,prior,0.56
8a7a869c-8c4e-584a-b9ed-fea1cf0fd1ae,social,2,low_risk_share,high,somewhat_intimate,posterior,0.92
8a7a869c-8c4e-584a-b9ed-fea1cf0fd1ae,cooking,3,low_risk_share,low,max_formal,prior,0.89
8a7a869c-8c4e-584a-b9ed-fea1cf0fd1ae,cooking,3,low_risk_share,low,max_formal,posterior,0.98
8a7a869c-8c4e-584a-b9ed-fea1cf0fd1ae,dip,4,low_risk_share,low,max_intimate,prior,0.88
8a7a869c-8c4e-584a-b9ed-fea1cf0fd1ae,dip,4,low_risk_share,low,max_intimate,posterior,0.56
8a7a869c-8c4e-584a-b9ed-fea1cf0fd1ae,wedding,5,high_risk_share,low,somewhat_intimate,prior,0.79
8a7a869c-8c4e-584a-b9ed-fea1cf0fd1ae,wedding,5,high_risk_share,low,somewhat_intimate,posterior,0.84
8a7a869c-8c4e-584a-b9ed-fea1cf0fd1ae,driving,6,no_share,high,max_intimate,prior,0.56
8a7a869c-8c4e-584a-b9ed-fea1cf0fd1ae,driving,6,no_share,high,max_intimate,posterior,0.52
8a7a869c-8c4e-584a-b9ed-fea1cf0fd1ae,brunch,7,no_share,low,max_formal,prior,0.54
8a7a869c-8c4e-584a-b9ed-fea1cf0fd1ae,brunch,7,no_share,low,max_formal,posterior,0.51
8a7a869c-8c4e-584a-b9ed-fea1cf0fd1ae,gala,8,low_risk_share,high,max_intimate,prior,0.75
8a7a869c-8c4e-584a-b9ed-fea1cf0fd1ae,gala,8,low_risk_share,high,max_intimate,posterior,0.84
8a7a869c-8c4e-584a-b9ed-fea1cf0fd1ae,soup,9,no_share,low,somewhat_intimate,prior,0.59
8a7a869c-8c4e-584a-b9ed-fea1cf0fd1ae,soup,9,no_share,low,somewhat_intimate,posterior,0.52
8a7a869c-8c4e-584a-b9ed-fea1cf0fd1ae,birthday,10,low_risk_share,low,somewhat_formal,prior,0.57
8a7a869c-8c4e-584a-b9ed-fea1cf0fd1ae,birthday,10,low_risk_share,low,somewhat_formal,posterior,0.66
8a7a869c-8c4e-584a-b9ed-fea1cf0fd1ae,basketball,11,high_risk_share,high,somewhat_formal,prior,0.61
8a7a869c-8c4e-584a-b9ed-fea1cf0fd1ae,basketball,11,high_risk_share,high,somewhat_formal,posterior,0.88
8a7a869c-8c4e-584a-b9ed-fea1cf0fd1ae,apples,12,high_risk_share,low,somewhat_formal,prior,0.59
8a7a869c-8c4e-584a-b9ed-fea1cf0fd1ae,apples,12,high_risk_share,low,somewhat_formal,posterior,0.85
8a7a869c-8c4e-584a-b9ed-fea1cf0fd1ae,takeout,13,no_share,high,max_formal,prior,0.68
8a7a869c-8c4e-584a-b9ed-fea1cf0fd1ae,takeout,13,no_share,high,max_formal,posterior,0.08
8a7a869c-8c4e-584a-b9ed-fea1cf0fd1ae,drinks,14,high_risk_share,high,somewhat_intimate,prior,0.52
8a7a869c-8c4e-584a-b9ed-fea1cf0fd1ae,drinks,14,high_risk_share,high,somewhat_intimate,posterior,0.91
8a7a869c-8c4e-584a-b9ed-fea1cf0fd1ae,hike,15,high_risk_share,high,max_formal,prior,0.64
8a7a869c-8c4e-584a-b9ed-fea1cf0fd1ae,hike,15,high_risk_share,high,max_formal,posterior,0.87
add78e85-a4f8-58c2-a47f-648bbab99ffc,driving,0,low_risk_share,low,somewhat_intimate,prior,0.52
add78e85-a4f8-58c2-a47f-648bbab99ffc,driving,0,low_risk_share,low,somewhat_intimate,posterior,0.5
add78e85-a4f8-58c2-a47f-648bbab99ffc,brunch,1,low_risk_share,low,max_formal,prior,0.84
add78e85-a4f8-58c2-a47f-648bbab99ffc,brunch,1,low_risk_share,low,max_formal,posterior,0.87
add78e85-a4f8-58c2-a47f-648bbab99ffc,gala,2,high_risk_share,low,somewhat_intimate,prior,0.85
add78e85-a4f8-58c2-a47f-648bbab99ffc,gala,2,high_risk_share,low,somewhat_intimate,posterior,0.9
add78e85-a4f8-58c2-a47f-648bbab99ffc,wedding,3,high_risk_share,low,max_formal,prior,0.86
add78e85-a4f8-58c2-a47f-648bbab99ffc,wedding,3,high_risk_share,low,max_formal,posterior,0.96
add78e85-a4f8-58c2-a47f-648bbab99ffc,social,4,no_share,low,max_formal,prior,0.51
add78e85-a4f8-58c2-a47f-648bbab99ffc,social,4,no_share,low,max_formal,posterior,0.2
add78e85-a4f8-58c2-a47f-648bbab99ffc,basketball,5,low_risk_share,high,max_intimate,prior,0.5
add78e85-a4f8-58c2-a47f-648bbab99ffc,basketball,5,low_risk_share,high,max_intimate,posterior,0.73
add78e85-a4f8-58c2-a47f-648bbab99ffc,dip,6,no_share,high,somewhat_intimate,prior,0.83
add78e85-a4f8-58c2-a47f-648bbab99ffc,dip,6,no_share,high,somewhat_intimate,posterior,0.82
add78e85-a4f8-58c2-a47f-648bbab99ffc,hike,7,low_risk_share,high,max_formal,prior,0.5
add78e85-a4f8-58c2-a47f-648bbab99ffc,hike,7,low_risk_share,high,max_formal,posterior,0.68
add78e85-a4f8-58c2-a47f-648bbab99ffc,cooking,8,no_share,low,somewhat_intimate,prior,1.0
add78e85-a4f8-58c2-a47f-648bbab99ffc,cooking,8,no_share,low,somewhat_intimate,posterior,0.0
add78e85-a4f8-58c2-a47f-648bbab99ffc,apples,9,low_risk_share,high,somewhat_formal,prior,0.5
add78e85-a4f8-58c2-a47f-648bbab99ffc,apples,9,low_risk_share,high,somewhat_formal,posterior,0.72
add78e85-a4f8-58c2-a47f-648bbab99ffc,oysters,10,high_risk_share,high,max_intimate,prior,1.0
add78e85-a4f8-58c2-a47f-648bbab99ffc,oysters,10,high_risk_share,high,max_intimate,posterior,1.0
add78e85-a4f8-58c2-a47f-648bbab99ffc,birthday,11,no_share,high,max_intimate,prior,1.0
add78e85-a4f8-58c2-a47f-648bbab99ffc,birthday,11,no_share,high,max_intimate,posterior,0.0
add78e85-a4f8-58c2-a47f-648bbab99ffc,soup,12,high_risk_share,low,max_intimate,prior,1.0
add78e85-a4f8-58c2-a47f-648bbab99ffc,soup,12,high_risk_share,low,max_intimate,posterior,1.0
add78e85-a4f8-58c2-a47f-648bbab99ffc,drinks,13,high_risk_share,high,somewhat_formal,prior,1.0
add78e85-a4f8-58c2-a47f-648bbab99ffc,drinks,13,high_risk_share,high,somewhat_formal,posterior,1.0
add78e85-a4f8-58c2-a47f-648bbab99ffc,fair,14,no_share,low,somewhat_formal,prior,0.99
add78e85-a4f8-58c2-a47f-648bbab99ffc,fair,14,no_share,low,somewhat_formal,posterior,0.5
add78e85-a4f8-58c2-a47f-648bbab99ffc,takeout,15,no_share,high,somewhat_formal,prior,0.5
add78e85-a4f8-58c2-a47f-648bbab99ffc,takeout,15,no_share,high,somewhat_formal,posterior,0.31
5357296f-e9f6-57fd-a8fd-1285601b9f99,drinks,0,high_risk_share,high,max_formal,prior,0.96
5357296f-e9f6-57fd-a8fd-1285601b9f99,drinks,0,high_risk_share,high,max_formal,posterior,0.6
5357296f-e9f6-57fd-a8fd-1285601b9f99,gala,1,no_share,high,somewhat_formal,prior,0.89
5357296f-e9f6-57fd-a8fd-1285601b9f99,gala,1,no_share,high,somewhat_formal,posterior,0.79
5357296f-e9f6-57fd-a8fd-1285601b9f99,fair,2,high_risk_share,high,somewhat_intimate,prior,0.88
5357296f-e9f6-57fd-a8fd-1285601b9f99,fair,2,high_risk_share,high,somewhat_intimate,posterior,0.81
5357296f-e9f6-57fd-a8fd-1285601b9f99,social,3,no_share,low,max_intimate,prior,0.88
5357296f-e9f6-57fd-a8fd-1285601b9f99,social,3,no_share,low,max_intimate,posterior,0.64
5357296f-e9f6-57fd-a8fd-1285601b9f99,birthday,4,low_risk_share,low,somewhat_intimate,prior,0.86
5357296f-e9f6-57fd-a8fd-1285601b9f99,birthday,4,low_risk_share,low,somewhat_intimate,posterior,0.82
5357296f-e9f6-57fd-a8fd-1285601b9f99,takeout,5,no_share,low,somewhat_formal,prior,0.81
5357296f-e9f6-57fd-a8fd-1285601b9f99,takeout,5,no_share,low,somewhat_formal,posterior,0.81
5357296f-e9f6-57fd-a8fd-1285601b9f99,apples,6,no_share,high,max_formal,prior,0.85
5357296f-e9f6-57fd-a8fd-1285601b9f99,apples,6,no_share,high,max_formal,posterior,0.5
5357296f-e9f6-57fd-a8fd-1285601b9f99,driving,7,low_risk_share,low,max_intimate,prior,0.86
5357296f-e9f6-57fd-a8fd-1285601b9f99,driving,7,low_risk_share,low,max_intimate,posterior,0.85
5357296f-e9f6-57fd-a8fd-1285601b9f99,dip,8,high_risk_share,low,max_intimate,prior,0.9
5357296f-e9f6-57fd-a8fd-1285601b9f99,dip,8,high_risk_share,low,max_intimate,posterior,0.89
5357296f-e9f6-57fd-a8fd-1285601b9f99,basketball,9,high_risk_share,high,max_intimate,prior,0.86
5357296f-e9f6-57fd-a8fd-1285601b9f99,basketball,9,high_risk_share,high,max_intimate,posterior,0.85
5357296f-e9f6-57fd-a8fd-1285601b9f99,cooking,10,low_risk_share,high,somewhat_intimate,prior,0.82
5357296f-e9f6-57fd-a8fd-1285601b9f99,cooking,10,low_risk_share,high,somewhat_intimate,posterior,0.87
5357296f-e9f6-57fd-a8fd-1285601b9f99,hike,11,low_risk_share,low,somewhat_formal,prior,0.85
5357296f-e9f6-57fd-a8fd-1285601b9f99,hike,11,low_risk_share,low,somewhat_formal,posterior,0.89
5357296f-e9f6-57fd-a8fd-1285601b9f99,soup,12,low_risk_share,high,max_formal,prior,0.9
5357296f-e9f6-57fd-a8fd-1285601b9f99,soup,12,low_risk_share,high,max_formal,posterior,0.75
5357296f-e9f6-57fd-a8fd-1285601b9f99,wedding,13,no_share,high,somewhat_intimate,prior,0.88
5357296f-e9f6-57fd-a8fd-1285601b9f99,wedding,13,no_share,high,somewhat_intimate,posterior,0.62
5357296f-e9f6-57fd-a8fd-1285601b9f99,brunch,14,high_risk_share,low,max_formal,prior,0.84
5357296f-e9f6-57fd-a8fd-1285601b9f99,brunch,14,high_risk_share,low,max_formal,posterior,0.84
5357296f-e9f6-57fd-a8fd-1285601b9f99,oysters,15,high_risk_share,low,somewhat_formal,prior,0.86
5357296f-e9f6-57fd-a8fd-1285601b9f99,oysters,15,high_risk_share,low,somewhat_formal,posterior,0.63
d41946e3-04ca-530a-a031-1d32d1b94b9c,birthday,0,low_risk_share,high,somewhat_formal,prior,0.76
d41946e3-04ca-530a-a031-1d32d1b94b9c,birthday,0,low_risk_share,high,somewhat_formal,posterior,0.87
d41946e3-04ca-530a-a031-1d32d1b94b9c,fair,1,no_share,high,max_intimate,prior,0.69
d41946e3-04ca-530a-a031-1d32d1b94b9c,fair,1,no_share,high,max_intimate,posterior,0.54
d41946e3-04ca-530a-a031-1d32d1b94b9c,brunch,2,no_share,low,somewhat_intimate,prior,0.66
d41946e3-04ca-530a-a031-1d32d1b94b9c,brunch,2,no_share,low,somewhat_intimate,posterior,0.63
d41946e3-04ca-530a-a031-1d32d1b94b9c,oysters,3,high_risk_share,low,max_formal,prior,0.98
d41946e3-04ca-530a-a031-1d32d1b94b9c,oysters,3,high_risk_share,low,max_formal,posterior,1.0
d41946e3-04ca-530a-a031-1d32d1b94b9c,apples,4,low_risk_share,low,somewhat_intimate,prior,0.53
d41946e3-04ca-530a-a031-1d32d1b94b9c,apples,4,low_risk_share,low,somewhat_intimate,posterior,0.54
d41946e3-04ca-530a-a031-1d32d1b94b9c,wedding,5,high_risk_share,low,somewhat_intimate,prior,0.94
d41946e3-04ca-530a-a031-1d32d1b94b9c,wedding,5,high_risk_share,low,somewhat_intimate,posterior,0.93
d41946e3-04ca-530a-a031-1d32d1b94b9c,basketball,6,low_risk_share,low,max_formal,prior,0.55
d41946e3-04ca-530a-a031-1d32d1b94b9c,basketball,6,low_risk_share,low,max_formal,posterior,0.56
d41946e3-04ca-530a-a031-1d32d1b94b9c,drinks,7,low_risk_share,high,max_formal,prior,0.56
d41946e3-04ca-530a-a031-1d32d1b94b9c,drinks,7,low_risk_share,high,max_formal,posterior,0.56
d41946e3-04ca-530a-a031-1d32d1b94b9c,social,8,high_risk_share,low,max_intimate,prior,0.55
d41946e3-04ca-530a-a031-1d32d1b94b9c,social,8,high_risk_share,low,max_intimate,posterior,0.91
d41946e3-04ca-530a-a031-1d32d1b94b9c,soup,9,no_share,high,somewhat_intimate,prior,0.57
d41946e3-04ca-530a-a031-1d32d1b94b9c,soup,9,no_share,high,somewhat_intimate,posterior,0.56
d41946e3-04ca-530a-a031-1d32d1b94b9c,hike,10,no_share,low,somewhat_formal,prior,0.55
d41946e3-04ca-530a-a031-1d32d1b94b9c,hike,10,no_share,low,somewhat_formal,posterior,0.56
d41946e3-04ca-530a-a031-1d32d1b94b9c,cooking,11,high_risk_share,high,max_intimate,prior,0.93
d41946e3-04ca-530a-a031-1d32d1b94b9c,cooking,11,high_risk_share,high,max_intimate,posterior,0.93
d41946e3-04ca-530a-a031-1d32d1b94b9c,driving,12,high_risk_share,high,somewhat_formal,prior,0.55
d41946e3-04ca-530a-a031-1d32d1b94b9c,driving,12,high_risk_share,high,somewhat_formal,posterior,0.56
d41946e3-04ca-530a-a031-1d32d1b94b9c,gala,13,no_share,low,max_formal,prior,0.55
d41946e3-04ca-530a-a031-1d32d1b94b9c,gala,13,no_share,low,max_formal,posterior,0.54
d41946e3-04ca-530a-a031-1d32d1b94b9c,dip,14,low_risk_share,high,max_intimate,prior,0.87
d41946e3-04ca-530a-a031-1d32d1b94b9c,dip,14,low_risk_share,high,max_intimate,posterior,0.9
d41946e3-04ca-530a-a031-1d32d1b94b9c,takeout,15,no_share,high,somewhat_formal,prior,0.55
d41946e3-04ca-530a-a031-1d32d1b94b9c,takeout,15,no_share,high,somewhat_formal,posterior,0.0
611d2000-d066-5960-a804-98fc4a21cbae,gala,0,no_share,high,somewhat_intimate,prior,0.66
611d2000-d066-5960-a804-98fc4a21cbae,gala,0,no_share,high,somewhat_intimate,posterior,0.51
611d2000-d066-5960-a804-98fc4a21cbae,takeout,1,high_risk_share,low,max_intimate,prior,0.5
611d2000-d066-5960-a804-98fc4a21cbae,takeout,1,high_risk_share,low,max_intimate,posterior,0.54
611d2000-d066-5960-a804-98fc4a21cbae,brunch,2,low_risk_share,low,max_intimate,prior,0.88
611d2000-d066-5960-a804-98fc4a21cbae,brunch,2,low_risk_share,low,max_intimate,posterior,0.84
611d2000-d066-5960-a804-98fc4a21cbae,cooking,3,high_risk_share,high,somewhat_intimate,prior,0.82
611d2000-d066-5960-a804-98fc4a21cbae,cooking,3,high_risk_share,high,somewhat_intimate,posterior,1.0
611d2000-d066-5960-a804-98fc4a21cbae,soup,4,high_risk_share,low,somewhat_formal,prior,0.63
611d2000-d066-5960-a804-98fc4a21cbae,soup,4,high_risk_share,low,somewhat_formal,posterior,0.51
611d2000-d066-5960-a804-98fc4a21cbae,wedding,5,low_risk_share,low,somewhat_intimate,prior,0.56
611d2000-d066-5960-a804-98fc4a21cbae,wedding,5,low_risk_share,low,somewhat_intimate,posterior,0.98
611d2000-d066-5960-a804-98fc4a21cbae,driving,6,low_risk_share,high,max_formal,prior,0.57
611d2000-d066-5960-a804-98fc4a21cbae,driving,6,low_risk_share,high,max_formal,posterior,0.5
611d2000-d066-5960-a804-98fc4a21cbae,birthday,7,no_share,low,max_intimate,prior,0.58
611d2000-d066-5960-a804-98fc4a21cbae,birthday,7,no_share,low,max_intimate,posterior,0.52
611d2000-d066-5960-a804-98fc4a21cbae,oysters,8,low_risk_share,low,somewhat_formal,prior,0.55
611d2000-d066-5960-a804-98fc4a21cbae,oysters,8,low_risk_share,low,somewhat_formal,posterior,0.93
611d2000-d066-5960-a804-98fc4a21cbae,apples,9,no_share,low,somewhat_formal,prior,0.56
611d2000-d066-5960-a804-98fc4a21cbae,apples,9,no_share,low,somewhat_formal,posterior,0.6
611d2000-d066-5960-a804-98fc4a21cbae,basketball,10,high_risk_share,high,max_formal,prior,0.6
611d2000-d066-5960-a804-98fc4a21cbae,basketball,10,high_risk_share,high,max_formal,posterior,0.54
611d2000-d066-5960-a804-98fc4a21cbae,social,11,no_share,high,max_formal,prior,0.58
611d2000-d066-5960-a804-98fc4a21cbae,social,11,no_share,high,max_formal,posterior,0.58
611d2000-d066-5960-a804-98fc4a21cbae,fair,12,low_risk_share,high,somewhat_intimate,prior,0.56
611d2000-d066-5960-a804-98fc4a21cbae,fair,12,low_risk_share,high,somewhat_intimate,posterior,0.61
611d2000-d066-5960-a804-98fc4a21cbae,dip,13,high_risk_share,low,max_formal,prior,0.76
611d2000-d066-5960-a804-98fc4a21cbae,dip,13,high_risk_share,low,max_formal,posterior,0.87
611d2000-d066-5960-a804-98fc4a21cbae,drinks,14,high_risk_share,high,max_intimate,prior,0.6
611d2000-d066-5960-a804-98fc4a21cbae,drinks,14,high_risk_share,high,max_intimate,posterior,0.66
611d2000-d066-5960-a804-98fc4a21cbae,hike,15,no_share,high,somewhat_formal,prior,0.64
611d2000-d066-5960-a804-98fc4a21cbae,hike,15,no_share,high,somewhat_formal,posterior,0.86
e01d2296-93fd-5462-81d6-9605564a8e2b,brunch,0,high_risk_share,low,somewhat_formal,prior,0.7
e01d2296-93fd-5462-81d6-9605564a8e2b,brunch,0,high_risk_share,low,somewhat_formal,posterior,0.96
e01d2296-93fd-5462-81d6-9605564a8e2b,driving,1,no_share,low,max_intimate,prior,0.83
e01d2296-93fd-5462-81d6-9605564a8e2b,driving,1,no_share,low,max_intimate,posterior,0.79
e01d2296-93fd-5462-81d6-9605564a8e2b,fair,2,no_share,low,somewhat_intimate,prior,0.82
e01d2296-93fd-5462-81d6-9605564a8e2b,fair,2,no_share,low,somewhat_intimate,posterior,0.71
e01d2296-93fd-5462-81d6-9605564a8e2b,soup,3,high_risk_share,low,somewhat_intimate,prior,0.61
e01d2296-93fd-5462-81d6-9605564a8e2b,soup,3,high_risk_share,low,somewhat_intimate,posterior,0.9
e01d2296-93fd-5462-81d6-9605564a8e2b,hike,4,low_risk_share,low,somewhat_formal,prior,0.76
e01d2296-93fd-5462-81d6-9605564a8e2b,hike,4,low_risk_share,low,somewhat_formal,posterior,0.8
e01d2296-93fd-5462-81d6-9605564a8e2b,wedding,5,no_share,high,max_formal,prior,0.63
e01d2296-93fd-5462-81d6-9605564a8e2b,wedding,5,no_share,high,max_formal,posterior,0.5
e01d2296-93fd-5462-81d6-9605564a8e2b,birthday,6,low_risk_share,low,max_formal,prior,0.62
e01d2296-93fd-5462-81d6-9605564a8e2b,birthday,6,low_risk_share,low,max_formal,posterior,0.72
e01d2296-93fd-5462-81d6-9605564a8e2b,gala,7,high_risk_share,high,somewhat_formal,prior,0.69
e01d2296-93fd-5462-81d6-9605564a8e2b,gala,7,high_risk_share,high,somewhat_formal,posterior,0.69
e01d2296-93fd-5462-81d6-9605564a8e2b,cooking,8,low_risk_share,high,max_intimate,prior,0.81
e01d2296-93fd-5462-81d6-9605564a8e2b,cooking,8,low_risk_share,high,max_intimate,posterior,0.8
e01d2296-93fd-5462-81d6-9605564a8e2b,oysters,9,no_share,high,max_intimate,prior,0.7
e01d2296-93fd-5462-81d6-9605564a8e2b,oysters,9,no_share,high,max_intimate,posterior,0.69
e01d2296-93fd-5462-81d6-9605564a8e2b,basketball,10,high_risk_share,high,somewhat_intimate,prior,0.69
e01d2296-93fd-5462-81d6-9605564a8e2b,basketball,10,high_risk_share,high,somewhat_intimate,posterior,0.71
e01d2296-93fd-5462-81d6-9605564a8e2b,social,11,no_share,low,max_formal,prior,0.72
e01d2296-93fd-5462-81d6-9605564a8e2b,social,11,no_share,low,max_formal,posterior,0.6
e01d2296-93fd-5462-81d6-9605564a8e2b,dip,12,low_risk_share,low,max_intimate,prior,0.71
e01d2296-93fd-5462-81d6-9605564a8e2b,dip,12,low_risk_share,low,max_intimate,posterior,0.69
e01d2296-93fd-5462-81d6-9605564a8e2b,drinks,13,low_risk_share,high,somewhat_formal,prior,0.67
e01d2296-93fd-5462-81d6-9605564a8e2b,drinks,13,low_risk_share,high,somewhat_formal,posterior,0.65
e01d2296-93fd-5462-81d6-9605564a8e2b,apples,14,high_risk_share,high,max_formal,prior,0.69
e01d2296-93fd-5462-81d6-9605564a8e2b,apples,14,high_risk_share,high,max_formal,posterior,0.7
e01d2296-93fd-5462-81d6-9605564a8e2b,takeout,15,low_risk_share,high,somewhat_intimate,prior,0.66
e01d2296-93fd-5462-81d6-9605564a8e2b,takeout,15,low_risk_share,high,somewhat_intimate,posterior,0.65
ed3f8c73-39ce-5774-99b9-7e119f63b120,gala,0,high_risk_share,low,max_formal,prior,0.9
ed3f8c73-39ce-5774-99b9-7e119f63b120,gala,0,high_risk_share,low,max_formal,posterior,0.86
ed3f8c73-39ce-5774-99b9-7e119f63b120,social,1,no_share,low,max_formal,prior,0.55
ed3f8c73-39ce-5774-99b9-7e119f63b120,social,1,no_share,low,max_formal,posterior,0.13
ed3f8c73-39ce-5774-99b9-7e119f63b120,birthday,2,low_risk_share,high,max_formal,prior,0.57
ed3f8c73-39ce-5774-99b9-7e119f63b120,birthday,2,low_risk_share,high,max_formal,posterior,0.78
ed3f8c73-39ce-5774-99b9-7e119f63b120,drinks,3,low_risk_share,high,max_intimate,prior,0.6
ed3f8c73-39ce-5774-99b9-7e119f63b120,drinks,3,low_risk_share,high,max_intimate,posterior,0.87
ed3f8c73-39ce-5774-99b9-7e119f63b120,apples,4,high_risk_share,low,max_intimate,prior,0.69
ed3f8c73-39ce-5774-99b9-7e119f63b120,apples,4,high_risk_share,low,max_intimate,posterior,0.86
ed3f8c73-39ce-5774-99b9-7e119f63b120,hike,5,low_risk_share,high,somewhat_formal,prior,0.64
ed3f8c73-39ce-5774-99b9-7e119f63b120,hike,5,low_risk_share,high,somewhat_formal,posterior,0.81
ed3f8c73-39ce-5774-99b9-7e119f63b120,oysters,6,no_share,high,somewhat_formal,prior,0.75
ed3f8c73-39ce-5774-99b9-7e119f63b120,oysters,6,no_share,high,somewhat_formal,posterior,0.65
ed3f8c73-39ce-5774-99b9-7e119f63b120,wedding,7,no_share,high,somewhat_intimate,prior,0.64
ed3f8c73-39ce-5774-99b9-7e119f63b120,wedding,7,no_share,high,somewhat_intimate,posterior,0.53
ed3f8c73-39ce-5774-99b9-7e119f63b120,soup,8,no_share,high,max_intimate,prior,0.75
ed3f8c73-39ce-5774-99b9-7e119f63b120,soup,8,no_share,high,max_intimate,posterior,0.12
ed3f8c73-39ce-5774-99b9-7e119f63b120,brunch,9,no_share,low,somewhat_intimate,prior,0.68
ed3f8c73-39ce-5774-99b9-7e119f63b120,brunch,9,no_share,low,somewhat_intimate,posterior,0.16
ed3f8c73-39ce-5774-99b9-7e119f63b120,takeout,10,high_risk_share,high,max_intimate,prior,0.66
ed3f8c73-39ce-5774-99b9-7e119f63b120,takeout,10,high_risk_share,high,max_intimate,posterior,0.76
ed3f8c73-39ce-5774-99b9-7e119f63b120,dip,11,no_share,low,somewhat_formal,prior,0.67
ed3f8c73-39ce-5774-99b9-7e119f63b120,dip,11,no_share,low,somewhat_formal,posterior,0.36
ed3f8c73-39ce-5774-99b9-7e119f63b120,driving,12,low_risk_share,low,somewhat_intimate,prior,0.63
ed3f8c73-39ce-5774-99b9-7e119f63b120,driving,12,low_risk_share,low,somewhat_intimate,posterior,0.68
ed3f8c73-39ce-5774-99b9-7e119f63b120,fair,13,high_risk_share,low,somewhat_intimate,prior,0.62
ed3f8c73-39ce-5774-99b9-7e119f63b120,fair,13,high_risk_share,low,somewhat_intimate,posterior,0.73
ed3f8c73-39ce-5774-99b9-7e119f63b120,basketball,14,low_risk_share,low,max_formal,prior,0.8
ed3f8c73-39ce-5774-99b9-7e119f63b120,basketball,14,low_risk_share,low,max_formal,posterior,0.75
ed3f8c73-39ce-5774-99b9-7e119f63b120,cooking,15,high_risk_share,high,somewhat_formal,prior,0.75
ed3f8c73-39ce-5774-99b9-7e119f63b120,cooking,15,high_risk_share,high,somewhat_formal,posterior,0.8
20adaed0-6376-5231-92c1-be6e350bf565,birthday,0,no_share,low,somewhat_intimate,prior,0.58
20adaed0-6376-5231-92c1-be6e350bf565,birthday,0,no_share,low,somewhat_intimate,posterior,0.67
20adaed0-6376-5231-92c1-be6e350bf565,hike,1,no_share,low,max_intimate,prior,0.79
20adaed0-6376-5231-92c1-be6e350bf565,hike,1,no_share,low,max_intimate,posterior,0.8
20adaed0-6376-5231-92c1-be6e350bf565,takeout,2,high_risk_share,high,max_formal,prior,0.83
20adaed0-6376-5231-92c1-be6e350bf565,takeout,2,high_risk_share,high,max_formal,posterior,0.87
20adaed0-6376-5231-92c1-be6e350bf565,cooking,3,low_risk_share,low,somewhat_formal,prior,0.75
20adaed0-6376-5231-92c1-be6e350bf565,cooking,3,low_risk_share,low,somewhat_formal,posterior,0.76
20adaed0-6376-5231-92c1-be6e350bf565,basketball,4,high_risk_share,low,somewhat_intimate,prior,0.67
20adaed0-6376-5231-92c1-be6e350bf565,basketball,4,high_risk_share,low,somewhat_intimate,posterior,0.84
20adaed0-6376-5231-92c1-be6e350bf565,drinks,5,low_risk_share,high,max_intimate,prior,0.65
20adaed0-6376-5231-92c1-be6e350bf565,drinks,5,low_risk_share,high,max_intimate,posterior,0.55
20adaed0-6376-5231-92c1-be6e350bf565,fair,6,no_share,high,max_intimate,prior,0.81
20adaed0-6376-5231-92c1-be6e350bf565,fair,6,no_share,high,max_intimate,posterior,0.5
20adaed0-6376-5231-92c1-be6e350bf565,soup,7,no_share,high,max_formal,prior,0.57
20adaed0-6376-5231-92c1-be6e350bf565,soup,7,no_share,high,max_formal,posterior,0.5
20adaed0-6376-5231-92c1-be6e350bf565,gala,8,low_risk_share,high,somewhat_formal,prior,0.61
20adaed0-6376-5231-92c1-be6e350bf565,gala,8,low_risk_share,high,somewhat_formal,posterior,0.78
20adaed0-6376-5231-92c1-be6e350bf565,driving,9,high_risk_share,high,somewhat_formal,prior,0.69
20adaed0-6376-5231-92c1-be6e350bf565,driving,9,high_risk_share,high,somewhat_formal,posterior,0.82
20adaed0-6376-5231-92c1-be6e350bf565,brunch,10,high_risk_share,low,somewhat_formal,prior,0.55
20adaed0-6376-5231-92c1-be6e350bf565,brunch,10,high_risk_share,low,somewhat_formal,posterior,0.73
20adaed0-6376-5231-92c1-be6e350bf565,social,11,low_risk_share,low,max_formal,prior,0.53
20adaed0-6376-5231-92c1-be6e350bf565,social,11,low_risk_share,low,max_formal,posterior,0.75
20adaed0-6376-5231-92c1-be6e350bf565,oysters,12,high_risk_share,high,somewhat_intimate,prior,0.72
20adaed0-6376-5231-92c1-be6e350bf565,oysters,12,high_risk_share,high,somewhat_intimate,posterior,0.91
20adaed0-6376-5231-92c1-be6e350bf565,dip,13,low_risk_share,high,somewhat_intimate,prior,0.55
20adaed0-6376-5231-92c1-be6e350bf565,dip,13,low_risk_share,high,somewhat_intimate,posterior,0.8
20adaed0-6376-5231-92c1-be6e350bf565,wedding,14,no_share,low,max_formal,prior,0.72
20adaed0-6376-5231-92c1-be6e350bf565,wedding,14,no_share,low,max_formal,posterior,0.37
20adaed0-6376-5231-92c1-be6e350bf565,apples,15,low_risk_share,low,max_intimate,prior,0.64
20adaed0-6376-5231-92c1-be6e350bf565,apples,15,low_risk_share,low,max_intimate,posterior,0.83
7fb24806-754e-553b-8a4d-0fa06f8fd92c,brunch,0,low_risk_share,low,max_formal,prior,0.57
7fb24806-754e-553b-8a4d-0fa06f8fd92c,brunch,0,low_risk_share,low,max_formal,posterior,0.93
7fb24806-754e-553b-8a4d-0fa06f8fd92c,driving,1,no_share,high,max_intimate,prior,0.24
7fb24806-754e-553b-8a4d-0fa06f8fd92c,driving,1,no_share,high,max_intimate,posterior,0.17
7fb24806-754e-553b-8a4d-0fa06f8fd92c,hike,2,no_share,high,max_formal,prior,0.67
7fb24806-754e-553b-8a4d-0fa06f8fd92c,hike,2,no_share,high,max_formal,posterior,0.2
7fb24806-754e-553b-8a4d-0fa06f8fd92c,soup,3,high_risk_share,high,somewhat_intimate,prior,0.74
7fb24806-754e-553b-8a4d-0fa06f8fd92c,soup,3,high_risk_share,high,somewhat_intimate,posterior,0.82
7fb24806-754e-553b-8a4d-0fa06f8fd92c,drinks,4,high_risk_share,low,somewhat_intimate,prior,0.82
7fb24806-754e-553b-8a4d-0fa06f8fd92c,drinks,4,high_risk_share,low,somewhat_intimate,posterior,0.85
7fb24806-754e-553b-8a4d-0fa06f8fd92c,oysters,5,low_risk_share,low,somewhat_formal,prior,0.55
7fb24806-754e-553b-8a4d-0fa06f8fd92c,oysters,5,low_risk_share,low,somewhat_formal,posterior,0.76
7fb24806-754e-553b-8a4d-0fa06f8fd92c,social,6,no_share,low,max_intimate,prior,0.88
7fb24806-754e-553b-8a4d-0fa06f8fd92c,social,6,no_share,low,max_intimate,posterior,0.82
7fb24806-754e-553b-8a4d-0fa06f8fd92c,birthday,7,no_share,low,somewhat_intimate,prior,0.88
7fb24806-754e-553b-8a4d-0fa06f8fd92c,birthday,7,no_share,low,somewhat_intimate,posterior,0.09
7fb24806-754e-553b-8a4d-0fa06f8fd92c,takeout,8,low_risk_share,high,max_intimate,prior,0.34
7fb24806-754e-553b-8a4d-0fa06f8fd92c,takeout,8,low_risk_share,high,max_intimate,posterior,0.37
7fb24806-754e-553b-8a4d-0fa06f8fd92c,gala,9,low_risk_share,high,somewhat_formal,prior,0.63
7fb24806-754e-553b-8a4d-0fa06f8fd92c,gala,9,low_risk_share,high,somewhat_formal,posterior,0.89
7fb24806-754e-553b-8a4d-0fa06f8fd92c,apples,10,low_risk_share,high,somewhat_intimate,prior,0.65
7fb24806-754e-553b-8a4d-0fa06f8fd92c,apples,10,low_risk_share,high,somewhat_intimate,posterior,0.84
7fb24806-754e-553b-8a4d-0fa06f8fd92c,cooking,11,low_risk_share,low,max_intimate,prior,0.93
7fb24806-754e-553b-8a4d-0fa06f8fd92c,cooking,11,low_risk_share,low,max_intimate,posterior,0.96
7fb24806-754e-553b-8a4d-0fa06f8fd92c,basketball,12,high_risk_share,high,max_formal,prior,0.23
7fb24806-754e-553b-8a4d-0fa06f8fd92c,basketball,12,high_risk_share,high,max_formal,posterior,0.11
7fb24806-754e-553b-8a4d-0fa06f8fd92c,dip,13,no_share,low,max_formal,prior,0.8
7fb24806-754e-553b-8a4d-0fa06f8fd92c,dip,13,no_share,low,max_formal,posterior,0.05
7fb24806-754e-553b-8a4d-0fa06f8fd92c,fair,14,high_risk_share,high,somewhat_formal,prior,0.71
7fb24806-754e-553b-8a4d-0fa06f8fd92c,fair,14,high_risk_share,high,somewhat_formal,posterior,0.61
7fb24806-754e-553b-8a4d-0fa06f8fd92c,wedding,15,high_risk_share,low,somewhat_formal,prior,0.83
7fb24806-754e-553b-8a4d-0fa06f8fd92c,wedding,15,high_risk_share,low,somewhat_formal,posterior,0.81
b33e954e-7345-51ae-89c7-549d1ca2ffa7,birthday,0,low_risk_share,low,max_intimate,prior,0.87
b33e954e-7345-51ae-89c7-549d1ca2ffa7,birthday,0,low_risk_share,low,max_intimate,posterior,1.0
b33e954e-7345-51ae-89c7-549d1ca2ffa7,apples,1,high_risk_share,high,max_formal,prior,0.34
b33e954e-7345-51ae-89c7-549d1ca2ffa7,apples,1,high_risk_share,high,max_formal,posterior,0.53
b33e954e-7345-51ae-89c7-549d1ca2ffa7,dip,2,no_share,high,max_formal,prior,0.48
b33e954e-7345-51ae-89c7-549d1ca2ffa7,dip,2,no_share,high,max_formal,posterior,0.0
b33e954e-7345-51ae-89c7-549d1ca2ffa7,wedding,3,high_risk_share,high,somewhat_formal,prior,0.93
b33e954e-7345-51ae-89c7-549d1ca2ffa7,wedding,3,high_risk_share,high,somewhat_formal,posterior,1.0
b33e954e-7345-51ae-89c7-549d1ca2ffa7,basketball,4,no_share,low,somewhat_intimate,prior,0.82
b33e954e-7345-51ae-89c7-549d1ca2ffa7,basketball,4,no_share,low,somewhat_intimate,posterior,0.06
b33e954e-7345-51ae-89c7-549d1ca2ffa7,takeout,5,high_risk_share,low,somewhat_formal,prior,0.5
b33e954e-7345-51ae-89c7-549d1ca2ffa7,takeout,5,high_risk_share,low,somewhat_formal,posterior,1.0
b33e954e-7345-51ae-89c7-549d1ca2ffa7,social,6,no_share,low,max_intimate,prior,0.7
b33e954e-7345-51ae-89c7-549d1ca2ffa7,social,6,no_share,low,max_intimate,posterior,0.08
b33e954e-7345-51ae-89c7-549d1ca2ffa7,drinks,7,high_risk_share,high,somewhat_intimate,prior,0.99
b33e954e-7345-51ae-89c7-549d1ca2ffa7,drinks,7,high_risk_share,high,somewhat_intimate,posterior,0.96
b33e954e-7345-51ae-89c7-549d1ca2ffa7,oysters,8,high_risk_share,low,somewhat_intimate,prior,0.82
b33e954e-7345-51ae-89c7-549d1ca2ffa7,oysters,8,high_risk_share,low,somewhat_intimate,posterior,0.97
b33e954e-7345-51ae-89c7-549d1ca2ffa7,cooking,9,low_risk_share,high,somewhat_intimate,prior,0.76
b33e954e-7345-51ae-89c7-549d1ca2ffa7,cooking,9,low_risk_share,high,somewhat_intimate,posterior,0.5
b33e954e-7345-51ae-89c7-549d1ca2ffa7,brunch,10,no_share,low,max_formal,prior,0.74
b33e954e-7345-51ae-89c7-549d1ca2ffa7,brunch,10,no_share,low,max_formal,posterior,0.1
b33e954e-7345-51ae-89c7-549d1ca2ffa7,soup,11,low_risk_share,low,somewhat_formal,prior,0.82
b33e954e-7345-51ae-89c7-549d1ca2ffa7,soup,11,low_risk_share,low,somewhat_formal,posterior,1.0
b33e954e-7345-51ae-89c7-549d1ca2ffa7,fair,12,low_risk_share,high,max_intimate,prior,0.79
b33e954e-7345-51ae-89c7-549d1ca2ffa7,fair,12,low_risk_share,high,max_intimate,posterior,0.61
b33e954e-7345-51ae-89c7-549d1ca2ffa7,driving,13,low_risk_share,low,max_formal,prior,0.97
b33e954e-7345-51ae-89c7-549d1ca2ffa7,driving,13,low_risk_share,low,max_formal,posterior,1.0
b33e954e-7345-51ae-89c7-549d1ca2ffa7,gala,14,low_risk_share,high,somewhat_formal,prior,0.99
b33e954e-7345-51ae-89c7-549d1ca2ffa7,gala,14,low_risk_share,high,somewhat_formal,posterior,0.6
b33e954e-7345-51ae-89c7-549d1ca2ffa7,hike,15,no_share,high,max_intimate,prior,0.39
b33e954e-7345-51ae-89c7-549d1ca2ffa7,hike,15,no_share,high,max_intimate,posterior,0.16
78cd564d-5a93-59fb-a49f-b5d361f141d9,takeout,0,high_risk_share,low,somewhat_formal,prior,0.88
78cd564d-5a93-59fb-a49f-b5d361f141d9,takeout,0,high_risk_share,low,somewhat_formal,posterior,0.73
78cd564d-5a93-59fb-a49f-b5d361f141d9,drinks,1,no_share,high,somewhat_intimate,prior,0.8
78cd564d-5a93-59fb-a49f-b5d361f141d9,drinks,1,no_share,high,somewhat_intimate,posterior,0.62
78cd564d-5a93-59fb-a49f-b5d361f141d9,oysters,2,low_risk_share,low,somewhat_formal,prior,0.79
78cd564d-5a93-59fb-a49f-b5d361f141d9,oysters,2,low_risk_share,low,somewhat_formal,posterior,0.88
78cd564d-5a93-59fb-a49f-b5d361f141d9,cooking,3,high_risk_share,low,max_intimate,prior,0.86
78cd564d-5a93-59fb-a49f-b5d361f141d9,cooking,3,high_risk_share,low,max_intimate,posterior,0.9
78cd564d-5a93-59fb-a49f-b5d361f141d9,gala,4,no_share,high,max_formal,prior,0.75
78cd564d-5a93-59fb-a49f-b5d361f141d9,gala,4,no_share,high,max_formal,posterior,0.71
78cd564d-5a93-59fb-a49f-b5d361f141d9,wedding,5,no_share,high,somewhat_formal,prior,0.74
78cd564d-5a93-59fb-a49f-b5d361f141d9,wedding,5,no_share,high,somewhat_formal,posterior,0.7
78cd564d-5a93-59fb-a49f-b5d361f141d9,driving,6,high_risk_share,high,somewhat_intimate,prior,0.69
78cd564d-5a93-59fb-a49f-b5d361f141d9,driving,6,high_risk_share,high,somewhat_intimate,posterior,0.82
78cd564d-5a93-59fb-a49f-b5d361f141d9,dip,7,low_risk_share,high,max_formal,prior,0.75
78cd564d-5a93-59fb-a49f-b5d361f141d9,dip,7,low_risk_share,high,max_formal,posterior,0.89
78cd564d-5a93-59fb-a49f-b5d361f141d9,apples,8,low_risk_share,high,somewhat_intimate,prior,0.7
78cd564d-5a93-59fb-a49f-b5d361f141d9,apples,8,low_risk_share,high,somewhat_intimate,posterior,0.83
78cd564d-5a93-59fb-a49f-b5d361f141d9,fair,9,low_risk_share,low,max_intimate,prior,0.84
78cd564d-5a93-59fb-a49f-b5d361f141d9,fair,9,low_risk_share,low,max_intimate,posterior,0.88
78cd564d-5a93-59fb-a49f-b5d361f141d9,soup,10,high_risk_share,high,max_formal,prior,0.72
78cd564d-5a93-59fb-a49f-b5d361f141d9,soup,10,high_risk_share,high,max_formal,posterior,0.86
78cd564d-5a93-59fb-a49f-b5d361f141d9,social,11,no_share,low,max_intimate,prior,0.83
78cd564d-5a93-59fb-a49f-b5d361f141d9,social,11,no_share,low,max_intimate,posterior,0.67
78cd564d-5a93-59fb-a49f-b5d361f141d9,brunch,12,no_share,low,somewhat_formal,prior,0.71
78cd564d-5a93-59fb-a49f-b5d361f141d9,brunch,12,no_share,low,somewhat_formal,posterior,0.52
78cd564d-5a93-59fb-a49f-b5d361f141d9,birthday,13,low_risk_share,low,somewhat_intimate,prior,0.79
78cd564d-5a93-59fb-a49f-b5d361f141d9,birthday,13,low_risk_share,low,somewhat_intimate,posterior,0.85
78cd564d-5a93-59fb-a49f-b5d361f141d9,hike,14,high_risk_share,high,max_intimate,prior,0.76
78cd564d-5a93-59fb-a49f-b5d361f141d9,hike,14,high_risk_share,high,max_intimate,posterior,0.84
78cd564d-5a93-59fb-a49f-b5d361f141d9,basketball,15,high_risk_share,low,max_formal,prior,0.74
78cd564d-5a93-59fb-a49f-b5d361f141d9,basketball,15,high_risk_share,low,max_formal,posterior,0.83
274397d1-87f6-56bf-b567-e6063e8f55e3,gala,0,low_risk_share,low,somewhat_formal,prior,0.2
274397d1-87f6-56bf-b567-e6063e8f55e3,gala,0,low_risk_share,low,somewhat_formal,posterior,0.5
274397d1-87f6-56bf-b567-e6063e8f55e3,birthday,1,no_share,low,somewhat_intimate,prior,0.76
274397d1-87f6-56bf-b567-e6063e8f55e3,birthday,1,no_share,low,somewhat_intimate,posterior,0.76
274397d1-87f6-56bf-b567-e6063e8f55e3,apples,2,high_risk_share,high,max_formal,prior,0.49
274397d1-87f6-56bf-b567-e6063e8f55e3,apples,2,high_risk_share,high,max_formal,posterior,1.0
274397d1-87f6-56bf-b567-e6063e8f55e3,takeout,3,no_share,high,max_formal,prior,0.8
274397d1-87f6-56bf-b567-e6063e8f55e3,takeout,3,no_share,high,max_formal,posterior,0.31
274397d1-87f6-56bf-b567-e6063e8f55e3,basketball,4,low_risk_share,high,max_intimate,prior,1.0
274397d1-87f6-56bf-b567-e6063e8f55e3,basketball,4,low_risk_share,high,max_intimate,posterior,1.0
274397d1-87f6-56bf-b567-e6063e8f55e3,oysters,5,high_risk_share,low,somewhat_intimate,prior,0.8
274397d1-87f6-56bf-b567-e6063e8f55e3,oysters,5,high_risk_share,low,somewhat_intimate,posterior,1.0
274397d1-87f6-56bf-b567-e6063e8f55e3,drinks,6,low_risk_share,high,somewhat_formal,prior,0.5
274397d1-87f6-56bf-b567-e6063e8f55e3,drinks,6,low_risk_share,high,somewhat_formal,posterior,1.0
274397d1-87f6-56bf-b567-e6063e8f55e3,hike,7,high_risk_share,low,somewhat_formal,prior,0.88
274397d1-87f6-56bf-b567-e6063e8f55e3,hike,7,high_risk_share,low,somewhat_formal,posterior,1.0
274397d1-87f6-56bf-b567-e6063e8f55e3,wedding,8,high_risk_share,high,somewhat_intimate,prior,1.0
274397d1-87f6-56bf-b567-e6063e8f55e3,wedding,8,high_risk_share,high,somewhat_intimate,posterior,1.0
274397d1-87f6-56bf-b567-e6063e8f55e3,dip,9,no_share,low,max_formal,prior,1.0
274397d1-87f6-56bf-b567-e6063e8f55e3,dip,9,no_share,low,max_formal,posterior,0.84
274397d1-87f6-56bf-b567-e6063e8f55e3,social,10,high_risk_share,high,somewhat_formal,prior,0.82
274397d1-87f6-56bf-b567-e6063e8f55e3,social,10,high_risk_share,high,somewhat_formal,posterior,1.0
274397d1-87f6-56bf-b567-e6063e8f55e3,soup,11,no_share,low,max_intimate,prior,0.76
274397d1-87f6-56bf-b567-e6063e8f55e3,soup,11,no_share,low,max_intimate,posterior,0.0
274397d1-87f6-56bf-b567-e6063e8f55e3,cooking,12,low_risk_share,low,max_intimate,prior,1.0
274397d1-87f6-56bf-b567-e6063e8f55e3,cooking,12,low_risk_share,low,max_intimate,posterior,1.0
274397d1-87f6-56bf-b567-e6063e8f55e3,fair,13,no_share,high,max_intimate,prior,1.0
274397d1-87f6-56bf-b567-e6063e8f55e3,fair,13,no_share,high,max_intimate,posterior,0.21
274397d1-87f6-56bf-b567-e6063e8f55e3,brunch,14,low_risk_share,low,max_formal,prior,0.81
274397d1-87f6-56bf-b567-e6063e8f55e3,brunch,14,low_risk_share,low,max_formal,posterior,1.0
274397d1-87f6-56bf-b567-e6063e8f55e3,driving,15,low_risk_share,high,somewhat_intimate,prior,0.79
274397d1-87f6-56bf-b567-e6063e8f55e3,driving,15,low_risk_share,high,somewhat_intimate,posterior,1.0
936ca681-be47-5c4b-85ab-5e4182b89761,fair,0,no_share,low,somewhat_formal,prior,0.8
936ca681-be47-5c4b-85ab-5e4182b89761,fair,0,no_share,low,somewhat_formal,posterior,0.44
936ca681-be47-5c4b-85ab-5e4182b89761,cooking,1,no_share,low,somewhat_intimate,prior,0.92
936ca681-be47-5c4b-85ab-5e4182b89761,cooking,1,no_share,low,somewhat_intimate,posterior,0.93
936ca681-be47-5c4b-85ab-5e4182b89761,birthday,2,low_risk_share,low,max_formal,prior,0.19
936ca681-be47-5c4b-85ab-5e4182b89761,birthday,2,low_risk_share,low,max_formal,posterior,0.94
936ca681-be47-5c4b-85ab-5e4182b89761,hike,3,low_risk_share,high,max_formal,prior,0.61
936ca681-be47-5c4b-85ab-5e4182b89761,hike,3,low_risk_share,high,max_formal,posterior,1.0
936ca681-be47-5c4b-85ab-5e4182b89761,brunch,4,no_share,low,max_formal,prior,0.7
936ca681-be47-5c4b-85ab-5e4182b89761,brunch,4,no_share,low,max_formal,posterior,0.42
936ca681-be47-5c4b-85ab-5e4182b89761,apples,5,high_risk_share,low,max_formal,prior,0.69
936ca681-be47-5c4b-85ab-5e4182b89761,apples,5,high_risk_share,low,max_formal,posterior,0.96
936ca681-be47-5c4b-85ab-5e4182b89761,dip,6,high_risk_share,high,max_intimate,prior,0.77
936ca681-be47-5c4b-85ab-5e4182b89761,dip,6,high_risk_share,high,max_intimate,posterior,1.0
936ca681-be47-5c4b-85ab-5e4182b89761,wedding,7,low_risk_share,high,max_intimate,prior,0.34
936ca681-be47-5c4b-85ab-5e4182b89761,wedding,7,low_risk_share,high,max_intimate,posterior,1.0
936ca681-be47-5c4b-85ab-5e4182b89761,basketball,8,high_risk_share,low,max_intimate,prior,0.99
936ca681-be47-5c4b-85ab-5e4182b89761,basketball,8,high_risk_share,low,max_intimate,posterior,1.0
936ca681-be47-5c4b-85ab-5e4182b89761,drinks,9,high_risk_share,high,somewhat_formal,prior,0.62
936ca681-be47-5c4b-85ab-5e4182b89761,drinks,9,high_risk_share,high,somewhat_formal,posterior,0.81
936ca681-be47-5c4b-85ab-5e4182b89761,oysters,10,no_share,high,somewhat_intimate,prior,0.74
936ca681-be47-5c4b-85ab-5e4182b89761,oysters,10,no_share,high,somewhat_intimate,posterior,0.87
936ca681-be47-5c4b-85ab-5e4182b89761,social,11,no_share,high,somewhat_formal,prior,0.74
936ca681-be47-5c4b-85ab-5e4182b89761,social,11,no_share,high,somewhat_formal,posterior,0.57
936ca681-be47-5c4b-85ab-5e4182b89761,takeout,12,no_share,high,max_intimate,prior,0.91
936ca681-be47-5c4b-85ab-5e4182b89761,takeout,12,no_share,high,max_intimate,posterior,0.88
936ca681-be47-5c4b-85ab-5e4182b89761,soup,13,high_risk_share,low,somewhat_intimate,prior,0.55
936ca681-be47-5c4b-85ab-5e4182b89761,soup,13,high_risk_share,low,somewhat_intimate,posterior,0.6
936ca681-be47-5c4b-85ab-5e4182b89761,gala,14,low_risk_share,high,somewhat_formal,prior,0.65
936ca681-be47-5c4b-85ab-5e4182b89761,gala,14,low_risk_share,high,somewhat_formal,posterior,1.0
936ca681-be47-5c4b-85ab-5e4182b89761,driving,15,low_risk_share,low,somewhat_intimate,prior,0.66
936ca681-be47-5c4b-85ab-5e4182b89761,driving,15,low_risk_share,low,somewhat_intimate,posterior,1.0
433779c0-ddac-5093-bc1c-e54d78b11db3,drinks,0,low_risk_share,low,max_intimate,prior,0.76
433779c0-ddac-5093-bc1c-e54d78b11db3,drinks,0,low_risk_share,low,max_intimate,posterior,0.79
433779c0-ddac-5093-bc1c-e54d78b11db3,apples,1,no_share,high,max_formal,prior,0.74
433779c0-ddac-5093-bc1c-e54d78b11db3,apples,1,no_share,high,max_formal,posterior,0.56
433779c0-ddac-5093-bc1c-e54d78b11db3,fair,2,low_risk_share,high,max_intimate,prior,0.96
433779c0-ddac-5093-bc1c-e54d78b11db3,fair,2,low_risk_share,high,max_intimate,posterior,0.58
433779c0-ddac-5093-bc1c-e54d78b11db3,brunch,3,high_risk_share,high,somewhat_intimate,prior,0.5
433779c0-ddac-5093-bc1c-e54d78b11db3,brunch,3,high_risk_share,high,somewhat_intimate,posterior,0.61
433779c0-ddac-5093-bc1c-e54d78b11db3,dip,4,no_share,low,max_formal,prior,0.74
433779c0-ddac-5093-bc1c-e54d78b11db3,dip,4,no_share,low,max_formal,posterior,0.69
433779c0-ddac-5093-bc1c-e54d78b11db3,birthday,5,no_share,high,max_intimate,prior,0.32
433779c0-ddac-5093-bc1c-e54d78b11db3,birthday,5,no_share,high,max_intimate,posterior,0.24
433779c0-ddac-5093-bc1c-e54d78b11db3,wedding,6,high_risk_share,low,somewhat_intimate,prior,0.6
433779c0-ddac-5093-bc1c-e54d78b11db3,wedding,6,high_risk_share,low,somewhat_intimate,posterior,0.89
433779c0-ddac-5093-bc1c-e54d78b11db3,hike,7,high_risk_share,high,somewhat_formal,prior,0.76
433779c0-ddac-5093-bc1c-e54d78b11db3,hike,7,high_risk_share,high,somewhat_formal,posterior,0.35
433779c0-ddac-5093-bc1c-e54d78b11db3,oysters,8,high_risk_share,low,somewhat_formal,prior,0.7
433779c0-ddac-5093-bc1c-e54d78b11db3,oysters,8,high_risk_share,low,somewhat_formal,posterior,0.06
433779c0-ddac-5093-bc1c-e54d78b11db3,cooking,9,high_risk_share,high,max_formal,prior,0.73
433779c0-ddac-5093-bc1c-e54d78b11db3,cooking,9,high_risk_share,high,max_formal,posterior,0.57
433779c0-ddac-5093-bc1c-e54d78b11db3,driving,10,no_share,low,max_intimate,prior,0.5
433779c0-ddac-5093-bc1c-e54d78b11db3,driving,10,no_share,low,max_intimate,posterior,0.27
433779c0-ddac-5093-bc1c-e54d78b11db3,soup,11,low_risk_share,high,somewhat_formal,prior,0.35
433779c0-ddac-5093-bc1c-e54d78b11db3,soup,11,low_risk_share,high,somewhat_formal,posterior,0.5
433779c0-ddac-5093-bc1c-e54d78b11db3,basketball,12,low_risk_share,high,somewhat_intimate,prior,0.23
433779c0-ddac-5093-bc1c-e54d78b11db3,basketball,12,low_risk_share,high,somewhat_intimate,posterior,0.77
433779c0-ddac-5093-bc1c-e54d78b11db3,gala,13,low_risk_share,low,max_formal,prior,0.32
433779c0-ddac-5093-bc1c-e54d78b11db3,gala,13,low_risk_share,low,max_formal,posterior,0.5
433779c0-ddac-5093-bc1c-e54d78b11db3,takeout,14,no_share,low,somewhat_intimate,prior,0.77
433779c0-ddac-5093-bc1c-e54d78b11db3,takeout,14,no_share,low,somewhat_intimate,posterior,0.69
433779c0-ddac-5093-bc1c-e54d78b11db3,social,15,low_risk_share,low,somewhat_formal,prior,0.71
433779c0-ddac-5093-bc1c-e54d78b11db3,social,15,low_risk_share,low,somewhat_formal,posterior,0.5
d8fa1bf6-1cf1-5d12-af33-0dc01ad243ba,social,0,low_risk_share,low,somewhat_intimate,prior,0.59
d8fa1bf6-1cf1-5d12-af33-0dc01ad243ba,social,0,low_risk_share,low,somewhat_intimate,posterior,0.92
d8fa1bf6-1cf1-5d12-af33-0dc01ad243ba,hike,1,high_risk_share,low,somewhat_intimate,prior,0.75
d8fa1bf6-1cf1-5d12-af33-0dc01ad243ba,hike,1,high_risk_share,low,somewhat_intimate,posterior,0.87
d8fa1bf6-1cf1-5d12-af33-0dc01ad243ba,basketball,2,high_risk_share,high,max_intimate,prior,0.76
d8fa1bf6-1cf1-5d12-af33-0dc01ad243ba,basketball,2,high_risk_share,high,max_intimate,posterior,0.98
d8fa1bf6-1cf1-5d12-af33-0dc01ad243ba,cooking,3,no_share,low,somewhat_intimate,prior,0.95
d8fa1bf6-1cf1-5d12-af33-0dc01ad243ba,cooking,3,no_share,low,somewhat_intimate,posterior,0.61
d8fa1bf6-1cf1-5d12-af33-0dc01ad243ba,oysters,4,no_share,low,somewhat_formal,prior,0.78
d8fa1bf6-1cf1-5d12-af33-0dc01ad243ba,oysters,4,no_share,low,somewhat_formal,posterior,0.41
d8fa1bf6-1cf1-5d12-af33-0dc01ad243ba,takeout,5,high_risk_share,high,somewhat_formal,prior,0.48
d8fa1bf6-1cf1-5d12-af33-0dc01ad243ba,takeout,5,high_risk_share,high,somewhat_formal,posterior,0.96
d8fa1bf6-1cf1-5d12-af33-0dc01ad243ba,driving,6,low_risk_share,high,somewhat_formal,prior,0.54
d8fa1bf6-1cf1-5d12-af33-0dc01ad243ba,driving,6,low_risk_share,high,somewhat_formal,posterior,0.9
d8fa1bf6-1cf1-5d12-af33-0dc01ad243ba,soup,7,no_share,low,max_formal,prior,0.21
d8fa1bf6-1cf1-5d12-af33-0dc01ad243ba,soup,7,no_share,low,max_formal,posterior,0.0
d8fa1bf6-1cf1-5d12-af33-0dc01ad243ba,drinks,8,low_risk_share,high,max_intimate,prior,0.64
d8fa1bf6-1cf1-5d12-af33-0dc01ad243ba,drinks,8,low_risk_share,high,max_intimate,posterior,0.86
d8fa1bf6-1cf1-5d12-af33-0dc01ad243ba,apples,9,high_risk_share,low,max_intimate,prior,0.71
d8fa1bf6-1cf1-5d12-af33-0dc01ad243ba,apples,9,high_risk_share,low,max_intimate,posterior,0.75
d8fa1bf6-1cf1-5d12-af33-0dc01ad243ba,gala,10,low_risk_share,high,max_formal,prior,0.2
d8fa1bf6-1cf1-5d12-af33-0dc01ad243ba,gala,10,low_risk_share,high,max_formal,posterior,0.85
d8fa1bf6-1cf1-5d12-af33-0dc01ad243ba,wedding,11,no_share,high,max_intimate,prior,0.94
d8fa1bf6-1cf1-5d12-af33-0dc01ad243ba,wedding,11,no_share,high,max_intimate,posterior,0.36
d8fa1bf6-1cf1-5d12-af33-0dc01ad243ba,brunch,12,high_risk_share,low,max_formal,prior,0.84
d8fa1bf6-1cf1-5d12-af33-0dc01ad243ba,brunch,12,high_risk_share,low,max_formal,posterior,0.96
d8fa1bf6-1cf1-5d12-af33-0dc01ad243ba,dip,13,no_share,high,somewhat_intimate,prior,0.69
d8fa1bf6-1cf1-5d12-af33-0dc01ad243ba,dip,13,no_share,high,somewhat_intimate,posterior,0.42
d8fa1bf6-1cf1-5d12-af33-0dc01ad243ba,birthday,14,no_share,high,somewhat_formal,prior,0.58
d8fa1bf6-1cf1-5d12-af33-0dc01ad243ba,birthday,14,no_share,high,somewhat_formal,posterior,0.29
d8fa1bf6-1cf1-5d12-af33-0dc01ad243ba,fair,15,low_risk_share,low,max_formal,prior,0.68
d8fa1bf6-1cf1-5d12-af33-0dc01ad243ba,fair,15,low_risk_share,low,max_formal,posterior,0.79
4dd71931-bc58-503b-862f-d8d22ee9795b,fair,0,no_share,high,max_intimate,prior,0.51
4dd71931-bc58-503b-862f-d8d22ee9795b,fair,0,no_share,high,max_intimate,posterior,0.5
4dd71931-bc58-503b-862f-d8d22ee9795b,soup,1,high_risk_share,high,max_formal,prior,0.5
4dd71931-bc58-503b-862f-d8d22ee9795b,soup,1,high_risk_share,high,max_formal,posterior,1.0
4dd71931-bc58-503b-862f-d8d22ee9795b,birthday,2,low_risk_share,low,max_intimate,prior,0.5
4dd71931-bc58-503b-862f-d8d22ee9795b,birthday,2,low_risk_share,low,max_intimate,posterior,0.5
4dd71931-bc58-503b-862f-d8d22ee9795b,drinks,3,low_risk_share,low,somewhat_formal,prior,0.5
4dd71931-bc58-503b-862f-d8d22ee9795b,drinks,3,low_risk_share,low,somewhat_formal,posterior,0.5
4dd71931-bc58-503b-862f-d8d22ee9795b,dip,4,high_risk_share,low,somewhat_intimate,prior,0.5
4dd71931-bc58-503b-862f-d8d22ee9795b,dip,4,high_risk_share,low,somewhat_intimate,posterior,1.0
4dd71931-bc58-503b-862f-d8d22ee9795b,social,5,no_share,low,max_intimate,prior,0.5
4dd71931-bc58-503b-862f-d8d22ee9795b,social,5,no_share,low,max_intimate,posterior,0.0
4dd71931-bc58-503b-862f-d8d22ee9795b,cooking,6,no_share,low,max_formal,prior,0.5
4dd71931-bc58-503b-862f-d8d22ee9795b,cooking,6,no_share,low,max_formal,posterior,0.5
4dd71931-bc58-503b-862f-d8d22ee9795b,takeout,7,high_risk_share,low,somewhat_formal,prior,0.5
4dd71931-bc58-503b-862f-d8d22ee9795b,takeout,7,high_risk_share,low,somewhat_formal,posterior,1.0
4dd71931-bc58-503b-862f-d8d22ee9795b,gala,8,high_risk_share,high,somewhat_formal,prior,0.5
4dd71931-bc58-503b-862f-d8d22ee9795b,gala,8,high_risk_share,high,somewhat_formal,posterior,1.0
4dd71931-bc58-503b-862f-d8d22ee9795b,wedding,9,no_share,low,somewhat_intimate,prior,0.5
4dd71931-bc58-503b-862f-d8d22ee9795b,wedding,9,no_share,low,somewhat_intimate,posterior,0.51
4dd71931-bc58-503b-862f-d8d22ee9795b,apples,10,no_share,high,max_formal,prior,0.5
4dd71931-bc58-503b-862f-d8d22ee9795b,apples,10,no_share,high,max_formal,posterior,0.5
4dd71931-bc58-503b-862f-d8d22ee9795b,driving,11,low_risk_share,high,somewhat_intimate,prior,0.49
4dd71931-bc58-503b-862f-d8d22ee9795b,driving,11,low_risk_share,high,somewhat_intimate,posterior,0.5
4dd71931-bc58-503b-862f-d8d22ee9795b,hike,12,high_risk_share,high,somewhat_intimate,prior,0.5
4dd71931-bc58-503b-862f-d8d22ee9795b,hike,12,high_risk_share,high,somewhat_intimate,posterior,0.5
4dd71931-bc58-503b-862f-d8d22ee9795b,oysters,13,low_risk_share,low,max_formal,prior,0.5
4dd71931-bc58-503b-862f-d8d22ee9795b,oysters,13,low_risk_share,low,max_formal,posterior,0.5
4dd71931-bc58-503b-862f-d8d22ee9795b,brunch,14,low_risk_share,high,max_intimate,prior,0.5
4dd71931-bc58-503b-862f-d8d22ee9795b,brunch,14,low_risk_share,high,max_intimate,posterior,0.49
4dd71931-bc58-503b-862f-d8d22ee9795b,basketball,15,low_risk_share,high,somewhat_formal,prior,0.5
4dd71931-bc58-503b-862f-d8d22ee9795b,basketball,15,low_risk_share,high,somewhat_formal,posterior,1.0
af6634b9-d2ee-590d-8ca3-2e9391cea8e6,basketball,0,low_risk_share,high,somewhat_formal,prior,0.57
af6634b9-d2ee-590d-8ca3-2e9391cea8e6,basketball,0,low_risk_share,high,somewhat_formal,posterior,0.83
af6634b9-d2ee-590d-8ca3-2e9391cea8e6,drinks,1,no_share,low,max_formal,prior,0.52
af6634b9-d2ee-590d-8ca3-2e9391cea8e6,drinks,1,no_share,low,max_formal,posterior,0.21
af6634b9-d2ee-590d-8ca3-2e9391cea8e6,driving,2,high_risk_share,high,somewhat_formal,prior,0.45
af6634b9-d2ee-590d-8ca3-2e9391cea8e6,driving,2,high_risk_share,high,somewhat_formal,posterior,0.76
af6634b9-d2ee-590d-8ca3-2e9391cea8e6,hike,3,high_risk_share,low,max_formal,prior,0.5
af6634b9-d2ee-590d-8ca3-2e9391cea8e6,hike,3,high_risk_share,low,max_formal,posterior,0.95
af6634b9-d2ee-590d-8ca3-2e9391cea8e6,brunch,4,no_share,high,max_intimate,prior,0.48
af6634b9-d2ee-590d-8ca3-2e9391cea8e6,brunch,4,no_share,high,max_intimate,posterior,0.3
af6634b9-d2ee-590d-8ca3-2e9391cea8e6,dip,5,no_share,high,somewhat_formal,prior,0.55
af6634b9-d2ee-590d-8ca3-2e9391cea8e6,dip,5,no_share,high,somewhat_formal,posterior,0.4
af6634b9-d2ee-590d-8ca3-2e9391cea8e6,oysters,6,low_risk_share,high,max_formal,prior,0.76
af6634b9-d2ee-590d-8ca3-2e9391cea8e6,oysters,6,low_risk_share,high,max_formal,posterior,0.81
af6634b9-d2ee-590d-8ca3-2e9391cea8e6,fair,7,high_risk_share,low,max_intimate,prior,0.5
af6634b9-d2ee-590d-8ca3-2e9391cea8e6,fair,7,high_risk_share,low,max_intimate,posterior,0.81
af6634b9-d2ee-590d-8ca3-2e9391cea8e6,apples,8,low_risk_share,high,max_intimate,prior,0.83
af6634b9-d2ee-590d-8ca3-2e9391cea8e6,apples,8,low_risk_share,high,max_intimate,posterior,0.98
af6634b9-d2ee-590d-8ca3-2e9391cea8e6,social,9,no_share,low,somewhat_formal,prior,0.5
af6634b9-d2ee-590d-8ca3-2e9391cea8e6,social,9,no_share,low,somewhat_formal,posterior,0.1
af6634b9-d2ee-590d-8ca3-2e9391cea8e6,gala,10,high_risk_share,high,max_intimate,prior,0.57
af6634b9-d2ee-590d-8ca3-2e9391cea8e6,gala,10,high_risk_share,high,max_intimate,posterior,0.76
af6634b9-d2ee-590d-8ca3-2e9391cea8e6,soup,11,high_risk_share,low,somewhat_intimate,prior,0.5
af6634b9-d2ee-590d-8ca3-2e9391cea8e6,soup,11,high_risk_share,low,somewhat_intimate,posterior,0.74
af6634b9-d2ee-590d-8ca3-2e9391cea8e6,wedding,12,no_share,high,somewhat_intimate,prior,0.5
af6634b9-d2ee-590d-8ca3-2e9391cea8e6,wedding,12,no_share,high,somewhat_intimate,posterior,0.19
af6634b9-d2ee-590d-8ca3-2e9391cea8e6,takeout,13,no_share,low,somewhat_intimate,prior,0.56
af6634b9-d2ee-590d-8ca3-2e9391cea8e6,takeout,13,no_share,low,somewhat_intimate,posterior,0.1
af6634b9-d2ee-590d-8ca3-2e9391cea8e6,cooking,14,low_risk_share,low,max_formal,prior,0.54
af6634b9-d2ee-590d-8ca3-2e9391cea8e6,cooking,14,low_risk_share,low,max_formal,posterior,0.74
af6634b9-d2ee-590d-8ca3-2e9391cea8e6,birthday,15,low_risk_share,low,somewhat_intimate,prior,0.5
af6634b9-d2ee-590d-8ca3-2e9391cea8e6,birthday,15,low_risk_share,low,somewhat_intimate,posterior,0.87
d9ac7b51-0c7d-5103-9c0e-57f2aae9f792,fair,0,high_risk_share,low,max_intimate,prior,0.91
d9ac7b51-0c7d-5103-9c0e-57f2aae9f792,fair,0,high_risk_share,low,max_intimate,posterior,0.99
d9ac7b51-0c7d-5103-9c0e-57f2aae9f792,drinks,1,high_risk_share,high,max_intimate,prior,0.85
d9ac7b51-0c7d-5103-9c0e-57f2aae9f792,drinks,1,high_risk_share,high,max_intimate,posterior,1.0
d9ac7b51-0c7d-5103-9c0e-57f2aae9f792,birthday,2,low_risk_share,high,somewhat_formal,prior,0.38
d9ac7b51-0c7d-5103-9c0e-57f2aae9f792,birthday,2,low_risk_share,high,somewhat_formal,posterior,0.84
d9ac7b51-0c7d-5103-9c0e-57f2aae9f792,wedding,3,high_risk_share,low,max_formal,prior,0.95
d9ac7b51-0c7d-5103-9c0e-57f2aae9f792,wedding,3,high_risk_share,low,max_formal,posterior,1.0
d9ac7b51-0c7d-5103-9c0e-57f2aae9f792,basketball,4,high_risk_share,high,somewhat_formal,prior,0.78
d9ac7b51-0c7d-5103-9c0e-57f2aae9f792,basketball,4,high_risk_share,high,somewhat_formal,posterior,0.89
d9ac7b51-0c7d-5103-9c0e-57f2aae9f792,hike,5,no_share,high,max_intimate,prior,0.55
d9ac7b51-0c7d-5103-9c0e-57f2aae9f792,hike,5,no_share,high,max_intimate,posterior,0.55
d9ac7b51-0c7d-5103-9c0e-57f2aae9f792,cooking,6,no_share,low,somewhat_intimate,prior,0.92
d9ac7b51-0c7d-5103-9c0e-57f2aae9f792,cooking,6,no_share,low,somewhat_intimate,posterior,0.43
d9ac7b51-0c7d-5103-9c0e-57f2aae9f792,social,7,high_risk_share,low,somewhat_intimate,prior,0.41
d9ac7b51-0c7d-5103-9c0e-57f2aae9f792,social,7,high_risk_share,low,somewhat_intimate,posterior,0.94
d9ac7b51-0c7d-5103-9c0e-57f2aae9f792,takeout,8,no_share,high,somewhat_formal,prior,0.65
d9ac7b51-0c7d-5103-9c0e-57f2aae9f792,takeout,8,no_share,high,somewhat_formal,posterior,0.33
d9ac7b51-0c7d-5103-9c0e-57f2aae9f792,gala,9,no_share,low,somewhat_formal,prior,0.37
d9ac7b51-0c7d-5103-9c0e-57f2aae9f792,gala,9,no_share,low,somewhat_formal,posterior,0.13
d9ac7b51-0c7d-5103-9c0e-57f2aae9f792,dip,10,low_risk_share,high,max_formal,prior,0.55
d9ac7b51-0c7d-5103-9c0e-57f2aae9f792,dip,10,low_risk_share,high,max_formal,posterior,0.85
d9ac7b51-0c7d-5103-9c0e-57f2aae9f792,driving,11,low_risk_share,low,max_formal,prior,0.37
d9ac7b51-0c7d-5103-9c0e-57f2aae9f792,driving,11,low_risk_share,low,max_formal,posterior,0.33
d9ac7b51-0c7d-5103-9c0e-57f2aae9f792,brunch,12,no_share,low,max_formal,prior,0.37
d9ac7b51-0c7d-5103-9c0e-57f2aae9f792,brunch,12,no_share,low,max_formal,posterior,0.0
d9ac7b51-0c7d-5103-9c0e-57f2aae9f792,soup,13,low_risk_share,low,somewhat_intimate,prior,0.26
d9ac7b51-0c7d-5103-9c0e-57f2aae9f792,soup,13,low_risk_share,low,somewhat_intimate,posterior,0.6
d9ac7b51-0c7d-5103-9c0e-57f2aae9f792,oysters,14,no_share,high,somewhat_intimate,prior,0.88
d9ac7b51-0c7d-5103-9c0e-57f2aae9f792,oysters,14,no_share,high,somewhat_intimate,posterior,0.38
d9ac7b51-0c7d-5103-9c0e-57f2aae9f792,apples,15,low_risk_share,high,max_intimate,prior,0.68
d9ac7b51-0c7d-5103-9c0e-57f2aae9f792,apples,15,low_risk_share,high,max_intimate,posterior,0.63
e7f1d570-6636-5f79-b397-c5463c901c65,oysters,0,high_risk_share,low,max_formal,prior,0.68
e7f1d570-6636-5f79-b397-c5463c901c65,oysters,0,high_risk_share,low,max_formal,posterior,0.66
e7f1d570-6636-5f79-b397-c5463c901c65,fair,1,low_risk_share,low,max_formal,prior,0.27
e7f1d570-6636-5f79-b397-c5463c901c65,fair,1,low_risk_share,low,max_formal,posterior,0.26
e7f1d570-6636-5f79-b397-c5463c901c65,soup,2,no_share,high,somewhat_formal,prior,0.68
e7f1d570-6636-5f79-b397-c5463c901c65,soup,2,no_share,high,somewhat_formal,posterior,0.17
e7f1d570-6636-5f79-b397-c5463c901c65,hike,3,low_risk_share,high,max_formal,prior,0.71
e7f1d570-6636-5f79-b397-c5463c901c65,hike,3,low_risk_share,high,max_formal,posterior,0.71
e7f1d570-6636-5f79-b397-c5463c901c65,drinks,4,high_risk_share,high,somewhat_formal,prior,0.7
e7f1d570-6636-5f79-b397-c5463c901c65,drinks,4,high_risk_share,high,somewhat_formal,posterior,0.77
e7f1d570-6636-5f79-b397-c5463c901c65,driving,5,high_risk_share,low,max_intimate,prior,0.73
e7f1d570-6636-5f79-b397-c5463c901c65,driving,5,high_risk_share,low,max_intimate,posterior,0.79
e7f1d570-6636-5f79-b397-c5463c901c65,apples,6,no_share,low,somewhat_intimate,prior,0.74
e7f1d570-6636-5f79-b397-c5463c901c65,apples,6,no_share,low,somewhat_intimate,posterior,0.19
e7f1d570-6636-5f79-b397-c5463c901c65,social,7,no_share,high,somewhat_intimate,prior,0.79
e7f1d570-6636-5f79-b397-c5463c901c65,social,7,no_share,high,somewhat_intimate,posterior,0.11
e7f1d570-6636-5f79-b397-c5463c901c65,brunch,8,no_share,low,somewhat_formal,prior,0.71
e7f1d570-6636-5f79-b397-c5463c901c65,brunch,8,no_share,low,somewhat_formal,posterior,0.17
e7f1d570-6636-5f79-b397-c5463c901c65,takeout,9,no_share,low,max_formal,prior,0.79
e7f1d570-6636-5f79-b397-c5463c901c65,takeout,9,no_share,low,max_formal,posterior,0.25
e7f1d570-6636-5f79-b397-c5463c901c65,cooking,10,low_risk_share,low,somewhat_intimate,prior,0.78
e7f1d570-6636-5f79-b397-c5463c901c65,cooking,10,low_risk_share,low,somewhat_intimate,posterior,0.74
e7f1d570-6636-5f79-b397-c5463c901c65,dip,11,low_risk_share,high,max_intimate,prior,0.81
e7f1d570-6636-5f79-b397-c5463c901c65,dip,11,low_risk_share,high,max_intimate,posterior,0.81
e7f1d570-6636-5f79-b397-c5463c901c65,birthday,12,low_risk_share,high,somewhat_formal,prior,0.8
e7f1d570-6636-5f79-b397-c5463c901c65,birthday,12,low_risk_share,high,somewhat_formal,posterior,0.81
e7f1d570-6636-5f79-b397-c5463c901c65,gala,13,high_risk_share,low,somewhat_intimate,prior,0.79
e7f1d570-6636-5f79-b397-c5463c901c65,gala,13,high_risk_share,low,somewhat_intimate,posterior,0.59
e7f1d570-6636-5f79-b397-c5463c901c65,wedding,14,no_share,high,max_intimate,prior,0.74
e7f1d570-6636-5f79-b397-c5463c901c65,wedding,14,no_share,high,max_intimate,posterior,0.2
e7f1d570-6636-5f79-b397-c5463c901c65,basketball,15,high_risk_share,high,max_intimate,prior,0.66
e7f1d570-6636-5f79-b397-c5463c901c65,basketball,15,high_risk_share,high,max_intimate,posterior,0.77
599b30ad-dd5a-5091-9652-66f0e007cc1f,drinks,0,no_share,high,somewhat_formal,prior,0.26
599b30ad-dd5a-5091-9652-66f0e007cc1f,drinks,0,no_share,high,somewhat_formal,posterior,0.0
599b30ad-dd5a-5091-9652-66f0e007cc1f,hike,1,no_share,high,somewhat_intimate,prior,0.96
599b30ad-dd5a-5091-9652-66f0e007cc1f,hike,1,no_share,high,somewhat_intimate,posterior,0.94
599b30ad-dd5a-5091-9652-66f0e007cc1f,wedding,2,no_share,low,somewhat_formal,prior,1.0
599b30ad-dd5a-5091-9652-66f0e007cc1f,wedding,2,no_share,low,somewhat_formal,posterior,0.76
599b30ad-dd5a-5091-9652-66f0e007cc1f,oysters,3,low_risk_share,low,somewhat_formal,prior,0.79
599b30ad-dd5a-5091-9652-66f0e007cc1f,oysters,3,low_risk_share,low,somewhat_formal,posterior,0.84
599b30ad-dd5a-5091-9652-66f0e007cc1f,social,4,high_risk_share,low,somewhat_formal,prior,0.76
599b30ad-dd5a-5091-9652-66f0e007cc1f,social,4,high_risk_share,low,somewhat_formal,posterior,1.0
599b30ad-dd5a-5091-9652-66f0e007cc1f,soup,5,high_risk_share,low,max_formal,prior,0.5
599b30ad-dd5a-5091-9652-66f0e007cc1f,soup,5,high_risk_share,low,max_formal,posterior,1.0
599b30ad-dd5a-5091-9652-66f0e007cc1f,gala,6,high_risk_share,low,max_intimate,prior,0.93
599b30ad-dd5a-5091-9652-66f0e007cc1f,gala,6,high_risk_share,low,max_intimate,posterior,0.93
599b30ad-dd5a-5091-9652-66f0e007cc1f,driving,7,low_risk_share,low,max_intimate,prior,0.4
599b30ad-dd5a-5091-9652-66f0e007cc1f,driving,7,low_risk_share,low,max_intimate,posterior,0.52
599b30ad-dd5a-5091-9652-66f0e007cc1f,brunch,8,high_risk_share,high,somewhat_intimate,prior,0.96
599b30ad-dd5a-5091-9652-66f0e007cc1f,brunch,8,high_risk_share,high,somewhat_intimate,posterior,1.0
599b30ad-dd5a-5091-9652-66f0e007cc1f,fair,9,no_share,low,max_intimate,prior,1.0
599b30ad-dd5a-5091-9652-66f0e007cc1f,fair,9,no_share,low,max_intimate,posterior,0.5
599b30ad-dd5a-5091-9652-66f0e007cc1f,apples,10,high_risk_share,high,max_formal,prior,0.5
599b30ad-dd5a-5091-9652-66f0e007cc1f,apples,10,high_risk_share,high,max_formal,posterior,1.0
599b30ad-dd5a-5091-9652-66f0e007cc1f,cooking,11,low_risk_share,high,max_formal,prior,0.8
599b30ad-dd5a-5091-9652-66f0e007cc1f,cooking,11,low_risk_share,high,max_formal,posterior,1.0
599b30ad-dd5a-5091-9652-66f0e007cc1f,takeout,12,no_share,high,max_formal,prior,0.52
599b30ad-dd5a-5091-9652-66f0e007cc1f,takeout,12,no_share,high,max_formal,posterior,0.0
599b30ad-dd5a-5091-9652-66f0e007cc1f,birthday,13,high_risk_share,high,max_intimate,prior,0.71
599b30ad-dd5a-5091-9652-66f0e007cc1f,birthday,13,high_risk_share,high,max_intimate,posterior,1.0
599b30ad-dd5a-5091-9652-66f0e007cc1f,basketball,14,low_risk_share,low,somewhat_intimate,prior,1.0
599b30ad-dd5a-5091-9652-66f0e007cc1f,basketball,14,low_risk_share,low,somewhat_intimate,posterior,1.0
599b30ad-dd5a-5091-9652-66f0e007cc1f,dip,15,low_risk_share,high,somewhat_intimate,prior,0.51
599b30ad-dd5a-5091-9652-66f0e007cc1f,dip,15,low_risk_share,high,somewhat_intimate,posterior,0.95
78e99324-e6bb-50f5-b6ce-73826a6fe77b,hike,0,no_share,high,max_formal,prior,0.77
78e99324-e6bb-50f5-b6ce-73826a6fe77b,hike,0,no_share,high,max_formal,posterior,0.7
78e99324-e6bb-50f5-b6ce-73826a6fe77b,brunch,1,high_risk_share,high,somewhat_intimate,prior,0.81
78e99324-e6bb-50f5-b6ce-73826a6fe77b,brunch,1,high_risk_share,high,somewhat_intimate,posterior,0.78
78e99324-e6bb-50f5-b6ce-73826a6fe77b,cooking,2,low_risk_share,low,somewhat_formal,prior,0.9
78e99324-e6bb-50f5-b6ce-73826a6fe77b,cooking,2,low_risk_share,low,somewhat_formal,posterior,0.92
78e99324-e6bb-50f5-b6ce-73826a6fe77b,fair,3,high_risk_share,low,somewhat_formal,prior,0.76
78e99324-e6bb-50f5-b6ce-73826a6fe77b,fair,3,high_risk_share,low,somewhat_formal,posterior,0.82
78e99324-e6bb-50f5-b6ce-73826a6fe77b,takeout,4,low_risk_share,high,somewhat_intimate,prior,0.34
78e99324-e6bb-50f5-b6ce-73826a6fe77b,takeout,4,low_risk_share,high,somewhat_intimate,posterior,0.64
78e99324-e6bb-50f5-b6ce-73826a6fe77b,oysters,5,no_share,low,somewhat_intimate,prior,0.75
78e99324-e6bb-50f5-b6ce-73826a6fe77b,oysters,5,no_share,low,somewhat_intimate,posterior,0.7
78e99324-e6bb-50f5-b6ce-73826a6fe77b,apples,6,high_risk_share,high,somewhat_formal,prior,0.41
78e99324-e6bb-50f5-b6ce-73826a6fe77b,apples,6,high_risk_share,high,somewhat_formal,posterior,0.5
78e99324-e6bb-50f5-b6ce-73826a6fe77b,soup,7,low_risk_share,low,max_intimate,prior,0.33
78e99324-e6bb-50f5-b6ce-73826a6fe77b,soup,7,low_risk_share,low,max_intimate,posterior,0.67
78e99324-e6bb-50f5-b6ce-73826a6fe77b,gala,8,no_share,low,max_formal,prior,0.76
78e99324-e6bb-50f5-b6ce-73826a6fe77b,gala,8,no_share,low,max_formal,posterior,0.21
78e99324-e6bb-50f5-b6ce-73826a6fe77b,basketball,9,low_risk_share,low,max_formal,prior,0.68
78e99324-e6bb-50f5-b6ce-73826a6fe77b,basketball,9,low_risk_share,low,max_formal,posterior,0.74
78e99324-e6bb-50f5-b6ce-73826a6fe77b,birthday,10,no_share,high,max_intimate,prior,0.78
78e99324-e6bb-50f5-b6ce-73826a6fe77b,birthday,10,no_share,high,max_intimate,posterior,0.0
78e99324-e6bb-50f5-b6ce-73826a6fe77b,drinks,11,high_risk_share,high,max_formal,prior,0.77
78e99324-e6bb-50f5-b6ce-73826a6fe77b,drinks,11,high_risk_share,high,max_formal,posterior,0.79
78e99324-e6bb-50f5-b6ce-73826a6fe77b,social,12,low_risk_share,high,somewhat_formal,prior,0.32
78e99324-e6bb-50f5-b6ce-73826a6fe77b,social,12,low_risk_share,high,somewhat_formal,posterior,0.68
78e99324-e6bb-50f5-b6ce-73826a6fe77b,wedding,13,low_risk_share,high,max_intimate,prior,0.88
78e99324-e6bb-50f5-b6ce-73826a6fe77b,wedding,13,low_risk_share,high,max_intimate,posterior,0.9
78e99324-e6bb-50f5-b6ce-73826a6fe77b,driving,14,no_share,low,max_intimate,prior,0.94
78e99324-e6bb-50f5-b6ce-73826a6fe77b,driving,14,no_share,low,max_intimate,posterior,0.05
78e99324-e6bb-50f5-b6ce-73826a6fe77b,dip,15,high_risk_share,low,somewhat_intimate,prior,0.87
78e99324-e6bb-50f5-b6ce-73826a6fe77b,dip,15,high_risk_share,low,somewhat_intimate,posterior,0.9
59b1b950-8be4-5ba4-935f-624645128d32,hike,0,high_risk_share,low,max_intimate,prior,1.0
59b1b950-8be4-5ba4-935f-624645128d32,hike,0,high_risk_share,low,max_intimate,posterior,1.0
59b1b950-8be4-5ba4-935f-624645128d32,brunch,1,low_risk_share,high,max_formal,prior,0.75
59b1b950-8be4-5ba4-935f-624645128d32,brunch,1,low_risk_share,high,max_formal,posterior,0.84
59b1b950-8be4-5ba4-935f-624645128d32,social,2,high_risk_share,low,max_formal,prior,0.5
59b1b950-8be4-5ba4-935f-624645128d32,social,2,high_risk_share,low,max_formal,posterior,0.92
59b1b950-8be4-5ba4-935f-624645128d32,fair,3,no_share,high,max_formal,prior,1.0
59b1b950-8be4-5ba4-935f-624645128d32,fair,3,no_share,high,max_formal,posterior,0.82
59b1b950-8be4-5ba4-935f-624645128d32,cooking,4,no_share,high,somewhat_formal,prior,1.0
59b1b950-8be4-5ba4-935f-624645128d32,cooking,4,no_share,high,somewhat_formal,posterior,1.0
59b1b950-8be4-5ba4-935f-624645128d32,gala,5,high_risk_share,low,somewhat_formal,prior,0.51
59b1b950-8be4-5ba4-935f-624645128d32,gala,5,high_risk_share,low,somewhat_formal,posterior,0.76
59b1b950-8be4-5ba4-935f-624645128d32,takeout,6,no_share,high,somewhat_intimate,prior,0.82
59b1b950-8be4-5ba4-935f-624645128d32,takeout,6,no_share,high,somewhat_intimate,posterior,0.0
59b1b950-8be4-5ba4-935f-624645128d32,apples,7,high_risk_share,high,max_intimate,prior,0.6
59b1b950-8be4-5ba4-935f-624645128d32,apples,7,high_risk_share,high,max_intimate,posterior,1.0
59b1b950-8be4-5ba4-935f-624645128d32,driving,8,low_risk_share,high,somewhat_intimate,prior,0.52
59b1b950-8be4-5ba4-935f-624645128d32,driving,8,low_risk_share,high,somewhat_intimate,posterior,0.87
59b1b950-8be4-5ba4-935f-624645128d32,basketball,9,no_share,low,max_intimate,prior,1.0
59b1b950-8be4-5ba4-935f-624645128d32,basketball,9,no_share,low,max_intimate,posterior,0.5
59b1b950-8be4-5ba4-935f-624645128d32,drinks,10,low_risk_share,low,somewhat_formal,prior,0.87
59b1b950-8be4-5ba4-935f-624645128d32,drinks,10,low_risk_share,low,somewhat_formal,posterior,1.0
59b1b950-8be4-5ba4-935f-624645128d32,dip,11,high_risk_share,high,somewhat_intimate,prior,1.0
59b1b950-8be4-5ba4-935f-624645128d32,dip,11,high_risk_share,high,somewhat_intimate,posterior,1.0
59b1b950-8be4-5ba4-935f-624645128d32,oysters,12,low_risk_share,low,max_intimate,prior,0.96
59b1b950-8be4-5ba4-935f-624645128d32,oysters,12,low_risk_share,low,max_intimate,posterior,1.0
59b1b950-8be4-5ba4-935f-624645128d32,wedding,13,no_share,low,somewhat_formal,prior,0.3
59b1b950-8be4-5ba4-935f-624645128d32,wedding,13,no_share,low,somewhat_formal,posterior,0.25
59b1b950-8be4-5ba4-935f-624645128d32,soup,14,high_risk_share,high,max_formal,prior,0.4
59b1b950-8be4-5ba4-935f-624645128d32,soup,14,high_risk_share,high,max_formal,posterior,1.0
59b1b950-8be4-5ba4-935f-624645128d32,birthday,15,low_risk_share,low,somewhat_intimate,prior,1.0
59b1b950-8be4-5ba4-935f-624645128d32,birthday,15,low_risk_share,low,somewhat_intimate,posterior,1.0
833cb00a-2ac6-5e6f-9cd3-9549a95d8dde,brunch,0,high_risk_share,low,somewhat_intimate,prior,0.89
833cb00a-2ac6-5e6f-9cd3-9549a95d8dde,brunch,0,high_risk_share,low,somewhat_intimate,posterior,1.0
833cb00a-2ac6-5e6f-9cd3-9549a95d8dde,oysters,1,high_risk_share,high,max_formal,prior,0.63
833cb00a-2ac6-5e6f-9cd3-9549a95d8dde,oysters,1,high_risk_share,high,max_formal,posterior,0.4
833cb00a-2ac6-5e6f-9cd3-9549a95d8dde,fair,2,no_share,low,max_intimate,prior,0.89
833cb00a-2ac6-5e6f-9cd3-9549a95d8dde,fair,2,no_share,low,max_intimate,posterior,0.26
833cb00a-2ac6-5e6f-9cd3-9549a95d8dde,cooking,3,no_share,low,somewhat_intimate,prior,1.0
833cb00a-2ac6-5e6f-9cd3-9549a95d8dde,cooking,3,no_share,low,somewhat_intimate,posterior,0.97
833cb00a-2ac6-5e6f-9cd3-9549a95d8dde,basketball,4,high_risk_share,high,somewhat_formal,prior,0.08
833cb00a-2ac6-5e6f-9cd3-9549a95d8dde,basketball,4,high_risk_share,high,somewhat_formal,posterior,0.29
833cb00a-2ac6-5e6f-9cd3-9549a95d8dde,wedding,5,low_risk_share,low,max_formal,prior,0.78
833cb00a-2ac6-5e6f-9cd3-9549a95d8dde,wedding,5,low_risk_share,low,max_formal,posterior,0.93
833cb00a-2ac6-5e6f-9cd3-9549a95d8dde,takeout,6,no_share,high,max_intimate,prior,1.0
833cb00a-2ac6-5e6f-9cd3-9549a95d8dde,takeout,6,no_share,high,max_intimate,posterior,0.02
833cb00a-2ac6-5e6f-9cd3-9549a95d8dde,dip,7,low_risk_share,high,somewhat_formal,prior,0.8
833cb00a-2ac6-5e6f-9cd3-9549a95d8dde,dip,7,low_risk_share,high,somewhat_formal,posterior,0.61
833cb00a-2ac6-5e6f-9cd3-9549a95d8dde,hike,8,no_share,high,max_formal,prior,0.79
833cb00a-2ac6-5e6f-9cd3-9549a95d8dde,hike,8,no_share,high,max_formal,posterior,0.04
833cb00a-2ac6-5e6f-9cd3-9549a95d8dde,soup,9,low_risk_share,high,somewhat_intimate,prior,0.66
833cb00a-2ac6-5e6f-9cd3-9549a95d8dde,soup,9,low_risk_share,high,somewhat_intimate,posterior,0.87
833cb00a-2ac6-5e6f-9cd3-9549a95d8dde,apples,10,low_risk_share,low,max_intimate,prior,0.5
833cb00a-2ac6-5e6f-9cd3-9549a95d8dde,apples,10,low_risk_share,low,max_intimate,posterior,0.66
833cb00a-2ac6-5e6f-9cd3-9549a95d8dde,driving,11,low_risk_share,high,max_intimate,prior,0.95
833cb00a-2ac6-5e6f-9cd3-9549a95d8dde,driving,11,low_risk_share,high,max_intimate,posterior,0.95
833cb00a-2ac6-5e6f-9cd3-9549a95d8dde,social,12,no_share,low,max_formal,prior,0.15
833cb00a-2ac6-5e6f-9cd3-9549a95d8dde,social,12,no_share,low,max_formal,posterior,0.04
833cb00a-2ac6-5e6f-9cd3-9549a95d8dde,birthday,13,high_risk_share,high,somewhat_intimate,prior,0.72
833cb00a-2ac6-5e6f-9cd3-9549a95d8dde,birthday,13,high_risk_share,high,somewhat_intimate,posterior,0.96
833cb00a-2ac6-5e6f-9cd3-9549a95d8dde,drinks,14,high_risk_share,low,somewhat_formal,prior,0.92
833cb00a-2ac6-5e6f-9cd3-9549a95d8dde,drinks,14,high_risk_share,low,somewhat_formal,posterior,1.0
833cb00a-2ac6-5e6f-9cd3-9549a95d8dde,gala,15,low_risk_share,low,somewhat_formal,prior,0.96
833cb00a-2ac6-5e6f-9cd3-9549a95d8dde,gala,15,low_risk_share,low,somewhat_formal,posterior,0.93
b140624e-46c0-5467-b43c-2258f2cd70d9,dip,0,low_risk_share,low,max_intimate,prior,0.93
b140624e-46c0-5467-b43c-2258f2cd70d9,dip,0,low_risk_share,low,max_intimate,posterior,0.95
b140624e-46c0-5467-b43c-2258f2cd70d9,gala,1,no_share,low,max_formal,prior,0.5
b140624e-46c0-5467-b43c-2258f2cd70d9,gala,1,no_share,low,max_formal,posterior,0.51
b140624e-46c0-5467-b43c-2258f2cd70d9,cooking,2,no_share,low,somewhat_intimate,prior,0.95
b140624e-46c0-5467-b43c-2258f2cd70d9,cooking,2,no_share,low,somewhat_intimate,posterior,0.94
b140624e-46c0-5467-b43c-2258f2cd70d9,driving,3,high_risk_share,low,somewhat_intimate,prior,0.43
b140624e-46c0-5467-b43c-2258f2cd70d9,driving,3,high_risk_share,low,somewhat_intimate,posterior,0.69
b140624e-46c0-5467-b43c-2258f2cd70d9,oysters,4,no_share,low,max_intimate,prior,0.79
b140624e-46c0-5467-b43c-2258f2cd70d9,oysters,4,no_share,low,max_intimate,posterior,0.64
b140624e-46c0-5467-b43c-2258f2cd70d9,fair,5,high_risk_share,low,somewhat_formal,prior,0.64
b140624e-46c0-5467-b43c-2258f2cd70d9,fair,5,high_risk_share,low,somewhat_formal,posterior,0.62
b140624e-46c0-5467-b43c-2258f2cd70d9,brunch,6,low_risk_share,low,somewhat_formal,prior,0.41
b140624e-46c0-5467-b43c-2258f2cd70d9,brunch,6,low_risk_share,low,somewhat_formal,posterior,0.73
b140624e-46c0-5467-b43c-2258f2cd70d9,hike,7,high_risk_share,high,somewhat_formal,prior,0.5
b140624e-46c0-5467-b43c-2258f2cd70d9,hike,7,high_risk_share,high,somewhat_formal,posterior,0.5
b140624e-46c0-5467-b43c-2258f2cd70d9,drinks,8,high_risk_share,high,max_formal,prior,0.71
b140624e-46c0-5467-b43c-2258f2cd70d9,drinks,8,high_risk_share,high,max_formal,posterior,0.46
b140624e-46c0-5467-b43c-2258f2cd70d9,apples,9,low_risk_share,low,max_formal,prior,0.58
b140624e-46c0-5467-b43c-2258f2cd70d9,apples,9,low_risk_share,low,max_formal,posterior,0.64
b140624e-46c0-5467-b43c-2258f2cd70d9,soup,10,no_share,high,max_formal,prior,0.6
b140624e-46c0-5467-b43c-2258f2cd70d9,soup,10,no_share,high,max_formal,posterior,0.6
b140624e-46c0-5467-b43c-2258f2cd70d9,birthday,11,no_share,high,max_intimate,prior,0.57
b140624e-46c0-5467-b43c-2258f2cd70d9,birthday,11,no_share,high,max_intimate,posterior,0.28
b140624e-46c0-5467-b43c-2258f2cd70d9,wedding,12,low_risk_share,high,somewhat_intimate,prior,0.41
b140624e-46c0-5467-b43c-2258f2cd70d9,wedding,12,low_risk_share,high,somewhat_intimate,posterior,0.54
b140624e-46c0-5467-b43c-2258f2cd70d9,takeout,13,low_risk_share,high,max_intimate,prior,0.44
b140624e-46c0-5467-b43c-2258f2cd70d9,takeout,13,low_risk_share,high,max_intimate,posterior,0.61
b140624e-46c0-5467-b43c-2258f2cd70d9,basketball,14,low_risk_share,high,somewhat_formal,prior,0.38
b140624e-46c0-5467-b43c-2258f2cd70d9,basketball,14,low_risk_share,high,somewhat_formal,posterior,0.62
b140624e-46c0-5467-b43c-2258f2cd70d9,social,15,high_risk_share,high,somewhat_intimate,prior,0.42
b140624e-46c0-5467-b43c-2258f2cd70d9,social,15,high_risk_share,high,somewhat_intimate,posterior,0.56
1a23a1dd-d70d-5695-b106-2df61e8c1760,apples,0,no_share,low,somewhat_formal,prior,0.62
1a23a1dd-d70d-5695-b106-2df61e8c1760,apples,0,no_share,low,somewhat_formal,posterior,0.59
1a23a1dd-d70d-5695-b106-2df61e8c1760,basketball,1,low_risk_share,low,somewhat_intimate,prior,0.98
1a23a1dd-d70d-5695-b106-2df61e8c1760,basketball,1,low_risk_share,low,somewhat_intimate,posterior,0.93
1a23a1dd-d70d-5695-b106-2df61e8c1760,birthday,2,high_risk_share,low,max_formal,prior,0.65
1a23a1dd-d70d-5695-b106-2df61e8c1760,birthday,2,high_risk_share,low,max_formal,posterior,0.36
1a23a1dd-d70d-5695-b106-2df61e8c1760,fair,3,low_risk_share,high,max_formal,prior,1.0
1a23a1dd-d70d-5695-b106-2df61e8c1760,fair,3,low_risk_share,high,max_formal,posterior,0.6
1a23a1dd-d70d-5695-b106-2df61e8c1760,oysters,4,no_share,high,somewhat_formal,prior,0.9
1a23a1dd-d70d-5695-b106-2df61e8c1760,oysters,4,no_share,high,somewhat_formal,posterior,0.89
1a23a1dd-d70d-5695-b106-2df61e8c1760,driving,5,low_risk_share,high,max_intimate,prior,0.66
1a23a1dd-d70d-5695-b106-2df61e8c1760,driving,5,low_risk_share,high,max_intimate,posterior,0.74
1a23a1dd-d70d-5695-b106-2df61e8c1760,drinks,6,low_risk_share,high,somewhat_formal,prior,0.86
1a23a1dd-d70d-5695-b106-2df61e8c1760,drinks,6,low_risk_share,high,somewhat_formal,posterior,0.91
1a23a1dd-d70d-5695-b106-2df61e8c1760,wedding,7,high_risk_share,high,somewhat_formal,prior,0.8
1a23a1dd-d70d-5695-b106-2df61e8c1760,wedding,7,high_risk_share,high,somewhat_formal,posterior,0.92
1a23a1dd-d70d-5695-b106-2df61e8c1760,hike,8,no_share,low,max_formal,prior,0.96
1a23a1dd-d70d-5695-b106-2df61e8c1760,hike,8,no_share,low,max_formal,posterior,0.47
1a23a1dd-d70d-5695-b106-2df61e8c1760,dip,9,no_share,high,somewhat_intimate,prior,0.6
1a23a1dd-d70d-5695-b106-2df61e8c1760,dip,9,no_share,high,somewhat_intimate,posterior,0.62
1a23a1dd-d70d-5695-b106-2df61e8c1760,gala,10,no_share,high,max_intimate,prior,0.75
1a23a1dd-d70d-5695-b106-2df61e8c1760,gala,10,no_share,high,max_intimate,posterior,0.8
1a23a1dd-d70d-5695-b106-2df61e8c1760,takeout,11,high_risk_share,high,max_intimate,prior,0.58
1a23a1dd-d70d-5695-b106-2df61e8c1760,takeout,11,high_risk_share,high,max_intimate,posterior,0.63
1a23a1dd-d70d-5695-b106-2df61e8c1760,soup,12,low_risk_share,low,max_formal,prior,0.41
1a23a1dd-d70d-5695-b106-2df61e8c1760,soup,12,low_risk_share,low,max_formal,posterior,0.63
1a23a1dd-d70d-5695-b106-2df61e8c1760,brunch,13,high_risk_share,low,somewhat_intimate,prior,0.76
1a23a1dd-d70d-5695-b106-2df61e8c1760,brunch,13,high_risk_share,low,somewhat_intimate,posterior,0.77
1a23a1dd-d70d-5695-b106-2df61e8c1760,social,14,no_share,low,somewhat_intimate,prior,0.67
1a23a1dd-d70d-5695-b106-2df61e8c1760,social,14,no_share,low,somewhat_intimate,posterior,0.33
1a23a1dd-d70d-5695-b106-2df61e8c1760,cooking,15,high_risk_share,low,max_intimate,prior,0.98
1a23a1dd-d70d-5695-b106-2df61e8c1760,cooking,15,high_risk_share,low,max_intimate,posterior,0.97
325e5edc-37e6-52fc-b2c5-78fc00a7bf1c,brunch,0,high_risk_share,low,max_formal,prior,0.72
325e5edc-37e6-52fc-b2c5-78fc00a7bf1c,brunch,0,high_risk_share,low,max_formal,posterior,0.41
325e5edc-37e6-52fc-b2c5-78fc00a7bf1c,gala,1,no_share,low,max_formal,prior,0.85
325e5edc-37e6-52fc-b2c5-78fc00a7bf1c,gala,1,no_share,low,max_formal,posterior,0.84
325e5edc-37e6-52fc-b2c5-78fc00a7bf1c,driving,2,high_risk_share,low,somewhat_intimate,prior,0.26
325e5edc-37e6-52fc-b2c5-78fc00a7bf1c,driving,2,high_risk_share,low,somewhat_intimate,posterior,0.61
325e5edc-37e6-52fc-b2c5-78fc00a7bf1c,hike,3,high_risk_share,high,somewhat_formal,prior,0.75
325e5edc-37e6-52fc-b2c5-78fc00a7bf1c,hike,3,high_risk_share,high,somewhat_formal,posterior,0.63
325e5edc-37e6-52fc-b2c5-78fc00a7bf1c,birthday,4,no_share,low,somewhat_intimate,prior,0.72
325e5edc-37e6-52fc-b2c5-78fc00a7bf1c,birthday,4,no_share,low,somewhat_intimate,posterior,0.79
325e5edc-37e6-52fc-b2c5-78fc00a7bf1c,social,5,low_risk_share,high,somewhat_formal,prior,0.43
325e5edc-37e6-52fc-b2c5-78fc00a7bf1c,social,5,low_risk_share,high,somewhat_formal,posterior,0.62
325e5edc-37e6-52fc-b2c5-78fc00a7bf1c,takeout,6,low_risk_share,low,max_formal,prior,0.59
325e5edc-37e6-52fc-b2c5-78fc00a7bf1c,takeout,6,low_risk_share,low,max_formal,posterior,0.67
325e5edc-37e6-52fc-b2c5-78fc00a7bf1c,cooking,7,low_risk_share,high,max_intimate,prior,0.87
325e5edc-37e6-52fc-b2c5-78fc00a7bf1c,cooking,7,low_risk_share,high,max_intimate,posterior,0.9
325e5edc-37e6-52fc-b2c5-78fc00a7bf1c,soup,8,no_share,high,somewhat_formal,prior,0.8
325e5edc-37e6-52fc-b2c5-78fc00a7bf1c,soup,8,no_share,high,somewhat_formal,posterior,0.27
325e5edc-37e6-52fc-b2c5-78fc00a7bf1c,oysters,9,high_risk_share,low,max_intimate,prior,0.51
325e5edc-37e6-52fc-b2c5-78fc00a7bf1c,oysters,9,high_risk_share,low,max_intimate,posterior,0.4
325e5edc-37e6-52fc-b2c5-78fc00a7bf1c,apples,10,no_share,low,somewhat_formal,prior,0.66
325e5edc-37e6-52fc-b2c5-78fc00a7bf1c,apples,10,no_share,low,somewhat_formal,posterior,0.4
325e5edc-37e6-52fc-b2c5-78fc00a7bf1c,fair,11,high_risk_share,high,max_intimate,prior,0.77
325e5edc-37e6-52fc-b2c5-78fc00a7bf1c,fair,11,high_risk_share,high,max_intimate,posterior,0.91
325e5edc-37e6-52fc-b2c5-78fc00a7bf1c,wedding,12,low_risk_share,high,max_formal,prior,0.79
325e5edc-37e6-52fc-b2c5-78fc00a7bf1c,wedding,12,low_risk_share,high,max_formal,posterior,0.81
325e5edc-37e6-52fc-b2c5-78fc00a7bf1c,dip,13,no_share,high,somewhat_intimate,prior,0.92
325e5edc-37e6-52fc-b2c5-78fc00a7bf1c,dip,13,no_share,high,somewhat_intimate,posterior,0.56
325e5edc-37e6-52fc-b2c5-78fc00a7bf1c,basketball,14,low_risk_share,low,somewhat_intimate,prior,0.62
325e5edc-37e6-52fc-b2c5-78fc00a7bf1c,basketball,14,low_risk_share,low,somewhat_intimate,posterior,0.87
325e5edc-37e6-52fc-b2c5-78fc00a7bf1c,drinks,15,no_share,high,max_intimate,prior,0.77
325e5edc-37e6-52fc-b2c5-78fc00a7bf1c,drinks,15,no_share,high,max_intimate,posterior,0.39
0ce62955-6079-58bc-a148-df8eccf2f930,wedding,0,high_risk_share,high,max_intimate,prior,0.73
0ce62955-6079-58bc-a148-df8eccf2f930,wedding,0,high_risk_share,high,max_intimate,posterior,0.81
0ce62955-6079-58bc-a148-df8eccf2f930,apples,1,no_share,low,somewhat_formal,prior,0.55
0ce62955-6079-58bc-a148-df8eccf2f930,apples,1,no_share,low,somewhat_formal,posterior,0.35
0ce62955-6079-58bc-a148-df8eccf2f930,cooking,2,high_risk_share,low,somewhat_formal,prior,0.81
0ce62955-6079-58bc-a148-df8eccf2f930,cooking,2,high_risk_share,low,somewhat_formal,posterior,0.63
0ce62955-6079-58bc-a148-df8eccf2f930,birthday,3,no_share,high,somewhat_formal,prior,0.35
0ce62955-6079-58bc-a148-df8eccf2f930,birthday,3,no_share,high,somewhat_formal,posterior,0.12
0ce62955-6079-58bc-a148-df8eccf2f930,dip,4,low_risk_share,high,max_formal,prior,0.7
0ce62955-6079-58bc-a148-df8eccf2f930,dip,4,low_risk_share,high,max_formal,posterior,0.92
0ce62955-6079-58bc-a148-df8eccf2f930,drinks,5,low_risk_share,low,somewhat_formal,prior,0.39
0ce62955-6079-58bc-a148-df8eccf2f930,drinks,5,low_risk_share,low,somewhat_formal,posterior,0.76
0ce62955-6079-58bc-a148-df8eccf2f930,oysters,6,low_risk_share,low,somewhat_intimate,prior,0.81
0ce62955-6079-58bc-a148-df8eccf2f930,oysters,6,low_risk_share,low,somewhat_intimate,posterior,0.69
0ce62955-6079-58bc-a148-df8eccf2f930,gala,7,high_risk_share,high,max_formal,prior,0.35
0ce62955-6079-58bc-a148-df8eccf2f930,gala,7,high_risk_share,high,max_formal,posterior,0.32
0ce62955-6079-58bc-a148-df8eccf2f930,driving,8,no_share,high,max_formal,prior,0.05
0ce62955-6079-58bc-a148-df8eccf2f930,driving,8,no_share,high,max_formal,posterior,0.03
0ce62955-6079-58bc-a148-df8eccf2f930,soup,9,high_risk_share,low,max_intimate,prior,0.66
0ce62955-6079-58bc-a148-df8eccf2f930,soup,9,high_risk_share,low,max_intimate,posterior,0.87
0ce62955-6079-58bc-a148-df8eccf2f930,hike,10,low_risk_share,high,somewhat_intimate,prior,0.61
0ce62955-6079-58bc-a148-df8eccf2f930,hike,10,low_risk_share,high,somewhat_intimate,posterior,0.67
0ce62955-6079-58bc-a148-df8eccf2f930,fair,11,high_risk_share,high,somewhat_intimate,prior,0.35
0ce62955-6079-58bc-a148-df8eccf2f930,fair,11,high_risk_share,high,somewhat_intimate,posterior,0.67
0ce62955-6079-58bc-a148-df8eccf2f930,takeout,12,no_share,high,somewhat_intimate,prior,0.58
0ce62955-6079-58bc-a148-df8eccf2f930,takeout,12,no_share,high,somewhat_intimate,posterior,0.27
0ce62955-6079-58bc-a148-df8eccf2f930,brunch,13,low_risk_share,low,max_intimate,prior,0.37
0ce62955-6079-58bc-a148-df8eccf2f930,brunch,13,low_risk_share,low,max_intimate,posterior,0.82
0ce62955-6079-58bc-a148-df8eccf2f930,basketball,14,high_risk_share,low,max_formal,prior,0.87
0ce62955-6079-58bc-a148-df8eccf2f930,basketball,14,high_risk_share,low,max_formal,posterior,0.7
0ce62955-6079-58bc-a148-df8eccf2f930,social,15,no_share,low,max_intimate,prior,0.37
0ce62955-6079-58bc-a148-df8eccf2f930,social,15,no_share,low,max_intimate,posterior,0.03
f70e8117-3950-53d6-82af-4d0d4b33f604,brunch,0,no_share,low,somewhat_intimate,prior,0.55
f70e8117-3950-53d6-82af-4d0d4b33f604,brunch,0,no_share,low,somewhat_intimate,posterior,0.34
f70e8117-3950-53d6-82af-4d0d4b33f604,hike,1,high_risk_share,high,max_formal,prior,0.69
f70e8117-3950-53d6-82af-4d0d4b33f604,hike,1,high_risk_share,high,max_formal,posterior,0.67
f70e8117-3950-53d6-82af-4d0d4b33f604,fair,2,high_risk_share,high,somewhat_formal,prior,0.61
f70e8117-3950-53d6-82af-4d0d4b33f604,fair,2,high_risk_share,high,somewhat_formal,posterior,0.59
f70e8117-3950-53d6-82af-4d0d4b33f604,dip,3,high_risk_share,low,somewhat_formal,prior,0.62
f70e8117-3950-53d6-82af-4d0d4b33f604,dip,3,high_risk_share,low,somewhat_formal,posterior,0.72
f70e8117-3950-53d6-82af-4d0d4b33f604,cooking,4,no_share,high,max_formal,prior,0.71
f70e8117-3950-53d6-82af-4d0d4b33f604,cooking,4,no_share,high,max_formal,posterior,0.28
f70e8117-3950-53d6-82af-4d0d4b33f604,basketball,5,low_risk_share,high,somewhat_formal,prior,0.39
f70e8117-3950-53d6-82af-4d0d4b33f604,basketball,5,low_risk_share,high,somewhat_formal,posterior,0.62
f70e8117-3950-53d6-82af-4d0d4b33f604,wedding,6,low_risk_share,high,max_intimate,prior,0.67
f70e8117-3950-53d6-82af-4d0d4b33f604,wedding,6,low_risk_share,high,max_intimate,posterior,0.73
f70e8117-3950-53d6-82af-4d0d4b33f604,social,7,high_risk_share,high,somewhat_intimate,prior,0.77
f70e8117-3950-53d6-82af-4d0d4b33f604,social,7,high_risk_share,high,somewhat_intimate,posterior,0.76
f70e8117-3950-53d6-82af-4d0d4b33f604,gala,8,low_risk_share,low,somewhat_formal,prior,0.67
f70e8117-3950-53d6-82af-4d0d4b33f604,gala,8,low_risk_share,low,somewhat_formal,posterior,0.35
f70e8117-3950-53d6-82af-4d0d4b33f604,takeout,9,high_risk_share,low,somewhat_intimate,prior,0.69
f70e8117-3950-53d6-82af-4d0d4b33f604,takeout,9,high_risk_share,low,somewhat_intimate,posterior,0.7
f70e8117-3950-53d6-82af-4d0d4b33f604,birthday,10,low_risk_share,low,max_intimate,prior,0.75
f70e8117-3950-53d6-82af-4d0d4b33f604,birthday,10,low_risk_share,low,max_intimate,posterior,0.73
f70e8117-3950-53d6-82af-4d0d4b33f604,apples,11,no_share,high,max_intimate,prior,0.78
f70e8117-3950-53d6-82af-4d0d4b33f604,apples,11,no_share,high,max_intimate,posterior,0.31
f70e8117-3950-53d6-82af-4d0d4b33f604,soup,12,no_share,low,max_formal,prior,0.59
f70e8117-3950-53d6-82af-4d0d4b33f604,soup,12,no_share,low,max_formal,posterior,0.58
f70e8117-3950-53d6-82af-4d0d4b33f604,driving,13,low_risk_share,low,max_formal,prior,0.68
f70e8117-3950-53d6-82af-4d0d4b33f604,driving,13,low_risk_share,low,max_formal,posterior,0.72
f70e8117-3950-53d6-82af-4d0d4b33f604,drinks,14,no_share,low,max_intimate,prior,0.79
f70e8117-3950-53d6-82af-4d0d4b33f604,drinks,14,no_share,low,max_intimate,posterior,0.27
f70e8117-3950-53d6-82af-4d0d4b33f604,oysters,15,low_risk_share,high,somewhat_intimate,prior,0.62
f70e8117-3950-53d6-82af-4d0d4b33f604,oysters,15,low_risk_share,high,somewhat_intimate,posterior,0.69
4ef7432b-0cd6-53f8-b803-5fee9192142f,gala,0,no_share,high,somewhat_formal,prior,0.79
4ef7432b-0cd6-53f8-b803-5fee9192142f,gala,0,no_share,high,somewhat_formal,posterior,0.77
4ef7432b-0cd6-53f8-b803-5fee9192142f,dip,1,low_risk_share,high,max_formal,prior,0.68
4ef7432b-0cd6-53f8-b803-5fee9192142f,dip,1,low_risk_share,high,max_formal,posterior,0.65
4ef7432b-0cd6-53f8-b803-5fee9192142f,takeout,2,no_share,low,somewhat_formal,prior,0.82
4ef7432b-0cd6-53f8-b803-5fee9192142f,takeout,2,no_share,low,somewhat_formal,posterior,0.04
4ef7432b-0cd6-53f8-b803-5fee9192142f,drinks,3,high_risk_share,low,max_intimate,prior,0.58
4ef7432b-0cd6-53f8-b803-5fee9192142f,drinks,3,high_risk_share,low,max_intimate,posterior,0.69
4ef7432b-0cd6-53f8-b803-5fee9192142f,basketball,4,no_share,high,max_intimate,prior,0.9
4ef7432b-0cd6-53f8-b803-5fee9192142f,basketball,4,no_share,high,max_intimate,posterior,0.03
4ef7432b-0cd6-53f8-b803-5fee9192142f,social,5,no_share,low,max_formal,prior,0.86
4ef7432b-0cd6-53f8-b803-5fee9192142f,social,5,no_share,low,max_formal,posterior,0.02
4ef7432b-0cd6-53f8-b803-5fee9192142f,wedding,6,high_risk_share,low,max_formal,prior,0.9
4ef7432b-0cd6-53f8-b803-5fee9192142f,wedding,6,high_risk_share,low,max_formal,posterior,1.0
4ef7432b-0cd6-53f8-b803-5fee9192142f,soup,7,low_risk_share,low,somewhat_intimate,prior,0.63
4ef7432b-0cd6-53f8-b803-5fee9192142f,soup,7,low_risk_share,low,somewhat_intimate,posterior,0.83
4ef7432b-0cd6-53f8-b803-5fee9192142f,hike,8,low_risk_share,high,max_intimate,prior,0.89
4ef7432b-0cd6-53f8-b803-5fee9192142f,hike,8,low_risk_share,high,max_intimate,posterior,0.92
4ef7432b-0cd6-53f8-b803-5fee9192142f,brunch,9,low_risk_share,low,max_formal,prior,0.76
4ef7432b-0cd6-53f8-b803-5fee9192142f,brunch,9,low_risk_share,low,max_formal,posterior,0.78
4ef7432b-0cd6-53f8-b803-5fee9192142f,driving,10,no_share,low,somewhat_intimate,prior,0.87
4ef7432b-0cd6-53f8-b803-5fee9192142f,driving,10,no_share,low,somewhat_intimate,posterior,0.57
4ef7432b-0cd6-53f8-b803-5fee9192142f,birthday,11,low_risk_share,high,somewhat_formal,prior,0.58
4ef7432b-0cd6-53f8-b803-5fee9192142f,birthday,11,low_risk_share,high,somewhat_formal,posterior,0.62
4ef7432b-0cd6-53f8-b803-5fee9192142f,cooking,12,no_share,high,somewhat_intimate,prior,0.84
4ef7432b-0cd6-53f8-b803-5fee9192142f,cooking,12,no_share,high,somewhat_intimate,posterior,0.06
4ef7432b-0cd6-53f8-b803-5fee9192142f,fair,13,high_risk_share,high,somewhat_formal,prior,0.79
4ef7432b-0cd6-53f8-b803-5fee9192142f,fair,13,high_risk_share,high,somewhat_formal,posterior,0.98
4ef7432b-0cd6-53f8-b803-5fee9192142f,apples,14,high_risk_share,high,max_intimate,prior,0.76
4ef7432b-0cd6-53f8-b803-5fee9192142f,apples,14,high_risk_share,high,max_intimate,posterior,0.95
4ef7432b-0cd6-53f8-b803-5fee9192142f,oysters,15,high_risk_share,low,somewhat_intimate,prior,0.69
4ef7432b-0cd6-53f8-b803-5fee9192142f,oysters,15,high_risk_share,low,somewhat_intimate,posterior,0.92
7ff7969b-adcd-5ca6-b9a1-d99e7c9410e9,dip,0,low_risk_share,low,somewhat_intimate,prior,0.86
7ff7969b-adcd-5ca6-b9a1-d99e7c9410e9,dip,0,low_risk_share,low,somewhat_intimate,posterior,0.81
7ff7969b-adcd-5ca6-b9a1-d99e7c9410e9,social,1,high_risk_share,low,max_intimate,prior,0.66
7ff7969b-adcd-5ca6-b9a1-d99e7c9410e9,social,1,high_risk_share,low,max_intimate,posterior,0.86
7ff7969b-adcd-5ca6-b9a1-d99e7c9410e9,takeout,2,low_risk_share,low,max_formal,prior,0.95
7ff7969b-adcd-5ca6-b9a1-d99e7c9410e9,takeout,2,low_risk_share,low,max_formal,posterior,0.96
7ff7969b-adcd-5ca6-b9a1-d99e7c9410e9,fair,3,high_risk_share,low,max_formal,prior,0.99
7ff7969b-adcd-5ca6-b9a1-d99e7c9410e9,fair,3,high_risk_share,low,max_formal,posterior,0.94
7ff7969b-adcd-5ca6-b9a1-d99e7c9410e9,hike,4,no_share,high,somewhat_formal,prior,0.6
7ff7969b-adcd-5ca6-b9a1-d99e7c9410e9,hike,4,no_share,high,somewhat_formal,posterior,0.33
7ff7969b-adcd-5ca6-b9a1-d99e7c9410e9,wedding,5,no_share,low,somewhat_formal,prior,0.82
7ff7969b-adcd-5ca6-b9a1-d99e7c9410e9,wedding,5,no_share,low,somewhat_formal,posterior,0.78
7ff7969b-adcd-5ca6-b9a1-d99e7c9410e9,driving,6,high_risk_share,high,max_intimate,prior,0.99
7ff7969b-adcd-5ca6-b9a1-d99e7c9410e9,driving,6,high_risk_share,high,max_intimate,posterior,0.99
7ff7969b-adcd-5ca6-b9a1-d99e7c9410e9,drinks,7,high_risk_share,low,somewhat_intimate,prior,0.52
7ff7969b-adcd-5ca6-b9a1-d99e7c9410e9,drinks,7,high_risk_share,low,somewhat_intimate,posterior,0.98
7ff7969b-adcd-5ca6-b9a1-d99e7c9410e9,cooking,8,no_share,low,max_formal,prior,1.0
7ff7969b-adcd-5ca6-b9a1-d99e7c9410e9,cooking,8,no_share,low,max_formal,posterior,1.0
7ff7969b-adcd-5ca6-b9a1-d99e7c9410e9,brunch,9,no_share,high,somewhat_intimate,prior,1.0
7ff7969b-adcd-5ca6-b9a1-d99e7c9410e9,brunch,9,no_share,high,somewhat_intimate,posterior,0.79
7ff7969b-adcd-5ca6-b9a1-d99e7c9410e9,birthday,10,no_share,high,max_intimate,prior,0.67
7ff7969b-adcd-5ca6-b9a1-d99e7c9410e9,birthday,10,no_share,high,max_intimate,posterior,0.14
7ff7969b-adcd-5ca6-b9a1-d99e7c9410e9,basketball,11,low_risk_share,high,max_formal,prior,0.91
7ff7969b-adcd-5ca6-b9a1-d99e7c9410e9,basketball,11,low_risk_share,high,max_formal,posterior,1.0
7ff7969b-adcd-5ca6-b9a1-d99e7c9410e9,soup,12,low_risk_share,high,somewhat_formal,prior,0.57
7ff7969b-adcd-5ca6-b9a1-d99e7c9410e9,soup,12,low_risk_share,high,somewhat_formal,posterior,1.0
7ff7969b-adcd-5ca6-b9a1-d99e7c9410e9,apples,13,low_risk_share,high,max_intimate,prior,0.85
7ff7969b-adcd-5ca6-b9a1-d99e7c9410e9,apples,13,low_risk_share,high,max_intimate,posterior,0.99
7ff7969b-adcd-5ca6-b9a1-d99e7c9410e9,oysters,14,high_risk_share,high,somewhat_formal,prior,0.85
7ff7969b-adcd-5ca6-b9a1-d99e7c9410e9,oysters,14,high_risk_share,high,somewhat_formal,posterior,0.99
7ff7969b-adcd-5ca6-b9a1-d99e7c9410e9,gala,15,no_share,low,somewhat_intimate,prior,0.71
7ff7969b-adcd-5ca6-b9a1-d99e7c9410e9,gala,15,no_share,low,somewhat_intimate,posterior,0.04
ed686909-3613-5481-b92e-41a785ecfefc,birthday,0,no_share,high,somewhat_intimate,prior,0.78
ed686909-3613-5481-b92e-41a785ecfefc,birthday,0,no_share,high,somewhat_intimate,posterior,0.19
ed686909-3613-5481-b92e-41a785ecfefc,wedding,1,no_share,low,somewhat_formal,prior,0.91
ed686909-3613-5481-b92e-41a785ecfefc,wedding,1,no_share,low,somewhat_formal,posterior,0.94
ed686909-3613-5481-b92e-41a785ecfefc,oysters,2,no_share,high,somewhat_formal,prior,0.5
ed686909-3613-5481-b92e-41a785ecfefc,oysters,2,no_share,high,somewhat_formal,posterior,0.5
ed686909-3613-5481-b92e-41a785ecfefc,drinks,3,low_risk_share,high,somewhat_intimate,prior,0.22
ed686909-3613-5481-b92e-41a785ecfefc,drinks,3,low_risk_share,high,somewhat_intimate,posterior,1.0
ed686909-3613-5481-b92e-41a785ecfefc,social,4,low_risk_share,high,max_formal,prior,0.86
ed686909-3613-5481-b92e-41a785ecfefc,social,4,low_risk_share,high,max_formal,posterior,1.0
ed686909-3613-5481-b92e-41a785ecfefc,fair,5,high_risk_share,high,somewhat_intimate,prior,0.5
ed686909-3613-5481-b92e-41a785ecfefc,fair,5,high_risk_share,high,somewhat_intimate,posterior,1.0
ed686909-3613-5481-b92e-41a785ecfefc,dip,6,low_risk_share,low,max_intimate,prior,0.61
ed686909-3613-5481-b92e-41a785ecfefc,dip,6,low_risk_share,low,max_intimate,posterior,0.5
ed686909-3613-5481-b92e-41a785ecfefc,cooking,7,high_risk_share,low,max_intimate,prior,0.88
ed686909-3613-5481-b92e-41a785ecfefc,cooking,7,high_risk_share,low,max_intimate,posterior,0.75
ed686909-3613-5481-b92e-41a785ecfefc,hike,8,low_risk_share,low,somewhat_intimate,prior,0.94
ed686909-3613-5481-b92e-41a785ecfefc,hike,8,low_risk_share,low,somewhat_intimate,posterior,1.0
ed686909-3613-5481-b92e-41a785ecfefc,driving,9,no_share,low,max_intimate,prior,0.5
ed686909-3613-5481-b92e-41a785ecfefc,driving,9,no_share,low,max_intimate,posterior,0.3
ed686909-3613-5481-b92e-41a785ecfefc,takeout,10,high_risk_share,high,max_intimate,prior,0.25
ed686909-3613-5481-b92e-41a785ecfefc,takeout,10,high_risk_share,high,max_intimate,posterior,0.58
ed686909-3613-5481-b92e-41a785ecfefc,brunch,11,no_share,high,max_formal,prior,0.8
ed686909-3613-5481-b92e-41a785ecfefc,brunch,11,no_share,high,max_formal,posterior,0.82
ed686909-3613-5481-b92e-41a785ecfefc,soup,12,high_risk_share,high,max_formal,prior,0.5
ed686909-3613-5481-b92e-41a785ecfefc,soup,12,high_risk_share,high,max_formal,posterior,1.0
ed686909-3613-5481-b92e-41a785ecfefc,basketball,13,high_risk_share,low,somewhat_formal,prior,0.4
ed686909-3613-5481-b92e-41a785ecfefc,basketball,13,high_risk_share,low,somewhat_formal,posterior,1.0
ed686909-3613-5481-b92e-41a785ecfefc,gala,14,high_risk_share,low,max_formal,prior,0.5
ed686909-3613-5481-b92e-41a785ecfefc,gala,14,high_risk_share,low,max_formal,posterior,0.93
ed686909-3613-5481-b92e-41a785ecfefc,apples,15,low_risk_share,low,somewhat_formal,prior,0.5
ed686909-3613-5481-b92e-41a785ecfefc,apples,15,low_risk_share,low,somewhat_formal,posterior,0.66
f73b0cbb-bc55-5727-a7b7-c1df8261c504,dip,0,high_risk_share,high,somewhat_intimate,prior,1.0
f73b0cbb-bc55-5727-a7b7-c1df8261c504,dip,0,high_risk_share,high,somewhat_intimate,posterior,1.0
f73b0cbb-bc55-5727-a7b7-c1df8261c504,apples,1,low_risk_share,low,somewhat_formal,prior,0.82
f73b0cbb-bc55-5727-a7b7-c1df8261c504,apples,1,low_risk_share,low,somewhat_formal,posterior,0.92
f73b0cbb-bc55-5727-a7b7-c1df8261c504,gala,2,low_risk_share,high,somewhat_intimate,prior,0.76
f73b0cbb-bc55-5727-a7b7-c1df8261c504,gala,2,low_risk_share,high,somewhat_intimate,posterior,0.84
f73b0cbb-bc55-5727-a7b7-c1df8261c504,brunch,3,low_risk_share,high,max_formal,prior,0.78
f73b0cbb-bc55-5727-a7b7-c1df8261c504,brunch,3,low_risk_share,high,max_formal,posterior,0.92
f73b0cbb-bc55-5727-a7b7-c1df8261c504,wedding,4,no_share,low,somewhat_formal,prior,0.78
f73b0cbb-bc55-5727-a7b7-c1df8261c504,wedding,4,no_share,low,somewhat_formal,posterior,0.81
f73b0cbb-bc55-5727-a7b7-c1df8261c504,birthday,5,high_risk_share,high,max_intimate,prior,0.84
f73b0cbb-bc55-5727-a7b7-c1df8261c504,birthday,5,high_risk_share,high,max_intimate,posterior,0.97
f73b0cbb-bc55-5727-a7b7-c1df8261c504,basketball,6,high_risk_share,high,max_formal,prior,0.68
f73b0cbb-bc55-5727-a7b7-c1df8261c504,basketball,6,high_risk_share,high,max_formal,posterior,0.58
f73b0cbb-bc55-5727-a7b7-c1df8261c504,hike,7,no_share,high,somewhat_formal,prior,0.8
f73b0cbb-bc55-5727-a7b7-c1df8261c504,hike,7,no_share,high,somewhat_formal,posterior,0.78
f73b0cbb-bc55-5727-a7b7-c1df8261c504,fair,8,no_share,high,max_formal,prior,0.83
f73b0cbb-bc55-5727-a7b7-c1df8261c504,fair,8,no_share,high,max_formal,posterior,0.81
f73b0cbb-bc55-5727-a7b7-c1df8261c504,social,9,high_risk_share,low,max_formal,prior,0.79
f73b0cbb-bc55-5727-a7b7-c1df8261c504,social,9,high_risk_share,low,max_formal,posterior,0.78
f73b0cbb-bc55-5727-a7b7-c1df8261c504,cooking,10,low_risk_share,low,max_intimate,prior,0.96
f73b0cbb-bc55-5727-a7b7-c1df8261c504,cooking,10,low_risk_share,low,max_intimate,posterior,0.97
f73b0cbb-bc55-5727-a7b7-c1df8261c504,driving,11,high_risk_share,low,somewhat_formal,prior,0.78
f73b0cbb-bc55-5727-a7b7-c1df8261c504,driving,11,high_risk_share,low,somewhat_formal,posterior,0.73
f73b0cbb-bc55-5727-a7b7-c1df8261c504,takeout,12,no_share,high,somewhat_intimate,prior,0.84
f73b0cbb-bc55-5727-a7b7-c1df8261c504,takeout,12,no_share,high,somewhat_intimate,posterior,0.82
f73b0cbb-bc55-5727-a7b7-c1df8261c504,soup,13,no_share,low,max_intimate,prior,0.8
f73b0cbb-bc55-5727-a7b7-c1df8261c504,soup,13,no_share,low,max_intimate,posterior,0.7
f73b0cbb-bc55-5727-a7b7-c1df8261c504,drinks,14,high_risk_share,low,max_intimate,prior,0.82
f73b0cbb-bc55-5727-a7b7-c1df8261c504,drinks,14,high_risk_share,low,max_intimate,posterior,0.9
f73b0cbb-bc55-5727-a7b7-c1df8261c504,oysters,15,low_risk_share,low,somewhat_intimate,prior,0.89
f73b0cbb-bc55-5727-a7b7-c1df8261c504,oysters,15,low_risk_share,low,somewhat_intimate,posterior,0.92
ed8a0ab1-f93c-5730-bbaa-eed74cc699cf,takeout,0,high_risk_share,low,somewhat_formal,prior,0.8
ed8a0ab1-f93c-5730-bbaa-eed74cc699cf,takeout,0,high_risk_share,low,somewhat_formal,posterior,0.91
ed8a0ab1-f93c-5730-bbaa-eed74cc699cf,cooking,1,high_risk_share,high,max_formal,prior,1.0
ed8a0ab1-f93c-5730-bbaa-eed74cc699cf,cooking,1,high_risk_share,high,max_formal,posterior,1.0
ed8a0ab1-f93c-5730-bbaa-eed74cc699cf,wedding,2,high_risk_share,high,somewhat_intimate,prior,0.67
ed8a0ab1-f93c-5730-bbaa-eed74cc699cf,wedding,2,high_risk_share,high,somewhat_intimate,posterior,1.0
ed8a0ab1-f93c-5730-bbaa-eed74cc699cf,soup,3,no_share,low,max_intimate,prior,0.86
ed8a0ab1-f93c-5730-bbaa-eed74cc699cf,soup,3,no_share,low,max_intimate,posterior,0.14
ed8a0ab1-f93c-5730-bbaa-eed74cc699cf,fair,4,high_risk_share,low,max_intimate,prior,0.77
ed8a0ab1-f93c-5730-bbaa-eed74cc699cf,fair,4,high_risk_share,low,max_intimate,posterior,1.0
ed8a0ab1-f93c-5730-bbaa-eed74cc699cf,hike,5,no_share,high,somewhat_formal,prior,0.63
ed8a0ab1-f93c-5730-bbaa-eed74cc699cf,hike,5,no_share,high,somewhat_formal,posterior,0.39
ed8a0ab1-f93c-5730-bbaa-eed74cc699cf,oysters,6,low_risk_share,high,somewhat_intimate,prior,0.78
ed8a0ab1-f93c-5730-bbaa-eed74cc699cf,oysters,6,low_risk_share,high,somewhat_intimate,posterior,0.82
ed8a0ab1-f93c-5730-bbaa-eed74cc699cf,birthday,7,low_risk_share,low,max_intimate,prior,0.62
ed8a0ab1-f93c-5730-bbaa-eed74cc699cf,birthday,7,low_risk_share,low,max_intimate,posterior,0.62
ed8a0ab1-f93c-5730-bbaa-eed74cc699cf,drinks,8,high_risk_share,low,max_formal,prior,0.74
ed8a0ab1-f93c-5730-bbaa-eed74cc699cf,drinks,8,high_risk_share,low,max_formal,posterior,0.81
ed8a0ab1-f93c-5730-bbaa-eed74cc699cf,apples,9,no_share,high,max_formal,prior,0.94
ed8a0ab1-f93c-5730-bbaa-eed74cc699cf,apples,9,no_share,high,max_formal,posterior,0.36
ed8a0ab1-f93c-5730-bbaa-eed74cc699cf,gala,10,low_risk_share,low,somewhat_intimate,prior,0.74
ed8a0ab1-f93c-5730-bbaa-eed74cc699cf,gala,10,low_risk_share,low,somewhat_intimate,posterior,1.0
ed8a0ab1-f93c-5730-bbaa-eed74cc699cf,basketball,11,low_risk_share,high,max_formal,prior,0.28
ed8a0ab1-f93c-5730-bbaa-eed74cc699cf,basketball,11,low_risk_share,high,max_formal,posterior,0.76
ed8a0ab1-f93c-5730-bbaa-eed74cc699cf,social,12,no_share,low,somewhat_formal,prior,0.59
ed8a0ab1-f93c-5730-bbaa-eed74cc699cf,social,12,no_share,low,somewhat_formal,posterior,0.0
ed8a0ab1-f93c-5730-bbaa-eed74cc699cf,dip,13,low_risk_share,low,somewhat_formal,prior,0.78
ed8a0ab1-f93c-5730-bbaa-eed74cc699cf,dip,13,low_risk_share,low,somewhat_formal,posterior,0.74
ed8a0ab1-f93c-5730-bbaa-eed74cc699cf,driving,14,no_share,high,somewhat_intimate,prior,0.93
ed8a0ab1-f93c-5730-bbaa-eed74cc699cf,driving,14,no_share,high,somewhat_intimate,posterior,0.29
ed8a0ab1-f93c-5730-bbaa-eed74cc699cf,brunch,15,high_risk_share,high,max_intimate,prior,0.27
ed8a0ab1-f93c-5730-bbaa-eed74cc699cf,brunch,15,high_risk_share,high,max_intimate,posterior,0.79
898528c4-2382-51dc-9515-4a7fd45bcfb4,dip,0,high_risk_share,high,somewhat_intimate,prior,0.73
898528c4-2382-51dc-9515-4a7fd45bcfb4,dip,0,high_risk_share,high,somewhat_intimate,posterior,0.93
898528c4-2382-51dc-9515-4a7fd45bcfb4,birthday,1,low_risk_share,low,somewhat_formal,prior,0.44
898528c4-2382-51dc-9515-4a7fd45bcfb4,birthday,1,low_risk_share,low,somewhat_formal,posterior,0.61
898528c4-2382-51dc-9515-4a7fd45bcfb4,social,2,no_share,low,somewhat_intimate,prior,0.34
898528c4-2382-51dc-9515-4a7fd45bcfb4,social,2,no_share,low,somewhat_intimate,posterior,0.45
898528c4-2382-51dc-9515-4a7fd45bcfb4,cooking,3,low_risk_share,low,max_formal,prior,0.78
898528c4-2382-51dc-9515-4a7fd45bcfb4,cooking,3,low_risk_share,low,max_formal,posterior,0.79
898528c4-2382-51dc-9515-4a7fd45bcfb4,oysters,4,low_risk_share,low,max_intimate,prior,1.0
898528c4-2382-51dc-9515-4a7fd45bcfb4,oysters,4,low_risk_share,low,max_intimate,posterior,0.43
898528c4-2382-51dc-9515-4a7fd45bcfb4,brunch,5,no_share,low,max_intimate,prior,0.5
898528c4-2382-51dc-9515-4a7fd45bcfb4,brunch,5,no_share,low,max_intimate,posterior,0.87
898528c4-2382-51dc-9515-4a7fd45bcfb4,fair,6,high_risk_share,high,somewhat_formal,prior,0.34
898528c4-2382-51dc-9515-4a7fd45bcfb4,fair,6,high_risk_share,high,somewhat_formal,posterior,0.0
898528c4-2382-51dc-9515-4a7fd45bcfb4,drinks,7,no_share,low,max_formal,prior,0.11
898528c4-2382-51dc-9515-4a7fd45bcfb4,drinks,7,no_share,low,max_formal,posterior,0.68
898528c4-2382-51dc-9515-4a7fd45bcfb4,gala,8,low_risk_share,high,max_intimate,prior,0.59
898528c4-2382-51dc-9515-4a7fd45bcfb4,gala,8,low_risk_share,high,max_intimate,posterior,0.49
898528c4-2382-51dc-9515-4a7fd45bcfb4,apples,9,no_share,high,max_intimate,prior,0.59
898528c4-2382-51dc-9515-4a7fd45bcfb4,apples,9,no_share,high,max_intimate,posterior,0.24
898528c4-2382-51dc-9515-4a7fd45bcfb4,takeout,10,low_risk_share,high,somewhat_formal,prior,0.64
898528c4-2382-51dc-9515-4a7fd45bcfb4,takeout,10,low_risk_share,high,somewhat_formal,posterior,0.9
898528c4-2382-51dc-9515-4a7fd45bcfb4,basketball,11,no_share,high,max_formal,prior,0.16
898528c4-2382-51dc-9515-4a7fd45bcfb4,basketball,11,no_share,high,max_formal,posterior,0.0
898528c4-2382-51dc-9515-4a7fd45bcfb4,wedding,12,high_risk_share,high,max_formal,prior,0.86
898528c4-2382-51dc-9515-4a7fd45bcfb4,wedding,12,high_risk_share,high,max_formal,posterior,0.91
898528c4-2382-51dc-9515-4a7fd45bcfb4,driving,13,high_risk_share,low,somewhat_intimate,prior,0.1
898528c4-2382-51dc-9515-4a7fd45bcfb4,driving,13,high_risk_share,low,somewhat_intimate,posterior,0.16
898528c4-2382-51dc-9515-4a7fd45bcfb4,soup,14,high_risk_share,low,somewhat_formal,prior,0.49
898528c4-2382-51dc-9515-4a7fd45bcfb4,soup,14,high_risk_share,low,somewhat_formal,posterior,0.66
898528c4-2382-51dc-9515-4a7fd45bcfb4,hike,15,low_risk_share,high,somewhat_intimate,prior,0.3
898528c4-2382-51dc-9515-4a7fd45bcfb4,hike,15,low_risk_share,high,somewhat_intimate,posterior,0.24
d8d23e9e-af7f-52e9-ab6f-bbe013b83c7b,cooking,0,low_risk_share,low,max_intimate,prior,0.81
d8d23e9e-af7f-52e9-ab6f-bbe013b83c7b,cooking,0,low_risk_share,low,max_intimate,posterior,0.82
d8d23e9e-af7f-52e9-ab6f-bbe013b83c7b,oysters,1,low_risk_share,high,somewhat_formal,prior,0.5
d8d23e9e-af7f-52e9-ab6f-bbe013b83c7b,oysters,1,low_risk_share,high,somewhat_formal,posterior,0.49
d8d23e9e-af7f-52e9-ab6f-bbe013b83c7b,driving,2,high_risk_share,low,somewhat_intimate,prior,0.49
d8d23e9e-af7f-52e9-ab6f-bbe013b83c7b,driving,2,high_risk_share,low,somewhat_intimate,posterior,0.44
d8d23e9e-af7f-52e9-ab6f-bbe013b83c7b,fair,3,low_risk_share,low,somewhat_formal,prior,0.78
d8d23e9e-af7f-52e9-ab6f-bbe013b83c7b,fair,3,low_risk_share,low,somewhat_formal,posterior,0.73
d8d23e9e-af7f-52e9-ab6f-bbe013b83c7b,wedding,4,high_risk_share,low,somewhat_formal,prior,0.5
d8d23e9e-af7f-52e9-ab6f-bbe013b83c7b,wedding,4,high_risk_share,low,somewhat_formal,posterior,0.5
d8d23e9e-af7f-52e9-ab6f-bbe013b83c7b,birthday,5,high_risk_share,high,max_formal,prior,0.29
d8d23e9e-af7f-52e9-ab6f-bbe013b83c7b,birthday,5,high_risk_share,high,max_formal,posterior,0.44
d8d23e9e-af7f-52e9-ab6f-bbe013b83c7b,dip,6,low_risk_share,low,max_formal,prior,0.68
d8d23e9e-af7f-52e9-ab6f-bbe013b83c7b,dip,6,low_risk_share,low,max_formal,posterior,0.72
d8d23e9e-af7f-52e9-ab6f-bbe013b83c7b,takeout,7,no_share,low,max_intimate,prior,0.57
d8d23e9e-af7f-52e9-ab6f-bbe013b83c7b,takeout,7,no_share,low,max_intimate,posterior,0.75
d8d23e9e-af7f-52e9-ab6f-bbe013b83c7b,gala,8,no_share,low,max_formal,prior,0.31
d8d23e9e-af7f-52e9-ab6f-bbe013b83c7b,gala,8,no_share,low,max_formal,posterior,0.32
d8d23e9e-af7f-52e9-ab6f-bbe013b83c7b,social,9,no_share,high,max_formal,prior,0.31
d8d23e9e-af7f-52e9-ab6f-bbe013b83c7b,social,9,no_share,high,max_formal,posterior,0.25
d8d23e9e-af7f-52e9-ab6f-bbe013b83c7b,brunch,10,no_share,high,max_intimate,prior,0.5
d8d23e9e-af7f-52e9-ab6f-bbe013b83c7b,brunch,10,no_share,high,max_intimate,posterior,0.29
d8d23e9e-af7f-52e9-ab6f-bbe013b83c7b,hike,11,low_risk_share,high,max_intimate,prior,0.61
d8d23e9e-af7f-52e9-ab6f-bbe013b83c7b,hike,11,low_risk_share,high,max_intimate,posterior,0.61
d8d23e9e-af7f-52e9-ab6f-bbe013b83c7b,basketball,12,low_risk_share,high,somewhat_intimate,prior,0.77
d8d23e9e-af7f-52e9-ab6f-bbe013b83c7b,basketball,12,low_risk_share,high,somewhat_intimate,posterior,0.81
d8d23e9e-af7f-52e9-ab6f-bbe013b83c7b,apples,13,no_share,low,somewhat_intimate,prior,0.88
d8d23e9e-af7f-52e9-ab6f-bbe013b83c7b,apples,13,no_share,low,somewhat_intimate,posterior,0.54
d8d23e9e-af7f-52e9-ab6f-bbe013b83c7b,drinks,14,high_risk_share,high,somewhat_intimate,prior,0.5
d8d23e9e-af7f-52e9-ab6f-bbe013b83c7b,drinks,14,high_risk_share,high,somewhat_intimate,posterior,0.42
d8d23e9e-af7f-52e9-ab6f-bbe013b83c7b,soup,15,high_risk_share,high,somewhat_formal,prior,0.45
d8d23e9e-af7f-52e9-ab6f-bbe013b83c7b,soup,15,high_risk_share,high,somewhat_formal,posterior,0.4
fa6d7367-1e7b-5bd7-a007-b874f34639bf,hike,0,high_risk_share,low,somewhat_intimate,prior,0.8
fa6d7367-1e7b-5bd7-a007-b874f34639bf,hike,0,high_risk_share,low,somewhat_intimate,posterior,0.92
fa6d7367-1e7b-5bd7-a007-b874f34639bf,brunch,1,high_risk_share,low,somewhat_formal,prior,0.57
fa6d7367-1e7b-5bd7-a007-b874f34639bf,brunch,1,high_risk_share,low,somewhat_formal,posterior,0.73
fa6d7367-1e7b-5bd7-a007-b874f34639bf,fair,2,no_share,high,max_intimate,prior,0.7
fa6d7367-1e7b-5bd7-a007-b874f34639bf,fair,2,no_share,high,max_intimate,posterior,0.55
fa6d7367-1e7b-5bd7-a007-b874f34639bf,social,3,low_risk_share,low,somewhat_formal,prior,0.84
fa6d7367-1e7b-5bd7-a007-b874f34639bf,social,3,low_risk_share,low,somewhat_formal,posterior,0.97
fa6d7367-1e7b-5bd7-a007-b874f34639bf,apples,4,low_risk_share,high,max_intimate,prior,0.56
fa6d7367-1e7b-5bd7-a007-b874f34639bf,apples,4,low_risk_share,high,max_intimate,posterior,0.79
fa6d7367-1e7b-5bd7-a007-b874f34639bf,wedding,5,low_risk_share,high,somewhat_formal,prior,0.78
fa6d7367-1e7b-5bd7-a007-b874f34639bf,wedding,5,low_risk_share,high,somewhat_formal,posterior,0.84
fa6d7367-1e7b-5bd7-a007-b874f34639bf,oysters,6,low_risk_share,low,max_intimate,prior,0.63
fa6d7367-1e7b-5bd7-a007-b874f34639bf,oysters,6,low_risk_share,low,max_intimate,posterior,0.65
fa6d7367-1e7b-5bd7-a007-b874f34639bf,driving,7,low_risk_share,low,max_formal,prior,0.48
fa6d7367-1e7b-5bd7-a007-b874f34639bf,driving,7,low_risk_share,low,max_formal,posterior,0.48
fa6d7367-1e7b-5bd7-a007-b874f34639bf,takeout,8,no_share,high,max_formal,prior,0.55
fa6d7367-1e7b-5bd7-a007-b874f34639bf,takeout,8,no_share,high,max_formal,posterior,0.28
fa6d7367-1e7b-5bd7-a007-b874f34639bf,basketball,9,low_risk_share,high,somewhat_intimate,prior,0.61
fa6d7367-1e7b-5bd7-a007-b874f34639bf,basketball,9,low_risk_share,high,somewhat_intimate,posterior,0.81
fa6d7367-1e7b-5bd7-a007-b874f34639bf,dip,10,high_risk_share,high,somewhat_intimate,prior,0.76
fa6d7367-1e7b-5bd7-a007-b874f34639bf,dip,10,high_risk_share,high,somewhat_intimate,posterior,0.85
fa6d7367-1e7b-5bd7-a007-b874f34639bf,soup,11,high_risk_share,high,max_formal,prior,0.43
fa6d7367-1e7b-5bd7-a007-b874f34639bf,soup,11,high_risk_share,high,max_formal,posterior,0.77
fa6d7367-1e7b-5bd7-a007-b874f34639bf,drinks,12,no_share,low,max_intimate,prior,0.85
fa6d7367-1e7b-5bd7-a007-b874f34639bf,drinks,12,no_share,low,max_intimate,posterior,0.19
fa6d7367-1e7b-5bd7-a007-b874f34639bf,birthday,13,no_share,low,somewhat_intimate,prior,0.58
fa6d7367-1e7b-5bd7-a007-b874f34639bf,birthday,13,no_share,low,somewhat_intimate,posterior,0.14
fa6d7367-1e7b-5bd7-a007-b874f34639bf,gala,14,no_share,low,max_formal,prior,0.56
fa6d7367-1e7b-5bd7-a007-b874f34639bf,gala,14,no_share,low,max_formal,posterior,0.36
fa6d7367-1e7b-5bd7-a007-b874f34639bf,cooking,15,high_risk_share,high,somewhat_formal,prior,0.75
fa6d7367-1e7b-5bd7-a007-b874f34639bf,cooking,15,high_risk_share,high,somewhat_formal,posterior,0.89
97d28982-2972-57f6-96da-ea5484d7e702,hike,0,low_risk_share,high,max_intimate,prior,0.95
97d28982-2972-57f6-96da-ea5484d7e702,hike,0,low_risk_share,high,max_intimate,posterior,0.79
97d28982-2972-57f6-96da-ea5484d7e702,dip,1,high_risk_share,high,somewhat_formal,prior,0.88
97d28982-2972-57f6-96da-ea5484d7e702,dip,1,high_risk_share,high,somewhat_formal,posterior,0.83
97d28982-2972-57f6-96da-ea5484d7e702,cooking,2,low_risk_share,high,max_formal,prior,0.91
97d28982-2972-57f6-96da-ea5484d7e702,cooking,2,low_risk_share,high,max_formal,posterior,0.87
97d28982-2972-57f6-96da-ea5484d7e702,oysters,3,high_risk_share,high,max_intimate,prior,0.73
97d28982-2972-57f6-96da-ea5484d7e702,oysters,3,high_risk_share,high,max_intimate,posterior,0.65
97d28982-2972-57f6-96da-ea5484d7e702,brunch,4,low_risk_share,low,somewhat_intimate,prior,0.83
97d28982-2972-57f6-96da-ea5484d7e702,brunch,4,low_risk_share,low,somewhat_intimate,posterior,0.73
97d28982-2972-57f6-96da-ea5484d7e702,birthday,5,high_risk_share,low,somewhat_intimate,prior,0.75
97d28982-2972-57f6-96da-ea5484d7e702,birthday,5,high_risk_share,low,somewhat_intimate,posterior,0.47
97d28982-2972-57f6-96da-ea5484d7e702,driving,6,low_risk_share,high,somewhat_formal,prior,0.23
97d28982-2972-57f6-96da-ea5484d7e702,driving,6,low_risk_share,high,somewhat_formal,posterior,0.72
97d28982-2972-57f6-96da-ea5484d7e702,fair,7,high_risk_share,low,max_formal,prior,0.52
97d28982-2972-57f6-96da-ea5484d7e702,fair,7,high_risk_share,low,max_formal,posterior,0.72
97d28982-2972-57f6-96da-ea5484d7e702,wedding,8,no_share,low,max_formal,prior,0.25
97d28982-2972-57f6-96da-ea5484d7e702,wedding,8,no_share,low,max_formal,posterior,0.15
97d28982-2972-57f6-96da-ea5484d7e702,gala,9,no_share,high,somewhat_formal,prior,0.02
97d28982-2972-57f6-96da-ea5484d7e702,gala,9,no_share,high,somewhat_formal,posterior,0.01
97d28982-2972-57f6-96da-ea5484d7e702,takeout,10,no_share,high,somewhat_intimate,prior,0.9
97d28982-2972-57f6-96da-ea5484d7e702,takeout,10,no_share,high,somewhat_intimate,posterior,0.0
97d28982-2972-57f6-96da-ea5484d7e702,basketball,11,no_share,low,somewhat_intimate,prior,0.8
97d28982-2972-57f6-96da-ea5484d7e702,basketball,11,no_share,low,somewhat_intimate,posterior,0.01
97d28982-2972-57f6-96da-ea5484d7e702,drinks,12,no_share,low,somewhat_formal,prior,0.85
97d28982-2972-57f6-96da-ea5484d7e702,drinks,12,no_share,low,somewhat_formal,posterior,0.0
97d28982-2972-57f6-96da-ea5484d7e702,apples,13,low_risk_share,low,max_formal,prior,0.69
97d28982-2972-57f6-96da-ea5484d7e702,apples,13,low_risk_share,low,max_formal,posterior,0.74
97d28982-2972-57f6-96da-ea5484d7e702,social,14,no_share,high,max_intimate,prior,0.03
97d28982-2972-57f6-96da-ea5484d7e702,social,14,no_share,high,max_intimate,posterior,0.0
97d28982-2972-57f6-96da-ea5484d7e702,soup,15,high_risk_share,low,max_intimate,prior,0.9
97d28982-2972-57f6-96da-ea5484d7e702,soup,15,high_risk_share,low,max_intimate,posterior,0.9
57341157-cc50-5525-bdf6-ad2b0c194b76,gala,0,high_risk_share,low,somewhat_intimate,prior,0.93
57341157-cc50-5525-bdf6-ad2b0c194b76,gala,0,high_risk_share,low,somewhat_intimate,posterior,0.95
57341157-cc50-5525-bdf6-ad2b0c194b76,social,1,high_risk_share,high,somewhat_formal,prior,0.83
57341157-cc50-5525-bdf6-ad2b0c194b76,social,1,high_risk_share,high,somewhat_formal,posterior,1.0
57341157-cc50-5525-bdf6-ad2b0c194b76,driving,2,no_share,high,max_intimate,prior,0.94
57341157-cc50-5525-bdf6-ad2b0c194b76,driving,2,no_share,high,max_intimate,posterior,0.85
57341157-cc50-5525-bdf6-ad2b0c194b76,birthday,3,high_risk_share,low,somewhat_formal,prior,0.5
57341157-cc50-5525-bdf6-ad2b0c194b76,birthday,3,high_risk_share,low,somewhat_formal,posterior,0.36
57341157-cc50-5525-bdf6-ad2b0c194b76,dip,4,high_risk_share,high,somewhat_intimate,prior,0.89
57341157-cc50-5525-bdf6-ad2b0c194b76,dip,4,high_risk_share,high,somewhat_intimate,posterior,0.93
57341157-cc50-5525-bdf6-ad2b0c194b76,brunch,5,low_risk_share,high,somewhat_intimate,prior,0.36
57341157-cc50-5525-bdf6-ad2b0c194b76,brunch,5,low_risk_share,high,somewhat_intimate,posterior,0.94
57341157-cc50-5525-bdf6-ad2b0c194b76,oysters,6,low_risk_share,low,max_formal,prior,0.99
57341157-cc50-5525-bdf6-ad2b0c194b76,oysters,6,low_risk_share,low,max_formal,posterior,1.0
57341157-cc50-5525-bdf6-ad2b0c194b76,takeout,7,no_share,low,max_intimate,prior,0.79
57341157-cc50-5525-bdf6-ad2b0c194b76,takeout,7,no_share,low,max_intimate,posterior,0.05
57341157-cc50-5525-bdf6-ad2b0c194b76,apples,8,no_share,low,somewhat_intimate,prior,0.76
57341157-cc50-5525-bdf6-ad2b0c194b76,apples,8,no_share,low,somewhat_intimate,posterior,0.27
57341157-cc50-5525-bdf6-ad2b0c194b76,basketball,9,high_risk_share,high,max_formal,prior,0.25
57341157-cc50-5525-bdf6-ad2b0c194b76,basketball,9,high_risk_share,high,max_formal,posterior,0.99
57341157-cc50-5525-bdf6-ad2b0c194b76,soup,10,low_risk_share,low,somewhat_formal,prior,0.37
57341157-cc50-5525-bdf6-ad2b0c194b76,soup,10,low_risk_share,low,somewhat_formal,posterior,1.0
57341157-cc50-5525-bdf6-ad2b0c194b76,wedding,11,no_share,high,max_formal,prior,0.87
57341157-cc50-5525-bdf6-ad2b0c194b76,wedding,11,no_share,high,max_formal,posterior,0.12
57341157-cc50-5525-bdf6-ad2b0c194b76,drinks,12,no_share,low,max_formal,prior,0.96
57341157-cc50-5525-bdf6-ad2b0c194b76,drinks,12,no_share,low,max_formal,posterior,0.05
57341157-cc50-5525-bdf6-ad2b0c194b76,fair,13,low_risk_share,low,max_intimate,prior,0.9
57341157-cc50-5525-bdf6-ad2b0c194b76,fair,13,low_risk_share,low,max_intimate,posterior,0.97
57341157-cc50-5525-bdf6-ad2b0c194b76,cooking,14,low_risk_share,high,somewhat_formal,prior,0.93
57341157-cc50-5525-bdf6-ad2b0c194b76,cooking,14,low_risk_share,high,somewhat_formal,posterior,0.98
57341157-cc50-5525-bdf6-ad2b0c194b76,hike,15,low_risk_share,high,max_intimate,prior,0.92
57341157-cc50-5525-bdf6-ad2b0c194b76,hike,15,low_risk_share,high,max_intimate,posterior,1.0
beed2a3c-5301-5c1c-8cf6-4b11d5c641a8,takeout,0,high_risk_share,low,somewhat_intimate,prior,0.5
beed2a3c-5301-5c1c-8cf6-4b11d5c641a8,takeout,0,high_risk_share,low,somewhat_intimate,posterior,0.6
beed2a3c-5301-5c1c-8cf6-4b11d5c641a8,basketball,1,no_share,low,somewhat_formal,prior,0.5
beed2a3c-5301-5c1c-8cf6-4b11d5c641a8,basketball,1,no_share,low,somewhat_formal,posterior,0.39
beed2a3c-5301-5c1c-8cf6-4b11d5c641a8,wedding,2,low_risk_share,high,max_formal,prior,0.6
beed2a3c-5301-5c1c-8cf6-4b11d5c641a8,wedding,2,low_risk_share,high,max_formal,posterior,0.68
beed2a3c-5301-5c1c-8cf6-4b11d5c641a8,gala,3,high_risk_share,low,max_formal,prior,0.5
beed2a3c-5301-5c1c-8cf6-4b11d5c641a8,gala,3,high_risk_share,low,max_formal,posterior,0.58
beed2a3c-5301-5c1c-8cf6-4b11d5c641a8,social,4,low_risk_share,high,max_intimate,prior,0.59
beed2a3c-5301-5c1c-8cf6-4b11d5c641a8,social,4,low_risk_share,high,max_intimate,posterior,0.7
beed2a3c-5301-5c1c-8cf6-4b11d5c641a8,driving,5,low_risk_share,high,somewhat_formal,prior,0.5
beed2a3c-5301-5c1c-8cf6-4b11d5c641a8,driving,5,low_risk_share,high,somewhat_formal,posterior,0.5
beed2a3c-5301-5c1c-8cf6-4b11d5c641a8,cooking,6,high_risk_share,low,max_intimate,prior,0.77
beed2a3c-5301-5c1c-8cf6-4b11d5c641a8,cooking,6,high_risk_share,low,max_intimate,posterior,0.93
beed2a3c-5301-5c1c-8cf6-4b11d5c641a8,fair,7,no_share,high,somewhat_intimate,prior,0.59
beed2a3c-5301-5c1c-8cf6-4b11d5c641a8,fair,7,no_share,high,somewhat_intimate,posterior,0.5
beed2a3c-5301-5c1c-8cf6-4b11d5c641a8,oysters,8,no_share,high,somewhat_formal,prior,0.58
beed2a3c-5301-5c1c-8cf6-4b11d5c641a8,oysters,8,no_share,high,somewhat_formal,posterior,0.5
beed2a3c-5301-5c1c-8cf6-4b11d5c641a8,brunch,9,high_risk_share,high,max_intimate,prior,0.56
beed2a3c-5301-5c1c-8cf6-4b11d5c641a8,brunch,9,high_risk_share,high,max_intimate,posterior,0.65
beed2a3c-5301-5c1c-8cf6-4b11d5c641a8,hike,10,low_risk_share,low,somewhat_intimate,prior,0.57
beed2a3c-5301-5c1c-8cf6-4b11d5c641a8,hike,10,low_risk_share,low,somewhat_intimate,posterior,0.66
beed2a3c-5301-5c1c-8cf6-4b11d5c641a8,dip,11,high_risk_share,high,somewhat_formal,prior,0.57
beed2a3c-5301-5c1c-8cf6-4b11d5c641a8,dip,11,high_risk_share,high,somewhat_formal,posterior,0.59
beed2a3c-5301-5c1c-8cf6-4b11d5c641a8,birthday,12,low_risk_share,low,max_formal,prior,0.58
beed2a3c-5301-5c1c-8cf6-4b11d5c641a8,birthday,12,low_risk_share,low,max_formal,posterior,0.68
beed2a3c-5301-5c1c-8cf6-4b11d5c641a8,drinks,13,no_share,low,somewhat_intimate,prior,0.59
beed2a3c-5301-5c1c-8cf6-4b11d5c641a8,drinks,13,no_share,low,somewhat_intimate,posterior,0.38
beed2a3c-5301-5c1c-8cf6-4b11d5c641a8,soup,14,no_share,high,max_intimate,prior,0.58
beed2a3c-5301-5c1c-8cf6-4b11d5c641a8,soup,14,no_share,high,max_intimate,posterior,0.5
beed2a3c-5301-5c1c-8cf6-4b11d5c641a8,apples,15,no_share,low,max_formal,prior,0.58
beed2a3c-5301-5c1c-8cf6-4b11d5c641a8,apples,15,no_share,low,max_formal,posterior,0.5
6d576bd8-7db8-58d5-89af-eff697145b1c,takeout,0,high_risk_share,high,somewhat_formal,prior,0.58
6d576bd8-7db8-58d5-89af-eff697145b1c,takeout,0,high_risk_share,high,somewhat_formal,posterior,0.97
6d576bd8-7db8-58d5-89af-eff697145b1c,dip,1,no_share,high,max_formal,prior,0.56
6d576bd8-7db8-58d5-89af-eff697145b1c,dip,1,no_share,high,max_formal,posterior,0.61
6d576bd8-7db8-58d5-89af-eff697145b1c,social,2,low_risk_share,high,somewhat_formal,prior,0.45
6d576bd8-7db8-58d5-89af-eff697145b1c,social,2,low_risk_share,high,somewhat_formal,posterior,1.0
6d576bd8-7db8-58d5-89af-eff697145b1c,fair,3,high_risk_share,high,max_formal,prior,0.67
6d576bd8-7db8-58d5-89af-eff697145b1c,fair,3,high_risk_share,high,max_formal,posterior,0.94
6d576bd8-7db8-58d5-89af-eff697145b1c,birthday,4,low_risk_share,high,max_intimate,prior,0.53
6d576bd8-7db8-58d5-89af-eff697145b1c,birthday,4,low_risk_share,high,max_intimate,posterior,0.57
6d576bd8-7db8-58d5-89af-eff697145b1c,wedding,5,no_share,low,somewhat_intimate,prior,1.0
6d576bd8-7db8-58d5-89af-eff697145b1c,wedding,5,no_share,low,somewhat_intimate,posterior,0.98
6d576bd8-7db8-58d5-89af-eff697145b1c,soup,6,high_risk_share,low,somewhat_formal,prior,0.54
6d576bd8-7db8-58d5-89af-eff697145b1c,soup,6,high_risk_share,low,somewhat_formal,posterior,0.93
6d576bd8-7db8-58d5-89af-eff697145b1c,driving,7,high_risk_share,low,somewhat_intimate,prior,0.54
6d576bd8-7db8-58d5-89af-eff697145b1c,driving,7,high_risk_share,low,somewhat_intimate,posterior,0.91
6d576bd8-7db8-58d5-89af-eff697145b1c,basketball,8,low_risk_share,low,max_formal,prior,0.54
6d576bd8-7db8-58d5-89af-eff697145b1c,basketball,8,low_risk_share,low,max_formal,posterior,0.6
6d576bd8-7db8-58d5-89af-eff697145b1c,cooking,9,low_risk_share,high,somewhat_intimate,prior,0.91
6d576bd8-7db8-58d5-89af-eff697145b1c,cooking,9,low_risk_share,high,somewhat_intimate,posterior,0.95
6d576bd8-7db8-58d5-89af-eff697145b1c,gala,10,high_risk_share,high,somewhat_intimate,prior,0.91
6d576bd8-7db8-58d5-89af-eff697145b1c,gala,10,high_risk_share,high,somewhat_intimate,posterior,0.93
6d576bd8-7db8-58d5-89af-eff697145b1c,apples,11,no_share,low,max_intimate,prior,0.5
6d576bd8-7db8-58d5-89af-eff697145b1c,apples,11,no_share,low,max_intimate,posterior,0.54
6d576bd8-7db8-58d5-89af-eff697145b1c,brunch,12,no_share,low,max_formal,prior,0.47
6d576bd8-7db8-58d5-89af-eff697145b1c,brunch,12,no_share,low,max_formal,posterior,0.53
6d576bd8-7db8-58d5-89af-eff697145b1c,drinks,13,low_risk_share,low,max_intimate,prior,0.53
6d576bd8-7db8-58d5-89af-eff697145b1c,drinks,13,low_risk_share,low,max_intimate,posterior,0.54
6d576bd8-7db8-58d5-89af-eff697145b1c,hike,14,no_share,high,max_intimate,prior,0.96
6d576bd8-7db8-58d5-89af-eff697145b1c,hike,14,no_share,high,max_intimate,posterior,0.49
6d576bd8-7db8-58d5-89af-eff697145b1c,oysters,15,low_risk_share,low,somewhat_formal,prior,0.95
6d576bd8-7db8-58d5-89af-eff697145b1c,oysters,15,low_risk_share,low,somewhat_formal,posterior,0.95
3b70010d-ce46-519d-afe8-4e5dc80b0962,apples,0,high_risk_share,high,somewhat_intimate,prior,0.57
3b70010d-ce46-519d-afe8-4e5dc80b0962,apples,0,high_risk_share,high,somewhat_intimate,posterior,1.0
3b70010d-ce46-519d-afe8-4e5dc80b0962,oysters,1,low_risk_share,high,max_formal,prior,0.69
3b70010d-ce46-519d-afe8-4e5dc80b0962,oysters,1,low_risk_share,high,max_formal,posterior,0.61
3b70010d-ce46-519d-afe8-4e5dc80b0962,soup,2,low_risk_share,high,somewhat_intimate,prior,0.12
3b70010d-ce46-519d-afe8-4e5dc80b0962,soup,2,low_risk_share,high,somewhat_intimate,posterior,0.5
3b70010d-ce46-519d-afe8-4e5dc80b0962,basketball,3,no_share,high,somewhat_intimate,prior,0.75
3b70010d-ce46-519d-afe8-4e5dc80b0962,basketball,3,no_share,high,somewhat_intimate,posterior,0.35
3b70010d-ce46-519d-afe8-4e5dc80b0962,fair,4,high_risk_share,low,max_formal,prior,0.66
3b70010d-ce46-519d-afe8-4e5dc80b0962,fair,4,high_risk_share,low,max_formal,posterior,0.59
3b70010d-ce46-519d-afe8-4e5dc80b0962,driving,5,high_risk_share,low,somewhat_formal,prior,0.5
3b70010d-ce46-519d-afe8-4e5dc80b0962,driving,5,high_risk_share,low,somewhat_formal,posterior,0.68
3b70010d-ce46-519d-afe8-4e5dc80b0962,wedding,6,no_share,high,max_formal,prior,0.71
3b70010d-ce46-519d-afe8-4e5dc80b0962,wedding,6,no_share,high,max_formal,posterior,1.0
3b70010d-ce46-519d-afe8-4e5dc80b0962,takeout,7,low_risk_share,low,somewhat_intimate,prior,0.86
3b70010d-ce46-519d-afe8-4e5dc80b0962,takeout,7,low_risk_share,low,somewhat_intimate,posterior,1.0
3b70010d-ce46-519d-afe8-4e5dc80b0962,hike,8,high_risk_share,low,max_intimate,prior,0.58
3b70010d-ce46-519d-afe8-4e5dc80b0962,hike,8,high_risk_share,low,max_intimate,posterior,0.2
3b70010d-ce46-519d-afe8-4e5dc80b0962,gala,9,no_share,high,somewhat_formal,prior,0.99
3b70010d-ce46-519d-afe8-4e5dc80b0962,gala,9,no_share,high,somewhat_formal,posterior,0.4
3b70010d-ce46-519d-afe8-4e5dc80b0962,brunch,10,high_risk_share,high,max_intimate,prior,1.0
3b70010d-ce46-519d-afe8-4e5dc80b0962,brunch,10,high_risk_share,high,max_intimate,posterior,0.5
3b70010d-ce46-519d-afe8-4e5dc80b0962,cooking,11,low_risk_share,low,somewhat_formal,prior,0.94
3b70010d-ce46-519d-afe8-4e5dc80b0962,cooking,11,low_risk_share,low,somewhat_formal,posterior,1.0
3b70010d-ce46-519d-afe8-4e5dc80b0962,birthday,12,no_share,low,somewhat_formal,prior,1.0
3b70010d-ce46-519d-afe8-4e5dc80b0962,birthday,12,no_share,low,somewhat_formal,posterior,0.44
3b70010d-ce46-519d-afe8-4e5dc80b0962,dip,13,no_share,low,max_intimate,prior,0.69
3b70010d-ce46-519d-afe8-4e5dc80b0962,dip,13,no_share,low,max_intimate,posterior,0.29
3b70010d-ce46-519d-afe8-4e5dc80b0962,drinks,14,low_risk_share,low,max_intimate,prior,0.93
3b70010d-ce46-519d-afe8-4e5dc80b0962,drinks,14,low_risk_share,low,max_intimate,posterior,1.0
3b70010d-ce46-519d-afe8-4e5dc80b0962,social,15,high_risk_share,high,max_formal,prior,0.87
3b70010d-ce46-519d-afe8-4e5dc80b0962,social,15,high_risk_share,high,max_formal,posterior,1.0
397042e5-9e18-5520-a45c-de311ac5fe43,hike,0,low_risk_share,low,somewhat_formal,prior,0.31
397042e5-9e18-5520-a45c-de311ac5fe43,hike,0,low_risk_share,low,somewhat_formal,posterior,0.35
397042e5-9e18-5520-a45c-de311ac5fe43,cooking,1,low_risk_share,low,max_formal,prior,0.77
397042e5-9e18-5520-a45c-de311ac5fe43,cooking,1,low_risk_share,low,max_formal,posterior,0.91
397042e5-9e18-5520-a45c-de311ac5fe43,takeout,2,low_risk_share,high,somewhat_formal,prior,0.22
397042e5-9e18-5520-a45c-de311ac5fe43,takeout,2,low_risk_share,high,somewhat_formal,posterior,0.67
397042e5-9e18-5520-a45c-de311ac5fe43,birthday,3,no_share,high,max_intimate,prior,1.0
397042e5-9e18-5520-a45c-de311ac5fe43,birthday,3,no_share,high,max_intimate,posterior,0.54
397042e5-9e18-5520-a45c-de311ac5fe43,apples,4,high_risk_share,low,somewhat_formal,prior,0.5
397042e5-9e18-5520-a45c-de311ac5fe43,apples,4,high_risk_share,low,somewhat_formal,posterior,0.2
397042e5-9e18-5520-a45c-de311ac5fe43,gala,5,no_share,low,somewhat_intimate,prior,0.72
397042e5-9e18-5520-a45c-de311ac5fe43,gala,5,no_share,low,somewhat_intimate,posterior,0.18
397042e5-9e18-5520-a45c-de311ac5fe43,soup,6,high_risk_share,high,somewhat_formal,prior,0.18
397042e5-9e18-5520-a45c-de311ac5fe43,soup,6,high_risk_share,high,somewhat_formal,posterior,0.46
397042e5-9e18-5520-a45c-de311ac5fe43,oysters,7,high_risk_share,high,somewhat_intimate,prior,0.09
397042e5-9e18-5520-a45c-de311ac5fe43,oysters,7,high_risk_share,high,somewhat_intimate,posterior,0.18
397042e5-9e18-5520-a45c-de311ac5fe43,brunch,8,low_risk_share,low,max_intimate,prior,0.72
397042e5-9e18-5520-a45c-de311ac5fe43,brunch,8,low_risk_share,low,max_intimate,posterior,0.79
397042e5-9e18-5520-a45c-de311ac5fe43,driving,9,no_share,low,max_formal,prior,0.85
397042e5-9e18-5520-a45c-de311ac5fe43,driving,9,no_share,low,max_formal,posterior,0.87
397042e5-9e18-5520-a45c-de311ac5fe43,social,10,high_risk_share,high,max_formal,prior,0.13
397042e5-9e18-5520-a45c-de311ac5fe43,social,10,high_risk_share,high,max_formal,posterior,0.33
397042e5-9e18-5520-a45c-de311ac5fe43,fair,11,high_risk_share,low,somewhat_intimate,prior,0.7
397042e5-9e18-5520-a45c-de311ac5fe43,fair,11,high_risk_share,low,somewhat_intimate,posterior,0.74
397042e5-9e18-5520-a45c-de311ac5fe43,drinks,12,no_share,high,max_formal,prior,0.24
397042e5-9e18-5520-a45c-de311ac5fe43,drinks,12,no_share,high,max_formal,posterior,0.09
397042e5-9e18-5520-a45c-de311ac5fe43,dip,13,low_risk_share,high,somewhat_intimate,prior,0.64
397042e5-9e18-5520-a45c-de311ac5fe43,dip,13,low_risk_share,high,somewhat_intimate,posterior,0.86
397042e5-9e18-5520-a45c-de311ac5fe43,wedding,14,no_share,low,max_intimate,prior,0.44
397042e5-9e18-5520-a45c-de311ac5fe43,wedding,14,no_share,low,max_intimate,posterior,0.23
397042e5-9e18-5520-a45c-de311ac5fe43,basketball,15,low_risk_share,high,max_intimate,prior,0.81
397042e5-9e18-5520-a45c-de311ac5fe43,basketball,15,low_risk_share,high,max_intimate,posterior,0.7
da57876a-054d-5914-94b3-ff7c9fc318ab,gala,0,high_risk_share,high,somewhat_intimate,prior,1.0
da57876a-054d-5914-94b3-ff7c9fc318ab,gala,0,high_risk_share,high,somewhat_intimate,posterior,0.94
da57876a-054d-5914-94b3-ff7c9fc318ab,takeout,1,low_risk_share,high,max_formal,prior,0.06
da57876a-054d-5914-94b3-ff7c9fc318ab,takeout,1,low_risk_share,high,max_formal,posterior,0.14
da57876a-054d-5914-94b3-ff7c9fc318ab,fair,2,no_share,low,somewhat_formal,prior,1.0
da57876a-054d-5914-94b3-ff7c9fc318ab,fair,2,no_share,low,somewhat_formal,posterior,0.94
da57876a-054d-5914-94b3-ff7c9fc318ab,driving,3,no_share,high,max_formal,prior,0.95
da57876a-054d-5914-94b3-ff7c9fc318ab,driving,3,no_share,high,max_formal,posterior,0.17
da57876a-054d-5914-94b3-ff7c9fc318ab,cooking,4,high_risk_share,high,max_formal,prior,0.97
da57876a-054d-5914-94b3-ff7c9fc318ab,cooking,4,high_risk_share,high,max_formal,posterior,1.0
da57876a-054d-5914-94b3-ff7c9fc318ab,brunch,5,high_risk_share,high,max_intimate,prior,1.0
da57876a-054d-5914-94b3-ff7c9fc318ab,brunch,5,high_risk_share,high,max_intimate,posterior,1.0
da57876a-054d-5914-94b3-ff7c9fc318ab,apples,6,low_risk_share,high,somewhat_intimate,prior,1.0
da57876a-054d-5914-94b3-ff7c9fc318ab,apples,6,low_risk_share,high,somewhat_intimate,posterior,1.0
da57876a-054d-5914-94b3-ff7c9fc318ab,soup,7,no_share,high,somewhat_intimate,prior,0.09
da57876a-054d-5914-94b3-ff7c9fc318ab,soup,7,no_share,high,somewhat_intimate,posterior,0.49
da57876a-054d-5914-94b3-ff7c9fc318ab,drinks,8,high_risk_share,low,somewhat_formal,prior,0.02
da57876a-054d-5914-94b3-ff7c9fc318ab,drinks,8,high_risk_share,low,somewhat_formal,posterior,0.0
da57876a-054d-5914-94b3-ff7c9fc318ab,oysters,9,low_risk_share,low,somewhat_formal,prior,0.05
da57876a-054d-5914-94b3-ff7c9fc318ab,oysters,9,low_risk_share,low,somewhat_formal,posterior,0.84
da57876a-054d-5914-94b3-ff7c9fc318ab,wedding,10,high_risk_share,low,max_intimate,prior,0.02
da57876a-054d-5914-94b3-ff7c9fc318ab,wedding,10,high_risk_share,low,max_intimate,posterior,0.86
da57876a-054d-5914-94b3-ff7c9fc318ab,dip,11,low_risk_share,low,somewhat_intimate,prior,0.97
da57876a-054d-5914-94b3-ff7c9fc318ab,dip,11,low_risk_share,low,somewhat_intimate,posterior,0.95
da57876a-054d-5914-94b3-ff7c9fc318ab,basketball,12,high_risk_share,low,max_formal,prior,0.0
da57876a-054d-5914-94b3-ff7c9fc318ab,basketball,12,high_risk_share,low,max_formal,posterior,0.0
da57876a-054d-5914-94b3-ff7c9fc318ab,social,13,no_share,high,somewhat_formal,prior,0.07
da57876a-054d-5914-94b3-ff7c9fc318ab,social,13,no_share,high,somewhat_formal,posterior,0.02
da57876a-054d-5914-94b3-ff7c9fc318ab,hike,14,low_risk_share,low,max_intimate,prior,0.07
da57876a-054d-5914-94b3-ff7c9fc318ab,hike,14,low_risk_share,low,max_intimate,posterior,0.87
da57876a-054d-5914-94b3-ff7c9fc318ab,birthday,15,no_share,low,max_intimate,prior,0.98
da57876a-054d-5914-94b3-ff7c9fc318ab,birthday,15,no_share,low,max_intimate,posterior,0.25
a663796c-cf38-5bf0-b529-8da9573e2437,cooking,0,low_risk_share,low,max_formal,prior,0.87
a663796c-cf38-5bf0-b529-8da9573e2437,cooking,0,low_risk_share,low,max_formal,posterior,0.94
a663796c-cf38-5bf0-b529-8da9573e2437,driving,1,high_risk_share,high,max_formal,prior,0.09
a663796c-cf38-5bf0-b529-8da9573e2437,driving,1,high_risk_share,high,max_formal,posterior,0.07
a663796c-cf38-5bf0-b529-8da9573e2437,basketball,2,low_risk_share,low,somewhat_formal,prior,0.6
a663796c-cf38-5bf0-b529-8da9573e2437,basketball,2,low_risk_share,low,somewhat_formal,posterior,0.73
a663796c-cf38-5bf0-b529-8da9573e2437,drinks,3,no_share,high,max_intimate,prior,0.55
a663796c-cf38-5bf0-b529-8da9573e2437,drinks,3,no_share,high,max_intimate,posterior,0.03
a663796c-cf38-5bf0-b529-8da9573e2437,gala,4,no_share,low,somewhat_intimate,prior,0.71
a663796c-cf38-5bf0-b529-8da9573e2437,gala,4,no_share,low,somewhat_intimate,posterior,0.1
a663796c-cf38-5bf0-b529-8da9573e2437,takeout,5,low_risk_share,high,somewhat_formal,prior,0.27
a663796c-cf38-5bf0-b529-8da9573e2437,takeout,5,low_risk_share,high,somewhat_formal,posterior,0.73
a663796c-cf38-5bf0-b529-8da9573e2437,oysters,6,low_risk_share,high,max_intimate,prior,0.92
a663796c-cf38-5bf0-b529-8da9573e2437,oysters,6,low_risk_share,high,max_intimate,posterior,0.86
a663796c-cf38-5bf0-b529-8da9573e2437,hike,7,high_risk_share,high,somewhat_formal,prior,0.58
a663796c-cf38-5bf0-b529-8da9573e2437,hike,7,high_risk_share,high,somewhat_formal,posterior,0.15
a663796c-cf38-5bf0-b529-8da9573e2437,fair,8,high_risk_share,low,somewhat_intimate,prior,0.91
a663796c-cf38-5bf0-b529-8da9573e2437,fair,8,high_risk_share,low,somewhat_intimate,posterior,0.45
a663796c-cf38-5bf0-b529-8da9573e2437,birthday,9,high_risk_share,low,somewhat_formal,prior,0.22
a663796c-cf38-5bf0-b529-8da9573e2437,birthday,9,high_risk_share,low,somewhat_formal,posterior,0.02
a663796c-cf38-5bf0-b529-8da9573e2437,social,10,no_share,high,max_formal,prior,0.15
a663796c-cf38-5bf0-b529-8da9573e2437,social,10,no_share,high,max_formal,posterior,0.74
a663796c-cf38-5bf0-b529-8da9573e2437,apples,11,no_share,low,max_intimate,prior,0.8
a663796c-cf38-5bf0-b529-8da9573e2437,apples,11,no_share,low,max_intimate,posterior,0.22
a663796c-cf38-5bf0-b529-8da9573e2437,wedding,12,no_share,low,max_formal,prior,0.68
a663796c-cf38-5bf0-b529-8da9573e2437,wedding,12,no_share,low,max_formal,posterior,0.75
a663796c-cf38-5bf0-b529-8da9573e2437,dip,13,low_risk_share,high,somewhat_intimate,prior,0.89
a663796c-cf38-5bf0-b529-8da9573e2437,dip,13,low_risk_share,high,somewhat_intimate,posterior,0.96
a663796c-cf38-5bf0-b529-8da9573e2437,brunch,14,high_risk_share,high,somewhat_intimate,prior,0.93
a663796c-cf38-5bf0-b529-8da9573e2437,brunch,14,high_risk_share,high,somewhat_intimate,posterior,0.97
a663796c-cf38-5bf0-b529-8da9573e2437,soup,15,low_risk_share,low,max_intimate,prior,0.19
a663796c-cf38-5bf0-b529-8da9573e2437,soup,15,low_risk_share,low,max_intimate,posterior,0.9
95069fa3-22ed-556b-915a-097efde13a13,fair,0,no_share,high,max_intimate,prior,0.71
95069fa3-22ed-556b-915a-097efde13a13,fair,0,no_share,high,max_intimate,posterior,0.74
95069fa3-22ed-556b-915a-097efde13a13,basketball,1,high_risk_share,high,max_formal,prior,0.79
95069fa3-22ed-556b-915a-097efde13a13,basketball,1,high_risk_share,high,max_formal,posterior,0.83
95069fa3-22ed-556b-915a-097efde13a13,wedding,2,high_risk_share,low,somewhat_formal,prior,0.87
95069fa3-22ed-556b-915a-097efde13a13,wedding,2,high_risk_share,low,somewhat_formal,posterior,0.95
95069fa3-22ed-556b-915a-097efde13a13,social,3,no_share,low,somewhat_intimate,prior,0.93
95069fa3-22ed-556b-915a-097efde13a13,social,3,no_share,low,somewhat_intimate,posterior,0.8
95069fa3-22ed-556b-915a-097efde13a13,oysters,4,low_risk_share,high,somewhat_formal,prior,0.77
95069fa3-22ed-556b-915a-097efde13a13,oysters,4,low_risk_share,high,somewhat_formal,posterior,0.87
95069fa3-22ed-556b-915a-097efde13a13,driving,5,low_risk_share,high,somewhat_intimate,prior,0.57
95069fa3-22ed-556b-915a-097efde13a13,driving,5,low_risk_share,high,somewhat_intimate,posterior,0.65
95069fa3-22ed-556b-915a-097efde13a13,soup,6,high_risk_share,high,somewhat_formal,prior,0.73
95069fa3-22ed-556b-915a-097efde13a13,soup,6,high_risk_share,high,somewhat_formal,posterior,0.78
95069fa3-22ed-556b-915a-097efde13a13,drinks,7,low_risk_share,low,max_intimate,prior,0.82
95069fa3-22ed-556b-915a-097efde13a13,drinks,7,low_risk_share,low,max_intimate,posterior,0.83
95069fa3-22ed-556b-915a-097efde13a13,birthday,8,high_risk_share,high,somewhat_intimate,prior,0.71
95069fa3-22ed-556b-915a-097efde13a13,birthday,8,high_risk_share,high,somewhat_intimate,posterior,0.65
95069fa3-22ed-556b-915a-097efde13a13,brunch,9,low_risk_share,low,max_formal,prior,0.71
95069fa3-22ed-556b-915a-097efde13a13,brunch,9,low_risk_share,low,max_formal,posterior,0.72
95069fa3-22ed-556b-915a-097efde13a13,hike,10,low_risk_share,high,max_intimate,prior,0.68
95069fa3-22ed-556b-915a-097efde13a13,hike,10,low_risk_share,high,max_intimate,posterior,0.68
95069fa3-22ed-556b-915a-097efde13a13,dip,11,no_share,high,max_formal,prior,0.76
95069fa3-22ed-556b-915a-097efde13a13,dip,11,no_share,high,max_formal,posterior,0.8
95069fa3-22ed-556b-915a-097efde13a13,cooking,12,high_risk_share,low,somewhat_intimate,prior,0.68
95069fa3-22ed-556b-915a-097efde13a13,cooking,12,high_risk_share,low,somewhat_intimate,posterior,0.79
95069fa3-22ed-556b-915a-097efde13a13,gala,13,no_share,low,max_intimate,prior,0.73
95069fa3-22ed-556b-915a-097efde13a13,gala,13,no_share,low,max_intimate,posterior,0.42
95069fa3-22ed-556b-915a-097efde13a13,apples,14,low_risk_share,low,somewhat_formal,prior,0.52
95069fa3-22ed-556b-915a-097efde13a13,apples,14,low_risk_share,low,somewhat_formal,posterior,0.36
95069fa3-22ed-556b-915a-097efde13a13,takeout,15,no_share,low,max_formal,prior,0.73
95069fa3-22ed-556b-915a-097efde13a13,takeout,15,no_share,low,max_formal,posterior,0.2
79973887-45e0-5dbf-8644-74d50ebe0fa2,soup,0,high_risk_share,high,somewhat_formal,prior,0.64
79973887-45e0-5dbf-8644-74d50ebe0fa2,soup,0,high_risk_share,high,somewhat_formal,posterior,0.8
79973887-45e0-5dbf-8644-74d50ebe0fa2,cooking,1,low_risk_share,high,somewhat_formal,prior,0.8
79973887-45e0-5dbf-8644-74d50ebe0fa2,cooking,1,low_risk_share,high,somewhat_formal,posterior,0.81
79973887-45e0-5dbf-8644-74d50ebe0fa2,drinks,2,high_risk_share,low,max_intimate,prior,0.69
79973887-45e0-5dbf-8644-74d50ebe0fa2,drinks,2,high_risk_share,low,max_intimate,posterior,0.8
79973887-45e0-5dbf-8644-74d50ebe0fa2,gala,3,low_risk_share,high,max_intimate,prior,0.87
79973887-45e0-5dbf-8644-74d50ebe0fa2,gala,3,low_risk_share,high,max_intimate,posterior,0.63
79973887-45e0-5dbf-8644-74d50ebe0fa2,takeout,4,low_risk_share,low,somewhat_intimate,prior,0.67
79973887-45e0-5dbf-8644-74d50ebe0fa2,takeout,4,low_risk_share,low,somewhat_intimate,posterior,0.84
79973887-45e0-5dbf-8644-74d50ebe0fa2,oysters,5,low_risk_share,high,max_formal,prior,0.75
79973887-45e0-5dbf-8644-74d50ebe0fa2,oysters,5,low_risk_share,high,max_formal,posterior,0.93
79973887-45e0-5dbf-8644-74d50ebe0fa2,hike,6,high_risk_share,high,max_intimate,prior,0.88
79973887-45e0-5dbf-8644-74d50ebe0fa2,hike,6,high_risk_share,high,max_intimate,posterior,0.9
79973887-45e0-5dbf-8644-74d50ebe0fa2,wedding,7,no_share,low,max_formal,prior,0.87
79973887-45e0-5dbf-8644-74d50ebe0fa2,wedding,7,no_share,low,max_formal,posterior,0.76
79973887-45e0-5dbf-8644-74d50ebe0fa2,fair,8,no_share,high,somewhat_intimate,prior,0.85
79973887-45e0-5dbf-8644-74d50ebe0fa2,fair,8,no_share,high,somewhat_intimate,posterior,0.36
79973887-45e0-5dbf-8644-74d50ebe0fa2,brunch,9,no_share,low,somewhat_formal,prior,0.29
79973887-45e0-5dbf-8644-74d50ebe0fa2,brunch,9,no_share,low,somewhat_formal,posterior,0.09
79973887-45e0-5dbf-8644-74d50ebe0fa2,dip,10,high_risk_share,low,max_formal,prior,0.73
79973887-45e0-5dbf-8644-74d50ebe0fa2,dip,10,high_risk_share,low,max_formal,posterior,1.0
79973887-45e0-5dbf-8644-74d50ebe0fa2,apples,11,no_share,low,somewhat_intimate,prior,0.68
79973887-45e0-5dbf-8644-74d50ebe0fa2,apples,11,no_share,low,somewhat_intimate,posterior,0.59
79973887-45e0-5dbf-8644-74d50ebe0fa2,basketball,12,no_share,high,max_intimate,prior,0.68
79973887-45e0-5dbf-8644-74d50ebe0fa2,basketball,12,no_share,high,max_intimate,posterior,0.02
79973887-45e0-5dbf-8644-74d50ebe0fa2,birthday,13,high_risk_share,low,somewhat_intimate,prior,0.58
79973887-45e0-5dbf-8644-74d50ebe0fa2,birthday,13,high_risk_share,low,somewhat_intimate,posterior,0.58
79973887-45e0-5dbf-8644-74d50ebe0fa2,driving,14,no_share,high,somewhat_formal,prior,0.32
79973887-45e0-5dbf-8644-74d50ebe0fa2,driving,14,no_share,high,somewhat_formal,posterior,0.34
79973887-45e0-5dbf-8644-74d50ebe0fa2,social,15,low_risk_share,low,max_formal,prior,0.61
79973887-45e0-5dbf-8644-74d50ebe0fa2,social,15,low_risk_share,low,max_formal,posterior,0.96
49792efe-d8d9-56a7-b58e-5b028bc7a7ae,soup,0,no_share,high,max_formal,prior,0.5
49792efe-d8d9-56a7-b58e-5b028bc7a7ae,soup,0,no_share,high,max_formal,posterior,1.0
49792efe-d8d9-56a7-b58e-5b028bc7a7ae,hike,1,high_risk_share,low,somewhat_intimate,prior,1.0
49792efe-d8d9-56a7-b58e-5b028bc7a7ae,hike,1,high_risk_share,low,somewhat_intimate,posterior,1.0
49792efe-d8d9-56a7-b58e-5b028bc7a7ae,takeout,2,no_share,low,max_formal,prior,0.76
49792efe-d8d9-56a7-b58e-5b028bc7a7ae,takeout,2,no_share,low,max_formal,posterior,0.0
49792efe-d8d9-56a7-b58e-5b028bc7a7ae,apples,3,high_risk_share,low,somewhat_formal,prior,1.0
49792efe-d8d9-56a7-b58e-5b028bc7a7ae,apples,3,high_risk_share,low,somewhat_formal,posterior,0.19
49792efe-d8d9-56a7-b58e-5b028bc7a7ae,social,4,low_risk_share,low,max_formal,prior,1.0
49792efe-d8d9-56a7-b58e-5b028bc7a7ae,social,4,low_risk_share,low,max_formal,posterior,1.0
49792efe-d8d9-56a7-b58e-5b028bc7a7ae,birthday,5,low_risk_share,high,somewhat_intimate,prior,0.0
49792efe-d8d9-56a7-b58e-5b028bc7a7ae,birthday,5,low_risk_share,high,somewhat_intimate,posterior,0.35
49792efe-d8d9-56a7-b58e-5b028bc7a7ae,oysters,6,low_risk_share,high,somewhat_formal,prior,0.75
49792efe-d8d9-56a7-b58e-5b028bc7a7ae,oysters,6,low_risk_share,high,somewhat_formal,posterior,0.23
49792efe-d8d9-56a7-b58e-5b028bc7a7ae,cooking,7,no_share,low,somewhat_intimate,prior,1.0
49792efe-d8d9-56a7-b58e-5b028bc7a7ae,cooking,7,no_share,low,somewhat_intimate,posterior,1.0
49792efe-d8d9-56a7-b58e-5b028bc7a7ae,basketball,8,no_share,high,max_intimate,prior,1.0
49792efe-d8d9-56a7-b58e-5b028bc7a7ae,basketball,8,no_share,high,max_intimate,posterior,0.0
49792efe-d8d9-56a7-b58e-5b028bc7a7ae,fair,9,high_risk_share,high,somewhat_intimate,prior,0.9
49792efe-d8d9-56a7-b58e-5b028bc7a7ae,fair,9,high_risk_share,high,somewhat_intimate,posterior,1.0
49792efe-d8d9-56a7-b58e-5b028bc7a7ae,brunch,10,no_share,low,max_intimate,prior,1.0
49792efe-d8d9-56a7-b58e-5b028bc7a7ae,brunch,10,no_share,low,max_intimate,posterior,0.0
49792efe-d8d9-56a7-b58e-5b028bc7a7ae,driving,11,low_risk_share,low,max_intimate,prior,0.89
49792efe-d8d9-56a7-b58e-5b028bc7a7ae,driving,11,low_risk_share,low,max_intimate,posterior,1.0
49792efe-d8d9-56a7-b58e-5b028bc7a7ae,wedding,12,low_risk_share,low,somewhat_formal,prior,1.0
49792efe-d8d9-56a7-b58e-5b028bc7a7ae,wedding,12,low_risk_share,low,somewhat_formal,posterior,1.0
49792efe-d8d9-56a7-b58e-5b028bc7a7ae,dip,13,high_risk_share,high,max_formal,prior,1.0
49792efe-d8d9-56a7-b58e-5b028bc7a7ae,dip,13,high_risk_share,high,max_formal,posterior,1.0
49792efe-d8d9-56a7-b58e-5b028bc7a7ae,gala,14,low_risk_share,high,max_intimate,prior,1.0
49792efe-d8d9-56a7-b58e-5b028bc7a7ae,gala,14,low_risk_share,high,max_intimate,posterior,1.0
49792efe-d8d9-56a7-b58e-5b028bc7a7ae,drinks,15,high_risk_share,high,somewhat_formal,prior,1.0
49792efe-d8d9-56a7-b58e-5b028bc7a7ae,drinks,15,high_risk_share,high,somewhat_formal,posterior,1.0
0c520da4-ccd7-5aa0-b628-5bf29489c0f4,hike,0,high_risk_share,high,max_intimate,prior,0.61
0c520da4-ccd7-5aa0-b628-5bf29489c0f4,hike,0,high_risk_share,high,max_intimate,posterior,0.68
0c520da4-ccd7-5aa0-b628-5bf29489c0f4,basketball,1,low_risk_share,low,somewhat_formal,prior,0.73
0c520da4-ccd7-5aa0-b628-5bf29489c0f4,basketball,1,low_risk_share,low,somewhat_formal,posterior,0.77
0c520da4-ccd7-5aa0-b628-5bf29489c0f4,oysters,2,low_risk_share,high,max_formal,prior,0.34
0c520da4-ccd7-5aa0-b628-5bf29489c0f4,oysters,2,low_risk_share,high,max_formal,posterior,0.72
0c520da4-ccd7-5aa0-b628-5bf29489c0f4,gala,3,high_risk_share,low,max_formal,prior,0.63
0c520da4-ccd7-5aa0-b628-5bf29489c0f4,gala,3,high_risk_share,low,max_formal,posterior,0.85
0c520da4-ccd7-5aa0-b628-5bf29489c0f4,fair,4,no_share,low,somewhat_formal,prior,0.94
0c520da4-ccd7-5aa0-b628-5bf29489c0f4,fair,4,no_share,low,somewhat_formal,posterior,0.63
0c520da4-ccd7-5aa0-b628-5bf29489c0f4,cooking,5,high_risk_share,high,max_formal,prior,0.42
0c520da4-ccd7-5aa0-b628-5bf29489c0f4,cooking,5,high_risk_share,high,max_formal,posterior,0.3
0c520da4-ccd7-5aa0-b628-5bf29489c0f4,dip,6,low_risk_share,low,max_intimate,prior,0.72
0c520da4-ccd7-5aa0-b628-5bf29489c0f4,dip,6,low_risk_share,low,max_intimate,posterior,0.83
0c520da4-ccd7-5aa0-b628-5bf29489c0f4,takeout,7,low_risk_share,low,somewhat_intimate,prior,0.82
0c520da4-ccd7-5aa0-b628-5bf29489c0f4,takeout,7,low_risk_share,low,somewhat_intimate,posterior,0.65
0c520da4-ccd7-5aa0-b628-5bf29489c0f4,apples,8,no_share,low,max_intimate,prior,0.46
0c520da4-ccd7-5aa0-b628-5bf29489c0f4,apples,8,no_share,low,max_intimate,posterior,0.29
0c520da4-ccd7-5aa0-b628-5bf29489c0f4,birthday,9,no_share,high,max_formal,prior,0.62
0c520da4-ccd7-5aa0-b628-5bf29489c0f4,birthday,9,no_share,high,max_formal,posterior,0.08
0c520da4-ccd7-5aa0-b628-5bf29489c0f4,social,10,low_risk_share,high,somewhat_intimate,prior,0.37
0c520da4-ccd7-5aa0-b628-5bf29489c0f4,social,10,low_risk_share,high,somewhat_intimate,posterior,0.35
0c520da4-ccd7-5aa0-b628-5bf29489c0f4,wedding,11,no_share,high,somewhat_formal,prior,0.4
0c520da4-ccd7-5aa0-b628-5bf29489c0f4,wedding,11,no_share,high,somewhat_formal,posterior,0.71
0c520da4-ccd7-5aa0-b628-5bf29489c0f4,driving,12,high_risk_share,high,somewhat_intimate,prior,0.27
0c520da4-ccd7-5aa0-b628-5bf29489c0f4,driving,12,high_risk_share,high,somewhat_intimate,posterior,0.21
0c520da4-ccd7-5aa0-b628-5bf29489c0f4,drinks,13,high_risk_share,low,max_intimate,prior,0.55
0c520da4-ccd7-5aa0-b628-5bf29489c0f4,drinks,13,high_risk_share,low,max_intimate,posterior,0.17
0c520da4-ccd7-5aa0-b628-5bf29489c0f4,soup,14,no_share,high,somewhat_intimate,prior,0.55
0c520da4-ccd7-5aa0-b628-5bf29489c0f4,soup,14,no_share,high,somewhat_intimate,posterior,0.29
0c520da4-ccd7-5aa0-b628-5bf29489c0f4,brunch,15,high_risk_share,low,somewhat_formal,prior,0.68
0c520da4-ccd7-5aa0-b628-5bf29489c0f4,brunch,15,high_risk_share,low,somewhat_formal,posterior,0.68
a70a6bbc-710e-5893-a55b-320f77982c1e,wedding,0,high_risk_share,high,somewhat_formal,prior,1.0
a70a6bbc-710e-5893-a55b-320f77982c1e,wedding,0,high_risk_share,high,somewhat_formal,posterior,1.0
a70a6bbc-710e-5893-a55b-320f77982c1e,fair,1,low_risk_share,low,max_formal,prior,1.0
a70a6bbc-710e-5893-a55b-320f77982c1e,fair,1,low_risk_share,low,max_formal,posterior,1.0
a70a6bbc-710e-5893-a55b-320f77982c1e,brunch,2,no_share,high,max_intimate,prior,1.0
a70a6bbc-710e-5893-a55b-320f77982c1e,brunch,2,no_share,high,max_intimate,posterior,0.0
a70a6bbc-710e-5893-a55b-320f77982c1e,hike,3,low_risk_share,high,somewhat_formal,prior,0.76
a70a6bbc-710e-5893-a55b-320f77982c1e,hike,3,low_risk_share,high,somewhat_formal,posterior,1.0
a70a6bbc-710e-5893-a55b-320f77982c1e,cooking,4,no_share,high,somewhat_intimate,prior,0.8
a70a6bbc-710e-5893-a55b-320f77982c1e,cooking,4,no_share,high,somewhat_intimate,posterior,0.0
a70a6bbc-710e-5893-a55b-320f77982c1e,basketball,5,no_share,low,somewhat_intimate,prior,0.0
a70a6bbc-710e-5893-a55b-320f77982c1e,basketball,5,no_share,low,somewhat_intimate,posterior,0.0
a70a6bbc-710e-5893-a55b-320f77982c1e,oysters,6,no_share,high,somewhat_formal,prior,1.0
a70a6bbc-710e-5893-a55b-320f77982c1e,oysters,6,no_share,high,somewhat_formal,posterior,0.76
a70a6bbc-710e-5893-a55b-320f77982c1e,drinks,7,high_risk_share,low,somewhat_intimate,prior,0.33
a70a6bbc-710e-5893-a55b-320f77982c1e,drinks,7,high_risk_share,low,somewhat_intimate,posterior,1.0
a70a6bbc-710e-5893-a55b-320f77982c1e,birthday,8,low_risk_share,high,max_formal,prior,0.2
a70a6bbc-710e-5893-a55b-320f77982c1e,birthday,8,low_risk_share,high,max_formal,posterior,1.0
a70a6bbc-710e-5893-a55b-320f77982c1e,gala,9,high_risk_share,high,max_intimate,prior,0.34
a70a6bbc-710e-5893-a55b-320f77982c1e,gala,9,high_risk_share,high,max_intimate,posterior,1.0
a70a6bbc-710e-5893-a55b-320f77982c1e,driving,10,no_share,low,max_formal,prior,0.17
a70a6bbc-710e-5893-a55b-320f77982c1e,driving,10,no_share,low,max_formal,posterior,0.0
a70a6bbc-710e-5893-a55b-320f77982c1e,apples,11,high_risk_share,low,max_intimate,prior,1.0
a70a6bbc-710e-5893-a55b-320f77982c1e,apples,11,high_risk_share,low,max_intimate,posterior,1.0
a70a6bbc-710e-5893-a55b-320f77982c1e,dip,12,low_risk_share,low,somewhat_intimate,prior,0.69
a70a6bbc-710e-5893-a55b-320f77982c1e,dip,12,low_risk_share,low,somewhat_intimate,posterior,1.0
a70a6bbc-710e-5893-a55b-320f77982c1e,takeout,13,no_share,low,somewhat_formal,prior,0.27
a70a6bbc-710e-5893-a55b-320f77982c1e,takeout,13,no_share,low,somewhat_formal,posterior,0.0
a70a6bbc-710e-5893-a55b-320f77982c1e,social,14,high_risk_share,low,max_formal,prior,0.0
a70a6bbc-710e-5893-a55b-320f77982c1e,social,14,high_risk_share,low,max_formal,posterior,0.82
a70a6bbc-710e-5893-a55b-320f77982c1e,soup,15,low_risk_share,high,max_intimate,prior,1.0
a70a6bbc-710e-5893-a55b-320f77982c1e,soup,15,low_risk_share,high,max_intimate,posterior,1.0
b892ebd1-6e9a-5423-b3d6-2c4d6b05c9b7,basketball,0,no_share,high,max_formal,prior,0.61
b892ebd1-6e9a-5423-b3d6-2c4d6b05c9b7,basketball,0,no_share,high,max_formal,posterior,0.01
b892ebd1-6e9a-5423-b3d6-2c4d6b05c9b7,dip,1,no_share,high,somewhat_formal,prior,0.98
b892ebd1-6e9a-5423-b3d6-2c4d6b05c9b7,dip,1,no_share,high,somewhat_formal,posterior,0.43
b892ebd1-6e9a-5423-b3d6-2c4d6b05c9b7,soup,2,high_risk_share,low,somewhat_formal,prior,0.23
b892ebd1-6e9a-5423-b3d6-2c4d6b05c9b7,soup,2,high_risk_share,low,somewhat_formal,posterior,0.81
b892ebd1-6e9a-5423-b3d6-2c4d6b05c9b7,oysters,3,low_risk_share,high,max_formal,prior,0.95
b892ebd1-6e9a-5423-b3d6-2c4d6b05c9b7,oysters,3,low_risk_share,high,max_formal,posterior,0.92
b892ebd1-6e9a-5423-b3d6-2c4d6b05c9b7,apples,4,low_risk_share,high,somewhat_intimate,prior,0.32
b892ebd1-6e9a-5423-b3d6-2c4d6b05c9b7,apples,4,low_risk_share,high,somewhat_intimate,posterior,0.88
b892ebd1-6e9a-5423-b3d6-2c4d6b05c9b7,social,5,no_share,high,somewhat_intimate,prior,0.81
b892ebd1-6e9a-5423-b3d6-2c4d6b05c9b7,social,5,no_share,high,somewhat_intimate,posterior,0.04
b892ebd1-6e9a-5423-b3d6-2c4d6b05c9b7,wedding,6,high_risk_share,high,somewhat_intimate,prior,0.98
b892ebd1-6e9a-5423-b3d6-2c4d6b05c9b7,wedding,6,high_risk_share,high,somewhat_intimate,posterior,0.98
b892ebd1-6e9a-5423-b3d6-2c4d6b05c9b7,hike,7,no_share,low,max_intimate,prior,0.87
b892ebd1-6e9a-5423-b3d6-2c4d6b05c9b7,hike,7,no_share,low,max_intimate,posterior,0.21
b892ebd1-6e9a-5423-b3d6-2c4d6b05c9b7,gala,8,high_risk_share,low,max_intimate,prior,0.81
b892ebd1-6e9a-5423-b3d6-2c4d6b05c9b7,gala,8,high_risk_share,low,max_intimate,posterior,0.89
b892ebd1-6e9a-5423-b3d6-2c4d6b05c9b7,driving,9,low_risk_share,low,somewhat_formal,prior,0.18
b892ebd1-6e9a-5423-b3d6-2c4d6b05c9b7,driving,9,low_risk_share,low,somewhat_formal,posterior,0.88
b892ebd1-6e9a-5423-b3d6-2c4d6b05c9b7,brunch,10,high_risk_share,high,max_intimate,prior,0.32
b892ebd1-6e9a-5423-b3d6-2c4d6b05c9b7,brunch,10,high_risk_share,high,max_intimate,posterior,0.89
b892ebd1-6e9a-5423-b3d6-2c4d6b05c9b7,fair,11,low_risk_share,low,somewhat_intimate,prior,0.86
b892ebd1-6e9a-5423-b3d6-2c4d6b05c9b7,fair,11,low_risk_share,low,somewhat_intimate,posterior,0.88
b892ebd1-6e9a-5423-b3d6-2c4d6b05c9b7,drinks,12,no_share,low,somewhat_formal,prior,0.8
b892ebd1-6e9a-5423-b3d6-2c4d6b05c9b7,drinks,12,no_share,low,somewhat_formal,posterior,0.1
b892ebd1-6e9a-5423-b3d6-2c4d6b05c9b7,takeout,13,low_risk_share,low,max_intimate,prior,0.89
b892ebd1-6e9a-5423-b3d6-2c4d6b05c9b7,takeout,13,low_risk_share,low,max_intimate,posterior,0.94
b892ebd1-6e9a-5423-b3d6-2c4d6b05c9b7,cooking,14,high_risk_share,high,max_formal,prior,0.89
b892ebd1-6e9a-5423-b3d6-2c4d6b05c9b7,cooking,14,high_risk_share,high,max_formal,posterior,0.91
b892ebd1-6e9a-5423-b3d6-2c4d6b05c9b7,birthday,15,high_risk_share,low,max_formal,prior,0.9
b892ebd1-6e9a-5423-b3d6-2c4d6b05c9b7,birthday,15,high_risk_share,low,max_formal,posterior,0.86
72e2ad50-815c-554c-a4a9-bb9c64816468,brunch,0,no_share,low,max_formal,prior,0.69
72e2ad50-815c-554c-a4a9-bb9c64816468,brunch,0,no_share,low,max_formal,posterior,0.48
72e2ad50-815c-554c-a4a9-bb9c64816468,dip,1,no_share,low,somewhat_intimate,prior,0.9
72e2ad50-815c-554c-a4a9-bb9c64816468,dip,1,no_share,low,somewhat_intimate,posterior,0.9
72e2ad50-815c-554c-a4a9-bb9c64816468,soup,2,high_risk_share,low,somewhat_formal,prior,0.29
72e2ad50-815c-554c-a4a9-bb9c64816468,soup,2,high_risk_share,low,somewhat_formal,posterior,0.82
72e2ad50-815c-554c-a4a9-bb9c64816468,fair,3,high_risk_share,low,somewhat_intimate,prior,1.0
72e2ad50-815c-554c-a4a9-bb9c64816468,fair,3,high_risk_share,low,somewhat_intimate,posterior,1.0
72e2ad50-815c-554c-a4a9-bb9c64816468,takeout,4,no_share,high,max_intimate,prior,0.83
72e2ad50-815c-554c-a4a9-bb9c64816468,takeout,4,no_share,high,max_intimate,posterior,0.08
72e2ad50-815c-554c-a4a9-bb9c64816468,driving,5,no_share,high,max_formal,prior,0.78
72e2ad50-815c-554c-a4a9-bb9c64816468,driving,5,no_share,high,max_formal,posterior,0.8
72e2ad50-815c-554c-a4a9-bb9c64816468,gala,6,low_risk_share,low,max_formal,prior,0.35
72e2ad50-815c-554c-a4a9-bb9c64816468,gala,6,low_risk_share,low,max_formal,posterior,0.84
72e2ad50-815c-554c-a4a9-bb9c64816468,drinks,7,low_risk_share,high,somewhat_formal,prior,0.72
72e2ad50-815c-554c-a4a9-bb9c64816468,drinks,7,low_risk_share,high,somewhat_formal,posterior,1.0
72e2ad50-815c-554c-a4a9-bb9c64816468,birthday,8,low_risk_share,low,max_intimate,prior,1.0
72e2ad50-815c-554c-a4a9-bb9c64816468,birthday,8,low_risk_share,low,max_intimate,posterior,1.0
72e2ad50-815c-554c-a4a9-bb9c64816468,cooking,9,no_share,low,max_intimate,prior,1.0
72e2ad50-815c-554c-a4a9-bb9c64816468,cooking,9,no_share,low,max_intimate,posterior,1.0
72e2ad50-815c-554c-a4a9-bb9c64816468,basketball,10,high_risk_share,high,somewhat_formal,prior,0.77
72e2ad50-815c-554c-a4a9-bb9c64816468,basketball,10,high_risk_share,high,somewhat_formal,posterior,1.0
72e2ad50-815c-554c-a4a9-bb9c64816468,social,11,low_risk_share,low,somewhat_formal,prior,0.93
72e2ad50-815c-554c-a4a9-bb9c64816468,social,11,low_risk_share,low,somewhat_formal,posterior,0.98
72e2ad50-815c-554c-a4a9-bb9c64816468,hike,12,low_risk_share,high,max_intimate,prior,0.84
72e2ad50-815c-554c-a4a9-bb9c64816468,hike,12,low_risk_share,high,max_intimate,posterior,0.96
72e2ad50-815c-554c-a4a9-bb9c64816468,oysters,13,low_risk_share,high,somewhat_intimate,prior,0.83
72e2ad50-815c-554c-a4a9-bb9c64816468,oysters,13,low_risk_share,high,somewhat_intimate,posterior,0.96
72e2ad50-815c-554c-a4a9-bb9c64816468,apples,14,high_risk_share,high,max_formal,prior,0.59
72e2ad50-815c-554c-a4a9-bb9c64816468,apples,14,high_risk_share,high,max_formal,posterior,0.87
72e2ad50-815c-554c-a4a9-bb9c64816468,wedding,15,high_risk_share,high,somewhat_intimate,prior,0.79
72e2ad50-815c-554c-a4a9-bb9c64816468,wedding,15,high_risk_share,high,somewhat_intimate,posterior,0.97
0d6ea796-6ba9-5786-b08f-b7aa3ba4e943,basketball,0,no_share,low,somewhat_formal,prior,0.93
0d6ea796-6ba9-5786-b08f-b7aa3ba4e943,basketball,0,no_share,low,somewhat_formal,posterior,0.5
0d6ea796-6ba9-5786-b08f-b7aa3ba4e943,oysters,1,high_risk_share,high,max_intimate,prior,1.0
0d6ea796-6ba9-5786-b08f-b7aa3ba4e943,oysters,1,high_risk_share,high,max_intimate,posterior,1.0
0d6ea796-6ba9-5786-b08f-b7aa3ba4e943,cooking,2,low_risk_share,low,max_formal,prior,1.0
0d6ea796-6ba9-5786-b08f-b7aa3ba4e943,cooking,2,low_risk_share,low,max_formal,posterior,1.0
0d6ea796-6ba9-5786-b08f-b7aa3ba4e943,wedding,3,no_share,low,max_formal,prior,0.99
0d6ea796-6ba9-5786-b08f-b7aa3ba4e943,wedding,3,no_share,low,max_formal,posterior,0.99
0d6ea796-6ba9-5786-b08f-b7aa3ba4e943,fair,4,low_risk_share,low,somewhat_intimate,prior,0.91
0d6ea796-6ba9-5786-b08f-b7aa3ba4e943,fair,4,low_risk_share,low,somewhat_intimate,posterior,1.0
0d6ea796-6ba9-5786-b08f-b7aa3ba4e943,apples,5,low_risk_share,high,max_intimate,prior,0.92
0d6ea796-6ba9-5786-b08f-b7aa3ba4e943,apples,5,low_risk_share,high,max_intimate,posterior,1.0
0d6ea796-6ba9-5786-b08f-b7aa3ba4e943,brunch,6,high_risk_share,low,max_intimate,prior,0.59
0d6ea796-6ba9-5786-b08f-b7aa3ba4e943,brunch,6,high_risk_share,low,max_intimate,posterior,1.0
0d6ea796-6ba9-5786-b08f-b7aa3ba4e943,driving,7,high_risk_share,low,somewhat_intimate,prior,0.9
0d6ea796-6ba9-5786-b08f-b7aa3ba4e943,driving,7,high_risk_share,low,somewhat_intimate,posterior,1.0
0d6ea796-6ba9-5786-b08f-b7aa3ba4e943,drinks,8,no_share,high,somewhat_intimate,prior,0.94
0d6ea796-6ba9-5786-b08f-b7aa3ba4e943,drinks,8,no_share,high,somewhat_intimate,posterior,0.54
0d6ea796-6ba9-5786-b08f-b7aa3ba4e943,gala,9,no_share,high,somewhat_formal,prior,0.96
0d6ea796-6ba9-5786-b08f-b7aa3ba4e943,gala,9,no_share,high,somewhat_formal,posterior,1.0
0d6ea796-6ba9-5786-b08f-b7aa3ba4e943,hike,10,high_risk_share,low,max_formal,prior,0.94
0d6ea796-6ba9-5786-b08f-b7aa3ba4e943,hike,10,high_risk_share,low,max_formal,posterior,1.0
0d6ea796-6ba9-5786-b08f-b7aa3ba4e943,takeout,11,high_risk_share,high,somewhat_formal,prior,0.93
0d6ea796-6ba9-5786-b08f-b7aa3ba4e943,takeout,11,high_risk_share,high,somewhat_formal,posterior,1.0
0d6ea796-6ba9-5786-b08f-b7aa3ba4e943,dip,12,low_risk_share,high,somewhat_formal,prior,0.93
0d6ea796-6ba9-5786-b08f-b7aa3ba4e943,dip,12,low_risk_share,high,somewhat_formal,posterior,1.0
0d6ea796-6ba9-5786-b08f-b7aa3ba4e943,soup,13,no_share,low,somewhat_intimate,prior,0.89
0d6ea796-6ba9-5786-b08f-b7aa3ba4e943,soup,13,no_share,low,somewhat_intimate,posterior,1.0
0d6ea796-6ba9-5786-b08f-b7aa3ba4e943,birthday,14,no_share,high,max_intimate,prior,0.94
0d6ea796-6ba9-5786-b08f-b7aa3ba4e943,birthday,14,no_share,high,max_intimate,posterior,0.0
0d6ea796-6ba9-5786-b08f-b7aa3ba4e943,social,15,low_risk_share,high,max_formal,prior,0.54
0d6ea796-6ba9-5786-b08f-b7aa3ba4e943,social,15,low_risk_share,high,max_formal,posterior,1.0
fc9f4678-98ec-5b58-8f12-626a4570bc27,driving,0,no_share,high,max_formal,prior,0.87
fc9f4678-98ec-5b58-8f12-626a4570bc27,driving,0,no_share,high,max_formal,posterior,0.86
fc9f4678-98ec-5b58-8f12-626a4570bc27,oysters,1,low_risk_share,low,somewhat_formal,prior,0.83
fc9f4678-98ec-5b58-8f12-626a4570bc27,oysters,1,low_risk_share,low,somewhat_formal,posterior,0.65
fc9f4678-98ec-5b58-8f12-626a4570bc27,brunch,2,high_risk_share,high,max_formal,prior,0.37
fc9f4678-98ec-5b58-8f12-626a4570bc27,brunch,2,high_risk_share,high,max_formal,posterior,0.31
fc9f4678-98ec-5b58-8f12-626a4570bc27,wedding,3,no_share,high,somewhat_formal,prior,0.42
fc9f4678-98ec-5b58-8f12-626a4570bc27,wedding,3,no_share,high,somewhat_formal,posterior,0.67
fc9f4678-98ec-5b58-8f12-626a4570bc27,cooking,4,high_risk_share,low,max_formal,prior,0.87
fc9f4678-98ec-5b58-8f12-626a4570bc27,cooking,4,high_risk_share,low,max_formal,posterior,0.97
fc9f4678-98ec-5b58-8f12-626a4570bc27,dip,5,no_share,high,somewhat_intimate,prior,0.71
fc9f4678-98ec-5b58-8f12-626a4570bc27,dip,5,no_share,high,somewhat_intimate,posterior,0.12
fc9f4678-98ec-5b58-8f12-626a4570bc27,fair,6,no_share,low,max_intimate,prior,0.8
fc9f4678-98ec-5b58-8f12-626a4570bc27,fair,6,no_share,low,max_intimate,posterior,0.73
fc9f4678-98ec-5b58-8f12-626a4570bc27,hike,7,high_risk_share,high,somewhat_intimate,prior,0.78
fc9f4678-98ec-5b58-8f12-626a4570bc27,hike,7,high_risk_share,high,somewhat_intimate,posterior,1.0
fc9f4678-98ec-5b58-8f12-626a4570bc27,drinks,8,high_risk_share,high,max_intimate,prior,0.74
fc9f4678-98ec-5b58-8f12-626a4570bc27,drinks,8,high_risk_share,high,max_intimate,posterior,0.95
fc9f4678-98ec-5b58-8f12-626a4570bc27,soup,9,high_risk_share,low,somewhat_formal,prior,0.61
fc9f4678-98ec-5b58-8f12-626a4570bc27,soup,9,high_risk_share,low,somewhat_formal,posterior,1.0
fc9f4678-98ec-5b58-8f12-626a4570bc27,takeout,10,high_risk_share,low,max_intimate,prior,0.59
fc9f4678-98ec-5b58-8f12-626a4570bc27,takeout,10,high_risk_share,low,max_intimate,posterior,0.9
fc9f4678-98ec-5b58-8f12-626a4570bc27,birthday,11,low_risk_share,low,max_intimate,prior,0.36
fc9f4678-98ec-5b58-8f12-626a4570bc27,birthday,11,low_risk_share,low,max_intimate,posterior,0.4
fc9f4678-98ec-5b58-8f12-626a4570bc27,social,12,low_risk_share,low,somewhat_intimate,prior,0.46
fc9f4678-98ec-5b58-8f12-626a4570bc27,social,12,low_risk_share,low,somewhat_intimate,posterior,0.75
fc9f4678-98ec-5b58-8f12-626a4570bc27,basketball,13,no_share,low,somewhat_formal,prior,0.9
fc9f4678-98ec-5b58-8f12-626a4570bc27,basketball,13,no_share,low,somewhat_formal,posterior,0.15
fc9f4678-98ec-5b58-8f12-626a4570bc27,apples,14,low_risk_share,high,somewhat_intimate,prior,0.58
fc9f4678-98ec-5b58-8f12-626a4570bc27,apples,14,low_risk_share,high,somewhat_intimate,posterior,0.63
fc9f4678-98ec-5b58-8f12-626a4570bc27,gala,15,low_risk_share,high,max_formal,prior,0.75
fc9f4678-98ec-5b58-8f12-626a4570bc27,gala,15,low_risk_share,high,max_formal,posterior,0.88
9e8e24f4-c76d-51a1-bdf1-91441e2c5c6b,basketball,0,high_risk_share,high,somewhat_formal,prior,0.2
9e8e24f4-c76d-51a1-bdf1-91441e2c5c6b,basketball,0,high_risk_share,high,somewhat_formal,posterior,0.0
9e8e24f4-c76d-51a1-bdf1-91441e2c5c6b,oysters,1,no_share,high,somewhat_intimate,prior,0.73
9e8e24f4-c76d-51a1-bdf1-91441e2c5c6b,oysters,1,no_share,high,somewhat_intimate,posterior,0.64
9e8e24f4-c76d-51a1-bdf1-91441e2c5c6b,takeout,2,no_share,high,max_intimate,prior,0.82
9e8e24f4-c76d-51a1-bdf1-91441e2c5c6b,takeout,2,no_share,high,max_intimate,posterior,0.79
9e8e24f4-c76d-51a1-bdf1-91441e2c5c6b,soup,3,no_share,low,somewhat_intimate,prior,0.8
9e8e24f4-c76d-51a1-bdf1-91441e2c5c6b,soup,3,no_share,low,somewhat_intimate,posterior,0.75
9e8e24f4-c76d-51a1-bdf1-91441e2c5c6b,drinks,4,high_risk_share,low,max_intimate,prior,0.93
9e8e24f4-c76d-51a1-bdf1-91441e2c5c6b,drinks,4,high_risk_share,low,max_intimate,posterior,0.95
9e8e24f4-c76d-51a1-bdf1-91441e2c5c6b,apples,5,low_risk_share,high,max_formal,prior,0.58
9e8e24f4-c76d-51a1-bdf1-91441e2c5c6b,apples,5,low_risk_share,high,max_formal,posterior,0.68
9e8e24f4-c76d-51a1-bdf1-91441e2c5c6b,fair,6,no_share,low,somewhat_formal,prior,0.67
9e8e24f4-c76d-51a1-bdf1-91441e2c5c6b,fair,6,no_share,low,somewhat_formal,posterior,0.19
9e8e24f4-c76d-51a1-bdf1-91441e2c5c6b,brunch,7,no_share,low,max_formal,prior,0.6
9e8e24f4-c76d-51a1-bdf1-91441e2c5c6b,brunch,7,no_share,low,max_formal,posterior,0.29
9e8e24f4-c76d-51a1-bdf1-91441e2c5c6b,cooking,8,low_risk_share,high,somewhat_formal,prior,0.76
9e8e24f4-c76d-51a1-bdf1-91441e2c5c6b,cooking,8,low_risk_share,high,somewhat_formal,posterior,0.85
9e8e24f4-c76d-51a1-bdf1-91441e2c5c6b,hike,9,high_risk_share,low,somewhat_intimate,prior,0.71
9e8e24f4-c76d-51a1-bdf1-91441e2c5c6b,hike,9,high_risk_share,low,somewhat_intimate,posterior,0.6
9e8e24f4-c76d-51a1-bdf1-91441e2c5c6b,driving,10,high_risk_share,low,max_formal,prior,0.5
9e8e24f4-c76d-51a1-bdf1-91441e2c5c6b,driving,10,high_risk_share,low,max_formal,posterior,0.18
9e8e24f4-c76d-51a1-bdf1-91441e2c5c6b,wedding,11,low_risk_share,low,somewhat_intimate,prior,0.74
9e8e24f4-c76d-51a1-bdf1-91441e2c5c6b,wedding,11,low_risk_share,low,somewhat_intimate,posterior,0.81
9e8e24f4-c76d-51a1-bdf1-91441e2c5c6b,gala,12,high_risk_share,high,max_intimate,prior,0.71
9e8e24f4-c76d-51a1-bdf1-91441e2c5c6b,gala,12,high_risk_share,high,max_intimate,posterior,0.85
9e8e24f4-c76d-51a1-bdf1-91441e2c5c6b,dip,13,no_share,high,somewhat_formal,prior,0.5
9e8e24f4-c76d-51a1-bdf1-91441e2c5c6b,dip,13,no_share,high,somewhat_formal,posterior,0.07
9e8e24f4-c76d-51a1-bdf1-91441e2c5c6b,birthday,14,low_risk_share,high,max_intimate,prior,0.9
9e8e24f4-c76d-51a1-bdf1-91441e2c5c6b,birthday,14,low_risk_share,high,max_intimate,posterior,0.94
9e8e24f4-c76d-51a1-bdf1-91441e2c5c6b,social,15,low_risk_share,low,max_formal,prior,0.53
9e8e24f4-c76d-51a1-bdf1-91441e2c5c6b,social,15,low_risk_share,low,max_formal,posterior,0.28
a0690b49-2abc-5a5a-bd01-510643d2af38,takeout,0,low_risk_share,low,max_intimate,prior,1.0
a0690b49-2abc-5a5a-bd01-510643d2af38,takeout,0,low_risk_share,low,max_intimate,posterior,0.8
a0690b49-2abc-5a5a-bd01-510643d2af38,soup,1,no_share,high,max_formal,prior,0.78
a0690b49-2abc-5a5a-bd01-510643d2af38,soup,1,no_share,high,max_formal,posterior,0.88
a0690b49-2abc-5a5a-bd01-510643d2af38,social,2,low_risk_share,low,max_formal,prior,0.74
a0690b49-2abc-5a5a-bd01-510643d2af38,social,2,low_risk_share,low,max_formal,posterior,0.33
a0690b49-2abc-5a5a-bd01-510643d2af38,hike,3,high_risk_share,high,somewhat_intimate,prior,0.67
a0690b49-2abc-5a5a-bd01-510643d2af38,hike,3,high_risk_share,high,somewhat_intimate,posterior,0.72
a0690b49-2abc-5a5a-bd01-510643d2af38,cooking,4,low_risk_share,high,somewhat_formal,prior,0.76
a0690b49-2abc-5a5a-bd01-510643d2af38,cooking,4,low_risk_share,high,somewhat_formal,posterior,0.72
a0690b49-2abc-5a5a-bd01-510643d2af38,gala,5,no_share,high,max_intimate,prior,0.76
a0690b49-2abc-5a5a-bd01-510643d2af38,gala,5,no_share,high,max_intimate,posterior,0.31
a0690b49-2abc-5a5a-bd01-510643d2af38,fair,6,high_risk_share,high,somewhat_formal,prior,0.28
a0690b49-2abc-5a5a-bd01-510643d2af38,fair,6,high_risk_share,high,somewhat_formal,posterior,0.71
a0690b49-2abc-5a5a-bd01-510643d2af38,birthday,7,high_risk_share,low,somewhat_intimate,prior,0.68
a0690b49-2abc-5a5a-bd01-510643d2af38,birthday,7,high_risk_share,low,somewhat_intimate,posterior,0.67
a0690b49-2abc-5a5a-bd01-510643d2af38,oysters,8,no_share,low,max_intimate,prior,0.32
a0690b49-2abc-5a5a-bd01-510643d2af38,oysters,8,no_share,low,max_intimate,posterior,0.73
a0690b49-2abc-5a5a-bd01-510643d2af38,drinks,9,high_risk_share,high,max_formal,prior,0.71
a0690b49-2abc-5a5a-bd01-510643d2af38,drinks,9,high_risk_share,high,max_formal,posterior,0.3
a0690b49-2abc-5a5a-bd01-510643d2af38,driving,10,no_share,low,somewhat_intimate,prior,0.71
a0690b49-2abc-5a5a-bd01-510643d2af38,driving,10,no_share,low,somewhat_intimate,posterior,0.31
a0690b49-2abc-5a5a-bd01-510643d2af38,dip,11,high_risk_share,low,somewhat_formal,prior,0.76
a0690b49-2abc-5a5a-bd01-510643d2af38,dip,11,high_risk_share,low,somewhat_formal,posterior,0.67
a0690b49-2abc-5a5a-bd01-510643d2af38,basketball,12,low_risk_share,low,somewhat_formal,prior,0.67
a0690b49-2abc-5a5a-bd01-510643d2af38,basketball,12,low_risk_share,low,somewhat_formal,posterior,0.26
a0690b49-2abc-5a5a-bd01-510643d2af38,apples,13,no_share,low,max_formal,prior,0.27
a0690b49-2abc-5a5a-bd01-510643d2af38,apples,13,no_share,low,max_formal,posterior,0.3
a0690b49-2abc-5a5a-bd01-510643d2af38,wedding,14,low_risk_share,high,somewhat_intimate,prior,0.77
a0690b49-2abc-5a5a-bd01-510643d2af38,wedding,14,low_risk_share,high,somewhat_intimate,posterior,0.8
a0690b49-2abc-5a5a-bd01-510643d2af38,brunch,15,low_risk_share,high,max_intimate,prior,0.76
a0690b49-2abc-5a5a-bd01-510643d2af38,brunch,15,low_risk_share,high,max_intimate,posterior,0.66
8969ee93-6c68-5aae-ae8c-774364e4c6c1,driving,0,high_risk_share,high,max_intimate,prior,0.16
8969ee93-6c68-5aae-ae8c-774364e4c6c1,driving,0,high_risk_share,high,max_intimate,posterior,0.74
8969ee93-6c68-5aae-ae8c-774364e4c6c1,takeout,1,high_risk_share,high,max_formal,prior,0.89
8969ee93-6c68-5aae-ae8c-774364e4c6c1,takeout,1,high_risk_share,high,max_formal,posterior,1.0
8969ee93-6c68-5aae-ae8c-774364e4c6c1,apples,2,low_risk_share,high,somewhat_intimate,prior,0.75
8969ee93-6c68-5aae-ae8c-774364e4c6c1,apples,2,low_risk_share,high,somewhat_intimate,posterior,0.85
8969ee93-6c68-5aae-ae8c-774364e4c6c1,brunch,3,no_share,low,max_intimate,prior,1.0
8969ee93-6c68-5aae-ae8c-774364e4c6c1,brunch,3,no_share,low,max_intimate,posterior,0.74
8969ee93-6c68-5aae-ae8c-774364e4c6c1,hike,4,high_risk_share,low,max_intimate,prior,0.89
8969ee93-6c68-5aae-ae8c-774364e4c6c1,hike,4,high_risk_share,low,max_intimate,posterior,0.96
8969ee93-6c68-5aae-ae8c-774364e4c6c1,wedding,5,no_share,high,somewhat_formal,prior,0.3
8969ee93-6c68-5aae-ae8c-774364e4c6c1,wedding,5,no_share,high,somewhat_formal,posterior,0.17
8969ee93-6c68-5aae-ae8c-774364e4c6c1,dip,6,no_share,low,somewhat_formal,prior,0.79
8969ee93-6c68-5aae-ae8c-774364e4c6c1,dip,6,no_share,low,somewhat_formal,posterior,0.41
8969ee93-6c68-5aae-ae8c-774364e4c6c1,soup,7,low_risk_share,low,somewhat_formal,prior,0.71
8969ee93-6c68-5aae-ae8c-774364e4c6c1,soup,7,low_risk_share,low,somewhat_formal,posterior,0.84
8969ee93-6c68-5aae-ae8c-774364e4c6c1,fair,8,no_share,high,somewhat_intimate,prior,0.78
8969ee93-6c68-5aae-ae8c-774364e4c6c1,fair,8,no_share,high,somewhat_intimate,posterior,0.77
8969ee93-6c68-5aae-ae8c-774364e4c6c1,drinks,9,low_risk_share,low,max_intimate,prior,0.76
8969ee93-6c68-5aae-ae8c-774364e4c6c1,drinks,9,low_risk_share,low,max_intimate,posterior,0.91
8969ee93-6c68-5aae-ae8c-774364e4c6c1,cooking,10,high_risk_share,low,somewhat_formal,prior,0.96
8969ee93-6c68-5aae-ae8c-774364e4c6c1,cooking,10,high_risk_share,low,somewhat_formal,posterior,0.87
8969ee93-6c68-5aae-ae8c-774364e4c6c1,birthday,11,no_share,high,max_formal,prior,0.83
8969ee93-6c68-5aae-ae8c-774364e4c6c1,birthday,11,no_share,high,max_formal,posterior,0.74
8969ee93-6c68-5aae-ae8c-774364e4c6c1,oysters,12,high_risk_share,low,max_formal,prior,0.94
8969ee93-6c68-5aae-ae8c-774364e4c6c1,oysters,12,high_risk_share,low,max_formal,posterior,0.99
8969ee93-6c68-5aae-ae8c-774364e4c6c1,basketball,13,low_risk_share,high,max_formal,prior,0.37
8969ee93-6c68-5aae-ae8c-774364e4c6c1,basketball,13,low_risk_share,high,max_formal,posterior,1.0
8969ee93-6c68-5aae-ae8c-774364e4c6c1,social,14,low_risk_share,low,somewhat_intimate,prior,0.29
8969ee93-6c68-5aae-ae8c-774364e4c6c1,social,14,low_risk_share,low,somewhat_intimate,posterior,0.83
8969ee93-6c68-5aae-ae8c-774364e4c6c1,gala,15,high_risk_share,high,somewhat_intimate,prior,0.73
8969ee93-6c68-5aae-ae8c-774364e4c6c1,gala,15,high_risk_share,high,somewhat_intimate,posterior,0.83
ec179d93-c1c1-5acc-84cc-a7e08e6af206,oysters,0,high_risk_share,low,max_intimate,prior,0.71
ec179d93-c1c1-5acc-84cc-a7e08e6af206,oysters,0,high_risk_share,low,max_intimate,posterior,1.0
ec179d93-c1c1-5acc-84cc-a7e08e6af206,soup,1,high_risk_share,high,somewhat_intimate,prior,0.57
ec179d93-c1c1-5acc-84cc-a7e08e6af206,soup,1,high_risk_share,high,somewhat_intimate,posterior,1.0
ec179d93-c1c1-5acc-84cc-a7e08e6af206,drinks,2,high_risk_share,low,max_formal,prior,0.56
ec179d93-c1c1-5acc-84cc-a7e08e6af206,drinks,2,high_risk_share,low,max_formal,posterior,0.83
ec179d93-c1c1-5acc-84cc-a7e08e6af206,fair,3,high_risk_share,high,max_intimate,prior,0.72
ec179d93-c1c1-5acc-84cc-a7e08e6af206,fair,3,high_risk_share,high,max_intimate,posterior,0.98
ec179d93-c1c1-5acc-84cc-a7e08e6af206,social,4,low_risk_share,low,somewhat_formal,prior,0.66
ec179d93-c1c1-5acc-84cc-a7e08e6af206,social,4,low_risk_share,low,somewhat_formal,posterior,0.91
ec179d93-c1c1-5acc-84cc-a7e08e6af206,driving,5,low_risk_share,high,max_formal,prior,0.3
ec179d93-c1c1-5acc-84cc-a7e08e6af206,driving,5,low_risk_share,high,max_formal,posterior,0.53
ec179d93-c1c1-5acc-84cc-a7e08e6af206,basketball,6,high_risk_share,high,max_formal,prior,0.42
ec179d93-c1c1-5acc-84cc-a7e08e6af206,basketball,6,high_risk_share,high,max_formal,posterior,0.51
ec179d93-c1c1-5acc-84cc-a7e08e6af206,gala,7,low_risk_share,low,somewhat_intimate,prior,0.59
ec179d93-c1c1-5acc-84cc-a7e08e6af206,gala,7,low_risk_share,low,somewhat_intimate,posterior,0.87
ec179d93-c1c1-5acc-84cc-a7e08e6af206,apples,8,no_share,high,max_formal,prior,0.24
ec179d93-c1c1-5acc-84cc-a7e08e6af206,apples,8,no_share,high,max_formal,posterior,0.23
ec179d93-c1c1-5acc-84cc-a7e08e6af206,brunch,9,no_share,low,max_intimate,prior,0.88
ec179d93-c1c1-5acc-84cc-a7e08e6af206,brunch,9,no_share,low,max_intimate,posterior,0.18
ec179d93-c1c1-5acc-84cc-a7e08e6af206,wedding,10,low_risk_share,low,max_intimate,prior,0.77
ec179d93-c1c1-5acc-84cc-a7e08e6af206,wedding,10,low_risk_share,low,max_intimate,posterior,0.92
ec179d93-c1c1-5acc-84cc-a7e08e6af206,dip,11,no_share,high,somewhat_formal,prior,0.38
ec179d93-c1c1-5acc-84cc-a7e08e6af206,dip,11,no_share,high,somewhat_formal,posterior,0.28
ec179d93-c1c1-5acc-84cc-a7e08e6af206,birthday,12,low_risk_share,high,somewhat_intimate,prior,0.7
ec179d93-c1c1-5acc-84cc-a7e08e6af206,birthday,12,low_risk_share,high,somewhat_intimate,posterior,0.48
ec179d93-c1c1-5acc-84cc-a7e08e6af206,cooking,13,no_share,low,somewhat_formal,prior,0.67
ec179d93-c1c1-5acc-84cc-a7e08e6af206,cooking,13,no_share,low,somewhat_formal,posterior,0.26
ec179d93-c1c1-5acc-84cc-a7e08e6af206,takeout,14,high_risk_share,low,somewhat_formal,prior,0.73
ec179d93-c1c1-5acc-84cc-a7e08e6af206,takeout,14,high_risk_share,low,somewhat_formal,posterior,0.83
ec179d93-c1c1-5acc-84cc-a7e08e6af206,hike,15,no_share,high,somewhat_intimate,prior,0.39
ec179d93-c1c1-5acc-84cc-a7e08e6af206,hike,15,no_share,high,somewhat_intimate,posterior,0.27
dcbb8ee8-061c-54ef-b961-74b909f62b61,fair,0,high_risk_share,high,somewhat_formal,prior,0.63
dcbb8ee8-061c-54ef-b961-74b909f62b61,fair,0,high_risk_share,high,somewhat_formal,posterior,0.8
dcbb8ee8-061c-54ef-b961-74b909f62b61,brunch,1,low_risk_share,high,somewhat_intimate,prior,0.5
dcbb8ee8-061c-54ef-b961-74b909f62b61,brunch,1,low_risk_share,high,somewhat_intimate,posterior,0.73
dcbb8ee8-061c-54ef-b961-74b909f62b61,wedding,2,no_share,low,somewhat_intimate,prior,0.77
dcbb8ee8-061c-54ef-b961-74b909f62b61,wedding,2,no_share,low,somewhat_intimate,posterior,0.65
dcbb8ee8-061c-54ef-b961-74b909f62b61,oysters,3,no_share,low,max_intimate,prior,0.32
dcbb8ee8-061c-54ef-b961-74b909f62b61,oysters,3,no_share,low,max_intimate,posterior,0.37
dcbb8ee8-061c-54ef-b961-74b909f62b61,social,4,low_risk_share,high,somewhat_formal,prior,0.35
dcbb8ee8-061c-54ef-b961-74b909f62b61,social,4,low_risk_share,high,somewhat_formal,posterior,0.78
dcbb8ee8-061c-54ef-b961-74b909f62b61,drinks,5,high_risk_share,low,somewhat_intimate,prior,0.78
dcbb8ee8-061c-54ef-b961-74b909f62b61,drinks,5,high_risk_share,low,somewhat_intimate,posterior,0.76
dcbb8ee8-061c-54ef-b961-74b909f62b61,apples,6,no_share,high,max_intimate,prior,0.73
dcbb8ee8-061c-54ef-b961-74b909f62b61,apples,6,no_share,high,max_intimate,posterior,0.61
dcbb8ee8-061c-54ef-b961-74b909f62b61,birthday,7,high_risk_share,high,somewhat_intimate,prior,0.5
dcbb8ee8-061c-54ef-b961-74b909f62b61,birthday,7,high_risk_share,high,somewhat_intimate,posterior,0.41
dcbb8ee8-061c-54ef-b961-74b909f62b61,gala,8,high_risk_share,low,somewhat_formal,prior,0.48
dcbb8ee8-061c-54ef-b961-74b909f62b61,gala,8,high_risk_share,low,somewhat_formal,posterior,0.82
dcbb8ee8-061c-54ef-b961-74b909f62b61,hike,9,low_risk_share,low,max_formal,prior,1.0
dcbb8ee8-061c-54ef-b961-74b909f62b61,hike,9,low_risk_share,low,max_formal,posterior,1.0
dcbb8ee8-061c-54ef-b961-74b909f62b61,cooking,10,high_risk_share,high,max_formal,prior,0.78
dcbb8ee8-061c-54ef-b961-74b909f62b61,cooking,10,high_risk_share,high,max_formal,posterior,0.9
dcbb8ee8-061c-54ef-b961-74b909f62b61,dip,11,low_risk_share,low,somewhat_formal,prior,0.33
dcbb8ee8-061c-54ef-b961-74b909f62b61,dip,11,low_risk_share,low,somewhat_formal,posterior,0.86
dcbb8ee8-061c-54ef-b961-74b909f62b61,basketball,12,no_share,high,max_formal,prior,0.86
dcbb8ee8-061c-54ef-b961-74b909f62b61,basketball,12,no_share,high,max_formal,posterior,0.36
dcbb8ee8-061c-54ef-b961-74b909f62b61,takeout,13,no_share,low,max_formal,prior,0.77
dcbb8ee8-061c-54ef-b961-74b909f62b61,takeout,13,no_share,low,max_formal,posterior,0.0
dcbb8ee8-061c-54ef-b961-74b909f62b61,driving,14,low_risk_share,low,max_intimate,prior,1.0
dcbb8ee8-061c-54ef-b961-74b909f62b61,driving,14,low_risk_share,low,max_intimate,posterior,1.0
dcbb8ee8-061c-54ef-b961-74b909f62b61,soup,15,low_risk_share,high,max_intimate,prior,1.0
dcbb8ee8-061c-54ef-b961-74b909f62b61,soup,15,low_risk_share,high,max_intimate,posterior,1.0
6ebb5f8d-7d32-5a71-baf3-e417a64fe6c9,drinks,0,high_risk_share,low,max_formal,prior,0.85
6ebb5f8d-7d32-5a71-baf3-e417a64fe6c9,drinks,0,high_risk_share,low,max_formal,posterior,0.63
6ebb5f8d-7d32-5a71-baf3-e417a64fe6c9,cooking,1,no_share,low,somewhat_intimate,prior,0.78
6ebb5f8d-7d32-5a71-baf3-e417a64fe6c9,cooking,1,no_share,low,somewhat_intimate,posterior,0.83
6ebb5f8d-7d32-5a71-baf3-e417a64fe6c9,soup,2,high_risk_share,high,max_intimate,prior,0.92
6ebb5f8d-7d32-5a71-baf3-e417a64fe6c9,soup,2,high_risk_share,high,max_intimate,posterior,0.91
6ebb5f8d-7d32-5a71-baf3-e417a64fe6c9,hike,3,high_risk_share,high,somewhat_formal,prior,0.32
6ebb5f8d-7d32-5a71-baf3-e417a64fe6c9,hike,3,high_risk_share,high,somewhat_formal,posterior,0.55
6ebb5f8d-7d32-5a71-baf3-e417a64fe6c9,social,4,low_risk_share,high,max_intimate,prior,0.68
6ebb5f8d-7d32-5a71-baf3-e417a64fe6c9,social,4,low_risk_share,high,max_intimate,posterior,0.93
6ebb5f8d-7d32-5a71-baf3-e417a64fe6c9,brunch,5,low_risk_share,low,max_formal,prior,0.85
6ebb5f8d-7d32-5a71-baf3-e417a64fe6c9,brunch,5,low_risk_share,low,max_formal,posterior,0.96
6ebb5f8d-7d32-5a71-baf3-e417a64fe6c9,fair,6,no_share,high,somewhat_formal,prior,0.73
6ebb5f8d-7d32-5a71-baf3-e417a64fe6c9,fair,6,no_share,high,somewhat_formal,posterior,0.94
6ebb5f8d-7d32-5a71-baf3-e417a64fe6c9,wedding,7,high_risk_share,low,max_intimate,prior,0.34
6ebb5f8d-7d32-5a71-baf3-e417a64fe6c9,wedding,7,high_risk_share,low,max_intimate,posterior,0.72
6ebb5f8d-7d32-5a71-baf3-e417a64fe6c9,driving,8,no_share,high,max_intimate,prior,0.74
6ebb5f8d-7d32-5a71-baf3-e417a64fe6c9,driving,8,no_share,high,max_intimate,posterior,0.35
6ebb5f8d-7d32-5a71-baf3-e417a64fe6c9,birthday,9,low_risk_share,high,max_formal,prior,0.32
6ebb5f8d-7d32-5a71-baf3-e417a64fe6c9,birthday,9,low_risk_share,high,max_formal,posterior,0.61
6ebb5f8d-7d32-5a71-baf3-e417a64fe6c9,oysters,10,no_share,high,somewhat_intimate,prior,0.75
6ebb5f8d-7d32-5a71-baf3-e417a64fe6c9,oysters,10,no_share,high,somewhat_intimate,posterior,0.86
6ebb5f8d-7d32-5a71-baf3-e417a64fe6c9,basketball,11,low_risk_share,low,somewhat_intimate,prior,0.59
6ebb5f8d-7d32-5a71-baf3-e417a64fe6c9,basketball,11,low_risk_share,low,somewhat_intimate,posterior,0.86
6ebb5f8d-7d32-5a71-baf3-e417a64fe6c9,takeout,12,high_risk_share,low,somewhat_intimate,prior,0.24
6ebb5f8d-7d32-5a71-baf3-e417a64fe6c9,takeout,12,high_risk_share,low,somewhat_intimate,posterior,0.59
6ebb5f8d-7d32-5a71-baf3-e417a64fe6c9,gala,13,no_share,low,max_formal,prior,0.72
6ebb5f8d-7d32-5a71-baf3-e417a64fe6c9,gala,13,no_share,low,max_formal,posterior,0.89
6ebb5f8d-7d32-5a71-baf3-e417a64fe6c9,dip,14,no_share,low,somewhat_formal,prior,0.35
6ebb5f8d-7d32-5a71-baf3-e417a64fe6c9,dip,14,no_share,low,somewhat_formal,posterior,0.65
6ebb5f8d-7d32-5a71-baf3-e417a64fe6c9,apples,15,low_risk_share,high,somewhat_formal,prior,0.69
6ebb5f8d-7d32-5a71-baf3-e417a64fe6c9,apples,15,low_risk_share,high,somewhat_formal,posterior,0.72
66da3e69-0c9f-5f0f-bcfd-e61fab8b60af,soup,0,no_share,low,somewhat_intimate,prior,0.84
66da3e69-0c9f-5f0f-bcfd-e61fab8b60af,soup,0,no_share,low,somewhat_intimate,posterior,0.4
66da3e69-0c9f-5f0f-bcfd-e61fab8b60af,brunch,1,high_risk_share,high,somewhat_formal,prior,0.56
66da3e69-0c9f-5f0f-bcfd-e61fab8b60af,brunch,1,high_risk_share,high,somewhat_formal,posterior,0.78
66da3e69-0c9f-5f0f-bcfd-e61fab8b60af,gala,2,high_risk_share,low,somewhat_intimate,prior,0.71
66da3e69-0c9f-5f0f-bcfd-e61fab8b60af,gala,2,high_risk_share,low,somewhat_intimate,posterior,0.81
66da3e69-0c9f-5f0f-bcfd-e61fab8b60af,cooking,3,no_share,high,max_intimate,prior,0.64
66da3e69-0c9f-5f0f-bcfd-e61fab8b60af,cooking,3,no_share,high,max_intimate,posterior,0.37
66da3e69-0c9f-5f0f-bcfd-e61fab8b60af,apples,4,no_share,low,somewhat_formal,prior,0.72
66da3e69-0c9f-5f0f-bcfd-e61fab8b60af,apples,4,no_share,low,somewhat_formal,posterior,0.71
66da3e69-0c9f-5f0f-bcfd-e61fab8b60af,takeout,5,low_risk_share,low,max_formal,prior,0.74
66da3e69-0c9f-5f0f-bcfd-e61fab8b60af,takeout,5,low_risk_share,low,max_formal,posterior,0.9
66da3e69-0c9f-5f0f-bcfd-e61fab8b60af,driving,6,high_risk_share,low,max_formal,prior,0.4
66da3e69-0c9f-5f0f-bcfd-e61fab8b60af,driving,6,high_risk_share,low,max_formal,posterior,0.2
66da3e69-0c9f-5f0f-bcfd-e61fab8b60af,fair,7,no_share,high,somewhat_intimate,prior,0.52
66da3e69-0c9f-5f0f-bcfd-e61fab8b60af,fair,7,no_share,high,somewhat_intimate,posterior,0.39
66da3e69-0c9f-5f0f-bcfd-e61fab8b60af,hike,8,no_share,low,max_formal,prior,0.66
66da3e69-0c9f-5f0f-bcfd-e61fab8b60af,hike,8,no_share,low,max_formal,posterior,0.38
66da3e69-0c9f-5f0f-bcfd-e61fab8b60af,drinks,9,high_risk_share,high,max_intimate,prior,0.37
66da3e69-0c9f-5f0f-bcfd-e61fab8b60af,drinks,9,high_risk_share,high,max_intimate,posterior,0.5
66da3e69-0c9f-5f0f-bcfd-e61fab8b60af,birthday,10,low_risk_share,high,somewhat_formal,prior,0.58
66da3e69-0c9f-5f0f-bcfd-e61fab8b60af,birthday,10,low_risk_share,high,somewhat_formal,posterior,0.83
66da3e69-0c9f-5f0f-bcfd-e61fab8b60af,oysters,11,low_risk_share,low,somewhat_intimate,prior,0.66
66da3e69-0c9f-5f0f-bcfd-e61fab8b60af,oysters,11,low_risk_share,low,somewhat_intimate,posterior,0.88
66da3e69-0c9f-5f0f-bcfd-e61fab8b60af,dip,12,high_risk_share,low,max_intimate,prior,0.77
66da3e69-0c9f-5f0f-bcfd-e61fab8b60af,dip,12,high_risk_share,low,max_intimate,posterior,0.91
66da3e69-0c9f-5f0f-bcfd-e61fab8b60af,basketball,13,low_risk_share,high,max_intimate,prior,0.38
66da3e69-0c9f-5f0f-bcfd-e61fab8b60af,basketball,13,low_risk_share,high,max_intimate,posterior,0.45
66da3e69-0c9f-5f0f-bcfd-e61fab8b60af,wedding,14,low_risk_share,high,max_formal,prior,0.66
66da3e69-0c9f-5f0f-bcfd-e61fab8b60af,wedding,14,low_risk_share,high,max_formal,posterior,0.84
66da3e69-0c9f-5f0f-bcfd-e61fab8b60af,social,15,no_share,high,somewhat_formal,prior,0.36
66da3e69-0c9f-5f0f-bcfd-e61fab8b60af,social,15,no_share,high,somewhat_formal,posterior,0.1
d998da5f-8306-53ae-ae18-070c2b8c17db,gala,0,low_risk_share,high,max_formal,prior,0.69
d998da5f-8306-53ae-ae18-070c2b8c17db,gala,0,low_risk_share,high,max_formal,posterior,0.71
d998da5f-8306-53ae-ae18-070c2b8c17db,social,1,no_share,high,somewhat_formal,prior,0.17
d998da5f-8306-53ae-ae18-070c2b8c17db,social,1,no_share,high,somewhat_formal,posterior,0.09
d998da5f-8306-53ae-ae18-070c2b8c17db,hike,2,low_risk_share,high,somewhat_intimate,prior,0.08
d998da5f-8306-53ae-ae18-070c2b8c17db,hike,2,low_risk_share,high,somewhat_intimate,posterior,0.06
d998da5f-8306-53ae-ae18-070c2b8c17db,apples,3,high_risk_share,low,max_intimate,prior,0.84
d998da5f-8306-53ae-ae18-070c2b8c17db,apples,3,high_risk_share,low,max_intimate,posterior,0.89
d998da5f-8306-53ae-ae18-070c2b8c17db,birthday,4,low_risk_share,low,somewhat_intimate,prior,0.86
d998da5f-8306-53ae-ae18-070c2b8c17db,birthday,4,low_risk_share,low,somewhat_intimate,posterior,0.95
d998da5f-8306-53ae-ae18-070c2b8c17db,driving,5,high_risk_share,low,max_formal,prior,0.06
d998da5f-8306-53ae-ae18-070c2b8c17db,driving,5,high_risk_share,low,max_formal,posterior,0.02
d998da5f-8306-53ae-ae18-070c2b8c17db,cooking,6,low_risk_share,low,max_intimate,prior,0.86
d998da5f-8306-53ae-ae18-070c2b8c17db,cooking,6,low_risk_share,low,max_intimate,posterior,0.91
d998da5f-8306-53ae-ae18-070c2b8c17db,brunch,7,high_risk_share,high,max_formal,prior,0.87
d998da5f-8306-53ae-ae18-070c2b8c17db,brunch,7,high_risk_share,high,max_formal,posterior,0.98
d998da5f-8306-53ae-ae18-070c2b8c17db,drinks,8,no_share,low,somewhat_formal,prior,0.11
d998da5f-8306-53ae-ae18-070c2b8c17db,drinks,8,no_share,low,somewhat_formal,posterior,0.01
d998da5f-8306-53ae-ae18-070c2b8c17db,basketball,9,high_risk_share,low,somewhat_formal,prior,0.87
d998da5f-8306-53ae-ae18-070c2b8c17db,basketball,9,high_risk_share,low,somewhat_formal,posterior,0.98
d998da5f-8306-53ae-ae18-070c2b8c17db,dip,10,high_risk_share,high,somewhat_intimate,prior,0.88
d998da5f-8306-53ae-ae18-070c2b8c17db,dip,10,high_risk_share,high,somewhat_intimate,posterior,1.0
d998da5f-8306-53ae-ae18-070c2b8c17db,wedding,11,no_share,high,max_formal,prior,0.16
d998da5f-8306-53ae-ae18-070c2b8c17db,wedding,11,no_share,high,max_formal,posterior,0.03
d998da5f-8306-53ae-ae18-070c2b8c17db,fair,12,high_risk_share,high,max_intimate,prior,0.95
d998da5f-8306-53ae-ae18-070c2b8c17db,fair,12,high_risk_share,high,max_intimate,posterior,0.9
d998da5f-8306-53ae-ae18-070c2b8c17db,soup,13,low_risk_share,low,somewhat_formal,prior,0.18
d998da5f-8306-53ae-ae18-070c2b8c17db,soup,13,low_risk_share,low,somewhat_formal,posterior,0.95
d998da5f-8306-53ae-ae18-070c2b8c17db,takeout,14,no_share,low,max_intimate,prior,0.88
d998da5f-8306-53ae-ae18-070c2b8c17db,takeout,14,no_share,low,max_intimate,posterior,0.02
d998da5f-8306-53ae-ae18-070c2b8c17db,oysters,15,no_share,high,somewhat_intimate,prior,0.89
d998da5f-8306-53ae-ae18-070c2b8c17db,oysters,15,no_share,high,somewhat_intimate,posterior,0.87
dd06ff9a-5959-5020-92ec-cd1caa6f0c82,oysters,0,high_risk_share,low,max_intimate,prior,0.69
dd06ff9a-5959-5020-92ec-cd1caa6f0c82,oysters,0,high_risk_share,low,max_intimate,posterior,0.67
dd06ff9a-5959-5020-92ec-cd1caa6f0c82,drinks,1,high_risk_share,low,max_formal,prior,0.48
dd06ff9a-5959-5020-92ec-cd1caa6f0c82,drinks,1,high_risk_share,low,max_formal,posterior,0.44
dd06ff9a-5959-5020-92ec-cd1caa6f0c82,soup,2,no_share,low,somewhat_formal,prior,0.52
dd06ff9a-5959-5020-92ec-cd1caa6f0c82,soup,2,no_share,low,somewhat_formal,posterior,0.5
dd06ff9a-5959-5020-92ec-cd1caa6f0c82,takeout,3,low_risk_share,high,max_formal,prior,0.61
dd06ff9a-5959-5020-92ec-cd1caa6f0c82,takeout,3,low_risk_share,high,max_formal,posterior,0.62
dd06ff9a-5959-5020-92ec-cd1caa6f0c82,brunch,4,no_share,high,somewhat_intimate,prior,0.73
dd06ff9a-5959-5020-92ec-cd1caa6f0c82,brunch,4,no_share,high,somewhat_intimate,posterior,0.33
dd06ff9a-5959-5020-92ec-cd1caa6f0c82,hike,5,high_risk_share,low,somewhat_formal,prior,0.67
dd06ff9a-5959-5020-92ec-cd1caa6f0c82,hike,5,high_risk_share,low,somewhat_formal,posterior,0.76
dd06ff9a-5959-5020-92ec-cd1caa6f0c82,cooking,6,high_risk_share,high,somewhat_intimate,prior,0.62
dd06ff9a-5959-5020-92ec-cd1caa6f0c82,cooking,6,high_risk_share,high,somewhat_intimate,posterior,0.72
dd06ff9a-5959-5020-92ec-cd1caa6f0c82,driving,7,low_risk_share,high,somewhat_intimate,prior,0.32
dd06ff9a-5959-5020-92ec-cd1caa6f0c82,driving,7,low_risk_share,high,somewhat_intimate,posterior,0.7
dd06ff9a-5959-5020-92ec-cd1caa6f0c82,basketball,8,high_risk_share,high,max_formal,prior,0.53
dd06ff9a-5959-5020-92ec-cd1caa6f0c82,basketball,8,high_risk_share,high,max_formal,posterior,0.6
dd06ff9a-5959-5020-92ec-cd1caa6f0c82,birthday,9,low_risk_share,low,somewhat_intimate,prior,0.57
dd06ff9a-5959-5020-92ec-cd1caa6f0c82,birthday,9,low_risk_share,low,somewhat_intimate,posterior,0.7
dd06ff9a-5959-5020-92ec-cd1caa6f0c82,apples,10,no_share,high,somewhat_formal,prior,0.49
dd06ff9a-5959-5020-92ec-cd1caa6f0c82,apples,10,no_share,high,somewhat_formal,posterior,0.42
dd06ff9a-5959-5020-92ec-cd1caa6f0c82,fair,11,no_share,high,max_formal,prior,0.43
dd06ff9a-5959-5020-92ec-cd1caa6f0c82,fair,11,no_share,high,max_formal,posterior,0.46
dd06ff9a-5959-5020-92ec-cd1caa6f0c82,social,12,low_risk_share,low,max_intimate,prior,0.35
dd06ff9a-5959-5020-92ec-cd1caa6f0c82,social,12,low_risk_share,low,max_intimate,posterior,0.76
dd06ff9a-5959-5020-92ec-cd1caa6f0c82,dip,13,no_share,low,max_intimate,prior,0.73
dd06ff9a-5959-5020-92ec-cd1caa6f0c82,dip,13,no_share,low,max_intimate,posterior,0.62
dd06ff9a-5959-5020-92ec-cd1caa6f0c82,wedding,14,low_risk_share,low,somewhat_formal,prior,0.43
dd06ff9a-5959-5020-92ec-cd1caa6f0c82,wedding,14,low_risk_share,low,somewhat_formal,posterior,0.81
dd06ff9a-5959-5020-92ec-cd1caa6f0c82,gala,15,high_risk_share,high,max_intimate,prior,0.67
dd06ff9a-5959-5020-92ec-cd1caa6f0c82,gala,15,high_risk_share,high,max_intimate,posterior,0.8
f52b6e71-db9a-5d5a-a77f-8bc734636321,apples,0,low_risk_share,high,somewhat_intimate,prior,0.79
f52b6e71-db9a-5d5a-a77f-8bc734636321,apples,0,low_risk_share,high,somewhat_intimate,posterior,0.87
f52b6e71-db9a-5d5a-a77f-8bc734636321,basketball,1,low_risk_share,low,max_intimate,prior,0.66
f52b6e71-db9a-5d5a-a77f-8bc734636321,basketball,1,low_risk_share,low,max_intimate,posterior,0.79
f52b6e71-db9a-5d5a-a77f-8bc734636321,cooking,2,low_risk_share,low,somewhat_formal,prior,1.0
f52b6e71-db9a-5d5a-a77f-8bc734636321,cooking,2,low_risk_share,low,somewhat_formal,posterior,1.0
f52b6e71-db9a-5d5a-a77f-8bc734636321,brunch,3,no_share,low,somewhat_intimate,prior,0.52
f52b6e71-db9a-5d5a-a77f-8bc734636321,brunch,3,no_share,low,somewhat_intimate,posterior,0.19
f52b6e71-db9a-5d5a-a77f-8bc734636321,dip,4,high_risk_share,high,somewhat_formal,prior,0.49
f52b6e71-db9a-5d5a-a77f-8bc734636321,dip,4,high_risk_share,high,somewhat_formal,posterior,0.97
f52b6e71-db9a-5d5a-a77f-8bc734636321,wedding,5,high_risk_share,low,somewhat_intimate,prior,0.7
f52b6e71-db9a-5d5a-a77f-8bc734636321,wedding,5,high_risk_share,low,somewhat_intimate,posterior,0.88
f52b6e71-db9a-5d5a-a77f-8bc734636321,hike,6,no_share,high,max_formal,prior,0.51
f52b6e71-db9a-5d5a-a77f-8bc734636321,hike,6,no_share,high,max_formal,posterior,0.38
f52b6e71-db9a-5d5a-a77f-8bc734636321,gala,7,no_share,high,max_intimate,prior,0.82
f52b6e71-db9a-5d5a-a77f-8bc734636321,gala,7,no_share,high,max_intimate,posterior,0.16
f52b6e71-db9a-5d5a-a77f-8bc734636321,birthday,8,high_risk_share,high,somewhat_intimate,prior,0.35
f52b6e71-db9a-5d5a-a77f-8bc734636321,birthday,8,high_risk_share,high,somewhat_intimate,posterior,0.54
f52b6e71-db9a-5d5a-a77f-8bc734636321,takeout,9,low_risk_share,low,max_formal,prior,0.81
f52b6e71-db9a-5d5a-a77f-8bc734636321,takeout,9,low_risk_share,low,max_formal,posterior,0.92
f52b6e71-db9a-5d5a-a77f-8bc734636321,social,10,low_risk_share,high,somewhat_formal,prior,0.68
f52b6e71-db9a-5d5a-a77f-8bc734636321,social,10,low_risk_share,high,somewhat_formal,posterior,1.0
f52b6e71-db9a-5d5a-a77f-8bc734636321,driving,11,high_risk_share,high,max_formal,prior,0.56
f52b6e71-db9a-5d5a-a77f-8bc734636321,driving,11,high_risk_share,high,max_formal,posterior,0.94
f52b6e71-db9a-5d5a-a77f-8bc734636321,soup,12,low_risk_share,high,max_intimate,prior,0.64
f52b6e71-db9a-5d5a-a77f-8bc734636321,soup,12,low_risk_share,high,max_intimate,posterior,0.85
f52b6e71-db9a-5d5a-a77f-8bc734636321,drinks,13,no_share,low,max_intimate,prior,0.59
f52b6e71-db9a-5d5a-a77f-8bc734636321,drinks,13,no_share,low,max_intimate,posterior,0.0
f52b6e71-db9a-5d5a-a77f-8bc734636321,oysters,14,no_share,low,max_formal,prior,0.62
f52b6e71-db9a-5d5a-a77f-8bc734636321,oysters,14,no_share,low,max_formal,posterior,0.16
f52b6e71-db9a-5d5a-a77f-8bc734636321,fair,15,high_risk_share,low,somewhat_formal,prior,0.79
f52b6e71-db9a-5d5a-a77f-8bc734636321,fair,15,high_risk_share,low,somewhat_formal,posterior,1.0
590e2375-1da5-5adc-88de-17471f65df24,apples,0,high_risk_share,high,max_intimate,prior,0.5
590e2375-1da5-5adc-88de-17471f65df24,apples,0,high_risk_share,high,max_intimate,posterior,0.66
590e2375-1da5-5adc-88de-17471f65df24,takeout,1,no_share,low,max_intimate,prior,0.5
590e2375-1da5-5adc-88de-17471f65df24,takeout,1,no_share,low,max_intimate,posterior,0.17
590e2375-1da5-5adc-88de-17471f65df24,cooking,2,no_share,high,somewhat_formal,prior,0.5
590e2375-1da5-5adc-88de-17471f65df24,cooking,2,no_share,high,somewhat_formal,posterior,0.49
590e2375-1da5-5adc-88de-17471f65df24,brunch,3,low_risk_share,low,max_intimate,prior,0.59
590e2375-1da5-5adc-88de-17471f65df24,brunch,3,low_risk_share,low,max_intimate,posterior,0.79
590e2375-1da5-5adc-88de-17471f65df24,dip,4,high_risk_share,high,somewhat_intimate,prior,0.8
590e2375-1da5-5adc-88de-17471f65df24,dip,4,high_risk_share,high,somewhat_intimate,posterior,0.88
590e2375-1da5-5adc-88de-17471f65df24,oysters,5,high_risk_share,low,somewhat_formal,prior,0.71
590e2375-1da5-5adc-88de-17471f65df24,oysters,5,high_risk_share,low,somewhat_formal,posterior,0.4
590e2375-1da5-5adc-88de-17471f65df24,social,6,high_risk_share,low,max_intimate,prior,0.5
590e2375-1da5-5adc-88de-17471f65df24,social,6,high_risk_share,low,max_intimate,posterior,0.8
590e2375-1da5-5adc-88de-17471f65df24,soup,7,no_share,low,somewhat_formal,prior,0.21
590e2375-1da5-5adc-88de-17471f65df24,soup,7,no_share,low,somewhat_formal,posterior,0.21
590e2375-1da5-5adc-88de-17471f65df24,gala,8,low_risk_share,high,somewhat_intimate,prior,0.19
590e2375-1da5-5adc-88de-17471f65df24,gala,8,low_risk_share,high,somewhat_intimate,posterior,0.75
590e2375-1da5-5adc-88de-17471f65df24,wedding,9,low_risk_share,high,max_formal,prior,0.25
590e2375-1da5-5adc-88de-17471f65df24,wedding,9,low_risk_share,high,max_formal,posterior,0.81
590e2375-1da5-5adc-88de-17471f65df24,basketball,10,low_risk_share,low,somewhat_formal,prior,1.0
590e2375-1da5-5adc-88de-17471f65df24,basketball,10,low_risk_share,low,somewhat_formal,posterior,1.0
590e2375-1da5-5adc-88de-17471f65df24,drinks,11,no_share,high,somewhat_intimate,prior,0.5
590e2375-1da5-5adc-88de-17471f65df24,drinks,11,no_share,high,somewhat_intimate,posterior,0.0
590e2375-1da5-5adc-88de-17471f65df24,driving,12,low_risk_share,low,somewhat_intimate,prior,0.73
590e2375-1da5-5adc-88de-17471f65df24,driving,12,low_risk_share,low,somewhat_intimate,posterior,0.97
590e2375-1da5-5adc-88de-17471f65df24,fair,13,no_share,high,max_formal,prior,0.83
590e2375-1da5-5adc-88de-17471f65df24,fair,13,no_share,high,max_formal,posterior,0.8
590e2375-1da5-5adc-88de-17471f65df24,hike,14,high_risk_share,high,max_formal,prior,0.85
590e2375-1da5-5adc-88de-17471f65df24,hike,14,high_risk_share,high,max_formal,posterior,0.28
590e2375-1da5-5adc-88de-17471f65df24,birthday,15,high_risk_share,low,max_formal,prior,0.76
590e2375-1da5-5adc-88de-17471f65df24,birthday,15,high_risk_share,low,max_formal,posterior,0.63
f736a00d-4e15-5837-9bb1-b8e9945f31f2,wedding,0,low_risk_share,low,somewhat_formal,prior,0.8
f736a00d-4e15-5837-9bb1-b8e9945f31f2,wedding,0,low_risk_share,low,somewhat_formal,posterior,1.0
f736a00d-4e15-5837-9bb1-b8e9945f31f2,apples,1,high_risk_share,high,somewhat_intimate,prior,0.66
f736a00d-4e15-5837-9bb1-b8e9945f31f2,apples,1,high_risk_share,high,somewhat_intimate,posterior,0.97
f736a00d-4e15-5837-9bb1-b8e9945f31f2,social,2,high_risk_share,low,somewhat_intimate,prior,0.61
f736a00d-4e15-5837-9bb1-b8e9945f31f2,social,2,high_risk_share,low,somewhat_intimate,posterior,0.84
f736a00d-4e15-5837-9bb1-b8e9945f31f2,gala,3,low_risk_share,high,somewhat_formal,prior,0.58
f736a00d-4e15-5837-9bb1-b8e9945f31f2,gala,3,low_risk_share,high,somewhat_formal,posterior,0.64
f736a00d-4e15-5837-9bb1-b8e9945f31f2,fair,4,high_risk_share,low,somewhat_formal,prior,0.8
f736a00d-4e15-5837-9bb1-b8e9945f31f2,fair,4,high_risk_share,low,somewhat_formal,posterior,0.92
f736a00d-4e15-5837-9bb1-b8e9945f31f2,cooking,5,no_share,low,somewhat_intimate,prior,0.71
f736a00d-4e15-5837-9bb1-b8e9945f31f2,cooking,5,no_share,low,somewhat_intimate,posterior,0.0
f736a00d-4e15-5837-9bb1-b8e9945f31f2,takeout,6,high_risk_share,high,max_formal,prior,0.57
f736a00d-4e15-5837-9bb1-b8e9945f31f2,takeout,6,high_risk_share,high,max_formal,posterior,0.82
f736a00d-4e15-5837-9bb1-b8e9945f31f2,dip,7,low_risk_share,high,somewhat_intimate,prior,0.64
f736a00d-4e15-5837-9bb1-b8e9945f31f2,dip,7,low_risk_share,high,somewhat_intimate,posterior,0.87
f736a00d-4e15-5837-9bb1-b8e9945f31f2,drinks,8,high_risk_share,high,somewhat_formal,prior,0.6
f736a00d-4e15-5837-9bb1-b8e9945f31f2,drinks,8,high_risk_share,high,somewhat_formal,posterior,0.83
f736a00d-4e15-5837-9bb1-b8e9945f31f2,driving,9,no_share,high,max_intimate,prior,0.83
f736a00d-4e15-5837-9bb1-b8e9945f31f2,driving,9,no_share,high,max_intimate,posterior,0.05
f736a00d-4e15-5837-9bb1-b8e9945f31f2,brunch,10,no_share,high,max_formal,prior,0.57
f736a00d-4e15-5837-9bb1-b8e9945f31f2,brunch,10,no_share,high,max_formal,posterior,0.03
f736a00d-4e15-5837-9bb1-b8e9945f31f2,birthday,11,no_share,low,max_intimate,prior,0.92
f736a00d-4e15-5837-9bb1-b8e9945f31f2,birthday,11,no_share,low,max_intimate,posterior,0.0
f736a00d-4e15-5837-9bb1-b8e9945f31f2,basketball,12,no_share,low,max_formal,prior,0.62
f736a00d-4e15-5837-9bb1-b8e9945f31f2,basketball,12,no_share,low,max_formal,posterior,0.0
f736a00d-4e15-5837-9bb1-b8e9945f31f2,oysters,13,low_risk_share,high,max_intimate,prior,0.67
f736a00d-4e15-5837-9bb1-b8e9945f31f2,oysters,13,low_risk_share,high,max_intimate,posterior,0.98
f736a00d-4e15-5837-9bb1-b8e9945f31f2,hike,14,low_risk_share,low,max_intimate,prior,0.58
f736a00d-4e15-5837-9bb1-b8e9945f31f2,hike,14,low_risk_share,low,max_intimate,posterior,0.94
f736a00d-4e15-5837-9bb1-b8e9945f31f2,soup,15,low_risk_share,low,max_formal,prior,0.79
f736a00d-4e15-5837-9bb1-b8e9945f31f2,soup,15,low_risk_share,low,max_formal,posterior,1.0
860c7677-d671-5748-ac48-929bf73423a0,wedding,0,high_risk_share,high,somewhat_intimate,prior,0.88
860c7677-d671-5748-ac48-929bf73423a0,wedding,0,high_risk_share,high,somewhat_intimate,posterior,1.0
860c7677-d671-5748-ac48-929bf73423a0,birthday,1,high_risk_share,high,max_formal,prior,0.5
860c7677-d671-5748-ac48-929bf73423a0,birthday,1,high_risk_share,high,max_formal,posterior,0.77
860c7677-d671-5748-ac48-929bf73423a0,fair,2,low_risk_share,high,somewhat_intimate,prior,1.0
860c7677-d671-5748-ac48-929bf73423a0,fair,2,low_risk_share,high,somewhat_intimate,posterior,1.0
860c7677-d671-5748-ac48-929bf73423a0,dip,3,low_risk_share,high,somewhat_formal,prior,0.5
860c7677-d671-5748-ac48-929bf73423a0,dip,3,low_risk_share,high,somewhat_formal,posterior,0.5
860c7677-d671-5748-ac48-929bf73423a0,takeout,4,high_risk_share,high,somewhat_formal,prior,0.8
860c7677-d671-5748-ac48-929bf73423a0,takeout,4,high_risk_share,high,somewhat_formal,posterior,1.0
860c7677-d671-5748-ac48-929bf73423a0,gala,5,high_risk_share,low,somewhat_formal,prior,0.92
860c7677-d671-5748-ac48-929bf73423a0,gala,5,high_risk_share,low,somewhat_formal,posterior,1.0
860c7677-d671-5748-ac48-929bf73423a0,social,6,no_share,high,max_formal,prior,0.79
860c7677-d671-5748-ac48-929bf73423a0,social,6,no_share,high,max_formal,posterior,0.2
860c7677-d671-5748-ac48-929bf73423a0,drinks,7,low_risk_share,low,max_formal,prior,0.51
860c7677-d671-5748-ac48-929bf73423a0,drinks,7,low_risk_share,low,max_formal,posterior,1.0
860c7677-d671-5748-ac48-929bf73423a0,apples,8,no_share,high,max_intimate,prior,0.77
860c7677-d671-5748-ac48-929bf73423a0,apples,8,no_share,high,max_intimate,posterior,0.5
860c7677-d671-5748-ac48-929bf73423a0,oysters,9,low_risk_share,low,max_intimate,prior,0.8
860c7677-d671-5748-ac48-929bf73423a0,oysters,9,low_risk_share,low,max_intimate,posterior,1.0
860c7677-d671-5748-ac48-929bf73423a0,basketball,10,high_risk_share,low,somewhat_intimate,prior,1.0
860c7677-d671-5748-ac48-929bf73423a0,basketball,10,high_risk_share,low,somewhat_intimate,posterior,1.0
860c7677-d671-5748-ac48-929bf73423a0,brunch,11,no_share,low,max_formal,prior,0.5
860c7677-d671-5748-ac48-929bf73423a0,brunch,11,no_share,low,max_formal,posterior,0.5
860c7677-d671-5748-ac48-929bf73423a0,hike,12,no_share,low,somewhat_intimate,prior,0.5
860c7677-d671-5748-ac48-929bf73423a0,hike,12,no_share,low,somewhat_intimate,posterior,0.5
860c7677-d671-5748-ac48-929bf73423a0,driving,13,low_risk_share,high,max_intimate,prior,0.49
860c7677-d671-5748-ac48-929bf73423a0,driving,13,low_risk_share,high,max_intimate,posterior,1.0
860c7677-d671-5748-ac48-929bf73423a0,soup,14,low_risk_share,low,somewhat_formal,prior,0.5
860c7677-d671-5748-ac48-929bf73423a0,soup,14,low_risk_share,low,somewhat_formal,posterior,1.0
860c7677-d671-5748-ac48-929bf73423a0,cooking,15,no_share,low,max_intimate,prior,1.0
860c7677-d671-5748-ac48-929bf73423a0,cooking,15,no_share,low,max_intimate,posterior,1.0
2cd4fa9d-25dd-5a79-85f4-0e51a2383b2a,gala,0,high_risk_share,low,max_formal,prior,0.89
2cd4fa9d-25dd-5a79-85f4-0e51a2383b2a,gala,0,high_risk_share,low,max_formal,posterior,0.98
2cd4fa9d-25dd-5a79-85f4-0e51a2383b2a,basketball,1,no_share,high,max_intimate,prior,0.36
2cd4fa9d-25dd-5a79-85f4-0e51a2383b2a,basketball,1,no_share,high,max_intimate,posterior,0.07
2cd4fa9d-25dd-5a79-85f4-0e51a2383b2a,cooking,2,no_share,low,somewhat_intimate,prior,0.99
2cd4fa9d-25dd-5a79-85f4-0e51a2383b2a,cooking,2,no_share,low,somewhat_intimate,posterior,0.04
2cd4fa9d-25dd-5a79-85f4-0e51a2383b2a,social,3,low_risk_share,high,somewhat_formal,prior,0.03
2cd4fa9d-25dd-5a79-85f4-0e51a2383b2a,social,3,low_risk_share,high,somewhat_formal,posterior,0.95
2cd4fa9d-25dd-5a79-85f4-0e51a2383b2a,takeout,4,low_risk_share,low,max_formal,prior,0.88
2cd4fa9d-25dd-5a79-85f4-0e51a2383b2a,takeout,4,low_risk_share,low,max_formal,posterior,0.96
2cd4fa9d-25dd-5a79-85f4-0e51a2383b2a,drinks,5,high_risk_share,low,max_intimate,prior,0.55
2cd4fa9d-25dd-5a79-85f4-0e51a2383b2a,drinks,5,high_risk_share,low,max_intimate,posterior,0.98
2cd4fa9d-25dd-5a79-85f4-0e51a2383b2a,soup,6,no_share,low,max_formal,prior,0.79
2cd4fa9d-25dd-5a79-85f4-0e51a2383b2a,soup,6,no_share,low,max_formal,posterior,0.2
2cd4fa9d-25dd-5a79-85f4-0e51a2383b2a,apples,7,high_risk_share,high,max_intimate,prior,0.63
2cd4fa9d-25dd-5a79-85f4-0e51a2383b2a,apples,7,high_risk_share,high,max_intimate,posterior,0.91
2cd4fa9d-25dd-5a79-85f4-0e51a2383b2a,birthday,8,low_risk_share,high,max_formal,prior,0.4
2cd4fa9d-25dd-5a79-85f4-0e51a2383b2a,birthday,8,low_risk_share,high,max_formal,posterior,0.5
2cd4fa9d-25dd-5a79-85f4-0e51a2383b2a,fair,9,no_share,high,somewhat_formal,prior,0.84
2cd4fa9d-25dd-5a79-85f4-0e51a2383b2a,fair,9,no_share,high,somewhat_formal,posterior,0.5
2cd4fa9d-25dd-5a79-85f4-0e51a2383b2a,driving,10,high_risk_share,low,somewhat_intimate,prior,0.81
2cd4fa9d-25dd-5a79-85f4-0e51a2383b2a,driving,10,high_risk_share,low,somewhat_intimate,posterior,0.84
2cd4fa9d-25dd-5a79-85f4-0e51a2383b2a,dip,11,high_risk_share,high,somewhat_formal,prior,0.66
2cd4fa9d-25dd-5a79-85f4-0e51a2383b2a,dip,11,high_risk_share,high,somewhat_formal,posterior,0.92
2cd4fa9d-25dd-5a79-85f4-0e51a2383b2a,brunch,12,no_share,high,somewhat_intimate,prior,0.5
2cd4fa9d-25dd-5a79-85f4-0e51a2383b2a,brunch,12,no_share,high,somewhat_intimate,posterior,0.14
2cd4fa9d-25dd-5a79-85f4-0e51a2383b2a,oysters,13,low_risk_share,low,somewhat_intimate,prior,0.82
2cd4fa9d-25dd-5a79-85f4-0e51a2383b2a,oysters,13,low_risk_share,low,somewhat_intimate,posterior,0.88
2cd4fa9d-25dd-5a79-85f4-0e51a2383b2a,hike,14,low_risk_share,high,max_intimate,prior,0.89
2cd4fa9d-25dd-5a79-85f4-0e51a2383b2a,hike,14,low_risk_share,high,max_intimate,posterior,0.98
2cd4fa9d-25dd-5a79-85f4-0e51a2383b2a,wedding,15,no_share,low,somewhat_formal,prior,0.83
2cd4fa9d-25dd-5a79-85f4-0e51a2383b2a,wedding,15,no_share,low,somewhat_formal,posterior,0.22
c92df111-5c07-510b-b871-3d3e9990f2f8,soup,0,low_risk_share,low,max_intimate,prior,1.0
c92df111-5c07-510b-b871-3d3e9990f2f8,soup,0,low_risk_share,low,max_intimate,posterior,1.0
c92df111-5c07-510b-b871-3d3e9990f2f8,birthday,1,high_risk_share,high,max_formal,prior,0.54
c92df111-5c07-510b-b871-3d3e9990f2f8,birthday,1,high_risk_share,high,max_formal,posterior,0.93
c92df111-5c07-510b-b871-3d3e9990f2f8,cooking,2,no_share,low,somewhat_intimate,prior,1.0
c92df111-5c07-510b-b871-3d3e9990f2f8,cooking,2,no_share,low,somewhat_intimate,posterior,1.0
c92df111-5c07-510b-b871-3d3e9990f2f8,fair,3,low_risk_share,high,somewhat_formal,prior,1.0
c92df111-5c07-510b-b871-3d3e9990f2f8,fair,3,low_risk_share,high,somewhat_formal,posterior,0.57
c92df111-5c07-510b-b871-3d3e9990f2f8,dip,4,low_risk_share,high,max_intimate,prior,1.0
c92df111-5c07-510b-b871-3d3e9990f2f8,dip,4,low_risk_share,high,max_intimate,posterior,0.98
c92df111-5c07-510b-b871-3d3e9990f2f8,oysters,5,no_share,low,max_formal,prior,0.44
c92df111-5c07-510b-b871-3d3e9990f2f8,oysters,5,no_share,low,max_formal,posterior,1.0
c92df111-5c07-510b-b871-3d3e9990f2f8,brunch,6,no_share,low,max_intimate,prior,1.0
c92df111-5c07-510b-b871-3d3e9990f2f8,brunch,6,no_share,low,max_intimate,posterior,1.0
c92df111-5c07-510b-b871-3d3e9990f2f8,apples,7,high_risk_share,low,somewhat_intimate,prior,0.96
c92df111-5c07-510b-b871-3d3e9990f2f8,apples,7,high_risk_share,low,somewhat_intimate,posterior,1.0
c92df111-5c07-510b-b871-3d3e9990f2f8,gala,8,high_risk_share,low,somewhat_formal,prior,0.97
c92df111-5c07-510b-b871-3d3e9990f2f8,gala,8,high_risk_share,low,somewhat_formal,posterior,1.0
c92df111-5c07-510b-b871-3d3e9990f2f8,wedding,9,no_share,high,max_intimate,prior,1.0
c92df111-5c07-510b-b871-3d3e9990f2f8,wedding,9,no_share,high,max_intimate,posterior,1.0
c92df111-5c07-510b-b871-3d3e9990f2f8,takeout,10,high_risk_share,high,somewhat_intimate,prior,1.0
c92df111-5c07-510b-b871-3d3e9990f2f8,takeout,10,high_risk_share,high,somewhat_intimate,posterior,1.0
c92df111-5c07-510b-b871-3d3e9990f2f8,hike,11,low_risk_share,low,max_formal,prior,1.0
c92df111-5c07-510b-b871-3d3e9990f2f8,hike,11,low_risk_share,low,max_formal,posterior,1.0
c92df111-5c07-510b-b871-3d3e9990f2f8,social,12,no_share,high,max_formal,prior,0.98
c92df111-5c07-510b-b871-3d3e9990f2f8,social,12,no_share,high,max_formal,posterior,0.99
c92df111-5c07-510b-b871-3d3e9990f2f8,driving,13,low_risk_share,low,somewhat_formal,prior,1.0
c92df111-5c07-510b-b871-3d3e9990f2f8,driving,13,low_risk_share,low,somewhat_formal,posterior,1.0
c92df111-5c07-510b-b871-3d3e9990f2f8,basketball,14,low_risk_share,high,somewhat_intimate,prior,1.0
c92df111-5c07-510b-b871-3d3e9990f2f8,basketball,14,low_risk_share,high,somewhat_intimate,posterior,0.75
c92df111-5c07-510b-b871-3d3e9990f2f8,drinks,15,high_risk_share,high,somewhat_formal,prior,0.96
c92df111-5c07-510b-b871-3d3e9990f2f8,drinks,15,high_risk_share,high,somewhat_formal,posterior,1.0
4964fb1d-5a6c-567d-8590-a6bef825165f,apples,0,no_share,high,somewhat_intimate,prior,1.0
4964fb1d-5a6c-567d-8590-a6bef825165f,apples,0,no_share,high,somewhat_intimate,posterior,1.0
4964fb1d-5a6c-567d-8590-a6bef825165f,drinks,1,low_risk_share,low,somewhat_formal,prior,1.0
4964fb1d-5a6c-567d-8590-a6bef825165f,drinks,1,low_risk_share,low,somewhat_formal,posterior,1.0
4964fb1d-5a6c-567d-8590-a6bef825165f,hike,2,no_share,low,somewhat_formal,prior,1.0
4964fb1d-5a6c-567d-8590-a6bef825165f,hike,2,no_share,low,somewhat_formal,posterior,1.0
4964fb1d-5a6c-567d-8590-a6bef825165f,social,3,low_risk_share,high,max_formal,prior,1.0
4964fb1d-5a6c-567d-8590-a6bef825165f,social,3,low_risk_share,high,max_formal,posterior,1.0
4964fb1d-5a6c-567d-8590-a6bef825165f,brunch,4,high_risk_share,high,max_intimate,prior,1.0
4964fb1d-5a6c-567d-8590-a6bef825165f,brunch,4,high_risk_share,high,max_intimate,posterior,0.37
4964fb1d-5a6c-567d-8590-a6bef825165f,fair,5,low_risk_share,low,somewhat_intimate,prior,0.45
4964fb1d-5a6c-567d-8590-a6bef825165f,fair,5,low_risk_share,low,somewhat_intimate,posterior,1.0
4964fb1d-5a6c-567d-8590-a6bef825165f,dip,6,low_risk_share,high,somewhat_intimate,prior,0.74
4964fb1d-5a6c-567d-8590-a6bef825165f,dip,6,low_risk_share,high,somewhat_intimate,posterior,1.0
4964fb1d-5a6c-567d-8590-a6bef825165f,gala,7,low_risk_share,low,max_intimate,prior,0.88
4964fb1d-5a6c-567d-8590-a6bef825165f,gala,7,low_risk_share,low,max_intimate,posterior,0.95
4964fb1d-5a6c-567d-8590-a6bef825165f,soup,8,high_risk_share,high,somewhat_intimate,prior,0.25
4964fb1d-5a6c-567d-8590-a6bef825165f,soup,8,high_risk_share,high,somewhat_intimate,posterior,1.0
4964fb1d-5a6c-567d-8590-a6bef825165f,wedding,9,no_share,low,max_intimate,prior,0.65
4964fb1d-5a6c-567d-8590-a6bef825165f,wedding,9,no_share,low,max_intimate,posterior,0.17
4964fb1d-5a6c-567d-8590-a6bef825165f,basketball,10,no_share,high,somewhat_formal,prior,0.71
4964fb1d-5a6c-567d-8590-a6bef825165f,basketball,10,no_share,high,somewhat_formal,posterior,0.0
4964fb1d-5a6c-567d-8590-a6bef825165f,birthday,11,high_risk_share,low,max_formal,prior,0.32
4964fb1d-5a6c-567d-8590-a6bef825165f,birthday,11,high_risk_share,low,max_formal,posterior,0.29
4964fb1d-5a6c-567d-8590-a6bef825165f,takeout,12,high_risk_share,low,somewhat_formal,prior,0.89
4964fb1d-5a6c-567d-8590-a6bef825165f,takeout,12,high_risk_share,low,somewhat_formal,posterior,1.0
4964fb1d-5a6c-567d-8590-a6bef825165f,cooking,13,no_share,high,max_formal,prior,0.76
4964fb1d-5a6c-567d-8590-a6bef825165f,cooking,13,no_share,high,max_formal,posterior,0.0
4964fb1d-5a6c-567d-8590-a6bef825165f,oysters,14,high_risk_share,high,max_formal,prior,0.36
4964fb1d-5a6c-567d-8590-a6bef825165f,oysters,14,high_risk_share,high,max_formal,posterior,1.0
4964fb1d-5a6c-567d-8590-a6bef825165f,driving,15,high_risk_share,low,max_intimate,prior,1.0
4964fb1d-5a6c-567d-8590-a6bef825165f,driving,15,high_risk_share,low,max_intimate,posterior,1.0
745de79f-c654-58fb-b763-231b80d7bcf7,brunch,0,high_risk_share,low,max_intimate,prior,0.69
745de79f-c654-58fb-b763-231b80d7bcf7,brunch,0,high_risk_share,low,max_intimate,posterior,0.23
745de79f-c654-58fb-b763-231b80d7bcf7,wedding,1,no_share,high,somewhat_intimate,prior,0.29
745de79f-c654-58fb-b763-231b80d7bcf7,wedding,1,no_share,high,somewhat_intimate,posterior,0.86
745de79f-c654-58fb-b763-231b80d7bcf7,birthday,2,high_risk_share,low,somewhat_formal,prior,0.72
745de79f-c654-58fb-b763-231b80d7bcf7,birthday,2,high_risk_share,low,somewhat_formal,posterior,1.0
745de79f-c654-58fb-b763-231b80d7bcf7,oysters,3,no_share,low,max_intimate,prior,0.7
745de79f-c654-58fb-b763-231b80d7bcf7,oysters,3,no_share,low,max_intimate,posterior,0.79
745de79f-c654-58fb-b763-231b80d7bcf7,takeout,4,high_risk_share,high,somewhat_intimate,prior,1.0
745de79f-c654-58fb-b763-231b80d7bcf7,takeout,4,high_risk_share,high,somewhat_intimate,posterior,1.0
745de79f-c654-58fb-b763-231b80d7bcf7,fair,5,low_risk_share,high,max_formal,prior,0.25
745de79f-c654-58fb-b763-231b80d7bcf7,fair,5,low_risk_share,high,max_formal,posterior,0.63
745de79f-c654-58fb-b763-231b80d7bcf7,gala,6,low_risk_share,low,somewhat_intimate,prior,1.0
745de79f-c654-58fb-b763-231b80d7bcf7,gala,6,low_risk_share,low,somewhat_intimate,posterior,1.0
745de79f-c654-58fb-b763-231b80d7bcf7,drinks,7,no_share,high,max_formal,prior,0.75
745de79f-c654-58fb-b763-231b80d7bcf7,drinks,7,no_share,high,max_formal,posterior,0.76
745de79f-c654-58fb-b763-231b80d7bcf7,soup,8,low_risk_share,low,max_intimate,prior,0.91
745de79f-c654-58fb-b763-231b80d7bcf7,soup,8,low_risk_share,low,max_intimate,posterior,1.0
745de79f-c654-58fb-b763-231b80d7bcf7,basketball,9,no_share,high,somewhat_formal,prior,0.78
745de79f-c654-58fb-b763-231b80d7bcf7,basketball,9,no_share,high,somewhat_formal,posterior,0.71
745de79f-c654-58fb-b763-231b80d7bcf7,apples,10,low_risk_share,low,somewhat_formal,prior,0.78
745de79f-c654-58fb-b763-231b80d7bcf7,apples,10,low_risk_share,low,somewhat_formal,posterior,0.24
745de79f-c654-58fb-b763-231b80d7bcf7,social,11,high_risk_share,low,max_formal,prior,0.74
745de79f-c654-58fb-b763-231b80d7bcf7,social,11,high_risk_share,low,max_formal,posterior,1.0
745de79f-c654-58fb-b763-231b80d7bcf7,driving,12,high_risk_share,high,max_intimate,prior,0.74
745de79f-c654-58fb-b763-231b80d7bcf7,driving,12,high_risk_share,high,max_intimate,posterior,0.3
745de79f-c654-58fb-b763-231b80d7bcf7,dip,13,low_risk_share,high,somewhat_intimate,prior,0.64
745de79f-c654-58fb-b763-231b80d7bcf7,dip,13,low_risk_share,high,somewhat_intimate,posterior,0.72
745de79f-c654-58fb-b763-231b80d7bcf7,cooking,14,high_risk_share,high,max_formal,prior,0.74
745de79f-c654-58fb-b763-231b80d7bcf7,cooking,14,high_risk_share,high,max_formal,posterior,1.0
745de79f-c654-58fb-b763-231b80d7bcf7,hike,15,no_share,low,somewhat_formal,prior,0.77
745de79f-c654-58fb-b763-231b80d7bcf7,hike,15,no_share,low,somewhat_formal,posterior,1.0
c5243679-1be9-5868-be69-f65353e6ca91,apples,0,no_share,high,max_intimate,prior,0.76
c5243679-1be9-5868-be69-f65353e6ca91,apples,0,no_share,high,max_intimate,posterior,0.35
c5243679-1be9-5868-be69-f65353e6ca91,birthday,1,high_risk_share,low,somewhat_intimate,prior,0.95
c5243679-1be9-5868-be69-f65353e6ca91,birthday,1,high_risk_share,low,somewhat_intimate,posterior,0.95
c5243679-1be9-5868-be69-f65353e6ca91,basketball,2,no_share,low,somewhat_intimate,prior,0.89
c5243679-1be9-5868-be69-f65353e6ca91,basketball,2,no_share,low,somewhat_intimate,posterior,0.04
c5243679-1be9-5868-be69-f65353e6ca91,brunch,3,no_share,low,max_formal,prior,0.64
c5243679-1be9-5868-be69-f65353e6ca91,brunch,3,no_share,low,max_formal,posterior,0.12
c5243679-1be9-5868-be69-f65353e6ca91,wedding,4,low_risk_share,low,somewhat_formal,prior,0.58
c5243679-1be9-5868-be69-f65353e6ca91,wedding,4,low_risk_share,low,somewhat_formal,posterior,0.84
c5243679-1be9-5868-be69-f65353e6ca91,soup,5,low_risk_share,low,max_formal,prior,0.86
c5243679-1be9-5868-be69-f65353e6ca91,soup,5,low_risk_share,low,max_formal,posterior,0.94
c5243679-1be9-5868-be69-f65353e6ca91,social,6,low_risk_share,high,max_intimate,prior,0.95
c5243679-1be9-5868-be69-f65353e6ca91,social,6,low_risk_share,high,max_intimate,posterior,0.96
c5243679-1be9-5868-be69-f65353e6ca91,oysters,7,no_share,high,max_formal,prior,0.9
c5243679-1be9-5868-be69-f65353e6ca91,oysters,7,no_share,high,max_formal,posterior,0.64
c5243679-1be9-5868-be69-f65353e6ca91,dip,8,no_share,low,max_intimate,prior,0.97
c5243679-1be9-5868-be69-f65353e6ca91,dip,8,no_share,low,max_intimate,posterior,0.84
c5243679-1be9-5868-be69-f65353e6ca91,drinks,9,high_risk_share,high,max_formal,prior,0.7
c5243679-1be9-5868-be69-f65353e6ca91,drinks,9,high_risk_share,high,max_formal,posterior,0.92
c5243679-1be9-5868-be69-f65353e6ca91,takeout,10,high_risk_share,high,somewhat_intimate,prior,0.72
c5243679-1be9-5868-be69-f65353e6ca91,takeout,10,high_risk_share,high,somewhat_intimate,posterior,0.94
c5243679-1be9-5868-be69-f65353e6ca91,fair,11,low_risk_share,low,max_intimate,prior,0.93
c5243679-1be9-5868-be69-f65353e6ca91,fair,11,low_risk_share,low,max_intimate,posterior,0.92
c5243679-1be9-5868-be69-f65353e6ca91,driving,12,high_risk_share,low,somewhat_formal,prior,0.91
c5243679-1be9-5868-be69-f65353e6ca91,driving,12,high_risk_share,low,somewhat_formal,posterior,0.95
c5243679-1be9-5868-be69-f65353e6ca91,gala,13,low_risk_share,high,somewhat_formal,prior,0.93
c5243679-1be9-5868-be69-f65353e6ca91,gala,13,low_risk_share,high,somewhat_formal,posterior,0.79
c5243679-1be9-5868-be69-f65353e6ca91,hike,14,high_risk_share,high,somewhat_formal,prior,0.98
c5243679-1be9-5868-be69-f65353e6ca91,hike,14,high_risk_share,high,somewhat_formal,posterior,0.98
c5243679-1be9-5868-be69-f65353e6ca91,cooking,15,low_risk_share,high,somewhat_intimate,prior,0.93
c5243679-1be9-5868-be69-f65353e6ca91,cooking,15,low_risk_share,high,somewhat_intimate,posterior,0.92
9e8d7b3f-6fd8-5e12-959e-8c57bf1cdfff,driving,0,high_risk_share,low,somewhat_formal,prior,0.51
9e8d7b3f-6fd8-5e12-959e-8c57bf1cdfff,driving,0,high_risk_share,low,somewhat_formal,posterior,0.3
9e8d7b3f-6fd8-5e12-959e-8c57bf1cdfff,wedding,1,high_risk_share,high,max_formal,prior,0.14
9e8d7b3f-6fd8-5e12-959e-8c57bf1cdfff,wedding,1,high_risk_share,high,max_formal,posterior,0.59
9e8d7b3f-6fd8-5e12-959e-8c57bf1cdfff,drinks,2,high_risk_share,high,somewhat_intimate,prior,0.85
9e8d7b3f-6fd8-5e12-959e-8c57bf1cdfff,drinks,2,high_risk_share,high,somewhat_intimate,posterior,0.91
9e8d7b3f-6fd8-5e12-959e-8c57bf1cdfff,social,3,no_share,high,somewhat_formal,prior,0.26
9e8d7b3f-6fd8-5e12-959e-8c57bf1cdfff,social,3,no_share,high,somewhat_formal,posterior,0.07
9e8d7b3f-6fd8-5e12-959e-8c57bf1cdfff,hike,4,low_risk_share,high,max_formal,prior,0.62
9e8d7b3f-6fd8-5e12-959e-8c57bf1cdfff,hike,4,low_risk_share,high,max_formal,posterior,0.85
9e8d7b3f-6fd8-5e12-959e-8c57bf1cdfff,apples,5,high_risk_share,low,max_formal,prior,1.0
9e8d7b3f-6fd8-5e12-959e-8c57bf1cdfff,apples,5,high_risk_share,low,max_formal,posterior,0.52
9e8d7b3f-6fd8-5e12-959e-8c57bf1cdfff,gala,6,no_share,high,max_formal,prior,0.1
9e8d7b3f-6fd8-5e12-959e-8c57bf1cdfff,gala,6,no_share,high,max_formal,posterior,1.0
9e8d7b3f-6fd8-5e12-959e-8c57bf1cdfff,birthday,7,high_risk_share,high,max_intimate,prior,1.0
9e8d7b3f-6fd8-5e12-959e-8c57bf1cdfff,birthday,7,high_risk_share,high,max_intimate,posterior,1.0
9e8d7b3f-6fd8-5e12-959e-8c57bf1cdfff,dip,8,no_share,high,somewhat_intimate,prior,0.77
9e8d7b3f-6fd8-5e12-959e-8c57bf1cdfff,dip,8,no_share,high,somewhat_intimate,posterior,0.36
9e8d7b3f-6fd8-5e12-959e-8c57bf1cdfff,brunch,9,no_share,low,somewhat_formal,prior,1.0
9e8d7b3f-6fd8-5e12-959e-8c57bf1cdfff,brunch,9,no_share,low,somewhat_formal,posterior,0.0
9e8d7b3f-6fd8-5e12-959e-8c57bf1cdfff,cooking,10,high_risk_share,low,max_intimate,prior,0.76
9e8d7b3f-6fd8-5e12-959e-8c57bf1cdfff,cooking,10,high_risk_share,low,max_intimate,posterior,0.9
9e8d7b3f-6fd8-5e12-959e-8c57bf1cdfff,soup,11,low_risk_share,low,max_intimate,prior,1.0
9e8d7b3f-6fd8-5e12-959e-8c57bf1cdfff,soup,11,low_risk_share,low,max_intimate,posterior,1.0
9e8d7b3f-6fd8-5e12-959e-8c57bf1cdfff,basketball,12,no_share,low,max_intimate,prior,0.89
9e8d7b3f-6fd8-5e12-959e-8c57bf1cdfff,basketball,12,no_share,low,max_intimate,posterior,0.06
9e8d7b3f-6fd8-5e12-959e-8c57bf1cdfff,oysters,13,low_risk_share,low,somewhat_intimate,prior,0.91
9e8d7b3f-6fd8-5e12-959e-8c57bf1cdfff,oysters,13,low_risk_share,low,somewhat_intimate,posterior,1.0
9e8d7b3f-6fd8-5e12-959e-8c57bf1cdfff,takeout,14,low_risk_share,low,somewhat_formal,prior,0.72
9e8d7b3f-6fd8-5e12-959e-8c57bf1cdfff,takeout,14,low_risk_share,low,somewhat_formal,posterior,1.0
9e8d7b3f-6fd8-5e12-959e-8c57bf1cdfff,fair,15,low_risk_share,high,somewhat_intimate,prior,0.36
9e8d7b3f-6fd8-5e12-959e-8c57bf1cdfff,fair,15,low_risk_share,high,somewhat_intimate,posterior,1.0
bc1442cd-85cd-5ff3-aabd-e9ed2f69b885,apples,0,low_risk_share,high,max_formal,prior,0.43
bc1442cd-85cd-5ff3-aabd-e9ed2f69b885,apples,0,low_risk_share,high,max_formal,posterior,0.71
bc1442cd-85cd-5ff3-aabd-e9ed2f69b885,cooking,1,no_share,low,max_intimate,prior,0.87
bc1442cd-85cd-5ff3-aabd-e9ed2f69b885,cooking,1,no_share,low,max_intimate,posterior,0.4
bc1442cd-85cd-5ff3-aabd-e9ed2f69b885,gala,2,low_risk_share,high,somewhat_intimate,prior,0.84
bc1442cd-85cd-5ff3-aabd-e9ed2f69b885,gala,2,low_risk_share,high,somewhat_intimate,posterior,1.0
bc1442cd-85cd-5ff3-aabd-e9ed2f69b885,basketball,3,low_risk_share,low,somewhat_formal,prior,0.23
bc1442cd-85cd-5ff3-aabd-e9ed2f69b885,basketball,3,low_risk_share,low,somewhat_formal,posterior,0.49
bc1442cd-85cd-5ff3-aabd-e9ed2f69b885,wedding,4,high_risk_share,high,max_intimate,prior,0.14
bc1442cd-85cd-5ff3-aabd-e9ed2f69b885,wedding,4,high_risk_share,high,max_intimate,posterior,0.71
bc1442cd-85cd-5ff3-aabd-e9ed2f69b885,birthday,5,high_risk_share,high,max_formal,prior,0.23
bc1442cd-85cd-5ff3-aabd-e9ed2f69b885,birthday,5,high_risk_share,high,max_formal,posterior,0.65
bc1442cd-85cd-5ff3-aabd-e9ed2f69b885,drinks,6,no_share,high,max_formal,prior,0.76
bc1442cd-85cd-5ff3-aabd-e9ed2f69b885,drinks,6,no_share,high,max_formal,posterior,0.25
bc1442cd-85cd-5ff3-aabd-e9ed2f69b885,brunch,7,no_share,low,somewhat_formal,prior,0.87
bc1442cd-85cd-5ff3-aabd-e9ed2f69b885,brunch,7,no_share,low,somewhat_formal,posterior,0.27
bc1442cd-85cd-5ff3-aabd-e9ed2f69b885,fair,8,high_risk_share,low,max_intimate,prior,0.5
bc1442cd-85cd-5ff3-aabd-e9ed2f69b885,fair,8,high_risk_share,low,max_intimate,posterior,0.11
bc1442cd-85cd-5ff3-aabd-e9ed2f69b885,social,9,low_risk_share,low,max_intimate,prior,0.93
bc1442cd-85cd-5ff3-aabd-e9ed2f69b885,social,9,low_risk_share,low,max_intimate,posterior,1.0
bc1442cd-85cd-5ff3-aabd-e9ed2f69b885,oysters,10,high_risk_share,low,somewhat_formal,prior,1.0
bc1442cd-85cd-5ff3-aabd-e9ed2f69b885,oysters,10,high_risk_share,low,somewhat_formal,posterior,0.81
bc1442cd-85cd-5ff3-aabd-e9ed2f69b885,dip,11,no_share,high,somewhat_formal,prior,0.8
bc1442cd-85cd-5ff3-aabd-e9ed2f69b885,dip,11,no_share,high,somewhat_formal,posterior,0.68
bc1442cd-85cd-5ff3-aabd-e9ed2f69b885,driving,12,no_share,high,somewhat_intimate,prior,1.0
bc1442cd-85cd-5ff3-aabd-e9ed2f69b885,driving,12,no_share,high,somewhat_intimate,posterior,0.73
bc1442cd-85cd-5ff3-aabd-e9ed2f69b885,hike,13,high_risk_share,high,somewhat_intimate,prior,0.19
bc1442cd-85cd-5ff3-aabd-e9ed2f69b885,hike,13,high_risk_share,high,somewhat_intimate,posterior,0.69
bc1442cd-85cd-5ff3-aabd-e9ed2f69b885,takeout,14,low_risk_share,low,somewhat_intimate,prior,0.75
bc1442cd-85cd-5ff3-aabd-e9ed2f69b885,takeout,14,low_risk_share,low,somewhat_intimate,posterior,0.86
bc1442cd-85cd-5ff3-aabd-e9ed2f69b885,soup,15,high_risk_share,low,max_formal,prior,0.62
bc1442cd-85cd-5ff3-aabd-e9ed2f69b885,soup,15,high_risk_share,low,max_formal,posterior,0.82
95574136-f539-5bbe-8717-def511f2187a,oysters,0,low_risk_share,high,max_formal,prior,0.75
95574136-f539-5bbe-8717-def511f2187a,oysters,0,low_risk_share,high,max_formal,posterior,0.87
95574136-f539-5bbe-8717-def511f2187a,brunch,1,no_share,high,max_formal,prior,0.5
95574136-f539-5bbe-8717-def511f2187a,brunch,1,no_share,high,max_formal,posterior,0.0
95574136-f539-5bbe-8717-def511f2187a,fair,2,high_risk_share,low,somewhat_formal,prior,0.78
95574136-f539-5bbe-8717-def511f2187a,fair,2,high_risk_share,low,somewhat_formal,posterior,0.9
95574136-f539-5bbe-8717-def511f2187a,drinks,3,high_risk_share,low,max_formal,prior,0.79
95574136-f539-5bbe-8717-def511f2187a,drinks,3,high_risk_share,low,max_formal,posterior,0.96
95574136-f539-5bbe-8717-def511f2187a,soup,4,low_risk_share,high,somewhat_intimate,prior,1.0
95574136-f539-5bbe-8717-def511f2187a,soup,4,low_risk_share,high,somewhat_intimate,posterior,0.85
95574136-f539-5bbe-8717-def511f2187a,birthday,5,no_share,high,somewhat_formal,prior,0.76
95574136-f539-5bbe-8717-def511f2187a,birthday,5,no_share,high,somewhat_formal,posterior,0.0
95574136-f539-5bbe-8717-def511f2187a,dip,6,high_risk_share,high,max_intimate,prior,0.76
95574136-f539-5bbe-8717-def511f2187a,dip,6,high_risk_share,high,max_intimate,posterior,1.0
95574136-f539-5bbe-8717-def511f2187a,gala,7,low_risk_share,low,somewhat_intimate,prior,0.84
95574136-f539-5bbe-8717-def511f2187a,gala,7,low_risk_share,low,somewhat_intimate,posterior,1.0
95574136-f539-5bbe-8717-def511f2187a,wedding,8,no_share,low,somewhat_formal,prior,0.77
95574136-f539-5bbe-8717-def511f2187a,wedding,8,no_share,low,somewhat_formal,posterior,0.19
95574136-f539-5bbe-8717-def511f2187a,hike,9,low_risk_share,low,max_intimate,prior,0.79
95574136-f539-5bbe-8717-def511f2187a,hike,9,low_risk_share,low,max_intimate,posterior,1.0
95574136-f539-5bbe-8717-def511f2187a,social,10,no_share,low,max_intimate,prior,0.79
95574136-f539-5bbe-8717-def511f2187a,social,10,no_share,low,max_intimate,posterior,0.0
95574136-f539-5bbe-8717-def511f2187a,cooking,11,low_risk_share,low,somewhat_formal,prior,0.76
95574136-f539-5bbe-8717-def511f2187a,cooking,11,low_risk_share,low,somewhat_formal,posterior,0.83
95574136-f539-5bbe-8717-def511f2187a,basketball,12,high_risk_share,high,somewhat_intimate,prior,0.37
95574136-f539-5bbe-8717-def511f2187a,basketball,12,high_risk_share,high,somewhat_intimate,posterior,0.72
95574136-f539-5bbe-8717-def511f2187a,takeout,13,no_share,high,somewhat_intimate,prior,0.38
95574136-f539-5bbe-8717-def511f2187a,takeout,13,no_share,high,somewhat_intimate,posterior,0.0
95574136-f539-5bbe-8717-def511f2187a,driving,14,high_risk_share,high,max_formal,prior,0.39
95574136-f539-5bbe-8717-def511f2187a,driving,14,high_risk_share,high,max_formal,posterior,0.22
95574136-f539-5bbe-8717-def511f2187a,apples,15,high_risk_share,low,max_intimate,prior,0.69
95574136-f539-5bbe-8717-def511f2187a,apples,15,high_risk_share,low,max_intimate,posterior,1.0
250bd3ec-279a-5a16-a6fd-e4122862d6bd,basketball,0,no_share,low,somewhat_intimate,prior,0.59
250bd3ec-279a-5a16-a6fd-e4122862d6bd,basketball,0,no_share,low,somewhat_intimate,posterior,0.19
250bd3ec-279a-5a16-a6fd-e4122862d6bd,social,1,high_risk_share,low,somewhat_intimate,prior,0.39
250bd3ec-279a-5a16-a6fd-e4122862d6bd,social,1,high_risk_share,low,somewhat_intimate,posterior,0.85
250bd3ec-279a-5a16-a6fd-e4122862d6bd,fair,2,low_risk_share,high,max_intimate,prior,0.68
250bd3ec-279a-5a16-a6fd-e4122862d6bd,fair,2,low_risk_share,high,max_intimate,posterior,0.54
250bd3ec-279a-5a16-a6fd-e4122862d6bd,soup,3,no_share,high,somewhat_intimate,prior,0.5
250bd3ec-279a-5a16-a6fd-e4122862d6bd,soup,3,no_share,high,somewhat_intimate,posterior,0.5
250bd3ec-279a-5a16-a6fd-e4122862d6bd,birthday,4,no_share,high,somewhat_formal,prior,0.13
250bd3ec-279a-5a16-a6fd-e4122862d6bd,birthday,4,no_share,high,somewhat_formal,posterior,0.06
250bd3ec-279a-5a16-a6fd-e4122862d6bd,oysters,5,no_share,low,somewhat_formal,prior,0.44
250bd3ec-279a-5a16-a6fd-e4122862d6bd,oysters,5,no_share,low,somewhat_formal,posterior,0.36
250bd3ec-279a-5a16-a6fd-e4122862d6bd,brunch,6,high_risk_share,low,max_formal,prior,0.4
250bd3ec-279a-5a16-a6fd-e4122862d6bd,brunch,6,high_risk_share,low,max_formal,posterior,0.77
250bd3ec-279a-5a16-a6fd-e4122862d6bd,apples,7,high_risk_share,high,somewhat_formal,prior,0.55
250bd3ec-279a-5a16-a6fd-e4122862d6bd,apples,7,high_risk_share,high,somewhat_formal,posterior,0.9
250bd3ec-279a-5a16-a6fd-e4122862d6bd,hike,8,high_risk_share,high,max_intimate,prior,0.72
250bd3ec-279a-5a16-a6fd-e4122862d6bd,hike,8,high_risk_share,high,max_intimate,posterior,0.9
250bd3ec-279a-5a16-a6fd-e4122862d6bd,wedding,9,low_risk_share,high,somewhat_formal,prior,0.29
250bd3ec-279a-5a16-a6fd-e4122862d6bd,wedding,9,low_risk_share,high,somewhat_formal,posterior,0.88
250bd3ec-279a-5a16-a6fd-e4122862d6bd,cooking,10,no_share,high,max_intimate,prior,0.79
250bd3ec-279a-5a16-a6fd-e4122862d6bd,cooking,10,no_share,high,max_intimate,posterior,0.3
250bd3ec-279a-5a16-a6fd-e4122862d6bd,takeout,11,no_share,low,max_formal,prior,0.63
250bd3ec-279a-5a16-a6fd-e4122862d6bd,takeout,11,no_share,low,max_formal,posterior,0.67
250bd3ec-279a-5a16-a6fd-e4122862d6bd,gala,12,high_risk_share,low,max_intimate,prior,0.92
250bd3ec-279a-5a16-a6fd-e4122862d6bd,gala,12,high_risk_share,low,max_intimate,posterior,0.99
250bd3ec-279a-5a16-a6fd-e4122862d6bd,dip,13,low_risk_share,low,max_formal,prior,0.71
250bd3ec-279a-5a16-a6fd-e4122862d6bd,dip,13,low_risk_share,low,max_formal,posterior,0.74
250bd3ec-279a-5a16-a6fd-e4122862d6bd,driving,14,low_risk_share,high,max_formal,prior,0.24
250bd3ec-279a-5a16-a6fd-e4122862d6bd,driving,14,low_risk_share,high,max_formal,posterior,0.5
250bd3ec-279a-5a16-a6fd-e4122862d6bd,drinks,15,low_risk_share,low,somewhat_intimate,prior,0.62
250bd3ec-279a-5a16-a6fd-e4122862d6bd,drinks,15,low_risk_share,low,somewhat_intimate,posterior,0.56
be22e59c-81ae-5fdb-81f8-d975ed470696,soup,0,low_risk_share,low,somewhat_intimate,prior,0.69
be22e59c-81ae-5fdb-81f8-d975ed470696,soup,0,low_risk_share,low,somewhat_intimate,posterior,0.92
be22e59c-81ae-5fdb-81f8-d975ed470696,drinks,1,low_risk_share,high,max_intimate,prior,0.76
be22e59c-81ae-5fdb-81f8-d975ed470696,drinks,1,low_risk_share,high,max_intimate,posterior,0.84
be22e59c-81ae-5fdb-81f8-d975ed470696,takeout,2,no_share,high,somewhat_intimate,prior,0.34
be22e59c-81ae-5fdb-81f8-d975ed470696,takeout,2,no_share,high,somewhat_intimate,posterior,0.13
be22e59c-81ae-5fdb-81f8-d975ed470696,basketball,3,no_share,low,somewhat_formal,prior,0.15
be22e59c-81ae-5fdb-81f8-d975ed470696,basketball,3,no_share,low,somewhat_formal,posterior,0.35
be22e59c-81ae-5fdb-81f8-d975ed470696,brunch,4,low_risk_share,high,somewhat_formal,prior,0.7
be22e59c-81ae-5fdb-81f8-d975ed470696,brunch,4,low_risk_share,high,somewhat_formal,posterior,0.84
be22e59c-81ae-5fdb-81f8-d975ed470696,driving,5,low_risk_share,low,max_formal,prior,0.77
be22e59c-81ae-5fdb-81f8-d975ed470696,driving,5,low_risk_share,low,max_formal,posterior,0.62
be22e59c-81ae-5fdb-81f8-d975ed470696,gala,6,high_risk_share,low,somewhat_intimate,prior,0.93
be22e59c-81ae-5fdb-81f8-d975ed470696,gala,6,high_risk_share,low,somewhat_intimate,posterior,0.88
be22e59c-81ae-5fdb-81f8-d975ed470696,apples,7,no_share,low,somewhat_intimate,prior,0.96
be22e59c-81ae-5fdb-81f8-d975ed470696,apples,7,no_share,low,somewhat_intimate,posterior,0.48
be22e59c-81ae-5fdb-81f8-d975ed470696,fair,8,no_share,low,max_formal,prior,0.36
be22e59c-81ae-5fdb-81f8-d975ed470696,fair,8,no_share,low,max_formal,posterior,0.3
be22e59c-81ae-5fdb-81f8-d975ed470696,dip,9,high_risk_share,low,max_formal,prior,0.94
be22e59c-81ae-5fdb-81f8-d975ed470696,dip,9,high_risk_share,low,max_formal,posterior,1.0
be22e59c-81ae-5fdb-81f8-d975ed470696,hike,10,high_risk_share,low,max_intimate,prior,0.22
be22e59c-81ae-5fdb-81f8-d975ed470696,hike,10,high_risk_share,low,max_intimate,posterior,0.42
be22e59c-81ae-5fdb-81f8-d975ed470696,oysters,11,no_share,high,max_intimate,prior,0.9
be22e59c-81ae-5fdb-81f8-d975ed470696,oysters,11,no_share,high,max_intimate,posterior,0.41
be22e59c-81ae-5fdb-81f8-d975ed470696,birthday,12,high_risk_share,high,max_intimate,prior,0.88
be22e59c-81ae-5fdb-81f8-d975ed470696,birthday,12,high_risk_share,high,max_intimate,posterior,1.0
be22e59c-81ae-5fdb-81f8-d975ed470696,social,13,no_share,high,somewhat_formal,prior,0.99
be22e59c-81ae-5fdb-81f8-d975ed470696,social,13,no_share,high,somewhat_formal,posterior,0.77
be22e59c-81ae-5fdb-81f8-d975ed470696,cooking,14,high_risk_share,high,somewhat_formal,prior,0.42
be22e59c-81ae-5fdb-81f8-d975ed470696,cooking,14,high_risk_share,high,somewhat_formal,posterior,0.64
be22e59c-81ae-5fdb-81f8-d975ed470696,wedding,15,low_risk_share,high,max_formal,prior,0.9
be22e59c-81ae-5fdb-81f8-d975ed470696,wedding,15,low_risk_share,high,max_formal,posterior,0.94
9674703f-4d40-5c77-aee0-f83dc2778ed6,brunch,0,low_risk_share,high,max_formal,prior,0.65
9674703f-4d40-5c77-aee0-f83dc2778ed6,brunch,0,low_risk_share,high,max_formal,posterior,0.76
9674703f-4d40-5c77-aee0-f83dc2778ed6,birthday,1,low_risk_share,low,somewhat_intimate,prior,0.64
9674703f-4d40-5c77-aee0-f83dc2778ed6,birthday,1,low_risk_share,low,somewhat_intimate,posterior,0.89
9674703f-4d40-5c77-aee0-f83dc2778ed6,basketball,2,high_risk_share,low,max_formal,prior,0.28
9674703f-4d40-5c77-aee0-f83dc2778ed6,basketball,2,high_risk_share,low,max_formal,posterior,0.71
9674703f-4d40-5c77-aee0-f83dc2778ed6,takeout,3,high_risk_share,low,somewhat_intimate,prior,0.63
9674703f-4d40-5c77-aee0-f83dc2778ed6,takeout,3,high_risk_share,low,somewhat_intimate,posterior,0.83
9674703f-4d40-5c77-aee0-f83dc2778ed6,soup,4,high_risk_share,low,max_intimate,prior,0.54
9674703f-4d40-5c77-aee0-f83dc2778ed6,soup,4,high_risk_share,low,max_intimate,posterior,0.85
9674703f-4d40-5c77-aee0-f83dc2778ed6,dip,5,no_share,high,max_intimate,prior,0.64
9674703f-4d40-5c77-aee0-f83dc2778ed6,dip,5,no_share,high,max_intimate,posterior,0.37
9674703f-4d40-5c77-aee0-f83dc2778ed6,social,6,no_share,high,somewhat_intimate,prior,0.26
9674703f-4d40-5c77-aee0-f83dc2778ed6,social,6,no_share,high,somewhat_intimate,posterior,0.08
9674703f-4d40-5c77-aee0-f83dc2778ed6,driving,7,no_share,low,max_formal,prior,0.31
9674703f-4d40-5c77-aee0-f83dc2778ed6,driving,7,no_share,low,max_formal,posterior,0.45
9674703f-4d40-5c77-aee0-f83dc2778ed6,gala,8,high_risk_share,high,somewhat_formal,prior,0.63
9674703f-4d40-5c77-aee0-f83dc2778ed6,gala,8,high_risk_share,high,somewhat_formal,posterior,0.78
9674703f-4d40-5c77-aee0-f83dc2778ed6,hike,9,high_risk_share,high,max_intimate,prior,0.21
9674703f-4d40-5c77-aee0-f83dc2778ed6,hike,9,high_risk_share,high,max_intimate,posterior,0.63
9674703f-4d40-5c77-aee0-f83dc2778ed6,apples,10,low_risk_share,high,somewhat_formal,prior,0.39
9674703f-4d40-5c77-aee0-f83dc2778ed6,apples,10,low_risk_share,high,somewhat_formal,posterior,0.97
9674703f-4d40-5c77-aee0-f83dc2778ed6,oysters,11,low_risk_share,low,max_formal,prior,0.7
9674703f-4d40-5c77-aee0-f83dc2778ed6,oysters,11,low_risk_share,low,max_formal,posterior,0.82
9674703f-4d40-5c77-aee0-f83dc2778ed6,drinks,12,no_share,low,somewhat_intimate,prior,0.81
9674703f-4d40-5c77-aee0-f83dc2778ed6,drinks,12,no_share,low,somewhat_intimate,posterior,0.29
9674703f-4d40-5c77-aee0-f83dc2778ed6,cooking,13,no_share,low,somewhat_formal,prior,0.64
9674703f-4d40-5c77-aee0-f83dc2778ed6,cooking,13,no_share,low,somewhat_formal,posterior,0.44
9674703f-4d40-5c77-aee0-f83dc2778ed6,fair,14,low_risk_share,high,max_intimate,prior,0.56
9674703f-4d40-5c77-aee0-f83dc2778ed6,fair,14,low_risk_share,high,max_intimate,posterior,0.8
9674703f-4d40-5c77-aee0-f83dc2778ed6,wedding,15,no_share,high,somewhat_formal,prior,0.27
9674703f-4d40-5c77-aee0-f83dc2778ed6,wedding,15,no_share,high,somewhat_formal,posterior,0.18
9ccfdfc5-ff72-5deb-931c-21919c836527,gala,0,no_share,high,max_formal,prior,0.85
9ccfdfc5-ff72-5deb-931c-21919c836527,gala,0,no_share,high,max_formal,posterior,0.5
9ccfdfc5-ff72-5deb-931c-21919c836527,basketball,1,high_risk_share,high,somewhat_intimate,prior,0.84
9ccfdfc5-ff72-5deb-931c-21919c836527,basketball,1,high_risk_share,high,somewhat_intimate,posterior,0.87
9ccfdfc5-ff72-5deb-931c-21919c836527,social,2,high_risk_share,low,somewhat_formal,prior,0.8
9ccfdfc5-ff72-5deb-931c-21919c836527,social,2,high_risk_share,low,somewhat_formal,posterior,0.84
9ccfdfc5-ff72-5deb-931c-21919c836527,dip,3,low_risk_share,high,max_intimate,prior,0.84
9ccfdfc5-ff72-5deb-931c-21919c836527,dip,3,low_risk_share,high,max_intimate,posterior,0.71
9ccfdfc5-ff72-5deb-931c-21919c836527,brunch,4,low_risk_share,high,somewhat_formal,prior,0.88
9ccfdfc5-ff72-5deb-931c-21919c836527,brunch,4,low_risk_share,high,somewhat_formal,posterior,0.85
9ccfdfc5-ff72-5deb-931c-21919c836527,birthday,5,high_risk_share,high,somewhat_formal,prior,0.78
9ccfdfc5-ff72-5deb-931c-21919c836527,birthday,5,high_risk_share,high,somewhat_formal,posterior,0.68
9ccfdfc5-ff72-5deb-931c-21919c836527,driving,6,high_risk_share,low,somewhat_intimate,prior,0.81
9ccfdfc5-ff72-5deb-931c-21919c836527,driving,6,high_risk_share,low,somewhat_intimate,posterior,0.88
9ccfdfc5-ff72-5deb-931c-21919c836527,apples,7,no_share,low,somewhat_intimate,prior,0.82
9ccfdfc5-ff72-5deb-931c-21919c836527,apples,7,no_share,low,somewhat_intimate,posterior,0.5
9ccfdfc5-ff72-5deb-931c-21919c836527,soup,8,low_risk_share,low,somewhat_formal,prior,0.5
9ccfdfc5-ff72-5deb-931c-21919c836527,soup,8,low_risk_share,low,somewhat_formal,posterior,0.86
9ccfdfc5-ff72-5deb-931c-21919c836527,wedding,9,low_risk_share,high,somewhat_intimate,prior,0.82
9ccfdfc5-ff72-5deb-931c-21919c836527,wedding,9,low_risk_share,high,somewhat_intimate,posterior,0.83
9ccfdfc5-ff72-5deb-931c-21919c836527,hike,10,low_risk_share,low,max_intimate,prior,0.82
9ccfdfc5-ff72-5deb-931c-21919c836527,hike,10,low_risk_share,low,max_intimate,posterior,0.83
9ccfdfc5-ff72-5deb-931c-21919c836527,oysters,11,no_share,low,max_formal,prior,0.5
9ccfdfc5-ff72-5deb-931c-21919c836527,oysters,11,no_share,low,max_formal,posterior,0.5
9ccfdfc5-ff72-5deb-931c-21919c836527,drinks,12,high_risk_share,high,max_formal,prior,0.97
9ccfdfc5-ff72-5deb-931c-21919c836527,drinks,12,high_risk_share,high,max_formal,posterior,0.93
9ccfdfc5-ff72-5deb-931c-21919c836527,fair,13,low_risk_share,low,max_formal,prior,0.88
9ccfdfc5-ff72-5deb-931c-21919c836527,fair,13,low_risk_share,low,max_formal,posterior,0.88
9ccfdfc5-ff72-5deb-931c-21919c836527,cooking,14,no_share,high,max_intimate,prior,0.83
9ccfdfc5-ff72-5deb-931c-21919c836527,cooking,14,no_share,high,max_intimate,posterior,0.84
9ccfdfc5-ff72-5deb-931c-21919c836527,takeout,15,no_share,low,max_intimate,prior,0.83
9ccfdfc5-ff72-5deb-931c-21919c836527,takeout,15,no_share,low,max_intimate,posterior,0.09
376b52cb-a885-59dc-b2d6-6c353cab37d0,takeout,0,no_share,low,somewhat_intimate,prior,0.9
376b52cb-a885-59dc-b2d6-6c353cab37d0,takeout,0,no_share,low,somewhat_intimate,posterior,0.0
376b52cb-a885-59dc-b2d6-6c353cab37d0,oysters,1,low_risk_share,low,somewhat_intimate,prior,0.75
376b52cb-a885-59dc-b2d6-6c353cab37d0,oysters,1,low_risk_share,low,somewhat_intimate,posterior,0.95
376b52cb-a885-59dc-b2d6-6c353cab37d0,basketball,2,no_share,low,somewhat_formal,prior,0.5
376b52cb-a885-59dc-b2d6-6c353cab37d0,basketball,2,no_share,low,somewhat_formal,posterior,0.0
376b52cb-a885-59dc-b2d6-6c353cab37d0,fair,3,low_risk_share,high,max_intimate,prior,0.94
376b52cb-a885-59dc-b2d6-6c353cab37d0,fair,3,low_risk_share,high,max_intimate,posterior,1.0
376b52cb-a885-59dc-b2d6-6c353cab37d0,cooking,4,high_risk_share,low,somewhat_intimate,prior,1.0
376b52cb-a885-59dc-b2d6-6c353cab37d0,cooking,4,high_risk_share,low,somewhat_intimate,posterior,1.0
376b52cb-a885-59dc-b2d6-6c353cab37d0,brunch,5,no_share,high,somewhat_formal,prior,0.64
376b52cb-a885-59dc-b2d6-6c353cab37d0,brunch,5,no_share,high,somewhat_formal,posterior,0.23
376b52cb-a885-59dc-b2d6-6c353cab37d0,dip,6,high_risk_share,high,somewhat_formal,prior,1.0
376b52cb-a885-59dc-b2d6-6c353cab37d0,dip,6,high_risk_share,high,somewhat_formal,posterior,0.9
376b52cb-a885-59dc-b2d6-6c353cab37d0,birthday,7,high_risk_share,high,max_intimate,prior,1.0
376b52cb-a885-59dc-b2d6-6c353cab37d0,birthday,7,high_risk_share,high,max_intimate,posterior,1.0
376b52cb-a885-59dc-b2d6-6c353cab37d0,gala,8,low_risk_share,low,max_formal,prior,1.0
376b52cb-a885-59dc-b2d6-6c353cab37d0,gala,8,low_risk_share,low,max_formal,posterior,1.0
376b52cb-a885-59dc-b2d6-6c353cab37d0,soup,9,high_risk_share,low,max_intimate,prior,0.5
376b52cb-a885-59dc-b2d6-6c353cab37d0,soup,9,high_risk_share,low,max_intimate,posterior,1.0
376b52cb-a885-59dc-b2d6-6c353cab37d0,hike,10,no_share,high,somewhat_intimate,prior,0.76
376b52cb-a885-59dc-b2d6-6c353cab37d0,hike,10,no_share,high,somewhat_intimate,posterior,0.25
376b52cb-a885-59dc-b2d6-6c353cab37d0,social,11,low_risk_share,high,somewhat_formal,prior,0.5
376b52cb-a885-59dc-b2d6-6c353cab37d0,social,11,low_risk_share,high,somewhat_formal,posterior,1.0
376b52cb-a885-59dc-b2d6-6c353cab37d0,drinks,12,no_share,low,max_formal,prior,0.89
376b52cb-a885-59dc-b2d6-6c353cab37d0,drinks,12,no_share,low,max_formal,posterior,0.0
376b52cb-a885-59dc-b2d6-6c353cab37d0,wedding,13,low_risk_share,high,max_formal,prior,1.0
376b52cb-a885-59dc-b2d6-6c353cab37d0,wedding,13,low_risk_share,high,max_formal,posterior,1.0
376b52cb-a885-59dc-b2d6-6c353cab37d0,apples,14,high_risk_share,low,max_formal,prior,1.0
376b52cb-a885-59dc-b2d6-6c353cab37d0,apples,14,high_risk_share,low,max_formal,posterior,0.93
376b52cb-a885-59dc-b2d6-6c353cab37d0,driving,15,no_share,high,max_intimate,prior,0.76
376b52cb-a885-59dc-b2d6-6c353cab37d0,driving,15,no_share,high,max_intimate,posterior,0.11
99ec0ea6-6659-5f93-9c20-9d5f40944704,driving,0,no_share,low,somewhat_formal,prior,0.0
99ec0ea6-6659-5f93-9c20-9d5f40944704,driving,0,no_share,low,somewhat_formal,posterior,0.0
99ec0ea6-6659-5f93-9c20-9d5f40944704,drinks,1,low_risk_share,low,somewhat_intimate,prior,0.5
99ec0ea6-6659-5f93-9c20-9d5f40944704,drinks,1,low_risk_share,low,somewhat_intimate,posterior,0.5
99ec0ea6-6659-5f93-9c20-9d5f40944704,wedding,2,no_share,high,max_formal,prior,0.71
99ec0ea6-6659-5f93-9c20-9d5f40944704,wedding,2,no_share,high,max_formal,posterior,1.0
99ec0ea6-6659-5f93-9c20-9d5f40944704,birthday,3,high_risk_share,high,somewhat_intimate,prior,0.5
99ec0ea6-6659-5f93-9c20-9d5f40944704,birthday,3,high_risk_share,high,somewhat_intimate,posterior,0.5
99ec0ea6-6659-5f93-9c20-9d5f40944704,brunch,4,high_risk_share,high,max_formal,prior,1.0
99ec0ea6-6659-5f93-9c20-9d5f40944704,brunch,4,high_risk_share,high,max_formal,posterior,1.0
99ec0ea6-6659-5f93-9c20-9d5f40944704,cooking,5,low_risk_share,low,max_intimate,prior,1.0
99ec0ea6-6659-5f93-9c20-9d5f40944704,cooking,5,low_risk_share,low,max_intimate,posterior,1.0
99ec0ea6-6659-5f93-9c20-9d5f40944704,social,6,no_share,high,somewhat_formal,prior,0.5
99ec0ea6-6659-5f93-9c20-9d5f40944704,social,6,no_share,high,somewhat_formal,posterior,0.0
99ec0ea6-6659-5f93-9c20-9d5f40944704,apples,7,no_share,low,max_intimate,prior,1.0
99ec0ea6-6659-5f93-9c20-9d5f40944704,apples,7,no_share,low,max_intimate,posterior,1.0
99ec0ea6-6659-5f93-9c20-9d5f40944704,gala,8,high_risk_share,low,somewhat_formal,prior,1.0
99ec0ea6-6659-5f93-9c20-9d5f40944704,gala,8,high_risk_share,low,somewhat_formal,posterior,1.0
99ec0ea6-6659-5f93-9c20-9d5f40944704,oysters,9,high_risk_share,low,max_formal,prior,0.5
99ec0ea6-6659-5f93-9c20-9d5f40944704,oysters,9,high_risk_share,low,max_formal,posterior,0.0
99ec0ea6-6659-5f93-9c20-9d5f40944704,takeout,10,high_risk_share,high,max_intimate,prior,0.0
99ec0ea6-6659-5f93-9c20-9d5f40944704,takeout,10,high_risk_share,high,max_intimate,posterior,0.0
99ec0ea6-6659-5f93-9c20-9d5f40944704,basketball,11,no_share,high,somewhat_intimate,prior,0.0
99ec0ea6-6659-5f93-9c20-9d5f40944704,basketball,11,no_share,high,somewhat_intimate,posterior,0.0
99ec0ea6-6659-5f93-9c20-9d5f40944704,dip,12,low_risk_share,low,somewhat_formal,prior,1.0
99ec0ea6-6659-5f93-9c20-9d5f40944704,dip,12,low_risk_share,low,somewhat_formal,posterior,1.0
99ec0ea6-6659-5f93-9c20-9d5f40944704,fair,13,low_risk_share,high,somewhat_intimate,prior,0.0
99ec0ea6-6659-5f93-9c20-9d5f40944704,fair,13,low_risk_share,high,somewhat_intimate,posterior,0.0
99ec0ea6-6659-5f93-9c20-9d5f40944704,soup,14,low_risk_share,high,max_formal,prior,0.5
99ec0ea6-6659-5f93-9c20-9d5f40944704,soup,14,low_risk_share,high,max_formal,posterior,0.5
99ec0ea6-6659-5f93-9c20-9d5f40944704,hike,15,high_risk_share,low,max_intimate,prior,0.5
99ec0ea6-6659-5f93-9c20-9d5f40944704,hike,15,high_risk_share,low,max_intimate,posterior,0.5
2499a862-2d6c-59e0-a574-379ecf2b4d67,fair,0,high_risk_share,low,somewhat_intimate,prior,0.64
2499a862-2d6c-59e0-a574-379ecf2b4d67,fair,0,high_risk_share,low,somewhat_intimate,posterior,0.74
2499a862-2d6c-59e0-a574-379ecf2b4d67,driving,1,no_share,low,somewhat_intimate,prior,0.38
2499a862-2d6c-59e0-a574-379ecf2b4d67,driving,1,no_share,low,somewhat_intimate,posterior,0.45
2499a862-2d6c-59e0-a574-379ecf2b4d67,gala,2,low_risk_share,high,max_formal,prior,0.68
2499a862-2d6c-59e0-a574-379ecf2b4d67,gala,2,low_risk_share,high,max_formal,posterior,0.89
2499a862-2d6c-59e0-a574-379ecf2b4d67,drinks,3,high_risk_share,high,max_intimate,prior,0.87
2499a862-2d6c-59e0-a574-379ecf2b4d67,drinks,3,high_risk_share,high,max_intimate,posterior,0.95
2499a862-2d6c-59e0-a574-379ecf2b4d67,apples,4,no_share,low,max_formal,prior,0.72
2499a862-2d6c-59e0-a574-379ecf2b4d67,apples,4,no_share,low,max_formal,posterior,0.49
2499a862-2d6c-59e0-a574-379ecf2b4d67,dip,5,no_share,high,somewhat_formal,prior,0.6
2499a862-2d6c-59e0-a574-379ecf2b4d67,dip,5,no_share,high,somewhat_formal,posterior,0.18
2499a862-2d6c-59e0-a574-379ecf2b4d67,birthday,6,high_risk_share,high,somewhat_formal,prior,0.6
2499a862-2d6c-59e0-a574-379ecf2b4d67,birthday,6,high_risk_share,high,somewhat_formal,posterior,0.46
2499a862-2d6c-59e0-a574-379ecf2b4d67,soup,7,low_risk_share,low,max_formal,prior,0.78
2499a862-2d6c-59e0-a574-379ecf2b4d67,soup,7,low_risk_share,low,max_formal,posterior,0.94
2499a862-2d6c-59e0-a574-379ecf2b4d67,hike,8,low_risk_share,high,max_intimate,prior,0.7
2499a862-2d6c-59e0-a574-379ecf2b4d67,hike,8,low_risk_share,high,max_intimate,posterior,0.74
2499a862-2d6c-59e0-a574-379ecf2b4d67,brunch,9,no_share,low,somewhat_formal,prior,0.65
2499a862-2d6c-59e0-a574-379ecf2b4d67,brunch,9,no_share,low,somewhat_formal,posterior,0.04
2499a862-2d6c-59e0-a574-379ecf2b4d67,social,10,high_risk_share,low,max_formal,prior,0.61
2499a862-2d6c-59e0-a574-379ecf2b4d67,social,10,high_risk_share,low,max_formal,posterior,0.92
2499a862-2d6c-59e0-a574-379ecf2b4d67,cooking,11,no_share,high,max_intimate,prior,0.72
2499a862-2d6c-59e0-a574-379ecf2b4d67,cooking,11,no_share,high,max_intimate,posterior,0.26
2499a862-2d6c-59e0-a574-379ecf2b4d67,basketball,12,low_risk_share,low,somewhat_intimate,prior,0.55
2499a862-2d6c-59e0-a574-379ecf2b4d67,basketball,12,low_risk_share,low,somewhat_intimate,posterior,0.58
2499a862-2d6c-59e0-a574-379ecf2b4d67,oysters,13,low_risk_share,high,somewhat_formal,prior,0.74
2499a862-2d6c-59e0-a574-379ecf2b4d67,oysters,13,low_risk_share,high,somewhat_formal,posterior,0.77
2499a862-2d6c-59e0-a574-379ecf2b4d67,takeout,14,no_share,high,somewhat_intimate,prior,0.38
2499a862-2d6c-59e0-a574-379ecf2b4d67,takeout,14,no_share,high,somewhat_intimate,posterior,0.54
2499a862-2d6c-59e0-a574-379ecf2b4d67,wedding,15,high_risk_share,low,max_intimate,prior,0.69
2499a862-2d6c-59e0-a574-379ecf2b4d67,wedding,15,high_risk_share,low,max_intimate,posterior,1.0
40f264ea-5051-5c7a-b03a-99b4fa9899ce,social,0,no_share,high,max_formal,prior,0.39
40f264ea-5051-5c7a-b03a-99b4fa9899ce,social,0,no_share,high,max_formal,posterior,0.6
40f264ea-5051-5c7a-b03a-99b4fa9899ce,basketball,1,low_risk_share,low,max_intimate,prior,0.61
40f264ea-5051-5c7a-b03a-99b4fa9899ce,basketball,1,low_risk_share,low,max_intimate,posterior,0.58
40f264ea-5051-5c7a-b03a-99b4fa9899ce,brunch,2,low_risk_share,high,somewhat_formal,prior,0.6
40f264ea-5051-5c7a-b03a-99b4fa9899ce,brunch,2,low_risk_share,high,somewhat_formal,posterior,0.63
40f264ea-5051-5c7a-b03a-99b4fa9899ce,soup,3,low_risk_share,high,max_intimate,prior,0.6
40f264ea-5051-5c7a-b03a-99b4fa9899ce,soup,3,low_risk_share,high,max_intimate,posterior,0.62
40f264ea-5051-5c7a-b03a-99b4fa9899ce,apples,4,no_share,low,max_formal,prior,0.6
40f264ea-5051-5c7a-b03a-99b4fa9899ce,apples,4,no_share,low,max_formal,posterior,0.48
40f264ea-5051-5c7a-b03a-99b4fa9899ce,cooking,5,no_share,high,max_intimate,prior,0.63
40f264ea-5051-5c7a-b03a-99b4fa9899ce,cooking,5,no_share,high,max_intimate,posterior,0.64
40f264ea-5051-5c7a-b03a-99b4fa9899ce,wedding,6,high_risk_share,high,somewhat_formal,prior,0.64
40f264ea-5051-5c7a-b03a-99b4fa9899ce,wedding,6,high_risk_share,high,somewhat_formal,posterior,0.7
40f264ea-5051-5c7a-b03a-99b4fa9899ce,oysters,7,low_risk_share,low,max_formal,prior,0.69
40f264ea-5051-5c7a-b03a-99b4fa9899ce,oysters,7,low_risk_share,low,max_formal,posterior,0.65
40f264ea-5051-5c7a-b03a-99b4fa9899ce,fair,8,high_risk_share,high,somewhat_intimate,prior,0.63
40f264ea-5051-5c7a-b03a-99b4fa9899ce,fair,8,high_risk_share,high,somewhat_intimate,posterior,0.65
40f264ea-5051-5c7a-b03a-99b4fa9899ce,gala,9,high_risk_share,high,max_formal,prior,0.6
40f264ea-5051-5c7a-b03a-99b4fa9899ce,gala,9,high_risk_share,high,max_formal,posterior,0.66
40f264ea-5051-5c7a-b03a-99b4fa9899ce,takeout,10,no_share,low,max_intimate,prior,0.6
40f264ea-5051-5c7a-b03a-99b4fa9899ce,takeout,10,no_share,low,max_intimate,posterior,0.32
40f264ea-5051-5c7a-b03a-99b4fa9899ce,dip,11,low_risk_share,low,somewhat_formal,prior,0.61
40f264ea-5051-5c7a-b03a-99b4fa9899ce,dip,11,low_risk_share,low,somewhat_formal,posterior,0.68
40f264ea-5051-5c7a-b03a-99b4fa9899ce,birthday,12,high_risk_share,low,somewhat_intimate,prior,0.61
40f264ea-5051-5c7a-b03a-99b4fa9899ce,birthday,12,high_risk_share,low,somewhat_intimate,posterior,0.72
40f264ea-5051-5c7a-b03a-99b4fa9899ce,drinks,13,low_risk_share,high,somewhat_intimate,prior,0.63
40f264ea-5051-5c7a-b03a-99b4fa9899ce,drinks,13,low_risk_share,high,somewhat_intimate,posterior,0.69
40f264ea-5051-5c7a-b03a-99b4fa9899ce,driving,14,high_risk_share,low,somewhat_formal,prior,0.62
40f264ea-5051-5c7a-b03a-99b4fa9899ce,driving,14,high_risk_share,low,somewhat_formal,posterior,0.72
40f264ea-5051-5c7a-b03a-99b4fa9899ce,hike,15,no_share,low,somewhat_intimate,prior,0.65
40f264ea-5051-5c7a-b03a-99b4fa9899ce,hike,15,no_share,low,somewhat_intimate,posterior,0.42
a787b362-3a94-524b-b378-77471eccece0,social,0,no_share,low,somewhat_formal,prior,0.91
a787b362-3a94-524b-b378-77471eccece0,social,0,no_share,low,somewhat_formal,posterior,0.4
a787b362-3a94-524b-b378-77471eccece0,basketball,1,high_risk_share,high,somewhat_intimate,prior,0.73
a787b362-3a94-524b-b378-77471eccece0,basketball,1,high_risk_share,high,somewhat_intimate,posterior,0.99
a787b362-3a94-524b-b378-77471eccece0,drinks,2,low_risk_share,low,somewhat_formal,prior,0.58
a787b362-3a94-524b-b378-77471eccece0,drinks,2,low_risk_share,low,somewhat_formal,posterior,0.83
a787b362-3a94-524b-b378-77471eccece0,takeout,3,no_share,low,max_intimate,prior,0.45
a787b362-3a94-524b-b378-77471eccece0,takeout,3,no_share,low,max_intimate,posterior,0.4
a787b362-3a94-524b-b378-77471eccece0,dip,4,low_risk_share,low,somewhat_intimate,prior,0.86
a787b362-3a94-524b-b378-77471eccece0,dip,4,low_risk_share,low,somewhat_intimate,posterior,0.82
a787b362-3a94-524b-b378-77471eccece0,driving,5,no_share,high,somewhat_intimate,prior,0.87
a787b362-3a94-524b-b378-77471eccece0,driving,5,no_share,high,somewhat_intimate,posterior,0.84
a787b362-3a94-524b-b378-77471eccece0,soup,6,low_risk_share,high,somewhat_intimate,prior,0.58
a787b362-3a94-524b-b378-77471eccece0,soup,6,low_risk_share,high,somewhat_intimate,posterior,0.9
a787b362-3a94-524b-b378-77471eccece0,apples,7,no_share,high,somewhat_formal,prior,0.55
a787b362-3a94-524b-b378-77471eccece0,apples,7,no_share,high,somewhat_formal,posterior,0.25
a787b362-3a94-524b-b378-77471eccece0,birthday,8,high_risk_share,low,max_intimate,prior,0.79
a787b362-3a94-524b-b378-77471eccece0,birthday,8,high_risk_share,low,max_intimate,posterior,0.57
a787b362-3a94-524b-b378-77471eccece0,hike,9,high_risk_share,high,max_formal,prior,0.64
a787b362-3a94-524b-b378-77471eccece0,hike,9,high_risk_share,high,max_formal,posterior,0.99
a787b362-3a94-524b-b378-77471eccece0,fair,10,high_risk_share,high,max_intimate,prior,0.86
a787b362-3a94-524b-b378-77471eccece0,fair,10,high_risk_share,high,max_intimate,posterior,0.86
a787b362-3a94-524b-b378-77471eccece0,oysters,11,high_risk_share,low,max_formal,prior,0.37
a787b362-3a94-524b-b378-77471eccece0,oysters,11,high_risk_share,low,max_formal,posterior,1.0
a787b362-3a94-524b-b378-77471eccece0,brunch,12,high_risk_share,low,somewhat_formal,prior,0.69
a787b362-3a94-524b-b378-77471eccece0,brunch,12,high_risk_share,low,somewhat_formal,posterior,0.92
a787b362-3a94-524b-b378-77471eccece0,cooking,13,low_risk_share,high,max_formal,prior,0.76
a787b362-3a94-524b-b378-77471eccece0,cooking,13,low_risk_share,high,max_formal,posterior,0.82
a787b362-3a94-524b-b378-77471eccece0,gala,14,no_share,high,max_formal,prior,0.38
a787b362-3a94-524b-b378-77471eccece0,gala,14,no_share,high,max_formal,posterior,0.27
a787b362-3a94-524b-b378-77471eccece0,wedding,15,low_risk_share,low,max_intimate,prior,0.53
a787b362-3a94-524b-b378-77471eccece0,wedding,15,low_risk_share,low,max_intimate,posterior,0.61
1f43af17-bd24-55d1-b556-f9f00cbbb6a1,brunch,0,no_share,low,somewhat_intimate,prior,0.89
1f43af17-bd24-55d1-b556-f9f00cbbb6a1,brunch,0,no_share,low,somewhat_intimate,posterior,0.5
1f43af17-bd24-55d1-b556-f9f00cbbb6a1,apples,1,high_risk_share,low,somewhat_intimate,prior,0.59
1f43af17-bd24-55d1-b556-f9f00cbbb6a1,apples,1,high_risk_share,low,somewhat_intimate,posterior,0.72
1f43af17-bd24-55d1-b556-f9f00cbbb6a1,takeout,2,no_share,low,somewhat_formal,prior,0.63
1f43af17-bd24-55d1-b556-f9f00cbbb6a1,takeout,2,no_share,low,somewhat_formal,posterior,0.64
1f43af17-bd24-55d1-b556-f9f00cbbb6a1,social,3,high_risk_share,high,max_intimate,prior,0.61
1f43af17-bd24-55d1-b556-f9f00cbbb6a1,social,3,high_risk_share,high,max_intimate,posterior,0.55
1f43af17-bd24-55d1-b556-f9f00cbbb6a1,hike,4,no_share,high,max_intimate,prior,0.62
1f43af17-bd24-55d1-b556-f9f00cbbb6a1,hike,4,no_share,high,max_intimate,posterior,0.55
1f43af17-bd24-55d1-b556-f9f00cbbb6a1,drinks,5,low_risk_share,high,max_formal,prior,0.5
1f43af17-bd24-55d1-b556-f9f00cbbb6a1,drinks,5,low_risk_share,high,max_formal,posterior,0.69
1f43af17-bd24-55d1-b556-f9f00cbbb6a1,cooking,6,no_share,low,max_formal,prior,0.61
1f43af17-bd24-55d1-b556-f9f00cbbb6a1,cooking,6,no_share,low,max_formal,posterior,0.63
1f43af17-bd24-55d1-b556-f9f00cbbb6a1,oysters,7,no_share,high,somewhat_intimate,prior,0.58
1f43af17-bd24-55d1-b556-f9f00cbbb6a1,oysters,7,no_share,high,somewhat_intimate,posterior,0.65
1f43af17-bd24-55d1-b556-f9f00cbbb6a1,soup,8,high_risk_share,high,somewhat_formal,prior,0.59
1f43af17-bd24-55d1-b556-f9f00cbbb6a1,soup,8,high_risk_share,high,somewhat_formal,posterior,0.99
1f43af17-bd24-55d1-b556-f9f00cbbb6a1,dip,9,high_risk_share,low,max_formal,prior,0.46
1f43af17-bd24-55d1-b556-f9f00cbbb6a1,dip,9,high_risk_share,low,max_formal,posterior,0.65
1f43af17-bd24-55d1-b556-f9f00cbbb6a1,driving,10,low_risk_share,low,max_formal,prior,0.57
1f43af17-bd24-55d1-b556-f9f00cbbb6a1,driving,10,low_risk_share,low,max_formal,posterior,0.5
1f43af17-bd24-55d1-b556-f9f00cbbb6a1,birthday,11,low_risk_share,low,somewhat_intimate,prior,0.56
1f43af17-bd24-55d1-b556-f9f00cbbb6a1,birthday,11,low_risk_share,low,somewhat_intimate,posterior,0.68
1f43af17-bd24-55d1-b556-f9f00cbbb6a1,wedding,12,no_share,high,somewhat_formal,prior,0.43
1f43af17-bd24-55d1-b556-f9f00cbbb6a1,wedding,12,no_share,high,somewhat_formal,posterior,0.5
1f43af17-bd24-55d1-b556-f9f00cbbb6a1,basketball,13,low_risk_share,high,somewhat_formal,prior,0.58
1f43af17-bd24-55d1-b556-f9f00cbbb6a1,basketball,13,low_risk_share,high,somewhat_formal,posterior,0.64
1f43af17-bd24-55d1-b556-f9f00cbbb6a1,fair,14,low_risk_share,high,max_intimate,prior,0.42
1f43af17-bd24-55d1-b556-f9f00cbbb6a1,fair,14,low_risk_share,high,max_intimate,posterior,0.73
1f43af17-bd24-55d1-b556-f9f00cbbb6a1,gala,15,high_risk_share,low,max_intimate,prior,0.61
1f43af17-bd24-55d1-b556-f9f00cbbb6a1,gala,15,high_risk_share,low,max_intimate,posterior,0.99
44a3ba5c-d7b9-5b9c-8836-c40032c3411d,dip,0,low_risk_share,low,somewhat_intimate,prior,0.84
44a3ba5c-d7b9-5b9c-8836-c40032c3411d,dip,0,low_risk_share,low,somewhat_intimate,posterior,0.85
44a3ba5c-d7b9-5b9c-8836-c40032c3411d,takeout,1,low_risk_share,high,max_intimate,prior,0.91
44a3ba5c-d7b9-5b9c-8836-c40032c3411d,takeout,1,low_risk_share,high,max_intimate,posterior,0.74
44a3ba5c-d7b9-5b9c-8836-c40032c3411d,wedding,2,no_share,low,somewhat_formal,prior,0.5
44a3ba5c-d7b9-5b9c-8836-c40032c3411d,wedding,2,no_share,low,somewhat_formal,posterior,0.5
44a3ba5c-d7b9-5b9c-8836-c40032c3411d,brunch,3,low_risk_share,high,max_formal,prior,0.71
44a3ba5c-d7b9-5b9c-8836-c40032c3411d,brunch,3,low_risk_share,high,max_formal,posterior,0.71
44a3ba5c-d7b9-5b9c-8836-c40032c3411d,social,4,no_share,high,somewhat_intimate,prior,0.5
44a3ba5c-d7b9-5b9c-8836-c40032c3411d,social,4,no_share,high,somewhat_intimate,posterior,0.5
44a3ba5c-d7b9-5b9c-8836-c40032c3411d,gala,5,high_risk_share,low,max_formal,prior,0.75
44a3ba5c-d7b9-5b9c-8836-c40032c3411d,gala,5,high_risk_share,low,max_formal,posterior,0.7
44a3ba5c-d7b9-5b9c-8836-c40032c3411d,apples,6,low_risk_share,low,max_formal,prior,0.75
44a3ba5c-d7b9-5b9c-8836-c40032c3411d,apples,6,low_risk_share,low,max_formal,posterior,0.74
44a3ba5c-d7b9-5b9c-8836-c40032c3411d,fair,7,high_risk_share,low,max_intimate,prior,0.42
44a3ba5c-d7b9-5b9c-8836-c40032c3411d,fair,7,high_risk_share,low,max_intimate,posterior,0.4
44a3ba5c-d7b9-5b9c-8836-c40032c3411d,drinks,8,high_risk_share,high,somewhat_formal,prior,0.42
44a3ba5c-d7b9-5b9c-8836-c40032c3411d,drinks,8,high_risk_share,high,somewhat_formal,posterior,0.39
44a3ba5c-d7b9-5b9c-8836-c40032c3411d,basketball,9,no_share,low,somewhat_intimate,prior,0.3
44a3ba5c-d7b9-5b9c-8836-c40032c3411d,basketball,9,no_share,low,somewhat_intimate,posterior,0.0
44a3ba5c-d7b9-5b9c-8836-c40032c3411d,driving,10,no_share,low,max_formal,prior,0.78
44a3ba5c-d7b9-5b9c-8836-c40032c3411d,driving,10,no_share,low,max_formal,posterior,0.7
44a3ba5c-d7b9-5b9c-8836-c40032c3411d,oysters,11,no_share,high,max_intimate,prior,0.24
44a3ba5c-d7b9-5b9c-8836-c40032c3411d,oysters,11,no_share,high,max_intimate,posterior,0.5
44a3ba5c-d7b9-5b9c-8836-c40032c3411d,cooking,12,high_risk_share,high,max_intimate,prior,0.78
44a3ba5c-d7b9-5b9c-8836-c40032c3411d,cooking,12,high_risk_share,high,max_intimate,posterior,0.72
44a3ba5c-d7b9-5b9c-8836-c40032c3411d,soup,13,low_risk_share,high,somewhat_formal,prior,0.33
44a3ba5c-d7b9-5b9c-8836-c40032c3411d,soup,13,low_risk_share,high,somewhat_formal,posterior,0.5
44a3ba5c-d7b9-5b9c-8836-c40032c3411d,hike,14,no_share,high,somewhat_formal,prior,0.5
44a3ba5c-d7b9-5b9c-8836-c40032c3411d,hike,14,no_share,high,somewhat_formal,posterior,0.24
44a3ba5c-d7b9-5b9c-8836-c40032c3411d,birthday,15,high_risk_share,low,somewhat_intimate,prior,1.0
44a3ba5c-d7b9-5b9c-8836-c40032c3411d,birthday,15,high_risk_share,low,somewhat_intimate,posterior,1.0
04048312-85b3-5ec3-a4a9-2a8676761b01,brunch,0,no_share,high,somewhat_intimate,prior,0.81
04048312-85b3-5ec3-a4a9-2a8676761b01,brunch,0,no_share,high,somewhat_intimate,posterior,0.12
04048312-85b3-5ec3-a4a9-2a8676761b01,fair,1,high_risk_share,low,max_intimate,prior,0.47
04048312-85b3-5ec3-a4a9-2a8676761b01,fair,1,high_risk_share,low,max_intimate,posterior,0.9
04048312-85b3-5ec3-a4a9-2a8676761b01,takeout,2,low_risk_share,low,somewhat_intimate,prior,0.91
04048312-85b3-5ec3-a4a9-2a8676761b01,takeout,2,low_risk_share,low,somewhat_intimate,posterior,0.94
04048312-85b3-5ec3-a4a9-2a8676761b01,dip,3,low_risk_share,low,somewhat_formal,prior,0.86
04048312-85b3-5ec3-a4a9-2a8676761b01,dip,3,low_risk_share,low,somewhat_formal,posterior,0.95
04048312-85b3-5ec3-a4a9-2a8676761b01,drinks,4,high_risk_share,high,max_intimate,prior,0.4
04048312-85b3-5ec3-a4a9-2a8676761b01,drinks,4,high_risk_share,high,max_intimate,posterior,0.86
04048312-85b3-5ec3-a4a9-2a8676761b01,driving,5,low_risk_share,high,max_formal,prior,0.21
04048312-85b3-5ec3-a4a9-2a8676761b01,driving,5,low_risk_share,high,max_formal,posterior,0.87
04048312-85b3-5ec3-a4a9-2a8676761b01,basketball,6,high_risk_share,low,somewhat_formal,prior,0.62
04048312-85b3-5ec3-a4a9-2a8676761b01,basketball,6,high_risk_share,low,somewhat_formal,posterior,0.91
04048312-85b3-5ec3-a4a9-2a8676761b01,birthday,7,no_share,low,max_intimate,prior,0.92
04048312-85b3-5ec3-a4a9-2a8676761b01,birthday,7,no_share,low,max_intimate,posterior,0.09
04048312-85b3-5ec3-a4a9-2a8676761b01,soup,8,high_risk_share,high,somewhat_intimate,prior,0.4
04048312-85b3-5ec3-a4a9-2a8676761b01,soup,8,high_risk_share,high,somewhat_intimate,posterior,0.88
04048312-85b3-5ec3-a4a9-2a8676761b01,hike,9,high_risk_share,high,max_formal,prior,0.8
04048312-85b3-5ec3-a4a9-2a8676761b01,hike,9,high_risk_share,high,max_formal,posterior,0.93
04048312-85b3-5ec3-a4a9-2a8676761b01,wedding,10,low_risk_share,high,somewhat_intimate,prior,0.75
04048312-85b3-5ec3-a4a9-2a8676761b01,wedding,10,low_risk_share,high,somewhat_intimate,posterior,0.87
04048312-85b3-5ec3-a4a9-2a8676761b01,apples,11,low_risk_share,low,max_intimate,prior,0.95
04048312-85b3-5ec3-a4a9-2a8676761b01,apples,11,low_risk_share,low,max_intimate,posterior,0.93
04048312-85b3-5ec3-a4a9-2a8676761b01,oysters,12,high_risk_share,low,max_formal,prior,0.95
04048312-85b3-5ec3-a4a9-2a8676761b01,oysters,12,high_risk_share,low,max_formal,posterior,0.95
04048312-85b3-5ec3-a4a9-2a8676761b01,gala,13,no_share,high,somewhat_formal,prior,0.69
04048312-85b3-5ec3-a4a9-2a8676761b01,gala,13,no_share,high,somewhat_formal,posterior,0.06
04048312-85b3-5ec3-a4a9-2a8676761b01,cooking,14,no_share,low,somewhat_formal,prior,0.89
04048312-85b3-5ec3-a4a9-2a8676761b01,cooking,14,no_share,low,somewhat_formal,posterior,0.08
04048312-85b3-5ec3-a4a9-2a8676761b01,social,15,no_share,high,max_formal,prior,0.4
04048312-85b3-5ec3-a4a9-2a8676761b01,social,15,no_share,high,max_formal,posterior,0.15
74e16f3f-f3b2-5b74-843d-b6c0cb5cd4b2,social,0,high_risk_share,low,somewhat_intimate,prior,0.7
74e16f3f-f3b2-5b74-843d-b6c0cb5cd4b2,social,0,high_risk_share,low,somewhat_intimate,posterior,1.0
74e16f3f-f3b2-5b74-843d-b6c0cb5cd4b2,hike,1,no_share,high,somewhat_formal,prior,0.51
74e16f3f-f3b2-5b74-843d-b6c0cb5cd4b2,hike,1,no_share,high,somewhat_formal,posterior,0.24
74e16f3f-f3b2-5b74-843d-b6c0cb5cd4b2,cooking,2,high_risk_share,high,max_intimate,prior,0.79
74e16f3f-f3b2-5b74-843d-b6c0cb5cd4b2,cooking,2,high_risk_share,high,max_intimate,posterior,1.0
74e16f3f-f3b2-5b74-843d-b6c0cb5cd4b2,fair,3,low_risk_share,low,max_formal,prior,0.25
74e16f3f-f3b2-5b74-843d-b6c0cb5cd4b2,fair,3,low_risk_share,low,max_formal,posterior,0.68
74e16f3f-f3b2-5b74-843d-b6c0cb5cd4b2,driving,4,low_risk_share,high,max_intimate,prior,0.75
74e16f3f-f3b2-5b74-843d-b6c0cb5cd4b2,driving,4,low_risk_share,high,max_intimate,posterior,0.78
74e16f3f-f3b2-5b74-843d-b6c0cb5cd4b2,basketball,5,low_risk_share,high,max_formal,prior,0.5
74e16f3f-f3b2-5b74-843d-b6c0cb5cd4b2,basketball,5,low_risk_share,high,max_formal,posterior,0.83
74e16f3f-f3b2-5b74-843d-b6c0cb5cd4b2,soup,6,high_risk_share,low,max_formal,prior,0.68
74e16f3f-f3b2-5b74-843d-b6c0cb5cd4b2,soup,6,high_risk_share,low,max_formal,posterior,1.0
74e16f3f-f3b2-5b74-843d-b6c0cb5cd4b2,oysters,7,no_share,high,somewhat_intimate,prior,0.25
74e16f3f-f3b2-5b74-843d-b6c0cb5cd4b2,oysters,7,no_share,high,somewhat_intimate,posterior,0.68
74e16f3f-f3b2-5b74-843d-b6c0cb5cd4b2,wedding,8,no_share,low,somewhat_intimate,prior,0.65
74e16f3f-f3b2-5b74-843d-b6c0cb5cd4b2,wedding,8,no_share,low,somewhat_intimate,posterior,0.24
74e16f3f-f3b2-5b74-843d-b6c0cb5cd4b2,dip,9,low_risk_share,high,somewhat_formal,prior,0.66
74e16f3f-f3b2-5b74-843d-b6c0cb5cd4b2,dip,9,low_risk_share,high,somewhat_formal,posterior,0.5
74e16f3f-f3b2-5b74-843d-b6c0cb5cd4b2,gala,10,high_risk_share,low,max_intimate,prior,1.0
74e16f3f-f3b2-5b74-843d-b6c0cb5cd4b2,gala,10,high_risk_share,low,max_intimate,posterior,1.0
74e16f3f-f3b2-5b74-843d-b6c0cb5cd4b2,drinks,11,no_share,low,max_formal,prior,0.5
74e16f3f-f3b2-5b74-843d-b6c0cb5cd4b2,drinks,11,no_share,low,max_formal,posterior,0.0
74e16f3f-f3b2-5b74-843d-b6c0cb5cd4b2,takeout,12,high_risk_share,high,somewhat_formal,prior,0.63
74e16f3f-f3b2-5b74-843d-b6c0cb5cd4b2,takeout,12,high_risk_share,high,somewhat_formal,posterior,0.7
74e16f3f-f3b2-5b74-843d-b6c0cb5cd4b2,brunch,13,no_share,high,max_intimate,prior,0.73
74e16f3f-f3b2-5b74-843d-b6c0cb5cd4b2,brunch,13,no_share,high,max_intimate,posterior,0.19
74e16f3f-f3b2-5b74-843d-b6c0cb5cd4b2,birthday,14,low_risk_share,low,somewhat_intimate,prior,0.7
74e16f3f-f3b2-5b74-843d-b6c0cb5cd4b2,birthday,14,low_risk_share,low,somewhat_intimate,posterior,0.83
74e16f3f-f3b2-5b74-843d-b6c0cb5cd4b2,apples,15,no_share,low,somewhat_formal,prior,0.64
74e16f3f-f3b2-5b74-843d-b6c0cb5cd4b2,apples,15,no_share,low,somewhat_formal,posterior,0.31
00fe0766-41a5-58cb-bff0-f20219c6a197,soup,0,high_risk_share,low,max_formal,prior,0.24
00fe0766-41a5-58cb-bff0-f20219c6a197,soup,0,high_risk_share,low,max_formal,posterior,0.83
00fe0766-41a5-58cb-bff0-f20219c6a197,cooking,1,high_risk_share,high,somewhat_intimate,prior,0.79
00fe0766-41a5-58cb-bff0-f20219c6a197,cooking,1,high_risk_share,high,somewhat_intimate,posterior,0.87
00fe0766-41a5-58cb-bff0-f20219c6a197,birthday,2,high_risk_share,high,max_formal,prior,0.5
00fe0766-41a5-58cb-bff0-f20219c6a197,birthday,2,high_risk_share,high,max_formal,posterior,0.88
00fe0766-41a5-58cb-bff0-f20219c6a197,brunch,3,low_risk_share,low,max_intimate,prior,0.77
00fe0766-41a5-58cb-bff0-f20219c6a197,brunch,3,low_risk_share,low,max_intimate,posterior,0.5
00fe0766-41a5-58cb-bff0-f20219c6a197,drinks,4,no_share,high,somewhat_intimate,prior,0.5
00fe0766-41a5-58cb-bff0-f20219c6a197,drinks,4,no_share,high,somewhat_intimate,posterior,0.06
00fe0766-41a5-58cb-bff0-f20219c6a197,social,5,low_risk_share,low,somewhat_formal,prior,0.51
00fe0766-41a5-58cb-bff0-f20219c6a197,social,5,low_risk_share,low,somewhat_formal,posterior,0.81
00fe0766-41a5-58cb-bff0-f20219c6a197,wedding,6,no_share,low,max_intimate,prior,0.77
00fe0766-41a5-58cb-bff0-f20219c6a197,wedding,6,no_share,low,max_intimate,posterior,0.5
00fe0766-41a5-58cb-bff0-f20219c6a197,gala,7,no_share,low,somewhat_formal,prior,0.5
00fe0766-41a5-58cb-bff0-f20219c6a197,gala,7,no_share,low,somewhat_formal,posterior,0.07
00fe0766-41a5-58cb-bff0-f20219c6a197,dip,8,high_risk_share,low,max_intimate,prior,0.8
00fe0766-41a5-58cb-bff0-f20219c6a197,dip,8,high_risk_share,low,max_intimate,posterior,0.85
00fe0766-41a5-58cb-bff0-f20219c6a197,basketball,9,low_risk_share,low,somewhat_intimate,prior,0.5
00fe0766-41a5-58cb-bff0-f20219c6a197,basketball,9,low_risk_share,low,somewhat_intimate,posterior,0.5
00fe0766-41a5-58cb-bff0-f20219c6a197,takeout,10,no_share,high,somewhat_formal,prior,0.5
00fe0766-41a5-58cb-bff0-f20219c6a197,takeout,10,no_share,high,somewhat_formal,posterior,0.06
00fe0766-41a5-58cb-bff0-f20219c6a197,hike,11,low_risk_share,high,somewhat_intimate,prior,0.83
00fe0766-41a5-58cb-bff0-f20219c6a197,hike,11,low_risk_share,high,somewhat_intimate,posterior,0.81
00fe0766-41a5-58cb-bff0-f20219c6a197,driving,12,low_risk_share,high,max_formal,prior,0.5
00fe0766-41a5-58cb-bff0-f20219c6a197,driving,12,low_risk_share,high,max_formal,posterior,0.5
00fe0766-41a5-58cb-bff0-f20219c6a197,fair,13,high_risk_share,high,max_intimate,prior,0.89
00fe0766-41a5-58cb-bff0-f20219c6a197,fair,13,high_risk_share,high,max_intimate,posterior,0.91
00fe0766-41a5-58cb-bff0-f20219c6a197,apples,14,no_share,high,max_formal,prior,0.5
00fe0766-41a5-58cb-bff0-f20219c6a197,apples,14,no_share,high,max_formal,posterior,0.5
00fe0766-41a5-58cb-bff0-f20219c6a197,oysters,15,high_risk_share,low,somewhat_formal,prior,0.8
00fe0766-41a5-58cb-bff0-f20219c6a197,oysters,15,high_risk_share,low,somewhat_formal,posterior,0.88
39bee19e-a475-5882-8161-1e2e2c1bc048,basketball,0,high_risk_share,high,max_intimate,prior,0.6
39bee19e-a475-5882-8161-1e2e2c1bc048,basketball,0,high_risk_share,high,max_intimate,posterior,0.89
39bee19e-a475-5882-8161-1e2e2c1bc048,apples,1,low_risk_share,high,max_formal,prior,0.59
39bee19e-a475-5882-8161-1e2e2c1bc048,apples,1,low_risk_share,high,max_formal,posterior,0.96
39bee19e-a475-5882-8161-1e2e2c1bc048,driving,2,no_share,high,somewhat_intimate,prior,0.5
39bee19e-a475-5882-8161-1e2e2c1bc048,driving,2,no_share,high,somewhat_intimate,posterior,0.86
39bee19e-a475-5882-8161-1e2e2c1bc048,drinks,3,no_share,high,somewhat_formal,prior,0.6
39bee19e-a475-5882-8161-1e2e2c1bc048,drinks,3,no_share,high,somewhat_formal,posterior,0.06
39bee19e-a475-5882-8161-1e2e2c1bc048,takeout,4,low_risk_share,high,somewhat_formal,prior,0.55
39bee19e-a475-5882-8161-1e2e2c1bc048,takeout,4,low_risk_share,high,somewhat_formal,posterior,0.92
39bee19e-a475-5882-8161-1e2e2c1bc048,cooking,5,high_risk_share,low,somewhat_intimate,prior,0.93
39bee19e-a475-5882-8161-1e2e2c1bc048,cooking,5,high_risk_share,low,somewhat_intimate,posterior,0.94
39bee19e-a475-5882-8161-1e2e2c1bc048,gala,6,no_share,high,max_intimate,prior,0.51
39bee19e-a475-5882-8161-1e2e2c1bc048,gala,6,no_share,high,max_intimate,posterior,0.56
39bee19e-a475-5882-8161-1e2e2c1bc048,brunch,7,no_share,low,somewhat_intimate,prior,0.73
39bee19e-a475-5882-8161-1e2e2c1bc048,brunch,7,no_share,low,somewhat_intimate,posterior,0.42
39bee19e-a475-5882-8161-1e2e2c1bc048,dip,8,low_risk_share,low,max_formal,prior,0.6
39bee19e-a475-5882-8161-1e2e2c1bc048,dip,8,low_risk_share,low,max_formal,posterior,0.73
39bee19e-a475-5882-8161-1e2e2c1bc048,oysters,9,no_share,low,max_formal,prior,0.86
39bee19e-a475-5882-8161-1e2e2c1bc048,oysters,9,no_share,low,max_formal,posterior,0.76
39bee19e-a475-5882-8161-1e2e2c1bc048,soup,10,high_risk_share,high,somewhat_formal,prior,0.61
39bee19e-a475-5882-8161-1e2e2c1bc048,soup,10,high_risk_share,high,somewhat_formal,posterior,0.85
39bee19e-a475-5882-8161-1e2e2c1bc048,fair,11,low_risk_share,low,somewhat_intimate,prior,0.5
39bee19e-a475-5882-8161-1e2e2c1bc048,fair,11,low_risk_share,low,somewhat_intimate,posterior,0.81
39bee19e-a475-5882-8161-1e2e2c1bc048,birthday,12,high_risk_share,low,max_intimate,prior,0.49
39bee19e-a475-5882-8161-1e2e2c1bc048,birthday,12,high_risk_share,low,max_intimate,posterior,0.66
39bee19e-a475-5882-8161-1e2e2c1bc048,wedding,13,low_risk_share,high,max_intimate,prior,1.0
39bee19e-a475-5882-8161-1e2e2c1bc048,wedding,13,low_risk_share,high,max_intimate,posterior,1.0
39bee19e-a475-5882-8161-1e2e2c1bc048,social,14,no_share,low,somewhat_formal,prior,0.59
39bee19e-a475-5882-8161-1e2e2c1bc048,social,14,no_share,low,somewhat_formal,posterior,0.02
39bee19e-a475-5882-8161-1e2e2c1bc048,hike,15,high_risk_share,low,max_formal,prior,0.82
39bee19e-a475-5882-8161-1e2e2c1bc048,hike,15,high_risk_share,low,max_formal,posterior,1.0
cb281405-94c7-55ee-bdb4-19ae398359c0,hike,0,no_share,low,somewhat_formal,prior,0.91
cb281405-94c7-55ee-bdb4-19ae398359c0,hike,0,no_share,low,somewhat_formal,posterior,0.48
cb281405-94c7-55ee-bdb4-19ae398359c0,dip,1,low_risk_share,high,max_formal,prior,0.66
cb281405-94c7-55ee-bdb4-19ae398359c0,dip,1,low_risk_share,high,max_formal,posterior,0.88
cb281405-94c7-55ee-bdb4-19ae398359c0,social,2,high_risk_share,low,somewhat_formal,prior,0.54
cb281405-94c7-55ee-bdb4-19ae398359c0,social,2,high_risk_share,low,somewhat_formal,posterior,0.98
cb281405-94c7-55ee-bdb4-19ae398359c0,fair,3,no_share,high,somewhat_formal,prior,0.67
cb281405-94c7-55ee-bdb4-19ae398359c0,fair,3,no_share,high,somewhat_formal,posterior,0.6
cb281405-94c7-55ee-bdb4-19ae398359c0,driving,4,high_risk_share,low,max_formal,prior,1.0
cb281405-94c7-55ee-bdb4-19ae398359c0,driving,4,high_risk_share,low,max_formal,posterior,1.0
cb281405-94c7-55ee-bdb4-19ae398359c0,takeout,5,high_risk_share,low,max_intimate,prior,0.9
cb281405-94c7-55ee-bdb4-19ae398359c0,takeout,5,high_risk_share,low,max_intimate,posterior,1.0
cb281405-94c7-55ee-bdb4-19ae398359c0,wedding,6,low_risk_share,low,max_intimate,prior,0.91
cb281405-94c7-55ee-bdb4-19ae398359c0,wedding,6,low_risk_share,low,max_intimate,posterior,0.94
cb281405-94c7-55ee-bdb4-19ae398359c0,gala,7,low_risk_share,low,somewhat_formal,prior,0.89
cb281405-94c7-55ee-bdb4-19ae398359c0,gala,7,low_risk_share,low,somewhat_formal,posterior,1.0
cb281405-94c7-55ee-bdb4-19ae398359c0,apples,8,low_risk_share,low,somewhat_intimate,prior,0.85
cb281405-94c7-55ee-bdb4-19ae398359c0,apples,8,low_risk_share,low,somewhat_intimate,posterior,0.91
cb281405-94c7-55ee-bdb4-19ae398359c0,basketball,9,high_risk_share,high,somewhat_intimate,prior,1.0
cb281405-94c7-55ee-bdb4-19ae398359c0,basketball,9,high_risk_share,high,somewhat_intimate,posterior,1.0
cb281405-94c7-55ee-bdb4-19ae398359c0,brunch,10,no_share,high,max_formal,prior,0.97
cb281405-94c7-55ee-bdb4-19ae398359c0,brunch,10,no_share,high,max_formal,posterior,0.04
cb281405-94c7-55ee-bdb4-19ae398359c0,birthday,11,high_risk_share,high,max_formal,prior,0.39
cb281405-94c7-55ee-bdb4-19ae398359c0,birthday,11,high_risk_share,high,max_formal,posterior,0.52
cb281405-94c7-55ee-bdb4-19ae398359c0,oysters,12,no_share,low,max_intimate,prior,0.91
cb281405-94c7-55ee-bdb4-19ae398359c0,oysters,12,no_share,low,max_intimate,posterior,0.47
cb281405-94c7-55ee-bdb4-19ae398359c0,drinks,13,no_share,high,somewhat_intimate,prior,0.39
cb281405-94c7-55ee-bdb4-19ae398359c0,drinks,13,no_share,high,somewhat_intimate,posterior,0.2
cb281405-94c7-55ee-bdb4-19ae398359c0,soup,14,low_risk_share,high,somewhat_intimate,prior,0.57
cb281405-94c7-55ee-bdb4-19ae398359c0,soup,14,low_risk_share,high,somewhat_intimate,posterior,0.87
cb281405-94c7-55ee-bdb4-19ae398359c0,cooking,15,high_risk_share,high,max_intimate,prior,0.74
cb281405-94c7-55ee-bdb4-19ae398359c0,cooking,15,high_risk_share,high,max_intimate,posterior,0.83
d30d7722-964b-5a7f-801b-262ed6d6f0cc,takeout,0,low_risk_share,high,max_intimate,prior,0.56
d30d7722-964b-5a7f-801b-262ed6d6f0cc,takeout,0,low_risk_share,high,max_intimate,posterior,0.3
d30d7722-964b-5a7f-801b-262ed6d6f0cc,wedding,1,low_risk_share,high,max_formal,prior,0.51
d30d7722-964b-5a7f-801b-262ed6d6f0cc,wedding,1,low_risk_share,high,max_formal,posterior,0.86
d30d7722-964b-5a7f-801b-262ed6d6f0cc,drinks,2,high_risk_share,high,somewhat_formal,prior,0.76
d30d7722-964b-5a7f-801b-262ed6d6f0cc,drinks,2,high_risk_share,high,somewhat_formal,posterior,0.89
d30d7722-964b-5a7f-801b-262ed6d6f0cc,soup,3,high_risk_share,low,max_intimate,prior,0.93
d30d7722-964b-5a7f-801b-262ed6d6f0cc,soup,3,high_risk_share,low,max_intimate,posterior,1.0
d30d7722-964b-5a7f-801b-262ed6d6f0cc,basketball,4,no_share,low,somewhat_intimate,prior,1.0
d30d7722-964b-5a7f-801b-262ed6d6f0cc,basketball,4,no_share,low,somewhat_intimate,posterior,0.0
d30d7722-964b-5a7f-801b-262ed6d6f0cc,oysters,5,low_risk_share,low,max_formal,prior,0.22
d30d7722-964b-5a7f-801b-262ed6d6f0cc,oysters,5,low_risk_share,low,max_formal,posterior,0.49
d30d7722-964b-5a7f-801b-262ed6d6f0cc,brunch,6,no_share,high,somewhat_intimate,prior,0.77
d30d7722-964b-5a7f-801b-262ed6d6f0cc,brunch,6,no_share,high,somewhat_intimate,posterior,0.0
d30d7722-964b-5a7f-801b-262ed6d6f0cc,gala,7,high_risk_share,low,somewhat_intimate,prior,0.69
d30d7722-964b-5a7f-801b-262ed6d6f0cc,gala,7,high_risk_share,low,somewhat_intimate,posterior,1.0
d30d7722-964b-5a7f-801b-262ed6d6f0cc,dip,8,no_share,high,max_intimate,prior,1.0
d30d7722-964b-5a7f-801b-262ed6d6f0cc,dip,8,no_share,high,max_intimate,posterior,0.51
d30d7722-964b-5a7f-801b-262ed6d6f0cc,apples,9,low_risk_share,high,somewhat_formal,prior,0.79
d30d7722-964b-5a7f-801b-262ed6d6f0cc,apples,9,low_risk_share,high,somewhat_formal,posterior,0.29
d30d7722-964b-5a7f-801b-262ed6d6f0cc,birthday,10,high_risk_share,high,max_intimate,prior,1.0
d30d7722-964b-5a7f-801b-262ed6d6f0cc,birthday,10,high_risk_share,high,max_intimate,posterior,1.0
d30d7722-964b-5a7f-801b-262ed6d6f0cc,social,11,low_risk_share,low,somewhat_intimate,prior,1.0
d30d7722-964b-5a7f-801b-262ed6d6f0cc,social,11,low_risk_share,low,somewhat_intimate,posterior,1.0
d30d7722-964b-5a7f-801b-262ed6d6f0cc,hike,12,no_share,low,max_formal,prior,1.0
d30d7722-964b-5a7f-801b-262ed6d6f0cc,hike,12,no_share,low,max_formal,posterior,0.4
d30d7722-964b-5a7f-801b-262ed6d6f0cc,fair,13,no_share,low,somewhat_formal,prior,0.88
d30d7722-964b-5a7f-801b-262ed6d6f0cc,fair,13,no_share,low,somewhat_formal,posterior,0.49
d30d7722-964b-5a7f-801b-262ed6d6f0cc,cooking,14,no_share,high,somewhat_formal,prior,1.0
d30d7722-964b-5a7f-801b-262ed6d6f0cc,cooking,14,no_share,high,somewhat_formal,posterior,0.51
d30d7722-964b-5a7f-801b-262ed6d6f0cc,driving,15,high_risk_share,low,max_formal,prior,1.0
d30d7722-964b-5a7f-801b-262ed6d6f0cc,driving,15,high_risk_share,low,max_formal,posterior,1.0
2bdfb417-539a-529c-bf89-4f045cfb337a,driving,0,low_risk_share,low,max_formal,prior,0.74
2bdfb417-539a-529c-bf89-4f045cfb337a,driving,0,low_risk_share,low,max_formal,posterior,1.0
2bdfb417-539a-529c-bf89-4f045cfb337a,basketball,1,high_risk_share,low,somewhat_intimate,prior,0.77
2bdfb417-539a-529c-bf89-4f045cfb337a,basketball,1,high_risk_share,low,somewhat_intimate,posterior,1.0
2bdfb417-539a-529c-bf89-4f045cfb337a,takeout,2,no_share,high,somewhat_formal,prior,1.0
2bdfb417-539a-529c-bf89-4f045cfb337a,takeout,2,no_share,high,somewhat_formal,posterior,0.1
2bdfb417-539a-529c-bf89-4f045cfb337a,social,3,low_risk_share,low,somewhat_intimate,prior,0.5
2bdfb417-539a-529c-bf89-4f045cfb337a,social,3,low_risk_share,low,somewhat_intimate,posterior,0.99
2bdfb417-539a-529c-bf89-4f045cfb337a,wedding,4,high_risk_share,high,somewhat_formal,prior,0.72
2bdfb417-539a-529c-bf89-4f045cfb337a,wedding,4,high_risk_share,high,somewhat_formal,posterior,0.95
2bdfb417-539a-529c-bf89-4f045cfb337a,soup,5,no_share,low,somewhat_formal,prior,0.67
2bdfb417-539a-529c-bf89-4f045cfb337a,soup,5,no_share,low,somewhat_formal,posterior,0.17
2bdfb417-539a-529c-bf89-4f045cfb337a,dip,6,no_share,high,somewhat_intimate,prior,0.79
2bdfb417-539a-529c-bf89-4f045cfb337a,dip,6,no_share,high,somewhat_intimate,posterior,0.5
2bdfb417-539a-529c-bf89-4f045cfb337a,drinks,7,low_risk_share,high,somewhat_formal,prior,0.62
2bdfb417-539a-529c-bf89-4f045cfb337a,drinks,7,low_risk_share,high,somewhat_formal,posterior,0.98
2bdfb417-539a-529c-bf89-4f045cfb337a,gala,8,low_risk_share,high,max_formal,prior,0.77
2bdfb417-539a-529c-bf89-4f045cfb337a,gala,8,low_risk_share,high,max_formal,posterior,0.92
2bdfb417-539a-529c-bf89-4f045cfb337a,birthday,9,high_risk_share,high,max_intimate,prior,0.71
2bdfb417-539a-529c-bf89-4f045cfb337a,birthday,9,high_risk_share,high,max_intimate,posterior,0.5
2bdfb417-539a-529c-bf89-4f045cfb337a,cooking,10,no_share,low,somewhat_intimate,prior,0.83
2bdfb417-539a-529c-bf89-4f045cfb337a,cooking,10,no_share,low,somewhat_intimate,posterior,0.82
2bdfb417-539a-529c-bf89-4f045cfb337a,apples,11,low_risk_share,high,max_intimate,prior,0.62
2bdfb417-539a-529c-bf89-4f045cfb337a,apples,11,low_risk_share,high,max_intimate,posterior,0.67
2bdfb417-539a-529c-bf89-4f045cfb337a,oysters,12,high_risk_share,low,max_formal,prior,0.73
2bdfb417-539a-529c-bf89-4f045cfb337a,oysters,12,high_risk_share,low,max_formal,posterior,0.91
2bdfb417-539a-529c-bf89-4f045cfb337a,fair,13,high_risk_share,low,max_intimate,prior,0.78
2bdfb417-539a-529c-bf89-4f045cfb337a,fair,13,high_risk_share,low,max_intimate,posterior,0.95
2bdfb417-539a-529c-bf89-4f045cfb337a,brunch,14,no_share,low,max_formal,prior,0.92
2bdfb417-539a-529c-bf89-4f045cfb337a,brunch,14,no_share,low,max_formal,posterior,0.5
2bdfb417-539a-529c-bf89-4f045cfb337a,hike,15,no_share,high,max_intimate,prior,0.84
2bdfb417-539a-529c-bf89-4f045cfb337a,hike,15,no_share,high,max_intimate,posterior,0.5
6c07280f-f128-5475-b2fa-c43e028cd138,basketball,0,no_share,low,max_formal,prior,0.24
6c07280f-f128-5475-b2fa-c43e028cd138,basketball,0,no_share,low,max_formal,posterior,0.0
6c07280f-f128-5475-b2fa-c43e028cd138,takeout,1,low_risk_share,low,somewhat_formal,prior,0.33
6c07280f-f128-5475-b2fa-c43e028cd138,takeout,1,low_risk_share,low,somewhat_formal,posterior,0.65
6c07280f-f128-5475-b2fa-c43e028cd138,birthday,2,low_risk_share,high,somewhat_intimate,prior,0.32
6c07280f-f128-5475-b2fa-c43e028cd138,birthday,2,low_risk_share,high,somewhat_intimate,posterior,0.76
6c07280f-f128-5475-b2fa-c43e028cd138,soup,3,low_risk_share,low,max_formal,prior,0.76
6c07280f-f128-5475-b2fa-c43e028cd138,soup,3,low_risk_share,low,max_formal,posterior,0.74
6c07280f-f128-5475-b2fa-c43e028cd138,cooking,4,high_risk_share,high,somewhat_intimate,prior,0.68
6c07280f-f128-5475-b2fa-c43e028cd138,cooking,4,high_risk_share,high,somewhat_intimate,posterior,0.71
6c07280f-f128-5475-b2fa-c43e028cd138,fair,5,high_risk_share,low,somewhat_intimate,prior,0.33
6c07280f-f128-5475-b2fa-c43e028cd138,fair,5,high_risk_share,low,somewhat_intimate,posterior,0.73
6c07280f-f128-5475-b2fa-c43e028cd138,dip,6,high_risk_share,high,somewhat_formal,prior,0.66
6c07280f-f128-5475-b2fa-c43e028cd138,dip,6,high_risk_share,high,somewhat_formal,posterior,0.33
6c07280f-f128-5475-b2fa-c43e028cd138,wedding,7,low_risk_share,high,max_intimate,prior,0.72
6c07280f-f128-5475-b2fa-c43e028cd138,wedding,7,low_risk_share,high,max_intimate,posterior,0.75
6c07280f-f128-5475-b2fa-c43e028cd138,oysters,8,high_risk_share,high,max_formal,prior,0.33
6c07280f-f128-5475-b2fa-c43e028cd138,oysters,8,high_risk_share,high,max_formal,posterior,0.19
6c07280f-f128-5475-b2fa-c43e028cd138,driving,9,low_risk_share,high,somewhat_formal,prior,0.2
6c07280f-f128-5475-b2fa-c43e028cd138,driving,9,low_risk_share,high,somewhat_formal,posterior,0.4
6c07280f-f128-5475-b2fa-c43e028cd138,apples,10,no_share,low,somewhat_intimate,prior,0.69
6c07280f-f128-5475-b2fa-c43e028cd138,apples,10,no_share,low,somewhat_intimate,posterior,0.34
6c07280f-f128-5475-b2fa-c43e028cd138,drinks,11,low_risk_share,low,max_intimate,prior,0.73
6c07280f-f128-5475-b2fa-c43e028cd138,drinks,11,low_risk_share,low,max_intimate,posterior,0.79
6c07280f-f128-5475-b2fa-c43e028cd138,social,12,no_share,high,max_formal,prior,0.29
6c07280f-f128-5475-b2fa-c43e028cd138,social,12,no_share,high,max_formal,posterior,0.07
6c07280f-f128-5475-b2fa-c43e028cd138,gala,13,high_risk_share,low,somewhat_formal,prior,0.7
6c07280f-f128-5475-b2fa-c43e028cd138,gala,13,high_risk_share,low,somewhat_formal,posterior,0.19
6c07280f-f128-5475-b2fa-c43e028cd138,hike,14,no_share,low,max_intimate,prior,0.71
6c07280f-f128-5475-b2fa-c43e028cd138,hike,14,no_share,low,max_intimate,posterior,0.23
6c07280f-f128-5475-b2fa-c43e028cd138,brunch,15,no_share,high,max_intimate,prior,0.77
6c07280f-f128-5475-b2fa-c43e028cd138,brunch,15,no_share,high,max_intimate,posterior,0.33
cf6dd6f8-7a75-5d53-9a26-93be035ec1c9,oysters,0,high_risk_share,low,max_formal,prior,1.0
cf6dd6f8-7a75-5d53-9a26-93be035ec1c9,oysters,0,high_risk_share,low,max_formal,posterior,1.0
cf6dd6f8-7a75-5d53-9a26-93be035ec1c9,drinks,1,no_share,low,max_formal,prior,0.2
cf6dd6f8-7a75-5d53-9a26-93be035ec1c9,drinks,1,no_share,low,max_formal,posterior,0.18
cf6dd6f8-7a75-5d53-9a26-93be035ec1c9,apples,2,no_share,low,somewhat_formal,prior,0.86
cf6dd6f8-7a75-5d53-9a26-93be035ec1c9,apples,2,no_share,low,somewhat_formal,posterior,0.74
cf6dd6f8-7a75-5d53-9a26-93be035ec1c9,hike,3,low_risk_share,low,somewhat_intimate,prior,0.79
cf6dd6f8-7a75-5d53-9a26-93be035ec1c9,hike,3,low_risk_share,low,somewhat_intimate,posterior,1.0
cf6dd6f8-7a75-5d53-9a26-93be035ec1c9,birthday,4,no_share,high,somewhat_intimate,prior,0.75
cf6dd6f8-7a75-5d53-9a26-93be035ec1c9,birthday,4,no_share,high,somewhat_intimate,posterior,0.0
cf6dd6f8-7a75-5d53-9a26-93be035ec1c9,brunch,5,high_risk_share,high,max_intimate,prior,1.0
cf6dd6f8-7a75-5d53-9a26-93be035ec1c9,brunch,5,high_risk_share,high,max_intimate,posterior,1.0
cf6dd6f8-7a75-5d53-9a26-93be035ec1c9,soup,6,high_risk_share,low,max_intimate,prior,1.0
cf6dd6f8-7a75-5d53-9a26-93be035ec1c9,soup,6,high_risk_share,low,max_intimate,posterior,1.0
cf6dd6f8-7a75-5d53-9a26-93be035ec1c9,gala,7,no_share,low,somewhat_intimate,prior,1.0
cf6dd6f8-7a75-5d53-9a26-93be035ec1c9,gala,7,no_share,low,somewhat_intimate,posterior,0.0
cf6dd6f8-7a75-5d53-9a26-93be035ec1c9,dip,8,low_risk_share,high,max_intimate,prior,1.0
cf6dd6f8-7a75-5d53-9a26-93be035ec1c9,dip,8,low_risk_share,high,max_intimate,posterior,1.0
cf6dd6f8-7a75-5d53-9a26-93be035ec1c9,driving,9,low_risk_share,low,max_formal,prior,0.83
cf6dd6f8-7a75-5d53-9a26-93be035ec1c9,driving,9,low_risk_share,low,max_formal,posterior,1.0
cf6dd6f8-7a75-5d53-9a26-93be035ec1c9,wedding,10,low_risk_share,high,max_formal,prior,0.76
cf6dd6f8-7a75-5d53-9a26-93be035ec1c9,wedding,10,low_risk_share,high,max_formal,posterior,1.0
cf6dd6f8-7a75-5d53-9a26-93be035ec1c9,social,11,high_risk_share,high,somewhat_formal,prior,0.29
cf6dd6f8-7a75-5d53-9a26-93be035ec1c9,social,11,high_risk_share,high,somewhat_formal,posterior,1.0
cf6dd6f8-7a75-5d53-9a26-93be035ec1c9,fair,12,no_share,high,max_intimate,prior,1.0
cf6dd6f8-7a75-5d53-9a26-93be035ec1c9,fair,12,no_share,high,max_intimate,posterior,0.0
cf6dd6f8-7a75-5d53-9a26-93be035ec1c9,takeout,13,low_risk_share,high,somewhat_formal,prior,0.97
cf6dd6f8-7a75-5d53-9a26-93be035ec1c9,takeout,13,low_risk_share,high,somewhat_formal,posterior,1.0
cf6dd6f8-7a75-5d53-9a26-93be035ec1c9,basketball,14,high_risk_share,low,somewhat_intimate,prior,1.0
cf6dd6f8-7a75-5d53-9a26-93be035ec1c9,basketball,14,high_risk_share,low,somewhat_intimate,posterior,1.0
cf6dd6f8-7a75-5d53-9a26-93be035ec1c9,cooking,15,no_share,high,somewhat_formal,prior,0.91
cf6dd6f8-7a75-5d53-9a26-93be035ec1c9,cooking,15,no_share,high,somewhat_formal,posterior,0.04
8ddf4e12-d111-5a28-9b43-ab6c1079b742,driving,0,low_risk_share,high,somewhat_intimate,prior,0.5
8ddf4e12-d111-5a28-9b43-ab6c1079b742,driving,0,low_risk_share,high,somewhat_intimate,posterior,0.49
8ddf4e12-d111-5a28-9b43-ab6c1079b742,dip,1,high_risk_share,high,max_intimate,prior,1.0
8ddf4e12-d111-5a28-9b43-ab6c1079b742,dip,1,high_risk_share,high,max_intimate,posterior,1.0
8ddf4e12-d111-5a28-9b43-ab6c1079b742,drinks,2,low_risk_share,high,max_formal,prior,1.0
8ddf4e12-d111-5a28-9b43-ab6c1079b742,drinks,2,low_risk_share,high,max_formal,posterior,1.0
8ddf4e12-d111-5a28-9b43-ab6c1079b742,fair,3,no_share,high,somewhat_intimate,prior,1.0
8ddf4e12-d111-5a28-9b43-ab6c1079b742,fair,3,no_share,high,somewhat_intimate,posterior,1.0
8ddf4e12-d111-5a28-9b43-ab6c1079b742,gala,4,no_share,high,somewhat_formal,prior,0.5
8ddf4e12-d111-5a28-9b43-ab6c1079b742,gala,4,no_share,high,somewhat_formal,posterior,0.51
8ddf4e12-d111-5a28-9b43-ab6c1079b742,oysters,5,no_share,high,max_formal,prior,1.0
8ddf4e12-d111-5a28-9b43-ab6c1079b742,oysters,5,no_share,high,max_formal,posterior,1.0
8ddf4e12-d111-5a28-9b43-ab6c1079b742,birthday,6,low_risk_share,low,max_intimate,prior,1.0
8ddf4e12-d111-5a28-9b43-ab6c1079b742,birthday,6,low_risk_share,low,max_intimate,posterior,1.0
8ddf4e12-d111-5a28-9b43-ab6c1079b742,takeout,7,high_risk_share,high,somewhat_intimate,prior,1.0
8ddf4e12-d111-5a28-9b43-ab6c1079b742,takeout,7,high_risk_share,high,somewhat_intimate,posterior,1.0
8ddf4e12-d111-5a28-9b43-ab6c1079b742,cooking,8,no_share,low,somewhat_formal,prior,1.0
8ddf4e12-d111-5a28-9b43-ab6c1079b742,cooking,8,no_share,low,somewhat_formal,posterior,1.0
8ddf4e12-d111-5a28-9b43-ab6c1079b742,wedding,9,high_risk_share,high,max_formal,prior,1.0
8ddf4e12-d111-5a28-9b43-ab6c1079b742,wedding,9,high_risk_share,high,max_formal,posterior,1.0
8ddf4e12-d111-5a28-9b43-ab6c1079b742,social,10,high_risk_share,low,somewhat_formal,prior,1.0
8ddf4e12-d111-5a28-9b43-ab6c1079b742,social,10,high_risk_share,low,somewhat_formal,posterior,1.0
8ddf4e12-d111-5a28-9b43-ab6c1079b742,soup,11,low_risk_share,low,somewhat_intimate,prior,0.5
8ddf4e12-d111-5a28-9b43-ab6c1079b742,soup,11,low_risk_share,low,somewhat_intimate,posterior,0.5
8ddf4e12-d111-5a28-9b43-ab6c1079b742,brunch,12,high_risk_share,low,max_intimate,prior,1.0
8ddf4e12-d111-5a28-9b43-ab6c1079b742,brunch,12,high_risk_share,low,max_intimate,posterior,1.0
8ddf4e12-d111-5a28-9b43-ab6c1079b742,apples,13,high_risk_share,low,max_formal,prior,0.5
8ddf4e12-d111-5a28-9b43-ab6c1079b742,apples,13,high_risk_share,low,max_formal,posterior,0.5
8ddf4e12-d111-5a28-9b43-ab6c1079b742,hike,14,low_risk_share,low,somewhat_formal,prior,1.0
8ddf4e12-d111-5a28-9b43-ab6c1079b742,hike,14,low_risk_share,low,somewhat_formal,posterior,1.0
8ddf4e12-d111-5a28-9b43-ab6c1079b742,basketball,15,no_share,low,max_intimate,prior,1.0
8ddf4e12-d111-5a28-9b43-ab6c1079b742,basketball,15,no_share,low,max_intimate,posterior,1.0
4dc3cc7b-a4da-543c-858b-f1b79c561f1a,fair,0,high_risk_share,high,max_formal,prior,0.2
4dc3cc7b-a4da-543c-858b-f1b79c561f1a,fair,0,high_risk_share,high,max_formal,posterior,0.2
4dc3cc7b-a4da-543c-858b-f1b79c561f1a,hike,1,no_share,low,somewhat_intimate,prior,0.94
4dc3cc7b-a4da-543c-858b-f1b79c561f1a,hike,1,no_share,low,somewhat_intimate,posterior,0.61
4dc3cc7b-a4da-543c-858b-f1b79c561f1a,birthday,2,no_share,high,max_formal,prior,0.16
4dc3cc7b-a4da-543c-858b-f1b79c561f1a,birthday,2,no_share,high,max_formal,posterior,0.31
4dc3cc7b-a4da-543c-858b-f1b79c561f1a,basketball,3,low_risk_share,high,max_intimate,prior,1.0
4dc3cc7b-a4da-543c-858b-f1b79c561f1a,basketball,3,low_risk_share,high,max_intimate,posterior,0.37
4dc3cc7b-a4da-543c-858b-f1b79c561f1a,gala,4,high_risk_share,low,somewhat_intimate,prior,0.83
4dc3cc7b-a4da-543c-858b-f1b79c561f1a,gala,4,high_risk_share,low,somewhat_intimate,posterior,0.66
4dc3cc7b-a4da-543c-858b-f1b79c561f1a,oysters,5,no_share,low,max_formal,prior,0.73
4dc3cc7b-a4da-543c-858b-f1b79c561f1a,oysters,5,no_share,low,max_formal,posterior,0.59
4dc3cc7b-a4da-543c-858b-f1b79c561f1a,cooking,6,high_risk_share,high,somewhat_formal,prior,0.4
4dc3cc7b-a4da-543c-858b-f1b79c561f1a,cooking,6,high_risk_share,high,somewhat_formal,posterior,0.37
4dc3cc7b-a4da-543c-858b-f1b79c561f1a,drinks,7,high_risk_share,low,somewhat_formal,prior,0.59
4dc3cc7b-a4da-543c-858b-f1b79c561f1a,drinks,7,high_risk_share,low,somewhat_formal,posterior,0.41
4dc3cc7b-a4da-543c-858b-f1b79c561f1a,driving,8,low_risk_share,high,somewhat_formal,prior,0.36
4dc3cc7b-a4da-543c-858b-f1b79c561f1a,driving,8,low_risk_share,high,somewhat_formal,posterior,0.73
4dc3cc7b-a4da-543c-858b-f1b79c561f1a,wedding,9,no_share,low,max_intimate,prior,0.29
4dc3cc7b-a4da-543c-858b-f1b79c561f1a,wedding,9,no_share,low,max_intimate,posterior,0.63
4dc3cc7b-a4da-543c-858b-f1b79c561f1a,social,10,low_risk_share,high,somewhat_intimate,prior,0.59
4dc3cc7b-a4da-543c-858b-f1b79c561f1a,social,10,low_risk_share,high,somewhat_intimate,posterior,0.68
4dc3cc7b-a4da-543c-858b-f1b79c561f1a,dip,11,low_risk_share,low,max_formal,prior,0.54
4dc3cc7b-a4da-543c-858b-f1b79c561f1a,dip,11,low_risk_share,low,max_formal,posterior,0.6
4dc3cc7b-a4da-543c-858b-f1b79c561f1a,brunch,12,no_share,high,max_intimate,prior,0.65
4dc3cc7b-a4da-543c-858b-f1b79c561f1a,brunch,12,no_share,high,max_intimate,posterior,0.27
4dc3cc7b-a4da-543c-858b-f1b79c561f1a,soup,13,low_risk_share,low,somewhat_formal,prior,0.7
4dc3cc7b-a4da-543c-858b-f1b79c561f1a,soup,13,low_risk_share,low,somewhat_formal,posterior,0.74
4dc3cc7b-a4da-543c-858b-f1b79c561f1a,takeout,14,high_risk_share,high,somewhat_intimate,prior,0.42
4dc3cc7b-a4da-543c-858b-f1b79c561f1a,takeout,14,high_risk_share,high,somewhat_intimate,posterior,0.6
4dc3cc7b-a4da-543c-858b-f1b79c561f1a,apples,15,low_risk_share,low,max_intimate,prior,0.63
4dc3cc7b-a4da-543c-858b-f1b79c561f1a,apples,15,low_risk_share,low,max_intimate,posterior,0.63
d16e0b1c-263f-5abe-bec0-e82bfb9259ba,gala,0,low_risk_share,high,somewhat_formal,prior,0.39
d16e0b1c-263f-5abe-bec0-e82bfb9259ba,gala,0,low_risk_share,high,somewhat_formal,posterior,0.39
d16e0b1c-263f-5abe-bec0-e82bfb9259ba,birthday,1,low_risk_share,high,max_formal,prior,0.65
d16e0b1c-263f-5abe-bec0-e82bfb9259ba,birthday,1,low_risk_share,high,max_formal,posterior,0.73
d16e0b1c-263f-5abe-bec0-e82bfb9259ba,wedding,2,low_risk_share,low,somewhat_intimate,prior,0.75
d16e0b1c-263f-5abe-bec0-e82bfb9259ba,wedding,2,low_risk_share,low,somewhat_intimate,posterior,0.39
d16e0b1c-263f-5abe-bec0-e82bfb9259ba,cooking,3,no_share,high,somewhat_formal,prior,0.76
d16e0b1c-263f-5abe-bec0-e82bfb9259ba,cooking,3,no_share,high,somewhat_formal,posterior,0.72
d16e0b1c-263f-5abe-bec0-e82bfb9259ba,fair,4,high_risk_share,low,somewhat_intimate,prior,0.69
d16e0b1c-263f-5abe-bec0-e82bfb9259ba,fair,4,high_risk_share,low,somewhat_intimate,posterior,0.81
d16e0b1c-263f-5abe-bec0-e82bfb9259ba,dip,5,high_risk_share,low,max_intimate,prior,0.79
d16e0b1c-263f-5abe-bec0-e82bfb9259ba,dip,5,high_risk_share,low,max_intimate,posterior,0.88
d16e0b1c-263f-5abe-bec0-e82bfb9259ba,drinks,6,low_risk_share,high,max_intimate,prior,0.65
d16e0b1c-263f-5abe-bec0-e82bfb9259ba,drinks,6,low_risk_share,high,max_intimate,posterior,0.42
d16e0b1c-263f-5abe-bec0-e82bfb9259ba,soup,7,high_risk_share,low,max_formal,prior,0.34
d16e0b1c-263f-5abe-bec0-e82bfb9259ba,soup,7,high_risk_share,low,max_formal,posterior,0.66
d16e0b1c-263f-5abe-bec0-e82bfb9259ba,brunch,8,high_risk_share,high,somewhat_formal,prior,0.65
d16e0b1c-263f-5abe-bec0-e82bfb9259ba,brunch,8,high_risk_share,high,somewhat_formal,posterior,0.83
d16e0b1c-263f-5abe-bec0-e82bfb9259ba,basketball,9,no_share,high,somewhat_intimate,prior,0.88
d16e0b1c-263f-5abe-bec0-e82bfb9259ba,basketball,9,no_share,high,somewhat_intimate,posterior,0.89
d16e0b1c-263f-5abe-bec0-e82bfb9259ba,hike,10,no_share,low,somewhat_formal,prior,0.74
d16e0b1c-263f-5abe-bec0-e82bfb9259ba,hike,10,no_share,low,somewhat_formal,posterior,0.32
d16e0b1c-263f-5abe-bec0-e82bfb9259ba,social,11,no_share,low,somewhat_intimate,prior,0.63
d16e0b1c-263f-5abe-bec0-e82bfb9259ba,social,11,no_share,low,somewhat_intimate,posterior,0.25
d16e0b1c-263f-5abe-bec0-e82bfb9259ba,apples,12,no_share,low,max_formal,prior,0.6
d16e0b1c-263f-5abe-bec0-e82bfb9259ba,apples,12,no_share,low,max_formal,posterior,0.4
d16e0b1c-263f-5abe-bec0-e82bfb9259ba,oysters,13,low_risk_share,low,max_formal,prior,0.55
d16e0b1c-263f-5abe-bec0-e82bfb9259ba,oysters,13,low_risk_share,low,max_formal,posterior,0.7
d16e0b1c-263f-5abe-bec0-e82bfb9259ba,takeout,14,high_risk_share,high,max_intimate,prior,0.58
d16e0b1c-263f-5abe-bec0-e82bfb9259ba,takeout,14,high_risk_share,high,max_intimate,posterior,0.83
d16e0b1c-263f-5abe-bec0-e82bfb9259ba,driving,15,no_share,high,max_intimate,prior,0.93
d16e0b1c-263f-5abe-bec0-e82bfb9259ba,driving,15,no_share,high,max_intimate,posterior,0.71
f73bf408-358a-50f2-b499-d92cd53b3473,drinks,0,no_share,low,somewhat_intimate,prior,0.33
f73bf408-358a-50f2-b499-d92cd53b3473,drinks,0,no_share,low,somewhat_intimate,posterior,0.01
f73bf408-358a-50f2-b499-d92cd53b3473,birthday,1,high_risk_share,high,somewhat_formal,prior,0.98
f73bf408-358a-50f2-b499-d92cd53b3473,birthday,1,high_risk_share,high,somewhat_formal,posterior,1.0
f73bf408-358a-50f2-b499-d92cd53b3473,gala,2,no_share,high,max_intimate,prior,0.45
f73bf408-358a-50f2-b499-d92cd53b3473,gala,2,no_share,high,max_intimate,posterior,0.0
f73bf408-358a-50f2-b499-d92cd53b3473,oysters,3,high_risk_share,high,max_formal,prior,0.93
f73bf408-358a-50f2-b499-d92cd53b3473,oysters,3,high_risk_share,high,max_formal,posterior,1.0
f73bf408-358a-50f2-b499-d92cd53b3473,takeout,4,no_share,high,max_formal,prior,0.81
f73bf408-358a-50f2-b499-d92cd53b3473,takeout,4,no_share,high,max_formal,posterior,0.89
f73bf408-358a-50f2-b499-d92cd53b3473,driving,5,low_risk_share,high,max_intimate,prior,0.99
f73bf408-358a-50f2-b499-d92cd53b3473,driving,5,low_risk_share,high,max_intimate,posterior,1.0
f73bf408-358a-50f2-b499-d92cd53b3473,soup,6,low_risk_share,low,max_formal,prior,0.31
f73bf408-358a-50f2-b499-d92cd53b3473,soup,6,low_risk_share,low,max_formal,posterior,0.99
f73bf408-358a-50f2-b499-d92cd53b3473,cooking,7,high_risk_share,low,somewhat_formal,prior,1.0
f73bf408-358a-50f2-b499-d92cd53b3473,cooking,7,high_risk_share,low,somewhat_formal,posterior,1.0
f73bf408-358a-50f2-b499-d92cd53b3473,hike,8,low_risk_share,high,somewhat_intimate,prior,0.86
f73bf408-358a-50f2-b499-d92cd53b3473,hike,8,low_risk_share,high,somewhat_intimate,posterior,0.9
f73bf408-358a-50f2-b499-d92cd53b3473,fair,9,high_risk_share,high,somewhat_intimate,prior,0.81
f73bf408-358a-50f2-b499-d92cd53b3473,fair,9,high_risk_share,high,somewhat_intimate,posterior,1.0
f73bf408-358a-50f2-b499-d92cd53b3473,brunch,10,low_risk_share,low,max_intimate,prior,0.7
f73bf408-358a-50f2-b499-d92cd53b3473,brunch,10,low_risk_share,low,max_intimate,posterior,0.88
f73bf408-358a-50f2-b499-d92cd53b3473,apples,11,no_share,low,max_intimate,prior,0.66
f73bf408-358a-50f2-b499-d92cd53b3473,apples,11,no_share,low,max_intimate,posterior,0.22
f73bf408-358a-50f2-b499-d92cd53b3473,wedding,12,low_risk_share,high,somewhat_formal,prior,0.81
f73bf408-358a-50f2-b499-d92cd53b3473,wedding,12,low_risk_share,high,somewhat_formal,posterior,0.91
f73bf408-358a-50f2-b499-d92cd53b3473,social,13,high_risk_share,low,somewhat_intimate,prior,0.85
f73bf408-358a-50f2-b499-d92cd53b3473,social,13,high_risk_share,low,somewhat_intimate,posterior,0.94
f73bf408-358a-50f2-b499-d92cd53b3473,basketball,14,low_risk_share,low,somewhat_formal,prior,0.9
f73bf408-358a-50f2-b499-d92cd53b3473,basketball,14,low_risk_share,low,somewhat_formal,posterior,0.92
f73bf408-358a-50f2-b499-d92cd53b3473,dip,15,no_share,low,max_formal,prior,0.89
f73bf408-358a-50f2-b499-d92cd53b3473,dip,15,no_share,low,max_formal,posterior,0.9
24a93691-4e82-5cb2-af26-e65a24010bde,apples,0,high_risk_share,low,max_intimate,prior,0.66
24a93691-4e82-5cb2-af26-e65a24010bde,apples,0,high_risk_share,low,max_intimate,posterior,0.88
24a93691-4e82-5cb2-af26-e65a24010bde,fair,1,low_risk_share,high,somewhat_formal,prior,0.81
24a93691-4e82-5cb2-af26-e65a24010bde,fair,1,low_risk_share,high,somewhat_formal,posterior,0.82
24a93691-4e82-5cb2-af26-e65a24010bde,brunch,2,low_risk_share,high,max_intimate,prior,0.72
24a93691-4e82-5cb2-af26-e65a24010bde,brunch,2,low_risk_share,high,max_intimate,posterior,0.82
24a93691-4e82-5cb2-af26-e65a24010bde,cooking,3,low_risk_share,high,max_formal,prior,0.83
24a93691-4e82-5cb2-af26-e65a24010bde,cooking,3,low_risk_share,high,max_formal,posterior,0.89
24a93691-4e82-5cb2-af26-e65a24010bde,hike,4,high_risk_share,low,max_formal,prior,0.9
24a93691-4e82-5cb2-af26-e65a24010bde,hike,4,high_risk_share,low,max_formal,posterior,0.91
24a93691-4e82-5cb2-af26-e65a24010bde,gala,5,no_share,high,somewhat_intimate,prior,0.85
24a93691-4e82-5cb2-af26-e65a24010bde,gala,5,no_share,high,somewhat_intimate,posterior,0.58
24a93691-4e82-5cb2-af26-e65a24010bde,soup,6,high_risk_share,high,somewhat_formal,prior,0.68
24a93691-4e82-5cb2-af26-e65a24010bde,soup,6,high_risk_share,high,somewhat_formal,posterior,0.77
24a93691-4e82-5cb2-af26-e65a24010bde,dip,7,high_risk_share,high,max_intimate,prior,0.74
24a93691-4e82-5cb2-af26-e65a24010bde,dip,7,high_risk_share,high,max_intimate,posterior,0.79
24a93691-4e82-5cb2-af26-e65a24010bde,basketball,8,low_risk_share,low,max_formal,prior,0.85
24a93691-4e82-5cb2-af26-e65a24010bde,basketball,8,low_risk_share,low,max_formal,posterior,0.84
24a93691-4e82-5cb2-af26-e65a24010bde,birthday,9,high_risk_share,low,somewhat_intimate,prior,0.76
24a93691-4e82-5cb2-af26-e65a24010bde,birthday,9,high_risk_share,low,somewhat_intimate,posterior,0.8
24a93691-4e82-5cb2-af26-e65a24010bde,social,10,low_risk_share,low,somewhat_intimate,prior,0.77
24a93691-4e82-5cb2-af26-e65a24010bde,social,10,low_risk_share,low,somewhat_intimate,posterior,0.81
24a93691-4e82-5cb2-af26-e65a24010bde,oysters,11,no_share,high,max_intimate,prior,0.72
24a93691-4e82-5cb2-af26-e65a24010bde,oysters,11,no_share,high,max_intimate,posterior,0.76
24a93691-4e82-5cb2-af26-e65a24010bde,drinks,12,no_share,low,somewhat_formal,prior,0.69
24a93691-4e82-5cb2-af26-e65a24010bde,drinks,12,no_share,low,somewhat_formal,posterior,0.26
24a93691-4e82-5cb2-af26-e65a24010bde,takeout,13,no_share,high,somewhat_formal,prior,0.9
24a93691-4e82-5cb2-af26-e65a24010bde,takeout,13,no_share,high,somewhat_formal,posterior,0.88
24a93691-4e82-5cb2-af26-e65a24010bde,driving,14,no_share,low,max_formal,prior,0.91
24a93691-4e82-5cb2-af26-e65a24010bde,driving,14,no_share,low,max_formal,posterior,0.92
24a93691-4e82-5cb2-af26-e65a24010bde,wedding,15,no_share,low,somewhat_intimate,prior,0.5
24a93691-4e82-5cb2-af26-e65a24010bde,wedding,15,no_share,low,somewhat_intimate,posterior,0.45
c0071c57-a568-5c62-a9f3-be6e8d1d56ea,cooking,0,no_share,low,max_intimate,prior,1.0
c0071c57-a568-5c62-a9f3-be6e8d1d56ea,cooking,0,no_share,low,max_intimate,posterior,0.76
c0071c57-a568-5c62-a9f3-be6e8d1d56ea,social,1,high_risk_share,high,somewhat_intimate,prior,0.4
c0071c57-a568-5c62-a9f3-be6e8d1d56ea,social,1,high_risk_share,high,somewhat_intimate,posterior,0.76
c0071c57-a568-5c62-a9f3-be6e8d1d56ea,basketball,2,high_risk_share,low,max_intimate,prior,0.88
c0071c57-a568-5c62-a9f3-be6e8d1d56ea,basketball,2,high_risk_share,low,max_intimate,posterior,1.0
c0071c57-a568-5c62-a9f3-be6e8d1d56ea,soup,3,high_risk_share,high,max_formal,prior,0.33
c0071c57-a568-5c62-a9f3-be6e8d1d56ea,soup,3,high_risk_share,high,max_formal,posterior,0.6
c0071c57-a568-5c62-a9f3-be6e8d1d56ea,apples,4,high_risk_share,high,max_intimate,prior,0.79
c0071c57-a568-5c62-a9f3-be6e8d1d56ea,apples,4,high_risk_share,high,max_intimate,posterior,0.94
c0071c57-a568-5c62-a9f3-be6e8d1d56ea,fair,5,low_risk_share,low,max_intimate,prior,1.0
c0071c57-a568-5c62-a9f3-be6e8d1d56ea,fair,5,low_risk_share,low,max_intimate,posterior,0.78
c0071c57-a568-5c62-a9f3-be6e8d1d56ea,dip,6,high_risk_share,low,somewhat_formal,prior,0.69
c0071c57-a568-5c62-a9f3-be6e8d1d56ea,dip,6,high_risk_share,low,somewhat_formal,posterior,0.93
c0071c57-a568-5c62-a9f3-be6e8d1d56ea,takeout,7,low_risk_share,high,somewhat_intimate,prior,1.0
c0071c57-a568-5c62-a9f3-be6e8d1d56ea,takeout,7,low_risk_share,high,somewhat_intimate,posterior,0.95
c0071c57-a568-5c62-a9f3-be6e8d1d56ea,driving,8,no_share,high,somewhat_intimate,prior,0.82
c0071c57-a568-5c62-a9f3-be6e8d1d56ea,driving,8,no_share,high,somewhat_intimate,posterior,0.94
c0071c57-a568-5c62-a9f3-be6e8d1d56ea,birthday,9,low_risk_share,low,somewhat_formal,prior,0.58
c0071c57-a568-5c62-a9f3-be6e8d1d56ea,birthday,9,low_risk_share,low,somewhat_formal,posterior,0.77
c0071c57-a568-5c62-a9f3-be6e8d1d56ea,oysters,10,high_risk_share,low,max_formal,prior,0.92
c0071c57-a568-5c62-a9f3-be6e8d1d56ea,oysters,10,high_risk_share,low,max_formal,posterior,1.0
c0071c57-a568-5c62-a9f3-be6e8d1d56ea,wedding,11,no_share,high,somewhat_formal,prior,0.98
c0071c57-a568-5c62-a9f3-be6e8d1d56ea,wedding,11,no_share,high,somewhat_formal,posterior,0.79
c0071c57-a568-5c62-a9f3-be6e8d1d56ea,gala,12,no_share,low,somewhat_formal,prior,0.81
c0071c57-a568-5c62-a9f3-be6e8d1d56ea,gala,12,no_share,low,somewhat_formal,posterior,0.89
c0071c57-a568-5c62-a9f3-be6e8d1d56ea,hike,13,low_risk_share,high,max_formal,prior,0.96
c0071c57-a568-5c62-a9f3-be6e8d1d56ea,hike,13,low_risk_share,high,max_formal,posterior,1.0
c0071c57-a568-5c62-a9f3-be6e8d1d56ea,drinks,14,low_risk_share,low,somewhat_intimate,prior,0.93
c0071c57-a568-5c62-a9f3-be6e8d1d56ea,drinks,14,low_risk_share,low,somewhat_intimate,posterior,0.79
c0071c57-a568-5c62-a9f3-be6e8d1d56ea,brunch,15,no_share,high,max_formal,prior,0.33
c0071c57-a568-5c62-a9f3-be6e8d1d56ea,brunch,15,no_share,high,max_formal,posterior,0.0
121ac289-39bc-5f2f-be14-6adb7f567a12,birthday,0,high_risk_share,high,somewhat_intimate,prior,0.58
121ac289-39bc-5f2f-be14-6adb7f567a12,birthday,0,high_risk_share,high,somewhat_intimate,posterior,0.91
121ac289-39bc-5f2f-be14-6adb7f567a12,dip,1,no_share,low,max_intimate,prior,0.51
121ac289-39bc-5f2f-be14-6adb7f567a12,dip,1,no_share,low,max_intimate,posterior,0.07
121ac289-39bc-5f2f-be14-6adb7f567a12,driving,2,no_share,high,somewhat_formal,prior,0.52
121ac289-39bc-5f2f-be14-6adb7f567a12,driving,2,no_share,high,somewhat_formal,posterior,0.45
121ac289-39bc-5f2f-be14-6adb7f567a12,apples,3,low_risk_share,high,max_formal,prior,0.64
121ac289-39bc-5f2f-be14-6adb7f567a12,apples,3,low_risk_share,high,max_formal,posterior,0.57
121ac289-39bc-5f2f-be14-6adb7f567a12,basketball,4,high_risk_share,low,max_intimate,prior,0.38
121ac289-39bc-5f2f-be14-6adb7f567a12,basketball,4,high_risk_share,low,max_intimate,posterior,0.89
121ac289-39bc-5f2f-be14-6adb7f567a12,hike,5,no_share,high,max_formal,prior,0.57
121ac289-39bc-5f2f-be14-6adb7f567a12,hike,5,no_share,high,max_formal,posterior,0.51
121ac289-39bc-5f2f-be14-6adb7f567a12,fair,6,low_risk_share,low,max_intimate,prior,0.54
121ac289-39bc-5f2f-be14-6adb7f567a12,fair,6,low_risk_share,low,max_intimate,posterior,0.63
121ac289-39bc-5f2f-be14-6adb7f567a12,brunch,7,low_risk_share,high,somewhat_intimate,prior,0.43
121ac289-39bc-5f2f-be14-6adb7f567a12,brunch,7,low_risk_share,high,somewhat_intimate,posterior,0.56
121ac289-39bc-5f2f-be14-6adb7f567a12,takeout,8,low_risk_share,low,somewhat_formal,prior,0.54
121ac289-39bc-5f2f-be14-6adb7f567a12,takeout,8,low_risk_share,low,somewhat_formal,posterior,0.53
121ac289-39bc-5f2f-be14-6adb7f567a12,drinks,9,high_risk_share,low,max_formal,prior,0.58
121ac289-39bc-5f2f-be14-6adb7f567a12,drinks,9,high_risk_share,low,max_formal,posterior,0.87
121ac289-39bc-5f2f-be14-6adb7f567a12,wedding,10,high_risk_share,high,max_formal,prior,0.58
121ac289-39bc-5f2f-be14-6adb7f567a12,wedding,10,high_risk_share,high,max_formal,posterior,0.93
121ac289-39bc-5f2f-be14-6adb7f567a12,cooking,11,no_share,low,somewhat_formal,prior,0.55
121ac289-39bc-5f2f-be14-6adb7f567a12,cooking,11,no_share,low,somewhat_formal,posterior,0.57
121ac289-39bc-5f2f-be14-6adb7f567a12,social,12,high_risk_share,low,somewhat_formal,prior,0.58
121ac289-39bc-5f2f-be14-6adb7f567a12,social,12,high_risk_share,low,somewhat_formal,posterior,0.91
121ac289-39bc-5f2f-be14-6adb7f567a12,oysters,13,no_share,high,somewhat_intimate,prior,0.57
121ac289-39bc-5f2f-be14-6adb7f567a12,oysters,13,no_share,high,somewhat_intimate,posterior,0.58
121ac289-39bc-5f2f-be14-6adb7f567a12,soup,14,low_risk_share,low,somewhat_intimate,prior,0.46
121ac289-39bc-5f2f-be14-6adb7f567a12,soup,14,low_risk_share,low,somewhat_intimate,posterior,0.48
121ac289-39bc-5f2f-be14-6adb7f567a12,gala,15,high_risk_share,high,max_intimate,prior,0.4
121ac289-39bc-5f2f-be14-6adb7f567a12,gala,15,high_risk_share,high,max_intimate,posterior,0.52
5094f7cf-a082-5400-99e4-5ad638135894,driving,0,no_share,high,max_formal,prior,0.38
5094f7cf-a082-5400-99e4-5ad638135894,driving,0,no_share,high,max_formal,posterior,0.34
5094f7cf-a082-5400-99e4-5ad638135894,apples,1,no_share,low,somewhat_intimate,prior,0.79
5094f7cf-a082-5400-99e4-5ad638135894,apples,1,no_share,low,somewhat_intimate,posterior,0.77
5094f7cf-a082-5400-99e4-5ad638135894,brunch,2,high_risk_share,high,somewhat_formal,prior,0.91
5094f7cf-a082-5400-99e4-5ad638135894,brunch,2,high_risk_share,high,somewhat_formal,posterior,1.0
5094f7cf-a082-5400-99e4-5ad638135894,wedding,3,no_share,low,max_intimate,prior,0.86
5094f7cf-a082-5400-99e4-5ad638135894,wedding,3,no_share,low,max_intimate,posterior,0.91
5094f7cf-a082-5400-99e4-5ad638135894,takeout,4,low_risk_share,high,max_intimate,prior,0.75
5094f7cf-a082-5400-99e4-5ad638135894,takeout,4,low_risk_share,high,max_intimate,posterior,0.86
5094f7cf-a082-5400-99e4-5ad638135894,fair,5,high_risk_share,high,somewhat_intimate,prior,0.6
5094f7cf-a082-5400-99e4-5ad638135894,fair,5,high_risk_share,high,somewhat_intimate,posterior,0.48
5094f7cf-a082-5400-99e4-5ad638135894,social,6,low_risk_share,low,max_intimate,prior,0.71
5094f7cf-a082-5400-99e4-5ad638135894,social,6,low_risk_share,low,max_intimate,posterior,0.72
5094f7cf-a082-5400-99e4-5ad638135894,hike,7,low_risk_share,high,somewhat_intimate,prior,0.64
5094f7cf-a082-5400-99e4-5ad638135894,hike,7,low_risk_share,high,somewhat_intimate,posterior,0.54
5094f7cf-a082-5400-99e4-5ad638135894,soup,8,low_risk_share,high,somewhat_formal,prior,0.71
5094f7cf-a082-5400-99e4-5ad638135894,soup,8,low_risk_share,high,somewhat_formal,posterior,0.58
5094f7cf-a082-5400-99e4-5ad638135894,cooking,9,low_risk_share,low,somewhat_formal,prior,0.85
5094f7cf-a082-5400-99e4-5ad638135894,cooking,9,low_risk_share,low,somewhat_formal,posterior,0.93
5094f7cf-a082-5400-99e4-5ad638135894,oysters,10,no_share,low,max_formal,prior,0.8
5094f7cf-a082-5400-99e4-5ad638135894,oysters,10,no_share,low,max_formal,posterior,0.74
5094f7cf-a082-5400-99e4-5ad638135894,gala,11,no_share,high,max_intimate,prior,0.8
5094f7cf-a082-5400-99e4-5ad638135894,gala,11,no_share,high,max_intimate,posterior,0.82
5094f7cf-a082-5400-99e4-5ad638135894,dip,12,low_risk_share,low,max_formal,prior,0.76
5094f7cf-a082-5400-99e4-5ad638135894,dip,12,low_risk_share,low,max_formal,posterior,0.82
5094f7cf-a082-5400-99e4-5ad638135894,drinks,13,high_risk_share,low,somewhat_formal,prior,0.65
5094f7cf-a082-5400-99e4-5ad638135894,drinks,13,high_risk_share,low,somewhat_formal,posterior,0.6
5094f7cf-a082-5400-99e4-5ad638135894,birthday,14,high_risk_share,low,somewhat_intimate,prior,0.7
5094f7cf-a082-5400-99e4-5ad638135894,birthday,14,high_risk_share,low,somewhat_intimate,posterior,0.74
5094f7cf-a082-5400-99e4-5ad638135894,basketball,15,high_risk_share,high,max_formal,prior,0.4
5094f7cf-a082-5400-99e4-5ad638135894,basketball,15,high_risk_share,high,max_formal,posterior,0.28
3488170b-ae0f-596c-a3ba-48af23bb12b8,oysters,0,no_share,high,somewhat_intimate,prior,0.94
3488170b-ae0f-596c-a3ba-48af23bb12b8,oysters,0,no_share,high,somewhat_intimate,posterior,0.91
3488170b-ae0f-596c-a3ba-48af23bb12b8,drinks,1,no_share,high,max_formal,prior,0.35
3488170b-ae0f-596c-a3ba-48af23bb12b8,drinks,1,no_share,high,max_formal,posterior,0.0
3488170b-ae0f-596c-a3ba-48af23bb12b8,basketball,2,low_risk_share,high,somewhat_intimate,prior,0.92
3488170b-ae0f-596c-a3ba-48af23bb12b8,basketball,2,low_risk_share,high,somewhat_intimate,posterior,0.94
3488170b-ae0f-596c-a3ba-48af23bb12b8,wedding,3,high_risk_share,high,somewhat_intimate,prior,0.9
3488170b-ae0f-596c-a3ba-48af23bb12b8,wedding,3,high_risk_share,high,somewhat_intimate,posterior,1.0
3488170b-ae0f-596c-a3ba-48af23bb12b8,takeout,4,high_risk_share,high,max_intimate,prior,0.49
3488170b-ae0f-596c-a3ba-48af23bb12b8,takeout,4,high_risk_share,high,max_intimate,posterior,0.86
3488170b-ae0f-596c-a3ba-48af23bb12b8,driving,5,no_share,low,somewhat_formal,prior,1.0
3488170b-ae0f-596c-a3ba-48af23bb12b8,driving,5,no_share,low,somewhat_formal,posterior,0.5
3488170b-ae0f-596c-a3ba-48af23bb12b8,hike,6,no_share,high,somewhat_formal,prior,0.89
3488170b-ae0f-596c-a3ba-48af23bb12b8,hike,6,no_share,high,somewhat_formal,posterior,0.5
3488170b-ae0f-596c-a3ba-48af23bb12b8,gala,7,high_risk_share,low,somewhat_formal,prior,0.5
3488170b-ae0f-596c-a3ba-48af23bb12b8,gala,7,high_risk_share,low,somewhat_formal,posterior,0.67
3488170b-ae0f-596c-a3ba-48af23bb12b8,cooking,8,low_risk_share,low,somewhat_intimate,prior,1.0
3488170b-ae0f-596c-a3ba-48af23bb12b8,cooking,8,low_risk_share,low,somewhat_intimate,posterior,0.99
3488170b-ae0f-596c-a3ba-48af23bb12b8,apples,9,no_share,low,max_intimate,prior,0.99
3488170b-ae0f-596c-a3ba-48af23bb12b8,apples,9,no_share,low,max_intimate,posterior,0.98
3488170b-ae0f-596c-a3ba-48af23bb12b8,birthday,10,low_risk_share,low,max_intimate,prior,0.94
3488170b-ae0f-596c-a3ba-48af23bb12b8,birthday,10,low_risk_share,low,max_intimate,posterior,1.0
3488170b-ae0f-596c-a3ba-48af23bb12b8,dip,11,low_risk_share,low,somewhat_formal,prior,0.88
3488170b-ae0f-596c-a3ba-48af23bb12b8,dip,11,low_risk_share,low,somewhat_formal,posterior,0.85
3488170b-ae0f-596c-a3ba-48af23bb12b8,social,12,high_risk_share,low,max_formal,prior,0.84
3488170b-ae0f-596c-a3ba-48af23bb12b8,social,12,high_risk_share,low,max_formal,posterior,0.56
3488170b-ae0f-596c-a3ba-48af23bb12b8,brunch,13,high_risk_share,high,max_formal,prior,0.97
3488170b-ae0f-596c-a3ba-48af23bb12b8,brunch,13,high_risk_share,high,max_formal,posterior,0.94
3488170b-ae0f-596c-a3ba-48af23bb12b8,fair,14,high_risk_share,low,max_intimate,prior,0.97
3488170b-ae0f-596c-a3ba-48af23bb12b8,fair,14,high_risk_share,low,max_intimate,posterior,0.98
3488170b-ae0f-596c-a3ba-48af23bb12b8,soup,15,low_risk_share,high,max_formal,prior,0.93
3488170b-ae0f-596c-a3ba-48af23bb12b8,soup,15,low_risk_share,high,max_formal,posterior,0.84
de7196a8-92b0-5700-842d-1538186c38b6,basketball,0,no_share,low,max_formal,prior,0.24
de7196a8-92b0-5700-842d-1538186c38b6,basketball,0,no_share,low,max_formal,posterior,0.06
de7196a8-92b0-5700-842d-1538186c38b6,brunch,1,high_risk_share,low,max_intimate,prior,0.84
de7196a8-92b0-5700-842d-1538186c38b6,brunch,1,high_risk_share,low,max_intimate,posterior,0.9
de7196a8-92b0-5700-842d-1538186c38b6,apples,2,no_share,low,somewhat_intimate,prior,0.77
de7196a8-92b0-5700-842d-1538186c38b6,apples,2,no_share,low,somewhat_intimate,posterior,0.22
de7196a8-92b0-5700-842d-1538186c38b6,driving,3,high_risk_share,high,somewhat_formal,prior,0.85
de7196a8-92b0-5700-842d-1538186c38b6,driving,3,high_risk_share,high,somewhat_formal,posterior,0.87
de7196a8-92b0-5700-842d-1538186c38b6,fair,4,no_share,high,somewhat_formal,prior,0.91
de7196a8-92b0-5700-842d-1538186c38b6,fair,4,no_share,high,somewhat_formal,posterior,0.38
de7196a8-92b0-5700-842d-1538186c38b6,oysters,5,low_risk_share,low,somewhat_intimate,prior,0.66
de7196a8-92b0-5700-842d-1538186c38b6,oysters,5,low_risk_share,low,somewhat_intimate,posterior,0.64
de7196a8-92b0-5700-842d-1538186c38b6,hike,6,low_risk_share,low,max_formal,prior,0.86
de7196a8-92b0-5700-842d-1538186c38b6,hike,6,low_risk_share,low,max_formal,posterior,0.88
de7196a8-92b0-5700-842d-1538186c38b6,soup,7,high_risk_share,high,max_intimate,prior,0.61
de7196a8-92b0-5700-842d-1538186c38b6,soup,7,high_risk_share,high,max_intimate,posterior,0.84
de7196a8-92b0-5700-842d-1538186c38b6,birthday,8,no_share,high,somewhat_intimate,prior,0.88
de7196a8-92b0-5700-842d-1538186c38b6,birthday,8,no_share,high,somewhat_intimate,posterior,0.07
de7196a8-92b0-5700-842d-1538186c38b6,wedding,9,no_share,low,somewhat_formal,prior,0.87
de7196a8-92b0-5700-842d-1538186c38b6,wedding,9,no_share,low,somewhat_formal,posterior,0.72
de7196a8-92b0-5700-842d-1538186c38b6,takeout,10,low_risk_share,high,max_intimate,prior,0.87
de7196a8-92b0-5700-842d-1538186c38b6,takeout,10,low_risk_share,high,max_intimate,posterior,0.95
de7196a8-92b0-5700-842d-1538186c38b6,dip,11,high_risk_share,low,somewhat_intimate,prior,0.84
de7196a8-92b0-5700-842d-1538186c38b6,dip,11,high_risk_share,low,somewhat_intimate,posterior,0.95
de7196a8-92b0-5700-842d-1538186c38b6,drinks,12,low_risk_share,high,max_formal,prior,0.27
de7196a8-92b0-5700-842d-1538186c38b6,drinks,12,low_risk_share,high,max_formal,posterior,0.58
de7196a8-92b0-5700-842d-1538186c38b6,cooking,13,high_risk_share,low,max_formal,prior,0.8
de7196a8-92b0-5700-842d-1538186c38b6,cooking,13,high_risk_share,low,max_formal,posterior,0.78
de7196a8-92b0-5700-842d-1538186c38b6,gala,14,no_share,high,max_intimate,prior,0.89
de7196a8-92b0-5700-842d-1538186c38b6,gala,14,no_share,high,max_intimate,posterior,0.58
de7196a8-92b0-5700-842d-1538186c38b6,social,15,low_risk_share,high,somewhat_formal,prior,0.92
de7196a8-92b0-5700-842d-1538186c38b6,social,15,low_risk_share,high,somewhat_formal,posterior,0.96
e4e74e0d-945d-5da6-84aa-22fa6f444d1b,birthday,0,high_risk_share,low,max_formal,prior,0.56
e4e74e0d-945d-5da6-84aa-22fa6f444d1b,birthday,0,high_risk_share,low,max_formal,posterior,0.63
e4e74e0d-945d-5da6-84aa-22fa6f444d1b,fair,1,high_risk_share,high,max_intimate,prior,1.0
e4e74e0d-945d-5da6-84aa-22fa6f444d1b,fair,1,high_risk_share,high,max_intimate,posterior,1.0
e4e74e0d-945d-5da6-84aa-22fa6f444d1b,basketball,2,no_share,high,somewhat_intimate,prior,0.5
e4e74e0d-945d-5da6-84aa-22fa6f444d1b,basketball,2,no_share,high,somewhat_intimate,posterior,0.37
e4e74e0d-945d-5da6-84aa-22fa6f444d1b,oysters,3,high_risk_share,low,max_intimate,prior,0.86
e4e74e0d-945d-5da6-84aa-22fa6f444d1b,oysters,3,high_risk_share,low,max_intimate,posterior,0.5
e4e74e0d-945d-5da6-84aa-22fa6f444d1b,hike,4,no_share,low,somewhat_intimate,prior,0.72
e4e74e0d-945d-5da6-84aa-22fa6f444d1b,hike,4,no_share,low,somewhat_intimate,posterior,0.56
e4e74e0d-945d-5da6-84aa-22fa6f444d1b,takeout,5,low_risk_share,high,max_intimate,prior,0.87
e4e74e0d-945d-5da6-84aa-22fa6f444d1b,takeout,5,low_risk_share,high,max_intimate,posterior,0.8
e4e74e0d-945d-5da6-84aa-22fa6f444d1b,soup,6,no_share,high,somewhat_formal,prior,0.5
e4e74e0d-945d-5da6-84aa-22fa6f444d1b,soup,6,no_share,high,somewhat_formal,posterior,0.5
e4e74e0d-945d-5da6-84aa-22fa6f444d1b,driving,7,low_risk_share,high,somewhat_formal,prior,0.69
e4e74e0d-945d-5da6-84aa-22fa6f444d1b,driving,7,low_risk_share,high,somewhat_formal,posterior,0.64
e4e74e0d-945d-5da6-84aa-22fa6f444d1b,social,8,high_risk_share,low,somewhat_intimate,prior,0.7
e4e74e0d-945d-5da6-84aa-22fa6f444d1b,social,8,high_risk_share,low,somewhat_intimate,posterior,0.69
e4e74e0d-945d-5da6-84aa-22fa6f444d1b,brunch,9,high_risk_share,high,somewhat_formal,prior,0.41
e4e74e0d-945d-5da6-84aa-22fa6f444d1b,brunch,9,high_risk_share,high,somewhat_formal,posterior,0.73
e4e74e0d-945d-5da6-84aa-22fa6f444d1b,wedding,10,no_share,high,max_intimate,prior,0.63
e4e74e0d-945d-5da6-84aa-22fa6f444d1b,wedding,10,no_share,high,max_intimate,posterior,0.58
e4e74e0d-945d-5da6-84aa-22fa6f444d1b,drinks,11,no_share,low,max_formal,prior,0.27
e4e74e0d-945d-5da6-84aa-22fa6f444d1b,drinks,11,no_share,low,max_formal,posterior,0.21
e4e74e0d-945d-5da6-84aa-22fa6f444d1b,cooking,12,low_risk_share,high,max_formal,prior,0.93
e4e74e0d-945d-5da6-84aa-22fa6f444d1b,cooking,12,low_risk_share,high,max_formal,posterior,0.92
e4e74e0d-945d-5da6-84aa-22fa6f444d1b,gala,13,low_risk_share,low,somewhat_intimate,prior,0.71
e4e74e0d-945d-5da6-84aa-22fa6f444d1b,gala,13,low_risk_share,low,somewhat_intimate,posterior,0.62
e4e74e0d-945d-5da6-84aa-22fa6f444d1b,apples,14,low_risk_share,low,max_formal,prior,0.64
e4e74e0d-945d-5da6-84aa-22fa6f444d1b,apples,14,low_risk_share,low,max_formal,posterior,0.68
e4e74e0d-945d-5da6-84aa-22fa6f444d1b,dip,15,no_share,low,somewhat_formal,prior,0.78
e4e74e0d-945d-5da6-84aa-22fa6f444d1b,dip,15,no_share,low,somewhat_formal,posterior,0.67
7c897b37-3f84-5df7-95bb-68b254261517,basketball,0,low_risk_share,low,somewhat_formal,prior,0.28
7c897b37-3f84-5df7-95bb-68b254261517,basketball,0,low_risk_share,low,somewhat_formal,posterior,0.31
7c897b37-3f84-5df7-95bb-68b254261517,driving,1,high_risk_share,low,max_intimate,prior,0.67
7c897b37-3f84-5df7-95bb-68b254261517,driving,1,high_risk_share,low,max_intimate,posterior,0.6
7c897b37-3f84-5df7-95bb-68b254261517,wedding,2,low_risk_share,low,somewhat_intimate,prior,0.77
7c897b37-3f84-5df7-95bb-68b254261517,wedding,2,low_risk_share,low,somewhat_intimate,posterior,0.71
7c897b37-3f84-5df7-95bb-68b254261517,oysters,3,low_risk_share,high,somewhat_intimate,prior,0.39
7c897b37-3f84-5df7-95bb-68b254261517,oysters,3,low_risk_share,high,somewhat_intimate,posterior,0.58
7c897b37-3f84-5df7-95bb-68b254261517,social,4,high_risk_share,high,max_intimate,prior,0.61
7c897b37-3f84-5df7-95bb-68b254261517,social,4,high_risk_share,high,max_intimate,posterior,0.73
7c897b37-3f84-5df7-95bb-68b254261517,apples,5,no_share,high,somewhat_intimate,prior,0.43
7c897b37-3f84-5df7-95bb-68b254261517,apples,5,no_share,high,somewhat_intimate,posterior,0.38
7c897b37-3f84-5df7-95bb-68b254261517,birthday,6,no_share,low,somewhat_formal,prior,0.25
7c897b37-3f84-5df7-95bb-68b254261517,birthday,6,no_share,low,somewhat_formal,posterior,0.16
7c897b37-3f84-5df7-95bb-68b254261517,dip,7,no_share,low,max_intimate,prior,0.69
7c897b37-3f84-5df7-95bb-68b254261517,dip,7,no_share,low,max_intimate,posterior,0.11
7c897b37-3f84-5df7-95bb-68b254261517,cooking,8,no_share,high,somewhat_formal,prior,0.23
7c897b37-3f84-5df7-95bb-68b254261517,cooking,8,no_share,high,somewhat_formal,posterior,0.13
7c897b37-3f84-5df7-95bb-68b254261517,gala,9,low_risk_share,low,max_intimate,prior,0.66
7c897b37-3f84-5df7-95bb-68b254261517,gala,9,low_risk_share,low,max_intimate,posterior,0.71
7c897b37-3f84-5df7-95bb-68b254261517,takeout,10,high_risk_share,high,somewhat_intimate,prior,0.21
7c897b37-3f84-5df7-95bb-68b254261517,takeout,10,high_risk_share,high,somewhat_intimate,posterior,0.38
7c897b37-3f84-5df7-95bb-68b254261517,fair,11,high_risk_share,high,max_formal,prior,0.71
7c897b37-3f84-5df7-95bb-68b254261517,fair,11,high_risk_share,high,max_formal,posterior,0.6
7c897b37-3f84-5df7-95bb-68b254261517,brunch,12,low_risk_share,high,max_formal,prior,0.69
7c897b37-3f84-5df7-95bb-68b254261517,brunch,12,low_risk_share,high,max_formal,posterior,0.86
7c897b37-3f84-5df7-95bb-68b254261517,soup,13,no_share,high,max_formal,prior,0.37
7c897b37-3f84-5df7-95bb-68b254261517,soup,13,no_share,high,max_formal,posterior,0.71
7c897b37-3f84-5df7-95bb-68b254261517,drinks,14,high_risk_share,low,somewhat_formal,prior,0.42
7c897b37-3f84-5df7-95bb-68b254261517,drinks,14,high_risk_share,low,somewhat_formal,posterior,0.28
7c897b37-3f84-5df7-95bb-68b254261517,hike,15,high_risk_share,low,max_formal,prior,0.22
7c897b37-3f84-5df7-95bb-68b254261517,hike,15,high_risk_share,low,max_formal,posterior,0.19
f21ede9f-8f55-532c-bbb4-107ac93fbb49,oysters,0,no_share,high,somewhat_intimate,prior,0.69
f21ede9f-8f55-532c-bbb4-107ac93fbb49,oysters,0,no_share,high,somewhat_intimate,posterior,0.41
f21ede9f-8f55-532c-bbb4-107ac93fbb49,drinks,1,high_risk_share,high,max_intimate,prior,0.9
f21ede9f-8f55-532c-bbb4-107ac93fbb49,drinks,1,high_risk_share,high,max_intimate,posterior,0.94
f21ede9f-8f55-532c-bbb4-107ac93fbb49,apples,2,low_risk_share,low,max_intimate,prior,0.7
f21ede9f-8f55-532c-bbb4-107ac93fbb49,apples,2,low_risk_share,low,max_intimate,posterior,0.86
f21ede9f-8f55-532c-bbb4-107ac93fbb49,fair,3,no_share,low,max_intimate,prior,0.37
f21ede9f-8f55-532c-bbb4-107ac93fbb49,fair,3,no_share,low,max_intimate,posterior,0.2
f21ede9f-8f55-532c-bbb4-107ac93fbb49,cooking,4,low_risk_share,high,somewhat_intimate,prior,0.6
f21ede9f-8f55-532c-bbb4-107ac93fbb49,cooking,4,low_risk_share,high,somewhat_intimate,posterior,0.71
f21ede9f-8f55-532c-bbb4-107ac93fbb49,social,5,no_share,low,somewhat_formal,prior,0.56
f21ede9f-8f55-532c-bbb4-107ac93fbb49,social,5,no_share,low,somewhat_formal,posterior,0.08
f21ede9f-8f55-532c-bbb4-107ac93fbb49,takeout,6,low_risk_share,high,max_formal,prior,0.96
f21ede9f-8f55-532c-bbb4-107ac93fbb49,takeout,6,low_risk_share,high,max_formal,posterior,1.0
f21ede9f-8f55-532c-bbb4-107ac93fbb49,birthday,7,high_risk_share,high,somewhat_intimate,prior,0.54
f21ede9f-8f55-532c-bbb4-107ac93fbb49,birthday,7,high_risk_share,high,somewhat_intimate,posterior,0.45
f21ede9f-8f55-532c-bbb4-107ac93fbb49,basketball,8,low_risk_share,low,somewhat_formal,prior,0.37
f21ede9f-8f55-532c-bbb4-107ac93fbb49,basketball,8,low_risk_share,low,somewhat_formal,posterior,0.66
f21ede9f-8f55-532c-bbb4-107ac93fbb49,soup,9,no_share,high,max_formal,prior,0.15
f21ede9f-8f55-532c-bbb4-107ac93fbb49,soup,9,no_share,high,max_formal,posterior,0.02
f21ede9f-8f55-532c-bbb4-107ac93fbb49,hike,10,high_risk_share,high,max_formal,prior,0.88
f21ede9f-8f55-532c-bbb4-107ac93fbb49,hike,10,high_risk_share,high,max_formal,posterior,0.99
f21ede9f-8f55-532c-bbb4-107ac93fbb49,gala,11,high_risk_share,low,somewhat_formal,prior,0.25
f21ede9f-8f55-532c-bbb4-107ac93fbb49,gala,11,high_risk_share,low,somewhat_formal,posterior,0.83
f21ede9f-8f55-532c-bbb4-107ac93fbb49,wedding,12,high_risk_share,low,max_formal,prior,0.83
f21ede9f-8f55-532c-bbb4-107ac93fbb49,wedding,12,high_risk_share,low,max_formal,posterior,0.98
f21ede9f-8f55-532c-bbb4-107ac93fbb49,driving,13,high_risk_share,low,max_intimate,prior,0.82
f21ede9f-8f55-532c-bbb4-107ac93fbb49,driving,13,high_risk_share,low,max_intimate,posterior,1.0
f21ede9f-8f55-532c-bbb4-107ac93fbb49,brunch,14,no_share,high,somewhat_formal,prior,0.39
f21ede9f-8f55-532c-bbb4-107ac93fbb49,brunch,14,no_share,high,somewhat_formal,posterior,0.16
f21ede9f-8f55-532c-bbb4-107ac93fbb49,dip,15,low_risk_share,low,somewhat_intimate,prior,0.86
f21ede9f-8f55-532c-bbb4-107ac93fbb49,dip,15,low_risk_share,low,somewhat_intimate,posterior,0.93
07fb2c10-7fef-5d63-ae90-e28ec1902bf7,wedding,0,high_risk_share,high,max_formal,prior,0.38
07fb2c10-7fef-5d63-ae90-e28ec1902bf7,wedding,0,high_risk_share,high,max_formal,posterior,0.78
07fb2c10-7fef-5d63-ae90-e28ec1902bf7,dip,1,no_share,high,max_formal,prior,0.63
07fb2c10-7fef-5d63-ae90-e28ec1902bf7,dip,1,no_share,high,max_formal,posterior,0.38
07fb2c10-7fef-5d63-ae90-e28ec1902bf7,drinks,2,low_risk_share,low,max_intimate,prior,0.81
07fb2c10-7fef-5d63-ae90-e28ec1902bf7,drinks,2,low_risk_share,low,max_intimate,posterior,0.69
07fb2c10-7fef-5d63-ae90-e28ec1902bf7,takeout,3,no_share,low,somewhat_formal,prior,0.48
07fb2c10-7fef-5d63-ae90-e28ec1902bf7,takeout,3,no_share,low,somewhat_formal,posterior,0.12
07fb2c10-7fef-5d63-ae90-e28ec1902bf7,fair,4,no_share,low,max_intimate,prior,0.41
07fb2c10-7fef-5d63-ae90-e28ec1902bf7,fair,4,no_share,low,max_intimate,posterior,0.56
07fb2c10-7fef-5d63-ae90-e28ec1902bf7,soup,5,low_risk_share,low,somewhat_intimate,prior,0.69
07fb2c10-7fef-5d63-ae90-e28ec1902bf7,soup,5,low_risk_share,low,somewhat_intimate,posterior,0.87
07fb2c10-7fef-5d63-ae90-e28ec1902bf7,cooking,6,high_risk_share,low,max_intimate,prior,0.66
07fb2c10-7fef-5d63-ae90-e28ec1902bf7,cooking,6,high_risk_share,low,max_intimate,posterior,0.68
07fb2c10-7fef-5d63-ae90-e28ec1902bf7,oysters,7,no_share,high,somewhat_intimate,prior,0.38
07fb2c10-7fef-5d63-ae90-e28ec1902bf7,oysters,7,no_share,high,somewhat_intimate,posterior,0.55
07fb2c10-7fef-5d63-ae90-e28ec1902bf7,brunch,8,high_risk_share,high,somewhat_intimate,prior,0.65
07fb2c10-7fef-5d63-ae90-e28ec1902bf7,brunch,8,high_risk_share,high,somewhat_intimate,posterior,0.79
07fb2c10-7fef-5d63-ae90-e28ec1902bf7,apples,9,high_risk_share,low,max_formal,prior,0.64
07fb2c10-7fef-5d63-ae90-e28ec1902bf7,apples,9,high_risk_share,low,max_formal,posterior,0.73
07fb2c10-7fef-5d63-ae90-e28ec1902bf7,driving,10,high_risk_share,low,somewhat_formal,prior,0.3
07fb2c10-7fef-5d63-ae90-e28ec1902bf7,driving,10,high_risk_share,low,somewhat_formal,posterior,0.61
07fb2c10-7fef-5d63-ae90-e28ec1902bf7,gala,11,low_risk_share,high,somewhat_intimate,prior,0.64
07fb2c10-7fef-5d63-ae90-e28ec1902bf7,gala,11,low_risk_share,high,somewhat_intimate,posterior,0.75
07fb2c10-7fef-5d63-ae90-e28ec1902bf7,social,12,no_share,high,somewhat_formal,prior,0.37
07fb2c10-7fef-5d63-ae90-e28ec1902bf7,social,12,no_share,high,somewhat_formal,posterior,0.19
07fb2c10-7fef-5d63-ae90-e28ec1902bf7,hike,13,low_risk_share,low,somewhat_formal,prior,0.56
07fb2c10-7fef-5d63-ae90-e28ec1902bf7,hike,13,low_risk_share,low,somewhat_formal,posterior,0.61
07fb2c10-7fef-5d63-ae90-e28ec1902bf7,birthday,14,low_risk_share,high,max_formal,prior,0.44
07fb2c10-7fef-5d63-ae90-e28ec1902bf7,birthday,14,low_risk_share,high,max_formal,posterior,0.62
07fb2c10-7fef-5d63-ae90-e28ec1902bf7,basketball,15,high_risk_share,high,max_intimate,prior,0.31
07fb2c10-7fef-5d63-ae90-e28ec1902bf7,basketball,15,high_risk_share,high,max_intimate,posterior,0.73
96b6b756-1de9-52ce-9d1e-57dbadb2a2da,cooking,0,high_risk_share,high,max_intimate,prior,1.0
96b6b756-1de9-52ce-9d1e-57dbadb2a2da,cooking,0,high_risk_share,high,max_intimate,posterior,1.0
96b6b756-1de9-52ce-9d1e-57dbadb2a2da,driving,1,low_risk_share,high,max_formal,prior,1.0
96b6b756-1de9-52ce-9d1e-57dbadb2a2da,driving,1,low_risk_share,high,max_formal,posterior,0.8
96b6b756-1de9-52ce-9d1e-57dbadb2a2da,birthday,2,high_risk_share,low,max_intimate,prior,1.0
96b6b756-1de9-52ce-9d1e-57dbadb2a2da,birthday,2,high_risk_share,low,max_intimate,posterior,0.89
96b6b756-1de9-52ce-9d1e-57dbadb2a2da,wedding,3,no_share,high,somewhat_formal,prior,1.0
96b6b756-1de9-52ce-9d1e-57dbadb2a2da,wedding,3,no_share,high,somewhat_formal,posterior,1.0
96b6b756-1de9-52ce-9d1e-57dbadb2a2da,drinks,4,no_share,low,somewhat_intimate,prior,0.9
96b6b756-1de9-52ce-9d1e-57dbadb2a2da,drinks,4,no_share,low,somewhat_intimate,posterior,0.8
96b6b756-1de9-52ce-9d1e-57dbadb2a2da,basketball,5,no_share,low,somewhat_formal,prior,0.88
96b6b756-1de9-52ce-9d1e-57dbadb2a2da,basketball,5,no_share,low,somewhat_formal,posterior,0.69
96b6b756-1de9-52ce-9d1e-57dbadb2a2da,takeout,6,high_risk_share,low,max_formal,prior,0.75
96b6b756-1de9-52ce-9d1e-57dbadb2a2da,takeout,6,high_risk_share,low,max_formal,posterior,0.32
96b6b756-1de9-52ce-9d1e-57dbadb2a2da,hike,7,low_risk_share,high,max_intimate,prior,0.81
96b6b756-1de9-52ce-9d1e-57dbadb2a2da,hike,7,low_risk_share,high,max_intimate,posterior,0.79
96b6b756-1de9-52ce-9d1e-57dbadb2a2da,social,8,no_share,high,somewhat_intimate,prior,0.73
96b6b756-1de9-52ce-9d1e-57dbadb2a2da,social,8,no_share,high,somewhat_intimate,posterior,0.72
96b6b756-1de9-52ce-9d1e-57dbadb2a2da,fair,9,low_risk_share,high,somewhat_formal,prior,0.75
96b6b756-1de9-52ce-9d1e-57dbadb2a2da,fair,9,low_risk_share,high,somewhat_formal,posterior,0.6
96b6b756-1de9-52ce-9d1e-57dbadb2a2da,brunch,10,low_risk_share,low,somewhat_intimate,prior,0.6
96b6b756-1de9-52ce-9d1e-57dbadb2a2da,brunch,10,low_risk_share,low,somewhat_intimate,posterior,0.73
96b6b756-1de9-52ce-9d1e-57dbadb2a2da,soup,11,no_share,low,max_formal,prior,0.63
96b6b756-1de9-52ce-9d1e-57dbadb2a2da,soup,11,no_share,low,max_formal,posterior,0.63
96b6b756-1de9-52ce-9d1e-57dbadb2a2da,apples,12,no_share,high,max_intimate,prior,0.68
96b6b756-1de9-52ce-9d1e-57dbadb2a2da,apples,12,no_share,high,max_intimate,posterior,0.7
96b6b756-1de9-52ce-9d1e-57dbadb2a2da,dip,13,low_risk_share,low,max_formal,prior,1.0
96b6b756-1de9-52ce-9d1e-57dbadb2a2da,dip,13,low_risk_share,low,max_formal,posterior,1.0
96b6b756-1de9-52ce-9d1e-57dbadb2a2da,gala,14,high_risk_share,high,somewhat_formal,prior,0.56
96b6b756-1de9-52ce-9d1e-57dbadb2a2da,gala,14,high_risk_share,high,somewhat_formal,posterior,0.61
96b6b756-1de9-52ce-9d1e-57dbadb2a2da,oysters,15,high_risk_share,low,somewhat_intimate,prior,1.0
96b6b756-1de9-52ce-9d1e-57dbadb2a2da,oysters,15,high_risk_share,low,somewhat_intimate,posterior,1.0
947ff3b2-cdf2-560d-8fe3-bee9d373adb4,social,0,high_risk_share,high,max_formal,prior,0.49
947ff3b2-cdf2-560d-8fe3-bee9d373adb4,social,0,high_risk_share,high,max_formal,posterior,0.84
947ff3b2-cdf2-560d-8fe3-bee9d373adb4,apples,1,high_risk_share,high,somewhat_formal,prior,0.58
947ff3b2-cdf2-560d-8fe3-bee9d373adb4,apples,1,high_risk_share,high,somewhat_formal,posterior,0.75
947ff3b2-cdf2-560d-8fe3-bee9d373adb4,basketball,2,no_share,low,somewhat_intimate,prior,0.78
947ff3b2-cdf2-560d-8fe3-bee9d373adb4,basketball,2,no_share,low,somewhat_intimate,posterior,0.0
947ff3b2-cdf2-560d-8fe3-bee9d373adb4,takeout,3,low_risk_share,high,somewhat_formal,prior,0.89
947ff3b2-cdf2-560d-8fe3-bee9d373adb4,takeout,3,low_risk_share,high,somewhat_formal,posterior,0.95
947ff3b2-cdf2-560d-8fe3-bee9d373adb4,gala,4,no_share,high,max_formal,prior,0.29
947ff3b2-cdf2-560d-8fe3-bee9d373adb4,gala,4,no_share,high,max_formal,posterior,0.12
947ff3b2-cdf2-560d-8fe3-bee9d373adb4,dip,5,high_risk_share,high,somewhat_intimate,prior,0.72
947ff3b2-cdf2-560d-8fe3-bee9d373adb4,dip,5,high_risk_share,high,somewhat_intimate,posterior,0.83
947ff3b2-cdf2-560d-8fe3-bee9d373adb4,soup,6,low_risk_share,low,max_formal,prior,0.1
947ff3b2-cdf2-560d-8fe3-bee9d373adb4,soup,6,low_risk_share,low,max_formal,posterior,0.78
947ff3b2-cdf2-560d-8fe3-bee9d373adb4,hike,7,low_risk_share,low,max_intimate,prior,0.73
947ff3b2-cdf2-560d-8fe3-bee9d373adb4,hike,7,low_risk_share,low,max_intimate,posterior,0.84
947ff3b2-cdf2-560d-8fe3-bee9d373adb4,driving,8,low_risk_share,high,somewhat_intimate,prior,0.64
947ff3b2-cdf2-560d-8fe3-bee9d373adb4,driving,8,low_risk_share,high,somewhat_intimate,posterior,0.7
947ff3b2-cdf2-560d-8fe3-bee9d373adb4,birthday,9,no_share,high,max_intimate,prior,0.96
947ff3b2-cdf2-560d-8fe3-bee9d373adb4,birthday,9,no_share,high,max_intimate,posterior,0.02
947ff3b2-cdf2-560d-8fe3-bee9d373adb4,oysters,10,low_risk_share,high,max_intimate,prior,0.81
947ff3b2-cdf2-560d-8fe3-bee9d373adb4,oysters,10,low_risk_share,high,max_intimate,posterior,0.87
947ff3b2-cdf2-560d-8fe3-bee9d373adb4,cooking,11,high_risk_share,low,somewhat_intimate,prior,0.78
947ff3b2-cdf2-560d-8fe3-bee9d373adb4,cooking,11,high_risk_share,low,somewhat_intimate,posterior,0.89
947ff3b2-cdf2-560d-8fe3-bee9d373adb4,drinks,12,high_risk_share,low,somewhat_formal,prior,0.74
947ff3b2-cdf2-560d-8fe3-bee9d373adb4,drinks,12,high_risk_share,low,somewhat_formal,posterior,0.94
947ff3b2-cdf2-560d-8fe3-bee9d373adb4,fair,13,low_risk_share,low,somewhat_formal,prior,0.81
947ff3b2-cdf2-560d-8fe3-bee9d373adb4,fair,13,low_risk_share,low,somewhat_formal,posterior,0.92
947ff3b2-cdf2-560d-8fe3-bee9d373adb4,brunch,14,no_share,low,max_intimate,prior,0.59
947ff3b2-cdf2-560d-8fe3-bee9d373adb4,brunch,14,no_share,low,max_intimate,posterior,0.02
947ff3b2-cdf2-560d-8fe3-bee9d373adb4,wedding,15,no_share,low,max_formal,prior,0.77
947ff3b2-cdf2-560d-8fe3-bee9d373adb4,wedding,15,no_share,low,max_formal,posterior,0.02
be796c77-ab8e-5f70-b08e-02c146d790dd,wedding,0,low_risk_share,low,max_intimate,prior,0.85
be796c77-ab8e-5f70-b08e-02c146d790dd,wedding,0,low_risk_share,low,max_intimate,posterior,0.97
be796c77-ab8e-5f70-b08e-02c146d790dd,drinks,1,high_risk_share,high,max_formal,prior,0.75
be796c77-ab8e-5f70-b08e-02c146d790dd,drinks,1,high_risk_share,high,max_formal,posterior,0.95
be796c77-ab8e-5f70-b08e-02c146d790dd,cooking,2,no_share,high,max_formal,prior,0.91
be796c77-ab8e-5f70-b08e-02c146d790dd,cooking,2,no_share,high,max_formal,posterior,0.9
be796c77-ab8e-5f70-b08e-02c146d790dd,soup,3,high_risk_share,high,somewhat_intimate,prior,0.64
be796c77-ab8e-5f70-b08e-02c146d790dd,soup,3,high_risk_share,high,somewhat_intimate,posterior,0.5
be796c77-ab8e-5f70-b08e-02c146d790dd,fair,4,no_share,high,somewhat_formal,prior,0.92
be796c77-ab8e-5f70-b08e-02c146d790dd,fair,4,no_share,high,somewhat_formal,posterior,0.95
be796c77-ab8e-5f70-b08e-02c146d790dd,hike,5,high_risk_share,low,somewhat_formal,prior,0.74
be796c77-ab8e-5f70-b08e-02c146d790dd,hike,5,high_risk_share,low,somewhat_formal,posterior,0.31
be796c77-ab8e-5f70-b08e-02c146d790dd,social,6,high_risk_share,low,max_intimate,prior,0.89
be796c77-ab8e-5f70-b08e-02c146d790dd,social,6,high_risk_share,low,max_intimate,posterior,0.23
be796c77-ab8e-5f70-b08e-02c146d790dd,takeout,7,low_risk_share,low,somewhat_intimate,prior,0.95
be796c77-ab8e-5f70-b08e-02c146d790dd,takeout,7,low_risk_share,low,somewhat_intimate,posterior,0.98
be796c77-ab8e-5f70-b08e-02c146d790dd,oysters,8,no_share,low,max_intimate,prior,0.88
be796c77-ab8e-5f70-b08e-02c146d790dd,oysters,8,no_share,low,max_intimate,posterior,0.92
be796c77-ab8e-5f70-b08e-02c146d790dd,basketball,9,no_share,low,somewhat_formal,prior,0.8
be796c77-ab8e-5f70-b08e-02c146d790dd,basketball,9,no_share,low,somewhat_formal,posterior,0.5
be796c77-ab8e-5f70-b08e-02c146d790dd,birthday,10,low_risk_share,high,somewhat_intimate,prior,0.81
be796c77-ab8e-5f70-b08e-02c146d790dd,birthday,10,low_risk_share,high,somewhat_intimate,posterior,0.85
be796c77-ab8e-5f70-b08e-02c146d790dd,apples,11,no_share,high,somewhat_intimate,prior,0.84
be796c77-ab8e-5f70-b08e-02c146d790dd,apples,11,no_share,high,somewhat_intimate,posterior,0.84
be796c77-ab8e-5f70-b08e-02c146d790dd,dip,12,high_risk_share,high,max_intimate,prior,0.85
be796c77-ab8e-5f70-b08e-02c146d790dd,dip,12,high_risk_share,high,max_intimate,posterior,0.86
be796c77-ab8e-5f70-b08e-02c146d790dd,gala,13,low_risk_share,high,max_formal,prior,0.85
be796c77-ab8e-5f70-b08e-02c146d790dd,gala,13,low_risk_share,high,max_formal,posterior,0.92
be796c77-ab8e-5f70-b08e-02c146d790dd,brunch,14,low_risk_share,low,somewhat_formal,prior,0.89
be796c77-ab8e-5f70-b08e-02c146d790dd,brunch,14,low_risk_share,low,somewhat_formal,posterior,0.93
be796c77-ab8e-5f70-b08e-02c146d790dd,driving,15,high_risk_share,low,max_formal,prior,0.91
be796c77-ab8e-5f70-b08e-02c146d790dd,driving,15,high_risk_share,low,max_formal,posterior,0.32
5a888e6d-8da4-539c-bb89-b7336640dedd,hike,0,low_risk_share,high,max_formal,prior,0.5
5a888e6d-8da4-539c-bb89-b7336640dedd,hike,0,low_risk_share,high,max_formal,posterior,0.7
5a888e6d-8da4-539c-bb89-b7336640dedd,basketball,1,low_risk_share,low,somewhat_intimate,prior,0.8
5a888e6d-8da4-539c-bb89-b7336640dedd,basketball,1,low_risk_share,low,somewhat_intimate,posterior,0.93
5a888e6d-8da4-539c-bb89-b7336640dedd,fair,2,high_risk_share,low,max_intimate,prior,1.0
5a888e6d-8da4-539c-bb89-b7336640dedd,fair,2,high_risk_share,low,max_intimate,posterior,0.22
5a888e6d-8da4-539c-bb89-b7336640dedd,oysters,3,high_risk_share,low,somewhat_intimate,prior,0.92
5a888e6d-8da4-539c-bb89-b7336640dedd,oysters,3,high_risk_share,low,somewhat_intimate,posterior,0.03
5a888e6d-8da4-539c-bb89-b7336640dedd,gala,4,no_share,high,max_intimate,prior,1.0
5a888e6d-8da4-539c-bb89-b7336640dedd,gala,4,no_share,high,max_intimate,posterior,0.09
5a888e6d-8da4-539c-bb89-b7336640dedd,drinks,5,low_risk_share,high,somewhat_formal,prior,0.72
5a888e6d-8da4-539c-bb89-b7336640dedd,drinks,5,low_risk_share,high,somewhat_formal,posterior,0.9
5a888e6d-8da4-539c-bb89-b7336640dedd,cooking,6,no_share,low,somewhat_formal,prior,0.8
5a888e6d-8da4-539c-bb89-b7336640dedd,cooking,6,no_share,low,somewhat_formal,posterior,0.05
5a888e6d-8da4-539c-bb89-b7336640dedd,dip,7,low_risk_share,high,max_intimate,prior,0.21
5a888e6d-8da4-539c-bb89-b7336640dedd,dip,7,low_risk_share,high,max_intimate,posterior,0.84
5a888e6d-8da4-539c-bb89-b7336640dedd,apples,8,no_share,low,somewhat_intimate,prior,0.74
5a888e6d-8da4-539c-bb89-b7336640dedd,apples,8,no_share,low,somewhat_intimate,posterior,0.78
5a888e6d-8da4-539c-bb89-b7336640dedd,soup,9,no_share,high,somewhat_formal,prior,0.1
5a888e6d-8da4-539c-bb89-b7336640dedd,soup,9,no_share,high,somewhat_formal,posterior,0.07
5a888e6d-8da4-539c-bb89-b7336640dedd,wedding,10,high_risk_share,low,max_formal,prior,0.07
5a888e6d-8da4-539c-bb89-b7336640dedd,wedding,10,high_risk_share,low,max_formal,posterior,0.03
5a888e6d-8da4-539c-bb89-b7336640dedd,social,11,no_share,high,somewhat_intimate,prior,0.12
5a888e6d-8da4-539c-bb89-b7336640dedd,social,11,no_share,high,somewhat_intimate,posterior,0.06
5a888e6d-8da4-539c-bb89-b7336640dedd,driving,12,no_share,low,max_formal,prior,0.78
5a888e6d-8da4-539c-bb89-b7336640dedd,driving,12,no_share,low,max_formal,posterior,0.73
5a888e6d-8da4-539c-bb89-b7336640dedd,takeout,13,high_risk_share,high,somewhat_formal,prior,0.2
5a888e6d-8da4-539c-bb89-b7336640dedd,takeout,13,high_risk_share,high,somewhat_formal,posterior,0.22
5a888e6d-8da4-539c-bb89-b7336640dedd,brunch,14,low_risk_share,low,max_formal,prior,0.24
5a888e6d-8da4-539c-bb89-b7336640dedd,brunch,14,low_risk_share,low,max_formal,posterior,0.92
5a888e6d-8da4-539c-bb89-b7336640dedd,birthday,15,high_risk_share,high,max_intimate,prior,0.74
5a888e6d-8da4-539c-bb89-b7336640dedd,birthday,15,high_risk_share,high,max_intimate,posterior,0.86
1a94f765-73ed-54c7-8599-75138cceed46,cooking,0,low_risk_share,low,somewhat_intimate,prior,1.0
1a94f765-73ed-54c7-8599-75138cceed46,cooking,0,low_risk_share,low,somewhat_intimate,posterior,1.0
1a94f765-73ed-54c7-8599-75138cceed46,soup,1,no_share,high,somewhat_intimate,prior,0.5
1a94f765-73ed-54c7-8599-75138cceed46,soup,1,no_share,high,somewhat_intimate,posterior,0.5
1a94f765-73ed-54c7-8599-75138cceed46,oysters,2,low_risk_share,high,somewhat_formal,prior,0.0
1a94f765-73ed-54c7-8599-75138cceed46,oysters,2,low_risk_share,high,somewhat_formal,posterior,0.0
1a94f765-73ed-54c7-8599-75138cceed46,basketball,3,high_risk_share,low,max_intimate,prior,0.01
1a94f765-73ed-54c7-8599-75138cceed46,basketball,3,high_risk_share,low,max_intimate,posterior,0.32
1a94f765-73ed-54c7-8599-75138cceed46,birthday,4,high_risk_share,low,somewhat_intimate,prior,0.67
1a94f765-73ed-54c7-8599-75138cceed46,birthday,4,high_risk_share,low,somewhat_intimate,posterior,0.84
1a94f765-73ed-54c7-8599-75138cceed46,fair,5,low_risk_share,high,max_intimate,prior,0.89
1a94f765-73ed-54c7-8599-75138cceed46,fair,5,low_risk_share,high,max_intimate,posterior,1.0
1a94f765-73ed-54c7-8599-75138cceed46,apples,6,high_risk_share,low,max_formal,prior,1.0
1a94f765-73ed-54c7-8599-75138cceed46,apples,6,high_risk_share,low,max_formal,posterior,0.11
1a94f765-73ed-54c7-8599-75138cceed46,hike,7,high_risk_share,high,somewhat_formal,prior,0.34
1a94f765-73ed-54c7-8599-75138cceed46,hike,7,high_risk_share,high,somewhat_formal,posterior,0.0
1a94f765-73ed-54c7-8599-75138cceed46,brunch,8,no_share,high,somewhat_formal,prior,0.74
1a94f765-73ed-54c7-8599-75138cceed46,brunch,8,no_share,high,somewhat_formal,posterior,0.33
1a94f765-73ed-54c7-8599-75138cceed46,social,9,low_risk_share,high,max_formal,prior,0.2
1a94f765-73ed-54c7-8599-75138cceed46,social,9,low_risk_share,high,max_formal,posterior,0.26
1a94f765-73ed-54c7-8599-75138cceed46,takeout,10,no_share,low,somewhat_intimate,prior,0.57
1a94f765-73ed-54c7-8599-75138cceed46,takeout,10,no_share,low,somewhat_intimate,posterior,0.21
1a94f765-73ed-54c7-8599-75138cceed46,dip,11,no_share,low,max_formal,prior,1.0
1a94f765-73ed-54c7-8599-75138cceed46,dip,11,no_share,low,max_formal,posterior,0.06
1a94f765-73ed-54c7-8599-75138cceed46,gala,12,low_risk_share,low,max_formal,prior,0.66
1a94f765-73ed-54c7-8599-75138cceed46,gala,12,low_risk_share,low,max_formal,posterior,1.0
1a94f765-73ed-54c7-8599-75138cceed46,driving,13,no_share,low,somewhat_formal,prior,0.35
1a94f765-73ed-54c7-8599-75138cceed46,driving,13,no_share,low,somewhat_formal,posterior,0.25
1a94f765-73ed-54c7-8599-75138cceed46,drinks,14,no_share,high,max_intimate,prior,0.71
1a94f765-73ed-54c7-8599-75138cceed46,drinks,14,no_share,high,max_intimate,posterior,0.03
1a94f765-73ed-54c7-8599-75138cceed46,wedding,15,high_risk_share,high,max_intimate,prior,0.72
1a94f765-73ed-54c7-8599-75138cceed46,wedding,15,high_risk_share,high,max_intimate,posterior,1.0
f532a81a-3490-5e6c-8ef4-ebad28c12377,brunch,0,no_share,low,somewhat_formal,prior,0.29
f532a81a-3490-5e6c-8ef4-ebad28c12377,brunch,0,no_share,low,somewhat_formal,posterior,0.0
f532a81a-3490-5e6c-8ef4-ebad28c12377,hike,1,high_risk_share,low,max_intimate,prior,0.84
f532a81a-3490-5e6c-8ef4-ebad28c12377,hike,1,high_risk_share,low,max_intimate,posterior,1.0
f532a81a-3490-5e6c-8ef4-ebad28c12377,birthday,2,no_share,high,max_intimate,prior,0.23
f532a81a-3490-5e6c-8ef4-ebad28c12377,birthday,2,no_share,high,max_intimate,posterior,0.0
f532a81a-3490-5e6c-8ef4-ebad28c12377,gala,3,low_risk_share,high,max_formal,prior,0.07
f532a81a-3490-5e6c-8ef4-ebad28c12377,gala,3,low_risk_share,high,max_formal,posterior,0.37
f532a81a-3490-5e6c-8ef4-ebad28c12377,cooking,4,low_risk_share,high,max_intimate,prior,0.78
f532a81a-3490-5e6c-8ef4-ebad28c12377,cooking,4,low_risk_share,high,max_intimate,posterior,1.0
f532a81a-3490-5e6c-8ef4-ebad28c12377,driving,5,no_share,high,somewhat_formal,prior,0.66
f532a81a-3490-5e6c-8ef4-ebad28c12377,driving,5,no_share,high,somewhat_formal,posterior,0.29
f532a81a-3490-5e6c-8ef4-ebad28c12377,dip,6,high_risk_share,high,max_intimate,prior,0.68
f532a81a-3490-5e6c-8ef4-ebad28c12377,dip,6,high_risk_share,high,max_intimate,posterior,1.0
f532a81a-3490-5e6c-8ef4-ebad28c12377,fair,7,high_risk_share,low,somewhat_intimate,prior,1.0
f532a81a-3490-5e6c-8ef4-ebad28c12377,fair,7,high_risk_share,low,somewhat_intimate,posterior,1.0
f532a81a-3490-5e6c-8ef4-ebad28c12377,drinks,8,no_share,high,somewhat_intimate,prior,0.25
f532a81a-3490-5e6c-8ef4-ebad28c12377,drinks,8,no_share,high,somewhat_intimate,posterior,0.0
f532a81a-3490-5e6c-8ef4-ebad28c12377,apples,9,high_risk_share,low,max_formal,prior,0.82
f532a81a-3490-5e6c-8ef4-ebad28c12377,apples,9,high_risk_share,low,max_formal,posterior,1.0
f532a81a-3490-5e6c-8ef4-ebad28c12377,wedding,10,no_share,low,somewhat_intimate,prior,0.93
f532a81a-3490-5e6c-8ef4-ebad28c12377,wedding,10,no_share,low,somewhat_intimate,posterior,0.0
f532a81a-3490-5e6c-8ef4-ebad28c12377,takeout,11,low_risk_share,high,somewhat_formal,prior,0.73
f532a81a-3490-5e6c-8ef4-ebad28c12377,takeout,11,low_risk_share,high,somewhat_formal,posterior,0.79
f532a81a-3490-5e6c-8ef4-ebad28c12377,oysters,12,low_risk_share,low,max_formal,prior,0.8
f532a81a-3490-5e6c-8ef4-ebad28c12377,oysters,12,low_risk_share,low,max_formal,posterior,1.0
f532a81a-3490-5e6c-8ef4-ebad28c12377,social,13,no_share,low,max_formal,prior,0.67
f532a81a-3490-5e6c-8ef4-ebad28c12377,social,13,no_share,low,max_formal,posterior,0.0
f532a81a-3490-5e6c-8ef4-ebad28c12377,soup,14,low_risk_share,low,somewhat_intimate,prior,0.29
f532a81a-3490-5e6c-8ef4-ebad28c12377,soup,14,low_risk_share,low,somewhat_intimate,posterior,0.69
f532a81a-3490-5e6c-8ef4-ebad28c12377,basketball,15,high_risk_share,high,somewhat_formal,prior,0.81
f532a81a-3490-5e6c-8ef4-ebad28c12377,basketball,15,high_risk_share,high,somewhat_formal,posterior,1.0
26d303b4-475f-50f3-b923-4b7039790055,dip,0,low_risk_share,low,max_formal,prior,1.0
26d303b4-475f-50f3-b923-4b7039790055,dip,0,low_risk_share,low,max_formal,posterior,1.0
26d303b4-475f-50f3-b923-4b7039790055,drinks,1,low_risk_share,high,max_intimate,prior,0.88
26d303b4-475f-50f3-b923-4b7039790055,drinks,1,low_risk_share,high,max_intimate,posterior,0.9
26d303b4-475f-50f3-b923-4b7039790055,driving,2,no_share,high,somewhat_formal,prior,0.84
26d303b4-475f-50f3-b923-4b7039790055,driving,2,no_share,high,somewhat_formal,posterior,0.38
26d303b4-475f-50f3-b923-4b7039790055,oysters,3,no_share,low,somewhat_intimate,prior,0.81
26d303b4-475f-50f3-b923-4b7039790055,oysters,3,no_share,low,somewhat_intimate,posterior,0.32
26d303b4-475f-50f3-b923-4b7039790055,fair,4,high_risk_share,low,somewhat_intimate,prior,0.76
26d303b4-475f-50f3-b923-4b7039790055,fair,4,high_risk_share,low,somewhat_intimate,posterior,0.85
26d303b4-475f-50f3-b923-4b7039790055,takeout,5,high_risk_share,high,somewhat_formal,prior,0.27
26d303b4-475f-50f3-b923-4b7039790055,takeout,5,high_risk_share,high,somewhat_formal,posterior,1.0
26d303b4-475f-50f3-b923-4b7039790055,basketball,6,low_risk_share,high,somewhat_formal,prior,0.22
26d303b4-475f-50f3-b923-4b7039790055,basketball,6,low_risk_share,high,somewhat_formal,posterior,0.29
26d303b4-475f-50f3-b923-4b7039790055,soup,7,no_share,low,somewhat_formal,prior,0.98
26d303b4-475f-50f3-b923-4b7039790055,soup,7,no_share,low,somewhat_formal,posterior,1.0
26d303b4-475f-50f3-b923-4b7039790055,social,8,low_risk_share,high,max_formal,prior,0.71
26d303b4-475f-50f3-b923-4b7039790055,social,8,low_risk_share,high,max_formal,posterior,0.73
26d303b4-475f-50f3-b923-4b7039790055,wedding,9,high_risk_share,low,max_intimate,prior,1.0
26d303b4-475f-50f3-b923-4b7039790055,wedding,9,high_risk_share,low,max_intimate,posterior,1.0
26d303b4-475f-50f3-b923-4b7039790055,hike,10,no_share,high,max_intimate,prior,0.69
26d303b4-475f-50f3-b923-4b7039790055,hike,10,no_share,high,max_intimate,posterior,0.34
26d303b4-475f-50f3-b923-4b7039790055,birthday,11,no_share,high,somewhat_intimate,prior,0.22
26d303b4-475f-50f3-b923-4b7039790055,birthday,11,no_share,high,somewhat_intimate,posterior,0.0
26d303b4-475f-50f3-b923-4b7039790055,gala,12,low_risk_share,low,somewhat_intimate,prior,1.0
26d303b4-475f-50f3-b923-4b7039790055,gala,12,low_risk_share,low,somewhat_intimate,posterior,1.0
26d303b4-475f-50f3-b923-4b7039790055,brunch,13,high_risk_share,high,max_intimate,prior,0.23
26d303b4-475f-50f3-b923-4b7039790055,brunch,13,high_risk_share,high,max_intimate,posterior,0.64
26d303b4-475f-50f3-b923-4b7039790055,apples,14,no_share,low,max_formal,prior,1.0
26d303b4-475f-50f3-b923-4b7039790055,apples,14,no_share,low,max_formal,posterior,0.5
26d303b4-475f-50f3-b923-4b7039790055,cooking,15,high_risk_share,low,max_formal,prior,1.0
26d303b4-475f-50f3-b923-4b7039790055,cooking,15,high_risk_share,low,max_formal,posterior,1.0
15f32aad-a99b-5d8c-9509-9468216669ce,gala,0,no_share,high,max_formal,prior,0.44
15f32aad-a99b-5d8c-9509-9468216669ce,gala,0,no_share,high,max_formal,posterior,0.35
15f32aad-a99b-5d8c-9509-9468216669ce,dip,1,high_risk_share,high,max_formal,prior,0.52
15f32aad-a99b-5d8c-9509-9468216669ce,dip,1,high_risk_share,high,max_formal,posterior,0.69
15f32aad-a99b-5d8c-9509-9468216669ce,drinks,2,high_risk_share,low,somewhat_intimate,prior,0.61
15f32aad-a99b-5d8c-9509-9468216669ce,drinks,2,high_risk_share,low,somewhat_intimate,posterior,0.69
15f32aad-a99b-5d8c-9509-9468216669ce,driving,3,low_risk_share,high,max_intimate,prior,0.66
15f32aad-a99b-5d8c-9509-9468216669ce,driving,3,low_risk_share,high,max_intimate,posterior,0.63
15f32aad-a99b-5d8c-9509-9468216669ce,wedding,4,high_risk_share,high,somewhat_formal,prior,0.57
15f32aad-a99b-5d8c-9509-9468216669ce,wedding,4,high_risk_share,high,somewhat_formal,posterior,0.89
15f32aad-a99b-5d8c-9509-9468216669ce,takeout,5,no_share,low,max_formal,prior,0.62
15f32aad-a99b-5d8c-9509-9468216669ce,takeout,5,no_share,low,max_formal,posterior,0.24
15f32aad-a99b-5d8c-9509-9468216669ce,soup,6,high_risk_share,high,somewhat_intimate,prior,0.57
15f32aad-a99b-5d8c-9509-9468216669ce,soup,6,high_risk_share,high,somewhat_intimate,posterior,0.95
15f32aad-a99b-5d8c-9509-9468216669ce,social,7,low_risk_share,low,max_intimate,prior,0.69
15f32aad-a99b-5d8c-9509-9468216669ce,social,7,low_risk_share,low,max_intimate,posterior,0.93
15f32aad-a99b-5d8c-9509-9468216669ce,brunch,8,low_risk_share,low,max_formal,prior,0.61
15f32aad-a99b-5d8c-9509-9468216669ce,brunch,8,low_risk_share,low,max_formal,posterior,1.0
15f32aad-a99b-5d8c-9509-9468216669ce,fair,9,no_share,high,max_intimate,prior,0.57
15f32aad-a99b-5d8c-9509-9468216669ce,fair,9,no_share,high,max_intimate,posterior,0.5
15f32aad-a99b-5d8c-9509-9468216669ce,oysters,10,no_share,low,max_intimate,prior,0.93
15f32aad-a99b-5d8c-9509-9468216669ce,oysters,10,no_share,low,max_intimate,posterior,1.0
15f32aad-a99b-5d8c-9509-9468216669ce,cooking,11,low_risk_share,high,somewhat_intimate,prior,0.75
15f32aad-a99b-5d8c-9509-9468216669ce,cooking,11,low_risk_share,high,somewhat_intimate,posterior,1.0
15f32aad-a99b-5d8c-9509-9468216669ce,apples,12,low_risk_share,high,somewhat_formal,prior,0.8
15f32aad-a99b-5d8c-9509-9468216669ce,apples,12,low_risk_share,high,somewhat_formal,posterior,1.0
15f32aad-a99b-5d8c-9509-9468216669ce,basketball,13,no_share,low,somewhat_intimate,prior,1.0
15f32aad-a99b-5d8c-9509-9468216669ce,basketball,13,no_share,low,somewhat_intimate,posterior,0.76
15f32aad-a99b-5d8c-9509-9468216669ce,hike,14,low_risk_share,low,somewhat_formal,prior,0.8
15f32aad-a99b-5d8c-9509-9468216669ce,hike,14,low_risk_share,low,somewhat_formal,posterior,0.99
15f32aad-a99b-5d8c-9509-9468216669ce,birthday,15,high_risk_share,low,somewhat_formal,prior,1.0
15f32aad-a99b-5d8c-9509-9468216669ce,birthday,15,high_risk_share,low,somewhat_formal,posterior,0.99
d112c58d-c7a2-5513-8838-1a9dc51e3991,takeout,0,high_risk_share,low,somewhat_intimate,prior,0.82
d112c58d-c7a2-5513-8838-1a9dc51e3991,takeout,0,high_risk_share,low,somewhat_intimate,posterior,0.98
d112c58d-c7a2-5513-8838-1a9dc51e3991,basketball,1,no_share,low,max_formal,prior,0.61
d112c58d-c7a2-5513-8838-1a9dc51e3991,basketball,1,no_share,low,max_formal,posterior,0.41
d112c58d-c7a2-5513-8838-1a9dc51e3991,birthday,2,low_risk_share,low,somewhat_formal,prior,0.76
d112c58d-c7a2-5513-8838-1a9dc51e3991,birthday,2,low_risk_share,low,somewhat_formal,posterior,0.94
d112c58d-c7a2-5513-8838-1a9dc51e3991,social,3,low_risk_share,low,max_formal,prior,0.56
d112c58d-c7a2-5513-8838-1a9dc51e3991,social,3,low_risk_share,low,max_formal,posterior,0.83
d112c58d-c7a2-5513-8838-1a9dc51e3991,dip,4,high_risk_share,high,max_formal,prior,0.88
d112c58d-c7a2-5513-8838-1a9dc51e3991,dip,4,high_risk_share,high,max_formal,posterior,0.9
d112c58d-c7a2-5513-8838-1a9dc51e3991,wedding,5,low_risk_share,high,somewhat_intimate,prior,0.92
d112c58d-c7a2-5513-8838-1a9dc51e3991,wedding,5,low_risk_share,high,somewhat_intimate,posterior,0.87
d112c58d-c7a2-5513-8838-1a9dc51e3991,apples,6,low_risk_share,high,somewhat_formal,prior,0.64
d112c58d-c7a2-5513-8838-1a9dc51e3991,apples,6,low_risk_share,high,somewhat_formal,posterior,0.8
d112c58d-c7a2-5513-8838-1a9dc51e3991,fair,7,no_share,low,somewhat_intimate,prior,0.96
d112c58d-c7a2-5513-8838-1a9dc51e3991,fair,7,no_share,low,somewhat_intimate,posterior,0.78
d112c58d-c7a2-5513-8838-1a9dc51e3991,drinks,8,high_risk_share,low,somewhat_formal,prior,0.6
d112c58d-c7a2-5513-8838-1a9dc51e3991,drinks,8,high_risk_share,low,somewhat_formal,posterior,0.75
d112c58d-c7a2-5513-8838-1a9dc51e3991,gala,9,low_risk_share,high,max_intimate,prior,0.99
d112c58d-c7a2-5513-8838-1a9dc51e3991,gala,9,low_risk_share,high,max_intimate,posterior,0.91
d112c58d-c7a2-5513-8838-1a9dc51e3991,soup,10,high_risk_share,high,somewhat_intimate,prior,0.85
d112c58d-c7a2-5513-8838-1a9dc51e3991,soup,10,high_risk_share,high,somewhat_intimate,posterior,0.96
d112c58d-c7a2-5513-8838-1a9dc51e3991,driving,11,low_risk_share,low,max_intimate,prior,0.58
d112c58d-c7a2-5513-8838-1a9dc51e3991,driving,11,low_risk_share,low,max_intimate,posterior,0.75
d112c58d-c7a2-5513-8838-1a9dc51e3991,oysters,12,high_risk_share,high,somewhat_formal,prior,0.69
d112c58d-c7a2-5513-8838-1a9dc51e3991,oysters,12,high_risk_share,high,somewhat_formal,posterior,0.84
d112c58d-c7a2-5513-8838-1a9dc51e3991,hike,13,no_share,low,max_intimate,prior,0.75
d112c58d-c7a2-5513-8838-1a9dc51e3991,hike,13,no_share,low,max_intimate,posterior,0.53
d112c58d-c7a2-5513-8838-1a9dc51e3991,cooking,14,no_share,high,max_intimate,prior,0.97
d112c58d-c7a2-5513-8838-1a9dc51e3991,cooking,14,no_share,high,max_intimate,posterior,0.65
d112c58d-c7a2-5513-8838-1a9dc51e3991,brunch,15,no_share,high,max_formal,prior,0.7
d112c58d-c7a2-5513-8838-1a9dc51e3991,brunch,15,no_share,high,max_formal,posterior,0.38
fa7a86c5-b6ad-515f-ac13-6a827b136c72,cooking,0,high_risk_share,low,somewhat_formal,prior,1.0
fa7a86c5-b6ad-515f-ac13-6a827b136c72,cooking,0,high_risk_share,low,somewhat_formal,posterior,0.9
fa7a86c5-b6ad-515f-ac13-6a827b136c72,oysters,1,no_share,high,max_formal,prior,0.86
fa7a86c5-b6ad-515f-ac13-6a827b136c72,oysters,1,no_share,high,max_formal,posterior,0.84
fa7a86c5-b6ad-515f-ac13-6a827b136c72,gala,2,low_risk_share,high,somewhat_intimate,prior,0.55
fa7a86c5-b6ad-515f-ac13-6a827b136c72,gala,2,low_risk_share,high,somewhat_intimate,posterior,0.83
fa7a86c5-b6ad-515f-ac13-6a827b136c72,brunch,3,low_risk_share,high,max_intimate,prior,0.92
fa7a86c5-b6ad-515f-ac13-6a827b136c72,brunch,3,low_risk_share,high,max_intimate,posterior,0.87
fa7a86c5-b6ad-515f-ac13-6a827b136c72,apples,4,high_risk_share,high,max_formal,prior,0.76
fa7a86c5-b6ad-515f-ac13-6a827b136c72,apples,4,high_risk_share,high,max_formal,posterior,0.23
fa7a86c5-b6ad-515f-ac13-6a827b136c72,driving,5,low_risk_share,high,somewhat_formal,prior,0.16
fa7a86c5-b6ad-515f-ac13-6a827b136c72,driving,5,low_risk_share,high,somewhat_formal,posterior,0.58
fa7a86c5-b6ad-515f-ac13-6a827b136c72,drinks,6,no_share,high,max_intimate,prior,0.84
fa7a86c5-b6ad-515f-ac13-6a827b136c72,drinks,6,no_share,high,max_intimate,posterior,0.74
fa7a86c5-b6ad-515f-ac13-6a827b136c72,wedding,7,low_risk_share,low,max_intimate,prior,0.83
fa7a86c5-b6ad-515f-ac13-6a827b136c72,wedding,7,low_risk_share,low,max_intimate,posterior,0.85
fa7a86c5-b6ad-515f-ac13-6a827b136c72,birthday,8,no_share,low,max_intimate,prior,0.94
fa7a86c5-b6ad-515f-ac13-6a827b136c72,birthday,8,no_share,low,max_intimate,posterior,0.08
fa7a86c5-b6ad-515f-ac13-6a827b136c72,takeout,9,low_risk_share,low,max_formal,prior,0.67
fa7a86c5-b6ad-515f-ac13-6a827b136c72,takeout,9,low_risk_share,low,max_formal,posterior,0.85
fa7a86c5-b6ad-515f-ac13-6a827b136c72,social,10,low_risk_share,low,somewhat_formal,prior,0.3
fa7a86c5-b6ad-515f-ac13-6a827b136c72,social,10,low_risk_share,low,somewhat_formal,posterior,0.5
fa7a86c5-b6ad-515f-ac13-6a827b136c72,hike,11,high_risk_share,high,somewhat_formal,prior,0.7
fa7a86c5-b6ad-515f-ac13-6a827b136c72,hike,11,high_risk_share,high,somewhat_formal,posterior,0.61
fa7a86c5-b6ad-515f-ac13-6a827b136c72,fair,12,high_risk_share,low,somewhat_intimate,prior,0.74
fa7a86c5-b6ad-515f-ac13-6a827b136c72,fair,12,high_risk_share,low,somewhat_intimate,posterior,0.7
fa7a86c5-b6ad-515f-ac13-6a827b136c72,soup,13,no_share,low,somewhat_intimate,prior,0.76
fa7a86c5-b6ad-515f-ac13-6a827b136c72,soup,13,no_share,low,somewhat_intimate,posterior,0.84
fa7a86c5-b6ad-515f-ac13-6a827b136c72,dip,14,no_share,low,max_formal,prior,0.74
fa7a86c5-b6ad-515f-ac13-6a827b136c72,dip,14,no_share,low,max_formal,posterior,0.68
fa7a86c5-b6ad-515f-ac13-6a827b136c72,basketball,15,high_risk_share,high,somewhat_intimate,prior,0.72
fa7a86c5-b6ad-515f-ac13-6a827b136c72,basketball,15,high_risk_share,high,somewhat_intimate,posterior,0.76
c6af5015-5186-5729-b269-c34e09006b1d,oysters,0,no_share,low,max_formal,prior,0.74
c6af5015-5186-5729-b269-c34e09006b1d,oysters,0,no_share,low,max_formal,posterior,0.6
c6af5015-5186-5729-b269-c34e09006b1d,birthday,1,low_risk_share,high,max_formal,prior,0.5
c6af5015-5186-5729-b269-c34e09006b1d,birthday,1,low_risk_share,high,max_formal,posterior,0.85
c6af5015-5186-5729-b269-c34e09006b1d,basketball,2,no_share,low,somewhat_formal,prior,0.65
c6af5015-5186-5729-b269-c34e09006b1d,basketball,2,no_share,low,somewhat_formal,posterior,0.0
c6af5015-5186-5729-b269-c34e09006b1d,drinks,3,no_share,high,somewhat_formal,prior,0.75
c6af5015-5186-5729-b269-c34e09006b1d,drinks,3,no_share,high,somewhat_formal,posterior,0.5
c6af5015-5186-5729-b269-c34e09006b1d,wedding,4,low_risk_share,high,somewhat_formal,prior,0.75
c6af5015-5186-5729-b269-c34e09006b1d,wedding,4,low_risk_share,high,somewhat_formal,posterior,1.0
c6af5015-5186-5729-b269-c34e09006b1d,takeout,5,high_risk_share,low,somewhat_intimate,prior,0.52
c6af5015-5186-5729-b269-c34e09006b1d,takeout,5,high_risk_share,low,somewhat_intimate,posterior,1.0
c6af5015-5186-5729-b269-c34e09006b1d,soup,6,no_share,high,somewhat_intimate,prior,0.63
c6af5015-5186-5729-b269-c34e09006b1d,soup,6,no_share,high,somewhat_intimate,posterior,0.0
c6af5015-5186-5729-b269-c34e09006b1d,social,7,high_risk_share,high,max_intimate,prior,1.0
c6af5015-5186-5729-b269-c34e09006b1d,social,7,high_risk_share,high,max_intimate,posterior,1.0
c6af5015-5186-5729-b269-c34e09006b1d,cooking,8,no_share,high,max_intimate,prior,1.0
c6af5015-5186-5729-b269-c34e09006b1d,cooking,8,no_share,high,max_intimate,posterior,0.0
c6af5015-5186-5729-b269-c34e09006b1d,driving,9,low_risk_share,low,somewhat_intimate,prior,0.73
c6af5015-5186-5729-b269-c34e09006b1d,driving,9,low_risk_share,low,somewhat_intimate,posterior,1.0
c6af5015-5186-5729-b269-c34e09006b1d,dip,10,no_share,low,somewhat_intimate,prior,1.0
c6af5015-5186-5729-b269-c34e09006b1d,dip,10,no_share,low,somewhat_intimate,posterior,0.5
c6af5015-5186-5729-b269-c34e09006b1d,fair,11,high_risk_share,high,somewhat_formal,prior,0.29
c6af5015-5186-5729-b269-c34e09006b1d,fair,11,high_risk_share,high,somewhat_formal,posterior,0.6
c6af5015-5186-5729-b269-c34e09006b1d,brunch,12,high_risk_share,low,max_intimate,prior,1.0
c6af5015-5186-5729-b269-c34e09006b1d,brunch,12,high_risk_share,low,max_intimate,posterior,1.0
c6af5015-5186-5729-b269-c34e09006b1d,apples,13,low_risk_share,high,max_intimate,prior,0.3
c6af5015-5186-5729-b269-c34e09006b1d,apples,13,low_risk_share,high,max_intimate,posterior,0.78
c6af5015-5186-5729-b269-c34e09006b1d,hike,14,high_risk_share,low,max_formal,prior,0.85
c6af5015-5186-5729-b269-c34e09006b1d,hike,14,high_risk_share,low,max_formal,posterior,1.0
c6af5015-5186-5729-b269-c34e09006b1d,gala,15,low_risk_share,low,max_formal,prior,0.0
c6af5015-5186-5729-b269-c34e09006b1d,gala,15,low_risk_share,low,max_formal,posterior,1.0
2eae8759-1b3d-5c11-9027-243c4e18b307,takeout,0,high_risk_share,low,max_formal,prior,0.78
2eae8759-1b3d-5c11-9027-243c4e18b307,takeout,0,high_risk_share,low,max_formal,posterior,1.0
2eae8759-1b3d-5c11-9027-243c4e18b307,apples,1,no_share,high,somewhat_formal,prior,0.65
2eae8759-1b3d-5c11-9027-243c4e18b307,apples,1,no_share,high,somewhat_formal,posterior,0.5
2eae8759-1b3d-5c11-9027-243c4e18b307,wedding,2,low_risk_share,low,somewhat_intimate,prior,0.87
2eae8759-1b3d-5c11-9027-243c4e18b307,wedding,2,low_risk_share,low,somewhat_intimate,posterior,1.0
2eae8759-1b3d-5c11-9027-243c4e18b307,oysters,3,no_share,high,somewhat_intimate,prior,0.82
2eae8759-1b3d-5c11-9027-243c4e18b307,oysters,3,no_share,high,somewhat_intimate,posterior,0.78
2eae8759-1b3d-5c11-9027-243c4e18b307,hike,4,high_risk_share,low,max_intimate,prior,0.74
2eae8759-1b3d-5c11-9027-243c4e18b307,hike,4,high_risk_share,low,max_intimate,posterior,0.89
2eae8759-1b3d-5c11-9027-243c4e18b307,driving,5,high_risk_share,high,max_intimate,prior,0.92
2eae8759-1b3d-5c11-9027-243c4e18b307,driving,5,high_risk_share,high,max_intimate,posterior,0.98
2eae8759-1b3d-5c11-9027-243c4e18b307,fair,6,high_risk_share,low,somewhat_intimate,prior,0.78
2eae8759-1b3d-5c11-9027-243c4e18b307,fair,6,high_risk_share,low,somewhat_intimate,posterior,1.0
2eae8759-1b3d-5c11-9027-243c4e18b307,drinks,7,low_risk_share,high,max_formal,prior,0.91
2eae8759-1b3d-5c11-9027-243c4e18b307,drinks,7,low_risk_share,high,max_formal,posterior,1.0
2eae8759-1b3d-5c11-9027-243c4e18b307,gala,8,high_risk_share,high,somewhat_formal,prior,0.5
2eae8759-1b3d-5c11-9027-243c4e18b307,gala,8,high_risk_share,high,somewhat_formal,posterior,0.89
2eae8759-1b3d-5c11-9027-243c4e18b307,cooking,9,low_risk_share,high,somewhat_formal,prior,0.83
2eae8759-1b3d-5c11-9027-243c4e18b307,cooking,9,low_risk_share,high,somewhat_formal,posterior,0.59
2eae8759-1b3d-5c11-9027-243c4e18b307,brunch,10,low_risk_share,high,max_intimate,prior,0.33
2eae8759-1b3d-5c11-9027-243c4e18b307,brunch,10,low_risk_share,high,max_intimate,posterior,0.83
2eae8759-1b3d-5c11-9027-243c4e18b307,basketball,11,no_share,low,max_formal,prior,0.79
2eae8759-1b3d-5c11-9027-243c4e18b307,basketball,11,no_share,low,max_formal,posterior,0.2
2eae8759-1b3d-5c11-9027-243c4e18b307,social,12,no_share,low,somewhat_formal,prior,0.26
2eae8759-1b3d-5c11-9027-243c4e18b307,social,12,no_share,low,somewhat_formal,posterior,0.17
2eae8759-1b3d-5c11-9027-243c4e18b307,soup,13,no_share,low,somewhat_intimate,prior,0.7
2eae8759-1b3d-5c11-9027-243c4e18b307,soup,13,no_share,low,somewhat_intimate,posterior,0.5
2eae8759-1b3d-5c11-9027-243c4e18b307,birthday,14,low_risk_share,low,max_formal,prior,0.62
2eae8759-1b3d-5c11-9027-243c4e18b307,birthday,14,low_risk_share,low,max_formal,posterior,0.61
2eae8759-1b3d-5c11-9027-243c4e18b307,dip,15,no_share,high,max_intimate,prior,0.74
2eae8759-1b3d-5c11-9027-243c4e18b307,dip,15,no_share,high,max_intimate,posterior,0.58
9d69b4b8-9c4c-5603-83f3-0c67ac7a03ea,driving,0,high_risk_share,low,somewhat_formal,prior,0.8
9d69b4b8-9c4c-5603-83f3-0c67ac7a03ea,driving,0,high_risk_share,low,somewhat_formal,posterior,0.51
9d69b4b8-9c4c-5603-83f3-0c67ac7a03ea,dip,1,low_risk_share,high,somewhat_intimate,prior,0.61
9d69b4b8-9c4c-5603-83f3-0c67ac7a03ea,dip,1,low_risk_share,high,somewhat_intimate,posterior,0.78
9d69b4b8-9c4c-5603-83f3-0c67ac7a03ea,oysters,2,no_share,low,somewhat_formal,prior,0.74
9d69b4b8-9c4c-5603-83f3-0c67ac7a03ea,oysters,2,no_share,low,somewhat_formal,posterior,0.48
9d69b4b8-9c4c-5603-83f3-0c67ac7a03ea,hike,3,high_risk_share,low,max_intimate,prior,0.66
9d69b4b8-9c4c-5603-83f3-0c67ac7a03ea,hike,3,high_risk_share,low,max_intimate,posterior,0.86
9d69b4b8-9c4c-5603-83f3-0c67ac7a03ea,fair,4,no_share,high,somewhat_intimate,prior,0.65
9d69b4b8-9c4c-5603-83f3-0c67ac7a03ea,fair,4,no_share,high,somewhat_intimate,posterior,0.5
9d69b4b8-9c4c-5603-83f3-0c67ac7a03ea,social,5,no_share,high,somewhat_formal,prior,0.45
9d69b4b8-9c4c-5603-83f3-0c67ac7a03ea,social,5,no_share,high,somewhat_formal,posterior,0.57
9d69b4b8-9c4c-5603-83f3-0c67ac7a03ea,birthday,6,low_risk_share,high,max_formal,prior,0.69
9d69b4b8-9c4c-5603-83f3-0c67ac7a03ea,birthday,6,low_risk_share,high,max_formal,posterior,1.0
9d69b4b8-9c4c-5603-83f3-0c67ac7a03ea,wedding,7,high_risk_share,low,max_formal,prior,0.74
9d69b4b8-9c4c-5603-83f3-0c67ac7a03ea,wedding,7,high_risk_share,low,max_formal,posterior,0.81
9d69b4b8-9c4c-5603-83f3-0c67ac7a03ea,cooking,8,high_risk_share,high,somewhat_intimate,prior,0.68
9d69b4b8-9c4c-5603-83f3-0c67ac7a03ea,cooking,8,high_risk_share,high,somewhat_intimate,posterior,0.9
9d69b4b8-9c4c-5603-83f3-0c67ac7a03ea,takeout,9,no_share,high,max_formal,prior,0.8
9d69b4b8-9c4c-5603-83f3-0c67ac7a03ea,takeout,9,no_share,high,max_formal,posterior,0.48
9d69b4b8-9c4c-5603-83f3-0c67ac7a03ea,soup,10,high_risk_share,high,max_intimate,prior,0.76
9d69b4b8-9c4c-5603-83f3-0c67ac7a03ea,soup,10,high_risk_share,high,max_intimate,posterior,0.59
9d69b4b8-9c4c-5603-83f3-0c67ac7a03ea,apples,11,low_risk_share,low,somewhat_formal,prior,0.75
9d69b4b8-9c4c-5603-83f3-0c67ac7a03ea,apples,11,low_risk_share,low,somewhat_formal,posterior,0.82
9d69b4b8-9c4c-5603-83f3-0c67ac7a03ea,brunch,12,no_share,low,max_intimate,prior,0.86
9d69b4b8-9c4c-5603-83f3-0c67ac7a03ea,brunch,12,no_share,low,max_intimate,posterior,0.13
9d69b4b8-9c4c-5603-83f3-0c67ac7a03ea,gala,13,high_risk_share,high,max_formal,prior,1.0
9d69b4b8-9c4c-5603-83f3-0c67ac7a03ea,gala,13,high_risk_share,high,max_formal,posterior,0.61
9d69b4b8-9c4c-5603-83f3-0c67ac7a03ea,drinks,14,low_risk_share,low,somewhat_intimate,prior,0.86
9d69b4b8-9c4c-5603-83f3-0c67ac7a03ea,drinks,14,low_risk_share,low,somewhat_intimate,posterior,1.0
9d69b4b8-9c4c-5603-83f3-0c67ac7a03ea,basketball,15,low_risk_share,low,max_intimate,prior,0.85
9d69b4b8-9c4c-5603-83f3-0c67ac7a03ea,basketball,15,low_risk_share,low,max_intimate,posterior,0.88
38192fe9-1456-5c08-847f-ffe0f11010c4,brunch,0,high_risk_share,low,max_intimate,prior,0.81
38192fe9-1456-5c08-847f-ffe0f11010c4,brunch,0,high_risk_share,low,max_intimate,posterior,0.78
38192fe9-1456-5c08-847f-ffe0f11010c4,takeout,1,low_risk_share,low,somewhat_formal,prior,0.39
38192fe9-1456-5c08-847f-ffe0f11010c4,takeout,1,low_risk_share,low,somewhat_formal,posterior,0.66
38192fe9-1456-5c08-847f-ffe0f11010c4,drinks,2,high_risk_share,high,max_intimate,prior,0.82
38192fe9-1456-5c08-847f-ffe0f11010c4,drinks,2,high_risk_share,high,max_intimate,posterior,0.89
38192fe9-1456-5c08-847f-ffe0f11010c4,cooking,3,low_risk_share,low,somewhat_intimate,prior,0.71
38192fe9-1456-5c08-847f-ffe0f11010c4,cooking,3,low_risk_share,low,somewhat_intimate,posterior,0.83
38192fe9-1456-5c08-847f-ffe0f11010c4,social,4,no_share,high,max_formal,prior,0.78
38192fe9-1456-5c08-847f-ffe0f11010c4,social,4,no_share,high,max_formal,posterior,0.58
38192fe9-1456-5c08-847f-ffe0f11010c4,apples,5,low_risk_share,high,max_formal,prior,0.56
38192fe9-1456-5c08-847f-ffe0f11010c4,apples,5,low_risk_share,high,max_formal,posterior,0.79
38192fe9-1456-5c08-847f-ffe0f11010c4,hike,6,high_risk_share,low,max_formal,prior,0.66
38192fe9-1456-5c08-847f-ffe0f11010c4,hike,6,high_risk_share,low,max_formal,posterior,0.09
38192fe9-1456-5c08-847f-ffe0f11010c4,oysters,7,no_share,low,somewhat_formal,prior,0.79
38192fe9-1456-5c08-847f-ffe0f11010c4,oysters,7,no_share,low,somewhat_formal,posterior,0.62
38192fe9-1456-5c08-847f-ffe0f11010c4,soup,8,no_share,high,somewhat_intimate,prior,0.77
38192fe9-1456-5c08-847f-ffe0f11010c4,soup,8,no_share,high,somewhat_intimate,posterior,0.88
38192fe9-1456-5c08-847f-ffe0f11010c4,wedding,9,no_share,low,max_intimate,prior,0.73
38192fe9-1456-5c08-847f-ffe0f11010c4,wedding,9,no_share,low,max_intimate,posterior,0.83
38192fe9-1456-5c08-847f-ffe0f11010c4,birthday,10,high_risk_share,high,somewhat_intimate,prior,0.78
38192fe9-1456-5c08-847f-ffe0f11010c4,birthday,10,high_risk_share,high,somewhat_intimate,posterior,0.74
38192fe9-1456-5c08-847f-ffe0f11010c4,gala,11,high_risk_share,low,somewhat_formal,prior,0.79
38192fe9-1456-5c08-847f-ffe0f11010c4,gala,11,high_risk_share,low,somewhat_formal,posterior,0.43
38192fe9-1456-5c08-847f-ffe0f11010c4,dip,12,low_risk_share,low,max_intimate,prior,0.73
38192fe9-1456-5c08-847f-ffe0f11010c4,dip,12,low_risk_share,low,max_intimate,posterior,0.76
38192fe9-1456-5c08-847f-ffe0f11010c4,basketball,13,high_risk_share,high,max_formal,prior,0.76
38192fe9-1456-5c08-847f-ffe0f11010c4,basketball,13,high_risk_share,high,max_formal,posterior,0.04
38192fe9-1456-5c08-847f-ffe0f11010c4,fair,14,low_risk_share,high,somewhat_intimate,prior,0.8
38192fe9-1456-5c08-847f-ffe0f11010c4,fair,14,low_risk_share,high,somewhat_intimate,posterior,0.83
38192fe9-1456-5c08-847f-ffe0f11010c4,driving,15,no_share,high,somewhat_formal,prior,0.88
38192fe9-1456-5c08-847f-ffe0f11010c4,driving,15,no_share,high,somewhat_formal,posterior,0.71
a122c77d-c676-5d83-a2b2-a2cee8a537eb,dip,0,low_risk_share,low,somewhat_formal,prior,0.53
a122c77d-c676-5d83-a2b2-a2cee8a537eb,dip,0,low_risk_share,low,somewhat_formal,posterior,0.76
a122c77d-c676-5d83-a2b2-a2cee8a537eb,hike,1,high_risk_share,low,max_formal,prior,0.66
a122c77d-c676-5d83-a2b2-a2cee8a537eb,hike,1,high_risk_share,low,max_formal,posterior,0.84
a122c77d-c676-5d83-a2b2-a2cee8a537eb,fair,2,no_share,high,somewhat_intimate,prior,0.95
a122c77d-c676-5d83-a2b2-a2cee8a537eb,fair,2,no_share,high,somewhat_intimate,posterior,0.64
a122c77d-c676-5d83-a2b2-a2cee8a537eb,oysters,3,low_risk_share,low,somewhat_intimate,prior,0.68
a122c77d-c676-5d83-a2b2-a2cee8a537eb,oysters,3,low_risk_share,low,somewhat_intimate,posterior,0.9
a122c77d-c676-5d83-a2b2-a2cee8a537eb,soup,4,high_risk_share,high,max_formal,prior,0.59
a122c77d-c676-5d83-a2b2-a2cee8a537eb,soup,4,high_risk_share,high,max_formal,posterior,0.89
a122c77d-c676-5d83-a2b2-a2cee8a537eb,cooking,5,high_risk_share,high,max_intimate,prior,0.83
a122c77d-c676-5d83-a2b2-a2cee8a537eb,cooking,5,high_risk_share,high,max_intimate,posterior,0.87
a122c77d-c676-5d83-a2b2-a2cee8a537eb,apples,6,low_risk_share,low,max_intimate,prior,0.73
a122c77d-c676-5d83-a2b2-a2cee8a537eb,apples,6,low_risk_share,low,max_intimate,posterior,0.87
a122c77d-c676-5d83-a2b2-a2cee8a537eb,takeout,7,high_risk_share,low,max_intimate,prior,0.71
a122c77d-c676-5d83-a2b2-a2cee8a537eb,takeout,7,high_risk_share,low,max_intimate,posterior,0.9
a122c77d-c676-5d83-a2b2-a2cee8a537eb,birthday,8,high_risk_share,low,somewhat_formal,prior,0.78
a122c77d-c676-5d83-a2b2-a2cee8a537eb,birthday,8,high_risk_share,low,somewhat_formal,posterior,0.88
a122c77d-c676-5d83-a2b2-a2cee8a537eb,gala,9,no_share,high,somewhat_formal,prior,0.67
a122c77d-c676-5d83-a2b2-a2cee8a537eb,gala,9,no_share,high,somewhat_formal,posterior,0.67
a122c77d-c676-5d83-a2b2-a2cee8a537eb,basketball,10,no_share,high,max_formal,prior,0.79
a122c77d-c676-5d83-a2b2-a2cee8a537eb,basketball,10,no_share,high,max_formal,posterior,0.78
a122c77d-c676-5d83-a2b2-a2cee8a537eb,drinks,11,no_share,low,max_intimate,prior,0.85
a122c77d-c676-5d83-a2b2-a2cee8a537eb,drinks,11,no_share,low,max_intimate,posterior,0.32
a122c77d-c676-5d83-a2b2-a2cee8a537eb,driving,12,low_risk_share,high,max_formal,prior,0.76
a122c77d-c676-5d83-a2b2-a2cee8a537eb,driving,12,low_risk_share,high,max_formal,posterior,0.84
a122c77d-c676-5d83-a2b2-a2cee8a537eb,wedding,13,no_share,low,somewhat_formal,prior,0.88
a122c77d-c676-5d83-a2b2-a2cee8a537eb,wedding,13,no_share,low,somewhat_formal,posterior,0.82
a122c77d-c676-5d83-a2b2-a2cee8a537eb,social,14,low_risk_share,high,somewhat_intimate,prior,0.8
a122c77d-c676-5d83-a2b2-a2cee8a537eb,social,14,low_risk_share,high,somewhat_intimate,posterior,0.81
a122c77d-c676-5d83-a2b2-a2cee8a537eb,brunch,15,high_risk_share,high,somewhat_intimate,prior,0.83
a122c77d-c676-5d83-a2b2-a2cee8a537eb,brunch,15,high_risk_share,high,somewhat_intimate,posterior,0.89
36505289-14e2-5710-8b83-c6a497646562,drinks,0,no_share,high,somewhat_intimate,prior,0.74
36505289-14e2-5710-8b83-c6a497646562,drinks,0,no_share,high,somewhat_intimate,posterior,0.31
36505289-14e2-5710-8b83-c6a497646562,fair,1,low_risk_share,low,somewhat_formal,prior,0.65
36505289-14e2-5710-8b83-c6a497646562,fair,1,low_risk_share,low,somewhat_formal,posterior,0.84
36505289-14e2-5710-8b83-c6a497646562,birthday,2,high_risk_share,high,somewhat_intimate,prior,0.67
36505289-14e2-5710-8b83-c6a497646562,birthday,2,high_risk_share,high,somewhat_intimate,posterior,0.69
36505289-14e2-5710-8b83-c6a497646562,brunch,3,no_share,low,somewhat_formal,prior,0.57
36505289-14e2-5710-8b83-c6a497646562,brunch,3,no_share,low,somewhat_formal,posterior,0.43
36505289-14e2-5710-8b83-c6a497646562,wedding,4,low_risk_share,low,max_intimate,prior,0.72
36505289-14e2-5710-8b83-c6a497646562,wedding,4,low_risk_share,low,max_intimate,posterior,0.86
36505289-14e2-5710-8b83-c6a497646562,cooking,5,high_risk_share,high,max_intimate,prior,0.61
36505289-14e2-5710-8b83-c6a497646562,cooking,5,high_risk_share,high,max_intimate,posterior,0.93
36505289-14e2-5710-8b83-c6a497646562,hike,6,high_risk_share,low,somewhat_formal,prior,0.7
36505289-14e2-5710-8b83-c6a497646562,hike,6,high_risk_share,low,somewhat_formal,posterior,0.86
36505289-14e2-5710-8b83-c6a497646562,soup,7,no_share,low,max_intimate,prior,0.74
36505289-14e2-5710-8b83-c6a497646562,soup,7,no_share,low,max_intimate,posterior,0.27
36505289-14e2-5710-8b83-c6a497646562,basketball,8,high_risk_share,low,max_intimate,prior,0.56
36505289-14e2-5710-8b83-c6a497646562,basketball,8,high_risk_share,low,max_intimate,posterior,0.84
36505289-14e2-5710-8b83-c6a497646562,gala,9,no_share,high,max_formal,prior,0.41
36505289-14e2-5710-8b83-c6a497646562,gala,9,no_share,high,max_formal,posterior,0.29
36505289-14e2-5710-8b83-c6a497646562,driving,10,no_share,high,somewhat_formal,prior,0.59
36505289-14e2-5710-8b83-c6a497646562,driving,10,no_share,high,somewhat_formal,posterior,0.49
36505289-14e2-5710-8b83-c6a497646562,oysters,11,low_risk_share,low,somewhat_intimate,prior,0.74
36505289-14e2-5710-8b83-c6a497646562,oysters,11,low_risk_share,low,somewhat_intimate,posterior,0.9
36505289-14e2-5710-8b83-c6a497646562,apples,12,low_risk_share,high,max_formal,prior,0.65
36505289-14e2-5710-8b83-c6a497646562,apples,12,low_risk_share,high,max_formal,posterior,0.85
36505289-14e2-5710-8b83-c6a497646562,dip,13,low_risk_share,high,somewhat_intimate,prior,0.57
36505289-14e2-5710-8b83-c6a497646562,dip,13,low_risk_share,high,somewhat_intimate,posterior,0.82
36505289-14e2-5710-8b83-c6a497646562,social,14,high_risk_share,high,max_formal,prior,0.5
36505289-14e2-5710-8b83-c6a497646562,social,14,high_risk_share,high,max_formal,posterior,1.0
36505289-14e2-5710-8b83-c6a497646562,takeout,15,high_risk_share,low,max_formal,prior,0.56
36505289-14e2-5710-8b83-c6a497646562,takeout,15,high_risk_share,low,max_formal,posterior,0.97
3fde8175-0169-573e-a2d8-17c63732854a,fair,0,no_share,low,somewhat_formal,prior,0.56
3fde8175-0169-573e-a2d8-17c63732854a,fair,0,no_share,low,somewhat_formal,posterior,0.24
3fde8175-0169-573e-a2d8-17c63732854a,dip,1,no_share,low,max_intimate,prior,0.85
3fde8175-0169-573e-a2d8-17c63732854a,dip,1,no_share,low,max_intimate,posterior,0.5
3fde8175-0169-573e-a2d8-17c63732854a,driving,2,no_share,high,max_formal,prior,0.02
3fde8175-0169-573e-a2d8-17c63732854a,driving,2,no_share,high,max_formal,posterior,0.09
3fde8175-0169-573e-a2d8-17c63732854a,cooking,3,high_risk_share,high,max_intimate,prior,0.73
3fde8175-0169-573e-a2d8-17c63732854a,cooking,3,high_risk_share,high,max_intimate,posterior,0.76
3fde8175-0169-573e-a2d8-17c63732854a,social,4,high_risk_share,low,max_formal,prior,0.19
3fde8175-0169-573e-a2d8-17c63732854a,social,4,high_risk_share,low,max_formal,posterior,0.0
3fde8175-0169-573e-a2d8-17c63732854a,wedding,5,low_risk_share,low,somewhat_intimate,prior,0.85
3fde8175-0169-573e-a2d8-17c63732854a,wedding,5,low_risk_share,low,somewhat_intimate,posterior,0.72
3fde8175-0169-573e-a2d8-17c63732854a,takeout,6,no_share,high,somewhat_formal,prior,0.27
3fde8175-0169-573e-a2d8-17c63732854a,takeout,6,no_share,high,somewhat_formal,posterior,0.01
3fde8175-0169-573e-a2d8-17c63732854a,oysters,7,low_risk_share,high,somewhat_intimate,prior,0.47
3fde8175-0169-573e-a2d8-17c63732854a,oysters,7,low_risk_share,high,somewhat_intimate,posterior,0.84
3fde8175-0169-573e-a2d8-17c63732854a,basketball,8,high_risk_share,low,max_intimate,prior,0.94
3fde8175-0169-573e-a2d8-17c63732854a,basketball,8,high_risk_share,low,max_intimate,posterior,0.65
3fde8175-0169-573e-a2d8-17c63732854a,apples,9,no_share,high,somewhat_intimate,prior,0.5
3fde8175-0169-573e-a2d8-17c63732854a,apples,9,no_share,high,somewhat_intimate,posterior,0.36
3fde8175-0169-573e-a2d8-17c63732854a,gala,10,low_risk_share,low,max_intimate,prior,0.87
3fde8175-0169-573e-a2d8-17c63732854a,gala,10,low_risk_share,low,max_intimate,posterior,0.78
3fde8175-0169-573e-a2d8-17c63732854a,birthday,11,high_risk_share,high,somewhat_intimate,prior,0.9
3fde8175-0169-573e-a2d8-17c63732854a,birthday,11,high_risk_share,high,somewhat_intimate,posterior,0.65
3fde8175-0169-573e-a2d8-17c63732854a,hike,12,high_risk_share,low,somewhat_formal,prior,0.71
3fde8175-0169-573e-a2d8-17c63732854a,hike,12,high_risk_share,low,somewhat_formal,posterior,0.5
3fde8175-0169-573e-a2d8-17c63732854a,drinks,13,low_risk_share,low,somewhat_formal,prior,0.89
3fde8175-0169-573e-a2d8-17c63732854a,drinks,13,low_risk_share,low,somewhat_formal,posterior,0.45
3fde8175-0169-573e-a2d8-17c63732854a,soup,14,high_risk_share,high,max_formal,prior,0.14
3fde8175-0169-573e-a2d8-17c63732854a,soup,14,high_risk_share,high,max_formal,posterior,0.49
3fde8175-0169-573e-a2d8-17c63732854a,brunch,15,low_risk_share,high,max_formal,prior,0.74
3fde8175-0169-573e-a2d8-17c63732854a,brunch,15,low_risk_share,high,max_formal,posterior,0.48
0edf08a4-6970-5f86-8ab1-8fb6de2e6746,fair,0,low_risk_share,low,max_formal,prior,0.82
0edf08a4-6970-5f86-8ab1-8fb6de2e6746,fair,0,low_risk_share,low,max_formal,posterior,0.98
0edf08a4-6970-5f86-8ab1-8fb6de2e6746,wedding,1,no_share,low,max_formal,prior,0.8
0edf08a4-6970-5f86-8ab1-8fb6de2e6746,wedding,1,no_share,low,max_formal,posterior,0.73
0edf08a4-6970-5f86-8ab1-8fb6de2e6746,takeout,2,high_risk_share,low,max_formal,prior,0.84
0edf08a4-6970-5f86-8ab1-8fb6de2e6746,takeout,2,high_risk_share,low,max_formal,posterior,0.92
0edf08a4-6970-5f86-8ab1-8fb6de2e6746,apples,3,high_risk_share,low,max_intimate,prior,0.83
0edf08a4-6970-5f86-8ab1-8fb6de2e6746,apples,3,high_risk_share,low,max_intimate,posterior,1.0
0edf08a4-6970-5f86-8ab1-8fb6de2e6746,cooking,4,high_risk_share,high,max_intimate,prior,0.84
0edf08a4-6970-5f86-8ab1-8fb6de2e6746,cooking,4,high_risk_share,high,max_intimate,posterior,0.91
0edf08a4-6970-5f86-8ab1-8fb6de2e6746,soup,5,low_risk_share,high,somewhat_formal,prior,0.68
0edf08a4-6970-5f86-8ab1-8fb6de2e6746,soup,5,low_risk_share,high,somewhat_formal,posterior,0.81
0edf08a4-6970-5f86-8ab1-8fb6de2e6746,social,6,high_risk_share,high,somewhat_formal,prior,0.53
0edf08a4-6970-5f86-8ab1-8fb6de2e6746,social,6,high_risk_share,high,somewhat_formal,posterior,0.8
0edf08a4-6970-5f86-8ab1-8fb6de2e6746,dip,7,low_risk_share,low,somewhat_intimate,prior,0.62
0edf08a4-6970-5f86-8ab1-8fb6de2e6746,dip,7,low_risk_share,low,somewhat_intimate,posterior,0.73
0edf08a4-6970-5f86-8ab1-8fb6de2e6746,birthday,8,no_share,low,somewhat_intimate,prior,0.91
0edf08a4-6970-5f86-8ab1-8fb6de2e6746,birthday,8,no_share,low,somewhat_intimate,posterior,0.0
0edf08a4-6970-5f86-8ab1-8fb6de2e6746,drinks,9,low_risk_share,high,max_formal,prior,0.5
0edf08a4-6970-5f86-8ab1-8fb6de2e6746,drinks,9,low_risk_share,high,max_formal,posterior,0.84
0edf08a4-6970-5f86-8ab1-8fb6de2e6746,gala,10,no_share,high,max_intimate,prior,0.48
0edf08a4-6970-5f86-8ab1-8fb6de2e6746,gala,10,no_share,high,max_intimate,posterior,0.82
0edf08a4-6970-5f86-8ab1-8fb6de2e6746,basketball,11,high_risk_share,low,somewhat_intimate,prior,0.35
0edf08a4-6970-5f86-8ab1-8fb6de2e6746,basketball,11,high_risk_share,low,somewhat_intimate,posterior,0.86
0edf08a4-6970-5f86-8ab1-8fb6de2e6746,driving,12,no_share,high,somewhat_intimate,prior,0.17
0edf08a4-6970-5f86-8ab1-8fb6de2e6746,driving,12,no_share,high,somewhat_intimate,posterior,0.27
0edf08a4-6970-5f86-8ab1-8fb6de2e6746,brunch,13,low_risk_share,high,max_intimate,prior,0.88
0edf08a4-6970-5f86-8ab1-8fb6de2e6746,brunch,13,low_risk_share,high,max_intimate,posterior,0.87
0edf08a4-6970-5f86-8ab1-8fb6de2e6746,hike,14,no_share,low,somewhat_formal,prior,0.48
0edf08a4-6970-5f86-8ab1-8fb6de2e6746,hike,14,no_share,low,somewhat_formal,posterior,0.37
0edf08a4-6970-5f86-8ab1-8fb6de2e6746,oysters,15,no_share,high,somewhat_formal,prior,0.79
0edf08a4-6970-5f86-8ab1-8fb6de2e6746,oysters,15,no_share,high,somewhat_formal,posterior,0.65
f7f81710-c82f-5616-8834-75cef7c4ce19,apples,0,low_risk_share,low,somewhat_formal,prior,0.68
f7f81710-c82f-5616-8834-75cef7c4ce19,apples,0,low_risk_share,low,somewhat_formal,posterior,0.67
f7f81710-c82f-5616-8834-75cef7c4ce19,birthday,1,no_share,high,somewhat_intimate,prior,0.79
f7f81710-c82f-5616-8834-75cef7c4ce19,birthday,1,no_share,high,somewhat_intimate,posterior,0.15
f7f81710-c82f-5616-8834-75cef7c4ce19,oysters,2,low_risk_share,high,max_formal,prior,0.74
f7f81710-c82f-5616-8834-75cef7c4ce19,oysters,2,low_risk_share,high,max_formal,posterior,0.9
f7f81710-c82f-5616-8834-75cef7c4ce19,cooking,3,high_risk_share,low,max_formal,prior,0.65
f7f81710-c82f-5616-8834-75cef7c4ce19,cooking,3,high_risk_share,low,max_formal,posterior,0.81
f7f81710-c82f-5616-8834-75cef7c4ce19,social,4,no_share,high,max_formal,prior,0.5
f7f81710-c82f-5616-8834-75cef7c4ce19,social,4,no_share,high,max_formal,posterior,0.64
f7f81710-c82f-5616-8834-75cef7c4ce19,hike,5,low_risk_share,low,somewhat_intimate,prior,0.35
f7f81710-c82f-5616-8834-75cef7c4ce19,hike,5,low_risk_share,low,somewhat_intimate,posterior,0.5
f7f81710-c82f-5616-8834-75cef7c4ce19,dip,6,high_risk_share,high,max_intimate,prior,0.89
f7f81710-c82f-5616-8834-75cef7c4ce19,dip,6,high_risk_share,high,max_intimate,posterior,0.94
f7f81710-c82f-5616-8834-75cef7c4ce19,wedding,7,high_risk_share,high,max_formal,prior,0.5
f7f81710-c82f-5616-8834-75cef7c4ce19,wedding,7,high_risk_share,high,max_formal,posterior,0.89
f7f81710-c82f-5616-8834-75cef7c4ce19,driving,8,no_share,high,somewhat_formal,prior,0.83
f7f81710-c82f-5616-8834-75cef7c4ce19,driving,8,no_share,high,somewhat_formal,posterior,0.77
f7f81710-c82f-5616-8834-75cef7c4ce19,soup,9,high_risk_share,low,max_intimate,prior,0.65
f7f81710-c82f-5616-8834-75cef7c4ce19,soup,9,high_risk_share,low,max_intimate,posterior,0.94
f7f81710-c82f-5616-8834-75cef7c4ce19,drinks,10,high_risk_share,high,somewhat_intimate,prior,0.84
f7f81710-c82f-5616-8834-75cef7c4ce19,drinks,10,high_risk_share,high,somewhat_intimate,posterior,0.93
f7f81710-c82f-5616-8834-75cef7c4ce19,takeout,11,low_risk_share,low,max_intimate,prior,0.18
f7f81710-c82f-5616-8834-75cef7c4ce19,takeout,11,low_risk_share,low,max_intimate,posterior,0.11
f7f81710-c82f-5616-8834-75cef7c4ce19,fair,12,low_risk_share,high,somewhat_intimate,prior,0.84
f7f81710-c82f-5616-8834-75cef7c4ce19,fair,12,low_risk_share,high,somewhat_intimate,posterior,0.7
f7f81710-c82f-5616-8834-75cef7c4ce19,brunch,13,high_risk_share,low,somewhat_formal,prior,0.2
f7f81710-c82f-5616-8834-75cef7c4ce19,brunch,13,high_risk_share,low,somewhat_formal,posterior,0.69
f7f81710-c82f-5616-8834-75cef7c4ce19,basketball,14,no_share,low,somewhat_formal,prior,0.84
f7f81710-c82f-5616-8834-75cef7c4ce19,basketball,14,no_share,low,somewhat_formal,posterior,0.11
f7f81710-c82f-5616-8834-75cef7c4ce19,gala,15,no_share,low,max_intimate,prior,0.88
f7f81710-c82f-5616-8834-75cef7c4ce19,gala,15,no_share,low,max_intimate,posterior,0.12
71533fa3-5fdd-57fe-9fcf-37071b0a1546,wedding,0,high_risk_share,high,somewhat_intimate,prior,0.78
71533fa3-5fdd-57fe-9fcf-37071b0a1546,wedding,0,high_risk_share,high,somewhat_intimate,posterior,0.33
71533fa3-5fdd-57fe-9fcf-37071b0a1546,takeout,1,no_share,high,max_formal,prior,0.68
71533fa3-5fdd-57fe-9fcf-37071b0a1546,takeout,1,no_share,high,max_formal,posterior,0.68
71533fa3-5fdd-57fe-9fcf-37071b0a1546,birthday,2,low_risk_share,high,somewhat_intimate,prior,0.29
71533fa3-5fdd-57fe-9fcf-37071b0a1546,birthday,2,low_risk_share,high,somewhat_intimate,posterior,0.83
71533fa3-5fdd-57fe-9fcf-37071b0a1546,drinks,3,no_share,low,max_formal,prior,0.66
71533fa3-5fdd-57fe-9fcf-37071b0a1546,drinks,3,no_share,low,max_formal,posterior,0.31
71533fa3-5fdd-57fe-9fcf-37071b0a1546,fair,4,low_risk_share,high,max_intimate,prior,0.74
71533fa3-5fdd-57fe-9fcf-37071b0a1546,fair,4,low_risk_share,high,max_intimate,posterior,0.84
71533fa3-5fdd-57fe-9fcf-37071b0a1546,oysters,5,low_risk_share,high,somewhat_formal,prior,0.31
71533fa3-5fdd-57fe-9fcf-37071b0a1546,oysters,5,low_risk_share,high,somewhat_formal,posterior,0.09
71533fa3-5fdd-57fe-9fcf-37071b0a1546,driving,6,high_risk_share,high,somewhat_formal,prior,0.78
71533fa3-5fdd-57fe-9fcf-37071b0a1546,driving,6,high_risk_share,high,somewhat_formal,posterior,0.8
71533fa3-5fdd-57fe-9fcf-37071b0a1546,social,7,no_share,low,somewhat_intimate,prior,0.7
71533fa3-5fdd-57fe-9fcf-37071b0a1546,social,7,no_share,low,somewhat_intimate,posterior,0.22
71533fa3-5fdd-57fe-9fcf-37071b0a1546,brunch,8,high_risk_share,high,max_formal,prior,0.69
71533fa3-5fdd-57fe-9fcf-37071b0a1546,brunch,8,high_risk_share,high,max_formal,posterior,0.91
71533fa3-5fdd-57fe-9fcf-37071b0a1546,soup,9,no_share,low,max_intimate,prior,0.73
71533fa3-5fdd-57fe-9fcf-37071b0a1546,soup,9,no_share,low,max_intimate,posterior,0.26
71533fa3-5fdd-57fe-9fcf-37071b0a1546,hike,10,high_risk_share,low,somewhat_intimate,prior,0.64
71533fa3-5fdd-57fe-9fcf-37071b0a1546,hike,10,high_risk_share,low,somewhat_intimate,posterior,0.87
71533fa3-5fdd-57fe-9fcf-37071b0a1546,apples,11,low_risk_share,low,somewhat_formal,prior,0.35
71533fa3-5fdd-57fe-9fcf-37071b0a1546,apples,11,low_risk_share,low,somewhat_formal,posterior,0.59
71533fa3-5fdd-57fe-9fcf-37071b0a1546,cooking,12,high_risk_share,low,somewhat_formal,prior,0.35
71533fa3-5fdd-57fe-9fcf-37071b0a1546,cooking,12,high_risk_share,low,somewhat_formal,posterior,0.3
71533fa3-5fdd-57fe-9fcf-37071b0a1546,dip,13,low_risk_share,low,max_formal,prior,0.73
71533fa3-5fdd-57fe-9fcf-37071b0a1546,dip,13,low_risk_share,low,max_formal,posterior,0.86
71533fa3-5fdd-57fe-9fcf-37071b0a1546,basketball,14,no_share,high,max_intimate,prior,0.35
71533fa3-5fdd-57fe-9fcf-37071b0a1546,basketball,14,no_share,high,max_intimate,posterior,0.26
71533fa3-5fdd-57fe-9fcf-37071b0a1546,gala,15,low_risk_share,low,max_intimate,prior,0.74
71533fa3-5fdd-57fe-9fcf-37071b0a1546,gala,15,low_risk_share,low,max_intimate,posterior,0.86
6f6b9616-efc0-5a40-a1df-a81d35022e47,soup,0,no_share,high,somewhat_formal,prior,0.23
6f6b9616-efc0-5a40-a1df-a81d35022e47,soup,0,no_share,high,somewhat_formal,posterior,0.21
6f6b9616-efc0-5a40-a1df-a81d35022e47,takeout,1,no_share,low,max_intimate,prior,0.69
6f6b9616-efc0-5a40-a1df-a81d35022e47,takeout,1,no_share,low,max_intimate,posterior,0.0
6f6b9616-efc0-5a40-a1df-a81d35022e47,hike,2,high_risk_share,high,somewhat_intimate,prior,0.67
6f6b9616-efc0-5a40-a1df-a81d35022e47,hike,2,high_risk_share,high,somewhat_intimate,posterior,1.0
6f6b9616-efc0-5a40-a1df-a81d35022e47,gala,3,low_risk_share,low,somewhat_formal,prior,0.19
6f6b9616-efc0-5a40-a1df-a81d35022e47,gala,3,low_risk_share,low,somewhat_formal,posterior,0.49
6f6b9616-efc0-5a40-a1df-a81d35022e47,birthday,4,high_risk_share,low,max_intimate,prior,0.78
6f6b9616-efc0-5a40-a1df-a81d35022e47,birthday,4,high_risk_share,low,max_intimate,posterior,0.98
6f6b9616-efc0-5a40-a1df-a81d35022e47,fair,5,low_risk_share,high,somewhat_intimate,prior,0.82
6f6b9616-efc0-5a40-a1df-a81d35022e47,fair,5,low_risk_share,high,somewhat_intimate,posterior,0.93
6f6b9616-efc0-5a40-a1df-a81d35022e47,cooking,6,no_share,high,max_formal,prior,0.77
6f6b9616-efc0-5a40-a1df-a81d35022e47,cooking,6,no_share,high,max_formal,posterior,0.67
6f6b9616-efc0-5a40-a1df-a81d35022e47,dip,7,low_risk_share,low,max_intimate,prior,1.0
6f6b9616-efc0-5a40-a1df-a81d35022e47,dip,7,low_risk_share,low,max_intimate,posterior,0.93
6f6b9616-efc0-5a40-a1df-a81d35022e47,basketball,8,high_risk_share,high,max_intimate,prior,1.0
6f6b9616-efc0-5a40-a1df-a81d35022e47,basketball,8,high_risk_share,high,max_intimate,posterior,1.0
6f6b9616-efc0-5a40-a1df-a81d35022e47,brunch,9,low_risk_share,high,max_formal,prior,0.3
6f6b9616-efc0-5a40-a1df-a81d35022e47,brunch,9,low_risk_share,high,max_formal,posterior,1.0
6f6b9616-efc0-5a40-a1df-a81d35022e47,wedding,10,high_risk_share,low,max_formal,prior,0.78
6f6b9616-efc0-5a40-a1df-a81d35022e47,wedding,10,high_risk_share,low,max_formal,posterior,1.0
6f6b9616-efc0-5a40-a1df-a81d35022e47,driving,11,high_risk_share,low,somewhat_formal,prior,0.3
6f6b9616-efc0-5a40-a1df-a81d35022e47,driving,11,high_risk_share,low,somewhat_formal,posterior,0.99
6f6b9616-efc0-5a40-a1df-a81d35022e47,social,12,no_share,high,somewhat_intimate,prior,0.9
6f6b9616-efc0-5a40-a1df-a81d35022e47,social,12,no_share,high,somewhat_intimate,posterior,0.15
6f6b9616-efc0-5a40-a1df-a81d35022e47,apples,13,low_risk_share,low,somewhat_intimate,prior,0.86
6f6b9616-efc0-5a40-a1df-a81d35022e47,apples,13,low_risk_share,low,somewhat_intimate,posterior,1.0
6f6b9616-efc0-5a40-a1df-a81d35022e47,oysters,14,no_share,low,somewhat_formal,prior,0.9
6f6b9616-efc0-5a40-a1df-a81d35022e47,oysters,14,no_share,low,somewhat_formal,posterior,0.23
6f6b9616-efc0-5a40-a1df-a81d35022e47,drinks,15,high_risk_share,high,max_formal,prior,0.89
6f6b9616-efc0-5a40-a1df-a81d35022e47,drinks,15,high_risk_share,high,max_formal,posterior,1.0
3893f56a-3f1b-5d38-9a95-f80031467254,oysters,0,high_risk_share,high,somewhat_intimate,prior,0.49
3893f56a-3f1b-5d38-9a95-f80031467254,oysters,0,high_risk_share,high,somewhat_intimate,posterior,0.33
3893f56a-3f1b-5d38-9a95-f80031467254,social,1,high_risk_share,low,max_formal,prior,0.87
3893f56a-3f1b-5d38-9a95-f80031467254,social,1,high_risk_share,low,max_formal,posterior,0.1
3893f56a-3f1b-5d38-9a95-f80031467254,takeout,2,no_share,low,somewhat_formal,prior,0.9
3893f56a-3f1b-5d38-9a95-f80031467254,takeout,2,no_share,low,somewhat_formal,posterior,0.11
3893f56a-3f1b-5d38-9a95-f80031467254,wedding,3,high_risk_share,low,somewhat_formal,prior,0.91
3893f56a-3f1b-5d38-9a95-f80031467254,wedding,3,high_risk_share,low,somewhat_formal,posterior,0.19
3893f56a-3f1b-5d38-9a95-f80031467254,drinks,4,low_risk_share,high,max_formal,prior,0.76
3893f56a-3f1b-5d38-9a95-f80031467254,drinks,4,low_risk_share,high,max_formal,posterior,0.94
3893f56a-3f1b-5d38-9a95-f80031467254,dip,5,high_risk_share,high,max_formal,prior,0.84
3893f56a-3f1b-5d38-9a95-f80031467254,dip,5,high_risk_share,high,max_formal,posterior,0.12
3893f56a-3f1b-5d38-9a95-f80031467254,cooking,6,high_risk_share,high,max_intimate,prior,0.87
3893f56a-3f1b-5d38-9a95-f80031467254,cooking,6,high_risk_share,high,max_intimate,posterior,0.47
3893f56a-3f1b-5d38-9a95-f80031467254,soup,7,no_share,high,somewhat_formal,prior,0.82
3893f56a-3f1b-5d38-9a95-f80031467254,soup,7,no_share,high,somewhat_formal,posterior,0.93
3893f56a-3f1b-5d38-9a95-f80031467254,gala,8,low_risk_share,low,somewhat_formal,prior,0.92
3893f56a-3f1b-5d38-9a95-f80031467254,gala,8,low_risk_share,low,somewhat_formal,posterior,0.86
3893f56a-3f1b-5d38-9a95-f80031467254,driving,9,low_risk_share,high,somewhat_intimate,prior,0.5
3893f56a-3f1b-5d38-9a95-f80031467254,driving,9,low_risk_share,high,somewhat_intimate,posterior,1.0
3893f56a-3f1b-5d38-9a95-f80031467254,brunch,10,no_share,high,somewhat_intimate,prior,0.94
3893f56a-3f1b-5d38-9a95-f80031467254,brunch,10,no_share,high,somewhat_intimate,posterior,0.01
3893f56a-3f1b-5d38-9a95-f80031467254,hike,11,no_share,high,max_formal,prior,0.89
3893f56a-3f1b-5d38-9a95-f80031467254,hike,11,no_share,high,max_formal,posterior,0.5
3893f56a-3f1b-5d38-9a95-f80031467254,birthday,12,no_share,low,max_intimate,prior,0.88
3893f56a-3f1b-5d38-9a95-f80031467254,birthday,12,no_share,low,max_intimate,posterior,0.33
3893f56a-3f1b-5d38-9a95-f80031467254,fair,13,high_risk_share,low,max_intimate,prior,0.94
3893f56a-3f1b-5d38-9a95-f80031467254,fair,13,high_risk_share,low,max_intimate,posterior,0.26
3893f56a-3f1b-5d38-9a95-f80031467254,apples,14,low_risk_share,low,somewhat_intimate,prior,0.91
3893f56a-3f1b-5d38-9a95-f80031467254,apples,14,low_risk_share,low,somewhat_intimate,posterior,1.0
3893f56a-3f1b-5d38-9a95-f80031467254,basketball,15,low_risk_share,low,max_intimate,prior,0.83
3893f56a-3f1b-5d38-9a95-f80031467254,basketball,15,low_risk_share,low,max_intimate,posterior,1.0
e5b3a8ca-c95f-5c80-94d5-12b49c76e6ce,apples,0,no_share,high,max_intimate,prior,0.9
e5b3a8ca-c95f-5c80-94d5-12b49c76e6ce,apples,0,no_share,high,max_intimate,posterior,0.94
e5b3a8ca-c95f-5c80-94d5-12b49c76e6ce,dip,1,high_risk_share,low,max_formal,prior,1.0
e5b3a8ca-c95f-5c80-94d5-12b49c76e6ce,dip,1,high_risk_share,low,max_formal,posterior,0.93
e5b3a8ca-c95f-5c80-94d5-12b49c76e6ce,soup,2,no_share,high,somewhat_intimate,prior,1.0
e5b3a8ca-c95f-5c80-94d5-12b49c76e6ce,soup,2,no_share,high,somewhat_intimate,posterior,1.0
e5b3a8ca-c95f-5c80-94d5-12b49c76e6ce,cooking,3,low_risk_share,low,somewhat_intimate,prior,0.82
e5b3a8ca-c95f-5c80-94d5-12b49c76e6ce,cooking,3,low_risk_share,low,somewhat_intimate,posterior,0.85
e5b3a8ca-c95f-5c80-94d5-12b49c76e6ce,birthday,4,no_share,low,somewhat_intimate,prior,0.91
e5b3a8ca-c95f-5c80-94d5-12b49c76e6ce,birthday,4,no_share,low,somewhat_intimate,posterior,0.92
e5b3a8ca-c95f-5c80-94d5-12b49c76e6ce,wedding,5,high_risk_share,high,max_intimate,prior,0.96
e5b3a8ca-c95f-5c80-94d5-12b49c76e6ce,wedding,5,high_risk_share,high,max_intimate,posterior,0.93
e5b3a8ca-c95f-5c80-94d5-12b49c76e6ce,basketball,6,low_risk_share,low,max_formal,prior,0.8
e5b3a8ca-c95f-5c80-94d5-12b49c76e6ce,basketball,6,low_risk_share,low,max_formal,posterior,0.86
e5b3a8ca-c95f-5c80-94d5-12b49c76e6ce,social,7,high_risk_share,high,somewhat_formal,prior,0.98
e5b3a8ca-c95f-5c80-94d5-12b49c76e6ce,social,7,high_risk_share,high,somewhat_formal,posterior,0.87
e5b3a8ca-c95f-5c80-94d5-12b49c76e6ce,gala,8,high_risk_share,low,max_intimate,prior,0.89
e5b3a8ca-c95f-5c80-94d5-12b49c76e6ce,gala,8,high_risk_share,low,max_intimate,posterior,0.85
e5b3a8ca-c95f-5c80-94d5-12b49c76e6ce,drinks,9,no_share,high,somewhat_formal,prior,0.72
e5b3a8ca-c95f-5c80-94d5-12b49c76e6ce,drinks,9,no_share,high,somewhat_formal,posterior,0.92
e5b3a8ca-c95f-5c80-94d5-12b49c76e6ce,driving,10,low_risk_share,high,max_intimate,prior,0.96
e5b3a8ca-c95f-5c80-94d5-12b49c76e6ce,driving,10,low_risk_share,high,max_intimate,posterior,0.97
e5b3a8ca-c95f-5c80-94d5-12b49c76e6ce,fair,11,no_share,low,max_formal,prior,0.91
e5b3a8ca-c95f-5c80-94d5-12b49c76e6ce,fair,11,no_share,low,max_formal,posterior,0.94
e5b3a8ca-c95f-5c80-94d5-12b49c76e6ce,takeout,12,low_risk_share,high,max_formal,prior,0.64
e5b3a8ca-c95f-5c80-94d5-12b49c76e6ce,takeout,12,low_risk_share,high,max_formal,posterior,0.67
e5b3a8ca-c95f-5c80-94d5-12b49c76e6ce,oysters,13,high_risk_share,low,somewhat_intimate,prior,1.0
e5b3a8ca-c95f-5c80-94d5-12b49c76e6ce,oysters,13,high_risk_share,low,somewhat_intimate,posterior,1.0
e5b3a8ca-c95f-5c80-94d5-12b49c76e6ce,hike,14,no_share,low,somewhat_formal,prior,0.89
e5b3a8ca-c95f-5c80-94d5-12b49c76e6ce,hike,14,no_share,low,somewhat_formal,posterior,0.8
e5b3a8ca-c95f-5c80-94d5-12b49c76e6ce,brunch,15,low_risk_share,high,somewhat_formal,prior,0.75
e5b3a8ca-c95f-5c80-94d5-12b49c76e6ce,brunch,15,low_risk_share,high,somewhat_formal,posterior,0.82
6c23a500-bc28-544c-bbbd-c2ecf7d60fb7,birthday,0,low_risk_share,low,somewhat_intimate,prior,0.84
6c23a500-bc28-544c-bbbd-c2ecf7d60fb7,birthday,0,low_risk_share,low,somewhat_intimate,posterior,0.75
6c23a500-bc28-544c-bbbd-c2ecf7d60fb7,fair,1,high_risk_share,high,max_intimate,prior,0.84
6c23a500-bc28-544c-bbbd-c2ecf7d60fb7,fair,1,high_risk_share,high,max_intimate,posterior,0.82
6c23a500-bc28-544c-bbbd-c2ecf7d60fb7,oysters,2,high_risk_share,low,max_intimate,prior,0.71
6c23a500-bc28-544c-bbbd-c2ecf7d60fb7,oysters,2,high_risk_share,low,max_intimate,posterior,0.76
6c23a500-bc28-544c-bbbd-c2ecf7d60fb7,brunch,3,high_risk_share,high,somewhat_intimate,prior,0.76
6c23a500-bc28-544c-bbbd-c2ecf7d60fb7,brunch,3,high_risk_share,high,somewhat_intimate,posterior,0.79
6c23a500-bc28-544c-bbbd-c2ecf7d60fb7,apples,4,high_risk_share,low,somewhat_formal,prior,0.77
6c23a500-bc28-544c-bbbd-c2ecf7d60fb7,apples,4,high_risk_share,low,somewhat_formal,posterior,0.66
6c23a500-bc28-544c-bbbd-c2ecf7d60fb7,basketball,5,low_risk_share,low,max_intimate,prior,0.69
6c23a500-bc28-544c-bbbd-c2ecf7d60fb7,basketball,5,low_risk_share,low,max_intimate,posterior,0.75
6c23a500-bc28-544c-bbbd-c2ecf7d60fb7,hike,6,low_risk_share,low,somewhat_formal,prior,0.7
6c23a500-bc28-544c-bbbd-c2ecf7d60fb7,hike,6,low_risk_share,low,somewhat_formal,posterior,0.98
6c23a500-bc28-544c-bbbd-c2ecf7d60fb7,soup,7,no_share,high,somewhat_intimate,prior,0.84
6c23a500-bc28-544c-bbbd-c2ecf7d60fb7,soup,7,no_share,high,somewhat_intimate,posterior,0.79
6c23a500-bc28-544c-bbbd-c2ecf7d60fb7,driving,8,no_share,high,somewhat_formal,prior,0.78
6c23a500-bc28-544c-bbbd-c2ecf7d60fb7,driving,8,no_share,high,somewhat_formal,posterior,0.75
6c23a500-bc28-544c-bbbd-c2ecf7d60fb7,dip,9,no_share,high,max_formal,prior,0.71
6c23a500-bc28-544c-bbbd-c2ecf7d60fb7,dip,9,no_share,high,max_formal,posterior,1.0
6c23a500-bc28-544c-bbbd-c2ecf7d60fb7,gala,10,high_risk_share,low,max_formal,prior,0.74
6c23a500-bc28-544c-bbbd-c2ecf7d60fb7,gala,10,high_risk_share,low,max_formal,posterior,0.79
6c23a500-bc28-544c-bbbd-c2ecf7d60fb7,drinks,11,low_risk_share,high,somewhat_intimate,prior,0.68
6c23a500-bc28-544c-bbbd-c2ecf7d60fb7,drinks,11,low_risk_share,high,somewhat_intimate,posterior,0.74
6c23a500-bc28-544c-bbbd-c2ecf7d60fb7,takeout,12,no_share,low,somewhat_formal,prior,0.67
6c23a500-bc28-544c-bbbd-c2ecf7d60fb7,takeout,12,no_share,low,somewhat_formal,posterior,0.86
6c23a500-bc28-544c-bbbd-c2ecf7d60fb7,cooking,13,high_risk_share,high,max_formal,prior,0.77
6c23a500-bc28-544c-bbbd-c2ecf7d60fb7,cooking,13,high_risk_share,high,max_formal,posterior,0.7
6c23a500-bc28-544c-bbbd-c2ecf7d60fb7,wedding,14,no_share,low,max_intimate,prior,0.89
6c23a500-bc28-544c-bbbd-c2ecf7d60fb7,wedding,14,no_share,low,max_intimate,posterior,0.73
6c23a500-bc28-544c-bbbd-c2ecf7d60fb7,social,15,low_risk_share,high,max_formal,prior,0.83
6c23a500-bc28-544c-bbbd-c2ecf7d60fb7,social,15,low_risk_share,high,max_formal,posterior,0.68
8b74811f-3288-5954-b4c7-67c539ec5b8b,oysters,0,high_risk_share,high,max_intimate,prior,0.89
8b74811f-3288-5954-b4c7-67c539ec5b8b,oysters,0,high_risk_share,high,max_intimate,posterior,0.89
8b74811f-3288-5954-b4c7-67c539ec5b8b,takeout,1,high_risk_share,high,somewhat_intimate,prior,0.57
8b74811f-3288-5954-b4c7-67c539ec5b8b,takeout,1,high_risk_share,high,somewhat_intimate,posterior,0.67
8b74811f-3288-5954-b4c7-67c539ec5b8b,fair,2,low_risk_share,high,max_formal,prior,0.31
8b74811f-3288-5954-b4c7-67c539ec5b8b,fair,2,low_risk_share,high,max_formal,posterior,0.77
8b74811f-3288-5954-b4c7-67c539ec5b8b,driving,3,no_share,low,max_intimate,prior,0.92
8b74811f-3288-5954-b4c7-67c539ec5b8b,driving,3,no_share,low,max_intimate,posterior,0.93
8b74811f-3288-5954-b4c7-67c539ec5b8b,soup,4,low_risk_share,low,somewhat_formal,prior,0.51
8b74811f-3288-5954-b4c7-67c539ec5b8b,soup,4,low_risk_share,low,somewhat_formal,posterior,0.87
8b74811f-3288-5954-b4c7-67c539ec5b8b,birthday,5,high_risk_share,high,max_formal,prior,0.83
8b74811f-3288-5954-b4c7-67c539ec5b8b,birthday,5,high_risk_share,high,max_formal,posterior,0.93
8b74811f-3288-5954-b4c7-67c539ec5b8b,apples,6,high_risk_share,low,max_formal,prior,0.93
8b74811f-3288-5954-b4c7-67c539ec5b8b,apples,6,high_risk_share,low,max_formal,posterior,0.97
8b74811f-3288-5954-b4c7-67c539ec5b8b,brunch,7,high_risk_share,low,somewhat_formal,prior,0.83
8b74811f-3288-5954-b4c7-67c539ec5b8b,brunch,7,high_risk_share,low,somewhat_formal,posterior,0.94
8b74811f-3288-5954-b4c7-67c539ec5b8b,drinks,8,no_share,low,somewhat_formal,prior,0.49
8b74811f-3288-5954-b4c7-67c539ec5b8b,drinks,8,no_share,low,somewhat_formal,posterior,0.39
8b74811f-3288-5954-b4c7-67c539ec5b8b,wedding,9,high_risk_share,low,max_intimate,prior,0.95
8b74811f-3288-5954-b4c7-67c539ec5b8b,wedding,9,high_risk_share,low,max_intimate,posterior,0.95
8b74811f-3288-5954-b4c7-67c539ec5b8b,dip,10,no_share,high,max_formal,prior,0.82
8b74811f-3288-5954-b4c7-67c539ec5b8b,dip,10,no_share,high,max_formal,posterior,0.48
8b74811f-3288-5954-b4c7-67c539ec5b8b,gala,11,low_risk_share,low,somewhat_intimate,prior,0.86
8b74811f-3288-5954-b4c7-67c539ec5b8b,gala,11,low_risk_share,low,somewhat_intimate,posterior,0.96
8b74811f-3288-5954-b4c7-67c539ec5b8b,social,12,low_risk_share,high,somewhat_intimate,prior,0.79
8b74811f-3288-5954-b4c7-67c539ec5b8b,social,12,low_risk_share,high,somewhat_intimate,posterior,0.93
8b74811f-3288-5954-b4c7-67c539ec5b8b,cooking,13,no_share,high,somewhat_intimate,prior,0.87
8b74811f-3288-5954-b4c7-67c539ec5b8b,cooking,13,no_share,high,somewhat_intimate,posterior,0.42
8b74811f-3288-5954-b4c7-67c539ec5b8b,basketball,14,no_share,high,somewhat_formal,prior,0.84
8b74811f-3288-5954-b4c7-67c539ec5b8b,basketball,14,no_share,high,somewhat_formal,posterior,0.81
8b74811f-3288-5954-b4c7-67c539ec5b8b,hike,15,low_risk_share,low,max_intimate,prior,0.93
8b74811f-3288-5954-b4c7-67c539ec5b8b,hike,15,low_risk_share,low,max_intimate,posterior,0.97
5664b16f-fa36-5ddf-a4db-95470a0701f1,social,0,low_risk_share,low,somewhat_formal,prior,0.51
5664b16f-fa36-5ddf-a4db-95470a0701f1,social,0,low_risk_share,low,somewhat_formal,posterior,0.79
5664b16f-fa36-5ddf-a4db-95470a0701f1,brunch,1,high_risk_share,high,somewhat_formal,prior,0.88
5664b16f-fa36-5ddf-a4db-95470a0701f1,brunch,1,high_risk_share,high,somewhat_formal,posterior,0.58
5664b16f-fa36-5ddf-a4db-95470a0701f1,takeout,2,low_risk_share,low,max_formal,prior,0.91
5664b16f-fa36-5ddf-a4db-95470a0701f1,takeout,2,low_risk_share,low,max_formal,posterior,1.0
5664b16f-fa36-5ddf-a4db-95470a0701f1,wedding,3,low_risk_share,high,somewhat_intimate,prior,0.39
5664b16f-fa36-5ddf-a4db-95470a0701f1,wedding,3,low_risk_share,high,somewhat_intimate,posterior,0.96
5664b16f-fa36-5ddf-a4db-95470a0701f1,hike,4,no_share,low,max_intimate,prior,1.0
5664b16f-fa36-5ddf-a4db-95470a0701f1,hike,4,no_share,low,max_intimate,posterior,0.07
5664b16f-fa36-5ddf-a4db-95470a0701f1,gala,5,no_share,high,max_intimate,prior,1.0
5664b16f-fa36-5ddf-a4db-95470a0701f1,gala,5,no_share,high,max_intimate,posterior,0.98
5664b16f-fa36-5ddf-a4db-95470a0701f1,soup,6,high_risk_share,high,somewhat_intimate,prior,0.26
5664b16f-fa36-5ddf-a4db-95470a0701f1,soup,6,high_risk_share,high,somewhat_intimate,posterior,0.78
5664b16f-fa36-5ddf-a4db-95470a0701f1,dip,7,low_risk_share,low,max_intimate,prior,0.92
5664b16f-fa36-5ddf-a4db-95470a0701f1,dip,7,low_risk_share,low,max_intimate,posterior,0.94
5664b16f-fa36-5ddf-a4db-95470a0701f1,fair,8,high_risk_share,high,max_formal,prior,0.84
5664b16f-fa36-5ddf-a4db-95470a0701f1,fair,8,high_risk_share,high,max_formal,posterior,0.23
5664b16f-fa36-5ddf-a4db-95470a0701f1,apples,9,high_risk_share,low,somewhat_intimate,prior,0.97
5664b16f-fa36-5ddf-a4db-95470a0701f1,apples,9,high_risk_share,low,somewhat_intimate,posterior,0.1
5664b16f-fa36-5ddf-a4db-95470a0701f1,basketball,10,no_share,low,somewhat_intimate,prior,0.1
5664b16f-fa36-5ddf-a4db-95470a0701f1,basketball,10,no_share,low,somewhat_intimate,posterior,0.0
5664b16f-fa36-5ddf-a4db-95470a0701f1,oysters,11,low_risk_share,high,max_intimate,prior,0.97
5664b16f-fa36-5ddf-a4db-95470a0701f1,oysters,11,low_risk_share,high,max_intimate,posterior,1.0
5664b16f-fa36-5ddf-a4db-95470a0701f1,driving,12,high_risk_share,low,somewhat_formal,prior,0.92
5664b16f-fa36-5ddf-a4db-95470a0701f1,driving,12,high_risk_share,low,somewhat_formal,posterior,0.07
5664b16f-fa36-5ddf-a4db-95470a0701f1,birthday,13,low_risk_share,high,somewhat_formal,prior,0.8
5664b16f-fa36-5ddf-a4db-95470a0701f1,birthday,13,low_risk_share,high,somewhat_formal,posterior,0.66
5664b16f-fa36-5ddf-a4db-95470a0701f1,cooking,14,no_share,low,max_formal,prior,0.88
5664b16f-fa36-5ddf-a4db-95470a0701f1,cooking,14,no_share,low,max_formal,posterior,0.03
5664b16f-fa36-5ddf-a4db-95470a0701f1,drinks,15,no_share,high,max_formal,prior,0.0
5664b16f-fa36-5ddf-a4db-95470a0701f1,drinks,15,no_share,high,max_formal,posterior,0.0
18fd2159-0e70-5217-9613-834e3f6087ca,basketball,0,low_risk_share,high,somewhat_intimate,prior,0.68
18fd2159-0e70-5217-9613-834e3f6087ca,basketball,0,low_risk_share,high,somewhat_intimate,posterior,0.75
18fd2159-0e70-5217-9613-834e3f6087ca,social,1,high_risk_share,high,max_intimate,prior,1.0
18fd2159-0e70-5217-9613-834e3f6087ca,social,1,high_risk_share,high,max_intimate,posterior,1.0
18fd2159-0e70-5217-9613-834e3f6087ca,takeout,2,low_risk_share,high,max_formal,prior,0.92
18fd2159-0e70-5217-9613-834e3f6087ca,takeout,2,low_risk_share,high,max_formal,posterior,1.0
18fd2159-0e70-5217-9613-834e3f6087ca,brunch,3,no_share,high,somewhat_intimate,prior,0.5
18fd2159-0e70-5217-9613-834e3f6087ca,brunch,3,no_share,high,somewhat_intimate,posterior,0.0
18fd2159-0e70-5217-9613-834e3f6087ca,gala,4,no_share,high,max_formal,prior,0.75
18fd2159-0e70-5217-9613-834e3f6087ca,gala,4,no_share,high,max_formal,posterior,0.49
18fd2159-0e70-5217-9613-834e3f6087ca,apples,5,high_risk_share,low,max_intimate,prior,1.0
18fd2159-0e70-5217-9613-834e3f6087ca,apples,5,high_risk_share,low,max_intimate,posterior,1.0
18fd2159-0e70-5217-9613-834e3f6087ca,driving,6,low_risk_share,low,max_intimate,prior,1.0
18fd2159-0e70-5217-9613-834e3f6087ca,driving,6,low_risk_share,low,max_intimate,posterior,1.0
18fd2159-0e70-5217-9613-834e3f6087ca,soup,7,low_risk_share,low,somewhat_formal,prior,0.0
18fd2159-0e70-5217-9613-834e3f6087ca,soup,7,low_risk_share,low,somewhat_formal,posterior,0.72
18fd2159-0e70-5217-9613-834e3f6087ca,dip,8,high_risk_share,high,max_formal,prior,1.0
18fd2159-0e70-5217-9613-834e3f6087ca,dip,8,high_risk_share,high,max_formal,posterior,1.0
18fd2159-0e70-5217-9613-834e3f6087ca,oysters,9,high_risk_share,low,max_formal,prior,1.0
18fd2159-0e70-5217-9613-834e3f6087ca,oysters,9,high_risk_share,low,max_formal,posterior,1.0
18fd2159-0e70-5217-9613-834e3f6087ca,cooking,10,no_share,low,somewhat_formal,prior,1.0
18fd2159-0e70-5217-9613-834e3f6087ca,cooking,10,no_share,low,somewhat_formal,posterior,0.0
18fd2159-0e70-5217-9613-834e3f6087ca,drinks,11,no_share,low,max_intimate,prior,1.0
18fd2159-0e70-5217-9613-834e3f6087ca,drinks,11,no_share,low,max_intimate,posterior,0.0
18fd2159-0e70-5217-9613-834e3f6087ca,birthday,12,low_risk_share,low,somewhat_intimate,prior,0.63
18fd2159-0e70-5217-9613-834e3f6087ca,birthday,12,low_risk_share,low,somewhat_intimate,posterior,1.0
18fd2159-0e70-5217-9613-834e3f6087ca,hike,13,high_risk_share,high,somewhat_intimate,prior,1.0
18fd2159-0e70-5217-9613-834e3f6087ca,hike,13,high_risk_share,high,somewhat_intimate,posterior,1.0
18fd2159-0e70-5217-9613-834e3f6087ca,fair,14,no_share,high,somewhat_formal,prior,1.0
18fd2159-0e70-5217-9613-834e3f6087ca,fair,14,no_share,high,somewhat_formal,posterior,0.0
18fd2159-0e70-5217-9613-834e3f6087ca,wedding,15,high_risk_share,low,somewhat_formal,prior,0.76
18fd2159-0e70-5217-9613-834e3f6087ca,wedding,15,high_risk_share,low,somewhat_formal,posterior,1.0
3c500a07-500b-5b07-9814-e778876cc3f7,fair,0,no_share,low,max_formal,prior,0.5
3c500a07-500b-5b07-9814-e778876cc3f7,fair,0,no_share,low,max_formal,posterior,0.67
3c500a07-500b-5b07-9814-e778876cc3f7,driving,1,low_risk_share,low,somewhat_intimate,prior,0.5
3c500a07-500b-5b07-9814-e778876cc3f7,driving,1,low_risk_share,low,somewhat_intimate,posterior,0.63
3c500a07-500b-5b07-9814-e778876cc3f7,drinks,2,no_share,high,somewhat_formal,prior,0.92
3c500a07-500b-5b07-9814-e778876cc3f7,drinks,2,no_share,high,somewhat_formal,posterior,0.1
3c500a07-500b-5b07-9814-e778876cc3f7,soup,3,high_risk_share,low,somewhat_intimate,prior,1.0
3c500a07-500b-5b07-9814-e778876cc3f7,soup,3,high_risk_share,low,somewhat_intimate,posterior,1.0
3c500a07-500b-5b07-9814-e778876cc3f7,social,4,high_risk_share,low,max_intimate,prior,0.98
3c500a07-500b-5b07-9814-e778876cc3f7,social,4,high_risk_share,low,max_intimate,posterior,1.0
3c500a07-500b-5b07-9814-e778876cc3f7,cooking,5,high_risk_share,high,max_intimate,prior,1.0
3c500a07-500b-5b07-9814-e778876cc3f7,cooking,5,high_risk_share,high,max_intimate,posterior,1.0
3c500a07-500b-5b07-9814-e778876cc3f7,oysters,6,no_share,high,max_intimate,prior,0.5
3c500a07-500b-5b07-9814-e778876cc3f7,oysters,6,no_share,high,max_intimate,posterior,0.52
3c500a07-500b-5b07-9814-e778876cc3f7,gala,7,no_share,low,somewhat_formal,prior,0.84
3c500a07-500b-5b07-9814-e778876cc3f7,gala,7,no_share,low,somewhat_formal,posterior,1.0
3c500a07-500b-5b07-9814-e778876cc3f7,basketball,8,high_risk_share,low,max_formal,prior,0.5
3c500a07-500b-5b07-9814-e778876cc3f7,basketball,8,high_risk_share,low,max_formal,posterior,0.76
3c500a07-500b-5b07-9814-e778876cc3f7,hike,9,high_risk_share,high,somewhat_formal,prior,0.5
3c500a07-500b-5b07-9814-e778876cc3f7,hike,9,high_risk_share,high,somewhat_formal,posterior,0.81
3c500a07-500b-5b07-9814-e778876cc3f7,takeout,10,no_share,high,somewhat_intimate,prior,0.77
3c500a07-500b-5b07-9814-e778876cc3f7,takeout,10,no_share,high,somewhat_intimate,posterior,0.49
3c500a07-500b-5b07-9814-e778876cc3f7,apples,11,low_risk_share,high,max_formal,prior,0.76
3c500a07-500b-5b07-9814-e778876cc3f7,apples,11,low_risk_share,high,max_formal,posterior,0.79
3c500a07-500b-5b07-9814-e778876cc3f7,birthday,12,low_risk_share,high,max_intimate,prior,0.5
3c500a07-500b-5b07-9814-e778876cc3f7,birthday,12,low_risk_share,high,max_intimate,posterior,0.5
3c500a07-500b-5b07-9814-e778876cc3f7,dip,13,low_risk_share,low,max_formal,prior,0.76
3c500a07-500b-5b07-9814-e778876cc3f7,dip,13,low_risk_share,low,max_formal,posterior,0.74
3c500a07-500b-5b07-9814-e778876cc3f7,brunch,14,low_risk_share,high,somewhat_formal,prior,0.5
3c500a07-500b-5b07-9814-e778876cc3f7,brunch,14,low_risk_share,high,somewhat_formal,posterior,0.77
3c500a07-500b-5b07-9814-e778876cc3f7,wedding,15,no_share,low,somewhat_intimate,prior,0.74
3c500a07-500b-5b07-9814-e778876cc3f7,wedding,15,no_share,low,somewhat_intimate,posterior,0.25
f813d4b7-fe21-54ff-b67e-6505c321cac5,social,0,no_share,high,somewhat_formal,prior,0.72
f813d4b7-fe21-54ff-b67e-6505c321cac5,social,0,no_share,high,somewhat_formal,posterior,0.67
f813d4b7-fe21-54ff-b67e-6505c321cac5,driving,1,low_risk_share,high,max_intimate,prior,0.89
f813d4b7-fe21-54ff-b67e-6505c321cac5,driving,1,low_risk_share,high,max_intimate,posterior,0.89
f813d4b7-fe21-54ff-b67e-6505c321cac5,dip,2,high_risk_share,low,somewhat_intimate,prior,0.71
f813d4b7-fe21-54ff-b67e-6505c321cac5,dip,2,high_risk_share,low,somewhat_intimate,posterior,0.7
f813d4b7-fe21-54ff-b67e-6505c321cac5,soup,3,high_risk_share,high,somewhat_formal,prior,0.55
f813d4b7-fe21-54ff-b67e-6505c321cac5,soup,3,high_risk_share,high,somewhat_formal,posterior,0.65
f813d4b7-fe21-54ff-b67e-6505c321cac5,apples,4,low_risk_share,high,somewhat_formal,prior,0.67
f813d4b7-fe21-54ff-b67e-6505c321cac5,apples,4,low_risk_share,high,somewhat_formal,posterior,0.76
f813d4b7-fe21-54ff-b67e-6505c321cac5,gala,5,no_share,low,somewhat_formal,prior,0.68
f813d4b7-fe21-54ff-b67e-6505c321cac5,gala,5,no_share,low,somewhat_formal,posterior,0.56
f813d4b7-fe21-54ff-b67e-6505c321cac5,fair,6,no_share,low,max_formal,prior,0.6
f813d4b7-fe21-54ff-b67e-6505c321cac5,fair,6,no_share,low,max_formal,posterior,0.7
f813d4b7-fe21-54ff-b67e-6505c321cac5,oysters,7,low_risk_share,low,max_formal,prior,0.71
f813d4b7-fe21-54ff-b67e-6505c321cac5,oysters,7,low_risk_share,low,max_formal,posterior,0.86
f813d4b7-fe21-54ff-b67e-6505c321cac5,brunch,8,no_share,high,max_intimate,prior,0.77
f813d4b7-fe21-54ff-b67e-6505c321cac5,brunch,8,no_share,high,max_intimate,posterior,0.68
f813d4b7-fe21-54ff-b67e-6505c321cac5,takeout,9,no_share,high,somewhat_intimate,prior,0.78
f813d4b7-fe21-54ff-b67e-6505c321cac5,takeout,9,no_share,high,somewhat_intimate,posterior,0.55
f813d4b7-fe21-54ff-b67e-6505c321cac5,drinks,10,low_risk_share,low,somewhat_intimate,prior,0.7
f813d4b7-fe21-54ff-b67e-6505c321cac5,drinks,10,low_risk_share,low,somewhat_intimate,posterior,0.82
f813d4b7-fe21-54ff-b67e-6505c321cac5,hike,11,no_share,low,somewhat_intimate,prior,0.8
f813d4b7-fe21-54ff-b67e-6505c321cac5,hike,11,no_share,low,somewhat_intimate,posterior,0.79
f813d4b7-fe21-54ff-b67e-6505c321cac5,cooking,12,high_risk_share,low,max_formal,prior,0.79
f813d4b7-fe21-54ff-b67e-6505c321cac5,cooking,12,high_risk_share,low,max_formal,posterior,0.85
f813d4b7-fe21-54ff-b67e-6505c321cac5,birthday,13,high_risk_share,high,max_intimate,prior,0.81
f813d4b7-fe21-54ff-b67e-6505c321cac5,birthday,13,high_risk_share,high,max_intimate,posterior,0.78
f813d4b7-fe21-54ff-b67e-6505c321cac5,basketball,14,low_risk_share,high,max_formal,prior,0.63
f813d4b7-fe21-54ff-b67e-6505c321cac5,basketball,14,low_risk_share,high,max_formal,posterior,0.69
f813d4b7-fe21-54ff-b67e-6505c321cac5,wedding,15,high_risk_share,low,max_intimate,prior,0.88
f813d4b7-fe21-54ff-b67e-6505c321cac5,wedding,15,high_risk_share,low,max_intimate,posterior,0.89
cc877ce3-61a8-5f51-94a1-36635b553cac,wedding,0,low_risk_share,high,somewhat_intimate,prior,1.0
cc877ce3-61a8-5f51-94a1-36635b553cac,wedding,0,low_risk_share,high,somewhat_intimate,posterior,1.0
cc877ce3-61a8-5f51-94a1-36635b553cac,driving,1,high_risk_share,low,max_formal,prior,0.95
cc877ce3-61a8-5f51-94a1-36635b553cac,driving,1,high_risk_share,low,max_formal,posterior,1.0
cc877ce3-61a8-5f51-94a1-36635b553cac,oysters,2,high_risk_share,high,max_intimate,prior,1.0
cc877ce3-61a8-5f51-94a1-36635b553cac,oysters,2,high_risk_share,high,max_intimate,posterior,1.0
cc877ce3-61a8-5f51-94a1-36635b553cac,apples,3,high_risk_share,high,max_formal,prior,0.85
cc877ce3-61a8-5f51-94a1-36635b553cac,apples,3,high_risk_share,high,max_formal,posterior,1.0
cc877ce3-61a8-5f51-94a1-36635b553cac,brunch,4,no_share,high,somewhat_formal,prior,0.49
cc877ce3-61a8-5f51-94a1-36635b553cac,brunch,4,no_share,high,somewhat_formal,posterior,0.19
cc877ce3-61a8-5f51-94a1-36635b553cac,birthday,5,no_share,low,max_intimate,prior,0.9
cc877ce3-61a8-5f51-94a1-36635b553cac,birthday,5,no_share,low,max_intimate,posterior,0.27
cc877ce3-61a8-5f51-94a1-36635b553cac,soup,6,no_share,high,max_formal,prior,0.5
cc877ce3-61a8-5f51-94a1-36635b553cac,soup,6,no_share,high,max_formal,posterior,0.28
cc877ce3-61a8-5f51-94a1-36635b553cac,drinks,7,low_risk_share,high,max_formal,prior,0.64
cc877ce3-61a8-5f51-94a1-36635b553cac,drinks,7,low_risk_share,high,max_formal,posterior,1.0
cc877ce3-61a8-5f51-94a1-36635b553cac,hike,8,low_risk_share,low,somewhat_formal,prior,0.87
cc877ce3-61a8-5f51-94a1-36635b553cac,hike,8,low_risk_share,low,somewhat_formal,posterior,1.0
cc877ce3-61a8-5f51-94a1-36635b553cac,gala,9,low_risk_share,low,somewhat_intimate,prior,0.96
cc877ce3-61a8-5f51-94a1-36635b553cac,gala,9,low_risk_share,low,somewhat_intimate,posterior,1.0
cc877ce3-61a8-5f51-94a1-36635b553cac,basketball,10,no_share,high,somewhat_intimate,prior,0.69
cc877ce3-61a8-5f51-94a1-36635b553cac,basketball,10,no_share,high,somewhat_intimate,posterior,0.16
cc877ce3-61a8-5f51-94a1-36635b553cac,social,11,high_risk_share,low,somewhat_formal,prior,0.8
cc877ce3-61a8-5f51-94a1-36635b553cac,social,11,high_risk_share,low,somewhat_formal,posterior,1.0
cc877ce3-61a8-5f51-94a1-36635b553cac,fair,12,high_risk_share,high,somewhat_intimate,prior,0.84
cc877ce3-61a8-5f51-94a1-36635b553cac,fair,12,high_risk_share,high,somewhat_intimate,posterior,0.97
cc877ce3-61a8-5f51-94a1-36635b553cac,dip,13,high_risk_share,low,max_intimate,prior,0.87
cc877ce3-61a8-5f51-94a1-36635b553cac,dip,13,high_risk_share,low,max_intimate,posterior,1.0
cc877ce3-61a8-5f51-94a1-36635b553cac,takeout,14,no_share,low,somewhat_formal,prior,0.83
cc877ce3-61a8-5f51-94a1-36635b553cac,takeout,14,no_share,low,somewhat_formal,posterior,0.0
cc877ce3-61a8-5f51-94a1-36635b553cac,cooking,15,low_risk_share,low,max_intimate,prior,0.75
cc877ce3-61a8-5f51-94a1-36635b553cac,cooking,15,low_risk_share,low,max_intimate,posterior,1.0
df152ada-e7bc-57d4-be75-8f5e8a3183ab,fair,0,low_risk_share,low,somewhat_intimate,prior,0.78
df152ada-e7bc-57d4-be75-8f5e8a3183ab,fair,0,low_risk_share,low,somewhat_intimate,posterior,0.81
df152ada-e7bc-57d4-be75-8f5e8a3183ab,social,1,no_share,low,somewhat_formal,prior,0.74
df152ada-e7bc-57d4-be75-8f5e8a3183ab,social,1,no_share,low,somewhat_formal,posterior,0.7
df152ada-e7bc-57d4-be75-8f5e8a3183ab,oysters,2,high_risk_share,high,somewhat_formal,prior,0.27
df152ada-e7bc-57d4-be75-8f5e8a3183ab,oysters,2,high_risk_share,high,somewhat_formal,posterior,0.52
df152ada-e7bc-57d4-be75-8f5e8a3183ab,basketball,3,high_risk_share,low,somewhat_intimate,prior,1.0
df152ada-e7bc-57d4-be75-8f5e8a3183ab,basketball,3,high_risk_share,low,somewhat_intimate,posterior,0.69
df152ada-e7bc-57d4-be75-8f5e8a3183ab,brunch,4,high_risk_share,low,max_intimate,prior,0.7
df152ada-e7bc-57d4-be75-8f5e8a3183ab,brunch,4,high_risk_share,low,max_intimate,posterior,1.0
df152ada-e7bc-57d4-be75-8f5e8a3183ab,gala,5,no_share,high,somewhat_intimate,prior,0.5
df152ada-e7bc-57d4-be75-8f5e8a3183ab,gala,5,no_share,high,somewhat_intimate,posterior,0.71
df152ada-e7bc-57d4-be75-8f5e8a3183ab,birthday,6,no_share,low,max_formal,prior,0.21
df152ada-e7bc-57d4-be75-8f5e8a3183ab,birthday,6,no_share,low,max_formal,posterior,0.47
df152ada-e7bc-57d4-be75-8f5e8a3183ab,dip,7,no_share,high,max_intimate,prior,0.82
df152ada-e7bc-57d4-be75-8f5e8a3183ab,dip,7,no_share,high,max_intimate,posterior,0.92
df152ada-e7bc-57d4-be75-8f5e8a3183ab,soup,8,low_risk_share,high,somewhat_formal,prior,0.28
df152ada-e7bc-57d4-be75-8f5e8a3183ab,soup,8,low_risk_share,high,somewhat_formal,posterior,0.74
df152ada-e7bc-57d4-be75-8f5e8a3183ab,cooking,9,high_risk_share,low,max_formal,prior,0.86
df152ada-e7bc-57d4-be75-8f5e8a3183ab,cooking,9,high_risk_share,low,max_formal,posterior,0.17
df152ada-e7bc-57d4-be75-8f5e8a3183ab,driving,10,low_risk_share,high,max_intimate,prior,0.7
df152ada-e7bc-57d4-be75-8f5e8a3183ab,driving,10,low_risk_share,high,max_intimate,posterior,1.0
df152ada-e7bc-57d4-be75-8f5e8a3183ab,hike,11,low_risk_share,low,max_formal,prior,0.16
df152ada-e7bc-57d4-be75-8f5e8a3183ab,hike,11,low_risk_share,low,max_formal,posterior,0.76
df152ada-e7bc-57d4-be75-8f5e8a3183ab,apples,12,low_risk_share,high,max_formal,prior,0.5
df152ada-e7bc-57d4-be75-8f5e8a3183ab,apples,12,low_risk_share,high,max_formal,posterior,0.5
df152ada-e7bc-57d4-be75-8f5e8a3183ab,drinks,13,no_share,high,somewhat_formal,prior,0.69
df152ada-e7bc-57d4-be75-8f5e8a3183ab,drinks,13,no_share,high,somewhat_formal,posterior,0.16
df152ada-e7bc-57d4-be75-8f5e8a3183ab,takeout,14,no_share,low,somewhat_intimate,prior,0.76
df152ada-e7bc-57d4-be75-8f5e8a3183ab,takeout,14,no_share,low,somewhat_intimate,posterior,0.3
df152ada-e7bc-57d4-be75-8f5e8a3183ab,wedding,15,high_risk_share,high,max_intimate,prior,1.0
df152ada-e7bc-57d4-be75-8f5e8a3183ab,wedding,15,high_risk_share,high,max_intimate,posterior,0.97
261089bc-da2a-58bb-8dba-27b24e97f3c4,takeout,0,high_risk_share,low,max_intimate,prior,0.38
261089bc-da2a-58bb-8dba-27b24e97f3c4,takeout,0,high_risk_share,low,max_intimate,posterior,0.98
261089bc-da2a-58bb-8dba-27b24e97f3c4,driving,1,low_risk_share,high,max_formal,prior,0.95
261089bc-da2a-58bb-8dba-27b24e97f3c4,driving,1,low_risk_share,high,max_formal,posterior,0.79
261089bc-da2a-58bb-8dba-27b24e97f3c4,birthday,2,no_share,low,max_formal,prior,0.6
261089bc-da2a-58bb-8dba-27b24e97f3c4,birthday,2,no_share,low,max_formal,posterior,0.25
261089bc-da2a-58bb-8dba-27b24e97f3c4,basketball,3,low_risk_share,high,somewhat_formal,prior,0.7
261089bc-da2a-58bb-8dba-27b24e97f3c4,basketball,3,low_risk_share,high,somewhat_formal,posterior,0.83
261089bc-da2a-58bb-8dba-27b24e97f3c4,cooking,4,low_risk_share,high,max_intimate,prior,1.0
261089bc-da2a-58bb-8dba-27b24e97f3c4,cooking,4,low_risk_share,high,max_intimate,posterior,1.0
261089bc-da2a-58bb-8dba-27b24e97f3c4,hike,5,no_share,high,max_intimate,prior,0.97
261089bc-da2a-58bb-8dba-27b24e97f3c4,hike,5,no_share,high,max_intimate,posterior,0.96
261089bc-da2a-58bb-8dba-27b24e97f3c4,fair,6,no_share,high,somewhat_formal,prior,0.9
261089bc-da2a-58bb-8dba-27b24e97f3c4,fair,6,no_share,high,somewhat_formal,posterior,0.81
261089bc-da2a-58bb-8dba-27b24e97f3c4,soup,7,high_risk_share,low,max_formal,prior,0.49
261089bc-da2a-58bb-8dba-27b24e97f3c4,soup,7,high_risk_share,low,max_formal,posterior,0.97
261089bc-da2a-58bb-8dba-27b24e97f3c4,brunch,8,high_risk_share,high,max_intimate,prior,0.95
261089bc-da2a-58bb-8dba-27b24e97f3c4,brunch,8,high_risk_share,high,max_intimate,posterior,0.95
261089bc-da2a-58bb-8dba-27b24e97f3c4,social,9,low_risk_share,low,max_formal,prior,0.89
261089bc-da2a-58bb-8dba-27b24e97f3c4,social,9,low_risk_share,low,max_formal,posterior,1.0
261089bc-da2a-58bb-8dba-27b24e97f3c4,drinks,10,no_share,low,somewhat_formal,prior,0.79
261089bc-da2a-58bb-8dba-27b24e97f3c4,drinks,10,no_share,low,somewhat_formal,posterior,0.03
261089bc-da2a-58bb-8dba-27b24e97f3c4,apples,11,high_risk_share,high,somewhat_formal,prior,0.74
261089bc-da2a-58bb-8dba-27b24e97f3c4,apples,11,high_risk_share,high,somewhat_formal,posterior,1.0
261089bc-da2a-58bb-8dba-27b24e97f3c4,wedding,12,no_share,high,somewhat_intimate,prior,0.83
261089bc-da2a-58bb-8dba-27b24e97f3c4,wedding,12,no_share,high,somewhat_intimate,posterior,0.65
261089bc-da2a-58bb-8dba-27b24e97f3c4,oysters,13,low_risk_share,low,somewhat_intimate,prior,0.5
261089bc-da2a-58bb-8dba-27b24e97f3c4,oysters,13,low_risk_share,low,somewhat_intimate,posterior,0.86
261089bc-da2a-58bb-8dba-27b24e97f3c4,gala,14,no_share,low,somewhat_intimate,prior,0.84
261089bc-da2a-58bb-8dba-27b24e97f3c4,gala,14,no_share,low,somewhat_intimate,posterior,0.84
261089bc-da2a-58bb-8dba-27b24e97f3c4,dip,15,high_risk_share,low,somewhat_intimate,prior,0.65
261089bc-da2a-58bb-8dba-27b24e97f3c4,dip,15,high_risk_share,low,somewhat_intimate,posterior,0.87
a078b757-5b0f-562c-b3c8-84c426119175,driving,0,no_share,low,somewhat_intimate,prior,0.13
a078b757-5b0f-562c-b3c8-84c426119175,driving,0,no_share,low,somewhat_intimate,posterior,0.5
a078b757-5b0f-562c-b3c8-84c426119175,fair,1,high_risk_share,low,max_formal,prior,1.0
a078b757-5b0f-562c-b3c8-84c426119175,fair,1,high_risk_share,low,max_formal,posterior,1.0
a078b757-5b0f-562c-b3c8-84c426119175,brunch,2,high_risk_share,low,somewhat_intimate,prior,0.74
a078b757-5b0f-562c-b3c8-84c426119175,brunch,2,high_risk_share,low,somewhat_intimate,posterior,1.0
a078b757-5b0f-562c-b3c8-84c426119175,cooking,3,low_risk_share,low,max_formal,prior,0.7
a078b757-5b0f-562c-b3c8-84c426119175,cooking,3,low_risk_share,low,max_formal,posterior,0.99
a078b757-5b0f-562c-b3c8-84c426119175,apples,4,no_share,high,somewhat_intimate,prior,0.13
a078b757-5b0f-562c-b3c8-84c426119175,apples,4,no_share,high,somewhat_intimate,posterior,0.49
a078b757-5b0f-562c-b3c8-84c426119175,basketball,5,low_risk_share,high,max_formal,prior,0.64
a078b757-5b0f-562c-b3c8-84c426119175,basketball,5,low_risk_share,high,max_formal,posterior,1.0
a078b757-5b0f-562c-b3c8-84c426119175,hike,6,high_risk_share,low,max_intimate,prior,0.82
a078b757-5b0f-562c-b3c8-84c426119175,hike,6,high_risk_share,low,max_intimate,posterior,1.0
a078b757-5b0f-562c-b3c8-84c426119175,drinks,7,no_share,high,max_intimate,prior,0.99
a078b757-5b0f-562c-b3c8-84c426119175,drinks,7,no_share,high,max_intimate,posterior,0.0
a078b757-5b0f-562c-b3c8-84c426119175,wedding,8,high_risk_share,high,somewhat_formal,prior,0.82
a078b757-5b0f-562c-b3c8-84c426119175,wedding,8,high_risk_share,high,somewhat_formal,posterior,0.99
a078b757-5b0f-562c-b3c8-84c426119175,dip,9,no_share,high,somewhat_formal,prior,1.0
a078b757-5b0f-562c-b3c8-84c426119175,dip,9,no_share,high,somewhat_formal,posterior,0.0
a078b757-5b0f-562c-b3c8-84c426119175,birthday,10,low_risk_share,high,somewhat_formal,prior,0.98
a078b757-5b0f-562c-b3c8-84c426119175,birthday,10,low_risk_share,high,somewhat_formal,posterior,0.96
a078b757-5b0f-562c-b3c8-84c426119175,takeout,11,no_share,low,max_formal,prior,0.11
a078b757-5b0f-562c-b3c8-84c426119175,takeout,11,no_share,low,max_formal,posterior,0.0
a078b757-5b0f-562c-b3c8-84c426119175,gala,12,low_risk_share,high,max_intimate,prior,1.0
a078b757-5b0f-562c-b3c8-84c426119175,gala,12,low_risk_share,high,max_intimate,posterior,1.0
a078b757-5b0f-562c-b3c8-84c426119175,oysters,13,high_risk_share,high,max_intimate,prior,0.2
a078b757-5b0f-562c-b3c8-84c426119175,oysters,13,high_risk_share,high,max_intimate,posterior,1.0
a078b757-5b0f-562c-b3c8-84c426119175,soup,14,no_share,low,somewhat_formal,prior,1.0
a078b757-5b0f-562c-b3c8-84c426119175,soup,14,no_share,low,somewhat_formal,posterior,0.0
a078b757-5b0f-562c-b3c8-84c426119175,social,15,low_risk_share,low,somewhat_intimate,prior,0.99
a078b757-5b0f-562c-b3c8-84c426119175,social,15,low_risk_share,low,somewhat_intimate,posterior,1.0
92c142c4-82cc-5502-b855-bdb217458a6a,apples,0,no_share,high,max_intimate,prior,0.34
92c142c4-82cc-5502-b855-bdb217458a6a,apples,0,no_share,high,max_intimate,posterior,0.35
92c142c4-82cc-5502-b855-bdb217458a6a,driving,1,no_share,low,somewhat_intimate,prior,0.63
92c142c4-82cc-5502-b855-bdb217458a6a,driving,1,no_share,low,somewhat_intimate,posterior,0.62
92c142c4-82cc-5502-b855-bdb217458a6a,gala,2,low_risk_share,high,max_intimate,prior,0.59
92c142c4-82cc-5502-b855-bdb217458a6a,gala,2,low_risk_share,high,max_intimate,posterior,0.63
92c142c4-82cc-5502-b855-bdb217458a6a,cooking,3,no_share,high,max_formal,prior,0.62
92c142c4-82cc-5502-b855-bdb217458a6a,cooking,3,no_share,high,max_formal,posterior,0.3
92c142c4-82cc-5502-b855-bdb217458a6a,dip,4,high_risk_share,low,somewhat_formal,prior,0.75
92c142c4-82cc-5502-b855-bdb217458a6a,dip,4,high_risk_share,low,somewhat_formal,posterior,0.88
92c142c4-82cc-5502-b855-bdb217458a6a,drinks,5,low_risk_share,low,max_intimate,prior,0.74
92c142c4-82cc-5502-b855-bdb217458a6a,drinks,5,low_risk_share,low,max_intimate,posterior,0.81
92c142c4-82cc-5502-b855-bdb217458a6a,birthday,6,high_risk_share,high,max_formal,prior,0.36
92c142c4-82cc-5502-b855-bdb217458a6a,birthday,6,high_risk_share,high,max_formal,posterior,0.63
92c142c4-82cc-5502-b855-bdb217458a6a,hike,7,low_risk_share,high,somewhat_formal,prior,0.64
92c142c4-82cc-5502-b855-bdb217458a6a,hike,7,low_risk_share,high,somewhat_formal,posterior,0.62
92c142c4-82cc-5502-b855-bdb217458a6a,soup,8,no_share,low,max_formal,prior,0.58
92c142c4-82cc-5502-b855-bdb217458a6a,soup,8,no_share,low,max_formal,posterior,0.37
92c142c4-82cc-5502-b855-bdb217458a6a,wedding,9,high_risk_share,low,somewhat_intimate,prior,0.72
92c142c4-82cc-5502-b855-bdb217458a6a,wedding,9,high_risk_share,low,somewhat_intimate,posterior,0.84
92c142c4-82cc-5502-b855-bdb217458a6a,oysters,10,high_risk_share,high,somewhat_formal,prior,0.65
92c142c4-82cc-5502-b855-bdb217458a6a,oysters,10,high_risk_share,high,somewhat_formal,posterior,0.95
92c142c4-82cc-5502-b855-bdb217458a6a,fair,11,low_risk_share,high,somewhat_intimate,prior,0.59
92c142c4-82cc-5502-b855-bdb217458a6a,fair,11,low_risk_share,high,somewhat_intimate,posterior,0.79
92c142c4-82cc-5502-b855-bdb217458a6a,brunch,12,high_risk_share,high,somewhat_intimate,prior,0.31
92c142c4-82cc-5502-b855-bdb217458a6a,brunch,12,high_risk_share,high,somewhat_intimate,posterior,0.65
92c142c4-82cc-5502-b855-bdb217458a6a,basketball,13,no_share,low,max_intimate,prior,0.39
92c142c4-82cc-5502-b855-bdb217458a6a,basketball,13,no_share,low,max_intimate,posterior,0.28
92c142c4-82cc-5502-b855-bdb217458a6a,takeout,14,low_risk_share,low,somewhat_formal,prior,0.41
92c142c4-82cc-5502-b855-bdb217458a6a,takeout,14,low_risk_share,low,somewhat_formal,posterior,0.61
92c142c4-82cc-5502-b855-bdb217458a6a,social,15,low_risk_share,low,max_formal,prior,0.38
92c142c4-82cc-5502-b855-bdb217458a6a,social,15,low_risk_share,low,max_formal,posterior,0.45
76e6fb4e-4779-5f48-8870-8a3681a500dd,brunch,0,high_risk_share,low,somewhat_intimate,prior,0.84
76e6fb4e-4779-5f48-8870-8a3681a500dd,brunch,0,high_risk_share,low,somewhat_intimate,posterior,0.92
76e6fb4e-4779-5f48-8870-8a3681a500dd,drinks,1,high_risk_share,high,somewhat_intimate,prior,0.6
76e6fb4e-4779-5f48-8870-8a3681a500dd,drinks,1,high_risk_share,high,somewhat_intimate,posterior,0.85
76e6fb4e-4779-5f48-8870-8a3681a500dd,basketball,2,no_share,low,somewhat_intimate,prior,0.55
76e6fb4e-4779-5f48-8870-8a3681a500dd,basketball,2,no_share,low,somewhat_intimate,posterior,0.31
76e6fb4e-4779-5f48-8870-8a3681a500dd,social,3,low_risk_share,high,max_intimate,prior,0.69
76e6fb4e-4779-5f48-8870-8a3681a500dd,social,3,low_risk_share,high,max_intimate,posterior,0.82
76e6fb4e-4779-5f48-8870-8a3681a500dd,soup,4,high_risk_share,high,somewhat_formal,prior,0.62
76e6fb4e-4779-5f48-8870-8a3681a500dd,soup,4,high_risk_share,high,somewhat_formal,posterior,0.41
76e6fb4e-4779-5f48-8870-8a3681a500dd,cooking,5,no_share,high,max_intimate,prior,0.83
76e6fb4e-4779-5f48-8870-8a3681a500dd,cooking,5,no_share,high,max_intimate,posterior,0.8
76e6fb4e-4779-5f48-8870-8a3681a500dd,birthday,6,low_risk_share,high,somewhat_formal,prior,0.42
76e6fb4e-4779-5f48-8870-8a3681a500dd,birthday,6,low_risk_share,high,somewhat_formal,posterior,0.61
76e6fb4e-4779-5f48-8870-8a3681a500dd,driving,7,no_share,low,max_formal,prior,0.62
76e6fb4e-4779-5f48-8870-8a3681a500dd,driving,7,no_share,low,max_formal,posterior,0.41
76e6fb4e-4779-5f48-8870-8a3681a500dd,takeout,8,high_risk_share,low,somewhat_formal,prior,0.69
76e6fb4e-4779-5f48-8870-8a3681a500dd,takeout,8,high_risk_share,low,somewhat_formal,posterior,0.84
76e6fb4e-4779-5f48-8870-8a3681a500dd,apples,9,low_risk_share,low,somewhat_formal,prior,0.77
76e6fb4e-4779-5f48-8870-8a3681a500dd,apples,9,low_risk_share,low,somewhat_formal,posterior,0.86
76e6fb4e-4779-5f48-8870-8a3681a500dd,wedding,10,low_risk_share,low,max_formal,prior,0.81
76e6fb4e-4779-5f48-8870-8a3681a500dd,wedding,10,low_risk_share,low,max_formal,posterior,0.79
76e6fb4e-4779-5f48-8870-8a3681a500dd,hike,11,low_risk_share,high,somewhat_intimate,prior,0.97
76e6fb4e-4779-5f48-8870-8a3681a500dd,hike,11,low_risk_share,high,somewhat_intimate,posterior,0.9
76e6fb4e-4779-5f48-8870-8a3681a500dd,gala,12,low_risk_share,low,max_intimate,prior,0.88
76e6fb4e-4779-5f48-8870-8a3681a500dd,gala,12,low_risk_share,low,max_intimate,posterior,0.89
76e6fb4e-4779-5f48-8870-8a3681a500dd,oysters,13,no_share,low,max_intimate,prior,0.89
76e6fb4e-4779-5f48-8870-8a3681a500dd,oysters,13,no_share,low,max_intimate,posterior,0.52
76e6fb4e-4779-5f48-8870-8a3681a500dd,dip,14,high_risk_share,high,max_formal,prior,0.59
76e6fb4e-4779-5f48-8870-8a3681a500dd,dip,14,high_risk_share,high,max_formal,posterior,0.74
76e6fb4e-4779-5f48-8870-8a3681a500dd,fair,15,no_share,high,max_formal,prior,0.81
76e6fb4e-4779-5f48-8870-8a3681a500dd,fair,15,no_share,high,max_formal,posterior,0.56
478d399c-077e-5065-8d99-e2e27b80ba4b,wedding,0,no_share,high,max_formal,prior,0.74
478d399c-077e-5065-8d99-e2e27b80ba4b,wedding,0,no_share,high,max_formal,posterior,0.78
478d399c-077e-5065-8d99-e2e27b80ba4b,social,1,no_share,low,max_intimate,prior,0.74
478d399c-077e-5065-8d99-e2e27b80ba4b,social,1,no_share,low,max_intimate,posterior,0.75
478d399c-077e-5065-8d99-e2e27b80ba4b,drinks,2,high_risk_share,low,somewhat_formal,prior,0.72
478d399c-077e-5065-8d99-e2e27b80ba4b,drinks,2,high_risk_share,low,somewhat_formal,posterior,0.79
478d399c-077e-5065-8d99-e2e27b80ba4b,hike,3,low_risk_share,low,somewhat_intimate,prior,0.63
478d399c-077e-5065-8d99-e2e27b80ba4b,hike,3,low_risk_share,low,somewhat_intimate,posterior,0.65
478d399c-077e-5065-8d99-e2e27b80ba4b,fair,4,low_risk_share,low,max_intimate,prior,0.7
478d399c-077e-5065-8d99-e2e27b80ba4b,fair,4,low_risk_share,low,max_intimate,posterior,0.79
478d399c-077e-5065-8d99-e2e27b80ba4b,takeout,5,high_risk_share,low,max_intimate,prior,0.72
478d399c-077e-5065-8d99-e2e27b80ba4b,takeout,5,high_risk_share,low,max_intimate,posterior,0.75
478d399c-077e-5065-8d99-e2e27b80ba4b,cooking,6,high_risk_share,low,max_formal,prior,0.75
478d399c-077e-5065-8d99-e2e27b80ba4b,cooking,6,high_risk_share,low,max_formal,posterior,0.74
478d399c-077e-5065-8d99-e2e27b80ba4b,basketball,7,no_share,high,somewhat_formal,prior,0.73
478d399c-077e-5065-8d99-e2e27b80ba4b,basketball,7,no_share,high,somewhat_formal,posterior,0.65
478d399c-077e-5065-8d99-e2e27b80ba4b,brunch,8,low_risk_share,low,somewhat_formal,prior,0.77
478d399c-077e-5065-8d99-e2e27b80ba4b,brunch,8,low_risk_share,low,somewhat_formal,posterior,0.75
478d399c-077e-5065-8d99-e2e27b80ba4b,gala,9,high_risk_share,high,max_intimate,prior,0.74
478d399c-077e-5065-8d99-e2e27b80ba4b,gala,9,high_risk_share,high,max_intimate,posterior,0.75
478d399c-077e-5065-8d99-e2e27b80ba4b,dip,10,low_risk_share,high,somewhat_intimate,prior,0.75
478d399c-077e-5065-8d99-e2e27b80ba4b,dip,10,low_risk_share,high,somewhat_intimate,posterior,0.75
478d399c-077e-5065-8d99-e2e27b80ba4b,oysters,11,high_risk_share,high,somewhat_intimate,prior,0.74
478d399c-077e-5065-8d99-e2e27b80ba4b,oysters,11,high_risk_share,high,somewhat_intimate,posterior,0.79
478d399c-077e-5065-8d99-e2e27b80ba4b,soup,12,low_risk_share,high,max_formal,prior,0.78
478d399c-077e-5065-8d99-e2e27b80ba4b,soup,12,low_risk_share,high,max_formal,posterior,0.78
478d399c-077e-5065-8d99-e2e27b80ba4b,apples,13,no_share,high,somewhat_intimate,prior,0.77
478d399c-077e-5065-8d99-e2e27b80ba4b,apples,13,no_share,high,somewhat_intimate,posterior,0.67
478d399c-077e-5065-8d99-e2e27b80ba4b,driving,14,high_risk_share,high,max_formal,prior,0.72
478d399c-077e-5065-8d99-e2e27b80ba4b,driving,14,high_risk_share,high,max_formal,posterior,0.83
478d399c-077e-5065-8d99-e2e27b80ba4b,birthday,15,no_share,low,somewhat_formal,prior,0.74
478d399c-077e-5065-8d99-e2e27b80ba4b,birthday,15,no_share,low,somewhat_formal,posterior,0.38
96ec9863-0316-507b-a8c2-47739292be43,gala,0,no_share,low,max_intimate,prior,0.9
96ec9863-0316-507b-a8c2-47739292be43,gala,0,no_share,low,max_intimate,posterior,0.76
96ec9863-0316-507b-a8c2-47739292be43,takeout,1,no_share,high,somewhat_formal,prior,0.86
96ec9863-0316-507b-a8c2-47739292be43,takeout,1,no_share,high,somewhat_formal,posterior,0.24
96ec9863-0316-507b-a8c2-47739292be43,cooking,2,high_risk_share,low,somewhat_formal,prior,0.66
96ec9863-0316-507b-a8c2-47739292be43,cooking,2,high_risk_share,low,somewhat_formal,posterior,0.89
96ec9863-0316-507b-a8c2-47739292be43,apples,3,high_risk_share,low,max_intimate,prior,1.0
96ec9863-0316-507b-a8c2-47739292be43,apples,3,high_risk_share,low,max_intimate,posterior,1.0
96ec9863-0316-507b-a8c2-47739292be43,driving,4,no_share,high,somewhat_intimate,prior,0.66
96ec9863-0316-507b-a8c2-47739292be43,driving,4,no_share,high,somewhat_intimate,posterior,0.7
96ec9863-0316-507b-a8c2-47739292be43,brunch,5,low_risk_share,low,somewhat_intimate,prior,0.78
96ec9863-0316-507b-a8c2-47739292be43,brunch,5,low_risk_share,low,somewhat_intimate,posterior,0.77
96ec9863-0316-507b-a8c2-47739292be43,birthday,6,high_risk_share,low,max_formal,prior,0.5
96ec9863-0316-507b-a8c2-47739292be43,birthday,6,high_risk_share,low,max_formal,posterior,0.5
96ec9863-0316-507b-a8c2-47739292be43,drinks,7,low_risk_share,low,somewhat_formal,prior,0.5
96ec9863-0316-507b-a8c2-47739292be43,drinks,7,low_risk_share,low,somewhat_formal,posterior,0.52
96ec9863-0316-507b-a8c2-47739292be43,basketball,8,low_risk_share,high,max_formal,prior,0.75
96ec9863-0316-507b-a8c2-47739292be43,basketball,8,low_risk_share,high,max_formal,posterior,0.73
96ec9863-0316-507b-a8c2-47739292be43,wedding,9,low_risk_share,high,somewhat_intimate,prior,0.53
96ec9863-0316-507b-a8c2-47739292be43,wedding,9,low_risk_share,high,somewhat_intimate,posterior,0.64
96ec9863-0316-507b-a8c2-47739292be43,social,10,low_risk_share,low,max_intimate,prior,0.55
96ec9863-0316-507b-a8c2-47739292be43,social,10,low_risk_share,low,max_intimate,posterior,0.83
96ec9863-0316-507b-a8c2-47739292be43,dip,11,no_share,low,somewhat_formal,prior,0.63
96ec9863-0316-507b-a8c2-47739292be43,dip,11,no_share,low,somewhat_formal,posterior,0.9
96ec9863-0316-507b-a8c2-47739292be43,fair,12,high_risk_share,high,max_intimate,prior,0.94
96ec9863-0316-507b-a8c2-47739292be43,fair,12,high_risk_share,high,max_intimate,posterior,0.97
96ec9863-0316-507b-a8c2-47739292be43,soup,13,high_risk_share,high,somewhat_intimate,prior,0.88
96ec9863-0316-507b-a8c2-47739292be43,soup,13,high_risk_share,high,somewhat_intimate,posterior,0.78
96ec9863-0316-507b-a8c2-47739292be43,hike,14,no_share,high,max_formal,prior,0.76
96ec9863-0316-507b-a8c2-47739292be43,hike,14,no_share,high,max_formal,posterior,0.9
96ec9863-0316-507b-a8c2-47739292be43,oysters,15,high_risk_share,high,max_formal,prior,0.74
96ec9863-0316-507b-a8c2-47739292be43,oysters,15,high_risk_share,high,max_formal,posterior,0.73
61005d0a-1021-5e41-a2ef-e2901643a44d,basketball,0,no_share,low,somewhat_formal,prior,0.19
61005d0a-1021-5e41-a2ef-e2901643a44d,basketball,0,no_share,low,somewhat_formal,posterior,0.0
61005d0a-1021-5e41-a2ef-e2901643a44d,gala,1,no_share,high,somewhat_formal,prior,0.8
61005d0a-1021-5e41-a2ef-e2901643a44d,gala,1,no_share,high,somewhat_formal,posterior,0.0
61005d0a-1021-5e41-a2ef-e2901643a44d,driving,2,high_risk_share,high,somewhat_formal,prior,0.12
61005d0a-1021-5e41-a2ef-e2901643a44d,driving,2,high_risk_share,high,somewhat_formal,posterior,0.5
61005d0a-1021-5e41-a2ef-e2901643a44d,apples,3,low_risk_share,high,max_formal,prior,0.5
61005d0a-1021-5e41-a2ef-e2901643a44d,apples,3,low_risk_share,high,max_formal,posterior,1.0
61005d0a-1021-5e41-a2ef-e2901643a44d,hike,4,high_risk_share,high,max_intimate,prior,0.92
61005d0a-1021-5e41-a2ef-e2901643a44d,hike,4,high_risk_share,high,max_intimate,posterior,0.97
61005d0a-1021-5e41-a2ef-e2901643a44d,brunch,5,no_share,high,max_intimate,prior,0.5
61005d0a-1021-5e41-a2ef-e2901643a44d,brunch,5,no_share,high,max_intimate,posterior,0.0
61005d0a-1021-5e41-a2ef-e2901643a44d,cooking,6,high_risk_share,low,max_formal,prior,0.9
61005d0a-1021-5e41-a2ef-e2901643a44d,cooking,6,high_risk_share,low,max_formal,posterior,1.0
61005d0a-1021-5e41-a2ef-e2901643a44d,social,7,low_risk_share,high,max_intimate,prior,0.49
61005d0a-1021-5e41-a2ef-e2901643a44d,social,7,low_risk_share,high,max_intimate,posterior,1.0
61005d0a-1021-5e41-a2ef-e2901643a44d,fair,8,low_risk_share,low,max_formal,prior,0.5
61005d0a-1021-5e41-a2ef-e2901643a44d,fair,8,low_risk_share,low,max_formal,posterior,0.93
61005d0a-1021-5e41-a2ef-e2901643a44d,takeout,9,no_share,low,max_formal,prior,0.78
61005d0a-1021-5e41-a2ef-e2901643a44d,takeout,9,no_share,low,max_formal,posterior,0.0
61005d0a-1021-5e41-a2ef-e2901643a44d,birthday,10,low_risk_share,high,somewhat_formal,prior,0.36
61005d0a-1021-5e41-a2ef-e2901643a44d,birthday,10,low_risk_share,high,somewhat_formal,posterior,0.5
61005d0a-1021-5e41-a2ef-e2901643a44d,dip,11,no_share,low,somewhat_intimate,prior,0.5
61005d0a-1021-5e41-a2ef-e2901643a44d,dip,11,no_share,low,somewhat_intimate,posterior,0.18
61005d0a-1021-5e41-a2ef-e2901643a44d,wedding,12,high_risk_share,low,max_intimate,prior,0.88
61005d0a-1021-5e41-a2ef-e2901643a44d,wedding,12,high_risk_share,low,max_intimate,posterior,1.0
61005d0a-1021-5e41-a2ef-e2901643a44d,drinks,13,low_risk_share,low,somewhat_intimate,prior,0.51
61005d0a-1021-5e41-a2ef-e2901643a44d,drinks,13,low_risk_share,low,somewhat_intimate,posterior,1.0
61005d0a-1021-5e41-a2ef-e2901643a44d,soup,14,no_share,high,somewhat_intimate,prior,0.26
61005d0a-1021-5e41-a2ef-e2901643a44d,soup,14,no_share,high,somewhat_intimate,posterior,0.0
61005d0a-1021-5e41-a2ef-e2901643a44d,oysters,15,high_risk_share,low,somewhat_intimate,prior,0.5
61005d0a-1021-5e41-a2ef-e2901643a44d,oysters,15,high_risk_share,low,somewhat_intimate,posterior,1.0
e9c18449-2df0-5fbd-a3fe-c0cf42776a51,gala,0,high_risk_share,high,somewhat_formal,prior,0.6
e9c18449-2df0-5fbd-a3fe-c0cf42776a51,gala,0,high_risk_share,high,somewhat_formal,posterior,0.65
e9c18449-2df0-5fbd-a3fe-c0cf42776a51,dip,1,high_risk_share,low,max_intimate,prior,0.59
e9c18449-2df0-5fbd-a3fe-c0cf42776a51,dip,1,high_risk_share,low,max_intimate,posterior,0.83
e9c18449-2df0-5fbd-a3fe-c0cf42776a51,takeout,2,high_risk_share,low,max_formal,prior,0.51
e9c18449-2df0-5fbd-a3fe-c0cf42776a51,takeout,2,high_risk_share,low,max_formal,posterior,0.93
e9c18449-2df0-5fbd-a3fe-c0cf42776a51,drinks,3,low_risk_share,low,max_formal,prior,0.56
e9c18449-2df0-5fbd-a3fe-c0cf42776a51,drinks,3,low_risk_share,low,max_formal,posterior,0.66
e9c18449-2df0-5fbd-a3fe-c0cf42776a51,fair,4,no_share,low,somewhat_intimate,prior,0.53
e9c18449-2df0-5fbd-a3fe-c0cf42776a51,fair,4,no_share,low,somewhat_intimate,posterior,0.54
e9c18449-2df0-5fbd-a3fe-c0cf42776a51,hike,5,no_share,low,somewhat_formal,prior,0.65
e9c18449-2df0-5fbd-a3fe-c0cf42776a51,hike,5,no_share,low,somewhat_formal,posterior,0.33
e9c18449-2df0-5fbd-a3fe-c0cf42776a51,social,6,no_share,high,max_intimate,prior,0.64
e9c18449-2df0-5fbd-a3fe-c0cf42776a51,social,6,no_share,high,max_intimate,posterior,0.0
e9c18449-2df0-5fbd-a3fe-c0cf42776a51,brunch,7,low_risk_share,high,max_intimate,prior,0.8
e9c18449-2df0-5fbd-a3fe-c0cf42776a51,brunch,7,low_risk_share,high,max_intimate,posterior,0.99
e9c18449-2df0-5fbd-a3fe-c0cf42776a51,birthday,8,no_share,low,max_formal,prior,0.54
e9c18449-2df0-5fbd-a3fe-c0cf42776a51,birthday,8,no_share,low,max_formal,posterior,0.02
e9c18449-2df0-5fbd-a3fe-c0cf42776a51,basketball,9,no_share,high,somewhat_formal,prior,0.52
e9c18449-2df0-5fbd-a3fe-c0cf42776a51,basketball,9,no_share,high,somewhat_formal,posterior,0.0
e9c18449-2df0-5fbd-a3fe-c0cf42776a51,driving,10,high_risk_share,high,max_intimate,prior,0.41
e9c18449-2df0-5fbd-a3fe-c0cf42776a51,driving,10,high_risk_share,high,max_intimate,posterior,0.95
e9c18449-2df0-5fbd-a3fe-c0cf42776a51,wedding,11,no_share,high,somewhat_intimate,prior,0.73
e9c18449-2df0-5fbd-a3fe-c0cf42776a51,wedding,11,no_share,high,somewhat_intimate,posterior,0.04
e9c18449-2df0-5fbd-a3fe-c0cf42776a51,oysters,12,low_risk_share,high,max_formal,prior,0.61
e9c18449-2df0-5fbd-a3fe-c0cf42776a51,oysters,12,low_risk_share,high,max_formal,posterior,0.97
e9c18449-2df0-5fbd-a3fe-c0cf42776a51,cooking,13,low_risk_share,high,somewhat_formal,prior,0.64
e9c18449-2df0-5fbd-a3fe-c0cf42776a51,cooking,13,low_risk_share,high,somewhat_formal,posterior,1.0
e9c18449-2df0-5fbd-a3fe-c0cf42776a51,apples,14,low_risk_share,low,somewhat_intimate,prior,0.61
e9c18449-2df0-5fbd-a3fe-c0cf42776a51,apples,14,low_risk_share,low,somewhat_intimate,posterior,1.0
e9c18449-2df0-5fbd-a3fe-c0cf42776a51,soup,15,high_risk_share,low,somewhat_intimate,prior,0.55
e9c18449-2df0-5fbd-a3fe-c0cf42776a51,soup,15,high_risk_share,low,somewhat_intimate,posterior,1.0
b4e5a3dc-b813-5666-b14b-9758b589f9d5,driving,0,high_risk_share,high,somewhat_intimate,prior,0.82
b4e5a3dc-b813-5666-b14b-9758b589f9d5,driving,0,high_risk_share,high,somewhat_intimate,posterior,0.79
b4e5a3dc-b813-5666-b14b-9758b589f9d5,birthday,1,high_risk_share,low,somewhat_formal,prior,0.54
b4e5a3dc-b813-5666-b14b-9758b589f9d5,birthday,1,high_risk_share,low,somewhat_formal,posterior,0.53
b4e5a3dc-b813-5666-b14b-9758b589f9d5,fair,2,high_risk_share,low,max_formal,prior,0.82
b4e5a3dc-b813-5666-b14b-9758b589f9d5,fair,2,high_risk_share,low,max_formal,posterior,0.86
b4e5a3dc-b813-5666-b14b-9758b589f9d5,soup,3,low_risk_share,low,max_intimate,prior,0.51
b4e5a3dc-b813-5666-b14b-9758b589f9d5,soup,3,low_risk_share,low,max_intimate,posterior,0.96
b4e5a3dc-b813-5666-b14b-9758b589f9d5,brunch,4,no_share,high,somewhat_formal,prior,0.36
b4e5a3dc-b813-5666-b14b-9758b589f9d5,brunch,4,no_share,high,somewhat_formal,posterior,0.21
b4e5a3dc-b813-5666-b14b-9758b589f9d5,wedding,5,low_risk_share,low,somewhat_formal,prior,0.65
b4e5a3dc-b813-5666-b14b-9758b589f9d5,wedding,5,low_risk_share,low,somewhat_formal,posterior,0.57
b4e5a3dc-b813-5666-b14b-9758b589f9d5,social,6,high_risk_share,low,max_intimate,prior,0.68
b4e5a3dc-b813-5666-b14b-9758b589f9d5,social,6,high_risk_share,low,max_intimate,posterior,0.92
b4e5a3dc-b813-5666-b14b-9758b589f9d5,apples,7,low_risk_share,high,somewhat_intimate,prior,0.61
b4e5a3dc-b813-5666-b14b-9758b589f9d5,apples,7,low_risk_share,high,somewhat_intimate,posterior,0.69
b4e5a3dc-b813-5666-b14b-9758b589f9d5,hike,8,no_share,low,max_intimate,prior,0.49
b4e5a3dc-b813-5666-b14b-9758b589f9d5,hike,8,no_share,low,max_intimate,posterior,0.52
b4e5a3dc-b813-5666-b14b-9758b589f9d5,oysters,9,high_risk_share,high,max_intimate,prior,0.71
b4e5a3dc-b813-5666-b14b-9758b589f9d5,oysters,9,high_risk_share,high,max_intimate,posterior,0.94
b4e5a3dc-b813-5666-b14b-9758b589f9d5,takeout,10,high_risk_share,high,max_formal,prior,0.62
b4e5a3dc-b813-5666-b14b-9758b589f9d5,takeout,10,high_risk_share,high,max_formal,posterior,0.75
b4e5a3dc-b813-5666-b14b-9758b589f9d5,gala,11,low_risk_share,high,max_formal,prior,0.57
b4e5a3dc-b813-5666-b14b-9758b589f9d5,gala,11,low_risk_share,high,max_formal,posterior,0.46
b4e5a3dc-b813-5666-b14b-9758b589f9d5,dip,12,low_risk_share,low,somewhat_intimate,prior,0.5
b4e5a3dc-b813-5666-b14b-9758b589f9d5,dip,12,low_risk_share,low,somewhat_intimate,posterior,0.51
b4e5a3dc-b813-5666-b14b-9758b589f9d5,basketball,13,no_share,low,somewhat_formal,prior,0.68
b4e5a3dc-b813-5666-b14b-9758b589f9d5,basketball,13,no_share,low,somewhat_formal,posterior,0.38
b4e5a3dc-b813-5666-b14b-9758b589f9d5,cooking,14,no_share,high,max_formal,prior,0.46
b4e5a3dc-b813-5666-b14b-9758b589f9d5,cooking,14,no_share,high,max_formal,posterior,0.27
b4e5a3dc-b813-5666-b14b-9758b589f9d5,drinks,15,no_share,high,somewhat_intimate,prior,0.37
b4e5a3dc-b813-5666-b14b-9758b589f9d5,drinks,15,no_share,high,somewhat_intimate,posterior,0.13
52baf99c-1ed6-5649-9420-2f2d32a67d28,hike,0,no_share,high,max_intimate,prior,0.9
52baf99c-1ed6-5649-9420-2f2d32a67d28,hike,0,no_share,high,max_intimate,posterior,0.92
52baf99c-1ed6-5649-9420-2f2d32a67d28,basketball,1,high_risk_share,high,somewhat_formal,prior,0.2
52baf99c-1ed6-5649-9420-2f2d32a67d28,basketball,1,high_risk_share,high,somewhat_formal,posterior,0.81
52baf99c-1ed6-5649-9420-2f2d32a67d28,cooking,2,high_risk_share,high,max_intimate,prior,0.88
52baf99c-1ed6-5649-9420-2f2d32a67d28,cooking,2,high_risk_share,high,max_intimate,posterior,1.0
52baf99c-1ed6-5649-9420-2f2d32a67d28,wedding,3,low_risk_share,low,max_formal,prior,0.85
52baf99c-1ed6-5649-9420-2f2d32a67d28,wedding,3,low_risk_share,low,max_formal,posterior,0.98
52baf99c-1ed6-5649-9420-2f2d32a67d28,takeout,4,no_share,high,somewhat_intimate,prior,0.17
52baf99c-1ed6-5649-9420-2f2d32a67d28,takeout,4,no_share,high,somewhat_intimate,posterior,0.0
52baf99c-1ed6-5649-9420-2f2d32a67d28,apples,5,no_share,low,somewhat_formal,prior,0.98
52baf99c-1ed6-5649-9420-2f2d32a67d28,apples,5,no_share,low,somewhat_formal,posterior,0.18
52baf99c-1ed6-5649-9420-2f2d32a67d28,dip,6,high_risk_share,low,max_formal,prior,0.96
52baf99c-1ed6-5649-9420-2f2d32a67d28,dip,6,high_risk_share,low,max_formal,posterior,1.0
52baf99c-1ed6-5649-9420-2f2d32a67d28,social,7,high_risk_share,low,max_intimate,prior,0.8
52baf99c-1ed6-5649-9420-2f2d32a67d28,social,7,high_risk_share,low,max_intimate,posterior,1.0
52baf99c-1ed6-5649-9420-2f2d32a67d28,driving,8,low_risk_share,high,somewhat_formal,prior,0.27
52baf99c-1ed6-5649-9420-2f2d32a67d28,driving,8,low_risk_share,high,somewhat_formal,posterior,0.87
52baf99c-1ed6-5649-9420-2f2d32a67d28,brunch,9,no_share,high,somewhat_formal,prior,0.27
52baf99c-1ed6-5649-9420-2f2d32a67d28,brunch,9,no_share,high,somewhat_formal,posterior,0.0
52baf99c-1ed6-5649-9420-2f2d32a67d28,gala,10,no_share,low,max_formal,prior,0.0
52baf99c-1ed6-5649-9420-2f2d32a67d28,gala,10,no_share,low,max_formal,posterior,0.0
52baf99c-1ed6-5649-9420-2f2d32a67d28,drinks,11,low_risk_share,high,max_formal,prior,0.78
52baf99c-1ed6-5649-9420-2f2d32a67d28,drinks,11,low_risk_share,high,max_formal,posterior,1.0
52baf99c-1ed6-5649-9420-2f2d32a67d28,birthday,12,no_share,low,somewhat_intimate,prior,0.95
52baf99c-1ed6-5649-9420-2f2d32a67d28,birthday,12,no_share,low,somewhat_intimate,posterior,1.0
52baf99c-1ed6-5649-9420-2f2d32a67d28,fair,13,low_risk_share,low,somewhat_intimate,prior,0.85
52baf99c-1ed6-5649-9420-2f2d32a67d28,fair,13,low_risk_share,low,somewhat_intimate,posterior,1.0
52baf99c-1ed6-5649-9420-2f2d32a67d28,oysters,14,low_risk_share,high,max_intimate,prior,1.0
52baf99c-1ed6-5649-9420-2f2d32a67d28,oysters,14,low_risk_share,high,max_intimate,posterior,1.0
52baf99c-1ed6-5649-9420-2f2d32a67d28,soup,15,high_risk_share,low,somewhat_intimate,prior,1.0
52baf99c-1ed6-5649-9420-2f2d32a67d28,soup,15,high_risk_share,low,somewhat_intimate,posterior,1.0
74c019bf-1c76-5204-9ae1-0e869ae408f1,basketball,0,no_share,low,somewhat_formal,prior,0.5
74c019bf-1c76-5204-9ae1-0e869ae408f1,basketball,0,no_share,low,somewhat_formal,posterior,0.19
74c019bf-1c76-5204-9ae1-0e869ae408f1,apples,1,no_share,high,max_formal,prior,0.56
74c019bf-1c76-5204-9ae1-0e869ae408f1,apples,1,no_share,high,max_formal,posterior,0.46
74c019bf-1c76-5204-9ae1-0e869ae408f1,social,2,high_risk_share,high,max_formal,prior,0.5
74c019bf-1c76-5204-9ae1-0e869ae408f1,social,2,high_risk_share,high,max_formal,posterior,0.94
74c019bf-1c76-5204-9ae1-0e869ae408f1,brunch,3,no_share,low,max_intimate,prior,0.5
74c019bf-1c76-5204-9ae1-0e869ae408f1,brunch,3,no_share,low,max_intimate,posterior,0.22
74c019bf-1c76-5204-9ae1-0e869ae408f1,soup,4,high_risk_share,high,max_intimate,prior,0.29
74c019bf-1c76-5204-9ae1-0e869ae408f1,soup,4,high_risk_share,high,max_intimate,posterior,0.76
74c019bf-1c76-5204-9ae1-0e869ae408f1,takeout,5,high_risk_share,low,somewhat_formal,prior,0.84
74c019bf-1c76-5204-9ae1-0e869ae408f1,takeout,5,high_risk_share,low,somewhat_formal,posterior,0.86
74c019bf-1c76-5204-9ae1-0e869ae408f1,driving,6,low_risk_share,low,somewhat_intimate,prior,0.81
74c019bf-1c76-5204-9ae1-0e869ae408f1,driving,6,low_risk_share,low,somewhat_intimate,posterior,0.79
74c019bf-1c76-5204-9ae1-0e869ae408f1,birthday,7,no_share,high,somewhat_formal,prior,0.23
74c019bf-1c76-5204-9ae1-0e869ae408f1,birthday,7,no_share,high,somewhat_formal,posterior,0.11
74c019bf-1c76-5204-9ae1-0e869ae408f1,drinks,8,high_risk_share,low,max_formal,prior,0.5
74c019bf-1c76-5204-9ae1-0e869ae408f1,drinks,8,high_risk_share,low,max_formal,posterior,0.94
74c019bf-1c76-5204-9ae1-0e869ae408f1,dip,9,low_risk_share,low,max_intimate,prior,0.89
74c019bf-1c76-5204-9ae1-0e869ae408f1,dip,9,low_risk_share,low,max_intimate,posterior,0.66
74c019bf-1c76-5204-9ae1-0e869ae408f1,oysters,10,high_risk_share,low,max_intimate,prior,0.68
74c019bf-1c76-5204-9ae1-0e869ae408f1,oysters,10,high_risk_share,low,max_intimate,posterior,0.86
74c019bf-1c76-5204-9ae1-0e869ae408f1,hike,11,low_risk_share,low,somewhat_formal,prior,0.55
74c019bf-1c76-5204-9ae1-0e869ae408f1,hike,11,low_risk_share,low,somewhat_formal,posterior,0.81
74c019bf-1c76-5204-9ae1-0e869ae408f1,gala,12,low_risk_share,high,somewhat_intimate,prior,0.57
74c019bf-1c76-5204-9ae1-0e869ae408f1,gala,12,low_risk_share,high,somewhat_intimate,posterior,0.66
74c019bf-1c76-5204-9ae1-0e869ae408f1,cooking,13,low_risk_share,high,max_formal,prior,0.64
74c019bf-1c76-5204-9ae1-0e869ae408f1,cooking,13,low_risk_share,high,max_formal,posterior,0.5
74c019bf-1c76-5204-9ae1-0e869ae408f1,wedding,14,no_share,high,somewhat_intimate,prior,0.96
74c019bf-1c76-5204-9ae1-0e869ae408f1,wedding,14,no_share,high,somewhat_intimate,posterior,0.56
74c019bf-1c76-5204-9ae1-0e869ae408f1,fair,15,high_risk_share,high,somewhat_intimate,prior,0.5
74c019bf-1c76-5204-9ae1-0e869ae408f1,fair,15,high_risk_share,high,somewhat_intimate,posterior,0.75
8c27dfae-a15b-5644-a1c8-82cbd15fd11b,takeout,0,high_risk_share,low,max_formal,prior,0.66
8c27dfae-a15b-5644-a1c8-82cbd15fd11b,takeout,0,high_risk_share,low,max_formal,posterior,1.0
8c27dfae-a15b-5644-a1c8-82cbd15fd11b,fair,1,no_share,high,somewhat_formal,prior,0.3
8c27dfae-a15b-5644-a1c8-82cbd15fd11b,fair,1,no_share,high,somewhat_formal,posterior,0.47
8c27dfae-a15b-5644-a1c8-82cbd15fd11b,soup,2,low_risk_share,low,max_intimate,prior,0.81
8c27dfae-a15b-5644-a1c8-82cbd15fd11b,soup,2,low_risk_share,low,max_intimate,posterior,1.0
8c27dfae-a15b-5644-a1c8-82cbd15fd11b,apples,3,no_share,high,somewhat_intimate,prior,0.96
8c27dfae-a15b-5644-a1c8-82cbd15fd11b,apples,3,no_share,high,somewhat_intimate,posterior,0.76
8c27dfae-a15b-5644-a1c8-82cbd15fd11b,brunch,4,low_risk_share,low,somewhat_formal,prior,0.4
8c27dfae-a15b-5644-a1c8-82cbd15fd11b,brunch,4,low_risk_share,low,somewhat_formal,posterior,0.82
8c27dfae-a15b-5644-a1c8-82cbd15fd11b,oysters,5,no_share,low,max_intimate,prior,0.92
8c27dfae-a15b-5644-a1c8-82cbd15fd11b,oysters,5,no_share,low,max_intimate,posterior,0.3
8c27dfae-a15b-5644-a1c8-82cbd15fd11b,hike,6,high_risk_share,low,max_intimate,prior,1.0
8c27dfae-a15b-5644-a1c8-82cbd15fd11b,hike,6,high_risk_share,low,max_intimate,posterior,1.0
8c27dfae-a15b-5644-a1c8-82cbd15fd11b,dip,7,high_risk_share,high,max_formal,prior,0.78
8c27dfae-a15b-5644-a1c8-82cbd15fd11b,dip,7,high_risk_share,high,max_formal,posterior,1.0
8c27dfae-a15b-5644-a1c8-82cbd15fd11b,driving,8,low_risk_share,low,somewhat_intimate,prior,0.26
8c27dfae-a15b-5644-a1c8-82cbd15fd11b,driving,8,low_risk_share,low,somewhat_intimate,posterior,0.27
8c27dfae-a15b-5644-a1c8-82cbd15fd11b,cooking,9,no_share,low,somewhat_formal,prior,0.94
8c27dfae-a15b-5644-a1c8-82cbd15fd11b,cooking,9,no_share,low,somewhat_formal,posterior,0.78
8c27dfae-a15b-5644-a1c8-82cbd15fd11b,birthday,10,low_risk_share,high,max_formal,prior,1.0
8c27dfae-a15b-5644-a1c8-82cbd15fd11b,birthday,10,low_risk_share,high,max_formal,posterior,0.72
8c27dfae-a15b-5644-a1c8-82cbd15fd11b,gala,11,no_share,high,max_formal,prior,0.83
8c27dfae-a15b-5644-a1c8-82cbd15fd11b,gala,11,no_share,high,max_formal,posterior,0.48
8c27dfae-a15b-5644-a1c8-82cbd15fd11b,wedding,12,low_risk_share,high,somewhat_intimate,prior,1.0
8c27dfae-a15b-5644-a1c8-82cbd15fd11b,wedding,12,low_risk_share,high,somewhat_intimate,posterior,1.0
8c27dfae-a15b-5644-a1c8-82cbd15fd11b,drinks,13,high_risk_share,low,somewhat_formal,prior,1.0
8c27dfae-a15b-5644-a1c8-82cbd15fd11b,drinks,13,high_risk_share,low,somewhat_formal,posterior,1.0
8c27dfae-a15b-5644-a1c8-82cbd15fd11b,basketball,14,high_risk_share,high,somewhat_intimate,prior,0.49
8c27dfae-a15b-5644-a1c8-82cbd15fd11b,basketball,14,high_risk_share,high,somewhat_intimate,posterior,0.73
8c27dfae-a15b-5644-a1c8-82cbd15fd11b,social,15,high_risk_share,high,max_intimate,prior,0.69
8c27dfae-a15b-5644-a1c8-82cbd15fd11b,social,15,high_risk_share,high,max_intimate,posterior,1.0
125392be-d59f-5cc1-97b3-07755483a029,cooking,0,no_share,low,somewhat_formal,prior,0.5
125392be-d59f-5cc1-97b3-07755483a029,cooking,0,no_share,low,somewhat_formal,posterior,0.69
125392be-d59f-5cc1-97b3-07755483a029,fair,1,no_share,low,somewhat_intimate,prior,0.69
125392be-d59f-5cc1-97b3-07755483a029,fair,1,no_share,low,somewhat_intimate,posterior,0.71
125392be-d59f-5cc1-97b3-07755483a029,oysters,2,no_share,high,max_intimate,prior,1.0
125392be-d59f-5cc1-97b3-07755483a029,oysters,2,no_share,high,max_intimate,posterior,1.0
125392be-d59f-5cc1-97b3-07755483a029,gala,3,low_risk_share,low,somewhat_intimate,prior,0.79
125392be-d59f-5cc1-97b3-07755483a029,gala,3,low_risk_share,low,somewhat_intimate,posterior,1.0
125392be-d59f-5cc1-97b3-07755483a029,soup,4,low_risk_share,high,somewhat_formal,prior,0.75
125392be-d59f-5cc1-97b3-07755483a029,soup,4,low_risk_share,high,somewhat_formal,posterior,0.88
125392be-d59f-5cc1-97b3-07755483a029,birthday,5,high_risk_share,high,somewhat_formal,prior,1.0
125392be-d59f-5cc1-97b3-07755483a029,birthday,5,high_risk_share,high,somewhat_formal,posterior,1.0
125392be-d59f-5cc1-97b3-07755483a029,brunch,6,no_share,high,somewhat_formal,prior,1.0
125392be-d59f-5cc1-97b3-07755483a029,brunch,6,no_share,high,somewhat_formal,posterior,1.0
125392be-d59f-5cc1-97b3-07755483a029,wedding,7,low_risk_share,low,max_formal,prior,0.56
125392be-d59f-5cc1-97b3-07755483a029,wedding,7,low_risk_share,low,max_formal,posterior,0.5
125392be-d59f-5cc1-97b3-07755483a029,apples,8,no_share,low,max_formal,prior,1.0
125392be-d59f-5cc1-97b3-07755483a029,apples,8,no_share,low,max_formal,posterior,1.0
125392be-d59f-5cc1-97b3-07755483a029,takeout,9,low_risk_share,high,max_intimate,prior,1.0
125392be-d59f-5cc1-97b3-07755483a029,takeout,9,low_risk_share,high,max_intimate,posterior,1.0
125392be-d59f-5cc1-97b3-07755483a029,social,10,high_risk_share,high,max_intimate,prior,1.0
125392be-d59f-5cc1-97b3-07755483a029,social,10,high_risk_share,high,max_intimate,posterior,1.0
125392be-d59f-5cc1-97b3-07755483a029,driving,11,high_risk_share,low,max_intimate,prior,1.0
125392be-d59f-5cc1-97b3-07755483a029,driving,11,high_risk_share,low,max_intimate,posterior,1.0
125392be-d59f-5cc1-97b3-07755483a029,hike,12,no_share,high,somewhat_intimate,prior,1.0
125392be-d59f-5cc1-97b3-07755483a029,hike,12,no_share,high,somewhat_intimate,posterior,0.5
125392be-d59f-5cc1-97b3-07755483a029,basketball,13,high_risk_share,low,max_formal,prior,0.5
125392be-d59f-5cc1-97b3-07755483a029,basketball,13,high_risk_share,low,max_formal,posterior,1.0
125392be-d59f-5cc1-97b3-07755483a029,dip,14,high_risk_share,low,somewhat_intimate,prior,1.0
125392be-d59f-5cc1-97b3-07755483a029,dip,14,high_risk_share,low,somewhat_intimate,posterior,1.0
125392be-d59f-5cc1-97b3-07755483a029,drinks,15,low_risk_share,high,max_formal,prior,0.51
125392be-d59f-5cc1-97b3-07755483a029,drinks,15,low_risk_share,high,max_formal,posterior,1.0
d2aaaafb-28fd-5ab3-b88e-b179b274ff33,gala,0,high_risk_share,low,max_intimate,prior,0.79
d2aaaafb-28fd-5ab3-b88e-b179b274ff33,gala,0,high_risk_share,low,max_intimate,posterior,0.78
d2aaaafb-28fd-5ab3-b88e-b179b274ff33,social,1,low_risk_share,low,somewhat_intimate,prior,0.75
d2aaaafb-28fd-5ab3-b88e-b179b274ff33,social,1,low_risk_share,low,somewhat_intimate,posterior,0.97
d2aaaafb-28fd-5ab3-b88e-b179b274ff33,brunch,2,high_risk_share,low,somewhat_intimate,prior,0.77
d2aaaafb-28fd-5ab3-b88e-b179b274ff33,brunch,2,high_risk_share,low,somewhat_intimate,posterior,0.87
d2aaaafb-28fd-5ab3-b88e-b179b274ff33,birthday,3,high_risk_share,high,somewhat_formal,prior,0.74
d2aaaafb-28fd-5ab3-b88e-b179b274ff33,birthday,3,high_risk_share,high,somewhat_formal,posterior,0.74
d2aaaafb-28fd-5ab3-b88e-b179b274ff33,basketball,4,no_share,low,max_formal,prior,0.8
d2aaaafb-28fd-5ab3-b88e-b179b274ff33,basketball,4,no_share,low,max_formal,posterior,0.72
d2aaaafb-28fd-5ab3-b88e-b179b274ff33,oysters,5,no_share,low,somewhat_formal,prior,0.78
d2aaaafb-28fd-5ab3-b88e-b179b274ff33,oysters,5,no_share,low,somewhat_formal,posterior,0.79
d2aaaafb-28fd-5ab3-b88e-b179b274ff33,apples,6,high_risk_share,low,max_formal,prior,0.74
d2aaaafb-28fd-5ab3-b88e-b179b274ff33,apples,6,high_risk_share,low,max_formal,posterior,0.93
d2aaaafb-28fd-5ab3-b88e-b179b274ff33,hike,7,low_risk_share,high,max_intimate,prior,0.78
d2aaaafb-28fd-5ab3-b88e-b179b274ff33,hike,7,low_risk_share,high,max_intimate,posterior,0.77
d2aaaafb-28fd-5ab3-b88e-b179b274ff33,cooking,8,no_share,high,max_intimate,prior,0.96
d2aaaafb-28fd-5ab3-b88e-b179b274ff33,cooking,8,no_share,high,max_intimate,posterior,0.78
d2aaaafb-28fd-5ab3-b88e-b179b274ff33,wedding,9,high_risk_share,high,max_intimate,prior,0.77
d2aaaafb-28fd-5ab3-b88e-b179b274ff33,wedding,9,high_risk_share,high,max_intimate,posterior,0.96
d2aaaafb-28fd-5ab3-b88e-b179b274ff33,soup,10,no_share,high,somewhat_formal,prior,0.82
d2aaaafb-28fd-5ab3-b88e-b179b274ff33,soup,10,no_share,high,somewhat_formal,posterior,0.78
d2aaaafb-28fd-5ab3-b88e-b179b274ff33,takeout,11,low_risk_share,high,max_formal,prior,0.77
d2aaaafb-28fd-5ab3-b88e-b179b274ff33,takeout,11,low_risk_share,high,max_formal,posterior,0.84
d2aaaafb-28fd-5ab3-b88e-b179b274ff33,fair,12,no_share,high,somewhat_intimate,prior,0.51
d2aaaafb-28fd-5ab3-b88e-b179b274ff33,fair,12,no_share,high,somewhat_intimate,posterior,0.51
d2aaaafb-28fd-5ab3-b88e-b179b274ff33,drinks,13,low_risk_share,high,somewhat_formal,prior,0.75
d2aaaafb-28fd-5ab3-b88e-b179b274ff33,drinks,13,low_risk_share,high,somewhat_formal,posterior,0.88
d2aaaafb-28fd-5ab3-b88e-b179b274ff33,dip,14,no_share,low,somewhat_intimate,prior,0.91
d2aaaafb-28fd-5ab3-b88e-b179b274ff33,dip,14,no_share,low,somewhat_intimate,posterior,0.71
d2aaaafb-28fd-5ab3-b88e-b179b274ff33,driving,15,low_risk_share,low,max_formal,prior,0.98
d2aaaafb-28fd-5ab3-b88e-b179b274ff33,driving,15,low_risk_share,low,max_formal,posterior,0.99
1de50c06-435f-5823-ba12-244d9c0f53a6,cooking,0,high_risk_share,high,somewhat_intimate,prior,0.84
1de50c06-435f-5823-ba12-244d9c0f53a6,cooking,0,high_risk_share,high,somewhat_intimate,posterior,0.84
1de50c06-435f-5823-ba12-244d9c0f53a6,takeout,1,high_risk_share,low,somewhat_intimate,prior,0.59
1de50c06-435f-5823-ba12-244d9c0f53a6,takeout,1,high_risk_share,low,somewhat_intimate,posterior,0.87
1de50c06-435f-5823-ba12-244d9c0f53a6,fair,2,no_share,high,max_formal,prior,0.77
1de50c06-435f-5823-ba12-244d9c0f53a6,fair,2,no_share,high,max_formal,posterior,0.84
1de50c06-435f-5823-ba12-244d9c0f53a6,drinks,3,low_risk_share,low,max_formal,prior,0.53
1de50c06-435f-5823-ba12-244d9c0f53a6,drinks,3,low_risk_share,low,max_formal,posterior,0.75
1de50c06-435f-5823-ba12-244d9c0f53a6,gala,4,high_risk_share,low,somewhat_formal,prior,0.61
1de50c06-435f-5823-ba12-244d9c0f53a6,gala,4,high_risk_share,low,somewhat_formal,posterior,0.61
1de50c06-435f-5823-ba12-244d9c0f53a6,hike,5,no_share,low,max_formal,prior,0.72
1de50c06-435f-5823-ba12-244d9c0f53a6,hike,5,no_share,low,max_formal,posterior,0.23
1de50c06-435f-5823-ba12-244d9c0f53a6,driving,6,low_risk_share,high,max_intimate,prior,0.36
1de50c06-435f-5823-ba12-244d9c0f53a6,driving,6,low_risk_share,high,max_intimate,posterior,0.5
1de50c06-435f-5823-ba12-244d9c0f53a6,social,7,low_risk_share,high,somewhat_intimate,prior,0.8
1de50c06-435f-5823-ba12-244d9c0f53a6,social,7,low_risk_share,high,somewhat_intimate,posterior,0.37
1de50c06-435f-5823-ba12-244d9c0f53a6,basketball,8,high_risk_share,high,somewhat_formal,prior,0.61
1de50c06-435f-5823-ba12-244d9c0f53a6,basketball,8,high_risk_share,high,somewhat_formal,posterior,0.45
1de50c06-435f-5823-ba12-244d9c0f53a6,soup,9,no_share,low,somewhat_intimate,prior,0.48
1de50c06-435f-5823-ba12-244d9c0f53a6,soup,9,no_share,low,somewhat_intimate,posterior,0.7
1de50c06-435f-5823-ba12-244d9c0f53a6,wedding,10,no_share,low,max_intimate,prior,0.71
1de50c06-435f-5823-ba12-244d9c0f53a6,wedding,10,no_share,low,max_intimate,posterior,0.67
1de50c06-435f-5823-ba12-244d9c0f53a6,apples,11,low_risk_share,high,somewhat_formal,prior,0.73
1de50c06-435f-5823-ba12-244d9c0f53a6,apples,11,low_risk_share,high,somewhat_formal,posterior,0.6
1de50c06-435f-5823-ba12-244d9c0f53a6,brunch,12,no_share,high,max_intimate,prior,0.34
1de50c06-435f-5823-ba12-244d9c0f53a6,brunch,12,no_share,high,max_intimate,posterior,0.22
1de50c06-435f-5823-ba12-244d9c0f53a6,birthday,13,low_risk_share,low,somewhat_formal,prior,0.72
1de50c06-435f-5823-ba12-244d9c0f53a6,birthday,13,low_risk_share,low,somewhat_formal,posterior,0.76
1de50c06-435f-5823-ba12-244d9c0f53a6,dip,14,high_risk_share,high,max_formal,prior,0.54
1de50c06-435f-5823-ba12-244d9c0f53a6,dip,14,high_risk_share,high,max_formal,posterior,0.63
1de50c06-435f-5823-ba12-244d9c0f53a6,oysters,15,low_risk_share,low,max_intimate,prior,0.52
1de50c06-435f-5823-ba12-244d9c0f53a6,oysters,15,low_risk_share,low,max_intimate,posterior,0.56
512e4f7a-6ea4-54a4-9805-9215f58e171d,birthday,0,low_risk_share,low,max_intimate,prior,1.0
512e4f7a-6ea4-54a4-9805-9215f58e171d,birthday,0,low_risk_share,low,max_intimate,posterior,1.0
512e4f7a-6ea4-54a4-9805-9215f58e171d,takeout,1,low_risk_share,low,max_formal,prior,0.59
512e4f7a-6ea4-54a4-9805-9215f58e171d,takeout,1,low_risk_share,low,max_formal,posterior,0.6
512e4f7a-6ea4-54a4-9805-9215f58e171d,driving,2,no_share,low,somewhat_intimate,prior,0.73
512e4f7a-6ea4-54a4-9805-9215f58e171d,driving,2,no_share,low,somewhat_intimate,posterior,0.41
512e4f7a-6ea4-54a4-9805-9215f58e171d,oysters,3,no_share,high,max_intimate,prior,0.67
512e4f7a-6ea4-54a4-9805-9215f58e171d,oysters,3,no_share,high,max_intimate,posterior,0.62
512e4f7a-6ea4-54a4-9805-9215f58e171d,basketball,4,low_risk_share,high,max_intimate,prior,0.73
512e4f7a-6ea4-54a4-9805-9215f58e171d,basketball,4,low_risk_share,high,max_intimate,posterior,0.69
512e4f7a-6ea4-54a4-9805-9215f58e171d,social,5,high_risk_share,high,somewhat_formal,prior,0.9
512e4f7a-6ea4-54a4-9805-9215f58e171d,social,5,high_risk_share,high,somewhat_formal,posterior,0.84
512e4f7a-6ea4-54a4-9805-9215f58e171d,drinks,6,no_share,high,max_formal,prior,0.61
512e4f7a-6ea4-54a4-9805-9215f58e171d,drinks,6,no_share,high,max_formal,posterior,0.4
512e4f7a-6ea4-54a4-9805-9215f58e171d,apples,7,high_risk_share,high,somewhat_intimate,prior,0.69
512e4f7a-6ea4-54a4-9805-9215f58e171d,apples,7,high_risk_share,high,somewhat_intimate,posterior,0.71
512e4f7a-6ea4-54a4-9805-9215f58e171d,cooking,8,high_risk_share,low,somewhat_formal,prior,0.78
512e4f7a-6ea4-54a4-9805-9215f58e171d,cooking,8,high_risk_share,low,somewhat_formal,posterior,0.55
512e4f7a-6ea4-54a4-9805-9215f58e171d,dip,9,no_share,low,max_formal,prior,0.65
512e4f7a-6ea4-54a4-9805-9215f58e171d,dip,9,no_share,low,max_formal,posterior,0.01
512e4f7a-6ea4-54a4-9805-9215f58e171d,gala,10,low_risk_share,high,somewhat_formal,prior,0.61
512e4f7a-6ea4-54a4-9805-9215f58e171d,gala,10,low_risk_share,high,somewhat_formal,posterior,0.65
512e4f7a-6ea4-54a4-9805-9215f58e171d,brunch,11,high_risk_share,low,somewhat_intimate,prior,0.89
512e4f7a-6ea4-54a4-9805-9215f58e171d,brunch,11,high_risk_share,low,somewhat_intimate,posterior,0.9
512e4f7a-6ea4-54a4-9805-9215f58e171d,hike,12,no_share,low,max_intimate,prior,0.56
512e4f7a-6ea4-54a4-9805-9215f58e171d,hike,12,no_share,low,max_intimate,posterior,0.55
512e4f7a-6ea4-54a4-9805-9215f58e171d,wedding,13,low_risk_share,low,somewhat_formal,prior,0.72
512e4f7a-6ea4-54a4-9805-9215f58e171d,wedding,13,low_risk_share,low,somewhat_formal,posterior,0.69
512e4f7a-6ea4-54a4-9805-9215f58e171d,fair,14,low_risk_share,high,somewhat_intimate,prior,0.58
512e4f7a-6ea4-54a4-9805-9215f58e171d,fair,14,low_risk_share,high,somewhat_intimate,posterior,0.6
512e4f7a-6ea4-54a4-9805-9215f58e171d,soup,15,high_risk_share,high,max_formal,prior,0.63
512e4f7a-6ea4-54a4-9805-9215f58e171d,soup,15,high_risk_share,high,max_formal,posterior,0.87
ab9c9903-b61d-5e82-818b-363fef1fd025,hike,0,low_risk_share,high,somewhat_intimate,prior,0.78
ab9c9903-b61d-5e82-818b-363fef1fd025,hike,0,low_risk_share,high,somewhat_intimate,posterior,0.84
ab9c9903-b61d-5e82-818b-363fef1fd025,drinks,1,high_risk_share,low,max_intimate,prior,0.67
ab9c9903-b61d-5e82-818b-363fef1fd025,drinks,1,high_risk_share,low,max_intimate,posterior,0.73
ab9c9903-b61d-5e82-818b-363fef1fd025,cooking,2,no_share,high,somewhat_intimate,prior,0.74
ab9c9903-b61d-5e82-818b-363fef1fd025,cooking,2,no_share,high,somewhat_intimate,posterior,0.85
ab9c9903-b61d-5e82-818b-363fef1fd025,apples,3,low_risk_share,low,somewhat_formal,prior,0.69
ab9c9903-b61d-5e82-818b-363fef1fd025,apples,3,low_risk_share,low,somewhat_formal,posterior,0.72
ab9c9903-b61d-5e82-818b-363fef1fd025,wedding,4,no_share,high,max_formal,prior,0.7
ab9c9903-b61d-5e82-818b-363fef1fd025,wedding,4,no_share,high,max_formal,posterior,0.75
ab9c9903-b61d-5e82-818b-363fef1fd025,oysters,5,low_risk_share,low,max_intimate,prior,0.72
ab9c9903-b61d-5e82-818b-363fef1fd025,oysters,5,low_risk_share,low,max_intimate,posterior,0.83
ab9c9903-b61d-5e82-818b-363fef1fd025,soup,6,high_risk_share,low,somewhat_formal,prior,0.63
ab9c9903-b61d-5e82-818b-363fef1fd025,soup,6,high_risk_share,low,somewhat_formal,posterior,0.7
ab9c9903-b61d-5e82-818b-363fef1fd025,brunch,7,low_risk_share,low,somewhat_intimate,prior,0.63
ab9c9903-b61d-5e82-818b-363fef1fd025,brunch,7,low_risk_share,low,somewhat_intimate,posterior,0.72
ab9c9903-b61d-5e82-818b-363fef1fd025,fair,8,high_risk_share,high,max_formal,prior,0.65
ab9c9903-b61d-5e82-818b-363fef1fd025,fair,8,high_risk_share,high,max_formal,posterior,0.8
ab9c9903-b61d-5e82-818b-363fef1fd025,gala,9,low_risk_share,high,max_formal,prior,0.6
ab9c9903-b61d-5e82-818b-363fef1fd025,gala,9,low_risk_share,high,max_formal,posterior,0.67
ab9c9903-b61d-5e82-818b-363fef1fd025,takeout,10,high_risk_share,high,max_intimate,prior,0.69
ab9c9903-b61d-5e82-818b-363fef1fd025,takeout,10,high_risk_share,high,max_intimate,posterior,0.86
ab9c9903-b61d-5e82-818b-363fef1fd025,driving,11,no_share,low,somewhat_formal,prior,0.64
ab9c9903-b61d-5e82-818b-363fef1fd025,driving,11,no_share,low,somewhat_formal,posterior,0.62
ab9c9903-b61d-5e82-818b-363fef1fd025,birthday,12,no_share,low,max_intimate,prior,0.6
ab9c9903-b61d-5e82-818b-363fef1fd025,birthday,12,no_share,low,max_intimate,posterior,0.43
ab9c9903-b61d-5e82-818b-363fef1fd025,social,13,high_risk_share,high,somewhat_intimate,prior,0.57
ab9c9903-b61d-5e82-818b-363fef1fd025,social,13,high_risk_share,high,somewhat_intimate,posterior,0.97
ab9c9903-b61d-5e82-818b-363fef1fd025,basketball,14,high_risk_share,low,max_formal,prior,0.65
ab9c9903-b61d-5e82-818b-363fef1fd025,basketball,14,high_risk_share,low,max_formal,posterior,0.97
ab9c9903-b61d-5e82-818b-363fef1fd025,dip,15,no_share,high,somewhat_formal,prior,0.6
ab9c9903-b61d-5e82-818b-363fef1fd025,dip,15,no_share,high,somewhat_formal,posterior,0.35
d58c242e-02c8-5194-ab05-28b523fd927e,apples,0,low_risk_share,high,max_intimate,prior,0.75
d58c242e-02c8-5194-ab05-28b523fd927e,apples,0,low_risk_share,high,max_intimate,posterior,1.0
d58c242e-02c8-5194-ab05-28b523fd927e,driving,1,no_share,low,somewhat_intimate,prior,0.36
d58c242e-02c8-5194-ab05-28b523fd927e,driving,1,no_share,low,somewhat_intimate,posterior,0.53
d58c242e-02c8-5194-ab05-28b523fd927e,social,2,no_share,high,somewhat_intimate,prior,0.21
d58c242e-02c8-5194-ab05-28b523fd927e,social,2,no_share,high,somewhat_intimate,posterior,0.94
d58c242e-02c8-5194-ab05-28b523fd927e,soup,3,low_risk_share,high,somewhat_formal,prior,0.81
d58c242e-02c8-5194-ab05-28b523fd927e,soup,3,low_risk_share,high,somewhat_formal,posterior,1.0
d58c242e-02c8-5194-ab05-28b523fd927e,fair,4,low_risk_share,low,max_formal,prior,0.11
d58c242e-02c8-5194-ab05-28b523fd927e,fair,4,low_risk_share,low,max_formal,posterior,0.19
d58c242e-02c8-5194-ab05-28b523fd927e,drinks,5,low_risk_share,high,max_formal,prior,0.18
d58c242e-02c8-5194-ab05-28b523fd927e,drinks,5,low_risk_share,high,max_formal,posterior,0.68
d58c242e-02c8-5194-ab05-28b523fd927e,birthday,6,no_share,high,somewhat_formal,prior,0.31
d58c242e-02c8-5194-ab05-28b523fd927e,birthday,6,no_share,high,somewhat_formal,posterior,0.15
d58c242e-02c8-5194-ab05-28b523fd927e,brunch,7,no_share,high,max_intimate,prior,1.0
d58c242e-02c8-5194-ab05-28b523fd927e,brunch,7,no_share,high,max_intimate,posterior,0.38
d58c242e-02c8-5194-ab05-28b523fd927e,cooking,8,high_risk_share,low,max_intimate,prior,0.98
d58c242e-02c8-5194-ab05-28b523fd927e,cooking,8,high_risk_share,low,max_intimate,posterior,1.0
d58c242e-02c8-5194-ab05-28b523fd927e,basketball,9,no_share,low,somewhat_formal,prior,0.21
d58c242e-02c8-5194-ab05-28b523fd927e,basketball,9,no_share,low,somewhat_formal,posterior,0.07
d58c242e-02c8-5194-ab05-28b523fd927e,wedding,10,no_share,low,max_formal,prior,0.94
d58c242e-02c8-5194-ab05-28b523fd927e,wedding,10,no_share,low,max_formal,posterior,1.0
d58c242e-02c8-5194-ab05-28b523fd927e,dip,11,high_risk_share,low,somewhat_intimate,prior,0.68
d58c242e-02c8-5194-ab05-28b523fd927e,dip,11,high_risk_share,low,somewhat_intimate,posterior,0.73
d58c242e-02c8-5194-ab05-28b523fd927e,oysters,12,low_risk_share,low,somewhat_intimate,prior,0.98
d58c242e-02c8-5194-ab05-28b523fd927e,oysters,12,low_risk_share,low,somewhat_intimate,posterior,1.0
d58c242e-02c8-5194-ab05-28b523fd927e,takeout,13,high_risk_share,low,max_formal,prior,1.0
d58c242e-02c8-5194-ab05-28b523fd927e,takeout,13,high_risk_share,low,max_formal,posterior,1.0
d58c242e-02c8-5194-ab05-28b523fd927e,gala,14,high_risk_share,high,somewhat_formal,prior,0.63
d58c242e-02c8-5194-ab05-28b523fd927e,gala,14,high_risk_share,high,somewhat_formal,posterior,0.66
d58c242e-02c8-5194-ab05-28b523fd927e,hike,15,high_risk_share,high,max_intimate,prior,0.24
d58c242e-02c8-5194-ab05-28b523fd927e,hike,15,high_risk_share,high,max_intimate,posterior,0.9
0ec92da7-bcb4-5969-be78-7d9647b8db32,takeout,0,high_risk_share,low,max_formal,prior,0.76
0ec92da7-bcb4-5969-be78-7d9647b8db32,takeout,0,high_risk_share,low,max_formal,posterior,0.78
0ec92da7-bcb4-5969-be78-7d9647b8db32,hike,1,low_risk_share,low,somewhat_intimate,prior,0.78
0ec92da7-bcb4-5969-be78-7d9647b8db32,hike,1,low_risk_share,low,somewhat_intimate,posterior,0.95
0ec92da7-bcb4-5969-be78-7d9647b8db32,social,2,no_share,low,somewhat_intimate,prior,0.85
0ec92da7-bcb4-5969-be78-7d9647b8db32,social,2,no_share,low,somewhat_intimate,posterior,0.92
0ec92da7-bcb4-5969-be78-7d9647b8db32,cooking,3,no_share,high,somewhat_formal,prior,0.71
0ec92da7-bcb4-5969-be78-7d9647b8db32,cooking,3,no_share,high,somewhat_formal,posterior,0.4
0ec92da7-bcb4-5969-be78-7d9647b8db32,basketball,4,no_share,high,somewhat_intimate,prior,0.74
0ec92da7-bcb4-5969-be78-7d9647b8db32,basketball,4,no_share,high,somewhat_intimate,posterior,0.22
0ec92da7-bcb4-5969-be78-7d9647b8db32,dip,5,no_share,high,max_intimate,prior,0.8
0ec92da7-bcb4-5969-be78-7d9647b8db32,dip,5,no_share,high,max_intimate,posterior,0.41
0ec92da7-bcb4-5969-be78-7d9647b8db32,apples,6,no_share,low,max_formal,prior,0.74
0ec92da7-bcb4-5969-be78-7d9647b8db32,apples,6,no_share,low,max_formal,posterior,0.67
0ec92da7-bcb4-5969-be78-7d9647b8db32,wedding,7,high_risk_share,low,max_intimate,prior,0.6
0ec92da7-bcb4-5969-be78-7d9647b8db32,wedding,7,high_risk_share,low,max_intimate,posterior,0.41
0ec92da7-bcb4-5969-be78-7d9647b8db32,oysters,8,low_risk_share,low,max_formal,prior,0.8
0ec92da7-bcb4-5969-be78-7d9647b8db32,oysters,8,low_risk_share,low,max_formal,posterior,0.71
0ec92da7-bcb4-5969-be78-7d9647b8db32,birthday,9,high_risk_share,low,somewhat_intimate,prior,0.57
0ec92da7-bcb4-5969-be78-7d9647b8db32,birthday,9,high_risk_share,low,somewhat_intimate,posterior,0.64
0ec92da7-bcb4-5969-be78-7d9647b8db32,brunch,10,no_share,low,somewhat_formal,prior,0.78
0ec92da7-bcb4-5969-be78-7d9647b8db32,brunch,10,no_share,low,somewhat_formal,posterior,0.31
0ec92da7-bcb4-5969-be78-7d9647b8db32,gala,11,low_risk_share,high,somewhat_formal,prior,0.82
0ec92da7-bcb4-5969-be78-7d9647b8db32,gala,11,low_risk_share,high,somewhat_formal,posterior,0.94
0ec92da7-bcb4-5969-be78-7d9647b8db32,soup,12,low_risk_share,high,max_intimate,prior,0.73
0ec92da7-bcb4-5969-be78-7d9647b8db32,soup,12,low_risk_share,high,max_intimate,posterior,0.92
0ec92da7-bcb4-5969-be78-7d9647b8db32,driving,13,high_risk_share,high,somewhat_formal,prior,0.61
0ec92da7-bcb4-5969-be78-7d9647b8db32,driving,13,high_risk_share,high,somewhat_formal,posterior,0.63
0ec92da7-bcb4-5969-be78-7d9647b8db32,drinks,14,high_risk_share,high,max_intimate,prior,0.7
0ec92da7-bcb4-5969-be78-7d9647b8db32,drinks,14,high_risk_share,high,max_intimate,posterior,0.97
0ec92da7-bcb4-5969-be78-7d9647b8db32,fair,15,low_risk_share,high,max_formal,prior,0.73
0ec92da7-bcb4-5969-be78-7d9647b8db32,fair,15,low_risk_share,high,max_formal,posterior,0.94
f100b063-1a97-5f37-84d0-42a06cc72296,basketball,0,low_risk_share,low,somewhat_intimate,prior,1.0
f100b063-1a97-5f37-84d0-42a06cc72296,basketball,0,low_risk_share,low,somewhat_intimate,posterior,1.0
f100b063-1a97-5f37-84d0-42a06cc72296,brunch,1,high_risk_share,high,somewhat_intimate,prior,1.0
f100b063-1a97-5f37-84d0-42a06cc72296,brunch,1,high_risk_share,high,somewhat_intimate,posterior,1.0
f100b063-1a97-5f37-84d0-42a06cc72296,cooking,2,low_risk_share,high,max_formal,prior,0.86
f100b063-1a97-5f37-84d0-42a06cc72296,cooking,2,low_risk_share,high,max_formal,posterior,0.97
f100b063-1a97-5f37-84d0-42a06cc72296,driving,3,high_risk_share,high,max_intimate,prior,1.0
f100b063-1a97-5f37-84d0-42a06cc72296,driving,3,high_risk_share,high,max_intimate,posterior,0.73
f100b063-1a97-5f37-84d0-42a06cc72296,dip,4,no_share,high,max_formal,prior,1.0
f100b063-1a97-5f37-84d0-42a06cc72296,dip,4,no_share,high,max_formal,posterior,0.79
f100b063-1a97-5f37-84d0-42a06cc72296,birthday,5,high_risk_share,low,max_intimate,prior,0.76
f100b063-1a97-5f37-84d0-42a06cc72296,birthday,5,high_risk_share,low,max_intimate,posterior,0.76
f100b063-1a97-5f37-84d0-42a06cc72296,gala,6,low_risk_share,low,max_intimate,prior,0.28
f100b063-1a97-5f37-84d0-42a06cc72296,gala,6,low_risk_share,low,max_intimate,posterior,0.57
f100b063-1a97-5f37-84d0-42a06cc72296,social,7,high_risk_share,low,somewhat_formal,prior,0.91
f100b063-1a97-5f37-84d0-42a06cc72296,social,7,high_risk_share,low,somewhat_formal,posterior,0.64
f100b063-1a97-5f37-84d0-42a06cc72296,soup,8,no_share,high,somewhat_intimate,prior,0.3
f100b063-1a97-5f37-84d0-42a06cc72296,soup,8,no_share,high,somewhat_intimate,posterior,0.97
f100b063-1a97-5f37-84d0-42a06cc72296,hike,9,no_share,high,somewhat_formal,prior,0.92
f100b063-1a97-5f37-84d0-42a06cc72296,hike,9,no_share,high,somewhat_formal,posterior,0.97
f100b063-1a97-5f37-84d0-42a06cc72296,oysters,10,no_share,low,max_intimate,prior,0.17
f100b063-1a97-5f37-84d0-42a06cc72296,oysters,10,no_share,low,max_intimate,posterior,0.5
f100b063-1a97-5f37-84d0-42a06cc72296,takeout,11,high_risk_share,low,max_formal,prior,1.0
f100b063-1a97-5f37-84d0-42a06cc72296,takeout,11,high_risk_share,low,max_formal,posterior,0.69
f100b063-1a97-5f37-84d0-42a06cc72296,wedding,12,low_risk_share,low,somewhat_formal,prior,1.0
f100b063-1a97-5f37-84d0-42a06cc72296,wedding,12,low_risk_share,low,somewhat_formal,posterior,0.91
f100b063-1a97-5f37-84d0-42a06cc72296,drinks,13,no_share,low,somewhat_formal,prior,0.79
f100b063-1a97-5f37-84d0-42a06cc72296,drinks,13,no_share,low,somewhat_formal,posterior,0.86
f100b063-1a97-5f37-84d0-42a06cc72296,fair,14,low_risk_share,high,somewhat_intimate,prior,0.25
f100b063-1a97-5f37-84d0-42a06cc72296,fair,14,low_risk_share,high,somewhat_intimate,posterior,0.32
f100b063-1a97-5f37-84d0-42a06cc72296,apples,15,high_risk_share,high,max_formal,prior,0.58
f100b063-1a97-5f37-84d0-42a06cc72296,apples,15,high_risk_share,high,max_formal,posterior,0.15
4ab505b8-f775-5abf-a354-3d7bd0f7a9e4,hike,0,low_risk_share,high,somewhat_formal,prior,0.81
4ab505b8-f775-5abf-a354-3d7bd0f7a9e4,hike,0,low_risk_share,high,somewhat_formal,posterior,1.0
4ab505b8-f775-5abf-a354-3d7bd0f7a9e4,apples,1,no_share,low,max_formal,prior,0.56
4ab505b8-f775-5abf-a354-3d7bd0f7a9e4,apples,1,no_share,low,max_formal,posterior,0.39
4ab505b8-f775-5abf-a354-3d7bd0f7a9e4,dip,2,high_risk_share,low,somewhat_formal,prior,0.65
4ab505b8-f775-5abf-a354-3d7bd0f7a9e4,dip,2,high_risk_share,low,somewhat_formal,posterior,1.0
4ab505b8-f775-5abf-a354-3d7bd0f7a9e4,fair,3,low_risk_share,high,somewhat_intimate,prior,0.72
4ab505b8-f775-5abf-a354-3d7bd0f7a9e4,fair,3,low_risk_share,high,somewhat_intimate,posterior,0.94
4ab505b8-f775-5abf-a354-3d7bd0f7a9e4,takeout,4,high_risk_share,low,somewhat_intimate,prior,0.73
4ab505b8-f775-5abf-a354-3d7bd0f7a9e4,takeout,4,high_risk_share,low,somewhat_intimate,posterior,1.0
4ab505b8-f775-5abf-a354-3d7bd0f7a9e4,brunch,5,low_risk_share,low,max_formal,prior,0.59
4ab505b8-f775-5abf-a354-3d7bd0f7a9e4,brunch,5,low_risk_share,low,max_formal,posterior,1.0
4ab505b8-f775-5abf-a354-3d7bd0f7a9e4,soup,6,high_risk_share,high,somewhat_formal,prior,0.33
4ab505b8-f775-5abf-a354-3d7bd0f7a9e4,soup,6,high_risk_share,high,somewhat_formal,posterior,1.0
4ab505b8-f775-5abf-a354-3d7bd0f7a9e4,social,7,low_risk_share,high,max_intimate,prior,0.58
4ab505b8-f775-5abf-a354-3d7bd0f7a9e4,social,7,low_risk_share,high,max_intimate,posterior,0.94
4ab505b8-f775-5abf-a354-3d7bd0f7a9e4,gala,8,low_risk_share,low,somewhat_formal,prior,0.3
4ab505b8-f775-5abf-a354-3d7bd0f7a9e4,gala,8,low_risk_share,low,somewhat_formal,posterior,0.11
4ab505b8-f775-5abf-a354-3d7bd0f7a9e4,driving,9,high_risk_share,high,somewhat_intimate,prior,0.91
4ab505b8-f775-5abf-a354-3d7bd0f7a9e4,driving,9,high_risk_share,high,somewhat_intimate,posterior,1.0
4ab505b8-f775-5abf-a354-3d7bd0f7a9e4,basketball,10,no_share,high,max_formal,prior,0.87
4ab505b8-f775-5abf-a354-3d7bd0f7a9e4,basketball,10,no_share,high,max_formal,posterior,0.1
4ab505b8-f775-5abf-a354-3d7bd0f7a9e4,wedding,11,high_risk_share,high,max_formal,prior,0.6
4ab505b8-f775-5abf-a354-3d7bd0f7a9e4,wedding,11,high_risk_share,high,max_formal,posterior,1.0
4ab505b8-f775-5abf-a354-3d7bd0f7a9e4,drinks,12,no_share,low,max_intimate,prior,0.73
4ab505b8-f775-5abf-a354-3d7bd0f7a9e4,drinks,12,no_share,low,max_intimate,posterior,0.05
4ab505b8-f775-5abf-a354-3d7bd0f7a9e4,oysters,13,no_share,low,somewhat_intimate,prior,0.73
4ab505b8-f775-5abf-a354-3d7bd0f7a9e4,oysters,13,no_share,low,somewhat_intimate,posterior,0.11
4ab505b8-f775-5abf-a354-3d7bd0f7a9e4,birthday,14,no_share,high,max_intimate,prior,0.53
4ab505b8-f775-5abf-a354-3d7bd0f7a9e4,birthday,14,no_share,high,max_intimate,posterior,0.19
4ab505b8-f775-5abf-a354-3d7bd0f7a9e4,cooking,15,low_risk_share,low,max_intimate,prior,0.89
4ab505b8-f775-5abf-a354-3d7bd0f7a9e4,cooking,15,low_risk_share,low,max_intimate,posterior,0.87
fb87d95f-aa77-51f1-99c3-84f6bb20c118,wedding,0,no_share,low,max_formal,prior,0.9
fb87d95f-aa77-51f1-99c3-84f6bb20c118,wedding,0,no_share,low,max_formal,posterior,0.89
fb87d95f-aa77-51f1-99c3-84f6bb20c118,brunch,1,low_risk_share,high,somewhat_formal,prior,0.74
fb87d95f-aa77-51f1-99c3-84f6bb20c118,brunch,1,low_risk_share,high,somewhat_formal,posterior,0.85
fb87d95f-aa77-51f1-99c3-84f6bb20c118,dip,2,low_risk_share,high,max_formal,prior,0.92
fb87d95f-aa77-51f1-99c3-84f6bb20c118,dip,2,low_risk_share,high,max_formal,posterior,0.91
fb87d95f-aa77-51f1-99c3-84f6bb20c118,takeout,3,high_risk_share,low,max_formal,prior,0.76
fb87d95f-aa77-51f1-99c3-84f6bb20c118,takeout,3,high_risk_share,low,max_formal,posterior,0.54
fb87d95f-aa77-51f1-99c3-84f6bb20c118,hike,4,high_risk_share,high,somewhat_formal,prior,0.76
fb87d95f-aa77-51f1-99c3-84f6bb20c118,hike,4,high_risk_share,high,somewhat_formal,posterior,0.31
fb87d95f-aa77-51f1-99c3-84f6bb20c118,gala,5,no_share,low,somewhat_intimate,prior,0.74
fb87d95f-aa77-51f1-99c3-84f6bb20c118,gala,5,no_share,low,somewhat_intimate,posterior,0.76
fb87d95f-aa77-51f1-99c3-84f6bb20c118,soup,6,high_risk_share,high,max_intimate,prior,0.98
fb87d95f-aa77-51f1-99c3-84f6bb20c118,soup,6,high_risk_share,high,max_intimate,posterior,0.97
fb87d95f-aa77-51f1-99c3-84f6bb20c118,drinks,7,high_risk_share,low,somewhat_intimate,prior,0.85
fb87d95f-aa77-51f1-99c3-84f6bb20c118,drinks,7,high_risk_share,low,somewhat_intimate,posterior,0.77
fb87d95f-aa77-51f1-99c3-84f6bb20c118,cooking,8,no_share,low,somewhat_formal,prior,0.67
fb87d95f-aa77-51f1-99c3-84f6bb20c118,cooking,8,no_share,low,somewhat_formal,posterior,0.8
fb87d95f-aa77-51f1-99c3-84f6bb20c118,basketball,9,high_risk_share,low,max_intimate,prior,1.0
fb87d95f-aa77-51f1-99c3-84f6bb20c118,basketball,9,high_risk_share,low,max_intimate,posterior,1.0
fb87d95f-aa77-51f1-99c3-84f6bb20c118,oysters,10,no_share,high,max_intimate,prior,0.99
fb87d95f-aa77-51f1-99c3-84f6bb20c118,oysters,10,no_share,high,max_intimate,posterior,0.96
fb87d95f-aa77-51f1-99c3-84f6bb20c118,birthday,11,low_risk_share,low,somewhat_intimate,prior,0.23
fb87d95f-aa77-51f1-99c3-84f6bb20c118,birthday,11,low_risk_share,low,somewhat_intimate,posterior,0.4
fb87d95f-aa77-51f1-99c3-84f6bb20c118,driving,12,low_risk_share,low,max_formal,prior,0.6
fb87d95f-aa77-51f1-99c3-84f6bb20c118,driving,12,low_risk_share,low,max_formal,posterior,0.9
fb87d95f-aa77-51f1-99c3-84f6bb20c118,apples,13,low_risk_share,high,max_intimate,prior,1.0
fb87d95f-aa77-51f1-99c3-84f6bb20c118,apples,13,low_risk_share,high,max_intimate,posterior,1.0
fb87d95f-aa77-51f1-99c3-84f6bb20c118,social,14,no_share,high,somewhat_formal,prior,0.69
fb87d95f-aa77-51f1-99c3-84f6bb20c118,social,14,no_share,high,somewhat_formal,posterior,0.21
fb87d95f-aa77-51f1-99c3-84f6bb20c118,fair,15,no_share,high,somewhat_intimate,prior,0.93
fb87d95f-aa77-51f1-99c3-84f6bb20c118,fair,15,no_share,high,somewhat_intimate,posterior,0.97
5920b7b6-3591-5753-b277-ac3d44defc36,takeout,0,high_risk_share,high,somewhat_intimate,prior,0.73
5920b7b6-3591-5753-b277-ac3d44defc36,takeout,0,high_risk_share,high,somewhat_intimate,posterior,0.89
5920b7b6-3591-5753-b277-ac3d44defc36,dip,1,low_risk_share,low,max_formal,prior,0.84
5920b7b6-3591-5753-b277-ac3d44defc36,dip,1,low_risk_share,low,max_formal,posterior,0.88
5920b7b6-3591-5753-b277-ac3d44defc36,soup,2,no_share,low,max_intimate,prior,0.8
5920b7b6-3591-5753-b277-ac3d44defc36,soup,2,no_share,low,max_intimate,posterior,0.24
5920b7b6-3591-5753-b277-ac3d44defc36,drinks,3,high_risk_share,high,max_formal,prior,0.28
5920b7b6-3591-5753-b277-ac3d44defc36,drinks,3,high_risk_share,high,max_formal,posterior,0.53
5920b7b6-3591-5753-b277-ac3d44defc36,hike,4,no_share,low,somewhat_intimate,prior,0.85
5920b7b6-3591-5753-b277-ac3d44defc36,hike,4,no_share,low,somewhat_intimate,posterior,0.34
5920b7b6-3591-5753-b277-ac3d44defc36,social,5,no_share,low,max_formal,prior,0.84
5920b7b6-3591-5753-b277-ac3d44defc36,social,5,no_share,low,max_formal,posterior,0.2
5920b7b6-3591-5753-b277-ac3d44defc36,apples,6,high_risk_share,low,somewhat_formal,prior,0.83
5920b7b6-3591-5753-b277-ac3d44defc36,apples,6,high_risk_share,low,somewhat_formal,posterior,0.94
5920b7b6-3591-5753-b277-ac3d44defc36,cooking,7,no_share,high,max_formal,prior,0.91
5920b7b6-3591-5753-b277-ac3d44defc36,cooking,7,no_share,high,max_formal,posterior,0.11
5920b7b6-3591-5753-b277-ac3d44defc36,wedding,8,low_risk_share,high,somewhat_intimate,prior,0.95
5920b7b6-3591-5753-b277-ac3d44defc36,wedding,8,low_risk_share,high,somewhat_intimate,posterior,0.94
5920b7b6-3591-5753-b277-ac3d44defc36,fair,9,low_risk_share,low,somewhat_formal,prior,0.77
5920b7b6-3591-5753-b277-ac3d44defc36,fair,9,low_risk_share,low,somewhat_formal,posterior,0.91
5920b7b6-3591-5753-b277-ac3d44defc36,oysters,10,high_risk_share,low,somewhat_intimate,prior,0.86
5920b7b6-3591-5753-b277-ac3d44defc36,oysters,10,high_risk_share,low,somewhat_intimate,posterior,0.93
5920b7b6-3591-5753-b277-ac3d44defc36,driving,11,high_risk_share,high,somewhat_formal,prior,0.34
5920b7b6-3591-5753-b277-ac3d44defc36,driving,11,high_risk_share,high,somewhat_formal,posterior,0.61
5920b7b6-3591-5753-b277-ac3d44defc36,birthday,12,low_risk_share,low,max_intimate,prior,0.77
5920b7b6-3591-5753-b277-ac3d44defc36,birthday,12,low_risk_share,low,max_intimate,posterior,0.87
5920b7b6-3591-5753-b277-ac3d44defc36,basketball,13,low_risk_share,high,somewhat_formal,prior,0.18
5920b7b6-3591-5753-b277-ac3d44defc36,basketball,13,low_risk_share,high,somewhat_formal,posterior,0.59
5920b7b6-3591-5753-b277-ac3d44defc36,gala,14,no_share,high,max_intimate,prior,0.61
5920b7b6-3591-5753-b277-ac3d44defc36,gala,14,no_share,high,max_intimate,posterior,0.05
5920b7b6-3591-5753-b277-ac3d44defc36,brunch,15,low_risk_share,high,max_intimate,prior,0.54
5920b7b6-3591-5753-b277-ac3d44defc36,brunch,15,low_risk_share,high,max_intimate,posterior,0.77
11a5cf39-5c8b-50c6-a917-634d1fb0ec9d,brunch,0,high_risk_share,high,max_intimate,prior,0.76
11a5cf39-5c8b-50c6-a917-634d1fb0ec9d,brunch,0,high_risk_share,high,max_intimate,posterior,0.89
11a5cf39-5c8b-50c6-a917-634d1fb0ec9d,apples,1,low_risk_share,high,max_formal,prior,0.59
11a5cf39-5c8b-50c6-a917-634d1fb0ec9d,apples,1,low_risk_share,high,max_formal,posterior,0.86
11a5cf39-5c8b-50c6-a917-634d1fb0ec9d,cooking,2,no_share,low,somewhat_formal,prior,0.93
11a5cf39-5c8b-50c6-a917-634d1fb0ec9d,cooking,2,no_share,low,somewhat_formal,posterior,0.38
11a5cf39-5c8b-50c6-a917-634d1fb0ec9d,oysters,3,low_risk_share,high,somewhat_intimate,prior,0.54
11a5cf39-5c8b-50c6-a917-634d1fb0ec9d,oysters,3,low_risk_share,high,somewhat_intimate,posterior,0.83
11a5cf39-5c8b-50c6-a917-634d1fb0ec9d,birthday,4,no_share,high,max_formal,prior,0.74
11a5cf39-5c8b-50c6-a917-634d1fb0ec9d,birthday,4,no_share,high,max_formal,posterior,0.54
11a5cf39-5c8b-50c6-a917-634d1fb0ec9d,drinks,5,no_share,high,somewhat_formal,prior,0.11
11a5cf39-5c8b-50c6-a917-634d1fb0ec9d,drinks,5,no_share,high,somewhat_formal,posterior,0.11
11a5cf39-5c8b-50c6-a917-634d1fb0ec9d,takeout,6,low_risk_share,low,somewhat_intimate,prior,0.63
11a5cf39-5c8b-50c6-a917-634d1fb0ec9d,takeout,6,low_risk_share,low,somewhat_intimate,posterior,0.88
11a5cf39-5c8b-50c6-a917-634d1fb0ec9d,driving,7,high_risk_share,low,somewhat_formal,prior,0.21
11a5cf39-5c8b-50c6-a917-634d1fb0ec9d,driving,7,high_risk_share,low,somewhat_formal,posterior,0.93
11a5cf39-5c8b-50c6-a917-634d1fb0ec9d,gala,8,no_share,high,somewhat_intimate,prior,0.41
11a5cf39-5c8b-50c6-a917-634d1fb0ec9d,gala,8,no_share,high,somewhat_intimate,posterior,0.21
11a5cf39-5c8b-50c6-a917-634d1fb0ec9d,soup,9,high_risk_share,low,max_intimate,prior,0.87
11a5cf39-5c8b-50c6-a917-634d1fb0ec9d,soup,9,high_risk_share,low,max_intimate,posterior,0.93
11a5cf39-5c8b-50c6-a917-634d1fb0ec9d,hike,10,high_risk_share,high,somewhat_intimate,prior,0.74
11a5cf39-5c8b-50c6-a917-634d1fb0ec9d,hike,10,high_risk_share,high,somewhat_intimate,posterior,0.88
11a5cf39-5c8b-50c6-a917-634d1fb0ec9d,dip,11,low_risk_share,low,max_intimate,prior,0.93
11a5cf39-5c8b-50c6-a917-634d1fb0ec9d,dip,11,low_risk_share,low,max_intimate,posterior,0.92
11a5cf39-5c8b-50c6-a917-634d1fb0ec9d,wedding,12,high_risk_share,low,max_formal,prior,0.06
11a5cf39-5c8b-50c6-a917-634d1fb0ec9d,wedding,12,high_risk_share,low,max_formal,posterior,0.93
11a5cf39-5c8b-50c6-a917-634d1fb0ec9d,fair,13,high_risk_share,high,max_formal,prior,0.26
11a5cf39-5c8b-50c6-a917-634d1fb0ec9d,fair,13,high_risk_share,high,max_formal,posterior,0.89
11a5cf39-5c8b-50c6-a917-634d1fb0ec9d,basketball,14,no_share,low,max_intimate,prior,0.92
11a5cf39-5c8b-50c6-a917-634d1fb0ec9d,basketball,14,no_share,low,max_intimate,posterior,0.12
11a5cf39-5c8b-50c6-a917-634d1fb0ec9d,social,15,low_risk_share,low,somewhat_formal,prior,0.24
11a5cf39-5c8b-50c6-a917-634d1fb0ec9d,social,15,low_risk_share,low,somewhat_formal,posterior,0.9
24c99c39-e05f-5fd8-9351-685ae4c72fa6,cooking,0,no_share,high,max_intimate,prior,0.84
24c99c39-e05f-5fd8-9351-685ae4c72fa6,cooking,0,no_share,high,max_intimate,posterior,0.83
24c99c39-e05f-5fd8-9351-685ae4c72fa6,hike,1,no_share,high,somewhat_formal,prior,0.66
24c99c39-e05f-5fd8-9351-685ae4c72fa6,hike,1,no_share,high,somewhat_formal,posterior,0.35
24c99c39-e05f-5fd8-9351-685ae4c72fa6,oysters,2,high_risk_share,low,max_intimate,prior,1.0
24c99c39-e05f-5fd8-9351-685ae4c72fa6,oysters,2,high_risk_share,low,max_intimate,posterior,1.0
24c99c39-e05f-5fd8-9351-685ae4c72fa6,wedding,3,low_risk_share,low,somewhat_intimate,prior,0.91
24c99c39-e05f-5fd8-9351-685ae4c72fa6,wedding,3,low_risk_share,low,somewhat_intimate,posterior,1.0
24c99c39-e05f-5fd8-9351-685ae4c72fa6,fair,4,low_risk_share,high,max_formal,prior,0.5
24c99c39-e05f-5fd8-9351-685ae4c72fa6,fair,4,low_risk_share,high,max_formal,posterior,1.0
24c99c39-e05f-5fd8-9351-685ae4c72fa6,takeout,5,high_risk_share,low,somewhat_intimate,prior,0.5
24c99c39-e05f-5fd8-9351-685ae4c72fa6,takeout,5,high_risk_share,low,somewhat_intimate,posterior,1.0
24c99c39-e05f-5fd8-9351-685ae4c72fa6,soup,6,low_risk_share,high,max_intimate,prior,0.5
24c99c39-e05f-5fd8-9351-685ae4c72fa6,soup,6,low_risk_share,high,max_intimate,posterior,1.0
24c99c39-e05f-5fd8-9351-685ae4c72fa6,birthday,7,high_risk_share,low,max_formal,prior,0.52
24c99c39-e05f-5fd8-9351-685ae4c72fa6,birthday,7,high_risk_share,low,max_formal,posterior,1.0
24c99c39-e05f-5fd8-9351-685ae4c72fa6,apples,8,high_risk_share,high,somewhat_formal,prior,0.5
24c99c39-e05f-5fd8-9351-685ae4c72fa6,apples,8,high_risk_share,high,somewhat_formal,posterior,0.99
24c99c39-e05f-5fd8-9351-685ae4c72fa6,basketball,9,low_risk_share,high,somewhat_formal,prior,0.54
24c99c39-e05f-5fd8-9351-685ae4c72fa6,basketball,9,low_risk_share,high,somewhat_formal,posterior,0.79
24c99c39-e05f-5fd8-9351-685ae4c72fa6,brunch,10,no_share,low,max_formal,prior,0.61
24c99c39-e05f-5fd8-9351-685ae4c72fa6,brunch,10,no_share,low,max_formal,posterior,0.0
24c99c39-e05f-5fd8-9351-685ae4c72fa6,social,11,low_risk_share,low,max_formal,prior,0.5
24c99c39-e05f-5fd8-9351-685ae4c72fa6,social,11,low_risk_share,low,max_formal,posterior,1.0
24c99c39-e05f-5fd8-9351-685ae4c72fa6,dip,12,high_risk_share,high,max_intimate,prior,0.62
24c99c39-e05f-5fd8-9351-685ae4c72fa6,dip,12,high_risk_share,high,max_intimate,posterior,0.55
24c99c39-e05f-5fd8-9351-685ae4c72fa6,gala,13,no_share,high,somewhat_intimate,prior,0.5
24c99c39-e05f-5fd8-9351-685ae4c72fa6,gala,13,no_share,high,somewhat_intimate,posterior,0.0
24c99c39-e05f-5fd8-9351-685ae4c72fa6,drinks,14,no_share,low,somewhat_formal,prior,0.5
24c99c39-e05f-5fd8-9351-685ae4c72fa6,drinks,14,no_share,low,somewhat_formal,posterior,0.0
24c99c39-e05f-5fd8-9351-685ae4c72fa6,driving,15,no_share,low,somewhat_intimate,prior,0.5
24c99c39-e05f-5fd8-9351-685ae4c72fa6,driving,15,no_share,low,somewhat_intimate,posterior,0.5
62db9ad2-45d7-5494-8f87-463b69a7095c,driving,0,low_risk_share,low,max_intimate,prior,0.34
62db9ad2-45d7-5494-8f87-463b69a7095c,driving,0,low_risk_share,low,max_intimate,posterior,0.42
62db9ad2-45d7-5494-8f87-463b69a7095c,birthday,1,low_risk_share,low,somewhat_intimate,prior,0.88
62db9ad2-45d7-5494-8f87-463b69a7095c,birthday,1,low_risk_share,low,somewhat_intimate,posterior,0.9
62db9ad2-45d7-5494-8f87-463b69a7095c,apples,2,high_risk_share,high,max_intimate,prior,0.75
62db9ad2-45d7-5494-8f87-463b69a7095c,apples,2,high_risk_share,high,max_intimate,posterior,0.76
62db9ad2-45d7-5494-8f87-463b69a7095c,dip,3,no_share,high,somewhat_intimate,prior,0.59
62db9ad2-45d7-5494-8f87-463b69a7095c,dip,3,no_share,high,somewhat_intimate,posterior,0.57
62db9ad2-45d7-5494-8f87-463b69a7095c,hike,4,no_share,low,somewhat_formal,prior,0.57
62db9ad2-45d7-5494-8f87-463b69a7095c,hike,4,no_share,low,somewhat_formal,posterior,0.36
62db9ad2-45d7-5494-8f87-463b69a7095c,drinks,5,no_share,high,somewhat_formal,prior,0.59
62db9ad2-45d7-5494-8f87-463b69a7095c,drinks,5,no_share,high,somewhat_formal,posterior,0.55
62db9ad2-45d7-5494-8f87-463b69a7095c,social,6,no_share,high,max_formal,prior,0.5
62db9ad2-45d7-5494-8f87-463b69a7095c,social,6,no_share,high,max_formal,posterior,0.5
62db9ad2-45d7-5494-8f87-463b69a7095c,cooking,7,high_risk_share,low,max_intimate,prior,0.79
62db9ad2-45d7-5494-8f87-463b69a7095c,cooking,7,high_risk_share,low,max_intimate,posterior,0.78
62db9ad2-45d7-5494-8f87-463b69a7095c,soup,8,low_risk_share,low,somewhat_formal,prior,0.5
62db9ad2-45d7-5494-8f87-463b69a7095c,soup,8,low_risk_share,low,somewhat_formal,posterior,0.55
62db9ad2-45d7-5494-8f87-463b69a7095c,fair,9,high_risk_share,high,max_formal,prior,0.47
62db9ad2-45d7-5494-8f87-463b69a7095c,fair,9,high_risk_share,high,max_formal,posterior,0.52
62db9ad2-45d7-5494-8f87-463b69a7095c,brunch,10,high_risk_share,high,somewhat_intimate,prior,0.76
62db9ad2-45d7-5494-8f87-463b69a7095c,brunch,10,high_risk_share,high,somewhat_intimate,posterior,0.76
62db9ad2-45d7-5494-8f87-463b69a7095c,wedding,11,high_risk_share,low,max_formal,prior,0.78
62db9ad2-45d7-5494-8f87-463b69a7095c,wedding,11,high_risk_share,low,max_formal,posterior,0.75
62db9ad2-45d7-5494-8f87-463b69a7095c,takeout,12,low_risk_share,high,somewhat_intimate,prior,0.5
62db9ad2-45d7-5494-8f87-463b69a7095c,takeout,12,low_risk_share,high,somewhat_intimate,posterior,0.5
62db9ad2-45d7-5494-8f87-463b69a7095c,gala,13,no_share,low,max_intimate,prior,0.79
62db9ad2-45d7-5494-8f87-463b69a7095c,gala,13,no_share,low,max_intimate,posterior,0.73
62db9ad2-45d7-5494-8f87-463b69a7095c,oysters,14,low_risk_share,high,max_formal,prior,0.58
62db9ad2-45d7-5494-8f87-463b69a7095c,oysters,14,low_risk_share,high,max_formal,posterior,0.56
62db9ad2-45d7-5494-8f87-463b69a7095c,basketball,15,high_risk_share,low,somewhat_formal,prior,0.51
62db9ad2-45d7-5494-8f87-463b69a7095c,basketball,15,high_risk_share,low,somewhat_formal,posterior,0.47
046a35d1-d77a-5b3d-9427-1f829d6b8c23,brunch,0,no_share,high,max_formal,prior,0.96
046a35d1-d77a-5b3d-9427-1f829d6b8c23,brunch,0,no_share,high,max_formal,posterior,0.96
046a35d1-d77a-5b3d-9427-1f829d6b8c23,apples,1,no_share,low,somewhat_formal,prior,0.81
046a35d1-d77a-5b3d-9427-1f829d6b8c23,apples,1,no_share,low,somewhat_formal,posterior,0.32
046a35d1-d77a-5b3d-9427-1f829d6b8c23,soup,2,high_risk_share,low,somewhat_formal,prior,0.62
046a35d1-d77a-5b3d-9427-1f829d6b8c23,soup,2,high_risk_share,low,somewhat_formal,posterior,0.97
046a35d1-d77a-5b3d-9427-1f829d6b8c23,gala,3,low_risk_share,low,somewhat_formal,prior,0.89
046a35d1-d77a-5b3d-9427-1f829d6b8c23,gala,3,low_risk_share,low,somewhat_formal,posterior,0.97
046a35d1-d77a-5b3d-9427-1f829d6b8c23,wedding,4,low_risk_share,high,max_formal,prior,0.99
046a35d1-d77a-5b3d-9427-1f829d6b8c23,wedding,4,low_risk_share,high,max_formal,posterior,0.99
046a35d1-d77a-5b3d-9427-1f829d6b8c23,fair,5,high_risk_share,high,somewhat_intimate,prior,0.91
046a35d1-d77a-5b3d-9427-1f829d6b8c23,fair,5,high_risk_share,high,somewhat_intimate,posterior,0.99
046a35d1-d77a-5b3d-9427-1f829d6b8c23,takeout,6,high_risk_share,low,max_formal,prior,0.98
046a35d1-d77a-5b3d-9427-1f829d6b8c23,takeout,6,high_risk_share,low,max_formal,posterior,1.0
046a35d1-d77a-5b3d-9427-1f829d6b8c23,hike,7,no_share,high,somewhat_intimate,prior,0.94
046a35d1-d77a-5b3d-9427-1f829d6b8c23,hike,7,no_share,high,somewhat_intimate,posterior,0.35
046a35d1-d77a-5b3d-9427-1f829d6b8c23,cooking,8,low_risk_share,low,somewhat_intimate,prior,0.99
046a35d1-d77a-5b3d-9427-1f829d6b8c23,cooking,8,low_risk_share,low,somewhat_intimate,posterior,1.0
046a35d1-d77a-5b3d-9427-1f829d6b8c23,driving,9,no_share,high,somewhat_formal,prior,0.57
046a35d1-d77a-5b3d-9427-1f829d6b8c23,driving,9,no_share,high,somewhat_formal,posterior,0.45
046a35d1-d77a-5b3d-9427-1f829d6b8c23,social,10,high_risk_share,high,max_formal,prior,0.97
046a35d1-d77a-5b3d-9427-1f829d6b8c23,social,10,high_risk_share,high,max_formal,posterior,1.0
046a35d1-d77a-5b3d-9427-1f829d6b8c23,birthday,11,no_share,low,max_intimate,prior,0.59
046a35d1-d77a-5b3d-9427-1f829d6b8c23,birthday,11,no_share,low,max_intimate,posterior,0.26
046a35d1-d77a-5b3d-9427-1f829d6b8c23,dip,12,high_risk_share,high,max_intimate,prior,0.89
046a35d1-d77a-5b3d-9427-1f829d6b8c23,dip,12,high_risk_share,high,max_intimate,posterior,0.94
046a35d1-d77a-5b3d-9427-1f829d6b8c23,basketball,13,low_risk_share,low,max_intimate,prior,0.83
046a35d1-d77a-5b3d-9427-1f829d6b8c23,basketball,13,low_risk_share,low,max_intimate,posterior,0.88
046a35d1-d77a-5b3d-9427-1f829d6b8c23,oysters,14,high_risk_share,low,max_intimate,prior,0.7
046a35d1-d77a-5b3d-9427-1f829d6b8c23,oysters,14,high_risk_share,low,max_intimate,posterior,0.89
046a35d1-d77a-5b3d-9427-1f829d6b8c23,drinks,15,low_risk_share,high,somewhat_intimate,prior,0.95
046a35d1-d77a-5b3d-9427-1f829d6b8c23,drinks,15,low_risk_share,high,somewhat_intimate,posterior,1.0
2e7930fa-23f5-586d-849f-ccf629560b08,hike,0,low_risk_share,low,max_formal,prior,0.88
2e7930fa-23f5-586d-849f-ccf629560b08,hike,0,low_risk_share,low,max_formal,posterior,0.99
2e7930fa-23f5-586d-849f-ccf629560b08,fair,1,high_risk_share,low,somewhat_intimate,prior,0.82
2e7930fa-23f5-586d-849f-ccf629560b08,fair,1,high_risk_share,low,somewhat_intimate,posterior,0.98
2e7930fa-23f5-586d-849f-ccf629560b08,gala,2,high_risk_share,low,max_formal,prior,0.55
2e7930fa-23f5-586d-849f-ccf629560b08,gala,2,high_risk_share,low,max_formal,posterior,0.75
2e7930fa-23f5-586d-849f-ccf629560b08,soup,3,high_risk_share,high,max_intimate,prior,0.56
2e7930fa-23f5-586d-849f-ccf629560b08,soup,3,high_risk_share,high,max_intimate,posterior,0.92
2e7930fa-23f5-586d-849f-ccf629560b08,social,4,low_risk_share,high,somewhat_formal,prior,0.57
2e7930fa-23f5-586d-849f-ccf629560b08,social,4,low_risk_share,high,somewhat_formal,posterior,0.71
2e7930fa-23f5-586d-849f-ccf629560b08,apples,5,no_share,low,max_formal,prior,0.67
2e7930fa-23f5-586d-849f-ccf629560b08,apples,5,no_share,low,max_formal,posterior,0.59
2e7930fa-23f5-586d-849f-ccf629560b08,basketball,6,no_share,high,somewhat_intimate,prior,0.61
2e7930fa-23f5-586d-849f-ccf629560b08,basketball,6,no_share,high,somewhat_intimate,posterior,0.41
2e7930fa-23f5-586d-849f-ccf629560b08,oysters,7,low_risk_share,low,somewhat_intimate,prior,0.67
2e7930fa-23f5-586d-849f-ccf629560b08,oysters,7,low_risk_share,low,somewhat_intimate,posterior,0.62
2e7930fa-23f5-586d-849f-ccf629560b08,birthday,8,low_risk_share,high,max_formal,prior,0.73
2e7930fa-23f5-586d-849f-ccf629560b08,birthday,8,low_risk_share,high,max_formal,posterior,0.63
2e7930fa-23f5-586d-849f-ccf629560b08,driving,9,no_share,high,max_intimate,prior,0.75
2e7930fa-23f5-586d-849f-ccf629560b08,driving,9,no_share,high,max_intimate,posterior,0.63
2e7930fa-23f5-586d-849f-ccf629560b08,dip,10,high_risk_share,high,somewhat_formal,prior,0.88
2e7930fa-23f5-586d-849f-ccf629560b08,dip,10,high_risk_share,high,somewhat_formal,posterior,0.94
2e7930fa-23f5-586d-849f-ccf629560b08,brunch,11,no_share,low,somewhat_intimate,prior,0.54
2e7930fa-23f5-586d-849f-ccf629560b08,brunch,11,no_share,low,somewhat_intimate,posterior,0.36
2e7930fa-23f5-586d-849f-ccf629560b08,drinks,12,high_risk_share,low,max_intimate,prior,0.62
2e7930fa-23f5-586d-849f-ccf629560b08,drinks,12,high_risk_share,low,max_intimate,posterior,0.74
2e7930fa-23f5-586d-849f-ccf629560b08,wedding,13,no_share,low,somewhat_formal,prior,0.7
2e7930fa-23f5-586d-849f-ccf629560b08,wedding,13,no_share,low,somewhat_formal,posterior,0.53
2e7930fa-23f5-586d-849f-ccf629560b08,takeout,14,no_share,high,somewhat_formal,prior,0.7
2e7930fa-23f5-586d-849f-ccf629560b08,takeout,14,no_share,high,somewhat_formal,posterior,0.22
2e7930fa-23f5-586d-849f-ccf629560b08,cooking,15,low_risk_share,high,max_intimate,prior,0.66
2e7930fa-23f5-586d-849f-ccf629560b08,cooking,15,low_risk_share,high,max_intimate,posterior,0.55
a2ae6358-56b3-573d-8e74-ee42a8735514,dip,0,low_risk_share,low,max_intimate,prior,0.85
a2ae6358-56b3-573d-8e74-ee42a8735514,dip,0,low_risk_share,low,max_intimate,posterior,0.82
a2ae6358-56b3-573d-8e74-ee42a8735514,driving,1,low_risk_share,low,somewhat_intimate,prior,0.34
a2ae6358-56b3-573d-8e74-ee42a8735514,driving,1,low_risk_share,low,somewhat_intimate,posterior,0.45
a2ae6358-56b3-573d-8e74-ee42a8735514,brunch,2,high_risk_share,low,somewhat_formal,prior,0.75
a2ae6358-56b3-573d-8e74-ee42a8735514,brunch,2,high_risk_share,low,somewhat_formal,posterior,0.76
a2ae6358-56b3-573d-8e74-ee42a8735514,fair,3,low_risk_share,low,somewhat_formal,prior,0.8
a2ae6358-56b3-573d-8e74-ee42a8735514,fair,3,low_risk_share,low,somewhat_formal,posterior,0.86
a2ae6358-56b3-573d-8e74-ee42a8735514,soup,4,no_share,low,somewhat_formal,prior,0.5
a2ae6358-56b3-573d-8e74-ee42a8735514,soup,4,no_share,low,somewhat_formal,posterior,0.36
a2ae6358-56b3-573d-8e74-ee42a8735514,birthday,5,no_share,high,max_formal,prior,0.67
a2ae6358-56b3-573d-8e74-ee42a8735514,birthday,5,no_share,high,max_formal,posterior,0.45
a2ae6358-56b3-573d-8e74-ee42a8735514,drinks,6,high_risk_share,high,somewhat_intimate,prior,0.33
a2ae6358-56b3-573d-8e74-ee42a8735514,drinks,6,high_risk_share,high,somewhat_intimate,posterior,0.5
a2ae6358-56b3-573d-8e74-ee42a8735514,cooking,7,low_risk_share,high,max_formal,prior,0.69
a2ae6358-56b3-573d-8e74-ee42a8735514,cooking,7,low_risk_share,high,max_formal,posterior,0.78
a2ae6358-56b3-573d-8e74-ee42a8735514,hike,8,no_share,high,somewhat_intimate,prior,0.71
a2ae6358-56b3-573d-8e74-ee42a8735514,hike,8,no_share,high,somewhat_intimate,posterior,0.6
a2ae6358-56b3-573d-8e74-ee42a8735514,wedding,9,low_risk_share,high,somewhat_intimate,prior,0.76
a2ae6358-56b3-573d-8e74-ee42a8735514,wedding,9,low_risk_share,high,somewhat_intimate,posterior,0.79
a2ae6358-56b3-573d-8e74-ee42a8735514,takeout,10,high_risk_share,low,max_intimate,prior,0.75
a2ae6358-56b3-573d-8e74-ee42a8735514,takeout,10,high_risk_share,low,max_intimate,posterior,0.87
a2ae6358-56b3-573d-8e74-ee42a8735514,social,11,no_share,low,max_intimate,prior,0.76
a2ae6358-56b3-573d-8e74-ee42a8735514,social,11,no_share,low,max_intimate,posterior,0.65
a2ae6358-56b3-573d-8e74-ee42a8735514,apples,12,high_risk_share,low,max_formal,prior,0.68
a2ae6358-56b3-573d-8e74-ee42a8735514,apples,12,high_risk_share,low,max_formal,posterior,0.79
a2ae6358-56b3-573d-8e74-ee42a8735514,oysters,13,high_risk_share,high,max_formal,prior,0.65
a2ae6358-56b3-573d-8e74-ee42a8735514,oysters,13,high_risk_share,high,max_formal,posterior,0.87
a2ae6358-56b3-573d-8e74-ee42a8735514,gala,14,no_share,high,somewhat_formal,prior,0.71
a2ae6358-56b3-573d-8e74-ee42a8735514,gala,14,no_share,high,somewhat_formal,posterior,0.5
a2ae6358-56b3-573d-8e74-ee42a8735514,basketball,15,high_risk_share,high,max_intimate,prior,0.49
a2ae6358-56b3-573d-8e74-ee42a8735514,basketball,15,high_risk_share,high,max_intimate,posterior,0.83
057300f2-d772-5efe-891d-cf81eb337e10,brunch,0,high_risk_share,high,somewhat_formal,prior,0.65
057300f2-d772-5efe-891d-cf81eb337e10,brunch,0,high_risk_share,high,somewhat_formal,posterior,0.4
057300f2-d772-5efe-891d-cf81eb337e10,soup,1,no_share,low,somewhat_formal,prior,0.4
057300f2-d772-5efe-891d-cf81eb337e10,soup,1,no_share,low,somewhat_formal,posterior,0.37
057300f2-d772-5efe-891d-cf81eb337e10,oysters,2,low_risk_share,low,max_formal,prior,0.64
057300f2-d772-5efe-891d-cf81eb337e10,oysters,2,low_risk_share,low,max_formal,posterior,0.76
057300f2-d772-5efe-891d-cf81eb337e10,apples,3,high_risk_share,high,max_intimate,prior,0.77
057300f2-d772-5efe-891d-cf81eb337e10,apples,3,high_risk_share,high,max_intimate,posterior,0.9
057300f2-d772-5efe-891d-cf81eb337e10,wedding,4,low_risk_share,low,somewhat_intimate,prior,0.78
057300f2-d772-5efe-891d-cf81eb337e10,wedding,4,low_risk_share,low,somewhat_intimate,posterior,1.0
057300f2-d772-5efe-891d-cf81eb337e10,social,5,low_risk_share,high,max_formal,prior,0.6
057300f2-d772-5efe-891d-cf81eb337e10,social,5,low_risk_share,high,max_formal,posterior,0.23
057300f2-d772-5efe-891d-cf81eb337e10,basketball,6,low_risk_share,high,max_intimate,prior,1.0
057300f2-d772-5efe-891d-cf81eb337e10,basketball,6,low_risk_share,high,max_intimate,posterior,0.87
057300f2-d772-5efe-891d-cf81eb337e10,hike,7,no_share,low,somewhat_intimate,prior,0.84
057300f2-d772-5efe-891d-cf81eb337e10,hike,7,no_share,low,somewhat_intimate,posterior,0.41
057300f2-d772-5efe-891d-cf81eb337e10,takeout,8,no_share,low,max_formal,prior,0.77
057300f2-d772-5efe-891d-cf81eb337e10,takeout,8,no_share,low,max_formal,posterior,0.33
057300f2-d772-5efe-891d-cf81eb337e10,gala,9,no_share,high,max_intimate,prior,1.0
057300f2-d772-5efe-891d-cf81eb337e10,gala,9,no_share,high,max_intimate,posterior,0.58
057300f2-d772-5efe-891d-cf81eb337e10,fair,10,high_risk_share,low,somewhat_intimate,prior,0.84
057300f2-d772-5efe-891d-cf81eb337e10,fair,10,high_risk_share,low,somewhat_intimate,posterior,0.39
057300f2-d772-5efe-891d-cf81eb337e10,drinks,11,low_risk_share,high,somewhat_formal,prior,0.32
057300f2-d772-5efe-891d-cf81eb337e10,drinks,11,low_risk_share,high,somewhat_formal,posterior,0.63
057300f2-d772-5efe-891d-cf81eb337e10,birthday,12,no_share,high,somewhat_intimate,prior,0.75
057300f2-d772-5efe-891d-cf81eb337e10,birthday,12,no_share,high,somewhat_intimate,posterior,0.36
057300f2-d772-5efe-891d-cf81eb337e10,cooking,13,high_risk_share,low,max_intimate,prior,1.0
057300f2-d772-5efe-891d-cf81eb337e10,cooking,13,high_risk_share,low,max_intimate,posterior,1.0
057300f2-d772-5efe-891d-cf81eb337e10,dip,14,no_share,high,somewhat_formal,prior,0.79
057300f2-d772-5efe-891d-cf81eb337e10,dip,14,no_share,high,somewhat_formal,posterior,0.58
057300f2-d772-5efe-891d-cf81eb337e10,driving,15,high_risk_share,low,max_formal,prior,0.39
057300f2-d772-5efe-891d-cf81eb337e10,driving,15,high_risk_share,low,max_formal,posterior,0.04
1b441c5e-5bd1-500d-8ffd-addd835aa775,takeout,0,low_risk_share,low,somewhat_formal,prior,1.0
1b441c5e-5bd1-500d-8ffd-addd835aa775,takeout,0,low_risk_share,low,somewhat_formal,posterior,1.0
1b441c5e-5bd1-500d-8ffd-addd835aa775,soup,1,high_risk_share,low,somewhat_intimate,prior,0.77
1b441c5e-5bd1-500d-8ffd-addd835aa775,soup,1,high_risk_share,low,somewhat_intimate,posterior,0.94
1b441c5e-5bd1-500d-8ffd-addd835aa775,apples,2,low_risk_share,high,max_intimate,prior,1.0
1b441c5e-5bd1-500d-8ffd-addd835aa775,apples,2,low_risk_share,high,max_intimate,posterior,0.98
1b441c5e-5bd1-500d-8ffd-addd835aa775,brunch,3,high_risk_share,high,somewhat_formal,prior,0.21
1b441c5e-5bd1-500d-8ffd-addd835aa775,brunch,3,high_risk_share,high,somewhat_formal,posterior,0.79
1b441c5e-5bd1-500d-8ffd-addd835aa775,fair,4,no_share,low,max_formal,prior,0.53
1b441c5e-5bd1-500d-8ffd-addd835aa775,fair,4,no_share,low,max_formal,posterior,0.08
1b441c5e-5bd1-500d-8ffd-addd835aa775,basketball,5,no_share,high,max_formal,prior,0.12
1b441c5e-5bd1-500d-8ffd-addd835aa775,basketball,5,no_share,high,max_formal,posterior,0.0
1b441c5e-5bd1-500d-8ffd-addd835aa775,hike,6,high_risk_share,high,max_formal,prior,0.28
1b441c5e-5bd1-500d-8ffd-addd835aa775,hike,6,high_risk_share,high,max_formal,posterior,0.96
1b441c5e-5bd1-500d-8ffd-addd835aa775,gala,7,low_risk_share,low,max_formal,prior,0.02
1b441c5e-5bd1-500d-8ffd-addd835aa775,gala,7,low_risk_share,low,max_formal,posterior,0.39
1b441c5e-5bd1-500d-8ffd-addd835aa775,cooking,8,low_risk_share,high,somewhat_formal,prior,0.59
1b441c5e-5bd1-500d-8ffd-addd835aa775,cooking,8,low_risk_share,high,somewhat_formal,posterior,0.97
1b441c5e-5bd1-500d-8ffd-addd835aa775,drinks,9,low_risk_share,low,max_intimate,prior,0.98
1b441c5e-5bd1-500d-8ffd-addd835aa775,drinks,9,low_risk_share,low,max_intimate,posterior,0.61
1b441c5e-5bd1-500d-8ffd-addd835aa775,dip,10,high_risk_share,low,somewhat_formal,prior,0.52
1b441c5e-5bd1-500d-8ffd-addd835aa775,dip,10,high_risk_share,low,somewhat_formal,posterior,0.56
1b441c5e-5bd1-500d-8ffd-addd835aa775,driving,11,no_share,low,somewhat_intimate,prior,0.75
1b441c5e-5bd1-500d-8ffd-addd835aa775,driving,11,no_share,low,somewhat_intimate,posterior,0.03
1b441c5e-5bd1-500d-8ffd-addd835aa775,birthday,12,low_risk_share,high,somewhat_intimate,prior,0.72
1b441c5e-5bd1-500d-8ffd-addd835aa775,birthday,12,low_risk_share,high,somewhat_intimate,posterior,0.15
1b441c5e-5bd1-500d-8ffd-addd835aa775,wedding,13,no_share,high,max_intimate,prior,0.82
1b441c5e-5bd1-500d-8ffd-addd835aa775,wedding,13,no_share,high,max_intimate,posterior,0.03
1b441c5e-5bd1-500d-8ffd-addd835aa775,social,14,high_risk_share,high,somewhat_intimate,prior,0.51
1b441c5e-5bd1-500d-8ffd-addd835aa775,social,14,high_risk_share,high,somewhat_intimate,posterior,0.98
1b441c5e-5bd1-500d-8ffd-addd835aa775,oysters,15,no_share,low,max_intimate,prior,0.81
1b441c5e-5bd1-500d-8ffd-addd835aa775,oysters,15,no_share,low,max_intimate,posterior,0.04
c07349bf-58d1-5344-83ef-e8181e39541d,cooking,0,no_share,low,max_intimate,prior,0.93
c07349bf-58d1-5344-83ef-e8181e39541d,cooking,0,no_share,low,max_intimate,posterior,0.87
c07349bf-58d1-5344-83ef-e8181e39541d,soup,1,high_risk_share,low,somewhat_intimate,prior,0.23
c07349bf-58d1-5344-83ef-e8181e39541d,soup,1,high_risk_share,low,somewhat_intimate,posterior,0.77
c07349bf-58d1-5344-83ef-e8181e39541d,gala,2,high_risk_share,high,somewhat_intimate,prior,0.25
c07349bf-58d1-5344-83ef-e8181e39541d,gala,2,high_risk_share,high,somewhat_intimate,posterior,0.35
c07349bf-58d1-5344-83ef-e8181e39541d,fair,3,no_share,high,max_formal,prior,0.69
c07349bf-58d1-5344-83ef-e8181e39541d,fair,3,no_share,high,max_formal,posterior,0.52
c07349bf-58d1-5344-83ef-e8181e39541d,oysters,4,low_risk_share,low,max_intimate,prior,0.64
c07349bf-58d1-5344-83ef-e8181e39541d,oysters,4,low_risk_share,low,max_intimate,posterior,0.77
c07349bf-58d1-5344-83ef-e8181e39541d,apples,5,no_share,high,max_intimate,prior,0.39
c07349bf-58d1-5344-83ef-e8181e39541d,apples,5,no_share,high,max_intimate,posterior,0.4
c07349bf-58d1-5344-83ef-e8181e39541d,birthday,6,low_risk_share,high,somewhat_intimate,prior,0.74
c07349bf-58d1-5344-83ef-e8181e39541d,birthday,6,low_risk_share,high,somewhat_intimate,posterior,0.83
c07349bf-58d1-5344-83ef-e8181e39541d,drinks,7,no_share,low,somewhat_intimate,prior,0.79
c07349bf-58d1-5344-83ef-e8181e39541d,drinks,7,no_share,low,somewhat_intimate,posterior,0.21
c07349bf-58d1-5344-83ef-e8181e39541d,wedding,8,low_risk_share,high,somewhat_formal,prior,0.57
c07349bf-58d1-5344-83ef-e8181e39541d,wedding,8,low_risk_share,high,somewhat_formal,posterior,0.83
c07349bf-58d1-5344-83ef-e8181e39541d,dip,9,high_risk_share,high,somewhat_formal,prior,0.76
c07349bf-58d1-5344-83ef-e8181e39541d,dip,9,high_risk_share,high,somewhat_formal,posterior,0.9
c07349bf-58d1-5344-83ef-e8181e39541d,driving,10,no_share,low,max_formal,prior,0.69
c07349bf-58d1-5344-83ef-e8181e39541d,driving,10,no_share,low,max_formal,posterior,0.37
c07349bf-58d1-5344-83ef-e8181e39541d,basketball,11,high_risk_share,low,somewhat_formal,prior,0.37
c07349bf-58d1-5344-83ef-e8181e39541d,basketball,11,high_risk_share,low,somewhat_formal,posterior,0.74
c07349bf-58d1-5344-83ef-e8181e39541d,social,12,low_risk_share,low,max_formal,prior,0.4
c07349bf-58d1-5344-83ef-e8181e39541d,social,12,low_risk_share,low,max_formal,posterior,0.83
c07349bf-58d1-5344-83ef-e8181e39541d,takeout,13,high_risk_share,high,max_formal,prior,0.68
c07349bf-58d1-5344-83ef-e8181e39541d,takeout,13,high_risk_share,high,max_formal,posterior,0.92
c07349bf-58d1-5344-83ef-e8181e39541d,hike,14,low_risk_share,low,somewhat_formal,prior,0.77
c07349bf-58d1-5344-83ef-e8181e39541d,hike,14,low_risk_share,low,somewhat_formal,posterior,0.81
c07349bf-58d1-5344-83ef-e8181e39541d,brunch,15,low_risk_share,high,max_intimate,prior,0.36
c07349bf-58d1-5344-83ef-e8181e39541d,brunch,15,low_risk_share,high,max_intimate,posterior,0.76
b577a3e9-b471-503d-9f5f-acb322da6c2c,social,0,low_risk_share,low,max_intimate,prior,0.7
b577a3e9-b471-503d-9f5f-acb322da6c2c,social,0,low_risk_share,low,max_intimate,posterior,0.78
b577a3e9-b471-503d-9f5f-acb322da6c2c,gala,1,no_share,high,somewhat_formal,prior,0.53
b577a3e9-b471-503d-9f5f-acb322da6c2c,gala,1,no_share,high,somewhat_formal,posterior,0.5
b577a3e9-b471-503d-9f5f-acb322da6c2c,basketball,2,no_share,low,max_intimate,prior,0.74
b577a3e9-b471-503d-9f5f-acb322da6c2c,basketball,2,no_share,low,max_intimate,posterior,0.67
b577a3e9-b471-503d-9f5f-acb322da6c2c,apples,3,high_risk_share,high,somewhat_intimate,prior,0.56
b577a3e9-b471-503d-9f5f-acb322da6c2c,apples,3,high_risk_share,high,somewhat_intimate,posterior,0.72
b577a3e9-b471-503d-9f5f-acb322da6c2c,takeout,4,high_risk_share,low,max_formal,prior,0.72
b577a3e9-b471-503d-9f5f-acb322da6c2c,takeout,4,high_risk_share,low,max_formal,posterior,0.61
b577a3e9-b471-503d-9f5f-acb322da6c2c,soup,5,no_share,low,somewhat_formal,prior,0.31
b577a3e9-b471-503d-9f5f-acb322da6c2c,soup,5,no_share,low,somewhat_formal,posterior,0.18
b577a3e9-b471-503d-9f5f-acb322da6c2c,drinks,6,high_risk_share,high,max_formal,prior,0.42
b577a3e9-b471-503d-9f5f-acb322da6c2c,drinks,6,high_risk_share,high,max_formal,posterior,0.64
b577a3e9-b471-503d-9f5f-acb322da6c2c,hike,7,low_risk_share,high,max_formal,prior,0.6
b577a3e9-b471-503d-9f5f-acb322da6c2c,hike,7,low_risk_share,high,max_formal,posterior,0.79
b577a3e9-b471-503d-9f5f-acb322da6c2c,driving,8,no_share,high,max_formal,prior,0.62
b577a3e9-b471-503d-9f5f-acb322da6c2c,driving,8,no_share,high,max_formal,posterior,0.26
b577a3e9-b471-503d-9f5f-acb322da6c2c,brunch,9,low_risk_share,low,somewhat_intimate,prior,0.89
b577a3e9-b471-503d-9f5f-acb322da6c2c,brunch,9,low_risk_share,low,somewhat_intimate,posterior,0.82
b577a3e9-b471-503d-9f5f-acb322da6c2c,cooking,10,no_share,high,somewhat_intimate,prior,0.9
b577a3e9-b471-503d-9f5f-acb322da6c2c,cooking,10,no_share,high,somewhat_intimate,posterior,0.51
b577a3e9-b471-503d-9f5f-acb322da6c2c,birthday,11,high_risk_share,low,max_intimate,prior,0.93
b577a3e9-b471-503d-9f5f-acb322da6c2c,birthday,11,high_risk_share,low,max_intimate,posterior,0.97
b577a3e9-b471-503d-9f5f-acb322da6c2c,wedding,12,low_risk_share,high,somewhat_intimate,prior,0.55
b577a3e9-b471-503d-9f5f-acb322da6c2c,wedding,12,low_risk_share,high,somewhat_intimate,posterior,0.55
b577a3e9-b471-503d-9f5f-acb322da6c2c,fair,13,high_risk_share,low,somewhat_formal,prior,0.71
b577a3e9-b471-503d-9f5f-acb322da6c2c,fair,13,high_risk_share,low,somewhat_formal,posterior,0.78
b577a3e9-b471-503d-9f5f-acb322da6c2c,oysters,14,low_risk_share,low,somewhat_formal,prior,0.17
b577a3e9-b471-503d-9f5f-acb322da6c2c,oysters,14,low_risk_share,low,somewhat_formal,posterior,0.67
b577a3e9-b471-503d-9f5f-acb322da6c2c,dip,15,high_risk_share,high,max_intimate,prior,0.88
b577a3e9-b471-503d-9f5f-acb322da6c2c,dip,15,high_risk_share,high,max_intimate,posterior,1.0
5e2c47f5-36b7-599f-9a48-6fb50195fd11,hike,0,high_risk_share,high,somewhat_formal,prior,0.27
5e2c47f5-36b7-599f-9a48-6fb50195fd11,hike,0,high_risk_share,high,somewhat_formal,posterior,0.55
5e2c47f5-36b7-599f-9a48-6fb50195fd11,birthday,1,low_risk_share,high,max_intimate,prior,0.68
5e2c47f5-36b7-599f-9a48-6fb50195fd11,birthday,1,low_risk_share,high,max_intimate,posterior,0.31
5e2c47f5-36b7-599f-9a48-6fb50195fd11,basketball,2,no_share,low,max_formal,prior,0.52
5e2c47f5-36b7-599f-9a48-6fb50195fd11,basketball,2,no_share,low,max_formal,posterior,0.79
5e2c47f5-36b7-599f-9a48-6fb50195fd11,cooking,3,low_risk_share,low,max_formal,prior,0.33
5e2c47f5-36b7-599f-9a48-6fb50195fd11,cooking,3,low_risk_share,low,max_formal,posterior,0.8
5e2c47f5-36b7-599f-9a48-6fb50195fd11,brunch,4,no_share,high,max_formal,prior,0.8
5e2c47f5-36b7-599f-9a48-6fb50195fd11,brunch,4,no_share,high,max_formal,posterior,0.07
5e2c47f5-36b7-599f-9a48-6fb50195fd11,dip,5,high_risk_share,low,somewhat_formal,prior,0.92
5e2c47f5-36b7-599f-9a48-6fb50195fd11,dip,5,high_risk_share,low,somewhat_formal,posterior,0.05
5e2c47f5-36b7-599f-9a48-6fb50195fd11,drinks,6,high_risk_share,high,somewhat_intimate,prior,0.92
5e2c47f5-36b7-599f-9a48-6fb50195fd11,drinks,6,high_risk_share,high,somewhat_intimate,posterior,0.37
5e2c47f5-36b7-599f-9a48-6fb50195fd11,takeout,7,low_risk_share,low,somewhat_formal,prior,0.54
5e2c47f5-36b7-599f-9a48-6fb50195fd11,takeout,7,low_risk_share,low,somewhat_formal,posterior,0.85
5e2c47f5-36b7-599f-9a48-6fb50195fd11,social,8,low_risk_share,high,somewhat_intimate,prior,0.53
5e2c47f5-36b7-599f-9a48-6fb50195fd11,social,8,low_risk_share,high,somewhat_intimate,posterior,0.95
5e2c47f5-36b7-599f-9a48-6fb50195fd11,fair,9,low_risk_share,low,max_intimate,prior,0.14
5e2c47f5-36b7-599f-9a48-6fb50195fd11,fair,9,low_risk_share,low,max_intimate,posterior,0.67
5e2c47f5-36b7-599f-9a48-6fb50195fd11,driving,10,high_risk_share,low,somewhat_intimate,prior,0.45
5e2c47f5-36b7-599f-9a48-6fb50195fd11,driving,10,high_risk_share,low,somewhat_intimate,posterior,0.6
5e2c47f5-36b7-599f-9a48-6fb50195fd11,gala,11,no_share,low,somewhat_intimate,prior,1.0
5e2c47f5-36b7-599f-9a48-6fb50195fd11,gala,11,no_share,low,somewhat_intimate,posterior,0.01
5e2c47f5-36b7-599f-9a48-6fb50195fd11,oysters,12,no_share,high,max_intimate,prior,0.71
5e2c47f5-36b7-599f-9a48-6fb50195fd11,oysters,12,no_share,high,max_intimate,posterior,0.2
5e2c47f5-36b7-599f-9a48-6fb50195fd11,apples,13,no_share,low,max_intimate,prior,0.83
5e2c47f5-36b7-599f-9a48-6fb50195fd11,apples,13,no_share,low,max_intimate,posterior,0.24
5e2c47f5-36b7-599f-9a48-6fb50195fd11,soup,14,high_risk_share,high,max_formal,prior,0.01
5e2c47f5-36b7-599f-9a48-6fb50195fd11,soup,14,high_risk_share,high,max_formal,posterior,0.98
5e2c47f5-36b7-599f-9a48-6fb50195fd11,wedding,15,low_risk_share,high,somewhat_formal,prior,0.45
5e2c47f5-36b7-599f-9a48-6fb50195fd11,wedding,15,low_risk_share,high,somewhat_formal,posterior,0.59
742a9bb7-157c-516c-978e-1ef352e68f85,driving,0,no_share,low,somewhat_intimate,prior,0.69
742a9bb7-157c-516c-978e-1ef352e68f85,driving,0,no_share,low,somewhat_intimate,posterior,0.76
742a9bb7-157c-516c-978e-1ef352e68f85,gala,1,low_risk_share,high,somewhat_formal,prior,0.9
742a9bb7-157c-516c-978e-1ef352e68f85,gala,1,low_risk_share,high,somewhat_formal,posterior,0.76
742a9bb7-157c-516c-978e-1ef352e68f85,basketball,2,low_risk_share,high,max_intimate,prior,0.82
742a9bb7-157c-516c-978e-1ef352e68f85,basketball,2,low_risk_share,high,max_intimate,posterior,0.92
742a9bb7-157c-516c-978e-1ef352e68f85,wedding,3,high_risk_share,low,max_formal,prior,0.4
742a9bb7-157c-516c-978e-1ef352e68f85,wedding,3,high_risk_share,low,max_formal,posterior,0.9
742a9bb7-157c-516c-978e-1ef352e68f85,brunch,4,high_risk_share,high,somewhat_formal,prior,0.81
742a9bb7-157c-516c-978e-1ef352e68f85,brunch,4,high_risk_share,high,somewhat_formal,posterior,0.88
742a9bb7-157c-516c-978e-1ef352e68f85,apples,5,no_share,high,max_intimate,prior,0.53
742a9bb7-157c-516c-978e-1ef352e68f85,apples,5,no_share,high,max_intimate,posterior,0.76
742a9bb7-157c-516c-978e-1ef352e68f85,fair,6,high_risk_share,high,max_intimate,prior,1.0
742a9bb7-157c-516c-978e-1ef352e68f85,fair,6,high_risk_share,high,max_intimate,posterior,1.0
742a9bb7-157c-516c-978e-1ef352e68f85,oysters,7,low_risk_share,high,max_formal,prior,0.79
742a9bb7-157c-516c-978e-1ef352e68f85,oysters,7,low_risk_share,high,max_formal,posterior,0.91
742a9bb7-157c-516c-978e-1ef352e68f85,takeout,8,high_risk_share,low,max_intimate,prior,0.65
742a9bb7-157c-516c-978e-1ef352e68f85,takeout,8,high_risk_share,low,max_intimate,posterior,0.98
742a9bb7-157c-516c-978e-1ef352e68f85,dip,9,no_share,low,somewhat_formal,prior,0.85
742a9bb7-157c-516c-978e-1ef352e68f85,dip,9,no_share,low,somewhat_formal,posterior,0.45
742a9bb7-157c-516c-978e-1ef352e68f85,hike,10,low_risk_share,low,somewhat_intimate,prior,0.77
742a9bb7-157c-516c-978e-1ef352e68f85,hike,10,low_risk_share,low,somewhat_intimate,posterior,0.74
742a9bb7-157c-516c-978e-1ef352e68f85,cooking,11,no_share,high,somewhat_intimate,prior,0.71
742a9bb7-157c-516c-978e-1ef352e68f85,cooking,11,no_share,high,somewhat_intimate,posterior,0.85
742a9bb7-157c-516c-978e-1ef352e68f85,soup,12,no_share,low,max_formal,prior,0.52
742a9bb7-157c-516c-978e-1ef352e68f85,soup,12,no_share,low,max_formal,posterior,0.31
742a9bb7-157c-516c-978e-1ef352e68f85,birthday,13,low_risk_share,low,max_formal,prior,0.97
742a9bb7-157c-516c-978e-1ef352e68f85,birthday,13,low_risk_share,low,max_formal,posterior,0.99
742a9bb7-157c-516c-978e-1ef352e68f85,social,14,high_risk_share,low,somewhat_intimate,prior,0.78
742a9bb7-157c-516c-978e-1ef352e68f85,social,14,high_risk_share,low,somewhat_intimate,posterior,1.0
742a9bb7-157c-516c-978e-1ef352e68f85,drinks,15,no_share,high,somewhat_formal,prior,0.82
742a9bb7-157c-516c-978e-1ef352e68f85,drinks,15,no_share,high,somewhat_formal,posterior,0.48
f8c6aad3-529b-547f-afbe-517f50d185ae,drinks,0,no_share,low,max_intimate,prior,0.79
f8c6aad3-529b-547f-afbe-517f50d185ae,drinks,0,no_share,low,max_intimate,posterior,0.99
f8c6aad3-529b-547f-afbe-517f50d185ae,gala,1,no_share,high,somewhat_intimate,prior,0.99
f8c6aad3-529b-547f-afbe-517f50d185ae,gala,1,no_share,high,somewhat_intimate,posterior,0.96
f8c6aad3-529b-547f-afbe-517f50d185ae,soup,2,no_share,high,max_formal,prior,0.98
f8c6aad3-529b-547f-afbe-517f50d185ae,soup,2,no_share,high,max_formal,posterior,0.94
f8c6aad3-529b-547f-afbe-517f50d185ae,social,3,no_share,high,somewhat_formal,prior,1.0
f8c6aad3-529b-547f-afbe-517f50d185ae,social,3,no_share,high,somewhat_formal,posterior,0.95
f8c6aad3-529b-547f-afbe-517f50d185ae,fair,4,low_risk_share,low,somewhat_formal,prior,1.0
f8c6aad3-529b-547f-afbe-517f50d185ae,fair,4,low_risk_share,low,somewhat_formal,posterior,0.98
f8c6aad3-529b-547f-afbe-517f50d185ae,birthday,5,high_risk_share,low,somewhat_formal,prior,0.98
f8c6aad3-529b-547f-afbe-517f50d185ae,birthday,5,high_risk_share,low,somewhat_formal,posterior,0.99
f8c6aad3-529b-547f-afbe-517f50d185ae,apples,6,low_risk_share,high,somewhat_intimate,prior,0.99
f8c6aad3-529b-547f-afbe-517f50d185ae,apples,6,low_risk_share,high,somewhat_intimate,posterior,1.0
f8c6aad3-529b-547f-afbe-517f50d185ae,oysters,7,high_risk_share,high,somewhat_intimate,prior,0.99
f8c6aad3-529b-547f-afbe-517f50d185ae,oysters,7,high_risk_share,high,somewhat_intimate,posterior,0.99
f8c6aad3-529b-547f-afbe-517f50d185ae,basketball,8,low_risk_share,low,max_intimate,prior,0.97
f8c6aad3-529b-547f-afbe-517f50d185ae,basketball,8,low_risk_share,low,max_intimate,posterior,0.97
f8c6aad3-529b-547f-afbe-517f50d185ae,takeout,9,high_risk_share,low,max_intimate,prior,0.98
f8c6aad3-529b-547f-afbe-517f50d185ae,takeout,9,high_risk_share,low,max_intimate,posterior,0.42
f8c6aad3-529b-547f-afbe-517f50d185ae,driving,10,high_risk_share,low,max_formal,prior,0.98
f8c6aad3-529b-547f-afbe-517f50d185ae,driving,10,high_risk_share,low,max_formal,posterior,1.0
f8c6aad3-529b-547f-afbe-517f50d185ae,cooking,11,high_risk_share,high,max_intimate,prior,0.99
f8c6aad3-529b-547f-afbe-517f50d185ae,cooking,11,high_risk_share,high,max_intimate,posterior,0.88
f8c6aad3-529b-547f-afbe-517f50d185ae,dip,12,no_share,low,somewhat_formal,prior,1.0
f8c6aad3-529b-547f-afbe-517f50d185ae,dip,12,no_share,low,somewhat_formal,posterior,0.98
f8c6aad3-529b-547f-afbe-517f50d185ae,hike,13,high_risk_share,high,max_formal,prior,0.98
f8c6aad3-529b-547f-afbe-517f50d185ae,hike,13,high_risk_share,high,max_formal,posterior,0.97
f8c6aad3-529b-547f-afbe-517f50d185ae,brunch,14,low_risk_share,low,somewhat_intimate,prior,0.97
f8c6aad3-529b-547f-afbe-517f50d185ae,brunch,14,low_risk_share,low,somewhat_intimate,posterior,0.99
f8c6aad3-529b-547f-afbe-517f50d185ae,wedding,15,low_risk_share,high,max_formal,prior,0.94
f8c6aad3-529b-547f-afbe-517f50d185ae,wedding,15,low_risk_share,high,max_formal,posterior,0.94
605d56b5-4be8-5d06-9d80-ea00eecd15b5,driving,0,no_share,high,somewhat_intimate,prior,0.36
605d56b5-4be8-5d06-9d80-ea00eecd15b5,driving,0,no_share,high,somewhat_intimate,posterior,0.35
605d56b5-4be8-5d06-9d80-ea00eecd15b5,dip,1,high_risk_share,low,somewhat_formal,prior,1.0
605d56b5-4be8-5d06-9d80-ea00eecd15b5,dip,1,high_risk_share,low,somewhat_formal,posterior,1.0
605d56b5-4be8-5d06-9d80-ea00eecd15b5,oysters,2,high_risk_share,high,max_formal,prior,0.74
605d56b5-4be8-5d06-9d80-ea00eecd15b5,oysters,2,high_risk_share,high,max_formal,posterior,1.0
605d56b5-4be8-5d06-9d80-ea00eecd15b5,gala,3,low_risk_share,high,max_formal,prior,0.6
605d56b5-4be8-5d06-9d80-ea00eecd15b5,gala,3,low_risk_share,high,max_formal,posterior,0.99
605d56b5-4be8-5d06-9d80-ea00eecd15b5,brunch,4,low_risk_share,low,somewhat_intimate,prior,0.92
605d56b5-4be8-5d06-9d80-ea00eecd15b5,brunch,4,low_risk_share,low,somewhat_intimate,posterior,1.0
605d56b5-4be8-5d06-9d80-ea00eecd15b5,cooking,5,high_risk_share,high,somewhat_intimate,prior,0.62
605d56b5-4be8-5d06-9d80-ea00eecd15b5,cooking,5,high_risk_share,high,somewhat_intimate,posterior,1.0
605d56b5-4be8-5d06-9d80-ea00eecd15b5,soup,6,low_risk_share,low,max_intimate,prior,0.75
605d56b5-4be8-5d06-9d80-ea00eecd15b5,soup,6,low_risk_share,low,max_intimate,posterior,1.0
605d56b5-4be8-5d06-9d80-ea00eecd15b5,fair,7,no_share,high,somewhat_formal,prior,0.71
605d56b5-4be8-5d06-9d80-ea00eecd15b5,fair,7,no_share,high,somewhat_formal,posterior,0.51
605d56b5-4be8-5d06-9d80-ea00eecd15b5,wedding,8,high_risk_share,high,max_intimate,prior,0.64
605d56b5-4be8-5d06-9d80-ea00eecd15b5,wedding,8,high_risk_share,high,max_intimate,posterior,1.0
605d56b5-4be8-5d06-9d80-ea00eecd15b5,hike,9,low_risk_share,low,somewhat_formal,prior,0.62
605d56b5-4be8-5d06-9d80-ea00eecd15b5,hike,9,low_risk_share,low,somewhat_formal,posterior,0.68
605d56b5-4be8-5d06-9d80-ea00eecd15b5,takeout,10,high_risk_share,low,max_intimate,prior,0.8
605d56b5-4be8-5d06-9d80-ea00eecd15b5,takeout,10,high_risk_share,low,max_intimate,posterior,1.0
605d56b5-4be8-5d06-9d80-ea00eecd15b5,basketball,11,no_share,low,somewhat_formal,prior,0.77
605d56b5-4be8-5d06-9d80-ea00eecd15b5,basketball,11,no_share,low,somewhat_formal,posterior,0.21
605d56b5-4be8-5d06-9d80-ea00eecd15b5,social,12,low_risk_share,high,somewhat_intimate,prior,0.67
605d56b5-4be8-5d06-9d80-ea00eecd15b5,social,12,low_risk_share,high,somewhat_intimate,posterior,1.0
605d56b5-4be8-5d06-9d80-ea00eecd15b5,birthday,13,no_share,high,max_formal,prior,0.79
605d56b5-4be8-5d06-9d80-ea00eecd15b5,birthday,13,no_share,high,max_formal,posterior,0.52
605d56b5-4be8-5d06-9d80-ea00eecd15b5,apples,14,high_risk_share,low,max_formal,prior,0.8
605d56b5-4be8-5d06-9d80-ea00eecd15b5,apples,14,high_risk_share,low,max_formal,posterior,1.0
605d56b5-4be8-5d06-9d80-ea00eecd15b5,drinks,15,no_share,low,max_intimate,prior,0.01
605d56b5-4be8-5d06-9d80-ea00eecd15b5,drinks,15,no_share,low,max_intimate,posterior,0.0
95297205-cf0c-5708-ba2f-f34e7c4c0952,cooking,0,low_risk_share,high,somewhat_intimate,prior,0.73
95297205-cf0c-5708-ba2f-f34e7c4c0952,cooking,0,low_risk_share,high,somewhat_intimate,posterior,1.0
95297205-cf0c-5708-ba2f-f34e7c4c0952,wedding,1,high_risk_share,high,max_intimate,prior,0.75
95297205-cf0c-5708-ba2f-f34e7c4c0952,wedding,1,high_risk_share,high,max_intimate,posterior,1.0
95297205-cf0c-5708-ba2f-f34e7c4c0952,drinks,2,low_risk_share,high,max_formal,prior,0.23
95297205-cf0c-5708-ba2f-f34e7c4c0952,drinks,2,low_risk_share,high,max_formal,posterior,0.8
95297205-cf0c-5708-ba2f-f34e7c4c0952,gala,3,no_share,low,max_intimate,prior,1.0
95297205-cf0c-5708-ba2f-f34e7c4c0952,gala,3,no_share,low,max_intimate,posterior,0.0
95297205-cf0c-5708-ba2f-f34e7c4c0952,takeout,4,high_risk_share,low,somewhat_formal,prior,1.0
95297205-cf0c-5708-ba2f-f34e7c4c0952,takeout,4,high_risk_share,low,somewhat_formal,posterior,1.0
95297205-cf0c-5708-ba2f-f34e7c4c0952,social,5,no_share,high,max_formal,prior,0.23
95297205-cf0c-5708-ba2f-f34e7c4c0952,social,5,no_share,high,max_formal,posterior,0.0
95297205-cf0c-5708-ba2f-f34e7c4c0952,fair,6,low_risk_share,low,somewhat_formal,prior,1.0
95297205-cf0c-5708-ba2f-f34e7c4c0952,fair,6,low_risk_share,low,somewhat_formal,posterior,1.0
95297205-cf0c-5708-ba2f-f34e7c4c0952,hike,7,high_risk_share,low,max_formal,prior,0.78
95297205-cf0c-5708-ba2f-f34e7c4c0952,hike,7,high_risk_share,low,max_formal,posterior,1.0
95297205-cf0c-5708-ba2f-f34e7c4c0952,apples,8,low_risk_share,low,max_intimate,prior,1.0
95297205-cf0c-5708-ba2f-f34e7c4c0952,apples,8,low_risk_share,low,max_intimate,posterior,1.0
95297205-cf0c-5708-ba2f-f34e7c4c0952,soup,9,high_risk_share,low,max_intimate,prior,1.0
95297205-cf0c-5708-ba2f-f34e7c4c0952,soup,9,high_risk_share,low,max_intimate,posterior,1.0
95297205-cf0c-5708-ba2f-f34e7c4c0952,basketball,10,low_risk_share,low,somewhat_intimate,prior,1.0
95297205-cf0c-5708-ba2f-f34e7c4c0952,basketball,10,low_risk_share,low,somewhat_intimate,posterior,1.0
95297205-cf0c-5708-ba2f-f34e7c4c0952,birthday,11,no_share,low,somewhat_formal,prior,1.0
95297205-cf0c-5708-ba2f-f34e7c4c0952,birthday,11,no_share,low,somewhat_formal,posterior,0.0
95297205-cf0c-5708-ba2f-f34e7c4c0952,driving,12,no_share,high,somewhat_intimate,prior,0.5
95297205-cf0c-5708-ba2f-f34e7c4c0952,driving,12,no_share,high,somewhat_intimate,posterior,0.5
95297205-cf0c-5708-ba2f-f34e7c4c0952,brunch,13,no_share,high,somewhat_formal,prior,0.76
95297205-cf0c-5708-ba2f-f34e7c4c0952,brunch,13,no_share,high,somewhat_formal,posterior,0.0
95297205-cf0c-5708-ba2f-f34e7c4c0952,oysters,14,high_risk_share,high,somewhat_intimate,prior,0.75
95297205-cf0c-5708-ba2f-f34e7c4c0952,oysters,14,high_risk_share,high,somewhat_intimate,posterior,1.0
95297205-cf0c-5708-ba2f-f34e7c4c0952,dip,15,high_risk_share,high,max_formal,prior,1.0
95297205-cf0c-5708-ba2f-f34e7c4c0952,dip,15,high_risk_share,high,max_formal,posterior,1.0
1ff67748-5d3f-56c7-9aa0-a0df0731761c,drinks,0,high_risk_share,high,somewhat_intimate,prior,0.67
1ff67748-5d3f-56c7-9aa0-a0df0731761c,drinks,0,high_risk_share,high,somewhat_intimate,posterior,0.94
1ff67748-5d3f-56c7-9aa0-a0df0731761c,brunch,1,no_share,low,somewhat_intimate,prior,0.75
1ff67748-5d3f-56c7-9aa0-a0df0731761c,brunch,1,no_share,low,somewhat_intimate,posterior,0.43
1ff67748-5d3f-56c7-9aa0-a0df0731761c,birthday,2,no_share,low,max_formal,prior,0.41
1ff67748-5d3f-56c7-9aa0-a0df0731761c,birthday,2,no_share,low,max_formal,posterior,0.19
1ff67748-5d3f-56c7-9aa0-a0df0731761c,cooking,3,high_risk_share,high,max_formal,prior,0.6
1ff67748-5d3f-56c7-9aa0-a0df0731761c,cooking,3,high_risk_share,high,max_formal,posterior,0.81
1ff67748-5d3f-56c7-9aa0-a0df0731761c,driving,4,no_share,high,max_intimate,prior,0.06
1ff67748-5d3f-56c7-9aa0-a0df0731761c,driving,4,no_share,high,max_intimate,posterior,0.48
1ff67748-5d3f-56c7-9aa0-a0df0731761c,social,5,high_risk_share,high,somewhat_formal,prior,0.24
1ff67748-5d3f-56c7-9aa0-a0df0731761c,social,5,high_risk_share,high,somewhat_formal,posterior,0.66
1ff67748-5d3f-56c7-9aa0-a0df0731761c,fair,6,low_risk_share,low,somewhat_formal,prior,0.81
1ff67748-5d3f-56c7-9aa0-a0df0731761c,fair,6,low_risk_share,low,somewhat_formal,posterior,0.8
1ff67748-5d3f-56c7-9aa0-a0df0731761c,soup,7,no_share,low,max_intimate,prior,0.73
1ff67748-5d3f-56c7-9aa0-a0df0731761c,soup,7,no_share,low,max_intimate,posterior,0.29
1ff67748-5d3f-56c7-9aa0-a0df0731761c,hike,8,no_share,high,max_formal,prior,0.81
1ff67748-5d3f-56c7-9aa0-a0df0731761c,hike,8,no_share,high,max_formal,posterior,0.28
1ff67748-5d3f-56c7-9aa0-a0df0731761c,dip,9,low_risk_share,high,somewhat_formal,prior,0.63
1ff67748-5d3f-56c7-9aa0-a0df0731761c,dip,9,low_risk_share,high,somewhat_formal,posterior,0.64
1ff67748-5d3f-56c7-9aa0-a0df0731761c,basketball,10,low_risk_share,low,max_intimate,prior,0.81
1ff67748-5d3f-56c7-9aa0-a0df0731761c,basketball,10,low_risk_share,low,max_intimate,posterior,0.85
1ff67748-5d3f-56c7-9aa0-a0df0731761c,oysters,11,low_risk_share,high,max_intimate,prior,0.24
1ff67748-5d3f-56c7-9aa0-a0df0731761c,oysters,11,low_risk_share,high,max_intimate,posterior,0.8
1ff67748-5d3f-56c7-9aa0-a0df0731761c,apples,12,low_risk_share,high,somewhat_intimate,prior,0.75
1ff67748-5d3f-56c7-9aa0-a0df0731761c,apples,12,low_risk_share,high,somewhat_intimate,posterior,0.61
1ff67748-5d3f-56c7-9aa0-a0df0731761c,takeout,13,low_risk_share,low,max_formal,prior,0.18
1ff67748-5d3f-56c7-9aa0-a0df0731761c,takeout,13,low_risk_share,low,max_formal,posterior,0.71
1ff67748-5d3f-56c7-9aa0-a0df0731761c,gala,14,high_risk_share,low,somewhat_formal,prior,0.74
1ff67748-5d3f-56c7-9aa0-a0df0731761c,gala,14,high_risk_share,low,somewhat_formal,posterior,0.88
1ff67748-5d3f-56c7-9aa0-a0df0731761c,wedding,15,high_risk_share,low,somewhat_intimate,prior,0.75
1ff67748-5d3f-56c7-9aa0-a0df0731761c,wedding,15,high_risk_share,low,somewhat_intimate,posterior,0.87
b7ad6236-e6f2-5425-bc4f-5406554fccb4,social,0,low_risk_share,high,somewhat_intimate,prior,0.2
b7ad6236-e6f2-5425-bc4f-5406554fccb4,social,0,low_risk_share,high,somewhat_intimate,posterior,0.87
b7ad6236-e6f2-5425-bc4f-5406554fccb4,brunch,1,high_risk_share,low,max_formal,prior,0.75
b7ad6236-e6f2-5425-bc4f-5406554fccb4,brunch,1,high_risk_share,low,max_formal,posterior,0.95
b7ad6236-e6f2-5425-bc4f-5406554fccb4,driving,2,no_share,low,max_intimate,prior,0.37
b7ad6236-e6f2-5425-bc4f-5406554fccb4,driving,2,no_share,low,max_intimate,posterior,0.17
b7ad6236-e6f2-5425-bc4f-5406554fccb4,dip,3,high_risk_share,low,somewhat_formal,prior,0.67
b7ad6236-e6f2-5425-bc4f-5406554fccb4,dip,3,high_risk_share,low,somewhat_formal,posterior,0.9
b7ad6236-e6f2-5425-bc4f-5406554fccb4,drinks,4,no_share,high,somewhat_formal,prior,0.37
b7ad6236-e6f2-5425-bc4f-5406554fccb4,drinks,4,no_share,high,somewhat_formal,posterior,0.2
b7ad6236-e6f2-5425-bc4f-5406554fccb4,apples,5,no_share,low,somewhat_formal,prior,0.86
b7ad6236-e6f2-5425-bc4f-5406554fccb4,apples,5,no_share,low,somewhat_formal,posterior,0.57
b7ad6236-e6f2-5425-bc4f-5406554fccb4,wedding,6,low_risk_share,low,max_intimate,prior,0.89
b7ad6236-e6f2-5425-bc4f-5406554fccb4,wedding,6,low_risk_share,low,max_intimate,posterior,0.89
b7ad6236-e6f2-5425-bc4f-5406554fccb4,cooking,7,low_risk_share,high,max_formal,prior,0.36
b7ad6236-e6f2-5425-bc4f-5406554fccb4,cooking,7,low_risk_share,high,max_formal,posterior,0.86
b7ad6236-e6f2-5425-bc4f-5406554fccb4,hike,8,no_share,high,somewhat_intimate,prior,0.34
b7ad6236-e6f2-5425-bc4f-5406554fccb4,hike,8,no_share,high,somewhat_intimate,posterior,0.18
b7ad6236-e6f2-5425-bc4f-5406554fccb4,birthday,9,low_risk_share,low,somewhat_formal,prior,0.28
b7ad6236-e6f2-5425-bc4f-5406554fccb4,birthday,9,low_risk_share,low,somewhat_formal,posterior,1.0
b7ad6236-e6f2-5425-bc4f-5406554fccb4,fair,10,high_risk_share,high,max_intimate,prior,0.32
b7ad6236-e6f2-5425-bc4f-5406554fccb4,fair,10,high_risk_share,high,max_intimate,posterior,0.81
b7ad6236-e6f2-5425-bc4f-5406554fccb4,takeout,11,low_risk_share,low,somewhat_intimate,prior,0.68
b7ad6236-e6f2-5425-bc4f-5406554fccb4,takeout,11,low_risk_share,low,somewhat_intimate,posterior,0.78
b7ad6236-e6f2-5425-bc4f-5406554fccb4,soup,12,high_risk_share,high,somewhat_intimate,prior,0.25
b7ad6236-e6f2-5425-bc4f-5406554fccb4,soup,12,high_risk_share,high,somewhat_intimate,posterior,0.9
b7ad6236-e6f2-5425-bc4f-5406554fccb4,gala,13,high_risk_share,high,max_formal,prior,0.74
b7ad6236-e6f2-5425-bc4f-5406554fccb4,gala,13,high_risk_share,high,max_formal,posterior,0.78
b7ad6236-e6f2-5425-bc4f-5406554fccb4,oysters,14,high_risk_share,low,max_intimate,prior,1.0
b7ad6236-e6f2-5425-bc4f-5406554fccb4,oysters,14,high_risk_share,low,max_intimate,posterior,1.0
b7ad6236-e6f2-5425-bc4f-5406554fccb4,basketball,15,no_share,high,max_formal,prior,0.72
b7ad6236-e6f2-5425-bc4f-5406554fccb4,basketball,15,no_share,high,max_formal,posterior,0.04
996eb5c8-0104-5f41-be23-b9ff6749ac31,dip,0,low_risk_share,high,somewhat_formal,prior,0.84
996eb5c8-0104-5f41-be23-b9ff6749ac31,dip,0,low_risk_share,high,somewhat_formal,posterior,0.95
996eb5c8-0104-5f41-be23-b9ff6749ac31,driving,1,no_share,low,somewhat_formal,prior,0.89
996eb5c8-0104-5f41-be23-b9ff6749ac31,driving,1,no_share,low,somewhat_formal,posterior,0.85
996eb5c8-0104-5f41-be23-b9ff6749ac31,soup,2,no_share,high,max_intimate,prior,1.0
996eb5c8-0104-5f41-be23-b9ff6749ac31,soup,2,no_share,high,max_intimate,posterior,0.98
996eb5c8-0104-5f41-be23-b9ff6749ac31,gala,3,high_risk_share,low,somewhat_intimate,prior,0.94
996eb5c8-0104-5f41-be23-b9ff6749ac31,gala,3,high_risk_share,low,somewhat_intimate,posterior,0.94
996eb5c8-0104-5f41-be23-b9ff6749ac31,social,4,no_share,low,max_formal,prior,0.93
996eb5c8-0104-5f41-be23-b9ff6749ac31,social,4,no_share,low,max_formal,posterior,0.94
996eb5c8-0104-5f41-be23-b9ff6749ac31,fair,5,high_risk_share,low,max_formal,prior,0.98
996eb5c8-0104-5f41-be23-b9ff6749ac31,fair,5,high_risk_share,low,max_formal,posterior,0.92
996eb5c8-0104-5f41-be23-b9ff6749ac31,drinks,6,low_risk_share,low,max_formal,prior,0.9
996eb5c8-0104-5f41-be23-b9ff6749ac31,drinks,6,low_risk_share,low,max_formal,posterior,0.87
996eb5c8-0104-5f41-be23-b9ff6749ac31,hike,7,low_risk_share,high,max_intimate,prior,0.6
996eb5c8-0104-5f41-be23-b9ff6749ac31,hike,7,low_risk_share,high,max_intimate,posterior,0.62
996eb5c8-0104-5f41-be23-b9ff6749ac31,apples,8,low_risk_share,high,max_formal,prior,0.89
996eb5c8-0104-5f41-be23-b9ff6749ac31,apples,8,low_risk_share,high,max_formal,posterior,0.91
996eb5c8-0104-5f41-be23-b9ff6749ac31,brunch,9,no_share,high,somewhat_formal,prior,0.88
996eb5c8-0104-5f41-be23-b9ff6749ac31,brunch,9,no_share,high,somewhat_formal,posterior,0.36
996eb5c8-0104-5f41-be23-b9ff6749ac31,basketball,10,no_share,high,somewhat_intimate,prior,0.63
996eb5c8-0104-5f41-be23-b9ff6749ac31,basketball,10,no_share,high,somewhat_intimate,posterior,0.72
996eb5c8-0104-5f41-be23-b9ff6749ac31,oysters,11,no_share,low,somewhat_intimate,prior,0.91
996eb5c8-0104-5f41-be23-b9ff6749ac31,oysters,11,no_share,low,somewhat_intimate,posterior,0.83
996eb5c8-0104-5f41-be23-b9ff6749ac31,takeout,12,high_risk_share,low,max_intimate,prior,0.88
996eb5c8-0104-5f41-be23-b9ff6749ac31,takeout,12,high_risk_share,low,max_intimate,posterior,0.69
996eb5c8-0104-5f41-be23-b9ff6749ac31,birthday,13,high_risk_share,high,somewhat_formal,prior,0.37
996eb5c8-0104-5f41-be23-b9ff6749ac31,birthday,13,high_risk_share,high,somewhat_formal,posterior,0.33
996eb5c8-0104-5f41-be23-b9ff6749ac31,wedding,14,high_risk_share,high,max_intimate,prior,0.91
996eb5c8-0104-5f41-be23-b9ff6749ac31,wedding,14,high_risk_share,high,max_intimate,posterior,0.42
996eb5c8-0104-5f41-be23-b9ff6749ac31,cooking,15,low_risk_share,low,somewhat_intimate,prior,0.89
996eb5c8-0104-5f41-be23-b9ff6749ac31,cooking,15,low_risk_share,low,somewhat_intimate,posterior,0.87
1b0fcad0-8a55-55ef-9437-8343aef82385,soup,0,no_share,high,max_intimate,prior,1.0
1b0fcad0-8a55-55ef-9437-8343aef82385,soup,0,no_share,high,max_intimate,posterior,1.0
1b0fcad0-8a55-55ef-9437-8343aef82385,takeout,1,high_risk_share,low,somewhat_formal,prior,0.89
1b0fcad0-8a55-55ef-9437-8343aef82385,takeout,1,high_risk_share,low,somewhat_formal,posterior,0.29
1b0fcad0-8a55-55ef-9437-8343aef82385,fair,2,high_risk_share,high,max_formal,prior,0.19
1b0fcad0-8a55-55ef-9437-8343aef82385,fair,2,high_risk_share,high,max_formal,posterior,0.2
1b0fcad0-8a55-55ef-9437-8343aef82385,basketball,3,no_share,low,max_formal,prior,0.96
1b0fcad0-8a55-55ef-9437-8343aef82385,basketball,3,no_share,low,max_formal,posterior,0.25
1b0fcad0-8a55-55ef-9437-8343aef82385,brunch,4,no_share,high,max_formal,prior,0.91
1b0fcad0-8a55-55ef-9437-8343aef82385,brunch,4,no_share,high,max_formal,posterior,0.93
1b0fcad0-8a55-55ef-9437-8343aef82385,birthday,5,low_risk_share,low,somewhat_formal,prior,0.9
1b0fcad0-8a55-55ef-9437-8343aef82385,birthday,5,low_risk_share,low,somewhat_formal,posterior,0.99
1b0fcad0-8a55-55ef-9437-8343aef82385,gala,6,low_risk_share,high,somewhat_intimate,prior,0.97
1b0fcad0-8a55-55ef-9437-8343aef82385,gala,6,low_risk_share,high,somewhat_intimate,posterior,0.96
1b0fcad0-8a55-55ef-9437-8343aef82385,hike,7,low_risk_share,low,max_intimate,prior,0.95
1b0fcad0-8a55-55ef-9437-8343aef82385,hike,7,low_risk_share,low,max_intimate,posterior,0.99
1b0fcad0-8a55-55ef-9437-8343aef82385,social,8,no_share,low,somewhat_intimate,prior,0.88
1b0fcad0-8a55-55ef-9437-8343aef82385,social,8,no_share,low,somewhat_intimate,posterior,0.97
1b0fcad0-8a55-55ef-9437-8343aef82385,apples,9,high_risk_share,high,somewhat_formal,prior,0.9
1b0fcad0-8a55-55ef-9437-8343aef82385,apples,9,high_risk_share,high,somewhat_formal,posterior,0.11
1b0fcad0-8a55-55ef-9437-8343aef82385,cooking,10,low_risk_share,high,max_intimate,prior,0.91
1b0fcad0-8a55-55ef-9437-8343aef82385,cooking,10,low_risk_share,high,max_intimate,posterior,1.0
1b0fcad0-8a55-55ef-9437-8343aef82385,drinks,11,low_risk_share,low,max_formal,prior,0.88
1b0fcad0-8a55-55ef-9437-8343aef82385,drinks,11,low_risk_share,low,max_formal,posterior,1.0
1b0fcad0-8a55-55ef-9437-8343aef82385,driving,12,no_share,low,max_intimate,prior,1.0
1b0fcad0-8a55-55ef-9437-8343aef82385,driving,12,no_share,low,max_intimate,posterior,0.68
1b0fcad0-8a55-55ef-9437-8343aef82385,oysters,13,high_risk_share,low,somewhat_intimate,prior,1.0
1b0fcad0-8a55-55ef-9437-8343aef82385,oysters,13,high_risk_share,low,somewhat_intimate,posterior,0.28
1b0fcad0-8a55-55ef-9437-8343aef82385,dip,14,low_risk_share,high,somewhat_formal,prior,0.86
1b0fcad0-8a55-55ef-9437-8343aef82385,dip,14,low_risk_share,high,somewhat_formal,posterior,1.0
1b0fcad0-8a55-55ef-9437-8343aef82385,wedding,15,high_risk_share,high,somewhat_intimate,prior,1.0
1b0fcad0-8a55-55ef-9437-8343aef82385,wedding,15,high_risk_share,high,somewhat_intimate,posterior,0.95
42333d01-85d1-5ddc-a082-9d070025f306,birthday,0,low_risk_share,high,max_intimate,prior,0.99
42333d01-85d1-5ddc-a082-9d070025f306,birthday,0,low_risk_share,high,max_intimate,posterior,0.96
42333d01-85d1-5ddc-a082-9d070025f306,social,1,low_risk_share,low,somewhat_intimate,prior,0.87
42333d01-85d1-5ddc-a082-9d070025f306,social,1,low_risk_share,low,somewhat_intimate,posterior,0.99
42333d01-85d1-5ddc-a082-9d070025f306,hike,2,no_share,low,max_formal,prior,0.53
42333d01-85d1-5ddc-a082-9d070025f306,hike,2,no_share,low,max_formal,posterior,0.4
42333d01-85d1-5ddc-a082-9d070025f306,driving,3,high_risk_share,low,somewhat_intimate,prior,0.59
42333d01-85d1-5ddc-a082-9d070025f306,driving,3,high_risk_share,low,somewhat_intimate,posterior,0.79
42333d01-85d1-5ddc-a082-9d070025f306,brunch,4,high_risk_share,high,max_intimate,prior,0.76
42333d01-85d1-5ddc-a082-9d070025f306,brunch,4,high_risk_share,high,max_intimate,posterior,0.97
42333d01-85d1-5ddc-a082-9d070025f306,drinks,5,no_share,low,somewhat_intimate,prior,0.37
42333d01-85d1-5ddc-a082-9d070025f306,drinks,5,no_share,low,somewhat_intimate,posterior,0.06
42333d01-85d1-5ddc-a082-9d070025f306,oysters,6,high_risk_share,low,max_formal,prior,0.73
42333d01-85d1-5ddc-a082-9d070025f306,oysters,6,high_risk_share,low,max_formal,posterior,0.69
42333d01-85d1-5ddc-a082-9d070025f306,apples,7,low_risk_share,high,max_formal,prior,0.64
42333d01-85d1-5ddc-a082-9d070025f306,apples,7,low_risk_share,high,max_formal,posterior,0.91
42333d01-85d1-5ddc-a082-9d070025f306,gala,8,no_share,high,somewhat_intimate,prior,0.67
42333d01-85d1-5ddc-a082-9d070025f306,gala,8,no_share,high,somewhat_intimate,posterior,0.37
42333d01-85d1-5ddc-a082-9d070025f306,soup,9,high_risk_share,high,somewhat_formal,prior,0.62
42333d01-85d1-5ddc-a082-9d070025f306,soup,9,high_risk_share,high,somewhat_formal,posterior,0.98
42333d01-85d1-5ddc-a082-9d070025f306,basketball,10,low_risk_share,low,max_formal,prior,0.85
42333d01-85d1-5ddc-a082-9d070025f306,basketball,10,low_risk_share,low,max_formal,posterior,0.88
42333d01-85d1-5ddc-a082-9d070025f306,cooking,11,low_risk_share,high,somewhat_formal,prior,0.85
42333d01-85d1-5ddc-a082-9d070025f306,cooking,11,low_risk_share,high,somewhat_formal,posterior,0.97
42333d01-85d1-5ddc-a082-9d070025f306,takeout,12,no_share,high,max_intimate,prior,0.73
42333d01-85d1-5ddc-a082-9d070025f306,takeout,12,no_share,high,max_intimate,posterior,0.03
42333d01-85d1-5ddc-a082-9d070025f306,fair,13,no_share,low,somewhat_formal,prior,0.97
42333d01-85d1-5ddc-a082-9d070025f306,fair,13,no_share,low,somewhat_formal,posterior,0.7
42333d01-85d1-5ddc-a082-9d070025f306,wedding,14,high_risk_share,low,max_intimate,prior,0.58
42333d01-85d1-5ddc-a082-9d070025f306,wedding,14,high_risk_share,low,max_intimate,posterior,0.94
42333d01-85d1-5ddc-a082-9d070025f306,dip,15,no_share,high,somewhat_formal,prior,0.86
42333d01-85d1-5ddc-a082-9d070025f306,dip,15,no_share,high,somewhat_formal,posterior,0.75
27ae2f40-5995-59e9-9a39-973ffd50de96,dip,0,high_risk_share,high,somewhat_intimate,prior,0.76
27ae2f40-5995-59e9-9a39-973ffd50de96,dip,0,high_risk_share,high,somewhat_intimate,posterior,0.77
27ae2f40-5995-59e9-9a39-973ffd50de96,basketball,1,no_share,high,max_intimate,prior,0.5
27ae2f40-5995-59e9-9a39-973ffd50de96,basketball,1,no_share,high,max_intimate,posterior,0.0
27ae2f40-5995-59e9-9a39-973ffd50de96,birthday,2,high_risk_share,low,somewhat_formal,prior,0.71
27ae2f40-5995-59e9-9a39-973ffd50de96,birthday,2,high_risk_share,low,somewhat_formal,posterior,1.0
27ae2f40-5995-59e9-9a39-973ffd50de96,driving,3,low_risk_share,low,somewhat_formal,prior,0.83
27ae2f40-5995-59e9-9a39-973ffd50de96,driving,3,low_risk_share,low,somewhat_formal,posterior,0.82
27ae2f40-5995-59e9-9a39-973ffd50de96,social,4,high_risk_share,high,somewhat_formal,prior,0.26
27ae2f40-5995-59e9-9a39-973ffd50de96,social,4,high_risk_share,high,somewhat_formal,posterior,0.76
27ae2f40-5995-59e9-9a39-973ffd50de96,gala,5,no_share,high,max_formal,prior,0.11
27ae2f40-5995-59e9-9a39-973ffd50de96,gala,5,no_share,high,max_formal,posterior,0.0
27ae2f40-5995-59e9-9a39-973ffd50de96,cooking,6,no_share,low,somewhat_intimate,prior,0.71
27ae2f40-5995-59e9-9a39-973ffd50de96,cooking,6,no_share,low,somewhat_intimate,posterior,0.25
27ae2f40-5995-59e9-9a39-973ffd50de96,apples,7,no_share,low,max_formal,prior,0.79
27ae2f40-5995-59e9-9a39-973ffd50de96,apples,7,no_share,low,max_formal,posterior,0.21
27ae2f40-5995-59e9-9a39-973ffd50de96,drinks,8,high_risk_share,low,somewhat_intimate,prior,0.81
27ae2f40-5995-59e9-9a39-973ffd50de96,drinks,8,high_risk_share,low,somewhat_intimate,posterior,1.0
27ae2f40-5995-59e9-9a39-973ffd50de96,wedding,9,low_risk_share,low,max_intimate,prior,0.99
27ae2f40-5995-59e9-9a39-973ffd50de96,wedding,9,low_risk_share,low,max_intimate,posterior,1.0
27ae2f40-5995-59e9-9a39-973ffd50de96,takeout,10,high_risk_share,high,max_formal,prior,0.83
27ae2f40-5995-59e9-9a39-973ffd50de96,takeout,10,high_risk_share,high,max_formal,posterior,0.98
27ae2f40-5995-59e9-9a39-973ffd50de96,brunch,11,low_risk_share,high,somewhat_formal,prior,0.71
27ae2f40-5995-59e9-9a39-973ffd50de96,brunch,11,low_risk_share,high,somewhat_formal,posterior,0.81
27ae2f40-5995-59e9-9a39-973ffd50de96,soup,12,no_share,low,max_intimate,prior,0.48
27ae2f40-5995-59e9-9a39-973ffd50de96,soup,12,no_share,low,max_intimate,posterior,0.0
27ae2f40-5995-59e9-9a39-973ffd50de96,oysters,13,low_risk_share,high,max_intimate,prior,0.77
27ae2f40-5995-59e9-9a39-973ffd50de96,oysters,13,low_risk_share,high,max_intimate,posterior,1.0
27ae2f40-5995-59e9-9a39-973ffd50de96,fair,14,low_risk_share,high,somewhat_intimate,prior,0.79
27ae2f40-5995-59e9-9a39-973ffd50de96,fair,14,low_risk_share,high,somewhat_intimate,posterior,0.94
27ae2f40-5995-59e9-9a39-973ffd50de96,hike,15,low_risk_share,low,max_formal,prior,0.88
27ae2f40-5995-59e9-9a39-973ffd50de96,hike,15,low_risk_share,low,max_formal,posterior,1.0
3dfe0711-acd4-523e-9a08-be800563bdb0,basketball,0,no_share,high,somewhat_intimate,prior,0.23
3dfe0711-acd4-523e-9a08-be800563bdb0,basketball,0,no_share,high,somewhat_intimate,posterior,0.17
3dfe0711-acd4-523e-9a08-be800563bdb0,drinks,1,low_risk_share,low,somewhat_intimate,prior,0.6
3dfe0711-acd4-523e-9a08-be800563bdb0,drinks,1,low_risk_share,low,somewhat_intimate,posterior,0.73
3dfe0711-acd4-523e-9a08-be800563bdb0,social,2,high_risk_share,high,somewhat_intimate,prior,0.7
3dfe0711-acd4-523e-9a08-be800563bdb0,social,2,high_risk_share,high,somewhat_intimate,posterior,0.94
3dfe0711-acd4-523e-9a08-be800563bdb0,cooking,3,no_share,high,somewhat_formal,prior,0.75
3dfe0711-acd4-523e-9a08-be800563bdb0,cooking,3,no_share,high,somewhat_formal,posterior,0.82
3dfe0711-acd4-523e-9a08-be800563bdb0,oysters,4,low_risk_share,low,max_intimate,prior,0.82
3dfe0711-acd4-523e-9a08-be800563bdb0,oysters,4,low_risk_share,low,max_intimate,posterior,0.9
3dfe0711-acd4-523e-9a08-be800563bdb0,birthday,5,low_risk_share,high,somewhat_intimate,prior,0.5
3dfe0711-acd4-523e-9a08-be800563bdb0,birthday,5,low_risk_share,high,somewhat_intimate,posterior,0.72
3dfe0711-acd4-523e-9a08-be800563bdb0,fair,6,low_risk_share,low,somewhat_formal,prior,0.21
3dfe0711-acd4-523e-9a08-be800563bdb0,fair,6,low_risk_share,low,somewhat_formal,posterior,0.97
3dfe0711-acd4-523e-9a08-be800563bdb0,dip,7,high_risk_share,low,max_intimate,prior,0.9
3dfe0711-acd4-523e-9a08-be800563bdb0,dip,7,high_risk_share,low,max_intimate,posterior,0.98
3dfe0711-acd4-523e-9a08-be800563bdb0,brunch,8,high_risk_share,low,somewhat_formal,prior,0.22
3dfe0711-acd4-523e-9a08-be800563bdb0,brunch,8,high_risk_share,low,somewhat_formal,posterior,0.8
3dfe0711-acd4-523e-9a08-be800563bdb0,takeout,9,high_risk_share,high,max_intimate,prior,0.88
3dfe0711-acd4-523e-9a08-be800563bdb0,takeout,9,high_risk_share,high,max_intimate,posterior,0.6
3dfe0711-acd4-523e-9a08-be800563bdb0,wedding,10,no_share,low,somewhat_formal,prior,0.8
3dfe0711-acd4-523e-9a08-be800563bdb0,wedding,10,no_share,low,somewhat_formal,posterior,0.77
3dfe0711-acd4-523e-9a08-be800563bdb0,gala,11,high_risk_share,low,max_formal,prior,0.04
3dfe0711-acd4-523e-9a08-be800563bdb0,gala,11,high_risk_share,low,max_formal,posterior,0.51
3dfe0711-acd4-523e-9a08-be800563bdb0,hike,12,high_risk_share,high,max_formal,prior,0.66
3dfe0711-acd4-523e-9a08-be800563bdb0,hike,12,high_risk_share,high,max_formal,posterior,0.91
3dfe0711-acd4-523e-9a08-be800563bdb0,driving,13,low_risk_share,high,max_formal,prior,0.49
3dfe0711-acd4-523e-9a08-be800563bdb0,driving,13,low_risk_share,high,max_formal,posterior,0.75
3dfe0711-acd4-523e-9a08-be800563bdb0,soup,14,no_share,high,max_formal,prior,0.0
3dfe0711-acd4-523e-9a08-be800563bdb0,soup,14,no_share,high,max_formal,posterior,0.0
3dfe0711-acd4-523e-9a08-be800563bdb0,apples,15,no_share,low,max_intimate,prior,0.88
3dfe0711-acd4-523e-9a08-be800563bdb0,apples,15,no_share,low,max_intimate,posterior,0.49
e97d2b56-72c7-5a1b-9714-146e4e9a50da,hike,0,low_risk_share,high,max_formal,prior,0.83
e97d2b56-72c7-5a1b-9714-146e4e9a50da,hike,0,low_risk_share,high,max_formal,posterior,0.81
e97d2b56-72c7-5a1b-9714-146e4e9a50da,driving,1,low_risk_share,low,somewhat_formal,prior,0.66
e97d2b56-72c7-5a1b-9714-146e4e9a50da,driving,1,low_risk_share,low,somewhat_formal,posterior,0.63
e97d2b56-72c7-5a1b-9714-146e4e9a50da,takeout,2,high_risk_share,low,somewhat_formal,prior,0.5
e97d2b56-72c7-5a1b-9714-146e4e9a50da,takeout,2,high_risk_share,low,somewhat_formal,posterior,0.93
e97d2b56-72c7-5a1b-9714-146e4e9a50da,basketball,3,no_share,low,max_intimate,prior,0.68
e97d2b56-72c7-5a1b-9714-146e4e9a50da,basketball,3,no_share,low,max_intimate,posterior,0.0
e97d2b56-72c7-5a1b-9714-146e4e9a50da,birthday,4,no_share,low,somewhat_formal,prior,0.39
e97d2b56-72c7-5a1b-9714-146e4e9a50da,birthday,4,no_share,low,somewhat_formal,posterior,0.0
e97d2b56-72c7-5a1b-9714-146e4e9a50da,drinks,5,low_risk_share,low,somewhat_intimate,prior,0.58
e97d2b56-72c7-5a1b-9714-146e4e9a50da,drinks,5,low_risk_share,low,somewhat_intimate,posterior,0.88
e97d2b56-72c7-5a1b-9714-146e4e9a50da,social,6,no_share,high,somewhat_intimate,prior,0.38
e97d2b56-72c7-5a1b-9714-146e4e9a50da,social,6,no_share,high,somewhat_intimate,posterior,0.2
e97d2b56-72c7-5a1b-9714-146e4e9a50da,cooking,7,high_risk_share,high,max_intimate,prior,0.96
e97d2b56-72c7-5a1b-9714-146e4e9a50da,cooking,7,high_risk_share,high,max_intimate,posterior,0.94
e97d2b56-72c7-5a1b-9714-146e4e9a50da,gala,8,low_risk_share,low,max_intimate,prior,0.5
e97d2b56-72c7-5a1b-9714-146e4e9a50da,gala,8,low_risk_share,low,max_intimate,posterior,0.59
e97d2b56-72c7-5a1b-9714-146e4e9a50da,dip,9,high_risk_share,high,max_formal,prior,0.56
e97d2b56-72c7-5a1b-9714-146e4e9a50da,dip,9,high_risk_share,high,max_formal,posterior,0.79
e97d2b56-72c7-5a1b-9714-146e4e9a50da,soup,10,high_risk_share,low,max_intimate,prior,0.73
e97d2b56-72c7-5a1b-9714-146e4e9a50da,soup,10,high_risk_share,low,max_intimate,posterior,0.75
e97d2b56-72c7-5a1b-9714-146e4e9a50da,apples,11,no_share,high,somewhat_formal,prior,0.5
e97d2b56-72c7-5a1b-9714-146e4e9a50da,apples,11,no_share,high,somewhat_formal,posterior,0.5
e97d2b56-72c7-5a1b-9714-146e4e9a50da,wedding,12,high_risk_share,high,somewhat_intimate,prior,0.64
e97d2b56-72c7-5a1b-9714-146e4e9a50da,wedding,12,high_risk_share,high,somewhat_intimate,posterior,0.68
e97d2b56-72c7-5a1b-9714-146e4e9a50da,brunch,13,no_share,high,max_formal,prior,0.5
e97d2b56-72c7-5a1b-9714-146e4e9a50da,brunch,13,no_share,high,max_formal,posterior,0.16
e97d2b56-72c7-5a1b-9714-146e4e9a50da,fair,14,low_risk_share,high,somewhat_intimate,prior,0.69
e97d2b56-72c7-5a1b-9714-146e4e9a50da,fair,14,low_risk_share,high,somewhat_intimate,posterior,0.62
e97d2b56-72c7-5a1b-9714-146e4e9a50da,oysters,15,high_risk_share,low,max_formal,prior,0.57
e97d2b56-72c7-5a1b-9714-146e4e9a50da,oysters,15,high_risk_share,low,max_formal,posterior,0.97
c20ec444-1501-5aaa-9062-f5679a949d0e,apples,0,high_risk_share,high,somewhat_formal,prior,0.82
c20ec444-1501-5aaa-9062-f5679a949d0e,apples,0,high_risk_share,high,somewhat_formal,posterior,1.0
c20ec444-1501-5aaa-9062-f5679a949d0e,hike,1,no_share,high,max_formal,prior,0.89
c20ec444-1501-5aaa-9062-f5679a949d0e,hike,1,no_share,high,max_formal,posterior,0.5
c20ec444-1501-5aaa-9062-f5679a949d0e,basketball,2,low_risk_share,low,max_intimate,prior,1.0
c20ec444-1501-5aaa-9062-f5679a949d0e,basketball,2,low_risk_share,low,max_intimate,posterior,1.0
c20ec444-1501-5aaa-9062-f5679a949d0e,driving,3,high_risk_share,low,somewhat_formal,prior,1.0
c20ec444-1501-5aaa-9062-f5679a949d0e,driving,3,high_risk_share,low,somewhat_formal,posterior,1.0
c20ec444-1501-5aaa-9062-f5679a949d0e,birthday,4,high_risk_share,high,max_formal,prior,0.76
c20ec444-1501-5aaa-9062-f5679a949d0e,birthday,4,high_risk_share,high,max_formal,posterior,0.73
c20ec444-1501-5aaa-9062-f5679a949d0e,drinks,5,low_risk_share,high,max_intimate,prior,0.5
c20ec444-1501-5aaa-9062-f5679a949d0e,drinks,5,low_risk_share,high,max_intimate,posterior,0.75
c20ec444-1501-5aaa-9062-f5679a949d0e,cooking,6,low_risk_share,high,somewhat_intimate,prior,1.0
c20ec444-1501-5aaa-9062-f5679a949d0e,cooking,6,low_risk_share,high,somewhat_intimate,posterior,1.0
c20ec444-1501-5aaa-9062-f5679a949d0e,takeout,7,low_risk_share,high,somewhat_formal,prior,0.92
c20ec444-1501-5aaa-9062-f5679a949d0e,takeout,7,low_risk_share,high,somewhat_formal,posterior,0.95
c20ec444-1501-5aaa-9062-f5679a949d0e,brunch,8,no_share,high,max_intimate,prior,0.5
c20ec444-1501-5aaa-9062-f5679a949d0e,brunch,8,no_share,high,max_intimate,posterior,0.0
c20ec444-1501-5aaa-9062-f5679a949d0e,wedding,9,no_share,low,somewhat_intimate,prior,1.0
c20ec444-1501-5aaa-9062-f5679a949d0e,wedding,9,no_share,low,somewhat_intimate,posterior,0.51
c20ec444-1501-5aaa-9062-f5679a949d0e,oysters,10,low_risk_share,low,max_formal,prior,1.0
c20ec444-1501-5aaa-9062-f5679a949d0e,oysters,10,low_risk_share,low,max_formal,posterior,1.0
c20ec444-1501-5aaa-9062-f5679a949d0e,dip,11,no_share,low,max_intimate,prior,1.0
c20ec444-1501-5aaa-9062-f5679a949d0e,dip,11,no_share,low,max_intimate,posterior,0.15
c20ec444-1501-5aaa-9062-f5679a949d0e,soup,12,high_risk_share,high,somewhat_intimate,prior,0.5
c20ec444-1501-5aaa-9062-f5679a949d0e,soup,12,high_risk_share,high,somewhat_intimate,posterior,1.0
c20ec444-1501-5aaa-9062-f5679a949d0e,fair,13,high_risk_share,low,somewhat_intimate,prior,1.0
c20ec444-1501-5aaa-9062-f5679a949d0e,fair,13,high_risk_share,low,somewhat_intimate,posterior,1.0
c20ec444-1501-5aaa-9062-f5679a949d0e,gala,14,no_share,low,max_formal,prior,0.23
c20ec444-1501-5aaa-9062-f5679a949d0e,gala,14,no_share,low,max_formal,posterior,0.0
c20ec444-1501-5aaa-9062-f5679a949d0e,social,15,low_risk_share,low,somewhat_formal,prior,0.24
c20ec444-1501-5aaa-9062-f5679a949d0e,social,15,low_risk_share,low,somewhat_formal,posterior,1.0
4bbda53d-5c12-5b20-8e18-ed722d3648cd,oysters,0,no_share,high,somewhat_formal,prior,0.7
4bbda53d-5c12-5b20-8e18-ed722d3648cd,oysters,0,no_share,high,somewhat_formal,posterior,0.82
4bbda53d-5c12-5b20-8e18-ed722d3648cd,soup,1,no_share,high,somewhat_intimate,prior,0.82
4bbda53d-5c12-5b20-8e18-ed722d3648cd,soup,1,no_share,high,somewhat_intimate,posterior,0.75
4bbda53d-5c12-5b20-8e18-ed722d3648cd,gala,2,high_risk_share,low,max_intimate,prior,0.8
4bbda53d-5c12-5b20-8e18-ed722d3648cd,gala,2,high_risk_share,low,max_intimate,posterior,0.93
4bbda53d-5c12-5b20-8e18-ed722d3648cd,basketball,3,high_risk_share,low,max_formal,prior,0.77
4bbda53d-5c12-5b20-8e18-ed722d3648cd,basketball,3,high_risk_share,low,max_formal,posterior,0.8
4bbda53d-5c12-5b20-8e18-ed722d3648cd,birthday,4,high_risk_share,high,somewhat_intimate,prior,0.86
4bbda53d-5c12-5b20-8e18-ed722d3648cd,birthday,4,high_risk_share,high,somewhat_intimate,posterior,0.76
4bbda53d-5c12-5b20-8e18-ed722d3648cd,hike,5,low_risk_share,high,max_formal,prior,0.72
4bbda53d-5c12-5b20-8e18-ed722d3648cd,hike,5,low_risk_share,high,max_formal,posterior,0.76
4bbda53d-5c12-5b20-8e18-ed722d3648cd,driving,6,no_share,low,max_intimate,prior,0.92
4bbda53d-5c12-5b20-8e18-ed722d3648cd,driving,6,no_share,low,max_intimate,posterior,0.75
4bbda53d-5c12-5b20-8e18-ed722d3648cd,apples,7,low_risk_share,low,somewhat_intimate,prior,0.78
4bbda53d-5c12-5b20-8e18-ed722d3648cd,apples,7,low_risk_share,low,somewhat_intimate,posterior,0.2
4bbda53d-5c12-5b20-8e18-ed722d3648cd,social,8,low_risk_share,low,somewhat_formal,prior,0.75
4bbda53d-5c12-5b20-8e18-ed722d3648cd,social,8,low_risk_share,low,somewhat_formal,posterior,0.71
4bbda53d-5c12-5b20-8e18-ed722d3648cd,wedding,9,no_share,low,somewhat_formal,prior,0.81
4bbda53d-5c12-5b20-8e18-ed722d3648cd,wedding,9,no_share,low,somewhat_formal,posterior,0.46
4bbda53d-5c12-5b20-8e18-ed722d3648cd,dip,10,high_risk_share,high,max_intimate,prior,0.57
4bbda53d-5c12-5b20-8e18-ed722d3648cd,dip,10,high_risk_share,high,max_intimate,posterior,0.85
4bbda53d-5c12-5b20-8e18-ed722d3648cd,cooking,11,low_risk_share,low,max_intimate,prior,0.52
4bbda53d-5c12-5b20-8e18-ed722d3648cd,cooking,11,low_risk_share,low,max_intimate,posterior,0.66
4bbda53d-5c12-5b20-8e18-ed722d3648cd,takeout,12,high_risk_share,high,max_formal,prior,0.56
4bbda53d-5c12-5b20-8e18-ed722d3648cd,takeout,12,high_risk_share,high,max_formal,posterior,0.81
4bbda53d-5c12-5b20-8e18-ed722d3648cd,drinks,13,low_risk_share,high,somewhat_intimate,prior,0.77
4bbda53d-5c12-5b20-8e18-ed722d3648cd,drinks,13,low_risk_share,high,somewhat_intimate,posterior,0.58
4bbda53d-5c12-5b20-8e18-ed722d3648cd,fair,14,high_risk_share,low,somewhat_formal,prior,0.61
4bbda53d-5c12-5b20-8e18-ed722d3648cd,fair,14,high_risk_share,low,somewhat_formal,posterior,0.68
4bbda53d-5c12-5b20-8e18-ed722d3648cd,brunch,15,no_share,high,max_formal,prior,0.64
4bbda53d-5c12-5b20-8e18-ed722d3648cd,brunch,15,no_share,high,max_formal,posterior,0.59
f94dfda0-ed5c-596e-adf9-d0b42ba49827,cooking,0,no_share,high,somewhat_intimate,prior,0.76
f94dfda0-ed5c-596e-adf9-d0b42ba49827,cooking,0,no_share,high,somewhat_intimate,posterior,0.73
f94dfda0-ed5c-596e-adf9-d0b42ba49827,oysters,1,low_risk_share,high,max_formal,prior,0.5
f94dfda0-ed5c-596e-adf9-d0b42ba49827,oysters,1,low_risk_share,high,max_formal,posterior,0.77
f94dfda0-ed5c-596e-adf9-d0b42ba49827,gala,2,low_risk_share,high,max_intimate,prior,0.75
f94dfda0-ed5c-596e-adf9-d0b42ba49827,gala,2,low_risk_share,high,max_intimate,posterior,1.0
f94dfda0-ed5c-596e-adf9-d0b42ba49827,wedding,3,low_risk_share,low,somewhat_intimate,prior,0.61
f94dfda0-ed5c-596e-adf9-d0b42ba49827,wedding,3,low_risk_share,low,somewhat_intimate,posterior,0.82
f94dfda0-ed5c-596e-adf9-d0b42ba49827,soup,4,high_risk_share,high,somewhat_formal,prior,0.54
f94dfda0-ed5c-596e-adf9-d0b42ba49827,soup,4,high_risk_share,high,somewhat_formal,posterior,0.56
f94dfda0-ed5c-596e-adf9-d0b42ba49827,hike,5,high_risk_share,low,max_intimate,prior,0.59
f94dfda0-ed5c-596e-adf9-d0b42ba49827,hike,5,high_risk_share,low,max_intimate,posterior,0.52
f94dfda0-ed5c-596e-adf9-d0b42ba49827,fair,6,low_risk_share,low,max_formal,prior,0.68
f94dfda0-ed5c-596e-adf9-d0b42ba49827,fair,6,low_risk_share,low,max_formal,posterior,0.76
f94dfda0-ed5c-596e-adf9-d0b42ba49827,takeout,7,low_risk_share,high,somewhat_formal,prior,0.54
f94dfda0-ed5c-596e-adf9-d0b42ba49827,takeout,7,low_risk_share,high,somewhat_formal,posterior,0.59
f94dfda0-ed5c-596e-adf9-d0b42ba49827,brunch,8,high_risk_share,low,somewhat_intimate,prior,0.74
f94dfda0-ed5c-596e-adf9-d0b42ba49827,brunch,8,high_risk_share,low,somewhat_intimate,posterior,0.77
f94dfda0-ed5c-596e-adf9-d0b42ba49827,drinks,9,no_share,high,somewhat_formal,prior,0.74
f94dfda0-ed5c-596e-adf9-d0b42ba49827,drinks,9,no_share,high,somewhat_formal,posterior,0.73
f94dfda0-ed5c-596e-adf9-d0b42ba49827,basketball,10,no_share,low,somewhat_intimate,prior,0.57
f94dfda0-ed5c-596e-adf9-d0b42ba49827,basketball,10,no_share,low,somewhat_intimate,posterior,0.0
f94dfda0-ed5c-596e-adf9-d0b42ba49827,social,11,no_share,low,max_formal,prior,0.52
f94dfda0-ed5c-596e-adf9-d0b42ba49827,social,11,no_share,low,max_formal,posterior,0.22
f94dfda0-ed5c-596e-adf9-d0b42ba49827,birthday,12,high_risk_share,high,max_intimate,prior,0.6
f94dfda0-ed5c-596e-adf9-d0b42ba49827,birthday,12,high_risk_share,high,max_intimate,posterior,0.76
f94dfda0-ed5c-596e-adf9-d0b42ba49827,apples,13,no_share,low,somewhat_formal,prior,0.73
f94dfda0-ed5c-596e-adf9-d0b42ba49827,apples,13,no_share,low,somewhat_formal,posterior,0.57
f94dfda0-ed5c-596e-adf9-d0b42ba49827,driving,14,no_share,high,max_intimate,prior,0.5
f94dfda0-ed5c-596e-adf9-d0b42ba49827,driving,14,no_share,high,max_intimate,posterior,0.26
f94dfda0-ed5c-596e-adf9-d0b42ba49827,dip,15,high_risk_share,low,max_formal,prior,0.57
f94dfda0-ed5c-596e-adf9-d0b42ba49827,dip,15,high_risk_share,low,max_formal,posterior,0.42
40bc88c3-0e92-5d8e-a59d-b48d31b338e7,driving,0,high_risk_share,high,somewhat_intimate,prior,0.83
40bc88c3-0e92-5d8e-a59d-b48d31b338e7,driving,0,high_risk_share,high,somewhat_intimate,posterior,0.87
40bc88c3-0e92-5d8e-a59d-b48d31b338e7,soup,1,low_risk_share,low,somewhat_intimate,prior,0.46
40bc88c3-0e92-5d8e-a59d-b48d31b338e7,soup,1,low_risk_share,low,somewhat_intimate,posterior,0.7
40bc88c3-0e92-5d8e-a59d-b48d31b338e7,wedding,2,low_risk_share,high,max_formal,prior,0.62
40bc88c3-0e92-5d8e-a59d-b48d31b338e7,wedding,2,low_risk_share,high,max_formal,posterior,0.89
40bc88c3-0e92-5d8e-a59d-b48d31b338e7,fair,3,no_share,high,somewhat_intimate,prior,0.69
40bc88c3-0e92-5d8e-a59d-b48d31b338e7,fair,3,no_share,high,somewhat_intimate,posterior,0.42
40bc88c3-0e92-5d8e-a59d-b48d31b338e7,takeout,4,low_risk_share,high,somewhat_intimate,prior,0.5
40bc88c3-0e92-5d8e-a59d-b48d31b338e7,takeout,4,low_risk_share,high,somewhat_intimate,posterior,0.77
40bc88c3-0e92-5d8e-a59d-b48d31b338e7,cooking,5,no_share,low,max_intimate,prior,0.73
40bc88c3-0e92-5d8e-a59d-b48d31b338e7,cooking,5,no_share,low,max_intimate,posterior,0.3
40bc88c3-0e92-5d8e-a59d-b48d31b338e7,social,6,high_risk_share,high,max_intimate,prior,0.78
40bc88c3-0e92-5d8e-a59d-b48d31b338e7,social,6,high_risk_share,high,max_intimate,posterior,0.8
40bc88c3-0e92-5d8e-a59d-b48d31b338e7,drinks,7,high_risk_share,low,max_intimate,prior,0.63
40bc88c3-0e92-5d8e-a59d-b48d31b338e7,drinks,7,high_risk_share,low,max_intimate,posterior,0.69
40bc88c3-0e92-5d8e-a59d-b48d31b338e7,gala,8,no_share,low,somewhat_formal,prior,0.44
40bc88c3-0e92-5d8e-a59d-b48d31b338e7,gala,8,no_share,low,somewhat_formal,posterior,0.4
40bc88c3-0e92-5d8e-a59d-b48d31b338e7,brunch,9,high_risk_share,high,max_formal,prior,0.67
40bc88c3-0e92-5d8e-a59d-b48d31b338e7,brunch,9,high_risk_share,high,max_formal,posterior,0.9
40bc88c3-0e92-5d8e-a59d-b48d31b338e7,basketball,10,high_risk_share,low,max_formal,prior,0.73
40bc88c3-0e92-5d8e-a59d-b48d31b338e7,basketball,10,high_risk_share,low,max_formal,posterior,1.0
40bc88c3-0e92-5d8e-a59d-b48d31b338e7,birthday,11,no_share,high,somewhat_formal,prior,0.79
40bc88c3-0e92-5d8e-a59d-b48d31b338e7,birthday,11,no_share,high,somewhat_formal,posterior,0.34
40bc88c3-0e92-5d8e-a59d-b48d31b338e7,dip,12,low_risk_share,low,somewhat_formal,prior,0.82
40bc88c3-0e92-5d8e-a59d-b48d31b338e7,dip,12,low_risk_share,low,somewhat_formal,posterior,0.83
40bc88c3-0e92-5d8e-a59d-b48d31b338e7,oysters,13,no_share,high,max_formal,prior,0.79
40bc88c3-0e92-5d8e-a59d-b48d31b338e7,oysters,13,no_share,high,max_formal,posterior,0.78
40bc88c3-0e92-5d8e-a59d-b48d31b338e7,apples,14,high_risk_share,low,somewhat_formal,prior,0.53
40bc88c3-0e92-5d8e-a59d-b48d31b338e7,apples,14,high_risk_share,low,somewhat_formal,posterior,0.87
40bc88c3-0e92-5d8e-a59d-b48d31b338e7,hike,15,low_risk_share,low,max_intimate,prior,0.87
40bc88c3-0e92-5d8e-a59d-b48d31b338e7,hike,15,low_risk_share,low,max_intimate,posterior,0.94
83c470b8-d7f9-5e5d-b7ed-690175da1b58,dip,0,no_share,high,somewhat_intimate,prior,0.58
83c470b8-d7f9-5e5d-b7ed-690175da1b58,dip,0,no_share,high,somewhat_intimate,posterior,0.19
83c470b8-d7f9-5e5d-b7ed-690175da1b58,social,1,no_share,low,max_intimate,prior,0.68
83c470b8-d7f9-5e5d-b7ed-690175da1b58,social,1,no_share,low,max_intimate,posterior,0.35
83c470b8-d7f9-5e5d-b7ed-690175da1b58,gala,2,high_risk_share,low,somewhat_formal,prior,0.5
83c470b8-d7f9-5e5d-b7ed-690175da1b58,gala,2,high_risk_share,low,somewhat_formal,posterior,0.73
83c470b8-d7f9-5e5d-b7ed-690175da1b58,driving,3,low_risk_share,low,somewhat_formal,prior,0.62
83c470b8-d7f9-5e5d-b7ed-690175da1b58,driving,3,low_risk_share,low,somewhat_formal,posterior,0.78
83c470b8-d7f9-5e5d-b7ed-690175da1b58,basketball,4,high_risk_share,high,somewhat_intimate,prior,0.5
83c470b8-d7f9-5e5d-b7ed-690175da1b58,basketball,4,high_risk_share,high,somewhat_intimate,posterior,0.81
83c470b8-d7f9-5e5d-b7ed-690175da1b58,takeout,5,high_risk_share,high,max_intimate,prior,0.53
83c470b8-d7f9-5e5d-b7ed-690175da1b58,takeout,5,high_risk_share,high,max_intimate,posterior,0.72
83c470b8-d7f9-5e5d-b7ed-690175da1b58,fair,6,no_share,high,max_formal,prior,0.66
83c470b8-d7f9-5e5d-b7ed-690175da1b58,fair,6,no_share,high,max_formal,posterior,0.5
83c470b8-d7f9-5e5d-b7ed-690175da1b58,wedding,7,high_risk_share,low,max_intimate,prior,0.72
83c470b8-d7f9-5e5d-b7ed-690175da1b58,wedding,7,high_risk_share,low,max_intimate,posterior,0.76
83c470b8-d7f9-5e5d-b7ed-690175da1b58,hike,8,low_risk_share,low,somewhat_intimate,prior,0.57
83c470b8-d7f9-5e5d-b7ed-690175da1b58,hike,8,low_risk_share,low,somewhat_intimate,posterior,0.65
83c470b8-d7f9-5e5d-b7ed-690175da1b58,cooking,9,low_risk_share,high,max_formal,prior,0.5
83c470b8-d7f9-5e5d-b7ed-690175da1b58,cooking,9,low_risk_share,high,max_formal,posterior,0.6
83c470b8-d7f9-5e5d-b7ed-690175da1b58,soup,10,low_risk_share,low,max_intimate,prior,0.55
83c470b8-d7f9-5e5d-b7ed-690175da1b58,soup,10,low_risk_share,low,max_intimate,posterior,0.69
83c470b8-d7f9-5e5d-b7ed-690175da1b58,drinks,11,no_share,high,somewhat_formal,prior,0.68
83c470b8-d7f9-5e5d-b7ed-690175da1b58,drinks,11,no_share,high,somewhat_formal,posterior,0.14
83c470b8-d7f9-5e5d-b7ed-690175da1b58,oysters,12,high_risk_share,high,max_formal,prior,0.63
83c470b8-d7f9-5e5d-b7ed-690175da1b58,oysters,12,high_risk_share,high,max_formal,posterior,0.81
83c470b8-d7f9-5e5d-b7ed-690175da1b58,birthday,13,no_share,low,somewhat_formal,prior,0.44
83c470b8-d7f9-5e5d-b7ed-690175da1b58,birthday,13,no_share,low,somewhat_formal,posterior,0.18
83c470b8-d7f9-5e5d-b7ed-690175da1b58,brunch,14,high_risk_share,low,max_formal,prior,0.5
83c470b8-d7f9-5e5d-b7ed-690175da1b58,brunch,14,high_risk_share,low,max_formal,posterior,0.68
83c470b8-d7f9-5e5d-b7ed-690175da1b58,apples,15,low_risk_share,high,somewhat_intimate,prior,0.5
83c470b8-d7f9-5e5d-b7ed-690175da1b58,apples,15,low_risk_share,high,somewhat_intimate,posterior,0.8
29b97a0d-7e3b-5722-8f0d-d4c9767ccb32,soup,0,low_risk_share,low,max_formal,prior,0.01
29b97a0d-7e3b-5722-8f0d-d4c9767ccb32,soup,0,low_risk_share,low,max_formal,posterior,0.95
29b97a0d-7e3b-5722-8f0d-d4c9767ccb32,dip,1,low_risk_share,high,somewhat_intimate,prior,0.59
29b97a0d-7e3b-5722-8f0d-d4c9767ccb32,dip,1,low_risk_share,high,somewhat_intimate,posterior,0.67
29b97a0d-7e3b-5722-8f0d-d4c9767ccb32,wedding,2,no_share,high,max_formal,prior,0.87
29b97a0d-7e3b-5722-8f0d-d4c9767ccb32,wedding,2,no_share,high,max_formal,posterior,0.18
29b97a0d-7e3b-5722-8f0d-d4c9767ccb32,birthday,3,high_risk_share,high,somewhat_intimate,prior,0.72
29b97a0d-7e3b-5722-8f0d-d4c9767ccb32,birthday,3,high_risk_share,high,somewhat_intimate,posterior,0.88
29b97a0d-7e3b-5722-8f0d-d4c9767ccb32,cooking,4,high_risk_share,low,somewhat_intimate,prior,0.88
29b97a0d-7e3b-5722-8f0d-d4c9767ccb32,cooking,4,high_risk_share,low,somewhat_intimate,posterior,0.93
29b97a0d-7e3b-5722-8f0d-d4c9767ccb32,basketball,5,high_risk_share,low,somewhat_formal,prior,0.53
29b97a0d-7e3b-5722-8f0d-d4c9767ccb32,basketball,5,high_risk_share,low,somewhat_formal,posterior,0.62
29b97a0d-7e3b-5722-8f0d-d4c9767ccb32,hike,6,no_share,high,max_intimate,prior,0.96
29b97a0d-7e3b-5722-8f0d-d4c9767ccb32,hike,6,no_share,high,max_intimate,posterior,0.38
29b97a0d-7e3b-5722-8f0d-d4c9767ccb32,social,7,high_risk_share,high,somewhat_formal,prior,0.52
29b97a0d-7e3b-5722-8f0d-d4c9767ccb32,social,7,high_risk_share,high,somewhat_formal,posterior,0.88
29b97a0d-7e3b-5722-8f0d-d4c9767ccb32,drinks,8,no_share,low,max_formal,prior,0.53
29b97a0d-7e3b-5722-8f0d-d4c9767ccb32,drinks,8,no_share,low,max_formal,posterior,0.33
29b97a0d-7e3b-5722-8f0d-d4c9767ccb32,gala,9,low_risk_share,low,max_intimate,prior,0.89
29b97a0d-7e3b-5722-8f0d-d4c9767ccb32,gala,9,low_risk_share,low,max_intimate,posterior,0.86
29b97a0d-7e3b-5722-8f0d-d4c9767ccb32,driving,10,low_risk_share,high,somewhat_formal,prior,0.26
29b97a0d-7e3b-5722-8f0d-d4c9767ccb32,driving,10,low_risk_share,high,somewhat_formal,posterior,0.77
29b97a0d-7e3b-5722-8f0d-d4c9767ccb32,fair,11,low_risk_share,low,somewhat_formal,prior,0.45
29b97a0d-7e3b-5722-8f0d-d4c9767ccb32,fair,11,low_risk_share,low,somewhat_formal,posterior,0.68
29b97a0d-7e3b-5722-8f0d-d4c9767ccb32,takeout,12,no_share,low,max_intimate,prior,0.57
29b97a0d-7e3b-5722-8f0d-d4c9767ccb32,takeout,12,no_share,low,max_intimate,posterior,0.38
29b97a0d-7e3b-5722-8f0d-d4c9767ccb32,oysters,13,high_risk_share,high,max_formal,prior,0.78
29b97a0d-7e3b-5722-8f0d-d4c9767ccb32,oysters,13,high_risk_share,high,max_formal,posterior,0.69
29b97a0d-7e3b-5722-8f0d-d4c9767ccb32,apples,14,low_risk_share,high,max_intimate,prior,0.42
29b97a0d-7e3b-5722-8f0d-d4c9767ccb32,apples,14,low_risk_share,high,max_intimate,posterior,0.82
29b97a0d-7e3b-5722-8f0d-d4c9767ccb32,brunch,15,no_share,low,somewhat_intimate,prior,0.43
29b97a0d-7e3b-5722-8f0d-d4c9767ccb32,brunch,15,no_share,low,somewhat_intimate,posterior,0.3
2d5ffc37-785f-5f6a-a822-5797b2984ff2,brunch,0,low_risk_share,high,somewhat_formal,prior,0.53
2d5ffc37-785f-5f6a-a822-5797b2984ff2,brunch,0,low_risk_share,high,somewhat_formal,posterior,0.77
2d5ffc37-785f-5f6a-a822-5797b2984ff2,drinks,1,high_risk_share,high,max_intimate,prior,0.73
2d5ffc37-785f-5f6a-a822-5797b2984ff2,drinks,1,high_risk_share,high,max_intimate,posterior,0.9
2d5ffc37-785f-5f6a-a822-5797b2984ff2,wedding,2,low_risk_share,high,max_intimate,prior,0.52
2d5ffc37-785f-5f6a-a822-5797b2984ff2,wedding,2,low_risk_share,high,max_intimate,posterior,0.78
2d5ffc37-785f-5f6a-a822-5797b2984ff2,cooking,3,high_risk_share,low,max_intimate,prior,0.54
2d5ffc37-785f-5f6a-a822-5797b2984ff2,cooking,3,high_risk_share,low,max_intimate,posterior,0.6
2d5ffc37-785f-5f6a-a822-5797b2984ff2,driving,4,no_share,high,somewhat_formal,prior,0.35
2d5ffc37-785f-5f6a-a822-5797b2984ff2,driving,4,no_share,high,somewhat_formal,posterior,0.24
2d5ffc37-785f-5f6a-a822-5797b2984ff2,gala,5,no_share,low,max_formal,prior,0.75
2d5ffc37-785f-5f6a-a822-5797b2984ff2,gala,5,no_share,low,max_formal,posterior,0.12
2d5ffc37-785f-5f6a-a822-5797b2984ff2,dip,6,high_risk_share,low,max_formal,prior,0.72
2d5ffc37-785f-5f6a-a822-5797b2984ff2,dip,6,high_risk_share,low,max_formal,posterior,0.76
2d5ffc37-785f-5f6a-a822-5797b2984ff2,takeout,7,no_share,low,somewhat_intimate,prior,0.74
2d5ffc37-785f-5f6a-a822-5797b2984ff2,takeout,7,no_share,low,somewhat_intimate,posterior,0.51
2d5ffc37-785f-5f6a-a822-5797b2984ff2,social,8,low_risk_share,high,max_formal,prior,0.68
2d5ffc37-785f-5f6a-a822-5797b2984ff2,social,8,low_risk_share,high,max_formal,posterior,0.71
2d5ffc37-785f-5f6a-a822-5797b2984ff2,hike,9,no_share,high,max_intimate,prior,0.54
2d5ffc37-785f-5f6a-a822-5797b2984ff2,hike,9,no_share,high,max_intimate,posterior,0.23
2d5ffc37-785f-5f6a-a822-5797b2984ff2,apples,10,low_risk_share,low,somewhat_intimate,prior,0.73
2d5ffc37-785f-5f6a-a822-5797b2984ff2,apples,10,low_risk_share,low,somewhat_intimate,posterior,0.87
2d5ffc37-785f-5f6a-a822-5797b2984ff2,oysters,11,high_risk_share,high,somewhat_formal,prior,0.79
2d5ffc37-785f-5f6a-a822-5797b2984ff2,oysters,11,high_risk_share,high,somewhat_formal,posterior,0.66
2d5ffc37-785f-5f6a-a822-5797b2984ff2,soup,12,high_risk_share,low,somewhat_intimate,prior,0.68
2d5ffc37-785f-5f6a-a822-5797b2984ff2,soup,12,high_risk_share,low,somewhat_intimate,posterior,0.77
2d5ffc37-785f-5f6a-a822-5797b2984ff2,basketball,13,low_risk_share,low,max_formal,prior,0.54
2d5ffc37-785f-5f6a-a822-5797b2984ff2,basketball,13,low_risk_share,low,max_formal,posterior,0.58
2d5ffc37-785f-5f6a-a822-5797b2984ff2,fair,14,no_share,high,somewhat_intimate,prior,0.71
2d5ffc37-785f-5f6a-a822-5797b2984ff2,fair,14,no_share,high,somewhat_intimate,posterior,0.52
2d5ffc37-785f-5f6a-a822-5797b2984ff2,birthday,15,no_share,low,somewhat_formal,prior,0.83
2d5ffc37-785f-5f6a-a822-5797b2984ff2,birthday,15,no_share,low,somewhat_formal,posterior,0.0
a534d212-014c-5c3d-9e0c-1782a181b740,drinks,0,low_risk_share,high,somewhat_intimate,prior,0.75
a534d212-014c-5c3d-9e0c-1782a181b740,drinks,0,low_risk_share,high,somewhat_intimate,posterior,1.0
a534d212-014c-5c3d-9e0c-1782a181b740,wedding,1,no_share,high,max_formal,prior,1.0
a534d212-014c-5c3d-9e0c-1782a181b740,wedding,1,no_share,high,max_formal,posterior,1.0
a534d212-014c-5c3d-9e0c-1782a181b740,dip,2,high_risk_share,low,max_formal,prior,0.91
a534d212-014c-5c3d-9e0c-1782a181b740,dip,2,high_risk_share,low,max_formal,posterior,1.0
a534d212-014c-5c3d-9e0c-1782a181b740,soup,3,no_share,low,max_intimate,prior,1.0
a534d212-014c-5c3d-9e0c-1782a181b740,soup,3,no_share,low,max_intimate,posterior,0.25
a534d212-014c-5c3d-9e0c-1782a181b740,fair,4,no_share,low,somewhat_formal,prior,1.0
a534d212-014c-5c3d-9e0c-1782a181b740,fair,4,no_share,low,somewhat_formal,posterior,0.23
a534d212-014c-5c3d-9e0c-1782a181b740,takeout,5,low_risk_share,low,somewhat_formal,prior,0.5
a534d212-014c-5c3d-9e0c-1782a181b740,takeout,5,low_risk_share,low,somewhat_formal,posterior,1.0
a534d212-014c-5c3d-9e0c-1782a181b740,oysters,6,low_risk_share,high,max_formal,prior,0.5
a534d212-014c-5c3d-9e0c-1782a181b740,oysters,6,low_risk_share,high,max_formal,posterior,1.0
a534d212-014c-5c3d-9e0c-1782a181b740,basketball,7,high_risk_share,low,somewhat_formal,prior,1.0
a534d212-014c-5c3d-9e0c-1782a181b740,basketball,7,high_risk_share,low,somewhat_formal,posterior,1.0
a534d212-014c-5c3d-9e0c-1782a181b740,birthday,8,no_share,high,somewhat_intimate,prior,0.5
a534d212-014c-5c3d-9e0c-1782a181b740,birthday,8,no_share,high,somewhat_intimate,posterior,0.21
a534d212-014c-5c3d-9e0c-1782a181b740,gala,9,high_risk_share,high,somewhat_intimate,prior,0.74
a534d212-014c-5c3d-9e0c-1782a181b740,gala,9,high_risk_share,high,somewhat_intimate,posterior,1.0
a534d212-014c-5c3d-9e0c-1782a181b740,social,10,high_risk_share,high,max_formal,prior,0.5
a534d212-014c-5c3d-9e0c-1782a181b740,social,10,high_risk_share,high,max_formal,posterior,1.0
a534d212-014c-5c3d-9e0c-1782a181b740,driving,11,no_share,high,somewhat_formal,prior,1.0
a534d212-014c-5c3d-9e0c-1782a181b740,driving,11,no_share,high,somewhat_formal,posterior,0.5
a534d212-014c-5c3d-9e0c-1782a181b740,brunch,12,high_risk_share,high,max_intimate,prior,0.74
a534d212-014c-5c3d-9e0c-1782a181b740,brunch,12,high_risk_share,high,max_intimate,posterior,1.0
a534d212-014c-5c3d-9e0c-1782a181b740,cooking,13,high_risk_share,low,max_intimate,prior,1.0
a534d212-014c-5c3d-9e0c-1782a181b740,cooking,13,high_risk_share,low,max_intimate,posterior,1.0
a534d212-014c-5c3d-9e0c-1782a181b740,apples,14,low_risk_share,low,max_intimate,prior,1.0
a534d212-014c-5c3d-9e0c-1782a181b740,apples,14,low_risk_share,low,max_intimate,posterior,1.0
a534d212-014c-5c3d-9e0c-1782a181b740,hike,15,low_risk_share,low,somewhat_intimate,prior,1.0
a534d212-014c-5c3d-9e0c-1782a181b740,hike,15,low_risk_share,low,somewhat_intimate,posterior,1.0
b05026f1-707b-5f3b-abe0-308c864d07d5,gala,0,low_risk_share,low,max_intimate,prior,0.95
b05026f1-707b-5f3b-abe0-308c864d07d5,gala,0,low_risk_share,low,max_intimate,posterior,0.91
b05026f1-707b-5f3b-abe0-308c864d07d5,fair,1,low_risk_share,high,somewhat_intimate,prior,0.66
b05026f1-707b-5f3b-abe0-308c864d07d5,fair,1,low_risk_share,high,somewhat_intimate,posterior,0.68
b05026f1-707b-5f3b-abe0-308c864d07d5,dip,2,low_risk_share,low,somewhat_intimate,prior,0.84
b05026f1-707b-5f3b-abe0-308c864d07d5,dip,2,low_risk_share,low,somewhat_intimate,posterior,0.77
b05026f1-707b-5f3b-abe0-308c864d07d5,soup,3,no_share,high,somewhat_intimate,prior,0.57
b05026f1-707b-5f3b-abe0-308c864d07d5,soup,3,no_share,high,somewhat_intimate,posterior,0.54
b05026f1-707b-5f3b-abe0-308c864d07d5,basketball,4,high_risk_share,high,max_intimate,prior,0.82
b05026f1-707b-5f3b-abe0-308c864d07d5,basketball,4,high_risk_share,high,max_intimate,posterior,0.83
b05026f1-707b-5f3b-abe0-308c864d07d5,cooking,5,high_risk_share,low,max_formal,prior,0.89
b05026f1-707b-5f3b-abe0-308c864d07d5,cooking,5,high_risk_share,low,max_formal,posterior,0.98
b05026f1-707b-5f3b-abe0-308c864d07d5,driving,6,high_risk_share,low,max_intimate,prior,0.88
b05026f1-707b-5f3b-abe0-308c864d07d5,driving,6,high_risk_share,low,max_intimate,posterior,0.97
b05026f1-707b-5f3b-abe0-308c864d07d5,wedding,7,no_share,high,max_formal,prior,1.0
b05026f1-707b-5f3b-abe0-308c864d07d5,wedding,7,no_share,high,max_formal,posterior,0.93
b05026f1-707b-5f3b-abe0-308c864d07d5,birthday,8,low_risk_share,low,somewhat_formal,prior,0.7
b05026f1-707b-5f3b-abe0-308c864d07d5,birthday,8,low_risk_share,low,somewhat_formal,posterior,0.77
b05026f1-707b-5f3b-abe0-308c864d07d5,takeout,9,high_risk_share,high,somewhat_intimate,prior,0.6
b05026f1-707b-5f3b-abe0-308c864d07d5,takeout,9,high_risk_share,high,somewhat_intimate,posterior,0.72
b05026f1-707b-5f3b-abe0-308c864d07d5,hike,10,low_risk_share,high,max_formal,prior,0.55
b05026f1-707b-5f3b-abe0-308c864d07d5,hike,10,low_risk_share,high,max_formal,posterior,0.64
b05026f1-707b-5f3b-abe0-308c864d07d5,drinks,11,no_share,low,max_intimate,prior,0.59
b05026f1-707b-5f3b-abe0-308c864d07d5,drinks,11,no_share,low,max_intimate,posterior,0.27
b05026f1-707b-5f3b-abe0-308c864d07d5,oysters,12,no_share,high,somewhat_formal,prior,0.86
b05026f1-707b-5f3b-abe0-308c864d07d5,oysters,12,no_share,high,somewhat_formal,posterior,0.72
b05026f1-707b-5f3b-abe0-308c864d07d5,brunch,13,high_risk_share,high,max_formal,prior,0.52
b05026f1-707b-5f3b-abe0-308c864d07d5,brunch,13,high_risk_share,high,max_formal,posterior,0.6
b05026f1-707b-5f3b-abe0-308c864d07d5,social,14,no_share,low,somewhat_formal,prior,0.29
b05026f1-707b-5f3b-abe0-308c864d07d5,social,14,no_share,low,somewhat_formal,posterior,0.17
b05026f1-707b-5f3b-abe0-308c864d07d5,apples,15,high_risk_share,low,somewhat_formal,prior,0.62
b05026f1-707b-5f3b-abe0-308c864d07d5,apples,15,high_risk_share,low,somewhat_formal,posterior,0.64
d9a9e83a-ed08-52d3-9610-a37e67219a85,driving,0,high_risk_share,low,somewhat_intimate,prior,0.4
d9a9e83a-ed08-52d3-9610-a37e67219a85,driving,0,high_risk_share,low,somewhat_intimate,posterior,0.97
d9a9e83a-ed08-52d3-9610-a37e67219a85,soup,1,low_risk_share,high,somewhat_formal,prior,0.24
d9a9e83a-ed08-52d3-9610-a37e67219a85,soup,1,low_risk_share,high,somewhat_formal,posterior,0.72
d9a9e83a-ed08-52d3-9610-a37e67219a85,takeout,2,high_risk_share,high,somewhat_formal,prior,0.38
d9a9e83a-ed08-52d3-9610-a37e67219a85,takeout,2,high_risk_share,high,somewhat_formal,posterior,0.34
d9a9e83a-ed08-52d3-9610-a37e67219a85,oysters,3,no_share,low,somewhat_intimate,prior,0.97
d9a9e83a-ed08-52d3-9610-a37e67219a85,oysters,3,no_share,low,somewhat_intimate,posterior,0.16
d9a9e83a-ed08-52d3-9610-a37e67219a85,drinks,4,no_share,high,somewhat_formal,prior,0.41
d9a9e83a-ed08-52d3-9610-a37e67219a85,drinks,4,no_share,high,somewhat_formal,posterior,0.56
d9a9e83a-ed08-52d3-9610-a37e67219a85,hike,5,low_risk_share,low,somewhat_intimate,prior,0.69
d9a9e83a-ed08-52d3-9610-a37e67219a85,hike,5,low_risk_share,low,somewhat_intimate,posterior,0.92
d9a9e83a-ed08-52d3-9610-a37e67219a85,basketball,6,no_share,high,somewhat_intimate,prior,0.33
d9a9e83a-ed08-52d3-9610-a37e67219a85,basketball,6,no_share,high,somewhat_intimate,posterior,0.99
d9a9e83a-ed08-52d3-9610-a37e67219a85,wedding,7,high_risk_share,high,max_intimate,prior,1.0
d9a9e83a-ed08-52d3-9610-a37e67219a85,wedding,7,high_risk_share,high,max_intimate,posterior,1.0
d9a9e83a-ed08-52d3-9610-a37e67219a85,gala,8,no_share,low,somewhat_formal,prior,1.0
d9a9e83a-ed08-52d3-9610-a37e67219a85,gala,8,no_share,low,somewhat_formal,posterior,1.0
d9a9e83a-ed08-52d3-9610-a37e67219a85,birthday,9,low_risk_share,high,max_intimate,prior,0.94
d9a9e83a-ed08-52d3-9610-a37e67219a85,birthday,9,low_risk_share,high,max_intimate,posterior,1.0
d9a9e83a-ed08-52d3-9610-a37e67219a85,cooking,10,low_risk_share,low,max_formal,prior,0.99
d9a9e83a-ed08-52d3-9610-a37e67219a85,cooking,10,low_risk_share,low,max_formal,posterior,1.0
d9a9e83a-ed08-52d3-9610-a37e67219a85,fair,11,no_share,high,max_intimate,prior,1.0
d9a9e83a-ed08-52d3-9610-a37e67219a85,fair,11,no_share,high,max_intimate,posterior,0.5
d9a9e83a-ed08-52d3-9610-a37e67219a85,apples,12,no_share,low,max_formal,prior,1.0
d9a9e83a-ed08-52d3-9610-a37e67219a85,apples,12,no_share,low,max_formal,posterior,0.56
d9a9e83a-ed08-52d3-9610-a37e67219a85,social,13,high_risk_share,low,max_formal,prior,0.9
d9a9e83a-ed08-52d3-9610-a37e67219a85,social,13,high_risk_share,low,max_formal,posterior,0.54
d9a9e83a-ed08-52d3-9610-a37e67219a85,dip,14,high_risk_share,low,max_intimate,prior,1.0
d9a9e83a-ed08-52d3-9610-a37e67219a85,dip,14,high_risk_share,low,max_intimate,posterior,1.0
d9a9e83a-ed08-52d3-9610-a37e67219a85,brunch,15,low_risk_share,high,max_formal,prior,1.0
d9a9e83a-ed08-52d3-9610-a37e67219a85,brunch,15,low_risk_share,high,max_formal,posterior,0.97
e0e90850-7202-510b-ba16-0ac3b5d85c29,brunch,0,low_risk_share,low,max_intimate,prior,0.72
e0e90850-7202-510b-ba16-0ac3b5d85c29,brunch,0,low_risk_share,low,max_intimate,posterior,0.77
e0e90850-7202-510b-ba16-0ac3b5d85c29,dip,1,high_risk_share,low,somewhat_formal,prior,0.72
e0e90850-7202-510b-ba16-0ac3b5d85c29,dip,1,high_risk_share,low,somewhat_formal,posterior,0.78
e0e90850-7202-510b-ba16-0ac3b5d85c29,cooking,2,no_share,high,somewhat_intimate,prior,0.9
e0e90850-7202-510b-ba16-0ac3b5d85c29,cooking,2,no_share,high,somewhat_intimate,posterior,0.93
e0e90850-7202-510b-ba16-0ac3b5d85c29,fair,3,high_risk_share,high,max_intimate,prior,0.69
e0e90850-7202-510b-ba16-0ac3b5d85c29,fair,3,high_risk_share,high,max_intimate,posterior,0.68
e0e90850-7202-510b-ba16-0ac3b5d85c29,soup,4,no_share,high,somewhat_formal,prior,0.86
e0e90850-7202-510b-ba16-0ac3b5d85c29,soup,4,no_share,high,somewhat_formal,posterior,0.81
e0e90850-7202-510b-ba16-0ac3b5d85c29,driving,5,no_share,low,somewhat_formal,prior,0.16
e0e90850-7202-510b-ba16-0ac3b5d85c29,driving,5,no_share,low,somewhat_formal,posterior,0.19
e0e90850-7202-510b-ba16-0ac3b5d85c29,wedding,6,low_risk_share,high,max_formal,prior,0.86
e0e90850-7202-510b-ba16-0ac3b5d85c29,wedding,6,low_risk_share,high,max_formal,posterior,0.9
e0e90850-7202-510b-ba16-0ac3b5d85c29,takeout,7,no_share,low,max_intimate,prior,0.67
e0e90850-7202-510b-ba16-0ac3b5d85c29,takeout,7,no_share,low,max_intimate,posterior,0.0
e0e90850-7202-510b-ba16-0ac3b5d85c29,gala,8,high_risk_share,high,max_formal,prior,0.85
e0e90850-7202-510b-ba16-0ac3b5d85c29,gala,8,high_risk_share,high,max_formal,posterior,0.88
e0e90850-7202-510b-ba16-0ac3b5d85c29,basketball,9,low_risk_share,low,somewhat_intimate,prior,0.73
e0e90850-7202-510b-ba16-0ac3b5d85c29,basketball,9,low_risk_share,low,somewhat_intimate,posterior,0.75
e0e90850-7202-510b-ba16-0ac3b5d85c29,oysters,10,no_share,high,max_formal,prior,0.96
e0e90850-7202-510b-ba16-0ac3b5d85c29,oysters,10,no_share,high,max_formal,posterior,0.93
e0e90850-7202-510b-ba16-0ac3b5d85c29,apples,11,high_risk_share,high,somewhat_intimate,prior,0.52
e0e90850-7202-510b-ba16-0ac3b5d85c29,apples,11,high_risk_share,high,somewhat_intimate,posterior,0.94
e0e90850-7202-510b-ba16-0ac3b5d85c29,social,12,high_risk_share,low,max_formal,prior,0.68
e0e90850-7202-510b-ba16-0ac3b5d85c29,social,12,high_risk_share,low,max_formal,posterior,0.87
e0e90850-7202-510b-ba16-0ac3b5d85c29,drinks,13,high_risk_share,low,max_intimate,prior,0.81
e0e90850-7202-510b-ba16-0ac3b5d85c29,drinks,13,high_risk_share,low,max_intimate,posterior,0.87
e0e90850-7202-510b-ba16-0ac3b5d85c29,birthday,14,low_risk_share,low,somewhat_formal,prior,0.88
e0e90850-7202-510b-ba16-0ac3b5d85c29,birthday,14,low_risk_share,low,somewhat_formal,posterior,0.86
e0e90850-7202-510b-ba16-0ac3b5d85c29,hike,15,low_risk_share,high,somewhat_intimate,prior,0.8
e0e90850-7202-510b-ba16-0ac3b5d85c29,hike,15,low_risk_share,high,somewhat_intimate,posterior,0.83
70e1acb1-609d-5714-b8a1-b846b2092294,wedding,0,high_risk_share,high,somewhat_intimate,prior,0.79
70e1acb1-609d-5714-b8a1-b846b2092294,wedding,0,high_risk_share,high,somewhat_intimate,posterior,0.92
70e1acb1-609d-5714-b8a1-b846b2092294,cooking,1,low_risk_share,low,somewhat_formal,prior,0.85
70e1acb1-609d-5714-b8a1-b846b2092294,cooking,1,low_risk_share,low,somewhat_formal,posterior,0.83
70e1acb1-609d-5714-b8a1-b846b2092294,oysters,2,no_share,high,max_formal,prior,0.54
70e1acb1-609d-5714-b8a1-b846b2092294,oysters,2,no_share,high,max_formal,posterior,0.78
70e1acb1-609d-5714-b8a1-b846b2092294,soup,3,no_share,low,max_intimate,prior,0.87
70e1acb1-609d-5714-b8a1-b846b2092294,soup,3,no_share,low,max_intimate,posterior,0.16
70e1acb1-609d-5714-b8a1-b846b2092294,drinks,4,high_risk_share,high,max_intimate,prior,0.66
70e1acb1-609d-5714-b8a1-b846b2092294,drinks,4,high_risk_share,high,max_intimate,posterior,0.76
70e1acb1-609d-5714-b8a1-b846b2092294,brunch,5,low_risk_share,high,somewhat_intimate,prior,0.52
70e1acb1-609d-5714-b8a1-b846b2092294,brunch,5,low_risk_share,high,somewhat_intimate,posterior,0.64
70e1acb1-609d-5714-b8a1-b846b2092294,fair,6,high_risk_share,low,max_formal,prior,0.57
70e1acb1-609d-5714-b8a1-b846b2092294,fair,6,high_risk_share,low,max_formal,posterior,0.34
70e1acb1-609d-5714-b8a1-b846b2092294,basketball,7,high_risk_share,low,somewhat_formal,prior,0.74
70e1acb1-609d-5714-b8a1-b846b2092294,basketball,7,high_risk_share,low,somewhat_formal,posterior,0.71
70e1acb1-609d-5714-b8a1-b846b2092294,social,8,low_risk_share,low,somewhat_intimate,prior,0.78
70e1acb1-609d-5714-b8a1-b846b2092294,social,8,low_risk_share,low,somewhat_intimate,posterior,0.72
70e1acb1-609d-5714-b8a1-b846b2092294,driving,9,low_risk_share,low,max_intimate,prior,0.69
70e1acb1-609d-5714-b8a1-b846b2092294,driving,9,low_risk_share,low,max_intimate,posterior,0.72
70e1acb1-609d-5714-b8a1-b846b2092294,hike,10,low_risk_share,high,max_formal,prior,0.1
70e1acb1-609d-5714-b8a1-b846b2092294,hike,10,low_risk_share,high,max_formal,posterior,0.5
70e1acb1-609d-5714-b8a1-b846b2092294,birthday,11,high_risk_share,low,max_intimate,prior,0.88
70e1acb1-609d-5714-b8a1-b846b2092294,birthday,11,high_risk_share,low,max_intimate,posterior,0.86
70e1acb1-609d-5714-b8a1-b846b2092294,apples,12,no_share,high,somewhat_intimate,prior,0.67
70e1acb1-609d-5714-b8a1-b846b2092294,apples,12,no_share,high,somewhat_intimate,posterior,0.37
70e1acb1-609d-5714-b8a1-b846b2092294,gala,13,no_share,low,somewhat_formal,prior,0.67
70e1acb1-609d-5714-b8a1-b846b2092294,gala,13,no_share,low,somewhat_formal,posterior,0.82
70e1acb1-609d-5714-b8a1-b846b2092294,dip,14,no_share,high,somewhat_formal,prior,0.61
70e1acb1-609d-5714-b8a1-b846b2092294,dip,14,no_share,high,somewhat_formal,posterior,0.42
70e1acb1-609d-5714-b8a1-b846b2092294,takeout,15,high_risk_share,high,max_formal,prior,0.59
70e1acb1-609d-5714-b8a1-b846b2092294,takeout,15,high_risk_share,high,max_formal,posterior,0.72
3efd94d3-d97f-5ba4-9985-0a0b469ebcb2,oysters,0,no_share,high,max_formal,prior,0.86
3efd94d3-d97f-5ba4-9985-0a0b469ebcb2,oysters,0,no_share,high,max_formal,posterior,0.84
3efd94d3-d97f-5ba4-9985-0a0b469ebcb2,takeout,1,low_risk_share,high,max_intimate,prior,0.72
3efd94d3-d97f-5ba4-9985-0a0b469ebcb2,takeout,1,low_risk_share,high,max_intimate,posterior,0.89
3efd94d3-d97f-5ba4-9985-0a0b469ebcb2,hike,2,high_risk_share,high,somewhat_intimate,prior,0.75
3efd94d3-d97f-5ba4-9985-0a0b469ebcb2,hike,2,high_risk_share,high,somewhat_intimate,posterior,0.94
3efd94d3-d97f-5ba4-9985-0a0b469ebcb2,gala,3,low_risk_share,low,max_intimate,prior,0.82
3efd94d3-d97f-5ba4-9985-0a0b469ebcb2,gala,3,low_risk_share,low,max_intimate,posterior,0.92
3efd94d3-d97f-5ba4-9985-0a0b469ebcb2,fair,4,no_share,low,max_formal,prior,0.58
3efd94d3-d97f-5ba4-9985-0a0b469ebcb2,fair,4,no_share,low,max_formal,posterior,0.56
3efd94d3-d97f-5ba4-9985-0a0b469ebcb2,dip,5,high_risk_share,high,max_formal,prior,0.64
3efd94d3-d97f-5ba4-9985-0a0b469ebcb2,dip,5,high_risk_share,high,max_formal,posterior,0.69
3efd94d3-d97f-5ba4-9985-0a0b469ebcb2,social,6,high_risk_share,low,somewhat_intimate,prior,0.76
3efd94d3-d97f-5ba4-9985-0a0b469ebcb2,social,6,high_risk_share,low,somewhat_intimate,posterior,0.88
3efd94d3-d97f-5ba4-9985-0a0b469ebcb2,driving,7,low_risk_share,low,max_formal,prior,0.7
3efd94d3-d97f-5ba4-9985-0a0b469ebcb2,driving,7,low_risk_share,low,max_formal,posterior,0.71
3efd94d3-d97f-5ba4-9985-0a0b469ebcb2,wedding,8,no_share,high,max_intimate,prior,0.77
3efd94d3-d97f-5ba4-9985-0a0b469ebcb2,wedding,8,no_share,high,max_intimate,posterior,0.84
3efd94d3-d97f-5ba4-9985-0a0b469ebcb2,basketball,9,low_risk_share,low,somewhat_formal,prior,0.7
3efd94d3-d97f-5ba4-9985-0a0b469ebcb2,basketball,9,low_risk_share,low,somewhat_formal,posterior,0.73
3efd94d3-d97f-5ba4-9985-0a0b469ebcb2,brunch,10,no_share,low,max_intimate,prior,0.77
3efd94d3-d97f-5ba4-9985-0a0b469ebcb2,brunch,10,no_share,low,max_intimate,posterior,0.67
3efd94d3-d97f-5ba4-9985-0a0b469ebcb2,birthday,11,no_share,low,somewhat_intimate,prior,0.74
3efd94d3-d97f-5ba4-9985-0a0b469ebcb2,birthday,11,no_share,low,somewhat_intimate,posterior,0.7
3efd94d3-d97f-5ba4-9985-0a0b469ebcb2,soup,12,high_risk_share,low,somewhat_formal,prior,0.72
3efd94d3-d97f-5ba4-9985-0a0b469ebcb2,soup,12,high_risk_share,low,somewhat_formal,posterior,0.79
3efd94d3-d97f-5ba4-9985-0a0b469ebcb2,apples,13,low_risk_share,high,somewhat_intimate,prior,0.81
3efd94d3-d97f-5ba4-9985-0a0b469ebcb2,apples,13,low_risk_share,high,somewhat_intimate,posterior,0.8
3efd94d3-d97f-5ba4-9985-0a0b469ebcb2,drinks,14,high_risk_share,high,somewhat_formal,prior,0.7
3efd94d3-d97f-5ba4-9985-0a0b469ebcb2,drinks,14,high_risk_share,high,somewhat_formal,posterior,0.7
3efd94d3-d97f-5ba4-9985-0a0b469ebcb2,cooking,15,low_risk_share,high,somewhat_formal,prior,0.8
3efd94d3-d97f-5ba4-9985-0a0b469ebcb2,cooking,15,low_risk_share,high,somewhat_formal,posterior,0.84
7c119084-3b05-5746-8508-36b69a918477,birthday,0,low_risk_share,high,max_formal,prior,0.77
7c119084-3b05-5746-8508-36b69a918477,birthday,0,low_risk_share,high,max_formal,posterior,0.4
7c119084-3b05-5746-8508-36b69a918477,drinks,1,no_share,high,somewhat_formal,prior,0.44
7c119084-3b05-5746-8508-36b69a918477,drinks,1,no_share,high,somewhat_formal,posterior,0.78
7c119084-3b05-5746-8508-36b69a918477,basketball,2,low_risk_share,low,max_formal,prior,0.83
7c119084-3b05-5746-8508-36b69a918477,basketball,2,low_risk_share,low,max_formal,posterior,0.34
7c119084-3b05-5746-8508-36b69a918477,takeout,3,high_risk_share,high,max_intimate,prior,0.89
7c119084-3b05-5746-8508-36b69a918477,takeout,3,high_risk_share,high,max_intimate,posterior,0.8
7c119084-3b05-5746-8508-36b69a918477,brunch,4,high_risk_share,high,somewhat_formal,prior,0.33
7c119084-3b05-5746-8508-36b69a918477,brunch,4,high_risk_share,high,somewhat_formal,posterior,0.72
7c119084-3b05-5746-8508-36b69a918477,dip,5,no_share,high,max_intimate,prior,0.77
7c119084-3b05-5746-8508-36b69a918477,dip,5,no_share,high,max_intimate,posterior,0.79
7c119084-3b05-5746-8508-36b69a918477,apples,6,no_share,high,somewhat_intimate,prior,0.74
7c119084-3b05-5746-8508-36b69a918477,apples,6,no_share,high,somewhat_intimate,posterior,0.86
7c119084-3b05-5746-8508-36b69a918477,wedding,7,low_risk_share,low,somewhat_intimate,prior,0.79
7c119084-3b05-5746-8508-36b69a918477,wedding,7,low_risk_share,low,somewhat_intimate,posterior,0.32
7c119084-3b05-5746-8508-36b69a918477,cooking,8,high_risk_share,low,somewhat_intimate,prior,0.77
7c119084-3b05-5746-8508-36b69a918477,cooking,8,high_risk_share,low,somewhat_intimate,posterior,0.87
7c119084-3b05-5746-8508-36b69a918477,soup,9,low_risk_share,high,somewhat_formal,prior,0.89
7c119084-3b05-5746-8508-36b69a918477,soup,9,low_risk_share,high,somewhat_formal,posterior,0.88
7c119084-3b05-5746-8508-36b69a918477,gala,10,low_risk_share,high,max_intimate,prior,0.76
7c119084-3b05-5746-8508-36b69a918477,gala,10,low_risk_share,high,max_intimate,posterior,0.81
7c119084-3b05-5746-8508-36b69a918477,oysters,11,no_share,low,max_formal,prior,0.72
7c119084-3b05-5746-8508-36b69a918477,oysters,11,no_share,low,max_formal,posterior,0.81
7c119084-3b05-5746-8508-36b69a918477,fair,12,no_share,low,somewhat_formal,prior,0.77
7c119084-3b05-5746-8508-36b69a918477,fair,12,no_share,low,somewhat_formal,posterior,0.3
7c119084-3b05-5746-8508-36b69a918477,social,13,high_risk_share,low,max_intimate,prior,0.75
7c119084-3b05-5746-8508-36b69a918477,social,13,high_risk_share,low,max_intimate,posterior,0.83
7c119084-3b05-5746-8508-36b69a918477,hike,14,no_share,low,somewhat_intimate,prior,0.71
7c119084-3b05-5746-8508-36b69a918477,hike,14,no_share,low,somewhat_intimate,posterior,0.86
7c119084-3b05-5746-8508-36b69a918477,driving,15,high_risk_share,low,max_formal,prior,0.84
7c119084-3b05-5746-8508-36b69a918477,driving,15,high_risk_share,low,max_formal,posterior,0.88
3e8bea0b-ee21-5af9-a516-bcd047dcfa17,brunch,0,low_risk_share,high,somewhat_intimate,prior,0.41
3e8bea0b-ee21-5af9-a516-bcd047dcfa17,brunch,0,low_risk_share,high,somewhat_intimate,posterior,0.78
3e8bea0b-ee21-5af9-a516-bcd047dcfa17,oysters,1,high_risk_share,high,max_intimate,prior,0.73
3e8bea0b-ee21-5af9-a516-bcd047dcfa17,oysters,1,high_risk_share,high,max_intimate,posterior,0.5
3e8bea0b-ee21-5af9-a516-bcd047dcfa17,driving,2,high_risk_share,low,max_formal,prior,0.45
3e8bea0b-ee21-5af9-a516-bcd047dcfa17,driving,2,high_risk_share,low,max_formal,posterior,0.67
3e8bea0b-ee21-5af9-a516-bcd047dcfa17,social,3,low_risk_share,low,somewhat_intimate,prior,0.87
3e8bea0b-ee21-5af9-a516-bcd047dcfa17,social,3,low_risk_share,low,somewhat_intimate,posterior,1.0
3e8bea0b-ee21-5af9-a516-bcd047dcfa17,takeout,4,low_risk_share,low,max_intimate,prior,0.61
3e8bea0b-ee21-5af9-a516-bcd047dcfa17,takeout,4,low_risk_share,low,max_intimate,posterior,0.86
3e8bea0b-ee21-5af9-a516-bcd047dcfa17,cooking,5,high_risk_share,low,somewhat_formal,prior,0.91
3e8bea0b-ee21-5af9-a516-bcd047dcfa17,cooking,5,high_risk_share,low,somewhat_formal,posterior,0.96
3e8bea0b-ee21-5af9-a516-bcd047dcfa17,soup,6,high_risk_share,low,max_intimate,prior,0.34
3e8bea0b-ee21-5af9-a516-bcd047dcfa17,soup,6,high_risk_share,low,max_intimate,posterior,0.99
3e8bea0b-ee21-5af9-a516-bcd047dcfa17,hike,7,no_share,low,max_intimate,prior,0.87
3e8bea0b-ee21-5af9-a516-bcd047dcfa17,hike,7,no_share,low,max_intimate,posterior,0.23
3e8bea0b-ee21-5af9-a516-bcd047dcfa17,fair,8,no_share,low,somewhat_formal,prior,0.52
3e8bea0b-ee21-5af9-a516-bcd047dcfa17,fair,8,no_share,low,somewhat_formal,posterior,0.29
3e8bea0b-ee21-5af9-a516-bcd047dcfa17,wedding,9,high_risk_share,high,max_formal,prior,0.32
3e8bea0b-ee21-5af9-a516-bcd047dcfa17,wedding,9,high_risk_share,high,max_formal,posterior,0.82
3e8bea0b-ee21-5af9-a516-bcd047dcfa17,gala,10,no_share,high,max_formal,prior,0.87
3e8bea0b-ee21-5af9-a516-bcd047dcfa17,gala,10,no_share,high,max_formal,posterior,0.18
3e8bea0b-ee21-5af9-a516-bcd047dcfa17,drinks,11,low_risk_share,low,somewhat_formal,prior,0.92
3e8bea0b-ee21-5af9-a516-bcd047dcfa17,drinks,11,low_risk_share,low,somewhat_formal,posterior,0.97
3e8bea0b-ee21-5af9-a516-bcd047dcfa17,dip,12,high_risk_share,high,somewhat_intimate,prior,0.93
3e8bea0b-ee21-5af9-a516-bcd047dcfa17,dip,12,high_risk_share,high,somewhat_intimate,posterior,0.99
3e8bea0b-ee21-5af9-a516-bcd047dcfa17,apples,13,no_share,high,somewhat_intimate,prior,0.85
3e8bea0b-ee21-5af9-a516-bcd047dcfa17,apples,13,no_share,high,somewhat_intimate,posterior,0.3
3e8bea0b-ee21-5af9-a516-bcd047dcfa17,birthday,14,low_risk_share,high,max_formal,prior,0.92
3e8bea0b-ee21-5af9-a516-bcd047dcfa17,birthday,14,low_risk_share,high,max_formal,posterior,1.0
3e8bea0b-ee21-5af9-a516-bcd047dcfa17,basketball,15,no_share,high,somewhat_formal,prior,1.0
3e8bea0b-ee21-5af9-a516-bcd047dcfa17,basketball,15,no_share,high,somewhat_formal,posterior,0.17
36f29e5c-9bd1-5604-b7b4-c90d701d3253,birthday,0,high_risk_share,high,max_formal,prior,0.62
36f29e5c-9bd1-5604-b7b4-c90d701d3253,birthday,0,high_risk_share,high,max_formal,posterior,0.65
36f29e5c-9bd1-5604-b7b4-c90d701d3253,brunch,1,no_share,low,max_intimate,prior,0.53
36f29e5c-9bd1-5604-b7b4-c90d701d3253,brunch,1,no_share,low,max_intimate,posterior,0.0
36f29e5c-9bd1-5604-b7b4-c90d701d3253,social,2,no_share,low,max_formal,prior,0.1
36f29e5c-9bd1-5604-b7b4-c90d701d3253,social,2,no_share,low,max_formal,posterior,0.0
36f29e5c-9bd1-5604-b7b4-c90d701d3253,cooking,3,low_risk_share,high,somewhat_formal,prior,0.97
36f29e5c-9bd1-5604-b7b4-c90d701d3253,cooking,3,low_risk_share,high,somewhat_formal,posterior,1.0
36f29e5c-9bd1-5604-b7b4-c90d701d3253,drinks,4,low_risk_share,high,somewhat_intimate,prior,0.02
36f29e5c-9bd1-5604-b7b4-c90d701d3253,drinks,4,low_risk_share,high,somewhat_intimate,posterior,0.9
36f29e5c-9bd1-5604-b7b4-c90d701d3253,gala,5,no_share,high,max_formal,prior,0.81
36f29e5c-9bd1-5604-b7b4-c90d701d3253,gala,5,no_share,high,max_formal,posterior,0.0
36f29e5c-9bd1-5604-b7b4-c90d701d3253,hike,6,low_risk_share,low,somewhat_formal,prior,0.79
36f29e5c-9bd1-5604-b7b4-c90d701d3253,hike,6,low_risk_share,low,somewhat_formal,posterior,0.8
36f29e5c-9bd1-5604-b7b4-c90d701d3253,fair,7,low_risk_share,low,max_formal,prior,0.24
36f29e5c-9bd1-5604-b7b4-c90d701d3253,fair,7,low_risk_share,low,max_formal,posterior,0.8
36f29e5c-9bd1-5604-b7b4-c90d701d3253,basketball,8,high_risk_share,high,somewhat_intimate,prior,0.77
36f29e5c-9bd1-5604-b7b4-c90d701d3253,basketball,8,high_risk_share,high,somewhat_intimate,posterior,0.9
36f29e5c-9bd1-5604-b7b4-c90d701d3253,oysters,9,no_share,high,max_intimate,prior,0.82
36f29e5c-9bd1-5604-b7b4-c90d701d3253,oysters,9,no_share,high,max_intimate,posterior,0.74
36f29e5c-9bd1-5604-b7b4-c90d701d3253,driving,10,no_share,low,somewhat_intimate,prior,0.78
36f29e5c-9bd1-5604-b7b4-c90d701d3253,driving,10,no_share,low,somewhat_intimate,posterior,0.26
36f29e5c-9bd1-5604-b7b4-c90d701d3253,dip,11,low_risk_share,high,max_intimate,prior,0.71
36f29e5c-9bd1-5604-b7b4-c90d701d3253,dip,11,low_risk_share,high,max_intimate,posterior,0.85
36f29e5c-9bd1-5604-b7b4-c90d701d3253,soup,12,high_risk_share,low,somewhat_formal,prior,0.83
36f29e5c-9bd1-5604-b7b4-c90d701d3253,soup,12,high_risk_share,low,somewhat_formal,posterior,0.81
36f29e5c-9bd1-5604-b7b4-c90d701d3253,takeout,13,high_risk_share,high,somewhat_formal,prior,0.58
36f29e5c-9bd1-5604-b7b4-c90d701d3253,takeout,13,high_risk_share,high,somewhat_formal,posterior,0.8
36f29e5c-9bd1-5604-b7b4-c90d701d3253,apples,14,high_risk_share,low,somewhat_intimate,prior,0.79
36f29e5c-9bd1-5604-b7b4-c90d701d3253,apples,14,high_risk_share,low,somewhat_intimate,posterior,0.79
36f29e5c-9bd1-5604-b7b4-c90d701d3253,wedding,15,low_risk_share,low,max_intimate,prior,0.94
36f29e5c-9bd1-5604-b7b4-c90d701d3253,wedding,15,low_risk_share,low,max_intimate,posterior,0.91
34be13fe-cd23-57e2-ad65-abbe85f94aa9,birthday,0,low_risk_share,low,max_intimate,prior,0.72
34be13fe-cd23-57e2-ad65-abbe85f94aa9,birthday,0,low_risk_share,low,max_intimate,posterior,0.81
34be13fe-cd23-57e2-ad65-abbe85f94aa9,takeout,1,high_risk_share,low,max_formal,prior,0.74
34be13fe-cd23-57e2-ad65-abbe85f94aa9,takeout,1,high_risk_share,low,max_formal,posterior,0.61
34be13fe-cd23-57e2-ad65-abbe85f94aa9,soup,2,high_risk_share,high,max_formal,prior,0.77
34be13fe-cd23-57e2-ad65-abbe85f94aa9,soup,2,high_risk_share,high,max_formal,posterior,0.66
34be13fe-cd23-57e2-ad65-abbe85f94aa9,wedding,3,high_risk_share,high,max_intimate,prior,0.69
34be13fe-cd23-57e2-ad65-abbe85f94aa9,wedding,3,high_risk_share,high,max_intimate,posterior,0.7
34be13fe-cd23-57e2-ad65-abbe85f94aa9,oysters,4,high_risk_share,low,max_intimate,prior,0.76
34be13fe-cd23-57e2-ad65-abbe85f94aa9,oysters,4,high_risk_share,low,max_intimate,posterior,0.94
34be13fe-cd23-57e2-ad65-abbe85f94aa9,brunch,5,no_share,high,somewhat_formal,prior,0.68
34be13fe-cd23-57e2-ad65-abbe85f94aa9,brunch,5,no_share,high,somewhat_formal,posterior,0.49
34be13fe-cd23-57e2-ad65-abbe85f94aa9,cooking,6,low_risk_share,high,somewhat_intimate,prior,0.77
34be13fe-cd23-57e2-ad65-abbe85f94aa9,cooking,6,low_risk_share,high,somewhat_intimate,posterior,0.53
34be13fe-cd23-57e2-ad65-abbe85f94aa9,drinks,7,no_share,low,max_intimate,prior,0.91
34be13fe-cd23-57e2-ad65-abbe85f94aa9,drinks,7,no_share,low,max_intimate,posterior,0.72
34be13fe-cd23-57e2-ad65-abbe85f94aa9,social,8,low_risk_share,low,somewhat_intimate,prior,0.78
34be13fe-cd23-57e2-ad65-abbe85f94aa9,social,8,low_risk_share,low,somewhat_intimate,posterior,0.72
34be13fe-cd23-57e2-ad65-abbe85f94aa9,gala,9,no_share,high,max_formal,prior,0.25
34be13fe-cd23-57e2-ad65-abbe85f94aa9,gala,9,no_share,high,max_formal,posterior,0.19
34be13fe-cd23-57e2-ad65-abbe85f94aa9,dip,10,no_share,low,somewhat_formal,prior,0.83
34be13fe-cd23-57e2-ad65-abbe85f94aa9,dip,10,no_share,low,somewhat_formal,posterior,0.71
34be13fe-cd23-57e2-ad65-abbe85f94aa9,apples,11,high_risk_share,low,somewhat_formal,prior,0.65
34be13fe-cd23-57e2-ad65-abbe85f94aa9,apples,11,high_risk_share,low,somewhat_formal,posterior,0.66
34be13fe-cd23-57e2-ad65-abbe85f94aa9,fair,12,low_risk_share,high,max_formal,prior,0.2
34be13fe-cd23-57e2-ad65-abbe85f94aa9,fair,12,low_risk_share,high,max_formal,posterior,0.75
34be13fe-cd23-57e2-ad65-abbe85f94aa9,basketball,13,high_risk_share,high,somewhat_intimate,prior,0.5
34be13fe-cd23-57e2-ad65-abbe85f94aa9,basketball,13,high_risk_share,high,somewhat_intimate,posterior,0.5
34be13fe-cd23-57e2-ad65-abbe85f94aa9,driving,14,no_share,high,somewhat_intimate,prior,0.34
34be13fe-cd23-57e2-ad65-abbe85f94aa9,driving,14,no_share,high,somewhat_intimate,posterior,0.24
34be13fe-cd23-57e2-ad65-abbe85f94aa9,hike,15,low_risk_share,low,somewhat_formal,prior,0.8
34be13fe-cd23-57e2-ad65-abbe85f94aa9,hike,15,low_risk_share,low,somewhat_formal,posterior,0.88
6c4adb63-ac99-55a7-a160-7f183441f103,basketball,0,low_risk_share,high,max_intimate,prior,0.27
6c4adb63-ac99-55a7-a160-7f183441f103,basketball,0,low_risk_share,high,max_intimate,posterior,0.63
6c4adb63-ac99-55a7-a160-7f183441f103,social,1,no_share,high,max_intimate,prior,0.63
6c4adb63-ac99-55a7-a160-7f183441f103,social,1,no_share,high,max_intimate,posterior,0.59
6c4adb63-ac99-55a7-a160-7f183441f103,fair,2,no_share,low,somewhat_formal,prior,0.36
6c4adb63-ac99-55a7-a160-7f183441f103,fair,2,no_share,low,somewhat_formal,posterior,0.64
6c4adb63-ac99-55a7-a160-7f183441f103,soup,3,no_share,low,somewhat_intimate,prior,0.24
6c4adb63-ac99-55a7-a160-7f183441f103,soup,3,no_share,low,somewhat_intimate,posterior,0.69
6c4adb63-ac99-55a7-a160-7f183441f103,takeout,4,high_risk_share,low,somewhat_intimate,prior,0.25
6c4adb63-ac99-55a7-a160-7f183441f103,takeout,4,high_risk_share,low,somewhat_intimate,posterior,0.6
6c4adb63-ac99-55a7-a160-7f183441f103,oysters,5,low_risk_share,high,max_formal,prior,0.67
6c4adb63-ac99-55a7-a160-7f183441f103,oysters,5,low_risk_share,high,max_formal,posterior,0.27
6c4adb63-ac99-55a7-a160-7f183441f103,gala,6,high_risk_share,high,somewhat_formal,prior,0.67
6c4adb63-ac99-55a7-a160-7f183441f103,gala,6,high_risk_share,high,somewhat_formal,posterior,0.24
6c4adb63-ac99-55a7-a160-7f183441f103,wedding,7,low_risk_share,low,max_formal,prior,0.65
6c4adb63-ac99-55a7-a160-7f183441f103,wedding,7,low_risk_share,low,max_formal,posterior,0.25
6c4adb63-ac99-55a7-a160-7f183441f103,dip,8,no_share,low,max_formal,prior,0.25
6c4adb63-ac99-55a7-a160-7f183441f103,dip,8,no_share,low,max_formal,posterior,0.68
6c4adb63-ac99-55a7-a160-7f183441f103,birthday,9,high_risk_share,low,max_intimate,prior,0.25
6c4adb63-ac99-55a7-a160-7f183441f103,birthday,9,high_risk_share,low,max_intimate,posterior,0.7
6c4adb63-ac99-55a7-a160-7f183441f103,drinks,10,high_risk_share,low,max_formal,prior,0.23
6c4adb63-ac99-55a7-a160-7f183441f103,drinks,10,high_risk_share,low,max_formal,posterior,0.65
6c4adb63-ac99-55a7-a160-7f183441f103,apples,11,low_risk_share,high,somewhat_formal,prior,0.22
6c4adb63-ac99-55a7-a160-7f183441f103,apples,11,low_risk_share,high,somewhat_formal,posterior,0.7
6c4adb63-ac99-55a7-a160-7f183441f103,cooking,12,no_share,high,somewhat_intimate,prior,0.7
6c4adb63-ac99-55a7-a160-7f183441f103,cooking,12,no_share,high,somewhat_intimate,posterior,0.31
6c4adb63-ac99-55a7-a160-7f183441f103,driving,13,high_risk_share,high,max_intimate,prior,0.68
6c4adb63-ac99-55a7-a160-7f183441f103,driving,13,high_risk_share,high,max_intimate,posterior,0.31
6c4adb63-ac99-55a7-a160-7f183441f103,hike,14,no_share,high,somewhat_formal,prior,0.34
6c4adb63-ac99-55a7-a160-7f183441f103,hike,14,no_share,high,somewhat_formal,posterior,0.63
6c4adb63-ac99-55a7-a160-7f183441f103,brunch,15,low_risk_share,low,somewhat_intimate,prior,0.73
6c4adb63-ac99-55a7-a160-7f183441f103,brunch,15,low_risk_share,low,somewhat_intimate,posterior,0.28
9d9e2fde-5fb0-507d-b93b-ae60544c6cff,fair,0,low_risk_share,low,somewhat_intimate,prior,0.41
9d9e2fde-5fb0-507d-b93b-ae60544c6cff,fair,0,low_risk_share,low,somewhat_intimate,posterior,0.69
9d9e2fde-5fb0-507d-b93b-ae60544c6cff,apples,1,high_risk_share,low,max_intimate,prior,0.79
9d9e2fde-5fb0-507d-b93b-ae60544c6cff,apples,1,high_risk_share,low,max_intimate,posterior,0.93
9d9e2fde-5fb0-507d-b93b-ae60544c6cff,gala,2,low_risk_share,low,max_formal,prior,0.0
9d9e2fde-5fb0-507d-b93b-ae60544c6cff,gala,2,low_risk_share,low,max_formal,posterior,0.37
9d9e2fde-5fb0-507d-b93b-ae60544c6cff,basketball,3,no_share,high,somewhat_formal,prior,0.82
9d9e2fde-5fb0-507d-b93b-ae60544c6cff,basketball,3,no_share,high,somewhat_formal,posterior,0.0
9d9e2fde-5fb0-507d-b93b-ae60544c6cff,dip,4,low_risk_share,high,max_formal,prior,0.96
9d9e2fde-5fb0-507d-b93b-ae60544c6cff,dip,4,low_risk_share,high,max_formal,posterior,0.96
9d9e2fde-5fb0-507d-b93b-ae60544c6cff,hike,5,high_risk_share,low,somewhat_intimate,prior,0.52
9d9e2fde-5fb0-507d-b93b-ae60544c6cff,hike,5,high_risk_share,low,somewhat_intimate,posterior,0.72
9d9e2fde-5fb0-507d-b93b-ae60544c6cff,cooking,6,high_risk_share,low,max_formal,prior,1.0
9d9e2fde-5fb0-507d-b93b-ae60544c6cff,cooking,6,high_risk_share,low,max_formal,posterior,1.0
9d9e2fde-5fb0-507d-b93b-ae60544c6cff,drinks,7,no_share,low,somewhat_intimate,prior,0.47
9d9e2fde-5fb0-507d-b93b-ae60544c6cff,drinks,7,no_share,low,somewhat_intimate,posterior,0.0
9d9e2fde-5fb0-507d-b93b-ae60544c6cff,takeout,8,high_risk_share,high,somewhat_formal,prior,1.0
9d9e2fde-5fb0-507d-b93b-ae60544c6cff,takeout,8,high_risk_share,high,somewhat_formal,posterior,1.0
9d9e2fde-5fb0-507d-b93b-ae60544c6cff,wedding,9,low_risk_share,high,somewhat_formal,prior,0.41
9d9e2fde-5fb0-507d-b93b-ae60544c6cff,wedding,9,low_risk_share,high,somewhat_formal,posterior,0.82
9d9e2fde-5fb0-507d-b93b-ae60544c6cff,birthday,10,no_share,low,somewhat_formal,prior,0.2
9d9e2fde-5fb0-507d-b93b-ae60544c6cff,birthday,10,no_share,low,somewhat_formal,posterior,0.0
9d9e2fde-5fb0-507d-b93b-ae60544c6cff,social,11,no_share,high,somewhat_intimate,prior,0.5
9d9e2fde-5fb0-507d-b93b-ae60544c6cff,social,11,no_share,high,somewhat_intimate,posterior,0.2
9d9e2fde-5fb0-507d-b93b-ae60544c6cff,soup,12,no_share,high,max_intimate,prior,0.0
9d9e2fde-5fb0-507d-b93b-ae60544c6cff,soup,12,no_share,high,max_intimate,posterior,0.0
9d9e2fde-5fb0-507d-b93b-ae60544c6cff,brunch,13,no_share,low,max_formal,prior,0.6
9d9e2fde-5fb0-507d-b93b-ae60544c6cff,brunch,13,no_share,low,max_formal,posterior,0.42
9d9e2fde-5fb0-507d-b93b-ae60544c6cff,driving,14,high_risk_share,high,max_intimate,prior,0.85
9d9e2fde-5fb0-507d-b93b-ae60544c6cff,driving,14,high_risk_share,high,max_intimate,posterior,1.0
9d9e2fde-5fb0-507d-b93b-ae60544c6cff,oysters,15,low_risk_share,high,max_intimate,prior,1.0
9d9e2fde-5fb0-507d-b93b-ae60544c6cff,oysters,15,low_risk_share,high,max_intimate,posterior,1.0
0e6f91eb-727b-5079-9525-d3effb2b6bc0,basketball,0,low_risk_share,low,somewhat_formal,prior,0.78
0e6f91eb-727b-5079-9525-d3effb2b6bc0,basketball,0,low_risk_share,low,somewhat_formal,posterior,0.8
0e6f91eb-727b-5079-9525-d3effb2b6bc0,cooking,1,high_risk_share,high,somewhat_formal,prior,0.99
0e6f91eb-727b-5079-9525-d3effb2b6bc0,cooking,1,high_risk_share,high,somewhat_formal,posterior,1.0
0e6f91eb-727b-5079-9525-d3effb2b6bc0,dip,2,high_risk_share,low,somewhat_formal,prior,0.87
0e6f91eb-727b-5079-9525-d3effb2b6bc0,dip,2,high_risk_share,low,somewhat_formal,posterior,1.0
0e6f91eb-727b-5079-9525-d3effb2b6bc0,birthday,3,high_risk_share,high,somewhat_intimate,prior,0.78
0e6f91eb-727b-5079-9525-d3effb2b6bc0,birthday,3,high_risk_share,high,somewhat_intimate,posterior,0.81
0e6f91eb-727b-5079-9525-d3effb2b6bc0,takeout,4,low_risk_share,low,max_formal,prior,0.68
0e6f91eb-727b-5079-9525-d3effb2b6bc0,takeout,4,low_risk_share,low,max_formal,posterior,0.73
0e6f91eb-727b-5079-9525-d3effb2b6bc0,soup,5,high_risk_share,high,max_formal,prior,0.94
0e6f91eb-727b-5079-9525-d3effb2b6bc0,soup,5,high_risk_share,high,max_formal,posterior,0.81
0e6f91eb-727b-5079-9525-d3effb2b6bc0,driving,6,low_risk_share,high,max_intimate,prior,1.0
0e6f91eb-727b-5079-9525-d3effb2b6bc0,driving,6,low_risk_share,high,max_intimate,posterior,1.0
0e6f91eb-727b-5079-9525-d3effb2b6bc0,fair,7,low_risk_share,high,somewhat_intimate,prior,0.55
0e6f91eb-727b-5079-9525-d3effb2b6bc0,fair,7,low_risk_share,high,somewhat_intimate,posterior,0.56
0e6f91eb-727b-5079-9525-d3effb2b6bc0,wedding,8,no_share,high,max_formal,prior,0.66
0e6f91eb-727b-5079-9525-d3effb2b6bc0,wedding,8,no_share,high,max_formal,posterior,0.7
0e6f91eb-727b-5079-9525-d3effb2b6bc0,brunch,9,no_share,low,somewhat_intimate,prior,0.51
0e6f91eb-727b-5079-9525-d3effb2b6bc0,brunch,9,no_share,low,somewhat_intimate,posterior,0.26
0e6f91eb-727b-5079-9525-d3effb2b6bc0,gala,10,no_share,high,max_intimate,prior,0.9
0e6f91eb-727b-5079-9525-d3effb2b6bc0,gala,10,no_share,high,max_intimate,posterior,0.78
0e6f91eb-727b-5079-9525-d3effb2b6bc0,hike,11,high_risk_share,low,somewhat_intimate,prior,0.88
0e6f91eb-727b-5079-9525-d3effb2b6bc0,hike,11,high_risk_share,low,somewhat_intimate,posterior,0.93
0e6f91eb-727b-5079-9525-d3effb2b6bc0,social,12,no_share,low,max_intimate,prior,0.93
0e6f91eb-727b-5079-9525-d3effb2b6bc0,social,12,no_share,low,max_intimate,posterior,0.19
0e6f91eb-727b-5079-9525-d3effb2b6bc0,drinks,13,no_share,low,max_formal,prior,0.77
0e6f91eb-727b-5079-9525-d3effb2b6bc0,drinks,13,no_share,low,max_formal,posterior,0.39
0e6f91eb-727b-5079-9525-d3effb2b6bc0,oysters,14,low_risk_share,high,somewhat_formal,prior,0.62
0e6f91eb-727b-5079-9525-d3effb2b6bc0,oysters,14,low_risk_share,high,somewhat_formal,posterior,0.81
0e6f91eb-727b-5079-9525-d3effb2b6bc0,apples,15,low_risk_share,low,max_intimate,prior,0.76
0e6f91eb-727b-5079-9525-d3effb2b6bc0,apples,15,low_risk_share,low,max_intimate,posterior,0.9
65b791ac-442a-5e71-bdfc-7553951b77d3,cooking,0,no_share,high,max_formal,prior,0.5
65b791ac-442a-5e71-bdfc-7553951b77d3,cooking,0,no_share,high,max_formal,posterior,0.48
65b791ac-442a-5e71-bdfc-7553951b77d3,drinks,1,high_risk_share,high,somewhat_formal,prior,0.55
65b791ac-442a-5e71-bdfc-7553951b77d3,drinks,1,high_risk_share,high,somewhat_formal,posterior,0.66
65b791ac-442a-5e71-bdfc-7553951b77d3,takeout,2,no_share,high,max_intimate,prior,0.79
65b791ac-442a-5e71-bdfc-7553951b77d3,takeout,2,no_share,high,max_intimate,posterior,0.02
65b791ac-442a-5e71-bdfc-7553951b77d3,fair,3,low_risk_share,high,somewhat_formal,prior,0.54
65b791ac-442a-5e71-bdfc-7553951b77d3,fair,3,low_risk_share,high,somewhat_formal,posterior,0.53
65b791ac-442a-5e71-bdfc-7553951b77d3,gala,4,high_risk_share,low,somewhat_intimate,prior,0.95
65b791ac-442a-5e71-bdfc-7553951b77d3,gala,4,high_risk_share,low,somewhat_intimate,posterior,0.96
65b791ac-442a-5e71-bdfc-7553951b77d3,dip,5,no_share,low,max_intimate,prior,0.85
65b791ac-442a-5e71-bdfc-7553951b77d3,dip,5,no_share,low,max_intimate,posterior,0.49
65b791ac-442a-5e71-bdfc-7553951b77d3,soup,6,no_share,low,somewhat_intimate,prior,0.66
65b791ac-442a-5e71-bdfc-7553951b77d3,soup,6,no_share,low,somewhat_intimate,posterior,0.04
65b791ac-442a-5e71-bdfc-7553951b77d3,oysters,7,low_risk_share,low,max_intimate,prior,0.87
65b791ac-442a-5e71-bdfc-7553951b77d3,oysters,7,low_risk_share,low,max_intimate,posterior,0.88
65b791ac-442a-5e71-bdfc-7553951b77d3,driving,8,no_share,low,max_formal,prior,0.17
65b791ac-442a-5e71-bdfc-7553951b77d3,driving,8,no_share,low,max_formal,posterior,0.13
65b791ac-442a-5e71-bdfc-7553951b77d3,social,9,low_risk_share,low,max_formal,prior,0.51
65b791ac-442a-5e71-bdfc-7553951b77d3,social,9,low_risk_share,low,max_formal,posterior,0.51
65b791ac-442a-5e71-bdfc-7553951b77d3,birthday,10,low_risk_share,high,max_intimate,prior,0.82
65b791ac-442a-5e71-bdfc-7553951b77d3,birthday,10,low_risk_share,high,max_intimate,posterior,0.68
65b791ac-442a-5e71-bdfc-7553951b77d3,apples,11,high_risk_share,high,somewhat_intimate,prior,0.52
65b791ac-442a-5e71-bdfc-7553951b77d3,apples,11,high_risk_share,high,somewhat_intimate,posterior,0.57
65b791ac-442a-5e71-bdfc-7553951b77d3,basketball,12,high_risk_share,low,somewhat_formal,prior,0.41
65b791ac-442a-5e71-bdfc-7553951b77d3,basketball,12,high_risk_share,low,somewhat_formal,posterior,0.66
65b791ac-442a-5e71-bdfc-7553951b77d3,wedding,13,low_risk_share,low,somewhat_formal,prior,0.65
65b791ac-442a-5e71-bdfc-7553951b77d3,wedding,13,low_risk_share,low,somewhat_formal,posterior,0.68
65b791ac-442a-5e71-bdfc-7553951b77d3,brunch,14,low_risk_share,high,somewhat_intimate,prior,0.6
65b791ac-442a-5e71-bdfc-7553951b77d3,brunch,14,low_risk_share,high,somewhat_intimate,posterior,0.55
65b791ac-442a-5e71-bdfc-7553951b77d3,hike,15,high_risk_share,high,max_formal,prior,0.3
65b791ac-442a-5e71-bdfc-7553951b77d3,hike,15,high_risk_share,high,max_formal,posterior,0.66
1dd7aded-d3a9-5c90-b0f7-7ecc1de662c0,soup,0,high_risk_share,high,max_formal,prior,0.5
1dd7aded-d3a9-5c90-b0f7-7ecc1de662c0,soup,0,high_risk_share,high,max_formal,posterior,0.8
1dd7aded-d3a9-5c90-b0f7-7ecc1de662c0,hike,1,no_share,low,somewhat_formal,prior,0.56
1dd7aded-d3a9-5c90-b0f7-7ecc1de662c0,hike,1,no_share,low,somewhat_formal,posterior,0.5
1dd7aded-d3a9-5c90-b0f7-7ecc1de662c0,takeout,2,low_risk_share,low,max_intimate,prior,0.78
1dd7aded-d3a9-5c90-b0f7-7ecc1de662c0,takeout,2,low_risk_share,low,max_intimate,posterior,0.89
1dd7aded-d3a9-5c90-b0f7-7ecc1de662c0,driving,3,low_risk_share,high,max_formal,prior,0.76
1dd7aded-d3a9-5c90-b0f7-7ecc1de662c0,driving,3,low_risk_share,high,max_formal,posterior,0.9
1dd7aded-d3a9-5c90-b0f7-7ecc1de662c0,gala,4,high_risk_share,low,max_formal,prior,0.67
1dd7aded-d3a9-5c90-b0f7-7ecc1de662c0,gala,4,high_risk_share,low,max_formal,posterior,0.82
1dd7aded-d3a9-5c90-b0f7-7ecc1de662c0,fair,5,high_risk_share,low,max_intimate,prior,0.65
1dd7aded-d3a9-5c90-b0f7-7ecc1de662c0,fair,5,high_risk_share,low,max_intimate,posterior,0.89
1dd7aded-d3a9-5c90-b0f7-7ecc1de662c0,brunch,6,high_risk_share,high,somewhat_intimate,prior,0.73
1dd7aded-d3a9-5c90-b0f7-7ecc1de662c0,brunch,6,high_risk_share,high,somewhat_intimate,posterior,0.87
1dd7aded-d3a9-5c90-b0f7-7ecc1de662c0,basketball,7,low_risk_share,low,somewhat_intimate,prior,0.69
1dd7aded-d3a9-5c90-b0f7-7ecc1de662c0,basketball,7,low_risk_share,low,somewhat_intimate,posterior,0.8
1dd7aded-d3a9-5c90-b0f7-7ecc1de662c0,oysters,8,high_risk_share,high,max_intimate,prior,0.63
1dd7aded-d3a9-5c90-b0f7-7ecc1de662c0,oysters,8,high_risk_share,high,max_intimate,posterior,0.76
1dd7aded-d3a9-5c90-b0f7-7ecc1de662c0,dip,9,no_share,high,max_formal,prior,0.69
1dd7aded-d3a9-5c90-b0f7-7ecc1de662c0,dip,9,no_share,high,max_formal,posterior,0.49
1dd7aded-d3a9-5c90-b0f7-7ecc1de662c0,wedding,10,low_risk_share,high,somewhat_intimate,prior,0.67
1dd7aded-d3a9-5c90-b0f7-7ecc1de662c0,wedding,10,low_risk_share,high,somewhat_intimate,posterior,0.72
1dd7aded-d3a9-5c90-b0f7-7ecc1de662c0,birthday,11,no_share,high,somewhat_formal,prior,0.6
1dd7aded-d3a9-5c90-b0f7-7ecc1de662c0,birthday,11,no_share,high,somewhat_formal,posterior,0.38
1dd7aded-d3a9-5c90-b0f7-7ecc1de662c0,social,12,no_share,high,somewhat_intimate,prior,0.59
1dd7aded-d3a9-5c90-b0f7-7ecc1de662c0,social,12,no_share,high,somewhat_intimate,posterior,0.34
1dd7aded-d3a9-5c90-b0f7-7ecc1de662c0,cooking,13,low_risk_share,low,somewhat_formal,prior,0.7
1dd7aded-d3a9-5c90-b0f7-7ecc1de662c0,cooking,13,low_risk_share,low,somewhat_formal,posterior,0.75
1dd7aded-d3a9-5c90-b0f7-7ecc1de662c0,drinks,14,no_share,low,max_intimate,prior,0.64
1dd7aded-d3a9-5c90-b0f7-7ecc1de662c0,drinks,14,no_share,low,max_intimate,posterior,0.4
1dd7aded-d3a9-5c90-b0f7-7ecc1de662c0,apples,15,high_risk_share,low,somewhat_formal,prior,0.69
1dd7aded-d3a9-5c90-b0f7-7ecc1de662c0,apples,15,high_risk_share,low,somewhat_formal,posterior,0.87
