subject_id,scenario_label,closeness_condition,scenario_idx,closeness,action,likert_rating,p_action,risk_pred,effort_pred,discomfort_pred,risk_effort_pred,risk_effort_discomfort_pred
4e70ab6c-08df-50a1-bce0-6269c2996b70,crabs,close,5,2,0,3,0.1875,0.32949838,0.29960105,0.31679517,0.3272346,0.318014
4e70ab6c-08df-50a1-bce0-6269c2996b70,crabs,close,5,2,1,6,0.375,0.32009298,0.23267563,0.34010246,0.31816855,0.3349067
4e70ab6c-08df-50a1-bce0-6269c2996b70,crabs,close,5,2,2,3,0.1875,0.18702544,0.23678833,0.18733868,0.18890499,0.18845895
4e70ab6c-08df-50a1-bce0-6269c2996b70,crabs,close,5,2,3,4,0.25,0.16338322,0.23093499,0.1557637,0.16569182,0.15862034
4e70ab6c-08df-50a1-bce0-6269c2996b70,cooking,somewhat_close,4,1,0,2,0.1428571428571428,0.32508844,0.28153455,0.3038481,0.32288563,0.30680162
4e70ab6c-08df-50a1-bce0-6269c2996b70,cooking,somewhat_close,4,1,1,5,0.3571428571428571,0.30092797,0.22757895,0.3294611,0.2995782,0.32287404
4e70ab6c-08df-50a1-bce0-6269c2996b70,cooking,somewhat_close,4,1,2,3,0.2142857142857142,0.21122348,0.2310226,0.2139687,0.21250805,0.21430032
4e70ab6c-08df-50a1-bce0-6269c2996b70,cooking,somewhat_close,4,1,3,4,0.2857142857142857,0.16276015,0.2598639,0.15272212,0.1650281,0.15602408
4e70ab6c-08df-50a1-bce0-6269c2996b70,social,not_close,13,0,0,4,0.4,0.38478413,0.29484272,0.45282483,0.38051066,0.43652424
4e70ab6c-08df-50a1-bce0-6269c2996b70,social,not_close,13,0,1,2,0.2,0.26153043,0.23070611,0.24479835,0.261622,0.24863854
4e70ab6c-08df-50a1-bce0-6269c2996b70,social,not_close,13,0,2,3,0.3,0.20087723,0.25057164,0.17145851,0.20253547,0.17819941
4e70ab6c-08df-50a1-bce0-6269c2996b70,social,not_close,13,0,3,1,0.1,0.15280823,0.22387956,0.13091831,0.15533185,0.1366378
4e70ab6c-08df-50a1-bce0-6269c2996b70,driving,close,8,2,0,5,0.238095238095238,0.32080168,0.28850093,0.30510676,0.3188238,0.30702308
4e70ab6c-08df-50a1-bce0-6269c2996b70,driving,close,8,2,1,5,0.238095238095238,0.31365657,0.23262726,0.3255142,0.31193233,0.32208744
4e70ab6c-08df-50a1-bce0-6269c2996b70,driving,close,8,2,2,5,0.238095238095238,0.21734229,0.23673908,0.21140538,0.21852566,0.21328457
4e70ab6c-08df-50a1-bce0-6269c2996b70,driving,close,8,2,3,6,0.2857142857142857,0.14819951,0.24213271,0.15797366,0.1507182,0.1576049
4e70ab6c-08df-50a1-bce0-6269c2996b70,fair,extremely_close,9,3,0,7,0.2692307692307692,0.32837287,0.2946545,0.32941785,0.32618845,0.32789174
4e70ab6c-08df-50a1-bce0-6269c2996b70,fair,extremely_close,9,3,1,7,0.2692307692307692,0.32105917,0.21227996,0.31025007,0.31913775,0.3112323
4e70ab6c-08df-50a1-bce0-6269c2996b70,fair,extremely_close,9,3,2,6,0.2307692307692307,0.20461664,0.2554765,0.19988796,0.20614377,0.2017246
4e70ab6c-08df-50a1-bce0-6269c2996b70,fair,extremely_close,9,3,3,6,0.2307692307692307,0.14595127,0.23758905,0.1604442,0.14853,0.1591514
4e70ab6c-08df-50a1-bce0-6269c2996b70,gala,extremely_close,10,3,0,1,0.0476190476190476,0.36258376,0.29305857,0.27085638,0.35897562,0.28588986
4e70ab6c-08df-50a1-bce0-6269c2996b70,gala,extremely_close,10,3,1,7,0.3333333333333333,0.24803236,0.2547296,0.27790543,0.2483613,0.27260363
4e70ab6c-08df-50a1-bce0-6269c2996b70,gala,extremely_close,10,3,2,7,0.3333333333333333,0.21528816,0.24108168,0.25729015,0.2164861,0.2498217
4e70ab6c-08df-50a1-bce0-6269c2996b70,gala,extremely_close,10,3,3,6,0.2857142857142857,0.17409568,0.21113022,0.19394808,0.17617695,0.19168487
4e70ab6c-08df-50a1-bce0-6269c2996b70,hike,extremely_close,11,3,0,5,0.25,0.33404678,0.30082837,0.33788186,0.33169934,0.33572078
4e70ab6c-08df-50a1-bce0-6269c2996b70,hike,extremely_close,11,3,1,5,0.25,0.32451156,0.21243119,0.2973505,0.32250962,0.3014346
4e70ab6c-08df-50a1-bce0-6269c2996b70,hike,extremely_close,11,3,2,5,0.25,0.19580749,0.25311163,0.20556362,0.19755435,0.2047168
4e70ab6c-08df-50a1-bce0-6269c2996b70,hike,extremely_close,11,3,3,5,0.25,0.14563413,0.23362878,0.15920395,0.14823666,0.15812786
4e70ab6c-08df-50a1-bce0-6269c2996b70,birthday,somewhat_close,1,1,0,4,0.2,0.32165617,0.28021994,0.31222877,0.3196522,0.31307483
4e70ab6c-08df-50a1-bce0-6269c2996b70,birthday,somewhat_close,1,1,1,6,0.3,0.31348172,0.22091691,0.33197084,0.311768,0.32734334
4e70ab6c-08df-50a1-bce0-6269c2996b70,birthday,somewhat_close,1,1,2,6,0.3,0.21722111,0.24974371,0.2297937,0.21841055,0.22814302
4e70ab6c-08df-50a1-bce0-6269c2996b70,birthday,somewhat_close,1,1,3,4,0.2,0.14764105,0.24911939,0.12600674,0.15016927,0.13143879
4e70ab6c-08df-50a1-bce0-6269c2996b70,brunch,somewhat_close,2,1,0,5,0.2631578947368421,0.30243197,0.3026591,0.31512022,0.30091482,0.31172588
4e70ab6c-08df-50a1-bce0-6269c2996b70,brunch,somewhat_close,2,1,1,6,0.3157894736842105,0.29379916,0.21859324,0.28702608,0.29257798,0.28772363
4e70ab6c-08df-50a1-bce0-6269c2996b70,brunch,somewhat_close,2,1,2,3,0.1578947368421052,0.22932231,0.23039065,0.24061216,0.23006326,0.23888367
4e70ab6c-08df-50a1-bce0-6269c2996b70,brunch,somewhat_close,2,1,3,5,0.2631578947368421,0.17444655,0.24835704,0.15724157,0.17644392,0.16166675
4e70ab6c-08df-50a1-bce0-6269c2996b70,wedding,not_close,15,0,0,6,0.5,0.30876625,0.29976675,0.35758772,0.30711403,0.34737545
4e70ab6c-08df-50a1-bce0-6269c2996b70,wedding,not_close,15,0,1,3,0.25,0.29898903,0.2203311,0.32176432,0.29767475,0.31732672
4e70ab6c-08df-50a1-bce0-6269c2996b70,wedding,not_close,15,0,2,2,0.1666666666666666,0.23715827,0.23514688,0.22107239,0.23775323,0.2252434
4e70ab6c-08df-50a1-bce0-6269c2996b70,wedding,not_close,15,0,3,1,0.0833333333333333,0.15508646,0.24475528,0.099575475,0.15745798,0.110054396
4e70ab6c-08df-50a1-bce0-6269c2996b70,soup,not_close,14,0,0,7,0.5384615384615384,0.33818597,0.3010139,0.3825187,0.33563444,0.37256363
4e70ab6c-08df-50a1-bce0-6269c2996b70,soup,not_close,14,0,1,3,0.2307692307692307,0.31507322,0.22628844,0.33879057,0.31335708,0.33371714
4e70ab6c-08df-50a1-bce0-6269c2996b70,soup,not_close,14,0,2,2,0.1538461538461538,0.18950173,0.22069465,0.16353203,0.19134966,0.16979322
4e70ab6c-08df-50a1-bce0-6269c2996b70,soup,not_close,14,0,3,1,0.0769230769230769,0.15723914,0.25200298,0.11515866,0.15965882,0.12392601
4e70ab6c-08df-50a1-bce0-6269c2996b70,dip,close,6,2,0,5,0.3333333333333333,0.33769047,0.26539132,0.34952283,0.33498037,0.3457275
4e70ab6c-08df-50a1-bce0-6269c2996b70,dip,close,6,2,1,4,0.2666666666666666,0.2704545,0.25054428,0.28651547,0.27006677,0.28323793
4e70ab6c-08df-50a1-bce0-6269c2996b70,dip,close,6,2,2,4,0.2666666666666666,0.2244097,0.25625244,0.22507222,0.22533904,0.22567739
4e70ab6c-08df-50a1-bce0-6269c2996b70,dip,close,6,2,3,2,0.1333333333333333,0.16744532,0.22781193,0.13888952,0.16961384,0.1453572
4e70ab6c-08df-50a1-bce0-6269c2996b70,basketball,not_close,0,0,0,6,0.5,0.3173009,0.27931517,0.40210518,0.3154185,0.38488865
4e70ab6c-08df-50a1-bce0-6269c2996b70,basketball,not_close,0,0,1,4,0.3333333333333333,0.31123364,0.2196531,0.34911686,0.3095655,0.34244534
4e70ab6c-08df-50a1-bce0-6269c2996b70,basketball,not_close,0,0,2,1,0.0833333333333333,0.22057617,0.24769424,0.14574708,0.22165884,0.15971808
4e70ab6c-08df-50a1-bce0-6269c2996b70,basketball,not_close,0,0,3,1,0.0833333333333333,0.15088934,0.25333744,0.10303085,0.15335715,0.11294795
4e70ab6c-08df-50a1-bce0-6269c2996b70,oysters,extremely_close,12,3,0,1,0.0588235294117647,0.3400336,0.31127194,0.34521964,0.3373747,0.3425975
4e70ab6c-08df-50a1-bce0-6269c2996b70,oysters,extremely_close,12,3,1,6,0.3529411764705882,0.30284005,0.21870834,0.30538067,0.3015121,0.30410308
4e70ab6c-08df-50a1-bce0-6269c2996b70,oysters,extremely_close,12,3,2,4,0.2352941176470588,0.20254946,0.2491106,0.20126957,0.20409547,0.20247553
4e70ab6c-08df-50a1-bce0-6269c2996b70,oysters,extremely_close,12,3,3,6,0.3529411764705882,0.15457693,0.22090909,0.1481301,0.1570177,0.15082388
4e70ab6c-08df-50a1-bce0-6269c2996b70,drinks,close,7,2,0,5,0.2631578947368421,0.33517203,0.25649023,0.3006383,0.33253023,0.30577487
4e70ab6c-08df-50a1-bce0-6269c2996b70,drinks,close,7,2,1,6,0.3157894736842105,0.26757511,0.23912959,0.2817904,0.2672558,0.2787861
4e70ab6c-08df-50a1-bce0-6269c2996b70,drinks,close,7,2,2,5,0.2631578947368421,0.22562149,0.24335633,0.23456235,0.22650158,0.23337154
4e70ab6c-08df-50a1-bce0-6269c2996b70,drinks,close,7,2,3,3,0.1578947368421052,0.17163132,0.26102385,0.18300895,0.17371236,0.18206751
4e70ab6c-08df-50a1-bce0-6269c2996b70,conference,somewhat_close,3,1,0,5,0.3846153846153846,0.33627447,0.28567946,0.33678538,0.33383918,0.33548558
4e70ab6c-08df-50a1-bce0-6269c2996b70,conference,somewhat_close,3,1,1,6,0.4615384615384615,0.32249793,0.2440027,0.34514695,0.32056218,0.33959094
4e70ab6c-08df-50a1-bce0-6269c2996b70,conference,somewhat_close,3,1,2,1,0.0769230769230769,0.19272308,0.2495618,0.19635226,0.19453102,0.19690198
4e70ab6c-08df-50a1-bce0-6269c2996b70,conference,somewhat_close,3,1,3,1,0.0769230769230769,0.14850451,0.22075598,0.1217154,0.15106763,0.1280215
407d1fea-b1a2-5af8-b2f1-b3c7f99a191f,gala,extremely_close,10,3,0,6,0.4,0.36258376,0.29305857,0.27085638,0.35897562,0.28588986
407d1fea-b1a2-5af8-b2f1-b3c7f99a191f,gala,extremely_close,10,3,1,6,0.4,0.24803236,0.2547296,0.27790543,0.2483613,0.27260363
407d1fea-b1a2-5af8-b2f1-b3c7f99a191f,gala,extremely_close,10,3,2,2,0.1333333333333333,0.21528816,0.24108168,0.25729015,0.2164861,0.2498217
407d1fea-b1a2-5af8-b2f1-b3c7f99a191f,gala,extremely_close,10,3,3,1,0.0666666666666666,0.17409568,0.21113022,0.19394808,0.17617695,0.19168487
407d1fea-b1a2-5af8-b2f1-b3c7f99a191f,crabs,not_close,5,0,0,3,0.2727272727272727,0.32949838,0.29960105,0.33250704,0.3272346,0.33146152
407d1fea-b1a2-5af8-b2f1-b3c7f99a191f,crabs,not_close,5,0,1,5,0.4545454545454545,0.32009298,0.23267563,0.38626826,0.31816855,0.37187403
407d1fea-b1a2-5af8-b2f1-b3c7f99a191f,crabs,not_close,5,0,2,1,0.0909090909090909,0.18702544,0.23678833,0.15252548,0.18890499,0.16021432
407d1fea-b1a2-5af8-b2f1-b3c7f99a191f,crabs,not_close,5,0,3,2,0.1818181818181818,0.16338322,0.23093499,0.12869921,0.16569182,0.13645016
407d1fea-b1a2-5af8-b2f1-b3c7f99a191f,wedding,not_close,15,0,0,5,0.3333333333333333,0.30876625,0.29976675,0.35758772,0.30711403,0.34737545
407d1fea-b1a2-5af8-b2f1-b3c7f99a191f,wedding,not_close,15,0,1,6,0.4,0.29898903,0.2203311,0.32176432,0.29767475,0.31732672
407d1fea-b1a2-5af8-b2f1-b3c7f99a191f,wedding,not_close,15,0,2,2,0.1333333333333333,0.23715827,0.23514688,0.22107239,0.23775323,0.2252434
407d1fea-b1a2-5af8-b2f1-b3c7f99a191f,wedding,not_close,15,0,3,2,0.1333333333333333,0.15508646,0.24475528,0.099575475,0.15745798,0.110054396
407d1fea-b1a2-5af8-b2f1-b3c7f99a191f,oysters,close,12,2,0,1,0.0666666666666666,0.3400336,0.31127194,0.3257782,0.3373747,0.3269814
407d1fea-b1a2-5af8-b2f1-b3c7f99a191f,oysters,close,12,2,1,6,0.4,0.30284005,0.21870834,0.30453157,0.3015121,0.30337986
407d1fea-b1a2-5af8-b2f1-b3c7f99a191f,oysters,close,12,2,2,5,0.3333333333333333,0.20254946,0.2491106,0.20594548,0.20409547,0.20621069
407d1fea-b1a2-5af8-b2f1-b3c7f99a191f,oysters,close,12,2,3,3,0.2,0.15457693,0.22090909,0.16374475,0.1570177,0.1634281
407d1fea-b1a2-5af8-b2f1-b3c7f99a191f,hike,extremely_close,11,3,0,7,0.35,0.33404678,0.30082837,0.33788186,0.33169934,0.33572078
407d1fea-b1a2-5af8-b2f1-b3c7f99a191f,hike,extremely_close,11,3,1,3,0.15,0.32451156,0.21243119,0.2973505,0.32250962,0.3014346
407d1fea-b1a2-5af8-b2f1-b3c7f99a191f,hike,extremely_close,11,3,2,5,0.25,0.19580749,0.25311163,0.20556362,0.19755435,0.2047168
407d1fea-b1a2-5af8-b2f1-b3c7f99a191f,hike,extremely_close,11,3,3,5,0.25,0.14563413,0.23362878,0.15920395,0.14823666,0.15812786
407d1fea-b1a2-5af8-b2f1-b3c7f99a191f,basketball,close,0,2,0,1,0.0588235294117647,0.3173009,0.27931517,0.331041,0.3154185,0.32719913
407d1fea-b1a2-5af8-b2f1-b3c7f99a191f,basketball,close,0,2,1,6,0.3529411764705882,0.31123364,0.2196531,0.3025721,0.3095655,0.30337024
407d1fea-b1a2-5af8-b2f1-b3c7f99a191f,basketball,close,0,2,2,5,0.2941176470588235,0.22057617,0.24769424,0.19962241,0.22165884,0.20426738
407d1fea-b1a2-5af8-b2f1-b3c7f99a191f,basketball,close,0,2,3,5,0.2941176470588235,0.15088934,0.25333744,0.16676445,0.15335715,0.16516323
407d1fea-b1a2-5af8-b2f1-b3c7f99a191f,conference,not_close,3,0,0,5,0.3333333333333333,0.33627447,0.28567946,0.33324155,0.33383918,0.33397454
407d1fea-b1a2-5af8-b2f1-b3c7f99a191f,conference,not_close,3,0,1,3,0.2,0.32249793,0.2440027,0.41457385,0.32056218,0.3949526
407d1fea-b1a2-5af8-b2f1-b3c7f99a191f,conference,not_close,3,0,2,6,0.4,0.19272308,0.2495618,0.14458562,0.19453102,0.15464573
407d1fea-b1a2-5af8-b2f1-b3c7f99a191f,conference,not_close,3,0,3,1,0.0666666666666666,0.14850451,0.22075598,0.10759906,0.15106763,0.11642715
407d1fea-b1a2-5af8-b2f1-b3c7f99a191f,brunch,extremely_close,2,3,0,5,0.2631578947368421,0.30243197,0.3026591,0.25437948,0.30091482,0.26270998
407d1fea-b1a2-5af8-b2f1-b3c7f99a191f,brunch,extremely_close,2,3,1,5,0.2631578947368421,0.29379916,0.21859324,0.28251648,0.29257798,0.28429732
407d1fea-b1a2-5af8-b2f1-b3c7f99a191f,brunch,extremely_close,2,3,2,5,0.2631578947368421,0.22932231,0.23039065,0.2505955,0.23006326,0.24698317
407d1fea-b1a2-5af8-b2f1-b3c7f99a191f,brunch,extremely_close,2,3,3,4,0.2105263157894736,0.17444655,0.24835704,0.21250848,0.17644392,0.20600952
407d1fea-b1a2-5af8-b2f1-b3c7f99a191f,social,extremely_close,13,3,0,5,0.3846153846153846,0.38478413,0.29484272,0.35028762,0.38051066,0.35454354
407d1fea-b1a2-5af8-b2f1-b3c7f99a191f,social,extremely_close,13,3,1,4,0.3076923076923077,0.26153043,0.23070611,0.26098487,0.261622,0.26121816
407d1fea-b1a2-5af8-b2f1-b3c7f99a191f,social,extremely_close,13,3,2,2,0.1538461538461538,0.20087723,0.25057164,0.23086676,0.20253547,0.22578412
407d1fea-b1a2-5af8-b2f1-b3c7f99a191f,social,extremely_close,13,3,3,2,0.1538461538461538,0.15280823,0.22387956,0.15786076,0.15533185,0.15845421
407d1fea-b1a2-5af8-b2f1-b3c7f99a191f,driving,somewhat_close,8,1,0,5,0.25,0.32080168,0.28850093,0.31517804,0.3188238,0.3153335
407d1fea-b1a2-5af8-b2f1-b3c7f99a191f,driving,somewhat_close,8,1,1,5,0.25,0.31365657,0.23262726,0.34766352,0.31193233,0.33977747
407d1fea-b1a2-5af8-b2f1-b3c7f99a191f,driving,somewhat_close,8,1,2,5,0.25,0.21734229,0.23673908,0.20519517,0.21852566,0.20837864
407d1fea-b1a2-5af8-b2f1-b3c7f99a191f,driving,somewhat_close,8,1,3,5,0.25,0.14819951,0.24213271,0.13196324,0.1507182,0.13651037
407d1fea-b1a2-5af8-b2f1-b3c7f99a191f,birthday,close,1,2,0,2,0.1052631578947368,0.32165617,0.28021994,0.2816877,0.3196522,0.28819582
407d1fea-b1a2-5af8-b2f1-b3c7f99a191f,birthday,close,1,2,1,6,0.3157894736842105,0.31348172,0.22091691,0.31876132,0.311768,0.31678355
407d1fea-b1a2-5af8-b2f1-b3c7f99a191f,birthday,close,1,2,2,6,0.3157894736842105,0.21722111,0.24974371,0.23532178,0.21841055,0.23248664
407d1fea-b1a2-5af8-b2f1-b3c7f99a191f,birthday,close,1,2,3,5,0.2631578947368421,0.14764105,0.24911939,0.16422926,0.15016927,0.16253394
407d1fea-b1a2-5af8-b2f1-b3c7f99a191f,dip,somewhat_close,6,1,0,5,0.3333333333333333,0.33769047,0.26539132,0.36435014,0.33498037,0.3577161
407d1fea-b1a2-5af8-b2f1-b3c7f99a191f,dip,somewhat_close,6,1,1,5,0.3333333333333333,0.2704545,0.25054428,0.28163436,0.27006677,0.27957094
407d1fea-b1a2-5af8-b2f1-b3c7f99a191f,dip,somewhat_close,6,1,2,4,0.2666666666666666,0.2244097,0.25625244,0.22864093,0.22533904,0.2287165
407d1fea-b1a2-5af8-b2f1-b3c7f99a191f,dip,somewhat_close,6,1,3,1,0.0666666666666666,0.16744532,0.22781193,0.12537463,0.16961384,0.1339964
407d1fea-b1a2-5af8-b2f1-b3c7f99a191f,drinks,not_close,7,0,0,5,0.25,0.33517203,0.25649023,0.30263433,0.33253023,0.30758438
407d1fea-b1a2-5af8-b2f1-b3c7f99a191f,drinks,not_close,7,0,1,5,0.25,0.26757511,0.23912959,0.31184286,0.2672558,0.30257833
407d1fea-b1a2-5af8-b2f1-b3c7f99a191f,drinks,not_close,7,0,2,5,0.25,0.22562149,0.24335633,0.22425486,0.22650158,0.22524028
407d1fea-b1a2-5af8-b2f1-b3c7f99a191f,drinks,not_close,7,0,3,5,0.25,0.17163132,0.26102385,0.16126789,0.17371236,0.16459699
407d1fea-b1a2-5af8-b2f1-b3c7f99a191f,fair,somewhat_close,9,1,0,5,0.2777777777777778,0.32837287,0.2946545,0.29791787,0.32618845,0.30253178
407d1fea-b1a2-5af8-b2f1-b3c7f99a191f,fair,somewhat_close,9,1,1,5,0.2777777777777778,0.32105917,0.21227996,0.32904878,0.31913775,0.32632118
407d1fea-b1a2-5af8-b2f1-b3c7f99a191f,fair,somewhat_close,9,1,2,5,0.2777777777777778,0.20461664,0.2554765,0.2179913,0.20614377,0.21628724
407d1fea-b1a2-5af8-b2f1-b3c7f99a191f,fair,somewhat_close,9,1,3,3,0.1666666666666666,0.14595127,0.23758905,0.15504195,0.14853,0.15485977
407d1fea-b1a2-5af8-b2f1-b3c7f99a191f,soup,somewhat_close,14,1,0,6,0.3529411764705882,0.33818597,0.3010139,0.34452966,0.33563444,0.3417673
407d1fea-b1a2-5af8-b2f1-b3c7f99a191f,soup,somewhat_close,14,1,1,5,0.2941176470588235,0.31507322,0.22628844,0.3189721,0.31335708,0.31721324
407d1fea-b1a2-5af8-b2f1-b3c7f99a191f,soup,somewhat_close,14,1,2,2,0.1176470588235294,0.18950173,0.22069465,0.19080658,0.19134966,0.1917101
407d1fea-b1a2-5af8-b2f1-b3c7f99a191f,soup,somewhat_close,14,1,3,4,0.2352941176470588,0.15723914,0.25200298,0.14569166,0.15965882,0.14930934
407d1fea-b1a2-5af8-b2f1-b3c7f99a191f,cooking,close,4,2,0,2,0.1428571428571428,0.32508844,0.28153455,0.25373095,0.32288563,0.2657937
407d1fea-b1a2-5af8-b2f1-b3c7f99a191f,cooking,close,4,2,1,6,0.4285714285714285,0.30092797,0.22757895,0.3285871,0.2995782,0.32255453
407d1fea-b1a2-5af8-b2f1-b3c7f99a191f,cooking,close,4,2,2,5,0.3571428571428571,0.21122348,0.2310226,0.23453203,0.21250805,0.23093651
407d1fea-b1a2-5af8-b2f1-b3c7f99a191f,cooking,close,4,2,3,1,0.0714285714285714,0.16276015,0.2598639,0.18314992,0.1650281,0.18071517
281b498e-618c-53f9-83e5-e0328ad0420e,conference,not_close,3,0,0,6,0.4615384615384615,0.33627447,0.28567946,0.33324155,0.33383918,0.33397454
281b498e-618c-53f9-83e5-e0328ad0420e,conference,not_close,3,0,1,5,0.3846153846153846,0.32249793,0.2440027,0.41457385,0.32056218,0.3949526
281b498e-618c-53f9-83e5-e0328ad0420e,conference,not_close,3,0,2,1,0.0769230769230769,0.19272308,0.2495618,0.14458562,0.19453102,0.15464573
281b498e-618c-53f9-83e5-e0328ad0420e,conference,not_close,3,0,3,1,0.0769230769230769,0.14850451,0.22075598,0.10759906,0.15106763,0.11642715
281b498e-618c-53f9-83e5-e0328ad0420e,drinks,somewhat_close,7,1,0,5,0.2631578947368421,0.33517203,0.25649023,0.35535023,0.33253023,0.35018
281b498e-618c-53f9-83e5-e0328ad0420e,drinks,somewhat_close,7,1,1,5,0.2631578947368421,0.26757511,0.23912959,0.3067269,0.2672558,0.29884645
281b498e-618c-53f9-83e5-e0328ad0420e,drinks,somewhat_close,7,1,2,6,0.3157894736842105,0.22562149,0.24335633,0.19969311,0.22650158,0.20539983
281b498e-618c-53f9-83e5-e0328ad0420e,drinks,somewhat_close,7,1,3,3,0.1578947368421052,0.17163132,0.26102385,0.13822965,0.17371236,0.14557375
281b498e-618c-53f9-83e5-e0328ad0420e,gala,not_close,10,0,0,6,0.6,0.36258376,0.29305857,0.39073783,0.35897562,0.38308117
281b498e-618c-53f9-83e5-e0328ad0420e,gala,not_close,10,0,1,2,0.2,0.24803236,0.2547296,0.25930107,0.2483613,0.25750896
281b498e-618c-53f9-83e5-e0328ad0420e,gala,not_close,10,0,2,1,0.1,0.21528816,0.24108168,0.20672406,0.2164861,0.20930924
281b498e-618c-53f9-83e5-e0328ad0420e,gala,not_close,10,0,3,1,0.1,0.17409568,0.21113022,0.143237,0.17617695,0.15010062
281b498e-618c-53f9-83e5-e0328ad0420e,oysters,extremely_close,12,3,0,2,0.1666666666666666,0.3400336,0.31127194,0.34521964,0.3373747,0.3425975
281b498e-618c-53f9-83e5-e0328ad0420e,oysters,extremely_close,12,3,1,4,0.3333333333333333,0.30284005,0.21870834,0.30538067,0.3015121,0.30410308
281b498e-618c-53f9-83e5-e0328ad0420e,oysters,extremely_close,12,3,2,5,0.4166666666666667,0.20254946,0.2491106,0.20126957,0.20409547,0.20247553
281b498e-618c-53f9-83e5-e0328ad0420e,oysters,extremely_close,12,3,3,1,0.0833333333333333,0.15457693,0.22090909,0.1481301,0.1570177,0.15082388
281b498e-618c-53f9-83e5-e0328ad0420e,birthday,close,1,2,0,6,0.375,0.32165617,0.28021994,0.2816877,0.3196522,0.28819582
281b498e-618c-53f9-83e5-e0328ad0420e,birthday,close,1,2,1,6,0.375,0.31348172,0.22091691,0.31876132,0.311768,0.31678355
281b498e-618c-53f9-83e5-e0328ad0420e,birthday,close,1,2,2,3,0.1875,0.21722111,0.24974371,0.23532178,0.21841055,0.23248664
281b498e-618c-53f9-83e5-e0328ad0420e,birthday,close,1,2,3,1,0.0625,0.14764105,0.24911939,0.16422926,0.15016927,0.16253394
281b498e-618c-53f9-83e5-e0328ad0420e,hike,extremely_close,11,3,0,5,0.3846153846153846,0.33404678,0.30082837,0.33788186,0.33169934,0.33572078
281b498e-618c-53f9-83e5-e0328ad0420e,hike,extremely_close,11,3,1,6,0.4615384615384615,0.32451156,0.21243119,0.2973505,0.32250962,0.3014346
281b498e-618c-53f9-83e5-e0328ad0420e,hike,extremely_close,11,3,2,1,0.0769230769230769,0.19580749,0.25311163,0.20556362,0.19755435,0.2047168
281b498e-618c-53f9-83e5-e0328ad0420e,hike,extremely_close,11,3,3,1,0.0769230769230769,0.14563413,0.23362878,0.15920395,0.14823666,0.15812786
281b498e-618c-53f9-83e5-e0328ad0420e,basketball,close,0,2,0,6,0.5454545454545454,0.3173009,0.27931517,0.331041,0.3154185,0.32719913
281b498e-618c-53f9-83e5-e0328ad0420e,basketball,close,0,2,1,3,0.2727272727272727,0.31123364,0.2196531,0.3025721,0.3095655,0.30337024
281b498e-618c-53f9-83e5-e0328ad0420e,basketball,close,0,2,2,1,0.0909090909090909,0.22057617,0.24769424,0.19962241,0.22165884,0.20426738
281b498e-618c-53f9-83e5-e0328ad0420e,basketball,close,0,2,3,1,0.0909090909090909,0.15088934,0.25333744,0.16676445,0.15335715,0.16516323
281b498e-618c-53f9-83e5-e0328ad0420e,soup,somewhat_close,14,1,0,7,0.5833333333333334,0.33818597,0.3010139,0.34452966,0.33563444,0.3417673
281b498e-618c-53f9-83e5-e0328ad0420e,soup,somewhat_close,14,1,1,2,0.1666666666666666,0.31507322,0.22628844,0.3189721,0.31335708,0.31721324
281b498e-618c-53f9-83e5-e0328ad0420e,soup,somewhat_close,14,1,2,2,0.1666666666666666,0.18950173,0.22069465,0.19080658,0.19134966,0.1917101
281b498e-618c-53f9-83e5-e0328ad0420e,soup,somewhat_close,14,1,3,1,0.0833333333333333,0.15723914,0.25200298,0.14569166,0.15965882,0.14930934
281b498e-618c-53f9-83e5-e0328ad0420e,dip,somewhat_close,6,1,0,5,0.4545454545454545,0.33769047,0.26539132,0.36435014,0.33498037,0.3577161
281b498e-618c-53f9-83e5-e0328ad0420e,dip,somewhat_close,6,1,1,3,0.2727272727272727,0.2704545,0.25054428,0.28163436,0.27006677,0.27957094
281b498e-618c-53f9-83e5-e0328ad0420e,dip,somewhat_close,6,1,2,2,0.1818181818181818,0.2244097,0.25625244,0.22864093,0.22533904,0.2287165
281b498e-618c-53f9-83e5-e0328ad0420e,dip,somewhat_close,6,1,3,1,0.0909090909090909,0.16744532,0.22781193,0.12537463,0.16961384,0.1339964
281b498e-618c-53f9-83e5-e0328ad0420e,wedding,not_close,15,0,0,7,0.7,0.30876625,0.29976675,0.35758772,0.30711403,0.34737545
281b498e-618c-53f9-83e5-e0328ad0420e,wedding,not_close,15,0,1,1,0.1,0.29898903,0.2203311,0.32176432,0.29767475,0.31732672
281b498e-618c-53f9-83e5-e0328ad0420e,wedding,not_close,15,0,2,1,0.1,0.23715827,0.23514688,0.22107239,0.23775323,0.2252434
281b498e-618c-53f9-83e5-e0328ad0420e,wedding,not_close,15,0,3,1,0.1,0.15508646,0.24475528,0.099575475,0.15745798,0.110054396
281b498e-618c-53f9-83e5-e0328ad0420e,brunch,not_close,2,0,0,6,0.4,0.30243197,0.3026591,0.35060638,0.30091482,0.34033895
281b498e-618c-53f9-83e5-e0328ad0420e,brunch,not_close,2,0,1,5,0.3333333333333333,0.29379916,0.21859324,0.3063659,0.29257798,0.30384555
281b498e-618c-53f9-83e5-e0328ad0420e,brunch,not_close,2,0,2,3,0.2,0.22932231,0.23039065,0.22114328,0.23006326,0.22373937
281b498e-618c-53f9-83e5-e0328ad0420e,brunch,not_close,2,0,3,1,0.0666666666666666,0.17444655,0.24835704,0.121884465,0.17644392,0.13207617
281b498e-618c-53f9-83e5-e0328ad0420e,driving,close,8,2,0,6,0.5454545454545454,0.32080168,0.28850093,0.30510676,0.3188238,0.30702308
281b498e-618c-53f9-83e5-e0328ad0420e,driving,close,8,2,1,3,0.2727272727272727,0.31365657,0.23262726,0.3255142,0.31193233,0.32208744
281b498e-618c-53f9-83e5-e0328ad0420e,driving,close,8,2,2,1,0.0909090909090909,0.21734229,0.23673908,0.21140538,0.21852566,0.21328457
281b498e-618c-53f9-83e5-e0328ad0420e,driving,close,8,2,3,1,0.0909090909090909,0.14819951,0.24213271,0.15797366,0.1507182,0.1576049
281b498e-618c-53f9-83e5-e0328ad0420e,fair,close,9,2,0,2,0.1818181818181818,0.32837287,0.2946545,0.34993604,0.32618845,0.3445345
281b498e-618c-53f9-83e5-e0328ad0420e,fair,close,9,2,1,6,0.5454545454545454,0.32105917,0.21227996,0.34182274,0.31913775,0.33674547
281b498e-618c-53f9-83e5-e0328ad0420e,fair,close,9,2,2,2,0.1818181818181818,0.20461664,0.2554765,0.18358052,0.20614377,0.18860486
281b498e-618c-53f9-83e5-e0328ad0420e,fair,close,9,2,3,1,0.0909090909090909,0.14595127,0.23758905,0.12466064,0.14853,0.13011518
281b498e-618c-53f9-83e5-e0328ad0420e,social,extremely_close,13,3,0,3,0.375,0.38478413,0.29484272,0.35028762,0.38051066,0.35454354
281b498e-618c-53f9-83e5-e0328ad0420e,social,extremely_close,13,3,1,1,0.125,0.26153043,0.23070611,0.26098487,0.261622,0.26121816
281b498e-618c-53f9-83e5-e0328ad0420e,social,extremely_close,13,3,2,3,0.375,0.20087723,0.25057164,0.23086676,0.20253547,0.22578412
281b498e-618c-53f9-83e5-e0328ad0420e,social,extremely_close,13,3,3,1,0.125,0.15280823,0.22387956,0.15786076,0.15533185,0.15845421
281b498e-618c-53f9-83e5-e0328ad0420e,crabs,somewhat_close,5,1,0,2,0.1818181818181818,0.32949838,0.29960105,0.36052796,0.3272346,0.35396707
281b498e-618c-53f9-83e5-e0328ad0420e,crabs,somewhat_close,5,1,1,5,0.4545454545454545,0.32009298,0.23267563,0.37403747,0.31816855,0.36267853
281b498e-618c-53f9-83e5-e0328ad0420e,crabs,somewhat_close,5,1,2,3,0.2727272727272727,0.18702544,0.23678833,0.13190359,0.18890499,0.14269985
281b498e-618c-53f9-83e5-e0328ad0420e,crabs,somewhat_close,5,1,3,1,0.0909090909090909,0.16338322,0.23093499,0.13353097,0.16569182,0.14065453
281b498e-618c-53f9-83e5-e0328ad0420e,cooking,extremely_close,4,3,0,1,0.0714285714285714,0.32508844,0.28153455,0.26053262,0.32288563,0.27141792
281b498e-618c-53f9-83e5-e0328ad0420e,cooking,extremely_close,4,3,1,7,0.5,0.30092797,0.22757895,0.31298968,0.2995782,0.31012288
281b498e-618c-53f9-83e5-e0328ad0420e,cooking,extremely_close,4,3,2,5,0.3571428571428571,0.21122348,0.2310226,0.23388302,0.21250805,0.23035794
281b498e-618c-53f9-83e5-e0328ad0420e,cooking,extremely_close,4,3,3,1,0.0714285714285714,0.16276015,0.2598639,0.19259474,0.1650281,0.18810125
5ab907c0-aa6d-5593-99c7-9c3d5e5f060c,wedding,close,15,2,0,5,0.3125,0.30876625,0.29976675,0.30674273,0.30711403,0.3061728
5ab907c0-aa6d-5593-99c7-9c3d5e5f060c,wedding,close,15,2,1,3,0.1875,0.29898903,0.2203311,0.27808088,0.29767475,0.2813681
5ab907c0-aa6d-5593-99c7-9c3d5e5f060c,wedding,close,15,2,2,6,0.375,0.23715827,0.23514688,0.2490248,0.23775323,0.24702889
5ab907c0-aa6d-5593-99c7-9c3d5e5f060c,wedding,close,15,2,3,2,0.125,0.15508646,0.24475528,0.1661516,0.15745798,0.16543032
5ab907c0-aa6d-5593-99c7-9c3d5e5f060c,soup,close,14,2,0,7,0.5,0.33818597,0.3010139,0.3503503,0.33563444,0.34637958
5ab907c0-aa6d-5593-99c7-9c3d5e5f060c,soup,close,14,2,1,4,0.2857142857142857,0.31507322,0.22628844,0.3096027,0.31335708,0.30970412
5ab907c0-aa6d-5593-99c7-9c3d5e5f060c,soup,close,14,2,2,2,0.1428571428571428,0.18950173,0.22069465,0.19093937,0.19134966,0.19181013
5ab907c0-aa6d-5593-99c7-9c3d5e5f060c,soup,close,14,2,3,1,0.0714285714285714,0.15723914,0.25200298,0.14910766,0.15965882,0.15210615
5ab907c0-aa6d-5593-99c7-9c3d5e5f060c,birthday,extremely_close,1,3,0,5,0.3333333333333333,0.32165617,0.28021994,0.29297653,0.3196522,0.2974144
5ab907c0-aa6d-5593-99c7-9c3d5e5f060c,birthday,extremely_close,1,3,1,6,0.4,0.31348172,0.22091691,0.2967644,0.311768,0.2991094
5ab907c0-aa6d-5593-99c7-9c3d5e5f060c,birthday,extremely_close,1,3,2,3,0.2,0.21722111,0.24974371,0.24162844,0.21841055,0.2374631
5ab907c0-aa6d-5593-99c7-9c3d5e5f060c,birthday,extremely_close,1,3,3,1,0.0666666666666666,0.14764105,0.24911939,0.16863064,0.15016927,0.16601305
5ab907c0-aa6d-5593-99c7-9c3d5e5f060c,cooking,extremely_close,4,3,0,1,0.0833333333333333,0.32508844,0.28153455,0.26053262,0.32288563,0.27141792
5ab907c0-aa6d-5593-99c7-9c3d5e5f060c,cooking,extremely_close,4,3,1,7,0.5833333333333334,0.30092797,0.22757895,0.31298968,0.2995782,0.31012288
5ab907c0-aa6d-5593-99c7-9c3d5e5f060c,cooking,extremely_close,4,3,2,3,0.25,0.21122348,0.2310226,0.23388302,0.21250805,0.23035794
5ab907c0-aa6d-5593-99c7-9c3d5e5f060c,cooking,extremely_close,4,3,3,1,0.0833333333333333,0.16276015,0.2598639,0.19259474,0.1650281,0.18810125
5ab907c0-aa6d-5593-99c7-9c3d5e5f060c,drinks,not_close,7,0,0,6,0.4285714285714285,0.33517203,0.25649023,0.30263433,0.33253023,0.30758438
5ab907c0-aa6d-5593-99c7-9c3d5e5f060c,drinks,not_close,7,0,1,4,0.2857142857142857,0.26757511,0.23912959,0.31184286,0.2672558,0.30257833
5ab907c0-aa6d-5593-99c7-9c3d5e5f060c,drinks,not_close,7,0,2,3,0.2142857142857142,0.22562149,0.24335633,0.22425486,0.22650158,0.22524028
5ab907c0-aa6d-5593-99c7-9c3d5e5f060c,drinks,not_close,7,0,3,1,0.0714285714285714,0.17163132,0.26102385,0.16126789,0.17371236,0.16459699
5ab907c0-aa6d-5593-99c7-9c3d5e5f060c,dip,not_close,6,0,0,5,0.3846153846153846,0.33769047,0.26539132,0.4222383,0.33498037,0.40336716
5ab907c0-aa6d-5593-99c7-9c3d5e5f060c,dip,not_close,6,0,1,4,0.3076923076923077,0.2704545,0.25054428,0.24091707,0.27006677,0.24709393
5ab907c0-aa6d-5593-99c7-9c3d5e5f060c,dip,not_close,6,0,2,3,0.2307692307692307,0.2244097,0.25625244,0.20938475,0.22533904,0.2135127
5ab907c0-aa6d-5593-99c7-9c3d5e5f060c,dip,not_close,6,0,3,1,0.0769230769230769,0.16744532,0.22781193,0.12745976,0.16961384,0.13602626
5ab907c0-aa6d-5593-99c7-9c3d5e5f060c,brunch,extremely_close,2,3,0,4,0.2,0.30243197,0.3026591,0.25437948,0.30091482,0.26270998
5ab907c0-aa6d-5593-99c7-9c3d5e5f060c,brunch,extremely_close,2,3,1,6,0.3,0.29379916,0.21859324,0.28251648,0.29257798,0.28429732
5ab907c0-aa6d-5593-99c7-9c3d5e5f060c,brunch,extremely_close,2,3,2,5,0.25,0.22932231,0.23039065,0.2505955,0.23006326,0.24698317
5ab907c0-aa6d-5593-99c7-9c3d5e5f060c,brunch,extremely_close,2,3,3,5,0.25,0.17444655,0.24835704,0.21250848,0.17644392,0.20600952
5ab907c0-aa6d-5593-99c7-9c3d5e5f060c,fair,somewhat_close,9,1,0,2,0.25,0.32837287,0.2946545,0.29791787,0.32618845,0.30253178
5ab907c0-aa6d-5593-99c7-9c3d5e5f060c,fair,somewhat_close,9,1,1,3,0.375,0.32105917,0.21227996,0.32904878,0.31913775,0.32632118
5ab907c0-aa6d-5593-99c7-9c3d5e5f060c,fair,somewhat_close,9,1,2,2,0.25,0.20461664,0.2554765,0.2179913,0.20614377,0.21628724
5ab907c0-aa6d-5593-99c7-9c3d5e5f060c,fair,somewhat_close,9,1,3,1,0.125,0.14595127,0.23758905,0.15504195,0.14853,0.15485977
5ab907c0-aa6d-5593-99c7-9c3d5e5f060c,social,close,13,2,0,5,0.4545454545454545,0.38478413,0.29484272,0.3941475,0.38051066,0.38977
5ab907c0-aa6d-5593-99c7-9c3d5e5f060c,social,close,13,2,1,3,0.2727272727272727,0.26153043,0.23070611,0.26863965,0.261622,0.2673677
5ab907c0-aa6d-5593-99c7-9c3d5e5f060c,social,close,13,2,2,2,0.1818181818181818,0.20087723,0.25057164,0.19937879,0.20253547,0.20073907
5ab907c0-aa6d-5593-99c7-9c3d5e5f060c,social,close,13,2,3,1,0.0909090909090909,0.15280823,0.22387956,0.13783406,0.15533185,0.14212327
5ab907c0-aa6d-5593-99c7-9c3d5e5f060c,conference,extremely_close,3,3,0,5,0.2631578947368421,0.33627447,0.28567946,0.31225505,0.33383918,0.31567898
5ab907c0-aa6d-5593-99c7-9c3d5e5f060c,conference,extremely_close,3,3,1,7,0.3684210526315789,0.32249793,0.2440027,0.29103574,0.32056218,0.29611537
5ab907c0-aa6d-5593-99c7-9c3d5e5f060c,conference,extremely_close,3,3,2,6,0.3157894736842105,0.19272308,0.2495618,0.23289657,0.19453102,0.22576019
5ab907c0-aa6d-5593-99c7-9c3d5e5f060c,conference,extremely_close,3,3,3,1,0.0526315789473684,0.14850451,0.22075598,0.16381264,0.15106763,0.16244544
5ab907c0-aa6d-5593-99c7-9c3d5e5f060c,driving,not_close,8,0,0,6,0.4615384615384615,0.32080168,0.28850093,0.32237765,0.3188238,0.32171026
5ab907c0-aa6d-5593-99c7-9c3d5e5f060c,driving,not_close,8,0,1,5,0.3846153846153846,0.31365657,0.23262726,0.37901825,0.31193233,0.3648442
5ab907c0-aa6d-5593-99c7-9c3d5e5f060c,driving,not_close,8,0,2,1,0.0769230769230769,0.21734229,0.23673908,0.18294969,0.21852566,0.19041178
5ab907c0-aa6d-5593-99c7-9c3d5e5f060c,driving,not_close,8,0,3,1,0.0769230769230769,0.14819951,0.24213271,0.11565435,0.1507182,0.12303381
5ab907c0-aa6d-5593-99c7-9c3d5e5f060c,basketball,close,0,2,0,4,0.2666666666666666,0.3173009,0.27931517,0.331041,0.3154185,0.32719913
5ab907c0-aa6d-5593-99c7-9c3d5e5f060c,basketball,close,0,2,1,6,0.4,0.31123364,0.2196531,0.3025721,0.3095655,0.30337024
5ab907c0-aa6d-5593-99c7-9c3d5e5f060c,basketball,close,0,2,2,3,0.2,0.22057617,0.24769424,0.19962241,0.22165884,0.20426738
5ab907c0-aa6d-5593-99c7-9c3d5e5f060c,basketball,close,0,2,3,2,0.1333333333333333,0.15088934,0.25333744,0.16676445,0.15335715,0.16516323
5ab907c0-aa6d-5593-99c7-9c3d5e5f060c,hike,somewhat_close,11,1,0,6,0.4285714285714285,0.33404678,0.30082837,0.33502132,0.33169934,0.3334202
5ab907c0-aa6d-5593-99c7-9c3d5e5f060c,hike,somewhat_close,11,1,1,5,0.3571428571428571,0.32451156,0.21243119,0.32786852,0.32250962,0.32599643
5ab907c0-aa6d-5593-99c7-9c3d5e5f060c,hike,somewhat_close,11,1,2,2,0.1428571428571428,0.19580749,0.25311163,0.19115357,0.19755435,0.19311021
5ab907c0-aa6d-5593-99c7-9c3d5e5f060c,hike,somewhat_close,11,1,3,1,0.0714285714285714,0.14563413,0.23362878,0.14595659,0.14823666,0.1474731
5ab907c0-aa6d-5593-99c7-9c3d5e5f060c,crabs,not_close,5,0,0,5,0.4166666666666667,0.32949838,0.29960105,0.33250704,0.3272346,0.33146152
5ab907c0-aa6d-5593-99c7-9c3d5e5f060c,crabs,not_close,5,0,1,5,0.4166666666666667,0.32009298,0.23267563,0.38626826,0.31816855,0.37187403
5ab907c0-aa6d-5593-99c7-9c3d5e5f060c,crabs,not_close,5,0,2,1,0.0833333333333333,0.18702544,0.23678833,0.15252548,0.18890499,0.16021432
5ab907c0-aa6d-5593-99c7-9c3d5e5f060c,crabs,not_close,5,0,3,1,0.0833333333333333,0.16338322,0.23093499,0.12869921,0.16569182,0.13645016
5ab907c0-aa6d-5593-99c7-9c3d5e5f060c,gala,somewhat_close,10,1,0,5,0.3125,0.36258376,0.29305857,0.32763717,0.35897562,0.33230746
5ab907c0-aa6d-5593-99c7-9c3d5e5f060c,gala,somewhat_close,10,1,1,5,0.3125,0.24803236,0.2547296,0.2531211,0.2483613,0.25235286
5ab907c0-aa6d-5593-99c7-9c3d5e5f060c,gala,somewhat_close,10,1,2,4,0.25,0.21528816,0.24108168,0.2304504,0.2164861,0.2281751
5ab907c0-aa6d-5593-99c7-9c3d5e5f060c,gala,somewhat_close,10,1,3,2,0.125,0.17409568,0.21113022,0.18879129,0.17617695,0.18716459
5ab907c0-aa6d-5593-99c7-9c3d5e5f060c,oysters,somewhat_close,12,1,0,5,0.3333333333333333,0.3400336,0.31127194,0.35442063,0.3373747,0.34994653
5ab907c0-aa6d-5593-99c7-9c3d5e5f060c,oysters,somewhat_close,12,1,1,6,0.4,0.30284005,0.21870834,0.30074957,0.3015121,0.30043343
5ab907c0-aa6d-5593-99c7-9c3d5e5f060c,oysters,somewhat_close,12,1,2,2,0.1333333333333333,0.20254946,0.2491106,0.19948952,0.20409547,0.20106164
5ab907c0-aa6d-5593-99c7-9c3d5e5f060c,oysters,somewhat_close,12,1,3,2,0.1333333333333333,0.15457693,0.22090909,0.14534028,0.1570177,0.1485584
1d3ea850-d43f-5627-a818-214aa7a661e7,driving,not_close,8,0,0,4,0.2666666666666666,0.32080168,0.28850093,0.32237765,0.3188238,0.32171026
1d3ea850-d43f-5627-a818-214aa7a661e7,driving,not_close,8,0,1,6,0.4,0.31365657,0.23262726,0.37901825,0.31193233,0.3648442
1d3ea850-d43f-5627-a818-214aa7a661e7,driving,not_close,8,0,2,3,0.2,0.21734229,0.23673908,0.18294969,0.21852566,0.19041178
1d3ea850-d43f-5627-a818-214aa7a661e7,driving,not_close,8,0,3,2,0.1333333333333333,0.14819951,0.24213271,0.11565435,0.1507182,0.12303381
1d3ea850-d43f-5627-a818-214aa7a661e7,fair,close,9,2,0,3,0.25,0.32837287,0.2946545,0.34993604,0.32618845,0.3445345
1d3ea850-d43f-5627-a818-214aa7a661e7,fair,close,9,2,1,4,0.3333333333333333,0.32105917,0.21227996,0.34182274,0.31913775,0.33674547
1d3ea850-d43f-5627-a818-214aa7a661e7,fair,close,9,2,2,3,0.25,0.20461664,0.2554765,0.18358052,0.20614377,0.18860486
1d3ea850-d43f-5627-a818-214aa7a661e7,fair,close,9,2,3,2,0.1666666666666666,0.14595127,0.23758905,0.12466064,0.14853,0.13011518
1d3ea850-d43f-5627-a818-214aa7a661e7,wedding,somewhat_close,15,1,0,5,0.3125,0.30876625,0.29976675,0.3333098,0.30711403,0.32751745
1d3ea850-d43f-5627-a818-214aa7a661e7,wedding,somewhat_close,15,1,1,4,0.25,0.29898903,0.2203311,0.30216554,0.29767475,0.30098352
1d3ea850-d43f-5627-a818-214aa7a661e7,wedding,somewhat_close,15,1,2,4,0.25,0.23715827,0.23514688,0.23644876,0.23775323,0.23714605
1d3ea850-d43f-5627-a818-214aa7a661e7,wedding,somewhat_close,15,1,3,3,0.1875,0.15508646,0.24475528,0.12807587,0.15745798,0.134353
1d3ea850-d43f-5627-a818-214aa7a661e7,cooking,not_close,4,0,0,3,0.2142857142857142,0.32508844,0.28153455,0.3056378,0.32288563,0.3086708
1d3ea850-d43f-5627-a818-214aa7a661e7,cooking,not_close,4,0,1,6,0.4285714285714285,0.30092797,0.22757895,0.36421698,0.2995782,0.35040545
1d3ea850-d43f-5627-a818-214aa7a661e7,cooking,not_close,4,0,2,3,0.2142857142857142,0.21122348,0.2310226,0.18061243,0.21250805,0.1873101
1d3ea850-d43f-5627-a818-214aa7a661e7,cooking,not_close,4,0,3,2,0.1428571428571428,0.16276015,0.2598639,0.14953284,0.1650281,0.15361361
1d3ea850-d43f-5627-a818-214aa7a661e7,social,extremely_close,13,3,0,4,0.2222222222222222,0.38478413,0.29484272,0.35028762,0.38051066,0.35454354
1d3ea850-d43f-5627-a818-214aa7a661e7,social,extremely_close,13,3,1,5,0.2777777777777778,0.26153043,0.23070611,0.26098487,0.261622,0.26121816
1d3ea850-d43f-5627-a818-214aa7a661e7,social,extremely_close,13,3,2,5,0.2777777777777778,0.20087723,0.25057164,0.23086676,0.20253547,0.22578412
1d3ea850-d43f-5627-a818-214aa7a661e7,social,extremely_close,13,3,3,4,0.2222222222222222,0.15280823,0.22387956,0.15786076,0.15533185,0.15845421
1d3ea850-d43f-5627-a818-214aa7a661e7,conference,somewhat_close,3,1,0,4,0.3076923076923077,0.33627447,0.28567946,0.33678538,0.33383918,0.33548558
1d3ea850-d43f-5627-a818-214aa7a661e7,conference,somewhat_close,3,1,1,5,0.3846153846153846,0.32249793,0.2440027,0.34514695,0.32056218,0.33959094
1d3ea850-d43f-5627-a818-214aa7a661e7,conference,somewhat_close,3,1,2,3,0.2307692307692307,0.19272308,0.2495618,0.19635226,0.19453102,0.19690198
1d3ea850-d43f-5627-a818-214aa7a661e7,conference,somewhat_close,3,1,3,1,0.0769230769230769,0.14850451,0.22075598,0.1217154,0.15106763,0.1280215
1d3ea850-d43f-5627-a818-214aa7a661e7,gala,extremely_close,10,3,0,5,0.25,0.36258376,0.29305857,0.27085638,0.35897562,0.28588986
1d3ea850-d43f-5627-a818-214aa7a661e7,gala,extremely_close,10,3,1,6,0.3,0.24803236,0.2547296,0.27790543,0.2483613,0.27260363
1d3ea850-d43f-5627-a818-214aa7a661e7,gala,extremely_close,10,3,2,5,0.25,0.21528816,0.24108168,0.25729015,0.2164861,0.2498217
1d3ea850-d43f-5627-a818-214aa7a661e7,gala,extremely_close,10,3,3,4,0.2,0.17409568,0.21113022,0.19394808,0.17617695,0.19168487
1d3ea850-d43f-5627-a818-214aa7a661e7,basketball,extremely_close,0,3,0,3,0.1578947368421052,0.3173009,0.27931517,0.3131195,0.3154185,0.3128357
1d3ea850-d43f-5627-a818-214aa7a661e7,basketball,extremely_close,0,3,1,6,0.3157894736842105,0.31123364,0.2196531,0.3208935,0.3095655,0.31794766
1d3ea850-d43f-5627-a818-214aa7a661e7,basketball,extremely_close,0,3,2,5,0.2631578947368421,0.22057617,0.24769424,0.21410309,0.22165884,0.21602215
1d3ea850-d43f-5627-a818-214aa7a661e7,basketball,extremely_close,0,3,3,5,0.2631578947368421,0.15088934,0.25333744,0.15188394,0.15335715,0.15319455
1d3ea850-d43f-5627-a818-214aa7a661e7,brunch,not_close,2,0,0,4,0.2352941176470588,0.30243197,0.3026591,0.35060638,0.30091482,0.34033895
1d3ea850-d43f-5627-a818-214aa7a661e7,brunch,not_close,2,0,1,6,0.3529411764705882,0.29379916,0.21859324,0.3063659,0.29257798,0.30384555
1d3ea850-d43f-5627-a818-214aa7a661e7,brunch,not_close,2,0,2,4,0.2352941176470588,0.22932231,0.23039065,0.22114328,0.23006326,0.22373937
1d3ea850-d43f-5627-a818-214aa7a661e7,brunch,not_close,2,0,3,3,0.1764705882352941,0.17444655,0.24835704,0.121884465,0.17644392,0.13207617
1d3ea850-d43f-5627-a818-214aa7a661e7,birthday,not_close,1,0,0,6,0.3529411764705882,0.32165617,0.28021994,0.37109387,0.3196522,0.36021808
1d3ea850-d43f-5627-a818-214aa7a661e7,birthday,not_close,1,0,1,6,0.3529411764705882,0.31348172,0.22091691,0.33231905,0.311768,0.32817322
1d3ea850-d43f-5627-a818-214aa7a661e7,birthday,not_close,1,0,2,3,0.1764705882352941,0.21722111,0.24974371,0.17350394,0.21841055,0.18240416
1d3ea850-d43f-5627-a818-214aa7a661e7,birthday,not_close,1,0,3,2,0.1176470588235294,0.14764105,0.24911939,0.12308306,0.15016927,0.12920454
1d3ea850-d43f-5627-a818-214aa7a661e7,oysters,somewhat_close,12,1,0,3,0.2,0.3400336,0.31127194,0.35442063,0.3373747,0.34994653
1d3ea850-d43f-5627-a818-214aa7a661e7,oysters,somewhat_close,12,1,1,6,0.4,0.30284005,0.21870834,0.30074957,0.3015121,0.30043343
1d3ea850-d43f-5627-a818-214aa7a661e7,oysters,somewhat_close,12,1,2,3,0.2,0.20254946,0.2491106,0.19948952,0.20409547,0.20106164
1d3ea850-d43f-5627-a818-214aa7a661e7,oysters,somewhat_close,12,1,3,3,0.2,0.15457693,0.22090909,0.14534028,0.1570177,0.1485584
1d3ea850-d43f-5627-a818-214aa7a661e7,soup,close,14,2,0,5,0.3333333333333333,0.33818597,0.3010139,0.3503503,0.33563444,0.34637958
1d3ea850-d43f-5627-a818-214aa7a661e7,soup,close,14,2,1,4,0.2666666666666666,0.31507322,0.22628844,0.3096027,0.31335708,0.30970412
1d3ea850-d43f-5627-a818-214aa7a661e7,soup,close,14,2,2,3,0.2,0.18950173,0.22069465,0.19093937,0.19134966,0.19181013
1d3ea850-d43f-5627-a818-214aa7a661e7,soup,close,14,2,3,3,0.2,0.15723914,0.25200298,0.14910766,0.15965882,0.15210615
1d3ea850-d43f-5627-a818-214aa7a661e7,dip,close,6,2,0,6,0.3529411764705882,0.33769047,0.26539132,0.34952283,0.33498037,0.3457275
1d3ea850-d43f-5627-a818-214aa7a661e7,dip,close,6,2,1,5,0.2941176470588235,0.2704545,0.25054428,0.28651547,0.27006677,0.28323793
1d3ea850-d43f-5627-a818-214aa7a661e7,dip,close,6,2,2,4,0.2352941176470588,0.2244097,0.25625244,0.22507222,0.22533904,0.22567739
1d3ea850-d43f-5627-a818-214aa7a661e7,dip,close,6,2,3,2,0.1176470588235294,0.16744532,0.22781193,0.13888952,0.16961384,0.1453572
1d3ea850-d43f-5627-a818-214aa7a661e7,crabs,close,5,2,0,2,0.1428571428571428,0.32949838,0.29960105,0.31679517,0.3272346,0.318014
1d3ea850-d43f-5627-a818-214aa7a661e7,crabs,close,5,2,1,4,0.2857142857142857,0.32009298,0.23267563,0.34010246,0.31816855,0.3349067
1d3ea850-d43f-5627-a818-214aa7a661e7,crabs,close,5,2,2,3,0.2142857142857142,0.18702544,0.23678833,0.18733868,0.18890499,0.18845895
1d3ea850-d43f-5627-a818-214aa7a661e7,crabs,close,5,2,3,5,0.3571428571428571,0.16338322,0.23093499,0.1557637,0.16569182,0.15862034
1d3ea850-d43f-5627-a818-214aa7a661e7,hike,extremely_close,11,3,0,4,0.2666666666666666,0.33404678,0.30082837,0.33788186,0.33169934,0.33572078
1d3ea850-d43f-5627-a818-214aa7a661e7,hike,extremely_close,11,3,1,3,0.2,0.32451156,0.21243119,0.2973505,0.32250962,0.3014346
1d3ea850-d43f-5627-a818-214aa7a661e7,hike,extremely_close,11,3,2,5,0.3333333333333333,0.19580749,0.25311163,0.20556362,0.19755435,0.2047168
1d3ea850-d43f-5627-a818-214aa7a661e7,hike,extremely_close,11,3,3,3,0.2,0.14563413,0.23362878,0.15920395,0.14823666,0.15812786
1d3ea850-d43f-5627-a818-214aa7a661e7,drinks,somewhat_close,7,1,0,4,0.25,0.33517203,0.25649023,0.35535023,0.33253023,0.35018
1d3ea850-d43f-5627-a818-214aa7a661e7,drinks,somewhat_close,7,1,1,3,0.1875,0.26757511,0.23912959,0.3067269,0.2672558,0.29884645
1d3ea850-d43f-5627-a818-214aa7a661e7,drinks,somewhat_close,7,1,2,4,0.25,0.22562149,0.24335633,0.19969311,0.22650158,0.20539983
1d3ea850-d43f-5627-a818-214aa7a661e7,drinks,somewhat_close,7,1,3,5,0.3125,0.17163132,0.26102385,0.13822965,0.17371236,0.14557375
fb0131e3-93f3-5866-a741-7ee507735561,brunch,somewhat_close,2,1,0,4,0.2105263157894736,0.30243197,0.3026591,0.31512022,0.30091482,0.31172588
fb0131e3-93f3-5866-a741-7ee507735561,brunch,somewhat_close,2,1,1,5,0.2631578947368421,0.29379916,0.21859324,0.28702608,0.29257798,0.28772363
fb0131e3-93f3-5866-a741-7ee507735561,brunch,somewhat_close,2,1,2,6,0.3157894736842105,0.22932231,0.23039065,0.24061216,0.23006326,0.23888367
fb0131e3-93f3-5866-a741-7ee507735561,brunch,somewhat_close,2,1,3,4,0.2105263157894736,0.17444655,0.24835704,0.15724157,0.17644392,0.16166675
fb0131e3-93f3-5866-a741-7ee507735561,dip,somewhat_close,6,1,0,6,0.3333333333333333,0.33769047,0.26539132,0.36435014,0.33498037,0.3577161
fb0131e3-93f3-5866-a741-7ee507735561,dip,somewhat_close,6,1,1,5,0.2777777777777778,0.2704545,0.25054428,0.28163436,0.27006677,0.27957094
fb0131e3-93f3-5866-a741-7ee507735561,dip,somewhat_close,6,1,2,5,0.2777777777777778,0.2244097,0.25625244,0.22864093,0.22533904,0.2287165
fb0131e3-93f3-5866-a741-7ee507735561,dip,somewhat_close,6,1,3,2,0.1111111111111111,0.16744532,0.22781193,0.12537463,0.16961384,0.1339964
fb0131e3-93f3-5866-a741-7ee507735561,driving,close,8,2,0,3,0.1578947368421052,0.32080168,0.28850093,0.30510676,0.3188238,0.30702308
fb0131e3-93f3-5866-a741-7ee507735561,driving,close,8,2,1,7,0.3684210526315789,0.31365657,0.23262726,0.3255142,0.31193233,0.32208744
fb0131e3-93f3-5866-a741-7ee507735561,driving,close,8,2,2,6,0.3157894736842105,0.21734229,0.23673908,0.21140538,0.21852566,0.21328457
fb0131e3-93f3-5866-a741-7ee507735561,driving,close,8,2,3,3,0.1578947368421052,0.14819951,0.24213271,0.15797366,0.1507182,0.1576049
fb0131e3-93f3-5866-a741-7ee507735561,gala,somewhat_close,10,1,0,5,0.2631578947368421,0.36258376,0.29305857,0.32763717,0.35897562,0.33230746
fb0131e3-93f3-5866-a741-7ee507735561,gala,somewhat_close,10,1,1,6,0.3157894736842105,0.24803236,0.2547296,0.2531211,0.2483613,0.25235286
fb0131e3-93f3-5866-a741-7ee507735561,gala,somewhat_close,10,1,2,5,0.2631578947368421,0.21528816,0.24108168,0.2304504,0.2164861,0.2281751
fb0131e3-93f3-5866-a741-7ee507735561,gala,somewhat_close,10,1,3,3,0.1578947368421052,0.17409568,0.21113022,0.18879129,0.17617695,0.18716459
fb0131e3-93f3-5866-a741-7ee507735561,soup,not_close,14,0,0,7,0.4375,0.33818597,0.3010139,0.3825187,0.33563444,0.37256363
fb0131e3-93f3-5866-a741-7ee507735561,soup,not_close,14,0,1,5,0.3125,0.31507322,0.22628844,0.33879057,0.31335708,0.33371714
fb0131e3-93f3-5866-a741-7ee507735561,soup,not_close,14,0,2,1,0.0625,0.18950173,0.22069465,0.16353203,0.19134966,0.16979322
fb0131e3-93f3-5866-a741-7ee507735561,soup,not_close,14,0,3,3,0.1875,0.15723914,0.25200298,0.11515866,0.15965882,0.12392601
fb0131e3-93f3-5866-a741-7ee507735561,fair,close,9,2,0,4,0.2222222222222222,0.32837287,0.2946545,0.34993604,0.32618845,0.3445345
fb0131e3-93f3-5866-a741-7ee507735561,fair,close,9,2,1,7,0.3888888888888889,0.32105917,0.21227996,0.34182274,0.31913775,0.33674547
fb0131e3-93f3-5866-a741-7ee507735561,fair,close,9,2,2,4,0.2222222222222222,0.20461664,0.2554765,0.18358052,0.20614377,0.18860486
fb0131e3-93f3-5866-a741-7ee507735561,fair,close,9,2,3,3,0.1666666666666666,0.14595127,0.23758905,0.12466064,0.14853,0.13011518
fb0131e3-93f3-5866-a741-7ee507735561,birthday,extremely_close,1,3,0,3,0.15,0.32165617,0.28021994,0.29297653,0.3196522,0.2974144
fb0131e3-93f3-5866-a741-7ee507735561,birthday,extremely_close,1,3,1,7,0.35,0.31348172,0.22091691,0.2967644,0.311768,0.2991094
fb0131e3-93f3-5866-a741-7ee507735561,birthday,extremely_close,1,3,2,6,0.3,0.21722111,0.24974371,0.24162844,0.21841055,0.2374631
fb0131e3-93f3-5866-a741-7ee507735561,birthday,extremely_close,1,3,3,4,0.2,0.14764105,0.24911939,0.16863064,0.15016927,0.16601305
fb0131e3-93f3-5866-a741-7ee507735561,cooking,not_close,4,0,0,2,0.1,0.32508844,0.28153455,0.3056378,0.32288563,0.3086708
fb0131e3-93f3-5866-a741-7ee507735561,cooking,not_close,4,0,1,6,0.3,0.30092797,0.22757895,0.36421698,0.2995782,0.35040545
fb0131e3-93f3-5866-a741-7ee507735561,cooking,not_close,4,0,2,7,0.35,0.21122348,0.2310226,0.18061243,0.21250805,0.1873101
fb0131e3-93f3-5866-a741-7ee507735561,cooking,not_close,4,0,3,5,0.25,0.16276015,0.2598639,0.14953284,0.1650281,0.15361361
fb0131e3-93f3-5866-a741-7ee507735561,conference,not_close,3,0,0,5,0.2777777777777778,0.33627447,0.28567946,0.33324155,0.33383918,0.33397454
fb0131e3-93f3-5866-a741-7ee507735561,conference,not_close,3,0,1,6,0.3333333333333333,0.32249793,0.2440027,0.41457385,0.32056218,0.3949526
fb0131e3-93f3-5866-a741-7ee507735561,conference,not_close,3,0,2,3,0.1666666666666666,0.19272308,0.2495618,0.14458562,0.19453102,0.15464573
fb0131e3-93f3-5866-a741-7ee507735561,conference,not_close,3,0,3,4,0.2222222222222222,0.14850451,0.22075598,0.10759906,0.15106763,0.11642715
fb0131e3-93f3-5866-a741-7ee507735561,crabs,somewhat_close,5,1,0,3,0.1764705882352941,0.32949838,0.29960105,0.36052796,0.3272346,0.35396707
fb0131e3-93f3-5866-a741-7ee507735561,crabs,somewhat_close,5,1,1,7,0.4117647058823529,0.32009298,0.23267563,0.37403747,0.31816855,0.36267853
fb0131e3-93f3-5866-a741-7ee507735561,crabs,somewhat_close,5,1,2,2,0.1176470588235294,0.18702544,0.23678833,0.13190359,0.18890499,0.14269985
fb0131e3-93f3-5866-a741-7ee507735561,crabs,somewhat_close,5,1,3,5,0.2941176470588235,0.16338322,0.23093499,0.13353097,0.16569182,0.14065453
fb0131e3-93f3-5866-a741-7ee507735561,wedding,extremely_close,15,3,0,2,0.0952380952380952,0.30876625,0.29976675,0.29720375,0.30711403,0.2985504
fb0131e3-93f3-5866-a741-7ee507735561,wedding,extremely_close,15,3,1,7,0.3333333333333333,0.29898903,0.2203311,0.27952927,0.29767475,0.2825817
fb0131e3-93f3-5866-a741-7ee507735561,wedding,extremely_close,15,3,2,7,0.3333333333333333,0.23715827,0.23514688,0.2412807,0.23775323,0.24087891
fb0131e3-93f3-5866-a741-7ee507735561,wedding,extremely_close,15,3,3,5,0.238095238095238,0.15508646,0.24475528,0.18198623,0.15745798,0.17798899
fb0131e3-93f3-5866-a741-7ee507735561,hike,extremely_close,11,3,0,2,0.1111111111111111,0.33404678,0.30082837,0.33788186,0.33169934,0.33572078
fb0131e3-93f3-5866-a741-7ee507735561,hike,extremely_close,11,3,1,6,0.3333333333333333,0.32451156,0.21243119,0.2973505,0.32250962,0.3014346
fb0131e3-93f3-5866-a741-7ee507735561,hike,extremely_close,11,3,2,5,0.2777777777777778,0.19580749,0.25311163,0.20556362,0.19755435,0.2047168
fb0131e3-93f3-5866-a741-7ee507735561,hike,extremely_close,11,3,3,5,0.2777777777777778,0.14563413,0.23362878,0.15920395,0.14823666,0.15812786
fb0131e3-93f3-5866-a741-7ee507735561,social,not_close,13,0,0,6,0.5454545454545454,0.38478413,0.29484272,0.45282483,0.38051066,0.43652424
fb0131e3-93f3-5866-a741-7ee507735561,social,not_close,13,0,1,2,0.1818181818181818,0.26153043,0.23070611,0.24479835,0.261622,0.24863854
fb0131e3-93f3-5866-a741-7ee507735561,social,not_close,13,0,2,2,0.1818181818181818,0.20087723,0.25057164,0.17145851,0.20253547,0.17819941
fb0131e3-93f3-5866-a741-7ee507735561,social,not_close,13,0,3,1,0.0909090909090909,0.15280823,0.22387956,0.13091831,0.15533185,0.1366378
fb0131e3-93f3-5866-a741-7ee507735561,oysters,extremely_close,12,3,0,1,0.0625,0.3400336,0.31127194,0.34521964,0.3373747,0.3425975
fb0131e3-93f3-5866-a741-7ee507735561,oysters,extremely_close,12,3,1,6,0.375,0.30284005,0.21870834,0.30538067,0.3015121,0.30410308
fb0131e3-93f3-5866-a741-7ee507735561,oysters,extremely_close,12,3,2,5,0.3125,0.20254946,0.2491106,0.20126957,0.20409547,0.20247553
fb0131e3-93f3-5866-a741-7ee507735561,oysters,extremely_close,12,3,3,4,0.25,0.15457693,0.22090909,0.1481301,0.1570177,0.15082388
fb0131e3-93f3-5866-a741-7ee507735561,basketball,close,0,2,0,3,0.1666666666666666,0.3173009,0.27931517,0.331041,0.3154185,0.32719913
fb0131e3-93f3-5866-a741-7ee507735561,basketball,close,0,2,1,7,0.3888888888888889,0.31123364,0.2196531,0.3025721,0.3095655,0.30337024
fb0131e3-93f3-5866-a741-7ee507735561,basketball,close,0,2,2,5,0.2777777777777778,0.22057617,0.24769424,0.19962241,0.22165884,0.20426738
fb0131e3-93f3-5866-a741-7ee507735561,basketball,close,0,2,3,3,0.1666666666666666,0.15088934,0.25333744,0.16676445,0.15335715,0.16516323
fb0131e3-93f3-5866-a741-7ee507735561,drinks,close,7,2,0,1,0.0555555555555555,0.33517203,0.25649023,0.3006383,0.33253023,0.30577487
fb0131e3-93f3-5866-a741-7ee507735561,drinks,close,7,2,1,7,0.3888888888888889,0.26757511,0.23912959,0.2817904,0.2672558,0.2787861
fb0131e3-93f3-5866-a741-7ee507735561,drinks,close,7,2,2,7,0.3888888888888889,0.22562149,0.24335633,0.23456235,0.22650158,0.23337154
fb0131e3-93f3-5866-a741-7ee507735561,drinks,close,7,2,3,3,0.1666666666666666,0.17163132,0.26102385,0.18300895,0.17371236,0.18206751
9d0907f1-bc96-5a68-94a5-fdb2aa15c1d3,crabs,not_close,5,0,0,6,0.3333333333333333,0.32949838,0.29960105,0.33250704,0.3272346,0.33146152
9d0907f1-bc96-5a68-94a5-fdb2aa15c1d3,crabs,not_close,5,0,1,5,0.2777777777777778,0.32009298,0.23267563,0.38626826,0.31816855,0.37187403
9d0907f1-bc96-5a68-94a5-fdb2aa15c1d3,crabs,not_close,5,0,2,4,0.2222222222222222,0.18702544,0.23678833,0.15252548,0.18890499,0.16021432
9d0907f1-bc96-5a68-94a5-fdb2aa15c1d3,crabs,not_close,5,0,3,3,0.1666666666666666,0.16338322,0.23093499,0.12869921,0.16569182,0.13645016
9d0907f1-bc96-5a68-94a5-fdb2aa15c1d3,gala,somewhat_close,10,1,0,6,0.2857142857142857,0.36258376,0.29305857,0.32763717,0.35897562,0.33230746
9d0907f1-bc96-5a68-94a5-fdb2aa15c1d3,gala,somewhat_close,10,1,1,5,0.238095238095238,0.24803236,0.2547296,0.2531211,0.2483613,0.25235286
9d0907f1-bc96-5a68-94a5-fdb2aa15c1d3,gala,somewhat_close,10,1,2,5,0.238095238095238,0.21528816,0.24108168,0.2304504,0.2164861,0.2281751
9d0907f1-bc96-5a68-94a5-fdb2aa15c1d3,gala,somewhat_close,10,1,3,5,0.238095238095238,0.17409568,0.21113022,0.18879129,0.17617695,0.18716459
9d0907f1-bc96-5a68-94a5-fdb2aa15c1d3,soup,not_close,14,0,0,7,0.4117647058823529,0.33818597,0.3010139,0.3825187,0.33563444,0.37256363
9d0907f1-bc96-5a68-94a5-fdb2aa15c1d3,soup,not_close,14,0,1,3,0.1764705882352941,0.31507322,0.22628844,0.33879057,0.31335708,0.33371714
9d0907f1-bc96-5a68-94a5-fdb2aa15c1d3,soup,not_close,14,0,2,3,0.1764705882352941,0.18950173,0.22069465,0.16353203,0.19134966,0.16979322
9d0907f1-bc96-5a68-94a5-fdb2aa15c1d3,soup,not_close,14,0,3,4,0.2352941176470588,0.15723914,0.25200298,0.11515866,0.15965882,0.12392601
9d0907f1-bc96-5a68-94a5-fdb2aa15c1d3,social,somewhat_close,13,1,0,6,0.5,0.38478413,0.29484272,0.3939905,0.38051066,0.38956168
9d0907f1-bc96-5a68-94a5-fdb2aa15c1d3,social,somewhat_close,13,1,1,2,0.1666666666666666,0.26153043,0.23070611,0.2552778,0.261622,0.25658923
9d0907f1-bc96-5a68-94a5-fdb2aa15c1d3,social,somewhat_close,13,1,2,2,0.1666666666666666,0.20087723,0.25057164,0.20189984,0.20253547,0.20272948
9d0907f1-bc96-5a68-94a5-fdb2aa15c1d3,social,somewhat_close,13,1,3,2,0.1666666666666666,0.15280823,0.22387956,0.14883181,0.15533185,0.15111957
9d0907f1-bc96-5a68-94a5-fdb2aa15c1d3,fair,not_close,9,0,0,5,0.2941176470588235,0.32837287,0.2946545,0.33953634,0.32618845,0.33659288
9d0907f1-bc96-5a68-94a5-fdb2aa15c1d3,fair,not_close,9,0,1,5,0.2941176470588235,0.32105917,0.21227996,0.3681577,0.31913775,0.35772365
9d0907f1-bc96-5a68-94a5-fdb2aa15c1d3,fair,not_close,9,0,2,5,0.2941176470588235,0.20461664,0.2554765,0.17532648,0.20614377,0.18193142
9d0907f1-bc96-5a68-94a5-fdb2aa15c1d3,fair,not_close,9,0,3,2,0.1176470588235294,0.14595127,0.23758905,0.116979435,0.14853,0.12375206
9d0907f1-bc96-5a68-94a5-fdb2aa15c1d3,dip,not_close,6,0,0,6,0.3529411764705882,0.33769047,0.26539132,0.4222383,0.33498037,0.40336716
9d0907f1-bc96-5a68-94a5-fdb2aa15c1d3,dip,not_close,6,0,1,2,0.1176470588235294,0.2704545,0.25054428,0.24091707,0.27006677,0.24709393
9d0907f1-bc96-5a68-94a5-fdb2aa15c1d3,dip,not_close,6,0,2,5,0.2941176470588235,0.2244097,0.25625244,0.20938475,0.22533904,0.2135127
9d0907f1-bc96-5a68-94a5-fdb2aa15c1d3,dip,not_close,6,0,3,4,0.2352941176470588,0.16744532,0.22781193,0.12745976,0.16961384,0.13602626
9d0907f1-bc96-5a68-94a5-fdb2aa15c1d3,birthday,close,1,2,0,1,0.0666666666666666,0.32165617,0.28021994,0.2816877,0.3196522,0.28819582
9d0907f1-bc96-5a68-94a5-fdb2aa15c1d3,birthday,close,1,2,1,4,0.2666666666666666,0.31348172,0.22091691,0.31876132,0.311768,0.31678355
9d0907f1-bc96-5a68-94a5-fdb2aa15c1d3,birthday,close,1,2,2,5,0.3333333333333333,0.21722111,0.24974371,0.23532178,0.21841055,0.23248664
9d0907f1-bc96-5a68-94a5-fdb2aa15c1d3,birthday,close,1,2,3,5,0.3333333333333333,0.14764105,0.24911939,0.16422926,0.15016927,0.16253394
9d0907f1-bc96-5a68-94a5-fdb2aa15c1d3,driving,close,8,2,0,2,0.1111111111111111,0.32080168,0.28850093,0.30510676,0.3188238,0.30702308
9d0907f1-bc96-5a68-94a5-fdb2aa15c1d3,driving,close,8,2,1,6,0.3333333333333333,0.31365657,0.23262726,0.3255142,0.31193233,0.32208744
9d0907f1-bc96-5a68-94a5-fdb2aa15c1d3,driving,close,8,2,2,5,0.2777777777777778,0.21734229,0.23673908,0.21140538,0.21852566,0.21328457
9d0907f1-bc96-5a68-94a5-fdb2aa15c1d3,driving,close,8,2,3,5,0.2777777777777778,0.14819951,0.24213271,0.15797366,0.1507182,0.1576049
9d0907f1-bc96-5a68-94a5-fdb2aa15c1d3,hike,somewhat_close,11,1,0,2,0.1176470588235294,0.33404678,0.30082837,0.33502132,0.33169934,0.3334202
9d0907f1-bc96-5a68-94a5-fdb2aa15c1d3,hike,somewhat_close,11,1,1,5,0.2941176470588235,0.32451156,0.21243119,0.32786852,0.32250962,0.32599643
9d0907f1-bc96-5a68-94a5-fdb2aa15c1d3,hike,somewhat_close,11,1,2,5,0.2941176470588235,0.19580749,0.25311163,0.19115357,0.19755435,0.19311021
9d0907f1-bc96-5a68-94a5-fdb2aa15c1d3,hike,somewhat_close,11,1,3,5,0.2941176470588235,0.14563413,0.23362878,0.14595659,0.14823666,0.1474731
9d0907f1-bc96-5a68-94a5-fdb2aa15c1d3,oysters,extremely_close,12,3,0,3,0.1875,0.3400336,0.31127194,0.34521964,0.3373747,0.3425975
9d0907f1-bc96-5a68-94a5-fdb2aa15c1d3,oysters,extremely_close,12,3,1,5,0.3125,0.30284005,0.21870834,0.30538067,0.3015121,0.30410308
9d0907f1-bc96-5a68-94a5-fdb2aa15c1d3,oysters,extremely_close,12,3,2,2,0.125,0.20254946,0.2491106,0.20126957,0.20409547,0.20247553
9d0907f1-bc96-5a68-94a5-fdb2aa15c1d3,oysters,extremely_close,12,3,3,6,0.375,0.15457693,0.22090909,0.1481301,0.1570177,0.15082388
9d0907f1-bc96-5a68-94a5-fdb2aa15c1d3,conference,extremely_close,3,3,0,2,0.2,0.33627447,0.28567946,0.31225505,0.33383918,0.31567898
9d0907f1-bc96-5a68-94a5-fdb2aa15c1d3,conference,extremely_close,3,3,1,6,0.6,0.32249793,0.2440027,0.29103574,0.32056218,0.29611537
9d0907f1-bc96-5a68-94a5-fdb2aa15c1d3,conference,extremely_close,3,3,2,1,0.1,0.19272308,0.2495618,0.23289657,0.19453102,0.22576019
9d0907f1-bc96-5a68-94a5-fdb2aa15c1d3,conference,extremely_close,3,3,3,1,0.1,0.14850451,0.22075598,0.16381264,0.15106763,0.16244544
9d0907f1-bc96-5a68-94a5-fdb2aa15c1d3,cooking,close,4,2,0,2,0.125,0.32508844,0.28153455,0.25373095,0.32288563,0.2657937
9d0907f1-bc96-5a68-94a5-fdb2aa15c1d3,cooking,close,4,2,1,5,0.3125,0.30092797,0.22757895,0.3285871,0.2995782,0.32255453
9d0907f1-bc96-5a68-94a5-fdb2aa15c1d3,cooking,close,4,2,2,5,0.3125,0.21122348,0.2310226,0.23453203,0.21250805,0.23093651
9d0907f1-bc96-5a68-94a5-fdb2aa15c1d3,cooking,close,4,2,3,4,0.25,0.16276015,0.2598639,0.18314992,0.1650281,0.18071517
9d0907f1-bc96-5a68-94a5-fdb2aa15c1d3,wedding,extremely_close,15,3,0,4,0.2222222222222222,0.30876625,0.29976675,0.29720375,0.30711403,0.2985504
9d0907f1-bc96-5a68-94a5-fdb2aa15c1d3,wedding,extremely_close,15,3,1,3,0.1666666666666666,0.29898903,0.2203311,0.27952927,0.29767475,0.2825817
9d0907f1-bc96-5a68-94a5-fdb2aa15c1d3,wedding,extremely_close,15,3,2,5,0.2777777777777778,0.23715827,0.23514688,0.2412807,0.23775323,0.24087891
9d0907f1-bc96-5a68-94a5-fdb2aa15c1d3,wedding,extremely_close,15,3,3,6,0.3333333333333333,0.15508646,0.24475528,0.18198623,0.15745798,0.17798899
9d0907f1-bc96-5a68-94a5-fdb2aa15c1d3,drinks,extremely_close,7,3,0,1,0.0555555555555555,0.33517203,0.25649023,0.23276606,0.33253023,0.25004545
9d0907f1-bc96-5a68-94a5-fdb2aa15c1d3,drinks,extremely_close,7,3,1,5,0.2777777777777778,0.26757511,0.23912959,0.3014371,0.2672558,0.29548186
9d0907f1-bc96-5a68-94a5-fdb2aa15c1d3,drinks,extremely_close,7,3,2,6,0.3333333333333333,0.22562149,0.24335633,0.22504783,0.22650158,0.22667027
9d0907f1-bc96-5a68-94a5-fdb2aa15c1d3,drinks,extremely_close,7,3,3,6,0.3333333333333333,0.17163132,0.26102385,0.240749,0.17371236,0.22780243
9d0907f1-bc96-5a68-94a5-fdb2aa15c1d3,basketball,somewhat_close,0,1,0,3,0.1875,0.3173009,0.27931517,0.3148467,0.3154185,0.31423575
9d0907f1-bc96-5a68-94a5-fdb2aa15c1d3,basketball,somewhat_close,0,1,1,5,0.3125,0.31123364,0.2196531,0.32266358,0.3095655,0.31937057
9d0907f1-bc96-5a68-94a5-fdb2aa15c1d3,basketball,somewhat_close,0,1,2,5,0.3125,0.22057617,0.24769424,0.21528408,0.22165884,0.21698892
9d0907f1-bc96-5a68-94a5-fdb2aa15c1d3,basketball,somewhat_close,0,1,3,3,0.1875,0.15088934,0.25333744,0.14720571,0.15335715,0.1494048
9d0907f1-bc96-5a68-94a5-fdb2aa15c1d3,brunch,close,2,2,0,4,0.2105263157894736,0.30243197,0.3026591,0.2907551,0.30091482,0.29213974
9d0907f1-bc96-5a68-94a5-fdb2aa15c1d3,brunch,close,2,2,1,5,0.2631578947368421,0.29379916,0.21859324,0.28704393,0.29257798,0.28764403
9d0907f1-bc96-5a68-94a5-fdb2aa15c1d3,brunch,close,2,2,2,5,0.2631578947368421,0.22932231,0.23039065,0.23673561,0.23006326,0.23571382
9d0907f1-bc96-5a68-94a5-fdb2aa15c1d3,brunch,close,2,2,3,5,0.2631578947368421,0.17444655,0.24835704,0.1854654,0.17644392,0.1845024
6f34b165-406e-5765-b9df-7d7146d3a624,birthday,close,1,2,0,5,0.3571428571428571,0.32165617,0.28021994,0.2816877,0.3196522,0.28819582
6f34b165-406e-5765-b9df-7d7146d3a624,birthday,close,1,2,1,5,0.3571428571428571,0.31348172,0.22091691,0.31876132,0.311768,0.31678355
6f34b165-406e-5765-b9df-7d7146d3a624,birthday,close,1,2,2,3,0.2142857142857142,0.21722111,0.24974371,0.23532178,0.21841055,0.23248664
6f34b165-406e-5765-b9df-7d7146d3a624,birthday,close,1,2,3,1,0.0714285714285714,0.14764105,0.24911939,0.16422926,0.15016927,0.16253394
6f34b165-406e-5765-b9df-7d7146d3a624,wedding,close,15,2,0,6,0.3529411764705882,0.30876625,0.29976675,0.30674273,0.30711403,0.3061728
6f34b165-406e-5765-b9df-7d7146d3a624,wedding,close,15,2,1,4,0.2352941176470588,0.29898903,0.2203311,0.27808088,0.29767475,0.2813681
6f34b165-406e-5765-b9df-7d7146d3a624,wedding,close,15,2,2,5,0.2941176470588235,0.23715827,0.23514688,0.2490248,0.23775323,0.24702889
6f34b165-406e-5765-b9df-7d7146d3a624,wedding,close,15,2,3,2,0.1176470588235294,0.15508646,0.24475528,0.1661516,0.15745798,0.16543032
6f34b165-406e-5765-b9df-7d7146d3a624,cooking,extremely_close,4,3,0,4,0.25,0.32508844,0.28153455,0.26053262,0.32288563,0.27141792
6f34b165-406e-5765-b9df-7d7146d3a624,cooking,extremely_close,4,3,1,5,0.3125,0.30092797,0.22757895,0.31298968,0.2995782,0.31012288
6f34b165-406e-5765-b9df-7d7146d3a624,cooking,extremely_close,4,3,2,4,0.25,0.21122348,0.2310226,0.23388302,0.21250805,0.23035794
6f34b165-406e-5765-b9df-7d7146d3a624,cooking,extremely_close,4,3,3,3,0.1875,0.16276015,0.2598639,0.19259474,0.1650281,0.18810125
6f34b165-406e-5765-b9df-7d7146d3a624,brunch,not_close,2,0,0,5,0.2941176470588235,0.30243197,0.3026591,0.35060638,0.30091482,0.34033895
6f34b165-406e-5765-b9df-7d7146d3a624,brunch,not_close,2,0,1,5,0.2941176470588235,0.29379916,0.21859324,0.3063659,0.29257798,0.30384555
6f34b165-406e-5765-b9df-7d7146d3a624,brunch,not_close,2,0,2,4,0.2352941176470588,0.22932231,0.23039065,0.22114328,0.23006326,0.22373937
6f34b165-406e-5765-b9df-7d7146d3a624,brunch,not_close,2,0,3,3,0.1764705882352941,0.17444655,0.24835704,0.121884465,0.17644392,0.13207617
6f34b165-406e-5765-b9df-7d7146d3a624,oysters,close,12,2,0,3,0.3,0.3400336,0.31127194,0.3257782,0.3373747,0.3269814
6f34b165-406e-5765-b9df-7d7146d3a624,oysters,close,12,2,1,2,0.2,0.30284005,0.21870834,0.30453157,0.3015121,0.30337986
6f34b165-406e-5765-b9df-7d7146d3a624,oysters,close,12,2,2,4,0.4,0.20254946,0.2491106,0.20594548,0.20409547,0.20621069
6f34b165-406e-5765-b9df-7d7146d3a624,oysters,close,12,2,3,1,0.1,0.15457693,0.22090909,0.16374475,0.1570177,0.1634281
6f34b165-406e-5765-b9df-7d7146d3a624,hike,close,11,2,0,5,0.3571428571428571,0.33404678,0.30082837,0.31649798,0.33169934,0.31855774
6f34b165-406e-5765-b9df-7d7146d3a624,hike,close,11,2,1,4,0.2857142857142857,0.32451156,0.21243119,0.31296036,0.32250962,0.31405988
6f34b165-406e-5765-b9df-7d7146d3a624,hike,close,11,2,2,3,0.2142857142857142,0.19580749,0.25311163,0.20188613,0.19755435,0.20176907
6f34b165-406e-5765-b9df-7d7146d3a624,hike,close,11,2,3,2,0.1428571428571428,0.14563413,0.23362878,0.16865557,0.14823666,0.16561331
6f34b165-406e-5765-b9df-7d7146d3a624,soup,extremely_close,14,3,0,6,0.375,0.33818597,0.3010139,0.31913835,0.33563444,0.32138214
6f34b165-406e-5765-b9df-7d7146d3a624,soup,extremely_close,14,3,1,4,0.25,0.31507322,0.22628844,0.29832476,0.31335708,0.30060738
6f34b165-406e-5765-b9df-7d7146d3a624,soup,extremely_close,14,3,2,3,0.1875,0.18950173,0.22069465,0.210552,0.19134966,0.20745501
6f34b165-406e-5765-b9df-7d7146d3a624,soup,extremely_close,14,3,3,3,0.1875,0.15723914,0.25200298,0.17198491,0.15965882,0.17055549
6f34b165-406e-5765-b9df-7d7146d3a624,dip,not_close,6,0,0,6,0.4285714285714285,0.33769047,0.26539132,0.4222383,0.33498037,0.40336716
6f34b165-406e-5765-b9df-7d7146d3a624,dip,not_close,6,0,1,4,0.2857142857142857,0.2704545,0.25054428,0.24091707,0.27006677,0.24709393
6f34b165-406e-5765-b9df-7d7146d3a624,dip,not_close,6,0,2,3,0.2142857142857142,0.2244097,0.25625244,0.20938475,0.22533904,0.2135127
6f34b165-406e-5765-b9df-7d7146d3a624,dip,not_close,6,0,3,1,0.0714285714285714,0.16744532,0.22781193,0.12745976,0.16961384,0.13602626
6f34b165-406e-5765-b9df-7d7146d3a624,gala,not_close,10,0,0,4,0.2352941176470588,0.36258376,0.29305857,0.39073783,0.35897562,0.38308117
6f34b165-406e-5765-b9df-7d7146d3a624,gala,not_close,10,0,1,5,0.2941176470588235,0.24803236,0.2547296,0.25930107,0.2483613,0.25750896
6f34b165-406e-5765-b9df-7d7146d3a624,gala,not_close,10,0,2,5,0.2941176470588235,0.21528816,0.24108168,0.20672406,0.2164861,0.20930924
6f34b165-406e-5765-b9df-7d7146d3a624,gala,not_close,10,0,3,3,0.1764705882352941,0.17409568,0.21113022,0.143237,0.17617695,0.15010062
6f34b165-406e-5765-b9df-7d7146d3a624,crabs,not_close,5,0,0,3,0.2727272727272727,0.32949838,0.29960105,0.33250704,0.3272346,0.33146152
6f34b165-406e-5765-b9df-7d7146d3a624,crabs,not_close,5,0,1,4,0.3636363636363636,0.32009298,0.23267563,0.38626826,0.31816855,0.37187403
6f34b165-406e-5765-b9df-7d7146d3a624,crabs,not_close,5,0,2,2,0.1818181818181818,0.18702544,0.23678833,0.15252548,0.18890499,0.16021432
6f34b165-406e-5765-b9df-7d7146d3a624,crabs,not_close,5,0,3,2,0.1818181818181818,0.16338322,0.23093499,0.12869921,0.16569182,0.13645016
6f34b165-406e-5765-b9df-7d7146d3a624,basketball,somewhat_close,0,1,0,4,0.2666666666666666,0.3173009,0.27931517,0.3148467,0.3154185,0.31423575
6f34b165-406e-5765-b9df-7d7146d3a624,basketball,somewhat_close,0,1,1,5,0.3333333333333333,0.31123364,0.2196531,0.32266358,0.3095655,0.31937057
6f34b165-406e-5765-b9df-7d7146d3a624,basketball,somewhat_close,0,1,2,4,0.2666666666666666,0.22057617,0.24769424,0.21528408,0.22165884,0.21698892
6f34b165-406e-5765-b9df-7d7146d3a624,basketball,somewhat_close,0,1,3,2,0.1333333333333333,0.15088934,0.25333744,0.14720571,0.15335715,0.1494048
6f34b165-406e-5765-b9df-7d7146d3a624,social,extremely_close,13,3,0,4,0.3333333333333333,0.38478413,0.29484272,0.35028762,0.38051066,0.35454354
6f34b165-406e-5765-b9df-7d7146d3a624,social,extremely_close,13,3,1,3,0.25,0.26153043,0.23070611,0.26098487,0.261622,0.26121816
6f34b165-406e-5765-b9df-7d7146d3a624,social,extremely_close,13,3,2,4,0.3333333333333333,0.20087723,0.25057164,0.23086676,0.20253547,0.22578412
6f34b165-406e-5765-b9df-7d7146d3a624,social,extremely_close,13,3,3,1,0.0833333333333333,0.15280823,0.22387956,0.15786076,0.15533185,0.15845421
6f34b165-406e-5765-b9df-7d7146d3a624,driving,somewhat_close,8,1,0,4,0.2857142857142857,0.32080168,0.28850093,0.31517804,0.3188238,0.3153335
6f34b165-406e-5765-b9df-7d7146d3a624,driving,somewhat_close,8,1,1,5,0.3571428571428571,0.31365657,0.23262726,0.34766352,0.31193233,0.33977747
6f34b165-406e-5765-b9df-7d7146d3a624,driving,somewhat_close,8,1,2,3,0.2142857142857142,0.21734229,0.23673908,0.20519517,0.21852566,0.20837864
6f34b165-406e-5765-b9df-7d7146d3a624,driving,somewhat_close,8,1,3,2,0.1428571428571428,0.14819951,0.24213271,0.13196324,0.1507182,0.13651037
6f34b165-406e-5765-b9df-7d7146d3a624,drinks,somewhat_close,7,1,0,4,0.25,0.33517203,0.25649023,0.35535023,0.33253023,0.35018
6f34b165-406e-5765-b9df-7d7146d3a624,drinks,somewhat_close,7,1,1,5,0.3125,0.26757511,0.23912959,0.3067269,0.2672558,0.29884645
6f34b165-406e-5765-b9df-7d7146d3a624,drinks,somewhat_close,7,1,2,3,0.1875,0.22562149,0.24335633,0.19969311,0.22650158,0.20539983
6f34b165-406e-5765-b9df-7d7146d3a624,drinks,somewhat_close,7,1,3,4,0.25,0.17163132,0.26102385,0.13822965,0.17371236,0.14557375
6f34b165-406e-5765-b9df-7d7146d3a624,conference,extremely_close,3,3,0,4,0.25,0.33627447,0.28567946,0.31225505,0.33383918,0.31567898
6f34b165-406e-5765-b9df-7d7146d3a624,conference,extremely_close,3,3,1,5,0.3125,0.32249793,0.2440027,0.29103574,0.32056218,0.29611537
6f34b165-406e-5765-b9df-7d7146d3a624,conference,extremely_close,3,3,2,5,0.3125,0.19272308,0.2495618,0.23289657,0.19453102,0.22576019
6f34b165-406e-5765-b9df-7d7146d3a624,conference,extremely_close,3,3,3,2,0.125,0.14850451,0.22075598,0.16381264,0.15106763,0.16244544
6f34b165-406e-5765-b9df-7d7146d3a624,fair,somewhat_close,9,1,0,4,0.25,0.32837287,0.2946545,0.29791787,0.32618845,0.30253178
6f34b165-406e-5765-b9df-7d7146d3a624,fair,somewhat_close,9,1,1,5,0.3125,0.32105917,0.21227996,0.32904878,0.31913775,0.32632118
6f34b165-406e-5765-b9df-7d7146d3a624,fair,somewhat_close,9,1,2,3,0.1875,0.20461664,0.2554765,0.2179913,0.20614377,0.21628724
6f34b165-406e-5765-b9df-7d7146d3a624,fair,somewhat_close,9,1,3,4,0.25,0.14595127,0.23758905,0.15504195,0.14853,0.15485977
51ce3748-52c5-58b7-85e5-ec7c4221ca19,wedding,somewhat_close,15,1,0,7,0.3333333333333333,0.30876625,0.29976675,0.3333098,0.30711403,0.32751745
51ce3748-52c5-58b7-85e5-ec7c4221ca19,wedding,somewhat_close,15,1,1,6,0.2857142857142857,0.29898903,0.2203311,0.30216554,0.29767475,0.30098352
51ce3748-52c5-58b7-85e5-ec7c4221ca19,wedding,somewhat_close,15,1,2,5,0.238095238095238,0.23715827,0.23514688,0.23644876,0.23775323,0.23714605
51ce3748-52c5-58b7-85e5-ec7c4221ca19,wedding,somewhat_close,15,1,3,3,0.1428571428571428,0.15508646,0.24475528,0.12807587,0.15745798,0.134353
51ce3748-52c5-58b7-85e5-ec7c4221ca19,gala,not_close,10,0,0,7,0.5384615384615384,0.36258376,0.29305857,0.39073783,0.35897562,0.38308117
51ce3748-52c5-58b7-85e5-ec7c4221ca19,gala,not_close,10,0,1,3,0.2307692307692307,0.24803236,0.2547296,0.25930107,0.2483613,0.25750896
51ce3748-52c5-58b7-85e5-ec7c4221ca19,gala,not_close,10,0,2,2,0.1538461538461538,0.21528816,0.24108168,0.20672406,0.2164861,0.20930924
51ce3748-52c5-58b7-85e5-ec7c4221ca19,gala,not_close,10,0,3,1,0.0769230769230769,0.17409568,0.21113022,0.143237,0.17617695,0.15010062
51ce3748-52c5-58b7-85e5-ec7c4221ca19,oysters,somewhat_close,12,1,0,7,0.4117647058823529,0.3400336,0.31127194,0.35442063,0.3373747,0.34994653
51ce3748-52c5-58b7-85e5-ec7c4221ca19,oysters,somewhat_close,12,1,1,7,0.4117647058823529,0.30284005,0.21870834,0.30074957,0.3015121,0.30043343
51ce3748-52c5-58b7-85e5-ec7c4221ca19,oysters,somewhat_close,12,1,2,2,0.1176470588235294,0.20254946,0.2491106,0.19948952,0.20409547,0.20106164
51ce3748-52c5-58b7-85e5-ec7c4221ca19,oysters,somewhat_close,12,1,3,1,0.0588235294117647,0.15457693,0.22090909,0.14534028,0.1570177,0.1485584
51ce3748-52c5-58b7-85e5-ec7c4221ca19,cooking,extremely_close,4,3,0,7,0.2916666666666667,0.32508844,0.28153455,0.26053262,0.32288563,0.27141792
51ce3748-52c5-58b7-85e5-ec7c4221ca19,cooking,extremely_close,4,3,1,6,0.25,0.30092797,0.22757895,0.31298968,0.2995782,0.31012288
51ce3748-52c5-58b7-85e5-ec7c4221ca19,cooking,extremely_close,4,3,2,6,0.25,0.21122348,0.2310226,0.23388302,0.21250805,0.23035794
51ce3748-52c5-58b7-85e5-ec7c4221ca19,cooking,extremely_close,4,3,3,5,0.2083333333333333,0.16276015,0.2598639,0.19259474,0.1650281,0.18810125
51ce3748-52c5-58b7-85e5-ec7c4221ca19,conference,close,3,2,0,7,0.35,0.33627447,0.28567946,0.32390398,0.33383918,0.32497996
51ce3748-52c5-58b7-85e5-ec7c4221ca19,conference,close,3,2,1,7,0.35,0.32249793,0.2440027,0.31270492,0.32056218,0.31356868
51ce3748-52c5-58b7-85e5-ec7c4221ca19,conference,close,3,2,2,4,0.2,0.19272308,0.2495618,0.22254248,0.19453102,0.21759544
51ce3748-52c5-58b7-85e5-ec7c4221ca19,conference,close,3,2,3,2,0.1,0.14850451,0.22075598,0.1408486,0.15106763,0.14385588
51ce3748-52c5-58b7-85e5-ec7c4221ca19,driving,not_close,8,0,0,7,0.4375,0.32080168,0.28850093,0.32237765,0.3188238,0.32171026
51ce3748-52c5-58b7-85e5-ec7c4221ca19,driving,not_close,8,0,1,7,0.4375,0.31365657,0.23262726,0.37901825,0.31193233,0.3648442
51ce3748-52c5-58b7-85e5-ec7c4221ca19,driving,not_close,8,0,2,1,0.0625,0.21734229,0.23673908,0.18294969,0.21852566,0.19041178
51ce3748-52c5-58b7-85e5-ec7c4221ca19,driving,not_close,8,0,3,1,0.0625,0.14819951,0.24213271,0.11565435,0.1507182,0.12303381
51ce3748-52c5-58b7-85e5-ec7c4221ca19,soup,somewhat_close,14,1,0,7,0.4117647058823529,0.33818597,0.3010139,0.34452966,0.33563444,0.3417673
51ce3748-52c5-58b7-85e5-ec7c4221ca19,soup,somewhat_close,14,1,1,6,0.3529411764705882,0.31507322,0.22628844,0.3189721,0.31335708,0.31721324
51ce3748-52c5-58b7-85e5-ec7c4221ca19,soup,somewhat_close,14,1,2,2,0.1176470588235294,0.18950173,0.22069465,0.19080658,0.19134966,0.1917101
51ce3748-52c5-58b7-85e5-ec7c4221ca19,soup,somewhat_close,14,1,3,2,0.1176470588235294,0.15723914,0.25200298,0.14569166,0.15965882,0.14930934
51ce3748-52c5-58b7-85e5-ec7c4221ca19,hike,not_close,11,0,0,7,0.4375,0.33404678,0.30082837,0.37751567,0.33169934,0.36750683
51ce3748-52c5-58b7-85e5-ec7c4221ca19,hike,not_close,11,0,1,6,0.375,0.32451156,0.21243119,0.33200538,0.32250962,0.3297955
51ce3748-52c5-58b7-85e5-ec7c4221ca19,hike,not_close,11,0,2,2,0.125,0.19580749,0.25311163,0.16379511,0.19755435,0.1708626
51ce3748-52c5-58b7-85e5-ec7c4221ca19,hike,not_close,11,0,3,1,0.0625,0.14563413,0.23362878,0.12668388,0.14823666,0.13183501
51ce3748-52c5-58b7-85e5-ec7c4221ca19,basketball,close,0,2,0,7,0.4375,0.3173009,0.27931517,0.331041,0.3154185,0.32719913
51ce3748-52c5-58b7-85e5-ec7c4221ca19,basketball,close,0,2,1,6,0.375,0.31123364,0.2196531,0.3025721,0.3095655,0.30337024
51ce3748-52c5-58b7-85e5-ec7c4221ca19,basketball,close,0,2,2,2,0.125,0.22057617,0.24769424,0.19962241,0.22165884,0.20426738
51ce3748-52c5-58b7-85e5-ec7c4221ca19,basketball,close,0,2,3,1,0.0625,0.15088934,0.25333744,0.16676445,0.15335715,0.16516323
51ce3748-52c5-58b7-85e5-ec7c4221ca19,birthday,close,1,2,0,7,0.35,0.32165617,0.28021994,0.2816877,0.3196522,0.28819582
51ce3748-52c5-58b7-85e5-ec7c4221ca19,birthday,close,1,2,1,7,0.35,0.31348172,0.22091691,0.31876132,0.311768,0.31678355
51ce3748-52c5-58b7-85e5-ec7c4221ca19,birthday,close,1,2,2,4,0.2,0.21722111,0.24974371,0.23532178,0.21841055,0.23248664
51ce3748-52c5-58b7-85e5-ec7c4221ca19,birthday,close,1,2,3,2,0.1,0.14764105,0.24911939,0.16422926,0.15016927,0.16253394
51ce3748-52c5-58b7-85e5-ec7c4221ca19,crabs,extremely_close,5,3,0,7,0.3888888888888889,0.32949838,0.29960105,0.32724842,0.3272346,0.32636657
51ce3748-52c5-58b7-85e5-ec7c4221ca19,crabs,extremely_close,5,3,1,7,0.3888888888888889,0.32009298,0.23267563,0.31487674,0.31816855,0.31478795
51ce3748-52c5-58b7-85e5-ec7c4221ca19,crabs,extremely_close,5,3,2,2,0.1111111111111111,0.18702544,0.23678833,0.17663889,0.18890499,0.17975125
51ce3748-52c5-58b7-85e5-ec7c4221ca19,crabs,extremely_close,5,3,3,2,0.1111111111111111,0.16338322,0.23093499,0.18123591,0.16569182,0.17909427
51ce3748-52c5-58b7-85e5-ec7c4221ca19,dip,extremely_close,6,3,0,7,0.3181818181818182,0.33769047,0.26539132,0.3300849,0.33498037,0.3299841
51ce3748-52c5-58b7-85e5-ec7c4221ca19,dip,extremely_close,6,3,1,6,0.2727272727272727,0.2704545,0.25054428,0.27360496,0.27006677,0.27276102
51ce3748-52c5-58b7-85e5-ec7c4221ca19,dip,extremely_close,6,3,2,6,0.2727272727272727,0.2244097,0.25625244,0.23491126,0.22533904,0.23339608
51ce3748-52c5-58b7-85e5-ec7c4221ca19,dip,extremely_close,6,3,3,3,0.1363636363636363,0.16744532,0.22781193,0.16139889,0.16961384,0.1638588
51ce3748-52c5-58b7-85e5-ec7c4221ca19,social,somewhat_close,13,1,0,7,0.5,0.38478413,0.29484272,0.3939905,0.38051066,0.38956168
51ce3748-52c5-58b7-85e5-ec7c4221ca19,social,somewhat_close,13,1,1,3,0.2142857142857142,0.26153043,0.23070611,0.2552778,0.261622,0.25658923
51ce3748-52c5-58b7-85e5-ec7c4221ca19,social,somewhat_close,13,1,2,3,0.2142857142857142,0.20087723,0.25057164,0.20189984,0.20253547,0.20272948
51ce3748-52c5-58b7-85e5-ec7c4221ca19,social,somewhat_close,13,1,3,1,0.0714285714285714,0.15280823,0.22387956,0.14883181,0.15533185,0.15111957
51ce3748-52c5-58b7-85e5-ec7c4221ca19,drinks,extremely_close,7,3,0,4,0.25,0.33517203,0.25649023,0.23276606,0.33253023,0.25004545
51ce3748-52c5-58b7-85e5-ec7c4221ca19,drinks,extremely_close,7,3,1,4,0.25,0.26757511,0.23912959,0.3014371,0.2672558,0.29548186
51ce3748-52c5-58b7-85e5-ec7c4221ca19,drinks,extremely_close,7,3,2,4,0.25,0.22562149,0.24335633,0.22504783,0.22650158,0.22667027
51ce3748-52c5-58b7-85e5-ec7c4221ca19,drinks,extremely_close,7,3,3,4,0.25,0.17163132,0.26102385,0.240749,0.17371236,0.22780243
51ce3748-52c5-58b7-85e5-ec7c4221ca19,brunch,close,2,2,0,7,0.3684210526315789,0.30243197,0.3026591,0.2907551,0.30091482,0.29213974
51ce3748-52c5-58b7-85e5-ec7c4221ca19,brunch,close,2,2,1,7,0.3684210526315789,0.29379916,0.21859324,0.28704393,0.29257798,0.28764403
51ce3748-52c5-58b7-85e5-ec7c4221ca19,brunch,close,2,2,2,3,0.1578947368421052,0.22932231,0.23039065,0.23673561,0.23006326,0.23571382
51ce3748-52c5-58b7-85e5-ec7c4221ca19,brunch,close,2,2,3,2,0.1052631578947368,0.17444655,0.24835704,0.1854654,0.17644392,0.1845024
51ce3748-52c5-58b7-85e5-ec7c4221ca19,fair,not_close,9,0,0,7,0.4666666666666667,0.32837287,0.2946545,0.33953634,0.32618845,0.33659288
51ce3748-52c5-58b7-85e5-ec7c4221ca19,fair,not_close,9,0,1,6,0.4,0.32105917,0.21227996,0.3681577,0.31913775,0.35772365
51ce3748-52c5-58b7-85e5-ec7c4221ca19,fair,not_close,9,0,2,1,0.0666666666666666,0.20461664,0.2554765,0.17532648,0.20614377,0.18193142
51ce3748-52c5-58b7-85e5-ec7c4221ca19,fair,not_close,9,0,3,1,0.0666666666666666,0.14595127,0.23758905,0.116979435,0.14853,0.12375206
fa88935e-8667-5d90-afaa-8342aafef5bd,gala,somewhat_close,10,1,0,7,0.5833333333333334,0.36258376,0.29305857,0.32763717,0.35897562,0.33230746
fa88935e-8667-5d90-afaa-8342aafef5bd,gala,somewhat_close,10,1,1,2,0.1666666666666666,0.24803236,0.2547296,0.2531211,0.2483613,0.25235286
fa88935e-8667-5d90-afaa-8342aafef5bd,gala,somewhat_close,10,1,2,1,0.0833333333333333,0.21528816,0.24108168,0.2304504,0.2164861,0.2281751
fa88935e-8667-5d90-afaa-8342aafef5bd,gala,somewhat_close,10,1,3,2,0.1666666666666666,0.17409568,0.21113022,0.18879129,0.17617695,0.18716459
fa88935e-8667-5d90-afaa-8342aafef5bd,oysters,not_close,12,0,0,7,0.4117647058823529,0.3400336,0.31127194,0.3653165,0.3373747,0.35897037
fa88935e-8667-5d90-afaa-8342aafef5bd,oysters,not_close,12,0,1,3,0.1764705882352941,0.30284005,0.21870834,0.32647744,0.3015121,0.32125935
fa88935e-8667-5d90-afaa-8342aafef5bd,oysters,not_close,12,0,2,4,0.2352941176470588,0.20254946,0.2491106,0.18403101,0.20409547,0.1886821
fa88935e-8667-5d90-afaa-8342aafef5bd,oysters,not_close,12,0,3,3,0.1764705882352941,0.15457693,0.22090909,0.12417514,0.1570177,0.13108808
fa88935e-8667-5d90-afaa-8342aafef5bd,wedding,extremely_close,15,3,0,3,0.1578947368421052,0.30876625,0.29976675,0.29720375,0.30711403,0.2985504
fa88935e-8667-5d90-afaa-8342aafef5bd,wedding,extremely_close,15,3,1,7,0.3684210526315789,0.29898903,0.2203311,0.27952927,0.29767475,0.2825817
fa88935e-8667-5d90-afaa-8342aafef5bd,wedding,extremely_close,15,3,2,6,0.3157894736842105,0.23715827,0.23514688,0.2412807,0.23775323,0.24087891
fa88935e-8667-5d90-afaa-8342aafef5bd,wedding,extremely_close,15,3,3,3,0.1578947368421052,0.15508646,0.24475528,0.18198623,0.15745798,0.17798899
fa88935e-8667-5d90-afaa-8342aafef5bd,cooking,extremely_close,4,3,0,1,0.0526315789473684,0.32508844,0.28153455,0.26053262,0.32288563,0.27141792
fa88935e-8667-5d90-afaa-8342aafef5bd,cooking,extremely_close,4,3,1,7,0.3684210526315789,0.30092797,0.22757895,0.31298968,0.2995782,0.31012288
fa88935e-8667-5d90-afaa-8342aafef5bd,cooking,extremely_close,4,3,2,6,0.3157894736842105,0.21122348,0.2310226,0.23388302,0.21250805,0.23035794
fa88935e-8667-5d90-afaa-8342aafef5bd,cooking,extremely_close,4,3,3,5,0.2631578947368421,0.16276015,0.2598639,0.19259474,0.1650281,0.18810125
fa88935e-8667-5d90-afaa-8342aafef5bd,drinks,extremely_close,7,3,0,1,0.0526315789473684,0.33517203,0.25649023,0.23276606,0.33253023,0.25004545
fa88935e-8667-5d90-afaa-8342aafef5bd,drinks,extremely_close,7,3,1,6,0.3157894736842105,0.26757511,0.23912959,0.3014371,0.2672558,0.29548186
fa88935e-8667-5d90-afaa-8342aafef5bd,drinks,extremely_close,7,3,2,7,0.3684210526315789,0.22562149,0.24335633,0.22504783,0.22650158,0.22667027
fa88935e-8667-5d90-afaa-8342aafef5bd,drinks,extremely_close,7,3,3,5,0.2631578947368421,0.17163132,0.26102385,0.240749,0.17371236,0.22780243
fa88935e-8667-5d90-afaa-8342aafef5bd,soup,not_close,14,0,0,7,0.5384615384615384,0.33818597,0.3010139,0.3825187,0.33563444,0.37256363
fa88935e-8667-5d90-afaa-8342aafef5bd,soup,not_close,14,0,1,3,0.2307692307692307,0.31507322,0.22628844,0.33879057,0.31335708,0.33371714
fa88935e-8667-5d90-afaa-8342aafef5bd,soup,not_close,14,0,2,2,0.1538461538461538,0.18950173,0.22069465,0.16353203,0.19134966,0.16979322
fa88935e-8667-5d90-afaa-8342aafef5bd,soup,not_close,14,0,3,1,0.0769230769230769,0.15723914,0.25200298,0.11515866,0.15965882,0.12392601
fa88935e-8667-5d90-afaa-8342aafef5bd,crabs,not_close,5,0,0,7,0.5833333333333334,0.32949838,0.29960105,0.33250704,0.3272346,0.33146152
fa88935e-8667-5d90-afaa-8342aafef5bd,crabs,not_close,5,0,1,3,0.25,0.32009298,0.23267563,0.38626826,0.31816855,0.37187403
fa88935e-8667-5d90-afaa-8342aafef5bd,crabs,not_close,5,0,2,1,0.0833333333333333,0.18702544,0.23678833,0.15252548,0.18890499,0.16021432
fa88935e-8667-5d90-afaa-8342aafef5bd,crabs,not_close,5,0,3,1,0.0833333333333333,0.16338322,0.23093499,0.12869921,0.16569182,0.13645016
fa88935e-8667-5d90-afaa-8342aafef5bd,driving,close,8,2,0,6,0.3,0.32080168,0.28850093,0.30510676,0.3188238,0.30702308
fa88935e-8667-5d90-afaa-8342aafef5bd,driving,close,8,2,1,7,0.35,0.31365657,0.23262726,0.3255142,0.31193233,0.32208744
fa88935e-8667-5d90-afaa-8342aafef5bd,driving,close,8,2,2,5,0.25,0.21734229,0.23673908,0.21140538,0.21852566,0.21328457
fa88935e-8667-5d90-afaa-8342aafef5bd,driving,close,8,2,3,2,0.1,0.14819951,0.24213271,0.15797366,0.1507182,0.1576049
fa88935e-8667-5d90-afaa-8342aafef5bd,hike,somewhat_close,11,1,0,7,0.5384615384615384,0.33404678,0.30082837,0.33502132,0.33169934,0.3334202
fa88935e-8667-5d90-afaa-8342aafef5bd,hike,somewhat_close,11,1,1,3,0.2307692307692307,0.32451156,0.21243119,0.32786852,0.32250962,0.32599643
fa88935e-8667-5d90-afaa-8342aafef5bd,hike,somewhat_close,11,1,2,2,0.1538461538461538,0.19580749,0.25311163,0.19115357,0.19755435,0.19311021
fa88935e-8667-5d90-afaa-8342aafef5bd,hike,somewhat_close,11,1,3,1,0.0769230769230769,0.14563413,0.23362878,0.14595659,0.14823666,0.1474731
fa88935e-8667-5d90-afaa-8342aafef5bd,birthday,close,1,2,0,3,0.1578947368421052,0.32165617,0.28021994,0.2816877,0.3196522,0.28819582
fa88935e-8667-5d90-afaa-8342aafef5bd,birthday,close,1,2,1,7,0.3684210526315789,0.31348172,0.22091691,0.31876132,0.311768,0.31678355
fa88935e-8667-5d90-afaa-8342aafef5bd,birthday,close,1,2,2,6,0.3157894736842105,0.21722111,0.24974371,0.23532178,0.21841055,0.23248664
fa88935e-8667-5d90-afaa-8342aafef5bd,birthday,close,1,2,3,3,0.1578947368421052,0.14764105,0.24911939,0.16422926,0.15016927,0.16253394
fa88935e-8667-5d90-afaa-8342aafef5bd,social,close,13,2,0,7,0.4375,0.38478413,0.29484272,0.3941475,0.38051066,0.38977
fa88935e-8667-5d90-afaa-8342aafef5bd,social,close,13,2,1,2,0.125,0.26153043,0.23070611,0.26863965,0.261622,0.2673677
fa88935e-8667-5d90-afaa-8342aafef5bd,social,close,13,2,2,6,0.375,0.20087723,0.25057164,0.19937879,0.20253547,0.20073907
fa88935e-8667-5d90-afaa-8342aafef5bd,social,close,13,2,3,1,0.0625,0.15280823,0.22387956,0.13783406,0.15533185,0.14212327
fa88935e-8667-5d90-afaa-8342aafef5bd,fair,not_close,9,0,0,7,0.3888888888888889,0.32837287,0.2946545,0.33953634,0.32618845,0.33659288
fa88935e-8667-5d90-afaa-8342aafef5bd,fair,not_close,9,0,1,3,0.1666666666666666,0.32105917,0.21227996,0.3681577,0.31913775,0.35772365
fa88935e-8667-5d90-afaa-8342aafef5bd,fair,not_close,9,0,2,2,0.1111111111111111,0.20461664,0.2554765,0.17532648,0.20614377,0.18193142
fa88935e-8667-5d90-afaa-8342aafef5bd,fair,not_close,9,0,3,6,0.3333333333333333,0.14595127,0.23758905,0.116979435,0.14853,0.12375206
fa88935e-8667-5d90-afaa-8342aafef5bd,conference,extremely_close,3,3,0,3,0.1764705882352941,0.33627447,0.28567946,0.31225505,0.33383918,0.31567898
fa88935e-8667-5d90-afaa-8342aafef5bd,conference,extremely_close,3,3,1,7,0.4117647058823529,0.32249793,0.2440027,0.29103574,0.32056218,0.29611537
fa88935e-8667-5d90-afaa-8342aafef5bd,conference,extremely_close,3,3,2,6,0.3529411764705882,0.19272308,0.2495618,0.23289657,0.19453102,0.22576019
fa88935e-8667-5d90-afaa-8342aafef5bd,conference,extremely_close,3,3,3,1,0.0588235294117647,0.14850451,0.22075598,0.16381264,0.15106763,0.16244544
fa88935e-8667-5d90-afaa-8342aafef5bd,basketball,somewhat_close,0,1,0,3,0.2727272727272727,0.3173009,0.27931517,0.3148467,0.3154185,0.31423575
fa88935e-8667-5d90-afaa-8342aafef5bd,basketball,somewhat_close,0,1,1,6,0.5454545454545454,0.31123364,0.2196531,0.32266358,0.3095655,0.31937057
fa88935e-8667-5d90-afaa-8342aafef5bd,basketball,somewhat_close,0,1,2,1,0.0909090909090909,0.22057617,0.24769424,0.21528408,0.22165884,0.21698892
fa88935e-8667-5d90-afaa-8342aafef5bd,basketball,somewhat_close,0,1,3,1,0.0909090909090909,0.15088934,0.25333744,0.14720571,0.15335715,0.1494048
fa88935e-8667-5d90-afaa-8342aafef5bd,brunch,close,2,2,0,6,0.2727272727272727,0.30243197,0.3026591,0.2907551,0.30091482,0.29213974
fa88935e-8667-5d90-afaa-8342aafef5bd,brunch,close,2,2,1,7,0.3181818181818182,0.29379916,0.21859324,0.28704393,0.29257798,0.28764403
fa88935e-8667-5d90-afaa-8342aafef5bd,brunch,close,2,2,2,6,0.2727272727272727,0.22932231,0.23039065,0.23673561,0.23006326,0.23571382
fa88935e-8667-5d90-afaa-8342aafef5bd,brunch,close,2,2,3,3,0.1363636363636363,0.17444655,0.24835704,0.1854654,0.17644392,0.1845024
fa88935e-8667-5d90-afaa-8342aafef5bd,dip,somewhat_close,6,1,0,7,0.5384615384615384,0.33769047,0.26539132,0.36435014,0.33498037,0.3577161
fa88935e-8667-5d90-afaa-8342aafef5bd,dip,somewhat_close,6,1,1,3,0.2307692307692307,0.2704545,0.25054428,0.28163436,0.27006677,0.27957094
fa88935e-8667-5d90-afaa-8342aafef5bd,dip,somewhat_close,6,1,2,2,0.1538461538461538,0.2244097,0.25625244,0.22864093,0.22533904,0.2287165
fa88935e-8667-5d90-afaa-8342aafef5bd,dip,somewhat_close,6,1,3,1,0.0769230769230769,0.16744532,0.22781193,0.12537463,0.16961384,0.1339964
a63ac7b3-066a-5437-850f-ff8400333a29,brunch,extremely_close,2,3,0,6,0.4,0.30243197,0.3026591,0.25437948,0.30091482,0.26270998
a63ac7b3-066a-5437-850f-ff8400333a29,brunch,extremely_close,2,3,1,2,0.1333333333333333,0.29379916,0.21859324,0.28251648,0.29257798,0.28429732
a63ac7b3-066a-5437-850f-ff8400333a29,brunch,extremely_close,2,3,2,2,0.1333333333333333,0.22932231,0.23039065,0.2505955,0.23006326,0.24698317
a63ac7b3-066a-5437-850f-ff8400333a29,brunch,extremely_close,2,3,3,5,0.3333333333333333,0.17444655,0.24835704,0.21250848,0.17644392,0.20600952
a63ac7b3-066a-5437-850f-ff8400333a29,gala,not_close,10,0,0,6,0.6666666666666666,0.36258376,0.29305857,0.39073783,0.35897562,0.38308117
a63ac7b3-066a-5437-850f-ff8400333a29,gala,not_close,10,0,1,1,0.1111111111111111,0.24803236,0.2547296,0.25930107,0.2483613,0.25750896
a63ac7b3-066a-5437-850f-ff8400333a29,gala,not_close,10,0,2,1,0.1111111111111111,0.21528816,0.24108168,0.20672406,0.2164861,0.20930924
a63ac7b3-066a-5437-850f-ff8400333a29,gala,not_close,10,0,3,1,0.1111111111111111,0.17409568,0.21113022,0.143237,0.17617695,0.15010062
a63ac7b3-066a-5437-850f-ff8400333a29,crabs,extremely_close,5,3,0,2,0.1818181818181818,0.32949838,0.29960105,0.32724842,0.3272346,0.32636657
a63ac7b3-066a-5437-850f-ff8400333a29,crabs,extremely_close,5,3,1,5,0.4545454545454545,0.32009298,0.23267563,0.31487674,0.31816855,0.31478795
a63ac7b3-066a-5437-850f-ff8400333a29,crabs,extremely_close,5,3,2,2,0.1818181818181818,0.18702544,0.23678833,0.17663889,0.18890499,0.17975125
a63ac7b3-066a-5437-850f-ff8400333a29,crabs,extremely_close,5,3,3,2,0.1818181818181818,0.16338322,0.23093499,0.18123591,0.16569182,0.17909427
a63ac7b3-066a-5437-850f-ff8400333a29,cooking,close,4,2,0,1,0.0833333333333333,0.32508844,0.28153455,0.25373095,0.32288563,0.2657937
a63ac7b3-066a-5437-850f-ff8400333a29,cooking,close,4,2,1,7,0.5833333333333334,0.30092797,0.22757895,0.3285871,0.2995782,0.32255453
a63ac7b3-066a-5437-850f-ff8400333a29,cooking,close,4,2,2,3,0.25,0.21122348,0.2310226,0.23453203,0.21250805,0.23093651
a63ac7b3-066a-5437-850f-ff8400333a29,cooking,close,4,2,3,1,0.0833333333333333,0.16276015,0.2598639,0.18314992,0.1650281,0.18071517
a63ac7b3-066a-5437-850f-ff8400333a29,soup,close,14,2,0,7,0.6363636363636364,0.33818597,0.3010139,0.3503503,0.33563444,0.34637958
a63ac7b3-066a-5437-850f-ff8400333a29,soup,close,14,2,1,2,0.1818181818181818,0.31507322,0.22628844,0.3096027,0.31335708,0.30970412
a63ac7b3-066a-5437-850f-ff8400333a29,soup,close,14,2,2,1,0.0909090909090909,0.18950173,0.22069465,0.19093937,0.19134966,0.19181013
a63ac7b3-066a-5437-850f-ff8400333a29,soup,close,14,2,3,1,0.0909090909090909,0.15723914,0.25200298,0.14910766,0.15965882,0.15210615
a63ac7b3-066a-5437-850f-ff8400333a29,drinks,not_close,7,0,0,6,0.4615384615384615,0.33517203,0.25649023,0.30263433,0.33253023,0.30758438
a63ac7b3-066a-5437-850f-ff8400333a29,drinks,not_close,7,0,1,5,0.3846153846153846,0.26757511,0.23912959,0.31184286,0.2672558,0.30257833
a63ac7b3-066a-5437-850f-ff8400333a29,drinks,not_close,7,0,2,1,0.0769230769230769,0.22562149,0.24335633,0.22425486,0.22650158,0.22524028
a63ac7b3-066a-5437-850f-ff8400333a29,drinks,not_close,7,0,3,1,0.0769230769230769,0.17163132,0.26102385,0.16126789,0.17371236,0.16459699
a63ac7b3-066a-5437-850f-ff8400333a29,oysters,somewhat_close,12,1,0,6,0.5454545454545454,0.3400336,0.31127194,0.35442063,0.3373747,0.34994653
a63ac7b3-066a-5437-850f-ff8400333a29,oysters,somewhat_close,12,1,1,2,0.1818181818181818,0.30284005,0.21870834,0.30074957,0.3015121,0.30043343
a63ac7b3-066a-5437-850f-ff8400333a29,oysters,somewhat_close,12,1,2,2,0.1818181818181818,0.20254946,0.2491106,0.19948952,0.20409547,0.20106164
a63ac7b3-066a-5437-850f-ff8400333a29,oysters,somewhat_close,12,1,3,1,0.0909090909090909,0.15457693,0.22090909,0.14534028,0.1570177,0.1485584
a63ac7b3-066a-5437-850f-ff8400333a29,birthday,close,1,2,0,5,0.2631578947368421,0.32165617,0.28021994,0.2816877,0.3196522,0.28819582
a63ac7b3-066a-5437-850f-ff8400333a29,birthday,close,1,2,1,7,0.3684210526315789,0.31348172,0.22091691,0.31876132,0.311768,0.31678355
a63ac7b3-066a-5437-850f-ff8400333a29,birthday,close,1,2,2,5,0.2631578947368421,0.21722111,0.24974371,0.23532178,0.21841055,0.23248664
a63ac7b3-066a-5437-850f-ff8400333a29,birthday,close,1,2,3,2,0.1052631578947368,0.14764105,0.24911939,0.16422926,0.15016927,0.16253394
a63ac7b3-066a-5437-850f-ff8400333a29,social,extremely_close,13,3,0,5,0.3571428571428571,0.38478413,0.29484272,0.35028762,0.38051066,0.35454354
a63ac7b3-066a-5437-850f-ff8400333a29,social,extremely_close,13,3,1,5,0.3571428571428571,0.26153043,0.23070611,0.26098487,0.261622,0.26121816
a63ac7b3-066a-5437-850f-ff8400333a29,social,extremely_close,13,3,2,2,0.1428571428571428,0.20087723,0.25057164,0.23086676,0.20253547,0.22578412
a63ac7b3-066a-5437-850f-ff8400333a29,social,extremely_close,13,3,3,2,0.1428571428571428,0.15280823,0.22387956,0.15786076,0.15533185,0.15845421
a63ac7b3-066a-5437-850f-ff8400333a29,hike,somewhat_close,11,1,0,6,0.3333333333333333,0.33404678,0.30082837,0.33502132,0.33169934,0.3334202
a63ac7b3-066a-5437-850f-ff8400333a29,hike,somewhat_close,11,1,1,5,0.2777777777777778,0.32451156,0.21243119,0.32786852,0.32250962,0.32599643
a63ac7b3-066a-5437-850f-ff8400333a29,hike,somewhat_close,11,1,2,5,0.2777777777777778,0.19580749,0.25311163,0.19115357,0.19755435,0.19311021
a63ac7b3-066a-5437-850f-ff8400333a29,hike,somewhat_close,11,1,3,2,0.1111111111111111,0.14563413,0.23362878,0.14595659,0.14823666,0.1474731
a63ac7b3-066a-5437-850f-ff8400333a29,conference,close,3,2,0,2,0.1176470588235294,0.33627447,0.28567946,0.32390398,0.33383918,0.32497996
a63ac7b3-066a-5437-850f-ff8400333a29,conference,close,3,2,1,6,0.3529411764705882,0.32249793,0.2440027,0.31270492,0.32056218,0.31356868
a63ac7b3-066a-5437-850f-ff8400333a29,conference,close,3,2,2,5,0.2941176470588235,0.19272308,0.2495618,0.22254248,0.19453102,0.21759544
a63ac7b3-066a-5437-850f-ff8400333a29,conference,close,3,2,3,4,0.2352941176470588,0.14850451,0.22075598,0.1408486,0.15106763,0.14385588
a63ac7b3-066a-5437-850f-ff8400333a29,basketball,not_close,0,0,0,6,0.4285714285714285,0.3173009,0.27931517,0.40210518,0.3154185,0.38488865
a63ac7b3-066a-5437-850f-ff8400333a29,basketball,not_close,0,0,1,5,0.3571428571428571,0.31123364,0.2196531,0.34911686,0.3095655,0.34244534
a63ac7b3-066a-5437-850f-ff8400333a29,basketball,not_close,0,0,2,2,0.1428571428571428,0.22057617,0.24769424,0.14574708,0.22165884,0.15971808
a63ac7b3-066a-5437-850f-ff8400333a29,basketball,not_close,0,0,3,1,0.0714285714285714,0.15088934,0.25333744,0.10303085,0.15335715,0.11294795
a63ac7b3-066a-5437-850f-ff8400333a29,wedding,somewhat_close,15,1,0,7,0.5833333333333334,0.30876625,0.29976675,0.3333098,0.30711403,0.32751745
a63ac7b3-066a-5437-850f-ff8400333a29,wedding,somewhat_close,15,1,1,2,0.1666666666666666,0.29898903,0.2203311,0.30216554,0.29767475,0.30098352
a63ac7b3-066a-5437-850f-ff8400333a29,wedding,somewhat_close,15,1,2,2,0.1666666666666666,0.23715827,0.23514688,0.23644876,0.23775323,0.23714605
a63ac7b3-066a-5437-850f-ff8400333a29,wedding,somewhat_close,15,1,3,1,0.0833333333333333,0.15508646,0.24475528,0.12807587,0.15745798,0.134353
a63ac7b3-066a-5437-850f-ff8400333a29,fair,not_close,9,0,0,3,0.2307692307692307,0.32837287,0.2946545,0.33953634,0.32618845,0.33659288
a63ac7b3-066a-5437-850f-ff8400333a29,fair,not_close,9,0,1,5,0.3846153846153846,0.32105917,0.21227996,0.3681577,0.31913775,0.35772365
a63ac7b3-066a-5437-850f-ff8400333a29,fair,not_close,9,0,2,3,0.2307692307692307,0.20461664,0.2554765,0.17532648,0.20614377,0.18193142
a63ac7b3-066a-5437-850f-ff8400333a29,fair,not_close,9,0,3,2,0.1538461538461538,0.14595127,0.23758905,0.116979435,0.14853,0.12375206
a63ac7b3-066a-5437-850f-ff8400333a29,driving,somewhat_close,8,1,0,5,0.3846153846153846,0.32080168,0.28850093,0.31517804,0.3188238,0.3153335
a63ac7b3-066a-5437-850f-ff8400333a29,driving,somewhat_close,8,1,1,6,0.4615384615384615,0.31365657,0.23262726,0.34766352,0.31193233,0.33977747
a63ac7b3-066a-5437-850f-ff8400333a29,driving,somewhat_close,8,1,2,1,0.0769230769230769,0.21734229,0.23673908,0.20519517,0.21852566,0.20837864
a63ac7b3-066a-5437-850f-ff8400333a29,driving,somewhat_close,8,1,3,1,0.0769230769230769,0.14819951,0.24213271,0.13196324,0.1507182,0.13651037
a63ac7b3-066a-5437-850f-ff8400333a29,dip,extremely_close,6,3,0,1,0.25,0.33769047,0.26539132,0.3300849,0.33498037,0.3299841
a63ac7b3-066a-5437-850f-ff8400333a29,dip,extremely_close,6,3,1,1,0.25,0.2704545,0.25054428,0.27360496,0.27006677,0.27276102
a63ac7b3-066a-5437-850f-ff8400333a29,dip,extremely_close,6,3,2,1,0.25,0.2244097,0.25625244,0.23491126,0.22533904,0.23339608
a63ac7b3-066a-5437-850f-ff8400333a29,dip,extremely_close,6,3,3,1,0.25,0.16744532,0.22781193,0.16139889,0.16961384,0.1638588
7dc80ecd-dcb4-56ef-85e9-4ba2d9c3d88e,birthday,not_close,1,0,0,6,0.5,0.32165617,0.28021994,0.37109387,0.3196522,0.36021808
7dc80ecd-dcb4-56ef-85e9-4ba2d9c3d88e,birthday,not_close,1,0,1,3,0.25,0.31348172,0.22091691,0.33231905,0.311768,0.32817322
7dc80ecd-dcb4-56ef-85e9-4ba2d9c3d88e,birthday,not_close,1,0,2,1,0.0833333333333333,0.21722111,0.24974371,0.17350394,0.21841055,0.18240416
7dc80ecd-dcb4-56ef-85e9-4ba2d9c3d88e,birthday,not_close,1,0,3,2,0.1666666666666666,0.14764105,0.24911939,0.12308306,0.15016927,0.12920454
7dc80ecd-dcb4-56ef-85e9-4ba2d9c3d88e,crabs,somewhat_close,5,1,0,7,0.5833333333333334,0.32949838,0.29960105,0.36052796,0.3272346,0.35396707
7dc80ecd-dcb4-56ef-85e9-4ba2d9c3d88e,crabs,somewhat_close,5,1,1,2,0.1666666666666666,0.32009298,0.23267563,0.37403747,0.31816855,0.36267853
7dc80ecd-dcb4-56ef-85e9-4ba2d9c3d88e,crabs,somewhat_close,5,1,2,2,0.1666666666666666,0.18702544,0.23678833,0.13190359,0.18890499,0.14269985
7dc80ecd-dcb4-56ef-85e9-4ba2d9c3d88e,crabs,somewhat_close,5,1,3,1,0.0833333333333333,0.16338322,0.23093499,0.13353097,0.16569182,0.14065453
7dc80ecd-dcb4-56ef-85e9-4ba2d9c3d88e,soup,not_close,14,0,0,7,0.4117647058823529,0.33818597,0.3010139,0.3825187,0.33563444,0.37256363
7dc80ecd-dcb4-56ef-85e9-4ba2d9c3d88e,soup,not_close,14,0,1,2,0.1176470588235294,0.31507322,0.22628844,0.33879057,0.31335708,0.33371714
7dc80ecd-dcb4-56ef-85e9-4ba2d9c3d88e,soup,not_close,14,0,2,3,0.1764705882352941,0.18950173,0.22069465,0.16353203,0.19134966,0.16979322
7dc80ecd-dcb4-56ef-85e9-4ba2d9c3d88e,soup,not_close,14,0,3,5,0.2941176470588235,0.15723914,0.25200298,0.11515866,0.15965882,0.12392601
7dc80ecd-dcb4-56ef-85e9-4ba2d9c3d88e,drinks,close,7,2,0,4,0.25,0.33517203,0.25649023,0.3006383,0.33253023,0.30577487
7dc80ecd-dcb4-56ef-85e9-4ba2d9c3d88e,drinks,close,7,2,1,6,0.375,0.26757511,0.23912959,0.2817904,0.2672558,0.2787861
7dc80ecd-dcb4-56ef-85e9-4ba2d9c3d88e,drinks,close,7,2,2,5,0.3125,0.22562149,0.24335633,0.23456235,0.22650158,0.23337154
7dc80ecd-dcb4-56ef-85e9-4ba2d9c3d88e,drinks,close,7,2,3,1,0.0625,0.17163132,0.26102385,0.18300895,0.17371236,0.18206751
7dc80ecd-dcb4-56ef-85e9-4ba2d9c3d88e,fair,close,9,2,0,2,0.1052631578947368,0.32837287,0.2946545,0.34993604,0.32618845,0.3445345
7dc80ecd-dcb4-56ef-85e9-4ba2d9c3d88e,fair,close,9,2,1,5,0.2631578947368421,0.32105917,0.21227996,0.34182274,0.31913775,0.33674547
7dc80ecd-dcb4-56ef-85e9-4ba2d9c3d88e,fair,close,9,2,2,7,0.3684210526315789,0.20461664,0.2554765,0.18358052,0.20614377,0.18860486
7dc80ecd-dcb4-56ef-85e9-4ba2d9c3d88e,fair,close,9,2,3,5,0.2631578947368421,0.14595127,0.23758905,0.12466064,0.14853,0.13011518
7dc80ecd-dcb4-56ef-85e9-4ba2d9c3d88e,conference,somewhat_close,3,1,0,3,0.2307692307692307,0.33627447,0.28567946,0.33678538,0.33383918,0.33548558
7dc80ecd-dcb4-56ef-85e9-4ba2d9c3d88e,conference,somewhat_close,3,1,1,6,0.4615384615384615,0.32249793,0.2440027,0.34514695,0.32056218,0.33959094
7dc80ecd-dcb4-56ef-85e9-4ba2d9c3d88e,conference,somewhat_close,3,1,2,2,0.1538461538461538,0.19272308,0.2495618,0.19635226,0.19453102,0.19690198
7dc80ecd-dcb4-56ef-85e9-4ba2d9c3d88e,conference,somewhat_close,3,1,3,2,0.1538461538461538,0.14850451,0.22075598,0.1217154,0.15106763,0.1280215
7dc80ecd-dcb4-56ef-85e9-4ba2d9c3d88e,dip,somewhat_close,6,1,0,6,0.2608695652173913,0.33769047,0.26539132,0.36435014,0.33498037,0.3577161
7dc80ecd-dcb4-56ef-85e9-4ba2d9c3d88e,dip,somewhat_close,6,1,1,7,0.3043478260869565,0.2704545,0.25054428,0.28163436,0.27006677,0.27957094
7dc80ecd-dcb4-56ef-85e9-4ba2d9c3d88e,dip,somewhat_close,6,1,2,5,0.217391304347826,0.2244097,0.25625244,0.22864093,0.22533904,0.2287165
7dc80ecd-dcb4-56ef-85e9-4ba2d9c3d88e,dip,somewhat_close,6,1,3,5,0.217391304347826,0.16744532,0.22781193,0.12537463,0.16961384,0.1339964
7dc80ecd-dcb4-56ef-85e9-4ba2d9c3d88e,oysters,not_close,12,0,0,6,0.375,0.3400336,0.31127194,0.3653165,0.3373747,0.35897037
7dc80ecd-dcb4-56ef-85e9-4ba2d9c3d88e,oysters,not_close,12,0,1,5,0.3125,0.30284005,0.21870834,0.32647744,0.3015121,0.32125935
7dc80ecd-dcb4-56ef-85e9-4ba2d9c3d88e,oysters,not_close,12,0,2,3,0.1875,0.20254946,0.2491106,0.18403101,0.20409547,0.1886821
7dc80ecd-dcb4-56ef-85e9-4ba2d9c3d88e,oysters,not_close,12,0,3,2,0.125,0.15457693,0.22090909,0.12417514,0.1570177,0.13108808
7dc80ecd-dcb4-56ef-85e9-4ba2d9c3d88e,cooking,not_close,4,0,0,3,0.2142857142857142,0.32508844,0.28153455,0.3056378,0.32288563,0.3086708
7dc80ecd-dcb4-56ef-85e9-4ba2d9c3d88e,cooking,not_close,4,0,1,5,0.3571428571428571,0.30092797,0.22757895,0.36421698,0.2995782,0.35040545
7dc80ecd-dcb4-56ef-85e9-4ba2d9c3d88e,cooking,not_close,4,0,2,5,0.3571428571428571,0.21122348,0.2310226,0.18061243,0.21250805,0.1873101
7dc80ecd-dcb4-56ef-85e9-4ba2d9c3d88e,cooking,not_close,4,0,3,1,0.0714285714285714,0.16276015,0.2598639,0.14953284,0.1650281,0.15361361
7dc80ecd-dcb4-56ef-85e9-4ba2d9c3d88e,social,somewhat_close,13,1,0,6,0.3,0.38478413,0.29484272,0.3939905,0.38051066,0.38956168
7dc80ecd-dcb4-56ef-85e9-4ba2d9c3d88e,social,somewhat_close,13,1,1,5,0.25,0.26153043,0.23070611,0.2552778,0.261622,0.25658923
7dc80ecd-dcb4-56ef-85e9-4ba2d9c3d88e,social,somewhat_close,13,1,2,6,0.3,0.20087723,0.25057164,0.20189984,0.20253547,0.20272948
7dc80ecd-dcb4-56ef-85e9-4ba2d9c3d88e,social,somewhat_close,13,1,3,3,0.15,0.15280823,0.22387956,0.14883181,0.15533185,0.15111957
7dc80ecd-dcb4-56ef-85e9-4ba2d9c3d88e,wedding,extremely_close,15,3,0,6,0.3,0.30876625,0.29976675,0.29720375,0.30711403,0.2985504
7dc80ecd-dcb4-56ef-85e9-4ba2d9c3d88e,wedding,extremely_close,15,3,1,5,0.25,0.29898903,0.2203311,0.27952927,0.29767475,0.2825817
7dc80ecd-dcb4-56ef-85e9-4ba2d9c3d88e,wedding,extremely_close,15,3,2,6,0.3,0.23715827,0.23514688,0.2412807,0.23775323,0.24087891
7dc80ecd-dcb4-56ef-85e9-4ba2d9c3d88e,wedding,extremely_close,15,3,3,3,0.15,0.15508646,0.24475528,0.18198623,0.15745798,0.17798899
7dc80ecd-dcb4-56ef-85e9-4ba2d9c3d88e,basketball,extremely_close,0,3,0,5,0.2941176470588235,0.3173009,0.27931517,0.3131195,0.3154185,0.3128357
7dc80ecd-dcb4-56ef-85e9-4ba2d9c3d88e,basketball,extremely_close,0,3,1,7,0.4117647058823529,0.31123364,0.2196531,0.3208935,0.3095655,0.31794766
7dc80ecd-dcb4-56ef-85e9-4ba2d9c3d88e,basketball,extremely_close,0,3,2,3,0.1764705882352941,0.22057617,0.24769424,0.21410309,0.22165884,0.21602215
7dc80ecd-dcb4-56ef-85e9-4ba2d9c3d88e,basketball,extremely_close,0,3,3,2,0.1176470588235294,0.15088934,0.25333744,0.15188394,0.15335715,0.15319455
7dc80ecd-dcb4-56ef-85e9-4ba2d9c3d88e,gala,close,10,2,0,3,0.1428571428571428,0.36258376,0.29305857,0.3041355,0.35897562,0.31327608
7dc80ecd-dcb4-56ef-85e9-4ba2d9c3d88e,gala,close,10,2,1,6,0.2857142857142857,0.24803236,0.2547296,0.2767334,0.2483613,0.2712739
7dc80ecd-dcb4-56ef-85e9-4ba2d9c3d88e,gala,close,10,2,2,7,0.3333333333333333,0.21528816,0.24108168,0.24181442,0.2164861,0.23733611
7dc80ecd-dcb4-56ef-85e9-4ba2d9c3d88e,gala,close,10,2,3,5,0.238095238095238,0.17409568,0.21113022,0.17731674,0.17617695,0.17811388
7dc80ecd-dcb4-56ef-85e9-4ba2d9c3d88e,driving,extremely_close,8,3,0,5,0.2631578947368421,0.32080168,0.28850093,0.27412885,0.3188238,0.28191045
7dc80ecd-dcb4-56ef-85e9-4ba2d9c3d88e,driving,extremely_close,8,3,1,7,0.3684210526315789,0.31365657,0.23262726,0.3215029,0.31193233,0.31907967
7dc80ecd-dcb4-56ef-85e9-4ba2d9c3d88e,driving,extremely_close,8,3,2,3,0.1578947368421052,0.21734229,0.23673908,0.22807299,0.21852566,0.2268027
7dc80ecd-dcb4-56ef-85e9-4ba2d9c3d88e,driving,extremely_close,8,3,3,4,0.2105263157894736,0.14819951,0.24213271,0.17629525,0.1507182,0.17220715
7dc80ecd-dcb4-56ef-85e9-4ba2d9c3d88e,brunch,close,2,2,0,2,0.1,0.30243197,0.3026591,0.2907551,0.30091482,0.29213974
7dc80ecd-dcb4-56ef-85e9-4ba2d9c3d88e,brunch,close,2,2,1,7,0.35,0.29379916,0.21859324,0.28704393,0.29257798,0.28764403
7dc80ecd-dcb4-56ef-85e9-4ba2d9c3d88e,brunch,close,2,2,2,7,0.35,0.22932231,0.23039065,0.23673561,0.23006326,0.23571382
7dc80ecd-dcb4-56ef-85e9-4ba2d9c3d88e,brunch,close,2,2,3,4,0.2,0.17444655,0.24835704,0.1854654,0.17644392,0.1845024
7dc80ecd-dcb4-56ef-85e9-4ba2d9c3d88e,hike,extremely_close,11,3,0,7,0.2916666666666667,0.33404678,0.30082837,0.33788186,0.33169934,0.33572078
7dc80ecd-dcb4-56ef-85e9-4ba2d9c3d88e,hike,extremely_close,11,3,1,6,0.25,0.32451156,0.21243119,0.2973505,0.32250962,0.3014346
7dc80ecd-dcb4-56ef-85e9-4ba2d9c3d88e,hike,extremely_close,11,3,2,7,0.2916666666666667,0.19580749,0.25311163,0.20556362,0.19755435,0.2047168
7dc80ecd-dcb4-56ef-85e9-4ba2d9c3d88e,hike,extremely_close,11,3,3,4,0.1666666666666666,0.14563413,0.23362878,0.15920395,0.14823666,0.15812786
5f02c355-b17a-5fe8-9b89-5a48509ecb1e,soup,close,14,2,0,7,0.7,0.33818597,0.3010139,0.3503503,0.33563444,0.34637958
5f02c355-b17a-5fe8-9b89-5a48509ecb1e,soup,close,14,2,1,1,0.1,0.31507322,0.22628844,0.3096027,0.31335708,0.30970412
5f02c355-b17a-5fe8-9b89-5a48509ecb1e,soup,close,14,2,2,1,0.1,0.18950173,0.22069465,0.19093937,0.19134966,0.19181013
5f02c355-b17a-5fe8-9b89-5a48509ecb1e,soup,close,14,2,3,1,0.1,0.15723914,0.25200298,0.14910766,0.15965882,0.15210615
5f02c355-b17a-5fe8-9b89-5a48509ecb1e,driving,close,8,2,0,7,0.4375,0.32080168,0.28850093,0.30510676,0.3188238,0.30702308
5f02c355-b17a-5fe8-9b89-5a48509ecb1e,driving,close,8,2,1,7,0.4375,0.31365657,0.23262726,0.3255142,0.31193233,0.32208744
5f02c355-b17a-5fe8-9b89-5a48509ecb1e,driving,close,8,2,2,1,0.0625,0.21734229,0.23673908,0.21140538,0.21852566,0.21328457
5f02c355-b17a-5fe8-9b89-5a48509ecb1e,driving,close,8,2,3,1,0.0625,0.14819951,0.24213271,0.15797366,0.1507182,0.1576049
5f02c355-b17a-5fe8-9b89-5a48509ecb1e,gala,somewhat_close,10,1,0,1,0.25,0.36258376,0.29305857,0.32763717,0.35897562,0.33230746
5f02c355-b17a-5fe8-9b89-5a48509ecb1e,gala,somewhat_close,10,1,1,1,0.25,0.24803236,0.2547296,0.2531211,0.2483613,0.25235286
5f02c355-b17a-5fe8-9b89-5a48509ecb1e,gala,somewhat_close,10,1,2,1,0.25,0.21528816,0.24108168,0.2304504,0.2164861,0.2281751
5f02c355-b17a-5fe8-9b89-5a48509ecb1e,gala,somewhat_close,10,1,3,1,0.25,0.17409568,0.21113022,0.18879129,0.17617695,0.18716459
5f02c355-b17a-5fe8-9b89-5a48509ecb1e,fair,extremely_close,9,3,0,4,0.2666666666666666,0.32837287,0.2946545,0.32941785,0.32618845,0.32789174
5f02c355-b17a-5fe8-9b89-5a48509ecb1e,fair,extremely_close,9,3,1,7,0.4666666666666667,0.32105917,0.21227996,0.31025007,0.31913775,0.3112323
5f02c355-b17a-5fe8-9b89-5a48509ecb1e,fair,extremely_close,9,3,2,2,0.1333333333333333,0.20461664,0.2554765,0.19988796,0.20614377,0.2017246
5f02c355-b17a-5fe8-9b89-5a48509ecb1e,fair,extremely_close,9,3,3,2,0.1333333333333333,0.14595127,0.23758905,0.1604442,0.14853,0.1591514
5f02c355-b17a-5fe8-9b89-5a48509ecb1e,wedding,somewhat_close,15,1,0,7,0.5833333333333334,0.30876625,0.29976675,0.3333098,0.30711403,0.32751745
5f02c355-b17a-5fe8-9b89-5a48509ecb1e,wedding,somewhat_close,15,1,1,2,0.1666666666666666,0.29898903,0.2203311,0.30216554,0.29767475,0.30098352
5f02c355-b17a-5fe8-9b89-5a48509ecb1e,wedding,somewhat_close,15,1,2,2,0.1666666666666666,0.23715827,0.23514688,0.23644876,0.23775323,0.23714605
5f02c355-b17a-5fe8-9b89-5a48509ecb1e,wedding,somewhat_close,15,1,3,1,0.0833333333333333,0.15508646,0.24475528,0.12807587,0.15745798,0.134353
5f02c355-b17a-5fe8-9b89-5a48509ecb1e,drinks,somewhat_close,7,1,0,7,0.5,0.33517203,0.25649023,0.35535023,0.33253023,0.35018
5f02c355-b17a-5fe8-9b89-5a48509ecb1e,drinks,somewhat_close,7,1,1,5,0.3571428571428571,0.26757511,0.23912959,0.3067269,0.2672558,0.29884645
5f02c355-b17a-5fe8-9b89-5a48509ecb1e,drinks,somewhat_close,7,1,2,1,0.0714285714285714,0.22562149,0.24335633,0.19969311,0.22650158,0.20539983
5f02c355-b17a-5fe8-9b89-5a48509ecb1e,drinks,somewhat_close,7,1,3,1,0.0714285714285714,0.17163132,0.26102385,0.13822965,0.17371236,0.14557375
5f02c355-b17a-5fe8-9b89-5a48509ecb1e,cooking,extremely_close,4,3,0,1,0.0833333333333333,0.32508844,0.28153455,0.26053262,0.32288563,0.27141792
5f02c355-b17a-5fe8-9b89-5a48509ecb1e,cooking,extremely_close,4,3,1,7,0.5833333333333334,0.30092797,0.22757895,0.31298968,0.2995782,0.31012288
5f02c355-b17a-5fe8-9b89-5a48509ecb1e,cooking,extremely_close,4,3,2,3,0.25,0.21122348,0.2310226,0.23388302,0.21250805,0.23035794
5f02c355-b17a-5fe8-9b89-5a48509ecb1e,cooking,extremely_close,4,3,3,1,0.0833333333333333,0.16276015,0.2598639,0.19259474,0.1650281,0.18810125
5f02c355-b17a-5fe8-9b89-5a48509ecb1e,dip,close,6,2,0,1,0.25,0.33769047,0.26539132,0.34952283,0.33498037,0.3457275
5f02c355-b17a-5fe8-9b89-5a48509ecb1e,dip,close,6,2,1,1,0.25,0.2704545,0.25054428,0.28651547,0.27006677,0.28323793
5f02c355-b17a-5fe8-9b89-5a48509ecb1e,dip,close,6,2,2,1,0.25,0.2244097,0.25625244,0.22507222,0.22533904,0.22567739
5f02c355-b17a-5fe8-9b89-5a48509ecb1e,dip,close,6,2,3,1,0.25,0.16744532,0.22781193,0.13888952,0.16961384,0.1453572
5f02c355-b17a-5fe8-9b89-5a48509ecb1e,brunch,not_close,2,0,0,7,0.7,0.30243197,0.3026591,0.35060638,0.30091482,0.34033895
5f02c355-b17a-5fe8-9b89-5a48509ecb1e,brunch,not_close,2,0,1,1,0.1,0.29379916,0.21859324,0.3063659,0.29257798,0.30384555
5f02c355-b17a-5fe8-9b89-5a48509ecb1e,brunch,not_close,2,0,2,1,0.1,0.22932231,0.23039065,0.22114328,0.23006326,0.22373937
5f02c355-b17a-5fe8-9b89-5a48509ecb1e,brunch,not_close,2,0,3,1,0.1,0.17444655,0.24835704,0.121884465,0.17644392,0.13207617
5f02c355-b17a-5fe8-9b89-5a48509ecb1e,basketball,extremely_close,0,3,0,5,0.3125,0.3173009,0.27931517,0.3131195,0.3154185,0.3128357
5f02c355-b17a-5fe8-9b89-5a48509ecb1e,basketball,extremely_close,0,3,1,5,0.3125,0.31123364,0.2196531,0.3208935,0.3095655,0.31794766
5f02c355-b17a-5fe8-9b89-5a48509ecb1e,basketball,extremely_close,0,3,2,4,0.25,0.22057617,0.24769424,0.21410309,0.22165884,0.21602215
5f02c355-b17a-5fe8-9b89-5a48509ecb1e,basketball,extremely_close,0,3,3,2,0.125,0.15088934,0.25333744,0.15188394,0.15335715,0.15319455
5f02c355-b17a-5fe8-9b89-5a48509ecb1e,crabs,close,5,2,0,5,0.4166666666666667,0.32949838,0.29960105,0.31679517,0.3272346,0.318014
5f02c355-b17a-5fe8-9b89-5a48509ecb1e,crabs,close,5,2,1,5,0.4166666666666667,0.32009298,0.23267563,0.34010246,0.31816855,0.3349067
5f02c355-b17a-5fe8-9b89-5a48509ecb1e,crabs,close,5,2,2,1,0.0833333333333333,0.18702544,0.23678833,0.18733868,0.18890499,0.18845895
5f02c355-b17a-5fe8-9b89-5a48509ecb1e,crabs,close,5,2,3,1,0.0833333333333333,0.16338322,0.23093499,0.1557637,0.16569182,0.15862034
5f02c355-b17a-5fe8-9b89-5a48509ecb1e,conference,somewhat_close,3,1,0,7,0.5384615384615384,0.33627447,0.28567946,0.33678538,0.33383918,0.33548558
5f02c355-b17a-5fe8-9b89-5a48509ecb1e,conference,somewhat_close,3,1,1,4,0.3076923076923077,0.32249793,0.2440027,0.34514695,0.32056218,0.33959094
5f02c355-b17a-5fe8-9b89-5a48509ecb1e,conference,somewhat_close,3,1,2,1,0.0769230769230769,0.19272308,0.2495618,0.19635226,0.19453102,0.19690198
5f02c355-b17a-5fe8-9b89-5a48509ecb1e,conference,somewhat_close,3,1,3,1,0.0769230769230769,0.14850451,0.22075598,0.1217154,0.15106763,0.1280215
5f02c355-b17a-5fe8-9b89-5a48509ecb1e,oysters,not_close,12,0,0,7,0.7,0.3400336,0.31127194,0.3653165,0.3373747,0.35897037
5f02c355-b17a-5fe8-9b89-5a48509ecb1e,oysters,not_close,12,0,1,1,0.1,0.30284005,0.21870834,0.32647744,0.3015121,0.32125935
5f02c355-b17a-5fe8-9b89-5a48509ecb1e,oysters,not_close,12,0,2,1,0.1,0.20254946,0.2491106,0.18403101,0.20409547,0.1886821
5f02c355-b17a-5fe8-9b89-5a48509ecb1e,oysters,not_close,12,0,3,1,0.1,0.15457693,0.22090909,0.12417514,0.1570177,0.13108808
5f02c355-b17a-5fe8-9b89-5a48509ecb1e,birthday,extremely_close,1,3,0,1,0.0666666666666666,0.32165617,0.28021994,0.29297653,0.3196522,0.2974144
5f02c355-b17a-5fe8-9b89-5a48509ecb1e,birthday,extremely_close,1,3,1,7,0.4666666666666667,0.31348172,0.22091691,0.2967644,0.311768,0.2991094
5f02c355-b17a-5fe8-9b89-5a48509ecb1e,birthday,extremely_close,1,3,2,5,0.3333333333333333,0.21722111,0.24974371,0.24162844,0.21841055,0.2374631
5f02c355-b17a-5fe8-9b89-5a48509ecb1e,birthday,extremely_close,1,3,3,2,0.1333333333333333,0.14764105,0.24911939,0.16863064,0.15016927,0.16601305
5f02c355-b17a-5fe8-9b89-5a48509ecb1e,social,not_close,13,0,0,3,0.5,0.38478413,0.29484272,0.45282483,0.38051066,0.43652424
5f02c355-b17a-5fe8-9b89-5a48509ecb1e,social,not_close,13,0,1,1,0.1666666666666666,0.26153043,0.23070611,0.24479835,0.261622,0.24863854
5f02c355-b17a-5fe8-9b89-5a48509ecb1e,social,not_close,13,0,2,1,0.1666666666666666,0.20087723,0.25057164,0.17145851,0.20253547,0.17819941
5f02c355-b17a-5fe8-9b89-5a48509ecb1e,social,not_close,13,0,3,1,0.1666666666666666,0.15280823,0.22387956,0.13091831,0.15533185,0.1366378
5f02c355-b17a-5fe8-9b89-5a48509ecb1e,hike,not_close,11,0,0,7,0.5833333333333334,0.33404678,0.30082837,0.37751567,0.33169934,0.36750683
5f02c355-b17a-5fe8-9b89-5a48509ecb1e,hike,not_close,11,0,1,3,0.25,0.32451156,0.21243119,0.33200538,0.32250962,0.3297955
5f02c355-b17a-5fe8-9b89-5a48509ecb1e,hike,not_close,11,0,2,1,0.0833333333333333,0.19580749,0.25311163,0.16379511,0.19755435,0.1708626
5f02c355-b17a-5fe8-9b89-5a48509ecb1e,hike,not_close,11,0,3,1,0.0833333333333333,0.14563413,0.23362878,0.12668388,0.14823666,0.13183501
de54651b-bdca-55ee-9ebf-df518d471488,birthday,not_close,1,0,0,1,0.0666666666666666,0.32165617,0.28021994,0.37109387,0.3196522,0.36021808
de54651b-bdca-55ee-9ebf-df518d471488,birthday,not_close,1,0,1,4,0.2666666666666666,0.31348172,0.22091691,0.33231905,0.311768,0.32817322
de54651b-bdca-55ee-9ebf-df518d471488,birthday,not_close,1,0,2,5,0.3333333333333333,0.21722111,0.24974371,0.17350394,0.21841055,0.18240416
de54651b-bdca-55ee-9ebf-df518d471488,birthday,not_close,1,0,3,5,0.3333333333333333,0.14764105,0.24911939,0.12308306,0.15016927,0.12920454
de54651b-bdca-55ee-9ebf-df518d471488,basketball,somewhat_close,0,1,0,6,0.6666666666666666,0.3173009,0.27931517,0.3148467,0.3154185,0.31423575
de54651b-bdca-55ee-9ebf-df518d471488,basketball,somewhat_close,0,1,1,1,0.1111111111111111,0.31123364,0.2196531,0.32266358,0.3095655,0.31937057
de54651b-bdca-55ee-9ebf-df518d471488,basketball,somewhat_close,0,1,2,1,0.1111111111111111,0.22057617,0.24769424,0.21528408,0.22165884,0.21698892
de54651b-bdca-55ee-9ebf-df518d471488,basketball,somewhat_close,0,1,3,1,0.1111111111111111,0.15088934,0.25333744,0.14720571,0.15335715,0.1494048
de54651b-bdca-55ee-9ebf-df518d471488,wedding,close,15,2,0,2,0.2,0.30876625,0.29976675,0.30674273,0.30711403,0.3061728
de54651b-bdca-55ee-9ebf-df518d471488,wedding,close,15,2,1,3,0.3,0.29898903,0.2203311,0.27808088,0.29767475,0.2813681
de54651b-bdca-55ee-9ebf-df518d471488,wedding,close,15,2,2,3,0.3,0.23715827,0.23514688,0.2490248,0.23775323,0.24702889
de54651b-bdca-55ee-9ebf-df518d471488,wedding,close,15,2,3,2,0.2,0.15508646,0.24475528,0.1661516,0.15745798,0.16543032
de54651b-bdca-55ee-9ebf-df518d471488,gala,extremely_close,10,3,0,5,0.3571428571428571,0.36258376,0.29305857,0.27085638,0.35897562,0.28588986
de54651b-bdca-55ee-9ebf-df518d471488,gala,extremely_close,10,3,1,5,0.3571428571428571,0.24803236,0.2547296,0.27790543,0.2483613,0.27260363
de54651b-bdca-55ee-9ebf-df518d471488,gala,extremely_close,10,3,2,2,0.1428571428571428,0.21528816,0.24108168,0.25729015,0.2164861,0.2498217
de54651b-bdca-55ee-9ebf-df518d471488,gala,extremely_close,10,3,3,2,0.1428571428571428,0.17409568,0.21113022,0.19394808,0.17617695,0.19168487
de54651b-bdca-55ee-9ebf-df518d471488,drinks,not_close,7,0,0,4,0.2857142857142857,0.33517203,0.25649023,0.30263433,0.33253023,0.30758438
de54651b-bdca-55ee-9ebf-df518d471488,drinks,not_close,7,0,1,3,0.2142857142857142,0.26757511,0.23912959,0.31184286,0.2672558,0.30257833
de54651b-bdca-55ee-9ebf-df518d471488,drinks,not_close,7,0,2,3,0.2142857142857142,0.22562149,0.24335633,0.22425486,0.22650158,0.22524028
de54651b-bdca-55ee-9ebf-df518d471488,drinks,not_close,7,0,3,4,0.2857142857142857,0.17163132,0.26102385,0.16126789,0.17371236,0.16459699
de54651b-bdca-55ee-9ebf-df518d471488,crabs,close,5,2,0,5,0.4166666666666667,0.32949838,0.29960105,0.31679517,0.3272346,0.318014
de54651b-bdca-55ee-9ebf-df518d471488,crabs,close,5,2,1,2,0.1666666666666666,0.32009298,0.23267563,0.34010246,0.31816855,0.3349067
de54651b-bdca-55ee-9ebf-df518d471488,crabs,close,5,2,2,2,0.1666666666666666,0.18702544,0.23678833,0.18733868,0.18890499,0.18845895
de54651b-bdca-55ee-9ebf-df518d471488,crabs,close,5,2,3,3,0.25,0.16338322,0.23093499,0.1557637,0.16569182,0.15862034
de54651b-bdca-55ee-9ebf-df518d471488,driving,somewhat_close,8,1,0,5,0.3571428571428571,0.32080168,0.28850093,0.31517804,0.3188238,0.3153335
de54651b-bdca-55ee-9ebf-df518d471488,driving,somewhat_close,8,1,1,6,0.4285714285714285,0.31365657,0.23262726,0.34766352,0.31193233,0.33977747
de54651b-bdca-55ee-9ebf-df518d471488,driving,somewhat_close,8,1,2,1,0.0714285714285714,0.21734229,0.23673908,0.20519517,0.21852566,0.20837864
de54651b-bdca-55ee-9ebf-df518d471488,driving,somewhat_close,8,1,3,2,0.1428571428571428,0.14819951,0.24213271,0.13196324,0.1507182,0.13651037
de54651b-bdca-55ee-9ebf-df518d471488,oysters,close,12,2,0,2,0.2857142857142857,0.3400336,0.31127194,0.3257782,0.3373747,0.3269814
de54651b-bdca-55ee-9ebf-df518d471488,oysters,close,12,2,1,1,0.1428571428571428,0.30284005,0.21870834,0.30453157,0.3015121,0.30337986
de54651b-bdca-55ee-9ebf-df518d471488,oysters,close,12,2,2,2,0.2857142857142857,0.20254946,0.2491106,0.20594548,0.20409547,0.20621069
de54651b-bdca-55ee-9ebf-df518d471488,oysters,close,12,2,3,2,0.2857142857142857,0.15457693,0.22090909,0.16374475,0.1570177,0.1634281
de54651b-bdca-55ee-9ebf-df518d471488,fair,somewhat_close,9,1,0,5,0.4545454545454545,0.32837287,0.2946545,0.29791787,0.32618845,0.30253178
de54651b-bdca-55ee-9ebf-df518d471488,fair,somewhat_close,9,1,1,2,0.1818181818181818,0.32105917,0.21227996,0.32904878,0.31913775,0.32632118
de54651b-bdca-55ee-9ebf-df518d471488,fair,somewhat_close,9,1,2,2,0.1818181818181818,0.20461664,0.2554765,0.2179913,0.20614377,0.21628724
de54651b-bdca-55ee-9ebf-df518d471488,fair,somewhat_close,9,1,3,2,0.1818181818181818,0.14595127,0.23758905,0.15504195,0.14853,0.15485977
de54651b-bdca-55ee-9ebf-df518d471488,cooking,not_close,4,0,0,6,0.5,0.32508844,0.28153455,0.3056378,0.32288563,0.3086708
de54651b-bdca-55ee-9ebf-df518d471488,cooking,not_close,4,0,1,2,0.1666666666666666,0.30092797,0.22757895,0.36421698,0.2995782,0.35040545
de54651b-bdca-55ee-9ebf-df518d471488,cooking,not_close,4,0,2,2,0.1666666666666666,0.21122348,0.2310226,0.18061243,0.21250805,0.1873101
de54651b-bdca-55ee-9ebf-df518d471488,cooking,not_close,4,0,3,2,0.1666666666666666,0.16276015,0.2598639,0.14953284,0.1650281,0.15361361
de54651b-bdca-55ee-9ebf-df518d471488,social,extremely_close,13,3,0,5,0.5,0.38478413,0.29484272,0.35028762,0.38051066,0.35454354
de54651b-bdca-55ee-9ebf-df518d471488,social,extremely_close,13,3,1,2,0.2,0.26153043,0.23070611,0.26098487,0.261622,0.26121816
de54651b-bdca-55ee-9ebf-df518d471488,social,extremely_close,13,3,2,2,0.2,0.20087723,0.25057164,0.23086676,0.20253547,0.22578412
de54651b-bdca-55ee-9ebf-df518d471488,social,extremely_close,13,3,3,1,0.1,0.15280823,0.22387956,0.15786076,0.15533185,0.15845421
de54651b-bdca-55ee-9ebf-df518d471488,dip,close,6,2,0,4,0.4,0.33769047,0.26539132,0.34952283,0.33498037,0.3457275
de54651b-bdca-55ee-9ebf-df518d471488,dip,close,6,2,1,2,0.2,0.2704545,0.25054428,0.28651547,0.27006677,0.28323793
de54651b-bdca-55ee-9ebf-df518d471488,dip,close,6,2,2,2,0.2,0.2244097,0.25625244,0.22507222,0.22533904,0.22567739
de54651b-bdca-55ee-9ebf-df518d471488,dip,close,6,2,3,2,0.2,0.16744532,0.22781193,0.13888952,0.16961384,0.1453572
de54651b-bdca-55ee-9ebf-df518d471488,brunch,extremely_close,2,3,0,4,0.5714285714285714,0.30243197,0.3026591,0.25437948,0.30091482,0.26270998
de54651b-bdca-55ee-9ebf-df518d471488,brunch,extremely_close,2,3,1,1,0.1428571428571428,0.29379916,0.21859324,0.28251648,0.29257798,0.28429732
de54651b-bdca-55ee-9ebf-df518d471488,brunch,extremely_close,2,3,2,1,0.1428571428571428,0.22932231,0.23039065,0.2505955,0.23006326,0.24698317
de54651b-bdca-55ee-9ebf-df518d471488,brunch,extremely_close,2,3,3,1,0.1428571428571428,0.17444655,0.24835704,0.21250848,0.17644392,0.20600952
de54651b-bdca-55ee-9ebf-df518d471488,conference,extremely_close,3,3,0,1,0.1,0.33627447,0.28567946,0.31225505,0.33383918,0.31567898
de54651b-bdca-55ee-9ebf-df518d471488,conference,extremely_close,3,3,1,6,0.6,0.32249793,0.2440027,0.29103574,0.32056218,0.29611537
de54651b-bdca-55ee-9ebf-df518d471488,conference,extremely_close,3,3,2,2,0.2,0.19272308,0.2495618,0.23289657,0.19453102,0.22576019
de54651b-bdca-55ee-9ebf-df518d471488,conference,extremely_close,3,3,3,1,0.1,0.14850451,0.22075598,0.16381264,0.15106763,0.16244544
de54651b-bdca-55ee-9ebf-df518d471488,soup,somewhat_close,14,1,0,6,0.6666666666666666,0.33818597,0.3010139,0.34452966,0.33563444,0.3417673
de54651b-bdca-55ee-9ebf-df518d471488,soup,somewhat_close,14,1,1,1,0.1111111111111111,0.31507322,0.22628844,0.3189721,0.31335708,0.31721324
de54651b-bdca-55ee-9ebf-df518d471488,soup,somewhat_close,14,1,2,1,0.1111111111111111,0.18950173,0.22069465,0.19080658,0.19134966,0.1917101
de54651b-bdca-55ee-9ebf-df518d471488,soup,somewhat_close,14,1,3,1,0.1111111111111111,0.15723914,0.25200298,0.14569166,0.15965882,0.14930934
de54651b-bdca-55ee-9ebf-df518d471488,hike,not_close,11,0,0,7,0.7,0.33404678,0.30082837,0.37751567,0.33169934,0.36750683
de54651b-bdca-55ee-9ebf-df518d471488,hike,not_close,11,0,1,1,0.1,0.32451156,0.21243119,0.33200538,0.32250962,0.3297955
de54651b-bdca-55ee-9ebf-df518d471488,hike,not_close,11,0,2,1,0.1,0.19580749,0.25311163,0.16379511,0.19755435,0.1708626
de54651b-bdca-55ee-9ebf-df518d471488,hike,not_close,11,0,3,1,0.1,0.14563413,0.23362878,0.12668388,0.14823666,0.13183501
24b40c18-ddee-52ef-be20-705e8071b2a8,brunch,close,2,2,0,4,0.2352941176470588,0.30243197,0.3026591,0.2907551,0.30091482,0.29213974
24b40c18-ddee-52ef-be20-705e8071b2a8,brunch,close,2,2,1,2,0.1176470588235294,0.29379916,0.21859324,0.28704393,0.29257798,0.28764403
24b40c18-ddee-52ef-be20-705e8071b2a8,brunch,close,2,2,2,6,0.3529411764705882,0.22932231,0.23039065,0.23673561,0.23006326,0.23571382
24b40c18-ddee-52ef-be20-705e8071b2a8,brunch,close,2,2,3,5,0.2941176470588235,0.17444655,0.24835704,0.1854654,0.17644392,0.1845024
24b40c18-ddee-52ef-be20-705e8071b2a8,social,close,13,2,0,5,0.3125,0.38478413,0.29484272,0.3941475,0.38051066,0.38977
24b40c18-ddee-52ef-be20-705e8071b2a8,social,close,13,2,1,2,0.125,0.26153043,0.23070611,0.26863965,0.261622,0.2673677
24b40c18-ddee-52ef-be20-705e8071b2a8,social,close,13,2,2,6,0.375,0.20087723,0.25057164,0.19937879,0.20253547,0.20073907
24b40c18-ddee-52ef-be20-705e8071b2a8,social,close,13,2,3,3,0.1875,0.15280823,0.22387956,0.13783406,0.15533185,0.14212327
24b40c18-ddee-52ef-be20-705e8071b2a8,fair,not_close,9,0,0,6,0.5,0.32837287,0.2946545,0.33953634,0.32618845,0.33659288
24b40c18-ddee-52ef-be20-705e8071b2a8,fair,not_close,9,0,1,3,0.25,0.32105917,0.21227996,0.3681577,0.31913775,0.35772365
24b40c18-ddee-52ef-be20-705e8071b2a8,fair,not_close,9,0,2,2,0.1666666666666666,0.20461664,0.2554765,0.17532648,0.20614377,0.18193142
24b40c18-ddee-52ef-be20-705e8071b2a8,fair,not_close,9,0,3,1,0.0833333333333333,0.14595127,0.23758905,0.116979435,0.14853,0.12375206
24b40c18-ddee-52ef-be20-705e8071b2a8,basketball,not_close,0,0,0,3,0.25,0.3173009,0.27931517,0.40210518,0.3154185,0.38488865
24b40c18-ddee-52ef-be20-705e8071b2a8,basketball,not_close,0,0,1,2,0.1666666666666666,0.31123364,0.2196531,0.34911686,0.3095655,0.34244534
24b40c18-ddee-52ef-be20-705e8071b2a8,basketball,not_close,0,0,2,6,0.5,0.22057617,0.24769424,0.14574708,0.22165884,0.15971808
24b40c18-ddee-52ef-be20-705e8071b2a8,basketball,not_close,0,0,3,1,0.0833333333333333,0.15088934,0.25333744,0.10303085,0.15335715,0.11294795
24b40c18-ddee-52ef-be20-705e8071b2a8,dip,somewhat_close,6,1,0,5,0.4166666666666667,0.33769047,0.26539132,0.36435014,0.33498037,0.3577161
24b40c18-ddee-52ef-be20-705e8071b2a8,dip,somewhat_close,6,1,1,3,0.25,0.2704545,0.25054428,0.28163436,0.27006677,0.27957094
24b40c18-ddee-52ef-be20-705e8071b2a8,dip,somewhat_close,6,1,2,3,0.25,0.2244097,0.25625244,0.22864093,0.22533904,0.2287165
24b40c18-ddee-52ef-be20-705e8071b2a8,dip,somewhat_close,6,1,3,1,0.0833333333333333,0.16744532,0.22781193,0.12537463,0.16961384,0.1339964
24b40c18-ddee-52ef-be20-705e8071b2a8,birthday,extremely_close,1,3,0,2,0.125,0.32165617,0.28021994,0.29297653,0.3196522,0.2974144
24b40c18-ddee-52ef-be20-705e8071b2a8,birthday,extremely_close,1,3,1,3,0.1875,0.31348172,0.22091691,0.2967644,0.311768,0.2991094
24b40c18-ddee-52ef-be20-705e8071b2a8,birthday,extremely_close,1,3,2,6,0.375,0.21722111,0.24974371,0.24162844,0.21841055,0.2374631
24b40c18-ddee-52ef-be20-705e8071b2a8,birthday,extremely_close,1,3,3,5,0.3125,0.14764105,0.24911939,0.16863064,0.15016927,0.16601305
24b40c18-ddee-52ef-be20-705e8071b2a8,drinks,extremely_close,7,3,0,3,0.1666666666666666,0.33517203,0.25649023,0.23276606,0.33253023,0.25004545
24b40c18-ddee-52ef-be20-705e8071b2a8,drinks,extremely_close,7,3,1,4,0.2222222222222222,0.26757511,0.23912959,0.3014371,0.2672558,0.29548186
24b40c18-ddee-52ef-be20-705e8071b2a8,drinks,extremely_close,7,3,2,5,0.2777777777777778,0.22562149,0.24335633,0.22504783,0.22650158,0.22667027
24b40c18-ddee-52ef-be20-705e8071b2a8,drinks,extremely_close,7,3,3,6,0.3333333333333333,0.17163132,0.26102385,0.240749,0.17371236,0.22780243
24b40c18-ddee-52ef-be20-705e8071b2a8,soup,not_close,14,0,0,6,0.5,0.33818597,0.3010139,0.3825187,0.33563444,0.37256363
24b40c18-ddee-52ef-be20-705e8071b2a8,soup,not_close,14,0,1,3,0.25,0.31507322,0.22628844,0.33879057,0.31335708,0.33371714
24b40c18-ddee-52ef-be20-705e8071b2a8,soup,not_close,14,0,2,2,0.1666666666666666,0.18950173,0.22069465,0.16353203,0.19134966,0.16979322
24b40c18-ddee-52ef-be20-705e8071b2a8,soup,not_close,14,0,3,1,0.0833333333333333,0.15723914,0.25200298,0.11515866,0.15965882,0.12392601
24b40c18-ddee-52ef-be20-705e8071b2a8,crabs,somewhat_close,5,1,0,5,0.3571428571428571,0.32949838,0.29960105,0.36052796,0.3272346,0.35396707
24b40c18-ddee-52ef-be20-705e8071b2a8,crabs,somewhat_close,5,1,1,6,0.4285714285714285,0.32009298,0.23267563,0.37403747,0.31816855,0.36267853
24b40c18-ddee-52ef-be20-705e8071b2a8,crabs,somewhat_close,5,1,2,2,0.1428571428571428,0.18702544,0.23678833,0.13190359,0.18890499,0.14269985
24b40c18-ddee-52ef-be20-705e8071b2a8,crabs,somewhat_close,5,1,3,1,0.0714285714285714,0.16338322,0.23093499,0.13353097,0.16569182,0.14065453
24b40c18-ddee-52ef-be20-705e8071b2a8,conference,close,3,2,0,3,0.1764705882352941,0.33627447,0.28567946,0.32390398,0.33383918,0.32497996
24b40c18-ddee-52ef-be20-705e8071b2a8,conference,close,3,2,1,6,0.3529411764705882,0.32249793,0.2440027,0.31270492,0.32056218,0.31356868
24b40c18-ddee-52ef-be20-705e8071b2a8,conference,close,3,2,2,5,0.2941176470588235,0.19272308,0.2495618,0.22254248,0.19453102,0.21759544
24b40c18-ddee-52ef-be20-705e8071b2a8,conference,close,3,2,3,3,0.1764705882352941,0.14850451,0.22075598,0.1408486,0.15106763,0.14385588
24b40c18-ddee-52ef-be20-705e8071b2a8,oysters,somewhat_close,12,1,0,6,0.5,0.3400336,0.31127194,0.35442063,0.3373747,0.34994653
24b40c18-ddee-52ef-be20-705e8071b2a8,oysters,somewhat_close,12,1,1,2,0.1666666666666666,0.30284005,0.21870834,0.30074957,0.3015121,0.30043343
24b40c18-ddee-52ef-be20-705e8071b2a8,oysters,somewhat_close,12,1,2,3,0.25,0.20254946,0.2491106,0.19948952,0.20409547,0.20106164
24b40c18-ddee-52ef-be20-705e8071b2a8,oysters,somewhat_close,12,1,3,1,0.0833333333333333,0.15457693,0.22090909,0.14534028,0.1570177,0.1485584
24b40c18-ddee-52ef-be20-705e8071b2a8,hike,extremely_close,11,3,0,3,0.1666666666666666,0.33404678,0.30082837,0.33788186,0.33169934,0.33572078
24b40c18-ddee-52ef-be20-705e8071b2a8,hike,extremely_close,11,3,1,2,0.1111111111111111,0.32451156,0.21243119,0.2973505,0.32250962,0.3014346
24b40c18-ddee-52ef-be20-705e8071b2a8,hike,extremely_close,11,3,2,6,0.3333333333333333,0.19580749,0.25311163,0.20556362,0.19755435,0.2047168
24b40c18-ddee-52ef-be20-705e8071b2a8,hike,extremely_close,11,3,3,7,0.3888888888888889,0.14563413,0.23362878,0.15920395,0.14823666,0.15812786
24b40c18-ddee-52ef-be20-705e8071b2a8,wedding,somewhat_close,15,1,0,3,0.2307692307692307,0.30876625,0.29976675,0.3333098,0.30711403,0.32751745
24b40c18-ddee-52ef-be20-705e8071b2a8,wedding,somewhat_close,15,1,1,2,0.1538461538461538,0.29898903,0.2203311,0.30216554,0.29767475,0.30098352
24b40c18-ddee-52ef-be20-705e8071b2a8,wedding,somewhat_close,15,1,2,3,0.2307692307692307,0.23715827,0.23514688,0.23644876,0.23775323,0.23714605
24b40c18-ddee-52ef-be20-705e8071b2a8,wedding,somewhat_close,15,1,3,5,0.3846153846153846,0.15508646,0.24475528,0.12807587,0.15745798,0.134353
24b40c18-ddee-52ef-be20-705e8071b2a8,cooking,extremely_close,4,3,0,1,0.0555555555555555,0.32508844,0.28153455,0.26053262,0.32288563,0.27141792
24b40c18-ddee-52ef-be20-705e8071b2a8,cooking,extremely_close,4,3,1,5,0.2777777777777778,0.30092797,0.22757895,0.31298968,0.2995782,0.31012288
24b40c18-ddee-52ef-be20-705e8071b2a8,cooking,extremely_close,4,3,2,5,0.2777777777777778,0.21122348,0.2310226,0.23388302,0.21250805,0.23035794
24b40c18-ddee-52ef-be20-705e8071b2a8,cooking,extremely_close,4,3,3,7,0.3888888888888889,0.16276015,0.2598639,0.19259474,0.1650281,0.18810125
24b40c18-ddee-52ef-be20-705e8071b2a8,gala,close,10,2,0,3,0.1666666666666666,0.36258376,0.29305857,0.3041355,0.35897562,0.31327608
24b40c18-ddee-52ef-be20-705e8071b2a8,gala,close,10,2,1,6,0.3333333333333333,0.24803236,0.2547296,0.2767334,0.2483613,0.2712739
24b40c18-ddee-52ef-be20-705e8071b2a8,gala,close,10,2,2,6,0.3333333333333333,0.21528816,0.24108168,0.24181442,0.2164861,0.23733611
24b40c18-ddee-52ef-be20-705e8071b2a8,gala,close,10,2,3,3,0.1666666666666666,0.17409568,0.21113022,0.17731674,0.17617695,0.17811388
24b40c18-ddee-52ef-be20-705e8071b2a8,driving,not_close,8,0,0,6,0.4,0.32080168,0.28850093,0.32237765,0.3188238,0.32171026
24b40c18-ddee-52ef-be20-705e8071b2a8,driving,not_close,8,0,1,5,0.3333333333333333,0.31365657,0.23262726,0.37901825,0.31193233,0.3648442
24b40c18-ddee-52ef-be20-705e8071b2a8,driving,not_close,8,0,2,3,0.2,0.21734229,0.23673908,0.18294969,0.21852566,0.19041178
24b40c18-ddee-52ef-be20-705e8071b2a8,driving,not_close,8,0,3,1,0.0666666666666666,0.14819951,0.24213271,0.11565435,0.1507182,0.12303381
56174123-a71f-5f58-a224-d390ecf537b7,soup,somewhat_close,14,1,0,7,0.7,0.33818597,0.3010139,0.34452966,0.33563444,0.3417673
56174123-a71f-5f58-a224-d390ecf537b7,soup,somewhat_close,14,1,1,1,0.1,0.31507322,0.22628844,0.3189721,0.31335708,0.31721324
56174123-a71f-5f58-a224-d390ecf537b7,soup,somewhat_close,14,1,2,1,0.1,0.18950173,0.22069465,0.19080658,0.19134966,0.1917101
56174123-a71f-5f58-a224-d390ecf537b7,soup,somewhat_close,14,1,3,1,0.1,0.15723914,0.25200298,0.14569166,0.15965882,0.14930934
56174123-a71f-5f58-a224-d390ecf537b7,wedding,not_close,15,0,0,7,0.7,0.30876625,0.29976675,0.35758772,0.30711403,0.34737545
56174123-a71f-5f58-a224-d390ecf537b7,wedding,not_close,15,0,1,1,0.1,0.29898903,0.2203311,0.32176432,0.29767475,0.31732672
56174123-a71f-5f58-a224-d390ecf537b7,wedding,not_close,15,0,2,1,0.1,0.23715827,0.23514688,0.22107239,0.23775323,0.2252434
56174123-a71f-5f58-a224-d390ecf537b7,wedding,not_close,15,0,3,1,0.1,0.15508646,0.24475528,0.099575475,0.15745798,0.110054396
56174123-a71f-5f58-a224-d390ecf537b7,basketball,close,0,2,0,3,0.2307692307692307,0.3173009,0.27931517,0.331041,0.3154185,0.32719913
56174123-a71f-5f58-a224-d390ecf537b7,basketball,close,0,2,1,2,0.1538461538461538,0.31123364,0.2196531,0.3025721,0.3095655,0.30337024
56174123-a71f-5f58-a224-d390ecf537b7,basketball,close,0,2,2,6,0.4615384615384615,0.22057617,0.24769424,0.19962241,0.22165884,0.20426738
56174123-a71f-5f58-a224-d390ecf537b7,basketball,close,0,2,3,2,0.1538461538461538,0.15088934,0.25333744,0.16676445,0.15335715,0.16516323
56174123-a71f-5f58-a224-d390ecf537b7,oysters,close,12,2,0,7,0.7,0.3400336,0.31127194,0.3257782,0.3373747,0.3269814
56174123-a71f-5f58-a224-d390ecf537b7,oysters,close,12,2,1,1,0.1,0.30284005,0.21870834,0.30453157,0.3015121,0.30337986
56174123-a71f-5f58-a224-d390ecf537b7,oysters,close,12,2,2,1,0.1,0.20254946,0.2491106,0.20594548,0.20409547,0.20621069
56174123-a71f-5f58-a224-d390ecf537b7,oysters,close,12,2,3,1,0.1,0.15457693,0.22090909,0.16374475,0.1570177,0.1634281
56174123-a71f-5f58-a224-d390ecf537b7,crabs,not_close,5,0,0,3,0.1666666666666666,0.32949838,0.29960105,0.33250704,0.3272346,0.33146152
56174123-a71f-5f58-a224-d390ecf537b7,crabs,not_close,5,0,1,6,0.3333333333333333,0.32009298,0.23267563,0.38626826,0.31816855,0.37187403
56174123-a71f-5f58-a224-d390ecf537b7,crabs,not_close,5,0,2,5,0.2777777777777778,0.18702544,0.23678833,0.15252548,0.18890499,0.16021432
56174123-a71f-5f58-a224-d390ecf537b7,crabs,not_close,5,0,3,4,0.2222222222222222,0.16338322,0.23093499,0.12869921,0.16569182,0.13645016
56174123-a71f-5f58-a224-d390ecf537b7,dip,somewhat_close,6,1,0,5,0.5555555555555556,0.33769047,0.26539132,0.36435014,0.33498037,0.3577161
56174123-a71f-5f58-a224-d390ecf537b7,dip,somewhat_close,6,1,1,1,0.1111111111111111,0.2704545,0.25054428,0.28163436,0.27006677,0.27957094
56174123-a71f-5f58-a224-d390ecf537b7,dip,somewhat_close,6,1,2,2,0.2222222222222222,0.2244097,0.25625244,0.22864093,0.22533904,0.2287165
56174123-a71f-5f58-a224-d390ecf537b7,dip,somewhat_close,6,1,3,1,0.1111111111111111,0.16744532,0.22781193,0.12537463,0.16961384,0.1339964
56174123-a71f-5f58-a224-d390ecf537b7,social,extremely_close,13,3,0,6,0.2727272727272727,0.38478413,0.29484272,0.35028762,0.38051066,0.35454354
56174123-a71f-5f58-a224-d390ecf537b7,social,extremely_close,13,3,1,5,0.2272727272727272,0.26153043,0.23070611,0.26098487,0.261622,0.26121816
56174123-a71f-5f58-a224-d390ecf537b7,social,extremely_close,13,3,2,5,0.2272727272727272,0.20087723,0.25057164,0.23086676,0.20253547,0.22578412
56174123-a71f-5f58-a224-d390ecf537b7,social,extremely_close,13,3,3,6,0.2727272727272727,0.15280823,0.22387956,0.15786076,0.15533185,0.15845421
56174123-a71f-5f58-a224-d390ecf537b7,driving,somewhat_close,8,1,0,5,0.2272727272727272,0.32080168,0.28850093,0.31517804,0.3188238,0.3153335
56174123-a71f-5f58-a224-d390ecf537b7,driving,somewhat_close,8,1,1,7,0.3181818181818182,0.31365657,0.23262726,0.34766352,0.31193233,0.33977747
56174123-a71f-5f58-a224-d390ecf537b7,driving,somewhat_close,8,1,2,5,0.2272727272727272,0.21734229,0.23673908,0.20519517,0.21852566,0.20837864
56174123-a71f-5f58-a224-d390ecf537b7,driving,somewhat_close,8,1,3,5,0.2272727272727272,0.14819951,0.24213271,0.13196324,0.1507182,0.13651037
56174123-a71f-5f58-a224-d390ecf537b7,gala,extremely_close,10,3,0,2,0.0952380952380952,0.36258376,0.29305857,0.27085638,0.35897562,0.28588986
56174123-a71f-5f58-a224-d390ecf537b7,gala,extremely_close,10,3,1,6,0.2857142857142857,0.24803236,0.2547296,0.27790543,0.2483613,0.27260363
56174123-a71f-5f58-a224-d390ecf537b7,gala,extremely_close,10,3,2,6,0.2857142857142857,0.21528816,0.24108168,0.25729015,0.2164861,0.2498217
56174123-a71f-5f58-a224-d390ecf537b7,gala,extremely_close,10,3,3,7,0.3333333333333333,0.17409568,0.21113022,0.19394808,0.17617695,0.19168487
56174123-a71f-5f58-a224-d390ecf537b7,brunch,extremely_close,2,3,0,5,0.238095238095238,0.30243197,0.3026591,0.25437948,0.30091482,0.26270998
56174123-a71f-5f58-a224-d390ecf537b7,brunch,extremely_close,2,3,1,5,0.238095238095238,0.29379916,0.21859324,0.28251648,0.29257798,0.28429732
56174123-a71f-5f58-a224-d390ecf537b7,brunch,extremely_close,2,3,2,6,0.2857142857142857,0.22932231,0.23039065,0.2505955,0.23006326,0.24698317
56174123-a71f-5f58-a224-d390ecf537b7,brunch,extremely_close,2,3,3,5,0.238095238095238,0.17444655,0.24835704,0.21250848,0.17644392,0.20600952
56174123-a71f-5f58-a224-d390ecf537b7,fair,somewhat_close,9,1,0,5,0.3571428571428571,0.32837287,0.2946545,0.29791787,0.32618845,0.30253178
56174123-a71f-5f58-a224-d390ecf537b7,fair,somewhat_close,9,1,1,6,0.4285714285714285,0.32105917,0.21227996,0.32904878,0.31913775,0.32632118
56174123-a71f-5f58-a224-d390ecf537b7,fair,somewhat_close,9,1,2,1,0.0714285714285714,0.20461664,0.2554765,0.2179913,0.20614377,0.21628724
56174123-a71f-5f58-a224-d390ecf537b7,fair,somewhat_close,9,1,3,2,0.1428571428571428,0.14595127,0.23758905,0.15504195,0.14853,0.15485977
56174123-a71f-5f58-a224-d390ecf537b7,drinks,not_close,7,0,0,5,0.238095238095238,0.33517203,0.25649023,0.30263433,0.33253023,0.30758438
56174123-a71f-5f58-a224-d390ecf537b7,drinks,not_close,7,0,1,5,0.238095238095238,0.26757511,0.23912959,0.31184286,0.2672558,0.30257833
56174123-a71f-5f58-a224-d390ecf537b7,drinks,not_close,7,0,2,5,0.238095238095238,0.22562149,0.24335633,0.22425486,0.22650158,0.22524028
56174123-a71f-5f58-a224-d390ecf537b7,drinks,not_close,7,0,3,6,0.2857142857142857,0.17163132,0.26102385,0.16126789,0.17371236,0.16459699
56174123-a71f-5f58-a224-d390ecf537b7,hike,extremely_close,11,3,0,6,0.375,0.33404678,0.30082837,0.33788186,0.33169934,0.33572078
56174123-a71f-5f58-a224-d390ecf537b7,hike,extremely_close,11,3,1,5,0.3125,0.32451156,0.21243119,0.2973505,0.32250962,0.3014346
56174123-a71f-5f58-a224-d390ecf537b7,hike,extremely_close,11,3,2,2,0.125,0.19580749,0.25311163,0.20556362,0.19755435,0.2047168
56174123-a71f-5f58-a224-d390ecf537b7,hike,extremely_close,11,3,3,3,0.1875,0.14563413,0.23362878,0.15920395,0.14823666,0.15812786
56174123-a71f-5f58-a224-d390ecf537b7,birthday,close,1,2,0,5,0.2631578947368421,0.32165617,0.28021994,0.2816877,0.3196522,0.28819582
56174123-a71f-5f58-a224-d390ecf537b7,birthday,close,1,2,1,7,0.3684210526315789,0.31348172,0.22091691,0.31876132,0.311768,0.31678355
56174123-a71f-5f58-a224-d390ecf537b7,birthday,close,1,2,2,5,0.2631578947368421,0.21722111,0.24974371,0.23532178,0.21841055,0.23248664
56174123-a71f-5f58-a224-d390ecf537b7,birthday,close,1,2,3,2,0.1052631578947368,0.14764105,0.24911939,0.16422926,0.15016927,0.16253394
56174123-a71f-5f58-a224-d390ecf537b7,conference,not_close,3,0,0,5,0.238095238095238,0.33627447,0.28567946,0.33324155,0.33383918,0.33397454
56174123-a71f-5f58-a224-d390ecf537b7,conference,not_close,3,0,1,6,0.2857142857142857,0.32249793,0.2440027,0.41457385,0.32056218,0.3949526
56174123-a71f-5f58-a224-d390ecf537b7,conference,not_close,3,0,2,5,0.238095238095238,0.19272308,0.2495618,0.14458562,0.19453102,0.15464573
56174123-a71f-5f58-a224-d390ecf537b7,conference,not_close,3,0,3,5,0.238095238095238,0.14850451,0.22075598,0.10759906,0.15106763,0.11642715
56174123-a71f-5f58-a224-d390ecf537b7,cooking,close,4,2,0,2,0.125,0.32508844,0.28153455,0.25373095,0.32288563,0.2657937
56174123-a71f-5f58-a224-d390ecf537b7,cooking,close,4,2,1,7,0.4375,0.30092797,0.22757895,0.3285871,0.2995782,0.32255453
56174123-a71f-5f58-a224-d390ecf537b7,cooking,close,4,2,2,5,0.3125,0.21122348,0.2310226,0.23453203,0.21250805,0.23093651
56174123-a71f-5f58-a224-d390ecf537b7,cooking,close,4,2,3,2,0.125,0.16276015,0.2598639,0.18314992,0.1650281,0.18071517
6eb99c51-6d33-5b68-8a76-91a0ef48223e,wedding,not_close,15,0,0,7,0.5833333333333334,0.30876625,0.29976675,0.35758772,0.30711403,0.34737545
6eb99c51-6d33-5b68-8a76-91a0ef48223e,wedding,not_close,15,0,1,2,0.1666666666666666,0.29898903,0.2203311,0.32176432,0.29767475,0.31732672
6eb99c51-6d33-5b68-8a76-91a0ef48223e,wedding,not_close,15,0,2,2,0.1666666666666666,0.23715827,0.23514688,0.22107239,0.23775323,0.2252434
6eb99c51-6d33-5b68-8a76-91a0ef48223e,wedding,not_close,15,0,3,1,0.0833333333333333,0.15508646,0.24475528,0.099575475,0.15745798,0.110054396
6eb99c51-6d33-5b68-8a76-91a0ef48223e,fair,extremely_close,9,3,0,4,0.1666666666666666,0.32837287,0.2946545,0.32941785,0.32618845,0.32789174
6eb99c51-6d33-5b68-8a76-91a0ef48223e,fair,extremely_close,9,3,1,7,0.2916666666666667,0.32105917,0.21227996,0.31025007,0.31913775,0.3112323
6eb99c51-6d33-5b68-8a76-91a0ef48223e,fair,extremely_close,9,3,2,7,0.2916666666666667,0.20461664,0.2554765,0.19988796,0.20614377,0.2017246
6eb99c51-6d33-5b68-8a76-91a0ef48223e,fair,extremely_close,9,3,3,6,0.25,0.14595127,0.23758905,0.1604442,0.14853,0.1591514
6eb99c51-6d33-5b68-8a76-91a0ef48223e,conference,somewhat_close,3,1,0,4,0.2352941176470588,0.33627447,0.28567946,0.33678538,0.33383918,0.33548558
6eb99c51-6d33-5b68-8a76-91a0ef48223e,conference,somewhat_close,3,1,1,6,0.3529411764705882,0.32249793,0.2440027,0.34514695,0.32056218,0.33959094
6eb99c51-6d33-5b68-8a76-91a0ef48223e,conference,somewhat_close,3,1,2,5,0.2941176470588235,0.19272308,0.2495618,0.19635226,0.19453102,0.19690198
6eb99c51-6d33-5b68-8a76-91a0ef48223e,conference,somewhat_close,3,1,3,2,0.1176470588235294,0.14850451,0.22075598,0.1217154,0.15106763,0.1280215
6eb99c51-6d33-5b68-8a76-91a0ef48223e,hike,not_close,11,0,0,7,0.5384615384615384,0.33404678,0.30082837,0.37751567,0.33169934,0.36750683
6eb99c51-6d33-5b68-8a76-91a0ef48223e,hike,not_close,11,0,1,3,0.2307692307692307,0.32451156,0.21243119,0.33200538,0.32250962,0.3297955
6eb99c51-6d33-5b68-8a76-91a0ef48223e,hike,not_close,11,0,2,2,0.1538461538461538,0.19580749,0.25311163,0.16379511,0.19755435,0.1708626
6eb99c51-6d33-5b68-8a76-91a0ef48223e,hike,not_close,11,0,3,1,0.0769230769230769,0.14563413,0.23362878,0.12668388,0.14823666,0.13183501
6eb99c51-6d33-5b68-8a76-91a0ef48223e,birthday,somewhat_close,1,1,0,6,0.4,0.32165617,0.28021994,0.31222877,0.3196522,0.31307483
6eb99c51-6d33-5b68-8a76-91a0ef48223e,birthday,somewhat_close,1,1,1,5,0.3333333333333333,0.31348172,0.22091691,0.33197084,0.311768,0.32734334
6eb99c51-6d33-5b68-8a76-91a0ef48223e,birthday,somewhat_close,1,1,2,3,0.2,0.21722111,0.24974371,0.2297937,0.21841055,0.22814302
6eb99c51-6d33-5b68-8a76-91a0ef48223e,birthday,somewhat_close,1,1,3,1,0.0666666666666666,0.14764105,0.24911939,0.12600674,0.15016927,0.13143879
6eb99c51-6d33-5b68-8a76-91a0ef48223e,basketball,extremely_close,0,3,0,3,0.1875,0.3173009,0.27931517,0.3131195,0.3154185,0.3128357
6eb99c51-6d33-5b68-8a76-91a0ef48223e,basketball,extremely_close,0,3,1,5,0.3125,0.31123364,0.2196531,0.3208935,0.3095655,0.31794766
6eb99c51-6d33-5b68-8a76-91a0ef48223e,basketball,extremely_close,0,3,2,5,0.3125,0.22057617,0.24769424,0.21410309,0.22165884,0.21602215
6eb99c51-6d33-5b68-8a76-91a0ef48223e,basketball,extremely_close,0,3,3,3,0.1875,0.15088934,0.25333744,0.15188394,0.15335715,0.15319455
6eb99c51-6d33-5b68-8a76-91a0ef48223e,gala,extremely_close,10,3,0,2,0.0952380952380952,0.36258376,0.29305857,0.27085638,0.35897562,0.28588986
6eb99c51-6d33-5b68-8a76-91a0ef48223e,gala,extremely_close,10,3,1,7,0.3333333333333333,0.24803236,0.2547296,0.27790543,0.2483613,0.27260363
6eb99c51-6d33-5b68-8a76-91a0ef48223e,gala,extremely_close,10,3,2,7,0.3333333333333333,0.21528816,0.24108168,0.25729015,0.2164861,0.2498217
6eb99c51-6d33-5b68-8a76-91a0ef48223e,gala,extremely_close,10,3,3,5,0.238095238095238,0.17409568,0.21113022,0.19394808,0.17617695,0.19168487
6eb99c51-6d33-5b68-8a76-91a0ef48223e,cooking,somewhat_close,4,1,0,1,0.0666666666666666,0.32508844,0.28153455,0.3038481,0.32288563,0.30680162
6eb99c51-6d33-5b68-8a76-91a0ef48223e,cooking,somewhat_close,4,1,1,7,0.4666666666666667,0.30092797,0.22757895,0.3294611,0.2995782,0.32287404
6eb99c51-6d33-5b68-8a76-91a0ef48223e,cooking,somewhat_close,4,1,2,5,0.3333333333333333,0.21122348,0.2310226,0.2139687,0.21250805,0.21430032
6eb99c51-6d33-5b68-8a76-91a0ef48223e,cooking,somewhat_close,4,1,3,2,0.1333333333333333,0.16276015,0.2598639,0.15272212,0.1650281,0.15602408
6eb99c51-6d33-5b68-8a76-91a0ef48223e,crabs,close,5,2,0,2,0.125,0.32949838,0.29960105,0.31679517,0.3272346,0.318014
6eb99c51-6d33-5b68-8a76-91a0ef48223e,crabs,close,5,2,1,7,0.4375,0.32009298,0.23267563,0.34010246,0.31816855,0.3349067
6eb99c51-6d33-5b68-8a76-91a0ef48223e,crabs,close,5,2,2,4,0.25,0.18702544,0.23678833,0.18733868,0.18890499,0.18845895
6eb99c51-6d33-5b68-8a76-91a0ef48223e,crabs,close,5,2,3,3,0.1875,0.16338322,0.23093499,0.1557637,0.16569182,0.15862034
6eb99c51-6d33-5b68-8a76-91a0ef48223e,driving,not_close,8,0,0,7,0.5,0.32080168,0.28850093,0.32237765,0.3188238,0.32171026
6eb99c51-6d33-5b68-8a76-91a0ef48223e,driving,not_close,8,0,1,5,0.3571428571428571,0.31365657,0.23262726,0.37901825,0.31193233,0.3648442
6eb99c51-6d33-5b68-8a76-91a0ef48223e,driving,not_close,8,0,2,1,0.0714285714285714,0.21734229,0.23673908,0.18294969,0.21852566,0.19041178
6eb99c51-6d33-5b68-8a76-91a0ef48223e,driving,not_close,8,0,3,1,0.0714285714285714,0.14819951,0.24213271,0.11565435,0.1507182,0.12303381
6eb99c51-6d33-5b68-8a76-91a0ef48223e,social,close,13,2,0,2,0.1111111111111111,0.38478413,0.29484272,0.3941475,0.38051066,0.38977
6eb99c51-6d33-5b68-8a76-91a0ef48223e,social,close,13,2,1,6,0.3333333333333333,0.26153043,0.23070611,0.26863965,0.261622,0.2673677
6eb99c51-6d33-5b68-8a76-91a0ef48223e,social,close,13,2,2,5,0.2777777777777778,0.20087723,0.25057164,0.19937879,0.20253547,0.20073907
6eb99c51-6d33-5b68-8a76-91a0ef48223e,social,close,13,2,3,5,0.2777777777777778,0.15280823,0.22387956,0.13783406,0.15533185,0.14212327
6eb99c51-6d33-5b68-8a76-91a0ef48223e,soup,somewhat_close,14,1,0,6,0.3333333333333333,0.33818597,0.3010139,0.34452966,0.33563444,0.3417673
6eb99c51-6d33-5b68-8a76-91a0ef48223e,soup,somewhat_close,14,1,1,4,0.2222222222222222,0.31507322,0.22628844,0.3189721,0.31335708,0.31721324
6eb99c51-6d33-5b68-8a76-91a0ef48223e,soup,somewhat_close,14,1,2,4,0.2222222222222222,0.18950173,0.22069465,0.19080658,0.19134966,0.1917101
6eb99c51-6d33-5b68-8a76-91a0ef48223e,soup,somewhat_close,14,1,3,4,0.2222222222222222,0.15723914,0.25200298,0.14569166,0.15965882,0.14930934
6eb99c51-6d33-5b68-8a76-91a0ef48223e,oysters,not_close,12,0,0,7,0.6363636363636364,0.3400336,0.31127194,0.3653165,0.3373747,0.35897037
6eb99c51-6d33-5b68-8a76-91a0ef48223e,oysters,not_close,12,0,1,2,0.1818181818181818,0.30284005,0.21870834,0.32647744,0.3015121,0.32125935
6eb99c51-6d33-5b68-8a76-91a0ef48223e,oysters,not_close,12,0,2,1,0.0909090909090909,0.20254946,0.2491106,0.18403101,0.20409547,0.1886821
6eb99c51-6d33-5b68-8a76-91a0ef48223e,oysters,not_close,12,0,3,1,0.0909090909090909,0.15457693,0.22090909,0.12417514,0.1570177,0.13108808
6eb99c51-6d33-5b68-8a76-91a0ef48223e,dip,close,6,2,0,7,0.3043478260869565,0.33769047,0.26539132,0.34952283,0.33498037,0.3457275
6eb99c51-6d33-5b68-8a76-91a0ef48223e,dip,close,6,2,1,7,0.3043478260869565,0.2704545,0.25054428,0.28651547,0.27006677,0.28323793
6eb99c51-6d33-5b68-8a76-91a0ef48223e,dip,close,6,2,2,6,0.2608695652173913,0.2244097,0.25625244,0.22507222,0.22533904,0.22567739
6eb99c51-6d33-5b68-8a76-91a0ef48223e,dip,close,6,2,3,3,0.1304347826086956,0.16744532,0.22781193,0.13888952,0.16961384,0.1453572
6eb99c51-6d33-5b68-8a76-91a0ef48223e,drinks,extremely_close,7,3,0,1,0.0769230769230769,0.33517203,0.25649023,0.23276606,0.33253023,0.25004545
6eb99c51-6d33-5b68-8a76-91a0ef48223e,drinks,extremely_close,7,3,1,3,0.2307692307692307,0.26757511,0.23912959,0.3014371,0.2672558,0.29548186
6eb99c51-6d33-5b68-8a76-91a0ef48223e,drinks,extremely_close,7,3,2,3,0.2307692307692307,0.22562149,0.24335633,0.22504783,0.22650158,0.22667027
6eb99c51-6d33-5b68-8a76-91a0ef48223e,drinks,extremely_close,7,3,3,6,0.4615384615384615,0.17163132,0.26102385,0.240749,0.17371236,0.22780243
6eb99c51-6d33-5b68-8a76-91a0ef48223e,brunch,close,2,2,0,1,0.0588235294117647,0.30243197,0.3026591,0.2907551,0.30091482,0.29213974
6eb99c51-6d33-5b68-8a76-91a0ef48223e,brunch,close,2,2,1,6,0.3529411764705882,0.29379916,0.21859324,0.28704393,0.29257798,0.28764403
6eb99c51-6d33-5b68-8a76-91a0ef48223e,brunch,close,2,2,2,5,0.2941176470588235,0.22932231,0.23039065,0.23673561,0.23006326,0.23571382
6eb99c51-6d33-5b68-8a76-91a0ef48223e,brunch,close,2,2,3,5,0.2941176470588235,0.17444655,0.24835704,0.1854654,0.17644392,0.1845024
35b42501-10af-5196-8f16-8ea6b769be65,wedding,close,15,2,0,4,0.2352941176470588,0.30876625,0.29976675,0.30674273,0.30711403,0.3061728
35b42501-10af-5196-8f16-8ea6b769be65,wedding,close,15,2,1,5,0.2941176470588235,0.29898903,0.2203311,0.27808088,0.29767475,0.2813681
35b42501-10af-5196-8f16-8ea6b769be65,wedding,close,15,2,2,6,0.3529411764705882,0.23715827,0.23514688,0.2490248,0.23775323,0.24702889
35b42501-10af-5196-8f16-8ea6b769be65,wedding,close,15,2,3,2,0.1176470588235294,0.15508646,0.24475528,0.1661516,0.15745798,0.16543032
35b42501-10af-5196-8f16-8ea6b769be65,conference,extremely_close,3,3,0,4,0.2222222222222222,0.33627447,0.28567946,0.31225505,0.33383918,0.31567898
35b42501-10af-5196-8f16-8ea6b769be65,conference,extremely_close,3,3,1,7,0.3888888888888889,0.32249793,0.2440027,0.29103574,0.32056218,0.29611537
35b42501-10af-5196-8f16-8ea6b769be65,conference,extremely_close,3,3,2,5,0.2777777777777778,0.19272308,0.2495618,0.23289657,0.19453102,0.22576019
35b42501-10af-5196-8f16-8ea6b769be65,conference,extremely_close,3,3,3,2,0.1111111111111111,0.14850451,0.22075598,0.16381264,0.15106763,0.16244544
35b42501-10af-5196-8f16-8ea6b769be65,gala,close,10,2,0,5,0.25,0.36258376,0.29305857,0.3041355,0.35897562,0.31327608
35b42501-10af-5196-8f16-8ea6b769be65,gala,close,10,2,1,5,0.25,0.24803236,0.2547296,0.2767334,0.2483613,0.2712739
35b42501-10af-5196-8f16-8ea6b769be65,gala,close,10,2,2,5,0.25,0.21528816,0.24108168,0.24181442,0.2164861,0.23733611
35b42501-10af-5196-8f16-8ea6b769be65,gala,close,10,2,3,5,0.25,0.17409568,0.21113022,0.17731674,0.17617695,0.17811388
35b42501-10af-5196-8f16-8ea6b769be65,brunch,close,2,2,0,3,0.1578947368421052,0.30243197,0.3026591,0.2907551,0.30091482,0.29213974
35b42501-10af-5196-8f16-8ea6b769be65,brunch,close,2,2,1,7,0.3684210526315789,0.29379916,0.21859324,0.28704393,0.29257798,0.28764403
35b42501-10af-5196-8f16-8ea6b769be65,brunch,close,2,2,2,4,0.2105263157894736,0.22932231,0.23039065,0.23673561,0.23006326,0.23571382
35b42501-10af-5196-8f16-8ea6b769be65,brunch,close,2,2,3,5,0.2631578947368421,0.17444655,0.24835704,0.1854654,0.17644392,0.1845024
35b42501-10af-5196-8f16-8ea6b769be65,social,somewhat_close,13,1,0,5,0.5,0.38478413,0.29484272,0.3939905,0.38051066,0.38956168
35b42501-10af-5196-8f16-8ea6b769be65,social,somewhat_close,13,1,1,2,0.2,0.26153043,0.23070611,0.2552778,0.261622,0.25658923
35b42501-10af-5196-8f16-8ea6b769be65,social,somewhat_close,13,1,2,2,0.2,0.20087723,0.25057164,0.20189984,0.20253547,0.20272948
35b42501-10af-5196-8f16-8ea6b769be65,social,somewhat_close,13,1,3,1,0.1,0.15280823,0.22387956,0.14883181,0.15533185,0.15111957
35b42501-10af-5196-8f16-8ea6b769be65,driving,not_close,8,0,0,6,0.4,0.32080168,0.28850093,0.32237765,0.3188238,0.32171026
35b42501-10af-5196-8f16-8ea6b769be65,driving,not_close,8,0,1,7,0.4666666666666667,0.31365657,0.23262726,0.37901825,0.31193233,0.3648442
35b42501-10af-5196-8f16-8ea6b769be65,driving,not_close,8,0,2,1,0.0666666666666666,0.21734229,0.23673908,0.18294969,0.21852566,0.19041178
35b42501-10af-5196-8f16-8ea6b769be65,driving,not_close,8,0,3,1,0.0666666666666666,0.14819951,0.24213271,0.11565435,0.1507182,0.12303381
35b42501-10af-5196-8f16-8ea6b769be65,drinks,extremely_close,7,3,0,4,0.2857142857142857,0.33517203,0.25649023,0.23276606,0.33253023,0.25004545
35b42501-10af-5196-8f16-8ea6b769be65,drinks,extremely_close,7,3,1,5,0.3571428571428571,0.26757511,0.23912959,0.3014371,0.2672558,0.29548186
35b42501-10af-5196-8f16-8ea6b769be65,drinks,extremely_close,7,3,2,1,0.0714285714285714,0.22562149,0.24335633,0.22504783,0.22650158,0.22667027
35b42501-10af-5196-8f16-8ea6b769be65,drinks,extremely_close,7,3,3,4,0.2857142857142857,0.17163132,0.26102385,0.240749,0.17371236,0.22780243
35b42501-10af-5196-8f16-8ea6b769be65,soup,extremely_close,14,3,0,5,0.2272727272727272,0.33818597,0.3010139,0.31913835,0.33563444,0.32138214
35b42501-10af-5196-8f16-8ea6b769be65,soup,extremely_close,14,3,1,7,0.3181818181818182,0.31507322,0.22628844,0.29832476,0.31335708,0.30060738
35b42501-10af-5196-8f16-8ea6b769be65,soup,extremely_close,14,3,2,5,0.2272727272727272,0.18950173,0.22069465,0.210552,0.19134966,0.20745501
35b42501-10af-5196-8f16-8ea6b769be65,soup,extremely_close,14,3,3,5,0.2272727272727272,0.15723914,0.25200298,0.17198491,0.15965882,0.17055549
35b42501-10af-5196-8f16-8ea6b769be65,birthday,somewhat_close,1,1,0,6,0.375,0.32165617,0.28021994,0.31222877,0.3196522,0.31307483
35b42501-10af-5196-8f16-8ea6b769be65,birthday,somewhat_close,1,1,1,6,0.375,0.31348172,0.22091691,0.33197084,0.311768,0.32734334
35b42501-10af-5196-8f16-8ea6b769be65,birthday,somewhat_close,1,1,2,3,0.1875,0.21722111,0.24974371,0.2297937,0.21841055,0.22814302
35b42501-10af-5196-8f16-8ea6b769be65,birthday,somewhat_close,1,1,3,1,0.0625,0.14764105,0.24911939,0.12600674,0.15016927,0.13143879
35b42501-10af-5196-8f16-8ea6b769be65,crabs,extremely_close,5,3,0,1,0.0769230769230769,0.32949838,0.29960105,0.32724842,0.3272346,0.32636657
35b42501-10af-5196-8f16-8ea6b769be65,crabs,extremely_close,5,3,1,7,0.5384615384615384,0.32009298,0.23267563,0.31487674,0.31816855,0.31478795
35b42501-10af-5196-8f16-8ea6b769be65,crabs,extremely_close,5,3,2,2,0.1538461538461538,0.18702544,0.23678833,0.17663889,0.18890499,0.17975125
35b42501-10af-5196-8f16-8ea6b769be65,crabs,extremely_close,5,3,3,3,0.2307692307692307,0.16338322,0.23093499,0.18123591,0.16569182,0.17909427
35b42501-10af-5196-8f16-8ea6b769be65,fair,not_close,9,0,0,5,0.3571428571428571,0.32837287,0.2946545,0.33953634,0.32618845,0.33659288
35b42501-10af-5196-8f16-8ea6b769be65,fair,not_close,9,0,1,7,0.5,0.32105917,0.21227996,0.3681577,0.31913775,0.35772365
35b42501-10af-5196-8f16-8ea6b769be65,fair,not_close,9,0,2,1,0.0714285714285714,0.20461664,0.2554765,0.17532648,0.20614377,0.18193142
35b42501-10af-5196-8f16-8ea6b769be65,fair,not_close,9,0,3,1,0.0714285714285714,0.14595127,0.23758905,0.116979435,0.14853,0.12375206
35b42501-10af-5196-8f16-8ea6b769be65,basketball,not_close,0,0,0,4,0.3333333333333333,0.3173009,0.27931517,0.40210518,0.3154185,0.38488865
35b42501-10af-5196-8f16-8ea6b769be65,basketball,not_close,0,0,1,6,0.5,0.31123364,0.2196531,0.34911686,0.3095655,0.34244534
35b42501-10af-5196-8f16-8ea6b769be65,basketball,not_close,0,0,2,1,0.0833333333333333,0.22057617,0.24769424,0.14574708,0.22165884,0.15971808
35b42501-10af-5196-8f16-8ea6b769be65,basketball,not_close,0,0,3,1,0.0833333333333333,0.15088934,0.25333744,0.10303085,0.15335715,0.11294795
35b42501-10af-5196-8f16-8ea6b769be65,dip,not_close,6,0,0,7,0.5,0.33769047,0.26539132,0.4222383,0.33498037,0.40336716
35b42501-10af-5196-8f16-8ea6b769be65,dip,not_close,6,0,1,4,0.2857142857142857,0.2704545,0.25054428,0.24091707,0.27006677,0.24709393
35b42501-10af-5196-8f16-8ea6b769be65,dip,not_close,6,0,2,2,0.1428571428571428,0.2244097,0.25625244,0.20938475,0.22533904,0.2135127
35b42501-10af-5196-8f16-8ea6b769be65,dip,not_close,6,0,3,1,0.0714285714285714,0.16744532,0.22781193,0.12745976,0.16961384,0.13602626
35b42501-10af-5196-8f16-8ea6b769be65,oysters,somewhat_close,12,1,0,3,0.2,0.3400336,0.31127194,0.35442063,0.3373747,0.34994653
35b42501-10af-5196-8f16-8ea6b769be65,oysters,somewhat_close,12,1,1,6,0.4,0.30284005,0.21870834,0.30074957,0.3015121,0.30043343
35b42501-10af-5196-8f16-8ea6b769be65,oysters,somewhat_close,12,1,2,4,0.2666666666666666,0.20254946,0.2491106,0.19948952,0.20409547,0.20106164
35b42501-10af-5196-8f16-8ea6b769be65,oysters,somewhat_close,12,1,3,2,0.1333333333333333,0.15457693,0.22090909,0.14534028,0.1570177,0.1485584
35b42501-10af-5196-8f16-8ea6b769be65,cooking,somewhat_close,4,1,0,2,0.1176470588235294,0.32508844,0.28153455,0.3038481,0.32288563,0.30680162
35b42501-10af-5196-8f16-8ea6b769be65,cooking,somewhat_close,4,1,1,7,0.4117647058823529,0.30092797,0.22757895,0.3294611,0.2995782,0.32287404
35b42501-10af-5196-8f16-8ea6b769be65,cooking,somewhat_close,4,1,2,4,0.2352941176470588,0.21122348,0.2310226,0.2139687,0.21250805,0.21430032
35b42501-10af-5196-8f16-8ea6b769be65,cooking,somewhat_close,4,1,3,4,0.2352941176470588,0.16276015,0.2598639,0.15272212,0.1650281,0.15602408
35b42501-10af-5196-8f16-8ea6b769be65,hike,close,11,2,0,3,0.3333333333333333,0.33404678,0.30082837,0.31649798,0.33169934,0.31855774
35b42501-10af-5196-8f16-8ea6b769be65,hike,close,11,2,1,3,0.3333333333333333,0.32451156,0.21243119,0.31296036,0.32250962,0.31405988
35b42501-10af-5196-8f16-8ea6b769be65,hike,close,11,2,2,2,0.2222222222222222,0.19580749,0.25311163,0.20188613,0.19755435,0.20176907
35b42501-10af-5196-8f16-8ea6b769be65,hike,close,11,2,3,1,0.1111111111111111,0.14563413,0.23362878,0.16865557,0.14823666,0.16561331
6832564e-6a15-5c82-9db7-0102b6cb961e,hike,somewhat_close,11,1,0,3,0.2,0.33404678,0.30082837,0.33502132,0.33169934,0.3334202
6832564e-6a15-5c82-9db7-0102b6cb961e,hike,somewhat_close,11,1,1,6,0.4,0.32451156,0.21243119,0.32786852,0.32250962,0.32599643
6832564e-6a15-5c82-9db7-0102b6cb961e,hike,somewhat_close,11,1,2,4,0.2666666666666666,0.19580749,0.25311163,0.19115357,0.19755435,0.19311021
6832564e-6a15-5c82-9db7-0102b6cb961e,hike,somewhat_close,11,1,3,2,0.1333333333333333,0.14563413,0.23362878,0.14595659,0.14823666,0.1474731
6832564e-6a15-5c82-9db7-0102b6cb961e,drinks,close,7,2,0,6,0.4615384615384615,0.33517203,0.25649023,0.3006383,0.33253023,0.30577487
6832564e-6a15-5c82-9db7-0102b6cb961e,drinks,close,7,2,1,2,0.1538461538461538,0.26757511,0.23912959,0.2817904,0.2672558,0.2787861
6832564e-6a15-5c82-9db7-0102b6cb961e,drinks,close,7,2,2,3,0.2307692307692307,0.22562149,0.24335633,0.23456235,0.22650158,0.23337154
6832564e-6a15-5c82-9db7-0102b6cb961e,drinks,close,7,2,3,2,0.1538461538461538,0.17163132,0.26102385,0.18300895,0.17371236,0.18206751
6832564e-6a15-5c82-9db7-0102b6cb961e,gala,close,10,2,0,2,0.1052631578947368,0.36258376,0.29305857,0.3041355,0.35897562,0.31327608
6832564e-6a15-5c82-9db7-0102b6cb961e,gala,close,10,2,1,6,0.3157894736842105,0.24803236,0.2547296,0.2767334,0.2483613,0.2712739
6832564e-6a15-5c82-9db7-0102b6cb961e,gala,close,10,2,2,6,0.3157894736842105,0.21528816,0.24108168,0.24181442,0.2164861,0.23733611
6832564e-6a15-5c82-9db7-0102b6cb961e,gala,close,10,2,3,5,0.2631578947368421,0.17409568,0.21113022,0.17731674,0.17617695,0.17811388
6832564e-6a15-5c82-9db7-0102b6cb961e,crabs,extremely_close,5,3,0,2,0.1111111111111111,0.32949838,0.29960105,0.32724842,0.3272346,0.32636657
6832564e-6a15-5c82-9db7-0102b6cb961e,crabs,extremely_close,5,3,1,6,0.3333333333333333,0.32009298,0.23267563,0.31487674,0.31816855,0.31478795
6832564e-6a15-5c82-9db7-0102b6cb961e,crabs,extremely_close,5,3,2,5,0.2777777777777778,0.18702544,0.23678833,0.17663889,0.18890499,0.17975125
6832564e-6a15-5c82-9db7-0102b6cb961e,crabs,extremely_close,5,3,3,5,0.2777777777777778,0.16338322,0.23093499,0.18123591,0.16569182,0.17909427
6832564e-6a15-5c82-9db7-0102b6cb961e,cooking,not_close,4,0,0,6,0.4,0.32508844,0.28153455,0.3056378,0.32288563,0.3086708
6832564e-6a15-5c82-9db7-0102b6cb961e,cooking,not_close,4,0,1,6,0.4,0.30092797,0.22757895,0.36421698,0.2995782,0.35040545
6832564e-6a15-5c82-9db7-0102b6cb961e,cooking,not_close,4,0,2,2,0.1333333333333333,0.21122348,0.2310226,0.18061243,0.21250805,0.1873101
6832564e-6a15-5c82-9db7-0102b6cb961e,cooking,not_close,4,0,3,1,0.0666666666666666,0.16276015,0.2598639,0.14953284,0.1650281,0.15361361
6832564e-6a15-5c82-9db7-0102b6cb961e,soup,extremely_close,14,3,0,2,0.0952380952380952,0.33818597,0.3010139,0.31913835,0.33563444,0.32138214
6832564e-6a15-5c82-9db7-0102b6cb961e,soup,extremely_close,14,3,1,7,0.3333333333333333,0.31507322,0.22628844,0.29832476,0.31335708,0.30060738
6832564e-6a15-5c82-9db7-0102b6cb961e,soup,extremely_close,14,3,2,5,0.238095238095238,0.18950173,0.22069465,0.210552,0.19134966,0.20745501
6832564e-6a15-5c82-9db7-0102b6cb961e,soup,extremely_close,14,3,3,7,0.3333333333333333,0.15723914,0.25200298,0.17198491,0.15965882,0.17055549
6832564e-6a15-5c82-9db7-0102b6cb961e,oysters,somewhat_close,12,1,0,6,0.3333333333333333,0.3400336,0.31127194,0.35442063,0.3373747,0.34994653
6832564e-6a15-5c82-9db7-0102b6cb961e,oysters,somewhat_close,12,1,1,5,0.2777777777777778,0.30284005,0.21870834,0.30074957,0.3015121,0.30043343
6832564e-6a15-5c82-9db7-0102b6cb961e,oysters,somewhat_close,12,1,2,5,0.2777777777777778,0.20254946,0.2491106,0.19948952,0.20409547,0.20106164
6832564e-6a15-5c82-9db7-0102b6cb961e,oysters,somewhat_close,12,1,3,2,0.1111111111111111,0.15457693,0.22090909,0.14534028,0.1570177,0.1485584
6832564e-6a15-5c82-9db7-0102b6cb961e,fair,not_close,9,0,0,6,0.4285714285714285,0.32837287,0.2946545,0.33953634,0.32618845,0.33659288
6832564e-6a15-5c82-9db7-0102b6cb961e,fair,not_close,9,0,1,5,0.3571428571428571,0.32105917,0.21227996,0.3681577,0.31913775,0.35772365
6832564e-6a15-5c82-9db7-0102b6cb961e,fair,not_close,9,0,2,2,0.1428571428571428,0.20461664,0.2554765,0.17532648,0.20614377,0.18193142
6832564e-6a15-5c82-9db7-0102b6cb961e,fair,not_close,9,0,3,1,0.0714285714285714,0.14595127,0.23758905,0.116979435,0.14853,0.12375206
6832564e-6a15-5c82-9db7-0102b6cb961e,birthday,not_close,1,0,0,7,0.5,0.32165617,0.28021994,0.37109387,0.3196522,0.36021808
6832564e-6a15-5c82-9db7-0102b6cb961e,birthday,not_close,1,0,1,4,0.2857142857142857,0.31348172,0.22091691,0.33231905,0.311768,0.32817322
6832564e-6a15-5c82-9db7-0102b6cb961e,birthday,not_close,1,0,2,2,0.1428571428571428,0.21722111,0.24974371,0.17350394,0.21841055,0.18240416
6832564e-6a15-5c82-9db7-0102b6cb961e,birthday,not_close,1,0,3,1,0.0714285714285714,0.14764105,0.24911939,0.12308306,0.15016927,0.12920454
6832564e-6a15-5c82-9db7-0102b6cb961e,brunch,somewhat_close,2,1,0,5,0.25,0.30243197,0.3026591,0.31512022,0.30091482,0.31172588
6832564e-6a15-5c82-9db7-0102b6cb961e,brunch,somewhat_close,2,1,1,6,0.3,0.29379916,0.21859324,0.28702608,0.29257798,0.28772363
6832564e-6a15-5c82-9db7-0102b6cb961e,brunch,somewhat_close,2,1,2,7,0.35,0.22932231,0.23039065,0.24061216,0.23006326,0.23888367
6832564e-6a15-5c82-9db7-0102b6cb961e,brunch,somewhat_close,2,1,3,2,0.1,0.17444655,0.24835704,0.15724157,0.17644392,0.16166675
6832564e-6a15-5c82-9db7-0102b6cb961e,dip,extremely_close,6,3,0,5,0.217391304347826,0.33769047,0.26539132,0.3300849,0.33498037,0.3299841
6832564e-6a15-5c82-9db7-0102b6cb961e,dip,extremely_close,6,3,1,7,0.3043478260869565,0.2704545,0.25054428,0.27360496,0.27006677,0.27276102
6832564e-6a15-5c82-9db7-0102b6cb961e,dip,extremely_close,6,3,2,6,0.2608695652173913,0.2244097,0.25625244,0.23491126,0.22533904,0.23339608
6832564e-6a15-5c82-9db7-0102b6cb961e,dip,extremely_close,6,3,3,5,0.217391304347826,0.16744532,0.22781193,0.16139889,0.16961384,0.1638588
6832564e-6a15-5c82-9db7-0102b6cb961e,basketball,not_close,0,0,0,7,0.4375,0.3173009,0.27931517,0.40210518,0.3154185,0.38488865
6832564e-6a15-5c82-9db7-0102b6cb961e,basketball,not_close,0,0,1,6,0.375,0.31123364,0.2196531,0.34911686,0.3095655,0.34244534
6832564e-6a15-5c82-9db7-0102b6cb961e,basketball,not_close,0,0,2,2,0.125,0.22057617,0.24769424,0.14574708,0.22165884,0.15971808
6832564e-6a15-5c82-9db7-0102b6cb961e,basketball,not_close,0,0,3,1,0.0625,0.15088934,0.25333744,0.10303085,0.15335715,0.11294795
6832564e-6a15-5c82-9db7-0102b6cb961e,wedding,close,15,2,0,3,0.1363636363636363,0.30876625,0.29976675,0.30674273,0.30711403,0.3061728
6832564e-6a15-5c82-9db7-0102b6cb961e,wedding,close,15,2,1,6,0.2727272727272727,0.29898903,0.2203311,0.27808088,0.29767475,0.2813681
6832564e-6a15-5c82-9db7-0102b6cb961e,wedding,close,15,2,2,6,0.2727272727272727,0.23715827,0.23514688,0.2490248,0.23775323,0.24702889
6832564e-6a15-5c82-9db7-0102b6cb961e,wedding,close,15,2,3,7,0.3181818181818182,0.15508646,0.24475528,0.1661516,0.15745798,0.16543032
6832564e-6a15-5c82-9db7-0102b6cb961e,driving,extremely_close,8,3,0,2,0.1,0.32080168,0.28850093,0.27412885,0.3188238,0.28191045
6832564e-6a15-5c82-9db7-0102b6cb961e,driving,extremely_close,8,3,1,5,0.25,0.31365657,0.23262726,0.3215029,0.31193233,0.31907967
6832564e-6a15-5c82-9db7-0102b6cb961e,driving,extremely_close,8,3,2,6,0.3,0.21734229,0.23673908,0.22807299,0.21852566,0.2268027
6832564e-6a15-5c82-9db7-0102b6cb961e,driving,extremely_close,8,3,3,7,0.35,0.14819951,0.24213271,0.17629525,0.1507182,0.17220715
6832564e-6a15-5c82-9db7-0102b6cb961e,social,somewhat_close,13,1,0,6,0.375,0.38478413,0.29484272,0.3939905,0.38051066,0.38956168
6832564e-6a15-5c82-9db7-0102b6cb961e,social,somewhat_close,13,1,1,5,0.3125,0.26153043,0.23070611,0.2552778,0.261622,0.25658923
6832564e-6a15-5c82-9db7-0102b6cb961e,social,somewhat_close,13,1,2,4,0.25,0.20087723,0.25057164,0.20189984,0.20253547,0.20272948
6832564e-6a15-5c82-9db7-0102b6cb961e,social,somewhat_close,13,1,3,1,0.0625,0.15280823,0.22387956,0.14883181,0.15533185,0.15111957
6832564e-6a15-5c82-9db7-0102b6cb961e,conference,close,3,2,0,2,0.125,0.33627447,0.28567946,0.32390398,0.33383918,0.32497996
6832564e-6a15-5c82-9db7-0102b6cb961e,conference,close,3,2,1,6,0.375,0.32249793,0.2440027,0.31270492,0.32056218,0.31356868
6832564e-6a15-5c82-9db7-0102b6cb961e,conference,close,3,2,2,6,0.375,0.19272308,0.2495618,0.22254248,0.19453102,0.21759544
6832564e-6a15-5c82-9db7-0102b6cb961e,conference,close,3,2,3,2,0.125,0.14850451,0.22075598,0.1408486,0.15106763,0.14385588
28a92461-d996-5f70-b903-7d853640e031,hike,not_close,11,0,0,7,0.6363636363636364,0.33404678,0.30082837,0.37751567,0.33169934,0.36750683
28a92461-d996-5f70-b903-7d853640e031,hike,not_close,11,0,1,2,0.1818181818181818,0.32451156,0.21243119,0.33200538,0.32250962,0.3297955
28a92461-d996-5f70-b903-7d853640e031,hike,not_close,11,0,2,1,0.0909090909090909,0.19580749,0.25311163,0.16379511,0.19755435,0.1708626
28a92461-d996-5f70-b903-7d853640e031,hike,not_close,11,0,3,1,0.0909090909090909,0.14563413,0.23362878,0.12668388,0.14823666,0.13183501
28a92461-d996-5f70-b903-7d853640e031,driving,extremely_close,8,3,0,2,0.1,0.32080168,0.28850093,0.27412885,0.3188238,0.28191045
28a92461-d996-5f70-b903-7d853640e031,driving,extremely_close,8,3,1,6,0.3,0.31365657,0.23262726,0.3215029,0.31193233,0.31907967
28a92461-d996-5f70-b903-7d853640e031,driving,extremely_close,8,3,2,6,0.3,0.21734229,0.23673908,0.22807299,0.21852566,0.2268027
28a92461-d996-5f70-b903-7d853640e031,driving,extremely_close,8,3,3,6,0.3,0.14819951,0.24213271,0.17629525,0.1507182,0.17220715
28a92461-d996-5f70-b903-7d853640e031,gala,close,10,2,0,5,0.2272727272727272,0.36258376,0.29305857,0.3041355,0.35897562,0.31327608
28a92461-d996-5f70-b903-7d853640e031,gala,close,10,2,1,6,0.2727272727272727,0.24803236,0.2547296,0.2767334,0.2483613,0.2712739
28a92461-d996-5f70-b903-7d853640e031,gala,close,10,2,2,6,0.2727272727272727,0.21528816,0.24108168,0.24181442,0.2164861,0.23733611
28a92461-d996-5f70-b903-7d853640e031,gala,close,10,2,3,5,0.2272727272727272,0.17409568,0.21113022,0.17731674,0.17617695,0.17811388
28a92461-d996-5f70-b903-7d853640e031,brunch,close,2,2,0,5,0.2083333333333333,0.30243197,0.3026591,0.2907551,0.30091482,0.29213974
28a92461-d996-5f70-b903-7d853640e031,brunch,close,2,2,1,6,0.25,0.29379916,0.21859324,0.28704393,0.29257798,0.28764403
28a92461-d996-5f70-b903-7d853640e031,brunch,close,2,2,2,7,0.2916666666666667,0.22932231,0.23039065,0.23673561,0.23006326,0.23571382
28a92461-d996-5f70-b903-7d853640e031,brunch,close,2,2,3,6,0.25,0.17444655,0.24835704,0.1854654,0.17644392,0.1845024
28a92461-d996-5f70-b903-7d853640e031,crabs,close,5,2,0,3,0.15,0.32949838,0.29960105,0.31679517,0.3272346,0.318014
28a92461-d996-5f70-b903-7d853640e031,crabs,close,5,2,1,7,0.35,0.32009298,0.23267563,0.34010246,0.31816855,0.3349067
28a92461-d996-5f70-b903-7d853640e031,crabs,close,5,2,2,5,0.25,0.18702544,0.23678833,0.18733868,0.18890499,0.18845895
28a92461-d996-5f70-b903-7d853640e031,crabs,close,5,2,3,5,0.25,0.16338322,0.23093499,0.1557637,0.16569182,0.15862034
28a92461-d996-5f70-b903-7d853640e031,soup,not_close,14,0,0,7,0.4117647058823529,0.33818597,0.3010139,0.3825187,0.33563444,0.37256363
28a92461-d996-5f70-b903-7d853640e031,soup,not_close,14,0,1,7,0.4117647058823529,0.31507322,0.22628844,0.33879057,0.31335708,0.33371714
28a92461-d996-5f70-b903-7d853640e031,soup,not_close,14,0,2,2,0.1176470588235294,0.18950173,0.22069465,0.16353203,0.19134966,0.16979322
28a92461-d996-5f70-b903-7d853640e031,soup,not_close,14,0,3,1,0.0588235294117647,0.15723914,0.25200298,0.11515866,0.15965882,0.12392601
28a92461-d996-5f70-b903-7d853640e031,wedding,extremely_close,15,3,0,1,0.0476190476190476,0.30876625,0.29976675,0.29720375,0.30711403,0.2985504
28a92461-d996-5f70-b903-7d853640e031,wedding,extremely_close,15,3,1,7,0.3333333333333333,0.29898903,0.2203311,0.27952927,0.29767475,0.2825817
28a92461-d996-5f70-b903-7d853640e031,wedding,extremely_close,15,3,2,7,0.3333333333333333,0.23715827,0.23514688,0.2412807,0.23775323,0.24087891
28a92461-d996-5f70-b903-7d853640e031,wedding,extremely_close,15,3,3,6,0.2857142857142857,0.15508646,0.24475528,0.18198623,0.15745798,0.17798899
28a92461-d996-5f70-b903-7d853640e031,cooking,somewhat_close,4,1,0,2,0.1176470588235294,0.32508844,0.28153455,0.3038481,0.32288563,0.30680162
28a92461-d996-5f70-b903-7d853640e031,cooking,somewhat_close,4,1,1,7,0.4117647058823529,0.30092797,0.22757895,0.3294611,0.2995782,0.32287404
28a92461-d996-5f70-b903-7d853640e031,cooking,somewhat_close,4,1,2,5,0.2941176470588235,0.21122348,0.2310226,0.2139687,0.21250805,0.21430032
28a92461-d996-5f70-b903-7d853640e031,cooking,somewhat_close,4,1,3,3,0.1764705882352941,0.16276015,0.2598639,0.15272212,0.1650281,0.15602408
28a92461-d996-5f70-b903-7d853640e031,dip,somewhat_close,6,1,0,7,0.3684210526315789,0.33769047,0.26539132,0.36435014,0.33498037,0.3577161
28a92461-d996-5f70-b903-7d853640e031,dip,somewhat_close,6,1,1,5,0.2631578947368421,0.2704545,0.25054428,0.28163436,0.27006677,0.27957094
28a92461-d996-5f70-b903-7d853640e031,dip,somewhat_close,6,1,2,5,0.2631578947368421,0.2244097,0.25625244,0.22864093,0.22533904,0.2287165
28a92461-d996-5f70-b903-7d853640e031,dip,somewhat_close,6,1,3,2,0.1052631578947368,0.16744532,0.22781193,0.12537463,0.16961384,0.1339964
28a92461-d996-5f70-b903-7d853640e031,social,somewhat_close,13,1,0,5,0.5,0.38478413,0.29484272,0.3939905,0.38051066,0.38956168
28a92461-d996-5f70-b903-7d853640e031,social,somewhat_close,13,1,1,1,0.1,0.26153043,0.23070611,0.2552778,0.261622,0.25658923
28a92461-d996-5f70-b903-7d853640e031,social,somewhat_close,13,1,2,2,0.2,0.20087723,0.25057164,0.20189984,0.20253547,0.20272948
28a92461-d996-5f70-b903-7d853640e031,social,somewhat_close,13,1,3,2,0.2,0.15280823,0.22387956,0.14883181,0.15533185,0.15111957
28a92461-d996-5f70-b903-7d853640e031,birthday,not_close,1,0,0,7,0.4375,0.32165617,0.28021994,0.37109387,0.3196522,0.36021808
28a92461-d996-5f70-b903-7d853640e031,birthday,not_close,1,0,1,7,0.4375,0.31348172,0.22091691,0.33231905,0.311768,0.32817322
28a92461-d996-5f70-b903-7d853640e031,birthday,not_close,1,0,2,1,0.0625,0.21722111,0.24974371,0.17350394,0.21841055,0.18240416
28a92461-d996-5f70-b903-7d853640e031,birthday,not_close,1,0,3,1,0.0625,0.14764105,0.24911939,0.12308306,0.15016927,0.12920454
28a92461-d996-5f70-b903-7d853640e031,oysters,not_close,12,0,0,1,0.1,0.3400336,0.31127194,0.3653165,0.3373747,0.35897037
28a92461-d996-5f70-b903-7d853640e031,oysters,not_close,12,0,1,7,0.7,0.30284005,0.21870834,0.32647744,0.3015121,0.32125935
28a92461-d996-5f70-b903-7d853640e031,oysters,not_close,12,0,2,1,0.1,0.20254946,0.2491106,0.18403101,0.20409547,0.1886821
28a92461-d996-5f70-b903-7d853640e031,oysters,not_close,12,0,3,1,0.1,0.15457693,0.22090909,0.12417514,0.1570177,0.13108808
28a92461-d996-5f70-b903-7d853640e031,drinks,close,7,2,0,2,0.1111111111111111,0.33517203,0.25649023,0.3006383,0.33253023,0.30577487
28a92461-d996-5f70-b903-7d853640e031,drinks,close,7,2,1,6,0.3333333333333333,0.26757511,0.23912959,0.2817904,0.2672558,0.2787861
28a92461-d996-5f70-b903-7d853640e031,drinks,close,7,2,2,5,0.2777777777777778,0.22562149,0.24335633,0.23456235,0.22650158,0.23337154
28a92461-d996-5f70-b903-7d853640e031,drinks,close,7,2,3,5,0.2777777777777778,0.17163132,0.26102385,0.18300895,0.17371236,0.18206751
28a92461-d996-5f70-b903-7d853640e031,basketball,extremely_close,0,3,0,1,0.0555555555555555,0.3173009,0.27931517,0.3131195,0.3154185,0.3128357
28a92461-d996-5f70-b903-7d853640e031,basketball,extremely_close,0,3,1,3,0.1666666666666666,0.31123364,0.2196531,0.3208935,0.3095655,0.31794766
28a92461-d996-5f70-b903-7d853640e031,basketball,extremely_close,0,3,2,7,0.3888888888888889,0.22057617,0.24769424,0.21410309,0.22165884,0.21602215
28a92461-d996-5f70-b903-7d853640e031,basketball,extremely_close,0,3,3,7,0.3888888888888889,0.15088934,0.25333744,0.15188394,0.15335715,0.15319455
28a92461-d996-5f70-b903-7d853640e031,fair,extremely_close,9,3,0,1,0.05,0.32837287,0.2946545,0.32941785,0.32618845,0.32789174
28a92461-d996-5f70-b903-7d853640e031,fair,extremely_close,9,3,1,6,0.3,0.32105917,0.21227996,0.31025007,0.31913775,0.3112323
28a92461-d996-5f70-b903-7d853640e031,fair,extremely_close,9,3,2,6,0.3,0.20461664,0.2554765,0.19988796,0.20614377,0.2017246
28a92461-d996-5f70-b903-7d853640e031,fair,extremely_close,9,3,3,7,0.35,0.14595127,0.23758905,0.1604442,0.14853,0.1591514
28a92461-d996-5f70-b903-7d853640e031,conference,somewhat_close,3,1,0,3,0.2,0.33627447,0.28567946,0.33678538,0.33383918,0.33548558
28a92461-d996-5f70-b903-7d853640e031,conference,somewhat_close,3,1,1,6,0.4,0.32249793,0.2440027,0.34514695,0.32056218,0.33959094
28a92461-d996-5f70-b903-7d853640e031,conference,somewhat_close,3,1,2,5,0.3333333333333333,0.19272308,0.2495618,0.19635226,0.19453102,0.19690198
28a92461-d996-5f70-b903-7d853640e031,conference,somewhat_close,3,1,3,1,0.0666666666666666,0.14850451,0.22075598,0.1217154,0.15106763,0.1280215
dcc86b1b-1963-59bc-a449-c913452b5360,gala,close,10,2,0,5,0.25,0.36258376,0.29305857,0.3041355,0.35897562,0.31327608
dcc86b1b-1963-59bc-a449-c913452b5360,gala,close,10,2,1,6,0.3,0.24803236,0.2547296,0.2767334,0.2483613,0.2712739
dcc86b1b-1963-59bc-a449-c913452b5360,gala,close,10,2,2,6,0.3,0.21528816,0.24108168,0.24181442,0.2164861,0.23733611
dcc86b1b-1963-59bc-a449-c913452b5360,gala,close,10,2,3,3,0.15,0.17409568,0.21113022,0.17731674,0.17617695,0.17811388
dcc86b1b-1963-59bc-a449-c913452b5360,wedding,close,15,2,0,5,0.3571428571428571,0.30876625,0.29976675,0.30674273,0.30711403,0.3061728
dcc86b1b-1963-59bc-a449-c913452b5360,wedding,close,15,2,1,3,0.2142857142857142,0.29898903,0.2203311,0.27808088,0.29767475,0.2813681
dcc86b1b-1963-59bc-a449-c913452b5360,wedding,close,15,2,2,3,0.2142857142857142,0.23715827,0.23514688,0.2490248,0.23775323,0.24702889
dcc86b1b-1963-59bc-a449-c913452b5360,wedding,close,15,2,3,3,0.2142857142857142,0.15508646,0.24475528,0.1661516,0.15745798,0.16543032
dcc86b1b-1963-59bc-a449-c913452b5360,drinks,extremely_close,7,3,0,2,0.1333333333333333,0.33517203,0.25649023,0.23276606,0.33253023,0.25004545
dcc86b1b-1963-59bc-a449-c913452b5360,drinks,extremely_close,7,3,1,3,0.2,0.26757511,0.23912959,0.3014371,0.2672558,0.29548186
dcc86b1b-1963-59bc-a449-c913452b5360,drinks,extremely_close,7,3,2,5,0.3333333333333333,0.22562149,0.24335633,0.22504783,0.22650158,0.22667027
dcc86b1b-1963-59bc-a449-c913452b5360,drinks,extremely_close,7,3,3,5,0.3333333333333333,0.17163132,0.26102385,0.240749,0.17371236,0.22780243
dcc86b1b-1963-59bc-a449-c913452b5360,fair,not_close,9,0,0,5,0.25,0.32837287,0.2946545,0.33953634,0.32618845,0.33659288
dcc86b1b-1963-59bc-a449-c913452b5360,fair,not_close,9,0,1,6,0.3,0.32105917,0.21227996,0.3681577,0.31913775,0.35772365
dcc86b1b-1963-59bc-a449-c913452b5360,fair,not_close,9,0,2,4,0.2,0.20461664,0.2554765,0.17532648,0.20614377,0.18193142
dcc86b1b-1963-59bc-a449-c913452b5360,fair,not_close,9,0,3,5,0.25,0.14595127,0.23758905,0.116979435,0.14853,0.12375206
dcc86b1b-1963-59bc-a449-c913452b5360,social,somewhat_close,13,1,0,6,0.4,0.38478413,0.29484272,0.3939905,0.38051066,0.38956168
dcc86b1b-1963-59bc-a449-c913452b5360,social,somewhat_close,13,1,1,5,0.3333333333333333,0.26153043,0.23070611,0.2552778,0.261622,0.25658923
dcc86b1b-1963-59bc-a449-c913452b5360,social,somewhat_close,13,1,2,2,0.1333333333333333,0.20087723,0.25057164,0.20189984,0.20253547,0.20272948
dcc86b1b-1963-59bc-a449-c913452b5360,social,somewhat_close,13,1,3,2,0.1333333333333333,0.15280823,0.22387956,0.14883181,0.15533185,0.15111957
dcc86b1b-1963-59bc-a449-c913452b5360,driving,not_close,8,0,0,3,0.2307692307692307,0.32080168,0.28850093,0.32237765,0.3188238,0.32171026
dcc86b1b-1963-59bc-a449-c913452b5360,driving,not_close,8,0,1,5,0.3846153846153846,0.31365657,0.23262726,0.37901825,0.31193233,0.3648442
dcc86b1b-1963-59bc-a449-c913452b5360,driving,not_close,8,0,2,3,0.2307692307692307,0.21734229,0.23673908,0.18294969,0.21852566,0.19041178
dcc86b1b-1963-59bc-a449-c913452b5360,driving,not_close,8,0,3,2,0.1538461538461538,0.14819951,0.24213271,0.11565435,0.1507182,0.12303381
dcc86b1b-1963-59bc-a449-c913452b5360,basketball,not_close,0,0,0,6,0.4615384615384615,0.3173009,0.27931517,0.40210518,0.3154185,0.38488865
dcc86b1b-1963-59bc-a449-c913452b5360,basketball,not_close,0,0,1,4,0.3076923076923077,0.31123364,0.2196531,0.34911686,0.3095655,0.34244534
dcc86b1b-1963-59bc-a449-c913452b5360,basketball,not_close,0,0,2,2,0.1538461538461538,0.22057617,0.24769424,0.14574708,0.22165884,0.15971808
dcc86b1b-1963-59bc-a449-c913452b5360,basketball,not_close,0,0,3,1,0.0769230769230769,0.15088934,0.25333744,0.10303085,0.15335715,0.11294795
dcc86b1b-1963-59bc-a449-c913452b5360,oysters,somewhat_close,12,1,0,3,0.2142857142857142,0.3400336,0.31127194,0.35442063,0.3373747,0.34994653
dcc86b1b-1963-59bc-a449-c913452b5360,oysters,somewhat_close,12,1,1,5,0.3571428571428571,0.30284005,0.21870834,0.30074957,0.3015121,0.30043343
dcc86b1b-1963-59bc-a449-c913452b5360,oysters,somewhat_close,12,1,2,3,0.2142857142857142,0.20254946,0.2491106,0.19948952,0.20409547,0.20106164
dcc86b1b-1963-59bc-a449-c913452b5360,oysters,somewhat_close,12,1,3,3,0.2142857142857142,0.15457693,0.22090909,0.14534028,0.1570177,0.1485584
dcc86b1b-1963-59bc-a449-c913452b5360,conference,close,3,2,0,2,0.125,0.33627447,0.28567946,0.32390398,0.33383918,0.32497996
dcc86b1b-1963-59bc-a449-c913452b5360,conference,close,3,2,1,6,0.375,0.32249793,0.2440027,0.31270492,0.32056218,0.31356868
dcc86b1b-1963-59bc-a449-c913452b5360,conference,close,3,2,2,5,0.3125,0.19272308,0.2495618,0.22254248,0.19453102,0.21759544
dcc86b1b-1963-59bc-a449-c913452b5360,conference,close,3,2,3,3,0.1875,0.14850451,0.22075598,0.1408486,0.15106763,0.14385588
dcc86b1b-1963-59bc-a449-c913452b5360,hike,somewhat_close,11,1,0,4,0.2857142857142857,0.33404678,0.30082837,0.33502132,0.33169934,0.3334202
dcc86b1b-1963-59bc-a449-c913452b5360,hike,somewhat_close,11,1,1,5,0.3571428571428571,0.32451156,0.21243119,0.32786852,0.32250962,0.32599643
dcc86b1b-1963-59bc-a449-c913452b5360,hike,somewhat_close,11,1,2,3,0.2142857142857142,0.19580749,0.25311163,0.19115357,0.19755435,0.19311021
dcc86b1b-1963-59bc-a449-c913452b5360,hike,somewhat_close,11,1,3,2,0.1428571428571428,0.14563413,0.23362878,0.14595659,0.14823666,0.1474731
dcc86b1b-1963-59bc-a449-c913452b5360,dip,extremely_close,6,3,0,5,0.238095238095238,0.33769047,0.26539132,0.3300849,0.33498037,0.3299841
dcc86b1b-1963-59bc-a449-c913452b5360,dip,extremely_close,6,3,1,6,0.2857142857142857,0.2704545,0.25054428,0.27360496,0.27006677,0.27276102
dcc86b1b-1963-59bc-a449-c913452b5360,dip,extremely_close,6,3,2,5,0.238095238095238,0.2244097,0.25625244,0.23491126,0.22533904,0.23339608
dcc86b1b-1963-59bc-a449-c913452b5360,dip,extremely_close,6,3,3,5,0.238095238095238,0.16744532,0.22781193,0.16139889,0.16961384,0.1638588
dcc86b1b-1963-59bc-a449-c913452b5360,cooking,somewhat_close,4,1,0,3,0.1666666666666666,0.32508844,0.28153455,0.3038481,0.32288563,0.30680162
dcc86b1b-1963-59bc-a449-c913452b5360,cooking,somewhat_close,4,1,1,6,0.3333333333333333,0.30092797,0.22757895,0.3294611,0.2995782,0.32287404
dcc86b1b-1963-59bc-a449-c913452b5360,cooking,somewhat_close,4,1,2,5,0.2777777777777778,0.21122348,0.2310226,0.2139687,0.21250805,0.21430032
dcc86b1b-1963-59bc-a449-c913452b5360,cooking,somewhat_close,4,1,3,4,0.2222222222222222,0.16276015,0.2598639,0.15272212,0.1650281,0.15602408
dcc86b1b-1963-59bc-a449-c913452b5360,birthday,not_close,1,0,0,6,0.4615384615384615,0.32165617,0.28021994,0.37109387,0.3196522,0.36021808
dcc86b1b-1963-59bc-a449-c913452b5360,birthday,not_close,1,0,1,4,0.3076923076923077,0.31348172,0.22091691,0.33231905,0.311768,0.32817322
dcc86b1b-1963-59bc-a449-c913452b5360,birthday,not_close,1,0,2,2,0.1538461538461538,0.21722111,0.24974371,0.17350394,0.21841055,0.18240416
dcc86b1b-1963-59bc-a449-c913452b5360,birthday,not_close,1,0,3,1,0.0769230769230769,0.14764105,0.24911939,0.12308306,0.15016927,0.12920454
dcc86b1b-1963-59bc-a449-c913452b5360,crabs,extremely_close,5,3,0,3,0.1578947368421052,0.32949838,0.29960105,0.32724842,0.3272346,0.32636657
dcc86b1b-1963-59bc-a449-c913452b5360,crabs,extremely_close,5,3,1,6,0.3157894736842105,0.32009298,0.23267563,0.31487674,0.31816855,0.31478795
dcc86b1b-1963-59bc-a449-c913452b5360,crabs,extremely_close,5,3,2,5,0.2631578947368421,0.18702544,0.23678833,0.17663889,0.18890499,0.17975125
dcc86b1b-1963-59bc-a449-c913452b5360,crabs,extremely_close,5,3,3,5,0.2631578947368421,0.16338322,0.23093499,0.18123591,0.16569182,0.17909427
dcc86b1b-1963-59bc-a449-c913452b5360,soup,extremely_close,14,3,0,2,0.1111111111111111,0.33818597,0.3010139,0.31913835,0.33563444,0.32138214
dcc86b1b-1963-59bc-a449-c913452b5360,soup,extremely_close,14,3,1,5,0.2777777777777778,0.31507322,0.22628844,0.29832476,0.31335708,0.30060738
dcc86b1b-1963-59bc-a449-c913452b5360,soup,extremely_close,14,3,2,6,0.3333333333333333,0.18950173,0.22069465,0.210552,0.19134966,0.20745501
dcc86b1b-1963-59bc-a449-c913452b5360,soup,extremely_close,14,3,3,5,0.2777777777777778,0.15723914,0.25200298,0.17198491,0.15965882,0.17055549
dcc86b1b-1963-59bc-a449-c913452b5360,brunch,close,2,2,0,3,0.1666666666666666,0.30243197,0.3026591,0.2907551,0.30091482,0.29213974
dcc86b1b-1963-59bc-a449-c913452b5360,brunch,close,2,2,1,6,0.3333333333333333,0.29379916,0.21859324,0.28704393,0.29257798,0.28764403
dcc86b1b-1963-59bc-a449-c913452b5360,brunch,close,2,2,2,5,0.2777777777777778,0.22932231,0.23039065,0.23673561,0.23006326,0.23571382
dcc86b1b-1963-59bc-a449-c913452b5360,brunch,close,2,2,3,4,0.2222222222222222,0.17444655,0.24835704,0.1854654,0.17644392,0.1845024
f53fdb86-f97c-5e9a-8db8-6e4798271b34,gala,not_close,10,0,0,6,0.3157894736842105,0.36258376,0.29305857,0.39073783,0.35897562,0.38308117
f53fdb86-f97c-5e9a-8db8-6e4798271b34,gala,not_close,10,0,1,5,0.2631578947368421,0.24803236,0.2547296,0.25930107,0.2483613,0.25750896
f53fdb86-f97c-5e9a-8db8-6e4798271b34,gala,not_close,10,0,2,5,0.2631578947368421,0.21528816,0.24108168,0.20672406,0.2164861,0.20930924
f53fdb86-f97c-5e9a-8db8-6e4798271b34,gala,not_close,10,0,3,3,0.1578947368421052,0.17409568,0.21113022,0.143237,0.17617695,0.15010062
f53fdb86-f97c-5e9a-8db8-6e4798271b34,hike,close,11,2,0,5,0.4166666666666667,0.33404678,0.30082837,0.31649798,0.33169934,0.31855774
f53fdb86-f97c-5e9a-8db8-6e4798271b34,hike,close,11,2,1,4,0.3333333333333333,0.32451156,0.21243119,0.31296036,0.32250962,0.31405988
f53fdb86-f97c-5e9a-8db8-6e4798271b34,hike,close,11,2,2,2,0.1666666666666666,0.19580749,0.25311163,0.20188613,0.19755435,0.20176907
f53fdb86-f97c-5e9a-8db8-6e4798271b34,hike,close,11,2,3,1,0.0833333333333333,0.14563413,0.23362878,0.16865557,0.14823666,0.16561331
f53fdb86-f97c-5e9a-8db8-6e4798271b34,dip,extremely_close,6,3,0,6,0.375,0.33769047,0.26539132,0.3300849,0.33498037,0.3299841
f53fdb86-f97c-5e9a-8db8-6e4798271b34,dip,extremely_close,6,3,1,5,0.3125,0.2704545,0.25054428,0.27360496,0.27006677,0.27276102
f53fdb86-f97c-5e9a-8db8-6e4798271b34,dip,extremely_close,6,3,2,4,0.25,0.2244097,0.25625244,0.23491126,0.22533904,0.23339608
f53fdb86-f97c-5e9a-8db8-6e4798271b34,dip,extremely_close,6,3,3,1,0.0625,0.16744532,0.22781193,0.16139889,0.16961384,0.1638588
f53fdb86-f97c-5e9a-8db8-6e4798271b34,driving,somewhat_close,8,1,0,5,0.3333333333333333,0.32080168,0.28850093,0.31517804,0.3188238,0.3153335
f53fdb86-f97c-5e9a-8db8-6e4798271b34,driving,somewhat_close,8,1,1,5,0.3333333333333333,0.31365657,0.23262726,0.34766352,0.31193233,0.33977747
f53fdb86-f97c-5e9a-8db8-6e4798271b34,driving,somewhat_close,8,1,2,3,0.2,0.21734229,0.23673908,0.20519517,0.21852566,0.20837864
f53fdb86-f97c-5e9a-8db8-6e4798271b34,driving,somewhat_close,8,1,3,2,0.1333333333333333,0.14819951,0.24213271,0.13196324,0.1507182,0.13651037
f53fdb86-f97c-5e9a-8db8-6e4798271b34,brunch,not_close,2,0,0,5,0.3125,0.30243197,0.3026591,0.35060638,0.30091482,0.34033895
f53fdb86-f97c-5e9a-8db8-6e4798271b34,brunch,not_close,2,0,1,3,0.1875,0.29379916,0.21859324,0.3063659,0.29257798,0.30384555
f53fdb86-f97c-5e9a-8db8-6e4798271b34,brunch,not_close,2,0,2,4,0.25,0.22932231,0.23039065,0.22114328,0.23006326,0.22373937
f53fdb86-f97c-5e9a-8db8-6e4798271b34,brunch,not_close,2,0,3,4,0.25,0.17444655,0.24835704,0.121884465,0.17644392,0.13207617
f53fdb86-f97c-5e9a-8db8-6e4798271b34,crabs,not_close,5,0,0,6,0.4615384615384615,0.32949838,0.29960105,0.33250704,0.3272346,0.33146152
f53fdb86-f97c-5e9a-8db8-6e4798271b34,crabs,not_close,5,0,1,4,0.3076923076923077,0.32009298,0.23267563,0.38626826,0.31816855,0.37187403
f53fdb86-f97c-5e9a-8db8-6e4798271b34,crabs,not_close,5,0,2,2,0.1538461538461538,0.18702544,0.23678833,0.15252548,0.18890499,0.16021432
f53fdb86-f97c-5e9a-8db8-6e4798271b34,crabs,not_close,5,0,3,1,0.0769230769230769,0.16338322,0.23093499,0.12869921,0.16569182,0.13645016
f53fdb86-f97c-5e9a-8db8-6e4798271b34,wedding,somewhat_close,15,1,0,7,0.5,0.30876625,0.29976675,0.3333098,0.30711403,0.32751745
f53fdb86-f97c-5e9a-8db8-6e4798271b34,wedding,somewhat_close,15,1,1,3,0.2142857142857142,0.29898903,0.2203311,0.30216554,0.29767475,0.30098352
f53fdb86-f97c-5e9a-8db8-6e4798271b34,wedding,somewhat_close,15,1,2,2,0.1428571428571428,0.23715827,0.23514688,0.23644876,0.23775323,0.23714605
f53fdb86-f97c-5e9a-8db8-6e4798271b34,wedding,somewhat_close,15,1,3,2,0.1428571428571428,0.15508646,0.24475528,0.12807587,0.15745798,0.134353
f53fdb86-f97c-5e9a-8db8-6e4798271b34,cooking,extremely_close,4,3,0,3,0.3,0.32508844,0.28153455,0.26053262,0.32288563,0.27141792
f53fdb86-f97c-5e9a-8db8-6e4798271b34,cooking,extremely_close,4,3,1,5,0.5,0.30092797,0.22757895,0.31298968,0.2995782,0.31012288
f53fdb86-f97c-5e9a-8db8-6e4798271b34,cooking,extremely_close,4,3,2,1,0.1,0.21122348,0.2310226,0.23388302,0.21250805,0.23035794
f53fdb86-f97c-5e9a-8db8-6e4798271b34,cooking,extremely_close,4,3,3,1,0.1,0.16276015,0.2598639,0.19259474,0.1650281,0.18810125
f53fdb86-f97c-5e9a-8db8-6e4798271b34,oysters,close,12,2,0,5,0.3333333333333333,0.3400336,0.31127194,0.3257782,0.3373747,0.3269814
f53fdb86-f97c-5e9a-8db8-6e4798271b34,oysters,close,12,2,1,4,0.2666666666666666,0.30284005,0.21870834,0.30453157,0.3015121,0.30337986
f53fdb86-f97c-5e9a-8db8-6e4798271b34,oysters,close,12,2,2,3,0.2,0.20254946,0.2491106,0.20594548,0.20409547,0.20621069
f53fdb86-f97c-5e9a-8db8-6e4798271b34,oysters,close,12,2,3,3,0.2,0.15457693,0.22090909,0.16374475,0.1570177,0.1634281
f53fdb86-f97c-5e9a-8db8-6e4798271b34,social,extremely_close,13,3,0,4,0.3636363636363636,0.38478413,0.29484272,0.35028762,0.38051066,0.35454354
f53fdb86-f97c-5e9a-8db8-6e4798271b34,social,extremely_close,13,3,1,3,0.2727272727272727,0.26153043,0.23070611,0.26098487,0.261622,0.26121816
f53fdb86-f97c-5e9a-8db8-6e4798271b34,social,extremely_close,13,3,2,2,0.1818181818181818,0.20087723,0.25057164,0.23086676,0.20253547,0.22578412
f53fdb86-f97c-5e9a-8db8-6e4798271b34,social,extremely_close,13,3,3,2,0.1818181818181818,0.15280823,0.22387956,0.15786076,0.15533185,0.15845421
f53fdb86-f97c-5e9a-8db8-6e4798271b34,soup,close,14,2,0,7,0.5833333333333334,0.33818597,0.3010139,0.3503503,0.33563444,0.34637958
f53fdb86-f97c-5e9a-8db8-6e4798271b34,soup,close,14,2,1,2,0.1666666666666666,0.31507322,0.22628844,0.3096027,0.31335708,0.30970412
f53fdb86-f97c-5e9a-8db8-6e4798271b34,soup,close,14,2,2,2,0.1666666666666666,0.18950173,0.22069465,0.19093937,0.19134966,0.19181013
f53fdb86-f97c-5e9a-8db8-6e4798271b34,soup,close,14,2,3,1,0.0833333333333333,0.15723914,0.25200298,0.14910766,0.15965882,0.15210615
f53fdb86-f97c-5e9a-8db8-6e4798271b34,basketball,somewhat_close,0,1,0,3,0.2727272727272727,0.3173009,0.27931517,0.3148467,0.3154185,0.31423575
f53fdb86-f97c-5e9a-8db8-6e4798271b34,basketball,somewhat_close,0,1,1,4,0.3636363636363636,0.31123364,0.2196531,0.32266358,0.3095655,0.31937057
f53fdb86-f97c-5e9a-8db8-6e4798271b34,basketball,somewhat_close,0,1,2,2,0.1818181818181818,0.22057617,0.24769424,0.21528408,0.22165884,0.21698892
f53fdb86-f97c-5e9a-8db8-6e4798271b34,basketball,somewhat_close,0,1,3,2,0.1818181818181818,0.15088934,0.25333744,0.14720571,0.15335715,0.1494048
f53fdb86-f97c-5e9a-8db8-6e4798271b34,birthday,close,1,2,0,6,0.3333333333333333,0.32165617,0.28021994,0.2816877,0.3196522,0.28819582
f53fdb86-f97c-5e9a-8db8-6e4798271b34,birthday,close,1,2,1,6,0.3333333333333333,0.31348172,0.22091691,0.31876132,0.311768,0.31678355
f53fdb86-f97c-5e9a-8db8-6e4798271b34,birthday,close,1,2,2,4,0.2222222222222222,0.21722111,0.24974371,0.23532178,0.21841055,0.23248664
f53fdb86-f97c-5e9a-8db8-6e4798271b34,birthday,close,1,2,3,2,0.1111111111111111,0.14764105,0.24911939,0.16422926,0.15016927,0.16253394
f53fdb86-f97c-5e9a-8db8-6e4798271b34,drinks,not_close,7,0,0,5,0.3333333333333333,0.33517203,0.25649023,0.30263433,0.33253023,0.30758438
f53fdb86-f97c-5e9a-8db8-6e4798271b34,drinks,not_close,7,0,1,5,0.3333333333333333,0.26757511,0.23912959,0.31184286,0.2672558,0.30257833
f53fdb86-f97c-5e9a-8db8-6e4798271b34,drinks,not_close,7,0,2,3,0.2,0.22562149,0.24335633,0.22425486,0.22650158,0.22524028
f53fdb86-f97c-5e9a-8db8-6e4798271b34,drinks,not_close,7,0,3,2,0.1333333333333333,0.17163132,0.26102385,0.16126789,0.17371236,0.16459699
f53fdb86-f97c-5e9a-8db8-6e4798271b34,conference,extremely_close,3,3,0,6,0.3157894736842105,0.33627447,0.28567946,0.31225505,0.33383918,0.31567898
f53fdb86-f97c-5e9a-8db8-6e4798271b34,conference,extremely_close,3,3,1,6,0.3157894736842105,0.32249793,0.2440027,0.29103574,0.32056218,0.29611537
f53fdb86-f97c-5e9a-8db8-6e4798271b34,conference,extremely_close,3,3,2,4,0.2105263157894736,0.19272308,0.2495618,0.23289657,0.19453102,0.22576019
f53fdb86-f97c-5e9a-8db8-6e4798271b34,conference,extremely_close,3,3,3,3,0.1578947368421052,0.14850451,0.22075598,0.16381264,0.15106763,0.16244544
f53fdb86-f97c-5e9a-8db8-6e4798271b34,fair,somewhat_close,9,1,0,4,0.2857142857142857,0.32837287,0.2946545,0.29791787,0.32618845,0.30253178
f53fdb86-f97c-5e9a-8db8-6e4798271b34,fair,somewhat_close,9,1,1,5,0.3571428571428571,0.32105917,0.21227996,0.32904878,0.31913775,0.32632118
f53fdb86-f97c-5e9a-8db8-6e4798271b34,fair,somewhat_close,9,1,2,3,0.2142857142857142,0.20461664,0.2554765,0.2179913,0.20614377,0.21628724
f53fdb86-f97c-5e9a-8db8-6e4798271b34,fair,somewhat_close,9,1,3,2,0.1428571428571428,0.14595127,0.23758905,0.15504195,0.14853,0.15485977
d4624ce4-5515-5213-a6d1-db6fb9048d0c,oysters,not_close,12,0,0,7,0.5384615384615384,0.3400336,0.31127194,0.3653165,0.3373747,0.35897037
d4624ce4-5515-5213-a6d1-db6fb9048d0c,oysters,not_close,12,0,1,3,0.2307692307692307,0.30284005,0.21870834,0.32647744,0.3015121,0.32125935
d4624ce4-5515-5213-a6d1-db6fb9048d0c,oysters,not_close,12,0,2,2,0.1538461538461538,0.20254946,0.2491106,0.18403101,0.20409547,0.1886821
d4624ce4-5515-5213-a6d1-db6fb9048d0c,oysters,not_close,12,0,3,1,0.0769230769230769,0.15457693,0.22090909,0.12417514,0.1570177,0.13108808
d4624ce4-5515-5213-a6d1-db6fb9048d0c,dip,close,6,2,0,6,0.3,0.33769047,0.26539132,0.34952283,0.33498037,0.3457275
d4624ce4-5515-5213-a6d1-db6fb9048d0c,dip,close,6,2,1,6,0.3,0.2704545,0.25054428,0.28651547,0.27006677,0.28323793
d4624ce4-5515-5213-a6d1-db6fb9048d0c,dip,close,6,2,2,5,0.25,0.2244097,0.25625244,0.22507222,0.22533904,0.22567739
d4624ce4-5515-5213-a6d1-db6fb9048d0c,dip,close,6,2,3,3,0.15,0.16744532,0.22781193,0.13888952,0.16961384,0.1453572
d4624ce4-5515-5213-a6d1-db6fb9048d0c,soup,somewhat_close,14,1,0,6,0.4285714285714285,0.33818597,0.3010139,0.34452966,0.33563444,0.3417673
d4624ce4-5515-5213-a6d1-db6fb9048d0c,soup,somewhat_close,14,1,1,3,0.2142857142857142,0.31507322,0.22628844,0.3189721,0.31335708,0.31721324
d4624ce4-5515-5213-a6d1-db6fb9048d0c,soup,somewhat_close,14,1,2,3,0.2142857142857142,0.18950173,0.22069465,0.19080658,0.19134966,0.1917101
d4624ce4-5515-5213-a6d1-db6fb9048d0c,soup,somewhat_close,14,1,3,2,0.1428571428571428,0.15723914,0.25200298,0.14569166,0.15965882,0.14930934
d4624ce4-5515-5213-a6d1-db6fb9048d0c,wedding,not_close,15,0,0,7,0.5833333333333334,0.30876625,0.29976675,0.35758772,0.30711403,0.34737545
d4624ce4-5515-5213-a6d1-db6fb9048d0c,wedding,not_close,15,0,1,2,0.1666666666666666,0.29898903,0.2203311,0.32176432,0.29767475,0.31732672
d4624ce4-5515-5213-a6d1-db6fb9048d0c,wedding,not_close,15,0,2,2,0.1666666666666666,0.23715827,0.23514688,0.22107239,0.23775323,0.2252434
d4624ce4-5515-5213-a6d1-db6fb9048d0c,wedding,not_close,15,0,3,1,0.0833333333333333,0.15508646,0.24475528,0.099575475,0.15745798,0.110054396
d4624ce4-5515-5213-a6d1-db6fb9048d0c,basketball,extremely_close,0,3,0,6,0.3529411764705882,0.3173009,0.27931517,0.3131195,0.3154185,0.3128357
d4624ce4-5515-5213-a6d1-db6fb9048d0c,basketball,extremely_close,0,3,1,5,0.2941176470588235,0.31123364,0.2196531,0.3208935,0.3095655,0.31794766
d4624ce4-5515-5213-a6d1-db6fb9048d0c,basketball,extremely_close,0,3,2,3,0.1764705882352941,0.22057617,0.24769424,0.21410309,0.22165884,0.21602215
d4624ce4-5515-5213-a6d1-db6fb9048d0c,basketball,extremely_close,0,3,3,3,0.1764705882352941,0.15088934,0.25333744,0.15188394,0.15335715,0.15319455
d4624ce4-5515-5213-a6d1-db6fb9048d0c,gala,close,10,2,0,3,0.2,0.36258376,0.29305857,0.3041355,0.35897562,0.31327608
d4624ce4-5515-5213-a6d1-db6fb9048d0c,gala,close,10,2,1,5,0.3333333333333333,0.24803236,0.2547296,0.2767334,0.2483613,0.2712739
d4624ce4-5515-5213-a6d1-db6fb9048d0c,gala,close,10,2,2,5,0.3333333333333333,0.21528816,0.24108168,0.24181442,0.2164861,0.23733611
d4624ce4-5515-5213-a6d1-db6fb9048d0c,gala,close,10,2,3,2,0.1333333333333333,0.17409568,0.21113022,0.17731674,0.17617695,0.17811388
d4624ce4-5515-5213-a6d1-db6fb9048d0c,drinks,extremely_close,7,3,0,3,0.2142857142857142,0.33517203,0.25649023,0.23276606,0.33253023,0.25004545
d4624ce4-5515-5213-a6d1-db6fb9048d0c,drinks,extremely_close,7,3,1,5,0.3571428571428571,0.26757511,0.23912959,0.3014371,0.2672558,0.29548186
d4624ce4-5515-5213-a6d1-db6fb9048d0c,drinks,extremely_close,7,3,2,4,0.2857142857142857,0.22562149,0.24335633,0.22504783,0.22650158,0.22667027
d4624ce4-5515-5213-a6d1-db6fb9048d0c,drinks,extremely_close,7,3,3,2,0.1428571428571428,0.17163132,0.26102385,0.240749,0.17371236,0.22780243
d4624ce4-5515-5213-a6d1-db6fb9048d0c,cooking,somewhat_close,4,1,0,1,0.0666666666666666,0.32508844,0.28153455,0.3038481,0.32288563,0.30680162
d4624ce4-5515-5213-a6d1-db6fb9048d0c,cooking,somewhat_close,4,1,1,7,0.4666666666666667,0.30092797,0.22757895,0.3294611,0.2995782,0.32287404
d4624ce4-5515-5213-a6d1-db6fb9048d0c,cooking,somewhat_close,4,1,2,5,0.3333333333333333,0.21122348,0.2310226,0.2139687,0.21250805,0.21430032
d4624ce4-5515-5213-a6d1-db6fb9048d0c,cooking,somewhat_close,4,1,3,2,0.1333333333333333,0.16276015,0.2598639,0.15272212,0.1650281,0.15602408
d4624ce4-5515-5213-a6d1-db6fb9048d0c,crabs,close,5,2,0,3,0.2142857142857142,0.32949838,0.29960105,0.31679517,0.3272346,0.318014
d4624ce4-5515-5213-a6d1-db6fb9048d0c,crabs,close,5,2,1,5,0.3571428571428571,0.32009298,0.23267563,0.34010246,0.31816855,0.3349067
d4624ce4-5515-5213-a6d1-db6fb9048d0c,crabs,close,5,2,2,3,0.2142857142857142,0.18702544,0.23678833,0.18733868,0.18890499,0.18845895
d4624ce4-5515-5213-a6d1-db6fb9048d0c,crabs,close,5,2,3,3,0.2142857142857142,0.16338322,0.23093499,0.1557637,0.16569182,0.15862034
d4624ce4-5515-5213-a6d1-db6fb9048d0c,birthday,not_close,1,0,0,6,0.4,0.32165617,0.28021994,0.37109387,0.3196522,0.36021808
d4624ce4-5515-5213-a6d1-db6fb9048d0c,birthday,not_close,1,0,1,6,0.4,0.31348172,0.22091691,0.33231905,0.311768,0.32817322
d4624ce4-5515-5213-a6d1-db6fb9048d0c,birthday,not_close,1,0,2,2,0.1333333333333333,0.21722111,0.24974371,0.17350394,0.21841055,0.18240416
d4624ce4-5515-5213-a6d1-db6fb9048d0c,birthday,not_close,1,0,3,1,0.0666666666666666,0.14764105,0.24911939,0.12308306,0.15016927,0.12920454
d4624ce4-5515-5213-a6d1-db6fb9048d0c,driving,extremely_close,8,3,0,5,0.2941176470588235,0.32080168,0.28850093,0.27412885,0.3188238,0.28191045
d4624ce4-5515-5213-a6d1-db6fb9048d0c,driving,extremely_close,8,3,1,7,0.4117647058823529,0.31365657,0.23262726,0.3215029,0.31193233,0.31907967
d4624ce4-5515-5213-a6d1-db6fb9048d0c,driving,extremely_close,8,3,2,3,0.1764705882352941,0.21734229,0.23673908,0.22807299,0.21852566,0.2268027
d4624ce4-5515-5213-a6d1-db6fb9048d0c,driving,extremely_close,8,3,3,2,0.1176470588235294,0.14819951,0.24213271,0.17629525,0.1507182,0.17220715
d4624ce4-5515-5213-a6d1-db6fb9048d0c,social,somewhat_close,13,1,0,5,0.5555555555555556,0.38478413,0.29484272,0.3939905,0.38051066,0.38956168
d4624ce4-5515-5213-a6d1-db6fb9048d0c,social,somewhat_close,13,1,1,2,0.2222222222222222,0.26153043,0.23070611,0.2552778,0.261622,0.25658923
d4624ce4-5515-5213-a6d1-db6fb9048d0c,social,somewhat_close,13,1,2,1,0.1111111111111111,0.20087723,0.25057164,0.20189984,0.20253547,0.20272948
d4624ce4-5515-5213-a6d1-db6fb9048d0c,social,somewhat_close,13,1,3,1,0.1111111111111111,0.15280823,0.22387956,0.14883181,0.15533185,0.15111957
d4624ce4-5515-5213-a6d1-db6fb9048d0c,conference,somewhat_close,3,1,0,5,0.3333333333333333,0.33627447,0.28567946,0.33678538,0.33383918,0.33548558
d4624ce4-5515-5213-a6d1-db6fb9048d0c,conference,somewhat_close,3,1,1,6,0.4,0.32249793,0.2440027,0.34514695,0.32056218,0.33959094
d4624ce4-5515-5213-a6d1-db6fb9048d0c,conference,somewhat_close,3,1,2,3,0.2,0.19272308,0.2495618,0.19635226,0.19453102,0.19690198
d4624ce4-5515-5213-a6d1-db6fb9048d0c,conference,somewhat_close,3,1,3,1,0.0666666666666666,0.14850451,0.22075598,0.1217154,0.15106763,0.1280215
d4624ce4-5515-5213-a6d1-db6fb9048d0c,brunch,close,2,2,0,6,0.2857142857142857,0.30243197,0.3026591,0.2907551,0.30091482,0.29213974
d4624ce4-5515-5213-a6d1-db6fb9048d0c,brunch,close,2,2,1,5,0.238095238095238,0.29379916,0.21859324,0.28704393,0.29257798,0.28764403
d4624ce4-5515-5213-a6d1-db6fb9048d0c,brunch,close,2,2,2,5,0.238095238095238,0.22932231,0.23039065,0.23673561,0.23006326,0.23571382
d4624ce4-5515-5213-a6d1-db6fb9048d0c,brunch,close,2,2,3,5,0.238095238095238,0.17444655,0.24835704,0.1854654,0.17644392,0.1845024
d4624ce4-5515-5213-a6d1-db6fb9048d0c,fair,extremely_close,9,3,0,2,0.1666666666666666,0.32837287,0.2946545,0.32941785,0.32618845,0.32789174
d4624ce4-5515-5213-a6d1-db6fb9048d0c,fair,extremely_close,9,3,1,5,0.4166666666666667,0.32105917,0.21227996,0.31025007,0.31913775,0.3112323
d4624ce4-5515-5213-a6d1-db6fb9048d0c,fair,extremely_close,9,3,2,3,0.25,0.20461664,0.2554765,0.19988796,0.20614377,0.2017246
d4624ce4-5515-5213-a6d1-db6fb9048d0c,fair,extremely_close,9,3,3,2,0.1666666666666666,0.14595127,0.23758905,0.1604442,0.14853,0.1591514
d4624ce4-5515-5213-a6d1-db6fb9048d0c,hike,not_close,11,0,0,5,0.3846153846153846,0.33404678,0.30082837,0.37751567,0.33169934,0.36750683
d4624ce4-5515-5213-a6d1-db6fb9048d0c,hike,not_close,11,0,1,5,0.3846153846153846,0.32451156,0.21243119,0.33200538,0.32250962,0.3297955
d4624ce4-5515-5213-a6d1-db6fb9048d0c,hike,not_close,11,0,2,2,0.1538461538461538,0.19580749,0.25311163,0.16379511,0.19755435,0.1708626
d4624ce4-5515-5213-a6d1-db6fb9048d0c,hike,not_close,11,0,3,1,0.0769230769230769,0.14563413,0.23362878,0.12668388,0.14823666,0.13183501
54000e39-4e0a-5d71-82e5-41f448863822,drinks,close,7,2,0,5,0.3125,0.33517203,0.25649023,0.3006383,0.33253023,0.30577487
54000e39-4e0a-5d71-82e5-41f448863822,drinks,close,7,2,1,6,0.375,0.26757511,0.23912959,0.2817904,0.2672558,0.2787861
54000e39-4e0a-5d71-82e5-41f448863822,drinks,close,7,2,2,3,0.1875,0.22562149,0.24335633,0.23456235,0.22650158,0.23337154
54000e39-4e0a-5d71-82e5-41f448863822,drinks,close,7,2,3,2,0.125,0.17163132,0.26102385,0.18300895,0.17371236,0.18206751
54000e39-4e0a-5d71-82e5-41f448863822,conference,somewhat_close,3,1,0,6,0.4,0.33627447,0.28567946,0.33678538,0.33383918,0.33548558
54000e39-4e0a-5d71-82e5-41f448863822,conference,somewhat_close,3,1,1,6,0.4,0.32249793,0.2440027,0.34514695,0.32056218,0.33959094
54000e39-4e0a-5d71-82e5-41f448863822,conference,somewhat_close,3,1,2,2,0.1333333333333333,0.19272308,0.2495618,0.19635226,0.19453102,0.19690198
54000e39-4e0a-5d71-82e5-41f448863822,conference,somewhat_close,3,1,3,1,0.0666666666666666,0.14850451,0.22075598,0.1217154,0.15106763,0.1280215
54000e39-4e0a-5d71-82e5-41f448863822,soup,not_close,14,0,0,7,0.4666666666666667,0.33818597,0.3010139,0.3825187,0.33563444,0.37256363
54000e39-4e0a-5d71-82e5-41f448863822,soup,not_close,14,0,1,3,0.2,0.31507322,0.22628844,0.33879057,0.31335708,0.33371714
54000e39-4e0a-5d71-82e5-41f448863822,soup,not_close,14,0,2,3,0.2,0.18950173,0.22069465,0.16353203,0.19134966,0.16979322
54000e39-4e0a-5d71-82e5-41f448863822,soup,not_close,14,0,3,2,0.1333333333333333,0.15723914,0.25200298,0.11515866,0.15965882,0.12392601
54000e39-4e0a-5d71-82e5-41f448863822,crabs,close,5,2,0,6,0.3333333333333333,0.32949838,0.29960105,0.31679517,0.3272346,0.318014
54000e39-4e0a-5d71-82e5-41f448863822,crabs,close,5,2,1,5,0.2777777777777778,0.32009298,0.23267563,0.34010246,0.31816855,0.3349067
54000e39-4e0a-5d71-82e5-41f448863822,crabs,close,5,2,2,5,0.2777777777777778,0.18702544,0.23678833,0.18733868,0.18890499,0.18845895
54000e39-4e0a-5d71-82e5-41f448863822,crabs,close,5,2,3,2,0.1111111111111111,0.16338322,0.23093499,0.1557637,0.16569182,0.15862034
54000e39-4e0a-5d71-82e5-41f448863822,birthday,somewhat_close,1,1,0,6,0.3,0.32165617,0.28021994,0.31222877,0.3196522,0.31307483
54000e39-4e0a-5d71-82e5-41f448863822,birthday,somewhat_close,1,1,1,6,0.3,0.31348172,0.22091691,0.33197084,0.311768,0.32734334
54000e39-4e0a-5d71-82e5-41f448863822,birthday,somewhat_close,1,1,2,5,0.25,0.21722111,0.24974371,0.2297937,0.21841055,0.22814302
54000e39-4e0a-5d71-82e5-41f448863822,birthday,somewhat_close,1,1,3,3,0.15,0.14764105,0.24911939,0.12600674,0.15016927,0.13143879
54000e39-4e0a-5d71-82e5-41f448863822,fair,extremely_close,9,3,0,6,0.3333333333333333,0.32837287,0.2946545,0.32941785,0.32618845,0.32789174
54000e39-4e0a-5d71-82e5-41f448863822,fair,extremely_close,9,3,1,6,0.3333333333333333,0.32105917,0.21227996,0.31025007,0.31913775,0.3112323
54000e39-4e0a-5d71-82e5-41f448863822,fair,extremely_close,9,3,2,3,0.1666666666666666,0.20461664,0.2554765,0.19988796,0.20614377,0.2017246
54000e39-4e0a-5d71-82e5-41f448863822,fair,extremely_close,9,3,3,3,0.1666666666666666,0.14595127,0.23758905,0.1604442,0.14853,0.1591514
54000e39-4e0a-5d71-82e5-41f448863822,dip,close,6,2,0,5,0.3333333333333333,0.33769047,0.26539132,0.34952283,0.33498037,0.3457275
54000e39-4e0a-5d71-82e5-41f448863822,dip,close,6,2,1,5,0.3333333333333333,0.2704545,0.25054428,0.28651547,0.27006677,0.28323793
54000e39-4e0a-5d71-82e5-41f448863822,dip,close,6,2,2,3,0.2,0.2244097,0.25625244,0.22507222,0.22533904,0.22567739
54000e39-4e0a-5d71-82e5-41f448863822,dip,close,6,2,3,2,0.1333333333333333,0.16744532,0.22781193,0.13888952,0.16961384,0.1453572
54000e39-4e0a-5d71-82e5-41f448863822,hike,extremely_close,11,3,0,6,0.375,0.33404678,0.30082837,0.33788186,0.33169934,0.33572078
54000e39-4e0a-5d71-82e5-41f448863822,hike,extremely_close,11,3,1,5,0.3125,0.32451156,0.21243119,0.2973505,0.32250962,0.3014346
54000e39-4e0a-5d71-82e5-41f448863822,hike,extremely_close,11,3,2,3,0.1875,0.19580749,0.25311163,0.20556362,0.19755435,0.2047168
54000e39-4e0a-5d71-82e5-41f448863822,hike,extremely_close,11,3,3,2,0.125,0.14563413,0.23362878,0.15920395,0.14823666,0.15812786
54000e39-4e0a-5d71-82e5-41f448863822,gala,extremely_close,10,3,0,3,0.1875,0.36258376,0.29305857,0.27085638,0.35897562,0.28588986
54000e39-4e0a-5d71-82e5-41f448863822,gala,extremely_close,10,3,1,5,0.3125,0.24803236,0.2547296,0.27790543,0.2483613,0.27260363
54000e39-4e0a-5d71-82e5-41f448863822,gala,extremely_close,10,3,2,5,0.3125,0.21528816,0.24108168,0.25729015,0.2164861,0.2498217
54000e39-4e0a-5d71-82e5-41f448863822,gala,extremely_close,10,3,3,3,0.1875,0.17409568,0.21113022,0.19394808,0.17617695,0.19168487
54000e39-4e0a-5d71-82e5-41f448863822,social,not_close,13,0,0,3,0.375,0.38478413,0.29484272,0.45282483,0.38051066,0.43652424
54000e39-4e0a-5d71-82e5-41f448863822,social,not_close,13,0,1,2,0.25,0.26153043,0.23070611,0.24479835,0.261622,0.24863854
54000e39-4e0a-5d71-82e5-41f448863822,social,not_close,13,0,2,2,0.25,0.20087723,0.25057164,0.17145851,0.20253547,0.17819941
54000e39-4e0a-5d71-82e5-41f448863822,social,not_close,13,0,3,1,0.125,0.15280823,0.22387956,0.13091831,0.15533185,0.1366378
54000e39-4e0a-5d71-82e5-41f448863822,driving,close,8,2,0,6,0.375,0.32080168,0.28850093,0.30510676,0.3188238,0.30702308
54000e39-4e0a-5d71-82e5-41f448863822,driving,close,8,2,1,5,0.3125,0.31365657,0.23262726,0.3255142,0.31193233,0.32208744
54000e39-4e0a-5d71-82e5-41f448863822,driving,close,8,2,2,3,0.1875,0.21734229,0.23673908,0.21140538,0.21852566,0.21328457
54000e39-4e0a-5d71-82e5-41f448863822,driving,close,8,2,3,2,0.125,0.14819951,0.24213271,0.15797366,0.1507182,0.1576049
54000e39-4e0a-5d71-82e5-41f448863822,basketball,not_close,0,0,0,6,0.4615384615384615,0.3173009,0.27931517,0.40210518,0.3154185,0.38488865
54000e39-4e0a-5d71-82e5-41f448863822,basketball,not_close,0,0,1,3,0.2307692307692307,0.31123364,0.2196531,0.34911686,0.3095655,0.34244534
54000e39-4e0a-5d71-82e5-41f448863822,basketball,not_close,0,0,2,2,0.1538461538461538,0.22057617,0.24769424,0.14574708,0.22165884,0.15971808
54000e39-4e0a-5d71-82e5-41f448863822,basketball,not_close,0,0,3,2,0.1538461538461538,0.15088934,0.25333744,0.10303085,0.15335715,0.11294795
54000e39-4e0a-5d71-82e5-41f448863822,cooking,somewhat_close,4,1,0,6,0.3157894736842105,0.32508844,0.28153455,0.3038481,0.32288563,0.30680162
54000e39-4e0a-5d71-82e5-41f448863822,cooking,somewhat_close,4,1,1,6,0.3157894736842105,0.30092797,0.22757895,0.3294611,0.2995782,0.32287404
54000e39-4e0a-5d71-82e5-41f448863822,cooking,somewhat_close,4,1,2,5,0.2631578947368421,0.21122348,0.2310226,0.2139687,0.21250805,0.21430032
54000e39-4e0a-5d71-82e5-41f448863822,cooking,somewhat_close,4,1,3,2,0.1052631578947368,0.16276015,0.2598639,0.15272212,0.1650281,0.15602408
54000e39-4e0a-5d71-82e5-41f448863822,brunch,somewhat_close,2,1,0,3,0.1764705882352941,0.30243197,0.3026591,0.31512022,0.30091482,0.31172588
54000e39-4e0a-5d71-82e5-41f448863822,brunch,somewhat_close,2,1,1,5,0.2941176470588235,0.29379916,0.21859324,0.28702608,0.29257798,0.28772363
54000e39-4e0a-5d71-82e5-41f448863822,brunch,somewhat_close,2,1,2,6,0.3529411764705882,0.22932231,0.23039065,0.24061216,0.23006326,0.23888367
54000e39-4e0a-5d71-82e5-41f448863822,brunch,somewhat_close,2,1,3,3,0.1764705882352941,0.17444655,0.24835704,0.15724157,0.17644392,0.16166675
54000e39-4e0a-5d71-82e5-41f448863822,wedding,not_close,15,0,0,6,0.4285714285714285,0.30876625,0.29976675,0.35758772,0.30711403,0.34737545
54000e39-4e0a-5d71-82e5-41f448863822,wedding,not_close,15,0,1,3,0.2142857142857142,0.29898903,0.2203311,0.32176432,0.29767475,0.31732672
54000e39-4e0a-5d71-82e5-41f448863822,wedding,not_close,15,0,2,3,0.2142857142857142,0.23715827,0.23514688,0.22107239,0.23775323,0.2252434
54000e39-4e0a-5d71-82e5-41f448863822,wedding,not_close,15,0,3,2,0.1428571428571428,0.15508646,0.24475528,0.099575475,0.15745798,0.110054396
54000e39-4e0a-5d71-82e5-41f448863822,oysters,extremely_close,12,3,0,5,0.3333333333333333,0.3400336,0.31127194,0.34521964,0.3373747,0.3425975
54000e39-4e0a-5d71-82e5-41f448863822,oysters,extremely_close,12,3,1,5,0.3333333333333333,0.30284005,0.21870834,0.30538067,0.3015121,0.30410308
54000e39-4e0a-5d71-82e5-41f448863822,oysters,extremely_close,12,3,2,3,0.2,0.20254946,0.2491106,0.20126957,0.20409547,0.20247553
54000e39-4e0a-5d71-82e5-41f448863822,oysters,extremely_close,12,3,3,2,0.1333333333333333,0.15457693,0.22090909,0.1481301,0.1570177,0.15082388
173bb84d-2ac3-5ebb-bde5-a457051a1f9d,wedding,somewhat_close,15,1,0,5,0.3846153846153846,0.30876625,0.29976675,0.3333098,0.30711403,0.32751745
173bb84d-2ac3-5ebb-bde5-a457051a1f9d,wedding,somewhat_close,15,1,1,3,0.2307692307692307,0.29898903,0.2203311,0.30216554,0.29767475,0.30098352
173bb84d-2ac3-5ebb-bde5-a457051a1f9d,wedding,somewhat_close,15,1,2,3,0.2307692307692307,0.23715827,0.23514688,0.23644876,0.23775323,0.23714605
173bb84d-2ac3-5ebb-bde5-a457051a1f9d,wedding,somewhat_close,15,1,3,2,0.1538461538461538,0.15508646,0.24475528,0.12807587,0.15745798,0.134353
173bb84d-2ac3-5ebb-bde5-a457051a1f9d,gala,somewhat_close,10,1,0,7,0.4666666666666667,0.36258376,0.29305857,0.32763717,0.35897562,0.33230746
173bb84d-2ac3-5ebb-bde5-a457051a1f9d,gala,somewhat_close,10,1,1,5,0.3333333333333333,0.24803236,0.2547296,0.2531211,0.2483613,0.25235286
173bb84d-2ac3-5ebb-bde5-a457051a1f9d,gala,somewhat_close,10,1,2,2,0.1333333333333333,0.21528816,0.24108168,0.2304504,0.2164861,0.2281751
173bb84d-2ac3-5ebb-bde5-a457051a1f9d,gala,somewhat_close,10,1,3,1,0.0666666666666666,0.17409568,0.21113022,0.18879129,0.17617695,0.18716459
173bb84d-2ac3-5ebb-bde5-a457051a1f9d,hike,extremely_close,11,3,0,3,0.25,0.33404678,0.30082837,0.33788186,0.33169934,0.33572078
173bb84d-2ac3-5ebb-bde5-a457051a1f9d,hike,extremely_close,11,3,1,6,0.5,0.32451156,0.21243119,0.2973505,0.32250962,0.3014346
173bb84d-2ac3-5ebb-bde5-a457051a1f9d,hike,extremely_close,11,3,2,2,0.1666666666666666,0.19580749,0.25311163,0.20556362,0.19755435,0.2047168
173bb84d-2ac3-5ebb-bde5-a457051a1f9d,hike,extremely_close,11,3,3,1,0.0833333333333333,0.14563413,0.23362878,0.15920395,0.14823666,0.15812786
173bb84d-2ac3-5ebb-bde5-a457051a1f9d,birthday,close,1,2,0,7,0.4117647058823529,0.32165617,0.28021994,0.2816877,0.3196522,0.28819582
173bb84d-2ac3-5ebb-bde5-a457051a1f9d,birthday,close,1,2,1,2,0.1176470588235294,0.31348172,0.22091691,0.31876132,0.311768,0.31678355
173bb84d-2ac3-5ebb-bde5-a457051a1f9d,birthday,close,1,2,2,6,0.3529411764705882,0.21722111,0.24974371,0.23532178,0.21841055,0.23248664
173bb84d-2ac3-5ebb-bde5-a457051a1f9d,birthday,close,1,2,3,2,0.1176470588235294,0.14764105,0.24911939,0.16422926,0.15016927,0.16253394
173bb84d-2ac3-5ebb-bde5-a457051a1f9d,dip,not_close,6,0,0,5,0.4545454545454545,0.33769047,0.26539132,0.4222383,0.33498037,0.40336716
173bb84d-2ac3-5ebb-bde5-a457051a1f9d,dip,not_close,6,0,1,1,0.0909090909090909,0.2704545,0.25054428,0.24091707,0.27006677,0.24709393
173bb84d-2ac3-5ebb-bde5-a457051a1f9d,dip,not_close,6,0,2,3,0.2727272727272727,0.2244097,0.25625244,0.20938475,0.22533904,0.2135127
173bb84d-2ac3-5ebb-bde5-a457051a1f9d,dip,not_close,6,0,3,2,0.1818181818181818,0.16744532,0.22781193,0.12745976,0.16961384,0.13602626
173bb84d-2ac3-5ebb-bde5-a457051a1f9d,conference,close,3,2,0,1,0.0833333333333333,0.33627447,0.28567946,0.32390398,0.33383918,0.32497996
173bb84d-2ac3-5ebb-bde5-a457051a1f9d,conference,close,3,2,1,3,0.25,0.32249793,0.2440027,0.31270492,0.32056218,0.31356868
173bb84d-2ac3-5ebb-bde5-a457051a1f9d,conference,close,3,2,2,7,0.5833333333333334,0.19272308,0.2495618,0.22254248,0.19453102,0.21759544
173bb84d-2ac3-5ebb-bde5-a457051a1f9d,conference,close,3,2,3,1,0.0833333333333333,0.14850451,0.22075598,0.1408486,0.15106763,0.14385588
173bb84d-2ac3-5ebb-bde5-a457051a1f9d,oysters,somewhat_close,12,1,0,2,0.4,0.3400336,0.31127194,0.35442063,0.3373747,0.34994653
173bb84d-2ac3-5ebb-bde5-a457051a1f9d,oysters,somewhat_close,12,1,1,1,0.2,0.30284005,0.21870834,0.30074957,0.3015121,0.30043343
173bb84d-2ac3-5ebb-bde5-a457051a1f9d,oysters,somewhat_close,12,1,2,1,0.2,0.20254946,0.2491106,0.19948952,0.20409547,0.20106164
173bb84d-2ac3-5ebb-bde5-a457051a1f9d,oysters,somewhat_close,12,1,3,1,0.2,0.15457693,0.22090909,0.14534028,0.1570177,0.1485584
173bb84d-2ac3-5ebb-bde5-a457051a1f9d,driving,not_close,8,0,0,7,0.5,0.32080168,0.28850093,0.32237765,0.3188238,0.32171026
173bb84d-2ac3-5ebb-bde5-a457051a1f9d,driving,not_close,8,0,1,5,0.3571428571428571,0.31365657,0.23262726,0.37901825,0.31193233,0.3648442
173bb84d-2ac3-5ebb-bde5-a457051a1f9d,driving,not_close,8,0,2,1,0.0714285714285714,0.21734229,0.23673908,0.18294969,0.21852566,0.19041178
173bb84d-2ac3-5ebb-bde5-a457051a1f9d,driving,not_close,8,0,3,1,0.0714285714285714,0.14819951,0.24213271,0.11565435,0.1507182,0.12303381
173bb84d-2ac3-5ebb-bde5-a457051a1f9d,cooking,extremely_close,4,3,0,1,0.0714285714285714,0.32508844,0.28153455,0.26053262,0.32288563,0.27141792
173bb84d-2ac3-5ebb-bde5-a457051a1f9d,cooking,extremely_close,4,3,1,6,0.4285714285714285,0.30092797,0.22757895,0.31298968,0.2995782,0.31012288
173bb84d-2ac3-5ebb-bde5-a457051a1f9d,cooking,extremely_close,4,3,2,5,0.3571428571428571,0.21122348,0.2310226,0.23388302,0.21250805,0.23035794
173bb84d-2ac3-5ebb-bde5-a457051a1f9d,cooking,extremely_close,4,3,3,2,0.1428571428571428,0.16276015,0.2598639,0.19259474,0.1650281,0.18810125
173bb84d-2ac3-5ebb-bde5-a457051a1f9d,crabs,somewhat_close,5,1,0,1,0.0909090909090909,0.32949838,0.29960105,0.36052796,0.3272346,0.35396707
173bb84d-2ac3-5ebb-bde5-a457051a1f9d,crabs,somewhat_close,5,1,1,5,0.4545454545454545,0.32009298,0.23267563,0.37403747,0.31816855,0.36267853
173bb84d-2ac3-5ebb-bde5-a457051a1f9d,crabs,somewhat_close,5,1,2,3,0.2727272727272727,0.18702544,0.23678833,0.13190359,0.18890499,0.14269985
173bb84d-2ac3-5ebb-bde5-a457051a1f9d,crabs,somewhat_close,5,1,3,2,0.1818181818181818,0.16338322,0.23093499,0.13353097,0.16569182,0.14065453
173bb84d-2ac3-5ebb-bde5-a457051a1f9d,fair,extremely_close,9,3,0,3,0.1578947368421052,0.32837287,0.2946545,0.32941785,0.32618845,0.32789174
173bb84d-2ac3-5ebb-bde5-a457051a1f9d,fair,extremely_close,9,3,1,5,0.2631578947368421,0.32105917,0.21227996,0.31025007,0.31913775,0.3112323
173bb84d-2ac3-5ebb-bde5-a457051a1f9d,fair,extremely_close,9,3,2,5,0.2631578947368421,0.20461664,0.2554765,0.19988796,0.20614377,0.2017246
173bb84d-2ac3-5ebb-bde5-a457051a1f9d,fair,extremely_close,9,3,3,6,0.3157894736842105,0.14595127,0.23758905,0.1604442,0.14853,0.1591514
173bb84d-2ac3-5ebb-bde5-a457051a1f9d,social,close,13,2,0,3,0.1875,0.38478413,0.29484272,0.3941475,0.38051066,0.38977
173bb84d-2ac3-5ebb-bde5-a457051a1f9d,social,close,13,2,1,6,0.375,0.26153043,0.23070611,0.26863965,0.261622,0.2673677
173bb84d-2ac3-5ebb-bde5-a457051a1f9d,social,close,13,2,2,5,0.3125,0.20087723,0.25057164,0.19937879,0.20253547,0.20073907
173bb84d-2ac3-5ebb-bde5-a457051a1f9d,social,close,13,2,3,2,0.125,0.15280823,0.22387956,0.13783406,0.15533185,0.14212327
173bb84d-2ac3-5ebb-bde5-a457051a1f9d,soup,not_close,14,0,0,7,0.5384615384615384,0.33818597,0.3010139,0.3825187,0.33563444,0.37256363
173bb84d-2ac3-5ebb-bde5-a457051a1f9d,soup,not_close,14,0,1,3,0.2307692307692307,0.31507322,0.22628844,0.33879057,0.31335708,0.33371714
173bb84d-2ac3-5ebb-bde5-a457051a1f9d,soup,not_close,14,0,2,2,0.1538461538461538,0.18950173,0.22069465,0.16353203,0.19134966,0.16979322
173bb84d-2ac3-5ebb-bde5-a457051a1f9d,soup,not_close,14,0,3,1,0.0769230769230769,0.15723914,0.25200298,0.11515866,0.15965882,0.12392601
173bb84d-2ac3-5ebb-bde5-a457051a1f9d,brunch,close,2,2,0,5,0.2631578947368421,0.30243197,0.3026591,0.2907551,0.30091482,0.29213974
173bb84d-2ac3-5ebb-bde5-a457051a1f9d,brunch,close,2,2,1,6,0.3157894736842105,0.29379916,0.21859324,0.28704393,0.29257798,0.28764403
173bb84d-2ac3-5ebb-bde5-a457051a1f9d,brunch,close,2,2,2,5,0.2631578947368421,0.22932231,0.23039065,0.23673561,0.23006326,0.23571382
173bb84d-2ac3-5ebb-bde5-a457051a1f9d,brunch,close,2,2,3,3,0.1578947368421052,0.17444655,0.24835704,0.1854654,0.17644392,0.1845024
173bb84d-2ac3-5ebb-bde5-a457051a1f9d,basketball,not_close,0,0,0,5,0.5,0.3173009,0.27931517,0.40210518,0.3154185,0.38488865
173bb84d-2ac3-5ebb-bde5-a457051a1f9d,basketball,not_close,0,0,1,3,0.3,0.31123364,0.2196531,0.34911686,0.3095655,0.34244534
173bb84d-2ac3-5ebb-bde5-a457051a1f9d,basketball,not_close,0,0,2,1,0.1,0.22057617,0.24769424,0.14574708,0.22165884,0.15971808
173bb84d-2ac3-5ebb-bde5-a457051a1f9d,basketball,not_close,0,0,3,1,0.1,0.15088934,0.25333744,0.10303085,0.15335715,0.11294795
173bb84d-2ac3-5ebb-bde5-a457051a1f9d,drinks,extremely_close,7,3,0,5,0.238095238095238,0.33517203,0.25649023,0.23276606,0.33253023,0.25004545
173bb84d-2ac3-5ebb-bde5-a457051a1f9d,drinks,extremely_close,7,3,1,5,0.238095238095238,0.26757511,0.23912959,0.3014371,0.2672558,0.29548186
173bb84d-2ac3-5ebb-bde5-a457051a1f9d,drinks,extremely_close,7,3,2,6,0.2857142857142857,0.22562149,0.24335633,0.22504783,0.22650158,0.22667027
173bb84d-2ac3-5ebb-bde5-a457051a1f9d,drinks,extremely_close,7,3,3,5,0.238095238095238,0.17163132,0.26102385,0.240749,0.17371236,0.22780243
25c63295-b437-58f7-b51d-975437e21ece,oysters,not_close,12,0,0,2,0.2857142857142857,0.3400336,0.31127194,0.3653165,0.3373747,0.35897037
25c63295-b437-58f7-b51d-975437e21ece,oysters,not_close,12,0,1,3,0.4285714285714285,0.30284005,0.21870834,0.32647744,0.3015121,0.32125935
25c63295-b437-58f7-b51d-975437e21ece,oysters,not_close,12,0,2,1,0.1428571428571428,0.20254946,0.2491106,0.18403101,0.20409547,0.1886821
25c63295-b437-58f7-b51d-975437e21ece,oysters,not_close,12,0,3,1,0.1428571428571428,0.15457693,0.22090909,0.12417514,0.1570177,0.13108808
25c63295-b437-58f7-b51d-975437e21ece,drinks,somewhat_close,7,1,0,7,0.4666666666666667,0.33517203,0.25649023,0.35535023,0.33253023,0.35018
25c63295-b437-58f7-b51d-975437e21ece,drinks,somewhat_close,7,1,1,6,0.4,0.26757511,0.23912959,0.3067269,0.2672558,0.29884645
25c63295-b437-58f7-b51d-975437e21ece,drinks,somewhat_close,7,1,2,1,0.0666666666666666,0.22562149,0.24335633,0.19969311,0.22650158,0.20539983
25c63295-b437-58f7-b51d-975437e21ece,drinks,somewhat_close,7,1,3,1,0.0666666666666666,0.17163132,0.26102385,0.13822965,0.17371236,0.14557375
25c63295-b437-58f7-b51d-975437e21ece,dip,close,6,2,0,6,0.2727272727272727,0.33769047,0.26539132,0.34952283,0.33498037,0.3457275
25c63295-b437-58f7-b51d-975437e21ece,dip,close,6,2,1,6,0.2727272727272727,0.2704545,0.25054428,0.28651547,0.27006677,0.28323793
25c63295-b437-58f7-b51d-975437e21ece,dip,close,6,2,2,5,0.2272727272727272,0.2244097,0.25625244,0.22507222,0.22533904,0.22567739
25c63295-b437-58f7-b51d-975437e21ece,dip,close,6,2,3,5,0.2272727272727272,0.16744532,0.22781193,0.13888952,0.16961384,0.1453572
25c63295-b437-58f7-b51d-975437e21ece,driving,close,8,2,0,2,0.1666666666666666,0.32080168,0.28850093,0.30510676,0.3188238,0.30702308
25c63295-b437-58f7-b51d-975437e21ece,driving,close,8,2,1,6,0.5,0.31365657,0.23262726,0.3255142,0.31193233,0.32208744
25c63295-b437-58f7-b51d-975437e21ece,driving,close,8,2,2,2,0.1666666666666666,0.21734229,0.23673908,0.21140538,0.21852566,0.21328457
25c63295-b437-58f7-b51d-975437e21ece,driving,close,8,2,3,2,0.1666666666666666,0.14819951,0.24213271,0.15797366,0.1507182,0.1576049
25c63295-b437-58f7-b51d-975437e21ece,fair,extremely_close,9,3,0,5,0.3333333333333333,0.32837287,0.2946545,0.32941785,0.32618845,0.32789174
25c63295-b437-58f7-b51d-975437e21ece,fair,extremely_close,9,3,1,7,0.4666666666666667,0.32105917,0.21227996,0.31025007,0.31913775,0.3112323
25c63295-b437-58f7-b51d-975437e21ece,fair,extremely_close,9,3,2,1,0.0666666666666666,0.20461664,0.2554765,0.19988796,0.20614377,0.2017246
25c63295-b437-58f7-b51d-975437e21ece,fair,extremely_close,9,3,3,2,0.1333333333333333,0.14595127,0.23758905,0.1604442,0.14853,0.1591514
25c63295-b437-58f7-b51d-975437e21ece,gala,somewhat_close,10,1,0,7,0.4666666666666667,0.36258376,0.29305857,0.32763717,0.35897562,0.33230746
25c63295-b437-58f7-b51d-975437e21ece,gala,somewhat_close,10,1,1,2,0.1333333333333333,0.24803236,0.2547296,0.2531211,0.2483613,0.25235286
25c63295-b437-58f7-b51d-975437e21ece,gala,somewhat_close,10,1,2,5,0.3333333333333333,0.21528816,0.24108168,0.2304504,0.2164861,0.2281751
25c63295-b437-58f7-b51d-975437e21ece,gala,somewhat_close,10,1,3,1,0.0666666666666666,0.17409568,0.21113022,0.18879129,0.17617695,0.18716459
25c63295-b437-58f7-b51d-975437e21ece,cooking,extremely_close,4,3,0,1,0.0833333333333333,0.32508844,0.28153455,0.26053262,0.32288563,0.27141792
25c63295-b437-58f7-b51d-975437e21ece,cooking,extremely_close,4,3,1,7,0.5833333333333334,0.30092797,0.22757895,0.31298968,0.2995782,0.31012288
25c63295-b437-58f7-b51d-975437e21ece,cooking,extremely_close,4,3,2,2,0.1666666666666666,0.21122348,0.2310226,0.23388302,0.21250805,0.23035794
25c63295-b437-58f7-b51d-975437e21ece,cooking,extremely_close,4,3,3,2,0.1666666666666666,0.16276015,0.2598639,0.19259474,0.1650281,0.18810125
25c63295-b437-58f7-b51d-975437e21ece,soup,close,14,2,0,7,0.6363636363636364,0.33818597,0.3010139,0.3503503,0.33563444,0.34637958
25c63295-b437-58f7-b51d-975437e21ece,soup,close,14,2,1,2,0.1818181818181818,0.31507322,0.22628844,0.3096027,0.31335708,0.30970412
25c63295-b437-58f7-b51d-975437e21ece,soup,close,14,2,2,1,0.0909090909090909,0.18950173,0.22069465,0.19093937,0.19134966,0.19181013
25c63295-b437-58f7-b51d-975437e21ece,soup,close,14,2,3,1,0.0909090909090909,0.15723914,0.25200298,0.14910766,0.15965882,0.15210615
25c63295-b437-58f7-b51d-975437e21ece,conference,somewhat_close,3,1,0,2,0.1333333333333333,0.33627447,0.28567946,0.33678538,0.33383918,0.33548558
25c63295-b437-58f7-b51d-975437e21ece,conference,somewhat_close,3,1,1,6,0.4,0.32249793,0.2440027,0.34514695,0.32056218,0.33959094
25c63295-b437-58f7-b51d-975437e21ece,conference,somewhat_close,3,1,2,5,0.3333333333333333,0.19272308,0.2495618,0.19635226,0.19453102,0.19690198
25c63295-b437-58f7-b51d-975437e21ece,conference,somewhat_close,3,1,3,2,0.1333333333333333,0.14850451,0.22075598,0.1217154,0.15106763,0.1280215
25c63295-b437-58f7-b51d-975437e21ece,hike,not_close,11,0,0,6,0.5454545454545454,0.33404678,0.30082837,0.37751567,0.33169934,0.36750683
25c63295-b437-58f7-b51d-975437e21ece,hike,not_close,11,0,1,3,0.2727272727272727,0.32451156,0.21243119,0.33200538,0.32250962,0.3297955
25c63295-b437-58f7-b51d-975437e21ece,hike,not_close,11,0,2,1,0.0909090909090909,0.19580749,0.25311163,0.16379511,0.19755435,0.1708626
25c63295-b437-58f7-b51d-975437e21ece,hike,not_close,11,0,3,1,0.0909090909090909,0.14563413,0.23362878,0.12668388,0.14823666,0.13183501
25c63295-b437-58f7-b51d-975437e21ece,wedding,somewhat_close,15,1,0,7,0.5833333333333334,0.30876625,0.29976675,0.3333098,0.30711403,0.32751745
25c63295-b437-58f7-b51d-975437e21ece,wedding,somewhat_close,15,1,1,2,0.1666666666666666,0.29898903,0.2203311,0.30216554,0.29767475,0.30098352
25c63295-b437-58f7-b51d-975437e21ece,wedding,somewhat_close,15,1,2,2,0.1666666666666666,0.23715827,0.23514688,0.23644876,0.23775323,0.23714605
25c63295-b437-58f7-b51d-975437e21ece,wedding,somewhat_close,15,1,3,1,0.0833333333333333,0.15508646,0.24475528,0.12807587,0.15745798,0.134353
25c63295-b437-58f7-b51d-975437e21ece,brunch,not_close,2,0,0,7,0.4375,0.30243197,0.3026591,0.35060638,0.30091482,0.34033895
25c63295-b437-58f7-b51d-975437e21ece,brunch,not_close,2,0,1,5,0.3125,0.29379916,0.21859324,0.3063659,0.29257798,0.30384555
25c63295-b437-58f7-b51d-975437e21ece,brunch,not_close,2,0,2,2,0.125,0.22932231,0.23039065,0.22114328,0.23006326,0.22373937
25c63295-b437-58f7-b51d-975437e21ece,brunch,not_close,2,0,3,2,0.125,0.17444655,0.24835704,0.121884465,0.17644392,0.13207617
25c63295-b437-58f7-b51d-975437e21ece,birthday,extremely_close,1,3,0,5,0.2631578947368421,0.32165617,0.28021994,0.29297653,0.3196522,0.2974144
25c63295-b437-58f7-b51d-975437e21ece,birthday,extremely_close,1,3,1,7,0.3684210526315789,0.31348172,0.22091691,0.2967644,0.311768,0.2991094
25c63295-b437-58f7-b51d-975437e21ece,birthday,extremely_close,1,3,2,6,0.3157894736842105,0.21722111,0.24974371,0.24162844,0.21841055,0.2374631
25c63295-b437-58f7-b51d-975437e21ece,birthday,extremely_close,1,3,3,1,0.0526315789473684,0.14764105,0.24911939,0.16863064,0.15016927,0.16601305
25c63295-b437-58f7-b51d-975437e21ece,crabs,close,5,2,0,2,0.4,0.32949838,0.29960105,0.31679517,0.3272346,0.318014
25c63295-b437-58f7-b51d-975437e21ece,crabs,close,5,2,1,1,0.2,0.32009298,0.23267563,0.34010246,0.31816855,0.3349067
25c63295-b437-58f7-b51d-975437e21ece,crabs,close,5,2,2,1,0.2,0.18702544,0.23678833,0.18733868,0.18890499,0.18845895
25c63295-b437-58f7-b51d-975437e21ece,crabs,close,5,2,3,1,0.2,0.16338322,0.23093499,0.1557637,0.16569182,0.15862034
25c63295-b437-58f7-b51d-975437e21ece,social,not_close,13,0,0,1,0.1111111111111111,0.38478413,0.29484272,0.45282483,0.38051066,0.43652424
25c63295-b437-58f7-b51d-975437e21ece,social,not_close,13,0,1,6,0.6666666666666666,0.26153043,0.23070611,0.24479835,0.261622,0.24863854
25c63295-b437-58f7-b51d-975437e21ece,social,not_close,13,0,2,1,0.1111111111111111,0.20087723,0.25057164,0.17145851,0.20253547,0.17819941
25c63295-b437-58f7-b51d-975437e21ece,social,not_close,13,0,3,1,0.1111111111111111,0.15280823,0.22387956,0.13091831,0.15533185,0.1366378
25c63295-b437-58f7-b51d-975437e21ece,basketball,extremely_close,0,3,0,2,0.1818181818181818,0.3173009,0.27931517,0.3131195,0.3154185,0.3128357
25c63295-b437-58f7-b51d-975437e21ece,basketball,extremely_close,0,3,1,7,0.6363636363636364,0.31123364,0.2196531,0.3208935,0.3095655,0.31794766
25c63295-b437-58f7-b51d-975437e21ece,basketball,extremely_close,0,3,2,1,0.0909090909090909,0.22057617,0.24769424,0.21410309,0.22165884,0.21602215
25c63295-b437-58f7-b51d-975437e21ece,basketball,extremely_close,0,3,3,1,0.0909090909090909,0.15088934,0.25333744,0.15188394,0.15335715,0.15319455
f0268601-e8cf-58a0-a40d-7446b1e197ca,brunch,close,2,2,0,1,0.0769230769230769,0.30243197,0.3026591,0.2907551,0.30091482,0.29213974
f0268601-e8cf-58a0-a40d-7446b1e197ca,brunch,close,2,2,1,5,0.3846153846153846,0.29379916,0.21859324,0.28704393,0.29257798,0.28764403
f0268601-e8cf-58a0-a40d-7446b1e197ca,brunch,close,2,2,2,5,0.3846153846153846,0.22932231,0.23039065,0.23673561,0.23006326,0.23571382
f0268601-e8cf-58a0-a40d-7446b1e197ca,brunch,close,2,2,3,2,0.1538461538461538,0.17444655,0.24835704,0.1854654,0.17644392,0.1845024
f0268601-e8cf-58a0-a40d-7446b1e197ca,social,somewhat_close,13,1,0,7,0.4375,0.38478413,0.29484272,0.3939905,0.38051066,0.38956168
f0268601-e8cf-58a0-a40d-7446b1e197ca,social,somewhat_close,13,1,1,5,0.3125,0.26153043,0.23070611,0.2552778,0.261622,0.25658923
f0268601-e8cf-58a0-a40d-7446b1e197ca,social,somewhat_close,13,1,2,3,0.1875,0.20087723,0.25057164,0.20189984,0.20253547,0.20272948
f0268601-e8cf-58a0-a40d-7446b1e197ca,social,somewhat_close,13,1,3,1,0.0625,0.15280823,0.22387956,0.14883181,0.15533185,0.15111957
f0268601-e8cf-58a0-a40d-7446b1e197ca,birthday,not_close,1,0,0,1,0.0714285714285714,0.32165617,0.28021994,0.37109387,0.3196522,0.36021808
f0268601-e8cf-58a0-a40d-7446b1e197ca,birthday,not_close,1,0,1,7,0.5,0.31348172,0.22091691,0.33231905,0.311768,0.32817322
f0268601-e8cf-58a0-a40d-7446b1e197ca,birthday,not_close,1,0,2,5,0.3571428571428571,0.21722111,0.24974371,0.17350394,0.21841055,0.18240416
f0268601-e8cf-58a0-a40d-7446b1e197ca,birthday,not_close,1,0,3,1,0.0714285714285714,0.14764105,0.24911939,0.12308306,0.15016927,0.12920454
f0268601-e8cf-58a0-a40d-7446b1e197ca,wedding,extremely_close,15,3,0,4,0.1904761904761904,0.30876625,0.29976675,0.29720375,0.30711403,0.2985504
f0268601-e8cf-58a0-a40d-7446b1e197ca,wedding,extremely_close,15,3,1,5,0.238095238095238,0.29898903,0.2203311,0.27952927,0.29767475,0.2825817
f0268601-e8cf-58a0-a40d-7446b1e197ca,wedding,extremely_close,15,3,2,5,0.238095238095238,0.23715827,0.23514688,0.2412807,0.23775323,0.24087891
f0268601-e8cf-58a0-a40d-7446b1e197ca,wedding,extremely_close,15,3,3,7,0.3333333333333333,0.15508646,0.24475528,0.18198623,0.15745798,0.17798899
f0268601-e8cf-58a0-a40d-7446b1e197ca,conference,somewhat_close,3,1,0,4,0.2352941176470588,0.33627447,0.28567946,0.33678538,0.33383918,0.33548558
f0268601-e8cf-58a0-a40d-7446b1e197ca,conference,somewhat_close,3,1,1,5,0.2941176470588235,0.32249793,0.2440027,0.34514695,0.32056218,0.33959094
f0268601-e8cf-58a0-a40d-7446b1e197ca,conference,somewhat_close,3,1,2,6,0.3529411764705882,0.19272308,0.2495618,0.19635226,0.19453102,0.19690198
f0268601-e8cf-58a0-a40d-7446b1e197ca,conference,somewhat_close,3,1,3,2,0.1176470588235294,0.14850451,0.22075598,0.1217154,0.15106763,0.1280215
f0268601-e8cf-58a0-a40d-7446b1e197ca,fair,extremely_close,9,3,0,1,0.0588235294117647,0.32837287,0.2946545,0.32941785,0.32618845,0.32789174
f0268601-e8cf-58a0-a40d-7446b1e197ca,fair,extremely_close,9,3,1,3,0.1764705882352941,0.32105917,0.21227996,0.31025007,0.31913775,0.3112323
f0268601-e8cf-58a0-a40d-7446b1e197ca,fair,extremely_close,9,3,2,6,0.3529411764705882,0.20461664,0.2554765,0.19988796,0.20614377,0.2017246
f0268601-e8cf-58a0-a40d-7446b1e197ca,fair,extremely_close,9,3,3,7,0.4117647058823529,0.14595127,0.23758905,0.1604442,0.14853,0.1591514
f0268601-e8cf-58a0-a40d-7446b1e197ca,crabs,close,5,2,0,2,0.1333333333333333,0.32949838,0.29960105,0.31679517,0.3272346,0.318014
f0268601-e8cf-58a0-a40d-7446b1e197ca,crabs,close,5,2,1,5,0.3333333333333333,0.32009298,0.23267563,0.34010246,0.31816855,0.3349067
f0268601-e8cf-58a0-a40d-7446b1e197ca,crabs,close,5,2,2,3,0.2,0.18702544,0.23678833,0.18733868,0.18890499,0.18845895
f0268601-e8cf-58a0-a40d-7446b1e197ca,crabs,close,5,2,3,5,0.3333333333333333,0.16338322,0.23093499,0.1557637,0.16569182,0.15862034
f0268601-e8cf-58a0-a40d-7446b1e197ca,drinks,close,7,2,0,1,0.0769230769230769,0.33517203,0.25649023,0.3006383,0.33253023,0.30577487
f0268601-e8cf-58a0-a40d-7446b1e197ca,drinks,close,7,2,1,5,0.3846153846153846,0.26757511,0.23912959,0.2817904,0.2672558,0.2787861
f0268601-e8cf-58a0-a40d-7446b1e197ca,drinks,close,7,2,2,1,0.0769230769230769,0.22562149,0.24335633,0.23456235,0.22650158,0.23337154
f0268601-e8cf-58a0-a40d-7446b1e197ca,drinks,close,7,2,3,6,0.4615384615384615,0.17163132,0.26102385,0.18300895,0.17371236,0.18206751
f0268601-e8cf-58a0-a40d-7446b1e197ca,dip,somewhat_close,6,1,0,5,0.25,0.33769047,0.26539132,0.36435014,0.33498037,0.3577161
f0268601-e8cf-58a0-a40d-7446b1e197ca,dip,somewhat_close,6,1,1,7,0.35,0.2704545,0.25054428,0.28163436,0.27006677,0.27957094
f0268601-e8cf-58a0-a40d-7446b1e197ca,dip,somewhat_close,6,1,2,5,0.25,0.2244097,0.25625244,0.22864093,0.22533904,0.2287165
f0268601-e8cf-58a0-a40d-7446b1e197ca,dip,somewhat_close,6,1,3,3,0.15,0.16744532,0.22781193,0.12537463,0.16961384,0.1339964
f0268601-e8cf-58a0-a40d-7446b1e197ca,oysters,not_close,12,0,0,7,0.3684210526315789,0.3400336,0.31127194,0.3653165,0.3373747,0.35897037
f0268601-e8cf-58a0-a40d-7446b1e197ca,oysters,not_close,12,0,1,5,0.2631578947368421,0.30284005,0.21870834,0.32647744,0.3015121,0.32125935
f0268601-e8cf-58a0-a40d-7446b1e197ca,oysters,not_close,12,0,2,4,0.2105263157894736,0.20254946,0.2491106,0.18403101,0.20409547,0.1886821
f0268601-e8cf-58a0-a40d-7446b1e197ca,oysters,not_close,12,0,3,3,0.1578947368421052,0.15457693,0.22090909,0.12417514,0.1570177,0.13108808
f0268601-e8cf-58a0-a40d-7446b1e197ca,gala,close,10,2,0,1,0.05,0.36258376,0.29305857,0.3041355,0.35897562,0.31327608
f0268601-e8cf-58a0-a40d-7446b1e197ca,gala,close,10,2,1,7,0.35,0.24803236,0.2547296,0.2767334,0.2483613,0.2712739
f0268601-e8cf-58a0-a40d-7446b1e197ca,gala,close,10,2,2,7,0.35,0.21528816,0.24108168,0.24181442,0.2164861,0.23733611
f0268601-e8cf-58a0-a40d-7446b1e197ca,gala,close,10,2,3,5,0.25,0.17409568,0.21113022,0.17731674,0.17617695,0.17811388
f0268601-e8cf-58a0-a40d-7446b1e197ca,soup,not_close,14,0,0,7,0.6363636363636364,0.33818597,0.3010139,0.3825187,0.33563444,0.37256363
f0268601-e8cf-58a0-a40d-7446b1e197ca,soup,not_close,14,0,1,2,0.1818181818181818,0.31507322,0.22628844,0.33879057,0.31335708,0.33371714
f0268601-e8cf-58a0-a40d-7446b1e197ca,soup,not_close,14,0,2,1,0.0909090909090909,0.18950173,0.22069465,0.16353203,0.19134966,0.16979322
f0268601-e8cf-58a0-a40d-7446b1e197ca,soup,not_close,14,0,3,1,0.0909090909090909,0.15723914,0.25200298,0.11515866,0.15965882,0.12392601
f0268601-e8cf-58a0-a40d-7446b1e197ca,driving,extremely_close,8,3,0,1,0.0476190476190476,0.32080168,0.28850093,0.27412885,0.3188238,0.28191045
f0268601-e8cf-58a0-a40d-7446b1e197ca,driving,extremely_close,8,3,1,6,0.2857142857142857,0.31365657,0.23262726,0.3215029,0.31193233,0.31907967
f0268601-e8cf-58a0-a40d-7446b1e197ca,driving,extremely_close,8,3,2,7,0.3333333333333333,0.21734229,0.23673908,0.22807299,0.21852566,0.2268027
f0268601-e8cf-58a0-a40d-7446b1e197ca,driving,extremely_close,8,3,3,7,0.3333333333333333,0.14819951,0.24213271,0.17629525,0.1507182,0.17220715
f0268601-e8cf-58a0-a40d-7446b1e197ca,hike,not_close,11,0,0,5,0.3571428571428571,0.33404678,0.30082837,0.37751567,0.33169934,0.36750683
f0268601-e8cf-58a0-a40d-7446b1e197ca,hike,not_close,11,0,1,6,0.4285714285714285,0.32451156,0.21243119,0.33200538,0.32250962,0.3297955
f0268601-e8cf-58a0-a40d-7446b1e197ca,hike,not_close,11,0,2,2,0.1428571428571428,0.19580749,0.25311163,0.16379511,0.19755435,0.1708626
f0268601-e8cf-58a0-a40d-7446b1e197ca,hike,not_close,11,0,3,1,0.0714285714285714,0.14563413,0.23362878,0.12668388,0.14823666,0.13183501
f0268601-e8cf-58a0-a40d-7446b1e197ca,cooking,somewhat_close,4,1,0,1,0.0909090909090909,0.32508844,0.28153455,0.3038481,0.32288563,0.30680162
f0268601-e8cf-58a0-a40d-7446b1e197ca,cooking,somewhat_close,4,1,1,7,0.6363636363636364,0.30092797,0.22757895,0.3294611,0.2995782,0.32287404
f0268601-e8cf-58a0-a40d-7446b1e197ca,cooking,somewhat_close,4,1,2,2,0.1818181818181818,0.21122348,0.2310226,0.2139687,0.21250805,0.21430032
f0268601-e8cf-58a0-a40d-7446b1e197ca,cooking,somewhat_close,4,1,3,1,0.0909090909090909,0.16276015,0.2598639,0.15272212,0.1650281,0.15602408
f0268601-e8cf-58a0-a40d-7446b1e197ca,basketball,extremely_close,0,3,0,3,0.1666666666666666,0.3173009,0.27931517,0.3131195,0.3154185,0.3128357
f0268601-e8cf-58a0-a40d-7446b1e197ca,basketball,extremely_close,0,3,1,2,0.1111111111111111,0.31123364,0.2196531,0.3208935,0.3095655,0.31794766
f0268601-e8cf-58a0-a40d-7446b1e197ca,basketball,extremely_close,0,3,2,6,0.3333333333333333,0.22057617,0.24769424,0.21410309,0.22165884,0.21602215
f0268601-e8cf-58a0-a40d-7446b1e197ca,basketball,extremely_close,0,3,3,7,0.3888888888888889,0.15088934,0.25333744,0.15188394,0.15335715,0.15319455
af0133cb-74e3-5d50-a228-5b8935751d0d,wedding,not_close,15,0,0,7,0.7,0.30876625,0.29976675,0.35758772,0.30711403,0.34737545
af0133cb-74e3-5d50-a228-5b8935751d0d,wedding,not_close,15,0,1,1,0.1,0.29898903,0.2203311,0.32176432,0.29767475,0.31732672
af0133cb-74e3-5d50-a228-5b8935751d0d,wedding,not_close,15,0,2,1,0.1,0.23715827,0.23514688,0.22107239,0.23775323,0.2252434
af0133cb-74e3-5d50-a228-5b8935751d0d,wedding,not_close,15,0,3,1,0.1,0.15508646,0.24475528,0.099575475,0.15745798,0.110054396
af0133cb-74e3-5d50-a228-5b8935751d0d,dip,close,6,2,0,6,0.375,0.33769047,0.26539132,0.34952283,0.33498037,0.3457275
af0133cb-74e3-5d50-a228-5b8935751d0d,dip,close,6,2,1,6,0.375,0.2704545,0.25054428,0.28651547,0.27006677,0.28323793
af0133cb-74e3-5d50-a228-5b8935751d0d,dip,close,6,2,2,2,0.125,0.2244097,0.25625244,0.22507222,0.22533904,0.22567739
af0133cb-74e3-5d50-a228-5b8935751d0d,dip,close,6,2,3,2,0.125,0.16744532,0.22781193,0.13888952,0.16961384,0.1453572
af0133cb-74e3-5d50-a228-5b8935751d0d,conference,somewhat_close,3,1,0,5,0.3846153846153846,0.33627447,0.28567946,0.33678538,0.33383918,0.33548558
af0133cb-74e3-5d50-a228-5b8935751d0d,conference,somewhat_close,3,1,1,6,0.4615384615384615,0.32249793,0.2440027,0.34514695,0.32056218,0.33959094
af0133cb-74e3-5d50-a228-5b8935751d0d,conference,somewhat_close,3,1,2,1,0.0769230769230769,0.19272308,0.2495618,0.19635226,0.19453102,0.19690198
af0133cb-74e3-5d50-a228-5b8935751d0d,conference,somewhat_close,3,1,3,1,0.0769230769230769,0.14850451,0.22075598,0.1217154,0.15106763,0.1280215
af0133cb-74e3-5d50-a228-5b8935751d0d,fair,extremely_close,9,3,0,2,0.2222222222222222,0.32837287,0.2946545,0.32941785,0.32618845,0.32789174
af0133cb-74e3-5d50-a228-5b8935751d0d,fair,extremely_close,9,3,1,5,0.5555555555555556,0.32105917,0.21227996,0.31025007,0.31913775,0.3112323
af0133cb-74e3-5d50-a228-5b8935751d0d,fair,extremely_close,9,3,2,1,0.1111111111111111,0.20461664,0.2554765,0.19988796,0.20614377,0.2017246
af0133cb-74e3-5d50-a228-5b8935751d0d,fair,extremely_close,9,3,3,1,0.1111111111111111,0.14595127,0.23758905,0.1604442,0.14853,0.1591514
af0133cb-74e3-5d50-a228-5b8935751d0d,brunch,somewhat_close,2,1,0,5,0.3846153846153846,0.30243197,0.3026591,0.31512022,0.30091482,0.31172588
af0133cb-74e3-5d50-a228-5b8935751d0d,brunch,somewhat_close,2,1,1,5,0.3846153846153846,0.29379916,0.21859324,0.28702608,0.29257798,0.28772363
af0133cb-74e3-5d50-a228-5b8935751d0d,brunch,somewhat_close,2,1,2,1,0.0769230769230769,0.22932231,0.23039065,0.24061216,0.23006326,0.23888367
af0133cb-74e3-5d50-a228-5b8935751d0d,brunch,somewhat_close,2,1,3,2,0.1538461538461538,0.17444655,0.24835704,0.15724157,0.17644392,0.16166675
af0133cb-74e3-5d50-a228-5b8935751d0d,gala,extremely_close,10,3,0,2,0.1176470588235294,0.36258376,0.29305857,0.27085638,0.35897562,0.28588986
af0133cb-74e3-5d50-a228-5b8935751d0d,gala,extremely_close,10,3,1,7,0.4117647058823529,0.24803236,0.2547296,0.27790543,0.2483613,0.27260363
af0133cb-74e3-5d50-a228-5b8935751d0d,gala,extremely_close,10,3,2,7,0.4117647058823529,0.21528816,0.24108168,0.25729015,0.2164861,0.2498217
af0133cb-74e3-5d50-a228-5b8935751d0d,gala,extremely_close,10,3,3,1,0.0588235294117647,0.17409568,0.21113022,0.19394808,0.17617695,0.19168487
af0133cb-74e3-5d50-a228-5b8935751d0d,birthday,somewhat_close,1,1,0,6,0.4,0.32165617,0.28021994,0.31222877,0.3196522,0.31307483
af0133cb-74e3-5d50-a228-5b8935751d0d,birthday,somewhat_close,1,1,1,6,0.4,0.31348172,0.22091691,0.33197084,0.311768,0.32734334
af0133cb-74e3-5d50-a228-5b8935751d0d,birthday,somewhat_close,1,1,2,2,0.1333333333333333,0.21722111,0.24974371,0.2297937,0.21841055,0.22814302
af0133cb-74e3-5d50-a228-5b8935751d0d,birthday,somewhat_close,1,1,3,1,0.0666666666666666,0.14764105,0.24911939,0.12600674,0.15016927,0.13143879
af0133cb-74e3-5d50-a228-5b8935751d0d,soup,not_close,14,0,0,7,0.7,0.33818597,0.3010139,0.3825187,0.33563444,0.37256363
af0133cb-74e3-5d50-a228-5b8935751d0d,soup,not_close,14,0,1,1,0.1,0.31507322,0.22628844,0.33879057,0.31335708,0.33371714
af0133cb-74e3-5d50-a228-5b8935751d0d,soup,not_close,14,0,2,1,0.1,0.18950173,0.22069465,0.16353203,0.19134966,0.16979322
af0133cb-74e3-5d50-a228-5b8935751d0d,soup,not_close,14,0,3,1,0.1,0.15723914,0.25200298,0.11515866,0.15965882,0.12392601
af0133cb-74e3-5d50-a228-5b8935751d0d,drinks,close,7,2,0,6,0.4285714285714285,0.33517203,0.25649023,0.3006383,0.33253023,0.30577487
af0133cb-74e3-5d50-a228-5b8935751d0d,drinks,close,7,2,1,5,0.3571428571428571,0.26757511,0.23912959,0.2817904,0.2672558,0.2787861
af0133cb-74e3-5d50-a228-5b8935751d0d,drinks,close,7,2,2,2,0.1428571428571428,0.22562149,0.24335633,0.23456235,0.22650158,0.23337154
af0133cb-74e3-5d50-a228-5b8935751d0d,drinks,close,7,2,3,1,0.0714285714285714,0.17163132,0.26102385,0.18300895,0.17371236,0.18206751
af0133cb-74e3-5d50-a228-5b8935751d0d,hike,extremely_close,11,3,0,6,0.4285714285714285,0.33404678,0.30082837,0.33788186,0.33169934,0.33572078
af0133cb-74e3-5d50-a228-5b8935751d0d,hike,extremely_close,11,3,1,5,0.3571428571428571,0.32451156,0.21243119,0.2973505,0.32250962,0.3014346
af0133cb-74e3-5d50-a228-5b8935751d0d,hike,extremely_close,11,3,2,2,0.1428571428571428,0.19580749,0.25311163,0.20556362,0.19755435,0.2047168
af0133cb-74e3-5d50-a228-5b8935751d0d,hike,extremely_close,11,3,3,1,0.0714285714285714,0.14563413,0.23362878,0.15920395,0.14823666,0.15812786
af0133cb-74e3-5d50-a228-5b8935751d0d,cooking,close,4,2,0,1,0.0909090909090909,0.32508844,0.28153455,0.25373095,0.32288563,0.2657937
af0133cb-74e3-5d50-a228-5b8935751d0d,cooking,close,4,2,1,7,0.6363636363636364,0.30092797,0.22757895,0.3285871,0.2995782,0.32255453
af0133cb-74e3-5d50-a228-5b8935751d0d,cooking,close,4,2,2,2,0.1818181818181818,0.21122348,0.2310226,0.23453203,0.21250805,0.23093651
af0133cb-74e3-5d50-a228-5b8935751d0d,cooking,close,4,2,3,1,0.0909090909090909,0.16276015,0.2598639,0.18314992,0.1650281,0.18071517
af0133cb-74e3-5d50-a228-5b8935751d0d,driving,extremely_close,8,3,0,6,0.2727272727272727,0.32080168,0.28850093,0.27412885,0.3188238,0.28191045
af0133cb-74e3-5d50-a228-5b8935751d0d,driving,extremely_close,8,3,1,6,0.2727272727272727,0.31365657,0.23262726,0.3215029,0.31193233,0.31907967
af0133cb-74e3-5d50-a228-5b8935751d0d,driving,extremely_close,8,3,2,6,0.2727272727272727,0.21734229,0.23673908,0.22807299,0.21852566,0.2268027
af0133cb-74e3-5d50-a228-5b8935751d0d,driving,extremely_close,8,3,3,4,0.1818181818181818,0.14819951,0.24213271,0.17629525,0.1507182,0.17220715
af0133cb-74e3-5d50-a228-5b8935751d0d,basketball,somewhat_close,0,1,0,1,0.1,0.3173009,0.27931517,0.3148467,0.3154185,0.31423575
af0133cb-74e3-5d50-a228-5b8935751d0d,basketball,somewhat_close,0,1,1,7,0.7,0.31123364,0.2196531,0.32266358,0.3095655,0.31937057
af0133cb-74e3-5d50-a228-5b8935751d0d,basketball,somewhat_close,0,1,2,1,0.1,0.22057617,0.24769424,0.21528408,0.22165884,0.21698892
af0133cb-74e3-5d50-a228-5b8935751d0d,basketball,somewhat_close,0,1,3,1,0.1,0.15088934,0.25333744,0.14720571,0.15335715,0.1494048
af0133cb-74e3-5d50-a228-5b8935751d0d,oysters,not_close,12,0,0,7,0.7,0.3400336,0.31127194,0.3653165,0.3373747,0.35897037
af0133cb-74e3-5d50-a228-5b8935751d0d,oysters,not_close,12,0,1,1,0.1,0.30284005,0.21870834,0.32647744,0.3015121,0.32125935
af0133cb-74e3-5d50-a228-5b8935751d0d,oysters,not_close,12,0,2,1,0.1,0.20254946,0.2491106,0.18403101,0.20409547,0.1886821
af0133cb-74e3-5d50-a228-5b8935751d0d,oysters,not_close,12,0,3,1,0.1,0.15457693,0.22090909,0.12417514,0.1570177,0.13108808
af0133cb-74e3-5d50-a228-5b8935751d0d,crabs,close,5,2,0,1,0.1111111111111111,0.32949838,0.29960105,0.31679517,0.3272346,0.318014
af0133cb-74e3-5d50-a228-5b8935751d0d,crabs,close,5,2,1,6,0.6666666666666666,0.32009298,0.23267563,0.34010246,0.31816855,0.3349067
af0133cb-74e3-5d50-a228-5b8935751d0d,crabs,close,5,2,2,1,0.1111111111111111,0.18702544,0.23678833,0.18733868,0.18890499,0.18845895
af0133cb-74e3-5d50-a228-5b8935751d0d,crabs,close,5,2,3,1,0.1111111111111111,0.16338322,0.23093499,0.1557637,0.16569182,0.15862034
af0133cb-74e3-5d50-a228-5b8935751d0d,social,not_close,13,0,0,4,0.5714285714285714,0.38478413,0.29484272,0.45282483,0.38051066,0.43652424
af0133cb-74e3-5d50-a228-5b8935751d0d,social,not_close,13,0,1,1,0.1428571428571428,0.26153043,0.23070611,0.24479835,0.261622,0.24863854
af0133cb-74e3-5d50-a228-5b8935751d0d,social,not_close,13,0,2,1,0.1428571428571428,0.20087723,0.25057164,0.17145851,0.20253547,0.17819941
af0133cb-74e3-5d50-a228-5b8935751d0d,social,not_close,13,0,3,1,0.1428571428571428,0.15280823,0.22387956,0.13091831,0.15533185,0.1366378
48f92fe5-300e-51f5-9425-a3f74a4c54e2,hike,extremely_close,11,3,0,6,0.5,0.33404678,0.30082837,0.33788186,0.33169934,0.33572078
48f92fe5-300e-51f5-9425-a3f74a4c54e2,hike,extremely_close,11,3,1,3,0.25,0.32451156,0.21243119,0.2973505,0.32250962,0.3014346
48f92fe5-300e-51f5-9425-a3f74a4c54e2,hike,extremely_close,11,3,2,2,0.1666666666666666,0.19580749,0.25311163,0.20556362,0.19755435,0.2047168
48f92fe5-300e-51f5-9425-a3f74a4c54e2,hike,extremely_close,11,3,3,1,0.0833333333333333,0.14563413,0.23362878,0.15920395,0.14823666,0.15812786
48f92fe5-300e-51f5-9425-a3f74a4c54e2,dip,somewhat_close,6,1,0,6,0.3333333333333333,0.33769047,0.26539132,0.36435014,0.33498037,0.3577161
48f92fe5-300e-51f5-9425-a3f74a4c54e2,dip,somewhat_close,6,1,1,6,0.3333333333333333,0.2704545,0.25054428,0.28163436,0.27006677,0.27957094
48f92fe5-300e-51f5-9425-a3f74a4c54e2,dip,somewhat_close,6,1,2,5,0.2777777777777778,0.2244097,0.25625244,0.22864093,0.22533904,0.2287165
48f92fe5-300e-51f5-9425-a3f74a4c54e2,dip,somewhat_close,6,1,3,1,0.0555555555555555,0.16744532,0.22781193,0.12537463,0.16961384,0.1339964
48f92fe5-300e-51f5-9425-a3f74a4c54e2,drinks,not_close,7,0,0,7,0.3333333333333333,0.33517203,0.25649023,0.30263433,0.33253023,0.30758438
48f92fe5-300e-51f5-9425-a3f74a4c54e2,drinks,not_close,7,0,1,6,0.2857142857142857,0.26757511,0.23912959,0.31184286,0.2672558,0.30257833
48f92fe5-300e-51f5-9425-a3f74a4c54e2,drinks,not_close,7,0,2,4,0.1904761904761904,0.22562149,0.24335633,0.22425486,0.22650158,0.22524028
48f92fe5-300e-51f5-9425-a3f74a4c54e2,drinks,not_close,7,0,3,4,0.1904761904761904,0.17163132,0.26102385,0.16126789,0.17371236,0.16459699
48f92fe5-300e-51f5-9425-a3f74a4c54e2,cooking,close,4,2,0,2,0.1052631578947368,0.32508844,0.28153455,0.25373095,0.32288563,0.2657937
48f92fe5-300e-51f5-9425-a3f74a4c54e2,cooking,close,4,2,1,7,0.3684210526315789,0.30092797,0.22757895,0.3285871,0.2995782,0.32255453
48f92fe5-300e-51f5-9425-a3f74a4c54e2,cooking,close,4,2,2,5,0.2631578947368421,0.21122348,0.2310226,0.23453203,0.21250805,0.23093651
48f92fe5-300e-51f5-9425-a3f74a4c54e2,cooking,close,4,2,3,5,0.2631578947368421,0.16276015,0.2598639,0.18314992,0.1650281,0.18071517
48f92fe5-300e-51f5-9425-a3f74a4c54e2,basketball,close,0,2,0,6,0.4,0.3173009,0.27931517,0.331041,0.3154185,0.32719913
48f92fe5-300e-51f5-9425-a3f74a4c54e2,basketball,close,0,2,1,5,0.3333333333333333,0.31123364,0.2196531,0.3025721,0.3095655,0.30337024
48f92fe5-300e-51f5-9425-a3f74a4c54e2,basketball,close,0,2,2,2,0.1333333333333333,0.22057617,0.24769424,0.19962241,0.22165884,0.20426738
48f92fe5-300e-51f5-9425-a3f74a4c54e2,basketball,close,0,2,3,2,0.1333333333333333,0.15088934,0.25333744,0.16676445,0.15335715,0.16516323
48f92fe5-300e-51f5-9425-a3f74a4c54e2,fair,close,9,2,0,4,0.2352941176470588,0.32837287,0.2946545,0.34993604,0.32618845,0.3445345
48f92fe5-300e-51f5-9425-a3f74a4c54e2,fair,close,9,2,1,5,0.2941176470588235,0.32105917,0.21227996,0.34182274,0.31913775,0.33674547
48f92fe5-300e-51f5-9425-a3f74a4c54e2,fair,close,9,2,2,4,0.2352941176470588,0.20461664,0.2554765,0.18358052,0.20614377,0.18860486
48f92fe5-300e-51f5-9425-a3f74a4c54e2,fair,close,9,2,3,4,0.2352941176470588,0.14595127,0.23758905,0.12466064,0.14853,0.13011518
48f92fe5-300e-51f5-9425-a3f74a4c54e2,brunch,extremely_close,2,3,0,4,0.2352941176470588,0.30243197,0.3026591,0.25437948,0.30091482,0.26270998
48f92fe5-300e-51f5-9425-a3f74a4c54e2,brunch,extremely_close,2,3,1,5,0.2941176470588235,0.29379916,0.21859324,0.28251648,0.29257798,0.28429732
48f92fe5-300e-51f5-9425-a3f74a4c54e2,brunch,extremely_close,2,3,2,4,0.2352941176470588,0.22932231,0.23039065,0.2505955,0.23006326,0.24698317
48f92fe5-300e-51f5-9425-a3f74a4c54e2,brunch,extremely_close,2,3,3,4,0.2352941176470588,0.17444655,0.24835704,0.21250848,0.17644392,0.20600952
48f92fe5-300e-51f5-9425-a3f74a4c54e2,social,extremely_close,13,3,0,5,0.5555555555555556,0.38478413,0.29484272,0.35028762,0.38051066,0.35454354
48f92fe5-300e-51f5-9425-a3f74a4c54e2,social,extremely_close,13,3,1,1,0.1111111111111111,0.26153043,0.23070611,0.26098487,0.261622,0.26121816
48f92fe5-300e-51f5-9425-a3f74a4c54e2,social,extremely_close,13,3,2,2,0.2222222222222222,0.20087723,0.25057164,0.23086676,0.20253547,0.22578412
48f92fe5-300e-51f5-9425-a3f74a4c54e2,social,extremely_close,13,3,3,1,0.1111111111111111,0.15280823,0.22387956,0.15786076,0.15533185,0.15845421
48f92fe5-300e-51f5-9425-a3f74a4c54e2,crabs,somewhat_close,5,1,0,2,0.2,0.32949838,0.29960105,0.36052796,0.3272346,0.35396707
48f92fe5-300e-51f5-9425-a3f74a4c54e2,crabs,somewhat_close,5,1,1,5,0.5,0.32009298,0.23267563,0.37403747,0.31816855,0.36267853
48f92fe5-300e-51f5-9425-a3f74a4c54e2,crabs,somewhat_close,5,1,2,1,0.1,0.18702544,0.23678833,0.13190359,0.18890499,0.14269985
48f92fe5-300e-51f5-9425-a3f74a4c54e2,crabs,somewhat_close,5,1,3,2,0.2,0.16338322,0.23093499,0.13353097,0.16569182,0.14065453
48f92fe5-300e-51f5-9425-a3f74a4c54e2,gala,not_close,10,0,0,2,0.1176470588235294,0.36258376,0.29305857,0.39073783,0.35897562,0.38308117
48f92fe5-300e-51f5-9425-a3f74a4c54e2,gala,not_close,10,0,1,6,0.3529411764705882,0.24803236,0.2547296,0.25930107,0.2483613,0.25750896
48f92fe5-300e-51f5-9425-a3f74a4c54e2,gala,not_close,10,0,2,6,0.3529411764705882,0.21528816,0.24108168,0.20672406,0.2164861,0.20930924
48f92fe5-300e-51f5-9425-a3f74a4c54e2,gala,not_close,10,0,3,3,0.1764705882352941,0.17409568,0.21113022,0.143237,0.17617695,0.15010062
48f92fe5-300e-51f5-9425-a3f74a4c54e2,soup,somewhat_close,14,1,0,7,0.5833333333333334,0.33818597,0.3010139,0.34452966,0.33563444,0.3417673
48f92fe5-300e-51f5-9425-a3f74a4c54e2,soup,somewhat_close,14,1,1,3,0.25,0.31507322,0.22628844,0.3189721,0.31335708,0.31721324
48f92fe5-300e-51f5-9425-a3f74a4c54e2,soup,somewhat_close,14,1,2,1,0.0833333333333333,0.18950173,0.22069465,0.19080658,0.19134966,0.1917101
48f92fe5-300e-51f5-9425-a3f74a4c54e2,soup,somewhat_close,14,1,3,1,0.0833333333333333,0.15723914,0.25200298,0.14569166,0.15965882,0.14930934
48f92fe5-300e-51f5-9425-a3f74a4c54e2,conference,not_close,3,0,0,4,0.2666666666666666,0.33627447,0.28567946,0.33324155,0.33383918,0.33397454
48f92fe5-300e-51f5-9425-a3f74a4c54e2,conference,not_close,3,0,1,6,0.4,0.32249793,0.2440027,0.41457385,0.32056218,0.3949526
48f92fe5-300e-51f5-9425-a3f74a4c54e2,conference,not_close,3,0,2,4,0.2666666666666666,0.19272308,0.2495618,0.14458562,0.19453102,0.15464573
48f92fe5-300e-51f5-9425-a3f74a4c54e2,conference,not_close,3,0,3,1,0.0666666666666666,0.14850451,0.22075598,0.10759906,0.15106763,0.11642715
48f92fe5-300e-51f5-9425-a3f74a4c54e2,birthday,close,1,2,0,7,0.35,0.32165617,0.28021994,0.2816877,0.3196522,0.28819582
48f92fe5-300e-51f5-9425-a3f74a4c54e2,birthday,close,1,2,1,6,0.3,0.31348172,0.22091691,0.31876132,0.311768,0.31678355
48f92fe5-300e-51f5-9425-a3f74a4c54e2,birthday,close,1,2,2,5,0.25,0.21722111,0.24974371,0.23532178,0.21841055,0.23248664
48f92fe5-300e-51f5-9425-a3f74a4c54e2,birthday,close,1,2,3,2,0.1,0.14764105,0.24911939,0.16422926,0.15016927,0.16253394
48f92fe5-300e-51f5-9425-a3f74a4c54e2,oysters,extremely_close,12,3,0,4,0.2666666666666666,0.3400336,0.31127194,0.34521964,0.3373747,0.3425975
48f92fe5-300e-51f5-9425-a3f74a4c54e2,oysters,extremely_close,12,3,1,6,0.4,0.30284005,0.21870834,0.30538067,0.3015121,0.30410308
48f92fe5-300e-51f5-9425-a3f74a4c54e2,oysters,extremely_close,12,3,2,4,0.2666666666666666,0.20254946,0.2491106,0.20126957,0.20409547,0.20247553
48f92fe5-300e-51f5-9425-a3f74a4c54e2,oysters,extremely_close,12,3,3,1,0.0666666666666666,0.15457693,0.22090909,0.1481301,0.1570177,0.15082388
48f92fe5-300e-51f5-9425-a3f74a4c54e2,driving,somewhat_close,8,1,0,4,0.2222222222222222,0.32080168,0.28850093,0.31517804,0.3188238,0.3153335
48f92fe5-300e-51f5-9425-a3f74a4c54e2,driving,somewhat_close,8,1,1,6,0.3333333333333333,0.31365657,0.23262726,0.34766352,0.31193233,0.33977747
48f92fe5-300e-51f5-9425-a3f74a4c54e2,driving,somewhat_close,8,1,2,3,0.1666666666666666,0.21734229,0.23673908,0.20519517,0.21852566,0.20837864
48f92fe5-300e-51f5-9425-a3f74a4c54e2,driving,somewhat_close,8,1,3,5,0.2777777777777778,0.14819951,0.24213271,0.13196324,0.1507182,0.13651037
48f92fe5-300e-51f5-9425-a3f74a4c54e2,wedding,not_close,15,0,0,7,0.3181818181818182,0.30876625,0.29976675,0.35758772,0.30711403,0.34737545
48f92fe5-300e-51f5-9425-a3f74a4c54e2,wedding,not_close,15,0,1,6,0.2727272727272727,0.29898903,0.2203311,0.32176432,0.29767475,0.31732672
48f92fe5-300e-51f5-9425-a3f74a4c54e2,wedding,not_close,15,0,2,6,0.2727272727272727,0.23715827,0.23514688,0.22107239,0.23775323,0.2252434
48f92fe5-300e-51f5-9425-a3f74a4c54e2,wedding,not_close,15,0,3,3,0.1363636363636363,0.15508646,0.24475528,0.099575475,0.15745798,0.110054396
2453c4a8-acd9-5afa-a1c3-198459edc0aa,soup,close,14,2,0,7,0.7,0.33818597,0.3010139,0.3503503,0.33563444,0.34637958
2453c4a8-acd9-5afa-a1c3-198459edc0aa,soup,close,14,2,1,1,0.1,0.31507322,0.22628844,0.3096027,0.31335708,0.30970412
2453c4a8-acd9-5afa-a1c3-198459edc0aa,soup,close,14,2,2,1,0.1,0.18950173,0.22069465,0.19093937,0.19134966,0.19181013
2453c4a8-acd9-5afa-a1c3-198459edc0aa,soup,close,14,2,3,1,0.1,0.15723914,0.25200298,0.14910766,0.15965882,0.15210615
2453c4a8-acd9-5afa-a1c3-198459edc0aa,oysters,extremely_close,12,3,0,1,0.25,0.3400336,0.31127194,0.34521964,0.3373747,0.3425975
2453c4a8-acd9-5afa-a1c3-198459edc0aa,oysters,extremely_close,12,3,1,1,0.25,0.30284005,0.21870834,0.30538067,0.3015121,0.30410308
2453c4a8-acd9-5afa-a1c3-198459edc0aa,oysters,extremely_close,12,3,2,1,0.25,0.20254946,0.2491106,0.20126957,0.20409547,0.20247553
2453c4a8-acd9-5afa-a1c3-198459edc0aa,oysters,extremely_close,12,3,3,1,0.25,0.15457693,0.22090909,0.1481301,0.1570177,0.15082388
2453c4a8-acd9-5afa-a1c3-198459edc0aa,conference,somewhat_close,3,1,0,6,0.4285714285714285,0.33627447,0.28567946,0.33678538,0.33383918,0.33548558
2453c4a8-acd9-5afa-a1c3-198459edc0aa,conference,somewhat_close,3,1,1,6,0.4285714285714285,0.32249793,0.2440027,0.34514695,0.32056218,0.33959094
2453c4a8-acd9-5afa-a1c3-198459edc0aa,conference,somewhat_close,3,1,2,1,0.0714285714285714,0.19272308,0.2495618,0.19635226,0.19453102,0.19690198
2453c4a8-acd9-5afa-a1c3-198459edc0aa,conference,somewhat_close,3,1,3,1,0.0714285714285714,0.14850451,0.22075598,0.1217154,0.15106763,0.1280215
2453c4a8-acd9-5afa-a1c3-198459edc0aa,fair,close,9,2,0,7,0.7,0.32837287,0.2946545,0.34993604,0.32618845,0.3445345
2453c4a8-acd9-5afa-a1c3-198459edc0aa,fair,close,9,2,1,1,0.1,0.32105917,0.21227996,0.34182274,0.31913775,0.33674547
2453c4a8-acd9-5afa-a1c3-198459edc0aa,fair,close,9,2,2,1,0.1,0.20461664,0.2554765,0.18358052,0.20614377,0.18860486
2453c4a8-acd9-5afa-a1c3-198459edc0aa,fair,close,9,2,3,1,0.1,0.14595127,0.23758905,0.12466064,0.14853,0.13011518
2453c4a8-acd9-5afa-a1c3-198459edc0aa,cooking,extremely_close,4,3,0,1,0.0833333333333333,0.32508844,0.28153455,0.26053262,0.32288563,0.27141792
2453c4a8-acd9-5afa-a1c3-198459edc0aa,cooking,extremely_close,4,3,1,7,0.5833333333333334,0.30092797,0.22757895,0.31298968,0.2995782,0.31012288
2453c4a8-acd9-5afa-a1c3-198459edc0aa,cooking,extremely_close,4,3,2,3,0.25,0.21122348,0.2310226,0.23388302,0.21250805,0.23035794
2453c4a8-acd9-5afa-a1c3-198459edc0aa,cooking,extremely_close,4,3,3,1,0.0833333333333333,0.16276015,0.2598639,0.19259474,0.1650281,0.18810125
2453c4a8-acd9-5afa-a1c3-198459edc0aa,basketball,extremely_close,0,3,0,1,0.0526315789473684,0.3173009,0.27931517,0.3131195,0.3154185,0.3128357
2453c4a8-acd9-5afa-a1c3-198459edc0aa,basketball,extremely_close,0,3,1,6,0.3157894736842105,0.31123364,0.2196531,0.3208935,0.3095655,0.31794766
2453c4a8-acd9-5afa-a1c3-198459edc0aa,basketball,extremely_close,0,3,2,6,0.3157894736842105,0.22057617,0.24769424,0.21410309,0.22165884,0.21602215
2453c4a8-acd9-5afa-a1c3-198459edc0aa,basketball,extremely_close,0,3,3,6,0.3157894736842105,0.15088934,0.25333744,0.15188394,0.15335715,0.15319455
2453c4a8-acd9-5afa-a1c3-198459edc0aa,gala,not_close,10,0,0,2,0.1428571428571428,0.36258376,0.29305857,0.39073783,0.35897562,0.38308117
2453c4a8-acd9-5afa-a1c3-198459edc0aa,gala,not_close,10,0,1,6,0.4285714285714285,0.24803236,0.2547296,0.25930107,0.2483613,0.25750896
2453c4a8-acd9-5afa-a1c3-198459edc0aa,gala,not_close,10,0,2,5,0.3571428571428571,0.21528816,0.24108168,0.20672406,0.2164861,0.20930924
2453c4a8-acd9-5afa-a1c3-198459edc0aa,gala,not_close,10,0,3,1,0.0714285714285714,0.17409568,0.21113022,0.143237,0.17617695,0.15010062
2453c4a8-acd9-5afa-a1c3-198459edc0aa,dip,close,6,2,0,7,0.35,0.33769047,0.26539132,0.34952283,0.33498037,0.3457275
2453c4a8-acd9-5afa-a1c3-198459edc0aa,dip,close,6,2,1,6,0.3,0.2704545,0.25054428,0.28651547,0.27006677,0.28323793
2453c4a8-acd9-5afa-a1c3-198459edc0aa,dip,close,6,2,2,6,0.3,0.2244097,0.25625244,0.22507222,0.22533904,0.22567739
2453c4a8-acd9-5afa-a1c3-198459edc0aa,dip,close,6,2,3,1,0.05,0.16744532,0.22781193,0.13888952,0.16961384,0.1453572
2453c4a8-acd9-5afa-a1c3-198459edc0aa,driving,close,8,2,0,6,0.4,0.32080168,0.28850093,0.30510676,0.3188238,0.30702308
2453c4a8-acd9-5afa-a1c3-198459edc0aa,driving,close,8,2,1,6,0.4,0.31365657,0.23262726,0.3255142,0.31193233,0.32208744
2453c4a8-acd9-5afa-a1c3-198459edc0aa,driving,close,8,2,2,2,0.1333333333333333,0.21734229,0.23673908,0.21140538,0.21852566,0.21328457
2453c4a8-acd9-5afa-a1c3-198459edc0aa,driving,close,8,2,3,1,0.0666666666666666,0.14819951,0.24213271,0.15797366,0.1507182,0.1576049
2453c4a8-acd9-5afa-a1c3-198459edc0aa,birthday,extremely_close,1,3,0,2,0.125,0.32165617,0.28021994,0.29297653,0.3196522,0.2974144
2453c4a8-acd9-5afa-a1c3-198459edc0aa,birthday,extremely_close,1,3,1,7,0.4375,0.31348172,0.22091691,0.2967644,0.311768,0.2991094
2453c4a8-acd9-5afa-a1c3-198459edc0aa,birthday,extremely_close,1,3,2,6,0.375,0.21722111,0.24974371,0.24162844,0.21841055,0.2374631
2453c4a8-acd9-5afa-a1c3-198459edc0aa,birthday,extremely_close,1,3,3,1,0.0625,0.14764105,0.24911939,0.16863064,0.15016927,0.16601305
2453c4a8-acd9-5afa-a1c3-198459edc0aa,drinks,somewhat_close,7,1,0,2,0.1666666666666666,0.33517203,0.25649023,0.35535023,0.33253023,0.35018
2453c4a8-acd9-5afa-a1c3-198459edc0aa,drinks,somewhat_close,7,1,1,7,0.5833333333333334,0.26757511,0.23912959,0.3067269,0.2672558,0.29884645
2453c4a8-acd9-5afa-a1c3-198459edc0aa,drinks,somewhat_close,7,1,2,2,0.1666666666666666,0.22562149,0.24335633,0.19969311,0.22650158,0.20539983
2453c4a8-acd9-5afa-a1c3-198459edc0aa,drinks,somewhat_close,7,1,3,1,0.0833333333333333,0.17163132,0.26102385,0.13822965,0.17371236,0.14557375
2453c4a8-acd9-5afa-a1c3-198459edc0aa,crabs,somewhat_close,5,1,0,1,0.1,0.32949838,0.29960105,0.36052796,0.3272346,0.35396707
2453c4a8-acd9-5afa-a1c3-198459edc0aa,crabs,somewhat_close,5,1,1,7,0.7,0.32009298,0.23267563,0.37403747,0.31816855,0.36267853
2453c4a8-acd9-5afa-a1c3-198459edc0aa,crabs,somewhat_close,5,1,2,1,0.1,0.18702544,0.23678833,0.13190359,0.18890499,0.14269985
2453c4a8-acd9-5afa-a1c3-198459edc0aa,crabs,somewhat_close,5,1,3,1,0.1,0.16338322,0.23093499,0.13353097,0.16569182,0.14065453
2453c4a8-acd9-5afa-a1c3-198459edc0aa,hike,not_close,11,0,0,6,0.4615384615384615,0.33404678,0.30082837,0.37751567,0.33169934,0.36750683
2453c4a8-acd9-5afa-a1c3-198459edc0aa,hike,not_close,11,0,1,5,0.3846153846153846,0.32451156,0.21243119,0.33200538,0.32250962,0.3297955
2453c4a8-acd9-5afa-a1c3-198459edc0aa,hike,not_close,11,0,2,1,0.0769230769230769,0.19580749,0.25311163,0.16379511,0.19755435,0.1708626
2453c4a8-acd9-5afa-a1c3-198459edc0aa,hike,not_close,11,0,3,1,0.0769230769230769,0.14563413,0.23362878,0.12668388,0.14823666,0.13183501
2453c4a8-acd9-5afa-a1c3-198459edc0aa,social,not_close,13,0,0,5,0.625,0.38478413,0.29484272,0.45282483,0.38051066,0.43652424
2453c4a8-acd9-5afa-a1c3-198459edc0aa,social,not_close,13,0,1,1,0.125,0.26153043,0.23070611,0.24479835,0.261622,0.24863854
2453c4a8-acd9-5afa-a1c3-198459edc0aa,social,not_close,13,0,2,1,0.125,0.20087723,0.25057164,0.17145851,0.20253547,0.17819941
2453c4a8-acd9-5afa-a1c3-198459edc0aa,social,not_close,13,0,3,1,0.125,0.15280823,0.22387956,0.13091831,0.15533185,0.1366378
2453c4a8-acd9-5afa-a1c3-198459edc0aa,wedding,somewhat_close,15,1,0,5,0.3125,0.30876625,0.29976675,0.3333098,0.30711403,0.32751745
2453c4a8-acd9-5afa-a1c3-198459edc0aa,wedding,somewhat_close,15,1,1,7,0.4375,0.29898903,0.2203311,0.30216554,0.29767475,0.30098352
2453c4a8-acd9-5afa-a1c3-198459edc0aa,wedding,somewhat_close,15,1,2,3,0.1875,0.23715827,0.23514688,0.23644876,0.23775323,0.23714605
2453c4a8-acd9-5afa-a1c3-198459edc0aa,wedding,somewhat_close,15,1,3,1,0.0625,0.15508646,0.24475528,0.12807587,0.15745798,0.134353
2453c4a8-acd9-5afa-a1c3-198459edc0aa,brunch,not_close,2,0,0,4,0.3333333333333333,0.30243197,0.3026591,0.35060638,0.30091482,0.34033895
2453c4a8-acd9-5afa-a1c3-198459edc0aa,brunch,not_close,2,0,1,6,0.5,0.29379916,0.21859324,0.3063659,0.29257798,0.30384555
2453c4a8-acd9-5afa-a1c3-198459edc0aa,brunch,not_close,2,0,2,1,0.0833333333333333,0.22932231,0.23039065,0.22114328,0.23006326,0.22373937
2453c4a8-acd9-5afa-a1c3-198459edc0aa,brunch,not_close,2,0,3,1,0.0833333333333333,0.17444655,0.24835704,0.121884465,0.17644392,0.13207617
3d49f051-5980-579b-83aa-ff32ce001800,fair,not_close,9,0,0,3,0.25,0.32837287,0.2946545,0.33953634,0.32618845,0.33659288
3d49f051-5980-579b-83aa-ff32ce001800,fair,not_close,9,0,1,5,0.4166666666666667,0.32105917,0.21227996,0.3681577,0.31913775,0.35772365
3d49f051-5980-579b-83aa-ff32ce001800,fair,not_close,9,0,2,2,0.1666666666666666,0.20461664,0.2554765,0.17532648,0.20614377,0.18193142
3d49f051-5980-579b-83aa-ff32ce001800,fair,not_close,9,0,3,2,0.1666666666666666,0.14595127,0.23758905,0.116979435,0.14853,0.12375206
3d49f051-5980-579b-83aa-ff32ce001800,crabs,extremely_close,5,3,0,2,0.1666666666666666,0.32949838,0.29960105,0.32724842,0.3272346,0.32636657
3d49f051-5980-579b-83aa-ff32ce001800,crabs,extremely_close,5,3,1,6,0.5,0.32009298,0.23267563,0.31487674,0.31816855,0.31478795
3d49f051-5980-579b-83aa-ff32ce001800,crabs,extremely_close,5,3,2,2,0.1666666666666666,0.18702544,0.23678833,0.17663889,0.18890499,0.17975125
3d49f051-5980-579b-83aa-ff32ce001800,crabs,extremely_close,5,3,3,2,0.1666666666666666,0.16338322,0.23093499,0.18123591,0.16569182,0.17909427
3d49f051-5980-579b-83aa-ff32ce001800,driving,not_close,8,0,0,3,0.2,0.32080168,0.28850093,0.32237765,0.3188238,0.32171026
3d49f051-5980-579b-83aa-ff32ce001800,driving,not_close,8,0,1,6,0.4,0.31365657,0.23262726,0.37901825,0.31193233,0.3648442
3d49f051-5980-579b-83aa-ff32ce001800,driving,not_close,8,0,2,5,0.3333333333333333,0.21734229,0.23673908,0.18294969,0.21852566,0.19041178
3d49f051-5980-579b-83aa-ff32ce001800,driving,not_close,8,0,3,1,0.0666666666666666,0.14819951,0.24213271,0.11565435,0.1507182,0.12303381
3d49f051-5980-579b-83aa-ff32ce001800,cooking,extremely_close,4,3,0,1,0.0909090909090909,0.32508844,0.28153455,0.26053262,0.32288563,0.27141792
3d49f051-5980-579b-83aa-ff32ce001800,cooking,extremely_close,4,3,1,6,0.5454545454545454,0.30092797,0.22757895,0.31298968,0.2995782,0.31012288
3d49f051-5980-579b-83aa-ff32ce001800,cooking,extremely_close,4,3,2,3,0.2727272727272727,0.21122348,0.2310226,0.23388302,0.21250805,0.23035794
3d49f051-5980-579b-83aa-ff32ce001800,cooking,extremely_close,4,3,3,1,0.0909090909090909,0.16276015,0.2598639,0.19259474,0.1650281,0.18810125
3d49f051-5980-579b-83aa-ff32ce001800,conference,extremely_close,3,3,0,5,0.3571428571428571,0.33627447,0.28567946,0.31225505,0.33383918,0.31567898
3d49f051-5980-579b-83aa-ff32ce001800,conference,extremely_close,3,3,1,7,0.5,0.32249793,0.2440027,0.29103574,0.32056218,0.29611537
3d49f051-5980-579b-83aa-ff32ce001800,conference,extremely_close,3,3,2,1,0.0714285714285714,0.19272308,0.2495618,0.23289657,0.19453102,0.22576019
3d49f051-5980-579b-83aa-ff32ce001800,conference,extremely_close,3,3,3,1,0.0714285714285714,0.14850451,0.22075598,0.16381264,0.15106763,0.16244544
3d49f051-5980-579b-83aa-ff32ce001800,drinks,not_close,7,0,0,5,0.3846153846153846,0.33517203,0.25649023,0.30263433,0.33253023,0.30758438
3d49f051-5980-579b-83aa-ff32ce001800,drinks,not_close,7,0,1,6,0.4615384615384615,0.26757511,0.23912959,0.31184286,0.2672558,0.30257833
3d49f051-5980-579b-83aa-ff32ce001800,drinks,not_close,7,0,2,1,0.0769230769230769,0.22562149,0.24335633,0.22425486,0.22650158,0.22524028
3d49f051-5980-579b-83aa-ff32ce001800,drinks,not_close,7,0,3,1,0.0769230769230769,0.17163132,0.26102385,0.16126789,0.17371236,0.16459699
3d49f051-5980-579b-83aa-ff32ce001800,oysters,somewhat_close,12,1,0,3,0.25,0.3400336,0.31127194,0.35442063,0.3373747,0.34994653
3d49f051-5980-579b-83aa-ff32ce001800,oysters,somewhat_close,12,1,1,6,0.5,0.30284005,0.21870834,0.30074957,0.3015121,0.30043343
3d49f051-5980-579b-83aa-ff32ce001800,oysters,somewhat_close,12,1,2,2,0.1666666666666666,0.20254946,0.2491106,0.19948952,0.20409547,0.20106164
3d49f051-5980-579b-83aa-ff32ce001800,oysters,somewhat_close,12,1,3,1,0.0833333333333333,0.15457693,0.22090909,0.14534028,0.1570177,0.1485584
3d49f051-5980-579b-83aa-ff32ce001800,birthday,close,1,2,0,2,0.1666666666666666,0.32165617,0.28021994,0.2816877,0.3196522,0.28819582
3d49f051-5980-579b-83aa-ff32ce001800,birthday,close,1,2,1,6,0.5,0.31348172,0.22091691,0.31876132,0.311768,0.31678355
3d49f051-5980-579b-83aa-ff32ce001800,birthday,close,1,2,2,3,0.25,0.21722111,0.24974371,0.23532178,0.21841055,0.23248664
3d49f051-5980-579b-83aa-ff32ce001800,birthday,close,1,2,3,1,0.0833333333333333,0.14764105,0.24911939,0.16422926,0.15016927,0.16253394
3d49f051-5980-579b-83aa-ff32ce001800,wedding,close,15,2,0,5,0.3125,0.30876625,0.29976675,0.30674273,0.30711403,0.3061728
3d49f051-5980-579b-83aa-ff32ce001800,wedding,close,15,2,1,6,0.375,0.29898903,0.2203311,0.27808088,0.29767475,0.2813681
3d49f051-5980-579b-83aa-ff32ce001800,wedding,close,15,2,2,4,0.25,0.23715827,0.23514688,0.2490248,0.23775323,0.24702889
3d49f051-5980-579b-83aa-ff32ce001800,wedding,close,15,2,3,1,0.0625,0.15508646,0.24475528,0.1661516,0.15745798,0.16543032
3d49f051-5980-579b-83aa-ff32ce001800,dip,extremely_close,6,3,0,3,0.2727272727272727,0.33769047,0.26539132,0.3300849,0.33498037,0.3299841
3d49f051-5980-579b-83aa-ff32ce001800,dip,extremely_close,6,3,1,3,0.2727272727272727,0.2704545,0.25054428,0.27360496,0.27006677,0.27276102
3d49f051-5980-579b-83aa-ff32ce001800,dip,extremely_close,6,3,2,2,0.1818181818181818,0.2244097,0.25625244,0.23491126,0.22533904,0.23339608
3d49f051-5980-579b-83aa-ff32ce001800,dip,extremely_close,6,3,3,3,0.2727272727272727,0.16744532,0.22781193,0.16139889,0.16961384,0.1638588
3d49f051-5980-579b-83aa-ff32ce001800,basketball,close,0,2,0,2,0.1818181818181818,0.3173009,0.27931517,0.331041,0.3154185,0.32719913
3d49f051-5980-579b-83aa-ff32ce001800,basketball,close,0,2,1,6,0.5454545454545454,0.31123364,0.2196531,0.3025721,0.3095655,0.30337024
3d49f051-5980-579b-83aa-ff32ce001800,basketball,close,0,2,2,2,0.1818181818181818,0.22057617,0.24769424,0.19962241,0.22165884,0.20426738
3d49f051-5980-579b-83aa-ff32ce001800,basketball,close,0,2,3,1,0.0909090909090909,0.15088934,0.25333744,0.16676445,0.15335715,0.16516323
3d49f051-5980-579b-83aa-ff32ce001800,brunch,close,2,2,0,4,0.2352941176470588,0.30243197,0.3026591,0.2907551,0.30091482,0.29213974
3d49f051-5980-579b-83aa-ff32ce001800,brunch,close,2,2,1,6,0.3529411764705882,0.29379916,0.21859324,0.28704393,0.29257798,0.28764403
3d49f051-5980-579b-83aa-ff32ce001800,brunch,close,2,2,2,5,0.2941176470588235,0.22932231,0.23039065,0.23673561,0.23006326,0.23571382
3d49f051-5980-579b-83aa-ff32ce001800,brunch,close,2,2,3,2,0.1176470588235294,0.17444655,0.24835704,0.1854654,0.17644392,0.1845024
3d49f051-5980-579b-83aa-ff32ce001800,hike,somewhat_close,11,1,0,5,0.3571428571428571,0.33404678,0.30082837,0.33502132,0.33169934,0.3334202
3d49f051-5980-579b-83aa-ff32ce001800,hike,somewhat_close,11,1,1,6,0.4285714285714285,0.32451156,0.21243119,0.32786852,0.32250962,0.32599643
3d49f051-5980-579b-83aa-ff32ce001800,hike,somewhat_close,11,1,2,2,0.1428571428571428,0.19580749,0.25311163,0.19115357,0.19755435,0.19311021
3d49f051-5980-579b-83aa-ff32ce001800,hike,somewhat_close,11,1,3,1,0.0714285714285714,0.14563413,0.23362878,0.14595659,0.14823666,0.1474731
3d49f051-5980-579b-83aa-ff32ce001800,social,somewhat_close,13,1,0,5,0.5555555555555556,0.38478413,0.29484272,0.3939905,0.38051066,0.38956168
3d49f051-5980-579b-83aa-ff32ce001800,social,somewhat_close,13,1,1,2,0.2222222222222222,0.26153043,0.23070611,0.2552778,0.261622,0.25658923
3d49f051-5980-579b-83aa-ff32ce001800,social,somewhat_close,13,1,2,1,0.1111111111111111,0.20087723,0.25057164,0.20189984,0.20253547,0.20272948
3d49f051-5980-579b-83aa-ff32ce001800,social,somewhat_close,13,1,3,1,0.1111111111111111,0.15280823,0.22387956,0.14883181,0.15533185,0.15111957
3d49f051-5980-579b-83aa-ff32ce001800,soup,somewhat_close,14,1,0,7,0.5,0.33818597,0.3010139,0.34452966,0.33563444,0.3417673
3d49f051-5980-579b-83aa-ff32ce001800,soup,somewhat_close,14,1,1,5,0.3571428571428571,0.31507322,0.22628844,0.3189721,0.31335708,0.31721324
3d49f051-5980-579b-83aa-ff32ce001800,soup,somewhat_close,14,1,2,1,0.0714285714285714,0.18950173,0.22069465,0.19080658,0.19134966,0.1917101
3d49f051-5980-579b-83aa-ff32ce001800,soup,somewhat_close,14,1,3,1,0.0714285714285714,0.15723914,0.25200298,0.14569166,0.15965882,0.14930934
3d49f051-5980-579b-83aa-ff32ce001800,gala,not_close,10,0,0,5,0.2941176470588235,0.36258376,0.29305857,0.39073783,0.35897562,0.38308117
3d49f051-5980-579b-83aa-ff32ce001800,gala,not_close,10,0,1,6,0.3529411764705882,0.24803236,0.2547296,0.25930107,0.2483613,0.25750896
3d49f051-5980-579b-83aa-ff32ce001800,gala,not_close,10,0,2,5,0.2941176470588235,0.21528816,0.24108168,0.20672406,0.2164861,0.20930924
3d49f051-5980-579b-83aa-ff32ce001800,gala,not_close,10,0,3,1,0.0588235294117647,0.17409568,0.21113022,0.143237,0.17617695,0.15010062
4f1550ae-1200-53c9-b81c-4c1b95472fa6,birthday,not_close,1,0,0,5,0.4166666666666667,0.32165617,0.28021994,0.37109387,0.3196522,0.36021808
4f1550ae-1200-53c9-b81c-4c1b95472fa6,birthday,not_close,1,0,1,5,0.4166666666666667,0.31348172,0.22091691,0.33231905,0.311768,0.32817322
4f1550ae-1200-53c9-b81c-4c1b95472fa6,birthday,not_close,1,0,2,1,0.0833333333333333,0.21722111,0.24974371,0.17350394,0.21841055,0.18240416
4f1550ae-1200-53c9-b81c-4c1b95472fa6,birthday,not_close,1,0,3,1,0.0833333333333333,0.14764105,0.24911939,0.12308306,0.15016927,0.12920454
4f1550ae-1200-53c9-b81c-4c1b95472fa6,cooking,not_close,4,0,0,3,0.2307692307692307,0.32508844,0.28153455,0.3056378,0.32288563,0.3086708
4f1550ae-1200-53c9-b81c-4c1b95472fa6,cooking,not_close,4,0,1,7,0.5384615384615384,0.30092797,0.22757895,0.36421698,0.2995782,0.35040545
4f1550ae-1200-53c9-b81c-4c1b95472fa6,cooking,not_close,4,0,2,2,0.1538461538461538,0.21122348,0.2310226,0.18061243,0.21250805,0.1873101
4f1550ae-1200-53c9-b81c-4c1b95472fa6,cooking,not_close,4,0,3,1,0.0769230769230769,0.16276015,0.2598639,0.14953284,0.1650281,0.15361361
4f1550ae-1200-53c9-b81c-4c1b95472fa6,basketball,close,0,2,0,4,0.2105263157894736,0.3173009,0.27931517,0.331041,0.3154185,0.32719913
4f1550ae-1200-53c9-b81c-4c1b95472fa6,basketball,close,0,2,1,7,0.3684210526315789,0.31123364,0.2196531,0.3025721,0.3095655,0.30337024
4f1550ae-1200-53c9-b81c-4c1b95472fa6,basketball,close,0,2,2,5,0.2631578947368421,0.22057617,0.24769424,0.19962241,0.22165884,0.20426738
4f1550ae-1200-53c9-b81c-4c1b95472fa6,basketball,close,0,2,3,3,0.1578947368421052,0.15088934,0.25333744,0.16676445,0.15335715,0.16516323
4f1550ae-1200-53c9-b81c-4c1b95472fa6,crabs,somewhat_close,5,1,0,4,0.3636363636363636,0.32949838,0.29960105,0.36052796,0.3272346,0.35396707
4f1550ae-1200-53c9-b81c-4c1b95472fa6,crabs,somewhat_close,5,1,1,4,0.3636363636363636,0.32009298,0.23267563,0.37403747,0.31816855,0.36267853
4f1550ae-1200-53c9-b81c-4c1b95472fa6,crabs,somewhat_close,5,1,2,2,0.1818181818181818,0.18702544,0.23678833,0.13190359,0.18890499,0.14269985
4f1550ae-1200-53c9-b81c-4c1b95472fa6,crabs,somewhat_close,5,1,3,1,0.0909090909090909,0.16338322,0.23093499,0.13353097,0.16569182,0.14065453
4f1550ae-1200-53c9-b81c-4c1b95472fa6,driving,extremely_close,8,3,0,2,0.0952380952380952,0.32080168,0.28850093,0.27412885,0.3188238,0.28191045
4f1550ae-1200-53c9-b81c-4c1b95472fa6,driving,extremely_close,8,3,1,7,0.3333333333333333,0.31365657,0.23262726,0.3215029,0.31193233,0.31907967
4f1550ae-1200-53c9-b81c-4c1b95472fa6,driving,extremely_close,8,3,2,7,0.3333333333333333,0.21734229,0.23673908,0.22807299,0.21852566,0.2268027
4f1550ae-1200-53c9-b81c-4c1b95472fa6,driving,extremely_close,8,3,3,5,0.238095238095238,0.14819951,0.24213271,0.17629525,0.1507182,0.17220715
4f1550ae-1200-53c9-b81c-4c1b95472fa6,social,somewhat_close,13,1,0,4,0.5714285714285714,0.38478413,0.29484272,0.3939905,0.38051066,0.38956168
4f1550ae-1200-53c9-b81c-4c1b95472fa6,social,somewhat_close,13,1,1,1,0.1428571428571428,0.26153043,0.23070611,0.2552778,0.261622,0.25658923
4f1550ae-1200-53c9-b81c-4c1b95472fa6,social,somewhat_close,13,1,2,1,0.1428571428571428,0.20087723,0.25057164,0.20189984,0.20253547,0.20272948
4f1550ae-1200-53c9-b81c-4c1b95472fa6,social,somewhat_close,13,1,3,1,0.1428571428571428,0.15280823,0.22387956,0.14883181,0.15533185,0.15111957
4f1550ae-1200-53c9-b81c-4c1b95472fa6,hike,extremely_close,11,3,0,4,0.2105263157894736,0.33404678,0.30082837,0.33788186,0.33169934,0.33572078
4f1550ae-1200-53c9-b81c-4c1b95472fa6,hike,extremely_close,11,3,1,7,0.3684210526315789,0.32451156,0.21243119,0.2973505,0.32250962,0.3014346
4f1550ae-1200-53c9-b81c-4c1b95472fa6,hike,extremely_close,11,3,2,5,0.2631578947368421,0.19580749,0.25311163,0.20556362,0.19755435,0.2047168
4f1550ae-1200-53c9-b81c-4c1b95472fa6,hike,extremely_close,11,3,3,3,0.1578947368421052,0.14563413,0.23362878,0.15920395,0.14823666,0.15812786
4f1550ae-1200-53c9-b81c-4c1b95472fa6,dip,somewhat_close,6,1,0,6,0.6,0.33769047,0.26539132,0.36435014,0.33498037,0.3577161
4f1550ae-1200-53c9-b81c-4c1b95472fa6,dip,somewhat_close,6,1,1,2,0.2,0.2704545,0.25054428,0.28163436,0.27006677,0.27957094
4f1550ae-1200-53c9-b81c-4c1b95472fa6,dip,somewhat_close,6,1,2,1,0.1,0.2244097,0.25625244,0.22864093,0.22533904,0.2287165
4f1550ae-1200-53c9-b81c-4c1b95472fa6,dip,somewhat_close,6,1,3,1,0.1,0.16744532,0.22781193,0.12537463,0.16961384,0.1339964
4f1550ae-1200-53c9-b81c-4c1b95472fa6,oysters,extremely_close,12,3,0,5,0.3125,0.3400336,0.31127194,0.34521964,0.3373747,0.3425975
4f1550ae-1200-53c9-b81c-4c1b95472fa6,oysters,extremely_close,12,3,1,6,0.375,0.30284005,0.21870834,0.30538067,0.3015121,0.30410308
4f1550ae-1200-53c9-b81c-4c1b95472fa6,oysters,extremely_close,12,3,2,4,0.25,0.20254946,0.2491106,0.20126957,0.20409547,0.20247553
4f1550ae-1200-53c9-b81c-4c1b95472fa6,oysters,extremely_close,12,3,3,1,0.0625,0.15457693,0.22090909,0.1481301,0.1570177,0.15082388
4f1550ae-1200-53c9-b81c-4c1b95472fa6,conference,not_close,3,0,0,4,0.3076923076923077,0.33627447,0.28567946,0.33324155,0.33383918,0.33397454
4f1550ae-1200-53c9-b81c-4c1b95472fa6,conference,not_close,3,0,1,7,0.5384615384615384,0.32249793,0.2440027,0.41457385,0.32056218,0.3949526
4f1550ae-1200-53c9-b81c-4c1b95472fa6,conference,not_close,3,0,2,1,0.0769230769230769,0.19272308,0.2495618,0.14458562,0.19453102,0.15464573
4f1550ae-1200-53c9-b81c-4c1b95472fa6,conference,not_close,3,0,3,1,0.0769230769230769,0.14850451,0.22075598,0.10759906,0.15106763,0.11642715
4f1550ae-1200-53c9-b81c-4c1b95472fa6,gala,close,10,2,0,5,0.2272727272727272,0.36258376,0.29305857,0.3041355,0.35897562,0.31327608
4f1550ae-1200-53c9-b81c-4c1b95472fa6,gala,close,10,2,1,5,0.2272727272727272,0.24803236,0.2547296,0.2767334,0.2483613,0.2712739
4f1550ae-1200-53c9-b81c-4c1b95472fa6,gala,close,10,2,2,6,0.2727272727272727,0.21528816,0.24108168,0.24181442,0.2164861,0.23733611
4f1550ae-1200-53c9-b81c-4c1b95472fa6,gala,close,10,2,3,6,0.2727272727272727,0.17409568,0.21113022,0.17731674,0.17617695,0.17811388
4f1550ae-1200-53c9-b81c-4c1b95472fa6,brunch,somewhat_close,2,1,0,4,0.2666666666666666,0.30243197,0.3026591,0.31512022,0.30091482,0.31172588
4f1550ae-1200-53c9-b81c-4c1b95472fa6,brunch,somewhat_close,2,1,1,5,0.3333333333333333,0.29379916,0.21859324,0.28702608,0.29257798,0.28772363
4f1550ae-1200-53c9-b81c-4c1b95472fa6,brunch,somewhat_close,2,1,2,4,0.2666666666666666,0.22932231,0.23039065,0.24061216,0.23006326,0.23888367
4f1550ae-1200-53c9-b81c-4c1b95472fa6,brunch,somewhat_close,2,1,3,2,0.1333333333333333,0.17444655,0.24835704,0.15724157,0.17644392,0.16166675
4f1550ae-1200-53c9-b81c-4c1b95472fa6,soup,not_close,14,0,0,7,0.7,0.33818597,0.3010139,0.3825187,0.33563444,0.37256363
4f1550ae-1200-53c9-b81c-4c1b95472fa6,soup,not_close,14,0,1,1,0.1,0.31507322,0.22628844,0.33879057,0.31335708,0.33371714
4f1550ae-1200-53c9-b81c-4c1b95472fa6,soup,not_close,14,0,2,1,0.1,0.18950173,0.22069465,0.16353203,0.19134966,0.16979322
4f1550ae-1200-53c9-b81c-4c1b95472fa6,soup,not_close,14,0,3,1,0.1,0.15723914,0.25200298,0.11515866,0.15965882,0.12392601
4f1550ae-1200-53c9-b81c-4c1b95472fa6,fair,close,9,2,0,4,0.2222222222222222,0.32837287,0.2946545,0.34993604,0.32618845,0.3445345
4f1550ae-1200-53c9-b81c-4c1b95472fa6,fair,close,9,2,1,6,0.3333333333333333,0.32105917,0.21227996,0.34182274,0.31913775,0.33674547
4f1550ae-1200-53c9-b81c-4c1b95472fa6,fair,close,9,2,2,3,0.1666666666666666,0.20461664,0.2554765,0.18358052,0.20614377,0.18860486
4f1550ae-1200-53c9-b81c-4c1b95472fa6,fair,close,9,2,3,5,0.2777777777777778,0.14595127,0.23758905,0.12466064,0.14853,0.13011518
4f1550ae-1200-53c9-b81c-4c1b95472fa6,wedding,extremely_close,15,3,0,4,0.1818181818181818,0.30876625,0.29976675,0.29720375,0.30711403,0.2985504
4f1550ae-1200-53c9-b81c-4c1b95472fa6,wedding,extremely_close,15,3,1,7,0.3181818181818182,0.29898903,0.2203311,0.27952927,0.29767475,0.2825817
4f1550ae-1200-53c9-b81c-4c1b95472fa6,wedding,extremely_close,15,3,2,7,0.3181818181818182,0.23715827,0.23514688,0.2412807,0.23775323,0.24087891
4f1550ae-1200-53c9-b81c-4c1b95472fa6,wedding,extremely_close,15,3,3,4,0.1818181818181818,0.15508646,0.24475528,0.18198623,0.15745798,0.17798899
4f1550ae-1200-53c9-b81c-4c1b95472fa6,drinks,close,7,2,0,6,0.2857142857142857,0.33517203,0.25649023,0.3006383,0.33253023,0.30577487
4f1550ae-1200-53c9-b81c-4c1b95472fa6,drinks,close,7,2,1,6,0.2857142857142857,0.26757511,0.23912959,0.2817904,0.2672558,0.2787861
4f1550ae-1200-53c9-b81c-4c1b95472fa6,drinks,close,7,2,2,6,0.2857142857142857,0.22562149,0.24335633,0.23456235,0.22650158,0.23337154
4f1550ae-1200-53c9-b81c-4c1b95472fa6,drinks,close,7,2,3,3,0.1428571428571428,0.17163132,0.26102385,0.18300895,0.17371236,0.18206751
ea4b2ddb-0de2-512c-a3b6-f5438402b9c4,hike,somewhat_close,11,1,0,7,0.6363636363636364,0.33404678,0.30082837,0.33502132,0.33169934,0.3334202
ea4b2ddb-0de2-512c-a3b6-f5438402b9c4,hike,somewhat_close,11,1,1,2,0.1818181818181818,0.32451156,0.21243119,0.32786852,0.32250962,0.32599643
ea4b2ddb-0de2-512c-a3b6-f5438402b9c4,hike,somewhat_close,11,1,2,1,0.0909090909090909,0.19580749,0.25311163,0.19115357,0.19755435,0.19311021
ea4b2ddb-0de2-512c-a3b6-f5438402b9c4,hike,somewhat_close,11,1,3,1,0.0909090909090909,0.14563413,0.23362878,0.14595659,0.14823666,0.1474731
ea4b2ddb-0de2-512c-a3b6-f5438402b9c4,fair,not_close,9,0,0,7,0.7,0.32837287,0.2946545,0.33953634,0.32618845,0.33659288
ea4b2ddb-0de2-512c-a3b6-f5438402b9c4,fair,not_close,9,0,1,1,0.1,0.32105917,0.21227996,0.3681577,0.31913775,0.35772365
ea4b2ddb-0de2-512c-a3b6-f5438402b9c4,fair,not_close,9,0,2,1,0.1,0.20461664,0.2554765,0.17532648,0.20614377,0.18193142
ea4b2ddb-0de2-512c-a3b6-f5438402b9c4,fair,not_close,9,0,3,1,0.1,0.14595127,0.23758905,0.116979435,0.14853,0.12375206
ea4b2ddb-0de2-512c-a3b6-f5438402b9c4,conference,extremely_close,3,3,0,4,0.25,0.33627447,0.28567946,0.31225505,0.33383918,0.31567898
ea4b2ddb-0de2-512c-a3b6-f5438402b9c4,conference,extremely_close,3,3,1,6,0.375,0.32249793,0.2440027,0.29103574,0.32056218,0.29611537
ea4b2ddb-0de2-512c-a3b6-f5438402b9c4,conference,extremely_close,3,3,2,5,0.3125,0.19272308,0.2495618,0.23289657,0.19453102,0.22576019
ea4b2ddb-0de2-512c-a3b6-f5438402b9c4,conference,extremely_close,3,3,3,1,0.0625,0.14850451,0.22075598,0.16381264,0.15106763,0.16244544
ea4b2ddb-0de2-512c-a3b6-f5438402b9c4,basketball,close,0,2,0,2,0.2,0.3173009,0.27931517,0.331041,0.3154185,0.32719913
ea4b2ddb-0de2-512c-a3b6-f5438402b9c4,basketball,close,0,2,1,6,0.6,0.31123364,0.2196531,0.3025721,0.3095655,0.30337024
ea4b2ddb-0de2-512c-a3b6-f5438402b9c4,basketball,close,0,2,2,1,0.1,0.22057617,0.24769424,0.19962241,0.22165884,0.20426738
ea4b2ddb-0de2-512c-a3b6-f5438402b9c4,basketball,close,0,2,3,1,0.1,0.15088934,0.25333744,0.16676445,0.15335715,0.16516323
ea4b2ddb-0de2-512c-a3b6-f5438402b9c4,brunch,extremely_close,2,3,0,3,0.2307692307692307,0.30243197,0.3026591,0.25437948,0.30091482,0.26270998
ea4b2ddb-0de2-512c-a3b6-f5438402b9c4,brunch,extremely_close,2,3,1,6,0.4615384615384615,0.29379916,0.21859324,0.28251648,0.29257798,0.28429732
ea4b2ddb-0de2-512c-a3b6-f5438402b9c4,brunch,extremely_close,2,3,2,3,0.2307692307692307,0.22932231,0.23039065,0.2505955,0.23006326,0.24698317
ea4b2ddb-0de2-512c-a3b6-f5438402b9c4,brunch,extremely_close,2,3,3,1,0.0769230769230769,0.17444655,0.24835704,0.21250848,0.17644392,0.20600952
ea4b2ddb-0de2-512c-a3b6-f5438402b9c4,dip,not_close,6,0,0,6,0.6666666666666666,0.33769047,0.26539132,0.4222383,0.33498037,0.40336716
ea4b2ddb-0de2-512c-a3b6-f5438402b9c4,dip,not_close,6,0,1,1,0.1111111111111111,0.2704545,0.25054428,0.24091707,0.27006677,0.24709393
ea4b2ddb-0de2-512c-a3b6-f5438402b9c4,dip,not_close,6,0,2,1,0.1111111111111111,0.2244097,0.25625244,0.20938475,0.22533904,0.2135127
ea4b2ddb-0de2-512c-a3b6-f5438402b9c4,dip,not_close,6,0,3,1,0.1111111111111111,0.16744532,0.22781193,0.12745976,0.16961384,0.13602626
ea4b2ddb-0de2-512c-a3b6-f5438402b9c4,cooking,extremely_close,4,3,0,2,0.2,0.32508844,0.28153455,0.26053262,0.32288563,0.27141792
ea4b2ddb-0de2-512c-a3b6-f5438402b9c4,cooking,extremely_close,4,3,1,4,0.4,0.30092797,0.22757895,0.31298968,0.2995782,0.31012288
ea4b2ddb-0de2-512c-a3b6-f5438402b9c4,cooking,extremely_close,4,3,2,3,0.3,0.21122348,0.2310226,0.23388302,0.21250805,0.23035794
ea4b2ddb-0de2-512c-a3b6-f5438402b9c4,cooking,extremely_close,4,3,3,1,0.1,0.16276015,0.2598639,0.19259474,0.1650281,0.18810125
ea4b2ddb-0de2-512c-a3b6-f5438402b9c4,gala,somewhat_close,10,1,0,6,0.5454545454545454,0.36258376,0.29305857,0.32763717,0.35897562,0.33230746
ea4b2ddb-0de2-512c-a3b6-f5438402b9c4,gala,somewhat_close,10,1,1,3,0.2727272727272727,0.24803236,0.2547296,0.2531211,0.2483613,0.25235286
ea4b2ddb-0de2-512c-a3b6-f5438402b9c4,gala,somewhat_close,10,1,2,1,0.0909090909090909,0.21528816,0.24108168,0.2304504,0.2164861,0.2281751
ea4b2ddb-0de2-512c-a3b6-f5438402b9c4,gala,somewhat_close,10,1,3,1,0.0909090909090909,0.17409568,0.21113022,0.18879129,0.17617695,0.18716459
ea4b2ddb-0de2-512c-a3b6-f5438402b9c4,crabs,extremely_close,5,3,0,2,0.3333333333333333,0.32949838,0.29960105,0.32724842,0.3272346,0.32636657
ea4b2ddb-0de2-512c-a3b6-f5438402b9c4,crabs,extremely_close,5,3,1,1,0.1666666666666666,0.32009298,0.23267563,0.31487674,0.31816855,0.31478795
ea4b2ddb-0de2-512c-a3b6-f5438402b9c4,crabs,extremely_close,5,3,2,2,0.3333333333333333,0.18702544,0.23678833,0.17663889,0.18890499,0.17975125
ea4b2ddb-0de2-512c-a3b6-f5438402b9c4,crabs,extremely_close,5,3,3,1,0.1666666666666666,0.16338322,0.23093499,0.18123591,0.16569182,0.17909427
ea4b2ddb-0de2-512c-a3b6-f5438402b9c4,oysters,somewhat_close,12,1,0,6,0.6666666666666666,0.3400336,0.31127194,0.35442063,0.3373747,0.34994653
ea4b2ddb-0de2-512c-a3b6-f5438402b9c4,oysters,somewhat_close,12,1,1,1,0.1111111111111111,0.30284005,0.21870834,0.30074957,0.3015121,0.30043343
ea4b2ddb-0de2-512c-a3b6-f5438402b9c4,oysters,somewhat_close,12,1,2,1,0.1111111111111111,0.20254946,0.2491106,0.19948952,0.20409547,0.20106164
ea4b2ddb-0de2-512c-a3b6-f5438402b9c4,oysters,somewhat_close,12,1,3,1,0.1111111111111111,0.15457693,0.22090909,0.14534028,0.1570177,0.1485584
ea4b2ddb-0de2-512c-a3b6-f5438402b9c4,wedding,close,15,2,0,5,0.5555555555555556,0.30876625,0.29976675,0.30674273,0.30711403,0.3061728
ea4b2ddb-0de2-512c-a3b6-f5438402b9c4,wedding,close,15,2,1,2,0.2222222222222222,0.29898903,0.2203311,0.27808088,0.29767475,0.2813681
ea4b2ddb-0de2-512c-a3b6-f5438402b9c4,wedding,close,15,2,2,1,0.1111111111111111,0.23715827,0.23514688,0.2490248,0.23775323,0.24702889
ea4b2ddb-0de2-512c-a3b6-f5438402b9c4,wedding,close,15,2,3,1,0.1111111111111111,0.15508646,0.24475528,0.1661516,0.15745798,0.16543032
ea4b2ddb-0de2-512c-a3b6-f5438402b9c4,soup,close,14,2,0,7,0.7,0.33818597,0.3010139,0.3503503,0.33563444,0.34637958
ea4b2ddb-0de2-512c-a3b6-f5438402b9c4,soup,close,14,2,1,1,0.1,0.31507322,0.22628844,0.3096027,0.31335708,0.30970412
ea4b2ddb-0de2-512c-a3b6-f5438402b9c4,soup,close,14,2,2,1,0.1,0.18950173,0.22069465,0.19093937,0.19134966,0.19181013
ea4b2ddb-0de2-512c-a3b6-f5438402b9c4,soup,close,14,2,3,1,0.1,0.15723914,0.25200298,0.14910766,0.15965882,0.15210615
ea4b2ddb-0de2-512c-a3b6-f5438402b9c4,drinks,not_close,7,0,0,7,0.7,0.33517203,0.25649023,0.30263433,0.33253023,0.30758438
ea4b2ddb-0de2-512c-a3b6-f5438402b9c4,drinks,not_close,7,0,1,1,0.1,0.26757511,0.23912959,0.31184286,0.2672558,0.30257833
ea4b2ddb-0de2-512c-a3b6-f5438402b9c4,drinks,not_close,7,0,2,1,0.1,0.22562149,0.24335633,0.22425486,0.22650158,0.22524028
ea4b2ddb-0de2-512c-a3b6-f5438402b9c4,drinks,not_close,7,0,3,1,0.1,0.17163132,0.26102385,0.16126789,0.17371236,0.16459699
ea4b2ddb-0de2-512c-a3b6-f5438402b9c4,birthday,close,1,2,0,7,0.6363636363636364,0.32165617,0.28021994,0.2816877,0.3196522,0.28819582
ea4b2ddb-0de2-512c-a3b6-f5438402b9c4,birthday,close,1,2,1,2,0.1818181818181818,0.31348172,0.22091691,0.31876132,0.311768,0.31678355
ea4b2ddb-0de2-512c-a3b6-f5438402b9c4,birthday,close,1,2,2,1,0.0909090909090909,0.21722111,0.24974371,0.23532178,0.21841055,0.23248664
ea4b2ddb-0de2-512c-a3b6-f5438402b9c4,birthday,close,1,2,3,1,0.0909090909090909,0.14764105,0.24911939,0.16422926,0.15016927,0.16253394
ea4b2ddb-0de2-512c-a3b6-f5438402b9c4,social,somewhat_close,13,1,0,2,0.4,0.38478413,0.29484272,0.3939905,0.38051066,0.38956168
ea4b2ddb-0de2-512c-a3b6-f5438402b9c4,social,somewhat_close,13,1,1,1,0.2,0.26153043,0.23070611,0.2552778,0.261622,0.25658923
ea4b2ddb-0de2-512c-a3b6-f5438402b9c4,social,somewhat_close,13,1,2,1,0.2,0.20087723,0.25057164,0.20189984,0.20253547,0.20272948
ea4b2ddb-0de2-512c-a3b6-f5438402b9c4,social,somewhat_close,13,1,3,1,0.2,0.15280823,0.22387956,0.14883181,0.15533185,0.15111957
ea4b2ddb-0de2-512c-a3b6-f5438402b9c4,driving,not_close,8,0,0,7,0.7,0.32080168,0.28850093,0.32237765,0.3188238,0.32171026
ea4b2ddb-0de2-512c-a3b6-f5438402b9c4,driving,not_close,8,0,1,1,0.1,0.31365657,0.23262726,0.37901825,0.31193233,0.3648442
ea4b2ddb-0de2-512c-a3b6-f5438402b9c4,driving,not_close,8,0,2,1,0.1,0.21734229,0.23673908,0.18294969,0.21852566,0.19041178
ea4b2ddb-0de2-512c-a3b6-f5438402b9c4,driving,not_close,8,0,3,1,0.1,0.14819951,0.24213271,0.11565435,0.1507182,0.12303381
c37d9c91-33a2-5973-937a-91a1acbb0218,brunch,not_close,2,0,0,4,0.3636363636363636,0.30243197,0.3026591,0.35060638,0.30091482,0.34033895
c37d9c91-33a2-5973-937a-91a1acbb0218,brunch,not_close,2,0,1,5,0.4545454545454545,0.29379916,0.21859324,0.3063659,0.29257798,0.30384555
c37d9c91-33a2-5973-937a-91a1acbb0218,brunch,not_close,2,0,2,1,0.0909090909090909,0.22932231,0.23039065,0.22114328,0.23006326,0.22373937
c37d9c91-33a2-5973-937a-91a1acbb0218,brunch,not_close,2,0,3,1,0.0909090909090909,0.17444655,0.24835704,0.121884465,0.17644392,0.13207617
c37d9c91-33a2-5973-937a-91a1acbb0218,crabs,close,5,2,0,1,0.1111111111111111,0.32949838,0.29960105,0.31679517,0.3272346,0.318014
c37d9c91-33a2-5973-937a-91a1acbb0218,crabs,close,5,2,1,6,0.6666666666666666,0.32009298,0.23267563,0.34010246,0.31816855,0.3349067
c37d9c91-33a2-5973-937a-91a1acbb0218,crabs,close,5,2,2,1,0.1111111111111111,0.18702544,0.23678833,0.18733868,0.18890499,0.18845895
c37d9c91-33a2-5973-937a-91a1acbb0218,crabs,close,5,2,3,1,0.1111111111111111,0.16338322,0.23093499,0.1557637,0.16569182,0.15862034
c37d9c91-33a2-5973-937a-91a1acbb0218,social,extremely_close,13,3,0,6,0.25,0.38478413,0.29484272,0.35028762,0.38051066,0.35454354
c37d9c91-33a2-5973-937a-91a1acbb0218,social,extremely_close,13,3,1,6,0.25,0.26153043,0.23070611,0.26098487,0.261622,0.26121816
c37d9c91-33a2-5973-937a-91a1acbb0218,social,extremely_close,13,3,2,5,0.2083333333333333,0.20087723,0.25057164,0.23086676,0.20253547,0.22578412
c37d9c91-33a2-5973-937a-91a1acbb0218,social,extremely_close,13,3,3,7,0.2916666666666667,0.15280823,0.22387956,0.15786076,0.15533185,0.15845421
c37d9c91-33a2-5973-937a-91a1acbb0218,soup,somewhat_close,14,1,0,7,0.5,0.33818597,0.3010139,0.34452966,0.33563444,0.3417673
c37d9c91-33a2-5973-937a-91a1acbb0218,soup,somewhat_close,14,1,1,2,0.1428571428571428,0.31507322,0.22628844,0.3189721,0.31335708,0.31721324
c37d9c91-33a2-5973-937a-91a1acbb0218,soup,somewhat_close,14,1,2,2,0.1428571428571428,0.18950173,0.22069465,0.19080658,0.19134966,0.1917101
c37d9c91-33a2-5973-937a-91a1acbb0218,soup,somewhat_close,14,1,3,3,0.2142857142857142,0.15723914,0.25200298,0.14569166,0.15965882,0.14930934
c37d9c91-33a2-5973-937a-91a1acbb0218,drinks,somewhat_close,7,1,0,6,0.2608695652173913,0.33517203,0.25649023,0.35535023,0.33253023,0.35018
c37d9c91-33a2-5973-937a-91a1acbb0218,drinks,somewhat_close,7,1,1,5,0.217391304347826,0.26757511,0.23912959,0.3067269,0.2672558,0.29884645
c37d9c91-33a2-5973-937a-91a1acbb0218,drinks,somewhat_close,7,1,2,6,0.2608695652173913,0.22562149,0.24335633,0.19969311,0.22650158,0.20539983
c37d9c91-33a2-5973-937a-91a1acbb0218,drinks,somewhat_close,7,1,3,6,0.2608695652173913,0.17163132,0.26102385,0.13822965,0.17371236,0.14557375
c37d9c91-33a2-5973-937a-91a1acbb0218,basketball,extremely_close,0,3,0,1,0.0588235294117647,0.3173009,0.27931517,0.3131195,0.3154185,0.3128357
c37d9c91-33a2-5973-937a-91a1acbb0218,basketball,extremely_close,0,3,1,3,0.1764705882352941,0.31123364,0.2196531,0.3208935,0.3095655,0.31794766
c37d9c91-33a2-5973-937a-91a1acbb0218,basketball,extremely_close,0,3,2,6,0.3529411764705882,0.22057617,0.24769424,0.21410309,0.22165884,0.21602215
c37d9c91-33a2-5973-937a-91a1acbb0218,basketball,extremely_close,0,3,3,7,0.4117647058823529,0.15088934,0.25333744,0.15188394,0.15335715,0.15319455
c37d9c91-33a2-5973-937a-91a1acbb0218,dip,close,6,2,0,7,0.4117647058823529,0.33769047,0.26539132,0.34952283,0.33498037,0.3457275
c37d9c91-33a2-5973-937a-91a1acbb0218,dip,close,6,2,1,3,0.1764705882352941,0.2704545,0.25054428,0.28651547,0.27006677,0.28323793
c37d9c91-33a2-5973-937a-91a1acbb0218,dip,close,6,2,2,5,0.2941176470588235,0.2244097,0.25625244,0.22507222,0.22533904,0.22567739
c37d9c91-33a2-5973-937a-91a1acbb0218,dip,close,6,2,3,2,0.1176470588235294,0.16744532,0.22781193,0.13888952,0.16961384,0.1453572
c37d9c91-33a2-5973-937a-91a1acbb0218,birthday,not_close,1,0,0,7,0.5384615384615384,0.32165617,0.28021994,0.37109387,0.3196522,0.36021808
c37d9c91-33a2-5973-937a-91a1acbb0218,birthday,not_close,1,0,1,4,0.3076923076923077,0.31348172,0.22091691,0.33231905,0.311768,0.32817322
c37d9c91-33a2-5973-937a-91a1acbb0218,birthday,not_close,1,0,2,1,0.0769230769230769,0.21722111,0.24974371,0.17350394,0.21841055,0.18240416
c37d9c91-33a2-5973-937a-91a1acbb0218,birthday,not_close,1,0,3,1,0.0769230769230769,0.14764105,0.24911939,0.12308306,0.15016927,0.12920454
c37d9c91-33a2-5973-937a-91a1acbb0218,wedding,not_close,15,0,0,7,0.7,0.30876625,0.29976675,0.35758772,0.30711403,0.34737545
c37d9c91-33a2-5973-937a-91a1acbb0218,wedding,not_close,15,0,1,1,0.1,0.29898903,0.2203311,0.32176432,0.29767475,0.31732672
c37d9c91-33a2-5973-937a-91a1acbb0218,wedding,not_close,15,0,2,1,0.1,0.23715827,0.23514688,0.22107239,0.23775323,0.2252434
c37d9c91-33a2-5973-937a-91a1acbb0218,wedding,not_close,15,0,3,1,0.1,0.15508646,0.24475528,0.099575475,0.15745798,0.110054396
c37d9c91-33a2-5973-937a-91a1acbb0218,oysters,somewhat_close,12,1,0,7,0.3043478260869565,0.3400336,0.31127194,0.35442063,0.3373747,0.34994653
c37d9c91-33a2-5973-937a-91a1acbb0218,oysters,somewhat_close,12,1,1,6,0.2608695652173913,0.30284005,0.21870834,0.30074957,0.3015121,0.30043343
c37d9c91-33a2-5973-937a-91a1acbb0218,oysters,somewhat_close,12,1,2,6,0.2608695652173913,0.20254946,0.2491106,0.19948952,0.20409547,0.20106164
c37d9c91-33a2-5973-937a-91a1acbb0218,oysters,somewhat_close,12,1,3,4,0.1739130434782608,0.15457693,0.22090909,0.14534028,0.1570177,0.1485584
c37d9c91-33a2-5973-937a-91a1acbb0218,hike,extremely_close,11,3,0,5,0.217391304347826,0.33404678,0.30082837,0.33788186,0.33169934,0.33572078
c37d9c91-33a2-5973-937a-91a1acbb0218,hike,extremely_close,11,3,1,6,0.2608695652173913,0.32451156,0.21243119,0.2973505,0.32250962,0.3014346
c37d9c91-33a2-5973-937a-91a1acbb0218,hike,extremely_close,11,3,2,6,0.2608695652173913,0.19580749,0.25311163,0.20556362,0.19755435,0.2047168
c37d9c91-33a2-5973-937a-91a1acbb0218,hike,extremely_close,11,3,3,6,0.2608695652173913,0.14563413,0.23362878,0.15920395,0.14823666,0.15812786
c37d9c91-33a2-5973-937a-91a1acbb0218,conference,somewhat_close,3,1,0,5,0.2941176470588235,0.33627447,0.28567946,0.33678538,0.33383918,0.33548558
c37d9c91-33a2-5973-937a-91a1acbb0218,conference,somewhat_close,3,1,1,5,0.2941176470588235,0.32249793,0.2440027,0.34514695,0.32056218,0.33959094
c37d9c91-33a2-5973-937a-91a1acbb0218,conference,somewhat_close,3,1,2,5,0.2941176470588235,0.19272308,0.2495618,0.19635226,0.19453102,0.19690198
c37d9c91-33a2-5973-937a-91a1acbb0218,conference,somewhat_close,3,1,3,2,0.1176470588235294,0.14850451,0.22075598,0.1217154,0.15106763,0.1280215
c37d9c91-33a2-5973-937a-91a1acbb0218,fair,close,9,2,0,1,0.0625,0.32837287,0.2946545,0.34993604,0.32618845,0.3445345
c37d9c91-33a2-5973-937a-91a1acbb0218,fair,close,9,2,1,5,0.3125,0.32105917,0.21227996,0.34182274,0.31913775,0.33674547
c37d9c91-33a2-5973-937a-91a1acbb0218,fair,close,9,2,2,5,0.3125,0.20461664,0.2554765,0.18358052,0.20614377,0.18860486
c37d9c91-33a2-5973-937a-91a1acbb0218,fair,close,9,2,3,5,0.3125,0.14595127,0.23758905,0.12466064,0.14853,0.13011518
c37d9c91-33a2-5973-937a-91a1acbb0218,cooking,not_close,4,0,0,5,0.2777777777777778,0.32508844,0.28153455,0.3056378,0.32288563,0.3086708
c37d9c91-33a2-5973-937a-91a1acbb0218,cooking,not_close,4,0,1,6,0.3333333333333333,0.30092797,0.22757895,0.36421698,0.2995782,0.35040545
c37d9c91-33a2-5973-937a-91a1acbb0218,cooking,not_close,4,0,2,6,0.3333333333333333,0.21122348,0.2310226,0.18061243,0.21250805,0.1873101
c37d9c91-33a2-5973-937a-91a1acbb0218,cooking,not_close,4,0,3,1,0.0555555555555555,0.16276015,0.2598639,0.14953284,0.1650281,0.15361361
c37d9c91-33a2-5973-937a-91a1acbb0218,driving,extremely_close,8,3,0,1,0.0625,0.32080168,0.28850093,0.27412885,0.3188238,0.28191045
c37d9c91-33a2-5973-937a-91a1acbb0218,driving,extremely_close,8,3,1,5,0.3125,0.31365657,0.23262726,0.3215029,0.31193233,0.31907967
c37d9c91-33a2-5973-937a-91a1acbb0218,driving,extremely_close,8,3,2,5,0.3125,0.21734229,0.23673908,0.22807299,0.21852566,0.2268027
c37d9c91-33a2-5973-937a-91a1acbb0218,driving,extremely_close,8,3,3,5,0.3125,0.14819951,0.24213271,0.17629525,0.1507182,0.17220715
c37d9c91-33a2-5973-937a-91a1acbb0218,gala,close,10,2,0,3,0.2,0.36258376,0.29305857,0.3041355,0.35897562,0.31327608
c37d9c91-33a2-5973-937a-91a1acbb0218,gala,close,10,2,1,6,0.4,0.24803236,0.2547296,0.2767334,0.2483613,0.2712739
c37d9c91-33a2-5973-937a-91a1acbb0218,gala,close,10,2,2,4,0.2666666666666666,0.21528816,0.24108168,0.24181442,0.2164861,0.23733611
c37d9c91-33a2-5973-937a-91a1acbb0218,gala,close,10,2,3,2,0.1333333333333333,0.17409568,0.21113022,0.17731674,0.17617695,0.17811388
1058bfa6-6cb6-58b4-a0f1-655ef2591928,basketball,somewhat_close,0,1,0,5,0.3571428571428571,0.3173009,0.27931517,0.3148467,0.3154185,0.31423575
1058bfa6-6cb6-58b4-a0f1-655ef2591928,basketball,somewhat_close,0,1,1,6,0.4285714285714285,0.31123364,0.2196531,0.32266358,0.3095655,0.31937057
1058bfa6-6cb6-58b4-a0f1-655ef2591928,basketball,somewhat_close,0,1,2,2,0.1428571428571428,0.22057617,0.24769424,0.21528408,0.22165884,0.21698892
1058bfa6-6cb6-58b4-a0f1-655ef2591928,basketball,somewhat_close,0,1,3,1,0.0714285714285714,0.15088934,0.25333744,0.14720571,0.15335715,0.1494048
1058bfa6-6cb6-58b4-a0f1-655ef2591928,conference,extremely_close,3,3,0,5,0.2083333333333333,0.33627447,0.28567946,0.31225505,0.33383918,0.31567898
1058bfa6-6cb6-58b4-a0f1-655ef2591928,conference,extremely_close,3,3,1,6,0.25,0.32249793,0.2440027,0.29103574,0.32056218,0.29611537
1058bfa6-6cb6-58b4-a0f1-655ef2591928,conference,extremely_close,3,3,2,7,0.2916666666666667,0.19272308,0.2495618,0.23289657,0.19453102,0.22576019
1058bfa6-6cb6-58b4-a0f1-655ef2591928,conference,extremely_close,3,3,3,6,0.25,0.14850451,0.22075598,0.16381264,0.15106763,0.16244544
1058bfa6-6cb6-58b4-a0f1-655ef2591928,oysters,somewhat_close,12,1,0,5,0.2631578947368421,0.3400336,0.31127194,0.35442063,0.3373747,0.34994653
1058bfa6-6cb6-58b4-a0f1-655ef2591928,oysters,somewhat_close,12,1,1,6,0.3157894736842105,0.30284005,0.21870834,0.30074957,0.3015121,0.30043343
1058bfa6-6cb6-58b4-a0f1-655ef2591928,oysters,somewhat_close,12,1,2,5,0.2631578947368421,0.20254946,0.2491106,0.19948952,0.20409547,0.20106164
1058bfa6-6cb6-58b4-a0f1-655ef2591928,oysters,somewhat_close,12,1,3,3,0.1578947368421052,0.15457693,0.22090909,0.14534028,0.1570177,0.1485584
1058bfa6-6cb6-58b4-a0f1-655ef2591928,brunch,close,2,2,0,5,0.2777777777777778,0.30243197,0.3026591,0.2907551,0.30091482,0.29213974
1058bfa6-6cb6-58b4-a0f1-655ef2591928,brunch,close,2,2,1,6,0.3333333333333333,0.29379916,0.21859324,0.28704393,0.29257798,0.28764403
1058bfa6-6cb6-58b4-a0f1-655ef2591928,brunch,close,2,2,2,5,0.2777777777777778,0.22932231,0.23039065,0.23673561,0.23006326,0.23571382
1058bfa6-6cb6-58b4-a0f1-655ef2591928,brunch,close,2,2,3,2,0.1111111111111111,0.17444655,0.24835704,0.1854654,0.17644392,0.1845024
1058bfa6-6cb6-58b4-a0f1-655ef2591928,birthday,somewhat_close,1,1,0,6,0.4615384615384615,0.32165617,0.28021994,0.31222877,0.3196522,0.31307483
1058bfa6-6cb6-58b4-a0f1-655ef2591928,birthday,somewhat_close,1,1,1,4,0.3076923076923077,0.31348172,0.22091691,0.33197084,0.311768,0.32734334
1058bfa6-6cb6-58b4-a0f1-655ef2591928,birthday,somewhat_close,1,1,2,2,0.1538461538461538,0.21722111,0.24974371,0.2297937,0.21841055,0.22814302
1058bfa6-6cb6-58b4-a0f1-655ef2591928,birthday,somewhat_close,1,1,3,1,0.0769230769230769,0.14764105,0.24911939,0.12600674,0.15016927,0.13143879
1058bfa6-6cb6-58b4-a0f1-655ef2591928,gala,close,10,2,0,5,0.2631578947368421,0.36258376,0.29305857,0.3041355,0.35897562,0.31327608
1058bfa6-6cb6-58b4-a0f1-655ef2591928,gala,close,10,2,1,5,0.2631578947368421,0.24803236,0.2547296,0.2767334,0.2483613,0.2712739
1058bfa6-6cb6-58b4-a0f1-655ef2591928,gala,close,10,2,2,4,0.2105263157894736,0.21528816,0.24108168,0.24181442,0.2164861,0.23733611
1058bfa6-6cb6-58b4-a0f1-655ef2591928,gala,close,10,2,3,5,0.2631578947368421,0.17409568,0.21113022,0.17731674,0.17617695,0.17811388
1058bfa6-6cb6-58b4-a0f1-655ef2591928,hike,close,11,2,0,6,0.375,0.33404678,0.30082837,0.31649798,0.33169934,0.31855774
1058bfa6-6cb6-58b4-a0f1-655ef2591928,hike,close,11,2,1,6,0.375,0.32451156,0.21243119,0.31296036,0.32250962,0.31405988
1058bfa6-6cb6-58b4-a0f1-655ef2591928,hike,close,11,2,2,3,0.1875,0.19580749,0.25311163,0.20188613,0.19755435,0.20176907
1058bfa6-6cb6-58b4-a0f1-655ef2591928,hike,close,11,2,3,1,0.0625,0.14563413,0.23362878,0.16865557,0.14823666,0.16561331
1058bfa6-6cb6-58b4-a0f1-655ef2591928,crabs,extremely_close,5,3,0,5,0.2272727272727272,0.32949838,0.29960105,0.32724842,0.3272346,0.32636657
1058bfa6-6cb6-58b4-a0f1-655ef2591928,crabs,extremely_close,5,3,1,5,0.2272727272727272,0.32009298,0.23267563,0.31487674,0.31816855,0.31478795
1058bfa6-6cb6-58b4-a0f1-655ef2591928,crabs,extremely_close,5,3,2,6,0.2727272727272727,0.18702544,0.23678833,0.17663889,0.18890499,0.17975125
1058bfa6-6cb6-58b4-a0f1-655ef2591928,crabs,extremely_close,5,3,3,6,0.2727272727272727,0.16338322,0.23093499,0.18123591,0.16569182,0.17909427
1058bfa6-6cb6-58b4-a0f1-655ef2591928,cooking,somewhat_close,4,1,0,6,0.375,0.32508844,0.28153455,0.3038481,0.32288563,0.30680162
1058bfa6-6cb6-58b4-a0f1-655ef2591928,cooking,somewhat_close,4,1,1,6,0.375,0.30092797,0.22757895,0.3294611,0.2995782,0.32287404
1058bfa6-6cb6-58b4-a0f1-655ef2591928,cooking,somewhat_close,4,1,2,3,0.1875,0.21122348,0.2310226,0.2139687,0.21250805,0.21430032
1058bfa6-6cb6-58b4-a0f1-655ef2591928,cooking,somewhat_close,4,1,3,1,0.0625,0.16276015,0.2598639,0.15272212,0.1650281,0.15602408
1058bfa6-6cb6-58b4-a0f1-655ef2591928,soup,not_close,14,0,0,7,0.6363636363636364,0.33818597,0.3010139,0.3825187,0.33563444,0.37256363
1058bfa6-6cb6-58b4-a0f1-655ef2591928,soup,not_close,14,0,1,2,0.1818181818181818,0.31507322,0.22628844,0.33879057,0.31335708,0.33371714
1058bfa6-6cb6-58b4-a0f1-655ef2591928,soup,not_close,14,0,2,1,0.0909090909090909,0.18950173,0.22069465,0.16353203,0.19134966,0.16979322
1058bfa6-6cb6-58b4-a0f1-655ef2591928,soup,not_close,14,0,3,1,0.0909090909090909,0.15723914,0.25200298,0.11515866,0.15965882,0.12392601
1058bfa6-6cb6-58b4-a0f1-655ef2591928,wedding,extremely_close,15,3,0,5,0.217391304347826,0.30876625,0.29976675,0.29720375,0.30711403,0.2985504
1058bfa6-6cb6-58b4-a0f1-655ef2591928,wedding,extremely_close,15,3,1,6,0.2608695652173913,0.29898903,0.2203311,0.27952927,0.29767475,0.2825817
1058bfa6-6cb6-58b4-a0f1-655ef2591928,wedding,extremely_close,15,3,2,6,0.2608695652173913,0.23715827,0.23514688,0.2412807,0.23775323,0.24087891
1058bfa6-6cb6-58b4-a0f1-655ef2591928,wedding,extremely_close,15,3,3,6,0.2608695652173913,0.15508646,0.24475528,0.18198623,0.15745798,0.17798899
1058bfa6-6cb6-58b4-a0f1-655ef2591928,dip,not_close,6,0,0,5,0.625,0.33769047,0.26539132,0.4222383,0.33498037,0.40336716
1058bfa6-6cb6-58b4-a0f1-655ef2591928,dip,not_close,6,0,1,1,0.125,0.2704545,0.25054428,0.24091707,0.27006677,0.24709393
1058bfa6-6cb6-58b4-a0f1-655ef2591928,dip,not_close,6,0,2,1,0.125,0.2244097,0.25625244,0.20938475,0.22533904,0.2135127
1058bfa6-6cb6-58b4-a0f1-655ef2591928,dip,not_close,6,0,3,1,0.125,0.16744532,0.22781193,0.12745976,0.16961384,0.13602626
1058bfa6-6cb6-58b4-a0f1-655ef2591928,fair,not_close,9,0,0,6,0.5454545454545454,0.32837287,0.2946545,0.33953634,0.32618845,0.33659288
1058bfa6-6cb6-58b4-a0f1-655ef2591928,fair,not_close,9,0,1,3,0.2727272727272727,0.32105917,0.21227996,0.3681577,0.31913775,0.35772365
1058bfa6-6cb6-58b4-a0f1-655ef2591928,fair,not_close,9,0,2,1,0.0909090909090909,0.20461664,0.2554765,0.17532648,0.20614377,0.18193142
1058bfa6-6cb6-58b4-a0f1-655ef2591928,fair,not_close,9,0,3,1,0.0909090909090909,0.14595127,0.23758905,0.116979435,0.14853,0.12375206
1058bfa6-6cb6-58b4-a0f1-655ef2591928,social,close,13,2,0,4,0.3333333333333333,0.38478413,0.29484272,0.3941475,0.38051066,0.38977
1058bfa6-6cb6-58b4-a0f1-655ef2591928,social,close,13,2,1,5,0.4166666666666667,0.26153043,0.23070611,0.26863965,0.261622,0.2673677
1058bfa6-6cb6-58b4-a0f1-655ef2591928,social,close,13,2,2,2,0.1666666666666666,0.20087723,0.25057164,0.19937879,0.20253547,0.20073907
1058bfa6-6cb6-58b4-a0f1-655ef2591928,social,close,13,2,3,1,0.0833333333333333,0.15280823,0.22387956,0.13783406,0.15533185,0.14212327
1058bfa6-6cb6-58b4-a0f1-655ef2591928,driving,not_close,8,0,0,7,0.5,0.32080168,0.28850093,0.32237765,0.3188238,0.32171026
1058bfa6-6cb6-58b4-a0f1-655ef2591928,driving,not_close,8,0,1,5,0.3571428571428571,0.31365657,0.23262726,0.37901825,0.31193233,0.3648442
1058bfa6-6cb6-58b4-a0f1-655ef2591928,driving,not_close,8,0,2,1,0.0714285714285714,0.21734229,0.23673908,0.18294969,0.21852566,0.19041178
1058bfa6-6cb6-58b4-a0f1-655ef2591928,driving,not_close,8,0,3,1,0.0714285714285714,0.14819951,0.24213271,0.11565435,0.1507182,0.12303381
1058bfa6-6cb6-58b4-a0f1-655ef2591928,drinks,extremely_close,7,3,0,4,0.1904761904761904,0.33517203,0.25649023,0.23276606,0.33253023,0.25004545
1058bfa6-6cb6-58b4-a0f1-655ef2591928,drinks,extremely_close,7,3,1,6,0.2857142857142857,0.26757511,0.23912959,0.3014371,0.2672558,0.29548186
1058bfa6-6cb6-58b4-a0f1-655ef2591928,drinks,extremely_close,7,3,2,6,0.2857142857142857,0.22562149,0.24335633,0.22504783,0.22650158,0.22667027
1058bfa6-6cb6-58b4-a0f1-655ef2591928,drinks,extremely_close,7,3,3,5,0.238095238095238,0.17163132,0.26102385,0.240749,0.17371236,0.22780243
1b7a7cfe-c845-5163-99f4-644ba2ab9fdf,oysters,not_close,12,0,0,7,0.5,0.3400336,0.31127194,0.3653165,0.3373747,0.35897037
1b7a7cfe-c845-5163-99f4-644ba2ab9fdf,oysters,not_close,12,0,1,5,0.3571428571428571,0.30284005,0.21870834,0.32647744,0.3015121,0.32125935
1b7a7cfe-c845-5163-99f4-644ba2ab9fdf,oysters,not_close,12,0,2,1,0.0714285714285714,0.20254946,0.2491106,0.18403101,0.20409547,0.1886821
1b7a7cfe-c845-5163-99f4-644ba2ab9fdf,oysters,not_close,12,0,3,1,0.0714285714285714,0.15457693,0.22090909,0.12417514,0.1570177,0.13108808
1b7a7cfe-c845-5163-99f4-644ba2ab9fdf,social,close,13,2,0,6,0.3333333333333333,0.38478413,0.29484272,0.3941475,0.38051066,0.38977
1b7a7cfe-c845-5163-99f4-644ba2ab9fdf,social,close,13,2,1,5,0.2777777777777778,0.26153043,0.23070611,0.26863965,0.261622,0.2673677
1b7a7cfe-c845-5163-99f4-644ba2ab9fdf,social,close,13,2,2,4,0.2222222222222222,0.20087723,0.25057164,0.19937879,0.20253547,0.20073907
1b7a7cfe-c845-5163-99f4-644ba2ab9fdf,social,close,13,2,3,3,0.1666666666666666,0.15280823,0.22387956,0.13783406,0.15533185,0.14212327
1b7a7cfe-c845-5163-99f4-644ba2ab9fdf,drinks,not_close,7,0,0,7,0.5833333333333334,0.33517203,0.25649023,0.30263433,0.33253023,0.30758438
1b7a7cfe-c845-5163-99f4-644ba2ab9fdf,drinks,not_close,7,0,1,2,0.1666666666666666,0.26757511,0.23912959,0.31184286,0.2672558,0.30257833
1b7a7cfe-c845-5163-99f4-644ba2ab9fdf,drinks,not_close,7,0,2,2,0.1666666666666666,0.22562149,0.24335633,0.22425486,0.22650158,0.22524028
1b7a7cfe-c845-5163-99f4-644ba2ab9fdf,drinks,not_close,7,0,3,1,0.0833333333333333,0.17163132,0.26102385,0.16126789,0.17371236,0.16459699
1b7a7cfe-c845-5163-99f4-644ba2ab9fdf,cooking,extremely_close,4,3,0,2,0.1176470588235294,0.32508844,0.28153455,0.26053262,0.32288563,0.27141792
1b7a7cfe-c845-5163-99f4-644ba2ab9fdf,cooking,extremely_close,4,3,1,5,0.2941176470588235,0.30092797,0.22757895,0.31298968,0.2995782,0.31012288
1b7a7cfe-c845-5163-99f4-644ba2ab9fdf,cooking,extremely_close,4,3,2,5,0.2941176470588235,0.21122348,0.2310226,0.23388302,0.21250805,0.23035794
1b7a7cfe-c845-5163-99f4-644ba2ab9fdf,cooking,extremely_close,4,3,3,5,0.2941176470588235,0.16276015,0.2598639,0.19259474,0.1650281,0.18810125
1b7a7cfe-c845-5163-99f4-644ba2ab9fdf,soup,somewhat_close,14,1,0,7,0.4117647058823529,0.33818597,0.3010139,0.34452966,0.33563444,0.3417673
1b7a7cfe-c845-5163-99f4-644ba2ab9fdf,soup,somewhat_close,14,1,1,4,0.2352941176470588,0.31507322,0.22628844,0.3189721,0.31335708,0.31721324
1b7a7cfe-c845-5163-99f4-644ba2ab9fdf,soup,somewhat_close,14,1,2,3,0.1764705882352941,0.18950173,0.22069465,0.19080658,0.19134966,0.1917101
1b7a7cfe-c845-5163-99f4-644ba2ab9fdf,soup,somewhat_close,14,1,3,3,0.1764705882352941,0.15723914,0.25200298,0.14569166,0.15965882,0.14930934
1b7a7cfe-c845-5163-99f4-644ba2ab9fdf,wedding,not_close,15,0,0,7,0.4666666666666667,0.30876625,0.29976675,0.35758772,0.30711403,0.34737545
1b7a7cfe-c845-5163-99f4-644ba2ab9fdf,wedding,not_close,15,0,1,4,0.2666666666666666,0.29898903,0.2203311,0.32176432,0.29767475,0.31732672
1b7a7cfe-c845-5163-99f4-644ba2ab9fdf,wedding,not_close,15,0,2,3,0.2,0.23715827,0.23514688,0.22107239,0.23775323,0.2252434
1b7a7cfe-c845-5163-99f4-644ba2ab9fdf,wedding,not_close,15,0,3,1,0.0666666666666666,0.15508646,0.24475528,0.099575475,0.15745798,0.110054396
1b7a7cfe-c845-5163-99f4-644ba2ab9fdf,conference,not_close,3,0,0,4,0.3076923076923077,0.33627447,0.28567946,0.33324155,0.33383918,0.33397454
1b7a7cfe-c845-5163-99f4-644ba2ab9fdf,conference,not_close,3,0,1,6,0.4615384615384615,0.32249793,0.2440027,0.41457385,0.32056218,0.3949526
1b7a7cfe-c845-5163-99f4-644ba2ab9fdf,conference,not_close,3,0,2,2,0.1538461538461538,0.19272308,0.2495618,0.14458562,0.19453102,0.15464573
1b7a7cfe-c845-5163-99f4-644ba2ab9fdf,conference,not_close,3,0,3,1,0.0769230769230769,0.14850451,0.22075598,0.10759906,0.15106763,0.11642715
1b7a7cfe-c845-5163-99f4-644ba2ab9fdf,gala,close,10,2,0,7,0.3888888888888889,0.36258376,0.29305857,0.3041355,0.35897562,0.31327608
1b7a7cfe-c845-5163-99f4-644ba2ab9fdf,gala,close,10,2,1,4,0.2222222222222222,0.24803236,0.2547296,0.2767334,0.2483613,0.2712739
1b7a7cfe-c845-5163-99f4-644ba2ab9fdf,gala,close,10,2,2,4,0.2222222222222222,0.21528816,0.24108168,0.24181442,0.2164861,0.23733611
1b7a7cfe-c845-5163-99f4-644ba2ab9fdf,gala,close,10,2,3,3,0.1666666666666666,0.17409568,0.21113022,0.17731674,0.17617695,0.17811388
1b7a7cfe-c845-5163-99f4-644ba2ab9fdf,hike,close,11,2,0,5,0.4166666666666667,0.33404678,0.30082837,0.31649798,0.33169934,0.31855774
1b7a7cfe-c845-5163-99f4-644ba2ab9fdf,hike,close,11,2,1,4,0.3333333333333333,0.32451156,0.21243119,0.31296036,0.32250962,0.31405988
1b7a7cfe-c845-5163-99f4-644ba2ab9fdf,hike,close,11,2,2,2,0.1666666666666666,0.19580749,0.25311163,0.20188613,0.19755435,0.20176907
1b7a7cfe-c845-5163-99f4-644ba2ab9fdf,hike,close,11,2,3,1,0.0833333333333333,0.14563413,0.23362878,0.16865557,0.14823666,0.16561331
1b7a7cfe-c845-5163-99f4-644ba2ab9fdf,driving,extremely_close,8,3,0,2,0.1111111111111111,0.32080168,0.28850093,0.27412885,0.3188238,0.28191045
1b7a7cfe-c845-5163-99f4-644ba2ab9fdf,driving,extremely_close,8,3,1,6,0.3333333333333333,0.31365657,0.23262726,0.3215029,0.31193233,0.31907967
1b7a7cfe-c845-5163-99f4-644ba2ab9fdf,driving,extremely_close,8,3,2,5,0.2777777777777778,0.21734229,0.23673908,0.22807299,0.21852566,0.2268027
1b7a7cfe-c845-5163-99f4-644ba2ab9fdf,driving,extremely_close,8,3,3,5,0.2777777777777778,0.14819951,0.24213271,0.17629525,0.1507182,0.17220715
1b7a7cfe-c845-5163-99f4-644ba2ab9fdf,basketball,close,0,2,0,3,0.2727272727272727,0.3173009,0.27931517,0.331041,0.3154185,0.32719913
1b7a7cfe-c845-5163-99f4-644ba2ab9fdf,basketball,close,0,2,1,5,0.4545454545454545,0.31123364,0.2196531,0.3025721,0.3095655,0.30337024
1b7a7cfe-c845-5163-99f4-644ba2ab9fdf,basketball,close,0,2,2,2,0.1818181818181818,0.22057617,0.24769424,0.19962241,0.22165884,0.20426738
1b7a7cfe-c845-5163-99f4-644ba2ab9fdf,basketball,close,0,2,3,1,0.0909090909090909,0.15088934,0.25333744,0.16676445,0.15335715,0.16516323
1b7a7cfe-c845-5163-99f4-644ba2ab9fdf,birthday,extremely_close,1,3,0,5,0.25,0.32165617,0.28021994,0.29297653,0.3196522,0.2974144
1b7a7cfe-c845-5163-99f4-644ba2ab9fdf,birthday,extremely_close,1,3,1,5,0.25,0.31348172,0.22091691,0.2967644,0.311768,0.2991094
1b7a7cfe-c845-5163-99f4-644ba2ab9fdf,birthday,extremely_close,1,3,2,5,0.25,0.21722111,0.24974371,0.24162844,0.21841055,0.2374631
1b7a7cfe-c845-5163-99f4-644ba2ab9fdf,birthday,extremely_close,1,3,3,5,0.25,0.14764105,0.24911939,0.16863064,0.15016927,0.16601305
1b7a7cfe-c845-5163-99f4-644ba2ab9fdf,dip,somewhat_close,6,1,0,5,0.4166666666666667,0.33769047,0.26539132,0.36435014,0.33498037,0.3577161
1b7a7cfe-c845-5163-99f4-644ba2ab9fdf,dip,somewhat_close,6,1,1,4,0.3333333333333333,0.2704545,0.25054428,0.28163436,0.27006677,0.27957094
1b7a7cfe-c845-5163-99f4-644ba2ab9fdf,dip,somewhat_close,6,1,2,2,0.1666666666666666,0.2244097,0.25625244,0.22864093,0.22533904,0.2287165
1b7a7cfe-c845-5163-99f4-644ba2ab9fdf,dip,somewhat_close,6,1,3,1,0.0833333333333333,0.16744532,0.22781193,0.12537463,0.16961384,0.1339964
1b7a7cfe-c845-5163-99f4-644ba2ab9fdf,crabs,somewhat_close,5,1,0,4,0.3333333333333333,0.32949838,0.29960105,0.36052796,0.3272346,0.35396707
1b7a7cfe-c845-5163-99f4-644ba2ab9fdf,crabs,somewhat_close,5,1,1,5,0.4166666666666667,0.32009298,0.23267563,0.37403747,0.31816855,0.36267853
1b7a7cfe-c845-5163-99f4-644ba2ab9fdf,crabs,somewhat_close,5,1,2,2,0.1666666666666666,0.18702544,0.23678833,0.13190359,0.18890499,0.14269985
1b7a7cfe-c845-5163-99f4-644ba2ab9fdf,crabs,somewhat_close,5,1,3,1,0.0833333333333333,0.16338322,0.23093499,0.13353097,0.16569182,0.14065453
1b7a7cfe-c845-5163-99f4-644ba2ab9fdf,fair,somewhat_close,9,1,0,3,0.2307692307692307,0.32837287,0.2946545,0.29791787,0.32618845,0.30253178
1b7a7cfe-c845-5163-99f4-644ba2ab9fdf,fair,somewhat_close,9,1,1,5,0.3846153846153846,0.32105917,0.21227996,0.32904878,0.31913775,0.32632118
1b7a7cfe-c845-5163-99f4-644ba2ab9fdf,fair,somewhat_close,9,1,2,3,0.2307692307692307,0.20461664,0.2554765,0.2179913,0.20614377,0.21628724
1b7a7cfe-c845-5163-99f4-644ba2ab9fdf,fair,somewhat_close,9,1,3,2,0.1538461538461538,0.14595127,0.23758905,0.15504195,0.14853,0.15485977
1b7a7cfe-c845-5163-99f4-644ba2ab9fdf,brunch,extremely_close,2,3,0,5,0.2777777777777778,0.30243197,0.3026591,0.25437948,0.30091482,0.26270998
1b7a7cfe-c845-5163-99f4-644ba2ab9fdf,brunch,extremely_close,2,3,1,5,0.2777777777777778,0.29379916,0.21859324,0.28251648,0.29257798,0.28429732
1b7a7cfe-c845-5163-99f4-644ba2ab9fdf,brunch,extremely_close,2,3,2,4,0.2222222222222222,0.22932231,0.23039065,0.2505955,0.23006326,0.24698317
1b7a7cfe-c845-5163-99f4-644ba2ab9fdf,brunch,extremely_close,2,3,3,4,0.2222222222222222,0.17444655,0.24835704,0.21250848,0.17644392,0.20600952
ab7ab8aa-2925-5871-842e-d02cc2ca8f94,brunch,not_close,2,0,0,2,0.1538461538461538,0.30243197,0.3026591,0.35060638,0.30091482,0.34033895
ab7ab8aa-2925-5871-842e-d02cc2ca8f94,brunch,not_close,2,0,1,6,0.4615384615384615,0.29379916,0.21859324,0.3063659,0.29257798,0.30384555
ab7ab8aa-2925-5871-842e-d02cc2ca8f94,brunch,not_close,2,0,2,3,0.2307692307692307,0.22932231,0.23039065,0.22114328,0.23006326,0.22373937
ab7ab8aa-2925-5871-842e-d02cc2ca8f94,brunch,not_close,2,0,3,2,0.1538461538461538,0.17444655,0.24835704,0.121884465,0.17644392,0.13207617
ab7ab8aa-2925-5871-842e-d02cc2ca8f94,oysters,extremely_close,12,3,0,2,0.1428571428571428,0.3400336,0.31127194,0.34521964,0.3373747,0.3425975
ab7ab8aa-2925-5871-842e-d02cc2ca8f94,oysters,extremely_close,12,3,1,6,0.4285714285714285,0.30284005,0.21870834,0.30538067,0.3015121,0.30410308
ab7ab8aa-2925-5871-842e-d02cc2ca8f94,oysters,extremely_close,12,3,2,3,0.2142857142857142,0.20254946,0.2491106,0.20126957,0.20409547,0.20247553
ab7ab8aa-2925-5871-842e-d02cc2ca8f94,oysters,extremely_close,12,3,3,3,0.2142857142857142,0.15457693,0.22090909,0.1481301,0.1570177,0.15082388
ab7ab8aa-2925-5871-842e-d02cc2ca8f94,wedding,not_close,15,0,0,7,0.5833333333333334,0.30876625,0.29976675,0.35758772,0.30711403,0.34737545
ab7ab8aa-2925-5871-842e-d02cc2ca8f94,wedding,not_close,15,0,1,1,0.0833333333333333,0.29898903,0.2203311,0.32176432,0.29767475,0.31732672
ab7ab8aa-2925-5871-842e-d02cc2ca8f94,wedding,not_close,15,0,2,1,0.0833333333333333,0.23715827,0.23514688,0.22107239,0.23775323,0.2252434
ab7ab8aa-2925-5871-842e-d02cc2ca8f94,wedding,not_close,15,0,3,3,0.25,0.15508646,0.24475528,0.099575475,0.15745798,0.110054396
ab7ab8aa-2925-5871-842e-d02cc2ca8f94,hike,not_close,11,0,0,7,0.5833333333333334,0.33404678,0.30082837,0.37751567,0.33169934,0.36750683
ab7ab8aa-2925-5871-842e-d02cc2ca8f94,hike,not_close,11,0,1,1,0.0833333333333333,0.32451156,0.21243119,0.33200538,0.32250962,0.3297955
ab7ab8aa-2925-5871-842e-d02cc2ca8f94,hike,not_close,11,0,2,3,0.25,0.19580749,0.25311163,0.16379511,0.19755435,0.1708626
ab7ab8aa-2925-5871-842e-d02cc2ca8f94,hike,not_close,11,0,3,1,0.0833333333333333,0.14563413,0.23362878,0.12668388,0.14823666,0.13183501
ab7ab8aa-2925-5871-842e-d02cc2ca8f94,basketball,close,0,2,0,3,0.2,0.3173009,0.27931517,0.331041,0.3154185,0.32719913
ab7ab8aa-2925-5871-842e-d02cc2ca8f94,basketball,close,0,2,1,6,0.4,0.31123364,0.2196531,0.3025721,0.3095655,0.30337024
ab7ab8aa-2925-5871-842e-d02cc2ca8f94,basketball,close,0,2,2,5,0.3333333333333333,0.22057617,0.24769424,0.19962241,0.22165884,0.20426738
ab7ab8aa-2925-5871-842e-d02cc2ca8f94,basketball,close,0,2,3,1,0.0666666666666666,0.15088934,0.25333744,0.16676445,0.15335715,0.16516323
ab7ab8aa-2925-5871-842e-d02cc2ca8f94,drinks,somewhat_close,7,1,0,6,0.375,0.33517203,0.25649023,0.35535023,0.33253023,0.35018
ab7ab8aa-2925-5871-842e-d02cc2ca8f94,drinks,somewhat_close,7,1,1,5,0.3125,0.26757511,0.23912959,0.3067269,0.2672558,0.29884645
ab7ab8aa-2925-5871-842e-d02cc2ca8f94,drinks,somewhat_close,7,1,2,1,0.0625,0.22562149,0.24335633,0.19969311,0.22650158,0.20539983
ab7ab8aa-2925-5871-842e-d02cc2ca8f94,drinks,somewhat_close,7,1,3,4,0.25,0.17163132,0.26102385,0.13822965,0.17371236,0.14557375
ab7ab8aa-2925-5871-842e-d02cc2ca8f94,fair,close,9,2,0,5,0.3571428571428571,0.32837287,0.2946545,0.34993604,0.32618845,0.3445345
ab7ab8aa-2925-5871-842e-d02cc2ca8f94,fair,close,9,2,1,1,0.0714285714285714,0.32105917,0.21227996,0.34182274,0.31913775,0.33674547
ab7ab8aa-2925-5871-842e-d02cc2ca8f94,fair,close,9,2,2,5,0.3571428571428571,0.20461664,0.2554765,0.18358052,0.20614377,0.18860486
ab7ab8aa-2925-5871-842e-d02cc2ca8f94,fair,close,9,2,3,3,0.2142857142857142,0.14595127,0.23758905,0.12466064,0.14853,0.13011518
ab7ab8aa-2925-5871-842e-d02cc2ca8f94,soup,somewhat_close,14,1,0,7,0.7,0.33818597,0.3010139,0.34452966,0.33563444,0.3417673
ab7ab8aa-2925-5871-842e-d02cc2ca8f94,soup,somewhat_close,14,1,1,1,0.1,0.31507322,0.22628844,0.3189721,0.31335708,0.31721324
ab7ab8aa-2925-5871-842e-d02cc2ca8f94,soup,somewhat_close,14,1,2,1,0.1,0.18950173,0.22069465,0.19080658,0.19134966,0.1917101
ab7ab8aa-2925-5871-842e-d02cc2ca8f94,soup,somewhat_close,14,1,3,1,0.1,0.15723914,0.25200298,0.14569166,0.15965882,0.14930934
ab7ab8aa-2925-5871-842e-d02cc2ca8f94,social,extremely_close,13,3,0,6,0.3529411764705882,0.38478413,0.29484272,0.35028762,0.38051066,0.35454354
ab7ab8aa-2925-5871-842e-d02cc2ca8f94,social,extremely_close,13,3,1,7,0.4117647058823529,0.26153043,0.23070611,0.26098487,0.261622,0.26121816
ab7ab8aa-2925-5871-842e-d02cc2ca8f94,social,extremely_close,13,3,2,3,0.1764705882352941,0.20087723,0.25057164,0.23086676,0.20253547,0.22578412
ab7ab8aa-2925-5871-842e-d02cc2ca8f94,social,extremely_close,13,3,3,1,0.0588235294117647,0.15280823,0.22387956,0.15786076,0.15533185,0.15845421
ab7ab8aa-2925-5871-842e-d02cc2ca8f94,gala,not_close,10,0,0,1,0.0666666666666666,0.36258376,0.29305857,0.39073783,0.35897562,0.38308117
ab7ab8aa-2925-5871-842e-d02cc2ca8f94,gala,not_close,10,0,1,6,0.4,0.24803236,0.2547296,0.25930107,0.2483613,0.25750896
ab7ab8aa-2925-5871-842e-d02cc2ca8f94,gala,not_close,10,0,2,6,0.4,0.21528816,0.24108168,0.20672406,0.2164861,0.20930924
ab7ab8aa-2925-5871-842e-d02cc2ca8f94,gala,not_close,10,0,3,2,0.1333333333333333,0.17409568,0.21113022,0.143237,0.17617695,0.15010062
ab7ab8aa-2925-5871-842e-d02cc2ca8f94,dip,close,6,2,0,7,0.3181818181818182,0.33769047,0.26539132,0.34952283,0.33498037,0.3457275
ab7ab8aa-2925-5871-842e-d02cc2ca8f94,dip,close,6,2,1,7,0.3181818181818182,0.2704545,0.25054428,0.28651547,0.27006677,0.28323793
ab7ab8aa-2925-5871-842e-d02cc2ca8f94,dip,close,6,2,2,6,0.2727272727272727,0.2244097,0.25625244,0.22507222,0.22533904,0.22567739
ab7ab8aa-2925-5871-842e-d02cc2ca8f94,dip,close,6,2,3,2,0.0909090909090909,0.16744532,0.22781193,0.13888952,0.16961384,0.1453572
ab7ab8aa-2925-5871-842e-d02cc2ca8f94,crabs,somewhat_close,5,1,0,1,0.0625,0.32949838,0.29960105,0.36052796,0.3272346,0.35396707
ab7ab8aa-2925-5871-842e-d02cc2ca8f94,crabs,somewhat_close,5,1,1,7,0.4375,0.32009298,0.23267563,0.37403747,0.31816855,0.36267853
ab7ab8aa-2925-5871-842e-d02cc2ca8f94,crabs,somewhat_close,5,1,2,3,0.1875,0.18702544,0.23678833,0.13190359,0.18890499,0.14269985
ab7ab8aa-2925-5871-842e-d02cc2ca8f94,crabs,somewhat_close,5,1,3,5,0.3125,0.16338322,0.23093499,0.13353097,0.16569182,0.14065453
ab7ab8aa-2925-5871-842e-d02cc2ca8f94,driving,close,8,2,0,2,0.125,0.32080168,0.28850093,0.30510676,0.3188238,0.30702308
ab7ab8aa-2925-5871-842e-d02cc2ca8f94,driving,close,8,2,1,6,0.375,0.31365657,0.23262726,0.3255142,0.31193233,0.32208744
ab7ab8aa-2925-5871-842e-d02cc2ca8f94,driving,close,8,2,2,2,0.125,0.21734229,0.23673908,0.21140538,0.21852566,0.21328457
ab7ab8aa-2925-5871-842e-d02cc2ca8f94,driving,close,8,2,3,6,0.375,0.14819951,0.24213271,0.15797366,0.1507182,0.1576049
ab7ab8aa-2925-5871-842e-d02cc2ca8f94,cooking,extremely_close,4,3,0,1,0.0526315789473684,0.32508844,0.28153455,0.26053262,0.32288563,0.27141792
ab7ab8aa-2925-5871-842e-d02cc2ca8f94,cooking,extremely_close,4,3,1,7,0.3684210526315789,0.30092797,0.22757895,0.31298968,0.2995782,0.31012288
ab7ab8aa-2925-5871-842e-d02cc2ca8f94,cooking,extremely_close,4,3,2,6,0.3157894736842105,0.21122348,0.2310226,0.23388302,0.21250805,0.23035794
ab7ab8aa-2925-5871-842e-d02cc2ca8f94,cooking,extremely_close,4,3,3,5,0.2631578947368421,0.16276015,0.2598639,0.19259474,0.1650281,0.18810125
ab7ab8aa-2925-5871-842e-d02cc2ca8f94,birthday,extremely_close,1,3,0,7,0.7,0.32165617,0.28021994,0.29297653,0.3196522,0.2974144
ab7ab8aa-2925-5871-842e-d02cc2ca8f94,birthday,extremely_close,1,3,1,1,0.1,0.31348172,0.22091691,0.2967644,0.311768,0.2991094
ab7ab8aa-2925-5871-842e-d02cc2ca8f94,birthday,extremely_close,1,3,2,1,0.1,0.21722111,0.24974371,0.24162844,0.21841055,0.2374631
ab7ab8aa-2925-5871-842e-d02cc2ca8f94,birthday,extremely_close,1,3,3,1,0.1,0.14764105,0.24911939,0.16863064,0.15016927,0.16601305
ab7ab8aa-2925-5871-842e-d02cc2ca8f94,conference,somewhat_close,3,1,0,5,0.2941176470588235,0.33627447,0.28567946,0.33678538,0.33383918,0.33548558
ab7ab8aa-2925-5871-842e-d02cc2ca8f94,conference,somewhat_close,3,1,1,6,0.3529411764705882,0.32249793,0.2440027,0.34514695,0.32056218,0.33959094
ab7ab8aa-2925-5871-842e-d02cc2ca8f94,conference,somewhat_close,3,1,2,5,0.2941176470588235,0.19272308,0.2495618,0.19635226,0.19453102,0.19690198
ab7ab8aa-2925-5871-842e-d02cc2ca8f94,conference,somewhat_close,3,1,3,1,0.0588235294117647,0.14850451,0.22075598,0.1217154,0.15106763,0.1280215
82d6b714-0379-5d87-b08c-9bac22bfbfe7,dip,close,6,2,0,3,0.375,0.33769047,0.26539132,0.34952283,0.33498037,0.3457275
82d6b714-0379-5d87-b08c-9bac22bfbfe7,dip,close,6,2,1,2,0.25,0.2704545,0.25054428,0.28651547,0.27006677,0.28323793
82d6b714-0379-5d87-b08c-9bac22bfbfe7,dip,close,6,2,2,1,0.125,0.2244097,0.25625244,0.22507222,0.22533904,0.22567739
82d6b714-0379-5d87-b08c-9bac22bfbfe7,dip,close,6,2,3,2,0.25,0.16744532,0.22781193,0.13888952,0.16961384,0.1453572
82d6b714-0379-5d87-b08c-9bac22bfbfe7,wedding,close,15,2,0,5,0.3125,0.30876625,0.29976675,0.30674273,0.30711403,0.3061728
82d6b714-0379-5d87-b08c-9bac22bfbfe7,wedding,close,15,2,1,6,0.375,0.29898903,0.2203311,0.27808088,0.29767475,0.2813681
82d6b714-0379-5d87-b08c-9bac22bfbfe7,wedding,close,15,2,2,3,0.1875,0.23715827,0.23514688,0.2490248,0.23775323,0.24702889
82d6b714-0379-5d87-b08c-9bac22bfbfe7,wedding,close,15,2,3,2,0.125,0.15508646,0.24475528,0.1661516,0.15745798,0.16543032
82d6b714-0379-5d87-b08c-9bac22bfbfe7,social,extremely_close,13,3,0,5,0.2631578947368421,0.38478413,0.29484272,0.35028762,0.38051066,0.35454354
82d6b714-0379-5d87-b08c-9bac22bfbfe7,social,extremely_close,13,3,1,6,0.3157894736842105,0.26153043,0.23070611,0.26098487,0.261622,0.26121816
82d6b714-0379-5d87-b08c-9bac22bfbfe7,social,extremely_close,13,3,2,5,0.2631578947368421,0.20087723,0.25057164,0.23086676,0.20253547,0.22578412
82d6b714-0379-5d87-b08c-9bac22bfbfe7,social,extremely_close,13,3,3,3,0.1578947368421052,0.15280823,0.22387956,0.15786076,0.15533185,0.15845421
82d6b714-0379-5d87-b08c-9bac22bfbfe7,driving,somewhat_close,8,1,0,5,0.3333333333333333,0.32080168,0.28850093,0.31517804,0.3188238,0.3153335
82d6b714-0379-5d87-b08c-9bac22bfbfe7,driving,somewhat_close,8,1,1,6,0.4,0.31365657,0.23262726,0.34766352,0.31193233,0.33977747
82d6b714-0379-5d87-b08c-9bac22bfbfe7,driving,somewhat_close,8,1,2,3,0.2,0.21734229,0.23673908,0.20519517,0.21852566,0.20837864
82d6b714-0379-5d87-b08c-9bac22bfbfe7,driving,somewhat_close,8,1,3,1,0.0666666666666666,0.14819951,0.24213271,0.13196324,0.1507182,0.13651037
82d6b714-0379-5d87-b08c-9bac22bfbfe7,crabs,extremely_close,5,3,0,3,0.1764705882352941,0.32949838,0.29960105,0.32724842,0.3272346,0.32636657
82d6b714-0379-5d87-b08c-9bac22bfbfe7,crabs,extremely_close,5,3,1,6,0.3529411764705882,0.32009298,0.23267563,0.31487674,0.31816855,0.31478795
82d6b714-0379-5d87-b08c-9bac22bfbfe7,crabs,extremely_close,5,3,2,5,0.2941176470588235,0.18702544,0.23678833,0.17663889,0.18890499,0.17975125
82d6b714-0379-5d87-b08c-9bac22bfbfe7,crabs,extremely_close,5,3,3,3,0.1764705882352941,0.16338322,0.23093499,0.18123591,0.16569182,0.17909427
82d6b714-0379-5d87-b08c-9bac22bfbfe7,fair,somewhat_close,9,1,0,5,0.3125,0.32837287,0.2946545,0.29791787,0.32618845,0.30253178
82d6b714-0379-5d87-b08c-9bac22bfbfe7,fair,somewhat_close,9,1,1,6,0.375,0.32105917,0.21227996,0.32904878,0.31913775,0.32632118
82d6b714-0379-5d87-b08c-9bac22bfbfe7,fair,somewhat_close,9,1,2,3,0.1875,0.20461664,0.2554765,0.2179913,0.20614377,0.21628724
82d6b714-0379-5d87-b08c-9bac22bfbfe7,fair,somewhat_close,9,1,3,2,0.125,0.14595127,0.23758905,0.15504195,0.14853,0.15485977
82d6b714-0379-5d87-b08c-9bac22bfbfe7,birthday,not_close,1,0,0,6,0.4,0.32165617,0.28021994,0.37109387,0.3196522,0.36021808
82d6b714-0379-5d87-b08c-9bac22bfbfe7,birthday,not_close,1,0,1,5,0.3333333333333333,0.31348172,0.22091691,0.33231905,0.311768,0.32817322
82d6b714-0379-5d87-b08c-9bac22bfbfe7,birthday,not_close,1,0,2,3,0.2,0.21722111,0.24974371,0.17350394,0.21841055,0.18240416
82d6b714-0379-5d87-b08c-9bac22bfbfe7,birthday,not_close,1,0,3,1,0.0666666666666666,0.14764105,0.24911939,0.12308306,0.15016927,0.12920454
82d6b714-0379-5d87-b08c-9bac22bfbfe7,hike,not_close,11,0,0,6,0.4,0.33404678,0.30082837,0.37751567,0.33169934,0.36750683
82d6b714-0379-5d87-b08c-9bac22bfbfe7,hike,not_close,11,0,1,5,0.3333333333333333,0.32451156,0.21243119,0.33200538,0.32250962,0.3297955
82d6b714-0379-5d87-b08c-9bac22bfbfe7,hike,not_close,11,0,2,3,0.2,0.19580749,0.25311163,0.16379511,0.19755435,0.1708626
82d6b714-0379-5d87-b08c-9bac22bfbfe7,hike,not_close,11,0,3,1,0.0666666666666666,0.14563413,0.23362878,0.12668388,0.14823666,0.13183501
82d6b714-0379-5d87-b08c-9bac22bfbfe7,conference,extremely_close,3,3,0,3,0.2,0.33627447,0.28567946,0.31225505,0.33383918,0.31567898
82d6b714-0379-5d87-b08c-9bac22bfbfe7,conference,extremely_close,3,3,1,6,0.4,0.32249793,0.2440027,0.29103574,0.32056218,0.29611537
82d6b714-0379-5d87-b08c-9bac22bfbfe7,conference,extremely_close,3,3,2,5,0.3333333333333333,0.19272308,0.2495618,0.23289657,0.19453102,0.22576019
82d6b714-0379-5d87-b08c-9bac22bfbfe7,conference,extremely_close,3,3,3,1,0.0666666666666666,0.14850451,0.22075598,0.16381264,0.15106763,0.16244544
82d6b714-0379-5d87-b08c-9bac22bfbfe7,drinks,not_close,7,0,0,6,0.4,0.33517203,0.25649023,0.30263433,0.33253023,0.30758438
82d6b714-0379-5d87-b08c-9bac22bfbfe7,drinks,not_close,7,0,1,5,0.3333333333333333,0.26757511,0.23912959,0.31184286,0.2672558,0.30257833
82d6b714-0379-5d87-b08c-9bac22bfbfe7,drinks,not_close,7,0,2,3,0.2,0.22562149,0.24335633,0.22425486,0.22650158,0.22524028
82d6b714-0379-5d87-b08c-9bac22bfbfe7,drinks,not_close,7,0,3,1,0.0666666666666666,0.17163132,0.26102385,0.16126789,0.17371236,0.16459699
82d6b714-0379-5d87-b08c-9bac22bfbfe7,soup,somewhat_close,14,1,0,7,0.3888888888888889,0.33818597,0.3010139,0.34452966,0.33563444,0.3417673
82d6b714-0379-5d87-b08c-9bac22bfbfe7,soup,somewhat_close,14,1,1,6,0.3333333333333333,0.31507322,0.22628844,0.3189721,0.31335708,0.31721324
82d6b714-0379-5d87-b08c-9bac22bfbfe7,soup,somewhat_close,14,1,2,3,0.1666666666666666,0.18950173,0.22069465,0.19080658,0.19134966,0.1917101
82d6b714-0379-5d87-b08c-9bac22bfbfe7,soup,somewhat_close,14,1,3,2,0.1111111111111111,0.15723914,0.25200298,0.14569166,0.15965882,0.14930934
82d6b714-0379-5d87-b08c-9bac22bfbfe7,basketball,close,0,2,0,3,0.1875,0.3173009,0.27931517,0.331041,0.3154185,0.32719913
82d6b714-0379-5d87-b08c-9bac22bfbfe7,basketball,close,0,2,1,6,0.375,0.31123364,0.2196531,0.3025721,0.3095655,0.30337024
82d6b714-0379-5d87-b08c-9bac22bfbfe7,basketball,close,0,2,2,5,0.3125,0.22057617,0.24769424,0.19962241,0.22165884,0.20426738
82d6b714-0379-5d87-b08c-9bac22bfbfe7,basketball,close,0,2,3,2,0.125,0.15088934,0.25333744,0.16676445,0.15335715,0.16516323
82d6b714-0379-5d87-b08c-9bac22bfbfe7,cooking,somewhat_close,4,1,0,2,0.1333333333333333,0.32508844,0.28153455,0.3038481,0.32288563,0.30680162
82d6b714-0379-5d87-b08c-9bac22bfbfe7,cooking,somewhat_close,4,1,1,6,0.4,0.30092797,0.22757895,0.3294611,0.2995782,0.32287404
82d6b714-0379-5d87-b08c-9bac22bfbfe7,cooking,somewhat_close,4,1,2,5,0.3333333333333333,0.21122348,0.2310226,0.2139687,0.21250805,0.21430032
82d6b714-0379-5d87-b08c-9bac22bfbfe7,cooking,somewhat_close,4,1,3,2,0.1333333333333333,0.16276015,0.2598639,0.15272212,0.1650281,0.15602408
82d6b714-0379-5d87-b08c-9bac22bfbfe7,brunch,not_close,2,0,0,6,0.375,0.30243197,0.3026591,0.35060638,0.30091482,0.34033895
82d6b714-0379-5d87-b08c-9bac22bfbfe7,brunch,not_close,2,0,1,5,0.3125,0.29379916,0.21859324,0.3063659,0.29257798,0.30384555
82d6b714-0379-5d87-b08c-9bac22bfbfe7,brunch,not_close,2,0,2,3,0.1875,0.22932231,0.23039065,0.22114328,0.23006326,0.22373937
82d6b714-0379-5d87-b08c-9bac22bfbfe7,brunch,not_close,2,0,3,2,0.125,0.17444655,0.24835704,0.121884465,0.17644392,0.13207617
82d6b714-0379-5d87-b08c-9bac22bfbfe7,oysters,close,12,2,0,4,0.25,0.3400336,0.31127194,0.3257782,0.3373747,0.3269814
82d6b714-0379-5d87-b08c-9bac22bfbfe7,oysters,close,12,2,1,5,0.3125,0.30284005,0.21870834,0.30453157,0.3015121,0.30337986
82d6b714-0379-5d87-b08c-9bac22bfbfe7,oysters,close,12,2,2,5,0.3125,0.20254946,0.2491106,0.20594548,0.20409547,0.20621069
82d6b714-0379-5d87-b08c-9bac22bfbfe7,oysters,close,12,2,3,2,0.125,0.15457693,0.22090909,0.16374475,0.1570177,0.1634281
82d6b714-0379-5d87-b08c-9bac22bfbfe7,gala,extremely_close,10,3,0,3,0.1578947368421052,0.36258376,0.29305857,0.27085638,0.35897562,0.28588986
82d6b714-0379-5d87-b08c-9bac22bfbfe7,gala,extremely_close,10,3,1,6,0.3157894736842105,0.24803236,0.2547296,0.27790543,0.2483613,0.27260363
82d6b714-0379-5d87-b08c-9bac22bfbfe7,gala,extremely_close,10,3,2,5,0.2631578947368421,0.21528816,0.24108168,0.25729015,0.2164861,0.2498217
82d6b714-0379-5d87-b08c-9bac22bfbfe7,gala,extremely_close,10,3,3,5,0.2631578947368421,0.17409568,0.21113022,0.19394808,0.17617695,0.19168487
32c001a6-b436-5c06-9a71-e2e2a94ca257,dip,extremely_close,6,3,0,6,0.2727272727272727,0.33769047,0.26539132,0.3300849,0.33498037,0.3299841
32c001a6-b436-5c06-9a71-e2e2a94ca257,dip,extremely_close,6,3,1,6,0.2727272727272727,0.2704545,0.25054428,0.27360496,0.27006677,0.27276102
32c001a6-b436-5c06-9a71-e2e2a94ca257,dip,extremely_close,6,3,2,5,0.2272727272727272,0.2244097,0.25625244,0.23491126,0.22533904,0.23339608
32c001a6-b436-5c06-9a71-e2e2a94ca257,dip,extremely_close,6,3,3,5,0.2272727272727272,0.16744532,0.22781193,0.16139889,0.16961384,0.1638588
32c001a6-b436-5c06-9a71-e2e2a94ca257,fair,extremely_close,9,3,0,5,0.238095238095238,0.32837287,0.2946545,0.32941785,0.32618845,0.32789174
32c001a6-b436-5c06-9a71-e2e2a94ca257,fair,extremely_close,9,3,1,6,0.2857142857142857,0.32105917,0.21227996,0.31025007,0.31913775,0.3112323
32c001a6-b436-5c06-9a71-e2e2a94ca257,fair,extremely_close,9,3,2,5,0.238095238095238,0.20461664,0.2554765,0.19988796,0.20614377,0.2017246
32c001a6-b436-5c06-9a71-e2e2a94ca257,fair,extremely_close,9,3,3,5,0.238095238095238,0.14595127,0.23758905,0.1604442,0.14853,0.1591514
32c001a6-b436-5c06-9a71-e2e2a94ca257,social,somewhat_close,13,1,0,5,0.3333333333333333,0.38478413,0.29484272,0.3939905,0.38051066,0.38956168
32c001a6-b436-5c06-9a71-e2e2a94ca257,social,somewhat_close,13,1,1,5,0.3333333333333333,0.26153043,0.23070611,0.2552778,0.261622,0.25658923
32c001a6-b436-5c06-9a71-e2e2a94ca257,social,somewhat_close,13,1,2,3,0.2,0.20087723,0.25057164,0.20189984,0.20253547,0.20272948
32c001a6-b436-5c06-9a71-e2e2a94ca257,social,somewhat_close,13,1,3,2,0.1333333333333333,0.15280823,0.22387956,0.14883181,0.15533185,0.15111957
32c001a6-b436-5c06-9a71-e2e2a94ca257,wedding,close,15,2,0,6,0.4,0.30876625,0.29976675,0.30674273,0.30711403,0.3061728
32c001a6-b436-5c06-9a71-e2e2a94ca257,wedding,close,15,2,1,2,0.1333333333333333,0.29898903,0.2203311,0.27808088,0.29767475,0.2813681
32c001a6-b436-5c06-9a71-e2e2a94ca257,wedding,close,15,2,2,2,0.1333333333333333,0.23715827,0.23514688,0.2490248,0.23775323,0.24702889
32c001a6-b436-5c06-9a71-e2e2a94ca257,wedding,close,15,2,3,5,0.3333333333333333,0.15508646,0.24475528,0.1661516,0.15745798,0.16543032
32c001a6-b436-5c06-9a71-e2e2a94ca257,cooking,not_close,4,0,0,2,0.1333333333333333,0.32508844,0.28153455,0.3056378,0.32288563,0.3086708
32c001a6-b436-5c06-9a71-e2e2a94ca257,cooking,not_close,4,0,1,6,0.4,0.30092797,0.22757895,0.36421698,0.2995782,0.35040545
32c001a6-b436-5c06-9a71-e2e2a94ca257,cooking,not_close,4,0,2,5,0.3333333333333333,0.21122348,0.2310226,0.18061243,0.21250805,0.1873101
32c001a6-b436-5c06-9a71-e2e2a94ca257,cooking,not_close,4,0,3,2,0.1333333333333333,0.16276015,0.2598639,0.14953284,0.1650281,0.15361361
32c001a6-b436-5c06-9a71-e2e2a94ca257,soup,extremely_close,14,3,0,6,0.3333333333333333,0.33818597,0.3010139,0.31913835,0.33563444,0.32138214
32c001a6-b436-5c06-9a71-e2e2a94ca257,soup,extremely_close,14,3,1,5,0.2777777777777778,0.31507322,0.22628844,0.29832476,0.31335708,0.30060738
32c001a6-b436-5c06-9a71-e2e2a94ca257,soup,extremely_close,14,3,2,4,0.2222222222222222,0.18950173,0.22069465,0.210552,0.19134966,0.20745501
32c001a6-b436-5c06-9a71-e2e2a94ca257,soup,extremely_close,14,3,3,3,0.1666666666666666,0.15723914,0.25200298,0.17198491,0.15965882,0.17055549
32c001a6-b436-5c06-9a71-e2e2a94ca257,oysters,not_close,12,0,0,5,0.25,0.3400336,0.31127194,0.3653165,0.3373747,0.35897037
32c001a6-b436-5c06-9a71-e2e2a94ca257,oysters,not_close,12,0,1,6,0.3,0.30284005,0.21870834,0.32647744,0.3015121,0.32125935
32c001a6-b436-5c06-9a71-e2e2a94ca257,oysters,not_close,12,0,2,5,0.25,0.20254946,0.2491106,0.18403101,0.20409547,0.1886821
32c001a6-b436-5c06-9a71-e2e2a94ca257,oysters,not_close,12,0,3,4,0.2,0.15457693,0.22090909,0.12417514,0.1570177,0.13108808
32c001a6-b436-5c06-9a71-e2e2a94ca257,hike,somewhat_close,11,1,0,5,0.238095238095238,0.33404678,0.30082837,0.33502132,0.33169934,0.3334202
32c001a6-b436-5c06-9a71-e2e2a94ca257,hike,somewhat_close,11,1,1,6,0.2857142857142857,0.32451156,0.21243119,0.32786852,0.32250962,0.32599643
32c001a6-b436-5c06-9a71-e2e2a94ca257,hike,somewhat_close,11,1,2,5,0.238095238095238,0.19580749,0.25311163,0.19115357,0.19755435,0.19311021
32c001a6-b436-5c06-9a71-e2e2a94ca257,hike,somewhat_close,11,1,3,5,0.238095238095238,0.14563413,0.23362878,0.14595659,0.14823666,0.1474731
32c001a6-b436-5c06-9a71-e2e2a94ca257,driving,extremely_close,8,3,0,3,0.1764705882352941,0.32080168,0.28850093,0.27412885,0.3188238,0.28191045
32c001a6-b436-5c06-9a71-e2e2a94ca257,driving,extremely_close,8,3,1,5,0.2941176470588235,0.31365657,0.23262726,0.3215029,0.31193233,0.31907967
32c001a6-b436-5c06-9a71-e2e2a94ca257,driving,extremely_close,8,3,2,4,0.2352941176470588,0.21734229,0.23673908,0.22807299,0.21852566,0.2268027
32c001a6-b436-5c06-9a71-e2e2a94ca257,driving,extremely_close,8,3,3,5,0.2941176470588235,0.14819951,0.24213271,0.17629525,0.1507182,0.17220715
32c001a6-b436-5c06-9a71-e2e2a94ca257,crabs,close,5,2,0,6,0.3,0.32949838,0.29960105,0.31679517,0.3272346,0.318014
32c001a6-b436-5c06-9a71-e2e2a94ca257,crabs,close,5,2,1,4,0.2,0.32009298,0.23267563,0.34010246,0.31816855,0.3349067
32c001a6-b436-5c06-9a71-e2e2a94ca257,crabs,close,5,2,2,5,0.25,0.18702544,0.23678833,0.18733868,0.18890499,0.18845895
32c001a6-b436-5c06-9a71-e2e2a94ca257,crabs,close,5,2,3,5,0.25,0.16338322,0.23093499,0.1557637,0.16569182,0.15862034
32c001a6-b436-5c06-9a71-e2e2a94ca257,birthday,not_close,1,0,0,5,0.238095238095238,0.32165617,0.28021994,0.37109387,0.3196522,0.36021808
32c001a6-b436-5c06-9a71-e2e2a94ca257,birthday,not_close,1,0,1,5,0.238095238095238,0.31348172,0.22091691,0.33231905,0.311768,0.32817322
32c001a6-b436-5c06-9a71-e2e2a94ca257,birthday,not_close,1,0,2,6,0.2857142857142857,0.21722111,0.24974371,0.17350394,0.21841055,0.18240416
32c001a6-b436-5c06-9a71-e2e2a94ca257,birthday,not_close,1,0,3,5,0.238095238095238,0.14764105,0.24911939,0.12308306,0.15016927,0.12920454
32c001a6-b436-5c06-9a71-e2e2a94ca257,conference,close,3,2,0,5,0.238095238095238,0.33627447,0.28567946,0.32390398,0.33383918,0.32497996
32c001a6-b436-5c06-9a71-e2e2a94ca257,conference,close,3,2,1,6,0.2857142857142857,0.32249793,0.2440027,0.31270492,0.32056218,0.31356868
32c001a6-b436-5c06-9a71-e2e2a94ca257,conference,close,3,2,2,5,0.238095238095238,0.19272308,0.2495618,0.22254248,0.19453102,0.21759544
32c001a6-b436-5c06-9a71-e2e2a94ca257,conference,close,3,2,3,5,0.238095238095238,0.14850451,0.22075598,0.1408486,0.15106763,0.14385588
32c001a6-b436-5c06-9a71-e2e2a94ca257,basketball,not_close,0,0,0,5,0.238095238095238,0.3173009,0.27931517,0.40210518,0.3154185,0.38488865
32c001a6-b436-5c06-9a71-e2e2a94ca257,basketball,not_close,0,0,1,6,0.2857142857142857,0.31123364,0.2196531,0.34911686,0.3095655,0.34244534
32c001a6-b436-5c06-9a71-e2e2a94ca257,basketball,not_close,0,0,2,5,0.238095238095238,0.22057617,0.24769424,0.14574708,0.22165884,0.15971808
32c001a6-b436-5c06-9a71-e2e2a94ca257,basketball,not_close,0,0,3,5,0.238095238095238,0.15088934,0.25333744,0.10303085,0.15335715,0.11294795
32c001a6-b436-5c06-9a71-e2e2a94ca257,brunch,somewhat_close,2,1,0,6,0.3333333333333333,0.30243197,0.3026591,0.31512022,0.30091482,0.31172588
32c001a6-b436-5c06-9a71-e2e2a94ca257,brunch,somewhat_close,2,1,1,4,0.2222222222222222,0.29379916,0.21859324,0.28702608,0.29257798,0.28772363
32c001a6-b436-5c06-9a71-e2e2a94ca257,brunch,somewhat_close,2,1,2,3,0.1666666666666666,0.22932231,0.23039065,0.24061216,0.23006326,0.23888367
32c001a6-b436-5c06-9a71-e2e2a94ca257,brunch,somewhat_close,2,1,3,5,0.2777777777777778,0.17444655,0.24835704,0.15724157,0.17644392,0.16166675
32c001a6-b436-5c06-9a71-e2e2a94ca257,drinks,close,7,2,0,5,0.3125,0.33517203,0.25649023,0.3006383,0.33253023,0.30577487
32c001a6-b436-5c06-9a71-e2e2a94ca257,drinks,close,7,2,1,3,0.1875,0.26757511,0.23912959,0.2817904,0.2672558,0.2787861
32c001a6-b436-5c06-9a71-e2e2a94ca257,drinks,close,7,2,2,3,0.1875,0.22562149,0.24335633,0.23456235,0.22650158,0.23337154
32c001a6-b436-5c06-9a71-e2e2a94ca257,drinks,close,7,2,3,5,0.3125,0.17163132,0.26102385,0.18300895,0.17371236,0.18206751
32c001a6-b436-5c06-9a71-e2e2a94ca257,gala,somewhat_close,10,1,0,3,0.1666666666666666,0.36258376,0.29305857,0.32763717,0.35897562,0.33230746
32c001a6-b436-5c06-9a71-e2e2a94ca257,gala,somewhat_close,10,1,1,5,0.2777777777777778,0.24803236,0.2547296,0.2531211,0.2483613,0.25235286
32c001a6-b436-5c06-9a71-e2e2a94ca257,gala,somewhat_close,10,1,2,6,0.3333333333333333,0.21528816,0.24108168,0.2304504,0.2164861,0.2281751
32c001a6-b436-5c06-9a71-e2e2a94ca257,gala,somewhat_close,10,1,3,4,0.2222222222222222,0.17409568,0.21113022,0.18879129,0.17617695,0.18716459
5cbcfc70-6578-5f86-81f8-8df7b6a09dec,birthday,extremely_close,1,3,0,3,0.2142857142857142,0.32165617,0.28021994,0.29297653,0.3196522,0.2974144
5cbcfc70-6578-5f86-81f8-8df7b6a09dec,birthday,extremely_close,1,3,1,6,0.4285714285714285,0.31348172,0.22091691,0.2967644,0.311768,0.2991094
5cbcfc70-6578-5f86-81f8-8df7b6a09dec,birthday,extremely_close,1,3,2,4,0.2857142857142857,0.21722111,0.24974371,0.24162844,0.21841055,0.2374631
5cbcfc70-6578-5f86-81f8-8df7b6a09dec,birthday,extremely_close,1,3,3,1,0.0714285714285714,0.14764105,0.24911939,0.16863064,0.15016927,0.16601305
5cbcfc70-6578-5f86-81f8-8df7b6a09dec,soup,extremely_close,14,3,0,5,0.3571428571428571,0.33818597,0.3010139,0.31913835,0.33563444,0.32138214
5cbcfc70-6578-5f86-81f8-8df7b6a09dec,soup,extremely_close,14,3,1,6,0.4285714285714285,0.31507322,0.22628844,0.29832476,0.31335708,0.30060738
5cbcfc70-6578-5f86-81f8-8df7b6a09dec,soup,extremely_close,14,3,2,2,0.1428571428571428,0.18950173,0.22069465,0.210552,0.19134966,0.20745501
5cbcfc70-6578-5f86-81f8-8df7b6a09dec,soup,extremely_close,14,3,3,1,0.0714285714285714,0.15723914,0.25200298,0.17198491,0.15965882,0.17055549
5cbcfc70-6578-5f86-81f8-8df7b6a09dec,social,not_close,13,0,0,3,0.5,0.38478413,0.29484272,0.45282483,0.38051066,0.43652424
5cbcfc70-6578-5f86-81f8-8df7b6a09dec,social,not_close,13,0,1,1,0.1666666666666666,0.26153043,0.23070611,0.24479835,0.261622,0.24863854
5cbcfc70-6578-5f86-81f8-8df7b6a09dec,social,not_close,13,0,2,1,0.1666666666666666,0.20087723,0.25057164,0.17145851,0.20253547,0.17819941
5cbcfc70-6578-5f86-81f8-8df7b6a09dec,social,not_close,13,0,3,1,0.1666666666666666,0.15280823,0.22387956,0.13091831,0.15533185,0.1366378
5cbcfc70-6578-5f86-81f8-8df7b6a09dec,conference,not_close,3,0,0,6,0.5,0.33627447,0.28567946,0.33324155,0.33383918,0.33397454
5cbcfc70-6578-5f86-81f8-8df7b6a09dec,conference,not_close,3,0,1,3,0.25,0.32249793,0.2440027,0.41457385,0.32056218,0.3949526
5cbcfc70-6578-5f86-81f8-8df7b6a09dec,conference,not_close,3,0,2,2,0.1666666666666666,0.19272308,0.2495618,0.14458562,0.19453102,0.15464573
5cbcfc70-6578-5f86-81f8-8df7b6a09dec,conference,not_close,3,0,3,1,0.0833333333333333,0.14850451,0.22075598,0.10759906,0.15106763,0.11642715
5cbcfc70-6578-5f86-81f8-8df7b6a09dec,hike,extremely_close,11,3,0,5,0.3846153846153846,0.33404678,0.30082837,0.33788186,0.33169934,0.33572078
5cbcfc70-6578-5f86-81f8-8df7b6a09dec,hike,extremely_close,11,3,1,5,0.3846153846153846,0.32451156,0.21243119,0.2973505,0.32250962,0.3014346
5cbcfc70-6578-5f86-81f8-8df7b6a09dec,hike,extremely_close,11,3,2,2,0.1538461538461538,0.19580749,0.25311163,0.20556362,0.19755435,0.2047168
5cbcfc70-6578-5f86-81f8-8df7b6a09dec,hike,extremely_close,11,3,3,1,0.0769230769230769,0.14563413,0.23362878,0.15920395,0.14823666,0.15812786
5cbcfc70-6578-5f86-81f8-8df7b6a09dec,fair,close,9,2,0,4,0.3076923076923077,0.32837287,0.2946545,0.34993604,0.32618845,0.3445345
5cbcfc70-6578-5f86-81f8-8df7b6a09dec,fair,close,9,2,1,6,0.4615384615384615,0.32105917,0.21227996,0.34182274,0.31913775,0.33674547
5cbcfc70-6578-5f86-81f8-8df7b6a09dec,fair,close,9,2,2,2,0.1538461538461538,0.20461664,0.2554765,0.18358052,0.20614377,0.18860486
5cbcfc70-6578-5f86-81f8-8df7b6a09dec,fair,close,9,2,3,1,0.0769230769230769,0.14595127,0.23758905,0.12466064,0.14853,0.13011518
5cbcfc70-6578-5f86-81f8-8df7b6a09dec,brunch,somewhat_close,2,1,0,5,0.3125,0.30243197,0.3026591,0.31512022,0.30091482,0.31172588
5cbcfc70-6578-5f86-81f8-8df7b6a09dec,brunch,somewhat_close,2,1,1,6,0.375,0.29379916,0.21859324,0.28702608,0.29257798,0.28772363
5cbcfc70-6578-5f86-81f8-8df7b6a09dec,brunch,somewhat_close,2,1,2,3,0.1875,0.22932231,0.23039065,0.24061216,0.23006326,0.23888367
5cbcfc70-6578-5f86-81f8-8df7b6a09dec,brunch,somewhat_close,2,1,3,2,0.125,0.17444655,0.24835704,0.15724157,0.17644392,0.16166675
5cbcfc70-6578-5f86-81f8-8df7b6a09dec,oysters,extremely_close,12,3,0,3,0.2142857142857142,0.3400336,0.31127194,0.34521964,0.3373747,0.3425975
5cbcfc70-6578-5f86-81f8-8df7b6a09dec,oysters,extremely_close,12,3,1,6,0.4285714285714285,0.30284005,0.21870834,0.30538067,0.3015121,0.30410308
5cbcfc70-6578-5f86-81f8-8df7b6a09dec,oysters,extremely_close,12,3,2,3,0.2142857142857142,0.20254946,0.2491106,0.20126957,0.20409547,0.20247553
5cbcfc70-6578-5f86-81f8-8df7b6a09dec,oysters,extremely_close,12,3,3,2,0.1428571428571428,0.15457693,0.22090909,0.1481301,0.1570177,0.15082388
5cbcfc70-6578-5f86-81f8-8df7b6a09dec,basketball,close,0,2,0,3,0.2142857142857142,0.3173009,0.27931517,0.331041,0.3154185,0.32719913
5cbcfc70-6578-5f86-81f8-8df7b6a09dec,basketball,close,0,2,1,6,0.4285714285714285,0.31123364,0.2196531,0.3025721,0.3095655,0.30337024
5cbcfc70-6578-5f86-81f8-8df7b6a09dec,basketball,close,0,2,2,3,0.2142857142857142,0.22057617,0.24769424,0.19962241,0.22165884,0.20426738
5cbcfc70-6578-5f86-81f8-8df7b6a09dec,basketball,close,0,2,3,2,0.1428571428571428,0.15088934,0.25333744,0.16676445,0.15335715,0.16516323
5cbcfc70-6578-5f86-81f8-8df7b6a09dec,wedding,close,15,2,0,3,0.2142857142857142,0.30876625,0.29976675,0.30674273,0.30711403,0.3061728
5cbcfc70-6578-5f86-81f8-8df7b6a09dec,wedding,close,15,2,1,6,0.4285714285714285,0.29898903,0.2203311,0.27808088,0.29767475,0.2813681
5cbcfc70-6578-5f86-81f8-8df7b6a09dec,wedding,close,15,2,2,3,0.2142857142857142,0.23715827,0.23514688,0.2490248,0.23775323,0.24702889
5cbcfc70-6578-5f86-81f8-8df7b6a09dec,wedding,close,15,2,3,2,0.1428571428571428,0.15508646,0.24475528,0.1661516,0.15745798,0.16543032
5cbcfc70-6578-5f86-81f8-8df7b6a09dec,driving,close,8,2,0,5,0.3571428571428571,0.32080168,0.28850093,0.30510676,0.3188238,0.30702308
5cbcfc70-6578-5f86-81f8-8df7b6a09dec,driving,close,8,2,1,6,0.4285714285714285,0.31365657,0.23262726,0.3255142,0.31193233,0.32208744
5cbcfc70-6578-5f86-81f8-8df7b6a09dec,driving,close,8,2,2,2,0.1428571428571428,0.21734229,0.23673908,0.21140538,0.21852566,0.21328457
5cbcfc70-6578-5f86-81f8-8df7b6a09dec,driving,close,8,2,3,1,0.0714285714285714,0.14819951,0.24213271,0.15797366,0.1507182,0.1576049
5cbcfc70-6578-5f86-81f8-8df7b6a09dec,drinks,somewhat_close,7,1,0,6,0.4615384615384615,0.33517203,0.25649023,0.35535023,0.33253023,0.35018
5cbcfc70-6578-5f86-81f8-8df7b6a09dec,drinks,somewhat_close,7,1,1,4,0.3076923076923077,0.26757511,0.23912959,0.3067269,0.2672558,0.29884645
5cbcfc70-6578-5f86-81f8-8df7b6a09dec,drinks,somewhat_close,7,1,2,2,0.1538461538461538,0.22562149,0.24335633,0.19969311,0.22650158,0.20539983
5cbcfc70-6578-5f86-81f8-8df7b6a09dec,drinks,somewhat_close,7,1,3,1,0.0769230769230769,0.17163132,0.26102385,0.13822965,0.17371236,0.14557375
5cbcfc70-6578-5f86-81f8-8df7b6a09dec,gala,somewhat_close,10,1,0,3,0.1875,0.36258376,0.29305857,0.32763717,0.35897562,0.33230746
5cbcfc70-6578-5f86-81f8-8df7b6a09dec,gala,somewhat_close,10,1,1,5,0.3125,0.24803236,0.2547296,0.2531211,0.2483613,0.25235286
5cbcfc70-6578-5f86-81f8-8df7b6a09dec,gala,somewhat_close,10,1,2,6,0.375,0.21528816,0.24108168,0.2304504,0.2164861,0.2281751
5cbcfc70-6578-5f86-81f8-8df7b6a09dec,gala,somewhat_close,10,1,3,2,0.125,0.17409568,0.21113022,0.18879129,0.17617695,0.18716459
5cbcfc70-6578-5f86-81f8-8df7b6a09dec,crabs,somewhat_close,5,1,0,3,0.3,0.32949838,0.29960105,0.36052796,0.3272346,0.35396707
5cbcfc70-6578-5f86-81f8-8df7b6a09dec,crabs,somewhat_close,5,1,1,4,0.4,0.32009298,0.23267563,0.37403747,0.31816855,0.36267853
5cbcfc70-6578-5f86-81f8-8df7b6a09dec,crabs,somewhat_close,5,1,2,2,0.2,0.18702544,0.23678833,0.13190359,0.18890499,0.14269985
5cbcfc70-6578-5f86-81f8-8df7b6a09dec,crabs,somewhat_close,5,1,3,1,0.1,0.16338322,0.23093499,0.13353097,0.16569182,0.14065453
5cbcfc70-6578-5f86-81f8-8df7b6a09dec,dip,not_close,6,0,0,4,0.4,0.33769047,0.26539132,0.4222383,0.33498037,0.40336716
5cbcfc70-6578-5f86-81f8-8df7b6a09dec,dip,not_close,6,0,1,3,0.3,0.2704545,0.25054428,0.24091707,0.27006677,0.24709393
5cbcfc70-6578-5f86-81f8-8df7b6a09dec,dip,not_close,6,0,2,2,0.2,0.2244097,0.25625244,0.20938475,0.22533904,0.2135127
5cbcfc70-6578-5f86-81f8-8df7b6a09dec,dip,not_close,6,0,3,1,0.1,0.16744532,0.22781193,0.12745976,0.16961384,0.13602626
5cbcfc70-6578-5f86-81f8-8df7b6a09dec,cooking,not_close,4,0,0,2,0.1818181818181818,0.32508844,0.28153455,0.3056378,0.32288563,0.3086708
5cbcfc70-6578-5f86-81f8-8df7b6a09dec,cooking,not_close,4,0,1,6,0.5454545454545454,0.30092797,0.22757895,0.36421698,0.2995782,0.35040545
5cbcfc70-6578-5f86-81f8-8df7b6a09dec,cooking,not_close,4,0,2,2,0.1818181818181818,0.21122348,0.2310226,0.18061243,0.21250805,0.1873101
5cbcfc70-6578-5f86-81f8-8df7b6a09dec,cooking,not_close,4,0,3,1,0.0909090909090909,0.16276015,0.2598639,0.14953284,0.1650281,0.15361361
0991ac05-2b20-5b18-83c1-d8bea47bf4da,social,not_close,13,0,0,2,0.4,0.38478413,0.29484272,0.45282483,0.38051066,0.43652424
0991ac05-2b20-5b18-83c1-d8bea47bf4da,social,not_close,13,0,1,1,0.2,0.26153043,0.23070611,0.24479835,0.261622,0.24863854
0991ac05-2b20-5b18-83c1-d8bea47bf4da,social,not_close,13,0,2,1,0.2,0.20087723,0.25057164,0.17145851,0.20253547,0.17819941
0991ac05-2b20-5b18-83c1-d8bea47bf4da,social,not_close,13,0,3,1,0.2,0.15280823,0.22387956,0.13091831,0.15533185,0.1366378
0991ac05-2b20-5b18-83c1-d8bea47bf4da,driving,not_close,8,0,0,5,0.4545454545454545,0.32080168,0.28850093,0.32237765,0.3188238,0.32171026
0991ac05-2b20-5b18-83c1-d8bea47bf4da,driving,not_close,8,0,1,4,0.3636363636363636,0.31365657,0.23262726,0.37901825,0.31193233,0.3648442
0991ac05-2b20-5b18-83c1-d8bea47bf4da,driving,not_close,8,0,2,1,0.0909090909090909,0.21734229,0.23673908,0.18294969,0.21852566,0.19041178
0991ac05-2b20-5b18-83c1-d8bea47bf4da,driving,not_close,8,0,3,1,0.0909090909090909,0.14819951,0.24213271,0.11565435,0.1507182,0.12303381
0991ac05-2b20-5b18-83c1-d8bea47bf4da,cooking,somewhat_close,4,1,0,2,0.1666666666666666,0.32508844,0.28153455,0.3038481,0.32288563,0.30680162
0991ac05-2b20-5b18-83c1-d8bea47bf4da,cooking,somewhat_close,4,1,1,7,0.5833333333333334,0.30092797,0.22757895,0.3294611,0.2995782,0.32287404
0991ac05-2b20-5b18-83c1-d8bea47bf4da,cooking,somewhat_close,4,1,2,2,0.1666666666666666,0.21122348,0.2310226,0.2139687,0.21250805,0.21430032
0991ac05-2b20-5b18-83c1-d8bea47bf4da,cooking,somewhat_close,4,1,3,1,0.0833333333333333,0.16276015,0.2598639,0.15272212,0.1650281,0.15602408
0991ac05-2b20-5b18-83c1-d8bea47bf4da,dip,extremely_close,6,3,0,6,0.3333333333333333,0.33769047,0.26539132,0.3300849,0.33498037,0.3299841
0991ac05-2b20-5b18-83c1-d8bea47bf4da,dip,extremely_close,6,3,1,4,0.2222222222222222,0.2704545,0.25054428,0.27360496,0.27006677,0.27276102
0991ac05-2b20-5b18-83c1-d8bea47bf4da,dip,extremely_close,6,3,2,4,0.2222222222222222,0.2244097,0.25625244,0.23491126,0.22533904,0.23339608
0991ac05-2b20-5b18-83c1-d8bea47bf4da,dip,extremely_close,6,3,3,4,0.2222222222222222,0.16744532,0.22781193,0.16139889,0.16961384,0.1638588
0991ac05-2b20-5b18-83c1-d8bea47bf4da,wedding,somewhat_close,15,1,0,4,0.25,0.30876625,0.29976675,0.3333098,0.30711403,0.32751745
0991ac05-2b20-5b18-83c1-d8bea47bf4da,wedding,somewhat_close,15,1,1,6,0.375,0.29898903,0.2203311,0.30216554,0.29767475,0.30098352
0991ac05-2b20-5b18-83c1-d8bea47bf4da,wedding,somewhat_close,15,1,2,3,0.1875,0.23715827,0.23514688,0.23644876,0.23775323,0.23714605
0991ac05-2b20-5b18-83c1-d8bea47bf4da,wedding,somewhat_close,15,1,3,3,0.1875,0.15508646,0.24475528,0.12807587,0.15745798,0.134353
0991ac05-2b20-5b18-83c1-d8bea47bf4da,hike,not_close,11,0,0,6,0.5,0.33404678,0.30082837,0.37751567,0.33169934,0.36750683
0991ac05-2b20-5b18-83c1-d8bea47bf4da,hike,not_close,11,0,1,4,0.3333333333333333,0.32451156,0.21243119,0.33200538,0.32250962,0.3297955
0991ac05-2b20-5b18-83c1-d8bea47bf4da,hike,not_close,11,0,2,1,0.0833333333333333,0.19580749,0.25311163,0.16379511,0.19755435,0.1708626
0991ac05-2b20-5b18-83c1-d8bea47bf4da,hike,not_close,11,0,3,1,0.0833333333333333,0.14563413,0.23362878,0.12668388,0.14823666,0.13183501
0991ac05-2b20-5b18-83c1-d8bea47bf4da,oysters,close,12,2,0,2,0.1818181818181818,0.3400336,0.31127194,0.3257782,0.3373747,0.3269814
0991ac05-2b20-5b18-83c1-d8bea47bf4da,oysters,close,12,2,1,4,0.3636363636363636,0.30284005,0.21870834,0.30453157,0.3015121,0.30337986
0991ac05-2b20-5b18-83c1-d8bea47bf4da,oysters,close,12,2,2,3,0.2727272727272727,0.20254946,0.2491106,0.20594548,0.20409547,0.20621069
0991ac05-2b20-5b18-83c1-d8bea47bf4da,oysters,close,12,2,3,2,0.1818181818181818,0.15457693,0.22090909,0.16374475,0.1570177,0.1634281
0991ac05-2b20-5b18-83c1-d8bea47bf4da,gala,extremely_close,10,3,0,1,0.0476190476190476,0.36258376,0.29305857,0.27085638,0.35897562,0.28588986
0991ac05-2b20-5b18-83c1-d8bea47bf4da,gala,extremely_close,10,3,1,7,0.3333333333333333,0.24803236,0.2547296,0.27790543,0.2483613,0.27260363
0991ac05-2b20-5b18-83c1-d8bea47bf4da,gala,extremely_close,10,3,2,7,0.3333333333333333,0.21528816,0.24108168,0.25729015,0.2164861,0.2498217
0991ac05-2b20-5b18-83c1-d8bea47bf4da,gala,extremely_close,10,3,3,6,0.2857142857142857,0.17409568,0.21113022,0.19394808,0.17617695,0.19168487
0991ac05-2b20-5b18-83c1-d8bea47bf4da,brunch,not_close,2,0,0,4,0.3333333333333333,0.30243197,0.3026591,0.35060638,0.30091482,0.34033895
0991ac05-2b20-5b18-83c1-d8bea47bf4da,brunch,not_close,2,0,1,6,0.5,0.29379916,0.21859324,0.3063659,0.29257798,0.30384555
0991ac05-2b20-5b18-83c1-d8bea47bf4da,brunch,not_close,2,0,2,1,0.0833333333333333,0.22932231,0.23039065,0.22114328,0.23006326,0.22373937
0991ac05-2b20-5b18-83c1-d8bea47bf4da,brunch,not_close,2,0,3,1,0.0833333333333333,0.17444655,0.24835704,0.121884465,0.17644392,0.13207617
0991ac05-2b20-5b18-83c1-d8bea47bf4da,crabs,close,5,2,0,1,0.0833333333333333,0.32949838,0.29960105,0.31679517,0.3272346,0.318014
0991ac05-2b20-5b18-83c1-d8bea47bf4da,crabs,close,5,2,1,7,0.5833333333333334,0.32009298,0.23267563,0.34010246,0.31816855,0.3349067
0991ac05-2b20-5b18-83c1-d8bea47bf4da,crabs,close,5,2,2,2,0.1666666666666666,0.18702544,0.23678833,0.18733868,0.18890499,0.18845895
0991ac05-2b20-5b18-83c1-d8bea47bf4da,crabs,close,5,2,3,2,0.1666666666666666,0.16338322,0.23093499,0.1557637,0.16569182,0.15862034
0991ac05-2b20-5b18-83c1-d8bea47bf4da,soup,close,14,2,0,6,0.4,0.33818597,0.3010139,0.3503503,0.33563444,0.34637958
0991ac05-2b20-5b18-83c1-d8bea47bf4da,soup,close,14,2,1,4,0.2666666666666666,0.31507322,0.22628844,0.3096027,0.31335708,0.30970412
0991ac05-2b20-5b18-83c1-d8bea47bf4da,soup,close,14,2,2,3,0.2,0.18950173,0.22069465,0.19093937,0.19134966,0.19181013
0991ac05-2b20-5b18-83c1-d8bea47bf4da,soup,close,14,2,3,2,0.1333333333333333,0.15723914,0.25200298,0.14910766,0.15965882,0.15210615
0991ac05-2b20-5b18-83c1-d8bea47bf4da,conference,somewhat_close,3,1,0,4,0.3076923076923077,0.33627447,0.28567946,0.33678538,0.33383918,0.33548558
0991ac05-2b20-5b18-83c1-d8bea47bf4da,conference,somewhat_close,3,1,1,6,0.4615384615384615,0.32249793,0.2440027,0.34514695,0.32056218,0.33959094
0991ac05-2b20-5b18-83c1-d8bea47bf4da,conference,somewhat_close,3,1,2,2,0.1538461538461538,0.19272308,0.2495618,0.19635226,0.19453102,0.19690198
0991ac05-2b20-5b18-83c1-d8bea47bf4da,conference,somewhat_close,3,1,3,1,0.0769230769230769,0.14850451,0.22075598,0.1217154,0.15106763,0.1280215
0991ac05-2b20-5b18-83c1-d8bea47bf4da,drinks,close,7,2,0,6,0.3333333333333333,0.33517203,0.25649023,0.3006383,0.33253023,0.30577487
0991ac05-2b20-5b18-83c1-d8bea47bf4da,drinks,close,7,2,1,5,0.2777777777777778,0.26757511,0.23912959,0.2817904,0.2672558,0.2787861
0991ac05-2b20-5b18-83c1-d8bea47bf4da,drinks,close,7,2,2,5,0.2777777777777778,0.22562149,0.24335633,0.23456235,0.22650158,0.23337154
0991ac05-2b20-5b18-83c1-d8bea47bf4da,drinks,close,7,2,3,2,0.1111111111111111,0.17163132,0.26102385,0.18300895,0.17371236,0.18206751
0991ac05-2b20-5b18-83c1-d8bea47bf4da,basketball,extremely_close,0,3,0,2,0.1333333333333333,0.3173009,0.27931517,0.3131195,0.3154185,0.3128357
0991ac05-2b20-5b18-83c1-d8bea47bf4da,basketball,extremely_close,0,3,1,5,0.3333333333333333,0.31123364,0.2196531,0.3208935,0.3095655,0.31794766
0991ac05-2b20-5b18-83c1-d8bea47bf4da,basketball,extremely_close,0,3,2,6,0.4,0.22057617,0.24769424,0.21410309,0.22165884,0.21602215
0991ac05-2b20-5b18-83c1-d8bea47bf4da,basketball,extremely_close,0,3,3,2,0.1333333333333333,0.15088934,0.25333744,0.15188394,0.15335715,0.15319455
0991ac05-2b20-5b18-83c1-d8bea47bf4da,fair,extremely_close,9,3,0,4,0.2352941176470588,0.32837287,0.2946545,0.32941785,0.32618845,0.32789174
0991ac05-2b20-5b18-83c1-d8bea47bf4da,fair,extremely_close,9,3,1,5,0.2941176470588235,0.32105917,0.21227996,0.31025007,0.31913775,0.3112323
0991ac05-2b20-5b18-83c1-d8bea47bf4da,fair,extremely_close,9,3,2,5,0.2941176470588235,0.20461664,0.2554765,0.19988796,0.20614377,0.2017246
0991ac05-2b20-5b18-83c1-d8bea47bf4da,fair,extremely_close,9,3,3,3,0.1764705882352941,0.14595127,0.23758905,0.1604442,0.14853,0.1591514
0991ac05-2b20-5b18-83c1-d8bea47bf4da,birthday,somewhat_close,1,1,0,5,0.3333333333333333,0.32165617,0.28021994,0.31222877,0.3196522,0.31307483
0991ac05-2b20-5b18-83c1-d8bea47bf4da,birthday,somewhat_close,1,1,1,6,0.4,0.31348172,0.22091691,0.33197084,0.311768,0.32734334
0991ac05-2b20-5b18-83c1-d8bea47bf4da,birthday,somewhat_close,1,1,2,3,0.2,0.21722111,0.24974371,0.2297937,0.21841055,0.22814302
0991ac05-2b20-5b18-83c1-d8bea47bf4da,birthday,somewhat_close,1,1,3,1,0.0666666666666666,0.14764105,0.24911939,0.12600674,0.15016927,0.13143879
674aea41-bee9-5929-8a58-3be755db9c5e,drinks,extremely_close,7,3,0,1,0.0833333333333333,0.33517203,0.25649023,0.23276606,0.33253023,0.25004545
674aea41-bee9-5929-8a58-3be755db9c5e,drinks,extremely_close,7,3,1,4,0.3333333333333333,0.26757511,0.23912959,0.3014371,0.2672558,0.29548186
674aea41-bee9-5929-8a58-3be755db9c5e,drinks,extremely_close,7,3,2,4,0.3333333333333333,0.22562149,0.24335633,0.22504783,0.22650158,0.22667027
674aea41-bee9-5929-8a58-3be755db9c5e,drinks,extremely_close,7,3,3,3,0.25,0.17163132,0.26102385,0.240749,0.17371236,0.22780243
674aea41-bee9-5929-8a58-3be755db9c5e,soup,not_close,14,0,0,6,0.3157894736842105,0.33818597,0.3010139,0.3825187,0.33563444,0.37256363
674aea41-bee9-5929-8a58-3be755db9c5e,soup,not_close,14,0,1,5,0.2631578947368421,0.31507322,0.22628844,0.33879057,0.31335708,0.33371714
674aea41-bee9-5929-8a58-3be755db9c5e,soup,not_close,14,0,2,5,0.2631578947368421,0.18950173,0.22069465,0.16353203,0.19134966,0.16979322
674aea41-bee9-5929-8a58-3be755db9c5e,soup,not_close,14,0,3,3,0.1578947368421052,0.15723914,0.25200298,0.11515866,0.15965882,0.12392601
674aea41-bee9-5929-8a58-3be755db9c5e,conference,close,3,2,0,1,0.0625,0.33627447,0.28567946,0.32390398,0.33383918,0.32497996
674aea41-bee9-5929-8a58-3be755db9c5e,conference,close,3,2,1,7,0.4375,0.32249793,0.2440027,0.31270492,0.32056218,0.31356868
674aea41-bee9-5929-8a58-3be755db9c5e,conference,close,3,2,2,7,0.4375,0.19272308,0.2495618,0.22254248,0.19453102,0.21759544
674aea41-bee9-5929-8a58-3be755db9c5e,conference,close,3,2,3,1,0.0625,0.14850451,0.22075598,0.1408486,0.15106763,0.14385588
674aea41-bee9-5929-8a58-3be755db9c5e,hike,not_close,11,0,0,4,0.4,0.33404678,0.30082837,0.37751567,0.33169934,0.36750683
674aea41-bee9-5929-8a58-3be755db9c5e,hike,not_close,11,0,1,4,0.4,0.32451156,0.21243119,0.33200538,0.32250962,0.3297955
674aea41-bee9-5929-8a58-3be755db9c5e,hike,not_close,11,0,2,1,0.1,0.19580749,0.25311163,0.16379511,0.19755435,0.1708626
674aea41-bee9-5929-8a58-3be755db9c5e,hike,not_close,11,0,3,1,0.1,0.14563413,0.23362878,0.12668388,0.14823666,0.13183501
674aea41-bee9-5929-8a58-3be755db9c5e,cooking,close,4,2,0,1,0.0625,0.32508844,0.28153455,0.25373095,0.32288563,0.2657937
674aea41-bee9-5929-8a58-3be755db9c5e,cooking,close,4,2,1,7,0.4375,0.30092797,0.22757895,0.3285871,0.2995782,0.32255453
674aea41-bee9-5929-8a58-3be755db9c5e,cooking,close,4,2,2,7,0.4375,0.21122348,0.2310226,0.23453203,0.21250805,0.23093651
674aea41-bee9-5929-8a58-3be755db9c5e,cooking,close,4,2,3,1,0.0625,0.16276015,0.2598639,0.18314992,0.1650281,0.18071517
674aea41-bee9-5929-8a58-3be755db9c5e,social,not_close,13,0,0,5,0.3846153846153846,0.38478413,0.29484272,0.45282483,0.38051066,0.43652424
674aea41-bee9-5929-8a58-3be755db9c5e,social,not_close,13,0,1,6,0.4615384615384615,0.26153043,0.23070611,0.24479835,0.261622,0.24863854
674aea41-bee9-5929-8a58-3be755db9c5e,social,not_close,13,0,2,1,0.0769230769230769,0.20087723,0.25057164,0.17145851,0.20253547,0.17819941
674aea41-bee9-5929-8a58-3be755db9c5e,social,not_close,13,0,3,1,0.0769230769230769,0.15280823,0.22387956,0.13091831,0.15533185,0.1366378
674aea41-bee9-5929-8a58-3be755db9c5e,fair,extremely_close,9,3,0,2,0.2,0.32837287,0.2946545,0.32941785,0.32618845,0.32789174
674aea41-bee9-5929-8a58-3be755db9c5e,fair,extremely_close,9,3,1,5,0.5,0.32105917,0.21227996,0.31025007,0.31913775,0.3112323
674aea41-bee9-5929-8a58-3be755db9c5e,fair,extremely_close,9,3,2,1,0.1,0.20461664,0.2554765,0.19988796,0.20614377,0.2017246
674aea41-bee9-5929-8a58-3be755db9c5e,fair,extremely_close,9,3,3,2,0.2,0.14595127,0.23758905,0.1604442,0.14853,0.1591514
674aea41-bee9-5929-8a58-3be755db9c5e,dip,close,6,2,0,1,0.25,0.33769047,0.26539132,0.34952283,0.33498037,0.3457275
674aea41-bee9-5929-8a58-3be755db9c5e,dip,close,6,2,1,1,0.25,0.2704545,0.25054428,0.28651547,0.27006677,0.28323793
674aea41-bee9-5929-8a58-3be755db9c5e,dip,close,6,2,2,1,0.25,0.2244097,0.25625244,0.22507222,0.22533904,0.22567739
674aea41-bee9-5929-8a58-3be755db9c5e,dip,close,6,2,3,1,0.25,0.16744532,0.22781193,0.13888952,0.16961384,0.1453572
674aea41-bee9-5929-8a58-3be755db9c5e,brunch,somewhat_close,2,1,0,1,0.0588235294117647,0.30243197,0.3026591,0.31512022,0.30091482,0.31172588
674aea41-bee9-5929-8a58-3be755db9c5e,brunch,somewhat_close,2,1,1,7,0.4117647058823529,0.29379916,0.21859324,0.28702608,0.29257798,0.28772363
674aea41-bee9-5929-8a58-3be755db9c5e,brunch,somewhat_close,2,1,2,7,0.4117647058823529,0.22932231,0.23039065,0.24061216,0.23006326,0.23888367
674aea41-bee9-5929-8a58-3be755db9c5e,brunch,somewhat_close,2,1,3,2,0.1176470588235294,0.17444655,0.24835704,0.15724157,0.17644392,0.16166675
674aea41-bee9-5929-8a58-3be755db9c5e,crabs,close,5,2,0,1,0.125,0.32949838,0.29960105,0.31679517,0.3272346,0.318014
674aea41-bee9-5929-8a58-3be755db9c5e,crabs,close,5,2,1,5,0.625,0.32009298,0.23267563,0.34010246,0.31816855,0.3349067
674aea41-bee9-5929-8a58-3be755db9c5e,crabs,close,5,2,2,1,0.125,0.18702544,0.23678833,0.18733868,0.18890499,0.18845895
674aea41-bee9-5929-8a58-3be755db9c5e,crabs,close,5,2,3,1,0.125,0.16338322,0.23093499,0.1557637,0.16569182,0.15862034
674aea41-bee9-5929-8a58-3be755db9c5e,oysters,not_close,12,0,0,7,0.7,0.3400336,0.31127194,0.3653165,0.3373747,0.35897037
674aea41-bee9-5929-8a58-3be755db9c5e,oysters,not_close,12,0,1,1,0.1,0.30284005,0.21870834,0.32647744,0.3015121,0.32125935
674aea41-bee9-5929-8a58-3be755db9c5e,oysters,not_close,12,0,2,1,0.1,0.20254946,0.2491106,0.18403101,0.20409547,0.1886821
674aea41-bee9-5929-8a58-3be755db9c5e,oysters,not_close,12,0,3,1,0.1,0.15457693,0.22090909,0.12417514,0.1570177,0.13108808
674aea41-bee9-5929-8a58-3be755db9c5e,driving,extremely_close,8,3,0,1,0.0625,0.32080168,0.28850093,0.27412885,0.3188238,0.28191045
674aea41-bee9-5929-8a58-3be755db9c5e,driving,extremely_close,8,3,1,7,0.4375,0.31365657,0.23262726,0.3215029,0.31193233,0.31907967
674aea41-bee9-5929-8a58-3be755db9c5e,driving,extremely_close,8,3,2,4,0.25,0.21734229,0.23673908,0.22807299,0.21852566,0.2268027
674aea41-bee9-5929-8a58-3be755db9c5e,driving,extremely_close,8,3,3,4,0.25,0.14819951,0.24213271,0.17629525,0.1507182,0.17220715
674aea41-bee9-5929-8a58-3be755db9c5e,birthday,somewhat_close,1,1,0,7,0.2692307692307692,0.32165617,0.28021994,0.31222877,0.3196522,0.31307483
674aea41-bee9-5929-8a58-3be755db9c5e,birthday,somewhat_close,1,1,1,7,0.2692307692307692,0.31348172,0.22091691,0.33197084,0.311768,0.32734334
674aea41-bee9-5929-8a58-3be755db9c5e,birthday,somewhat_close,1,1,2,7,0.2692307692307692,0.21722111,0.24974371,0.2297937,0.21841055,0.22814302
674aea41-bee9-5929-8a58-3be755db9c5e,birthday,somewhat_close,1,1,3,5,0.1923076923076923,0.14764105,0.24911939,0.12600674,0.15016927,0.13143879
674aea41-bee9-5929-8a58-3be755db9c5e,basketball,somewhat_close,0,1,0,5,0.3846153846153846,0.3173009,0.27931517,0.3148467,0.3154185,0.31423575
674aea41-bee9-5929-8a58-3be755db9c5e,basketball,somewhat_close,0,1,1,6,0.4615384615384615,0.31123364,0.2196531,0.32266358,0.3095655,0.31937057
674aea41-bee9-5929-8a58-3be755db9c5e,basketball,somewhat_close,0,1,2,1,0.0769230769230769,0.22057617,0.24769424,0.21528408,0.22165884,0.21698892
674aea41-bee9-5929-8a58-3be755db9c5e,basketball,somewhat_close,0,1,3,1,0.0769230769230769,0.15088934,0.25333744,0.14720571,0.15335715,0.1494048
674aea41-bee9-5929-8a58-3be755db9c5e,gala,extremely_close,10,3,0,4,0.16,0.36258376,0.29305857,0.27085638,0.35897562,0.28588986
674aea41-bee9-5929-8a58-3be755db9c5e,gala,extremely_close,10,3,1,7,0.28,0.24803236,0.2547296,0.27790543,0.2483613,0.27260363
674aea41-bee9-5929-8a58-3be755db9c5e,gala,extremely_close,10,3,2,7,0.28,0.21528816,0.24108168,0.25729015,0.2164861,0.2498217
674aea41-bee9-5929-8a58-3be755db9c5e,gala,extremely_close,10,3,3,7,0.28,0.17409568,0.21113022,0.19394808,0.17617695,0.19168487
674aea41-bee9-5929-8a58-3be755db9c5e,wedding,somewhat_close,15,1,0,6,0.3333333333333333,0.30876625,0.29976675,0.3333098,0.30711403,0.32751745
674aea41-bee9-5929-8a58-3be755db9c5e,wedding,somewhat_close,15,1,1,4,0.2222222222222222,0.29898903,0.2203311,0.30216554,0.29767475,0.30098352
674aea41-bee9-5929-8a58-3be755db9c5e,wedding,somewhat_close,15,1,2,4,0.2222222222222222,0.23715827,0.23514688,0.23644876,0.23775323,0.23714605
674aea41-bee9-5929-8a58-3be755db9c5e,wedding,somewhat_close,15,1,3,4,0.2222222222222222,0.15508646,0.24475528,0.12807587,0.15745798,0.134353
3ee7884f-795a-566a-8f76-5c3c884ec1c9,social,extremely_close,13,3,0,7,0.25,0.38478413,0.29484272,0.35028762,0.38051066,0.35454354
3ee7884f-795a-566a-8f76-5c3c884ec1c9,social,extremely_close,13,3,1,7,0.25,0.26153043,0.23070611,0.26098487,0.261622,0.26121816
3ee7884f-795a-566a-8f76-5c3c884ec1c9,social,extremely_close,13,3,2,7,0.25,0.20087723,0.25057164,0.23086676,0.20253547,0.22578412
3ee7884f-795a-566a-8f76-5c3c884ec1c9,social,extremely_close,13,3,3,7,0.25,0.15280823,0.22387956,0.15786076,0.15533185,0.15845421
3ee7884f-795a-566a-8f76-5c3c884ec1c9,brunch,not_close,2,0,0,7,0.4117647058823529,0.30243197,0.3026591,0.35060638,0.30091482,0.34033895
3ee7884f-795a-566a-8f76-5c3c884ec1c9,brunch,not_close,2,0,1,5,0.2941176470588235,0.29379916,0.21859324,0.3063659,0.29257798,0.30384555
3ee7884f-795a-566a-8f76-5c3c884ec1c9,brunch,not_close,2,0,2,3,0.1764705882352941,0.22932231,0.23039065,0.22114328,0.23006326,0.22373937
3ee7884f-795a-566a-8f76-5c3c884ec1c9,brunch,not_close,2,0,3,2,0.1176470588235294,0.17444655,0.24835704,0.121884465,0.17644392,0.13207617
3ee7884f-795a-566a-8f76-5c3c884ec1c9,dip,somewhat_close,6,1,0,4,0.25,0.33769047,0.26539132,0.36435014,0.33498037,0.3577161
3ee7884f-795a-566a-8f76-5c3c884ec1c9,dip,somewhat_close,6,1,1,4,0.25,0.2704545,0.25054428,0.28163436,0.27006677,0.27957094
3ee7884f-795a-566a-8f76-5c3c884ec1c9,dip,somewhat_close,6,1,2,4,0.25,0.2244097,0.25625244,0.22864093,0.22533904,0.2287165
3ee7884f-795a-566a-8f76-5c3c884ec1c9,dip,somewhat_close,6,1,3,4,0.25,0.16744532,0.22781193,0.12537463,0.16961384,0.1339964
3ee7884f-795a-566a-8f76-5c3c884ec1c9,cooking,somewhat_close,4,1,0,1,0.05,0.32508844,0.28153455,0.3038481,0.32288563,0.30680162
3ee7884f-795a-566a-8f76-5c3c884ec1c9,cooking,somewhat_close,4,1,1,7,0.35,0.30092797,0.22757895,0.3294611,0.2995782,0.32287404
3ee7884f-795a-566a-8f76-5c3c884ec1c9,cooking,somewhat_close,4,1,2,6,0.3,0.21122348,0.2310226,0.2139687,0.21250805,0.21430032
3ee7884f-795a-566a-8f76-5c3c884ec1c9,cooking,somewhat_close,4,1,3,6,0.3,0.16276015,0.2598639,0.15272212,0.1650281,0.15602408
3ee7884f-795a-566a-8f76-5c3c884ec1c9,gala,close,10,2,0,2,0.1111111111111111,0.36258376,0.29305857,0.3041355,0.35897562,0.31327608
3ee7884f-795a-566a-8f76-5c3c884ec1c9,gala,close,10,2,1,7,0.3888888888888889,0.24803236,0.2547296,0.2767334,0.2483613,0.2712739
3ee7884f-795a-566a-8f76-5c3c884ec1c9,gala,close,10,2,2,7,0.3888888888888889,0.21528816,0.24108168,0.24181442,0.2164861,0.23733611
3ee7884f-795a-566a-8f76-5c3c884ec1c9,gala,close,10,2,3,2,0.1111111111111111,0.17409568,0.21113022,0.17731674,0.17617695,0.17811388
3ee7884f-795a-566a-8f76-5c3c884ec1c9,wedding,extremely_close,15,3,0,2,0.0869565217391304,0.30876625,0.29976675,0.29720375,0.30711403,0.2985504
3ee7884f-795a-566a-8f76-5c3c884ec1c9,wedding,extremely_close,15,3,1,7,0.3043478260869565,0.29898903,0.2203311,0.27952927,0.29767475,0.2825817
3ee7884f-795a-566a-8f76-5c3c884ec1c9,wedding,extremely_close,15,3,2,7,0.3043478260869565,0.23715827,0.23514688,0.2412807,0.23775323,0.24087891
3ee7884f-795a-566a-8f76-5c3c884ec1c9,wedding,extremely_close,15,3,3,7,0.3043478260869565,0.15508646,0.24475528,0.18198623,0.15745798,0.17798899
3ee7884f-795a-566a-8f76-5c3c884ec1c9,driving,close,8,2,0,6,0.25,0.32080168,0.28850093,0.30510676,0.3188238,0.30702308
3ee7884f-795a-566a-8f76-5c3c884ec1c9,driving,close,8,2,1,6,0.25,0.31365657,0.23262726,0.3255142,0.31193233,0.32208744
3ee7884f-795a-566a-8f76-5c3c884ec1c9,driving,close,8,2,2,6,0.25,0.21734229,0.23673908,0.21140538,0.21852566,0.21328457
3ee7884f-795a-566a-8f76-5c3c884ec1c9,driving,close,8,2,3,6,0.25,0.14819951,0.24213271,0.15797366,0.1507182,0.1576049
3ee7884f-795a-566a-8f76-5c3c884ec1c9,soup,extremely_close,14,3,0,7,0.3333333333333333,0.33818597,0.3010139,0.31913835,0.33563444,0.32138214
3ee7884f-795a-566a-8f76-5c3c884ec1c9,soup,extremely_close,14,3,1,4,0.1904761904761904,0.31507322,0.22628844,0.29832476,0.31335708,0.30060738
3ee7884f-795a-566a-8f76-5c3c884ec1c9,soup,extremely_close,14,3,2,4,0.1904761904761904,0.18950173,0.22069465,0.210552,0.19134966,0.20745501
3ee7884f-795a-566a-8f76-5c3c884ec1c9,soup,extremely_close,14,3,3,6,0.2857142857142857,0.15723914,0.25200298,0.17198491,0.15965882,0.17055549
3ee7884f-795a-566a-8f76-5c3c884ec1c9,conference,not_close,3,0,0,4,0.2857142857142857,0.33627447,0.28567946,0.33324155,0.33383918,0.33397454
3ee7884f-795a-566a-8f76-5c3c884ec1c9,conference,not_close,3,0,1,4,0.2857142857142857,0.32249793,0.2440027,0.41457385,0.32056218,0.3949526
3ee7884f-795a-566a-8f76-5c3c884ec1c9,conference,not_close,3,0,2,4,0.2857142857142857,0.19272308,0.2495618,0.14458562,0.19453102,0.15464573
3ee7884f-795a-566a-8f76-5c3c884ec1c9,conference,not_close,3,0,3,2,0.1428571428571428,0.14850451,0.22075598,0.10759906,0.15106763,0.11642715
3ee7884f-795a-566a-8f76-5c3c884ec1c9,fair,close,9,2,0,4,0.1904761904761904,0.32837287,0.2946545,0.34993604,0.32618845,0.3445345
3ee7884f-795a-566a-8f76-5c3c884ec1c9,fair,close,9,2,1,6,0.2857142857142857,0.32105917,0.21227996,0.34182274,0.31913775,0.33674547
3ee7884f-795a-566a-8f76-5c3c884ec1c9,fair,close,9,2,2,6,0.2857142857142857,0.20461664,0.2554765,0.18358052,0.20614377,0.18860486
3ee7884f-795a-566a-8f76-5c3c884ec1c9,fair,close,9,2,3,5,0.238095238095238,0.14595127,0.23758905,0.12466064,0.14853,0.13011518
3ee7884f-795a-566a-8f76-5c3c884ec1c9,drinks,somewhat_close,7,1,0,6,0.2727272727272727,0.33517203,0.25649023,0.35535023,0.33253023,0.35018
3ee7884f-795a-566a-8f76-5c3c884ec1c9,drinks,somewhat_close,7,1,1,6,0.2727272727272727,0.26757511,0.23912959,0.3067269,0.2672558,0.29884645
3ee7884f-795a-566a-8f76-5c3c884ec1c9,drinks,somewhat_close,7,1,2,6,0.2727272727272727,0.22562149,0.24335633,0.19969311,0.22650158,0.20539983
3ee7884f-795a-566a-8f76-5c3c884ec1c9,drinks,somewhat_close,7,1,3,4,0.1818181818181818,0.17163132,0.26102385,0.13822965,0.17371236,0.14557375
3ee7884f-795a-566a-8f76-5c3c884ec1c9,crabs,somewhat_close,5,1,0,5,0.2777777777777778,0.32949838,0.29960105,0.36052796,0.3272346,0.35396707
3ee7884f-795a-566a-8f76-5c3c884ec1c9,crabs,somewhat_close,5,1,1,5,0.2777777777777778,0.32009298,0.23267563,0.37403747,0.31816855,0.36267853
3ee7884f-795a-566a-8f76-5c3c884ec1c9,crabs,somewhat_close,5,1,2,3,0.1666666666666666,0.18702544,0.23678833,0.13190359,0.18890499,0.14269985
3ee7884f-795a-566a-8f76-5c3c884ec1c9,crabs,somewhat_close,5,1,3,5,0.2777777777777778,0.16338322,0.23093499,0.13353097,0.16569182,0.14065453
3ee7884f-795a-566a-8f76-5c3c884ec1c9,birthday,not_close,1,0,0,6,0.375,0.32165617,0.28021994,0.37109387,0.3196522,0.36021808
3ee7884f-795a-566a-8f76-5c3c884ec1c9,birthday,not_close,1,0,1,6,0.375,0.31348172,0.22091691,0.33231905,0.311768,0.32817322
3ee7884f-795a-566a-8f76-5c3c884ec1c9,birthday,not_close,1,0,2,2,0.125,0.21722111,0.24974371,0.17350394,0.21841055,0.18240416
3ee7884f-795a-566a-8f76-5c3c884ec1c9,birthday,not_close,1,0,3,2,0.125,0.14764105,0.24911939,0.12308306,0.15016927,0.12920454
3ee7884f-795a-566a-8f76-5c3c884ec1c9,hike,close,11,2,0,6,0.25,0.33404678,0.30082837,0.31649798,0.33169934,0.31855774
3ee7884f-795a-566a-8f76-5c3c884ec1c9,hike,close,11,2,1,6,0.25,0.32451156,0.21243119,0.31296036,0.32250962,0.31405988
3ee7884f-795a-566a-8f76-5c3c884ec1c9,hike,close,11,2,2,6,0.25,0.19580749,0.25311163,0.20188613,0.19755435,0.20176907
3ee7884f-795a-566a-8f76-5c3c884ec1c9,hike,close,11,2,3,6,0.25,0.14563413,0.23362878,0.16865557,0.14823666,0.16561331
3ee7884f-795a-566a-8f76-5c3c884ec1c9,basketball,not_close,0,0,0,7,0.5,0.3173009,0.27931517,0.40210518,0.3154185,0.38488865
3ee7884f-795a-566a-8f76-5c3c884ec1c9,basketball,not_close,0,0,1,4,0.2857142857142857,0.31123364,0.2196531,0.34911686,0.3095655,0.34244534
3ee7884f-795a-566a-8f76-5c3c884ec1c9,basketball,not_close,0,0,2,2,0.1428571428571428,0.22057617,0.24769424,0.14574708,0.22165884,0.15971808
3ee7884f-795a-566a-8f76-5c3c884ec1c9,basketball,not_close,0,0,3,1,0.0714285714285714,0.15088934,0.25333744,0.10303085,0.15335715,0.11294795
3ee7884f-795a-566a-8f76-5c3c884ec1c9,oysters,extremely_close,12,3,0,4,0.1818181818181818,0.3400336,0.31127194,0.34521964,0.3373747,0.3425975
3ee7884f-795a-566a-8f76-5c3c884ec1c9,oysters,extremely_close,12,3,1,6,0.2727272727272727,0.30284005,0.21870834,0.30538067,0.3015121,0.30410308
3ee7884f-795a-566a-8f76-5c3c884ec1c9,oysters,extremely_close,12,3,2,6,0.2727272727272727,0.20254946,0.2491106,0.20126957,0.20409547,0.20247553
3ee7884f-795a-566a-8f76-5c3c884ec1c9,oysters,extremely_close,12,3,3,6,0.2727272727272727,0.15457693,0.22090909,0.1481301,0.1570177,0.15082388
7b531eaa-9d8b-5f6a-a574-2c2690807733,crabs,extremely_close,5,3,0,5,0.2631578947368421,0.32949838,0.29960105,0.32724842,0.3272346,0.32636657
7b531eaa-9d8b-5f6a-a574-2c2690807733,crabs,extremely_close,5,3,1,6,0.3157894736842105,0.32009298,0.23267563,0.31487674,0.31816855,0.31478795
7b531eaa-9d8b-5f6a-a574-2c2690807733,crabs,extremely_close,5,3,2,3,0.1578947368421052,0.18702544,0.23678833,0.17663889,0.18890499,0.17975125
7b531eaa-9d8b-5f6a-a574-2c2690807733,crabs,extremely_close,5,3,3,5,0.2631578947368421,0.16338322,0.23093499,0.18123591,0.16569182,0.17909427
7b531eaa-9d8b-5f6a-a574-2c2690807733,cooking,close,4,2,0,1,0.0588235294117647,0.32508844,0.28153455,0.25373095,0.32288563,0.2657937
7b531eaa-9d8b-5f6a-a574-2c2690807733,cooking,close,4,2,1,7,0.4117647058823529,0.30092797,0.22757895,0.3285871,0.2995782,0.32255453
7b531eaa-9d8b-5f6a-a574-2c2690807733,cooking,close,4,2,2,4,0.2352941176470588,0.21122348,0.2310226,0.23453203,0.21250805,0.23093651
7b531eaa-9d8b-5f6a-a574-2c2690807733,cooking,close,4,2,3,5,0.2941176470588235,0.16276015,0.2598639,0.18314992,0.1650281,0.18071517
7b531eaa-9d8b-5f6a-a574-2c2690807733,wedding,somewhat_close,15,1,0,6,0.3333333333333333,0.30876625,0.29976675,0.3333098,0.30711403,0.32751745
7b531eaa-9d8b-5f6a-a574-2c2690807733,wedding,somewhat_close,15,1,1,5,0.2777777777777778,0.29898903,0.2203311,0.30216554,0.29767475,0.30098352
7b531eaa-9d8b-5f6a-a574-2c2690807733,wedding,somewhat_close,15,1,2,4,0.2222222222222222,0.23715827,0.23514688,0.23644876,0.23775323,0.23714605
7b531eaa-9d8b-5f6a-a574-2c2690807733,wedding,somewhat_close,15,1,3,3,0.1666666666666666,0.15508646,0.24475528,0.12807587,0.15745798,0.134353
7b531eaa-9d8b-5f6a-a574-2c2690807733,birthday,close,1,2,0,6,0.3,0.32165617,0.28021994,0.2816877,0.3196522,0.28819582
7b531eaa-9d8b-5f6a-a574-2c2690807733,birthday,close,1,2,1,6,0.3,0.31348172,0.22091691,0.31876132,0.311768,0.31678355
7b531eaa-9d8b-5f6a-a574-2c2690807733,birthday,close,1,2,2,5,0.25,0.21722111,0.24974371,0.23532178,0.21841055,0.23248664
7b531eaa-9d8b-5f6a-a574-2c2690807733,birthday,close,1,2,3,3,0.15,0.14764105,0.24911939,0.16422926,0.15016927,0.16253394
7b531eaa-9d8b-5f6a-a574-2c2690807733,basketball,somewhat_close,0,1,0,3,0.2307692307692307,0.3173009,0.27931517,0.3148467,0.3154185,0.31423575
7b531eaa-9d8b-5f6a-a574-2c2690807733,basketball,somewhat_close,0,1,1,5,0.3846153846153846,0.31123364,0.2196531,0.32266358,0.3095655,0.31937057
7b531eaa-9d8b-5f6a-a574-2c2690807733,basketball,somewhat_close,0,1,2,3,0.2307692307692307,0.22057617,0.24769424,0.21528408,0.22165884,0.21698892
7b531eaa-9d8b-5f6a-a574-2c2690807733,basketball,somewhat_close,0,1,3,2,0.1538461538461538,0.15088934,0.25333744,0.14720571,0.15335715,0.1494048
7b531eaa-9d8b-5f6a-a574-2c2690807733,drinks,extremely_close,7,3,0,1,0.0588235294117647,0.33517203,0.25649023,0.23276606,0.33253023,0.25004545
7b531eaa-9d8b-5f6a-a574-2c2690807733,drinks,extremely_close,7,3,1,5,0.2941176470588235,0.26757511,0.23912959,0.3014371,0.2672558,0.29548186
7b531eaa-9d8b-5f6a-a574-2c2690807733,drinks,extremely_close,7,3,2,6,0.3529411764705882,0.22562149,0.24335633,0.22504783,0.22650158,0.22667027
7b531eaa-9d8b-5f6a-a574-2c2690807733,drinks,extremely_close,7,3,3,5,0.2941176470588235,0.17163132,0.26102385,0.240749,0.17371236,0.22780243
7b531eaa-9d8b-5f6a-a574-2c2690807733,hike,not_close,11,0,0,6,0.4285714285714285,0.33404678,0.30082837,0.37751567,0.33169934,0.36750683
7b531eaa-9d8b-5f6a-a574-2c2690807733,hike,not_close,11,0,1,5,0.3571428571428571,0.32451156,0.21243119,0.33200538,0.32250962,0.3297955
7b531eaa-9d8b-5f6a-a574-2c2690807733,hike,not_close,11,0,2,2,0.1428571428571428,0.19580749,0.25311163,0.16379511,0.19755435,0.1708626
7b531eaa-9d8b-5f6a-a574-2c2690807733,hike,not_close,11,0,3,1,0.0714285714285714,0.14563413,0.23362878,0.12668388,0.14823666,0.13183501
7b531eaa-9d8b-5f6a-a574-2c2690807733,conference,close,3,2,0,3,0.2142857142857142,0.33627447,0.28567946,0.32390398,0.33383918,0.32497996
7b531eaa-9d8b-5f6a-a574-2c2690807733,conference,close,3,2,1,5,0.3571428571428571,0.32249793,0.2440027,0.31270492,0.32056218,0.31356868
7b531eaa-9d8b-5f6a-a574-2c2690807733,conference,close,3,2,2,3,0.2142857142857142,0.19272308,0.2495618,0.22254248,0.19453102,0.21759544
7b531eaa-9d8b-5f6a-a574-2c2690807733,conference,close,3,2,3,3,0.2142857142857142,0.14850451,0.22075598,0.1408486,0.15106763,0.14385588
7b531eaa-9d8b-5f6a-a574-2c2690807733,social,somewhat_close,13,1,0,3,0.2727272727272727,0.38478413,0.29484272,0.3939905,0.38051066,0.38956168
7b531eaa-9d8b-5f6a-a574-2c2690807733,social,somewhat_close,13,1,1,3,0.2727272727272727,0.26153043,0.23070611,0.2552778,0.261622,0.25658923
7b531eaa-9d8b-5f6a-a574-2c2690807733,social,somewhat_close,13,1,2,3,0.2727272727272727,0.20087723,0.25057164,0.20189984,0.20253547,0.20272948
7b531eaa-9d8b-5f6a-a574-2c2690807733,social,somewhat_close,13,1,3,2,0.1818181818181818,0.15280823,0.22387956,0.14883181,0.15533185,0.15111957
7b531eaa-9d8b-5f6a-a574-2c2690807733,fair,not_close,9,0,0,5,0.3571428571428571,0.32837287,0.2946545,0.33953634,0.32618845,0.33659288
7b531eaa-9d8b-5f6a-a574-2c2690807733,fair,not_close,9,0,1,7,0.5,0.32105917,0.21227996,0.3681577,0.31913775,0.35772365
7b531eaa-9d8b-5f6a-a574-2c2690807733,fair,not_close,9,0,2,1,0.0714285714285714,0.20461664,0.2554765,0.17532648,0.20614377,0.18193142
7b531eaa-9d8b-5f6a-a574-2c2690807733,fair,not_close,9,0,3,1,0.0714285714285714,0.14595127,0.23758905,0.116979435,0.14853,0.12375206
7b531eaa-9d8b-5f6a-a574-2c2690807733,brunch,close,2,2,0,4,0.2105263157894736,0.30243197,0.3026591,0.2907551,0.30091482,0.29213974
7b531eaa-9d8b-5f6a-a574-2c2690807733,brunch,close,2,2,1,5,0.2631578947368421,0.29379916,0.21859324,0.28704393,0.29257798,0.28764403
7b531eaa-9d8b-5f6a-a574-2c2690807733,brunch,close,2,2,2,5,0.2631578947368421,0.22932231,0.23039065,0.23673561,0.23006326,0.23571382
7b531eaa-9d8b-5f6a-a574-2c2690807733,brunch,close,2,2,3,5,0.2631578947368421,0.17444655,0.24835704,0.1854654,0.17644392,0.1845024
7b531eaa-9d8b-5f6a-a574-2c2690807733,oysters,not_close,12,0,0,5,0.3571428571428571,0.3400336,0.31127194,0.3653165,0.3373747,0.35897037
7b531eaa-9d8b-5f6a-a574-2c2690807733,oysters,not_close,12,0,1,5,0.3571428571428571,0.30284005,0.21870834,0.32647744,0.3015121,0.32125935
7b531eaa-9d8b-5f6a-a574-2c2690807733,oysters,not_close,12,0,2,3,0.2142857142857142,0.20254946,0.2491106,0.18403101,0.20409547,0.1886821
7b531eaa-9d8b-5f6a-a574-2c2690807733,oysters,not_close,12,0,3,1,0.0714285714285714,0.15457693,0.22090909,0.12417514,0.1570177,0.13108808
7b531eaa-9d8b-5f6a-a574-2c2690807733,dip,extremely_close,6,3,0,5,0.2941176470588235,0.33769047,0.26539132,0.3300849,0.33498037,0.3299841
7b531eaa-9d8b-5f6a-a574-2c2690807733,dip,extremely_close,6,3,1,6,0.3529411764705882,0.2704545,0.25054428,0.27360496,0.27006677,0.27276102
7b531eaa-9d8b-5f6a-a574-2c2690807733,dip,extremely_close,6,3,2,5,0.2941176470588235,0.2244097,0.25625244,0.23491126,0.22533904,0.23339608
7b531eaa-9d8b-5f6a-a574-2c2690807733,dip,extremely_close,6,3,3,1,0.0588235294117647,0.16744532,0.22781193,0.16139889,0.16961384,0.1638588
7b531eaa-9d8b-5f6a-a574-2c2690807733,gala,not_close,10,0,0,6,0.3529411764705882,0.36258376,0.29305857,0.39073783,0.35897562,0.38308117
7b531eaa-9d8b-5f6a-a574-2c2690807733,gala,not_close,10,0,1,4,0.2352941176470588,0.24803236,0.2547296,0.25930107,0.2483613,0.25750896
7b531eaa-9d8b-5f6a-a574-2c2690807733,gala,not_close,10,0,2,4,0.2352941176470588,0.21528816,0.24108168,0.20672406,0.2164861,0.20930924
7b531eaa-9d8b-5f6a-a574-2c2690807733,gala,not_close,10,0,3,3,0.1764705882352941,0.17409568,0.21113022,0.143237,0.17617695,0.15010062
7b531eaa-9d8b-5f6a-a574-2c2690807733,soup,somewhat_close,14,1,0,6,0.2857142857142857,0.33818597,0.3010139,0.34452966,0.33563444,0.3417673
7b531eaa-9d8b-5f6a-a574-2c2690807733,soup,somewhat_close,14,1,1,6,0.2857142857142857,0.31507322,0.22628844,0.3189721,0.31335708,0.31721324
7b531eaa-9d8b-5f6a-a574-2c2690807733,soup,somewhat_close,14,1,2,5,0.238095238095238,0.18950173,0.22069465,0.19080658,0.19134966,0.1917101
7b531eaa-9d8b-5f6a-a574-2c2690807733,soup,somewhat_close,14,1,3,4,0.1904761904761904,0.15723914,0.25200298,0.14569166,0.15965882,0.14930934
7b531eaa-9d8b-5f6a-a574-2c2690807733,driving,extremely_close,8,3,0,2,0.125,0.32080168,0.28850093,0.27412885,0.3188238,0.28191045
7b531eaa-9d8b-5f6a-a574-2c2690807733,driving,extremely_close,8,3,1,5,0.3125,0.31365657,0.23262726,0.3215029,0.31193233,0.31907967
7b531eaa-9d8b-5f6a-a574-2c2690807733,driving,extremely_close,8,3,2,5,0.3125,0.21734229,0.23673908,0.22807299,0.21852566,0.2268027
7b531eaa-9d8b-5f6a-a574-2c2690807733,driving,extremely_close,8,3,3,4,0.25,0.14819951,0.24213271,0.17629525,0.1507182,0.17220715
e70bcbeb-364c-532e-a143-0246cd058bdf,basketball,extremely_close,0,3,0,7,0.3888888888888889,0.3173009,0.27931517,0.3131195,0.3154185,0.3128357
e70bcbeb-364c-532e-a143-0246cd058bdf,basketball,extremely_close,0,3,1,5,0.2777777777777778,0.31123364,0.2196531,0.3208935,0.3095655,0.31794766
e70bcbeb-364c-532e-a143-0246cd058bdf,basketball,extremely_close,0,3,2,2,0.1111111111111111,0.22057617,0.24769424,0.21410309,0.22165884,0.21602215
e70bcbeb-364c-532e-a143-0246cd058bdf,basketball,extremely_close,0,3,3,4,0.2222222222222222,0.15088934,0.25333744,0.15188394,0.15335715,0.15319455
e70bcbeb-364c-532e-a143-0246cd058bdf,soup,close,14,2,0,7,0.7,0.33818597,0.3010139,0.3503503,0.33563444,0.34637958
e70bcbeb-364c-532e-a143-0246cd058bdf,soup,close,14,2,1,1,0.1,0.31507322,0.22628844,0.3096027,0.31335708,0.30970412
e70bcbeb-364c-532e-a143-0246cd058bdf,soup,close,14,2,2,1,0.1,0.18950173,0.22069465,0.19093937,0.19134966,0.19181013
e70bcbeb-364c-532e-a143-0246cd058bdf,soup,close,14,2,3,1,0.1,0.15723914,0.25200298,0.14910766,0.15965882,0.15210615
e70bcbeb-364c-532e-a143-0246cd058bdf,social,not_close,13,0,0,2,0.4,0.38478413,0.29484272,0.45282483,0.38051066,0.43652424
e70bcbeb-364c-532e-a143-0246cd058bdf,social,not_close,13,0,1,1,0.2,0.26153043,0.23070611,0.24479835,0.261622,0.24863854
e70bcbeb-364c-532e-a143-0246cd058bdf,social,not_close,13,0,2,1,0.2,0.20087723,0.25057164,0.17145851,0.20253547,0.17819941
e70bcbeb-364c-532e-a143-0246cd058bdf,social,not_close,13,0,3,1,0.2,0.15280823,0.22387956,0.13091831,0.15533185,0.1366378
e70bcbeb-364c-532e-a143-0246cd058bdf,brunch,not_close,2,0,0,7,0.4117647058823529,0.30243197,0.3026591,0.35060638,0.30091482,0.34033895
e70bcbeb-364c-532e-a143-0246cd058bdf,brunch,not_close,2,0,1,2,0.1176470588235294,0.29379916,0.21859324,0.3063659,0.29257798,0.30384555
e70bcbeb-364c-532e-a143-0246cd058bdf,brunch,not_close,2,0,2,4,0.2352941176470588,0.22932231,0.23039065,0.22114328,0.23006326,0.22373937
e70bcbeb-364c-532e-a143-0246cd058bdf,brunch,not_close,2,0,3,4,0.2352941176470588,0.17444655,0.24835704,0.121884465,0.17644392,0.13207617
e70bcbeb-364c-532e-a143-0246cd058bdf,crabs,close,5,2,0,2,0.1176470588235294,0.32949838,0.29960105,0.31679517,0.3272346,0.318014
e70bcbeb-364c-532e-a143-0246cd058bdf,crabs,close,5,2,1,7,0.4117647058823529,0.32009298,0.23267563,0.34010246,0.31816855,0.3349067
e70bcbeb-364c-532e-a143-0246cd058bdf,crabs,close,5,2,2,4,0.2352941176470588,0.18702544,0.23678833,0.18733868,0.18890499,0.18845895
e70bcbeb-364c-532e-a143-0246cd058bdf,crabs,close,5,2,3,4,0.2352941176470588,0.16338322,0.23093499,0.1557637,0.16569182,0.15862034
e70bcbeb-364c-532e-a143-0246cd058bdf,driving,not_close,8,0,0,7,0.6363636363636364,0.32080168,0.28850093,0.32237765,0.3188238,0.32171026
e70bcbeb-364c-532e-a143-0246cd058bdf,driving,not_close,8,0,1,2,0.1818181818181818,0.31365657,0.23262726,0.37901825,0.31193233,0.3648442
e70bcbeb-364c-532e-a143-0246cd058bdf,driving,not_close,8,0,2,1,0.0909090909090909,0.21734229,0.23673908,0.18294969,0.21852566,0.19041178
e70bcbeb-364c-532e-a143-0246cd058bdf,driving,not_close,8,0,3,1,0.0909090909090909,0.14819951,0.24213271,0.11565435,0.1507182,0.12303381
e70bcbeb-364c-532e-a143-0246cd058bdf,birthday,not_close,1,0,0,7,0.7,0.32165617,0.28021994,0.37109387,0.3196522,0.36021808
e70bcbeb-364c-532e-a143-0246cd058bdf,birthday,not_close,1,0,1,1,0.1,0.31348172,0.22091691,0.33231905,0.311768,0.32817322
e70bcbeb-364c-532e-a143-0246cd058bdf,birthday,not_close,1,0,2,1,0.1,0.21722111,0.24974371,0.17350394,0.21841055,0.18240416
e70bcbeb-364c-532e-a143-0246cd058bdf,birthday,not_close,1,0,3,1,0.1,0.14764105,0.24911939,0.12308306,0.15016927,0.12920454
e70bcbeb-364c-532e-a143-0246cd058bdf,fair,close,9,2,0,5,0.3125,0.32837287,0.2946545,0.34993604,0.32618845,0.3445345
e70bcbeb-364c-532e-a143-0246cd058bdf,fair,close,9,2,1,4,0.25,0.32105917,0.21227996,0.34182274,0.31913775,0.33674547
e70bcbeb-364c-532e-a143-0246cd058bdf,fair,close,9,2,2,2,0.125,0.20461664,0.2554765,0.18358052,0.20614377,0.18860486
e70bcbeb-364c-532e-a143-0246cd058bdf,fair,close,9,2,3,5,0.3125,0.14595127,0.23758905,0.12466064,0.14853,0.13011518
e70bcbeb-364c-532e-a143-0246cd058bdf,dip,extremely_close,6,3,0,6,0.3157894736842105,0.33769047,0.26539132,0.3300849,0.33498037,0.3299841
e70bcbeb-364c-532e-a143-0246cd058bdf,dip,extremely_close,6,3,1,6,0.3157894736842105,0.2704545,0.25054428,0.27360496,0.27006677,0.27276102
e70bcbeb-364c-532e-a143-0246cd058bdf,dip,extremely_close,6,3,2,3,0.1578947368421052,0.2244097,0.25625244,0.23491126,0.22533904,0.23339608
e70bcbeb-364c-532e-a143-0246cd058bdf,dip,extremely_close,6,3,3,4,0.2105263157894736,0.16744532,0.22781193,0.16139889,0.16961384,0.1638588
e70bcbeb-364c-532e-a143-0246cd058bdf,gala,extremely_close,10,3,0,5,0.2272727272727272,0.36258376,0.29305857,0.27085638,0.35897562,0.28588986
e70bcbeb-364c-532e-a143-0246cd058bdf,gala,extremely_close,10,3,1,5,0.2272727272727272,0.24803236,0.2547296,0.27790543,0.2483613,0.27260363
e70bcbeb-364c-532e-a143-0246cd058bdf,gala,extremely_close,10,3,2,6,0.2727272727272727,0.21528816,0.24108168,0.25729015,0.2164861,0.2498217
e70bcbeb-364c-532e-a143-0246cd058bdf,gala,extremely_close,10,3,3,6,0.2727272727272727,0.17409568,0.21113022,0.19394808,0.17617695,0.19168487
e70bcbeb-364c-532e-a143-0246cd058bdf,wedding,somewhat_close,15,1,0,7,0.7,0.30876625,0.29976675,0.3333098,0.30711403,0.32751745
e70bcbeb-364c-532e-a143-0246cd058bdf,wedding,somewhat_close,15,1,1,1,0.1,0.29898903,0.2203311,0.30216554,0.29767475,0.30098352
e70bcbeb-364c-532e-a143-0246cd058bdf,wedding,somewhat_close,15,1,2,1,0.1,0.23715827,0.23514688,0.23644876,0.23775323,0.23714605
e70bcbeb-364c-532e-a143-0246cd058bdf,wedding,somewhat_close,15,1,3,1,0.1,0.15508646,0.24475528,0.12807587,0.15745798,0.134353
e70bcbeb-364c-532e-a143-0246cd058bdf,hike,extremely_close,11,3,0,2,0.1428571428571428,0.33404678,0.30082837,0.33788186,0.33169934,0.33572078
e70bcbeb-364c-532e-a143-0246cd058bdf,hike,extremely_close,11,3,1,5,0.3571428571428571,0.32451156,0.21243119,0.2973505,0.32250962,0.3014346
e70bcbeb-364c-532e-a143-0246cd058bdf,hike,extremely_close,11,3,2,5,0.3571428571428571,0.19580749,0.25311163,0.20556362,0.19755435,0.2047168
e70bcbeb-364c-532e-a143-0246cd058bdf,hike,extremely_close,11,3,3,2,0.1428571428571428,0.14563413,0.23362878,0.15920395,0.14823666,0.15812786
e70bcbeb-364c-532e-a143-0246cd058bdf,conference,somewhat_close,3,1,0,5,0.3846153846153846,0.33627447,0.28567946,0.33678538,0.33383918,0.33548558
e70bcbeb-364c-532e-a143-0246cd058bdf,conference,somewhat_close,3,1,1,2,0.1538461538461538,0.32249793,0.2440027,0.34514695,0.32056218,0.33959094
e70bcbeb-364c-532e-a143-0246cd058bdf,conference,somewhat_close,3,1,2,5,0.3846153846153846,0.19272308,0.2495618,0.19635226,0.19453102,0.19690198
e70bcbeb-364c-532e-a143-0246cd058bdf,conference,somewhat_close,3,1,3,1,0.0769230769230769,0.14850451,0.22075598,0.1217154,0.15106763,0.1280215
e70bcbeb-364c-532e-a143-0246cd058bdf,cooking,somewhat_close,4,1,0,3,0.1764705882352941,0.32508844,0.28153455,0.3038481,0.32288563,0.30680162
e70bcbeb-364c-532e-a143-0246cd058bdf,cooking,somewhat_close,4,1,1,2,0.1176470588235294,0.30092797,0.22757895,0.3294611,0.2995782,0.32287404
e70bcbeb-364c-532e-a143-0246cd058bdf,cooking,somewhat_close,4,1,2,7,0.4117647058823529,0.21122348,0.2310226,0.2139687,0.21250805,0.21430032
e70bcbeb-364c-532e-a143-0246cd058bdf,cooking,somewhat_close,4,1,3,5,0.2941176470588235,0.16276015,0.2598639,0.15272212,0.1650281,0.15602408
e70bcbeb-364c-532e-a143-0246cd058bdf,oysters,close,12,2,0,3,0.25,0.3400336,0.31127194,0.3257782,0.3373747,0.3269814
e70bcbeb-364c-532e-a143-0246cd058bdf,oysters,close,12,2,1,4,0.3333333333333333,0.30284005,0.21870834,0.30453157,0.3015121,0.30337986
e70bcbeb-364c-532e-a143-0246cd058bdf,oysters,close,12,2,2,3,0.25,0.20254946,0.2491106,0.20594548,0.20409547,0.20621069
e70bcbeb-364c-532e-a143-0246cd058bdf,oysters,close,12,2,3,2,0.1666666666666666,0.15457693,0.22090909,0.16374475,0.1570177,0.1634281
e70bcbeb-364c-532e-a143-0246cd058bdf,drinks,somewhat_close,7,1,0,5,0.2631578947368421,0.33517203,0.25649023,0.35535023,0.33253023,0.35018
e70bcbeb-364c-532e-a143-0246cd058bdf,drinks,somewhat_close,7,1,1,6,0.3157894736842105,0.26757511,0.23912959,0.3067269,0.2672558,0.29884645
e70bcbeb-364c-532e-a143-0246cd058bdf,drinks,somewhat_close,7,1,2,7,0.3684210526315789,0.22562149,0.24335633,0.19969311,0.22650158,0.20539983
e70bcbeb-364c-532e-a143-0246cd058bdf,drinks,somewhat_close,7,1,3,1,0.0526315789473684,0.17163132,0.26102385,0.13822965,0.17371236,0.14557375
1614c84e-f4d8-5a45-b8c3-3fbaf37adb5b,conference,somewhat_close,3,1,0,2,0.1666666666666666,0.33627447,0.28567946,0.33678538,0.33383918,0.33548558
1614c84e-f4d8-5a45-b8c3-3fbaf37adb5b,conference,somewhat_close,3,1,1,6,0.5,0.32249793,0.2440027,0.34514695,0.32056218,0.33959094
1614c84e-f4d8-5a45-b8c3-3fbaf37adb5b,conference,somewhat_close,3,1,2,3,0.25,0.19272308,0.2495618,0.19635226,0.19453102,0.19690198
1614c84e-f4d8-5a45-b8c3-3fbaf37adb5b,conference,somewhat_close,3,1,3,1,0.0833333333333333,0.14850451,0.22075598,0.1217154,0.15106763,0.1280215
1614c84e-f4d8-5a45-b8c3-3fbaf37adb5b,brunch,close,2,2,0,3,0.1764705882352941,0.30243197,0.3026591,0.2907551,0.30091482,0.29213974
1614c84e-f4d8-5a45-b8c3-3fbaf37adb5b,brunch,close,2,2,1,4,0.2352941176470588,0.29379916,0.21859324,0.28704393,0.29257798,0.28764403
1614c84e-f4d8-5a45-b8c3-3fbaf37adb5b,brunch,close,2,2,2,5,0.2941176470588235,0.22932231,0.23039065,0.23673561,0.23006326,0.23571382
1614c84e-f4d8-5a45-b8c3-3fbaf37adb5b,brunch,close,2,2,3,5,0.2941176470588235,0.17444655,0.24835704,0.1854654,0.17644392,0.1845024
1614c84e-f4d8-5a45-b8c3-3fbaf37adb5b,hike,not_close,11,0,0,6,0.4285714285714285,0.33404678,0.30082837,0.37751567,0.33169934,0.36750683
1614c84e-f4d8-5a45-b8c3-3fbaf37adb5b,hike,not_close,11,0,1,5,0.3571428571428571,0.32451156,0.21243119,0.33200538,0.32250962,0.3297955
1614c84e-f4d8-5a45-b8c3-3fbaf37adb5b,hike,not_close,11,0,2,2,0.1428571428571428,0.19580749,0.25311163,0.16379511,0.19755435,0.1708626
1614c84e-f4d8-5a45-b8c3-3fbaf37adb5b,hike,not_close,11,0,3,1,0.0714285714285714,0.14563413,0.23362878,0.12668388,0.14823666,0.13183501
1614c84e-f4d8-5a45-b8c3-3fbaf37adb5b,drinks,extremely_close,7,3,0,3,0.25,0.33517203,0.25649023,0.23276606,0.33253023,0.25004545
1614c84e-f4d8-5a45-b8c3-3fbaf37adb5b,drinks,extremely_close,7,3,1,2,0.1666666666666666,0.26757511,0.23912959,0.3014371,0.2672558,0.29548186
1614c84e-f4d8-5a45-b8c3-3fbaf37adb5b,drinks,extremely_close,7,3,2,3,0.25,0.22562149,0.24335633,0.22504783,0.22650158,0.22667027
1614c84e-f4d8-5a45-b8c3-3fbaf37adb5b,drinks,extremely_close,7,3,3,4,0.3333333333333333,0.17163132,0.26102385,0.240749,0.17371236,0.22780243
1614c84e-f4d8-5a45-b8c3-3fbaf37adb5b,oysters,not_close,12,0,0,6,0.5,0.3400336,0.31127194,0.3653165,0.3373747,0.35897037
1614c84e-f4d8-5a45-b8c3-3fbaf37adb5b,oysters,not_close,12,0,1,2,0.1666666666666666,0.30284005,0.21870834,0.32647744,0.3015121,0.32125935
1614c84e-f4d8-5a45-b8c3-3fbaf37adb5b,oysters,not_close,12,0,2,2,0.1666666666666666,0.20254946,0.2491106,0.18403101,0.20409547,0.1886821
1614c84e-f4d8-5a45-b8c3-3fbaf37adb5b,oysters,not_close,12,0,3,2,0.1666666666666666,0.15457693,0.22090909,0.12417514,0.1570177,0.13108808
1614c84e-f4d8-5a45-b8c3-3fbaf37adb5b,basketball,extremely_close,0,3,0,2,0.125,0.3173009,0.27931517,0.3131195,0.3154185,0.3128357
1614c84e-f4d8-5a45-b8c3-3fbaf37adb5b,basketball,extremely_close,0,3,1,6,0.375,0.31123364,0.2196531,0.3208935,0.3095655,0.31794766
1614c84e-f4d8-5a45-b8c3-3fbaf37adb5b,basketball,extremely_close,0,3,2,3,0.1875,0.22057617,0.24769424,0.21410309,0.22165884,0.21602215
1614c84e-f4d8-5a45-b8c3-3fbaf37adb5b,basketball,extremely_close,0,3,3,5,0.3125,0.15088934,0.25333744,0.15188394,0.15335715,0.15319455
1614c84e-f4d8-5a45-b8c3-3fbaf37adb5b,wedding,not_close,15,0,0,6,0.4,0.30876625,0.29976675,0.35758772,0.30711403,0.34737545
1614c84e-f4d8-5a45-b8c3-3fbaf37adb5b,wedding,not_close,15,0,1,3,0.2,0.29898903,0.2203311,0.32176432,0.29767475,0.31732672
1614c84e-f4d8-5a45-b8c3-3fbaf37adb5b,wedding,not_close,15,0,2,5,0.3333333333333333,0.23715827,0.23514688,0.22107239,0.23775323,0.2252434
1614c84e-f4d8-5a45-b8c3-3fbaf37adb5b,wedding,not_close,15,0,3,1,0.0666666666666666,0.15508646,0.24475528,0.099575475,0.15745798,0.110054396
1614c84e-f4d8-5a45-b8c3-3fbaf37adb5b,cooking,somewhat_close,4,1,0,2,0.1333333333333333,0.32508844,0.28153455,0.3038481,0.32288563,0.30680162
1614c84e-f4d8-5a45-b8c3-3fbaf37adb5b,cooking,somewhat_close,4,1,1,6,0.4,0.30092797,0.22757895,0.3294611,0.2995782,0.32287404
1614c84e-f4d8-5a45-b8c3-3fbaf37adb5b,cooking,somewhat_close,4,1,2,5,0.3333333333333333,0.21122348,0.2310226,0.2139687,0.21250805,0.21430032
1614c84e-f4d8-5a45-b8c3-3fbaf37adb5b,cooking,somewhat_close,4,1,3,2,0.1333333333333333,0.16276015,0.2598639,0.15272212,0.1650281,0.15602408
1614c84e-f4d8-5a45-b8c3-3fbaf37adb5b,birthday,somewhat_close,1,1,0,3,0.2142857142857142,0.32165617,0.28021994,0.31222877,0.3196522,0.31307483
1614c84e-f4d8-5a45-b8c3-3fbaf37adb5b,birthday,somewhat_close,1,1,1,5,0.3571428571428571,0.31348172,0.22091691,0.33197084,0.311768,0.32734334
1614c84e-f4d8-5a45-b8c3-3fbaf37adb5b,birthday,somewhat_close,1,1,2,3,0.2142857142857142,0.21722111,0.24974371,0.2297937,0.21841055,0.22814302
1614c84e-f4d8-5a45-b8c3-3fbaf37adb5b,birthday,somewhat_close,1,1,3,3,0.2142857142857142,0.14764105,0.24911939,0.12600674,0.15016927,0.13143879
1614c84e-f4d8-5a45-b8c3-3fbaf37adb5b,fair,extremely_close,9,3,0,5,0.2272727272727272,0.32837287,0.2946545,0.32941785,0.32618845,0.32789174
1614c84e-f4d8-5a45-b8c3-3fbaf37adb5b,fair,extremely_close,9,3,1,5,0.2272727272727272,0.32105917,0.21227996,0.31025007,0.31913775,0.3112323
1614c84e-f4d8-5a45-b8c3-3fbaf37adb5b,fair,extremely_close,9,3,2,6,0.2727272727272727,0.20461664,0.2554765,0.19988796,0.20614377,0.2017246
1614c84e-f4d8-5a45-b8c3-3fbaf37adb5b,fair,extremely_close,9,3,3,6,0.2727272727272727,0.14595127,0.23758905,0.1604442,0.14853,0.1591514
1614c84e-f4d8-5a45-b8c3-3fbaf37adb5b,gala,extremely_close,10,3,0,3,0.1428571428571428,0.36258376,0.29305857,0.27085638,0.35897562,0.28588986
1614c84e-f4d8-5a45-b8c3-3fbaf37adb5b,gala,extremely_close,10,3,1,6,0.2857142857142857,0.24803236,0.2547296,0.27790543,0.2483613,0.27260363
1614c84e-f4d8-5a45-b8c3-3fbaf37adb5b,gala,extremely_close,10,3,2,6,0.2857142857142857,0.21528816,0.24108168,0.25729015,0.2164861,0.2498217
1614c84e-f4d8-5a45-b8c3-3fbaf37adb5b,gala,extremely_close,10,3,3,6,0.2857142857142857,0.17409568,0.21113022,0.19394808,0.17617695,0.19168487
1614c84e-f4d8-5a45-b8c3-3fbaf37adb5b,soup,somewhat_close,14,1,0,7,0.5833333333333334,0.33818597,0.3010139,0.34452966,0.33563444,0.3417673
1614c84e-f4d8-5a45-b8c3-3fbaf37adb5b,soup,somewhat_close,14,1,1,2,0.1666666666666666,0.31507322,0.22628844,0.3189721,0.31335708,0.31721324
1614c84e-f4d8-5a45-b8c3-3fbaf37adb5b,soup,somewhat_close,14,1,2,2,0.1666666666666666,0.18950173,0.22069465,0.19080658,0.19134966,0.1917101
1614c84e-f4d8-5a45-b8c3-3fbaf37adb5b,soup,somewhat_close,14,1,3,1,0.0833333333333333,0.15723914,0.25200298,0.14569166,0.15965882,0.14930934
1614c84e-f4d8-5a45-b8c3-3fbaf37adb5b,crabs,close,5,2,0,2,0.1333333333333333,0.32949838,0.29960105,0.31679517,0.3272346,0.318014
1614c84e-f4d8-5a45-b8c3-3fbaf37adb5b,crabs,close,5,2,1,7,0.4666666666666667,0.32009298,0.23267563,0.34010246,0.31816855,0.3349067
1614c84e-f4d8-5a45-b8c3-3fbaf37adb5b,crabs,close,5,2,2,3,0.2,0.18702544,0.23678833,0.18733868,0.18890499,0.18845895
1614c84e-f4d8-5a45-b8c3-3fbaf37adb5b,crabs,close,5,2,3,3,0.2,0.16338322,0.23093499,0.1557637,0.16569182,0.15862034
1614c84e-f4d8-5a45-b8c3-3fbaf37adb5b,dip,close,6,2,0,6,0.2608695652173913,0.33769047,0.26539132,0.34952283,0.33498037,0.3457275
1614c84e-f4d8-5a45-b8c3-3fbaf37adb5b,dip,close,6,2,1,6,0.2608695652173913,0.2704545,0.25054428,0.28651547,0.27006677,0.28323793
1614c84e-f4d8-5a45-b8c3-3fbaf37adb5b,dip,close,6,2,2,6,0.2608695652173913,0.2244097,0.25625244,0.22507222,0.22533904,0.22567739
1614c84e-f4d8-5a45-b8c3-3fbaf37adb5b,dip,close,6,2,3,5,0.217391304347826,0.16744532,0.22781193,0.13888952,0.16961384,0.1453572
1614c84e-f4d8-5a45-b8c3-3fbaf37adb5b,social,close,13,2,0,5,0.3571428571428571,0.38478413,0.29484272,0.3941475,0.38051066,0.38977
1614c84e-f4d8-5a45-b8c3-3fbaf37adb5b,social,close,13,2,1,3,0.2142857142857142,0.26153043,0.23070611,0.26863965,0.261622,0.2673677
1614c84e-f4d8-5a45-b8c3-3fbaf37adb5b,social,close,13,2,2,3,0.2142857142857142,0.20087723,0.25057164,0.19937879,0.20253547,0.20073907
1614c84e-f4d8-5a45-b8c3-3fbaf37adb5b,social,close,13,2,3,3,0.2142857142857142,0.15280823,0.22387956,0.13783406,0.15533185,0.14212327
1614c84e-f4d8-5a45-b8c3-3fbaf37adb5b,driving,not_close,8,0,0,5,0.3333333333333333,0.32080168,0.28850093,0.32237765,0.3188238,0.32171026
1614c84e-f4d8-5a45-b8c3-3fbaf37adb5b,driving,not_close,8,0,1,6,0.4,0.31365657,0.23262726,0.37901825,0.31193233,0.3648442
1614c84e-f4d8-5a45-b8c3-3fbaf37adb5b,driving,not_close,8,0,2,2,0.1333333333333333,0.21734229,0.23673908,0.18294969,0.21852566,0.19041178
1614c84e-f4d8-5a45-b8c3-3fbaf37adb5b,driving,not_close,8,0,3,2,0.1333333333333333,0.14819951,0.24213271,0.11565435,0.1507182,0.12303381
bfab4c67-aa82-552e-90c9-c13d1d5285f5,brunch,extremely_close,2,3,0,3,0.1363636363636363,0.30243197,0.3026591,0.25437948,0.30091482,0.26270998
bfab4c67-aa82-552e-90c9-c13d1d5285f5,brunch,extremely_close,2,3,1,6,0.2727272727272727,0.29379916,0.21859324,0.28251648,0.29257798,0.28429732
bfab4c67-aa82-552e-90c9-c13d1d5285f5,brunch,extremely_close,2,3,2,7,0.3181818181818182,0.22932231,0.23039065,0.2505955,0.23006326,0.24698317
bfab4c67-aa82-552e-90c9-c13d1d5285f5,brunch,extremely_close,2,3,3,6,0.2727272727272727,0.17444655,0.24835704,0.21250848,0.17644392,0.20600952
bfab4c67-aa82-552e-90c9-c13d1d5285f5,oysters,somewhat_close,12,1,0,6,0.4285714285714285,0.3400336,0.31127194,0.35442063,0.3373747,0.34994653
bfab4c67-aa82-552e-90c9-c13d1d5285f5,oysters,somewhat_close,12,1,1,3,0.2142857142857142,0.30284005,0.21870834,0.30074957,0.3015121,0.30043343
bfab4c67-aa82-552e-90c9-c13d1d5285f5,oysters,somewhat_close,12,1,2,4,0.2857142857142857,0.20254946,0.2491106,0.19948952,0.20409547,0.20106164
bfab4c67-aa82-552e-90c9-c13d1d5285f5,oysters,somewhat_close,12,1,3,1,0.0714285714285714,0.15457693,0.22090909,0.14534028,0.1570177,0.1485584
bfab4c67-aa82-552e-90c9-c13d1d5285f5,basketball,close,0,2,0,3,0.1764705882352941,0.3173009,0.27931517,0.331041,0.3154185,0.32719913
bfab4c67-aa82-552e-90c9-c13d1d5285f5,basketball,close,0,2,1,7,0.4117647058823529,0.31123364,0.2196531,0.3025721,0.3095655,0.30337024
bfab4c67-aa82-552e-90c9-c13d1d5285f5,basketball,close,0,2,2,5,0.2941176470588235,0.22057617,0.24769424,0.19962241,0.22165884,0.20426738
bfab4c67-aa82-552e-90c9-c13d1d5285f5,basketball,close,0,2,3,2,0.1176470588235294,0.15088934,0.25333744,0.16676445,0.15335715,0.16516323
bfab4c67-aa82-552e-90c9-c13d1d5285f5,soup,somewhat_close,14,1,0,6,0.3529411764705882,0.33818597,0.3010139,0.34452966,0.33563444,0.3417673
bfab4c67-aa82-552e-90c9-c13d1d5285f5,soup,somewhat_close,14,1,1,5,0.2941176470588235,0.31507322,0.22628844,0.3189721,0.31335708,0.31721324
bfab4c67-aa82-552e-90c9-c13d1d5285f5,soup,somewhat_close,14,1,2,4,0.2352941176470588,0.18950173,0.22069465,0.19080658,0.19134966,0.1917101
bfab4c67-aa82-552e-90c9-c13d1d5285f5,soup,somewhat_close,14,1,3,2,0.1176470588235294,0.15723914,0.25200298,0.14569166,0.15965882,0.14930934
bfab4c67-aa82-552e-90c9-c13d1d5285f5,drinks,somewhat_close,7,1,0,6,0.375,0.33517203,0.25649023,0.35535023,0.33253023,0.35018
bfab4c67-aa82-552e-90c9-c13d1d5285f5,drinks,somewhat_close,7,1,1,5,0.3125,0.26757511,0.23912959,0.3067269,0.2672558,0.29884645
bfab4c67-aa82-552e-90c9-c13d1d5285f5,drinks,somewhat_close,7,1,2,3,0.1875,0.22562149,0.24335633,0.19969311,0.22650158,0.20539983
bfab4c67-aa82-552e-90c9-c13d1d5285f5,drinks,somewhat_close,7,1,3,2,0.125,0.17163132,0.26102385,0.13822965,0.17371236,0.14557375
bfab4c67-aa82-552e-90c9-c13d1d5285f5,cooking,not_close,4,0,0,1,0.0769230769230769,0.32508844,0.28153455,0.3056378,0.32288563,0.3086708
bfab4c67-aa82-552e-90c9-c13d1d5285f5,cooking,not_close,4,0,1,7,0.5384615384615384,0.30092797,0.22757895,0.36421698,0.2995782,0.35040545
bfab4c67-aa82-552e-90c9-c13d1d5285f5,cooking,not_close,4,0,2,3,0.2307692307692307,0.21122348,0.2310226,0.18061243,0.21250805,0.1873101
bfab4c67-aa82-552e-90c9-c13d1d5285f5,cooking,not_close,4,0,3,2,0.1538461538461538,0.16276015,0.2598639,0.14953284,0.1650281,0.15361361
bfab4c67-aa82-552e-90c9-c13d1d5285f5,birthday,not_close,1,0,0,7,0.5384615384615384,0.32165617,0.28021994,0.37109387,0.3196522,0.36021808
bfab4c67-aa82-552e-90c9-c13d1d5285f5,birthday,not_close,1,0,1,3,0.2307692307692307,0.31348172,0.22091691,0.33231905,0.311768,0.32817322
bfab4c67-aa82-552e-90c9-c13d1d5285f5,birthday,not_close,1,0,2,2,0.1538461538461538,0.21722111,0.24974371,0.17350394,0.21841055,0.18240416
bfab4c67-aa82-552e-90c9-c13d1d5285f5,birthday,not_close,1,0,3,1,0.0769230769230769,0.14764105,0.24911939,0.12308306,0.15016927,0.12920454
bfab4c67-aa82-552e-90c9-c13d1d5285f5,fair,close,9,2,0,2,0.1111111111111111,0.32837287,0.2946545,0.34993604,0.32618845,0.3445345
bfab4c67-aa82-552e-90c9-c13d1d5285f5,fair,close,9,2,1,7,0.3888888888888889,0.32105917,0.21227996,0.34182274,0.31913775,0.33674547
bfab4c67-aa82-552e-90c9-c13d1d5285f5,fair,close,9,2,2,6,0.3333333333333333,0.20461664,0.2554765,0.18358052,0.20614377,0.18860486
bfab4c67-aa82-552e-90c9-c13d1d5285f5,fair,close,9,2,3,3,0.1666666666666666,0.14595127,0.23758905,0.12466064,0.14853,0.13011518
bfab4c67-aa82-552e-90c9-c13d1d5285f5,crabs,somewhat_close,5,1,0,5,0.3125,0.32949838,0.29960105,0.36052796,0.3272346,0.35396707
bfab4c67-aa82-552e-90c9-c13d1d5285f5,crabs,somewhat_close,5,1,1,6,0.375,0.32009298,0.23267563,0.37403747,0.31816855,0.36267853
bfab4c67-aa82-552e-90c9-c13d1d5285f5,crabs,somewhat_close,5,1,2,2,0.125,0.18702544,0.23678833,0.13190359,0.18890499,0.14269985
bfab4c67-aa82-552e-90c9-c13d1d5285f5,crabs,somewhat_close,5,1,3,3,0.1875,0.16338322,0.23093499,0.13353097,0.16569182,0.14065453
bfab4c67-aa82-552e-90c9-c13d1d5285f5,hike,extremely_close,11,3,0,2,0.0909090909090909,0.33404678,0.30082837,0.33788186,0.33169934,0.33572078
bfab4c67-aa82-552e-90c9-c13d1d5285f5,hike,extremely_close,11,3,1,7,0.3181818181818182,0.32451156,0.21243119,0.2973505,0.32250962,0.3014346
bfab4c67-aa82-552e-90c9-c13d1d5285f5,hike,extremely_close,11,3,2,6,0.2727272727272727,0.19580749,0.25311163,0.20556362,0.19755435,0.2047168
bfab4c67-aa82-552e-90c9-c13d1d5285f5,hike,extremely_close,11,3,3,7,0.3181818181818182,0.14563413,0.23362878,0.15920395,0.14823666,0.15812786
bfab4c67-aa82-552e-90c9-c13d1d5285f5,conference,not_close,3,0,0,6,0.375,0.33627447,0.28567946,0.33324155,0.33383918,0.33397454
bfab4c67-aa82-552e-90c9-c13d1d5285f5,conference,not_close,3,0,1,7,0.4375,0.32249793,0.2440027,0.41457385,0.32056218,0.3949526
bfab4c67-aa82-552e-90c9-c13d1d5285f5,conference,not_close,3,0,2,2,0.125,0.19272308,0.2495618,0.14458562,0.19453102,0.15464573
bfab4c67-aa82-552e-90c9-c13d1d5285f5,conference,not_close,3,0,3,1,0.0625,0.14850451,0.22075598,0.10759906,0.15106763,0.11642715
bfab4c67-aa82-552e-90c9-c13d1d5285f5,social,extremely_close,13,3,0,5,0.2083333333333333,0.38478413,0.29484272,0.35028762,0.38051066,0.35454354
bfab4c67-aa82-552e-90c9-c13d1d5285f5,social,extremely_close,13,3,1,6,0.25,0.26153043,0.23070611,0.26098487,0.261622,0.26121816
bfab4c67-aa82-552e-90c9-c13d1d5285f5,social,extremely_close,13,3,2,7,0.2916666666666667,0.20087723,0.25057164,0.23086676,0.20253547,0.22578412
bfab4c67-aa82-552e-90c9-c13d1d5285f5,social,extremely_close,13,3,3,6,0.25,0.15280823,0.22387956,0.15786076,0.15533185,0.15845421
bfab4c67-aa82-552e-90c9-c13d1d5285f5,dip,close,6,2,0,7,0.35,0.33769047,0.26539132,0.34952283,0.33498037,0.3457275
bfab4c67-aa82-552e-90c9-c13d1d5285f5,dip,close,6,2,1,6,0.3,0.2704545,0.25054428,0.28651547,0.27006677,0.28323793
bfab4c67-aa82-552e-90c9-c13d1d5285f5,dip,close,6,2,2,5,0.25,0.2244097,0.25625244,0.22507222,0.22533904,0.22567739
bfab4c67-aa82-552e-90c9-c13d1d5285f5,dip,close,6,2,3,2,0.1,0.16744532,0.22781193,0.13888952,0.16961384,0.1453572
bfab4c67-aa82-552e-90c9-c13d1d5285f5,gala,close,10,2,0,5,0.217391304347826,0.36258376,0.29305857,0.3041355,0.35897562,0.31327608
bfab4c67-aa82-552e-90c9-c13d1d5285f5,gala,close,10,2,1,7,0.3043478260869565,0.24803236,0.2547296,0.2767334,0.2483613,0.2712739
bfab4c67-aa82-552e-90c9-c13d1d5285f5,gala,close,10,2,2,6,0.2608695652173913,0.21528816,0.24108168,0.24181442,0.2164861,0.23733611
bfab4c67-aa82-552e-90c9-c13d1d5285f5,gala,close,10,2,3,5,0.217391304347826,0.17409568,0.21113022,0.17731674,0.17617695,0.17811388
bfab4c67-aa82-552e-90c9-c13d1d5285f5,driving,extremely_close,8,3,0,2,0.1,0.32080168,0.28850093,0.27412885,0.3188238,0.28191045
bfab4c67-aa82-552e-90c9-c13d1d5285f5,driving,extremely_close,8,3,1,7,0.35,0.31365657,0.23262726,0.3215029,0.31193233,0.31907967
bfab4c67-aa82-552e-90c9-c13d1d5285f5,driving,extremely_close,8,3,2,6,0.3,0.21734229,0.23673908,0.22807299,0.21852566,0.2268027
bfab4c67-aa82-552e-90c9-c13d1d5285f5,driving,extremely_close,8,3,3,5,0.25,0.14819951,0.24213271,0.17629525,0.1507182,0.17220715
bfab4c67-aa82-552e-90c9-c13d1d5285f5,wedding,not_close,15,0,0,7,0.5,0.30876625,0.29976675,0.35758772,0.30711403,0.34737545
bfab4c67-aa82-552e-90c9-c13d1d5285f5,wedding,not_close,15,0,1,2,0.1428571428571428,0.29898903,0.2203311,0.32176432,0.29767475,0.31732672
bfab4c67-aa82-552e-90c9-c13d1d5285f5,wedding,not_close,15,0,2,3,0.2142857142857142,0.23715827,0.23514688,0.22107239,0.23775323,0.2252434
bfab4c67-aa82-552e-90c9-c13d1d5285f5,wedding,not_close,15,0,3,2,0.1428571428571428,0.15508646,0.24475528,0.099575475,0.15745798,0.110054396
f370b075-282b-53f4-9673-2d14524f8743,driving,somewhat_close,8,1,0,5,0.3571428571428571,0.32080168,0.28850093,0.31517804,0.3188238,0.3153335
f370b075-282b-53f4-9673-2d14524f8743,driving,somewhat_close,8,1,1,6,0.4285714285714285,0.31365657,0.23262726,0.34766352,0.31193233,0.33977747
f370b075-282b-53f4-9673-2d14524f8743,driving,somewhat_close,8,1,2,2,0.1428571428571428,0.21734229,0.23673908,0.20519517,0.21852566,0.20837864
f370b075-282b-53f4-9673-2d14524f8743,driving,somewhat_close,8,1,3,1,0.0714285714285714,0.14819951,0.24213271,0.13196324,0.1507182,0.13651037
f370b075-282b-53f4-9673-2d14524f8743,oysters,close,12,2,0,2,0.1666666666666666,0.3400336,0.31127194,0.3257782,0.3373747,0.3269814
f370b075-282b-53f4-9673-2d14524f8743,oysters,close,12,2,1,5,0.4166666666666667,0.30284005,0.21870834,0.30453157,0.3015121,0.30337986
f370b075-282b-53f4-9673-2d14524f8743,oysters,close,12,2,2,3,0.25,0.20254946,0.2491106,0.20594548,0.20409547,0.20621069
f370b075-282b-53f4-9673-2d14524f8743,oysters,close,12,2,3,2,0.1666666666666666,0.15457693,0.22090909,0.16374475,0.1570177,0.1634281
f370b075-282b-53f4-9673-2d14524f8743,soup,close,14,2,0,7,0.3888888888888889,0.33818597,0.3010139,0.3503503,0.33563444,0.34637958
f370b075-282b-53f4-9673-2d14524f8743,soup,close,14,2,1,4,0.2222222222222222,0.31507322,0.22628844,0.3096027,0.31335708,0.30970412
f370b075-282b-53f4-9673-2d14524f8743,soup,close,14,2,2,5,0.2777777777777778,0.18950173,0.22069465,0.19093937,0.19134966,0.19181013
f370b075-282b-53f4-9673-2d14524f8743,soup,close,14,2,3,2,0.1111111111111111,0.15723914,0.25200298,0.14910766,0.15965882,0.15210615
f370b075-282b-53f4-9673-2d14524f8743,hike,close,11,2,0,3,0.2142857142857142,0.33404678,0.30082837,0.31649798,0.33169934,0.31855774
f370b075-282b-53f4-9673-2d14524f8743,hike,close,11,2,1,7,0.5,0.32451156,0.21243119,0.31296036,0.32250962,0.31405988
f370b075-282b-53f4-9673-2d14524f8743,hike,close,11,2,2,3,0.2142857142857142,0.19580749,0.25311163,0.20188613,0.19755435,0.20176907
f370b075-282b-53f4-9673-2d14524f8743,hike,close,11,2,3,1,0.0714285714285714,0.14563413,0.23362878,0.16865557,0.14823666,0.16561331
f370b075-282b-53f4-9673-2d14524f8743,wedding,extremely_close,15,3,0,5,0.2272727272727272,0.30876625,0.29976675,0.29720375,0.30711403,0.2985504
f370b075-282b-53f4-9673-2d14524f8743,wedding,extremely_close,15,3,1,6,0.2727272727272727,0.29898903,0.2203311,0.27952927,0.29767475,0.2825817
f370b075-282b-53f4-9673-2d14524f8743,wedding,extremely_close,15,3,2,6,0.2727272727272727,0.23715827,0.23514688,0.2412807,0.23775323,0.24087891
f370b075-282b-53f4-9673-2d14524f8743,wedding,extremely_close,15,3,3,5,0.2272727272727272,0.15508646,0.24475528,0.18198623,0.15745798,0.17798899
f370b075-282b-53f4-9673-2d14524f8743,basketball,extremely_close,0,3,0,2,0.0952380952380952,0.3173009,0.27931517,0.3131195,0.3154185,0.3128357
f370b075-282b-53f4-9673-2d14524f8743,basketball,extremely_close,0,3,1,7,0.3333333333333333,0.31123364,0.2196531,0.3208935,0.3095655,0.31794766
f370b075-282b-53f4-9673-2d14524f8743,basketball,extremely_close,0,3,2,6,0.2857142857142857,0.22057617,0.24769424,0.21410309,0.22165884,0.21602215
f370b075-282b-53f4-9673-2d14524f8743,basketball,extremely_close,0,3,3,6,0.2857142857142857,0.15088934,0.25333744,0.15188394,0.15335715,0.15319455
f370b075-282b-53f4-9673-2d14524f8743,birthday,extremely_close,1,3,0,3,0.1666666666666666,0.32165617,0.28021994,0.29297653,0.3196522,0.2974144
f370b075-282b-53f4-9673-2d14524f8743,birthday,extremely_close,1,3,1,7,0.3888888888888889,0.31348172,0.22091691,0.2967644,0.311768,0.2991094
f370b075-282b-53f4-9673-2d14524f8743,birthday,extremely_close,1,3,2,6,0.3333333333333333,0.21722111,0.24974371,0.24162844,0.21841055,0.2374631
f370b075-282b-53f4-9673-2d14524f8743,birthday,extremely_close,1,3,3,2,0.1111111111111111,0.14764105,0.24911939,0.16863064,0.15016927,0.16601305
f370b075-282b-53f4-9673-2d14524f8743,crabs,not_close,5,0,0,7,0.5,0.32949838,0.29960105,0.33250704,0.3272346,0.33146152
f370b075-282b-53f4-9673-2d14524f8743,crabs,not_close,5,0,1,5,0.3571428571428571,0.32009298,0.23267563,0.38626826,0.31816855,0.37187403
f370b075-282b-53f4-9673-2d14524f8743,crabs,not_close,5,0,2,1,0.0714285714285714,0.18702544,0.23678833,0.15252548,0.18890499,0.16021432
f370b075-282b-53f4-9673-2d14524f8743,crabs,not_close,5,0,3,1,0.0714285714285714,0.16338322,0.23093499,0.12869921,0.16569182,0.13645016
f370b075-282b-53f4-9673-2d14524f8743,gala,somewhat_close,10,1,0,6,0.3333333333333333,0.36258376,0.29305857,0.32763717,0.35897562,0.33230746
f370b075-282b-53f4-9673-2d14524f8743,gala,somewhat_close,10,1,1,5,0.2777777777777778,0.24803236,0.2547296,0.2531211,0.2483613,0.25235286
f370b075-282b-53f4-9673-2d14524f8743,gala,somewhat_close,10,1,2,5,0.2777777777777778,0.21528816,0.24108168,0.2304504,0.2164861,0.2281751
f370b075-282b-53f4-9673-2d14524f8743,gala,somewhat_close,10,1,3,2,0.1111111111111111,0.17409568,0.21113022,0.18879129,0.17617695,0.18716459
f370b075-282b-53f4-9673-2d14524f8743,brunch,extremely_close,2,3,0,1,0.0526315789473684,0.30243197,0.3026591,0.25437948,0.30091482,0.26270998
f370b075-282b-53f4-9673-2d14524f8743,brunch,extremely_close,2,3,1,6,0.3157894736842105,0.29379916,0.21859324,0.28251648,0.29257798,0.28429732
f370b075-282b-53f4-9673-2d14524f8743,brunch,extremely_close,2,3,2,7,0.3684210526315789,0.22932231,0.23039065,0.2505955,0.23006326,0.24698317
f370b075-282b-53f4-9673-2d14524f8743,brunch,extremely_close,2,3,3,5,0.2631578947368421,0.17444655,0.24835704,0.21250848,0.17644392,0.20600952
f370b075-282b-53f4-9673-2d14524f8743,fair,somewhat_close,9,1,0,5,0.3571428571428571,0.32837287,0.2946545,0.29791787,0.32618845,0.30253178
f370b075-282b-53f4-9673-2d14524f8743,fair,somewhat_close,9,1,1,6,0.4285714285714285,0.32105917,0.21227996,0.32904878,0.31913775,0.32632118
f370b075-282b-53f4-9673-2d14524f8743,fair,somewhat_close,9,1,2,2,0.1428571428571428,0.20461664,0.2554765,0.2179913,0.20614377,0.21628724
f370b075-282b-53f4-9673-2d14524f8743,fair,somewhat_close,9,1,3,1,0.0714285714285714,0.14595127,0.23758905,0.15504195,0.14853,0.15485977
f370b075-282b-53f4-9673-2d14524f8743,social,close,13,2,0,2,0.1666666666666666,0.38478413,0.29484272,0.3941475,0.38051066,0.38977
f370b075-282b-53f4-9673-2d14524f8743,social,close,13,2,1,6,0.5,0.26153043,0.23070611,0.26863965,0.261622,0.2673677
f370b075-282b-53f4-9673-2d14524f8743,social,close,13,2,2,3,0.25,0.20087723,0.25057164,0.19937879,0.20253547,0.20073907
f370b075-282b-53f4-9673-2d14524f8743,social,close,13,2,3,1,0.0833333333333333,0.15280823,0.22387956,0.13783406,0.15533185,0.14212327
f370b075-282b-53f4-9673-2d14524f8743,conference,not_close,3,0,0,6,0.4615384615384615,0.33627447,0.28567946,0.33324155,0.33383918,0.33397454
f370b075-282b-53f4-9673-2d14524f8743,conference,not_close,3,0,1,5,0.3846153846153846,0.32249793,0.2440027,0.41457385,0.32056218,0.3949526
f370b075-282b-53f4-9673-2d14524f8743,conference,not_close,3,0,2,1,0.0769230769230769,0.19272308,0.2495618,0.14458562,0.19453102,0.15464573
f370b075-282b-53f4-9673-2d14524f8743,conference,not_close,3,0,3,1,0.0769230769230769,0.14850451,0.22075598,0.10759906,0.15106763,0.11642715
f370b075-282b-53f4-9673-2d14524f8743,dip,not_close,6,0,0,7,0.5384615384615384,0.33769047,0.26539132,0.4222383,0.33498037,0.40336716
f370b075-282b-53f4-9673-2d14524f8743,dip,not_close,6,0,1,3,0.2307692307692307,0.2704545,0.25054428,0.24091707,0.27006677,0.24709393
f370b075-282b-53f4-9673-2d14524f8743,dip,not_close,6,0,2,2,0.1538461538461538,0.2244097,0.25625244,0.20938475,0.22533904,0.2135127
f370b075-282b-53f4-9673-2d14524f8743,dip,not_close,6,0,3,1,0.0769230769230769,0.16744532,0.22781193,0.12745976,0.16961384,0.13602626
f370b075-282b-53f4-9673-2d14524f8743,cooking,not_close,4,0,0,2,0.1538461538461538,0.32508844,0.28153455,0.3056378,0.32288563,0.3086708
f370b075-282b-53f4-9673-2d14524f8743,cooking,not_close,4,0,1,7,0.5384615384615384,0.30092797,0.22757895,0.36421698,0.2995782,0.35040545
f370b075-282b-53f4-9673-2d14524f8743,cooking,not_close,4,0,2,3,0.2307692307692307,0.21122348,0.2310226,0.18061243,0.21250805,0.1873101
f370b075-282b-53f4-9673-2d14524f8743,cooking,not_close,4,0,3,1,0.0769230769230769,0.16276015,0.2598639,0.14953284,0.1650281,0.15361361
f370b075-282b-53f4-9673-2d14524f8743,drinks,somewhat_close,7,1,0,5,0.3571428571428571,0.33517203,0.25649023,0.35535023,0.33253023,0.35018
f370b075-282b-53f4-9673-2d14524f8743,drinks,somewhat_close,7,1,1,6,0.4285714285714285,0.26757511,0.23912959,0.3067269,0.2672558,0.29884645
f370b075-282b-53f4-9673-2d14524f8743,drinks,somewhat_close,7,1,2,2,0.1428571428571428,0.22562149,0.24335633,0.19969311,0.22650158,0.20539983
f370b075-282b-53f4-9673-2d14524f8743,drinks,somewhat_close,7,1,3,1,0.0714285714285714,0.17163132,0.26102385,0.13822965,0.17371236,0.14557375
00c658b3-6a38-5515-87ad-65d359fa8826,gala,extremely_close,10,3,0,3,0.1578947368421052,0.36258376,0.29305857,0.27085638,0.35897562,0.28588986
00c658b3-6a38-5515-87ad-65d359fa8826,gala,extremely_close,10,3,1,7,0.3684210526315789,0.24803236,0.2547296,0.27790543,0.2483613,0.27260363
00c658b3-6a38-5515-87ad-65d359fa8826,gala,extremely_close,10,3,2,7,0.3684210526315789,0.21528816,0.24108168,0.25729015,0.2164861,0.2498217
00c658b3-6a38-5515-87ad-65d359fa8826,gala,extremely_close,10,3,3,2,0.1052631578947368,0.17409568,0.21113022,0.19394808,0.17617695,0.19168487
00c658b3-6a38-5515-87ad-65d359fa8826,fair,somewhat_close,9,1,0,5,0.4166666666666667,0.32837287,0.2946545,0.29791787,0.32618845,0.30253178
00c658b3-6a38-5515-87ad-65d359fa8826,fair,somewhat_close,9,1,1,5,0.4166666666666667,0.32105917,0.21227996,0.32904878,0.31913775,0.32632118
00c658b3-6a38-5515-87ad-65d359fa8826,fair,somewhat_close,9,1,2,1,0.0833333333333333,0.20461664,0.2554765,0.2179913,0.20614377,0.21628724
00c658b3-6a38-5515-87ad-65d359fa8826,fair,somewhat_close,9,1,3,1,0.0833333333333333,0.14595127,0.23758905,0.15504195,0.14853,0.15485977
00c658b3-6a38-5515-87ad-65d359fa8826,birthday,somewhat_close,1,1,0,6,0.4615384615384615,0.32165617,0.28021994,0.31222877,0.3196522,0.31307483
00c658b3-6a38-5515-87ad-65d359fa8826,birthday,somewhat_close,1,1,1,5,0.3846153846153846,0.31348172,0.22091691,0.33197084,0.311768,0.32734334
00c658b3-6a38-5515-87ad-65d359fa8826,birthday,somewhat_close,1,1,2,1,0.0769230769230769,0.21722111,0.24974371,0.2297937,0.21841055,0.22814302
00c658b3-6a38-5515-87ad-65d359fa8826,birthday,somewhat_close,1,1,3,1,0.0769230769230769,0.14764105,0.24911939,0.12600674,0.15016927,0.13143879
00c658b3-6a38-5515-87ad-65d359fa8826,conference,extremely_close,3,3,0,1,0.0769230769230769,0.33627447,0.28567946,0.31225505,0.33383918,0.31567898
00c658b3-6a38-5515-87ad-65d359fa8826,conference,extremely_close,3,3,1,5,0.3846153846153846,0.32249793,0.2440027,0.29103574,0.32056218,0.29611537
00c658b3-6a38-5515-87ad-65d359fa8826,conference,extremely_close,3,3,2,6,0.4615384615384615,0.19272308,0.2495618,0.23289657,0.19453102,0.22576019
00c658b3-6a38-5515-87ad-65d359fa8826,conference,extremely_close,3,3,3,1,0.0769230769230769,0.14850451,0.22075598,0.16381264,0.15106763,0.16244544
00c658b3-6a38-5515-87ad-65d359fa8826,oysters,close,12,2,0,5,0.3571428571428571,0.3400336,0.31127194,0.3257782,0.3373747,0.3269814
00c658b3-6a38-5515-87ad-65d359fa8826,oysters,close,12,2,1,5,0.3571428571428571,0.30284005,0.21870834,0.30453157,0.3015121,0.30337986
00c658b3-6a38-5515-87ad-65d359fa8826,oysters,close,12,2,2,3,0.2142857142857142,0.20254946,0.2491106,0.20594548,0.20409547,0.20621069
00c658b3-6a38-5515-87ad-65d359fa8826,oysters,close,12,2,3,1,0.0714285714285714,0.15457693,0.22090909,0.16374475,0.1570177,0.1634281
00c658b3-6a38-5515-87ad-65d359fa8826,social,close,13,2,0,5,0.3333333333333333,0.38478413,0.29484272,0.3941475,0.38051066,0.38977
00c658b3-6a38-5515-87ad-65d359fa8826,social,close,13,2,1,3,0.2,0.26153043,0.23070611,0.26863965,0.261622,0.2673677
00c658b3-6a38-5515-87ad-65d359fa8826,social,close,13,2,2,5,0.3333333333333333,0.20087723,0.25057164,0.19937879,0.20253547,0.20073907
00c658b3-6a38-5515-87ad-65d359fa8826,social,close,13,2,3,2,0.1333333333333333,0.15280823,0.22387956,0.13783406,0.15533185,0.14212327
00c658b3-6a38-5515-87ad-65d359fa8826,basketball,somewhat_close,0,1,0,2,0.2222222222222222,0.3173009,0.27931517,0.3148467,0.3154185,0.31423575
00c658b3-6a38-5515-87ad-65d359fa8826,basketball,somewhat_close,0,1,1,5,0.5555555555555556,0.31123364,0.2196531,0.32266358,0.3095655,0.31937057
00c658b3-6a38-5515-87ad-65d359fa8826,basketball,somewhat_close,0,1,2,1,0.1111111111111111,0.22057617,0.24769424,0.21528408,0.22165884,0.21698892
00c658b3-6a38-5515-87ad-65d359fa8826,basketball,somewhat_close,0,1,3,1,0.1111111111111111,0.15088934,0.25333744,0.14720571,0.15335715,0.1494048
00c658b3-6a38-5515-87ad-65d359fa8826,soup,not_close,14,0,0,7,0.7,0.33818597,0.3010139,0.3825187,0.33563444,0.37256363
00c658b3-6a38-5515-87ad-65d359fa8826,soup,not_close,14,0,1,1,0.1,0.31507322,0.22628844,0.33879057,0.31335708,0.33371714
00c658b3-6a38-5515-87ad-65d359fa8826,soup,not_close,14,0,2,1,0.1,0.18950173,0.22069465,0.16353203,0.19134966,0.16979322
00c658b3-6a38-5515-87ad-65d359fa8826,soup,not_close,14,0,3,1,0.1,0.15723914,0.25200298,0.11515866,0.15965882,0.12392601
00c658b3-6a38-5515-87ad-65d359fa8826,crabs,not_close,5,0,0,5,0.5,0.32949838,0.29960105,0.33250704,0.3272346,0.33146152
00c658b3-6a38-5515-87ad-65d359fa8826,crabs,not_close,5,0,1,3,0.3,0.32009298,0.23267563,0.38626826,0.31816855,0.37187403
00c658b3-6a38-5515-87ad-65d359fa8826,crabs,not_close,5,0,2,1,0.1,0.18702544,0.23678833,0.15252548,0.18890499,0.16021432
00c658b3-6a38-5515-87ad-65d359fa8826,crabs,not_close,5,0,3,1,0.1,0.16338322,0.23093499,0.12869921,0.16569182,0.13645016
00c658b3-6a38-5515-87ad-65d359fa8826,brunch,close,2,2,0,5,0.25,0.30243197,0.3026591,0.2907551,0.30091482,0.29213974
00c658b3-6a38-5515-87ad-65d359fa8826,brunch,close,2,2,1,5,0.25,0.29379916,0.21859324,0.28704393,0.29257798,0.28764403
00c658b3-6a38-5515-87ad-65d359fa8826,brunch,close,2,2,2,5,0.25,0.22932231,0.23039065,0.23673561,0.23006326,0.23571382
00c658b3-6a38-5515-87ad-65d359fa8826,brunch,close,2,2,3,5,0.25,0.17444655,0.24835704,0.1854654,0.17644392,0.1845024
00c658b3-6a38-5515-87ad-65d359fa8826,wedding,extremely_close,15,3,0,3,0.15,0.30876625,0.29976675,0.29720375,0.30711403,0.2985504
00c658b3-6a38-5515-87ad-65d359fa8826,wedding,extremely_close,15,3,1,5,0.25,0.29898903,0.2203311,0.27952927,0.29767475,0.2825817
00c658b3-6a38-5515-87ad-65d359fa8826,wedding,extremely_close,15,3,2,6,0.3,0.23715827,0.23514688,0.2412807,0.23775323,0.24087891
00c658b3-6a38-5515-87ad-65d359fa8826,wedding,extremely_close,15,3,3,6,0.3,0.15508646,0.24475528,0.18198623,0.15745798,0.17798899
00c658b3-6a38-5515-87ad-65d359fa8826,driving,not_close,8,0,0,7,0.5833333333333334,0.32080168,0.28850093,0.32237765,0.3188238,0.32171026
00c658b3-6a38-5515-87ad-65d359fa8826,driving,not_close,8,0,1,3,0.25,0.31365657,0.23262726,0.37901825,0.31193233,0.3648442
00c658b3-6a38-5515-87ad-65d359fa8826,driving,not_close,8,0,2,1,0.0833333333333333,0.21734229,0.23673908,0.18294969,0.21852566,0.19041178
00c658b3-6a38-5515-87ad-65d359fa8826,driving,not_close,8,0,3,1,0.0833333333333333,0.14819951,0.24213271,0.11565435,0.1507182,0.12303381
00c658b3-6a38-5515-87ad-65d359fa8826,dip,not_close,6,0,0,7,0.3888888888888889,0.33769047,0.26539132,0.4222383,0.33498037,0.40336716
00c658b3-6a38-5515-87ad-65d359fa8826,dip,not_close,6,0,1,5,0.2777777777777778,0.2704545,0.25054428,0.24091707,0.27006677,0.24709393
00c658b3-6a38-5515-87ad-65d359fa8826,dip,not_close,6,0,2,5,0.2777777777777778,0.2244097,0.25625244,0.20938475,0.22533904,0.2135127
00c658b3-6a38-5515-87ad-65d359fa8826,dip,not_close,6,0,3,1,0.0555555555555555,0.16744532,0.22781193,0.12745976,0.16961384,0.13602626
00c658b3-6a38-5515-87ad-65d359fa8826,cooking,somewhat_close,4,1,0,2,0.1538461538461538,0.32508844,0.28153455,0.3038481,0.32288563,0.30680162
00c658b3-6a38-5515-87ad-65d359fa8826,cooking,somewhat_close,4,1,1,7,0.5384615384615384,0.30092797,0.22757895,0.3294611,0.2995782,0.32287404
00c658b3-6a38-5515-87ad-65d359fa8826,cooking,somewhat_close,4,1,2,3,0.2307692307692307,0.21122348,0.2310226,0.2139687,0.21250805,0.21430032
00c658b3-6a38-5515-87ad-65d359fa8826,cooking,somewhat_close,4,1,3,1,0.0769230769230769,0.16276015,0.2598639,0.15272212,0.1650281,0.15602408
00c658b3-6a38-5515-87ad-65d359fa8826,hike,close,11,2,0,5,0.3333333333333333,0.33404678,0.30082837,0.31649798,0.33169934,0.31855774
00c658b3-6a38-5515-87ad-65d359fa8826,hike,close,11,2,1,5,0.3333333333333333,0.32451156,0.21243119,0.31296036,0.32250962,0.31405988
00c658b3-6a38-5515-87ad-65d359fa8826,hike,close,11,2,2,3,0.2,0.19580749,0.25311163,0.20188613,0.19755435,0.20176907
00c658b3-6a38-5515-87ad-65d359fa8826,hike,close,11,2,3,2,0.1333333333333333,0.14563413,0.23362878,0.16865557,0.14823666,0.16561331
00c658b3-6a38-5515-87ad-65d359fa8826,drinks,extremely_close,7,3,0,1,0.0833333333333333,0.33517203,0.25649023,0.23276606,0.33253023,0.25004545
00c658b3-6a38-5515-87ad-65d359fa8826,drinks,extremely_close,7,3,1,1,0.0833333333333333,0.26757511,0.23912959,0.3014371,0.2672558,0.29548186
00c658b3-6a38-5515-87ad-65d359fa8826,drinks,extremely_close,7,3,2,3,0.25,0.22562149,0.24335633,0.22504783,0.22650158,0.22667027
00c658b3-6a38-5515-87ad-65d359fa8826,drinks,extremely_close,7,3,3,7,0.5833333333333334,0.17163132,0.26102385,0.240749,0.17371236,0.22780243
cdad3404-a692-52ce-af04-22097433ff0c,fair,not_close,9,0,0,5,0.5,0.32837287,0.2946545,0.33953634,0.32618845,0.33659288
cdad3404-a692-52ce-af04-22097433ff0c,fair,not_close,9,0,1,3,0.3,0.32105917,0.21227996,0.3681577,0.31913775,0.35772365
cdad3404-a692-52ce-af04-22097433ff0c,fair,not_close,9,0,2,1,0.1,0.20461664,0.2554765,0.17532648,0.20614377,0.18193142
cdad3404-a692-52ce-af04-22097433ff0c,fair,not_close,9,0,3,1,0.1,0.14595127,0.23758905,0.116979435,0.14853,0.12375206
cdad3404-a692-52ce-af04-22097433ff0c,conference,extremely_close,3,3,0,5,0.2777777777777778,0.33627447,0.28567946,0.31225505,0.33383918,0.31567898
cdad3404-a692-52ce-af04-22097433ff0c,conference,extremely_close,3,3,1,6,0.3333333333333333,0.32249793,0.2440027,0.29103574,0.32056218,0.29611537
cdad3404-a692-52ce-af04-22097433ff0c,conference,extremely_close,3,3,2,6,0.3333333333333333,0.19272308,0.2495618,0.23289657,0.19453102,0.22576019
cdad3404-a692-52ce-af04-22097433ff0c,conference,extremely_close,3,3,3,1,0.0555555555555555,0.14850451,0.22075598,0.16381264,0.15106763,0.16244544
cdad3404-a692-52ce-af04-22097433ff0c,hike,close,11,2,0,6,0.4285714285714285,0.33404678,0.30082837,0.31649798,0.33169934,0.31855774
cdad3404-a692-52ce-af04-22097433ff0c,hike,close,11,2,1,5,0.3571428571428571,0.32451156,0.21243119,0.31296036,0.32250962,0.31405988
cdad3404-a692-52ce-af04-22097433ff0c,hike,close,11,2,2,2,0.1428571428571428,0.19580749,0.25311163,0.20188613,0.19755435,0.20176907
cdad3404-a692-52ce-af04-22097433ff0c,hike,close,11,2,3,1,0.0714285714285714,0.14563413,0.23362878,0.16865557,0.14823666,0.16561331
cdad3404-a692-52ce-af04-22097433ff0c,brunch,close,2,2,0,1,0.0714285714285714,0.30243197,0.3026591,0.2907551,0.30091482,0.29213974
cdad3404-a692-52ce-af04-22097433ff0c,brunch,close,2,2,1,6,0.4285714285714285,0.29379916,0.21859324,0.28704393,0.29257798,0.28764403
cdad3404-a692-52ce-af04-22097433ff0c,brunch,close,2,2,2,6,0.4285714285714285,0.22932231,0.23039065,0.23673561,0.23006326,0.23571382
cdad3404-a692-52ce-af04-22097433ff0c,brunch,close,2,2,3,1,0.0714285714285714,0.17444655,0.24835704,0.1854654,0.17644392,0.1845024
cdad3404-a692-52ce-af04-22097433ff0c,social,somewhat_close,13,1,0,5,0.5555555555555556,0.38478413,0.29484272,0.3939905,0.38051066,0.38956168
cdad3404-a692-52ce-af04-22097433ff0c,social,somewhat_close,13,1,1,1,0.1111111111111111,0.26153043,0.23070611,0.2552778,0.261622,0.25658923
cdad3404-a692-52ce-af04-22097433ff0c,social,somewhat_close,13,1,2,2,0.2222222222222222,0.20087723,0.25057164,0.20189984,0.20253547,0.20272948
cdad3404-a692-52ce-af04-22097433ff0c,social,somewhat_close,13,1,3,1,0.1111111111111111,0.15280823,0.22387956,0.14883181,0.15533185,0.15111957
cdad3404-a692-52ce-af04-22097433ff0c,wedding,close,15,2,0,7,0.4375,0.30876625,0.29976675,0.30674273,0.30711403,0.3061728
cdad3404-a692-52ce-af04-22097433ff0c,wedding,close,15,2,1,2,0.125,0.29898903,0.2203311,0.27808088,0.29767475,0.2813681
cdad3404-a692-52ce-af04-22097433ff0c,wedding,close,15,2,2,4,0.25,0.23715827,0.23514688,0.2490248,0.23775323,0.24702889
cdad3404-a692-52ce-af04-22097433ff0c,wedding,close,15,2,3,3,0.1875,0.15508646,0.24475528,0.1661516,0.15745798,0.16543032
cdad3404-a692-52ce-af04-22097433ff0c,dip,not_close,6,0,0,4,0.5,0.33769047,0.26539132,0.4222383,0.33498037,0.40336716
cdad3404-a692-52ce-af04-22097433ff0c,dip,not_close,6,0,1,1,0.125,0.2704545,0.25054428,0.24091707,0.27006677,0.24709393
cdad3404-a692-52ce-af04-22097433ff0c,dip,not_close,6,0,2,2,0.25,0.2244097,0.25625244,0.20938475,0.22533904,0.2135127
cdad3404-a692-52ce-af04-22097433ff0c,dip,not_close,6,0,3,1,0.125,0.16744532,0.22781193,0.12745976,0.16961384,0.13602626
cdad3404-a692-52ce-af04-22097433ff0c,crabs,extremely_close,5,3,0,5,0.238095238095238,0.32949838,0.29960105,0.32724842,0.3272346,0.32636657
cdad3404-a692-52ce-af04-22097433ff0c,crabs,extremely_close,5,3,1,7,0.3333333333333333,0.32009298,0.23267563,0.31487674,0.31816855,0.31478795
cdad3404-a692-52ce-af04-22097433ff0c,crabs,extremely_close,5,3,2,6,0.2857142857142857,0.18702544,0.23678833,0.17663889,0.18890499,0.17975125
cdad3404-a692-52ce-af04-22097433ff0c,crabs,extremely_close,5,3,3,3,0.1428571428571428,0.16338322,0.23093499,0.18123591,0.16569182,0.17909427
cdad3404-a692-52ce-af04-22097433ff0c,oysters,somewhat_close,12,1,0,6,0.4285714285714285,0.3400336,0.31127194,0.35442063,0.3373747,0.34994653
cdad3404-a692-52ce-af04-22097433ff0c,oysters,somewhat_close,12,1,1,5,0.3571428571428571,0.30284005,0.21870834,0.30074957,0.3015121,0.30043343
cdad3404-a692-52ce-af04-22097433ff0c,oysters,somewhat_close,12,1,2,2,0.1428571428571428,0.20254946,0.2491106,0.19948952,0.20409547,0.20106164
cdad3404-a692-52ce-af04-22097433ff0c,oysters,somewhat_close,12,1,3,1,0.0714285714285714,0.15457693,0.22090909,0.14534028,0.1570177,0.1485584
cdad3404-a692-52ce-af04-22097433ff0c,drinks,extremely_close,7,3,0,2,0.1666666666666666,0.33517203,0.25649023,0.23276606,0.33253023,0.25004545
cdad3404-a692-52ce-af04-22097433ff0c,drinks,extremely_close,7,3,1,3,0.25,0.26757511,0.23912959,0.3014371,0.2672558,0.29548186
cdad3404-a692-52ce-af04-22097433ff0c,drinks,extremely_close,7,3,2,1,0.0833333333333333,0.22562149,0.24335633,0.22504783,0.22650158,0.22667027
cdad3404-a692-52ce-af04-22097433ff0c,drinks,extremely_close,7,3,3,6,0.5,0.17163132,0.26102385,0.240749,0.17371236,0.22780243
cdad3404-a692-52ce-af04-22097433ff0c,soup,extremely_close,14,3,0,6,0.4615384615384615,0.33818597,0.3010139,0.31913835,0.33563444,0.32138214
cdad3404-a692-52ce-af04-22097433ff0c,soup,extremely_close,14,3,1,1,0.0769230769230769,0.31507322,0.22628844,0.29832476,0.31335708,0.30060738
cdad3404-a692-52ce-af04-22097433ff0c,soup,extremely_close,14,3,2,2,0.1538461538461538,0.18950173,0.22069465,0.210552,0.19134966,0.20745501
cdad3404-a692-52ce-af04-22097433ff0c,soup,extremely_close,14,3,3,4,0.3076923076923077,0.15723914,0.25200298,0.17198491,0.15965882,0.17055549
cdad3404-a692-52ce-af04-22097433ff0c,birthday,somewhat_close,1,1,0,7,0.4666666666666667,0.32165617,0.28021994,0.31222877,0.3196522,0.31307483
cdad3404-a692-52ce-af04-22097433ff0c,birthday,somewhat_close,1,1,1,4,0.2666666666666666,0.31348172,0.22091691,0.33197084,0.311768,0.32734334
cdad3404-a692-52ce-af04-22097433ff0c,birthday,somewhat_close,1,1,2,2,0.1333333333333333,0.21722111,0.24974371,0.2297937,0.21841055,0.22814302
cdad3404-a692-52ce-af04-22097433ff0c,birthday,somewhat_close,1,1,3,2,0.1333333333333333,0.14764105,0.24911939,0.12600674,0.15016927,0.13143879
cdad3404-a692-52ce-af04-22097433ff0c,gala,close,10,2,0,3,0.1764705882352941,0.36258376,0.29305857,0.3041355,0.35897562,0.31327608
cdad3404-a692-52ce-af04-22097433ff0c,gala,close,10,2,1,7,0.4117647058823529,0.24803236,0.2547296,0.2767334,0.2483613,0.2712739
cdad3404-a692-52ce-af04-22097433ff0c,gala,close,10,2,2,6,0.3529411764705882,0.21528816,0.24108168,0.24181442,0.2164861,0.23733611
cdad3404-a692-52ce-af04-22097433ff0c,gala,close,10,2,3,1,0.0588235294117647,0.17409568,0.21113022,0.17731674,0.17617695,0.17811388
cdad3404-a692-52ce-af04-22097433ff0c,basketball,not_close,0,0,0,5,0.4166666666666667,0.3173009,0.27931517,0.40210518,0.3154185,0.38488865
cdad3404-a692-52ce-af04-22097433ff0c,basketball,not_close,0,0,1,5,0.4166666666666667,0.31123364,0.2196531,0.34911686,0.3095655,0.34244534
cdad3404-a692-52ce-af04-22097433ff0c,basketball,not_close,0,0,2,1,0.0833333333333333,0.22057617,0.24769424,0.14574708,0.22165884,0.15971808
cdad3404-a692-52ce-af04-22097433ff0c,basketball,not_close,0,0,3,1,0.0833333333333333,0.15088934,0.25333744,0.10303085,0.15335715,0.11294795
cdad3404-a692-52ce-af04-22097433ff0c,cooking,somewhat_close,4,1,0,2,0.1428571428571428,0.32508844,0.28153455,0.3038481,0.32288563,0.30680162
cdad3404-a692-52ce-af04-22097433ff0c,cooking,somewhat_close,4,1,1,7,0.5,0.30092797,0.22757895,0.3294611,0.2995782,0.32287404
cdad3404-a692-52ce-af04-22097433ff0c,cooking,somewhat_close,4,1,2,4,0.2857142857142857,0.21122348,0.2310226,0.2139687,0.21250805,0.21430032
cdad3404-a692-52ce-af04-22097433ff0c,cooking,somewhat_close,4,1,3,1,0.0714285714285714,0.16276015,0.2598639,0.15272212,0.1650281,0.15602408
cdad3404-a692-52ce-af04-22097433ff0c,driving,not_close,8,0,0,7,0.4117647058823529,0.32080168,0.28850093,0.32237765,0.3188238,0.32171026
cdad3404-a692-52ce-af04-22097433ff0c,driving,not_close,8,0,1,6,0.3529411764705882,0.31365657,0.23262726,0.37901825,0.31193233,0.3648442
cdad3404-a692-52ce-af04-22097433ff0c,driving,not_close,8,0,2,2,0.1176470588235294,0.21734229,0.23673908,0.18294969,0.21852566,0.19041178
cdad3404-a692-52ce-af04-22097433ff0c,driving,not_close,8,0,3,2,0.1176470588235294,0.14819951,0.24213271,0.11565435,0.1507182,0.12303381
c44d9d67-395e-5ada-b0b0-df8c3dfc43a5,fair,not_close,9,0,0,7,0.4375,0.32837287,0.2946545,0.33953634,0.32618845,0.33659288
c44d9d67-395e-5ada-b0b0-df8c3dfc43a5,fair,not_close,9,0,1,7,0.4375,0.32105917,0.21227996,0.3681577,0.31913775,0.35772365
c44d9d67-395e-5ada-b0b0-df8c3dfc43a5,fair,not_close,9,0,2,1,0.0625,0.20461664,0.2554765,0.17532648,0.20614377,0.18193142
c44d9d67-395e-5ada-b0b0-df8c3dfc43a5,fair,not_close,9,0,3,1,0.0625,0.14595127,0.23758905,0.116979435,0.14853,0.12375206
c44d9d67-395e-5ada-b0b0-df8c3dfc43a5,soup,somewhat_close,14,1,0,7,0.5384615384615384,0.33818597,0.3010139,0.34452966,0.33563444,0.3417673
c44d9d67-395e-5ada-b0b0-df8c3dfc43a5,soup,somewhat_close,14,1,1,2,0.1538461538461538,0.31507322,0.22628844,0.3189721,0.31335708,0.31721324
c44d9d67-395e-5ada-b0b0-df8c3dfc43a5,soup,somewhat_close,14,1,2,1,0.0769230769230769,0.18950173,0.22069465,0.19080658,0.19134966,0.1917101
c44d9d67-395e-5ada-b0b0-df8c3dfc43a5,soup,somewhat_close,14,1,3,3,0.2307692307692307,0.15723914,0.25200298,0.14569166,0.15965882,0.14930934
c44d9d67-395e-5ada-b0b0-df8c3dfc43a5,cooking,close,4,2,0,1,0.0833333333333333,0.32508844,0.28153455,0.25373095,0.32288563,0.2657937
c44d9d67-395e-5ada-b0b0-df8c3dfc43a5,cooking,close,4,2,1,7,0.5833333333333334,0.30092797,0.22757895,0.3285871,0.2995782,0.32255453
c44d9d67-395e-5ada-b0b0-df8c3dfc43a5,cooking,close,4,2,2,2,0.1666666666666666,0.21122348,0.2310226,0.23453203,0.21250805,0.23093651
c44d9d67-395e-5ada-b0b0-df8c3dfc43a5,cooking,close,4,2,3,2,0.1666666666666666,0.16276015,0.2598639,0.18314992,0.1650281,0.18071517
c44d9d67-395e-5ada-b0b0-df8c3dfc43a5,crabs,extremely_close,5,3,0,2,0.125,0.32949838,0.29960105,0.32724842,0.3272346,0.32636657
c44d9d67-395e-5ada-b0b0-df8c3dfc43a5,crabs,extremely_close,5,3,1,7,0.4375,0.32009298,0.23267563,0.31487674,0.31816855,0.31478795
c44d9d67-395e-5ada-b0b0-df8c3dfc43a5,crabs,extremely_close,5,3,2,2,0.125,0.18702544,0.23678833,0.17663889,0.18890499,0.17975125
c44d9d67-395e-5ada-b0b0-df8c3dfc43a5,crabs,extremely_close,5,3,3,5,0.3125,0.16338322,0.23093499,0.18123591,0.16569182,0.17909427
c44d9d67-395e-5ada-b0b0-df8c3dfc43a5,dip,extremely_close,6,3,0,7,0.2692307692307692,0.33769047,0.26539132,0.3300849,0.33498037,0.3299841
c44d9d67-395e-5ada-b0b0-df8c3dfc43a5,dip,extremely_close,6,3,1,7,0.2692307692307692,0.2704545,0.25054428,0.27360496,0.27006677,0.27276102
c44d9d67-395e-5ada-b0b0-df8c3dfc43a5,dip,extremely_close,6,3,2,7,0.2692307692307692,0.2244097,0.25625244,0.23491126,0.22533904,0.23339608
c44d9d67-395e-5ada-b0b0-df8c3dfc43a5,dip,extremely_close,6,3,3,5,0.1923076923076923,0.16744532,0.22781193,0.16139889,0.16961384,0.1638588
c44d9d67-395e-5ada-b0b0-df8c3dfc43a5,hike,not_close,11,0,0,7,0.4117647058823529,0.33404678,0.30082837,0.37751567,0.33169934,0.36750683
c44d9d67-395e-5ada-b0b0-df8c3dfc43a5,hike,not_close,11,0,1,7,0.4117647058823529,0.32451156,0.21243119,0.33200538,0.32250962,0.3297955
c44d9d67-395e-5ada-b0b0-df8c3dfc43a5,hike,not_close,11,0,2,2,0.1176470588235294,0.19580749,0.25311163,0.16379511,0.19755435,0.1708626
c44d9d67-395e-5ada-b0b0-df8c3dfc43a5,hike,not_close,11,0,3,1,0.0588235294117647,0.14563413,0.23362878,0.12668388,0.14823666,0.13183501
c44d9d67-395e-5ada-b0b0-df8c3dfc43a5,oysters,not_close,12,0,0,3,0.1875,0.3400336,0.31127194,0.3653165,0.3373747,0.35897037
c44d9d67-395e-5ada-b0b0-df8c3dfc43a5,oysters,not_close,12,0,1,7,0.4375,0.30284005,0.21870834,0.32647744,0.3015121,0.32125935
c44d9d67-395e-5ada-b0b0-df8c3dfc43a5,oysters,not_close,12,0,2,5,0.3125,0.20254946,0.2491106,0.18403101,0.20409547,0.1886821
c44d9d67-395e-5ada-b0b0-df8c3dfc43a5,oysters,not_close,12,0,3,1,0.0625,0.15457693,0.22090909,0.12417514,0.1570177,0.13108808
c44d9d67-395e-5ada-b0b0-df8c3dfc43a5,wedding,somewhat_close,15,1,0,6,0.2608695652173913,0.30876625,0.29976675,0.3333098,0.30711403,0.32751745
c44d9d67-395e-5ada-b0b0-df8c3dfc43a5,wedding,somewhat_close,15,1,1,6,0.2608695652173913,0.29898903,0.2203311,0.30216554,0.29767475,0.30098352
c44d9d67-395e-5ada-b0b0-df8c3dfc43a5,wedding,somewhat_close,15,1,2,6,0.2608695652173913,0.23715827,0.23514688,0.23644876,0.23775323,0.23714605
c44d9d67-395e-5ada-b0b0-df8c3dfc43a5,wedding,somewhat_close,15,1,3,5,0.217391304347826,0.15508646,0.24475528,0.12807587,0.15745798,0.134353
c44d9d67-395e-5ada-b0b0-df8c3dfc43a5,conference,close,3,2,0,3,0.1875,0.33627447,0.28567946,0.32390398,0.33383918,0.32497996
c44d9d67-395e-5ada-b0b0-df8c3dfc43a5,conference,close,3,2,1,7,0.4375,0.32249793,0.2440027,0.31270492,0.32056218,0.31356868
c44d9d67-395e-5ada-b0b0-df8c3dfc43a5,conference,close,3,2,2,5,0.3125,0.19272308,0.2495618,0.22254248,0.19453102,0.21759544
c44d9d67-395e-5ada-b0b0-df8c3dfc43a5,conference,close,3,2,3,1,0.0625,0.14850451,0.22075598,0.1408486,0.15106763,0.14385588
c44d9d67-395e-5ada-b0b0-df8c3dfc43a5,driving,extremely_close,8,3,0,2,0.1111111111111111,0.32080168,0.28850093,0.27412885,0.3188238,0.28191045
c44d9d67-395e-5ada-b0b0-df8c3dfc43a5,driving,extremely_close,8,3,1,7,0.3888888888888889,0.31365657,0.23262726,0.3215029,0.31193233,0.31907967
c44d9d67-395e-5ada-b0b0-df8c3dfc43a5,driving,extremely_close,8,3,2,3,0.1666666666666666,0.21734229,0.23673908,0.22807299,0.21852566,0.2268027
c44d9d67-395e-5ada-b0b0-df8c3dfc43a5,driving,extremely_close,8,3,3,6,0.3333333333333333,0.14819951,0.24213271,0.17629525,0.1507182,0.17220715
c44d9d67-395e-5ada-b0b0-df8c3dfc43a5,basketball,somewhat_close,0,1,0,1,0.0909090909090909,0.3173009,0.27931517,0.3148467,0.3154185,0.31423575
c44d9d67-395e-5ada-b0b0-df8c3dfc43a5,basketball,somewhat_close,0,1,1,7,0.6363636363636364,0.31123364,0.2196531,0.32266358,0.3095655,0.31937057
c44d9d67-395e-5ada-b0b0-df8c3dfc43a5,basketball,somewhat_close,0,1,2,2,0.1818181818181818,0.22057617,0.24769424,0.21528408,0.22165884,0.21698892
c44d9d67-395e-5ada-b0b0-df8c3dfc43a5,basketball,somewhat_close,0,1,3,1,0.0909090909090909,0.15088934,0.25333744,0.14720571,0.15335715,0.1494048
c44d9d67-395e-5ada-b0b0-df8c3dfc43a5,gala,not_close,10,0,0,7,0.5833333333333334,0.36258376,0.29305857,0.39073783,0.35897562,0.38308117
c44d9d67-395e-5ada-b0b0-df8c3dfc43a5,gala,not_close,10,0,1,2,0.1666666666666666,0.24803236,0.2547296,0.25930107,0.2483613,0.25750896
c44d9d67-395e-5ada-b0b0-df8c3dfc43a5,gala,not_close,10,0,2,2,0.1666666666666666,0.21528816,0.24108168,0.20672406,0.2164861,0.20930924
c44d9d67-395e-5ada-b0b0-df8c3dfc43a5,gala,not_close,10,0,3,1,0.0833333333333333,0.17409568,0.21113022,0.143237,0.17617695,0.15010062
c44d9d67-395e-5ada-b0b0-df8c3dfc43a5,brunch,close,2,2,0,5,0.2083333333333333,0.30243197,0.3026591,0.2907551,0.30091482,0.29213974
c44d9d67-395e-5ada-b0b0-df8c3dfc43a5,brunch,close,2,2,1,5,0.2083333333333333,0.29379916,0.21859324,0.28704393,0.29257798,0.28764403
c44d9d67-395e-5ada-b0b0-df8c3dfc43a5,brunch,close,2,2,2,7,0.2916666666666667,0.22932231,0.23039065,0.23673561,0.23006326,0.23571382
c44d9d67-395e-5ada-b0b0-df8c3dfc43a5,brunch,close,2,2,3,7,0.2916666666666667,0.17444655,0.24835704,0.1854654,0.17644392,0.1845024
c44d9d67-395e-5ada-b0b0-df8c3dfc43a5,drinks,extremely_close,7,3,0,2,0.1818181818181818,0.33517203,0.25649023,0.23276606,0.33253023,0.25004545
c44d9d67-395e-5ada-b0b0-df8c3dfc43a5,drinks,extremely_close,7,3,1,1,0.0909090909090909,0.26757511,0.23912959,0.3014371,0.2672558,0.29548186
c44d9d67-395e-5ada-b0b0-df8c3dfc43a5,drinks,extremely_close,7,3,2,2,0.1818181818181818,0.22562149,0.24335633,0.22504783,0.22650158,0.22667027
c44d9d67-395e-5ada-b0b0-df8c3dfc43a5,drinks,extremely_close,7,3,3,6,0.5454545454545454,0.17163132,0.26102385,0.240749,0.17371236,0.22780243
c44d9d67-395e-5ada-b0b0-df8c3dfc43a5,birthday,close,1,2,0,3,0.1428571428571428,0.32165617,0.28021994,0.2816877,0.3196522,0.28819582
c44d9d67-395e-5ada-b0b0-df8c3dfc43a5,birthday,close,1,2,1,7,0.3333333333333333,0.31348172,0.22091691,0.31876132,0.311768,0.31678355
c44d9d67-395e-5ada-b0b0-df8c3dfc43a5,birthday,close,1,2,2,6,0.2857142857142857,0.21722111,0.24974371,0.23532178,0.21841055,0.23248664
c44d9d67-395e-5ada-b0b0-df8c3dfc43a5,birthday,close,1,2,3,5,0.238095238095238,0.14764105,0.24911939,0.16422926,0.15016927,0.16253394
c44d9d67-395e-5ada-b0b0-df8c3dfc43a5,social,somewhat_close,13,1,0,6,0.375,0.38478413,0.29484272,0.3939905,0.38051066,0.38956168
c44d9d67-395e-5ada-b0b0-df8c3dfc43a5,social,somewhat_close,13,1,1,5,0.3125,0.26153043,0.23070611,0.2552778,0.261622,0.25658923
c44d9d67-395e-5ada-b0b0-df8c3dfc43a5,social,somewhat_close,13,1,2,3,0.1875,0.20087723,0.25057164,0.20189984,0.20253547,0.20272948
c44d9d67-395e-5ada-b0b0-df8c3dfc43a5,social,somewhat_close,13,1,3,2,0.125,0.15280823,0.22387956,0.14883181,0.15533185,0.15111957
fbe32ed4-2dc9-53ee-88a9-cbcf7b514d2e,gala,not_close,10,0,0,6,0.5454545454545454,0.36258376,0.29305857,0.39073783,0.35897562,0.38308117
fbe32ed4-2dc9-53ee-88a9-cbcf7b514d2e,gala,not_close,10,0,1,2,0.1818181818181818,0.24803236,0.2547296,0.25930107,0.2483613,0.25750896
fbe32ed4-2dc9-53ee-88a9-cbcf7b514d2e,gala,not_close,10,0,2,2,0.1818181818181818,0.21528816,0.24108168,0.20672406,0.2164861,0.20930924
fbe32ed4-2dc9-53ee-88a9-cbcf7b514d2e,gala,not_close,10,0,3,1,0.0909090909090909,0.17409568,0.21113022,0.143237,0.17617695,0.15010062
fbe32ed4-2dc9-53ee-88a9-cbcf7b514d2e,hike,somewhat_close,11,1,0,2,0.1818181818181818,0.33404678,0.30082837,0.33502132,0.33169934,0.3334202
fbe32ed4-2dc9-53ee-88a9-cbcf7b514d2e,hike,somewhat_close,11,1,1,6,0.5454545454545454,0.32451156,0.21243119,0.32786852,0.32250962,0.32599643
fbe32ed4-2dc9-53ee-88a9-cbcf7b514d2e,hike,somewhat_close,11,1,2,2,0.1818181818181818,0.19580749,0.25311163,0.19115357,0.19755435,0.19311021
fbe32ed4-2dc9-53ee-88a9-cbcf7b514d2e,hike,somewhat_close,11,1,3,1,0.0909090909090909,0.14563413,0.23362878,0.14595659,0.14823666,0.1474731
fbe32ed4-2dc9-53ee-88a9-cbcf7b514d2e,birthday,close,1,2,0,1,0.0526315789473684,0.32165617,0.28021994,0.2816877,0.3196522,0.28819582
fbe32ed4-2dc9-53ee-88a9-cbcf7b514d2e,birthday,close,1,2,1,7,0.3684210526315789,0.31348172,0.22091691,0.31876132,0.311768,0.31678355
fbe32ed4-2dc9-53ee-88a9-cbcf7b514d2e,birthday,close,1,2,2,6,0.3157894736842105,0.21722111,0.24974371,0.23532178,0.21841055,0.23248664
fbe32ed4-2dc9-53ee-88a9-cbcf7b514d2e,birthday,close,1,2,3,5,0.2631578947368421,0.14764105,0.24911939,0.16422926,0.15016927,0.16253394
fbe32ed4-2dc9-53ee-88a9-cbcf7b514d2e,crabs,extremely_close,5,3,0,4,0.1739130434782608,0.32949838,0.29960105,0.32724842,0.3272346,0.32636657
fbe32ed4-2dc9-53ee-88a9-cbcf7b514d2e,crabs,extremely_close,5,3,1,7,0.3043478260869565,0.32009298,0.23267563,0.31487674,0.31816855,0.31478795
fbe32ed4-2dc9-53ee-88a9-cbcf7b514d2e,crabs,extremely_close,5,3,2,6,0.2608695652173913,0.18702544,0.23678833,0.17663889,0.18890499,0.17975125
fbe32ed4-2dc9-53ee-88a9-cbcf7b514d2e,crabs,extremely_close,5,3,3,6,0.2608695652173913,0.16338322,0.23093499,0.18123591,0.16569182,0.17909427
fbe32ed4-2dc9-53ee-88a9-cbcf7b514d2e,basketball,somewhat_close,0,1,0,2,0.1176470588235294,0.3173009,0.27931517,0.3148467,0.3154185,0.31423575
fbe32ed4-2dc9-53ee-88a9-cbcf7b514d2e,basketball,somewhat_close,0,1,1,7,0.4117647058823529,0.31123364,0.2196531,0.32266358,0.3095655,0.31937057
fbe32ed4-2dc9-53ee-88a9-cbcf7b514d2e,basketball,somewhat_close,0,1,2,5,0.2941176470588235,0.22057617,0.24769424,0.21528408,0.22165884,0.21698892
fbe32ed4-2dc9-53ee-88a9-cbcf7b514d2e,basketball,somewhat_close,0,1,3,3,0.1764705882352941,0.15088934,0.25333744,0.14720571,0.15335715,0.1494048
fbe32ed4-2dc9-53ee-88a9-cbcf7b514d2e,dip,extremely_close,6,3,0,6,0.2307692307692307,0.33769047,0.26539132,0.3300849,0.33498037,0.3299841
fbe32ed4-2dc9-53ee-88a9-cbcf7b514d2e,dip,extremely_close,6,3,1,7,0.2692307692307692,0.2704545,0.25054428,0.27360496,0.27006677,0.27276102
fbe32ed4-2dc9-53ee-88a9-cbcf7b514d2e,dip,extremely_close,6,3,2,7,0.2692307692307692,0.2244097,0.25625244,0.23491126,0.22533904,0.23339608
fbe32ed4-2dc9-53ee-88a9-cbcf7b514d2e,dip,extremely_close,6,3,3,6,0.2307692307692307,0.16744532,0.22781193,0.16139889,0.16961384,0.1638588
fbe32ed4-2dc9-53ee-88a9-cbcf7b514d2e,brunch,not_close,2,0,0,5,0.4166666666666667,0.30243197,0.3026591,0.35060638,0.30091482,0.34033895
fbe32ed4-2dc9-53ee-88a9-cbcf7b514d2e,brunch,not_close,2,0,1,4,0.3333333333333333,0.29379916,0.21859324,0.3063659,0.29257798,0.30384555
fbe32ed4-2dc9-53ee-88a9-cbcf7b514d2e,brunch,not_close,2,0,2,2,0.1666666666666666,0.22932231,0.23039065,0.22114328,0.23006326,0.22373937
fbe32ed4-2dc9-53ee-88a9-cbcf7b514d2e,brunch,not_close,2,0,3,1,0.0833333333333333,0.17444655,0.24835704,0.121884465,0.17644392,0.13207617
fbe32ed4-2dc9-53ee-88a9-cbcf7b514d2e,wedding,somewhat_close,15,1,0,7,0.3888888888888889,0.30876625,0.29976675,0.3333098,0.30711403,0.32751745
fbe32ed4-2dc9-53ee-88a9-cbcf7b514d2e,wedding,somewhat_close,15,1,1,5,0.2777777777777778,0.29898903,0.2203311,0.30216554,0.29767475,0.30098352
fbe32ed4-2dc9-53ee-88a9-cbcf7b514d2e,wedding,somewhat_close,15,1,2,4,0.2222222222222222,0.23715827,0.23514688,0.23644876,0.23775323,0.23714605
fbe32ed4-2dc9-53ee-88a9-cbcf7b514d2e,wedding,somewhat_close,15,1,3,2,0.1111111111111111,0.15508646,0.24475528,0.12807587,0.15745798,0.134353
fbe32ed4-2dc9-53ee-88a9-cbcf7b514d2e,drinks,not_close,7,0,0,7,0.5,0.33517203,0.25649023,0.30263433,0.33253023,0.30758438
fbe32ed4-2dc9-53ee-88a9-cbcf7b514d2e,drinks,not_close,7,0,1,4,0.2857142857142857,0.26757511,0.23912959,0.31184286,0.2672558,0.30257833
fbe32ed4-2dc9-53ee-88a9-cbcf7b514d2e,drinks,not_close,7,0,2,2,0.1428571428571428,0.22562149,0.24335633,0.22425486,0.22650158,0.22524028
fbe32ed4-2dc9-53ee-88a9-cbcf7b514d2e,drinks,not_close,7,0,3,1,0.0714285714285714,0.17163132,0.26102385,0.16126789,0.17371236,0.16459699
fbe32ed4-2dc9-53ee-88a9-cbcf7b514d2e,conference,extremely_close,3,3,0,5,0.238095238095238,0.33627447,0.28567946,0.31225505,0.33383918,0.31567898
fbe32ed4-2dc9-53ee-88a9-cbcf7b514d2e,conference,extremely_close,3,3,1,6,0.2857142857142857,0.32249793,0.2440027,0.29103574,0.32056218,0.29611537
fbe32ed4-2dc9-53ee-88a9-cbcf7b514d2e,conference,extremely_close,3,3,2,7,0.3333333333333333,0.19272308,0.2495618,0.23289657,0.19453102,0.22576019
fbe32ed4-2dc9-53ee-88a9-cbcf7b514d2e,conference,extremely_close,3,3,3,3,0.1428571428571428,0.14850451,0.22075598,0.16381264,0.15106763,0.16244544
fbe32ed4-2dc9-53ee-88a9-cbcf7b514d2e,driving,somewhat_close,8,1,0,4,0.2222222222222222,0.32080168,0.28850093,0.31517804,0.3188238,0.3153335
fbe32ed4-2dc9-53ee-88a9-cbcf7b514d2e,driving,somewhat_close,8,1,1,6,0.3333333333333333,0.31365657,0.23262726,0.34766352,0.31193233,0.33977747
fbe32ed4-2dc9-53ee-88a9-cbcf7b514d2e,driving,somewhat_close,8,1,2,6,0.3333333333333333,0.21734229,0.23673908,0.20519517,0.21852566,0.20837864
fbe32ed4-2dc9-53ee-88a9-cbcf7b514d2e,driving,somewhat_close,8,1,3,2,0.1111111111111111,0.14819951,0.24213271,0.13196324,0.1507182,0.13651037
fbe32ed4-2dc9-53ee-88a9-cbcf7b514d2e,fair,not_close,9,0,0,7,0.5833333333333334,0.32837287,0.2946545,0.33953634,0.32618845,0.33659288
fbe32ed4-2dc9-53ee-88a9-cbcf7b514d2e,fair,not_close,9,0,1,3,0.25,0.32105917,0.21227996,0.3681577,0.31913775,0.35772365
fbe32ed4-2dc9-53ee-88a9-cbcf7b514d2e,fair,not_close,9,0,2,1,0.0833333333333333,0.20461664,0.2554765,0.17532648,0.20614377,0.18193142
fbe32ed4-2dc9-53ee-88a9-cbcf7b514d2e,fair,not_close,9,0,3,1,0.0833333333333333,0.14595127,0.23758905,0.116979435,0.14853,0.12375206
fbe32ed4-2dc9-53ee-88a9-cbcf7b514d2e,soup,close,14,2,0,7,0.3333333333333333,0.33818597,0.3010139,0.3503503,0.33563444,0.34637958
fbe32ed4-2dc9-53ee-88a9-cbcf7b514d2e,soup,close,14,2,1,5,0.238095238095238,0.31507322,0.22628844,0.3096027,0.31335708,0.30970412
fbe32ed4-2dc9-53ee-88a9-cbcf7b514d2e,soup,close,14,2,2,5,0.238095238095238,0.18950173,0.22069465,0.19093937,0.19134966,0.19181013
fbe32ed4-2dc9-53ee-88a9-cbcf7b514d2e,soup,close,14,2,3,4,0.1904761904761904,0.15723914,0.25200298,0.14910766,0.15965882,0.15210615
fbe32ed4-2dc9-53ee-88a9-cbcf7b514d2e,cooking,close,4,2,0,5,0.217391304347826,0.32508844,0.28153455,0.25373095,0.32288563,0.2657937
fbe32ed4-2dc9-53ee-88a9-cbcf7b514d2e,cooking,close,4,2,1,7,0.3043478260869565,0.30092797,0.22757895,0.3285871,0.2995782,0.32255453
fbe32ed4-2dc9-53ee-88a9-cbcf7b514d2e,cooking,close,4,2,2,6,0.2608695652173913,0.21122348,0.2310226,0.23453203,0.21250805,0.23093651
fbe32ed4-2dc9-53ee-88a9-cbcf7b514d2e,cooking,close,4,2,3,5,0.217391304347826,0.16276015,0.2598639,0.18314992,0.1650281,0.18071517
fbe32ed4-2dc9-53ee-88a9-cbcf7b514d2e,social,extremely_close,13,3,0,3,0.15,0.38478413,0.29484272,0.35028762,0.38051066,0.35454354
fbe32ed4-2dc9-53ee-88a9-cbcf7b514d2e,social,extremely_close,13,3,1,7,0.35,0.26153043,0.23070611,0.26098487,0.261622,0.26121816
fbe32ed4-2dc9-53ee-88a9-cbcf7b514d2e,social,extremely_close,13,3,2,6,0.3,0.20087723,0.25057164,0.23086676,0.20253547,0.22578412
fbe32ed4-2dc9-53ee-88a9-cbcf7b514d2e,social,extremely_close,13,3,3,4,0.2,0.15280823,0.22387956,0.15786076,0.15533185,0.15845421
fbe32ed4-2dc9-53ee-88a9-cbcf7b514d2e,oysters,close,12,2,0,5,0.2272727272727272,0.3400336,0.31127194,0.3257782,0.3373747,0.3269814
fbe32ed4-2dc9-53ee-88a9-cbcf7b514d2e,oysters,close,12,2,1,7,0.3181818181818182,0.30284005,0.21870834,0.30453157,0.3015121,0.30337986
fbe32ed4-2dc9-53ee-88a9-cbcf7b514d2e,oysters,close,12,2,2,6,0.2727272727272727,0.20254946,0.2491106,0.20594548,0.20409547,0.20621069
fbe32ed4-2dc9-53ee-88a9-cbcf7b514d2e,oysters,close,12,2,3,4,0.1818181818181818,0.15457693,0.22090909,0.16374475,0.1570177,0.1634281
69a3fd7b-1395-5b68-a5bb-8b9589ca5027,basketball,close,0,2,0,6,0.2307692307692307,0.3173009,0.27931517,0.331041,0.3154185,0.32719913
69a3fd7b-1395-5b68-a5bb-8b9589ca5027,basketball,close,0,2,1,7,0.2692307692307692,0.31123364,0.2196531,0.3025721,0.3095655,0.30337024
69a3fd7b-1395-5b68-a5bb-8b9589ca5027,basketball,close,0,2,2,6,0.2307692307692307,0.22057617,0.24769424,0.19962241,0.22165884,0.20426738
69a3fd7b-1395-5b68-a5bb-8b9589ca5027,basketball,close,0,2,3,7,0.2692307692307692,0.15088934,0.25333744,0.16676445,0.15335715,0.16516323
69a3fd7b-1395-5b68-a5bb-8b9589ca5027,fair,somewhat_close,9,1,0,6,0.3157894736842105,0.32837287,0.2946545,0.29791787,0.32618845,0.30253178
69a3fd7b-1395-5b68-a5bb-8b9589ca5027,fair,somewhat_close,9,1,1,7,0.3684210526315789,0.32105917,0.21227996,0.32904878,0.31913775,0.32632118
69a3fd7b-1395-5b68-a5bb-8b9589ca5027,fair,somewhat_close,9,1,2,5,0.2631578947368421,0.20461664,0.2554765,0.2179913,0.20614377,0.21628724
69a3fd7b-1395-5b68-a5bb-8b9589ca5027,fair,somewhat_close,9,1,3,1,0.0526315789473684,0.14595127,0.23758905,0.15504195,0.14853,0.15485977
69a3fd7b-1395-5b68-a5bb-8b9589ca5027,soup,close,14,2,0,5,0.238095238095238,0.33818597,0.3010139,0.3503503,0.33563444,0.34637958
69a3fd7b-1395-5b68-a5bb-8b9589ca5027,soup,close,14,2,1,6,0.2857142857142857,0.31507322,0.22628844,0.3096027,0.31335708,0.30970412
69a3fd7b-1395-5b68-a5bb-8b9589ca5027,soup,close,14,2,2,6,0.2857142857142857,0.18950173,0.22069465,0.19093937,0.19134966,0.19181013
69a3fd7b-1395-5b68-a5bb-8b9589ca5027,soup,close,14,2,3,4,0.1904761904761904,0.15723914,0.25200298,0.14910766,0.15965882,0.15210615
69a3fd7b-1395-5b68-a5bb-8b9589ca5027,hike,not_close,11,0,0,7,0.4117647058823529,0.33404678,0.30082837,0.37751567,0.33169934,0.36750683
69a3fd7b-1395-5b68-a5bb-8b9589ca5027,hike,not_close,11,0,1,6,0.3529411764705882,0.32451156,0.21243119,0.33200538,0.32250962,0.3297955
69a3fd7b-1395-5b68-a5bb-8b9589ca5027,hike,not_close,11,0,2,3,0.1764705882352941,0.19580749,0.25311163,0.16379511,0.19755435,0.1708626
69a3fd7b-1395-5b68-a5bb-8b9589ca5027,hike,not_close,11,0,3,1,0.0588235294117647,0.14563413,0.23362878,0.12668388,0.14823666,0.13183501
69a3fd7b-1395-5b68-a5bb-8b9589ca5027,drinks,somewhat_close,7,1,0,6,0.3,0.33517203,0.25649023,0.35535023,0.33253023,0.35018
69a3fd7b-1395-5b68-a5bb-8b9589ca5027,drinks,somewhat_close,7,1,1,7,0.35,0.26757511,0.23912959,0.3067269,0.2672558,0.29884645
69a3fd7b-1395-5b68-a5bb-8b9589ca5027,drinks,somewhat_close,7,1,2,5,0.25,0.22562149,0.24335633,0.19969311,0.22650158,0.20539983
69a3fd7b-1395-5b68-a5bb-8b9589ca5027,drinks,somewhat_close,7,1,3,2,0.1,0.17163132,0.26102385,0.13822965,0.17371236,0.14557375
69a3fd7b-1395-5b68-a5bb-8b9589ca5027,driving,somewhat_close,8,1,0,7,0.3333333333333333,0.32080168,0.28850093,0.31517804,0.3188238,0.3153335
69a3fd7b-1395-5b68-a5bb-8b9589ca5027,driving,somewhat_close,8,1,1,6,0.2857142857142857,0.31365657,0.23262726,0.34766352,0.31193233,0.33977747
69a3fd7b-1395-5b68-a5bb-8b9589ca5027,driving,somewhat_close,8,1,2,7,0.3333333333333333,0.21734229,0.23673908,0.20519517,0.21852566,0.20837864
69a3fd7b-1395-5b68-a5bb-8b9589ca5027,driving,somewhat_close,8,1,3,1,0.0476190476190476,0.14819951,0.24213271,0.13196324,0.1507182,0.13651037
69a3fd7b-1395-5b68-a5bb-8b9589ca5027,social,extremely_close,13,3,0,5,0.2083333333333333,0.38478413,0.29484272,0.35028762,0.38051066,0.35454354
69a3fd7b-1395-5b68-a5bb-8b9589ca5027,social,extremely_close,13,3,1,6,0.25,0.26153043,0.23070611,0.26098487,0.261622,0.26121816
69a3fd7b-1395-5b68-a5bb-8b9589ca5027,social,extremely_close,13,3,2,6,0.25,0.20087723,0.25057164,0.23086676,0.20253547,0.22578412
69a3fd7b-1395-5b68-a5bb-8b9589ca5027,social,extremely_close,13,3,3,7,0.2916666666666667,0.15280823,0.22387956,0.15786076,0.15533185,0.15845421
69a3fd7b-1395-5b68-a5bb-8b9589ca5027,gala,extremely_close,10,3,0,5,0.2083333333333333,0.36258376,0.29305857,0.27085638,0.35897562,0.28588986
69a3fd7b-1395-5b68-a5bb-8b9589ca5027,gala,extremely_close,10,3,1,6,0.25,0.24803236,0.2547296,0.27790543,0.2483613,0.27260363
69a3fd7b-1395-5b68-a5bb-8b9589ca5027,gala,extremely_close,10,3,2,7,0.2916666666666667,0.21528816,0.24108168,0.25729015,0.2164861,0.2498217
69a3fd7b-1395-5b68-a5bb-8b9589ca5027,gala,extremely_close,10,3,3,6,0.25,0.17409568,0.21113022,0.19394808,0.17617695,0.19168487
69a3fd7b-1395-5b68-a5bb-8b9589ca5027,brunch,not_close,2,0,0,6,0.3529411764705882,0.30243197,0.3026591,0.35060638,0.30091482,0.34033895
69a3fd7b-1395-5b68-a5bb-8b9589ca5027,brunch,not_close,2,0,1,5,0.2941176470588235,0.29379916,0.21859324,0.3063659,0.29257798,0.30384555
69a3fd7b-1395-5b68-a5bb-8b9589ca5027,brunch,not_close,2,0,2,5,0.2941176470588235,0.22932231,0.23039065,0.22114328,0.23006326,0.22373937
69a3fd7b-1395-5b68-a5bb-8b9589ca5027,brunch,not_close,2,0,3,1,0.0588235294117647,0.17444655,0.24835704,0.121884465,0.17644392,0.13207617
69a3fd7b-1395-5b68-a5bb-8b9589ca5027,conference,not_close,3,0,0,6,0.375,0.33627447,0.28567946,0.33324155,0.33383918,0.33397454
69a3fd7b-1395-5b68-a5bb-8b9589ca5027,conference,not_close,3,0,1,7,0.4375,0.32249793,0.2440027,0.41457385,0.32056218,0.3949526
69a3fd7b-1395-5b68-a5bb-8b9589ca5027,conference,not_close,3,0,2,2,0.125,0.19272308,0.2495618,0.14458562,0.19453102,0.15464573
69a3fd7b-1395-5b68-a5bb-8b9589ca5027,conference,not_close,3,0,3,1,0.0625,0.14850451,0.22075598,0.10759906,0.15106763,0.11642715
69a3fd7b-1395-5b68-a5bb-8b9589ca5027,birthday,not_close,1,0,0,7,0.4375,0.32165617,0.28021994,0.37109387,0.3196522,0.36021808
69a3fd7b-1395-5b68-a5bb-8b9589ca5027,birthday,not_close,1,0,1,6,0.375,0.31348172,0.22091691,0.33231905,0.311768,0.32817322
69a3fd7b-1395-5b68-a5bb-8b9589ca5027,birthday,not_close,1,0,2,2,0.125,0.21722111,0.24974371,0.17350394,0.21841055,0.18240416
69a3fd7b-1395-5b68-a5bb-8b9589ca5027,birthday,not_close,1,0,3,1,0.0625,0.14764105,0.24911939,0.12308306,0.15016927,0.12920454
69a3fd7b-1395-5b68-a5bb-8b9589ca5027,crabs,extremely_close,5,3,0,5,0.2083333333333333,0.32949838,0.29960105,0.32724842,0.3272346,0.32636657
69a3fd7b-1395-5b68-a5bb-8b9589ca5027,crabs,extremely_close,5,3,1,7,0.2916666666666667,0.32009298,0.23267563,0.31487674,0.31816855,0.31478795
69a3fd7b-1395-5b68-a5bb-8b9589ca5027,crabs,extremely_close,5,3,2,6,0.25,0.18702544,0.23678833,0.17663889,0.18890499,0.17975125
69a3fd7b-1395-5b68-a5bb-8b9589ca5027,crabs,extremely_close,5,3,3,6,0.25,0.16338322,0.23093499,0.18123591,0.16569182,0.17909427
69a3fd7b-1395-5b68-a5bb-8b9589ca5027,dip,close,6,2,0,7,0.35,0.33769047,0.26539132,0.34952283,0.33498037,0.3457275
69a3fd7b-1395-5b68-a5bb-8b9589ca5027,dip,close,6,2,1,6,0.3,0.2704545,0.25054428,0.28651547,0.27006677,0.28323793
69a3fd7b-1395-5b68-a5bb-8b9589ca5027,dip,close,6,2,2,5,0.25,0.2244097,0.25625244,0.22507222,0.22533904,0.22567739
69a3fd7b-1395-5b68-a5bb-8b9589ca5027,dip,close,6,2,3,2,0.1,0.16744532,0.22781193,0.13888952,0.16961384,0.1453572
69a3fd7b-1395-5b68-a5bb-8b9589ca5027,wedding,extremely_close,15,3,0,5,0.2083333333333333,0.30876625,0.29976675,0.29720375,0.30711403,0.2985504
69a3fd7b-1395-5b68-a5bb-8b9589ca5027,wedding,extremely_close,15,3,1,7,0.2916666666666667,0.29898903,0.2203311,0.27952927,0.29767475,0.2825817
69a3fd7b-1395-5b68-a5bb-8b9589ca5027,wedding,extremely_close,15,3,2,6,0.25,0.23715827,0.23514688,0.2412807,0.23775323,0.24087891
69a3fd7b-1395-5b68-a5bb-8b9589ca5027,wedding,extremely_close,15,3,3,6,0.25,0.15508646,0.24475528,0.18198623,0.15745798,0.17798899
69a3fd7b-1395-5b68-a5bb-8b9589ca5027,cooking,somewhat_close,4,1,0,1,0.0666666666666666,0.32508844,0.28153455,0.3038481,0.32288563,0.30680162
69a3fd7b-1395-5b68-a5bb-8b9589ca5027,cooking,somewhat_close,4,1,1,7,0.4666666666666667,0.30092797,0.22757895,0.3294611,0.2995782,0.32287404
69a3fd7b-1395-5b68-a5bb-8b9589ca5027,cooking,somewhat_close,4,1,2,5,0.3333333333333333,0.21122348,0.2310226,0.2139687,0.21250805,0.21430032
69a3fd7b-1395-5b68-a5bb-8b9589ca5027,cooking,somewhat_close,4,1,3,2,0.1333333333333333,0.16276015,0.2598639,0.15272212,0.1650281,0.15602408
69a3fd7b-1395-5b68-a5bb-8b9589ca5027,oysters,close,12,2,0,5,0.2631578947368421,0.3400336,0.31127194,0.3257782,0.3373747,0.3269814
69a3fd7b-1395-5b68-a5bb-8b9589ca5027,oysters,close,12,2,1,6,0.3157894736842105,0.30284005,0.21870834,0.30453157,0.3015121,0.30337986
69a3fd7b-1395-5b68-a5bb-8b9589ca5027,oysters,close,12,2,2,6,0.3157894736842105,0.20254946,0.2491106,0.20594548,0.20409547,0.20621069
69a3fd7b-1395-5b68-a5bb-8b9589ca5027,oysters,close,12,2,3,2,0.1052631578947368,0.15457693,0.22090909,0.16374475,0.1570177,0.1634281
fbb31246-7720-564a-beae-96a52519b0bb,crabs,somewhat_close,5,1,0,1,0.1428571428571428,0.32949838,0.29960105,0.36052796,0.3272346,0.35396707
fbb31246-7720-564a-beae-96a52519b0bb,crabs,somewhat_close,5,1,1,3,0.4285714285714285,0.32009298,0.23267563,0.37403747,0.31816855,0.36267853
fbb31246-7720-564a-beae-96a52519b0bb,crabs,somewhat_close,5,1,2,2,0.2857142857142857,0.18702544,0.23678833,0.13190359,0.18890499,0.14269985
fbb31246-7720-564a-beae-96a52519b0bb,crabs,somewhat_close,5,1,3,1,0.1428571428571428,0.16338322,0.23093499,0.13353097,0.16569182,0.14065453
fbb31246-7720-564a-beae-96a52519b0bb,soup,somewhat_close,14,1,0,7,0.5833333333333334,0.33818597,0.3010139,0.34452966,0.33563444,0.3417673
fbb31246-7720-564a-beae-96a52519b0bb,soup,somewhat_close,14,1,1,2,0.1666666666666666,0.31507322,0.22628844,0.3189721,0.31335708,0.31721324
fbb31246-7720-564a-beae-96a52519b0bb,soup,somewhat_close,14,1,2,2,0.1666666666666666,0.18950173,0.22069465,0.19080658,0.19134966,0.1917101
fbb31246-7720-564a-beae-96a52519b0bb,soup,somewhat_close,14,1,3,1,0.0833333333333333,0.15723914,0.25200298,0.14569166,0.15965882,0.14930934
fbb31246-7720-564a-beae-96a52519b0bb,fair,close,9,2,0,4,0.3333333333333333,0.32837287,0.2946545,0.34993604,0.32618845,0.3445345
fbb31246-7720-564a-beae-96a52519b0bb,fair,close,9,2,1,5,0.4166666666666667,0.32105917,0.21227996,0.34182274,0.31913775,0.33674547
fbb31246-7720-564a-beae-96a52519b0bb,fair,close,9,2,2,2,0.1666666666666666,0.20461664,0.2554765,0.18358052,0.20614377,0.18860486
fbb31246-7720-564a-beae-96a52519b0bb,fair,close,9,2,3,1,0.0833333333333333,0.14595127,0.23758905,0.12466064,0.14853,0.13011518
fbb31246-7720-564a-beae-96a52519b0bb,gala,not_close,10,0,0,7,0.6363636363636364,0.36258376,0.29305857,0.39073783,0.35897562,0.38308117
fbb31246-7720-564a-beae-96a52519b0bb,gala,not_close,10,0,1,2,0.1818181818181818,0.24803236,0.2547296,0.25930107,0.2483613,0.25750896
fbb31246-7720-564a-beae-96a52519b0bb,gala,not_close,10,0,2,1,0.0909090909090909,0.21528816,0.24108168,0.20672406,0.2164861,0.20930924
fbb31246-7720-564a-beae-96a52519b0bb,gala,not_close,10,0,3,1,0.0909090909090909,0.17409568,0.21113022,0.143237,0.17617695,0.15010062
fbb31246-7720-564a-beae-96a52519b0bb,social,extremely_close,13,3,0,4,0.2222222222222222,0.38478413,0.29484272,0.35028762,0.38051066,0.35454354
fbb31246-7720-564a-beae-96a52519b0bb,social,extremely_close,13,3,1,5,0.2777777777777778,0.26153043,0.23070611,0.26098487,0.261622,0.26121816
fbb31246-7720-564a-beae-96a52519b0bb,social,extremely_close,13,3,2,4,0.2222222222222222,0.20087723,0.25057164,0.23086676,0.20253547,0.22578412
fbb31246-7720-564a-beae-96a52519b0bb,social,extremely_close,13,3,3,5,0.2777777777777778,0.15280823,0.22387956,0.15786076,0.15533185,0.15845421
fbb31246-7720-564a-beae-96a52519b0bb,drinks,somewhat_close,7,1,0,2,0.1666666666666666,0.33517203,0.25649023,0.35535023,0.33253023,0.35018
fbb31246-7720-564a-beae-96a52519b0bb,drinks,somewhat_close,7,1,1,7,0.5833333333333334,0.26757511,0.23912959,0.3067269,0.2672558,0.29884645
fbb31246-7720-564a-beae-96a52519b0bb,drinks,somewhat_close,7,1,2,2,0.1666666666666666,0.22562149,0.24335633,0.19969311,0.22650158,0.20539983
fbb31246-7720-564a-beae-96a52519b0bb,drinks,somewhat_close,7,1,3,1,0.0833333333333333,0.17163132,0.26102385,0.13822965,0.17371236,0.14557375
fbb31246-7720-564a-beae-96a52519b0bb,brunch,not_close,2,0,0,7,0.5,0.30243197,0.3026591,0.35060638,0.30091482,0.34033895
fbb31246-7720-564a-beae-96a52519b0bb,brunch,not_close,2,0,1,4,0.2857142857142857,0.29379916,0.21859324,0.3063659,0.29257798,0.30384555
fbb31246-7720-564a-beae-96a52519b0bb,brunch,not_close,2,0,2,2,0.1428571428571428,0.22932231,0.23039065,0.22114328,0.23006326,0.22373937
fbb31246-7720-564a-beae-96a52519b0bb,brunch,not_close,2,0,3,1,0.0714285714285714,0.17444655,0.24835704,0.121884465,0.17644392,0.13207617
fbb31246-7720-564a-beae-96a52519b0bb,birthday,close,1,2,0,2,0.125,0.32165617,0.28021994,0.2816877,0.3196522,0.28819582
fbb31246-7720-564a-beae-96a52519b0bb,birthday,close,1,2,1,7,0.4375,0.31348172,0.22091691,0.31876132,0.311768,0.31678355
fbb31246-7720-564a-beae-96a52519b0bb,birthday,close,1,2,2,5,0.3125,0.21722111,0.24974371,0.23532178,0.21841055,0.23248664
fbb31246-7720-564a-beae-96a52519b0bb,birthday,close,1,2,3,2,0.125,0.14764105,0.24911939,0.16422926,0.15016927,0.16253394
fbb31246-7720-564a-beae-96a52519b0bb,oysters,extremely_close,12,3,0,3,0.2,0.3400336,0.31127194,0.34521964,0.3373747,0.3425975
fbb31246-7720-564a-beae-96a52519b0bb,oysters,extremely_close,12,3,1,7,0.4666666666666667,0.30284005,0.21870834,0.30538067,0.3015121,0.30410308
fbb31246-7720-564a-beae-96a52519b0bb,oysters,extremely_close,12,3,2,3,0.2,0.20254946,0.2491106,0.20126957,0.20409547,0.20247553
fbb31246-7720-564a-beae-96a52519b0bb,oysters,extremely_close,12,3,3,2,0.1333333333333333,0.15457693,0.22090909,0.1481301,0.1570177,0.15082388
fbb31246-7720-564a-beae-96a52519b0bb,wedding,not_close,15,0,0,7,0.7,0.30876625,0.29976675,0.35758772,0.30711403,0.34737545
fbb31246-7720-564a-beae-96a52519b0bb,wedding,not_close,15,0,1,1,0.1,0.29898903,0.2203311,0.32176432,0.29767475,0.31732672
fbb31246-7720-564a-beae-96a52519b0bb,wedding,not_close,15,0,2,1,0.1,0.23715827,0.23514688,0.22107239,0.23775323,0.2252434
fbb31246-7720-564a-beae-96a52519b0bb,wedding,not_close,15,0,3,1,0.1,0.15508646,0.24475528,0.099575475,0.15745798,0.110054396
fbb31246-7720-564a-beae-96a52519b0bb,hike,extremely_close,11,3,0,7,0.6363636363636364,0.33404678,0.30082837,0.33788186,0.33169934,0.33572078
fbb31246-7720-564a-beae-96a52519b0bb,hike,extremely_close,11,3,1,2,0.1818181818181818,0.32451156,0.21243119,0.2973505,0.32250962,0.3014346
fbb31246-7720-564a-beae-96a52519b0bb,hike,extremely_close,11,3,2,1,0.0909090909090909,0.19580749,0.25311163,0.20556362,0.19755435,0.2047168
fbb31246-7720-564a-beae-96a52519b0bb,hike,extremely_close,11,3,3,1,0.0909090909090909,0.14563413,0.23362878,0.15920395,0.14823666,0.15812786
fbb31246-7720-564a-beae-96a52519b0bb,basketball,close,0,2,0,2,0.1538461538461538,0.3173009,0.27931517,0.331041,0.3154185,0.32719913
fbb31246-7720-564a-beae-96a52519b0bb,basketball,close,0,2,1,6,0.4615384615384615,0.31123364,0.2196531,0.3025721,0.3095655,0.30337024
fbb31246-7720-564a-beae-96a52519b0bb,basketball,close,0,2,2,4,0.3076923076923077,0.22057617,0.24769424,0.19962241,0.22165884,0.20426738
fbb31246-7720-564a-beae-96a52519b0bb,basketball,close,0,2,3,1,0.0769230769230769,0.15088934,0.25333744,0.16676445,0.15335715,0.16516323
fbb31246-7720-564a-beae-96a52519b0bb,dip,somewhat_close,6,1,0,5,0.4545454545454545,0.33769047,0.26539132,0.36435014,0.33498037,0.3577161
fbb31246-7720-564a-beae-96a52519b0bb,dip,somewhat_close,6,1,1,3,0.2727272727272727,0.2704545,0.25054428,0.28163436,0.27006677,0.27957094
fbb31246-7720-564a-beae-96a52519b0bb,dip,somewhat_close,6,1,2,2,0.1818181818181818,0.2244097,0.25625244,0.22864093,0.22533904,0.2287165
fbb31246-7720-564a-beae-96a52519b0bb,dip,somewhat_close,6,1,3,1,0.0909090909090909,0.16744532,0.22781193,0.12537463,0.16961384,0.1339964
fbb31246-7720-564a-beae-96a52519b0bb,cooking,extremely_close,4,3,0,1,0.0714285714285714,0.32508844,0.28153455,0.26053262,0.32288563,0.27141792
fbb31246-7720-564a-beae-96a52519b0bb,cooking,extremely_close,4,3,1,7,0.5,0.30092797,0.22757895,0.31298968,0.2995782,0.31012288
fbb31246-7720-564a-beae-96a52519b0bb,cooking,extremely_close,4,3,2,4,0.2857142857142857,0.21122348,0.2310226,0.23388302,0.21250805,0.23035794
fbb31246-7720-564a-beae-96a52519b0bb,cooking,extremely_close,4,3,3,2,0.1428571428571428,0.16276015,0.2598639,0.19259474,0.1650281,0.18810125
fbb31246-7720-564a-beae-96a52519b0bb,conference,not_close,3,0,0,7,0.7,0.33627447,0.28567946,0.33324155,0.33383918,0.33397454
fbb31246-7720-564a-beae-96a52519b0bb,conference,not_close,3,0,1,1,0.1,0.32249793,0.2440027,0.41457385,0.32056218,0.3949526
fbb31246-7720-564a-beae-96a52519b0bb,conference,not_close,3,0,2,1,0.1,0.19272308,0.2495618,0.14458562,0.19453102,0.15464573
fbb31246-7720-564a-beae-96a52519b0bb,conference,not_close,3,0,3,1,0.1,0.14850451,0.22075598,0.10759906,0.15106763,0.11642715
fbb31246-7720-564a-beae-96a52519b0bb,driving,close,8,2,0,6,0.5,0.32080168,0.28850093,0.30510676,0.3188238,0.30702308
fbb31246-7720-564a-beae-96a52519b0bb,driving,close,8,2,1,4,0.3333333333333333,0.31365657,0.23262726,0.3255142,0.31193233,0.32208744
fbb31246-7720-564a-beae-96a52519b0bb,driving,close,8,2,2,1,0.0833333333333333,0.21734229,0.23673908,0.21140538,0.21852566,0.21328457
fbb31246-7720-564a-beae-96a52519b0bb,driving,close,8,2,3,1,0.0833333333333333,0.14819951,0.24213271,0.15797366,0.1507182,0.1576049
64c82c64-d833-584d-996a-87769349948b,cooking,close,4,2,0,1,0.1,0.32508844,0.28153455,0.25373095,0.32288563,0.2657937
64c82c64-d833-584d-996a-87769349948b,cooking,close,4,2,1,6,0.6,0.30092797,0.22757895,0.3285871,0.2995782,0.32255453
64c82c64-d833-584d-996a-87769349948b,cooking,close,4,2,2,2,0.2,0.21122348,0.2310226,0.23453203,0.21250805,0.23093651
64c82c64-d833-584d-996a-87769349948b,cooking,close,4,2,3,1,0.1,0.16276015,0.2598639,0.18314992,0.1650281,0.18071517
64c82c64-d833-584d-996a-87769349948b,drinks,not_close,7,0,0,6,0.3157894736842105,0.33517203,0.25649023,0.30263433,0.33253023,0.30758438
64c82c64-d833-584d-996a-87769349948b,drinks,not_close,7,0,1,6,0.3157894736842105,0.26757511,0.23912959,0.31184286,0.2672558,0.30257833
64c82c64-d833-584d-996a-87769349948b,drinks,not_close,7,0,2,4,0.2105263157894736,0.22562149,0.24335633,0.22425486,0.22650158,0.22524028
64c82c64-d833-584d-996a-87769349948b,drinks,not_close,7,0,3,3,0.1578947368421052,0.17163132,0.26102385,0.16126789,0.17371236,0.16459699
64c82c64-d833-584d-996a-87769349948b,dip,extremely_close,6,3,0,6,0.2727272727272727,0.33769047,0.26539132,0.3300849,0.33498037,0.3299841
64c82c64-d833-584d-996a-87769349948b,dip,extremely_close,6,3,1,7,0.3181818181818182,0.2704545,0.25054428,0.27360496,0.27006677,0.27276102
64c82c64-d833-584d-996a-87769349948b,dip,extremely_close,6,3,2,6,0.2727272727272727,0.2244097,0.25625244,0.23491126,0.22533904,0.23339608
64c82c64-d833-584d-996a-87769349948b,dip,extremely_close,6,3,3,3,0.1363636363636363,0.16744532,0.22781193,0.16139889,0.16961384,0.1638588
64c82c64-d833-584d-996a-87769349948b,wedding,somewhat_close,15,1,0,6,0.2857142857142857,0.30876625,0.29976675,0.3333098,0.30711403,0.32751745
64c82c64-d833-584d-996a-87769349948b,wedding,somewhat_close,15,1,1,5,0.238095238095238,0.29898903,0.2203311,0.30216554,0.29767475,0.30098352
64c82c64-d833-584d-996a-87769349948b,wedding,somewhat_close,15,1,2,6,0.2857142857142857,0.23715827,0.23514688,0.23644876,0.23775323,0.23714605
64c82c64-d833-584d-996a-87769349948b,wedding,somewhat_close,15,1,3,4,0.1904761904761904,0.15508646,0.24475528,0.12807587,0.15745798,0.134353
64c82c64-d833-584d-996a-87769349948b,conference,extremely_close,3,3,0,5,0.3333333333333333,0.33627447,0.28567946,0.31225505,0.33383918,0.31567898
64c82c64-d833-584d-996a-87769349948b,conference,extremely_close,3,3,1,7,0.4666666666666667,0.32249793,0.2440027,0.29103574,0.32056218,0.29611537
64c82c64-d833-584d-996a-87769349948b,conference,extremely_close,3,3,2,2,0.1333333333333333,0.19272308,0.2495618,0.23289657,0.19453102,0.22576019
64c82c64-d833-584d-996a-87769349948b,conference,extremely_close,3,3,3,1,0.0666666666666666,0.14850451,0.22075598,0.16381264,0.15106763,0.16244544
64c82c64-d833-584d-996a-87769349948b,gala,not_close,10,0,0,6,0.3529411764705882,0.36258376,0.29305857,0.39073783,0.35897562,0.38308117
64c82c64-d833-584d-996a-87769349948b,gala,not_close,10,0,1,5,0.2941176470588235,0.24803236,0.2547296,0.25930107,0.2483613,0.25750896
64c82c64-d833-584d-996a-87769349948b,gala,not_close,10,0,2,4,0.2352941176470588,0.21528816,0.24108168,0.20672406,0.2164861,0.20930924
64c82c64-d833-584d-996a-87769349948b,gala,not_close,10,0,3,2,0.1176470588235294,0.17409568,0.21113022,0.143237,0.17617695,0.15010062
64c82c64-d833-584d-996a-87769349948b,brunch,not_close,2,0,0,6,0.3333333333333333,0.30243197,0.3026591,0.35060638,0.30091482,0.34033895
64c82c64-d833-584d-996a-87769349948b,brunch,not_close,2,0,1,5,0.2777777777777778,0.29379916,0.21859324,0.3063659,0.29257798,0.30384555
64c82c64-d833-584d-996a-87769349948b,brunch,not_close,2,0,2,5,0.2777777777777778,0.22932231,0.23039065,0.22114328,0.23006326,0.22373937
64c82c64-d833-584d-996a-87769349948b,brunch,not_close,2,0,3,2,0.1111111111111111,0.17444655,0.24835704,0.121884465,0.17644392,0.13207617
64c82c64-d833-584d-996a-87769349948b,oysters,close,12,2,0,6,0.4285714285714285,0.3400336,0.31127194,0.3257782,0.3373747,0.3269814
64c82c64-d833-584d-996a-87769349948b,oysters,close,12,2,1,4,0.2857142857142857,0.30284005,0.21870834,0.30453157,0.3015121,0.30337986
64c82c64-d833-584d-996a-87769349948b,oysters,close,12,2,2,2,0.1428571428571428,0.20254946,0.2491106,0.20594548,0.20409547,0.20621069
64c82c64-d833-584d-996a-87769349948b,oysters,close,12,2,3,2,0.1428571428571428,0.15457693,0.22090909,0.16374475,0.1570177,0.1634281
64c82c64-d833-584d-996a-87769349948b,hike,somewhat_close,11,1,0,6,0.4,0.33404678,0.30082837,0.33502132,0.33169934,0.3334202
64c82c64-d833-584d-996a-87769349948b,hike,somewhat_close,11,1,1,5,0.3333333333333333,0.32451156,0.21243119,0.32786852,0.32250962,0.32599643
64c82c64-d833-584d-996a-87769349948b,hike,somewhat_close,11,1,2,2,0.1333333333333333,0.19580749,0.25311163,0.19115357,0.19755435,0.19311021
64c82c64-d833-584d-996a-87769349948b,hike,somewhat_close,11,1,3,2,0.1333333333333333,0.14563413,0.23362878,0.14595659,0.14823666,0.1474731
64c82c64-d833-584d-996a-87769349948b,crabs,extremely_close,5,3,0,4,0.2,0.32949838,0.29960105,0.32724842,0.3272346,0.32636657
64c82c64-d833-584d-996a-87769349948b,crabs,extremely_close,5,3,1,6,0.3,0.32009298,0.23267563,0.31487674,0.31816855,0.31478795
64c82c64-d833-584d-996a-87769349948b,crabs,extremely_close,5,3,2,5,0.25,0.18702544,0.23678833,0.17663889,0.18890499,0.17975125
64c82c64-d833-584d-996a-87769349948b,crabs,extremely_close,5,3,3,5,0.25,0.16338322,0.23093499,0.18123591,0.16569182,0.17909427
64c82c64-d833-584d-996a-87769349948b,social,extremely_close,13,3,0,5,0.2777777777777778,0.38478413,0.29484272,0.35028762,0.38051066,0.35454354
64c82c64-d833-584d-996a-87769349948b,social,extremely_close,13,3,1,5,0.2777777777777778,0.26153043,0.23070611,0.26098487,0.261622,0.26121816
64c82c64-d833-584d-996a-87769349948b,social,extremely_close,13,3,2,5,0.2777777777777778,0.20087723,0.25057164,0.23086676,0.20253547,0.22578412
64c82c64-d833-584d-996a-87769349948b,social,extremely_close,13,3,3,3,0.1666666666666666,0.15280823,0.22387956,0.15786076,0.15533185,0.15845421
64c82c64-d833-584d-996a-87769349948b,basketball,somewhat_close,0,1,0,2,0.1666666666666666,0.3173009,0.27931517,0.3148467,0.3154185,0.31423575
64c82c64-d833-584d-996a-87769349948b,basketball,somewhat_close,0,1,1,6,0.5,0.31123364,0.2196531,0.32266358,0.3095655,0.31937057
64c82c64-d833-584d-996a-87769349948b,basketball,somewhat_close,0,1,2,2,0.1666666666666666,0.22057617,0.24769424,0.21528408,0.22165884,0.21698892
64c82c64-d833-584d-996a-87769349948b,basketball,somewhat_close,0,1,3,2,0.1666666666666666,0.15088934,0.25333744,0.14720571,0.15335715,0.1494048
64c82c64-d833-584d-996a-87769349948b,fair,not_close,9,0,0,4,0.2857142857142857,0.32837287,0.2946545,0.33953634,0.32618845,0.33659288
64c82c64-d833-584d-996a-87769349948b,fair,not_close,9,0,1,6,0.4285714285714285,0.32105917,0.21227996,0.3681577,0.31913775,0.35772365
64c82c64-d833-584d-996a-87769349948b,fair,not_close,9,0,2,3,0.2142857142857142,0.20461664,0.2554765,0.17532648,0.20614377,0.18193142
64c82c64-d833-584d-996a-87769349948b,fair,not_close,9,0,3,1,0.0714285714285714,0.14595127,0.23758905,0.116979435,0.14853,0.12375206
64c82c64-d833-584d-996a-87769349948b,birthday,close,1,2,0,6,0.2727272727272727,0.32165617,0.28021994,0.2816877,0.3196522,0.28819582
64c82c64-d833-584d-996a-87769349948b,birthday,close,1,2,1,6,0.2727272727272727,0.31348172,0.22091691,0.31876132,0.311768,0.31678355
64c82c64-d833-584d-996a-87769349948b,birthday,close,1,2,2,5,0.2272727272727272,0.21722111,0.24974371,0.23532178,0.21841055,0.23248664
64c82c64-d833-584d-996a-87769349948b,birthday,close,1,2,3,5,0.2272727272727272,0.14764105,0.24911939,0.16422926,0.15016927,0.16253394
64c82c64-d833-584d-996a-87769349948b,driving,somewhat_close,8,1,0,5,0.238095238095238,0.32080168,0.28850093,0.31517804,0.3188238,0.3153335
64c82c64-d833-584d-996a-87769349948b,driving,somewhat_close,8,1,1,6,0.2857142857142857,0.31365657,0.23262726,0.34766352,0.31193233,0.33977747
64c82c64-d833-584d-996a-87769349948b,driving,somewhat_close,8,1,2,5,0.238095238095238,0.21734229,0.23673908,0.20519517,0.21852566,0.20837864
64c82c64-d833-584d-996a-87769349948b,driving,somewhat_close,8,1,3,5,0.238095238095238,0.14819951,0.24213271,0.13196324,0.1507182,0.13651037
64c82c64-d833-584d-996a-87769349948b,soup,close,14,2,0,6,0.3529411764705882,0.33818597,0.3010139,0.3503503,0.33563444,0.34637958
64c82c64-d833-584d-996a-87769349948b,soup,close,14,2,1,3,0.1764705882352941,0.31507322,0.22628844,0.3096027,0.31335708,0.30970412
64c82c64-d833-584d-996a-87769349948b,soup,close,14,2,2,5,0.2941176470588235,0.18950173,0.22069465,0.19093937,0.19134966,0.19181013
64c82c64-d833-584d-996a-87769349948b,soup,close,14,2,3,3,0.1764705882352941,0.15723914,0.25200298,0.14910766,0.15965882,0.15210615
bd68ad46-a7b9-5bc1-86f2-33ef14293f8b,fair,close,9,2,0,6,0.375,0.32837287,0.2946545,0.34993604,0.32618845,0.3445345
bd68ad46-a7b9-5bc1-86f2-33ef14293f8b,fair,close,9,2,1,3,0.1875,0.32105917,0.21227996,0.34182274,0.31913775,0.33674547
bd68ad46-a7b9-5bc1-86f2-33ef14293f8b,fair,close,9,2,2,5,0.3125,0.20461664,0.2554765,0.18358052,0.20614377,0.18860486
bd68ad46-a7b9-5bc1-86f2-33ef14293f8b,fair,close,9,2,3,2,0.125,0.14595127,0.23758905,0.12466064,0.14853,0.13011518
bd68ad46-a7b9-5bc1-86f2-33ef14293f8b,conference,somewhat_close,3,1,0,6,0.4,0.33627447,0.28567946,0.33678538,0.33383918,0.33548558
bd68ad46-a7b9-5bc1-86f2-33ef14293f8b,conference,somewhat_close,3,1,1,5,0.3333333333333333,0.32249793,0.2440027,0.34514695,0.32056218,0.33959094
bd68ad46-a7b9-5bc1-86f2-33ef14293f8b,conference,somewhat_close,3,1,2,3,0.2,0.19272308,0.2495618,0.19635226,0.19453102,0.19690198
bd68ad46-a7b9-5bc1-86f2-33ef14293f8b,conference,somewhat_close,3,1,3,1,0.0666666666666666,0.14850451,0.22075598,0.1217154,0.15106763,0.1280215
bd68ad46-a7b9-5bc1-86f2-33ef14293f8b,basketball,not_close,0,0,0,6,0.4,0.3173009,0.27931517,0.40210518,0.3154185,0.38488865
bd68ad46-a7b9-5bc1-86f2-33ef14293f8b,basketball,not_close,0,0,1,5,0.3333333333333333,0.31123364,0.2196531,0.34911686,0.3095655,0.34244534
bd68ad46-a7b9-5bc1-86f2-33ef14293f8b,basketball,not_close,0,0,2,3,0.2,0.22057617,0.24769424,0.14574708,0.22165884,0.15971808
bd68ad46-a7b9-5bc1-86f2-33ef14293f8b,basketball,not_close,0,0,3,1,0.0666666666666666,0.15088934,0.25333744,0.10303085,0.15335715,0.11294795
bd68ad46-a7b9-5bc1-86f2-33ef14293f8b,gala,extremely_close,10,3,0,6,0.4,0.36258376,0.29305857,0.27085638,0.35897562,0.28588986
bd68ad46-a7b9-5bc1-86f2-33ef14293f8b,gala,extremely_close,10,3,1,5,0.3333333333333333,0.24803236,0.2547296,0.27790543,0.2483613,0.27260363
bd68ad46-a7b9-5bc1-86f2-33ef14293f8b,gala,extremely_close,10,3,2,3,0.2,0.21528816,0.24108168,0.25729015,0.2164861,0.2498217
bd68ad46-a7b9-5bc1-86f2-33ef14293f8b,gala,extremely_close,10,3,3,1,0.0666666666666666,0.17409568,0.21113022,0.19394808,0.17617695,0.19168487
bd68ad46-a7b9-5bc1-86f2-33ef14293f8b,driving,close,8,2,0,3,0.1875,0.32080168,0.28850093,0.30510676,0.3188238,0.30702308
bd68ad46-a7b9-5bc1-86f2-33ef14293f8b,driving,close,8,2,1,6,0.375,0.31365657,0.23262726,0.3255142,0.31193233,0.32208744
bd68ad46-a7b9-5bc1-86f2-33ef14293f8b,driving,close,8,2,2,5,0.3125,0.21734229,0.23673908,0.21140538,0.21852566,0.21328457
bd68ad46-a7b9-5bc1-86f2-33ef14293f8b,driving,close,8,2,3,2,0.125,0.14819951,0.24213271,0.15797366,0.1507182,0.1576049
bd68ad46-a7b9-5bc1-86f2-33ef14293f8b,social,extremely_close,13,3,0,5,0.3333333333333333,0.38478413,0.29484272,0.35028762,0.38051066,0.35454354
bd68ad46-a7b9-5bc1-86f2-33ef14293f8b,social,extremely_close,13,3,1,3,0.2,0.26153043,0.23070611,0.26098487,0.261622,0.26121816
bd68ad46-a7b9-5bc1-86f2-33ef14293f8b,social,extremely_close,13,3,2,6,0.4,0.20087723,0.25057164,0.23086676,0.20253547,0.22578412
bd68ad46-a7b9-5bc1-86f2-33ef14293f8b,social,extremely_close,13,3,3,1,0.0666666666666666,0.15280823,0.22387956,0.15786076,0.15533185,0.15845421
bd68ad46-a7b9-5bc1-86f2-33ef14293f8b,cooking,somewhat_close,4,1,0,3,0.1666666666666666,0.32508844,0.28153455,0.3038481,0.32288563,0.30680162
bd68ad46-a7b9-5bc1-86f2-33ef14293f8b,cooking,somewhat_close,4,1,1,7,0.3888888888888889,0.30092797,0.22757895,0.3294611,0.2995782,0.32287404
bd68ad46-a7b9-5bc1-86f2-33ef14293f8b,cooking,somewhat_close,4,1,2,3,0.1666666666666666,0.21122348,0.2310226,0.2139687,0.21250805,0.21430032
bd68ad46-a7b9-5bc1-86f2-33ef14293f8b,cooking,somewhat_close,4,1,3,5,0.2777777777777778,0.16276015,0.2598639,0.15272212,0.1650281,0.15602408
bd68ad46-a7b9-5bc1-86f2-33ef14293f8b,brunch,somewhat_close,2,1,0,3,0.1578947368421052,0.30243197,0.3026591,0.31512022,0.30091482,0.31172588
bd68ad46-a7b9-5bc1-86f2-33ef14293f8b,brunch,somewhat_close,2,1,1,7,0.3684210526315789,0.29379916,0.21859324,0.28702608,0.29257798,0.28772363
bd68ad46-a7b9-5bc1-86f2-33ef14293f8b,brunch,somewhat_close,2,1,2,6,0.3157894736842105,0.22932231,0.23039065,0.24061216,0.23006326,0.23888367
bd68ad46-a7b9-5bc1-86f2-33ef14293f8b,brunch,somewhat_close,2,1,3,3,0.1578947368421052,0.17444655,0.24835704,0.15724157,0.17644392,0.16166675
bd68ad46-a7b9-5bc1-86f2-33ef14293f8b,wedding,not_close,15,0,0,7,0.5384615384615384,0.30876625,0.29976675,0.35758772,0.30711403,0.34737545
bd68ad46-a7b9-5bc1-86f2-33ef14293f8b,wedding,not_close,15,0,1,3,0.2307692307692307,0.29898903,0.2203311,0.32176432,0.29767475,0.31732672
bd68ad46-a7b9-5bc1-86f2-33ef14293f8b,wedding,not_close,15,0,2,2,0.1538461538461538,0.23715827,0.23514688,0.22107239,0.23775323,0.2252434
bd68ad46-a7b9-5bc1-86f2-33ef14293f8b,wedding,not_close,15,0,3,1,0.0769230769230769,0.15508646,0.24475528,0.099575475,0.15745798,0.110054396
bd68ad46-a7b9-5bc1-86f2-33ef14293f8b,drinks,close,7,2,0,6,0.4,0.33517203,0.25649023,0.3006383,0.33253023,0.30577487
bd68ad46-a7b9-5bc1-86f2-33ef14293f8b,drinks,close,7,2,1,5,0.3333333333333333,0.26757511,0.23912959,0.2817904,0.2672558,0.2787861
bd68ad46-a7b9-5bc1-86f2-33ef14293f8b,drinks,close,7,2,2,3,0.2,0.22562149,0.24335633,0.23456235,0.22650158,0.23337154
bd68ad46-a7b9-5bc1-86f2-33ef14293f8b,drinks,close,7,2,3,1,0.0666666666666666,0.17163132,0.26102385,0.18300895,0.17371236,0.18206751
bd68ad46-a7b9-5bc1-86f2-33ef14293f8b,crabs,somewhat_close,5,1,0,6,0.3,0.32949838,0.29960105,0.36052796,0.3272346,0.35396707
bd68ad46-a7b9-5bc1-86f2-33ef14293f8b,crabs,somewhat_close,5,1,1,6,0.3,0.32009298,0.23267563,0.37403747,0.31816855,0.36267853
bd68ad46-a7b9-5bc1-86f2-33ef14293f8b,crabs,somewhat_close,5,1,2,5,0.25,0.18702544,0.23678833,0.13190359,0.18890499,0.14269985
bd68ad46-a7b9-5bc1-86f2-33ef14293f8b,crabs,somewhat_close,5,1,3,3,0.15,0.16338322,0.23093499,0.13353097,0.16569182,0.14065453
bd68ad46-a7b9-5bc1-86f2-33ef14293f8b,dip,close,6,2,0,7,0.5384615384615384,0.33769047,0.26539132,0.34952283,0.33498037,0.3457275
bd68ad46-a7b9-5bc1-86f2-33ef14293f8b,dip,close,6,2,1,3,0.2307692307692307,0.2704545,0.25054428,0.28651547,0.27006677,0.28323793
bd68ad46-a7b9-5bc1-86f2-33ef14293f8b,dip,close,6,2,2,2,0.1538461538461538,0.2244097,0.25625244,0.22507222,0.22533904,0.22567739
bd68ad46-a7b9-5bc1-86f2-33ef14293f8b,dip,close,6,2,3,1,0.0769230769230769,0.16744532,0.22781193,0.13888952,0.16961384,0.1453572
bd68ad46-a7b9-5bc1-86f2-33ef14293f8b,oysters,extremely_close,12,3,0,7,0.4375,0.3400336,0.31127194,0.34521964,0.3373747,0.3425975
bd68ad46-a7b9-5bc1-86f2-33ef14293f8b,oysters,extremely_close,12,3,1,5,0.3125,0.30284005,0.21870834,0.30538067,0.3015121,0.30410308
bd68ad46-a7b9-5bc1-86f2-33ef14293f8b,oysters,extremely_close,12,3,2,3,0.1875,0.20254946,0.2491106,0.20126957,0.20409547,0.20247553
bd68ad46-a7b9-5bc1-86f2-33ef14293f8b,oysters,extremely_close,12,3,3,1,0.0625,0.15457693,0.22090909,0.1481301,0.1570177,0.15082388
bd68ad46-a7b9-5bc1-86f2-33ef14293f8b,soup,not_close,14,0,0,7,0.3684210526315789,0.33818597,0.3010139,0.3825187,0.33563444,0.37256363
bd68ad46-a7b9-5bc1-86f2-33ef14293f8b,soup,not_close,14,0,1,5,0.2631578947368421,0.31507322,0.22628844,0.33879057,0.31335708,0.33371714
bd68ad46-a7b9-5bc1-86f2-33ef14293f8b,soup,not_close,14,0,2,5,0.2631578947368421,0.18950173,0.22069465,0.16353203,0.19134966,0.16979322
bd68ad46-a7b9-5bc1-86f2-33ef14293f8b,soup,not_close,14,0,3,2,0.1052631578947368,0.15723914,0.25200298,0.11515866,0.15965882,0.12392601
bd68ad46-a7b9-5bc1-86f2-33ef14293f8b,hike,extremely_close,11,3,0,3,0.1578947368421052,0.33404678,0.30082837,0.33788186,0.33169934,0.33572078
bd68ad46-a7b9-5bc1-86f2-33ef14293f8b,hike,extremely_close,11,3,1,7,0.3684210526315789,0.32451156,0.21243119,0.2973505,0.32250962,0.3014346
bd68ad46-a7b9-5bc1-86f2-33ef14293f8b,hike,extremely_close,11,3,2,6,0.3157894736842105,0.19580749,0.25311163,0.20556362,0.19755435,0.2047168
bd68ad46-a7b9-5bc1-86f2-33ef14293f8b,hike,extremely_close,11,3,3,3,0.1578947368421052,0.14563413,0.23362878,0.15920395,0.14823666,0.15812786
bd68ad46-a7b9-5bc1-86f2-33ef14293f8b,birthday,not_close,1,0,0,3,0.1666666666666666,0.32165617,0.28021994,0.37109387,0.3196522,0.36021808
bd68ad46-a7b9-5bc1-86f2-33ef14293f8b,birthday,not_close,1,0,1,7,0.3888888888888889,0.31348172,0.22091691,0.33231905,0.311768,0.32817322
bd68ad46-a7b9-5bc1-86f2-33ef14293f8b,birthday,not_close,1,0,2,5,0.2777777777777778,0.21722111,0.24974371,0.17350394,0.21841055,0.18240416
bd68ad46-a7b9-5bc1-86f2-33ef14293f8b,birthday,not_close,1,0,3,3,0.1666666666666666,0.14764105,0.24911939,0.12308306,0.15016927,0.12920454
5f148266-9dea-5f4f-9e8c-6b0e7226daa2,wedding,not_close,15,0,0,7,0.7,0.30876625,0.29976675,0.35758772,0.30711403,0.34737545
5f148266-9dea-5f4f-9e8c-6b0e7226daa2,wedding,not_close,15,0,1,1,0.1,0.29898903,0.2203311,0.32176432,0.29767475,0.31732672
5f148266-9dea-5f4f-9e8c-6b0e7226daa2,wedding,not_close,15,0,2,1,0.1,0.23715827,0.23514688,0.22107239,0.23775323,0.2252434
5f148266-9dea-5f4f-9e8c-6b0e7226daa2,wedding,not_close,15,0,3,1,0.1,0.15508646,0.24475528,0.099575475,0.15745798,0.110054396
5f148266-9dea-5f4f-9e8c-6b0e7226daa2,social,extremely_close,13,3,0,2,0.1538461538461538,0.38478413,0.29484272,0.35028762,0.38051066,0.35454354
5f148266-9dea-5f4f-9e8c-6b0e7226daa2,social,extremely_close,13,3,1,5,0.3846153846153846,0.26153043,0.23070611,0.26098487,0.261622,0.26121816
5f148266-9dea-5f4f-9e8c-6b0e7226daa2,social,extremely_close,13,3,2,4,0.3076923076923077,0.20087723,0.25057164,0.23086676,0.20253547,0.22578412
5f148266-9dea-5f4f-9e8c-6b0e7226daa2,social,extremely_close,13,3,3,2,0.1538461538461538,0.15280823,0.22387956,0.15786076,0.15533185,0.15845421
5f148266-9dea-5f4f-9e8c-6b0e7226daa2,birthday,extremely_close,1,3,0,3,0.25,0.32165617,0.28021994,0.29297653,0.3196522,0.2974144
5f148266-9dea-5f4f-9e8c-6b0e7226daa2,birthday,extremely_close,1,3,1,6,0.5,0.31348172,0.22091691,0.2967644,0.311768,0.2991094
5f148266-9dea-5f4f-9e8c-6b0e7226daa2,birthday,extremely_close,1,3,2,2,0.1666666666666666,0.21722111,0.24974371,0.24162844,0.21841055,0.2374631
5f148266-9dea-5f4f-9e8c-6b0e7226daa2,birthday,extremely_close,1,3,3,1,0.0833333333333333,0.14764105,0.24911939,0.16863064,0.15016927,0.16601305
5f148266-9dea-5f4f-9e8c-6b0e7226daa2,hike,not_close,11,0,0,3,0.25,0.33404678,0.30082837,0.37751567,0.33169934,0.36750683
5f148266-9dea-5f4f-9e8c-6b0e7226daa2,hike,not_close,11,0,1,5,0.4166666666666667,0.32451156,0.21243119,0.33200538,0.32250962,0.3297955
5f148266-9dea-5f4f-9e8c-6b0e7226daa2,hike,not_close,11,0,2,3,0.25,0.19580749,0.25311163,0.16379511,0.19755435,0.1708626
5f148266-9dea-5f4f-9e8c-6b0e7226daa2,hike,not_close,11,0,3,1,0.0833333333333333,0.14563413,0.23362878,0.12668388,0.14823666,0.13183501
5f148266-9dea-5f4f-9e8c-6b0e7226daa2,cooking,extremely_close,4,3,0,1,0.0769230769230769,0.32508844,0.28153455,0.26053262,0.32288563,0.27141792
5f148266-9dea-5f4f-9e8c-6b0e7226daa2,cooking,extremely_close,4,3,1,6,0.4615384615384615,0.30092797,0.22757895,0.31298968,0.2995782,0.31012288
5f148266-9dea-5f4f-9e8c-6b0e7226daa2,cooking,extremely_close,4,3,2,5,0.3846153846153846,0.21122348,0.2310226,0.23388302,0.21250805,0.23035794
5f148266-9dea-5f4f-9e8c-6b0e7226daa2,cooking,extremely_close,4,3,3,1,0.0769230769230769,0.16276015,0.2598639,0.19259474,0.1650281,0.18810125
5f148266-9dea-5f4f-9e8c-6b0e7226daa2,driving,close,8,2,0,5,0.4166666666666667,0.32080168,0.28850093,0.30510676,0.3188238,0.30702308
5f148266-9dea-5f4f-9e8c-6b0e7226daa2,driving,close,8,2,1,3,0.25,0.31365657,0.23262726,0.3255142,0.31193233,0.32208744
5f148266-9dea-5f4f-9e8c-6b0e7226daa2,driving,close,8,2,2,2,0.1666666666666666,0.21734229,0.23673908,0.21140538,0.21852566,0.21328457
5f148266-9dea-5f4f-9e8c-6b0e7226daa2,driving,close,8,2,3,2,0.1666666666666666,0.14819951,0.24213271,0.15797366,0.1507182,0.1576049
5f148266-9dea-5f4f-9e8c-6b0e7226daa2,dip,close,6,2,0,3,0.5,0.33769047,0.26539132,0.34952283,0.33498037,0.3457275
5f148266-9dea-5f4f-9e8c-6b0e7226daa2,dip,close,6,2,1,1,0.1666666666666666,0.2704545,0.25054428,0.28651547,0.27006677,0.28323793
5f148266-9dea-5f4f-9e8c-6b0e7226daa2,dip,close,6,2,2,1,0.1666666666666666,0.2244097,0.25625244,0.22507222,0.22533904,0.22567739
5f148266-9dea-5f4f-9e8c-6b0e7226daa2,dip,close,6,2,3,1,0.1666666666666666,0.16744532,0.22781193,0.13888952,0.16961384,0.1453572
5f148266-9dea-5f4f-9e8c-6b0e7226daa2,soup,somewhat_close,14,1,0,7,0.7,0.33818597,0.3010139,0.34452966,0.33563444,0.3417673
5f148266-9dea-5f4f-9e8c-6b0e7226daa2,soup,somewhat_close,14,1,1,1,0.1,0.31507322,0.22628844,0.3189721,0.31335708,0.31721324
5f148266-9dea-5f4f-9e8c-6b0e7226daa2,soup,somewhat_close,14,1,2,1,0.1,0.18950173,0.22069465,0.19080658,0.19134966,0.1917101
5f148266-9dea-5f4f-9e8c-6b0e7226daa2,soup,somewhat_close,14,1,3,1,0.1,0.15723914,0.25200298,0.14569166,0.15965882,0.14930934
5f148266-9dea-5f4f-9e8c-6b0e7226daa2,conference,somewhat_close,3,1,0,3,0.2142857142857142,0.33627447,0.28567946,0.33678538,0.33383918,0.33548558
5f148266-9dea-5f4f-9e8c-6b0e7226daa2,conference,somewhat_close,3,1,1,5,0.3571428571428571,0.32249793,0.2440027,0.34514695,0.32056218,0.33959094
5f148266-9dea-5f4f-9e8c-6b0e7226daa2,conference,somewhat_close,3,1,2,5,0.3571428571428571,0.19272308,0.2495618,0.19635226,0.19453102,0.19690198
5f148266-9dea-5f4f-9e8c-6b0e7226daa2,conference,somewhat_close,3,1,3,1,0.0714285714285714,0.14850451,0.22075598,0.1217154,0.15106763,0.1280215
5f148266-9dea-5f4f-9e8c-6b0e7226daa2,fair,close,9,2,0,3,0.2727272727272727,0.32837287,0.2946545,0.34993604,0.32618845,0.3445345
5f148266-9dea-5f4f-9e8c-6b0e7226daa2,fair,close,9,2,1,5,0.4545454545454545,0.32105917,0.21227996,0.34182274,0.31913775,0.33674547
5f148266-9dea-5f4f-9e8c-6b0e7226daa2,fair,close,9,2,2,2,0.1818181818181818,0.20461664,0.2554765,0.18358052,0.20614377,0.18860486
5f148266-9dea-5f4f-9e8c-6b0e7226daa2,fair,close,9,2,3,1,0.0909090909090909,0.14595127,0.23758905,0.12466064,0.14853,0.13011518
5f148266-9dea-5f4f-9e8c-6b0e7226daa2,gala,not_close,10,0,0,5,0.3571428571428571,0.36258376,0.29305857,0.39073783,0.35897562,0.38308117
5f148266-9dea-5f4f-9e8c-6b0e7226daa2,gala,not_close,10,0,1,4,0.2857142857142857,0.24803236,0.2547296,0.25930107,0.2483613,0.25750896
5f148266-9dea-5f4f-9e8c-6b0e7226daa2,gala,not_close,10,0,2,3,0.2142857142857142,0.21528816,0.24108168,0.20672406,0.2164861,0.20930924
5f148266-9dea-5f4f-9e8c-6b0e7226daa2,gala,not_close,10,0,3,2,0.1428571428571428,0.17409568,0.21113022,0.143237,0.17617695,0.15010062
5f148266-9dea-5f4f-9e8c-6b0e7226daa2,basketball,close,0,2,0,1,0.1111111111111111,0.3173009,0.27931517,0.331041,0.3154185,0.32719913
5f148266-9dea-5f4f-9e8c-6b0e7226daa2,basketball,close,0,2,1,5,0.5555555555555556,0.31123364,0.2196531,0.3025721,0.3095655,0.30337024
5f148266-9dea-5f4f-9e8c-6b0e7226daa2,basketball,close,0,2,2,2,0.2222222222222222,0.22057617,0.24769424,0.19962241,0.22165884,0.20426738
5f148266-9dea-5f4f-9e8c-6b0e7226daa2,basketball,close,0,2,3,1,0.1111111111111111,0.15088934,0.25333744,0.16676445,0.15335715,0.16516323
5f148266-9dea-5f4f-9e8c-6b0e7226daa2,crabs,somewhat_close,5,1,0,5,0.5555555555555556,0.32949838,0.29960105,0.36052796,0.3272346,0.35396707
5f148266-9dea-5f4f-9e8c-6b0e7226daa2,crabs,somewhat_close,5,1,1,2,0.2222222222222222,0.32009298,0.23267563,0.37403747,0.31816855,0.36267853
5f148266-9dea-5f4f-9e8c-6b0e7226daa2,crabs,somewhat_close,5,1,2,1,0.1111111111111111,0.18702544,0.23678833,0.13190359,0.18890499,0.14269985
5f148266-9dea-5f4f-9e8c-6b0e7226daa2,crabs,somewhat_close,5,1,3,1,0.1111111111111111,0.16338322,0.23093499,0.13353097,0.16569182,0.14065453
5f148266-9dea-5f4f-9e8c-6b0e7226daa2,brunch,not_close,2,0,0,3,0.25,0.30243197,0.3026591,0.35060638,0.30091482,0.34033895
5f148266-9dea-5f4f-9e8c-6b0e7226daa2,brunch,not_close,2,0,1,5,0.4166666666666667,0.29379916,0.21859324,0.3063659,0.29257798,0.30384555
5f148266-9dea-5f4f-9e8c-6b0e7226daa2,brunch,not_close,2,0,2,3,0.25,0.22932231,0.23039065,0.22114328,0.23006326,0.22373937
5f148266-9dea-5f4f-9e8c-6b0e7226daa2,brunch,not_close,2,0,3,1,0.0833333333333333,0.17444655,0.24835704,0.121884465,0.17644392,0.13207617
5f148266-9dea-5f4f-9e8c-6b0e7226daa2,oysters,extremely_close,12,3,0,7,0.5384615384615384,0.3400336,0.31127194,0.34521964,0.3373747,0.3425975
5f148266-9dea-5f4f-9e8c-6b0e7226daa2,oysters,extremely_close,12,3,1,2,0.1538461538461538,0.30284005,0.21870834,0.30538067,0.3015121,0.30410308
5f148266-9dea-5f4f-9e8c-6b0e7226daa2,oysters,extremely_close,12,3,2,3,0.2307692307692307,0.20254946,0.2491106,0.20126957,0.20409547,0.20247553
5f148266-9dea-5f4f-9e8c-6b0e7226daa2,oysters,extremely_close,12,3,3,1,0.0769230769230769,0.15457693,0.22090909,0.1481301,0.1570177,0.15082388
5f148266-9dea-5f4f-9e8c-6b0e7226daa2,drinks,somewhat_close,7,1,0,5,0.4545454545454545,0.33517203,0.25649023,0.35535023,0.33253023,0.35018
5f148266-9dea-5f4f-9e8c-6b0e7226daa2,drinks,somewhat_close,7,1,1,1,0.0909090909090909,0.26757511,0.23912959,0.3067269,0.2672558,0.29884645
5f148266-9dea-5f4f-9e8c-6b0e7226daa2,drinks,somewhat_close,7,1,2,3,0.2727272727272727,0.22562149,0.24335633,0.19969311,0.22650158,0.20539983
5f148266-9dea-5f4f-9e8c-6b0e7226daa2,drinks,somewhat_close,7,1,3,2,0.1818181818181818,0.17163132,0.26102385,0.13822965,0.17371236,0.14557375
dc7bc805-2906-57e8-ac6e-4a15442fcde8,crabs,extremely_close,5,3,0,1,0.1,0.32949838,0.29960105,0.32724842,0.3272346,0.32636657
dc7bc805-2906-57e8-ac6e-4a15442fcde8,crabs,extremely_close,5,3,1,6,0.6,0.32009298,0.23267563,0.31487674,0.31816855,0.31478795
dc7bc805-2906-57e8-ac6e-4a15442fcde8,crabs,extremely_close,5,3,2,2,0.2,0.18702544,0.23678833,0.17663889,0.18890499,0.17975125
dc7bc805-2906-57e8-ac6e-4a15442fcde8,crabs,extremely_close,5,3,3,1,0.1,0.16338322,0.23093499,0.18123591,0.16569182,0.17909427
dc7bc805-2906-57e8-ac6e-4a15442fcde8,brunch,somewhat_close,2,1,0,1,0.0833333333333333,0.30243197,0.3026591,0.31512022,0.30091482,0.31172588
dc7bc805-2906-57e8-ac6e-4a15442fcde8,brunch,somewhat_close,2,1,1,2,0.1666666666666666,0.29379916,0.21859324,0.28702608,0.29257798,0.28772363
dc7bc805-2906-57e8-ac6e-4a15442fcde8,brunch,somewhat_close,2,1,2,6,0.5,0.22932231,0.23039065,0.24061216,0.23006326,0.23888367
dc7bc805-2906-57e8-ac6e-4a15442fcde8,brunch,somewhat_close,2,1,3,3,0.25,0.17444655,0.24835704,0.15724157,0.17644392,0.16166675
dc7bc805-2906-57e8-ac6e-4a15442fcde8,wedding,somewhat_close,15,1,0,7,0.7,0.30876625,0.29976675,0.3333098,0.30711403,0.32751745
dc7bc805-2906-57e8-ac6e-4a15442fcde8,wedding,somewhat_close,15,1,1,1,0.1,0.29898903,0.2203311,0.30216554,0.29767475,0.30098352
dc7bc805-2906-57e8-ac6e-4a15442fcde8,wedding,somewhat_close,15,1,2,1,0.1,0.23715827,0.23514688,0.23644876,0.23775323,0.23714605
dc7bc805-2906-57e8-ac6e-4a15442fcde8,wedding,somewhat_close,15,1,3,1,0.1,0.15508646,0.24475528,0.12807587,0.15745798,0.134353
dc7bc805-2906-57e8-ac6e-4a15442fcde8,social,not_close,13,0,0,1,0.25,0.38478413,0.29484272,0.45282483,0.38051066,0.43652424
dc7bc805-2906-57e8-ac6e-4a15442fcde8,social,not_close,13,0,1,1,0.25,0.26153043,0.23070611,0.24479835,0.261622,0.24863854
dc7bc805-2906-57e8-ac6e-4a15442fcde8,social,not_close,13,0,2,1,0.25,0.20087723,0.25057164,0.17145851,0.20253547,0.17819941
dc7bc805-2906-57e8-ac6e-4a15442fcde8,social,not_close,13,0,3,1,0.25,0.15280823,0.22387956,0.13091831,0.15533185,0.1366378
dc7bc805-2906-57e8-ac6e-4a15442fcde8,driving,not_close,8,0,0,6,0.5,0.32080168,0.28850093,0.32237765,0.3188238,0.32171026
dc7bc805-2906-57e8-ac6e-4a15442fcde8,driving,not_close,8,0,1,2,0.1666666666666666,0.31365657,0.23262726,0.37901825,0.31193233,0.3648442
dc7bc805-2906-57e8-ac6e-4a15442fcde8,driving,not_close,8,0,2,2,0.1666666666666666,0.21734229,0.23673908,0.18294969,0.21852566,0.19041178
dc7bc805-2906-57e8-ac6e-4a15442fcde8,driving,not_close,8,0,3,2,0.1666666666666666,0.14819951,0.24213271,0.11565435,0.1507182,0.12303381
dc7bc805-2906-57e8-ac6e-4a15442fcde8,drinks,close,7,2,0,2,0.1666666666666666,0.33517203,0.25649023,0.3006383,0.33253023,0.30577487
dc7bc805-2906-57e8-ac6e-4a15442fcde8,drinks,close,7,2,1,2,0.1666666666666666,0.26757511,0.23912959,0.2817904,0.2672558,0.2787861
dc7bc805-2906-57e8-ac6e-4a15442fcde8,drinks,close,7,2,2,2,0.1666666666666666,0.22562149,0.24335633,0.23456235,0.22650158,0.23337154
dc7bc805-2906-57e8-ac6e-4a15442fcde8,drinks,close,7,2,3,6,0.5,0.17163132,0.26102385,0.18300895,0.17371236,0.18206751
dc7bc805-2906-57e8-ac6e-4a15442fcde8,soup,close,14,2,0,5,0.4545454545454545,0.33818597,0.3010139,0.3503503,0.33563444,0.34637958
dc7bc805-2906-57e8-ac6e-4a15442fcde8,soup,close,14,2,1,2,0.1818181818181818,0.31507322,0.22628844,0.3096027,0.31335708,0.30970412
dc7bc805-2906-57e8-ac6e-4a15442fcde8,soup,close,14,2,2,2,0.1818181818181818,0.18950173,0.22069465,0.19093937,0.19134966,0.19181013
dc7bc805-2906-57e8-ac6e-4a15442fcde8,soup,close,14,2,3,2,0.1818181818181818,0.15723914,0.25200298,0.14910766,0.15965882,0.15210615
dc7bc805-2906-57e8-ac6e-4a15442fcde8,dip,extremely_close,6,3,0,5,0.3333333333333333,0.33769047,0.26539132,0.3300849,0.33498037,0.3299841
dc7bc805-2906-57e8-ac6e-4a15442fcde8,dip,extremely_close,6,3,1,6,0.4,0.2704545,0.25054428,0.27360496,0.27006677,0.27276102
dc7bc805-2906-57e8-ac6e-4a15442fcde8,dip,extremely_close,6,3,2,2,0.1333333333333333,0.2244097,0.25625244,0.23491126,0.22533904,0.23339608
dc7bc805-2906-57e8-ac6e-4a15442fcde8,dip,extremely_close,6,3,3,2,0.1333333333333333,0.16744532,0.22781193,0.16139889,0.16961384,0.1638588
dc7bc805-2906-57e8-ac6e-4a15442fcde8,gala,extremely_close,10,3,0,5,0.4545454545454545,0.36258376,0.29305857,0.27085638,0.35897562,0.28588986
dc7bc805-2906-57e8-ac6e-4a15442fcde8,gala,extremely_close,10,3,1,2,0.1818181818181818,0.24803236,0.2547296,0.27790543,0.2483613,0.27260363
dc7bc805-2906-57e8-ac6e-4a15442fcde8,gala,extremely_close,10,3,2,2,0.1818181818181818,0.21528816,0.24108168,0.25729015,0.2164861,0.2498217
dc7bc805-2906-57e8-ac6e-4a15442fcde8,gala,extremely_close,10,3,3,2,0.1818181818181818,0.17409568,0.21113022,0.19394808,0.17617695,0.19168487
dc7bc805-2906-57e8-ac6e-4a15442fcde8,oysters,close,12,2,0,7,0.4666666666666667,0.3400336,0.31127194,0.3257782,0.3373747,0.3269814
dc7bc805-2906-57e8-ac6e-4a15442fcde8,oysters,close,12,2,1,1,0.0666666666666666,0.30284005,0.21870834,0.30453157,0.3015121,0.30337986
dc7bc805-2906-57e8-ac6e-4a15442fcde8,oysters,close,12,2,2,5,0.3333333333333333,0.20254946,0.2491106,0.20594548,0.20409547,0.20621069
dc7bc805-2906-57e8-ac6e-4a15442fcde8,oysters,close,12,2,3,2,0.1333333333333333,0.15457693,0.22090909,0.16374475,0.1570177,0.1634281
dc7bc805-2906-57e8-ac6e-4a15442fcde8,birthday,somewhat_close,1,1,0,7,0.7,0.32165617,0.28021994,0.31222877,0.3196522,0.31307483
dc7bc805-2906-57e8-ac6e-4a15442fcde8,birthday,somewhat_close,1,1,1,1,0.1,0.31348172,0.22091691,0.33197084,0.311768,0.32734334
dc7bc805-2906-57e8-ac6e-4a15442fcde8,birthday,somewhat_close,1,1,2,1,0.1,0.21722111,0.24974371,0.2297937,0.21841055,0.22814302
dc7bc805-2906-57e8-ac6e-4a15442fcde8,birthday,somewhat_close,1,1,3,1,0.1,0.14764105,0.24911939,0.12600674,0.15016927,0.13143879
dc7bc805-2906-57e8-ac6e-4a15442fcde8,cooking,somewhat_close,4,1,0,6,0.5,0.32508844,0.28153455,0.3038481,0.32288563,0.30680162
dc7bc805-2906-57e8-ac6e-4a15442fcde8,cooking,somewhat_close,4,1,1,2,0.1666666666666666,0.30092797,0.22757895,0.3294611,0.2995782,0.32287404
dc7bc805-2906-57e8-ac6e-4a15442fcde8,cooking,somewhat_close,4,1,2,2,0.1666666666666666,0.21122348,0.2310226,0.2139687,0.21250805,0.21430032
dc7bc805-2906-57e8-ac6e-4a15442fcde8,cooking,somewhat_close,4,1,3,2,0.1666666666666666,0.16276015,0.2598639,0.15272212,0.1650281,0.15602408
dc7bc805-2906-57e8-ac6e-4a15442fcde8,hike,not_close,11,0,0,3,0.2307692307692307,0.33404678,0.30082837,0.37751567,0.33169934,0.36750683
dc7bc805-2906-57e8-ac6e-4a15442fcde8,hike,not_close,11,0,1,6,0.4615384615384615,0.32451156,0.21243119,0.33200538,0.32250962,0.3297955
dc7bc805-2906-57e8-ac6e-4a15442fcde8,hike,not_close,11,0,2,2,0.1538461538461538,0.19580749,0.25311163,0.16379511,0.19755435,0.1708626
dc7bc805-2906-57e8-ac6e-4a15442fcde8,hike,not_close,11,0,3,2,0.1538461538461538,0.14563413,0.23362878,0.12668388,0.14823666,0.13183501
dc7bc805-2906-57e8-ac6e-4a15442fcde8,fair,extremely_close,9,3,0,1,0.25,0.32837287,0.2946545,0.32941785,0.32618845,0.32789174
dc7bc805-2906-57e8-ac6e-4a15442fcde8,fair,extremely_close,9,3,1,1,0.25,0.32105917,0.21227996,0.31025007,0.31913775,0.3112323
dc7bc805-2906-57e8-ac6e-4a15442fcde8,fair,extremely_close,9,3,2,1,0.25,0.20461664,0.2554765,0.19988796,0.20614377,0.2017246
dc7bc805-2906-57e8-ac6e-4a15442fcde8,fair,extremely_close,9,3,3,1,0.25,0.14595127,0.23758905,0.1604442,0.14853,0.1591514
dc7bc805-2906-57e8-ac6e-4a15442fcde8,conference,close,3,2,0,2,0.1818181818181818,0.33627447,0.28567946,0.32390398,0.33383918,0.32497996
dc7bc805-2906-57e8-ac6e-4a15442fcde8,conference,close,3,2,1,7,0.6363636363636364,0.32249793,0.2440027,0.31270492,0.32056218,0.31356868
dc7bc805-2906-57e8-ac6e-4a15442fcde8,conference,close,3,2,2,1,0.0909090909090909,0.19272308,0.2495618,0.22254248,0.19453102,0.21759544
dc7bc805-2906-57e8-ac6e-4a15442fcde8,conference,close,3,2,3,1,0.0909090909090909,0.14850451,0.22075598,0.1408486,0.15106763,0.14385588
dc7bc805-2906-57e8-ac6e-4a15442fcde8,basketball,not_close,0,0,0,1,0.1111111111111111,0.3173009,0.27931517,0.40210518,0.3154185,0.38488865
dc7bc805-2906-57e8-ac6e-4a15442fcde8,basketball,not_close,0,0,1,6,0.6666666666666666,0.31123364,0.2196531,0.34911686,0.3095655,0.34244534
dc7bc805-2906-57e8-ac6e-4a15442fcde8,basketball,not_close,0,0,2,1,0.1111111111111111,0.22057617,0.24769424,0.14574708,0.22165884,0.15971808
dc7bc805-2906-57e8-ac6e-4a15442fcde8,basketball,not_close,0,0,3,1,0.1111111111111111,0.15088934,0.25333744,0.10303085,0.15335715,0.11294795
04aef6be-48e0-5c2f-b0df-a6d3e14b6cab,dip,somewhat_close,6,1,0,7,0.35,0.33769047,0.26539132,0.36435014,0.33498037,0.3577161
04aef6be-48e0-5c2f-b0df-a6d3e14b6cab,dip,somewhat_close,6,1,1,6,0.3,0.2704545,0.25054428,0.28163436,0.27006677,0.27957094
04aef6be-48e0-5c2f-b0df-a6d3e14b6cab,dip,somewhat_close,6,1,2,6,0.3,0.2244097,0.25625244,0.22864093,0.22533904,0.2287165
04aef6be-48e0-5c2f-b0df-a6d3e14b6cab,dip,somewhat_close,6,1,3,1,0.05,0.16744532,0.22781193,0.12537463,0.16961384,0.1339964
04aef6be-48e0-5c2f-b0df-a6d3e14b6cab,basketball,extremely_close,0,3,0,3,0.1428571428571428,0.3173009,0.27931517,0.3131195,0.3154185,0.3128357
04aef6be-48e0-5c2f-b0df-a6d3e14b6cab,basketball,extremely_close,0,3,1,7,0.3333333333333333,0.31123364,0.2196531,0.3208935,0.3095655,0.31794766
04aef6be-48e0-5c2f-b0df-a6d3e14b6cab,basketball,extremely_close,0,3,2,6,0.2857142857142857,0.22057617,0.24769424,0.21410309,0.22165884,0.21602215
04aef6be-48e0-5c2f-b0df-a6d3e14b6cab,basketball,extremely_close,0,3,3,5,0.238095238095238,0.15088934,0.25333744,0.15188394,0.15335715,0.15319455
04aef6be-48e0-5c2f-b0df-a6d3e14b6cab,brunch,not_close,2,0,0,4,0.2857142857142857,0.30243197,0.3026591,0.35060638,0.30091482,0.34033895
04aef6be-48e0-5c2f-b0df-a6d3e14b6cab,brunch,not_close,2,0,1,5,0.3571428571428571,0.29379916,0.21859324,0.3063659,0.29257798,0.30384555
04aef6be-48e0-5c2f-b0df-a6d3e14b6cab,brunch,not_close,2,0,2,3,0.2142857142857142,0.22932231,0.23039065,0.22114328,0.23006326,0.22373937
04aef6be-48e0-5c2f-b0df-a6d3e14b6cab,brunch,not_close,2,0,3,2,0.1428571428571428,0.17444655,0.24835704,0.121884465,0.17644392,0.13207617
04aef6be-48e0-5c2f-b0df-a6d3e14b6cab,soup,extremely_close,14,3,0,6,0.3,0.33818597,0.3010139,0.31913835,0.33563444,0.32138214
04aef6be-48e0-5c2f-b0df-a6d3e14b6cab,soup,extremely_close,14,3,1,6,0.3,0.31507322,0.22628844,0.29832476,0.31335708,0.30060738
04aef6be-48e0-5c2f-b0df-a6d3e14b6cab,soup,extremely_close,14,3,2,5,0.25,0.18950173,0.22069465,0.210552,0.19134966,0.20745501
04aef6be-48e0-5c2f-b0df-a6d3e14b6cab,soup,extremely_close,14,3,3,3,0.15,0.15723914,0.25200298,0.17198491,0.15965882,0.17055549
04aef6be-48e0-5c2f-b0df-a6d3e14b6cab,conference,not_close,3,0,0,6,0.4615384615384615,0.33627447,0.28567946,0.33324155,0.33383918,0.33397454
04aef6be-48e0-5c2f-b0df-a6d3e14b6cab,conference,not_close,3,0,1,5,0.3846153846153846,0.32249793,0.2440027,0.41457385,0.32056218,0.3949526
04aef6be-48e0-5c2f-b0df-a6d3e14b6cab,conference,not_close,3,0,2,1,0.0769230769230769,0.19272308,0.2495618,0.14458562,0.19453102,0.15464573
04aef6be-48e0-5c2f-b0df-a6d3e14b6cab,conference,not_close,3,0,3,1,0.0769230769230769,0.14850451,0.22075598,0.10759906,0.15106763,0.11642715
04aef6be-48e0-5c2f-b0df-a6d3e14b6cab,driving,somewhat_close,8,1,0,5,0.3125,0.32080168,0.28850093,0.31517804,0.3188238,0.3153335
04aef6be-48e0-5c2f-b0df-a6d3e14b6cab,driving,somewhat_close,8,1,1,6,0.375,0.31365657,0.23262726,0.34766352,0.31193233,0.33977747
04aef6be-48e0-5c2f-b0df-a6d3e14b6cab,driving,somewhat_close,8,1,2,3,0.1875,0.21734229,0.23673908,0.20519517,0.21852566,0.20837864
04aef6be-48e0-5c2f-b0df-a6d3e14b6cab,driving,somewhat_close,8,1,3,2,0.125,0.14819951,0.24213271,0.13196324,0.1507182,0.13651037
04aef6be-48e0-5c2f-b0df-a6d3e14b6cab,oysters,close,12,2,0,3,0.1666666666666666,0.3400336,0.31127194,0.3257782,0.3373747,0.3269814
04aef6be-48e0-5c2f-b0df-a6d3e14b6cab,oysters,close,12,2,1,7,0.3888888888888889,0.30284005,0.21870834,0.30453157,0.3015121,0.30337986
04aef6be-48e0-5c2f-b0df-a6d3e14b6cab,oysters,close,12,2,2,5,0.2777777777777778,0.20254946,0.2491106,0.20594548,0.20409547,0.20621069
04aef6be-48e0-5c2f-b0df-a6d3e14b6cab,oysters,close,12,2,3,3,0.1666666666666666,0.15457693,0.22090909,0.16374475,0.1570177,0.1634281
04aef6be-48e0-5c2f-b0df-a6d3e14b6cab,social,extremely_close,13,3,0,5,0.4545454545454545,0.38478413,0.29484272,0.35028762,0.38051066,0.35454354
04aef6be-48e0-5c2f-b0df-a6d3e14b6cab,social,extremely_close,13,3,1,2,0.1818181818181818,0.26153043,0.23070611,0.26098487,0.261622,0.26121816
04aef6be-48e0-5c2f-b0df-a6d3e14b6cab,social,extremely_close,13,3,2,3,0.2727272727272727,0.20087723,0.25057164,0.23086676,0.20253547,0.22578412
04aef6be-48e0-5c2f-b0df-a6d3e14b6cab,social,extremely_close,13,3,3,1,0.0909090909090909,0.15280823,0.22387956,0.15786076,0.15533185,0.15845421
04aef6be-48e0-5c2f-b0df-a6d3e14b6cab,crabs,somewhat_close,5,1,0,3,0.1764705882352941,0.32949838,0.29960105,0.36052796,0.3272346,0.35396707
04aef6be-48e0-5c2f-b0df-a6d3e14b6cab,crabs,somewhat_close,5,1,1,7,0.4117647058823529,0.32009298,0.23267563,0.37403747,0.31816855,0.36267853
04aef6be-48e0-5c2f-b0df-a6d3e14b6cab,crabs,somewhat_close,5,1,2,5,0.2941176470588235,0.18702544,0.23678833,0.13190359,0.18890499,0.14269985
04aef6be-48e0-5c2f-b0df-a6d3e14b6cab,crabs,somewhat_close,5,1,3,2,0.1176470588235294,0.16338322,0.23093499,0.13353097,0.16569182,0.14065453
04aef6be-48e0-5c2f-b0df-a6d3e14b6cab,fair,close,9,2,0,2,0.125,0.32837287,0.2946545,0.34993604,0.32618845,0.3445345
04aef6be-48e0-5c2f-b0df-a6d3e14b6cab,fair,close,9,2,1,7,0.4375,0.32105917,0.21227996,0.34182274,0.31913775,0.33674547
04aef6be-48e0-5c2f-b0df-a6d3e14b6cab,fair,close,9,2,2,5,0.3125,0.20461664,0.2554765,0.18358052,0.20614377,0.18860486
04aef6be-48e0-5c2f-b0df-a6d3e14b6cab,fair,close,9,2,3,2,0.125,0.14595127,0.23758905,0.12466064,0.14853,0.13011518
04aef6be-48e0-5c2f-b0df-a6d3e14b6cab,birthday,not_close,1,0,0,7,0.6363636363636364,0.32165617,0.28021994,0.37109387,0.3196522,0.36021808
04aef6be-48e0-5c2f-b0df-a6d3e14b6cab,birthday,not_close,1,0,1,2,0.1818181818181818,0.31348172,0.22091691,0.33231905,0.311768,0.32817322
04aef6be-48e0-5c2f-b0df-a6d3e14b6cab,birthday,not_close,1,0,2,1,0.0909090909090909,0.21722111,0.24974371,0.17350394,0.21841055,0.18240416
04aef6be-48e0-5c2f-b0df-a6d3e14b6cab,birthday,not_close,1,0,3,1,0.0909090909090909,0.14764105,0.24911939,0.12308306,0.15016927,0.12920454
04aef6be-48e0-5c2f-b0df-a6d3e14b6cab,gala,close,10,2,0,5,0.1923076923076923,0.36258376,0.29305857,0.3041355,0.35897562,0.31327608
04aef6be-48e0-5c2f-b0df-a6d3e14b6cab,gala,close,10,2,1,7,0.2692307692307692,0.24803236,0.2547296,0.2767334,0.2483613,0.2712739
04aef6be-48e0-5c2f-b0df-a6d3e14b6cab,gala,close,10,2,2,7,0.2692307692307692,0.21528816,0.24108168,0.24181442,0.2164861,0.23733611
04aef6be-48e0-5c2f-b0df-a6d3e14b6cab,gala,close,10,2,3,7,0.2692307692307692,0.17409568,0.21113022,0.17731674,0.17617695,0.17811388
04aef6be-48e0-5c2f-b0df-a6d3e14b6cab,hike,close,11,2,0,7,0.5384615384615384,0.33404678,0.30082837,0.31649798,0.33169934,0.31855774
04aef6be-48e0-5c2f-b0df-a6d3e14b6cab,hike,close,11,2,1,3,0.2307692307692307,0.32451156,0.21243119,0.31296036,0.32250962,0.31405988
04aef6be-48e0-5c2f-b0df-a6d3e14b6cab,hike,close,11,2,2,2,0.1538461538461538,0.19580749,0.25311163,0.20188613,0.19755435,0.20176907
04aef6be-48e0-5c2f-b0df-a6d3e14b6cab,hike,close,11,2,3,1,0.0769230769230769,0.14563413,0.23362878,0.16865557,0.14823666,0.16561331
04aef6be-48e0-5c2f-b0df-a6d3e14b6cab,drinks,somewhat_close,7,1,0,6,0.5,0.33517203,0.25649023,0.35535023,0.33253023,0.35018
04aef6be-48e0-5c2f-b0df-a6d3e14b6cab,drinks,somewhat_close,7,1,1,3,0.25,0.26757511,0.23912959,0.3067269,0.2672558,0.29884645
04aef6be-48e0-5c2f-b0df-a6d3e14b6cab,drinks,somewhat_close,7,1,2,2,0.1666666666666666,0.22562149,0.24335633,0.19969311,0.22650158,0.20539983
04aef6be-48e0-5c2f-b0df-a6d3e14b6cab,drinks,somewhat_close,7,1,3,1,0.0833333333333333,0.17163132,0.26102385,0.13822965,0.17371236,0.14557375
04aef6be-48e0-5c2f-b0df-a6d3e14b6cab,wedding,extremely_close,15,3,0,2,0.1052631578947368,0.30876625,0.29976675,0.29720375,0.30711403,0.2985504
04aef6be-48e0-5c2f-b0df-a6d3e14b6cab,wedding,extremely_close,15,3,1,5,0.2631578947368421,0.29898903,0.2203311,0.27952927,0.29767475,0.2825817
04aef6be-48e0-5c2f-b0df-a6d3e14b6cab,wedding,extremely_close,15,3,2,7,0.3684210526315789,0.23715827,0.23514688,0.2412807,0.23775323,0.24087891
04aef6be-48e0-5c2f-b0df-a6d3e14b6cab,wedding,extremely_close,15,3,3,5,0.2631578947368421,0.15508646,0.24475528,0.18198623,0.15745798,0.17798899
04aef6be-48e0-5c2f-b0df-a6d3e14b6cab,cooking,not_close,4,0,0,5,0.3846153846153846,0.32508844,0.28153455,0.3056378,0.32288563,0.3086708
04aef6be-48e0-5c2f-b0df-a6d3e14b6cab,cooking,not_close,4,0,1,1,0.0769230769230769,0.30092797,0.22757895,0.36421698,0.2995782,0.35040545
04aef6be-48e0-5c2f-b0df-a6d3e14b6cab,cooking,not_close,4,0,2,5,0.3846153846153846,0.21122348,0.2310226,0.18061243,0.21250805,0.1873101
04aef6be-48e0-5c2f-b0df-a6d3e14b6cab,cooking,not_close,4,0,3,2,0.1538461538461538,0.16276015,0.2598639,0.14953284,0.1650281,0.15361361
43679822-97ff-566a-895d-f37691331bc2,brunch,not_close,2,0,0,5,0.5,0.30243197,0.3026591,0.35060638,0.30091482,0.34033895
43679822-97ff-566a-895d-f37691331bc2,brunch,not_close,2,0,1,2,0.2,0.29379916,0.21859324,0.3063659,0.29257798,0.30384555
43679822-97ff-566a-895d-f37691331bc2,brunch,not_close,2,0,2,2,0.2,0.22932231,0.23039065,0.22114328,0.23006326,0.22373937
43679822-97ff-566a-895d-f37691331bc2,brunch,not_close,2,0,3,1,0.1,0.17444655,0.24835704,0.121884465,0.17644392,0.13207617
43679822-97ff-566a-895d-f37691331bc2,social,not_close,13,0,0,5,0.625,0.38478413,0.29484272,0.45282483,0.38051066,0.43652424
43679822-97ff-566a-895d-f37691331bc2,social,not_close,13,0,1,1,0.125,0.26153043,0.23070611,0.24479835,0.261622,0.24863854
43679822-97ff-566a-895d-f37691331bc2,social,not_close,13,0,2,1,0.125,0.20087723,0.25057164,0.17145851,0.20253547,0.17819941
43679822-97ff-566a-895d-f37691331bc2,social,not_close,13,0,3,1,0.125,0.15280823,0.22387956,0.13091831,0.15533185,0.1366378
43679822-97ff-566a-895d-f37691331bc2,basketball,somewhat_close,0,1,0,6,0.6,0.3173009,0.27931517,0.3148467,0.3154185,0.31423575
43679822-97ff-566a-895d-f37691331bc2,basketball,somewhat_close,0,1,1,2,0.2,0.31123364,0.2196531,0.32266358,0.3095655,0.31937057
43679822-97ff-566a-895d-f37691331bc2,basketball,somewhat_close,0,1,2,1,0.1,0.22057617,0.24769424,0.21528408,0.22165884,0.21698892
43679822-97ff-566a-895d-f37691331bc2,basketball,somewhat_close,0,1,3,1,0.1,0.15088934,0.25333744,0.14720571,0.15335715,0.1494048
43679822-97ff-566a-895d-f37691331bc2,crabs,not_close,5,0,0,3,0.3,0.32949838,0.29960105,0.33250704,0.3272346,0.33146152
43679822-97ff-566a-895d-f37691331bc2,crabs,not_close,5,0,1,5,0.5,0.32009298,0.23267563,0.38626826,0.31816855,0.37187403
43679822-97ff-566a-895d-f37691331bc2,crabs,not_close,5,0,2,1,0.1,0.18702544,0.23678833,0.15252548,0.18890499,0.16021432
43679822-97ff-566a-895d-f37691331bc2,crabs,not_close,5,0,3,1,0.1,0.16338322,0.23093499,0.12869921,0.16569182,0.13645016
43679822-97ff-566a-895d-f37691331bc2,conference,extremely_close,3,3,0,5,0.2941176470588235,0.33627447,0.28567946,0.31225505,0.33383918,0.31567898
43679822-97ff-566a-895d-f37691331bc2,conference,extremely_close,3,3,1,6,0.3529411764705882,0.32249793,0.2440027,0.29103574,0.32056218,0.29611537
43679822-97ff-566a-895d-f37691331bc2,conference,extremely_close,3,3,2,5,0.2941176470588235,0.19272308,0.2495618,0.23289657,0.19453102,0.22576019
43679822-97ff-566a-895d-f37691331bc2,conference,extremely_close,3,3,3,1,0.0588235294117647,0.14850451,0.22075598,0.16381264,0.15106763,0.16244544
43679822-97ff-566a-895d-f37691331bc2,driving,close,8,2,0,6,0.3333333333333333,0.32080168,0.28850093,0.30510676,0.3188238,0.30702308
43679822-97ff-566a-895d-f37691331bc2,driving,close,8,2,1,5,0.2777777777777778,0.31365657,0.23262726,0.3255142,0.31193233,0.32208744
43679822-97ff-566a-895d-f37691331bc2,driving,close,8,2,2,4,0.2222222222222222,0.21734229,0.23673908,0.21140538,0.21852566,0.21328457
43679822-97ff-566a-895d-f37691331bc2,driving,close,8,2,3,3,0.1666666666666666,0.14819951,0.24213271,0.15797366,0.1507182,0.1576049
43679822-97ff-566a-895d-f37691331bc2,soup,extremely_close,14,3,0,6,0.5,0.33818597,0.3010139,0.31913835,0.33563444,0.32138214
43679822-97ff-566a-895d-f37691331bc2,soup,extremely_close,14,3,1,3,0.25,0.31507322,0.22628844,0.29832476,0.31335708,0.30060738
43679822-97ff-566a-895d-f37691331bc2,soup,extremely_close,14,3,2,2,0.1666666666666666,0.18950173,0.22069465,0.210552,0.19134966,0.20745501
43679822-97ff-566a-895d-f37691331bc2,soup,extremely_close,14,3,3,1,0.0833333333333333,0.15723914,0.25200298,0.17198491,0.15965882,0.17055549
43679822-97ff-566a-895d-f37691331bc2,wedding,close,15,2,0,5,0.3846153846153846,0.30876625,0.29976675,0.30674273,0.30711403,0.3061728
43679822-97ff-566a-895d-f37691331bc2,wedding,close,15,2,1,5,0.3846153846153846,0.29898903,0.2203311,0.27808088,0.29767475,0.2813681
43679822-97ff-566a-895d-f37691331bc2,wedding,close,15,2,2,2,0.1538461538461538,0.23715827,0.23514688,0.2490248,0.23775323,0.24702889
43679822-97ff-566a-895d-f37691331bc2,wedding,close,15,2,3,1,0.0769230769230769,0.15508646,0.24475528,0.1661516,0.15745798,0.16543032
43679822-97ff-566a-895d-f37691331bc2,dip,not_close,6,0,0,3,0.375,0.33769047,0.26539132,0.4222383,0.33498037,0.40336716
43679822-97ff-566a-895d-f37691331bc2,dip,not_close,6,0,1,2,0.25,0.2704545,0.25054428,0.24091707,0.27006677,0.24709393
43679822-97ff-566a-895d-f37691331bc2,dip,not_close,6,0,2,2,0.25,0.2244097,0.25625244,0.20938475,0.22533904,0.2135127
43679822-97ff-566a-895d-f37691331bc2,dip,not_close,6,0,3,1,0.125,0.16744532,0.22781193,0.12745976,0.16961384,0.13602626
43679822-97ff-566a-895d-f37691331bc2,cooking,extremely_close,4,3,0,1,0.0555555555555555,0.32508844,0.28153455,0.26053262,0.32288563,0.27141792
43679822-97ff-566a-895d-f37691331bc2,cooking,extremely_close,4,3,1,7,0.3888888888888889,0.30092797,0.22757895,0.31298968,0.2995782,0.31012288
43679822-97ff-566a-895d-f37691331bc2,cooking,extremely_close,4,3,2,5,0.2777777777777778,0.21122348,0.2310226,0.23388302,0.21250805,0.23035794
43679822-97ff-566a-895d-f37691331bc2,cooking,extremely_close,4,3,3,5,0.2777777777777778,0.16276015,0.2598639,0.19259474,0.1650281,0.18810125
43679822-97ff-566a-895d-f37691331bc2,birthday,extremely_close,1,3,0,6,0.2857142857142857,0.32165617,0.28021994,0.29297653,0.3196522,0.2974144
43679822-97ff-566a-895d-f37691331bc2,birthday,extremely_close,1,3,1,7,0.3333333333333333,0.31348172,0.22091691,0.2967644,0.311768,0.2991094
43679822-97ff-566a-895d-f37691331bc2,birthday,extremely_close,1,3,2,5,0.238095238095238,0.21722111,0.24974371,0.24162844,0.21841055,0.2374631
43679822-97ff-566a-895d-f37691331bc2,birthday,extremely_close,1,3,3,3,0.1428571428571428,0.14764105,0.24911939,0.16863064,0.15016927,0.16601305
43679822-97ff-566a-895d-f37691331bc2,drinks,somewhat_close,7,1,0,5,0.3333333333333333,0.33517203,0.25649023,0.35535023,0.33253023,0.35018
43679822-97ff-566a-895d-f37691331bc2,drinks,somewhat_close,7,1,1,5,0.3333333333333333,0.26757511,0.23912959,0.3067269,0.2672558,0.29884645
43679822-97ff-566a-895d-f37691331bc2,drinks,somewhat_close,7,1,2,2,0.1333333333333333,0.22562149,0.24335633,0.19969311,0.22650158,0.20539983
43679822-97ff-566a-895d-f37691331bc2,drinks,somewhat_close,7,1,3,3,0.2,0.17163132,0.26102385,0.13822965,0.17371236,0.14557375
43679822-97ff-566a-895d-f37691331bc2,gala,somewhat_close,10,1,0,5,0.25,0.36258376,0.29305857,0.32763717,0.35897562,0.33230746
43679822-97ff-566a-895d-f37691331bc2,gala,somewhat_close,10,1,1,5,0.25,0.24803236,0.2547296,0.2531211,0.2483613,0.25235286
43679822-97ff-566a-895d-f37691331bc2,gala,somewhat_close,10,1,2,5,0.25,0.21528816,0.24108168,0.2304504,0.2164861,0.2281751
43679822-97ff-566a-895d-f37691331bc2,gala,somewhat_close,10,1,3,5,0.25,0.17409568,0.21113022,0.18879129,0.17617695,0.18716459
43679822-97ff-566a-895d-f37691331bc2,hike,close,11,2,0,4,0.2857142857142857,0.33404678,0.30082837,0.31649798,0.33169934,0.31855774
43679822-97ff-566a-895d-f37691331bc2,hike,close,11,2,1,6,0.4285714285714285,0.32451156,0.21243119,0.31296036,0.32250962,0.31405988
43679822-97ff-566a-895d-f37691331bc2,hike,close,11,2,2,3,0.2142857142857142,0.19580749,0.25311163,0.20188613,0.19755435,0.20176907
43679822-97ff-566a-895d-f37691331bc2,hike,close,11,2,3,1,0.0714285714285714,0.14563413,0.23362878,0.16865557,0.14823666,0.16561331
43679822-97ff-566a-895d-f37691331bc2,fair,somewhat_close,9,1,0,5,0.3846153846153846,0.32837287,0.2946545,0.29791787,0.32618845,0.30253178
43679822-97ff-566a-895d-f37691331bc2,fair,somewhat_close,9,1,1,5,0.3846153846153846,0.32105917,0.21227996,0.32904878,0.31913775,0.32632118
43679822-97ff-566a-895d-f37691331bc2,fair,somewhat_close,9,1,2,2,0.1538461538461538,0.20461664,0.2554765,0.2179913,0.20614377,0.21628724
43679822-97ff-566a-895d-f37691331bc2,fair,somewhat_close,9,1,3,1,0.0769230769230769,0.14595127,0.23758905,0.15504195,0.14853,0.15485977
43679822-97ff-566a-895d-f37691331bc2,oysters,close,12,2,0,6,0.5454545454545454,0.3400336,0.31127194,0.3257782,0.3373747,0.3269814
43679822-97ff-566a-895d-f37691331bc2,oysters,close,12,2,1,2,0.1818181818181818,0.30284005,0.21870834,0.30453157,0.3015121,0.30337986
43679822-97ff-566a-895d-f37691331bc2,oysters,close,12,2,2,2,0.1818181818181818,0.20254946,0.2491106,0.20594548,0.20409547,0.20621069
43679822-97ff-566a-895d-f37691331bc2,oysters,close,12,2,3,1,0.0909090909090909,0.15457693,0.22090909,0.16374475,0.1570177,0.1634281
12c03e70-66bc-5bde-8cc5-7c26efc67f18,social,not_close,13,0,0,5,0.625,0.38478413,0.29484272,0.45282483,0.38051066,0.43652424
12c03e70-66bc-5bde-8cc5-7c26efc67f18,social,not_close,13,0,1,1,0.125,0.26153043,0.23070611,0.24479835,0.261622,0.24863854
12c03e70-66bc-5bde-8cc5-7c26efc67f18,social,not_close,13,0,2,1,0.125,0.20087723,0.25057164,0.17145851,0.20253547,0.17819941
12c03e70-66bc-5bde-8cc5-7c26efc67f18,social,not_close,13,0,3,1,0.125,0.15280823,0.22387956,0.13091831,0.15533185,0.1366378
12c03e70-66bc-5bde-8cc5-7c26efc67f18,hike,extremely_close,11,3,0,6,0.2727272727272727,0.33404678,0.30082837,0.33788186,0.33169934,0.33572078
12c03e70-66bc-5bde-8cc5-7c26efc67f18,hike,extremely_close,11,3,1,6,0.2727272727272727,0.32451156,0.21243119,0.2973505,0.32250962,0.3014346
12c03e70-66bc-5bde-8cc5-7c26efc67f18,hike,extremely_close,11,3,2,5,0.2272727272727272,0.19580749,0.25311163,0.20556362,0.19755435,0.2047168
12c03e70-66bc-5bde-8cc5-7c26efc67f18,hike,extremely_close,11,3,3,5,0.2272727272727272,0.14563413,0.23362878,0.15920395,0.14823666,0.15812786
12c03e70-66bc-5bde-8cc5-7c26efc67f18,fair,close,9,2,0,6,0.2727272727272727,0.32837287,0.2946545,0.34993604,0.32618845,0.3445345
12c03e70-66bc-5bde-8cc5-7c26efc67f18,fair,close,9,2,1,6,0.2727272727272727,0.32105917,0.21227996,0.34182274,0.31913775,0.33674547
12c03e70-66bc-5bde-8cc5-7c26efc67f18,fair,close,9,2,2,5,0.2272727272727272,0.20461664,0.2554765,0.18358052,0.20614377,0.18860486
12c03e70-66bc-5bde-8cc5-7c26efc67f18,fair,close,9,2,3,5,0.2272727272727272,0.14595127,0.23758905,0.12466064,0.14853,0.13011518
12c03e70-66bc-5bde-8cc5-7c26efc67f18,birthday,extremely_close,1,3,0,6,0.24,0.32165617,0.28021994,0.29297653,0.3196522,0.2974144
12c03e70-66bc-5bde-8cc5-7c26efc67f18,birthday,extremely_close,1,3,1,7,0.28,0.31348172,0.22091691,0.2967644,0.311768,0.2991094
12c03e70-66bc-5bde-8cc5-7c26efc67f18,birthday,extremely_close,1,3,2,6,0.24,0.21722111,0.24974371,0.24162844,0.21841055,0.2374631
12c03e70-66bc-5bde-8cc5-7c26efc67f18,birthday,extremely_close,1,3,3,6,0.24,0.14764105,0.24911939,0.16863064,0.15016927,0.16601305
12c03e70-66bc-5bde-8cc5-7c26efc67f18,oysters,not_close,12,0,0,7,0.3333333333333333,0.3400336,0.31127194,0.3653165,0.3373747,0.35897037
12c03e70-66bc-5bde-8cc5-7c26efc67f18,oysters,not_close,12,0,1,7,0.3333333333333333,0.30284005,0.21870834,0.32647744,0.3015121,0.32125935
12c03e70-66bc-5bde-8cc5-7c26efc67f18,oysters,not_close,12,0,2,5,0.238095238095238,0.20254946,0.2491106,0.18403101,0.20409547,0.1886821
12c03e70-66bc-5bde-8cc5-7c26efc67f18,oysters,not_close,12,0,3,2,0.0952380952380952,0.15457693,0.22090909,0.12417514,0.1570177,0.13108808
12c03e70-66bc-5bde-8cc5-7c26efc67f18,cooking,extremely_close,4,3,0,2,0.1111111111111111,0.32508844,0.28153455,0.26053262,0.32288563,0.27141792
12c03e70-66bc-5bde-8cc5-7c26efc67f18,cooking,extremely_close,4,3,1,6,0.3333333333333333,0.30092797,0.22757895,0.31298968,0.2995782,0.31012288
12c03e70-66bc-5bde-8cc5-7c26efc67f18,cooking,extremely_close,4,3,2,6,0.3333333333333333,0.21122348,0.2310226,0.23388302,0.21250805,0.23035794
12c03e70-66bc-5bde-8cc5-7c26efc67f18,cooking,extremely_close,4,3,3,4,0.2222222222222222,0.16276015,0.2598639,0.19259474,0.1650281,0.18810125
12c03e70-66bc-5bde-8cc5-7c26efc67f18,dip,close,6,2,0,6,0.375,0.33769047,0.26539132,0.34952283,0.33498037,0.3457275
12c03e70-66bc-5bde-8cc5-7c26efc67f18,dip,close,6,2,1,5,0.3125,0.2704545,0.25054428,0.28651547,0.27006677,0.28323793
12c03e70-66bc-5bde-8cc5-7c26efc67f18,dip,close,6,2,2,3,0.1875,0.2244097,0.25625244,0.22507222,0.22533904,0.22567739
12c03e70-66bc-5bde-8cc5-7c26efc67f18,dip,close,6,2,3,2,0.125,0.16744532,0.22781193,0.13888952,0.16961384,0.1453572
12c03e70-66bc-5bde-8cc5-7c26efc67f18,crabs,somewhat_close,5,1,0,6,0.3529411764705882,0.32949838,0.29960105,0.36052796,0.3272346,0.35396707
12c03e70-66bc-5bde-8cc5-7c26efc67f18,crabs,somewhat_close,5,1,1,5,0.2941176470588235,0.32009298,0.23267563,0.37403747,0.31816855,0.36267853
12c03e70-66bc-5bde-8cc5-7c26efc67f18,crabs,somewhat_close,5,1,2,1,0.0588235294117647,0.18702544,0.23678833,0.13190359,0.18890499,0.14269985
12c03e70-66bc-5bde-8cc5-7c26efc67f18,crabs,somewhat_close,5,1,3,5,0.2941176470588235,0.16338322,0.23093499,0.13353097,0.16569182,0.14065453
12c03e70-66bc-5bde-8cc5-7c26efc67f18,driving,somewhat_close,8,1,0,5,0.3125,0.32080168,0.28850093,0.31517804,0.3188238,0.3153335
12c03e70-66bc-5bde-8cc5-7c26efc67f18,driving,somewhat_close,8,1,1,5,0.3125,0.31365657,0.23262726,0.34766352,0.31193233,0.33977747
12c03e70-66bc-5bde-8cc5-7c26efc67f18,driving,somewhat_close,8,1,2,5,0.3125,0.21734229,0.23673908,0.20519517,0.21852566,0.20837864
12c03e70-66bc-5bde-8cc5-7c26efc67f18,driving,somewhat_close,8,1,3,1,0.0625,0.14819951,0.24213271,0.13196324,0.1507182,0.13651037
12c03e70-66bc-5bde-8cc5-7c26efc67f18,drinks,somewhat_close,7,1,0,5,0.3571428571428571,0.33517203,0.25649023,0.35535023,0.33253023,0.35018
12c03e70-66bc-5bde-8cc5-7c26efc67f18,drinks,somewhat_close,7,1,1,2,0.1428571428571428,0.26757511,0.23912959,0.3067269,0.2672558,0.29884645
12c03e70-66bc-5bde-8cc5-7c26efc67f18,drinks,somewhat_close,7,1,2,6,0.4285714285714285,0.22562149,0.24335633,0.19969311,0.22650158,0.20539983
12c03e70-66bc-5bde-8cc5-7c26efc67f18,drinks,somewhat_close,7,1,3,1,0.0714285714285714,0.17163132,0.26102385,0.13822965,0.17371236,0.14557375
12c03e70-66bc-5bde-8cc5-7c26efc67f18,soup,close,14,2,0,7,0.4375,0.33818597,0.3010139,0.3503503,0.33563444,0.34637958
12c03e70-66bc-5bde-8cc5-7c26efc67f18,soup,close,14,2,1,3,0.1875,0.31507322,0.22628844,0.3096027,0.31335708,0.30970412
12c03e70-66bc-5bde-8cc5-7c26efc67f18,soup,close,14,2,2,3,0.1875,0.18950173,0.22069465,0.19093937,0.19134966,0.19181013
12c03e70-66bc-5bde-8cc5-7c26efc67f18,soup,close,14,2,3,3,0.1875,0.15723914,0.25200298,0.14910766,0.15965882,0.15210615
12c03e70-66bc-5bde-8cc5-7c26efc67f18,wedding,not_close,15,0,0,7,0.7,0.30876625,0.29976675,0.35758772,0.30711403,0.34737545
12c03e70-66bc-5bde-8cc5-7c26efc67f18,wedding,not_close,15,0,1,1,0.1,0.29898903,0.2203311,0.32176432,0.29767475,0.31732672
12c03e70-66bc-5bde-8cc5-7c26efc67f18,wedding,not_close,15,0,2,1,0.1,0.23715827,0.23514688,0.22107239,0.23775323,0.2252434
12c03e70-66bc-5bde-8cc5-7c26efc67f18,wedding,not_close,15,0,3,1,0.1,0.15508646,0.24475528,0.099575475,0.15745798,0.110054396
12c03e70-66bc-5bde-8cc5-7c26efc67f18,brunch,extremely_close,2,3,0,1,0.0526315789473684,0.30243197,0.3026591,0.25437948,0.30091482,0.26270998
12c03e70-66bc-5bde-8cc5-7c26efc67f18,brunch,extremely_close,2,3,1,6,0.3157894736842105,0.29379916,0.21859324,0.28251648,0.29257798,0.28429732
12c03e70-66bc-5bde-8cc5-7c26efc67f18,brunch,extremely_close,2,3,2,6,0.3157894736842105,0.22932231,0.23039065,0.2505955,0.23006326,0.24698317
12c03e70-66bc-5bde-8cc5-7c26efc67f18,brunch,extremely_close,2,3,3,6,0.3157894736842105,0.17444655,0.24835704,0.21250848,0.17644392,0.20600952
12c03e70-66bc-5bde-8cc5-7c26efc67f18,basketball,somewhat_close,0,1,0,6,0.3333333333333333,0.3173009,0.27931517,0.3148467,0.3154185,0.31423575
12c03e70-66bc-5bde-8cc5-7c26efc67f18,basketball,somewhat_close,0,1,1,6,0.3333333333333333,0.31123364,0.2196531,0.32266358,0.3095655,0.31937057
12c03e70-66bc-5bde-8cc5-7c26efc67f18,basketball,somewhat_close,0,1,2,5,0.2777777777777778,0.22057617,0.24769424,0.21528408,0.22165884,0.21698892
12c03e70-66bc-5bde-8cc5-7c26efc67f18,basketball,somewhat_close,0,1,3,1,0.0555555555555555,0.15088934,0.25333744,0.14720571,0.15335715,0.1494048
12c03e70-66bc-5bde-8cc5-7c26efc67f18,conference,close,3,2,0,7,0.4666666666666667,0.33627447,0.28567946,0.32390398,0.33383918,0.32497996
12c03e70-66bc-5bde-8cc5-7c26efc67f18,conference,close,3,2,1,6,0.4,0.32249793,0.2440027,0.31270492,0.32056218,0.31356868
12c03e70-66bc-5bde-8cc5-7c26efc67f18,conference,close,3,2,2,1,0.0666666666666666,0.19272308,0.2495618,0.22254248,0.19453102,0.21759544
12c03e70-66bc-5bde-8cc5-7c26efc67f18,conference,close,3,2,3,1,0.0666666666666666,0.14850451,0.22075598,0.1408486,0.15106763,0.14385588
12c03e70-66bc-5bde-8cc5-7c26efc67f18,gala,not_close,10,0,0,7,0.7,0.36258376,0.29305857,0.39073783,0.35897562,0.38308117
12c03e70-66bc-5bde-8cc5-7c26efc67f18,gala,not_close,10,0,1,1,0.1,0.24803236,0.2547296,0.25930107,0.2483613,0.25750896
12c03e70-66bc-5bde-8cc5-7c26efc67f18,gala,not_close,10,0,2,1,0.1,0.21528816,0.24108168,0.20672406,0.2164861,0.20930924
12c03e70-66bc-5bde-8cc5-7c26efc67f18,gala,not_close,10,0,3,1,0.1,0.17409568,0.21113022,0.143237,0.17617695,0.15010062
11382ed8-527b-5112-93b6-a8396693e9e0,soup,not_close,14,0,0,7,0.7,0.33818597,0.3010139,0.3825187,0.33563444,0.37256363
11382ed8-527b-5112-93b6-a8396693e9e0,soup,not_close,14,0,1,1,0.1,0.31507322,0.22628844,0.33879057,0.31335708,0.33371714
11382ed8-527b-5112-93b6-a8396693e9e0,soup,not_close,14,0,2,1,0.1,0.18950173,0.22069465,0.16353203,0.19134966,0.16979322
11382ed8-527b-5112-93b6-a8396693e9e0,soup,not_close,14,0,3,1,0.1,0.15723914,0.25200298,0.11515866,0.15965882,0.12392601
11382ed8-527b-5112-93b6-a8396693e9e0,birthday,extremely_close,1,3,0,6,0.5,0.32165617,0.28021994,0.29297653,0.3196522,0.2974144
11382ed8-527b-5112-93b6-a8396693e9e0,birthday,extremely_close,1,3,1,3,0.25,0.31348172,0.22091691,0.2967644,0.311768,0.2991094
11382ed8-527b-5112-93b6-a8396693e9e0,birthday,extremely_close,1,3,2,2,0.1666666666666666,0.21722111,0.24974371,0.24162844,0.21841055,0.2374631
11382ed8-527b-5112-93b6-a8396693e9e0,birthday,extremely_close,1,3,3,1,0.0833333333333333,0.14764105,0.24911939,0.16863064,0.15016927,0.16601305
11382ed8-527b-5112-93b6-a8396693e9e0,hike,close,11,2,0,6,0.4285714285714285,0.33404678,0.30082837,0.31649798,0.33169934,0.31855774
11382ed8-527b-5112-93b6-a8396693e9e0,hike,close,11,2,1,5,0.3571428571428571,0.32451156,0.21243119,0.31296036,0.32250962,0.31405988
11382ed8-527b-5112-93b6-a8396693e9e0,hike,close,11,2,2,2,0.1428571428571428,0.19580749,0.25311163,0.20188613,0.19755435,0.20176907
11382ed8-527b-5112-93b6-a8396693e9e0,hike,close,11,2,3,1,0.0714285714285714,0.14563413,0.23362878,0.16865557,0.14823666,0.16561331
11382ed8-527b-5112-93b6-a8396693e9e0,basketball,close,0,2,0,6,0.4615384615384615,0.3173009,0.27931517,0.331041,0.3154185,0.32719913
11382ed8-527b-5112-93b6-a8396693e9e0,basketball,close,0,2,1,4,0.3076923076923077,0.31123364,0.2196531,0.3025721,0.3095655,0.30337024
11382ed8-527b-5112-93b6-a8396693e9e0,basketball,close,0,2,2,2,0.1538461538461538,0.22057617,0.24769424,0.19962241,0.22165884,0.20426738
11382ed8-527b-5112-93b6-a8396693e9e0,basketball,close,0,2,3,1,0.0769230769230769,0.15088934,0.25333744,0.16676445,0.15335715,0.16516323
11382ed8-527b-5112-93b6-a8396693e9e0,fair,somewhat_close,9,1,0,6,0.4,0.32837287,0.2946545,0.29791787,0.32618845,0.30253178
11382ed8-527b-5112-93b6-a8396693e9e0,fair,somewhat_close,9,1,1,6,0.4,0.32105917,0.21227996,0.32904878,0.31913775,0.32632118
11382ed8-527b-5112-93b6-a8396693e9e0,fair,somewhat_close,9,1,2,2,0.1333333333333333,0.20461664,0.2554765,0.2179913,0.20614377,0.21628724
11382ed8-527b-5112-93b6-a8396693e9e0,fair,somewhat_close,9,1,3,1,0.0666666666666666,0.14595127,0.23758905,0.15504195,0.14853,0.15485977
11382ed8-527b-5112-93b6-a8396693e9e0,dip,somewhat_close,6,1,0,6,0.4615384615384615,0.33769047,0.26539132,0.36435014,0.33498037,0.3577161
11382ed8-527b-5112-93b6-a8396693e9e0,dip,somewhat_close,6,1,1,3,0.2307692307692307,0.2704545,0.25054428,0.28163436,0.27006677,0.27957094
11382ed8-527b-5112-93b6-a8396693e9e0,dip,somewhat_close,6,1,2,3,0.2307692307692307,0.2244097,0.25625244,0.22864093,0.22533904,0.2287165
11382ed8-527b-5112-93b6-a8396693e9e0,dip,somewhat_close,6,1,3,1,0.0769230769230769,0.16744532,0.22781193,0.12537463,0.16961384,0.1339964
11382ed8-527b-5112-93b6-a8396693e9e0,drinks,not_close,7,0,0,6,0.5,0.33517203,0.25649023,0.30263433,0.33253023,0.30758438
11382ed8-527b-5112-93b6-a8396693e9e0,drinks,not_close,7,0,1,3,0.25,0.26757511,0.23912959,0.31184286,0.2672558,0.30257833
11382ed8-527b-5112-93b6-a8396693e9e0,drinks,not_close,7,0,2,2,0.1666666666666666,0.22562149,0.24335633,0.22425486,0.22650158,0.22524028
11382ed8-527b-5112-93b6-a8396693e9e0,drinks,not_close,7,0,3,1,0.0833333333333333,0.17163132,0.26102385,0.16126789,0.17371236,0.16459699
11382ed8-527b-5112-93b6-a8396693e9e0,social,close,13,2,0,5,0.4166666666666667,0.38478413,0.29484272,0.3941475,0.38051066,0.38977
11382ed8-527b-5112-93b6-a8396693e9e0,social,close,13,2,1,4,0.3333333333333333,0.26153043,0.23070611,0.26863965,0.261622,0.2673677
11382ed8-527b-5112-93b6-a8396693e9e0,social,close,13,2,2,2,0.1666666666666666,0.20087723,0.25057164,0.19937879,0.20253547,0.20073907
11382ed8-527b-5112-93b6-a8396693e9e0,social,close,13,2,3,1,0.0833333333333333,0.15280823,0.22387956,0.13783406,0.15533185,0.14212327
11382ed8-527b-5112-93b6-a8396693e9e0,crabs,somewhat_close,5,1,0,4,0.3333333333333333,0.32949838,0.29960105,0.36052796,0.3272346,0.35396707
11382ed8-527b-5112-93b6-a8396693e9e0,crabs,somewhat_close,5,1,1,6,0.5,0.32009298,0.23267563,0.37403747,0.31816855,0.36267853
11382ed8-527b-5112-93b6-a8396693e9e0,crabs,somewhat_close,5,1,2,1,0.0833333333333333,0.18702544,0.23678833,0.13190359,0.18890499,0.14269985
11382ed8-527b-5112-93b6-a8396693e9e0,crabs,somewhat_close,5,1,3,1,0.0833333333333333,0.16338322,0.23093499,0.13353097,0.16569182,0.14065453
11382ed8-527b-5112-93b6-a8396693e9e0,driving,close,8,2,0,5,0.3333333333333333,0.32080168,0.28850093,0.30510676,0.3188238,0.30702308
11382ed8-527b-5112-93b6-a8396693e9e0,driving,close,8,2,1,7,0.4666666666666667,0.31365657,0.23262726,0.3255142,0.31193233,0.32208744
11382ed8-527b-5112-93b6-a8396693e9e0,driving,close,8,2,2,2,0.1333333333333333,0.21734229,0.23673908,0.21140538,0.21852566,0.21328457
11382ed8-527b-5112-93b6-a8396693e9e0,driving,close,8,2,3,1,0.0666666666666666,0.14819951,0.24213271,0.15797366,0.1507182,0.1576049
11382ed8-527b-5112-93b6-a8396693e9e0,cooking,extremely_close,4,3,0,3,0.2307692307692307,0.32508844,0.28153455,0.26053262,0.32288563,0.27141792
11382ed8-527b-5112-93b6-a8396693e9e0,cooking,extremely_close,4,3,1,7,0.5384615384615384,0.30092797,0.22757895,0.31298968,0.2995782,0.31012288
11382ed8-527b-5112-93b6-a8396693e9e0,cooking,extremely_close,4,3,2,2,0.1538461538461538,0.21122348,0.2310226,0.23388302,0.21250805,0.23035794
11382ed8-527b-5112-93b6-a8396693e9e0,cooking,extremely_close,4,3,3,1,0.0769230769230769,0.16276015,0.2598639,0.19259474,0.1650281,0.18810125
11382ed8-527b-5112-93b6-a8396693e9e0,oysters,not_close,12,0,0,6,0.4,0.3400336,0.31127194,0.3653165,0.3373747,0.35897037
11382ed8-527b-5112-93b6-a8396693e9e0,oysters,not_close,12,0,1,5,0.3333333333333333,0.30284005,0.21870834,0.32647744,0.3015121,0.32125935
11382ed8-527b-5112-93b6-a8396693e9e0,oysters,not_close,12,0,2,3,0.2,0.20254946,0.2491106,0.18403101,0.20409547,0.1886821
11382ed8-527b-5112-93b6-a8396693e9e0,oysters,not_close,12,0,3,1,0.0666666666666666,0.15457693,0.22090909,0.12417514,0.1570177,0.13108808
11382ed8-527b-5112-93b6-a8396693e9e0,conference,not_close,3,0,0,5,0.3571428571428571,0.33627447,0.28567946,0.33324155,0.33383918,0.33397454
11382ed8-527b-5112-93b6-a8396693e9e0,conference,not_close,3,0,1,6,0.4285714285714285,0.32249793,0.2440027,0.41457385,0.32056218,0.3949526
11382ed8-527b-5112-93b6-a8396693e9e0,conference,not_close,3,0,2,2,0.1428571428571428,0.19272308,0.2495618,0.14458562,0.19453102,0.15464573
11382ed8-527b-5112-93b6-a8396693e9e0,conference,not_close,3,0,3,1,0.0714285714285714,0.14850451,0.22075598,0.10759906,0.15106763,0.11642715
11382ed8-527b-5112-93b6-a8396693e9e0,wedding,extremely_close,15,3,0,4,0.25,0.30876625,0.29976675,0.29720375,0.30711403,0.2985504
11382ed8-527b-5112-93b6-a8396693e9e0,wedding,extremely_close,15,3,1,6,0.375,0.29898903,0.2203311,0.27952927,0.29767475,0.2825817
11382ed8-527b-5112-93b6-a8396693e9e0,wedding,extremely_close,15,3,2,5,0.3125,0.23715827,0.23514688,0.2412807,0.23775323,0.24087891
11382ed8-527b-5112-93b6-a8396693e9e0,wedding,extremely_close,15,3,3,1,0.0625,0.15508646,0.24475528,0.18198623,0.15745798,0.17798899
11382ed8-527b-5112-93b6-a8396693e9e0,brunch,extremely_close,2,3,0,5,0.2941176470588235,0.30243197,0.3026591,0.25437948,0.30091482,0.26270998
11382ed8-527b-5112-93b6-a8396693e9e0,brunch,extremely_close,2,3,1,6,0.3529411764705882,0.29379916,0.21859324,0.28251648,0.29257798,0.28429732
11382ed8-527b-5112-93b6-a8396693e9e0,brunch,extremely_close,2,3,2,4,0.2352941176470588,0.22932231,0.23039065,0.2505955,0.23006326,0.24698317
11382ed8-527b-5112-93b6-a8396693e9e0,brunch,extremely_close,2,3,3,2,0.1176470588235294,0.17444655,0.24835704,0.21250848,0.17644392,0.20600952
11382ed8-527b-5112-93b6-a8396693e9e0,gala,somewhat_close,10,1,0,6,0.4,0.36258376,0.29305857,0.32763717,0.35897562,0.33230746
11382ed8-527b-5112-93b6-a8396693e9e0,gala,somewhat_close,10,1,1,4,0.2666666666666666,0.24803236,0.2547296,0.2531211,0.2483613,0.25235286
11382ed8-527b-5112-93b6-a8396693e9e0,gala,somewhat_close,10,1,2,3,0.2,0.21528816,0.24108168,0.2304504,0.2164861,0.2281751
11382ed8-527b-5112-93b6-a8396693e9e0,gala,somewhat_close,10,1,3,2,0.1333333333333333,0.17409568,0.21113022,0.18879129,0.17617695,0.18716459
78265e05-0c57-586b-b0eb-8c3c461302e1,drinks,somewhat_close,7,1,0,3,0.1666666666666666,0.33517203,0.25649023,0.35535023,0.33253023,0.35018
78265e05-0c57-586b-b0eb-8c3c461302e1,drinks,somewhat_close,7,1,1,5,0.2777777777777778,0.26757511,0.23912959,0.3067269,0.2672558,0.29884645
78265e05-0c57-586b-b0eb-8c3c461302e1,drinks,somewhat_close,7,1,2,5,0.2777777777777778,0.22562149,0.24335633,0.19969311,0.22650158,0.20539983
78265e05-0c57-586b-b0eb-8c3c461302e1,drinks,somewhat_close,7,1,3,5,0.2777777777777778,0.17163132,0.26102385,0.13822965,0.17371236,0.14557375
78265e05-0c57-586b-b0eb-8c3c461302e1,basketball,extremely_close,0,3,0,5,0.2777777777777778,0.3173009,0.27931517,0.3131195,0.3154185,0.3128357
78265e05-0c57-586b-b0eb-8c3c461302e1,basketball,extremely_close,0,3,1,5,0.2777777777777778,0.31123364,0.2196531,0.3208935,0.3095655,0.31794766
78265e05-0c57-586b-b0eb-8c3c461302e1,basketball,extremely_close,0,3,2,6,0.3333333333333333,0.22057617,0.24769424,0.21410309,0.22165884,0.21602215
78265e05-0c57-586b-b0eb-8c3c461302e1,basketball,extremely_close,0,3,3,2,0.1111111111111111,0.15088934,0.25333744,0.15188394,0.15335715,0.15319455
78265e05-0c57-586b-b0eb-8c3c461302e1,wedding,extremely_close,15,3,0,6,0.3529411764705882,0.30876625,0.29976675,0.29720375,0.30711403,0.2985504
78265e05-0c57-586b-b0eb-8c3c461302e1,wedding,extremely_close,15,3,1,4,0.2352941176470588,0.29898903,0.2203311,0.27952927,0.29767475,0.2825817
78265e05-0c57-586b-b0eb-8c3c461302e1,wedding,extremely_close,15,3,2,5,0.2941176470588235,0.23715827,0.23514688,0.2412807,0.23775323,0.24087891
78265e05-0c57-586b-b0eb-8c3c461302e1,wedding,extremely_close,15,3,3,2,0.1176470588235294,0.15508646,0.24475528,0.18198623,0.15745798,0.17798899
78265e05-0c57-586b-b0eb-8c3c461302e1,brunch,not_close,2,0,0,4,0.2352941176470588,0.30243197,0.3026591,0.35060638,0.30091482,0.34033895
78265e05-0c57-586b-b0eb-8c3c461302e1,brunch,not_close,2,0,1,6,0.3529411764705882,0.29379916,0.21859324,0.3063659,0.29257798,0.30384555
78265e05-0c57-586b-b0eb-8c3c461302e1,brunch,not_close,2,0,2,5,0.2941176470588235,0.22932231,0.23039065,0.22114328,0.23006326,0.22373937
78265e05-0c57-586b-b0eb-8c3c461302e1,brunch,not_close,2,0,3,2,0.1176470588235294,0.17444655,0.24835704,0.121884465,0.17644392,0.13207617
78265e05-0c57-586b-b0eb-8c3c461302e1,dip,somewhat_close,6,1,0,6,0.375,0.33769047,0.26539132,0.36435014,0.33498037,0.3577161
78265e05-0c57-586b-b0eb-8c3c461302e1,dip,somewhat_close,6,1,1,5,0.3125,0.2704545,0.25054428,0.28163436,0.27006677,0.27957094
78265e05-0c57-586b-b0eb-8c3c461302e1,dip,somewhat_close,6,1,2,3,0.1875,0.2244097,0.25625244,0.22864093,0.22533904,0.2287165
78265e05-0c57-586b-b0eb-8c3c461302e1,dip,somewhat_close,6,1,3,2,0.125,0.16744532,0.22781193,0.12537463,0.16961384,0.1339964
78265e05-0c57-586b-b0eb-8c3c461302e1,fair,somewhat_close,9,1,0,6,0.3157894736842105,0.32837287,0.2946545,0.29791787,0.32618845,0.30253178
78265e05-0c57-586b-b0eb-8c3c461302e1,fair,somewhat_close,9,1,1,6,0.3157894736842105,0.32105917,0.21227996,0.32904878,0.31913775,0.32632118
78265e05-0c57-586b-b0eb-8c3c461302e1,fair,somewhat_close,9,1,2,3,0.1578947368421052,0.20461664,0.2554765,0.2179913,0.20614377,0.21628724
78265e05-0c57-586b-b0eb-8c3c461302e1,fair,somewhat_close,9,1,3,4,0.2105263157894736,0.14595127,0.23758905,0.15504195,0.14853,0.15485977
78265e05-0c57-586b-b0eb-8c3c461302e1,oysters,close,12,2,0,5,0.4545454545454545,0.3400336,0.31127194,0.3257782,0.3373747,0.3269814
78265e05-0c57-586b-b0eb-8c3c461302e1,oysters,close,12,2,1,2,0.1818181818181818,0.30284005,0.21870834,0.30453157,0.3015121,0.30337986
78265e05-0c57-586b-b0eb-8c3c461302e1,oysters,close,12,2,2,2,0.1818181818181818,0.20254946,0.2491106,0.20594548,0.20409547,0.20621069
78265e05-0c57-586b-b0eb-8c3c461302e1,oysters,close,12,2,3,2,0.1818181818181818,0.15457693,0.22090909,0.16374475,0.1570177,0.1634281
78265e05-0c57-586b-b0eb-8c3c461302e1,birthday,extremely_close,1,3,0,4,0.2352941176470588,0.32165617,0.28021994,0.29297653,0.3196522,0.2974144
78265e05-0c57-586b-b0eb-8c3c461302e1,birthday,extremely_close,1,3,1,6,0.3529411764705882,0.31348172,0.22091691,0.2967644,0.311768,0.2991094
78265e05-0c57-586b-b0eb-8c3c461302e1,birthday,extremely_close,1,3,2,5,0.2941176470588235,0.21722111,0.24974371,0.24162844,0.21841055,0.2374631
78265e05-0c57-586b-b0eb-8c3c461302e1,birthday,extremely_close,1,3,3,2,0.1176470588235294,0.14764105,0.24911939,0.16863064,0.15016927,0.16601305
78265e05-0c57-586b-b0eb-8c3c461302e1,driving,somewhat_close,8,1,0,5,0.3125,0.32080168,0.28850093,0.31517804,0.3188238,0.3153335
78265e05-0c57-586b-b0eb-8c3c461302e1,driving,somewhat_close,8,1,1,6,0.375,0.31365657,0.23262726,0.34766352,0.31193233,0.33977747
78265e05-0c57-586b-b0eb-8c3c461302e1,driving,somewhat_close,8,1,2,2,0.125,0.21734229,0.23673908,0.20519517,0.21852566,0.20837864
78265e05-0c57-586b-b0eb-8c3c461302e1,driving,somewhat_close,8,1,3,3,0.1875,0.14819951,0.24213271,0.13196324,0.1507182,0.13651037
78265e05-0c57-586b-b0eb-8c3c461302e1,conference,not_close,3,0,0,5,0.4166666666666667,0.33627447,0.28567946,0.33324155,0.33383918,0.33397454
78265e05-0c57-586b-b0eb-8c3c461302e1,conference,not_close,3,0,1,5,0.4166666666666667,0.32249793,0.2440027,0.41457385,0.32056218,0.3949526
78265e05-0c57-586b-b0eb-8c3c461302e1,conference,not_close,3,0,2,1,0.0833333333333333,0.19272308,0.2495618,0.14458562,0.19453102,0.15464573
78265e05-0c57-586b-b0eb-8c3c461302e1,conference,not_close,3,0,3,1,0.0833333333333333,0.14850451,0.22075598,0.10759906,0.15106763,0.11642715
78265e05-0c57-586b-b0eb-8c3c461302e1,social,close,13,2,0,4,0.3076923076923077,0.38478413,0.29484272,0.3941475,0.38051066,0.38977
78265e05-0c57-586b-b0eb-8c3c461302e1,social,close,13,2,1,3,0.2307692307692307,0.26153043,0.23070611,0.26863965,0.261622,0.2673677
78265e05-0c57-586b-b0eb-8c3c461302e1,social,close,13,2,2,3,0.2307692307692307,0.20087723,0.25057164,0.19937879,0.20253547,0.20073907
78265e05-0c57-586b-b0eb-8c3c461302e1,social,close,13,2,3,3,0.2307692307692307,0.15280823,0.22387956,0.13783406,0.15533185,0.14212327
78265e05-0c57-586b-b0eb-8c3c461302e1,hike,close,11,2,0,5,0.2941176470588235,0.33404678,0.30082837,0.31649798,0.33169934,0.31855774
78265e05-0c57-586b-b0eb-8c3c461302e1,hike,close,11,2,1,5,0.2941176470588235,0.32451156,0.21243119,0.31296036,0.32250962,0.31405988
78265e05-0c57-586b-b0eb-8c3c461302e1,hike,close,11,2,2,5,0.2941176470588235,0.19580749,0.25311163,0.20188613,0.19755435,0.20176907
78265e05-0c57-586b-b0eb-8c3c461302e1,hike,close,11,2,3,2,0.1176470588235294,0.14563413,0.23362878,0.16865557,0.14823666,0.16561331
78265e05-0c57-586b-b0eb-8c3c461302e1,soup,extremely_close,14,3,0,6,0.3,0.33818597,0.3010139,0.31913835,0.33563444,0.32138214
78265e05-0c57-586b-b0eb-8c3c461302e1,soup,extremely_close,14,3,1,6,0.3,0.31507322,0.22628844,0.29832476,0.31335708,0.30060738
78265e05-0c57-586b-b0eb-8c3c461302e1,soup,extremely_close,14,3,2,6,0.3,0.18950173,0.22069465,0.210552,0.19134966,0.20745501
78265e05-0c57-586b-b0eb-8c3c461302e1,soup,extremely_close,14,3,3,2,0.1,0.15723914,0.25200298,0.17198491,0.15965882,0.17055549
78265e05-0c57-586b-b0eb-8c3c461302e1,crabs,not_close,5,0,0,2,0.2,0.32949838,0.29960105,0.33250704,0.3272346,0.33146152
78265e05-0c57-586b-b0eb-8c3c461302e1,crabs,not_close,5,0,1,6,0.6,0.32009298,0.23267563,0.38626826,0.31816855,0.37187403
78265e05-0c57-586b-b0eb-8c3c461302e1,crabs,not_close,5,0,2,1,0.1,0.18702544,0.23678833,0.15252548,0.18890499,0.16021432
78265e05-0c57-586b-b0eb-8c3c461302e1,crabs,not_close,5,0,3,1,0.1,0.16338322,0.23093499,0.12869921,0.16569182,0.13645016
78265e05-0c57-586b-b0eb-8c3c461302e1,gala,close,10,2,0,4,0.2666666666666666,0.36258376,0.29305857,0.3041355,0.35897562,0.31327608
78265e05-0c57-586b-b0eb-8c3c461302e1,gala,close,10,2,1,5,0.3333333333333333,0.24803236,0.2547296,0.2767334,0.2483613,0.2712739
78265e05-0c57-586b-b0eb-8c3c461302e1,gala,close,10,2,2,4,0.2666666666666666,0.21528816,0.24108168,0.24181442,0.2164861,0.23733611
78265e05-0c57-586b-b0eb-8c3c461302e1,gala,close,10,2,3,2,0.1333333333333333,0.17409568,0.21113022,0.17731674,0.17617695,0.17811388
78265e05-0c57-586b-b0eb-8c3c461302e1,cooking,not_close,4,0,0,1,0.0833333333333333,0.32508844,0.28153455,0.3056378,0.32288563,0.3086708
78265e05-0c57-586b-b0eb-8c3c461302e1,cooking,not_close,4,0,1,7,0.5833333333333334,0.30092797,0.22757895,0.36421698,0.2995782,0.35040545
78265e05-0c57-586b-b0eb-8c3c461302e1,cooking,not_close,4,0,2,3,0.25,0.21122348,0.2310226,0.18061243,0.21250805,0.1873101
78265e05-0c57-586b-b0eb-8c3c461302e1,cooking,not_close,4,0,3,1,0.0833333333333333,0.16276015,0.2598639,0.14953284,0.1650281,0.15361361
77a46d7d-9dcd-5faa-b5e4-fa109335b208,birthday,somewhat_close,1,1,0,3,0.1764705882352941,0.32165617,0.28021994,0.31222877,0.3196522,0.31307483
77a46d7d-9dcd-5faa-b5e4-fa109335b208,birthday,somewhat_close,1,1,1,6,0.3529411764705882,0.31348172,0.22091691,0.33197084,0.311768,0.32734334
77a46d7d-9dcd-5faa-b5e4-fa109335b208,birthday,somewhat_close,1,1,2,5,0.2941176470588235,0.21722111,0.24974371,0.2297937,0.21841055,0.22814302
77a46d7d-9dcd-5faa-b5e4-fa109335b208,birthday,somewhat_close,1,1,3,3,0.1764705882352941,0.14764105,0.24911939,0.12600674,0.15016927,0.13143879
77a46d7d-9dcd-5faa-b5e4-fa109335b208,oysters,not_close,12,0,0,3,0.2727272727272727,0.3400336,0.31127194,0.3653165,0.3373747,0.35897037
77a46d7d-9dcd-5faa-b5e4-fa109335b208,oysters,not_close,12,0,1,3,0.2727272727272727,0.30284005,0.21870834,0.32647744,0.3015121,0.32125935
77a46d7d-9dcd-5faa-b5e4-fa109335b208,oysters,not_close,12,0,2,3,0.2727272727272727,0.20254946,0.2491106,0.18403101,0.20409547,0.1886821
77a46d7d-9dcd-5faa-b5e4-fa109335b208,oysters,not_close,12,0,3,2,0.1818181818181818,0.15457693,0.22090909,0.12417514,0.1570177,0.13108808
77a46d7d-9dcd-5faa-b5e4-fa109335b208,cooking,close,4,2,0,2,0.1666666666666666,0.32508844,0.28153455,0.25373095,0.32288563,0.2657937
77a46d7d-9dcd-5faa-b5e4-fa109335b208,cooking,close,4,2,1,6,0.5,0.30092797,0.22757895,0.3285871,0.2995782,0.32255453
77a46d7d-9dcd-5faa-b5e4-fa109335b208,cooking,close,4,2,2,2,0.1666666666666666,0.21122348,0.2310226,0.23453203,0.21250805,0.23093651
77a46d7d-9dcd-5faa-b5e4-fa109335b208,cooking,close,4,2,3,2,0.1666666666666666,0.16276015,0.2598639,0.18314992,0.1650281,0.18071517
77a46d7d-9dcd-5faa-b5e4-fa109335b208,basketball,somewhat_close,0,1,0,3,0.2142857142857142,0.3173009,0.27931517,0.3148467,0.3154185,0.31423575
77a46d7d-9dcd-5faa-b5e4-fa109335b208,basketball,somewhat_close,0,1,1,5,0.3571428571428571,0.31123364,0.2196531,0.32266358,0.3095655,0.31937057
77a46d7d-9dcd-5faa-b5e4-fa109335b208,basketball,somewhat_close,0,1,2,3,0.2142857142857142,0.22057617,0.24769424,0.21528408,0.22165884,0.21698892
77a46d7d-9dcd-5faa-b5e4-fa109335b208,basketball,somewhat_close,0,1,3,3,0.2142857142857142,0.15088934,0.25333744,0.14720571,0.15335715,0.1494048
77a46d7d-9dcd-5faa-b5e4-fa109335b208,hike,not_close,11,0,0,5,0.4166666666666667,0.33404678,0.30082837,0.37751567,0.33169934,0.36750683
77a46d7d-9dcd-5faa-b5e4-fa109335b208,hike,not_close,11,0,1,3,0.25,0.32451156,0.21243119,0.33200538,0.32250962,0.3297955
77a46d7d-9dcd-5faa-b5e4-fa109335b208,hike,not_close,11,0,2,2,0.1666666666666666,0.19580749,0.25311163,0.16379511,0.19755435,0.1708626
77a46d7d-9dcd-5faa-b5e4-fa109335b208,hike,not_close,11,0,3,2,0.1666666666666666,0.14563413,0.23362878,0.12668388,0.14823666,0.13183501
77a46d7d-9dcd-5faa-b5e4-fa109335b208,soup,somewhat_close,14,1,0,6,0.4615384615384615,0.33818597,0.3010139,0.34452966,0.33563444,0.3417673
77a46d7d-9dcd-5faa-b5e4-fa109335b208,soup,somewhat_close,14,1,1,3,0.2307692307692307,0.31507322,0.22628844,0.3189721,0.31335708,0.31721324
77a46d7d-9dcd-5faa-b5e4-fa109335b208,soup,somewhat_close,14,1,2,2,0.1538461538461538,0.18950173,0.22069465,0.19080658,0.19134966,0.1917101
77a46d7d-9dcd-5faa-b5e4-fa109335b208,soup,somewhat_close,14,1,3,2,0.1538461538461538,0.15723914,0.25200298,0.14569166,0.15965882,0.14930934
77a46d7d-9dcd-5faa-b5e4-fa109335b208,fair,extremely_close,9,3,0,3,0.15,0.32837287,0.2946545,0.32941785,0.32618845,0.32789174
77a46d7d-9dcd-5faa-b5e4-fa109335b208,fair,extremely_close,9,3,1,6,0.3,0.32105917,0.21227996,0.31025007,0.31913775,0.3112323
77a46d7d-9dcd-5faa-b5e4-fa109335b208,fair,extremely_close,9,3,2,5,0.25,0.20461664,0.2554765,0.19988796,0.20614377,0.2017246
77a46d7d-9dcd-5faa-b5e4-fa109335b208,fair,extremely_close,9,3,3,6,0.3,0.14595127,0.23758905,0.1604442,0.14853,0.1591514
77a46d7d-9dcd-5faa-b5e4-fa109335b208,driving,extremely_close,8,3,0,2,0.1111111111111111,0.32080168,0.28850093,0.27412885,0.3188238,0.28191045
77a46d7d-9dcd-5faa-b5e4-fa109335b208,driving,extremely_close,8,3,1,6,0.3333333333333333,0.31365657,0.23262726,0.3215029,0.31193233,0.31907967
77a46d7d-9dcd-5faa-b5e4-fa109335b208,driving,extremely_close,8,3,2,5,0.2777777777777778,0.21734229,0.23673908,0.22807299,0.21852566,0.2268027
77a46d7d-9dcd-5faa-b5e4-fa109335b208,driving,extremely_close,8,3,3,5,0.2777777777777778,0.14819951,0.24213271,0.17629525,0.1507182,0.17220715
77a46d7d-9dcd-5faa-b5e4-fa109335b208,wedding,somewhat_close,15,1,0,6,0.5,0.30876625,0.29976675,0.3333098,0.30711403,0.32751745
77a46d7d-9dcd-5faa-b5e4-fa109335b208,wedding,somewhat_close,15,1,1,3,0.25,0.29898903,0.2203311,0.30216554,0.29767475,0.30098352
77a46d7d-9dcd-5faa-b5e4-fa109335b208,wedding,somewhat_close,15,1,2,2,0.1666666666666666,0.23715827,0.23514688,0.23644876,0.23775323,0.23714605
77a46d7d-9dcd-5faa-b5e4-fa109335b208,wedding,somewhat_close,15,1,3,1,0.0833333333333333,0.15508646,0.24475528,0.12807587,0.15745798,0.134353
77a46d7d-9dcd-5faa-b5e4-fa109335b208,dip,extremely_close,6,3,0,5,0.2631578947368421,0.33769047,0.26539132,0.3300849,0.33498037,0.3299841
77a46d7d-9dcd-5faa-b5e4-fa109335b208,dip,extremely_close,6,3,1,6,0.3157894736842105,0.2704545,0.25054428,0.27360496,0.27006677,0.27276102
77a46d7d-9dcd-5faa-b5e4-fa109335b208,dip,extremely_close,6,3,2,5,0.2631578947368421,0.2244097,0.25625244,0.23491126,0.22533904,0.23339608
77a46d7d-9dcd-5faa-b5e4-fa109335b208,dip,extremely_close,6,3,3,3,0.1578947368421052,0.16744532,0.22781193,0.16139889,0.16961384,0.1638588
77a46d7d-9dcd-5faa-b5e4-fa109335b208,drinks,extremely_close,7,3,0,6,0.3529411764705882,0.33517203,0.25649023,0.23276606,0.33253023,0.25004545
77a46d7d-9dcd-5faa-b5e4-fa109335b208,drinks,extremely_close,7,3,1,5,0.2941176470588235,0.26757511,0.23912959,0.3014371,0.2672558,0.29548186
77a46d7d-9dcd-5faa-b5e4-fa109335b208,drinks,extremely_close,7,3,2,3,0.1764705882352941,0.22562149,0.24335633,0.22504783,0.22650158,0.22667027
77a46d7d-9dcd-5faa-b5e4-fa109335b208,drinks,extremely_close,7,3,3,3,0.1764705882352941,0.17163132,0.26102385,0.240749,0.17371236,0.22780243
77a46d7d-9dcd-5faa-b5e4-fa109335b208,gala,not_close,10,0,0,6,0.5,0.36258376,0.29305857,0.39073783,0.35897562,0.38308117
77a46d7d-9dcd-5faa-b5e4-fa109335b208,gala,not_close,10,0,1,3,0.25,0.24803236,0.2547296,0.25930107,0.2483613,0.25750896
77a46d7d-9dcd-5faa-b5e4-fa109335b208,gala,not_close,10,0,2,2,0.1666666666666666,0.21528816,0.24108168,0.20672406,0.2164861,0.20930924
77a46d7d-9dcd-5faa-b5e4-fa109335b208,gala,not_close,10,0,3,1,0.0833333333333333,0.17409568,0.21113022,0.143237,0.17617695,0.15010062
77a46d7d-9dcd-5faa-b5e4-fa109335b208,brunch,close,2,2,0,5,0.3125,0.30243197,0.3026591,0.2907551,0.30091482,0.29213974
77a46d7d-9dcd-5faa-b5e4-fa109335b208,brunch,close,2,2,1,5,0.3125,0.29379916,0.21859324,0.28704393,0.29257798,0.28764403
77a46d7d-9dcd-5faa-b5e4-fa109335b208,brunch,close,2,2,2,3,0.1875,0.22932231,0.23039065,0.23673561,0.23006326,0.23571382
77a46d7d-9dcd-5faa-b5e4-fa109335b208,brunch,close,2,2,3,3,0.1875,0.17444655,0.24835704,0.1854654,0.17644392,0.1845024
77a46d7d-9dcd-5faa-b5e4-fa109335b208,crabs,close,5,2,0,5,0.2941176470588235,0.32949838,0.29960105,0.31679517,0.3272346,0.318014
77a46d7d-9dcd-5faa-b5e4-fa109335b208,crabs,close,5,2,1,6,0.3529411764705882,0.32009298,0.23267563,0.34010246,0.31816855,0.3349067
77a46d7d-9dcd-5faa-b5e4-fa109335b208,crabs,close,5,2,2,3,0.1764705882352941,0.18702544,0.23678833,0.18733868,0.18890499,0.18845895
77a46d7d-9dcd-5faa-b5e4-fa109335b208,crabs,close,5,2,3,3,0.1764705882352941,0.16338322,0.23093499,0.1557637,0.16569182,0.15862034
77a46d7d-9dcd-5faa-b5e4-fa109335b208,conference,close,3,2,0,3,0.2307692307692307,0.33627447,0.28567946,0.32390398,0.33383918,0.32497996
77a46d7d-9dcd-5faa-b5e4-fa109335b208,conference,close,3,2,1,5,0.3846153846153846,0.32249793,0.2440027,0.31270492,0.32056218,0.31356868
77a46d7d-9dcd-5faa-b5e4-fa109335b208,conference,close,3,2,2,3,0.2307692307692307,0.19272308,0.2495618,0.22254248,0.19453102,0.21759544
77a46d7d-9dcd-5faa-b5e4-fa109335b208,conference,close,3,2,3,2,0.1538461538461538,0.14850451,0.22075598,0.1408486,0.15106763,0.14385588
77a46d7d-9dcd-5faa-b5e4-fa109335b208,social,not_close,13,0,0,4,0.5,0.38478413,0.29484272,0.45282483,0.38051066,0.43652424
77a46d7d-9dcd-5faa-b5e4-fa109335b208,social,not_close,13,0,1,2,0.25,0.26153043,0.23070611,0.24479835,0.261622,0.24863854
77a46d7d-9dcd-5faa-b5e4-fa109335b208,social,not_close,13,0,2,1,0.125,0.20087723,0.25057164,0.17145851,0.20253547,0.17819941
77a46d7d-9dcd-5faa-b5e4-fa109335b208,social,not_close,13,0,3,1,0.125,0.15280823,0.22387956,0.13091831,0.15533185,0.1366378
fe4ed079-c4ff-5f27-aa1f-469046557c90,wedding,close,15,2,0,1,0.0625,0.30876625,0.29976675,0.30674273,0.30711403,0.3061728
fe4ed079-c4ff-5f27-aa1f-469046557c90,wedding,close,15,2,1,5,0.3125,0.29898903,0.2203311,0.27808088,0.29767475,0.2813681
fe4ed079-c4ff-5f27-aa1f-469046557c90,wedding,close,15,2,2,4,0.25,0.23715827,0.23514688,0.2490248,0.23775323,0.24702889
fe4ed079-c4ff-5f27-aa1f-469046557c90,wedding,close,15,2,3,6,0.375,0.15508646,0.24475528,0.1661516,0.15745798,0.16543032
fe4ed079-c4ff-5f27-aa1f-469046557c90,birthday,not_close,1,0,0,5,0.2272727272727272,0.32165617,0.28021994,0.37109387,0.3196522,0.36021808
fe4ed079-c4ff-5f27-aa1f-469046557c90,birthday,not_close,1,0,1,7,0.3181818181818182,0.31348172,0.22091691,0.33231905,0.311768,0.32817322
fe4ed079-c4ff-5f27-aa1f-469046557c90,birthday,not_close,1,0,2,7,0.3181818181818182,0.21722111,0.24974371,0.17350394,0.21841055,0.18240416
fe4ed079-c4ff-5f27-aa1f-469046557c90,birthday,not_close,1,0,3,3,0.1363636363636363,0.14764105,0.24911939,0.12308306,0.15016927,0.12920454
fe4ed079-c4ff-5f27-aa1f-469046557c90,brunch,somewhat_close,2,1,0,5,0.2631578947368421,0.30243197,0.3026591,0.31512022,0.30091482,0.31172588
fe4ed079-c4ff-5f27-aa1f-469046557c90,brunch,somewhat_close,2,1,1,3,0.1578947368421052,0.29379916,0.21859324,0.28702608,0.29257798,0.28772363
fe4ed079-c4ff-5f27-aa1f-469046557c90,brunch,somewhat_close,2,1,2,5,0.2631578947368421,0.22932231,0.23039065,0.24061216,0.23006326,0.23888367
fe4ed079-c4ff-5f27-aa1f-469046557c90,brunch,somewhat_close,2,1,3,6,0.3157894736842105,0.17444655,0.24835704,0.15724157,0.17644392,0.16166675
fe4ed079-c4ff-5f27-aa1f-469046557c90,soup,extremely_close,14,3,0,7,0.5833333333333334,0.33818597,0.3010139,0.31913835,0.33563444,0.32138214
fe4ed079-c4ff-5f27-aa1f-469046557c90,soup,extremely_close,14,3,1,2,0.1666666666666666,0.31507322,0.22628844,0.29832476,0.31335708,0.30060738
fe4ed079-c4ff-5f27-aa1f-469046557c90,soup,extremely_close,14,3,2,2,0.1666666666666666,0.18950173,0.22069465,0.210552,0.19134966,0.20745501
fe4ed079-c4ff-5f27-aa1f-469046557c90,soup,extremely_close,14,3,3,1,0.0833333333333333,0.15723914,0.25200298,0.17198491,0.15965882,0.17055549
fe4ed079-c4ff-5f27-aa1f-469046557c90,basketball,not_close,0,0,0,7,0.7,0.3173009,0.27931517,0.40210518,0.3154185,0.38488865
fe4ed079-c4ff-5f27-aa1f-469046557c90,basketball,not_close,0,0,1,1,0.1,0.31123364,0.2196531,0.34911686,0.3095655,0.34244534
fe4ed079-c4ff-5f27-aa1f-469046557c90,basketball,not_close,0,0,2,1,0.1,0.22057617,0.24769424,0.14574708,0.22165884,0.15971808
fe4ed079-c4ff-5f27-aa1f-469046557c90,basketball,not_close,0,0,3,1,0.1,0.15088934,0.25333744,0.10303085,0.15335715,0.11294795
fe4ed079-c4ff-5f27-aa1f-469046557c90,fair,not_close,9,0,0,4,0.2666666666666666,0.32837287,0.2946545,0.33953634,0.32618845,0.33659288
fe4ed079-c4ff-5f27-aa1f-469046557c90,fair,not_close,9,0,1,7,0.4666666666666667,0.32105917,0.21227996,0.3681577,0.31913775,0.35772365
fe4ed079-c4ff-5f27-aa1f-469046557c90,fair,not_close,9,0,2,2,0.1333333333333333,0.20461664,0.2554765,0.17532648,0.20614377,0.18193142
fe4ed079-c4ff-5f27-aa1f-469046557c90,fair,not_close,9,0,3,2,0.1333333333333333,0.14595127,0.23758905,0.116979435,0.14853,0.12375206
fe4ed079-c4ff-5f27-aa1f-469046557c90,gala,close,10,2,0,2,0.1,0.36258376,0.29305857,0.3041355,0.35897562,0.31327608
fe4ed079-c4ff-5f27-aa1f-469046557c90,gala,close,10,2,1,7,0.35,0.24803236,0.2547296,0.2767334,0.2483613,0.2712739
fe4ed079-c4ff-5f27-aa1f-469046557c90,gala,close,10,2,2,4,0.2,0.21528816,0.24108168,0.24181442,0.2164861,0.23733611
fe4ed079-c4ff-5f27-aa1f-469046557c90,gala,close,10,2,3,7,0.35,0.17409568,0.21113022,0.17731674,0.17617695,0.17811388
fe4ed079-c4ff-5f27-aa1f-469046557c90,social,somewhat_close,13,1,0,2,0.1818181818181818,0.38478413,0.29484272,0.3939905,0.38051066,0.38956168
fe4ed079-c4ff-5f27-aa1f-469046557c90,social,somewhat_close,13,1,1,5,0.4545454545454545,0.26153043,0.23070611,0.2552778,0.261622,0.25658923
fe4ed079-c4ff-5f27-aa1f-469046557c90,social,somewhat_close,13,1,2,1,0.0909090909090909,0.20087723,0.25057164,0.20189984,0.20253547,0.20272948
fe4ed079-c4ff-5f27-aa1f-469046557c90,social,somewhat_close,13,1,3,3,0.2727272727272727,0.15280823,0.22387956,0.14883181,0.15533185,0.15111957
fe4ed079-c4ff-5f27-aa1f-469046557c90,crabs,extremely_close,5,3,0,1,0.0625,0.32949838,0.29960105,0.32724842,0.3272346,0.32636657
fe4ed079-c4ff-5f27-aa1f-469046557c90,crabs,extremely_close,5,3,1,6,0.375,0.32009298,0.23267563,0.31487674,0.31816855,0.31478795
fe4ed079-c4ff-5f27-aa1f-469046557c90,crabs,extremely_close,5,3,2,5,0.3125,0.18702544,0.23678833,0.17663889,0.18890499,0.17975125
fe4ed079-c4ff-5f27-aa1f-469046557c90,crabs,extremely_close,5,3,3,4,0.25,0.16338322,0.23093499,0.18123591,0.16569182,0.17909427
fe4ed079-c4ff-5f27-aa1f-469046557c90,hike,somewhat_close,11,1,0,3,0.25,0.33404678,0.30082837,0.33502132,0.33169934,0.3334202
fe4ed079-c4ff-5f27-aa1f-469046557c90,hike,somewhat_close,11,1,1,5,0.4166666666666667,0.32451156,0.21243119,0.32786852,0.32250962,0.32599643
fe4ed079-c4ff-5f27-aa1f-469046557c90,hike,somewhat_close,11,1,2,2,0.1666666666666666,0.19580749,0.25311163,0.19115357,0.19755435,0.19311021
fe4ed079-c4ff-5f27-aa1f-469046557c90,hike,somewhat_close,11,1,3,2,0.1666666666666666,0.14563413,0.23362878,0.14595659,0.14823666,0.1474731
fe4ed079-c4ff-5f27-aa1f-469046557c90,cooking,not_close,4,0,0,1,0.0625,0.32508844,0.28153455,0.3056378,0.32288563,0.3086708
fe4ed079-c4ff-5f27-aa1f-469046557c90,cooking,not_close,4,0,1,7,0.4375,0.30092797,0.22757895,0.36421698,0.2995782,0.35040545
fe4ed079-c4ff-5f27-aa1f-469046557c90,cooking,not_close,4,0,2,6,0.375,0.21122348,0.2310226,0.18061243,0.21250805,0.1873101
fe4ed079-c4ff-5f27-aa1f-469046557c90,cooking,not_close,4,0,3,2,0.125,0.16276015,0.2598639,0.14953284,0.1650281,0.15361361
fe4ed079-c4ff-5f27-aa1f-469046557c90,oysters,somewhat_close,12,1,0,2,0.1333333333333333,0.3400336,0.31127194,0.35442063,0.3373747,0.34994653
fe4ed079-c4ff-5f27-aa1f-469046557c90,oysters,somewhat_close,12,1,1,6,0.4,0.30284005,0.21870834,0.30074957,0.3015121,0.30043343
fe4ed079-c4ff-5f27-aa1f-469046557c90,oysters,somewhat_close,12,1,2,2,0.1333333333333333,0.20254946,0.2491106,0.19948952,0.20409547,0.20106164
fe4ed079-c4ff-5f27-aa1f-469046557c90,oysters,somewhat_close,12,1,3,5,0.3333333333333333,0.15457693,0.22090909,0.14534028,0.1570177,0.1485584
fe4ed079-c4ff-5f27-aa1f-469046557c90,conference,close,3,2,0,1,0.0714285714285714,0.33627447,0.28567946,0.32390398,0.33383918,0.32497996
fe4ed079-c4ff-5f27-aa1f-469046557c90,conference,close,3,2,1,7,0.5,0.32249793,0.2440027,0.31270492,0.32056218,0.31356868
fe4ed079-c4ff-5f27-aa1f-469046557c90,conference,close,3,2,2,2,0.1428571428571428,0.19272308,0.2495618,0.22254248,0.19453102,0.21759544
fe4ed079-c4ff-5f27-aa1f-469046557c90,conference,close,3,2,3,4,0.2857142857142857,0.14850451,0.22075598,0.1408486,0.15106763,0.14385588
fe4ed079-c4ff-5f27-aa1f-469046557c90,dip,extremely_close,6,3,0,4,0.1904761904761904,0.33769047,0.26539132,0.3300849,0.33498037,0.3299841
fe4ed079-c4ff-5f27-aa1f-469046557c90,dip,extremely_close,6,3,1,6,0.2857142857142857,0.2704545,0.25054428,0.27360496,0.27006677,0.27276102
fe4ed079-c4ff-5f27-aa1f-469046557c90,dip,extremely_close,6,3,2,5,0.238095238095238,0.2244097,0.25625244,0.23491126,0.22533904,0.23339608
fe4ed079-c4ff-5f27-aa1f-469046557c90,dip,extremely_close,6,3,3,6,0.2857142857142857,0.16744532,0.22781193,0.16139889,0.16961384,0.1638588
fe4ed079-c4ff-5f27-aa1f-469046557c90,driving,extremely_close,8,3,0,1,0.0526315789473684,0.32080168,0.28850093,0.27412885,0.3188238,0.28191045
fe4ed079-c4ff-5f27-aa1f-469046557c90,driving,extremely_close,8,3,1,7,0.3684210526315789,0.31365657,0.23262726,0.3215029,0.31193233,0.31907967
fe4ed079-c4ff-5f27-aa1f-469046557c90,driving,extremely_close,8,3,2,6,0.3157894736842105,0.21734229,0.23673908,0.22807299,0.21852566,0.2268027
fe4ed079-c4ff-5f27-aa1f-469046557c90,driving,extremely_close,8,3,3,5,0.2631578947368421,0.14819951,0.24213271,0.17629525,0.1507182,0.17220715
fe4ed079-c4ff-5f27-aa1f-469046557c90,drinks,close,7,2,0,1,0.05,0.33517203,0.25649023,0.3006383,0.33253023,0.30577487
fe4ed079-c4ff-5f27-aa1f-469046557c90,drinks,close,7,2,1,6,0.3,0.26757511,0.23912959,0.2817904,0.2672558,0.2787861
fe4ed079-c4ff-5f27-aa1f-469046557c90,drinks,close,7,2,2,6,0.3,0.22562149,0.24335633,0.23456235,0.22650158,0.23337154
fe4ed079-c4ff-5f27-aa1f-469046557c90,drinks,close,7,2,3,7,0.35,0.17163132,0.26102385,0.18300895,0.17371236,0.18206751
4f5c5c64-a627-59e4-9600-d84c42d93f70,dip,close,6,2,0,6,0.375,0.33769047,0.26539132,0.34952283,0.33498037,0.3457275
4f5c5c64-a627-59e4-9600-d84c42d93f70,dip,close,6,2,1,6,0.375,0.2704545,0.25054428,0.28651547,0.27006677,0.28323793
4f5c5c64-a627-59e4-9600-d84c42d93f70,dip,close,6,2,2,3,0.1875,0.2244097,0.25625244,0.22507222,0.22533904,0.22567739
4f5c5c64-a627-59e4-9600-d84c42d93f70,dip,close,6,2,3,1,0.0625,0.16744532,0.22781193,0.13888952,0.16961384,0.1453572
4f5c5c64-a627-59e4-9600-d84c42d93f70,gala,extremely_close,10,3,0,2,0.1176470588235294,0.36258376,0.29305857,0.27085638,0.35897562,0.28588986
4f5c5c64-a627-59e4-9600-d84c42d93f70,gala,extremely_close,10,3,1,6,0.3529411764705882,0.24803236,0.2547296,0.27790543,0.2483613,0.27260363
4f5c5c64-a627-59e4-9600-d84c42d93f70,gala,extremely_close,10,3,2,6,0.3529411764705882,0.21528816,0.24108168,0.25729015,0.2164861,0.2498217
4f5c5c64-a627-59e4-9600-d84c42d93f70,gala,extremely_close,10,3,3,3,0.1764705882352941,0.17409568,0.21113022,0.19394808,0.17617695,0.19168487
4f5c5c64-a627-59e4-9600-d84c42d93f70,conference,close,3,2,0,3,0.25,0.33627447,0.28567946,0.32390398,0.33383918,0.32497996
4f5c5c64-a627-59e4-9600-d84c42d93f70,conference,close,3,2,1,5,0.4166666666666667,0.32249793,0.2440027,0.31270492,0.32056218,0.31356868
4f5c5c64-a627-59e4-9600-d84c42d93f70,conference,close,3,2,2,3,0.25,0.19272308,0.2495618,0.22254248,0.19453102,0.21759544
4f5c5c64-a627-59e4-9600-d84c42d93f70,conference,close,3,2,3,1,0.0833333333333333,0.14850451,0.22075598,0.1408486,0.15106763,0.14385588
4f5c5c64-a627-59e4-9600-d84c42d93f70,drinks,extremely_close,7,3,0,2,0.1333333333333333,0.33517203,0.25649023,0.23276606,0.33253023,0.25004545
4f5c5c64-a627-59e4-9600-d84c42d93f70,drinks,extremely_close,7,3,1,5,0.3333333333333333,0.26757511,0.23912959,0.3014371,0.2672558,0.29548186
4f5c5c64-a627-59e4-9600-d84c42d93f70,drinks,extremely_close,7,3,2,4,0.2666666666666666,0.22562149,0.24335633,0.22504783,0.22650158,0.22667027
4f5c5c64-a627-59e4-9600-d84c42d93f70,drinks,extremely_close,7,3,3,4,0.2666666666666666,0.17163132,0.26102385,0.240749,0.17371236,0.22780243
4f5c5c64-a627-59e4-9600-d84c42d93f70,basketball,not_close,0,0,0,2,0.2222222222222222,0.3173009,0.27931517,0.40210518,0.3154185,0.38488865
4f5c5c64-a627-59e4-9600-d84c42d93f70,basketball,not_close,0,0,1,5,0.5555555555555556,0.31123364,0.2196531,0.34911686,0.3095655,0.34244534
4f5c5c64-a627-59e4-9600-d84c42d93f70,basketball,not_close,0,0,2,1,0.1111111111111111,0.22057617,0.24769424,0.14574708,0.22165884,0.15971808
4f5c5c64-a627-59e4-9600-d84c42d93f70,basketball,not_close,0,0,3,1,0.1111111111111111,0.15088934,0.25333744,0.10303085,0.15335715,0.11294795
4f5c5c64-a627-59e4-9600-d84c42d93f70,brunch,extremely_close,2,3,0,4,0.25,0.30243197,0.3026591,0.25437948,0.30091482,0.26270998
4f5c5c64-a627-59e4-9600-d84c42d93f70,brunch,extremely_close,2,3,1,1,0.0625,0.29379916,0.21859324,0.28251648,0.29257798,0.28429732
4f5c5c64-a627-59e4-9600-d84c42d93f70,brunch,extremely_close,2,3,2,5,0.3125,0.22932231,0.23039065,0.2505955,0.23006326,0.24698317
4f5c5c64-a627-59e4-9600-d84c42d93f70,brunch,extremely_close,2,3,3,6,0.375,0.17444655,0.24835704,0.21250848,0.17644392,0.20600952
4f5c5c64-a627-59e4-9600-d84c42d93f70,social,close,13,2,0,2,0.1818181818181818,0.38478413,0.29484272,0.3941475,0.38051066,0.38977
4f5c5c64-a627-59e4-9600-d84c42d93f70,social,close,13,2,1,3,0.2727272727272727,0.26153043,0.23070611,0.26863965,0.261622,0.2673677
4f5c5c64-a627-59e4-9600-d84c42d93f70,social,close,13,2,2,4,0.3636363636363636,0.20087723,0.25057164,0.19937879,0.20253547,0.20073907
4f5c5c64-a627-59e4-9600-d84c42d93f70,social,close,13,2,3,2,0.1818181818181818,0.15280823,0.22387956,0.13783406,0.15533185,0.14212327
4f5c5c64-a627-59e4-9600-d84c42d93f70,driving,not_close,8,0,0,5,0.3125,0.32080168,0.28850093,0.32237765,0.3188238,0.32171026
4f5c5c64-a627-59e4-9600-d84c42d93f70,driving,not_close,8,0,1,6,0.375,0.31365657,0.23262726,0.37901825,0.31193233,0.3648442
4f5c5c64-a627-59e4-9600-d84c42d93f70,driving,not_close,8,0,2,3,0.1875,0.21734229,0.23673908,0.18294969,0.21852566,0.19041178
4f5c5c64-a627-59e4-9600-d84c42d93f70,driving,not_close,8,0,3,2,0.125,0.14819951,0.24213271,0.11565435,0.1507182,0.12303381
4f5c5c64-a627-59e4-9600-d84c42d93f70,oysters,somewhat_close,12,1,0,6,0.6,0.3400336,0.31127194,0.35442063,0.3373747,0.34994653
4f5c5c64-a627-59e4-9600-d84c42d93f70,oysters,somewhat_close,12,1,1,2,0.2,0.30284005,0.21870834,0.30074957,0.3015121,0.30043343
4f5c5c64-a627-59e4-9600-d84c42d93f70,oysters,somewhat_close,12,1,2,1,0.1,0.20254946,0.2491106,0.19948952,0.20409547,0.20106164
4f5c5c64-a627-59e4-9600-d84c42d93f70,oysters,somewhat_close,12,1,3,1,0.1,0.15457693,0.22090909,0.14534028,0.1570177,0.1485584
4f5c5c64-a627-59e4-9600-d84c42d93f70,wedding,not_close,15,0,0,6,0.5454545454545454,0.30876625,0.29976675,0.35758772,0.30711403,0.34737545
4f5c5c64-a627-59e4-9600-d84c42d93f70,wedding,not_close,15,0,1,2,0.1818181818181818,0.29898903,0.2203311,0.32176432,0.29767475,0.31732672
4f5c5c64-a627-59e4-9600-d84c42d93f70,wedding,not_close,15,0,2,2,0.1818181818181818,0.23715827,0.23514688,0.22107239,0.23775323,0.2252434
4f5c5c64-a627-59e4-9600-d84c42d93f70,wedding,not_close,15,0,3,1,0.0909090909090909,0.15508646,0.24475528,0.099575475,0.15745798,0.110054396
4f5c5c64-a627-59e4-9600-d84c42d93f70,birthday,somewhat_close,1,1,0,2,0.1818181818181818,0.32165617,0.28021994,0.31222877,0.3196522,0.31307483
4f5c5c64-a627-59e4-9600-d84c42d93f70,birthday,somewhat_close,1,1,1,6,0.5454545454545454,0.31348172,0.22091691,0.33197084,0.311768,0.32734334
4f5c5c64-a627-59e4-9600-d84c42d93f70,birthday,somewhat_close,1,1,2,2,0.1818181818181818,0.21722111,0.24974371,0.2297937,0.21841055,0.22814302
4f5c5c64-a627-59e4-9600-d84c42d93f70,birthday,somewhat_close,1,1,3,1,0.0909090909090909,0.14764105,0.24911939,0.12600674,0.15016927,0.13143879
4f5c5c64-a627-59e4-9600-d84c42d93f70,fair,not_close,9,0,0,5,0.3846153846153846,0.32837287,0.2946545,0.33953634,0.32618845,0.33659288
4f5c5c64-a627-59e4-9600-d84c42d93f70,fair,not_close,9,0,1,5,0.3846153846153846,0.32105917,0.21227996,0.3681577,0.31913775,0.35772365
4f5c5c64-a627-59e4-9600-d84c42d93f70,fair,not_close,9,0,2,2,0.1538461538461538,0.20461664,0.2554765,0.17532648,0.20614377,0.18193142
4f5c5c64-a627-59e4-9600-d84c42d93f70,fair,not_close,9,0,3,1,0.0769230769230769,0.14595127,0.23758905,0.116979435,0.14853,0.12375206
4f5c5c64-a627-59e4-9600-d84c42d93f70,soup,somewhat_close,14,1,0,6,0.5454545454545454,0.33818597,0.3010139,0.34452966,0.33563444,0.3417673
4f5c5c64-a627-59e4-9600-d84c42d93f70,soup,somewhat_close,14,1,1,2,0.1818181818181818,0.31507322,0.22628844,0.3189721,0.31335708,0.31721324
4f5c5c64-a627-59e4-9600-d84c42d93f70,soup,somewhat_close,14,1,2,2,0.1818181818181818,0.18950173,0.22069465,0.19080658,0.19134966,0.1917101
4f5c5c64-a627-59e4-9600-d84c42d93f70,soup,somewhat_close,14,1,3,1,0.0909090909090909,0.15723914,0.25200298,0.14569166,0.15965882,0.14930934
4f5c5c64-a627-59e4-9600-d84c42d93f70,hike,somewhat_close,11,1,0,6,0.5454545454545454,0.33404678,0.30082837,0.33502132,0.33169934,0.3334202
4f5c5c64-a627-59e4-9600-d84c42d93f70,hike,somewhat_close,11,1,1,2,0.1818181818181818,0.32451156,0.21243119,0.32786852,0.32250962,0.32599643
4f5c5c64-a627-59e4-9600-d84c42d93f70,hike,somewhat_close,11,1,2,2,0.1818181818181818,0.19580749,0.25311163,0.19115357,0.19755435,0.19311021
4f5c5c64-a627-59e4-9600-d84c42d93f70,hike,somewhat_close,11,1,3,1,0.0909090909090909,0.14563413,0.23362878,0.14595659,0.14823666,0.1474731
4f5c5c64-a627-59e4-9600-d84c42d93f70,cooking,close,4,2,0,1,0.0625,0.32508844,0.28153455,0.25373095,0.32288563,0.2657937
4f5c5c64-a627-59e4-9600-d84c42d93f70,cooking,close,4,2,1,7,0.4375,0.30092797,0.22757895,0.3285871,0.2995782,0.32255453
4f5c5c64-a627-59e4-9600-d84c42d93f70,cooking,close,4,2,2,3,0.1875,0.21122348,0.2310226,0.23453203,0.21250805,0.23093651
4f5c5c64-a627-59e4-9600-d84c42d93f70,cooking,close,4,2,3,5,0.3125,0.16276015,0.2598639,0.18314992,0.1650281,0.18071517
4f5c5c64-a627-59e4-9600-d84c42d93f70,crabs,extremely_close,5,3,0,3,0.2307692307692307,0.32949838,0.29960105,0.32724842,0.3272346,0.32636657
4f5c5c64-a627-59e4-9600-d84c42d93f70,crabs,extremely_close,5,3,1,6,0.4615384615384615,0.32009298,0.23267563,0.31487674,0.31816855,0.31478795
4f5c5c64-a627-59e4-9600-d84c42d93f70,crabs,extremely_close,5,3,2,1,0.0769230769230769,0.18702544,0.23678833,0.17663889,0.18890499,0.17975125
4f5c5c64-a627-59e4-9600-d84c42d93f70,crabs,extremely_close,5,3,3,3,0.2307692307692307,0.16338322,0.23093499,0.18123591,0.16569182,0.17909427
c4826a9a-b32f-5168-a72a-46f8e7d55231,social,extremely_close,13,3,0,6,0.4615384615384615,0.38478413,0.29484272,0.35028762,0.38051066,0.35454354
c4826a9a-b32f-5168-a72a-46f8e7d55231,social,extremely_close,13,3,1,2,0.1538461538461538,0.26153043,0.23070611,0.26098487,0.261622,0.26121816
c4826a9a-b32f-5168-a72a-46f8e7d55231,social,extremely_close,13,3,2,3,0.2307692307692307,0.20087723,0.25057164,0.23086676,0.20253547,0.22578412
c4826a9a-b32f-5168-a72a-46f8e7d55231,social,extremely_close,13,3,3,2,0.1538461538461538,0.15280823,0.22387956,0.15786076,0.15533185,0.15845421
c4826a9a-b32f-5168-a72a-46f8e7d55231,gala,close,10,2,0,2,0.1176470588235294,0.36258376,0.29305857,0.3041355,0.35897562,0.31327608
c4826a9a-b32f-5168-a72a-46f8e7d55231,gala,close,10,2,1,6,0.3529411764705882,0.24803236,0.2547296,0.2767334,0.2483613,0.2712739
c4826a9a-b32f-5168-a72a-46f8e7d55231,gala,close,10,2,2,6,0.3529411764705882,0.21528816,0.24108168,0.24181442,0.2164861,0.23733611
c4826a9a-b32f-5168-a72a-46f8e7d55231,gala,close,10,2,3,3,0.1764705882352941,0.17409568,0.21113022,0.17731674,0.17617695,0.17811388
c4826a9a-b32f-5168-a72a-46f8e7d55231,wedding,not_close,15,0,0,7,0.5833333333333334,0.30876625,0.29976675,0.35758772,0.30711403,0.34737545
c4826a9a-b32f-5168-a72a-46f8e7d55231,wedding,not_close,15,0,1,2,0.1666666666666666,0.29898903,0.2203311,0.32176432,0.29767475,0.31732672
c4826a9a-b32f-5168-a72a-46f8e7d55231,wedding,not_close,15,0,2,2,0.1666666666666666,0.23715827,0.23514688,0.22107239,0.23775323,0.2252434
c4826a9a-b32f-5168-a72a-46f8e7d55231,wedding,not_close,15,0,3,1,0.0833333333333333,0.15508646,0.24475528,0.099575475,0.15745798,0.110054396
c4826a9a-b32f-5168-a72a-46f8e7d55231,driving,close,8,2,0,6,0.4285714285714285,0.32080168,0.28850093,0.30510676,0.3188238,0.30702308
c4826a9a-b32f-5168-a72a-46f8e7d55231,driving,close,8,2,1,5,0.3571428571428571,0.31365657,0.23262726,0.3255142,0.31193233,0.32208744
c4826a9a-b32f-5168-a72a-46f8e7d55231,driving,close,8,2,2,2,0.1428571428571428,0.21734229,0.23673908,0.21140538,0.21852566,0.21328457
c4826a9a-b32f-5168-a72a-46f8e7d55231,driving,close,8,2,3,1,0.0714285714285714,0.14819951,0.24213271,0.15797366,0.1507182,0.1576049
c4826a9a-b32f-5168-a72a-46f8e7d55231,drinks,close,7,2,0,5,0.3571428571428571,0.33517203,0.25649023,0.3006383,0.33253023,0.30577487
c4826a9a-b32f-5168-a72a-46f8e7d55231,drinks,close,7,2,1,5,0.3571428571428571,0.26757511,0.23912959,0.2817904,0.2672558,0.2787861
c4826a9a-b32f-5168-a72a-46f8e7d55231,drinks,close,7,2,2,2,0.1428571428571428,0.22562149,0.24335633,0.23456235,0.22650158,0.23337154
c4826a9a-b32f-5168-a72a-46f8e7d55231,drinks,close,7,2,3,2,0.1428571428571428,0.17163132,0.26102385,0.18300895,0.17371236,0.18206751
c4826a9a-b32f-5168-a72a-46f8e7d55231,brunch,not_close,2,0,0,5,0.3571428571428571,0.30243197,0.3026591,0.35060638,0.30091482,0.34033895
c4826a9a-b32f-5168-a72a-46f8e7d55231,brunch,not_close,2,0,1,5,0.3571428571428571,0.29379916,0.21859324,0.3063659,0.29257798,0.30384555
c4826a9a-b32f-5168-a72a-46f8e7d55231,brunch,not_close,2,0,2,2,0.1428571428571428,0.22932231,0.23039065,0.22114328,0.23006326,0.22373937
c4826a9a-b32f-5168-a72a-46f8e7d55231,brunch,not_close,2,0,3,2,0.1428571428571428,0.17444655,0.24835704,0.121884465,0.17644392,0.13207617
c4826a9a-b32f-5168-a72a-46f8e7d55231,basketball,not_close,0,0,0,5,0.5555555555555556,0.3173009,0.27931517,0.40210518,0.3154185,0.38488865
c4826a9a-b32f-5168-a72a-46f8e7d55231,basketball,not_close,0,0,1,2,0.2222222222222222,0.31123364,0.2196531,0.34911686,0.3095655,0.34244534
c4826a9a-b32f-5168-a72a-46f8e7d55231,basketball,not_close,0,0,2,1,0.1111111111111111,0.22057617,0.24769424,0.14574708,0.22165884,0.15971808
c4826a9a-b32f-5168-a72a-46f8e7d55231,basketball,not_close,0,0,3,1,0.1111111111111111,0.15088934,0.25333744,0.10303085,0.15335715,0.11294795
c4826a9a-b32f-5168-a72a-46f8e7d55231,fair,close,9,2,0,5,0.625,0.32837287,0.2946545,0.34993604,0.32618845,0.3445345
c4826a9a-b32f-5168-a72a-46f8e7d55231,fair,close,9,2,1,1,0.125,0.32105917,0.21227996,0.34182274,0.31913775,0.33674547
c4826a9a-b32f-5168-a72a-46f8e7d55231,fair,close,9,2,2,1,0.125,0.20461664,0.2554765,0.18358052,0.20614377,0.18860486
c4826a9a-b32f-5168-a72a-46f8e7d55231,fair,close,9,2,3,1,0.125,0.14595127,0.23758905,0.12466064,0.14853,0.13011518
c4826a9a-b32f-5168-a72a-46f8e7d55231,crabs,somewhat_close,5,1,0,6,0.4615384615384615,0.32949838,0.29960105,0.36052796,0.3272346,0.35396707
c4826a9a-b32f-5168-a72a-46f8e7d55231,crabs,somewhat_close,5,1,1,5,0.3846153846153846,0.32009298,0.23267563,0.37403747,0.31816855,0.36267853
c4826a9a-b32f-5168-a72a-46f8e7d55231,crabs,somewhat_close,5,1,2,1,0.0769230769230769,0.18702544,0.23678833,0.13190359,0.18890499,0.14269985
c4826a9a-b32f-5168-a72a-46f8e7d55231,crabs,somewhat_close,5,1,3,1,0.0769230769230769,0.16338322,0.23093499,0.13353097,0.16569182,0.14065453
c4826a9a-b32f-5168-a72a-46f8e7d55231,dip,somewhat_close,6,1,0,5,0.5,0.33769047,0.26539132,0.36435014,0.33498037,0.3577161
c4826a9a-b32f-5168-a72a-46f8e7d55231,dip,somewhat_close,6,1,1,2,0.2,0.2704545,0.25054428,0.28163436,0.27006677,0.27957094
c4826a9a-b32f-5168-a72a-46f8e7d55231,dip,somewhat_close,6,1,2,2,0.2,0.2244097,0.25625244,0.22864093,0.22533904,0.2287165
c4826a9a-b32f-5168-a72a-46f8e7d55231,dip,somewhat_close,6,1,3,1,0.1,0.16744532,0.22781193,0.12537463,0.16961384,0.1339964
c4826a9a-b32f-5168-a72a-46f8e7d55231,conference,somewhat_close,3,1,0,6,0.4285714285714285,0.33627447,0.28567946,0.33678538,0.33383918,0.33548558
c4826a9a-b32f-5168-a72a-46f8e7d55231,conference,somewhat_close,3,1,1,5,0.3571428571428571,0.32249793,0.2440027,0.34514695,0.32056218,0.33959094
c4826a9a-b32f-5168-a72a-46f8e7d55231,conference,somewhat_close,3,1,2,2,0.1428571428571428,0.19272308,0.2495618,0.19635226,0.19453102,0.19690198
c4826a9a-b32f-5168-a72a-46f8e7d55231,conference,somewhat_close,3,1,3,1,0.0714285714285714,0.14850451,0.22075598,0.1217154,0.15106763,0.1280215
c4826a9a-b32f-5168-a72a-46f8e7d55231,birthday,not_close,1,0,0,6,0.5454545454545454,0.32165617,0.28021994,0.37109387,0.3196522,0.36021808
c4826a9a-b32f-5168-a72a-46f8e7d55231,birthday,not_close,1,0,1,2,0.1818181818181818,0.31348172,0.22091691,0.33231905,0.311768,0.32817322
c4826a9a-b32f-5168-a72a-46f8e7d55231,birthday,not_close,1,0,2,2,0.1818181818181818,0.21722111,0.24974371,0.17350394,0.21841055,0.18240416
c4826a9a-b32f-5168-a72a-46f8e7d55231,birthday,not_close,1,0,3,1,0.0909090909090909,0.14764105,0.24911939,0.12308306,0.15016927,0.12920454
c4826a9a-b32f-5168-a72a-46f8e7d55231,cooking,somewhat_close,4,1,0,5,0.3846153846153846,0.32508844,0.28153455,0.3038481,0.32288563,0.30680162
c4826a9a-b32f-5168-a72a-46f8e7d55231,cooking,somewhat_close,4,1,1,5,0.3846153846153846,0.30092797,0.22757895,0.3294611,0.2995782,0.32287404
c4826a9a-b32f-5168-a72a-46f8e7d55231,cooking,somewhat_close,4,1,2,2,0.1538461538461538,0.21122348,0.2310226,0.2139687,0.21250805,0.21430032
c4826a9a-b32f-5168-a72a-46f8e7d55231,cooking,somewhat_close,4,1,3,1,0.0769230769230769,0.16276015,0.2598639,0.15272212,0.1650281,0.15602408
c4826a9a-b32f-5168-a72a-46f8e7d55231,hike,extremely_close,11,3,0,6,0.5454545454545454,0.33404678,0.30082837,0.33788186,0.33169934,0.33572078
c4826a9a-b32f-5168-a72a-46f8e7d55231,hike,extremely_close,11,3,1,3,0.2727272727272727,0.32451156,0.21243119,0.2973505,0.32250962,0.3014346
c4826a9a-b32f-5168-a72a-46f8e7d55231,hike,extremely_close,11,3,2,1,0.0909090909090909,0.19580749,0.25311163,0.20556362,0.19755435,0.2047168
c4826a9a-b32f-5168-a72a-46f8e7d55231,hike,extremely_close,11,3,3,1,0.0909090909090909,0.14563413,0.23362878,0.15920395,0.14823666,0.15812786
c4826a9a-b32f-5168-a72a-46f8e7d55231,soup,extremely_close,14,3,0,7,0.6363636363636364,0.33818597,0.3010139,0.31913835,0.33563444,0.32138214
c4826a9a-b32f-5168-a72a-46f8e7d55231,soup,extremely_close,14,3,1,2,0.1818181818181818,0.31507322,0.22628844,0.29832476,0.31335708,0.30060738
c4826a9a-b32f-5168-a72a-46f8e7d55231,soup,extremely_close,14,3,2,1,0.0909090909090909,0.18950173,0.22069465,0.210552,0.19134966,0.20745501
c4826a9a-b32f-5168-a72a-46f8e7d55231,soup,extremely_close,14,3,3,1,0.0909090909090909,0.15723914,0.25200298,0.17198491,0.15965882,0.17055549
c4826a9a-b32f-5168-a72a-46f8e7d55231,oysters,extremely_close,12,3,0,6,0.5,0.3400336,0.31127194,0.34521964,0.3373747,0.3425975
c4826a9a-b32f-5168-a72a-46f8e7d55231,oysters,extremely_close,12,3,1,3,0.25,0.30284005,0.21870834,0.30538067,0.3015121,0.30410308
c4826a9a-b32f-5168-a72a-46f8e7d55231,oysters,extremely_close,12,3,2,2,0.1666666666666666,0.20254946,0.2491106,0.20126957,0.20409547,0.20247553
c4826a9a-b32f-5168-a72a-46f8e7d55231,oysters,extremely_close,12,3,3,1,0.0833333333333333,0.15457693,0.22090909,0.1481301,0.1570177,0.15082388
8026e9b7-c504-50fc-aa1d-89e98edd10e0,cooking,somewhat_close,4,1,0,1,0.0833333333333333,0.32508844,0.28153455,0.3038481,0.32288563,0.30680162
8026e9b7-c504-50fc-aa1d-89e98edd10e0,cooking,somewhat_close,4,1,1,7,0.5833333333333334,0.30092797,0.22757895,0.3294611,0.2995782,0.32287404
8026e9b7-c504-50fc-aa1d-89e98edd10e0,cooking,somewhat_close,4,1,2,2,0.1666666666666666,0.21122348,0.2310226,0.2139687,0.21250805,0.21430032
8026e9b7-c504-50fc-aa1d-89e98edd10e0,cooking,somewhat_close,4,1,3,2,0.1666666666666666,0.16276015,0.2598639,0.15272212,0.1650281,0.15602408
8026e9b7-c504-50fc-aa1d-89e98edd10e0,gala,extremely_close,10,3,0,4,0.1739130434782608,0.36258376,0.29305857,0.27085638,0.35897562,0.28588986
8026e9b7-c504-50fc-aa1d-89e98edd10e0,gala,extremely_close,10,3,1,7,0.3043478260869565,0.24803236,0.2547296,0.27790543,0.2483613,0.27260363
8026e9b7-c504-50fc-aa1d-89e98edd10e0,gala,extremely_close,10,3,2,7,0.3043478260869565,0.21528816,0.24108168,0.25729015,0.2164861,0.2498217
8026e9b7-c504-50fc-aa1d-89e98edd10e0,gala,extremely_close,10,3,3,5,0.217391304347826,0.17409568,0.21113022,0.19394808,0.17617695,0.19168487
8026e9b7-c504-50fc-aa1d-89e98edd10e0,soup,not_close,14,0,0,7,0.7,0.33818597,0.3010139,0.3825187,0.33563444,0.37256363
8026e9b7-c504-50fc-aa1d-89e98edd10e0,soup,not_close,14,0,1,1,0.1,0.31507322,0.22628844,0.33879057,0.31335708,0.33371714
8026e9b7-c504-50fc-aa1d-89e98edd10e0,soup,not_close,14,0,2,1,0.1,0.18950173,0.22069465,0.16353203,0.19134966,0.16979322
8026e9b7-c504-50fc-aa1d-89e98edd10e0,soup,not_close,14,0,3,1,0.1,0.15723914,0.25200298,0.11515866,0.15965882,0.12392601
8026e9b7-c504-50fc-aa1d-89e98edd10e0,social,extremely_close,13,3,0,4,0.1904761904761904,0.38478413,0.29484272,0.35028762,0.38051066,0.35454354
8026e9b7-c504-50fc-aa1d-89e98edd10e0,social,extremely_close,13,3,1,6,0.2857142857142857,0.26153043,0.23070611,0.26098487,0.261622,0.26121816
8026e9b7-c504-50fc-aa1d-89e98edd10e0,social,extremely_close,13,3,2,7,0.3333333333333333,0.20087723,0.25057164,0.23086676,0.20253547,0.22578412
8026e9b7-c504-50fc-aa1d-89e98edd10e0,social,extremely_close,13,3,3,4,0.1904761904761904,0.15280823,0.22387956,0.15786076,0.15533185,0.15845421
8026e9b7-c504-50fc-aa1d-89e98edd10e0,basketball,not_close,0,0,0,7,0.5384615384615384,0.3173009,0.27931517,0.40210518,0.3154185,0.38488865
8026e9b7-c504-50fc-aa1d-89e98edd10e0,basketball,not_close,0,0,1,4,0.3076923076923077,0.31123364,0.2196531,0.34911686,0.3095655,0.34244534
8026e9b7-c504-50fc-aa1d-89e98edd10e0,basketball,not_close,0,0,2,1,0.0769230769230769,0.22057617,0.24769424,0.14574708,0.22165884,0.15971808
8026e9b7-c504-50fc-aa1d-89e98edd10e0,basketball,not_close,0,0,3,1,0.0769230769230769,0.15088934,0.25333744,0.10303085,0.15335715,0.11294795
8026e9b7-c504-50fc-aa1d-89e98edd10e0,oysters,extremely_close,12,3,0,4,0.2105263157894736,0.3400336,0.31127194,0.34521964,0.3373747,0.3425975
8026e9b7-c504-50fc-aa1d-89e98edd10e0,oysters,extremely_close,12,3,1,7,0.3684210526315789,0.30284005,0.21870834,0.30538067,0.3015121,0.30410308
8026e9b7-c504-50fc-aa1d-89e98edd10e0,oysters,extremely_close,12,3,2,4,0.2105263157894736,0.20254946,0.2491106,0.20126957,0.20409547,0.20247553
8026e9b7-c504-50fc-aa1d-89e98edd10e0,oysters,extremely_close,12,3,3,4,0.2105263157894736,0.15457693,0.22090909,0.1481301,0.1570177,0.15082388
8026e9b7-c504-50fc-aa1d-89e98edd10e0,wedding,not_close,15,0,0,7,0.7,0.30876625,0.29976675,0.35758772,0.30711403,0.34737545
8026e9b7-c504-50fc-aa1d-89e98edd10e0,wedding,not_close,15,0,1,1,0.1,0.29898903,0.2203311,0.32176432,0.29767475,0.31732672
8026e9b7-c504-50fc-aa1d-89e98edd10e0,wedding,not_close,15,0,2,1,0.1,0.23715827,0.23514688,0.22107239,0.23775323,0.2252434
8026e9b7-c504-50fc-aa1d-89e98edd10e0,wedding,not_close,15,0,3,1,0.1,0.15508646,0.24475528,0.099575475,0.15745798,0.110054396
8026e9b7-c504-50fc-aa1d-89e98edd10e0,drinks,close,7,2,0,4,0.2105263157894736,0.33517203,0.25649023,0.3006383,0.33253023,0.30577487
8026e9b7-c504-50fc-aa1d-89e98edd10e0,drinks,close,7,2,1,6,0.3157894736842105,0.26757511,0.23912959,0.2817904,0.2672558,0.2787861
8026e9b7-c504-50fc-aa1d-89e98edd10e0,drinks,close,7,2,2,6,0.3157894736842105,0.22562149,0.24335633,0.23456235,0.22650158,0.23337154
8026e9b7-c504-50fc-aa1d-89e98edd10e0,drinks,close,7,2,3,3,0.1578947368421052,0.17163132,0.26102385,0.18300895,0.17371236,0.18206751
8026e9b7-c504-50fc-aa1d-89e98edd10e0,fair,close,9,2,0,6,0.2727272727272727,0.32837287,0.2946545,0.34993604,0.32618845,0.3445345
8026e9b7-c504-50fc-aa1d-89e98edd10e0,fair,close,9,2,1,7,0.3181818181818182,0.32105917,0.21227996,0.34182274,0.31913775,0.33674547
8026e9b7-c504-50fc-aa1d-89e98edd10e0,fair,close,9,2,2,5,0.2272727272727272,0.20461664,0.2554765,0.18358052,0.20614377,0.18860486
8026e9b7-c504-50fc-aa1d-89e98edd10e0,fair,close,9,2,3,4,0.1818181818181818,0.14595127,0.23758905,0.12466064,0.14853,0.13011518
8026e9b7-c504-50fc-aa1d-89e98edd10e0,conference,somewhat_close,3,1,0,6,0.3157894736842105,0.33627447,0.28567946,0.33678538,0.33383918,0.33548558
8026e9b7-c504-50fc-aa1d-89e98edd10e0,conference,somewhat_close,3,1,1,7,0.3684210526315789,0.32249793,0.2440027,0.34514695,0.32056218,0.33959094
8026e9b7-c504-50fc-aa1d-89e98edd10e0,conference,somewhat_close,3,1,2,4,0.2105263157894736,0.19272308,0.2495618,0.19635226,0.19453102,0.19690198
8026e9b7-c504-50fc-aa1d-89e98edd10e0,conference,somewhat_close,3,1,3,2,0.1052631578947368,0.14850451,0.22075598,0.1217154,0.15106763,0.1280215
8026e9b7-c504-50fc-aa1d-89e98edd10e0,crabs,somewhat_close,5,1,0,6,0.3333333333333333,0.32949838,0.29960105,0.36052796,0.3272346,0.35396707
8026e9b7-c504-50fc-aa1d-89e98edd10e0,crabs,somewhat_close,5,1,1,5,0.2777777777777778,0.32009298,0.23267563,0.37403747,0.31816855,0.36267853
8026e9b7-c504-50fc-aa1d-89e98edd10e0,crabs,somewhat_close,5,1,2,5,0.2777777777777778,0.18702544,0.23678833,0.13190359,0.18890499,0.14269985
8026e9b7-c504-50fc-aa1d-89e98edd10e0,crabs,somewhat_close,5,1,3,2,0.1111111111111111,0.16338322,0.23093499,0.13353097,0.16569182,0.14065453
8026e9b7-c504-50fc-aa1d-89e98edd10e0,birthday,not_close,1,0,0,7,0.5,0.32165617,0.28021994,0.37109387,0.3196522,0.36021808
8026e9b7-c504-50fc-aa1d-89e98edd10e0,birthday,not_close,1,0,1,4,0.2857142857142857,0.31348172,0.22091691,0.33231905,0.311768,0.32817322
8026e9b7-c504-50fc-aa1d-89e98edd10e0,birthday,not_close,1,0,2,2,0.1428571428571428,0.21722111,0.24974371,0.17350394,0.21841055,0.18240416
8026e9b7-c504-50fc-aa1d-89e98edd10e0,birthday,not_close,1,0,3,1,0.0714285714285714,0.14764105,0.24911939,0.12308306,0.15016927,0.12920454
8026e9b7-c504-50fc-aa1d-89e98edd10e0,hike,extremely_close,11,3,0,6,0.24,0.33404678,0.30082837,0.33788186,0.33169934,0.33572078
8026e9b7-c504-50fc-aa1d-89e98edd10e0,hike,extremely_close,11,3,1,7,0.28,0.32451156,0.21243119,0.2973505,0.32250962,0.3014346
8026e9b7-c504-50fc-aa1d-89e98edd10e0,hike,extremely_close,11,3,2,6,0.24,0.19580749,0.25311163,0.20556362,0.19755435,0.2047168
8026e9b7-c504-50fc-aa1d-89e98edd10e0,hike,extremely_close,11,3,3,6,0.24,0.14563413,0.23362878,0.15920395,0.14823666,0.15812786
8026e9b7-c504-50fc-aa1d-89e98edd10e0,dip,close,6,2,0,6,0.3,0.33769047,0.26539132,0.34952283,0.33498037,0.3457275
8026e9b7-c504-50fc-aa1d-89e98edd10e0,dip,close,6,2,1,5,0.25,0.2704545,0.25054428,0.28651547,0.27006677,0.28323793
8026e9b7-c504-50fc-aa1d-89e98edd10e0,dip,close,6,2,2,5,0.25,0.2244097,0.25625244,0.22507222,0.22533904,0.22567739
8026e9b7-c504-50fc-aa1d-89e98edd10e0,dip,close,6,2,3,4,0.2,0.16744532,0.22781193,0.13888952,0.16961384,0.1453572
8026e9b7-c504-50fc-aa1d-89e98edd10e0,driving,close,8,2,0,6,0.3,0.32080168,0.28850093,0.30510676,0.3188238,0.30702308
8026e9b7-c504-50fc-aa1d-89e98edd10e0,driving,close,8,2,1,6,0.3,0.31365657,0.23262726,0.3255142,0.31193233,0.32208744
8026e9b7-c504-50fc-aa1d-89e98edd10e0,driving,close,8,2,2,4,0.2,0.21734229,0.23673908,0.21140538,0.21852566,0.21328457
8026e9b7-c504-50fc-aa1d-89e98edd10e0,driving,close,8,2,3,4,0.2,0.14819951,0.24213271,0.15797366,0.1507182,0.1576049
8026e9b7-c504-50fc-aa1d-89e98edd10e0,brunch,somewhat_close,2,1,0,4,0.2,0.30243197,0.3026591,0.31512022,0.30091482,0.31172588
8026e9b7-c504-50fc-aa1d-89e98edd10e0,brunch,somewhat_close,2,1,1,6,0.3,0.29379916,0.21859324,0.28702608,0.29257798,0.28772363
8026e9b7-c504-50fc-aa1d-89e98edd10e0,brunch,somewhat_close,2,1,2,6,0.3,0.22932231,0.23039065,0.24061216,0.23006326,0.23888367
8026e9b7-c504-50fc-aa1d-89e98edd10e0,brunch,somewhat_close,2,1,3,4,0.2,0.17444655,0.24835704,0.15724157,0.17644392,0.16166675
010a872c-b52a-5fa0-b767-0830e51a102c,dip,not_close,6,0,0,5,0.25,0.33769047,0.26539132,0.4222383,0.33498037,0.40336716
010a872c-b52a-5fa0-b767-0830e51a102c,dip,not_close,6,0,1,5,0.25,0.2704545,0.25054428,0.24091707,0.27006677,0.24709393
010a872c-b52a-5fa0-b767-0830e51a102c,dip,not_close,6,0,2,5,0.25,0.2244097,0.25625244,0.20938475,0.22533904,0.2135127
010a872c-b52a-5fa0-b767-0830e51a102c,dip,not_close,6,0,3,5,0.25,0.16744532,0.22781193,0.12745976,0.16961384,0.13602626
010a872c-b52a-5fa0-b767-0830e51a102c,soup,close,14,2,0,5,0.3846153846153846,0.33818597,0.3010139,0.3503503,0.33563444,0.34637958
010a872c-b52a-5fa0-b767-0830e51a102c,soup,close,14,2,1,3,0.2307692307692307,0.31507322,0.22628844,0.3096027,0.31335708,0.30970412
010a872c-b52a-5fa0-b767-0830e51a102c,soup,close,14,2,2,3,0.2307692307692307,0.18950173,0.22069465,0.19093937,0.19134966,0.19181013
010a872c-b52a-5fa0-b767-0830e51a102c,soup,close,14,2,3,2,0.1538461538461538,0.15723914,0.25200298,0.14910766,0.15965882,0.15210615
010a872c-b52a-5fa0-b767-0830e51a102c,brunch,extremely_close,2,3,0,5,0.2777777777777778,0.30243197,0.3026591,0.25437948,0.30091482,0.26270998
010a872c-b52a-5fa0-b767-0830e51a102c,brunch,extremely_close,2,3,1,5,0.2777777777777778,0.29379916,0.21859324,0.28251648,0.29257798,0.28429732
010a872c-b52a-5fa0-b767-0830e51a102c,brunch,extremely_close,2,3,2,4,0.2222222222222222,0.22932231,0.23039065,0.2505955,0.23006326,0.24698317
010a872c-b52a-5fa0-b767-0830e51a102c,brunch,extremely_close,2,3,3,4,0.2222222222222222,0.17444655,0.24835704,0.21250848,0.17644392,0.20600952
010a872c-b52a-5fa0-b767-0830e51a102c,basketball,close,0,2,0,5,0.2777777777777778,0.3173009,0.27931517,0.331041,0.3154185,0.32719913
010a872c-b52a-5fa0-b767-0830e51a102c,basketball,close,0,2,1,5,0.2777777777777778,0.31123364,0.2196531,0.3025721,0.3095655,0.30337024
010a872c-b52a-5fa0-b767-0830e51a102c,basketball,close,0,2,2,4,0.2222222222222222,0.22057617,0.24769424,0.19962241,0.22165884,0.20426738
010a872c-b52a-5fa0-b767-0830e51a102c,basketball,close,0,2,3,4,0.2222222222222222,0.15088934,0.25333744,0.16676445,0.15335715,0.16516323
010a872c-b52a-5fa0-b767-0830e51a102c,drinks,not_close,7,0,0,5,0.2631578947368421,0.33517203,0.25649023,0.30263433,0.33253023,0.30758438
010a872c-b52a-5fa0-b767-0830e51a102c,drinks,not_close,7,0,1,5,0.2631578947368421,0.26757511,0.23912959,0.31184286,0.2672558,0.30257833
010a872c-b52a-5fa0-b767-0830e51a102c,drinks,not_close,7,0,2,5,0.2631578947368421,0.22562149,0.24335633,0.22425486,0.22650158,0.22524028
010a872c-b52a-5fa0-b767-0830e51a102c,drinks,not_close,7,0,3,4,0.2105263157894736,0.17163132,0.26102385,0.16126789,0.17371236,0.16459699
010a872c-b52a-5fa0-b767-0830e51a102c,birthday,close,1,2,0,5,0.25,0.32165617,0.28021994,0.2816877,0.3196522,0.28819582
010a872c-b52a-5fa0-b767-0830e51a102c,birthday,close,1,2,1,5,0.25,0.31348172,0.22091691,0.31876132,0.311768,0.31678355
010a872c-b52a-5fa0-b767-0830e51a102c,birthday,close,1,2,2,5,0.25,0.21722111,0.24974371,0.23532178,0.21841055,0.23248664
010a872c-b52a-5fa0-b767-0830e51a102c,birthday,close,1,2,3,5,0.25,0.14764105,0.24911939,0.16422926,0.15016927,0.16253394
010a872c-b52a-5fa0-b767-0830e51a102c,wedding,close,15,2,0,5,0.2631578947368421,0.30876625,0.29976675,0.30674273,0.30711403,0.3061728
010a872c-b52a-5fa0-b767-0830e51a102c,wedding,close,15,2,1,5,0.2631578947368421,0.29898903,0.2203311,0.27808088,0.29767475,0.2813681
010a872c-b52a-5fa0-b767-0830e51a102c,wedding,close,15,2,2,5,0.2631578947368421,0.23715827,0.23514688,0.2490248,0.23775323,0.24702889
010a872c-b52a-5fa0-b767-0830e51a102c,wedding,close,15,2,3,4,0.2105263157894736,0.15508646,0.24475528,0.1661516,0.15745798,0.16543032
010a872c-b52a-5fa0-b767-0830e51a102c,social,somewhat_close,13,1,0,5,0.3125,0.38478413,0.29484272,0.3939905,0.38051066,0.38956168
010a872c-b52a-5fa0-b767-0830e51a102c,social,somewhat_close,13,1,1,4,0.25,0.26153043,0.23070611,0.2552778,0.261622,0.25658923
010a872c-b52a-5fa0-b767-0830e51a102c,social,somewhat_close,13,1,2,4,0.25,0.20087723,0.25057164,0.20189984,0.20253547,0.20272948
010a872c-b52a-5fa0-b767-0830e51a102c,social,somewhat_close,13,1,3,3,0.1875,0.15280823,0.22387956,0.14883181,0.15533185,0.15111957
010a872c-b52a-5fa0-b767-0830e51a102c,oysters,somewhat_close,12,1,0,5,0.2777777777777778,0.3400336,0.31127194,0.35442063,0.3373747,0.34994653
010a872c-b52a-5fa0-b767-0830e51a102c,oysters,somewhat_close,12,1,1,5,0.2777777777777778,0.30284005,0.21870834,0.30074957,0.3015121,0.30043343
010a872c-b52a-5fa0-b767-0830e51a102c,oysters,somewhat_close,12,1,2,4,0.2222222222222222,0.20254946,0.2491106,0.19948952,0.20409547,0.20106164
010a872c-b52a-5fa0-b767-0830e51a102c,oysters,somewhat_close,12,1,3,4,0.2222222222222222,0.15457693,0.22090909,0.14534028,0.1570177,0.1485584
010a872c-b52a-5fa0-b767-0830e51a102c,cooking,extremely_close,4,3,0,4,0.2105263157894736,0.32508844,0.28153455,0.26053262,0.32288563,0.27141792
010a872c-b52a-5fa0-b767-0830e51a102c,cooking,extremely_close,4,3,1,5,0.2631578947368421,0.30092797,0.22757895,0.31298968,0.2995782,0.31012288
010a872c-b52a-5fa0-b767-0830e51a102c,cooking,extremely_close,4,3,2,5,0.2631578947368421,0.21122348,0.2310226,0.23388302,0.21250805,0.23035794
010a872c-b52a-5fa0-b767-0830e51a102c,cooking,extremely_close,4,3,3,5,0.2631578947368421,0.16276015,0.2598639,0.19259474,0.1650281,0.18810125
010a872c-b52a-5fa0-b767-0830e51a102c,conference,extremely_close,3,3,0,4,0.2666666666666666,0.33627447,0.28567946,0.31225505,0.33383918,0.31567898
010a872c-b52a-5fa0-b767-0830e51a102c,conference,extremely_close,3,3,1,4,0.2666666666666666,0.32249793,0.2440027,0.29103574,0.32056218,0.29611537
010a872c-b52a-5fa0-b767-0830e51a102c,conference,extremely_close,3,3,2,5,0.3333333333333333,0.19272308,0.2495618,0.23289657,0.19453102,0.22576019
010a872c-b52a-5fa0-b767-0830e51a102c,conference,extremely_close,3,3,3,2,0.1333333333333333,0.14850451,0.22075598,0.16381264,0.15106763,0.16244544
010a872c-b52a-5fa0-b767-0830e51a102c,gala,somewhat_close,10,1,0,5,0.3125,0.36258376,0.29305857,0.32763717,0.35897562,0.33230746
010a872c-b52a-5fa0-b767-0830e51a102c,gala,somewhat_close,10,1,1,4,0.25,0.24803236,0.2547296,0.2531211,0.2483613,0.25235286
010a872c-b52a-5fa0-b767-0830e51a102c,gala,somewhat_close,10,1,2,4,0.25,0.21528816,0.24108168,0.2304504,0.2164861,0.2281751
010a872c-b52a-5fa0-b767-0830e51a102c,gala,somewhat_close,10,1,3,3,0.1875,0.17409568,0.21113022,0.18879129,0.17617695,0.18716459
010a872c-b52a-5fa0-b767-0830e51a102c,driving,not_close,8,0,0,5,0.3125,0.32080168,0.28850093,0.32237765,0.3188238,0.32171026
010a872c-b52a-5fa0-b767-0830e51a102c,driving,not_close,8,0,1,5,0.3125,0.31365657,0.23262726,0.37901825,0.31193233,0.3648442
010a872c-b52a-5fa0-b767-0830e51a102c,driving,not_close,8,0,2,4,0.25,0.21734229,0.23673908,0.18294969,0.21852566,0.19041178
010a872c-b52a-5fa0-b767-0830e51a102c,driving,not_close,8,0,3,2,0.125,0.14819951,0.24213271,0.11565435,0.1507182,0.12303381
010a872c-b52a-5fa0-b767-0830e51a102c,fair,not_close,9,0,0,5,0.3333333333333333,0.32837287,0.2946545,0.33953634,0.32618845,0.33659288
010a872c-b52a-5fa0-b767-0830e51a102c,fair,not_close,9,0,1,5,0.3333333333333333,0.32105917,0.21227996,0.3681577,0.31913775,0.35772365
010a872c-b52a-5fa0-b767-0830e51a102c,fair,not_close,9,0,2,3,0.2,0.20461664,0.2554765,0.17532648,0.20614377,0.18193142
010a872c-b52a-5fa0-b767-0830e51a102c,fair,not_close,9,0,3,2,0.1333333333333333,0.14595127,0.23758905,0.116979435,0.14853,0.12375206
010a872c-b52a-5fa0-b767-0830e51a102c,crabs,extremely_close,5,3,0,5,0.2777777777777778,0.32949838,0.29960105,0.32724842,0.3272346,0.32636657
010a872c-b52a-5fa0-b767-0830e51a102c,crabs,extremely_close,5,3,1,5,0.2777777777777778,0.32009298,0.23267563,0.31487674,0.31816855,0.31478795
010a872c-b52a-5fa0-b767-0830e51a102c,crabs,extremely_close,5,3,2,4,0.2222222222222222,0.18702544,0.23678833,0.17663889,0.18890499,0.17975125
010a872c-b52a-5fa0-b767-0830e51a102c,crabs,extremely_close,5,3,3,4,0.2222222222222222,0.16338322,0.23093499,0.18123591,0.16569182,0.17909427
010a872c-b52a-5fa0-b767-0830e51a102c,hike,somewhat_close,11,1,0,5,0.3125,0.33404678,0.30082837,0.33502132,0.33169934,0.3334202
010a872c-b52a-5fa0-b767-0830e51a102c,hike,somewhat_close,11,1,1,5,0.3125,0.32451156,0.21243119,0.32786852,0.32250962,0.32599643
010a872c-b52a-5fa0-b767-0830e51a102c,hike,somewhat_close,11,1,2,4,0.25,0.19580749,0.25311163,0.19115357,0.19755435,0.19311021
010a872c-b52a-5fa0-b767-0830e51a102c,hike,somewhat_close,11,1,3,2,0.125,0.14563413,0.23362878,0.14595659,0.14823666,0.1474731
47ce865d-01ab-5de3-955c-8219f0250ae0,crabs,close,5,2,0,2,0.1428571428571428,0.32949838,0.29960105,0.31679517,0.3272346,0.318014
47ce865d-01ab-5de3-955c-8219f0250ae0,crabs,close,5,2,1,6,0.4285714285714285,0.32009298,0.23267563,0.34010246,0.31816855,0.3349067
47ce865d-01ab-5de3-955c-8219f0250ae0,crabs,close,5,2,2,3,0.2142857142857142,0.18702544,0.23678833,0.18733868,0.18890499,0.18845895
47ce865d-01ab-5de3-955c-8219f0250ae0,crabs,close,5,2,3,3,0.2142857142857142,0.16338322,0.23093499,0.1557637,0.16569182,0.15862034
47ce865d-01ab-5de3-955c-8219f0250ae0,gala,somewhat_close,10,1,0,1,0.05,0.36258376,0.29305857,0.32763717,0.35897562,0.33230746
47ce865d-01ab-5de3-955c-8219f0250ae0,gala,somewhat_close,10,1,1,7,0.35,0.24803236,0.2547296,0.2531211,0.2483613,0.25235286
47ce865d-01ab-5de3-955c-8219f0250ae0,gala,somewhat_close,10,1,2,7,0.35,0.21528816,0.24108168,0.2304504,0.2164861,0.2281751
47ce865d-01ab-5de3-955c-8219f0250ae0,gala,somewhat_close,10,1,3,5,0.25,0.17409568,0.21113022,0.18879129,0.17617695,0.18716459
47ce865d-01ab-5de3-955c-8219f0250ae0,drinks,close,7,2,0,1,0.0769230769230769,0.33517203,0.25649023,0.3006383,0.33253023,0.30577487
47ce865d-01ab-5de3-955c-8219f0250ae0,drinks,close,7,2,1,6,0.4615384615384615,0.26757511,0.23912959,0.2817904,0.2672558,0.2787861
47ce865d-01ab-5de3-955c-8219f0250ae0,drinks,close,7,2,2,3,0.2307692307692307,0.22562149,0.24335633,0.23456235,0.22650158,0.23337154
47ce865d-01ab-5de3-955c-8219f0250ae0,drinks,close,7,2,3,3,0.2307692307692307,0.17163132,0.26102385,0.18300895,0.17371236,0.18206751
47ce865d-01ab-5de3-955c-8219f0250ae0,hike,not_close,11,0,0,5,0.4166666666666667,0.33404678,0.30082837,0.37751567,0.33169934,0.36750683
47ce865d-01ab-5de3-955c-8219f0250ae0,hike,not_close,11,0,1,5,0.4166666666666667,0.32451156,0.21243119,0.33200538,0.32250962,0.3297955
47ce865d-01ab-5de3-955c-8219f0250ae0,hike,not_close,11,0,2,1,0.0833333333333333,0.19580749,0.25311163,0.16379511,0.19755435,0.1708626
47ce865d-01ab-5de3-955c-8219f0250ae0,hike,not_close,11,0,3,1,0.0833333333333333,0.14563413,0.23362878,0.12668388,0.14823666,0.13183501
47ce865d-01ab-5de3-955c-8219f0250ae0,driving,extremely_close,8,3,0,1,0.05,0.32080168,0.28850093,0.27412885,0.3188238,0.28191045
47ce865d-01ab-5de3-955c-8219f0250ae0,driving,extremely_close,8,3,1,7,0.35,0.31365657,0.23262726,0.3215029,0.31193233,0.31907967
47ce865d-01ab-5de3-955c-8219f0250ae0,driving,extremely_close,8,3,2,7,0.35,0.21734229,0.23673908,0.22807299,0.21852566,0.2268027
47ce865d-01ab-5de3-955c-8219f0250ae0,driving,extremely_close,8,3,3,5,0.25,0.14819951,0.24213271,0.17629525,0.1507182,0.17220715
47ce865d-01ab-5de3-955c-8219f0250ae0,dip,close,6,2,0,7,0.3888888888888889,0.33769047,0.26539132,0.34952283,0.33498037,0.3457275
47ce865d-01ab-5de3-955c-8219f0250ae0,dip,close,6,2,1,7,0.3888888888888889,0.2704545,0.25054428,0.28651547,0.27006677,0.28323793
47ce865d-01ab-5de3-955c-8219f0250ae0,dip,close,6,2,2,3,0.1666666666666666,0.2244097,0.25625244,0.22507222,0.22533904,0.22567739
47ce865d-01ab-5de3-955c-8219f0250ae0,dip,close,6,2,3,1,0.0555555555555555,0.16744532,0.22781193,0.13888952,0.16961384,0.1453572
47ce865d-01ab-5de3-955c-8219f0250ae0,social,not_close,13,0,0,7,0.5384615384615384,0.38478413,0.29484272,0.45282483,0.38051066,0.43652424
47ce865d-01ab-5de3-955c-8219f0250ae0,social,not_close,13,0,1,2,0.1538461538461538,0.26153043,0.23070611,0.24479835,0.261622,0.24863854
47ce865d-01ab-5de3-955c-8219f0250ae0,social,not_close,13,0,2,2,0.1538461538461538,0.20087723,0.25057164,0.17145851,0.20253547,0.17819941
47ce865d-01ab-5de3-955c-8219f0250ae0,social,not_close,13,0,3,2,0.1538461538461538,0.15280823,0.22387956,0.13091831,0.15533185,0.1366378
47ce865d-01ab-5de3-955c-8219f0250ae0,oysters,not_close,12,0,0,7,0.4375,0.3400336,0.31127194,0.3653165,0.3373747,0.35897037
47ce865d-01ab-5de3-955c-8219f0250ae0,oysters,not_close,12,0,1,6,0.375,0.30284005,0.21870834,0.32647744,0.3015121,0.32125935
47ce865d-01ab-5de3-955c-8219f0250ae0,oysters,not_close,12,0,2,2,0.125,0.20254946,0.2491106,0.18403101,0.20409547,0.1886821
47ce865d-01ab-5de3-955c-8219f0250ae0,oysters,not_close,12,0,3,1,0.0625,0.15457693,0.22090909,0.12417514,0.1570177,0.13108808
47ce865d-01ab-5de3-955c-8219f0250ae0,wedding,somewhat_close,15,1,0,7,0.5833333333333334,0.30876625,0.29976675,0.3333098,0.30711403,0.32751745
47ce865d-01ab-5de3-955c-8219f0250ae0,wedding,somewhat_close,15,1,1,3,0.25,0.29898903,0.2203311,0.30216554,0.29767475,0.30098352
47ce865d-01ab-5de3-955c-8219f0250ae0,wedding,somewhat_close,15,1,2,1,0.0833333333333333,0.23715827,0.23514688,0.23644876,0.23775323,0.23714605
47ce865d-01ab-5de3-955c-8219f0250ae0,wedding,somewhat_close,15,1,3,1,0.0833333333333333,0.15508646,0.24475528,0.12807587,0.15745798,0.134353
47ce865d-01ab-5de3-955c-8219f0250ae0,conference,somewhat_close,3,1,0,4,0.2105263157894736,0.33627447,0.28567946,0.33678538,0.33383918,0.33548558
47ce865d-01ab-5de3-955c-8219f0250ae0,conference,somewhat_close,3,1,1,7,0.3684210526315789,0.32249793,0.2440027,0.34514695,0.32056218,0.33959094
47ce865d-01ab-5de3-955c-8219f0250ae0,conference,somewhat_close,3,1,2,7,0.3684210526315789,0.19272308,0.2495618,0.19635226,0.19453102,0.19690198
47ce865d-01ab-5de3-955c-8219f0250ae0,conference,somewhat_close,3,1,3,1,0.0526315789473684,0.14850451,0.22075598,0.1217154,0.15106763,0.1280215
47ce865d-01ab-5de3-955c-8219f0250ae0,birthday,extremely_close,1,3,0,7,0.35,0.32165617,0.28021994,0.29297653,0.3196522,0.2974144
47ce865d-01ab-5de3-955c-8219f0250ae0,birthday,extremely_close,1,3,1,7,0.35,0.31348172,0.22091691,0.2967644,0.311768,0.2991094
47ce865d-01ab-5de3-955c-8219f0250ae0,birthday,extremely_close,1,3,2,5,0.25,0.21722111,0.24974371,0.24162844,0.21841055,0.2374631
47ce865d-01ab-5de3-955c-8219f0250ae0,birthday,extremely_close,1,3,3,1,0.05,0.14764105,0.24911939,0.16863064,0.15016927,0.16601305
47ce865d-01ab-5de3-955c-8219f0250ae0,brunch,somewhat_close,2,1,0,4,0.2,0.30243197,0.3026591,0.31512022,0.30091482,0.31172588
47ce865d-01ab-5de3-955c-8219f0250ae0,brunch,somewhat_close,2,1,1,7,0.35,0.29379916,0.21859324,0.28702608,0.29257798,0.28772363
47ce865d-01ab-5de3-955c-8219f0250ae0,brunch,somewhat_close,2,1,2,7,0.35,0.22932231,0.23039065,0.24061216,0.23006326,0.23888367
47ce865d-01ab-5de3-955c-8219f0250ae0,brunch,somewhat_close,2,1,3,2,0.1,0.17444655,0.24835704,0.15724157,0.17644392,0.16166675
47ce865d-01ab-5de3-955c-8219f0250ae0,fair,extremely_close,9,3,0,3,0.1875,0.32837287,0.2946545,0.32941785,0.32618845,0.32789174
47ce865d-01ab-5de3-955c-8219f0250ae0,fair,extremely_close,9,3,1,6,0.375,0.32105917,0.21227996,0.31025007,0.31913775,0.3112323
47ce865d-01ab-5de3-955c-8219f0250ae0,fair,extremely_close,9,3,2,5,0.3125,0.20461664,0.2554765,0.19988796,0.20614377,0.2017246
47ce865d-01ab-5de3-955c-8219f0250ae0,fair,extremely_close,9,3,3,2,0.125,0.14595127,0.23758905,0.1604442,0.14853,0.1591514
47ce865d-01ab-5de3-955c-8219f0250ae0,basketball,extremely_close,0,3,0,2,0.1052631578947368,0.3173009,0.27931517,0.3131195,0.3154185,0.3128357
47ce865d-01ab-5de3-955c-8219f0250ae0,basketball,extremely_close,0,3,1,7,0.3684210526315789,0.31123364,0.2196531,0.3208935,0.3095655,0.31794766
47ce865d-01ab-5de3-955c-8219f0250ae0,basketball,extremely_close,0,3,2,7,0.3684210526315789,0.22057617,0.24769424,0.21410309,0.22165884,0.21602215
47ce865d-01ab-5de3-955c-8219f0250ae0,basketball,extremely_close,0,3,3,3,0.1578947368421052,0.15088934,0.25333744,0.15188394,0.15335715,0.15319455
47ce865d-01ab-5de3-955c-8219f0250ae0,cooking,not_close,4,0,0,1,0.0833333333333333,0.32508844,0.28153455,0.3056378,0.32288563,0.3086708
47ce865d-01ab-5de3-955c-8219f0250ae0,cooking,not_close,4,0,1,7,0.5833333333333334,0.30092797,0.22757895,0.36421698,0.2995782,0.35040545
47ce865d-01ab-5de3-955c-8219f0250ae0,cooking,not_close,4,0,2,3,0.25,0.21122348,0.2310226,0.18061243,0.21250805,0.1873101
47ce865d-01ab-5de3-955c-8219f0250ae0,cooking,not_close,4,0,3,1,0.0833333333333333,0.16276015,0.2598639,0.14953284,0.1650281,0.15361361
47ce865d-01ab-5de3-955c-8219f0250ae0,soup,close,14,2,0,7,0.4375,0.33818597,0.3010139,0.3503503,0.33563444,0.34637958
47ce865d-01ab-5de3-955c-8219f0250ae0,soup,close,14,2,1,3,0.1875,0.31507322,0.22628844,0.3096027,0.31335708,0.30970412
47ce865d-01ab-5de3-955c-8219f0250ae0,soup,close,14,2,2,3,0.1875,0.18950173,0.22069465,0.19093937,0.19134966,0.19181013
47ce865d-01ab-5de3-955c-8219f0250ae0,soup,close,14,2,3,3,0.1875,0.15723914,0.25200298,0.14910766,0.15965882,0.15210615
f6614eed-3825-5951-b17d-792706175160,soup,extremely_close,14,3,0,6,0.5454545454545454,0.33818597,0.3010139,0.31913835,0.33563444,0.32138214
f6614eed-3825-5951-b17d-792706175160,soup,extremely_close,14,3,1,1,0.0909090909090909,0.31507322,0.22628844,0.29832476,0.31335708,0.30060738
f6614eed-3825-5951-b17d-792706175160,soup,extremely_close,14,3,2,2,0.1818181818181818,0.18950173,0.22069465,0.210552,0.19134966,0.20745501
f6614eed-3825-5951-b17d-792706175160,soup,extremely_close,14,3,3,2,0.1818181818181818,0.15723914,0.25200298,0.17198491,0.15965882,0.17055549
f6614eed-3825-5951-b17d-792706175160,dip,somewhat_close,6,1,0,6,0.3333333333333333,0.33769047,0.26539132,0.36435014,0.33498037,0.3577161
f6614eed-3825-5951-b17d-792706175160,dip,somewhat_close,6,1,1,5,0.2777777777777778,0.2704545,0.25054428,0.28163436,0.27006677,0.27957094
f6614eed-3825-5951-b17d-792706175160,dip,somewhat_close,6,1,2,5,0.2777777777777778,0.2244097,0.25625244,0.22864093,0.22533904,0.2287165
f6614eed-3825-5951-b17d-792706175160,dip,somewhat_close,6,1,3,2,0.1111111111111111,0.16744532,0.22781193,0.12537463,0.16961384,0.1339964
f6614eed-3825-5951-b17d-792706175160,brunch,not_close,2,0,0,5,0.2777777777777778,0.30243197,0.3026591,0.35060638,0.30091482,0.34033895
f6614eed-3825-5951-b17d-792706175160,brunch,not_close,2,0,1,6,0.3333333333333333,0.29379916,0.21859324,0.3063659,0.29257798,0.30384555
f6614eed-3825-5951-b17d-792706175160,brunch,not_close,2,0,2,5,0.2777777777777778,0.22932231,0.23039065,0.22114328,0.23006326,0.22373937
f6614eed-3825-5951-b17d-792706175160,brunch,not_close,2,0,3,2,0.1111111111111111,0.17444655,0.24835704,0.121884465,0.17644392,0.13207617
f6614eed-3825-5951-b17d-792706175160,hike,close,11,2,0,5,0.3571428571428571,0.33404678,0.30082837,0.31649798,0.33169934,0.31855774
f6614eed-3825-5951-b17d-792706175160,hike,close,11,2,1,5,0.3571428571428571,0.32451156,0.21243119,0.31296036,0.32250962,0.31405988
f6614eed-3825-5951-b17d-792706175160,hike,close,11,2,2,2,0.1428571428571428,0.19580749,0.25311163,0.20188613,0.19755435,0.20176907
f6614eed-3825-5951-b17d-792706175160,hike,close,11,2,3,2,0.1428571428571428,0.14563413,0.23362878,0.16865557,0.14823666,0.16561331
f6614eed-3825-5951-b17d-792706175160,fair,close,9,2,0,3,0.2142857142857142,0.32837287,0.2946545,0.34993604,0.32618845,0.3445345
f6614eed-3825-5951-b17d-792706175160,fair,close,9,2,1,6,0.4285714285714285,0.32105917,0.21227996,0.34182274,0.31913775,0.33674547
f6614eed-3825-5951-b17d-792706175160,fair,close,9,2,2,3,0.2142857142857142,0.20461664,0.2554765,0.18358052,0.20614377,0.18860486
f6614eed-3825-5951-b17d-792706175160,fair,close,9,2,3,2,0.1428571428571428,0.14595127,0.23758905,0.12466064,0.14853,0.13011518
f6614eed-3825-5951-b17d-792706175160,crabs,somewhat_close,5,1,0,3,0.2307692307692307,0.32949838,0.29960105,0.36052796,0.3272346,0.35396707
f6614eed-3825-5951-b17d-792706175160,crabs,somewhat_close,5,1,1,6,0.4615384615384615,0.32009298,0.23267563,0.37403747,0.31816855,0.36267853
f6614eed-3825-5951-b17d-792706175160,crabs,somewhat_close,5,1,2,2,0.1538461538461538,0.18702544,0.23678833,0.13190359,0.18890499,0.14269985
f6614eed-3825-5951-b17d-792706175160,crabs,somewhat_close,5,1,3,2,0.1538461538461538,0.16338322,0.23093499,0.13353097,0.16569182,0.14065453
f6614eed-3825-5951-b17d-792706175160,driving,close,8,2,0,5,0.3333333333333333,0.32080168,0.28850093,0.30510676,0.3188238,0.30702308
f6614eed-3825-5951-b17d-792706175160,driving,close,8,2,1,6,0.4,0.31365657,0.23262726,0.3255142,0.31193233,0.32208744
f6614eed-3825-5951-b17d-792706175160,driving,close,8,2,2,2,0.1333333333333333,0.21734229,0.23673908,0.21140538,0.21852566,0.21328457
f6614eed-3825-5951-b17d-792706175160,driving,close,8,2,3,2,0.1333333333333333,0.14819951,0.24213271,0.15797366,0.1507182,0.1576049
f6614eed-3825-5951-b17d-792706175160,cooking,somewhat_close,4,1,0,1,0.0909090909090909,0.32508844,0.28153455,0.3038481,0.32288563,0.30680162
f6614eed-3825-5951-b17d-792706175160,cooking,somewhat_close,4,1,1,7,0.6363636363636364,0.30092797,0.22757895,0.3294611,0.2995782,0.32287404
f6614eed-3825-5951-b17d-792706175160,cooking,somewhat_close,4,1,2,2,0.1818181818181818,0.21122348,0.2310226,0.2139687,0.21250805,0.21430032
f6614eed-3825-5951-b17d-792706175160,cooking,somewhat_close,4,1,3,1,0.0909090909090909,0.16276015,0.2598639,0.15272212,0.1650281,0.15602408
f6614eed-3825-5951-b17d-792706175160,basketball,not_close,0,0,0,3,0.3,0.3173009,0.27931517,0.40210518,0.3154185,0.38488865
f6614eed-3825-5951-b17d-792706175160,basketball,not_close,0,0,1,5,0.5,0.31123364,0.2196531,0.34911686,0.3095655,0.34244534
f6614eed-3825-5951-b17d-792706175160,basketball,not_close,0,0,2,1,0.1,0.22057617,0.24769424,0.14574708,0.22165884,0.15971808
f6614eed-3825-5951-b17d-792706175160,basketball,not_close,0,0,3,1,0.1,0.15088934,0.25333744,0.10303085,0.15335715,0.11294795
f6614eed-3825-5951-b17d-792706175160,drinks,somewhat_close,7,1,0,5,0.2941176470588235,0.33517203,0.25649023,0.35535023,0.33253023,0.35018
f6614eed-3825-5951-b17d-792706175160,drinks,somewhat_close,7,1,1,5,0.2941176470588235,0.26757511,0.23912959,0.3067269,0.2672558,0.29884645
f6614eed-3825-5951-b17d-792706175160,drinks,somewhat_close,7,1,2,4,0.2352941176470588,0.22562149,0.24335633,0.19969311,0.22650158,0.20539983
f6614eed-3825-5951-b17d-792706175160,drinks,somewhat_close,7,1,3,3,0.1764705882352941,0.17163132,0.26102385,0.13822965,0.17371236,0.14557375
f6614eed-3825-5951-b17d-792706175160,oysters,extremely_close,12,3,0,5,0.3333333333333333,0.3400336,0.31127194,0.34521964,0.3373747,0.3425975
f6614eed-3825-5951-b17d-792706175160,oysters,extremely_close,12,3,1,6,0.4,0.30284005,0.21870834,0.30538067,0.3015121,0.30410308
f6614eed-3825-5951-b17d-792706175160,oysters,extremely_close,12,3,2,2,0.1333333333333333,0.20254946,0.2491106,0.20126957,0.20409547,0.20247553
f6614eed-3825-5951-b17d-792706175160,oysters,extremely_close,12,3,3,2,0.1333333333333333,0.15457693,0.22090909,0.1481301,0.1570177,0.15082388
f6614eed-3825-5951-b17d-792706175160,gala,close,10,2,0,2,0.1176470588235294,0.36258376,0.29305857,0.3041355,0.35897562,0.31327608
f6614eed-3825-5951-b17d-792706175160,gala,close,10,2,1,6,0.3529411764705882,0.24803236,0.2547296,0.2767334,0.2483613,0.2712739
f6614eed-3825-5951-b17d-792706175160,gala,close,10,2,2,6,0.3529411764705882,0.21528816,0.24108168,0.24181442,0.2164861,0.23733611
f6614eed-3825-5951-b17d-792706175160,gala,close,10,2,3,3,0.1764705882352941,0.17409568,0.21113022,0.17731674,0.17617695,0.17811388
f6614eed-3825-5951-b17d-792706175160,social,extremely_close,13,3,0,5,0.4166666666666667,0.38478413,0.29484272,0.35028762,0.38051066,0.35454354
f6614eed-3825-5951-b17d-792706175160,social,extremely_close,13,3,1,3,0.25,0.26153043,0.23070611,0.26098487,0.261622,0.26121816
f6614eed-3825-5951-b17d-792706175160,social,extremely_close,13,3,2,2,0.1666666666666666,0.20087723,0.25057164,0.23086676,0.20253547,0.22578412
f6614eed-3825-5951-b17d-792706175160,social,extremely_close,13,3,3,2,0.1666666666666666,0.15280823,0.22387956,0.15786076,0.15533185,0.15845421
f6614eed-3825-5951-b17d-792706175160,conference,not_close,3,0,0,5,0.3571428571428571,0.33627447,0.28567946,0.33324155,0.33383918,0.33397454
f6614eed-3825-5951-b17d-792706175160,conference,not_close,3,0,1,6,0.4285714285714285,0.32249793,0.2440027,0.41457385,0.32056218,0.3949526
f6614eed-3825-5951-b17d-792706175160,conference,not_close,3,0,2,2,0.1428571428571428,0.19272308,0.2495618,0.14458562,0.19453102,0.15464573
f6614eed-3825-5951-b17d-792706175160,conference,not_close,3,0,3,1,0.0714285714285714,0.14850451,0.22075598,0.10759906,0.15106763,0.11642715
f6614eed-3825-5951-b17d-792706175160,wedding,extremely_close,15,3,0,6,0.3333333333333333,0.30876625,0.29976675,0.29720375,0.30711403,0.2985504
f6614eed-3825-5951-b17d-792706175160,wedding,extremely_close,15,3,1,5,0.2777777777777778,0.29898903,0.2203311,0.27952927,0.29767475,0.2825817
f6614eed-3825-5951-b17d-792706175160,wedding,extremely_close,15,3,2,5,0.2777777777777778,0.23715827,0.23514688,0.2412807,0.23775323,0.24087891
f6614eed-3825-5951-b17d-792706175160,wedding,extremely_close,15,3,3,2,0.1111111111111111,0.15508646,0.24475528,0.18198623,0.15745798,0.17798899
f6614eed-3825-5951-b17d-792706175160,birthday,not_close,1,0,0,7,0.6363636363636364,0.32165617,0.28021994,0.37109387,0.3196522,0.36021808
f6614eed-3825-5951-b17d-792706175160,birthday,not_close,1,0,1,2,0.1818181818181818,0.31348172,0.22091691,0.33231905,0.311768,0.32817322
f6614eed-3825-5951-b17d-792706175160,birthday,not_close,1,0,2,1,0.0909090909090909,0.21722111,0.24974371,0.17350394,0.21841055,0.18240416
f6614eed-3825-5951-b17d-792706175160,birthday,not_close,1,0,3,1,0.0909090909090909,0.14764105,0.24911939,0.12308306,0.15016927,0.12920454
83e03c46-b0e1-520d-8799-694b6404dd82,hike,extremely_close,11,3,0,5,0.2631578947368421,0.33404678,0.30082837,0.33788186,0.33169934,0.33572078
83e03c46-b0e1-520d-8799-694b6404dd82,hike,extremely_close,11,3,1,6,0.3157894736842105,0.32451156,0.21243119,0.2973505,0.32250962,0.3014346
83e03c46-b0e1-520d-8799-694b6404dd82,hike,extremely_close,11,3,2,6,0.3157894736842105,0.19580749,0.25311163,0.20556362,0.19755435,0.2047168
83e03c46-b0e1-520d-8799-694b6404dd82,hike,extremely_close,11,3,3,2,0.1052631578947368,0.14563413,0.23362878,0.15920395,0.14823666,0.15812786
83e03c46-b0e1-520d-8799-694b6404dd82,brunch,extremely_close,2,3,0,1,0.25,0.30243197,0.3026591,0.25437948,0.30091482,0.26270998
83e03c46-b0e1-520d-8799-694b6404dd82,brunch,extremely_close,2,3,1,1,0.25,0.29379916,0.21859324,0.28251648,0.29257798,0.28429732
83e03c46-b0e1-520d-8799-694b6404dd82,brunch,extremely_close,2,3,2,1,0.25,0.22932231,0.23039065,0.2505955,0.23006326,0.24698317
83e03c46-b0e1-520d-8799-694b6404dd82,brunch,extremely_close,2,3,3,1,0.25,0.17444655,0.24835704,0.21250848,0.17644392,0.20600952
83e03c46-b0e1-520d-8799-694b6404dd82,crabs,not_close,5,0,0,2,0.3333333333333333,0.32949838,0.29960105,0.33250704,0.3272346,0.33146152
83e03c46-b0e1-520d-8799-694b6404dd82,crabs,not_close,5,0,1,1,0.1666666666666666,0.32009298,0.23267563,0.38626826,0.31816855,0.37187403
83e03c46-b0e1-520d-8799-694b6404dd82,crabs,not_close,5,0,2,1,0.1666666666666666,0.18702544,0.23678833,0.15252548,0.18890499,0.16021432
83e03c46-b0e1-520d-8799-694b6404dd82,crabs,not_close,5,0,3,2,0.3333333333333333,0.16338322,0.23093499,0.12869921,0.16569182,0.13645016
83e03c46-b0e1-520d-8799-694b6404dd82,social,close,13,2,0,5,0.4545454545454545,0.38478413,0.29484272,0.3941475,0.38051066,0.38977
83e03c46-b0e1-520d-8799-694b6404dd82,social,close,13,2,1,2,0.1818181818181818,0.26153043,0.23070611,0.26863965,0.261622,0.2673677
83e03c46-b0e1-520d-8799-694b6404dd82,social,close,13,2,2,2,0.1818181818181818,0.20087723,0.25057164,0.19937879,0.20253547,0.20073907
83e03c46-b0e1-520d-8799-694b6404dd82,social,close,13,2,3,2,0.1818181818181818,0.15280823,0.22387956,0.13783406,0.15533185,0.14212327
83e03c46-b0e1-520d-8799-694b6404dd82,basketball,somewhat_close,0,1,0,2,0.1666666666666666,0.3173009,0.27931517,0.3148467,0.3154185,0.31423575
83e03c46-b0e1-520d-8799-694b6404dd82,basketball,somewhat_close,0,1,1,5,0.4166666666666667,0.31123364,0.2196531,0.32266358,0.3095655,0.31937057
83e03c46-b0e1-520d-8799-694b6404dd82,basketball,somewhat_close,0,1,2,2,0.1666666666666666,0.22057617,0.24769424,0.21528408,0.22165884,0.21698892
83e03c46-b0e1-520d-8799-694b6404dd82,basketball,somewhat_close,0,1,3,3,0.25,0.15088934,0.25333744,0.14720571,0.15335715,0.1494048
83e03c46-b0e1-520d-8799-694b6404dd82,cooking,close,4,2,0,5,0.2777777777777778,0.32508844,0.28153455,0.25373095,0.32288563,0.2657937
83e03c46-b0e1-520d-8799-694b6404dd82,cooking,close,4,2,1,5,0.2777777777777778,0.30092797,0.22757895,0.3285871,0.2995782,0.32255453
83e03c46-b0e1-520d-8799-694b6404dd82,cooking,close,4,2,2,5,0.2777777777777778,0.21122348,0.2310226,0.23453203,0.21250805,0.23093651
83e03c46-b0e1-520d-8799-694b6404dd82,cooking,close,4,2,3,3,0.1666666666666666,0.16276015,0.2598639,0.18314992,0.1650281,0.18071517
83e03c46-b0e1-520d-8799-694b6404dd82,conference,not_close,3,0,0,6,0.3333333333333333,0.33627447,0.28567946,0.33324155,0.33383918,0.33397454
83e03c46-b0e1-520d-8799-694b6404dd82,conference,not_close,3,0,1,5,0.2777777777777778,0.32249793,0.2440027,0.41457385,0.32056218,0.3949526
83e03c46-b0e1-520d-8799-694b6404dd82,conference,not_close,3,0,2,5,0.2777777777777778,0.19272308,0.2495618,0.14458562,0.19453102,0.15464573
83e03c46-b0e1-520d-8799-694b6404dd82,conference,not_close,3,0,3,2,0.1111111111111111,0.14850451,0.22075598,0.10759906,0.15106763,0.11642715
83e03c46-b0e1-520d-8799-694b6404dd82,driving,somewhat_close,8,1,0,1,0.0714285714285714,0.32080168,0.28850093,0.31517804,0.3188238,0.3153335
83e03c46-b0e1-520d-8799-694b6404dd82,driving,somewhat_close,8,1,1,6,0.4285714285714285,0.31365657,0.23262726,0.34766352,0.31193233,0.33977747
83e03c46-b0e1-520d-8799-694b6404dd82,driving,somewhat_close,8,1,2,2,0.1428571428571428,0.21734229,0.23673908,0.20519517,0.21852566,0.20837864
83e03c46-b0e1-520d-8799-694b6404dd82,driving,somewhat_close,8,1,3,5,0.3571428571428571,0.14819951,0.24213271,0.13196324,0.1507182,0.13651037
83e03c46-b0e1-520d-8799-694b6404dd82,birthday,close,1,2,0,2,0.1333333333333333,0.32165617,0.28021994,0.2816877,0.3196522,0.28819582
83e03c46-b0e1-520d-8799-694b6404dd82,birthday,close,1,2,1,5,0.3333333333333333,0.31348172,0.22091691,0.31876132,0.311768,0.31678355
83e03c46-b0e1-520d-8799-694b6404dd82,birthday,close,1,2,2,6,0.4,0.21722111,0.24974371,0.23532178,0.21841055,0.23248664
83e03c46-b0e1-520d-8799-694b6404dd82,birthday,close,1,2,3,2,0.1333333333333333,0.14764105,0.24911939,0.16422926,0.15016927,0.16253394
83e03c46-b0e1-520d-8799-694b6404dd82,dip,somewhat_close,6,1,0,5,0.3846153846153846,0.33769047,0.26539132,0.36435014,0.33498037,0.3577161
83e03c46-b0e1-520d-8799-694b6404dd82,dip,somewhat_close,6,1,1,3,0.2307692307692307,0.2704545,0.25054428,0.28163436,0.27006677,0.27957094
83e03c46-b0e1-520d-8799-694b6404dd82,dip,somewhat_close,6,1,2,2,0.1538461538461538,0.2244097,0.25625244,0.22864093,0.22533904,0.2287165
83e03c46-b0e1-520d-8799-694b6404dd82,dip,somewhat_close,6,1,3,3,0.2307692307692307,0.16744532,0.22781193,0.12537463,0.16961384,0.1339964
83e03c46-b0e1-520d-8799-694b6404dd82,gala,extremely_close,10,3,0,6,0.3157894736842105,0.36258376,0.29305857,0.27085638,0.35897562,0.28588986
83e03c46-b0e1-520d-8799-694b6404dd82,gala,extremely_close,10,3,1,5,0.2631578947368421,0.24803236,0.2547296,0.27790543,0.2483613,0.27260363
83e03c46-b0e1-520d-8799-694b6404dd82,gala,extremely_close,10,3,2,6,0.3157894736842105,0.21528816,0.24108168,0.25729015,0.2164861,0.2498217
83e03c46-b0e1-520d-8799-694b6404dd82,gala,extremely_close,10,3,3,2,0.1052631578947368,0.17409568,0.21113022,0.19394808,0.17617695,0.19168487
83e03c46-b0e1-520d-8799-694b6404dd82,fair,somewhat_close,9,1,0,5,0.2777777777777778,0.32837287,0.2946545,0.29791787,0.32618845,0.30253178
83e03c46-b0e1-520d-8799-694b6404dd82,fair,somewhat_close,9,1,1,2,0.1111111111111111,0.32105917,0.21227996,0.32904878,0.31913775,0.32632118
83e03c46-b0e1-520d-8799-694b6404dd82,fair,somewhat_close,9,1,2,5,0.2777777777777778,0.20461664,0.2554765,0.2179913,0.20614377,0.21628724
83e03c46-b0e1-520d-8799-694b6404dd82,fair,somewhat_close,9,1,3,6,0.3333333333333333,0.14595127,0.23758905,0.15504195,0.14853,0.15485977
83e03c46-b0e1-520d-8799-694b6404dd82,wedding,extremely_close,15,3,0,5,0.2083333333333333,0.30876625,0.29976675,0.29720375,0.30711403,0.2985504
83e03c46-b0e1-520d-8799-694b6404dd82,wedding,extremely_close,15,3,1,6,0.25,0.29898903,0.2203311,0.27952927,0.29767475,0.2825817
83e03c46-b0e1-520d-8799-694b6404dd82,wedding,extremely_close,15,3,2,6,0.25,0.23715827,0.23514688,0.2412807,0.23775323,0.24087891
83e03c46-b0e1-520d-8799-694b6404dd82,wedding,extremely_close,15,3,3,7,0.2916666666666667,0.15508646,0.24475528,0.18198623,0.15745798,0.17798899
83e03c46-b0e1-520d-8799-694b6404dd82,soup,not_close,14,0,0,6,0.375,0.33818597,0.3010139,0.3825187,0.33563444,0.37256363
83e03c46-b0e1-520d-8799-694b6404dd82,soup,not_close,14,0,1,5,0.3125,0.31507322,0.22628844,0.33879057,0.31335708,0.33371714
83e03c46-b0e1-520d-8799-694b6404dd82,soup,not_close,14,0,2,2,0.125,0.18950173,0.22069465,0.16353203,0.19134966,0.16979322
83e03c46-b0e1-520d-8799-694b6404dd82,soup,not_close,14,0,3,3,0.1875,0.15723914,0.25200298,0.11515866,0.15965882,0.12392601
83e03c46-b0e1-520d-8799-694b6404dd82,oysters,close,12,2,0,6,0.3,0.3400336,0.31127194,0.3257782,0.3373747,0.3269814
83e03c46-b0e1-520d-8799-694b6404dd82,oysters,close,12,2,1,5,0.25,0.30284005,0.21870834,0.30453157,0.3015121,0.30337986
83e03c46-b0e1-520d-8799-694b6404dd82,oysters,close,12,2,2,6,0.3,0.20254946,0.2491106,0.20594548,0.20409547,0.20621069
83e03c46-b0e1-520d-8799-694b6404dd82,oysters,close,12,2,3,3,0.15,0.15457693,0.22090909,0.16374475,0.1570177,0.1634281
83e03c46-b0e1-520d-8799-694b6404dd82,drinks,not_close,7,0,0,2,0.1052631578947368,0.33517203,0.25649023,0.30263433,0.33253023,0.30758438
83e03c46-b0e1-520d-8799-694b6404dd82,drinks,not_close,7,0,1,6,0.3157894736842105,0.26757511,0.23912959,0.31184286,0.2672558,0.30257833
83e03c46-b0e1-520d-8799-694b6404dd82,drinks,not_close,7,0,2,5,0.2631578947368421,0.22562149,0.24335633,0.22425486,0.22650158,0.22524028
83e03c46-b0e1-520d-8799-694b6404dd82,drinks,not_close,7,0,3,6,0.3157894736842105,0.17163132,0.26102385,0.16126789,0.17371236,0.16459699
5c0fdc38-94da-5ce9-8dd7-f2cc95e5fb61,driving,not_close,8,0,0,3,0.2142857142857142,0.32080168,0.28850093,0.32237765,0.3188238,0.32171026
5c0fdc38-94da-5ce9-8dd7-f2cc95e5fb61,driving,not_close,8,0,1,7,0.5,0.31365657,0.23262726,0.37901825,0.31193233,0.3648442
5c0fdc38-94da-5ce9-8dd7-f2cc95e5fb61,driving,not_close,8,0,2,1,0.0714285714285714,0.21734229,0.23673908,0.18294969,0.21852566,0.19041178
5c0fdc38-94da-5ce9-8dd7-f2cc95e5fb61,driving,not_close,8,0,3,3,0.2142857142857142,0.14819951,0.24213271,0.11565435,0.1507182,0.12303381
5c0fdc38-94da-5ce9-8dd7-f2cc95e5fb61,brunch,close,2,2,0,3,0.1875,0.30243197,0.3026591,0.2907551,0.30091482,0.29213974
5c0fdc38-94da-5ce9-8dd7-f2cc95e5fb61,brunch,close,2,2,1,6,0.375,0.29379916,0.21859324,0.28704393,0.29257798,0.28764403
5c0fdc38-94da-5ce9-8dd7-f2cc95e5fb61,brunch,close,2,2,2,5,0.3125,0.22932231,0.23039065,0.23673561,0.23006326,0.23571382
5c0fdc38-94da-5ce9-8dd7-f2cc95e5fb61,brunch,close,2,2,3,2,0.125,0.17444655,0.24835704,0.1854654,0.17644392,0.1845024
5c0fdc38-94da-5ce9-8dd7-f2cc95e5fb61,crabs,extremely_close,5,3,0,2,0.1666666666666666,0.32949838,0.29960105,0.32724842,0.3272346,0.32636657
5c0fdc38-94da-5ce9-8dd7-f2cc95e5fb61,crabs,extremely_close,5,3,1,6,0.5,0.32009298,0.23267563,0.31487674,0.31816855,0.31478795
5c0fdc38-94da-5ce9-8dd7-f2cc95e5fb61,crabs,extremely_close,5,3,2,2,0.1666666666666666,0.18702544,0.23678833,0.17663889,0.18890499,0.17975125
5c0fdc38-94da-5ce9-8dd7-f2cc95e5fb61,crabs,extremely_close,5,3,3,2,0.1666666666666666,0.16338322,0.23093499,0.18123591,0.16569182,0.17909427
5c0fdc38-94da-5ce9-8dd7-f2cc95e5fb61,dip,extremely_close,6,3,0,7,0.35,0.33769047,0.26539132,0.3300849,0.33498037,0.3299841
5c0fdc38-94da-5ce9-8dd7-f2cc95e5fb61,dip,extremely_close,6,3,1,6,0.3,0.2704545,0.25054428,0.27360496,0.27006677,0.27276102
5c0fdc38-94da-5ce9-8dd7-f2cc95e5fb61,dip,extremely_close,6,3,2,4,0.2,0.2244097,0.25625244,0.23491126,0.22533904,0.23339608
5c0fdc38-94da-5ce9-8dd7-f2cc95e5fb61,dip,extremely_close,6,3,3,3,0.15,0.16744532,0.22781193,0.16139889,0.16961384,0.1638588
5c0fdc38-94da-5ce9-8dd7-f2cc95e5fb61,fair,not_close,9,0,0,2,0.2,0.32837287,0.2946545,0.33953634,0.32618845,0.33659288
5c0fdc38-94da-5ce9-8dd7-f2cc95e5fb61,fair,not_close,9,0,1,6,0.6,0.32105917,0.21227996,0.3681577,0.31913775,0.35772365
5c0fdc38-94da-5ce9-8dd7-f2cc95e5fb61,fair,not_close,9,0,2,1,0.1,0.20461664,0.2554765,0.17532648,0.20614377,0.18193142
5c0fdc38-94da-5ce9-8dd7-f2cc95e5fb61,fair,not_close,9,0,3,1,0.1,0.14595127,0.23758905,0.116979435,0.14853,0.12375206
5c0fdc38-94da-5ce9-8dd7-f2cc95e5fb61,oysters,somewhat_close,12,1,0,2,0.1818181818181818,0.3400336,0.31127194,0.35442063,0.3373747,0.34994653
5c0fdc38-94da-5ce9-8dd7-f2cc95e5fb61,oysters,somewhat_close,12,1,1,6,0.5454545454545454,0.30284005,0.21870834,0.30074957,0.3015121,0.30043343
5c0fdc38-94da-5ce9-8dd7-f2cc95e5fb61,oysters,somewhat_close,12,1,2,2,0.1818181818181818,0.20254946,0.2491106,0.19948952,0.20409547,0.20106164
5c0fdc38-94da-5ce9-8dd7-f2cc95e5fb61,oysters,somewhat_close,12,1,3,1,0.0909090909090909,0.15457693,0.22090909,0.14534028,0.1570177,0.1485584
5c0fdc38-94da-5ce9-8dd7-f2cc95e5fb61,gala,not_close,10,0,0,6,0.3529411764705882,0.36258376,0.29305857,0.39073783,0.35897562,0.38308117
5c0fdc38-94da-5ce9-8dd7-f2cc95e5fb61,gala,not_close,10,0,1,5,0.2941176470588235,0.24803236,0.2547296,0.25930107,0.2483613,0.25750896
5c0fdc38-94da-5ce9-8dd7-f2cc95e5fb61,gala,not_close,10,0,2,5,0.2941176470588235,0.21528816,0.24108168,0.20672406,0.2164861,0.20930924
5c0fdc38-94da-5ce9-8dd7-f2cc95e5fb61,gala,not_close,10,0,3,1,0.0588235294117647,0.17409568,0.21113022,0.143237,0.17617695,0.15010062
5c0fdc38-94da-5ce9-8dd7-f2cc95e5fb61,social,somewhat_close,13,1,0,5,0.5,0.38478413,0.29484272,0.3939905,0.38051066,0.38956168
5c0fdc38-94da-5ce9-8dd7-f2cc95e5fb61,social,somewhat_close,13,1,1,3,0.3,0.26153043,0.23070611,0.2552778,0.261622,0.25658923
5c0fdc38-94da-5ce9-8dd7-f2cc95e5fb61,social,somewhat_close,13,1,2,1,0.1,0.20087723,0.25057164,0.20189984,0.20253547,0.20272948
5c0fdc38-94da-5ce9-8dd7-f2cc95e5fb61,social,somewhat_close,13,1,3,1,0.1,0.15280823,0.22387956,0.14883181,0.15533185,0.15111957
5c0fdc38-94da-5ce9-8dd7-f2cc95e5fb61,hike,not_close,11,0,0,5,0.3571428571428571,0.33404678,0.30082837,0.37751567,0.33169934,0.36750683
5c0fdc38-94da-5ce9-8dd7-f2cc95e5fb61,hike,not_close,11,0,1,6,0.4285714285714285,0.32451156,0.21243119,0.33200538,0.32250962,0.3297955
5c0fdc38-94da-5ce9-8dd7-f2cc95e5fb61,hike,not_close,11,0,2,2,0.1428571428571428,0.19580749,0.25311163,0.16379511,0.19755435,0.1708626
5c0fdc38-94da-5ce9-8dd7-f2cc95e5fb61,hike,not_close,11,0,3,1,0.0714285714285714,0.14563413,0.23362878,0.12668388,0.14823666,0.13183501
5c0fdc38-94da-5ce9-8dd7-f2cc95e5fb61,cooking,extremely_close,4,3,0,1,0.1,0.32508844,0.28153455,0.26053262,0.32288563,0.27141792
5c0fdc38-94da-5ce9-8dd7-f2cc95e5fb61,cooking,extremely_close,4,3,1,7,0.7,0.30092797,0.22757895,0.31298968,0.2995782,0.31012288
5c0fdc38-94da-5ce9-8dd7-f2cc95e5fb61,cooking,extremely_close,4,3,2,1,0.1,0.21122348,0.2310226,0.23388302,0.21250805,0.23035794
5c0fdc38-94da-5ce9-8dd7-f2cc95e5fb61,cooking,extremely_close,4,3,3,1,0.1,0.16276015,0.2598639,0.19259474,0.1650281,0.18810125
5c0fdc38-94da-5ce9-8dd7-f2cc95e5fb61,basketball,close,0,2,0,5,0.3571428571428571,0.3173009,0.27931517,0.331041,0.3154185,0.32719913
5c0fdc38-94da-5ce9-8dd7-f2cc95e5fb61,basketball,close,0,2,1,7,0.5,0.31123364,0.2196531,0.3025721,0.3095655,0.30337024
5c0fdc38-94da-5ce9-8dd7-f2cc95e5fb61,basketball,close,0,2,2,1,0.0714285714285714,0.22057617,0.24769424,0.19962241,0.22165884,0.20426738
5c0fdc38-94da-5ce9-8dd7-f2cc95e5fb61,basketball,close,0,2,3,1,0.0714285714285714,0.15088934,0.25333744,0.16676445,0.15335715,0.16516323
5c0fdc38-94da-5ce9-8dd7-f2cc95e5fb61,soup,somewhat_close,14,1,0,7,0.5,0.33818597,0.3010139,0.34452966,0.33563444,0.3417673
5c0fdc38-94da-5ce9-8dd7-f2cc95e5fb61,soup,somewhat_close,14,1,1,5,0.3571428571428571,0.31507322,0.22628844,0.3189721,0.31335708,0.31721324
5c0fdc38-94da-5ce9-8dd7-f2cc95e5fb61,soup,somewhat_close,14,1,2,1,0.0714285714285714,0.18950173,0.22069465,0.19080658,0.19134966,0.1917101
5c0fdc38-94da-5ce9-8dd7-f2cc95e5fb61,soup,somewhat_close,14,1,3,1,0.0714285714285714,0.15723914,0.25200298,0.14569166,0.15965882,0.14930934
5c0fdc38-94da-5ce9-8dd7-f2cc95e5fb61,birthday,close,1,2,0,3,0.2307692307692307,0.32165617,0.28021994,0.2816877,0.3196522,0.28819582
5c0fdc38-94da-5ce9-8dd7-f2cc95e5fb61,birthday,close,1,2,1,7,0.5384615384615384,0.31348172,0.22091691,0.31876132,0.311768,0.31678355
5c0fdc38-94da-5ce9-8dd7-f2cc95e5fb61,birthday,close,1,2,2,2,0.1538461538461538,0.21722111,0.24974371,0.23532178,0.21841055,0.23248664
5c0fdc38-94da-5ce9-8dd7-f2cc95e5fb61,birthday,close,1,2,3,1,0.0769230769230769,0.14764105,0.24911939,0.16422926,0.15016927,0.16253394
5c0fdc38-94da-5ce9-8dd7-f2cc95e5fb61,drinks,extremely_close,7,3,0,5,0.2777777777777778,0.33517203,0.25649023,0.23276606,0.33253023,0.25004545
5c0fdc38-94da-5ce9-8dd7-f2cc95e5fb61,drinks,extremely_close,7,3,1,7,0.3888888888888889,0.26757511,0.23912959,0.3014371,0.2672558,0.29548186
5c0fdc38-94da-5ce9-8dd7-f2cc95e5fb61,drinks,extremely_close,7,3,2,2,0.1111111111111111,0.22562149,0.24335633,0.22504783,0.22650158,0.22667027
5c0fdc38-94da-5ce9-8dd7-f2cc95e5fb61,drinks,extremely_close,7,3,3,4,0.2222222222222222,0.17163132,0.26102385,0.240749,0.17371236,0.22780243
5c0fdc38-94da-5ce9-8dd7-f2cc95e5fb61,conference,close,3,2,0,3,0.2,0.33627447,0.28567946,0.32390398,0.33383918,0.32497996
5c0fdc38-94da-5ce9-8dd7-f2cc95e5fb61,conference,close,3,2,1,6,0.4,0.32249793,0.2440027,0.31270492,0.32056218,0.31356868
5c0fdc38-94da-5ce9-8dd7-f2cc95e5fb61,conference,close,3,2,2,5,0.3333333333333333,0.19272308,0.2495618,0.22254248,0.19453102,0.21759544
5c0fdc38-94da-5ce9-8dd7-f2cc95e5fb61,conference,close,3,2,3,1,0.0666666666666666,0.14850451,0.22075598,0.1408486,0.15106763,0.14385588
5c0fdc38-94da-5ce9-8dd7-f2cc95e5fb61,wedding,somewhat_close,15,1,0,5,0.238095238095238,0.30876625,0.29976675,0.3333098,0.30711403,0.32751745
5c0fdc38-94da-5ce9-8dd7-f2cc95e5fb61,wedding,somewhat_close,15,1,1,7,0.3333333333333333,0.29898903,0.2203311,0.30216554,0.29767475,0.30098352
5c0fdc38-94da-5ce9-8dd7-f2cc95e5fb61,wedding,somewhat_close,15,1,2,6,0.2857142857142857,0.23715827,0.23514688,0.23644876,0.23775323,0.23714605
5c0fdc38-94da-5ce9-8dd7-f2cc95e5fb61,wedding,somewhat_close,15,1,3,3,0.1428571428571428,0.15508646,0.24475528,0.12807587,0.15745798,0.134353
7c66cb3e-43c7-5382-96cc-a5f635a1e48d,drinks,not_close,7,0,0,6,0.5,0.33517203,0.25649023,0.30263433,0.33253023,0.30758438
7c66cb3e-43c7-5382-96cc-a5f635a1e48d,drinks,not_close,7,0,1,2,0.1666666666666666,0.26757511,0.23912959,0.31184286,0.2672558,0.30257833
7c66cb3e-43c7-5382-96cc-a5f635a1e48d,drinks,not_close,7,0,2,2,0.1666666666666666,0.22562149,0.24335633,0.22425486,0.22650158,0.22524028
7c66cb3e-43c7-5382-96cc-a5f635a1e48d,drinks,not_close,7,0,3,2,0.1666666666666666,0.17163132,0.26102385,0.16126789,0.17371236,0.16459699
7c66cb3e-43c7-5382-96cc-a5f635a1e48d,oysters,close,12,2,0,6,0.6666666666666666,0.3400336,0.31127194,0.3257782,0.3373747,0.3269814
7c66cb3e-43c7-5382-96cc-a5f635a1e48d,oysters,close,12,2,1,1,0.1111111111111111,0.30284005,0.21870834,0.30453157,0.3015121,0.30337986
7c66cb3e-43c7-5382-96cc-a5f635a1e48d,oysters,close,12,2,2,1,0.1111111111111111,0.20254946,0.2491106,0.20594548,0.20409547,0.20621069
7c66cb3e-43c7-5382-96cc-a5f635a1e48d,oysters,close,12,2,3,1,0.1111111111111111,0.15457693,0.22090909,0.16374475,0.1570177,0.1634281
7c66cb3e-43c7-5382-96cc-a5f635a1e48d,soup,not_close,14,0,0,7,0.5833333333333334,0.33818597,0.3010139,0.3825187,0.33563444,0.37256363
7c66cb3e-43c7-5382-96cc-a5f635a1e48d,soup,not_close,14,0,1,2,0.1666666666666666,0.31507322,0.22628844,0.33879057,0.31335708,0.33371714
7c66cb3e-43c7-5382-96cc-a5f635a1e48d,soup,not_close,14,0,2,2,0.1666666666666666,0.18950173,0.22069465,0.16353203,0.19134966,0.16979322
7c66cb3e-43c7-5382-96cc-a5f635a1e48d,soup,not_close,14,0,3,1,0.0833333333333333,0.15723914,0.25200298,0.11515866,0.15965882,0.12392601
7c66cb3e-43c7-5382-96cc-a5f635a1e48d,brunch,extremely_close,2,3,0,5,0.4166666666666667,0.30243197,0.3026591,0.25437948,0.30091482,0.26270998
7c66cb3e-43c7-5382-96cc-a5f635a1e48d,brunch,extremely_close,2,3,1,3,0.25,0.29379916,0.21859324,0.28251648,0.29257798,0.28429732
7c66cb3e-43c7-5382-96cc-a5f635a1e48d,brunch,extremely_close,2,3,2,3,0.25,0.22932231,0.23039065,0.2505955,0.23006326,0.24698317
7c66cb3e-43c7-5382-96cc-a5f635a1e48d,brunch,extremely_close,2,3,3,1,0.0833333333333333,0.17444655,0.24835704,0.21250848,0.17644392,0.20600952
7c66cb3e-43c7-5382-96cc-a5f635a1e48d,fair,somewhat_close,9,1,0,4,0.3333333333333333,0.32837287,0.2946545,0.29791787,0.32618845,0.30253178
7c66cb3e-43c7-5382-96cc-a5f635a1e48d,fair,somewhat_close,9,1,1,2,0.1666666666666666,0.32105917,0.21227996,0.32904878,0.31913775,0.32632118
7c66cb3e-43c7-5382-96cc-a5f635a1e48d,fair,somewhat_close,9,1,2,5,0.4166666666666667,0.20461664,0.2554765,0.2179913,0.20614377,0.21628724
7c66cb3e-43c7-5382-96cc-a5f635a1e48d,fair,somewhat_close,9,1,3,1,0.0833333333333333,0.14595127,0.23758905,0.15504195,0.14853,0.15485977
7c66cb3e-43c7-5382-96cc-a5f635a1e48d,birthday,somewhat_close,1,1,0,6,0.4285714285714285,0.32165617,0.28021994,0.31222877,0.3196522,0.31307483
7c66cb3e-43c7-5382-96cc-a5f635a1e48d,birthday,somewhat_close,1,1,1,2,0.1428571428571428,0.31348172,0.22091691,0.33197084,0.311768,0.32734334
7c66cb3e-43c7-5382-96cc-a5f635a1e48d,birthday,somewhat_close,1,1,2,4,0.2857142857142857,0.21722111,0.24974371,0.2297937,0.21841055,0.22814302
7c66cb3e-43c7-5382-96cc-a5f635a1e48d,birthday,somewhat_close,1,1,3,2,0.1428571428571428,0.14764105,0.24911939,0.12600674,0.15016927,0.13143879
7c66cb3e-43c7-5382-96cc-a5f635a1e48d,cooking,close,4,2,0,1,0.0833333333333333,0.32508844,0.28153455,0.25373095,0.32288563,0.2657937
7c66cb3e-43c7-5382-96cc-a5f635a1e48d,cooking,close,4,2,1,7,0.5833333333333334,0.30092797,0.22757895,0.3285871,0.2995782,0.32255453
7c66cb3e-43c7-5382-96cc-a5f635a1e48d,cooking,close,4,2,2,3,0.25,0.21122348,0.2310226,0.23453203,0.21250805,0.23093651
7c66cb3e-43c7-5382-96cc-a5f635a1e48d,cooking,close,4,2,3,1,0.0833333333333333,0.16276015,0.2598639,0.18314992,0.1650281,0.18071517
7c66cb3e-43c7-5382-96cc-a5f635a1e48d,wedding,extremely_close,15,3,0,7,0.7,0.30876625,0.29976675,0.29720375,0.30711403,0.2985504
7c66cb3e-43c7-5382-96cc-a5f635a1e48d,wedding,extremely_close,15,3,1,1,0.1,0.29898903,0.2203311,0.27952927,0.29767475,0.2825817
7c66cb3e-43c7-5382-96cc-a5f635a1e48d,wedding,extremely_close,15,3,2,1,0.1,0.23715827,0.23514688,0.2412807,0.23775323,0.24087891
7c66cb3e-43c7-5382-96cc-a5f635a1e48d,wedding,extremely_close,15,3,3,1,0.1,0.15508646,0.24475528,0.18198623,0.15745798,0.17798899
7c66cb3e-43c7-5382-96cc-a5f635a1e48d,hike,close,11,2,0,4,0.3076923076923077,0.33404678,0.30082837,0.31649798,0.33169934,0.31855774
7c66cb3e-43c7-5382-96cc-a5f635a1e48d,hike,close,11,2,1,5,0.3846153846153846,0.32451156,0.21243119,0.31296036,0.32250962,0.31405988
7c66cb3e-43c7-5382-96cc-a5f635a1e48d,hike,close,11,2,2,2,0.1538461538461538,0.19580749,0.25311163,0.20188613,0.19755435,0.20176907
7c66cb3e-43c7-5382-96cc-a5f635a1e48d,hike,close,11,2,3,2,0.1538461538461538,0.14563413,0.23362878,0.16865557,0.14823666,0.16561331
7c66cb3e-43c7-5382-96cc-a5f635a1e48d,social,close,13,2,0,5,0.625,0.38478413,0.29484272,0.3941475,0.38051066,0.38977
7c66cb3e-43c7-5382-96cc-a5f635a1e48d,social,close,13,2,1,1,0.125,0.26153043,0.23070611,0.26863965,0.261622,0.2673677
7c66cb3e-43c7-5382-96cc-a5f635a1e48d,social,close,13,2,2,1,0.125,0.20087723,0.25057164,0.19937879,0.20253547,0.20073907
7c66cb3e-43c7-5382-96cc-a5f635a1e48d,social,close,13,2,3,1,0.125,0.15280823,0.22387956,0.13783406,0.15533185,0.14212327
7c66cb3e-43c7-5382-96cc-a5f635a1e48d,basketball,somewhat_close,0,1,0,7,0.7,0.3173009,0.27931517,0.3148467,0.3154185,0.31423575
7c66cb3e-43c7-5382-96cc-a5f635a1e48d,basketball,somewhat_close,0,1,1,1,0.1,0.31123364,0.2196531,0.32266358,0.3095655,0.31937057
7c66cb3e-43c7-5382-96cc-a5f635a1e48d,basketball,somewhat_close,0,1,2,1,0.1,0.22057617,0.24769424,0.21528408,0.22165884,0.21698892
7c66cb3e-43c7-5382-96cc-a5f635a1e48d,basketball,somewhat_close,0,1,3,1,0.1,0.15088934,0.25333744,0.14720571,0.15335715,0.1494048
7c66cb3e-43c7-5382-96cc-a5f635a1e48d,driving,somewhat_close,8,1,0,5,0.5555555555555556,0.32080168,0.28850093,0.31517804,0.3188238,0.3153335
7c66cb3e-43c7-5382-96cc-a5f635a1e48d,driving,somewhat_close,8,1,1,2,0.2222222222222222,0.31365657,0.23262726,0.34766352,0.31193233,0.33977747
7c66cb3e-43c7-5382-96cc-a5f635a1e48d,driving,somewhat_close,8,1,2,1,0.1111111111111111,0.21734229,0.23673908,0.20519517,0.21852566,0.20837864
7c66cb3e-43c7-5382-96cc-a5f635a1e48d,driving,somewhat_close,8,1,3,1,0.1111111111111111,0.14819951,0.24213271,0.13196324,0.1507182,0.13651037
7c66cb3e-43c7-5382-96cc-a5f635a1e48d,crabs,not_close,5,0,0,4,0.5,0.32949838,0.29960105,0.33250704,0.3272346,0.33146152
7c66cb3e-43c7-5382-96cc-a5f635a1e48d,crabs,not_close,5,0,1,2,0.25,0.32009298,0.23267563,0.38626826,0.31816855,0.37187403
7c66cb3e-43c7-5382-96cc-a5f635a1e48d,crabs,not_close,5,0,2,1,0.125,0.18702544,0.23678833,0.15252548,0.18890499,0.16021432
7c66cb3e-43c7-5382-96cc-a5f635a1e48d,crabs,not_close,5,0,3,1,0.125,0.16338322,0.23093499,0.12869921,0.16569182,0.13645016
7c66cb3e-43c7-5382-96cc-a5f635a1e48d,dip,not_close,6,0,0,4,0.5,0.33769047,0.26539132,0.4222383,0.33498037,0.40336716
7c66cb3e-43c7-5382-96cc-a5f635a1e48d,dip,not_close,6,0,1,2,0.25,0.2704545,0.25054428,0.24091707,0.27006677,0.24709393
7c66cb3e-43c7-5382-96cc-a5f635a1e48d,dip,not_close,6,0,2,1,0.125,0.2244097,0.25625244,0.20938475,0.22533904,0.2135127
7c66cb3e-43c7-5382-96cc-a5f635a1e48d,dip,not_close,6,0,3,1,0.125,0.16744532,0.22781193,0.12745976,0.16961384,0.13602626
7c66cb3e-43c7-5382-96cc-a5f635a1e48d,gala,extremely_close,10,3,0,5,0.3333333333333333,0.36258376,0.29305857,0.27085638,0.35897562,0.28588986
7c66cb3e-43c7-5382-96cc-a5f635a1e48d,gala,extremely_close,10,3,1,5,0.3333333333333333,0.24803236,0.2547296,0.27790543,0.2483613,0.27260363
7c66cb3e-43c7-5382-96cc-a5f635a1e48d,gala,extremely_close,10,3,2,4,0.2666666666666666,0.21528816,0.24108168,0.25729015,0.2164861,0.2498217
7c66cb3e-43c7-5382-96cc-a5f635a1e48d,gala,extremely_close,10,3,3,1,0.0666666666666666,0.17409568,0.21113022,0.19394808,0.17617695,0.19168487
7c66cb3e-43c7-5382-96cc-a5f635a1e48d,conference,extremely_close,3,3,0,4,0.3333333333333333,0.33627447,0.28567946,0.31225505,0.33383918,0.31567898
7c66cb3e-43c7-5382-96cc-a5f635a1e48d,conference,extremely_close,3,3,1,6,0.5,0.32249793,0.2440027,0.29103574,0.32056218,0.29611537
7c66cb3e-43c7-5382-96cc-a5f635a1e48d,conference,extremely_close,3,3,2,1,0.0833333333333333,0.19272308,0.2495618,0.23289657,0.19453102,0.22576019
7c66cb3e-43c7-5382-96cc-a5f635a1e48d,conference,extremely_close,3,3,3,1,0.0833333333333333,0.14850451,0.22075598,0.16381264,0.15106763,0.16244544
11d02432-9e52-5d1d-bab8-b1dbe240096c,driving,not_close,8,0,0,7,0.7,0.32080168,0.28850093,0.32237765,0.3188238,0.32171026
11d02432-9e52-5d1d-bab8-b1dbe240096c,driving,not_close,8,0,1,1,0.1,0.31365657,0.23262726,0.37901825,0.31193233,0.3648442
11d02432-9e52-5d1d-bab8-b1dbe240096c,driving,not_close,8,0,2,1,0.1,0.21734229,0.23673908,0.18294969,0.21852566,0.19041178
11d02432-9e52-5d1d-bab8-b1dbe240096c,driving,not_close,8,0,3,1,0.1,0.14819951,0.24213271,0.11565435,0.1507182,0.12303381
11d02432-9e52-5d1d-bab8-b1dbe240096c,basketball,not_close,0,0,0,4,0.3636363636363636,0.3173009,0.27931517,0.40210518,0.3154185,0.38488865
11d02432-9e52-5d1d-bab8-b1dbe240096c,basketball,not_close,0,0,1,5,0.4545454545454545,0.31123364,0.2196531,0.34911686,0.3095655,0.34244534
11d02432-9e52-5d1d-bab8-b1dbe240096c,basketball,not_close,0,0,2,1,0.0909090909090909,0.22057617,0.24769424,0.14574708,0.22165884,0.15971808
11d02432-9e52-5d1d-bab8-b1dbe240096c,basketball,not_close,0,0,3,1,0.0909090909090909,0.15088934,0.25333744,0.10303085,0.15335715,0.11294795
11d02432-9e52-5d1d-bab8-b1dbe240096c,drinks,close,7,2,0,3,0.2142857142857142,0.33517203,0.25649023,0.3006383,0.33253023,0.30577487
11d02432-9e52-5d1d-bab8-b1dbe240096c,drinks,close,7,2,1,5,0.3571428571428571,0.26757511,0.23912959,0.2817904,0.2672558,0.2787861
11d02432-9e52-5d1d-bab8-b1dbe240096c,drinks,close,7,2,2,4,0.2857142857142857,0.22562149,0.24335633,0.23456235,0.22650158,0.23337154
11d02432-9e52-5d1d-bab8-b1dbe240096c,drinks,close,7,2,3,2,0.1428571428571428,0.17163132,0.26102385,0.18300895,0.17371236,0.18206751
11d02432-9e52-5d1d-bab8-b1dbe240096c,dip,extremely_close,6,3,0,4,0.25,0.33769047,0.26539132,0.3300849,0.33498037,0.3299841
11d02432-9e52-5d1d-bab8-b1dbe240096c,dip,extremely_close,6,3,1,4,0.25,0.2704545,0.25054428,0.27360496,0.27006677,0.27276102
11d02432-9e52-5d1d-bab8-b1dbe240096c,dip,extremely_close,6,3,2,4,0.25,0.2244097,0.25625244,0.23491126,0.22533904,0.23339608
11d02432-9e52-5d1d-bab8-b1dbe240096c,dip,extremely_close,6,3,3,4,0.25,0.16744532,0.22781193,0.16139889,0.16961384,0.1638588
11d02432-9e52-5d1d-bab8-b1dbe240096c,gala,extremely_close,10,3,0,3,0.1666666666666666,0.36258376,0.29305857,0.27085638,0.35897562,0.28588986
11d02432-9e52-5d1d-bab8-b1dbe240096c,gala,extremely_close,10,3,1,5,0.2777777777777778,0.24803236,0.2547296,0.27790543,0.2483613,0.27260363
11d02432-9e52-5d1d-bab8-b1dbe240096c,gala,extremely_close,10,3,2,5,0.2777777777777778,0.21528816,0.24108168,0.25729015,0.2164861,0.2498217
11d02432-9e52-5d1d-bab8-b1dbe240096c,gala,extremely_close,10,3,3,5,0.2777777777777778,0.17409568,0.21113022,0.19394808,0.17617695,0.19168487
11d02432-9e52-5d1d-bab8-b1dbe240096c,conference,close,3,2,0,1,0.0833333333333333,0.33627447,0.28567946,0.32390398,0.33383918,0.32497996
11d02432-9e52-5d1d-bab8-b1dbe240096c,conference,close,3,2,1,6,0.5,0.32249793,0.2440027,0.31270492,0.32056218,0.31356868
11d02432-9e52-5d1d-bab8-b1dbe240096c,conference,close,3,2,2,4,0.3333333333333333,0.19272308,0.2495618,0.22254248,0.19453102,0.21759544
11d02432-9e52-5d1d-bab8-b1dbe240096c,conference,close,3,2,3,1,0.0833333333333333,0.14850451,0.22075598,0.1408486,0.15106763,0.14385588
11d02432-9e52-5d1d-bab8-b1dbe240096c,birthday,somewhat_close,1,1,0,3,0.2,0.32165617,0.28021994,0.31222877,0.3196522,0.31307483
11d02432-9e52-5d1d-bab8-b1dbe240096c,birthday,somewhat_close,1,1,1,5,0.3333333333333333,0.31348172,0.22091691,0.33197084,0.311768,0.32734334
11d02432-9e52-5d1d-bab8-b1dbe240096c,birthday,somewhat_close,1,1,2,4,0.2666666666666666,0.21722111,0.24974371,0.2297937,0.21841055,0.22814302
11d02432-9e52-5d1d-bab8-b1dbe240096c,birthday,somewhat_close,1,1,3,3,0.2,0.14764105,0.24911939,0.12600674,0.15016927,0.13143879
11d02432-9e52-5d1d-bab8-b1dbe240096c,soup,close,14,2,0,6,0.6,0.33818597,0.3010139,0.3503503,0.33563444,0.34637958
11d02432-9e52-5d1d-bab8-b1dbe240096c,soup,close,14,2,1,2,0.2,0.31507322,0.22628844,0.3096027,0.31335708,0.30970412
11d02432-9e52-5d1d-bab8-b1dbe240096c,soup,close,14,2,2,1,0.1,0.18950173,0.22069465,0.19093937,0.19134966,0.19181013
11d02432-9e52-5d1d-bab8-b1dbe240096c,soup,close,14,2,3,1,0.1,0.15723914,0.25200298,0.14910766,0.15965882,0.15210615
11d02432-9e52-5d1d-bab8-b1dbe240096c,fair,extremely_close,9,3,0,4,0.2666666666666666,0.32837287,0.2946545,0.32941785,0.32618845,0.32789174
11d02432-9e52-5d1d-bab8-b1dbe240096c,fair,extremely_close,9,3,1,7,0.4666666666666667,0.32105917,0.21227996,0.31025007,0.31913775,0.3112323
11d02432-9e52-5d1d-bab8-b1dbe240096c,fair,extremely_close,9,3,2,3,0.2,0.20461664,0.2554765,0.19988796,0.20614377,0.2017246
11d02432-9e52-5d1d-bab8-b1dbe240096c,fair,extremely_close,9,3,3,1,0.0666666666666666,0.14595127,0.23758905,0.1604442,0.14853,0.1591514
11d02432-9e52-5d1d-bab8-b1dbe240096c,hike,not_close,11,0,0,7,0.5,0.33404678,0.30082837,0.37751567,0.33169934,0.36750683
11d02432-9e52-5d1d-bab8-b1dbe240096c,hike,not_close,11,0,1,3,0.2142857142857142,0.32451156,0.21243119,0.33200538,0.32250962,0.3297955
11d02432-9e52-5d1d-bab8-b1dbe240096c,hike,not_close,11,0,2,3,0.2142857142857142,0.19580749,0.25311163,0.16379511,0.19755435,0.1708626
11d02432-9e52-5d1d-bab8-b1dbe240096c,hike,not_close,11,0,3,1,0.0714285714285714,0.14563413,0.23362878,0.12668388,0.14823666,0.13183501
11d02432-9e52-5d1d-bab8-b1dbe240096c,wedding,somewhat_close,15,1,0,4,0.2666666666666666,0.30876625,0.29976675,0.3333098,0.30711403,0.32751745
11d02432-9e52-5d1d-bab8-b1dbe240096c,wedding,somewhat_close,15,1,1,5,0.3333333333333333,0.29898903,0.2203311,0.30216554,0.29767475,0.30098352
11d02432-9e52-5d1d-bab8-b1dbe240096c,wedding,somewhat_close,15,1,2,4,0.2666666666666666,0.23715827,0.23514688,0.23644876,0.23775323,0.23714605
11d02432-9e52-5d1d-bab8-b1dbe240096c,wedding,somewhat_close,15,1,3,2,0.1333333333333333,0.15508646,0.24475528,0.12807587,0.15745798,0.134353
11d02432-9e52-5d1d-bab8-b1dbe240096c,brunch,somewhat_close,2,1,0,4,0.25,0.30243197,0.3026591,0.31512022,0.30091482,0.31172588
11d02432-9e52-5d1d-bab8-b1dbe240096c,brunch,somewhat_close,2,1,1,5,0.3125,0.29379916,0.21859324,0.28702608,0.29257798,0.28772363
11d02432-9e52-5d1d-bab8-b1dbe240096c,brunch,somewhat_close,2,1,2,5,0.3125,0.22932231,0.23039065,0.24061216,0.23006326,0.23888367
11d02432-9e52-5d1d-bab8-b1dbe240096c,brunch,somewhat_close,2,1,3,2,0.125,0.17444655,0.24835704,0.15724157,0.17644392,0.16166675
11d02432-9e52-5d1d-bab8-b1dbe240096c,cooking,somewhat_close,4,1,0,4,0.3333333333333333,0.32508844,0.28153455,0.3038481,0.32288563,0.30680162
11d02432-9e52-5d1d-bab8-b1dbe240096c,cooking,somewhat_close,4,1,1,4,0.3333333333333333,0.30092797,0.22757895,0.3294611,0.2995782,0.32287404
11d02432-9e52-5d1d-bab8-b1dbe240096c,cooking,somewhat_close,4,1,2,2,0.1666666666666666,0.21122348,0.2310226,0.2139687,0.21250805,0.21430032
11d02432-9e52-5d1d-bab8-b1dbe240096c,cooking,somewhat_close,4,1,3,2,0.1666666666666666,0.16276015,0.2598639,0.15272212,0.1650281,0.15602408
11d02432-9e52-5d1d-bab8-b1dbe240096c,social,not_close,13,0,0,4,0.5714285714285714,0.38478413,0.29484272,0.45282483,0.38051066,0.43652424
11d02432-9e52-5d1d-bab8-b1dbe240096c,social,not_close,13,0,1,1,0.1428571428571428,0.26153043,0.23070611,0.24479835,0.261622,0.24863854
11d02432-9e52-5d1d-bab8-b1dbe240096c,social,not_close,13,0,2,1,0.1428571428571428,0.20087723,0.25057164,0.17145851,0.20253547,0.17819941
11d02432-9e52-5d1d-bab8-b1dbe240096c,social,not_close,13,0,3,1,0.1428571428571428,0.15280823,0.22387956,0.13091831,0.15533185,0.1366378
11d02432-9e52-5d1d-bab8-b1dbe240096c,oysters,close,12,2,0,4,0.4,0.3400336,0.31127194,0.3257782,0.3373747,0.3269814
11d02432-9e52-5d1d-bab8-b1dbe240096c,oysters,close,12,2,1,4,0.4,0.30284005,0.21870834,0.30453157,0.3015121,0.30337986
11d02432-9e52-5d1d-bab8-b1dbe240096c,oysters,close,12,2,2,1,0.1,0.20254946,0.2491106,0.20594548,0.20409547,0.20621069
11d02432-9e52-5d1d-bab8-b1dbe240096c,oysters,close,12,2,3,1,0.1,0.15457693,0.22090909,0.16374475,0.1570177,0.1634281
11d02432-9e52-5d1d-bab8-b1dbe240096c,crabs,extremely_close,5,3,0,6,0.5,0.32949838,0.29960105,0.32724842,0.3272346,0.32636657
11d02432-9e52-5d1d-bab8-b1dbe240096c,crabs,extremely_close,5,3,1,4,0.3333333333333333,0.32009298,0.23267563,0.31487674,0.31816855,0.31478795
11d02432-9e52-5d1d-bab8-b1dbe240096c,crabs,extremely_close,5,3,2,1,0.0833333333333333,0.18702544,0.23678833,0.17663889,0.18890499,0.17975125
11d02432-9e52-5d1d-bab8-b1dbe240096c,crabs,extremely_close,5,3,3,1,0.0833333333333333,0.16338322,0.23093499,0.18123591,0.16569182,0.17909427
5013816e-c315-53f7-9654-c385e8036580,social,somewhat_close,13,1,0,7,0.7,0.38478413,0.29484272,0.3939905,0.38051066,0.38956168
5013816e-c315-53f7-9654-c385e8036580,social,somewhat_close,13,1,1,1,0.1,0.26153043,0.23070611,0.2552778,0.261622,0.25658923
5013816e-c315-53f7-9654-c385e8036580,social,somewhat_close,13,1,2,1,0.1,0.20087723,0.25057164,0.20189984,0.20253547,0.20272948
5013816e-c315-53f7-9654-c385e8036580,social,somewhat_close,13,1,3,1,0.1,0.15280823,0.22387956,0.14883181,0.15533185,0.15111957
5013816e-c315-53f7-9654-c385e8036580,dip,extremely_close,6,3,0,7,0.3181818181818182,0.33769047,0.26539132,0.3300849,0.33498037,0.3299841
5013816e-c315-53f7-9654-c385e8036580,dip,extremely_close,6,3,1,7,0.3181818181818182,0.2704545,0.25054428,0.27360496,0.27006677,0.27276102
5013816e-c315-53f7-9654-c385e8036580,dip,extremely_close,6,3,2,6,0.2727272727272727,0.2244097,0.25625244,0.23491126,0.22533904,0.23339608
5013816e-c315-53f7-9654-c385e8036580,dip,extremely_close,6,3,3,2,0.0909090909090909,0.16744532,0.22781193,0.16139889,0.16961384,0.1638588
5013816e-c315-53f7-9654-c385e8036580,driving,not_close,8,0,0,6,0.4615384615384615,0.32080168,0.28850093,0.32237765,0.3188238,0.32171026
5013816e-c315-53f7-9654-c385e8036580,driving,not_close,8,0,1,5,0.3846153846153846,0.31365657,0.23262726,0.37901825,0.31193233,0.3648442
5013816e-c315-53f7-9654-c385e8036580,driving,not_close,8,0,2,1,0.0769230769230769,0.21734229,0.23673908,0.18294969,0.21852566,0.19041178
5013816e-c315-53f7-9654-c385e8036580,driving,not_close,8,0,3,1,0.0769230769230769,0.14819951,0.24213271,0.11565435,0.1507182,0.12303381
5013816e-c315-53f7-9654-c385e8036580,conference,close,3,2,0,5,0.3333333333333333,0.33627447,0.28567946,0.32390398,0.33383918,0.32497996
5013816e-c315-53f7-9654-c385e8036580,conference,close,3,2,1,7,0.4666666666666667,0.32249793,0.2440027,0.31270492,0.32056218,0.31356868
5013816e-c315-53f7-9654-c385e8036580,conference,close,3,2,2,2,0.1333333333333333,0.19272308,0.2495618,0.22254248,0.19453102,0.21759544
5013816e-c315-53f7-9654-c385e8036580,conference,close,3,2,3,1,0.0666666666666666,0.14850451,0.22075598,0.1408486,0.15106763,0.14385588
5013816e-c315-53f7-9654-c385e8036580,basketball,not_close,0,0,0,6,0.4,0.3173009,0.27931517,0.40210518,0.3154185,0.38488865
5013816e-c315-53f7-9654-c385e8036580,basketball,not_close,0,0,1,7,0.4666666666666667,0.31123364,0.2196531,0.34911686,0.3095655,0.34244534
5013816e-c315-53f7-9654-c385e8036580,basketball,not_close,0,0,2,1,0.0666666666666666,0.22057617,0.24769424,0.14574708,0.22165884,0.15971808
5013816e-c315-53f7-9654-c385e8036580,basketball,not_close,0,0,3,1,0.0666666666666666,0.15088934,0.25333744,0.10303085,0.15335715,0.11294795
5013816e-c315-53f7-9654-c385e8036580,birthday,not_close,1,0,0,7,0.5833333333333334,0.32165617,0.28021994,0.37109387,0.3196522,0.36021808
5013816e-c315-53f7-9654-c385e8036580,birthday,not_close,1,0,1,3,0.25,0.31348172,0.22091691,0.33231905,0.311768,0.32817322
5013816e-c315-53f7-9654-c385e8036580,birthday,not_close,1,0,2,1,0.0833333333333333,0.21722111,0.24974371,0.17350394,0.21841055,0.18240416
5013816e-c315-53f7-9654-c385e8036580,birthday,not_close,1,0,3,1,0.0833333333333333,0.14764105,0.24911939,0.12308306,0.15016927,0.12920454
5013816e-c315-53f7-9654-c385e8036580,crabs,extremely_close,5,3,0,2,0.1176470588235294,0.32949838,0.29960105,0.32724842,0.3272346,0.32636657
5013816e-c315-53f7-9654-c385e8036580,crabs,extremely_close,5,3,1,7,0.4117647058823529,0.32009298,0.23267563,0.31487674,0.31816855,0.31478795
5013816e-c315-53f7-9654-c385e8036580,crabs,extremely_close,5,3,2,5,0.2941176470588235,0.18702544,0.23678833,0.17663889,0.18890499,0.17975125
5013816e-c315-53f7-9654-c385e8036580,crabs,extremely_close,5,3,3,3,0.1764705882352941,0.16338322,0.23093499,0.18123591,0.16569182,0.17909427
5013816e-c315-53f7-9654-c385e8036580,cooking,somewhat_close,4,1,0,1,0.0769230769230769,0.32508844,0.28153455,0.3038481,0.32288563,0.30680162
5013816e-c315-53f7-9654-c385e8036580,cooking,somewhat_close,4,1,1,7,0.5384615384615384,0.30092797,0.22757895,0.3294611,0.2995782,0.32287404
5013816e-c315-53f7-9654-c385e8036580,cooking,somewhat_close,4,1,2,3,0.2307692307692307,0.21122348,0.2310226,0.2139687,0.21250805,0.21430032
5013816e-c315-53f7-9654-c385e8036580,cooking,somewhat_close,4,1,3,2,0.1538461538461538,0.16276015,0.2598639,0.15272212,0.1650281,0.15602408
5013816e-c315-53f7-9654-c385e8036580,hike,somewhat_close,11,1,0,6,0.4,0.33404678,0.30082837,0.33502132,0.33169934,0.3334202
5013816e-c315-53f7-9654-c385e8036580,hike,somewhat_close,11,1,1,7,0.4666666666666667,0.32451156,0.21243119,0.32786852,0.32250962,0.32599643
5013816e-c315-53f7-9654-c385e8036580,hike,somewhat_close,11,1,2,1,0.0666666666666666,0.19580749,0.25311163,0.19115357,0.19755435,0.19311021
5013816e-c315-53f7-9654-c385e8036580,hike,somewhat_close,11,1,3,1,0.0666666666666666,0.14563413,0.23362878,0.14595659,0.14823666,0.1474731
5013816e-c315-53f7-9654-c385e8036580,gala,close,10,2,0,3,0.1764705882352941,0.36258376,0.29305857,0.3041355,0.35897562,0.31327608
5013816e-c315-53f7-9654-c385e8036580,gala,close,10,2,1,7,0.4117647058823529,0.24803236,0.2547296,0.2767334,0.2483613,0.2712739
5013816e-c315-53f7-9654-c385e8036580,gala,close,10,2,2,5,0.2941176470588235,0.21528816,0.24108168,0.24181442,0.2164861,0.23733611
5013816e-c315-53f7-9654-c385e8036580,gala,close,10,2,3,2,0.1176470588235294,0.17409568,0.21113022,0.17731674,0.17617695,0.17811388
5013816e-c315-53f7-9654-c385e8036580,soup,extremely_close,14,3,0,7,0.5833333333333334,0.33818597,0.3010139,0.31913835,0.33563444,0.32138214
5013816e-c315-53f7-9654-c385e8036580,soup,extremely_close,14,3,1,2,0.1666666666666666,0.31507322,0.22628844,0.29832476,0.31335708,0.30060738
5013816e-c315-53f7-9654-c385e8036580,soup,extremely_close,14,3,2,2,0.1666666666666666,0.18950173,0.22069465,0.210552,0.19134966,0.20745501
5013816e-c315-53f7-9654-c385e8036580,soup,extremely_close,14,3,3,1,0.0833333333333333,0.15723914,0.25200298,0.17198491,0.15965882,0.17055549
5013816e-c315-53f7-9654-c385e8036580,oysters,somewhat_close,12,1,0,6,0.4615384615384615,0.3400336,0.31127194,0.35442063,0.3373747,0.34994653
5013816e-c315-53f7-9654-c385e8036580,oysters,somewhat_close,12,1,1,5,0.3846153846153846,0.30284005,0.21870834,0.30074957,0.3015121,0.30043343
5013816e-c315-53f7-9654-c385e8036580,oysters,somewhat_close,12,1,2,1,0.0769230769230769,0.20254946,0.2491106,0.19948952,0.20409547,0.20106164
5013816e-c315-53f7-9654-c385e8036580,oysters,somewhat_close,12,1,3,1,0.0769230769230769,0.15457693,0.22090909,0.14534028,0.1570177,0.1485584
5013816e-c315-53f7-9654-c385e8036580,drinks,extremely_close,7,3,0,1,0.0714285714285714,0.33517203,0.25649023,0.23276606,0.33253023,0.25004545
5013816e-c315-53f7-9654-c385e8036580,drinks,extremely_close,7,3,1,2,0.1428571428571428,0.26757511,0.23912959,0.3014371,0.2672558,0.29548186
5013816e-c315-53f7-9654-c385e8036580,drinks,extremely_close,7,3,2,7,0.5,0.22562149,0.24335633,0.22504783,0.22650158,0.22667027
5013816e-c315-53f7-9654-c385e8036580,drinks,extremely_close,7,3,3,4,0.2857142857142857,0.17163132,0.26102385,0.240749,0.17371236,0.22780243
5013816e-c315-53f7-9654-c385e8036580,wedding,close,15,2,0,7,0.4117647058823529,0.30876625,0.29976675,0.30674273,0.30711403,0.3061728
5013816e-c315-53f7-9654-c385e8036580,wedding,close,15,2,1,2,0.1176470588235294,0.29898903,0.2203311,0.27808088,0.29767475,0.2813681
5013816e-c315-53f7-9654-c385e8036580,wedding,close,15,2,2,5,0.2941176470588235,0.23715827,0.23514688,0.2490248,0.23775323,0.24702889
5013816e-c315-53f7-9654-c385e8036580,wedding,close,15,2,3,3,0.1764705882352941,0.15508646,0.24475528,0.1661516,0.15745798,0.16543032
5013816e-c315-53f7-9654-c385e8036580,brunch,close,2,2,0,6,0.2608695652173913,0.30243197,0.3026591,0.2907551,0.30091482,0.29213974
5013816e-c315-53f7-9654-c385e8036580,brunch,close,2,2,1,7,0.3043478260869565,0.29379916,0.21859324,0.28704393,0.29257798,0.28764403
5013816e-c315-53f7-9654-c385e8036580,brunch,close,2,2,2,5,0.217391304347826,0.22932231,0.23039065,0.23673561,0.23006326,0.23571382
5013816e-c315-53f7-9654-c385e8036580,brunch,close,2,2,3,5,0.217391304347826,0.17444655,0.24835704,0.1854654,0.17644392,0.1845024
5013816e-c315-53f7-9654-c385e8036580,fair,not_close,9,0,0,7,0.6363636363636364,0.32837287,0.2946545,0.33953634,0.32618845,0.33659288
5013816e-c315-53f7-9654-c385e8036580,fair,not_close,9,0,1,2,0.1818181818181818,0.32105917,0.21227996,0.3681577,0.31913775,0.35772365
5013816e-c315-53f7-9654-c385e8036580,fair,not_close,9,0,2,1,0.0909090909090909,0.20461664,0.2554765,0.17532648,0.20614377,0.18193142
5013816e-c315-53f7-9654-c385e8036580,fair,not_close,9,0,3,1,0.0909090909090909,0.14595127,0.23758905,0.116979435,0.14853,0.12375206
dbf143f1-dbcb-558a-864a-97951069f058,brunch,extremely_close,2,3,0,5,0.238095238095238,0.30243197,0.3026591,0.25437948,0.30091482,0.26270998
dbf143f1-dbcb-558a-864a-97951069f058,brunch,extremely_close,2,3,1,5,0.238095238095238,0.29379916,0.21859324,0.28251648,0.29257798,0.28429732
dbf143f1-dbcb-558a-864a-97951069f058,brunch,extremely_close,2,3,2,6,0.2857142857142857,0.22932231,0.23039065,0.2505955,0.23006326,0.24698317
dbf143f1-dbcb-558a-864a-97951069f058,brunch,extremely_close,2,3,3,5,0.238095238095238,0.17444655,0.24835704,0.21250848,0.17644392,0.20600952
dbf143f1-dbcb-558a-864a-97951069f058,oysters,somewhat_close,12,1,0,5,0.3846153846153846,0.3400336,0.31127194,0.35442063,0.3373747,0.34994653
dbf143f1-dbcb-558a-864a-97951069f058,oysters,somewhat_close,12,1,1,3,0.2307692307692307,0.30284005,0.21870834,0.30074957,0.3015121,0.30043343
dbf143f1-dbcb-558a-864a-97951069f058,oysters,somewhat_close,12,1,2,2,0.1538461538461538,0.20254946,0.2491106,0.19948952,0.20409547,0.20106164
dbf143f1-dbcb-558a-864a-97951069f058,oysters,somewhat_close,12,1,3,3,0.2307692307692307,0.15457693,0.22090909,0.14534028,0.1570177,0.1485584
dbf143f1-dbcb-558a-864a-97951069f058,hike,not_close,11,0,0,6,0.6,0.33404678,0.30082837,0.37751567,0.33169934,0.36750683
dbf143f1-dbcb-558a-864a-97951069f058,hike,not_close,11,0,1,2,0.2,0.32451156,0.21243119,0.33200538,0.32250962,0.3297955
dbf143f1-dbcb-558a-864a-97951069f058,hike,not_close,11,0,2,1,0.1,0.19580749,0.25311163,0.16379511,0.19755435,0.1708626
dbf143f1-dbcb-558a-864a-97951069f058,hike,not_close,11,0,3,1,0.1,0.14563413,0.23362878,0.12668388,0.14823666,0.13183501
dbf143f1-dbcb-558a-864a-97951069f058,driving,not_close,8,0,0,5,0.3571428571428571,0.32080168,0.28850093,0.32237765,0.3188238,0.32171026
dbf143f1-dbcb-558a-864a-97951069f058,driving,not_close,8,0,1,6,0.4285714285714285,0.31365657,0.23262726,0.37901825,0.31193233,0.3648442
dbf143f1-dbcb-558a-864a-97951069f058,driving,not_close,8,0,2,2,0.1428571428571428,0.21734229,0.23673908,0.18294969,0.21852566,0.19041178
dbf143f1-dbcb-558a-864a-97951069f058,driving,not_close,8,0,3,1,0.0714285714285714,0.14819951,0.24213271,0.11565435,0.1507182,0.12303381
dbf143f1-dbcb-558a-864a-97951069f058,birthday,somewhat_close,1,1,0,7,0.4117647058823529,0.32165617,0.28021994,0.31222877,0.3196522,0.31307483
dbf143f1-dbcb-558a-864a-97951069f058,birthday,somewhat_close,1,1,1,3,0.1764705882352941,0.31348172,0.22091691,0.33197084,0.311768,0.32734334
dbf143f1-dbcb-558a-864a-97951069f058,birthday,somewhat_close,1,1,2,5,0.2941176470588235,0.21722111,0.24974371,0.2297937,0.21841055,0.22814302
dbf143f1-dbcb-558a-864a-97951069f058,birthday,somewhat_close,1,1,3,2,0.1176470588235294,0.14764105,0.24911939,0.12600674,0.15016927,0.13143879
dbf143f1-dbcb-558a-864a-97951069f058,fair,extremely_close,9,3,0,3,0.2142857142857142,0.32837287,0.2946545,0.32941785,0.32618845,0.32789174
dbf143f1-dbcb-558a-864a-97951069f058,fair,extremely_close,9,3,1,1,0.0714285714285714,0.32105917,0.21227996,0.31025007,0.31913775,0.3112323
dbf143f1-dbcb-558a-864a-97951069f058,fair,extremely_close,9,3,2,5,0.3571428571428571,0.20461664,0.2554765,0.19988796,0.20614377,0.2017246
dbf143f1-dbcb-558a-864a-97951069f058,fair,extremely_close,9,3,3,5,0.3571428571428571,0.14595127,0.23758905,0.1604442,0.14853,0.1591514
dbf143f1-dbcb-558a-864a-97951069f058,conference,close,3,2,0,5,0.2777777777777778,0.33627447,0.28567946,0.32390398,0.33383918,0.32497996
dbf143f1-dbcb-558a-864a-97951069f058,conference,close,3,2,1,6,0.3333333333333333,0.32249793,0.2440027,0.31270492,0.32056218,0.31356868
dbf143f1-dbcb-558a-864a-97951069f058,conference,close,3,2,2,5,0.2777777777777778,0.19272308,0.2495618,0.22254248,0.19453102,0.21759544
dbf143f1-dbcb-558a-864a-97951069f058,conference,close,3,2,3,2,0.1111111111111111,0.14850451,0.22075598,0.1408486,0.15106763,0.14385588
dbf143f1-dbcb-558a-864a-97951069f058,dip,close,6,2,0,3,0.2307692307692307,0.33769047,0.26539132,0.34952283,0.33498037,0.3457275
dbf143f1-dbcb-558a-864a-97951069f058,dip,close,6,2,1,5,0.3846153846153846,0.2704545,0.25054428,0.28651547,0.27006677,0.28323793
dbf143f1-dbcb-558a-864a-97951069f058,dip,close,6,2,2,3,0.2307692307692307,0.2244097,0.25625244,0.22507222,0.22533904,0.22567739
dbf143f1-dbcb-558a-864a-97951069f058,dip,close,6,2,3,2,0.1538461538461538,0.16744532,0.22781193,0.13888952,0.16961384,0.1453572
dbf143f1-dbcb-558a-864a-97951069f058,soup,somewhat_close,14,1,0,7,0.5833333333333334,0.33818597,0.3010139,0.34452966,0.33563444,0.3417673
dbf143f1-dbcb-558a-864a-97951069f058,soup,somewhat_close,14,1,1,2,0.1666666666666666,0.31507322,0.22628844,0.3189721,0.31335708,0.31721324
dbf143f1-dbcb-558a-864a-97951069f058,soup,somewhat_close,14,1,2,2,0.1666666666666666,0.18950173,0.22069465,0.19080658,0.19134966,0.1917101
dbf143f1-dbcb-558a-864a-97951069f058,soup,somewhat_close,14,1,3,1,0.0833333333333333,0.15723914,0.25200298,0.14569166,0.15965882,0.14930934
dbf143f1-dbcb-558a-864a-97951069f058,gala,extremely_close,10,3,0,3,0.1363636363636363,0.36258376,0.29305857,0.27085638,0.35897562,0.28588986
dbf143f1-dbcb-558a-864a-97951069f058,gala,extremely_close,10,3,1,7,0.3181818181818182,0.24803236,0.2547296,0.27790543,0.2483613,0.27260363
dbf143f1-dbcb-558a-864a-97951069f058,gala,extremely_close,10,3,2,7,0.3181818181818182,0.21528816,0.24108168,0.25729015,0.2164861,0.2498217
dbf143f1-dbcb-558a-864a-97951069f058,gala,extremely_close,10,3,3,5,0.2272727272727272,0.17409568,0.21113022,0.19394808,0.17617695,0.19168487
dbf143f1-dbcb-558a-864a-97951069f058,drinks,extremely_close,7,3,0,5,0.2777777777777778,0.33517203,0.25649023,0.23276606,0.33253023,0.25004545
dbf143f1-dbcb-558a-864a-97951069f058,drinks,extremely_close,7,3,1,5,0.2777777777777778,0.26757511,0.23912959,0.3014371,0.2672558,0.29548186
dbf143f1-dbcb-558a-864a-97951069f058,drinks,extremely_close,7,3,2,3,0.1666666666666666,0.22562149,0.24335633,0.22504783,0.22650158,0.22667027
dbf143f1-dbcb-558a-864a-97951069f058,drinks,extremely_close,7,3,3,5,0.2777777777777778,0.17163132,0.26102385,0.240749,0.17371236,0.22780243
dbf143f1-dbcb-558a-864a-97951069f058,social,close,13,2,0,5,0.2777777777777778,0.38478413,0.29484272,0.3941475,0.38051066,0.38977
dbf143f1-dbcb-558a-864a-97951069f058,social,close,13,2,1,5,0.2777777777777778,0.26153043,0.23070611,0.26863965,0.261622,0.2673677
dbf143f1-dbcb-558a-864a-97951069f058,social,close,13,2,2,5,0.2777777777777778,0.20087723,0.25057164,0.19937879,0.20253547,0.20073907
dbf143f1-dbcb-558a-864a-97951069f058,social,close,13,2,3,3,0.1666666666666666,0.15280823,0.22387956,0.13783406,0.15533185,0.14212327
dbf143f1-dbcb-558a-864a-97951069f058,wedding,not_close,15,0,0,7,0.5,0.30876625,0.29976675,0.35758772,0.30711403,0.34737545
dbf143f1-dbcb-558a-864a-97951069f058,wedding,not_close,15,0,1,3,0.2142857142857142,0.29898903,0.2203311,0.32176432,0.29767475,0.31732672
dbf143f1-dbcb-558a-864a-97951069f058,wedding,not_close,15,0,2,3,0.2142857142857142,0.23715827,0.23514688,0.22107239,0.23775323,0.2252434
dbf143f1-dbcb-558a-864a-97951069f058,wedding,not_close,15,0,3,1,0.0714285714285714,0.15508646,0.24475528,0.099575475,0.15745798,0.110054396
dbf143f1-dbcb-558a-864a-97951069f058,basketball,not_close,0,0,0,6,0.6,0.3173009,0.27931517,0.40210518,0.3154185,0.38488865
dbf143f1-dbcb-558a-864a-97951069f058,basketball,not_close,0,0,1,1,0.1,0.31123364,0.2196531,0.34911686,0.3095655,0.34244534
dbf143f1-dbcb-558a-864a-97951069f058,basketball,not_close,0,0,2,2,0.2,0.22057617,0.24769424,0.14574708,0.22165884,0.15971808
dbf143f1-dbcb-558a-864a-97951069f058,basketball,not_close,0,0,3,1,0.1,0.15088934,0.25333744,0.10303085,0.15335715,0.11294795
dbf143f1-dbcb-558a-864a-97951069f058,cooking,somewhat_close,4,1,0,2,0.125,0.32508844,0.28153455,0.3038481,0.32288563,0.30680162
dbf143f1-dbcb-558a-864a-97951069f058,cooking,somewhat_close,4,1,1,7,0.4375,0.30092797,0.22757895,0.3294611,0.2995782,0.32287404
dbf143f1-dbcb-558a-864a-97951069f058,cooking,somewhat_close,4,1,2,5,0.3125,0.21122348,0.2310226,0.2139687,0.21250805,0.21430032
dbf143f1-dbcb-558a-864a-97951069f058,cooking,somewhat_close,4,1,3,2,0.125,0.16276015,0.2598639,0.15272212,0.1650281,0.15602408
dbf143f1-dbcb-558a-864a-97951069f058,crabs,close,5,2,0,3,0.1764705882352941,0.32949838,0.29960105,0.31679517,0.3272346,0.318014
dbf143f1-dbcb-558a-864a-97951069f058,crabs,close,5,2,1,6,0.3529411764705882,0.32009298,0.23267563,0.34010246,0.31816855,0.3349067
dbf143f1-dbcb-558a-864a-97951069f058,crabs,close,5,2,2,5,0.2941176470588235,0.18702544,0.23678833,0.18733868,0.18890499,0.18845895
dbf143f1-dbcb-558a-864a-97951069f058,crabs,close,5,2,3,3,0.1764705882352941,0.16338322,0.23093499,0.1557637,0.16569182,0.15862034
0b4d4b10-87b0-505c-afc3-fc0cd0f9964b,social,close,13,2,0,5,0.3846153846153846,0.38478413,0.29484272,0.3941475,0.38051066,0.38977
0b4d4b10-87b0-505c-afc3-fc0cd0f9964b,social,close,13,2,1,2,0.1538461538461538,0.26153043,0.23070611,0.26863965,0.261622,0.2673677
0b4d4b10-87b0-505c-afc3-fc0cd0f9964b,social,close,13,2,2,3,0.2307692307692307,0.20087723,0.25057164,0.19937879,0.20253547,0.20073907
0b4d4b10-87b0-505c-afc3-fc0cd0f9964b,social,close,13,2,3,3,0.2307692307692307,0.15280823,0.22387956,0.13783406,0.15533185,0.14212327
0b4d4b10-87b0-505c-afc3-fc0cd0f9964b,drinks,extremely_close,7,3,0,1,0.1,0.33517203,0.25649023,0.23276606,0.33253023,0.25004545
0b4d4b10-87b0-505c-afc3-fc0cd0f9964b,drinks,extremely_close,7,3,1,2,0.2,0.26757511,0.23912959,0.3014371,0.2672558,0.29548186
0b4d4b10-87b0-505c-afc3-fc0cd0f9964b,drinks,extremely_close,7,3,2,2,0.2,0.22562149,0.24335633,0.22504783,0.22650158,0.22667027
0b4d4b10-87b0-505c-afc3-fc0cd0f9964b,drinks,extremely_close,7,3,3,5,0.5,0.17163132,0.26102385,0.240749,0.17371236,0.22780243
0b4d4b10-87b0-505c-afc3-fc0cd0f9964b,driving,not_close,8,0,0,6,0.4615384615384615,0.32080168,0.28850093,0.32237765,0.3188238,0.32171026
0b4d4b10-87b0-505c-afc3-fc0cd0f9964b,driving,not_close,8,0,1,4,0.3076923076923077,0.31365657,0.23262726,0.37901825,0.31193233,0.3648442
0b4d4b10-87b0-505c-afc3-fc0cd0f9964b,driving,not_close,8,0,2,2,0.1538461538461538,0.21734229,0.23673908,0.18294969,0.21852566,0.19041178
0b4d4b10-87b0-505c-afc3-fc0cd0f9964b,driving,not_close,8,0,3,1,0.0769230769230769,0.14819951,0.24213271,0.11565435,0.1507182,0.12303381
0b4d4b10-87b0-505c-afc3-fc0cd0f9964b,hike,close,11,2,0,6,0.4615384615384615,0.33404678,0.30082837,0.31649798,0.33169934,0.31855774
0b4d4b10-87b0-505c-afc3-fc0cd0f9964b,hike,close,11,2,1,4,0.3076923076923077,0.32451156,0.21243119,0.31296036,0.32250962,0.31405988
0b4d4b10-87b0-505c-afc3-fc0cd0f9964b,hike,close,11,2,2,2,0.1538461538461538,0.19580749,0.25311163,0.20188613,0.19755435,0.20176907
0b4d4b10-87b0-505c-afc3-fc0cd0f9964b,hike,close,11,2,3,1,0.0769230769230769,0.14563413,0.23362878,0.16865557,0.14823666,0.16561331
0b4d4b10-87b0-505c-afc3-fc0cd0f9964b,conference,extremely_close,3,3,0,2,0.1333333333333333,0.33627447,0.28567946,0.31225505,0.33383918,0.31567898
0b4d4b10-87b0-505c-afc3-fc0cd0f9964b,conference,extremely_close,3,3,1,4,0.2666666666666666,0.32249793,0.2440027,0.29103574,0.32056218,0.29611537
0b4d4b10-87b0-505c-afc3-fc0cd0f9964b,conference,extremely_close,3,3,2,6,0.4,0.19272308,0.2495618,0.23289657,0.19453102,0.22576019
0b4d4b10-87b0-505c-afc3-fc0cd0f9964b,conference,extremely_close,3,3,3,3,0.2,0.14850451,0.22075598,0.16381264,0.15106763,0.16244544
0b4d4b10-87b0-505c-afc3-fc0cd0f9964b,brunch,close,2,2,0,3,0.1764705882352941,0.30243197,0.3026591,0.2907551,0.30091482,0.29213974
0b4d4b10-87b0-505c-afc3-fc0cd0f9964b,brunch,close,2,2,1,6,0.3529411764705882,0.29379916,0.21859324,0.28704393,0.29257798,0.28764403
0b4d4b10-87b0-505c-afc3-fc0cd0f9964b,brunch,close,2,2,2,5,0.2941176470588235,0.22932231,0.23039065,0.23673561,0.23006326,0.23571382
0b4d4b10-87b0-505c-afc3-fc0cd0f9964b,brunch,close,2,2,3,3,0.1764705882352941,0.17444655,0.24835704,0.1854654,0.17644392,0.1845024
0b4d4b10-87b0-505c-afc3-fc0cd0f9964b,oysters,close,12,2,0,3,0.2307692307692307,0.3400336,0.31127194,0.3257782,0.3373747,0.3269814
0b4d4b10-87b0-505c-afc3-fc0cd0f9964b,oysters,close,12,2,1,6,0.4615384615384615,0.30284005,0.21870834,0.30453157,0.3015121,0.30337986
0b4d4b10-87b0-505c-afc3-fc0cd0f9964b,oysters,close,12,2,2,3,0.2307692307692307,0.20254946,0.2491106,0.20594548,0.20409547,0.20621069
0b4d4b10-87b0-505c-afc3-fc0cd0f9964b,oysters,close,12,2,3,1,0.0769230769230769,0.15457693,0.22090909,0.16374475,0.1570177,0.1634281
0b4d4b10-87b0-505c-afc3-fc0cd0f9964b,dip,not_close,6,0,0,3,0.375,0.33769047,0.26539132,0.4222383,0.33498037,0.40336716
0b4d4b10-87b0-505c-afc3-fc0cd0f9964b,dip,not_close,6,0,1,2,0.25,0.2704545,0.25054428,0.24091707,0.27006677,0.24709393
0b4d4b10-87b0-505c-afc3-fc0cd0f9964b,dip,not_close,6,0,2,2,0.25,0.2244097,0.25625244,0.20938475,0.22533904,0.2135127
0b4d4b10-87b0-505c-afc3-fc0cd0f9964b,dip,not_close,6,0,3,1,0.125,0.16744532,0.22781193,0.12745976,0.16961384,0.13602626
0b4d4b10-87b0-505c-afc3-fc0cd0f9964b,wedding,extremely_close,15,3,0,5,0.25,0.30876625,0.29976675,0.29720375,0.30711403,0.2985504
0b4d4b10-87b0-505c-afc3-fc0cd0f9964b,wedding,extremely_close,15,3,1,5,0.25,0.29898903,0.2203311,0.27952927,0.29767475,0.2825817
0b4d4b10-87b0-505c-afc3-fc0cd0f9964b,wedding,extremely_close,15,3,2,4,0.2,0.23715827,0.23514688,0.2412807,0.23775323,0.24087891
0b4d4b10-87b0-505c-afc3-fc0cd0f9964b,wedding,extremely_close,15,3,3,6,0.3,0.15508646,0.24475528,0.18198623,0.15745798,0.17798899
0b4d4b10-87b0-505c-afc3-fc0cd0f9964b,gala,extremely_close,10,3,0,1,0.0555555555555555,0.36258376,0.29305857,0.27085638,0.35897562,0.28588986
0b4d4b10-87b0-505c-afc3-fc0cd0f9964b,gala,extremely_close,10,3,1,7,0.3888888888888889,0.24803236,0.2547296,0.27790543,0.2483613,0.27260363
0b4d4b10-87b0-505c-afc3-fc0cd0f9964b,gala,extremely_close,10,3,2,6,0.3333333333333333,0.21528816,0.24108168,0.25729015,0.2164861,0.2498217
0b4d4b10-87b0-505c-afc3-fc0cd0f9964b,gala,extremely_close,10,3,3,4,0.2222222222222222,0.17409568,0.21113022,0.19394808,0.17617695,0.19168487
0b4d4b10-87b0-505c-afc3-fc0cd0f9964b,cooking,somewhat_close,4,1,0,2,0.1111111111111111,0.32508844,0.28153455,0.3038481,0.32288563,0.30680162
0b4d4b10-87b0-505c-afc3-fc0cd0f9964b,cooking,somewhat_close,4,1,1,7,0.3888888888888889,0.30092797,0.22757895,0.3294611,0.2995782,0.32287404
0b4d4b10-87b0-505c-afc3-fc0cd0f9964b,cooking,somewhat_close,4,1,2,6,0.3333333333333333,0.21122348,0.2310226,0.2139687,0.21250805,0.21430032
0b4d4b10-87b0-505c-afc3-fc0cd0f9964b,cooking,somewhat_close,4,1,3,3,0.1666666666666666,0.16276015,0.2598639,0.15272212,0.1650281,0.15602408
0b4d4b10-87b0-505c-afc3-fc0cd0f9964b,basketball,somewhat_close,0,1,0,4,0.3333333333333333,0.3173009,0.27931517,0.3148467,0.3154185,0.31423575
0b4d4b10-87b0-505c-afc3-fc0cd0f9964b,basketball,somewhat_close,0,1,1,3,0.25,0.31123364,0.2196531,0.32266358,0.3095655,0.31937057
0b4d4b10-87b0-505c-afc3-fc0cd0f9964b,basketball,somewhat_close,0,1,2,3,0.25,0.22057617,0.24769424,0.21528408,0.22165884,0.21698892
0b4d4b10-87b0-505c-afc3-fc0cd0f9964b,basketball,somewhat_close,0,1,3,2,0.1666666666666666,0.15088934,0.25333744,0.14720571,0.15335715,0.1494048
0b4d4b10-87b0-505c-afc3-fc0cd0f9964b,crabs,not_close,5,0,0,7,0.4117647058823529,0.32949838,0.29960105,0.33250704,0.3272346,0.33146152
0b4d4b10-87b0-505c-afc3-fc0cd0f9964b,crabs,not_close,5,0,1,5,0.2941176470588235,0.32009298,0.23267563,0.38626826,0.31816855,0.37187403
0b4d4b10-87b0-505c-afc3-fc0cd0f9964b,crabs,not_close,5,0,2,3,0.1764705882352941,0.18702544,0.23678833,0.15252548,0.18890499,0.16021432
0b4d4b10-87b0-505c-afc3-fc0cd0f9964b,crabs,not_close,5,0,3,2,0.1176470588235294,0.16338322,0.23093499,0.12869921,0.16569182,0.13645016
0b4d4b10-87b0-505c-afc3-fc0cd0f9964b,soup,not_close,14,0,0,7,0.4666666666666667,0.33818597,0.3010139,0.3825187,0.33563444,0.37256363
0b4d4b10-87b0-505c-afc3-fc0cd0f9964b,soup,not_close,14,0,1,3,0.2,0.31507322,0.22628844,0.33879057,0.31335708,0.33371714
0b4d4b10-87b0-505c-afc3-fc0cd0f9964b,soup,not_close,14,0,2,3,0.2,0.18950173,0.22069465,0.16353203,0.19134966,0.16979322
0b4d4b10-87b0-505c-afc3-fc0cd0f9964b,soup,not_close,14,0,3,2,0.1333333333333333,0.15723914,0.25200298,0.11515866,0.15965882,0.12392601
0b4d4b10-87b0-505c-afc3-fc0cd0f9964b,birthday,somewhat_close,1,1,0,5,0.2777777777777778,0.32165617,0.28021994,0.31222877,0.3196522,0.31307483
0b4d4b10-87b0-505c-afc3-fc0cd0f9964b,birthday,somewhat_close,1,1,1,4,0.2222222222222222,0.31348172,0.22091691,0.33197084,0.311768,0.32734334
0b4d4b10-87b0-505c-afc3-fc0cd0f9964b,birthday,somewhat_close,1,1,2,5,0.2777777777777778,0.21722111,0.24974371,0.2297937,0.21841055,0.22814302
0b4d4b10-87b0-505c-afc3-fc0cd0f9964b,birthday,somewhat_close,1,1,3,4,0.2222222222222222,0.14764105,0.24911939,0.12600674,0.15016927,0.13143879
0b4d4b10-87b0-505c-afc3-fc0cd0f9964b,fair,somewhat_close,9,1,0,5,0.2777777777777778,0.32837287,0.2946545,0.29791787,0.32618845,0.30253178
0b4d4b10-87b0-505c-afc3-fc0cd0f9964b,fair,somewhat_close,9,1,1,4,0.2222222222222222,0.32105917,0.21227996,0.32904878,0.31913775,0.32632118
0b4d4b10-87b0-505c-afc3-fc0cd0f9964b,fair,somewhat_close,9,1,2,5,0.2777777777777778,0.20461664,0.2554765,0.2179913,0.20614377,0.21628724
0b4d4b10-87b0-505c-afc3-fc0cd0f9964b,fair,somewhat_close,9,1,3,4,0.2222222222222222,0.14595127,0.23758905,0.15504195,0.14853,0.15485977
2c9fead8-57d2-56ff-b426-76677bd41f94,oysters,close,12,2,0,2,0.1176470588235294,0.3400336,0.31127194,0.3257782,0.3373747,0.3269814
2c9fead8-57d2-56ff-b426-76677bd41f94,oysters,close,12,2,1,6,0.3529411764705882,0.30284005,0.21870834,0.30453157,0.3015121,0.30337986
2c9fead8-57d2-56ff-b426-76677bd41f94,oysters,close,12,2,2,5,0.2941176470588235,0.20254946,0.2491106,0.20594548,0.20409547,0.20621069
2c9fead8-57d2-56ff-b426-76677bd41f94,oysters,close,12,2,3,4,0.2352941176470588,0.15457693,0.22090909,0.16374475,0.1570177,0.1634281
2c9fead8-57d2-56ff-b426-76677bd41f94,social,not_close,13,0,0,5,0.4545454545454545,0.38478413,0.29484272,0.45282483,0.38051066,0.43652424
2c9fead8-57d2-56ff-b426-76677bd41f94,social,not_close,13,0,1,2,0.1818181818181818,0.26153043,0.23070611,0.24479835,0.261622,0.24863854
2c9fead8-57d2-56ff-b426-76677bd41f94,social,not_close,13,0,2,3,0.2727272727272727,0.20087723,0.25057164,0.17145851,0.20253547,0.17819941
2c9fead8-57d2-56ff-b426-76677bd41f94,social,not_close,13,0,3,1,0.0909090909090909,0.15280823,0.22387956,0.13091831,0.15533185,0.1366378
2c9fead8-57d2-56ff-b426-76677bd41f94,soup,extremely_close,14,3,0,7,0.5833333333333334,0.33818597,0.3010139,0.31913835,0.33563444,0.32138214
2c9fead8-57d2-56ff-b426-76677bd41f94,soup,extremely_close,14,3,1,2,0.1666666666666666,0.31507322,0.22628844,0.29832476,0.31335708,0.30060738
2c9fead8-57d2-56ff-b426-76677bd41f94,soup,extremely_close,14,3,2,2,0.1666666666666666,0.18950173,0.22069465,0.210552,0.19134966,0.20745501
2c9fead8-57d2-56ff-b426-76677bd41f94,soup,extremely_close,14,3,3,1,0.0833333333333333,0.15723914,0.25200298,0.17198491,0.15965882,0.17055549
2c9fead8-57d2-56ff-b426-76677bd41f94,dip,not_close,6,0,0,7,0.7,0.33769047,0.26539132,0.4222383,0.33498037,0.40336716
2c9fead8-57d2-56ff-b426-76677bd41f94,dip,not_close,6,0,1,1,0.1,0.2704545,0.25054428,0.24091707,0.27006677,0.24709393
2c9fead8-57d2-56ff-b426-76677bd41f94,dip,not_close,6,0,2,1,0.1,0.2244097,0.25625244,0.20938475,0.22533904,0.2135127
2c9fead8-57d2-56ff-b426-76677bd41f94,dip,not_close,6,0,3,1,0.1,0.16744532,0.22781193,0.12745976,0.16961384,0.13602626
2c9fead8-57d2-56ff-b426-76677bd41f94,birthday,extremely_close,1,3,0,1,0.05,0.32165617,0.28021994,0.29297653,0.3196522,0.2974144
2c9fead8-57d2-56ff-b426-76677bd41f94,birthday,extremely_close,1,3,1,6,0.3,0.31348172,0.22091691,0.2967644,0.311768,0.2991094
2c9fead8-57d2-56ff-b426-76677bd41f94,birthday,extremely_close,1,3,2,6,0.3,0.21722111,0.24974371,0.24162844,0.21841055,0.2374631
2c9fead8-57d2-56ff-b426-76677bd41f94,birthday,extremely_close,1,3,3,7,0.35,0.14764105,0.24911939,0.16863064,0.15016927,0.16601305
2c9fead8-57d2-56ff-b426-76677bd41f94,fair,somewhat_close,9,1,0,6,0.3333333333333333,0.32837287,0.2946545,0.29791787,0.32618845,0.30253178
2c9fead8-57d2-56ff-b426-76677bd41f94,fair,somewhat_close,9,1,1,5,0.2777777777777778,0.32105917,0.21227996,0.32904878,0.31913775,0.32632118
2c9fead8-57d2-56ff-b426-76677bd41f94,fair,somewhat_close,9,1,2,6,0.3333333333333333,0.20461664,0.2554765,0.2179913,0.20614377,0.21628724
2c9fead8-57d2-56ff-b426-76677bd41f94,fair,somewhat_close,9,1,3,1,0.0555555555555555,0.14595127,0.23758905,0.15504195,0.14853,0.15485977
2c9fead8-57d2-56ff-b426-76677bd41f94,crabs,not_close,5,0,0,6,0.4285714285714285,0.32949838,0.29960105,0.33250704,0.3272346,0.33146152
2c9fead8-57d2-56ff-b426-76677bd41f94,crabs,not_close,5,0,1,5,0.3571428571428571,0.32009298,0.23267563,0.38626826,0.31816855,0.37187403
2c9fead8-57d2-56ff-b426-76677bd41f94,crabs,not_close,5,0,2,1,0.0714285714285714,0.18702544,0.23678833,0.15252548,0.18890499,0.16021432
2c9fead8-57d2-56ff-b426-76677bd41f94,crabs,not_close,5,0,3,2,0.1428571428571428,0.16338322,0.23093499,0.12869921,0.16569182,0.13645016
2c9fead8-57d2-56ff-b426-76677bd41f94,conference,extremely_close,3,3,0,2,0.1,0.33627447,0.28567946,0.31225505,0.33383918,0.31567898
2c9fead8-57d2-56ff-b426-76677bd41f94,conference,extremely_close,3,3,1,5,0.25,0.32249793,0.2440027,0.29103574,0.32056218,0.29611537
2c9fead8-57d2-56ff-b426-76677bd41f94,conference,extremely_close,3,3,2,7,0.35,0.19272308,0.2495618,0.23289657,0.19453102,0.22576019
2c9fead8-57d2-56ff-b426-76677bd41f94,conference,extremely_close,3,3,3,6,0.3,0.14850451,0.22075598,0.16381264,0.15106763,0.16244544
2c9fead8-57d2-56ff-b426-76677bd41f94,cooking,extremely_close,4,3,0,1,0.0476190476190476,0.32508844,0.28153455,0.26053262,0.32288563,0.27141792
2c9fead8-57d2-56ff-b426-76677bd41f94,cooking,extremely_close,4,3,1,6,0.2857142857142857,0.30092797,0.22757895,0.31298968,0.2995782,0.31012288
2c9fead8-57d2-56ff-b426-76677bd41f94,cooking,extremely_close,4,3,2,7,0.3333333333333333,0.21122348,0.2310226,0.23388302,0.21250805,0.23035794
2c9fead8-57d2-56ff-b426-76677bd41f94,cooking,extremely_close,4,3,3,7,0.3333333333333333,0.16276015,0.2598639,0.19259474,0.1650281,0.18810125
2c9fead8-57d2-56ff-b426-76677bd41f94,gala,somewhat_close,10,1,0,6,0.3157894736842105,0.36258376,0.29305857,0.32763717,0.35897562,0.33230746
2c9fead8-57d2-56ff-b426-76677bd41f94,gala,somewhat_close,10,1,1,6,0.3157894736842105,0.24803236,0.2547296,0.2531211,0.2483613,0.25235286
2c9fead8-57d2-56ff-b426-76677bd41f94,gala,somewhat_close,10,1,2,5,0.2631578947368421,0.21528816,0.24108168,0.2304504,0.2164861,0.2281751
2c9fead8-57d2-56ff-b426-76677bd41f94,gala,somewhat_close,10,1,3,2,0.1052631578947368,0.17409568,0.21113022,0.18879129,0.17617695,0.18716459
2c9fead8-57d2-56ff-b426-76677bd41f94,brunch,not_close,2,0,0,6,0.4,0.30243197,0.3026591,0.35060638,0.30091482,0.34033895
2c9fead8-57d2-56ff-b426-76677bd41f94,brunch,not_close,2,0,1,2,0.1333333333333333,0.29379916,0.21859324,0.3063659,0.29257798,0.30384555
2c9fead8-57d2-56ff-b426-76677bd41f94,brunch,not_close,2,0,2,5,0.3333333333333333,0.22932231,0.23039065,0.22114328,0.23006326,0.22373937
2c9fead8-57d2-56ff-b426-76677bd41f94,brunch,not_close,2,0,3,2,0.1333333333333333,0.17444655,0.24835704,0.121884465,0.17644392,0.13207617
2c9fead8-57d2-56ff-b426-76677bd41f94,wedding,close,15,2,0,2,0.1052631578947368,0.30876625,0.29976675,0.30674273,0.30711403,0.3061728
2c9fead8-57d2-56ff-b426-76677bd41f94,wedding,close,15,2,1,6,0.3157894736842105,0.29898903,0.2203311,0.27808088,0.29767475,0.2813681
2c9fead8-57d2-56ff-b426-76677bd41f94,wedding,close,15,2,2,5,0.2631578947368421,0.23715827,0.23514688,0.2490248,0.23775323,0.24702889
2c9fead8-57d2-56ff-b426-76677bd41f94,wedding,close,15,2,3,6,0.3157894736842105,0.15508646,0.24475528,0.1661516,0.15745798,0.16543032
2c9fead8-57d2-56ff-b426-76677bd41f94,drinks,somewhat_close,7,1,0,2,0.1538461538461538,0.33517203,0.25649023,0.35535023,0.33253023,0.35018
2c9fead8-57d2-56ff-b426-76677bd41f94,drinks,somewhat_close,7,1,1,6,0.4615384615384615,0.26757511,0.23912959,0.3067269,0.2672558,0.29884645
2c9fead8-57d2-56ff-b426-76677bd41f94,drinks,somewhat_close,7,1,2,3,0.2307692307692307,0.22562149,0.24335633,0.19969311,0.22650158,0.20539983
2c9fead8-57d2-56ff-b426-76677bd41f94,drinks,somewhat_close,7,1,3,2,0.1538461538461538,0.17163132,0.26102385,0.13822965,0.17371236,0.14557375
2c9fead8-57d2-56ff-b426-76677bd41f94,hike,close,11,2,0,1,0.0588235294117647,0.33404678,0.30082837,0.31649798,0.33169934,0.31855774
2c9fead8-57d2-56ff-b426-76677bd41f94,hike,close,11,2,1,6,0.3529411764705882,0.32451156,0.21243119,0.31296036,0.32250962,0.31405988
2c9fead8-57d2-56ff-b426-76677bd41f94,hike,close,11,2,2,3,0.1764705882352941,0.19580749,0.25311163,0.20188613,0.19755435,0.20176907
2c9fead8-57d2-56ff-b426-76677bd41f94,hike,close,11,2,3,7,0.4117647058823529,0.14563413,0.23362878,0.16865557,0.14823666,0.16561331
2c9fead8-57d2-56ff-b426-76677bd41f94,basketball,somewhat_close,0,1,0,2,0.125,0.3173009,0.27931517,0.3148467,0.3154185,0.31423575
2c9fead8-57d2-56ff-b426-76677bd41f94,basketball,somewhat_close,0,1,1,6,0.375,0.31123364,0.2196531,0.32266358,0.3095655,0.31937057
2c9fead8-57d2-56ff-b426-76677bd41f94,basketball,somewhat_close,0,1,2,6,0.375,0.22057617,0.24769424,0.21528408,0.22165884,0.21698892
2c9fead8-57d2-56ff-b426-76677bd41f94,basketball,somewhat_close,0,1,3,2,0.125,0.15088934,0.25333744,0.14720571,0.15335715,0.1494048
2c9fead8-57d2-56ff-b426-76677bd41f94,driving,close,8,2,0,2,0.0952380952380952,0.32080168,0.28850093,0.30510676,0.3188238,0.30702308
2c9fead8-57d2-56ff-b426-76677bd41f94,driving,close,8,2,1,7,0.3333333333333333,0.31365657,0.23262726,0.3255142,0.31193233,0.32208744
2c9fead8-57d2-56ff-b426-76677bd41f94,driving,close,8,2,2,6,0.2857142857142857,0.21734229,0.23673908,0.21140538,0.21852566,0.21328457
2c9fead8-57d2-56ff-b426-76677bd41f94,driving,close,8,2,3,6,0.2857142857142857,0.14819951,0.24213271,0.15797366,0.1507182,0.1576049
1da09ab7-69fe-58dc-a22b-e6ed1840a9ac,dip,somewhat_close,6,1,0,6,0.4285714285714285,0.33769047,0.26539132,0.36435014,0.33498037,0.3577161
1da09ab7-69fe-58dc-a22b-e6ed1840a9ac,dip,somewhat_close,6,1,1,5,0.3571428571428571,0.2704545,0.25054428,0.28163436,0.27006677,0.27957094
1da09ab7-69fe-58dc-a22b-e6ed1840a9ac,dip,somewhat_close,6,1,2,2,0.1428571428571428,0.2244097,0.25625244,0.22864093,0.22533904,0.2287165
1da09ab7-69fe-58dc-a22b-e6ed1840a9ac,dip,somewhat_close,6,1,3,1,0.0714285714285714,0.16744532,0.22781193,0.12537463,0.16961384,0.1339964
1da09ab7-69fe-58dc-a22b-e6ed1840a9ac,basketball,somewhat_close,0,1,0,6,0.4285714285714285,0.3173009,0.27931517,0.3148467,0.3154185,0.31423575
1da09ab7-69fe-58dc-a22b-e6ed1840a9ac,basketball,somewhat_close,0,1,1,5,0.3571428571428571,0.31123364,0.2196531,0.32266358,0.3095655,0.31937057
1da09ab7-69fe-58dc-a22b-e6ed1840a9ac,basketball,somewhat_close,0,1,2,2,0.1428571428571428,0.22057617,0.24769424,0.21528408,0.22165884,0.21698892
1da09ab7-69fe-58dc-a22b-e6ed1840a9ac,basketball,somewhat_close,0,1,3,1,0.0714285714285714,0.15088934,0.25333744,0.14720571,0.15335715,0.1494048
1da09ab7-69fe-58dc-a22b-e6ed1840a9ac,soup,not_close,14,0,0,7,0.6363636363636364,0.33818597,0.3010139,0.3825187,0.33563444,0.37256363
1da09ab7-69fe-58dc-a22b-e6ed1840a9ac,soup,not_close,14,0,1,2,0.1818181818181818,0.31507322,0.22628844,0.33879057,0.31335708,0.33371714
1da09ab7-69fe-58dc-a22b-e6ed1840a9ac,soup,not_close,14,0,2,1,0.0909090909090909,0.18950173,0.22069465,0.16353203,0.19134966,0.16979322
1da09ab7-69fe-58dc-a22b-e6ed1840a9ac,soup,not_close,14,0,3,1,0.0909090909090909,0.15723914,0.25200298,0.11515866,0.15965882,0.12392601
1da09ab7-69fe-58dc-a22b-e6ed1840a9ac,fair,somewhat_close,9,1,0,2,0.125,0.32837287,0.2946545,0.29791787,0.32618845,0.30253178
1da09ab7-69fe-58dc-a22b-e6ed1840a9ac,fair,somewhat_close,9,1,1,6,0.375,0.32105917,0.21227996,0.32904878,0.31913775,0.32632118
1da09ab7-69fe-58dc-a22b-e6ed1840a9ac,fair,somewhat_close,9,1,2,6,0.375,0.20461664,0.2554765,0.2179913,0.20614377,0.21628724
1da09ab7-69fe-58dc-a22b-e6ed1840a9ac,fair,somewhat_close,9,1,3,2,0.125,0.14595127,0.23758905,0.15504195,0.14853,0.15485977
1da09ab7-69fe-58dc-a22b-e6ed1840a9ac,wedding,extremely_close,15,3,0,1,0.0526315789473684,0.30876625,0.29976675,0.29720375,0.30711403,0.2985504
1da09ab7-69fe-58dc-a22b-e6ed1840a9ac,wedding,extremely_close,15,3,1,6,0.3157894736842105,0.29898903,0.2203311,0.27952927,0.29767475,0.2825817
1da09ab7-69fe-58dc-a22b-e6ed1840a9ac,wedding,extremely_close,15,3,2,5,0.2631578947368421,0.23715827,0.23514688,0.2412807,0.23775323,0.24087891
1da09ab7-69fe-58dc-a22b-e6ed1840a9ac,wedding,extremely_close,15,3,3,7,0.3684210526315789,0.15508646,0.24475528,0.18198623,0.15745798,0.17798899
1da09ab7-69fe-58dc-a22b-e6ed1840a9ac,hike,extremely_close,11,3,0,1,0.0526315789473684,0.33404678,0.30082837,0.33788186,0.33169934,0.33572078
1da09ab7-69fe-58dc-a22b-e6ed1840a9ac,hike,extremely_close,11,3,1,6,0.3157894736842105,0.32451156,0.21243119,0.2973505,0.32250962,0.3014346
1da09ab7-69fe-58dc-a22b-e6ed1840a9ac,hike,extremely_close,11,3,2,6,0.3157894736842105,0.19580749,0.25311163,0.20556362,0.19755435,0.2047168
1da09ab7-69fe-58dc-a22b-e6ed1840a9ac,hike,extremely_close,11,3,3,6,0.3157894736842105,0.14563413,0.23362878,0.15920395,0.14823666,0.15812786
1da09ab7-69fe-58dc-a22b-e6ed1840a9ac,cooking,close,4,2,0,1,0.0555555555555555,0.32508844,0.28153455,0.25373095,0.32288563,0.2657937
1da09ab7-69fe-58dc-a22b-e6ed1840a9ac,cooking,close,4,2,1,6,0.3333333333333333,0.30092797,0.22757895,0.3285871,0.2995782,0.32255453
1da09ab7-69fe-58dc-a22b-e6ed1840a9ac,cooking,close,4,2,2,5,0.2777777777777778,0.21122348,0.2310226,0.23453203,0.21250805,0.23093651
1da09ab7-69fe-58dc-a22b-e6ed1840a9ac,cooking,close,4,2,3,6,0.3333333333333333,0.16276015,0.2598639,0.18314992,0.1650281,0.18071517
1da09ab7-69fe-58dc-a22b-e6ed1840a9ac,birthday,close,1,2,0,2,0.1,0.32165617,0.28021994,0.2816877,0.3196522,0.28819582
1da09ab7-69fe-58dc-a22b-e6ed1840a9ac,birthday,close,1,2,1,7,0.35,0.31348172,0.22091691,0.31876132,0.311768,0.31678355
1da09ab7-69fe-58dc-a22b-e6ed1840a9ac,birthday,close,1,2,2,6,0.3,0.21722111,0.24974371,0.23532178,0.21841055,0.23248664
1da09ab7-69fe-58dc-a22b-e6ed1840a9ac,birthday,close,1,2,3,5,0.25,0.14764105,0.24911939,0.16422926,0.15016927,0.16253394
1da09ab7-69fe-58dc-a22b-e6ed1840a9ac,driving,somewhat_close,8,1,0,5,0.2777777777777778,0.32080168,0.28850093,0.31517804,0.3188238,0.3153335
1da09ab7-69fe-58dc-a22b-e6ed1840a9ac,driving,somewhat_close,8,1,1,6,0.3333333333333333,0.31365657,0.23262726,0.34766352,0.31193233,0.33977747
1da09ab7-69fe-58dc-a22b-e6ed1840a9ac,driving,somewhat_close,8,1,2,5,0.2777777777777778,0.21734229,0.23673908,0.20519517,0.21852566,0.20837864
1da09ab7-69fe-58dc-a22b-e6ed1840a9ac,driving,somewhat_close,8,1,3,2,0.1111111111111111,0.14819951,0.24213271,0.13196324,0.1507182,0.13651037
1da09ab7-69fe-58dc-a22b-e6ed1840a9ac,oysters,close,12,2,0,2,0.1333333333333333,0.3400336,0.31127194,0.3257782,0.3373747,0.3269814
1da09ab7-69fe-58dc-a22b-e6ed1840a9ac,oysters,close,12,2,1,6,0.4,0.30284005,0.21870834,0.30453157,0.3015121,0.30337986
1da09ab7-69fe-58dc-a22b-e6ed1840a9ac,oysters,close,12,2,2,5,0.3333333333333333,0.20254946,0.2491106,0.20594548,0.20409547,0.20621069
1da09ab7-69fe-58dc-a22b-e6ed1840a9ac,oysters,close,12,2,3,2,0.1333333333333333,0.15457693,0.22090909,0.16374475,0.1570177,0.1634281
1da09ab7-69fe-58dc-a22b-e6ed1840a9ac,social,close,13,2,0,2,0.0952380952380952,0.38478413,0.29484272,0.3941475,0.38051066,0.38977
1da09ab7-69fe-58dc-a22b-e6ed1840a9ac,social,close,13,2,1,6,0.2857142857142857,0.26153043,0.23070611,0.26863965,0.261622,0.2673677
1da09ab7-69fe-58dc-a22b-e6ed1840a9ac,social,close,13,2,2,6,0.2857142857142857,0.20087723,0.25057164,0.19937879,0.20253547,0.20073907
1da09ab7-69fe-58dc-a22b-e6ed1840a9ac,social,close,13,2,3,7,0.3333333333333333,0.15280823,0.22387956,0.13783406,0.15533185,0.14212327
1da09ab7-69fe-58dc-a22b-e6ed1840a9ac,brunch,extremely_close,2,3,0,1,0.05,0.30243197,0.3026591,0.25437948,0.30091482,0.26270998
1da09ab7-69fe-58dc-a22b-e6ed1840a9ac,brunch,extremely_close,2,3,1,6,0.3,0.29379916,0.21859324,0.28251648,0.29257798,0.28429732
1da09ab7-69fe-58dc-a22b-e6ed1840a9ac,brunch,extremely_close,2,3,2,7,0.35,0.22932231,0.23039065,0.2505955,0.23006326,0.24698317
1da09ab7-69fe-58dc-a22b-e6ed1840a9ac,brunch,extremely_close,2,3,3,6,0.3,0.17444655,0.24835704,0.21250848,0.17644392,0.20600952
1da09ab7-69fe-58dc-a22b-e6ed1840a9ac,drinks,not_close,7,0,0,7,0.5833333333333334,0.33517203,0.25649023,0.30263433,0.33253023,0.30758438
1da09ab7-69fe-58dc-a22b-e6ed1840a9ac,drinks,not_close,7,0,1,2,0.1666666666666666,0.26757511,0.23912959,0.31184286,0.2672558,0.30257833
1da09ab7-69fe-58dc-a22b-e6ed1840a9ac,drinks,not_close,7,0,2,2,0.1666666666666666,0.22562149,0.24335633,0.22425486,0.22650158,0.22524028
1da09ab7-69fe-58dc-a22b-e6ed1840a9ac,drinks,not_close,7,0,3,1,0.0833333333333333,0.17163132,0.26102385,0.16126789,0.17371236,0.16459699
1da09ab7-69fe-58dc-a22b-e6ed1840a9ac,conference,not_close,3,0,0,6,0.4615384615384615,0.33627447,0.28567946,0.33324155,0.33383918,0.33397454
1da09ab7-69fe-58dc-a22b-e6ed1840a9ac,conference,not_close,3,0,1,5,0.3846153846153846,0.32249793,0.2440027,0.41457385,0.32056218,0.3949526
1da09ab7-69fe-58dc-a22b-e6ed1840a9ac,conference,not_close,3,0,2,1,0.0769230769230769,0.19272308,0.2495618,0.14458562,0.19453102,0.15464573
1da09ab7-69fe-58dc-a22b-e6ed1840a9ac,conference,not_close,3,0,3,1,0.0769230769230769,0.14850451,0.22075598,0.10759906,0.15106763,0.11642715
1da09ab7-69fe-58dc-a22b-e6ed1840a9ac,gala,extremely_close,10,3,0,1,0.0476190476190476,0.36258376,0.29305857,0.27085638,0.35897562,0.28588986
1da09ab7-69fe-58dc-a22b-e6ed1840a9ac,gala,extremely_close,10,3,1,7,0.3333333333333333,0.24803236,0.2547296,0.27790543,0.2483613,0.27260363
1da09ab7-69fe-58dc-a22b-e6ed1840a9ac,gala,extremely_close,10,3,2,6,0.2857142857142857,0.21528816,0.24108168,0.25729015,0.2164861,0.2498217
1da09ab7-69fe-58dc-a22b-e6ed1840a9ac,gala,extremely_close,10,3,3,7,0.3333333333333333,0.17409568,0.21113022,0.19394808,0.17617695,0.19168487
1da09ab7-69fe-58dc-a22b-e6ed1840a9ac,crabs,not_close,5,0,0,6,0.4285714285714285,0.32949838,0.29960105,0.33250704,0.3272346,0.33146152
1da09ab7-69fe-58dc-a22b-e6ed1840a9ac,crabs,not_close,5,0,1,5,0.3571428571428571,0.32009298,0.23267563,0.38626826,0.31816855,0.37187403
1da09ab7-69fe-58dc-a22b-e6ed1840a9ac,crabs,not_close,5,0,2,2,0.1428571428571428,0.18702544,0.23678833,0.15252548,0.18890499,0.16021432
1da09ab7-69fe-58dc-a22b-e6ed1840a9ac,crabs,not_close,5,0,3,1,0.0714285714285714,0.16338322,0.23093499,0.12869921,0.16569182,0.13645016
aeee18f5-1350-5709-bd84-16c595b1f686,gala,not_close,10,0,0,6,0.25,0.36258376,0.29305857,0.39073783,0.35897562,0.38308117
aeee18f5-1350-5709-bd84-16c595b1f686,gala,not_close,10,0,1,6,0.25,0.24803236,0.2547296,0.25930107,0.2483613,0.25750896
aeee18f5-1350-5709-bd84-16c595b1f686,gala,not_close,10,0,2,6,0.25,0.21528816,0.24108168,0.20672406,0.2164861,0.20930924
aeee18f5-1350-5709-bd84-16c595b1f686,gala,not_close,10,0,3,6,0.25,0.17409568,0.21113022,0.143237,0.17617695,0.15010062
aeee18f5-1350-5709-bd84-16c595b1f686,soup,extremely_close,14,3,0,2,0.25,0.33818597,0.3010139,0.31913835,0.33563444,0.32138214
aeee18f5-1350-5709-bd84-16c595b1f686,soup,extremely_close,14,3,1,2,0.25,0.31507322,0.22628844,0.29832476,0.31335708,0.30060738
aeee18f5-1350-5709-bd84-16c595b1f686,soup,extremely_close,14,3,2,2,0.25,0.18950173,0.22069465,0.210552,0.19134966,0.20745501
aeee18f5-1350-5709-bd84-16c595b1f686,soup,extremely_close,14,3,3,2,0.25,0.15723914,0.25200298,0.17198491,0.15965882,0.17055549
aeee18f5-1350-5709-bd84-16c595b1f686,birthday,close,1,2,0,2,0.125,0.32165617,0.28021994,0.2816877,0.3196522,0.28819582
aeee18f5-1350-5709-bd84-16c595b1f686,birthday,close,1,2,1,6,0.375,0.31348172,0.22091691,0.31876132,0.311768,0.31678355
aeee18f5-1350-5709-bd84-16c595b1f686,birthday,close,1,2,2,6,0.375,0.21722111,0.24974371,0.23532178,0.21841055,0.23248664
aeee18f5-1350-5709-bd84-16c595b1f686,birthday,close,1,2,3,2,0.125,0.14764105,0.24911939,0.16422926,0.15016927,0.16253394
aeee18f5-1350-5709-bd84-16c595b1f686,driving,somewhat_close,8,1,0,6,0.375,0.32080168,0.28850093,0.31517804,0.3188238,0.3153335
aeee18f5-1350-5709-bd84-16c595b1f686,driving,somewhat_close,8,1,1,6,0.375,0.31365657,0.23262726,0.34766352,0.31193233,0.33977747
aeee18f5-1350-5709-bd84-16c595b1f686,driving,somewhat_close,8,1,2,2,0.125,0.21734229,0.23673908,0.20519517,0.21852566,0.20837864
aeee18f5-1350-5709-bd84-16c595b1f686,driving,somewhat_close,8,1,3,2,0.125,0.14819951,0.24213271,0.13196324,0.1507182,0.13651037
aeee18f5-1350-5709-bd84-16c595b1f686,oysters,extremely_close,12,3,0,3,0.25,0.3400336,0.31127194,0.34521964,0.3373747,0.3425975
aeee18f5-1350-5709-bd84-16c595b1f686,oysters,extremely_close,12,3,1,3,0.25,0.30284005,0.21870834,0.30538067,0.3015121,0.30410308
aeee18f5-1350-5709-bd84-16c595b1f686,oysters,extremely_close,12,3,2,3,0.25,0.20254946,0.2491106,0.20126957,0.20409547,0.20247553
aeee18f5-1350-5709-bd84-16c595b1f686,oysters,extremely_close,12,3,3,3,0.25,0.15457693,0.22090909,0.1481301,0.1570177,0.15082388
aeee18f5-1350-5709-bd84-16c595b1f686,hike,somewhat_close,11,1,0,6,0.5,0.33404678,0.30082837,0.33502132,0.33169934,0.3334202
aeee18f5-1350-5709-bd84-16c595b1f686,hike,somewhat_close,11,1,1,2,0.1666666666666666,0.32451156,0.21243119,0.32786852,0.32250962,0.32599643
aeee18f5-1350-5709-bd84-16c595b1f686,hike,somewhat_close,11,1,2,2,0.1666666666666666,0.19580749,0.25311163,0.19115357,0.19755435,0.19311021
aeee18f5-1350-5709-bd84-16c595b1f686,hike,somewhat_close,11,1,3,2,0.1666666666666666,0.14563413,0.23362878,0.14595659,0.14823666,0.1474731
aeee18f5-1350-5709-bd84-16c595b1f686,cooking,close,4,2,0,2,0.1666666666666666,0.32508844,0.28153455,0.25373095,0.32288563,0.2657937
aeee18f5-1350-5709-bd84-16c595b1f686,cooking,close,4,2,1,6,0.5,0.30092797,0.22757895,0.3285871,0.2995782,0.32255453
aeee18f5-1350-5709-bd84-16c595b1f686,cooking,close,4,2,2,2,0.1666666666666666,0.21122348,0.2310226,0.23453203,0.21250805,0.23093651
aeee18f5-1350-5709-bd84-16c595b1f686,cooking,close,4,2,3,2,0.1666666666666666,0.16276015,0.2598639,0.18314992,0.1650281,0.18071517
aeee18f5-1350-5709-bd84-16c595b1f686,wedding,close,15,2,0,6,0.5,0.30876625,0.29976675,0.30674273,0.30711403,0.3061728
aeee18f5-1350-5709-bd84-16c595b1f686,wedding,close,15,2,1,2,0.1666666666666666,0.29898903,0.2203311,0.27808088,0.29767475,0.2813681
aeee18f5-1350-5709-bd84-16c595b1f686,wedding,close,15,2,2,2,0.1666666666666666,0.23715827,0.23514688,0.2490248,0.23775323,0.24702889
aeee18f5-1350-5709-bd84-16c595b1f686,wedding,close,15,2,3,2,0.1666666666666666,0.15508646,0.24475528,0.1661516,0.15745798,0.16543032
aeee18f5-1350-5709-bd84-16c595b1f686,social,somewhat_close,13,1,0,2,0.25,0.38478413,0.29484272,0.3939905,0.38051066,0.38956168
aeee18f5-1350-5709-bd84-16c595b1f686,social,somewhat_close,13,1,1,2,0.25,0.26153043,0.23070611,0.2552778,0.261622,0.25658923
aeee18f5-1350-5709-bd84-16c595b1f686,social,somewhat_close,13,1,2,2,0.25,0.20087723,0.25057164,0.20189984,0.20253547,0.20272948
aeee18f5-1350-5709-bd84-16c595b1f686,social,somewhat_close,13,1,3,2,0.25,0.15280823,0.22387956,0.14883181,0.15533185,0.15111957
aeee18f5-1350-5709-bd84-16c595b1f686,fair,not_close,9,0,0,5,0.2631578947368421,0.32837287,0.2946545,0.33953634,0.32618845,0.33659288
aeee18f5-1350-5709-bd84-16c595b1f686,fair,not_close,9,0,1,6,0.3157894736842105,0.32105917,0.21227996,0.3681577,0.31913775,0.35772365
aeee18f5-1350-5709-bd84-16c595b1f686,fair,not_close,9,0,2,6,0.3157894736842105,0.20461664,0.2554765,0.17532648,0.20614377,0.18193142
aeee18f5-1350-5709-bd84-16c595b1f686,fair,not_close,9,0,3,2,0.1052631578947368,0.14595127,0.23758905,0.116979435,0.14853,0.12375206
aeee18f5-1350-5709-bd84-16c595b1f686,crabs,not_close,5,0,0,2,0.1818181818181818,0.32949838,0.29960105,0.33250704,0.3272346,0.33146152
aeee18f5-1350-5709-bd84-16c595b1f686,crabs,not_close,5,0,1,5,0.4545454545454545,0.32009298,0.23267563,0.38626826,0.31816855,0.37187403
aeee18f5-1350-5709-bd84-16c595b1f686,crabs,not_close,5,0,2,2,0.1818181818181818,0.18702544,0.23678833,0.15252548,0.18890499,0.16021432
aeee18f5-1350-5709-bd84-16c595b1f686,crabs,not_close,5,0,3,2,0.1818181818181818,0.16338322,0.23093499,0.12869921,0.16569182,0.13645016
aeee18f5-1350-5709-bd84-16c595b1f686,dip,not_close,6,0,0,6,0.375,0.33769047,0.26539132,0.4222383,0.33498037,0.40336716
aeee18f5-1350-5709-bd84-16c595b1f686,dip,not_close,6,0,1,6,0.375,0.2704545,0.25054428,0.24091707,0.27006677,0.24709393
aeee18f5-1350-5709-bd84-16c595b1f686,dip,not_close,6,0,2,2,0.125,0.2244097,0.25625244,0.20938475,0.22533904,0.2135127
aeee18f5-1350-5709-bd84-16c595b1f686,dip,not_close,6,0,3,2,0.125,0.16744532,0.22781193,0.12745976,0.16961384,0.13602626
aeee18f5-1350-5709-bd84-16c595b1f686,brunch,close,2,2,0,5,0.3333333333333333,0.30243197,0.3026591,0.2907551,0.30091482,0.29213974
aeee18f5-1350-5709-bd84-16c595b1f686,brunch,close,2,2,1,3,0.2,0.29379916,0.21859324,0.28704393,0.29257798,0.28764403
aeee18f5-1350-5709-bd84-16c595b1f686,brunch,close,2,2,2,5,0.3333333333333333,0.22932231,0.23039065,0.23673561,0.23006326,0.23571382
aeee18f5-1350-5709-bd84-16c595b1f686,brunch,close,2,2,3,2,0.1333333333333333,0.17444655,0.24835704,0.1854654,0.17644392,0.1845024
aeee18f5-1350-5709-bd84-16c595b1f686,conference,extremely_close,3,3,0,6,0.375,0.33627447,0.28567946,0.31225505,0.33383918,0.31567898
aeee18f5-1350-5709-bd84-16c595b1f686,conference,extremely_close,3,3,1,6,0.375,0.32249793,0.2440027,0.29103574,0.32056218,0.29611537
aeee18f5-1350-5709-bd84-16c595b1f686,conference,extremely_close,3,3,2,2,0.125,0.19272308,0.2495618,0.23289657,0.19453102,0.22576019
aeee18f5-1350-5709-bd84-16c595b1f686,conference,extremely_close,3,3,3,2,0.125,0.14850451,0.22075598,0.16381264,0.15106763,0.16244544
aeee18f5-1350-5709-bd84-16c595b1f686,basketball,somewhat_close,0,1,0,6,0.25,0.3173009,0.27931517,0.3148467,0.3154185,0.31423575
aeee18f5-1350-5709-bd84-16c595b1f686,basketball,somewhat_close,0,1,1,6,0.25,0.31123364,0.2196531,0.32266358,0.3095655,0.31937057
aeee18f5-1350-5709-bd84-16c595b1f686,basketball,somewhat_close,0,1,2,6,0.25,0.22057617,0.24769424,0.21528408,0.22165884,0.21698892
aeee18f5-1350-5709-bd84-16c595b1f686,basketball,somewhat_close,0,1,3,6,0.25,0.15088934,0.25333744,0.14720571,0.15335715,0.1494048
aeee18f5-1350-5709-bd84-16c595b1f686,drinks,extremely_close,7,3,0,6,0.375,0.33517203,0.25649023,0.23276606,0.33253023,0.25004545
aeee18f5-1350-5709-bd84-16c595b1f686,drinks,extremely_close,7,3,1,2,0.125,0.26757511,0.23912959,0.3014371,0.2672558,0.29548186
aeee18f5-1350-5709-bd84-16c595b1f686,drinks,extremely_close,7,3,2,6,0.375,0.22562149,0.24335633,0.22504783,0.22650158,0.22667027
aeee18f5-1350-5709-bd84-16c595b1f686,drinks,extremely_close,7,3,3,2,0.125,0.17163132,0.26102385,0.240749,0.17371236,0.22780243
d30a4a61-8f1a-5263-b39e-509bb297935c,hike,close,11,2,0,6,0.4285714285714285,0.33404678,0.30082837,0.31649798,0.33169934,0.31855774
d30a4a61-8f1a-5263-b39e-509bb297935c,hike,close,11,2,1,6,0.4285714285714285,0.32451156,0.21243119,0.31296036,0.32250962,0.31405988
d30a4a61-8f1a-5263-b39e-509bb297935c,hike,close,11,2,2,1,0.0714285714285714,0.19580749,0.25311163,0.20188613,0.19755435,0.20176907
d30a4a61-8f1a-5263-b39e-509bb297935c,hike,close,11,2,3,1,0.0714285714285714,0.14563413,0.23362878,0.16865557,0.14823666,0.16561331
d30a4a61-8f1a-5263-b39e-509bb297935c,basketball,close,0,2,0,1,0.1,0.3173009,0.27931517,0.331041,0.3154185,0.32719913
d30a4a61-8f1a-5263-b39e-509bb297935c,basketball,close,0,2,1,7,0.7,0.31123364,0.2196531,0.3025721,0.3095655,0.30337024
d30a4a61-8f1a-5263-b39e-509bb297935c,basketball,close,0,2,2,1,0.1,0.22057617,0.24769424,0.19962241,0.22165884,0.20426738
d30a4a61-8f1a-5263-b39e-509bb297935c,basketball,close,0,2,3,1,0.1,0.15088934,0.25333744,0.16676445,0.15335715,0.16516323
d30a4a61-8f1a-5263-b39e-509bb297935c,brunch,extremely_close,2,3,0,3,0.2,0.30243197,0.3026591,0.25437948,0.30091482,0.26270998
d30a4a61-8f1a-5263-b39e-509bb297935c,brunch,extremely_close,2,3,1,7,0.4666666666666667,0.29379916,0.21859324,0.28251648,0.29257798,0.28429732
d30a4a61-8f1a-5263-b39e-509bb297935c,brunch,extremely_close,2,3,2,3,0.2,0.22932231,0.23039065,0.2505955,0.23006326,0.24698317
d30a4a61-8f1a-5263-b39e-509bb297935c,brunch,extremely_close,2,3,3,2,0.1333333333333333,0.17444655,0.24835704,0.21250848,0.17644392,0.20600952
d30a4a61-8f1a-5263-b39e-509bb297935c,drinks,not_close,7,0,0,5,0.2941176470588235,0.33517203,0.25649023,0.30263433,0.33253023,0.30758438
d30a4a61-8f1a-5263-b39e-509bb297935c,drinks,not_close,7,0,1,6,0.3529411764705882,0.26757511,0.23912959,0.31184286,0.2672558,0.30257833
d30a4a61-8f1a-5263-b39e-509bb297935c,drinks,not_close,7,0,2,5,0.2941176470588235,0.22562149,0.24335633,0.22425486,0.22650158,0.22524028
d30a4a61-8f1a-5263-b39e-509bb297935c,drinks,not_close,7,0,3,1,0.0588235294117647,0.17163132,0.26102385,0.16126789,0.17371236,0.16459699
d30a4a61-8f1a-5263-b39e-509bb297935c,wedding,not_close,15,0,0,7,0.7,0.30876625,0.29976675,0.35758772,0.30711403,0.34737545
d30a4a61-8f1a-5263-b39e-509bb297935c,wedding,not_close,15,0,1,1,0.1,0.29898903,0.2203311,0.32176432,0.29767475,0.31732672
d30a4a61-8f1a-5263-b39e-509bb297935c,wedding,not_close,15,0,2,1,0.1,0.23715827,0.23514688,0.22107239,0.23775323,0.2252434
d30a4a61-8f1a-5263-b39e-509bb297935c,wedding,not_close,15,0,3,1,0.1,0.15508646,0.24475528,0.099575475,0.15745798,0.110054396
d30a4a61-8f1a-5263-b39e-509bb297935c,gala,close,10,2,0,3,0.1875,0.36258376,0.29305857,0.3041355,0.35897562,0.31327608
d30a4a61-8f1a-5263-b39e-509bb297935c,gala,close,10,2,1,6,0.375,0.24803236,0.2547296,0.2767334,0.2483613,0.2712739
d30a4a61-8f1a-5263-b39e-509bb297935c,gala,close,10,2,2,6,0.375,0.21528816,0.24108168,0.24181442,0.2164861,0.23733611
d30a4a61-8f1a-5263-b39e-509bb297935c,gala,close,10,2,3,1,0.0625,0.17409568,0.21113022,0.17731674,0.17617695,0.17811388
d30a4a61-8f1a-5263-b39e-509bb297935c,dip,close,6,2,0,5,0.2941176470588235,0.33769047,0.26539132,0.34952283,0.33498037,0.3457275
d30a4a61-8f1a-5263-b39e-509bb297935c,dip,close,6,2,1,6,0.3529411764705882,0.2704545,0.25054428,0.28651547,0.27006677,0.28323793
d30a4a61-8f1a-5263-b39e-509bb297935c,dip,close,6,2,2,5,0.2941176470588235,0.2244097,0.25625244,0.22507222,0.22533904,0.22567739
d30a4a61-8f1a-5263-b39e-509bb297935c,dip,close,6,2,3,1,0.0588235294117647,0.16744532,0.22781193,0.13888952,0.16961384,0.1453572
d30a4a61-8f1a-5263-b39e-509bb297935c,conference,not_close,3,0,0,3,0.2727272727272727,0.33627447,0.28567946,0.33324155,0.33383918,0.33397454
d30a4a61-8f1a-5263-b39e-509bb297935c,conference,not_close,3,0,1,6,0.5454545454545454,0.32249793,0.2440027,0.41457385,0.32056218,0.3949526
d30a4a61-8f1a-5263-b39e-509bb297935c,conference,not_close,3,0,2,1,0.0909090909090909,0.19272308,0.2495618,0.14458562,0.19453102,0.15464573
d30a4a61-8f1a-5263-b39e-509bb297935c,conference,not_close,3,0,3,1,0.0909090909090909,0.14850451,0.22075598,0.10759906,0.15106763,0.11642715
d30a4a61-8f1a-5263-b39e-509bb297935c,crabs,somewhat_close,5,1,0,2,0.1818181818181818,0.32949838,0.29960105,0.36052796,0.3272346,0.35396707
d30a4a61-8f1a-5263-b39e-509bb297935c,crabs,somewhat_close,5,1,1,7,0.6363636363636364,0.32009298,0.23267563,0.37403747,0.31816855,0.36267853
d30a4a61-8f1a-5263-b39e-509bb297935c,crabs,somewhat_close,5,1,2,1,0.0909090909090909,0.18702544,0.23678833,0.13190359,0.18890499,0.14269985
d30a4a61-8f1a-5263-b39e-509bb297935c,crabs,somewhat_close,5,1,3,1,0.0909090909090909,0.16338322,0.23093499,0.13353097,0.16569182,0.14065453
d30a4a61-8f1a-5263-b39e-509bb297935c,fair,somewhat_close,9,1,0,3,0.375,0.32837287,0.2946545,0.29791787,0.32618845,0.30253178
d30a4a61-8f1a-5263-b39e-509bb297935c,fair,somewhat_close,9,1,1,3,0.375,0.32105917,0.21227996,0.32904878,0.31913775,0.32632118
d30a4a61-8f1a-5263-b39e-509bb297935c,fair,somewhat_close,9,1,2,1,0.125,0.20461664,0.2554765,0.2179913,0.20614377,0.21628724
d30a4a61-8f1a-5263-b39e-509bb297935c,fair,somewhat_close,9,1,3,1,0.125,0.14595127,0.23758905,0.15504195,0.14853,0.15485977
d30a4a61-8f1a-5263-b39e-509bb297935c,oysters,somewhat_close,12,1,0,3,0.2727272727272727,0.3400336,0.31127194,0.35442063,0.3373747,0.34994653
d30a4a61-8f1a-5263-b39e-509bb297935c,oysters,somewhat_close,12,1,1,6,0.5454545454545454,0.30284005,0.21870834,0.30074957,0.3015121,0.30043343
d30a4a61-8f1a-5263-b39e-509bb297935c,oysters,somewhat_close,12,1,2,1,0.0909090909090909,0.20254946,0.2491106,0.19948952,0.20409547,0.20106164
d30a4a61-8f1a-5263-b39e-509bb297935c,oysters,somewhat_close,12,1,3,1,0.0909090909090909,0.15457693,0.22090909,0.14534028,0.1570177,0.1485584
d30a4a61-8f1a-5263-b39e-509bb297935c,soup,somewhat_close,14,1,0,7,0.7,0.33818597,0.3010139,0.34452966,0.33563444,0.3417673
d30a4a61-8f1a-5263-b39e-509bb297935c,soup,somewhat_close,14,1,1,1,0.1,0.31507322,0.22628844,0.3189721,0.31335708,0.31721324
d30a4a61-8f1a-5263-b39e-509bb297935c,soup,somewhat_close,14,1,2,1,0.1,0.18950173,0.22069465,0.19080658,0.19134966,0.1917101
d30a4a61-8f1a-5263-b39e-509bb297935c,soup,somewhat_close,14,1,3,1,0.1,0.15723914,0.25200298,0.14569166,0.15965882,0.14930934
d30a4a61-8f1a-5263-b39e-509bb297935c,birthday,extremely_close,1,3,0,1,0.0714285714285714,0.32165617,0.28021994,0.29297653,0.3196522,0.2974144
d30a4a61-8f1a-5263-b39e-509bb297935c,birthday,extremely_close,1,3,1,7,0.5,0.31348172,0.22091691,0.2967644,0.311768,0.2991094
d30a4a61-8f1a-5263-b39e-509bb297935c,birthday,extremely_close,1,3,2,5,0.3571428571428571,0.21722111,0.24974371,0.24162844,0.21841055,0.2374631
d30a4a61-8f1a-5263-b39e-509bb297935c,birthday,extremely_close,1,3,3,1,0.0714285714285714,0.14764105,0.24911939,0.16863064,0.15016927,0.16601305
d30a4a61-8f1a-5263-b39e-509bb297935c,driving,extremely_close,8,3,0,5,0.25,0.32080168,0.28850093,0.27412885,0.3188238,0.28191045
d30a4a61-8f1a-5263-b39e-509bb297935c,driving,extremely_close,8,3,1,7,0.35,0.31365657,0.23262726,0.3215029,0.31193233,0.31907967
d30a4a61-8f1a-5263-b39e-509bb297935c,driving,extremely_close,8,3,2,5,0.25,0.21734229,0.23673908,0.22807299,0.21852566,0.2268027
d30a4a61-8f1a-5263-b39e-509bb297935c,driving,extremely_close,8,3,3,3,0.15,0.14819951,0.24213271,0.17629525,0.1507182,0.17220715
d30a4a61-8f1a-5263-b39e-509bb297935c,social,extremely_close,13,3,0,3,0.25,0.38478413,0.29484272,0.35028762,0.38051066,0.35454354
d30a4a61-8f1a-5263-b39e-509bb297935c,social,extremely_close,13,3,1,5,0.4166666666666667,0.26153043,0.23070611,0.26098487,0.261622,0.26121816
d30a4a61-8f1a-5263-b39e-509bb297935c,social,extremely_close,13,3,2,1,0.0833333333333333,0.20087723,0.25057164,0.23086676,0.20253547,0.22578412
d30a4a61-8f1a-5263-b39e-509bb297935c,social,extremely_close,13,3,3,3,0.25,0.15280823,0.22387956,0.15786076,0.15533185,0.15845421
d30a4a61-8f1a-5263-b39e-509bb297935c,cooking,not_close,4,0,0,1,0.0909090909090909,0.32508844,0.28153455,0.3056378,0.32288563,0.3086708
d30a4a61-8f1a-5263-b39e-509bb297935c,cooking,not_close,4,0,1,7,0.6363636363636364,0.30092797,0.22757895,0.36421698,0.2995782,0.35040545
d30a4a61-8f1a-5263-b39e-509bb297935c,cooking,not_close,4,0,2,2,0.1818181818181818,0.21122348,0.2310226,0.18061243,0.21250805,0.1873101
d30a4a61-8f1a-5263-b39e-509bb297935c,cooking,not_close,4,0,3,1,0.0909090909090909,0.16276015,0.2598639,0.14953284,0.1650281,0.15361361
478fd1d5-b8a0-53fb-a7ae-4868a58e97c4,birthday,somewhat_close,1,1,0,5,0.25,0.32165617,0.28021994,0.31222877,0.3196522,0.31307483
478fd1d5-b8a0-53fb-a7ae-4868a58e97c4,birthday,somewhat_close,1,1,1,7,0.35,0.31348172,0.22091691,0.33197084,0.311768,0.32734334
478fd1d5-b8a0-53fb-a7ae-4868a58e97c4,birthday,somewhat_close,1,1,2,7,0.35,0.21722111,0.24974371,0.2297937,0.21841055,0.22814302
478fd1d5-b8a0-53fb-a7ae-4868a58e97c4,birthday,somewhat_close,1,1,3,1,0.05,0.14764105,0.24911939,0.12600674,0.15016927,0.13143879
478fd1d5-b8a0-53fb-a7ae-4868a58e97c4,cooking,close,4,2,0,1,0.1,0.32508844,0.28153455,0.25373095,0.32288563,0.2657937
478fd1d5-b8a0-53fb-a7ae-4868a58e97c4,cooking,close,4,2,1,7,0.7,0.30092797,0.22757895,0.3285871,0.2995782,0.32255453
478fd1d5-b8a0-53fb-a7ae-4868a58e97c4,cooking,close,4,2,2,1,0.1,0.21122348,0.2310226,0.23453203,0.21250805,0.23093651
478fd1d5-b8a0-53fb-a7ae-4868a58e97c4,cooking,close,4,2,3,1,0.1,0.16276015,0.2598639,0.18314992,0.1650281,0.18071517
478fd1d5-b8a0-53fb-a7ae-4868a58e97c4,conference,somewhat_close,3,1,0,7,0.4375,0.33627447,0.28567946,0.33678538,0.33383918,0.33548558
478fd1d5-b8a0-53fb-a7ae-4868a58e97c4,conference,somewhat_close,3,1,1,7,0.4375,0.32249793,0.2440027,0.34514695,0.32056218,0.33959094
478fd1d5-b8a0-53fb-a7ae-4868a58e97c4,conference,somewhat_close,3,1,2,1,0.0625,0.19272308,0.2495618,0.19635226,0.19453102,0.19690198
478fd1d5-b8a0-53fb-a7ae-4868a58e97c4,conference,somewhat_close,3,1,3,1,0.0625,0.14850451,0.22075598,0.1217154,0.15106763,0.1280215
478fd1d5-b8a0-53fb-a7ae-4868a58e97c4,basketball,somewhat_close,0,1,0,1,0.0909090909090909,0.3173009,0.27931517,0.3148467,0.3154185,0.31423575
478fd1d5-b8a0-53fb-a7ae-4868a58e97c4,basketball,somewhat_close,0,1,1,7,0.6363636363636364,0.31123364,0.2196531,0.32266358,0.3095655,0.31937057
478fd1d5-b8a0-53fb-a7ae-4868a58e97c4,basketball,somewhat_close,0,1,2,2,0.1818181818181818,0.22057617,0.24769424,0.21528408,0.22165884,0.21698892
478fd1d5-b8a0-53fb-a7ae-4868a58e97c4,basketball,somewhat_close,0,1,3,1,0.0909090909090909,0.15088934,0.25333744,0.14720571,0.15335715,0.1494048
478fd1d5-b8a0-53fb-a7ae-4868a58e97c4,dip,close,6,2,0,7,0.3181818181818182,0.33769047,0.26539132,0.34952283,0.33498037,0.3457275
478fd1d5-b8a0-53fb-a7ae-4868a58e97c4,dip,close,6,2,1,7,0.3181818181818182,0.2704545,0.25054428,0.28651547,0.27006677,0.28323793
478fd1d5-b8a0-53fb-a7ae-4868a58e97c4,dip,close,6,2,2,7,0.3181818181818182,0.2244097,0.25625244,0.22507222,0.22533904,0.22567739
478fd1d5-b8a0-53fb-a7ae-4868a58e97c4,dip,close,6,2,3,1,0.0454545454545454,0.16744532,0.22781193,0.13888952,0.16961384,0.1453572
478fd1d5-b8a0-53fb-a7ae-4868a58e97c4,oysters,not_close,12,0,0,1,0.1,0.3400336,0.31127194,0.3653165,0.3373747,0.35897037
478fd1d5-b8a0-53fb-a7ae-4868a58e97c4,oysters,not_close,12,0,1,7,0.7,0.30284005,0.21870834,0.32647744,0.3015121,0.32125935
478fd1d5-b8a0-53fb-a7ae-4868a58e97c4,oysters,not_close,12,0,2,1,0.1,0.20254946,0.2491106,0.18403101,0.20409547,0.1886821
478fd1d5-b8a0-53fb-a7ae-4868a58e97c4,oysters,not_close,12,0,3,1,0.1,0.15457693,0.22090909,0.12417514,0.1570177,0.13108808
478fd1d5-b8a0-53fb-a7ae-4868a58e97c4,drinks,close,7,2,0,7,0.4375,0.33517203,0.25649023,0.3006383,0.33253023,0.30577487
478fd1d5-b8a0-53fb-a7ae-4868a58e97c4,drinks,close,7,2,1,7,0.4375,0.26757511,0.23912959,0.2817904,0.2672558,0.2787861
478fd1d5-b8a0-53fb-a7ae-4868a58e97c4,drinks,close,7,2,2,1,0.0625,0.22562149,0.24335633,0.23456235,0.22650158,0.23337154
478fd1d5-b8a0-53fb-a7ae-4868a58e97c4,drinks,close,7,2,3,1,0.0625,0.17163132,0.26102385,0.18300895,0.17371236,0.18206751
478fd1d5-b8a0-53fb-a7ae-4868a58e97c4,soup,not_close,14,0,0,7,0.4375,0.33818597,0.3010139,0.3825187,0.33563444,0.37256363
478fd1d5-b8a0-53fb-a7ae-4868a58e97c4,soup,not_close,14,0,1,7,0.4375,0.31507322,0.22628844,0.33879057,0.31335708,0.33371714
478fd1d5-b8a0-53fb-a7ae-4868a58e97c4,soup,not_close,14,0,2,1,0.0625,0.18950173,0.22069465,0.16353203,0.19134966,0.16979322
478fd1d5-b8a0-53fb-a7ae-4868a58e97c4,soup,not_close,14,0,3,1,0.0625,0.15723914,0.25200298,0.11515866,0.15965882,0.12392601
478fd1d5-b8a0-53fb-a7ae-4868a58e97c4,driving,extremely_close,8,3,0,2,0.1176470588235294,0.32080168,0.28850093,0.27412885,0.3188238,0.28191045
478fd1d5-b8a0-53fb-a7ae-4868a58e97c4,driving,extremely_close,8,3,1,7,0.4117647058823529,0.31365657,0.23262726,0.3215029,0.31193233,0.31907967
478fd1d5-b8a0-53fb-a7ae-4868a58e97c4,driving,extremely_close,8,3,2,7,0.4117647058823529,0.21734229,0.23673908,0.22807299,0.21852566,0.2268027
478fd1d5-b8a0-53fb-a7ae-4868a58e97c4,driving,extremely_close,8,3,3,1,0.0588235294117647,0.14819951,0.24213271,0.17629525,0.1507182,0.17220715
478fd1d5-b8a0-53fb-a7ae-4868a58e97c4,wedding,not_close,15,0,0,7,0.5,0.30876625,0.29976675,0.35758772,0.30711403,0.34737545
478fd1d5-b8a0-53fb-a7ae-4868a58e97c4,wedding,not_close,15,0,1,5,0.3571428571428571,0.29898903,0.2203311,0.32176432,0.29767475,0.31732672
478fd1d5-b8a0-53fb-a7ae-4868a58e97c4,wedding,not_close,15,0,2,1,0.0714285714285714,0.23715827,0.23514688,0.22107239,0.23775323,0.2252434
478fd1d5-b8a0-53fb-a7ae-4868a58e97c4,wedding,not_close,15,0,3,1,0.0714285714285714,0.15508646,0.24475528,0.099575475,0.15745798,0.110054396
478fd1d5-b8a0-53fb-a7ae-4868a58e97c4,social,not_close,13,0,0,7,0.7,0.38478413,0.29484272,0.45282483,0.38051066,0.43652424
478fd1d5-b8a0-53fb-a7ae-4868a58e97c4,social,not_close,13,0,1,1,0.1,0.26153043,0.23070611,0.24479835,0.261622,0.24863854
478fd1d5-b8a0-53fb-a7ae-4868a58e97c4,social,not_close,13,0,2,1,0.1,0.20087723,0.25057164,0.17145851,0.20253547,0.17819941
478fd1d5-b8a0-53fb-a7ae-4868a58e97c4,social,not_close,13,0,3,1,0.1,0.15280823,0.22387956,0.13091831,0.15533185,0.1366378
478fd1d5-b8a0-53fb-a7ae-4868a58e97c4,fair,extremely_close,9,3,0,1,0.0476190476190476,0.32837287,0.2946545,0.32941785,0.32618845,0.32789174
478fd1d5-b8a0-53fb-a7ae-4868a58e97c4,fair,extremely_close,9,3,1,7,0.3333333333333333,0.32105917,0.21227996,0.31025007,0.31913775,0.3112323
478fd1d5-b8a0-53fb-a7ae-4868a58e97c4,fair,extremely_close,9,3,2,7,0.3333333333333333,0.20461664,0.2554765,0.19988796,0.20614377,0.2017246
478fd1d5-b8a0-53fb-a7ae-4868a58e97c4,fair,extremely_close,9,3,3,6,0.2857142857142857,0.14595127,0.23758905,0.1604442,0.14853,0.1591514
478fd1d5-b8a0-53fb-a7ae-4868a58e97c4,crabs,close,5,2,0,1,0.1,0.32949838,0.29960105,0.31679517,0.3272346,0.318014
478fd1d5-b8a0-53fb-a7ae-4868a58e97c4,crabs,close,5,2,1,7,0.7,0.32009298,0.23267563,0.34010246,0.31816855,0.3349067
478fd1d5-b8a0-53fb-a7ae-4868a58e97c4,crabs,close,5,2,2,1,0.1,0.18702544,0.23678833,0.18733868,0.18890499,0.18845895
478fd1d5-b8a0-53fb-a7ae-4868a58e97c4,crabs,close,5,2,3,1,0.1,0.16338322,0.23093499,0.1557637,0.16569182,0.15862034
478fd1d5-b8a0-53fb-a7ae-4868a58e97c4,gala,extremely_close,10,3,0,1,0.0476190476190476,0.36258376,0.29305857,0.27085638,0.35897562,0.28588986
478fd1d5-b8a0-53fb-a7ae-4868a58e97c4,gala,extremely_close,10,3,1,7,0.3333333333333333,0.24803236,0.2547296,0.27790543,0.2483613,0.27260363
478fd1d5-b8a0-53fb-a7ae-4868a58e97c4,gala,extremely_close,10,3,2,7,0.3333333333333333,0.21528816,0.24108168,0.25729015,0.2164861,0.2498217
478fd1d5-b8a0-53fb-a7ae-4868a58e97c4,gala,extremely_close,10,3,3,6,0.2857142857142857,0.17409568,0.21113022,0.19394808,0.17617695,0.19168487
478fd1d5-b8a0-53fb-a7ae-4868a58e97c4,hike,extremely_close,11,3,0,1,0.0555555555555555,0.33404678,0.30082837,0.33788186,0.33169934,0.33572078
478fd1d5-b8a0-53fb-a7ae-4868a58e97c4,hike,extremely_close,11,3,1,7,0.3888888888888889,0.32451156,0.21243119,0.2973505,0.32250962,0.3014346
478fd1d5-b8a0-53fb-a7ae-4868a58e97c4,hike,extremely_close,11,3,2,7,0.3888888888888889,0.19580749,0.25311163,0.20556362,0.19755435,0.2047168
478fd1d5-b8a0-53fb-a7ae-4868a58e97c4,hike,extremely_close,11,3,3,3,0.1666666666666666,0.14563413,0.23362878,0.15920395,0.14823666,0.15812786
478fd1d5-b8a0-53fb-a7ae-4868a58e97c4,brunch,somewhat_close,2,1,0,2,0.0909090909090909,0.30243197,0.3026591,0.31512022,0.30091482,0.31172588
478fd1d5-b8a0-53fb-a7ae-4868a58e97c4,brunch,somewhat_close,2,1,1,7,0.3181818181818182,0.29379916,0.21859324,0.28702608,0.29257798,0.28772363
478fd1d5-b8a0-53fb-a7ae-4868a58e97c4,brunch,somewhat_close,2,1,2,6,0.2727272727272727,0.22932231,0.23039065,0.24061216,0.23006326,0.23888367
478fd1d5-b8a0-53fb-a7ae-4868a58e97c4,brunch,somewhat_close,2,1,3,7,0.3181818181818182,0.17444655,0.24835704,0.15724157,0.17644392,0.16166675
cc4fc22a-8fe8-5744-9bf9-1d1d674105f4,gala,extremely_close,10,3,0,6,0.5,0.36258376,0.29305857,0.27085638,0.35897562,0.28588986
cc4fc22a-8fe8-5744-9bf9-1d1d674105f4,gala,extremely_close,10,3,1,2,0.1666666666666666,0.24803236,0.2547296,0.27790543,0.2483613,0.27260363
cc4fc22a-8fe8-5744-9bf9-1d1d674105f4,gala,extremely_close,10,3,2,2,0.1666666666666666,0.21528816,0.24108168,0.25729015,0.2164861,0.2498217
cc4fc22a-8fe8-5744-9bf9-1d1d674105f4,gala,extremely_close,10,3,3,2,0.1666666666666666,0.17409568,0.21113022,0.19394808,0.17617695,0.19168487
cc4fc22a-8fe8-5744-9bf9-1d1d674105f4,cooking,somewhat_close,4,1,0,2,0.1052631578947368,0.32508844,0.28153455,0.3038481,0.32288563,0.30680162
cc4fc22a-8fe8-5744-9bf9-1d1d674105f4,cooking,somewhat_close,4,1,1,6,0.3157894736842105,0.30092797,0.22757895,0.3294611,0.2995782,0.32287404
cc4fc22a-8fe8-5744-9bf9-1d1d674105f4,cooking,somewhat_close,4,1,2,6,0.3157894736842105,0.21122348,0.2310226,0.2139687,0.21250805,0.21430032
cc4fc22a-8fe8-5744-9bf9-1d1d674105f4,cooking,somewhat_close,4,1,3,5,0.2631578947368421,0.16276015,0.2598639,0.15272212,0.1650281,0.15602408
cc4fc22a-8fe8-5744-9bf9-1d1d674105f4,driving,not_close,8,0,0,2,0.1333333333333333,0.32080168,0.28850093,0.32237765,0.3188238,0.32171026
cc4fc22a-8fe8-5744-9bf9-1d1d674105f4,driving,not_close,8,0,1,6,0.4,0.31365657,0.23262726,0.37901825,0.31193233,0.3648442
cc4fc22a-8fe8-5744-9bf9-1d1d674105f4,driving,not_close,8,0,2,3,0.2,0.21734229,0.23673908,0.18294969,0.21852566,0.19041178
cc4fc22a-8fe8-5744-9bf9-1d1d674105f4,driving,not_close,8,0,3,4,0.2666666666666666,0.14819951,0.24213271,0.11565435,0.1507182,0.12303381
cc4fc22a-8fe8-5744-9bf9-1d1d674105f4,basketball,extremely_close,0,3,0,2,0.1176470588235294,0.3173009,0.27931517,0.3131195,0.3154185,0.3128357
cc4fc22a-8fe8-5744-9bf9-1d1d674105f4,basketball,extremely_close,0,3,1,5,0.2941176470588235,0.31123364,0.2196531,0.3208935,0.3095655,0.31794766
cc4fc22a-8fe8-5744-9bf9-1d1d674105f4,basketball,extremely_close,0,3,2,5,0.2941176470588235,0.22057617,0.24769424,0.21410309,0.22165884,0.21602215
cc4fc22a-8fe8-5744-9bf9-1d1d674105f4,basketball,extremely_close,0,3,3,5,0.2941176470588235,0.15088934,0.25333744,0.15188394,0.15335715,0.15319455
cc4fc22a-8fe8-5744-9bf9-1d1d674105f4,drinks,close,7,2,0,5,0.3571428571428571,0.33517203,0.25649023,0.3006383,0.33253023,0.30577487
cc4fc22a-8fe8-5744-9bf9-1d1d674105f4,drinks,close,7,2,1,3,0.2142857142857142,0.26757511,0.23912959,0.2817904,0.2672558,0.2787861
cc4fc22a-8fe8-5744-9bf9-1d1d674105f4,drinks,close,7,2,2,3,0.2142857142857142,0.22562149,0.24335633,0.23456235,0.22650158,0.23337154
cc4fc22a-8fe8-5744-9bf9-1d1d674105f4,drinks,close,7,2,3,3,0.2142857142857142,0.17163132,0.26102385,0.18300895,0.17371236,0.18206751
cc4fc22a-8fe8-5744-9bf9-1d1d674105f4,oysters,close,12,2,0,3,0.1666666666666666,0.3400336,0.31127194,0.3257782,0.3373747,0.3269814
cc4fc22a-8fe8-5744-9bf9-1d1d674105f4,oysters,close,12,2,1,5,0.2777777777777778,0.30284005,0.21870834,0.30453157,0.3015121,0.30337986
cc4fc22a-8fe8-5744-9bf9-1d1d674105f4,oysters,close,12,2,2,5,0.2777777777777778,0.20254946,0.2491106,0.20594548,0.20409547,0.20621069
cc4fc22a-8fe8-5744-9bf9-1d1d674105f4,oysters,close,12,2,3,5,0.2777777777777778,0.15457693,0.22090909,0.16374475,0.1570177,0.1634281
cc4fc22a-8fe8-5744-9bf9-1d1d674105f4,birthday,somewhat_close,1,1,0,5,0.3571428571428571,0.32165617,0.28021994,0.31222877,0.3196522,0.31307483
cc4fc22a-8fe8-5744-9bf9-1d1d674105f4,birthday,somewhat_close,1,1,1,3,0.2142857142857142,0.31348172,0.22091691,0.33197084,0.311768,0.32734334
cc4fc22a-8fe8-5744-9bf9-1d1d674105f4,birthday,somewhat_close,1,1,2,3,0.2142857142857142,0.21722111,0.24974371,0.2297937,0.21841055,0.22814302
cc4fc22a-8fe8-5744-9bf9-1d1d674105f4,birthday,somewhat_close,1,1,3,3,0.2142857142857142,0.14764105,0.24911939,0.12600674,0.15016927,0.13143879
cc4fc22a-8fe8-5744-9bf9-1d1d674105f4,brunch,not_close,2,0,0,3,0.1666666666666666,0.30243197,0.3026591,0.35060638,0.30091482,0.34033895
cc4fc22a-8fe8-5744-9bf9-1d1d674105f4,brunch,not_close,2,0,1,5,0.2777777777777778,0.29379916,0.21859324,0.3063659,0.29257798,0.30384555
cc4fc22a-8fe8-5744-9bf9-1d1d674105f4,brunch,not_close,2,0,2,5,0.2777777777777778,0.22932231,0.23039065,0.22114328,0.23006326,0.22373937
cc4fc22a-8fe8-5744-9bf9-1d1d674105f4,brunch,not_close,2,0,3,5,0.2777777777777778,0.17444655,0.24835704,0.121884465,0.17644392,0.13207617
cc4fc22a-8fe8-5744-9bf9-1d1d674105f4,crabs,close,5,2,0,6,0.2727272727272727,0.32949838,0.29960105,0.31679517,0.3272346,0.318014
cc4fc22a-8fe8-5744-9bf9-1d1d674105f4,crabs,close,5,2,1,5,0.2272727272727272,0.32009298,0.23267563,0.34010246,0.31816855,0.3349067
cc4fc22a-8fe8-5744-9bf9-1d1d674105f4,crabs,close,5,2,2,5,0.2272727272727272,0.18702544,0.23678833,0.18733868,0.18890499,0.18845895
cc4fc22a-8fe8-5744-9bf9-1d1d674105f4,crabs,close,5,2,3,6,0.2727272727272727,0.16338322,0.23093499,0.1557637,0.16569182,0.15862034
cc4fc22a-8fe8-5744-9bf9-1d1d674105f4,soup,close,14,2,0,5,0.2272727272727272,0.33818597,0.3010139,0.3503503,0.33563444,0.34637958
cc4fc22a-8fe8-5744-9bf9-1d1d674105f4,soup,close,14,2,1,5,0.2272727272727272,0.31507322,0.22628844,0.3096027,0.31335708,0.30970412
cc4fc22a-8fe8-5744-9bf9-1d1d674105f4,soup,close,14,2,2,6,0.2727272727272727,0.18950173,0.22069465,0.19093937,0.19134966,0.19181013
cc4fc22a-8fe8-5744-9bf9-1d1d674105f4,soup,close,14,2,3,6,0.2727272727272727,0.15723914,0.25200298,0.14910766,0.15965882,0.15210615
cc4fc22a-8fe8-5744-9bf9-1d1d674105f4,hike,not_close,11,0,0,6,0.4615384615384615,0.33404678,0.30082837,0.37751567,0.33169934,0.36750683
cc4fc22a-8fe8-5744-9bf9-1d1d674105f4,hike,not_close,11,0,1,3,0.2307692307692307,0.32451156,0.21243119,0.33200538,0.32250962,0.3297955
cc4fc22a-8fe8-5744-9bf9-1d1d674105f4,hike,not_close,11,0,2,2,0.1538461538461538,0.19580749,0.25311163,0.16379511,0.19755435,0.1708626
cc4fc22a-8fe8-5744-9bf9-1d1d674105f4,hike,not_close,11,0,3,2,0.1538461538461538,0.14563413,0.23362878,0.12668388,0.14823666,0.13183501
cc4fc22a-8fe8-5744-9bf9-1d1d674105f4,fair,extremely_close,9,3,0,7,0.25,0.32837287,0.2946545,0.32941785,0.32618845,0.32789174
cc4fc22a-8fe8-5744-9bf9-1d1d674105f4,fair,extremely_close,9,3,1,7,0.25,0.32105917,0.21227996,0.31025007,0.31913775,0.3112323
cc4fc22a-8fe8-5744-9bf9-1d1d674105f4,fair,extremely_close,9,3,2,7,0.25,0.20461664,0.2554765,0.19988796,0.20614377,0.2017246
cc4fc22a-8fe8-5744-9bf9-1d1d674105f4,fair,extremely_close,9,3,3,7,0.25,0.14595127,0.23758905,0.1604442,0.14853,0.1591514
cc4fc22a-8fe8-5744-9bf9-1d1d674105f4,conference,somewhat_close,3,1,0,6,0.375,0.33627447,0.28567946,0.33678538,0.33383918,0.33548558
cc4fc22a-8fe8-5744-9bf9-1d1d674105f4,conference,somewhat_close,3,1,1,6,0.375,0.32249793,0.2440027,0.34514695,0.32056218,0.33959094
cc4fc22a-8fe8-5744-9bf9-1d1d674105f4,conference,somewhat_close,3,1,2,2,0.125,0.19272308,0.2495618,0.19635226,0.19453102,0.19690198
cc4fc22a-8fe8-5744-9bf9-1d1d674105f4,conference,somewhat_close,3,1,3,2,0.125,0.14850451,0.22075598,0.1217154,0.15106763,0.1280215
cc4fc22a-8fe8-5744-9bf9-1d1d674105f4,social,not_close,13,0,0,6,0.5,0.38478413,0.29484272,0.45282483,0.38051066,0.43652424
cc4fc22a-8fe8-5744-9bf9-1d1d674105f4,social,not_close,13,0,1,2,0.1666666666666666,0.26153043,0.23070611,0.24479835,0.261622,0.24863854
cc4fc22a-8fe8-5744-9bf9-1d1d674105f4,social,not_close,13,0,2,2,0.1666666666666666,0.20087723,0.25057164,0.17145851,0.20253547,0.17819941
cc4fc22a-8fe8-5744-9bf9-1d1d674105f4,social,not_close,13,0,3,2,0.1666666666666666,0.15280823,0.22387956,0.13091831,0.15533185,0.1366378
cc4fc22a-8fe8-5744-9bf9-1d1d674105f4,wedding,somewhat_close,15,1,0,6,0.3157894736842105,0.30876625,0.29976675,0.3333098,0.30711403,0.32751745
cc4fc22a-8fe8-5744-9bf9-1d1d674105f4,wedding,somewhat_close,15,1,1,5,0.2631578947368421,0.29898903,0.2203311,0.30216554,0.29767475,0.30098352
cc4fc22a-8fe8-5744-9bf9-1d1d674105f4,wedding,somewhat_close,15,1,2,5,0.2631578947368421,0.23715827,0.23514688,0.23644876,0.23775323,0.23714605
cc4fc22a-8fe8-5744-9bf9-1d1d674105f4,wedding,somewhat_close,15,1,3,3,0.1578947368421052,0.15508646,0.24475528,0.12807587,0.15745798,0.134353
cc4fc22a-8fe8-5744-9bf9-1d1d674105f4,dip,extremely_close,6,3,0,7,0.28,0.33769047,0.26539132,0.3300849,0.33498037,0.3299841
cc4fc22a-8fe8-5744-9bf9-1d1d674105f4,dip,extremely_close,6,3,1,6,0.24,0.2704545,0.25054428,0.27360496,0.27006677,0.27276102
cc4fc22a-8fe8-5744-9bf9-1d1d674105f4,dip,extremely_close,6,3,2,6,0.24,0.2244097,0.25625244,0.23491126,0.22533904,0.23339608
cc4fc22a-8fe8-5744-9bf9-1d1d674105f4,dip,extremely_close,6,3,3,6,0.24,0.16744532,0.22781193,0.16139889,0.16961384,0.1638588
c2787d30-599d-5691-9ef2-dfc515d05720,wedding,extremely_close,15,3,0,7,0.5384615384615384,0.30876625,0.29976675,0.29720375,0.30711403,0.2985504
c2787d30-599d-5691-9ef2-dfc515d05720,wedding,extremely_close,15,3,1,1,0.0769230769230769,0.29898903,0.2203311,0.27952927,0.29767475,0.2825817
c2787d30-599d-5691-9ef2-dfc515d05720,wedding,extremely_close,15,3,2,2,0.1538461538461538,0.23715827,0.23514688,0.2412807,0.23775323,0.24087891
c2787d30-599d-5691-9ef2-dfc515d05720,wedding,extremely_close,15,3,3,3,0.2307692307692307,0.15508646,0.24475528,0.18198623,0.15745798,0.17798899
c2787d30-599d-5691-9ef2-dfc515d05720,gala,extremely_close,10,3,0,6,0.3529411764705882,0.36258376,0.29305857,0.27085638,0.35897562,0.28588986
c2787d30-599d-5691-9ef2-dfc515d05720,gala,extremely_close,10,3,1,6,0.3529411764705882,0.24803236,0.2547296,0.27790543,0.2483613,0.27260363
c2787d30-599d-5691-9ef2-dfc515d05720,gala,extremely_close,10,3,2,2,0.1176470588235294,0.21528816,0.24108168,0.25729015,0.2164861,0.2498217
c2787d30-599d-5691-9ef2-dfc515d05720,gala,extremely_close,10,3,3,3,0.1764705882352941,0.17409568,0.21113022,0.19394808,0.17617695,0.19168487
c2787d30-599d-5691-9ef2-dfc515d05720,soup,not_close,14,0,0,3,0.25,0.33818597,0.3010139,0.3825187,0.33563444,0.37256363
c2787d30-599d-5691-9ef2-dfc515d05720,soup,not_close,14,0,1,3,0.25,0.31507322,0.22628844,0.33879057,0.31335708,0.33371714
c2787d30-599d-5691-9ef2-dfc515d05720,soup,not_close,14,0,2,3,0.25,0.18950173,0.22069465,0.16353203,0.19134966,0.16979322
c2787d30-599d-5691-9ef2-dfc515d05720,soup,not_close,14,0,3,3,0.25,0.15723914,0.25200298,0.11515866,0.15965882,0.12392601
c2787d30-599d-5691-9ef2-dfc515d05720,cooking,close,4,2,0,2,0.1111111111111111,0.32508844,0.28153455,0.25373095,0.32288563,0.2657937
c2787d30-599d-5691-9ef2-dfc515d05720,cooking,close,4,2,1,7,0.3888888888888889,0.30092797,0.22757895,0.3285871,0.2995782,0.32255453
c2787d30-599d-5691-9ef2-dfc515d05720,cooking,close,4,2,2,3,0.1666666666666666,0.21122348,0.2310226,0.23453203,0.21250805,0.23093651
c2787d30-599d-5691-9ef2-dfc515d05720,cooking,close,4,2,3,6,0.3333333333333333,0.16276015,0.2598639,0.18314992,0.1650281,0.18071517
c2787d30-599d-5691-9ef2-dfc515d05720,social,close,13,2,0,6,0.3529411764705882,0.38478413,0.29484272,0.3941475,0.38051066,0.38977
c2787d30-599d-5691-9ef2-dfc515d05720,social,close,13,2,1,3,0.1764705882352941,0.26153043,0.23070611,0.26863965,0.261622,0.2673677
c2787d30-599d-5691-9ef2-dfc515d05720,social,close,13,2,2,5,0.2941176470588235,0.20087723,0.25057164,0.19937879,0.20253547,0.20073907
c2787d30-599d-5691-9ef2-dfc515d05720,social,close,13,2,3,3,0.1764705882352941,0.15280823,0.22387956,0.13783406,0.15533185,0.14212327
c2787d30-599d-5691-9ef2-dfc515d05720,driving,somewhat_close,8,1,0,6,0.375,0.32080168,0.28850093,0.31517804,0.3188238,0.3153335
c2787d30-599d-5691-9ef2-dfc515d05720,driving,somewhat_close,8,1,1,5,0.3125,0.31365657,0.23262726,0.34766352,0.31193233,0.33977747
c2787d30-599d-5691-9ef2-dfc515d05720,driving,somewhat_close,8,1,2,2,0.125,0.21734229,0.23673908,0.20519517,0.21852566,0.20837864
c2787d30-599d-5691-9ef2-dfc515d05720,driving,somewhat_close,8,1,3,3,0.1875,0.14819951,0.24213271,0.13196324,0.1507182,0.13651037
c2787d30-599d-5691-9ef2-dfc515d05720,crabs,not_close,5,0,0,6,0.5,0.32949838,0.29960105,0.33250704,0.3272346,0.33146152
c2787d30-599d-5691-9ef2-dfc515d05720,crabs,not_close,5,0,1,3,0.25,0.32009298,0.23267563,0.38626826,0.31816855,0.37187403
c2787d30-599d-5691-9ef2-dfc515d05720,crabs,not_close,5,0,2,2,0.1666666666666666,0.18702544,0.23678833,0.15252548,0.18890499,0.16021432
c2787d30-599d-5691-9ef2-dfc515d05720,crabs,not_close,5,0,3,1,0.0833333333333333,0.16338322,0.23093499,0.12869921,0.16569182,0.13645016
c2787d30-599d-5691-9ef2-dfc515d05720,basketball,somewhat_close,0,1,0,6,0.5,0.3173009,0.27931517,0.3148467,0.3154185,0.31423575
c2787d30-599d-5691-9ef2-dfc515d05720,basketball,somewhat_close,0,1,1,3,0.25,0.31123364,0.2196531,0.32266358,0.3095655,0.31937057
c2787d30-599d-5691-9ef2-dfc515d05720,basketball,somewhat_close,0,1,2,2,0.1666666666666666,0.22057617,0.24769424,0.21528408,0.22165884,0.21698892
c2787d30-599d-5691-9ef2-dfc515d05720,basketball,somewhat_close,0,1,3,1,0.0833333333333333,0.15088934,0.25333744,0.14720571,0.15335715,0.1494048
c2787d30-599d-5691-9ef2-dfc515d05720,oysters,close,12,2,0,6,0.5,0.3400336,0.31127194,0.3257782,0.3373747,0.3269814
c2787d30-599d-5691-9ef2-dfc515d05720,oysters,close,12,2,1,2,0.1666666666666666,0.30284005,0.21870834,0.30453157,0.3015121,0.30337986
c2787d30-599d-5691-9ef2-dfc515d05720,oysters,close,12,2,2,3,0.25,0.20254946,0.2491106,0.20594548,0.20409547,0.20621069
c2787d30-599d-5691-9ef2-dfc515d05720,oysters,close,12,2,3,1,0.0833333333333333,0.15457693,0.22090909,0.16374475,0.1570177,0.1634281
c2787d30-599d-5691-9ef2-dfc515d05720,birthday,somewhat_close,1,1,0,6,0.6,0.32165617,0.28021994,0.31222877,0.3196522,0.31307483
c2787d30-599d-5691-9ef2-dfc515d05720,birthday,somewhat_close,1,1,1,2,0.2,0.31348172,0.22091691,0.33197084,0.311768,0.32734334
c2787d30-599d-5691-9ef2-dfc515d05720,birthday,somewhat_close,1,1,2,1,0.1,0.21722111,0.24974371,0.2297937,0.21841055,0.22814302
c2787d30-599d-5691-9ef2-dfc515d05720,birthday,somewhat_close,1,1,3,1,0.1,0.14764105,0.24911939,0.12600674,0.15016927,0.13143879
c2787d30-599d-5691-9ef2-dfc515d05720,conference,extremely_close,3,3,0,6,0.4285714285714285,0.33627447,0.28567946,0.31225505,0.33383918,0.31567898
c2787d30-599d-5691-9ef2-dfc515d05720,conference,extremely_close,3,3,1,5,0.3571428571428571,0.32249793,0.2440027,0.29103574,0.32056218,0.29611537
c2787d30-599d-5691-9ef2-dfc515d05720,conference,extremely_close,3,3,2,2,0.1428571428571428,0.19272308,0.2495618,0.23289657,0.19453102,0.22576019
c2787d30-599d-5691-9ef2-dfc515d05720,conference,extremely_close,3,3,3,1,0.0714285714285714,0.14850451,0.22075598,0.16381264,0.15106763,0.16244544
c2787d30-599d-5691-9ef2-dfc515d05720,drinks,not_close,7,0,0,7,0.5384615384615384,0.33517203,0.25649023,0.30263433,0.33253023,0.30758438
c2787d30-599d-5691-9ef2-dfc515d05720,drinks,not_close,7,0,1,3,0.2307692307692307,0.26757511,0.23912959,0.31184286,0.2672558,0.30257833
c2787d30-599d-5691-9ef2-dfc515d05720,drinks,not_close,7,0,2,2,0.1538461538461538,0.22562149,0.24335633,0.22425486,0.22650158,0.22524028
c2787d30-599d-5691-9ef2-dfc515d05720,drinks,not_close,7,0,3,1,0.0769230769230769,0.17163132,0.26102385,0.16126789,0.17371236,0.16459699
c2787d30-599d-5691-9ef2-dfc515d05720,brunch,extremely_close,2,3,0,5,0.25,0.30243197,0.3026591,0.25437948,0.30091482,0.26270998
c2787d30-599d-5691-9ef2-dfc515d05720,brunch,extremely_close,2,3,1,6,0.3,0.29379916,0.21859324,0.28251648,0.29257798,0.28429732
c2787d30-599d-5691-9ef2-dfc515d05720,brunch,extremely_close,2,3,2,7,0.35,0.22932231,0.23039065,0.2505955,0.23006326,0.24698317
c2787d30-599d-5691-9ef2-dfc515d05720,brunch,extremely_close,2,3,3,2,0.1,0.17444655,0.24835704,0.21250848,0.17644392,0.20600952
c2787d30-599d-5691-9ef2-dfc515d05720,hike,close,11,2,0,6,0.4,0.33404678,0.30082837,0.31649798,0.33169934,0.31855774
c2787d30-599d-5691-9ef2-dfc515d05720,hike,close,11,2,1,5,0.3333333333333333,0.32451156,0.21243119,0.31296036,0.32250962,0.31405988
c2787d30-599d-5691-9ef2-dfc515d05720,hike,close,11,2,2,2,0.1333333333333333,0.19580749,0.25311163,0.20188613,0.19755435,0.20176907
c2787d30-599d-5691-9ef2-dfc515d05720,hike,close,11,2,3,2,0.1333333333333333,0.14563413,0.23362878,0.16865557,0.14823666,0.16561331
c2787d30-599d-5691-9ef2-dfc515d05720,dip,not_close,6,0,0,6,0.6,0.33769047,0.26539132,0.4222383,0.33498037,0.40336716
c2787d30-599d-5691-9ef2-dfc515d05720,dip,not_close,6,0,1,2,0.2,0.2704545,0.25054428,0.24091707,0.27006677,0.24709393
c2787d30-599d-5691-9ef2-dfc515d05720,dip,not_close,6,0,2,1,0.1,0.2244097,0.25625244,0.20938475,0.22533904,0.2135127
c2787d30-599d-5691-9ef2-dfc515d05720,dip,not_close,6,0,3,1,0.1,0.16744532,0.22781193,0.12745976,0.16961384,0.13602626
c2787d30-599d-5691-9ef2-dfc515d05720,fair,somewhat_close,9,1,0,5,0.3571428571428571,0.32837287,0.2946545,0.29791787,0.32618845,0.30253178
c2787d30-599d-5691-9ef2-dfc515d05720,fair,somewhat_close,9,1,1,6,0.4285714285714285,0.32105917,0.21227996,0.32904878,0.31913775,0.32632118
c2787d30-599d-5691-9ef2-dfc515d05720,fair,somewhat_close,9,1,2,2,0.1428571428571428,0.20461664,0.2554765,0.2179913,0.20614377,0.21628724
c2787d30-599d-5691-9ef2-dfc515d05720,fair,somewhat_close,9,1,3,1,0.0714285714285714,0.14595127,0.23758905,0.15504195,0.14853,0.15485977
3a0e9a2a-1704-58c7-8547-cc2cf4a855bb,driving,close,8,2,0,2,0.1052631578947368,0.32080168,0.28850093,0.30510676,0.3188238,0.30702308
3a0e9a2a-1704-58c7-8547-cc2cf4a855bb,driving,close,8,2,1,6,0.3157894736842105,0.31365657,0.23262726,0.3255142,0.31193233,0.32208744
3a0e9a2a-1704-58c7-8547-cc2cf4a855bb,driving,close,8,2,2,5,0.2631578947368421,0.21734229,0.23673908,0.21140538,0.21852566,0.21328457
3a0e9a2a-1704-58c7-8547-cc2cf4a855bb,driving,close,8,2,3,6,0.3157894736842105,0.14819951,0.24213271,0.15797366,0.1507182,0.1576049
3a0e9a2a-1704-58c7-8547-cc2cf4a855bb,basketball,close,0,2,0,1,0.0555555555555555,0.3173009,0.27931517,0.331041,0.3154185,0.32719913
3a0e9a2a-1704-58c7-8547-cc2cf4a855bb,basketball,close,0,2,1,5,0.2777777777777778,0.31123364,0.2196531,0.3025721,0.3095655,0.30337024
3a0e9a2a-1704-58c7-8547-cc2cf4a855bb,basketball,close,0,2,2,6,0.3333333333333333,0.22057617,0.24769424,0.19962241,0.22165884,0.20426738
3a0e9a2a-1704-58c7-8547-cc2cf4a855bb,basketball,close,0,2,3,6,0.3333333333333333,0.15088934,0.25333744,0.16676445,0.15335715,0.16516323
3a0e9a2a-1704-58c7-8547-cc2cf4a855bb,wedding,close,15,2,0,6,0.3157894736842105,0.30876625,0.29976675,0.30674273,0.30711403,0.3061728
3a0e9a2a-1704-58c7-8547-cc2cf4a855bb,wedding,close,15,2,1,3,0.1578947368421052,0.29898903,0.2203311,0.27808088,0.29767475,0.2813681
3a0e9a2a-1704-58c7-8547-cc2cf4a855bb,wedding,close,15,2,2,6,0.3157894736842105,0.23715827,0.23514688,0.2490248,0.23775323,0.24702889
3a0e9a2a-1704-58c7-8547-cc2cf4a855bb,wedding,close,15,2,3,4,0.2105263157894736,0.15508646,0.24475528,0.1661516,0.15745798,0.16543032
3a0e9a2a-1704-58c7-8547-cc2cf4a855bb,crabs,not_close,5,0,0,3,0.25,0.32949838,0.29960105,0.33250704,0.3272346,0.33146152
3a0e9a2a-1704-58c7-8547-cc2cf4a855bb,crabs,not_close,5,0,1,5,0.4166666666666667,0.32009298,0.23267563,0.38626826,0.31816855,0.37187403
3a0e9a2a-1704-58c7-8547-cc2cf4a855bb,crabs,not_close,5,0,2,2,0.1666666666666666,0.18702544,0.23678833,0.15252548,0.18890499,0.16021432
3a0e9a2a-1704-58c7-8547-cc2cf4a855bb,crabs,not_close,5,0,3,2,0.1666666666666666,0.16338322,0.23093499,0.12869921,0.16569182,0.13645016
3a0e9a2a-1704-58c7-8547-cc2cf4a855bb,fair,somewhat_close,9,1,0,3,0.2142857142857142,0.32837287,0.2946545,0.29791787,0.32618845,0.30253178
3a0e9a2a-1704-58c7-8547-cc2cf4a855bb,fair,somewhat_close,9,1,1,6,0.4285714285714285,0.32105917,0.21227996,0.32904878,0.31913775,0.32632118
3a0e9a2a-1704-58c7-8547-cc2cf4a855bb,fair,somewhat_close,9,1,2,3,0.2142857142857142,0.20461664,0.2554765,0.2179913,0.20614377,0.21628724
3a0e9a2a-1704-58c7-8547-cc2cf4a855bb,fair,somewhat_close,9,1,3,2,0.1428571428571428,0.14595127,0.23758905,0.15504195,0.14853,0.15485977
3a0e9a2a-1704-58c7-8547-cc2cf4a855bb,cooking,extremely_close,4,3,0,1,0.0666666666666666,0.32508844,0.28153455,0.26053262,0.32288563,0.27141792
3a0e9a2a-1704-58c7-8547-cc2cf4a855bb,cooking,extremely_close,4,3,1,6,0.4,0.30092797,0.22757895,0.31298968,0.2995782,0.31012288
3a0e9a2a-1704-58c7-8547-cc2cf4a855bb,cooking,extremely_close,4,3,2,6,0.4,0.21122348,0.2310226,0.23388302,0.21250805,0.23035794
3a0e9a2a-1704-58c7-8547-cc2cf4a855bb,cooking,extremely_close,4,3,3,2,0.1333333333333333,0.16276015,0.2598639,0.19259474,0.1650281,0.18810125
3a0e9a2a-1704-58c7-8547-cc2cf4a855bb,conference,not_close,3,0,0,3,0.2,0.33627447,0.28567946,0.33324155,0.33383918,0.33397454
3a0e9a2a-1704-58c7-8547-cc2cf4a855bb,conference,not_close,3,0,1,4,0.2666666666666666,0.32249793,0.2440027,0.41457385,0.32056218,0.3949526
3a0e9a2a-1704-58c7-8547-cc2cf4a855bb,conference,not_close,3,0,2,5,0.3333333333333333,0.19272308,0.2495618,0.14458562,0.19453102,0.15464573
3a0e9a2a-1704-58c7-8547-cc2cf4a855bb,conference,not_close,3,0,3,3,0.2,0.14850451,0.22075598,0.10759906,0.15106763,0.11642715
3a0e9a2a-1704-58c7-8547-cc2cf4a855bb,dip,not_close,6,0,0,6,0.5,0.33769047,0.26539132,0.4222383,0.33498037,0.40336716
3a0e9a2a-1704-58c7-8547-cc2cf4a855bb,dip,not_close,6,0,1,3,0.25,0.2704545,0.25054428,0.24091707,0.27006677,0.24709393
3a0e9a2a-1704-58c7-8547-cc2cf4a855bb,dip,not_close,6,0,2,2,0.1666666666666666,0.2244097,0.25625244,0.20938475,0.22533904,0.2135127
3a0e9a2a-1704-58c7-8547-cc2cf4a855bb,dip,not_close,6,0,3,1,0.0833333333333333,0.16744532,0.22781193,0.12745976,0.16961384,0.13602626
3a0e9a2a-1704-58c7-8547-cc2cf4a855bb,oysters,extremely_close,12,3,0,2,0.1818181818181818,0.3400336,0.31127194,0.34521964,0.3373747,0.3425975
3a0e9a2a-1704-58c7-8547-cc2cf4a855bb,oysters,extremely_close,12,3,1,5,0.4545454545454545,0.30284005,0.21870834,0.30538067,0.3015121,0.30410308
3a0e9a2a-1704-58c7-8547-cc2cf4a855bb,oysters,extremely_close,12,3,2,2,0.1818181818181818,0.20254946,0.2491106,0.20126957,0.20409547,0.20247553
3a0e9a2a-1704-58c7-8547-cc2cf4a855bb,oysters,extremely_close,12,3,3,2,0.1818181818181818,0.15457693,0.22090909,0.1481301,0.1570177,0.15082388
3a0e9a2a-1704-58c7-8547-cc2cf4a855bb,social,not_close,13,0,0,3,0.2142857142857142,0.38478413,0.29484272,0.45282483,0.38051066,0.43652424
3a0e9a2a-1704-58c7-8547-cc2cf4a855bb,social,not_close,13,0,1,5,0.3571428571428571,0.26153043,0.23070611,0.24479835,0.261622,0.24863854
3a0e9a2a-1704-58c7-8547-cc2cf4a855bb,social,not_close,13,0,2,4,0.2857142857142857,0.20087723,0.25057164,0.17145851,0.20253547,0.17819941
3a0e9a2a-1704-58c7-8547-cc2cf4a855bb,social,not_close,13,0,3,2,0.1428571428571428,0.15280823,0.22387956,0.13091831,0.15533185,0.1366378
3a0e9a2a-1704-58c7-8547-cc2cf4a855bb,brunch,somewhat_close,2,1,0,2,0.1052631578947368,0.30243197,0.3026591,0.31512022,0.30091482,0.31172588
3a0e9a2a-1704-58c7-8547-cc2cf4a855bb,brunch,somewhat_close,2,1,1,6,0.3157894736842105,0.29379916,0.21859324,0.28702608,0.29257798,0.28772363
3a0e9a2a-1704-58c7-8547-cc2cf4a855bb,brunch,somewhat_close,2,1,2,6,0.3157894736842105,0.22932231,0.23039065,0.24061216,0.23006326,0.23888367
3a0e9a2a-1704-58c7-8547-cc2cf4a855bb,brunch,somewhat_close,2,1,3,5,0.2631578947368421,0.17444655,0.24835704,0.15724157,0.17644392,0.16166675
3a0e9a2a-1704-58c7-8547-cc2cf4a855bb,birthday,extremely_close,1,3,0,2,0.1176470588235294,0.32165617,0.28021994,0.29297653,0.3196522,0.2974144
3a0e9a2a-1704-58c7-8547-cc2cf4a855bb,birthday,extremely_close,1,3,1,6,0.3529411764705882,0.31348172,0.22091691,0.2967644,0.311768,0.2991094
3a0e9a2a-1704-58c7-8547-cc2cf4a855bb,birthday,extremely_close,1,3,2,6,0.3529411764705882,0.21722111,0.24974371,0.24162844,0.21841055,0.2374631
3a0e9a2a-1704-58c7-8547-cc2cf4a855bb,birthday,extremely_close,1,3,3,3,0.1764705882352941,0.14764105,0.24911939,0.16863064,0.15016927,0.16601305
3a0e9a2a-1704-58c7-8547-cc2cf4a855bb,gala,somewhat_close,10,1,0,3,0.1875,0.36258376,0.29305857,0.32763717,0.35897562,0.33230746
3a0e9a2a-1704-58c7-8547-cc2cf4a855bb,gala,somewhat_close,10,1,1,6,0.375,0.24803236,0.2547296,0.2531211,0.2483613,0.25235286
3a0e9a2a-1704-58c7-8547-cc2cf4a855bb,gala,somewhat_close,10,1,2,5,0.3125,0.21528816,0.24108168,0.2304504,0.2164861,0.2281751
3a0e9a2a-1704-58c7-8547-cc2cf4a855bb,gala,somewhat_close,10,1,3,2,0.125,0.17409568,0.21113022,0.18879129,0.17617695,0.18716459
3a0e9a2a-1704-58c7-8547-cc2cf4a855bb,soup,extremely_close,14,3,0,5,0.238095238095238,0.33818597,0.3010139,0.31913835,0.33563444,0.32138214
3a0e9a2a-1704-58c7-8547-cc2cf4a855bb,soup,extremely_close,14,3,1,4,0.1904761904761904,0.31507322,0.22628844,0.29832476,0.31335708,0.30060738
3a0e9a2a-1704-58c7-8547-cc2cf4a855bb,soup,extremely_close,14,3,2,6,0.2857142857142857,0.18950173,0.22069465,0.210552,0.19134966,0.20745501
3a0e9a2a-1704-58c7-8547-cc2cf4a855bb,soup,extremely_close,14,3,3,6,0.2857142857142857,0.15723914,0.25200298,0.17198491,0.15965882,0.17055549
3a0e9a2a-1704-58c7-8547-cc2cf4a855bb,drinks,somewhat_close,7,1,0,5,0.3571428571428571,0.33517203,0.25649023,0.35535023,0.33253023,0.35018
3a0e9a2a-1704-58c7-8547-cc2cf4a855bb,drinks,somewhat_close,7,1,1,5,0.3571428571428571,0.26757511,0.23912959,0.3067269,0.2672558,0.29884645
3a0e9a2a-1704-58c7-8547-cc2cf4a855bb,drinks,somewhat_close,7,1,2,2,0.1428571428571428,0.22562149,0.24335633,0.19969311,0.22650158,0.20539983
3a0e9a2a-1704-58c7-8547-cc2cf4a855bb,drinks,somewhat_close,7,1,3,2,0.1428571428571428,0.17163132,0.26102385,0.13822965,0.17371236,0.14557375
3a0e9a2a-1704-58c7-8547-cc2cf4a855bb,hike,close,11,2,0,3,0.1666666666666666,0.33404678,0.30082837,0.31649798,0.33169934,0.31855774
3a0e9a2a-1704-58c7-8547-cc2cf4a855bb,hike,close,11,2,1,6,0.3333333333333333,0.32451156,0.21243119,0.31296036,0.32250962,0.31405988
3a0e9a2a-1704-58c7-8547-cc2cf4a855bb,hike,close,11,2,2,5,0.2777777777777778,0.19580749,0.25311163,0.20188613,0.19755435,0.20176907
3a0e9a2a-1704-58c7-8547-cc2cf4a855bb,hike,close,11,2,3,4,0.2222222222222222,0.14563413,0.23362878,0.16865557,0.14823666,0.16561331
e1136062-159d-5b33-ba96-7daca21b8a1c,driving,extremely_close,8,3,0,5,0.238095238095238,0.32080168,0.28850093,0.27412885,0.3188238,0.28191045
e1136062-159d-5b33-ba96-7daca21b8a1c,driving,extremely_close,8,3,1,6,0.2857142857142857,0.31365657,0.23262726,0.3215029,0.31193233,0.31907967
e1136062-159d-5b33-ba96-7daca21b8a1c,driving,extremely_close,8,3,2,5,0.238095238095238,0.21734229,0.23673908,0.22807299,0.21852566,0.2268027
e1136062-159d-5b33-ba96-7daca21b8a1c,driving,extremely_close,8,3,3,5,0.238095238095238,0.14819951,0.24213271,0.17629525,0.1507182,0.17220715
e1136062-159d-5b33-ba96-7daca21b8a1c,dip,not_close,6,0,0,5,0.4166666666666667,0.33769047,0.26539132,0.4222383,0.33498037,0.40336716
e1136062-159d-5b33-ba96-7daca21b8a1c,dip,not_close,6,0,1,3,0.25,0.2704545,0.25054428,0.24091707,0.27006677,0.24709393
e1136062-159d-5b33-ba96-7daca21b8a1c,dip,not_close,6,0,2,3,0.25,0.2244097,0.25625244,0.20938475,0.22533904,0.2135127
e1136062-159d-5b33-ba96-7daca21b8a1c,dip,not_close,6,0,3,1,0.0833333333333333,0.16744532,0.22781193,0.12745976,0.16961384,0.13602626
e1136062-159d-5b33-ba96-7daca21b8a1c,soup,not_close,14,0,0,7,0.5833333333333334,0.33818597,0.3010139,0.3825187,0.33563444,0.37256363
e1136062-159d-5b33-ba96-7daca21b8a1c,soup,not_close,14,0,1,2,0.1666666666666666,0.31507322,0.22628844,0.33879057,0.31335708,0.33371714
e1136062-159d-5b33-ba96-7daca21b8a1c,soup,not_close,14,0,2,2,0.1666666666666666,0.18950173,0.22069465,0.16353203,0.19134966,0.16979322
e1136062-159d-5b33-ba96-7daca21b8a1c,soup,not_close,14,0,3,1,0.0833333333333333,0.15723914,0.25200298,0.11515866,0.15965882,0.12392601
e1136062-159d-5b33-ba96-7daca21b8a1c,wedding,extremely_close,15,3,0,7,0.5833333333333334,0.30876625,0.29976675,0.29720375,0.30711403,0.2985504
e1136062-159d-5b33-ba96-7daca21b8a1c,wedding,extremely_close,15,3,1,2,0.1666666666666666,0.29898903,0.2203311,0.27952927,0.29767475,0.2825817
e1136062-159d-5b33-ba96-7daca21b8a1c,wedding,extremely_close,15,3,2,2,0.1666666666666666,0.23715827,0.23514688,0.2412807,0.23775323,0.24087891
e1136062-159d-5b33-ba96-7daca21b8a1c,wedding,extremely_close,15,3,3,1,0.0833333333333333,0.15508646,0.24475528,0.18198623,0.15745798,0.17798899
e1136062-159d-5b33-ba96-7daca21b8a1c,crabs,not_close,5,0,0,6,0.4615384615384615,0.32949838,0.29960105,0.33250704,0.3272346,0.33146152
e1136062-159d-5b33-ba96-7daca21b8a1c,crabs,not_close,5,0,1,4,0.3076923076923077,0.32009298,0.23267563,0.38626826,0.31816855,0.37187403
e1136062-159d-5b33-ba96-7daca21b8a1c,crabs,not_close,5,0,2,2,0.1538461538461538,0.18702544,0.23678833,0.15252548,0.18890499,0.16021432
e1136062-159d-5b33-ba96-7daca21b8a1c,crabs,not_close,5,0,3,1,0.0769230769230769,0.16338322,0.23093499,0.12869921,0.16569182,0.13645016
e1136062-159d-5b33-ba96-7daca21b8a1c,gala,close,10,2,0,6,0.25,0.36258376,0.29305857,0.3041355,0.35897562,0.31327608
e1136062-159d-5b33-ba96-7daca21b8a1c,gala,close,10,2,1,7,0.2916666666666667,0.24803236,0.2547296,0.2767334,0.2483613,0.2712739
e1136062-159d-5b33-ba96-7daca21b8a1c,gala,close,10,2,2,7,0.2916666666666667,0.21528816,0.24108168,0.24181442,0.2164861,0.23733611
e1136062-159d-5b33-ba96-7daca21b8a1c,gala,close,10,2,3,4,0.1666666666666666,0.17409568,0.21113022,0.17731674,0.17617695,0.17811388
e1136062-159d-5b33-ba96-7daca21b8a1c,conference,somewhat_close,3,1,0,6,0.3157894736842105,0.33627447,0.28567946,0.33678538,0.33383918,0.33548558
e1136062-159d-5b33-ba96-7daca21b8a1c,conference,somewhat_close,3,1,1,7,0.3684210526315789,0.32249793,0.2440027,0.34514695,0.32056218,0.33959094
e1136062-159d-5b33-ba96-7daca21b8a1c,conference,somewhat_close,3,1,2,4,0.2105263157894736,0.19272308,0.2495618,0.19635226,0.19453102,0.19690198
e1136062-159d-5b33-ba96-7daca21b8a1c,conference,somewhat_close,3,1,3,2,0.1052631578947368,0.14850451,0.22075598,0.1217154,0.15106763,0.1280215
e1136062-159d-5b33-ba96-7daca21b8a1c,fair,not_close,9,0,0,6,0.4,0.32837287,0.2946545,0.33953634,0.32618845,0.33659288
e1136062-159d-5b33-ba96-7daca21b8a1c,fair,not_close,9,0,1,6,0.4,0.32105917,0.21227996,0.3681577,0.31913775,0.35772365
e1136062-159d-5b33-ba96-7daca21b8a1c,fair,not_close,9,0,2,2,0.1333333333333333,0.20461664,0.2554765,0.17532648,0.20614377,0.18193142
e1136062-159d-5b33-ba96-7daca21b8a1c,fair,not_close,9,0,3,1,0.0666666666666666,0.14595127,0.23758905,0.116979435,0.14853,0.12375206
e1136062-159d-5b33-ba96-7daca21b8a1c,hike,somewhat_close,11,1,0,7,0.4375,0.33404678,0.30082837,0.33502132,0.33169934,0.3334202
e1136062-159d-5b33-ba96-7daca21b8a1c,hike,somewhat_close,11,1,1,5,0.3125,0.32451156,0.21243119,0.32786852,0.32250962,0.32599643
e1136062-159d-5b33-ba96-7daca21b8a1c,hike,somewhat_close,11,1,2,3,0.1875,0.19580749,0.25311163,0.19115357,0.19755435,0.19311021
e1136062-159d-5b33-ba96-7daca21b8a1c,hike,somewhat_close,11,1,3,1,0.0625,0.14563413,0.23362878,0.14595659,0.14823666,0.1474731
e1136062-159d-5b33-ba96-7daca21b8a1c,social,close,13,2,0,6,0.375,0.38478413,0.29484272,0.3941475,0.38051066,0.38977
e1136062-159d-5b33-ba96-7daca21b8a1c,social,close,13,2,1,4,0.25,0.26153043,0.23070611,0.26863965,0.261622,0.2673677
e1136062-159d-5b33-ba96-7daca21b8a1c,social,close,13,2,2,4,0.25,0.20087723,0.25057164,0.19937879,0.20253547,0.20073907
e1136062-159d-5b33-ba96-7daca21b8a1c,social,close,13,2,3,2,0.125,0.15280823,0.22387956,0.13783406,0.15533185,0.14212327
e1136062-159d-5b33-ba96-7daca21b8a1c,drinks,extremely_close,7,3,0,7,0.35,0.33517203,0.25649023,0.23276606,0.33253023,0.25004545
e1136062-159d-5b33-ba96-7daca21b8a1c,drinks,extremely_close,7,3,1,5,0.25,0.26757511,0.23912959,0.3014371,0.2672558,0.29548186
e1136062-159d-5b33-ba96-7daca21b8a1c,drinks,extremely_close,7,3,2,5,0.25,0.22562149,0.24335633,0.22504783,0.22650158,0.22667027
e1136062-159d-5b33-ba96-7daca21b8a1c,drinks,extremely_close,7,3,3,3,0.15,0.17163132,0.26102385,0.240749,0.17371236,0.22780243
e1136062-159d-5b33-ba96-7daca21b8a1c,basketball,extremely_close,0,3,0,6,0.3,0.3173009,0.27931517,0.3131195,0.3154185,0.3128357
e1136062-159d-5b33-ba96-7daca21b8a1c,basketball,extremely_close,0,3,1,6,0.3,0.31123364,0.2196531,0.3208935,0.3095655,0.31794766
e1136062-159d-5b33-ba96-7daca21b8a1c,basketball,extremely_close,0,3,2,5,0.25,0.22057617,0.24769424,0.21410309,0.22165884,0.21602215
e1136062-159d-5b33-ba96-7daca21b8a1c,basketball,extremely_close,0,3,3,3,0.15,0.15088934,0.25333744,0.15188394,0.15335715,0.15319455
e1136062-159d-5b33-ba96-7daca21b8a1c,brunch,close,2,2,0,6,0.3333333333333333,0.30243197,0.3026591,0.2907551,0.30091482,0.29213974
e1136062-159d-5b33-ba96-7daca21b8a1c,brunch,close,2,2,1,6,0.3333333333333333,0.29379916,0.21859324,0.28704393,0.29257798,0.28764403
e1136062-159d-5b33-ba96-7daca21b8a1c,brunch,close,2,2,2,4,0.2222222222222222,0.22932231,0.23039065,0.23673561,0.23006326,0.23571382
e1136062-159d-5b33-ba96-7daca21b8a1c,brunch,close,2,2,3,2,0.1111111111111111,0.17444655,0.24835704,0.1854654,0.17644392,0.1845024
e1136062-159d-5b33-ba96-7daca21b8a1c,birthday,somewhat_close,1,1,0,7,0.5833333333333334,0.32165617,0.28021994,0.31222877,0.3196522,0.31307483
e1136062-159d-5b33-ba96-7daca21b8a1c,birthday,somewhat_close,1,1,1,3,0.25,0.31348172,0.22091691,0.33197084,0.311768,0.32734334
e1136062-159d-5b33-ba96-7daca21b8a1c,birthday,somewhat_close,1,1,2,1,0.0833333333333333,0.21722111,0.24974371,0.2297937,0.21841055,0.22814302
e1136062-159d-5b33-ba96-7daca21b8a1c,birthday,somewhat_close,1,1,3,1,0.0833333333333333,0.14764105,0.24911939,0.12600674,0.15016927,0.13143879
e1136062-159d-5b33-ba96-7daca21b8a1c,oysters,close,12,2,0,5,0.5,0.3400336,0.31127194,0.3257782,0.3373747,0.3269814
e1136062-159d-5b33-ba96-7daca21b8a1c,oysters,close,12,2,1,2,0.2,0.30284005,0.21870834,0.30453157,0.3015121,0.30337986
e1136062-159d-5b33-ba96-7daca21b8a1c,oysters,close,12,2,2,2,0.2,0.20254946,0.2491106,0.20594548,0.20409547,0.20621069
e1136062-159d-5b33-ba96-7daca21b8a1c,oysters,close,12,2,3,1,0.1,0.15457693,0.22090909,0.16374475,0.1570177,0.1634281
e1136062-159d-5b33-ba96-7daca21b8a1c,cooking,somewhat_close,4,1,0,3,0.1875,0.32508844,0.28153455,0.3038481,0.32288563,0.30680162
e1136062-159d-5b33-ba96-7daca21b8a1c,cooking,somewhat_close,4,1,1,7,0.4375,0.30092797,0.22757895,0.3294611,0.2995782,0.32287404
e1136062-159d-5b33-ba96-7daca21b8a1c,cooking,somewhat_close,4,1,2,4,0.25,0.21122348,0.2310226,0.2139687,0.21250805,0.21430032
e1136062-159d-5b33-ba96-7daca21b8a1c,cooking,somewhat_close,4,1,3,2,0.125,0.16276015,0.2598639,0.15272212,0.1650281,0.15602408
9a37c6ea-990f-5b42-abc1-bbe495f3237b,drinks,close,7,2,0,1,0.25,0.33517203,0.25649023,0.3006383,0.33253023,0.30577487
9a37c6ea-990f-5b42-abc1-bbe495f3237b,drinks,close,7,2,1,1,0.25,0.26757511,0.23912959,0.2817904,0.2672558,0.2787861
9a37c6ea-990f-5b42-abc1-bbe495f3237b,drinks,close,7,2,2,1,0.25,0.22562149,0.24335633,0.23456235,0.22650158,0.23337154
9a37c6ea-990f-5b42-abc1-bbe495f3237b,drinks,close,7,2,3,1,0.25,0.17163132,0.26102385,0.18300895,0.17371236,0.18206751
9a37c6ea-990f-5b42-abc1-bbe495f3237b,oysters,not_close,12,0,0,4,0.25,0.3400336,0.31127194,0.3653165,0.3373747,0.35897037
9a37c6ea-990f-5b42-abc1-bbe495f3237b,oysters,not_close,12,0,1,4,0.25,0.30284005,0.21870834,0.32647744,0.3015121,0.32125935
9a37c6ea-990f-5b42-abc1-bbe495f3237b,oysters,not_close,12,0,2,4,0.25,0.20254946,0.2491106,0.18403101,0.20409547,0.1886821
9a37c6ea-990f-5b42-abc1-bbe495f3237b,oysters,not_close,12,0,3,4,0.25,0.15457693,0.22090909,0.12417514,0.1570177,0.13108808
9a37c6ea-990f-5b42-abc1-bbe495f3237b,hike,somewhat_close,11,1,0,5,0.3333333333333333,0.33404678,0.30082837,0.33502132,0.33169934,0.3334202
9a37c6ea-990f-5b42-abc1-bbe495f3237b,hike,somewhat_close,11,1,1,4,0.2666666666666666,0.32451156,0.21243119,0.32786852,0.32250962,0.32599643
9a37c6ea-990f-5b42-abc1-bbe495f3237b,hike,somewhat_close,11,1,2,3,0.2,0.19580749,0.25311163,0.19115357,0.19755435,0.19311021
9a37c6ea-990f-5b42-abc1-bbe495f3237b,hike,somewhat_close,11,1,3,3,0.2,0.14563413,0.23362878,0.14595659,0.14823666,0.1474731
9a37c6ea-990f-5b42-abc1-bbe495f3237b,fair,extremely_close,9,3,0,5,0.25,0.32837287,0.2946545,0.32941785,0.32618845,0.32789174
9a37c6ea-990f-5b42-abc1-bbe495f3237b,fair,extremely_close,9,3,1,6,0.3,0.32105917,0.21227996,0.31025007,0.31913775,0.3112323
9a37c6ea-990f-5b42-abc1-bbe495f3237b,fair,extremely_close,9,3,2,5,0.25,0.20461664,0.2554765,0.19988796,0.20614377,0.2017246
9a37c6ea-990f-5b42-abc1-bbe495f3237b,fair,extremely_close,9,3,3,4,0.2,0.14595127,0.23758905,0.1604442,0.14853,0.1591514
9a37c6ea-990f-5b42-abc1-bbe495f3237b,conference,close,3,2,0,2,0.1333333333333333,0.33627447,0.28567946,0.32390398,0.33383918,0.32497996
9a37c6ea-990f-5b42-abc1-bbe495f3237b,conference,close,3,2,1,7,0.4666666666666667,0.32249793,0.2440027,0.31270492,0.32056218,0.31356868
9a37c6ea-990f-5b42-abc1-bbe495f3237b,conference,close,3,2,2,4,0.2666666666666666,0.19272308,0.2495618,0.22254248,0.19453102,0.21759544
9a37c6ea-990f-5b42-abc1-bbe495f3237b,conference,close,3,2,3,2,0.1333333333333333,0.14850451,0.22075598,0.1408486,0.15106763,0.14385588
9a37c6ea-990f-5b42-abc1-bbe495f3237b,wedding,somewhat_close,15,1,0,4,0.2222222222222222,0.30876625,0.29976675,0.3333098,0.30711403,0.32751745
9a37c6ea-990f-5b42-abc1-bbe495f3237b,wedding,somewhat_close,15,1,1,6,0.3333333333333333,0.29898903,0.2203311,0.30216554,0.29767475,0.30098352
9a37c6ea-990f-5b42-abc1-bbe495f3237b,wedding,somewhat_close,15,1,2,6,0.3333333333333333,0.23715827,0.23514688,0.23644876,0.23775323,0.23714605
9a37c6ea-990f-5b42-abc1-bbe495f3237b,wedding,somewhat_close,15,1,3,2,0.1111111111111111,0.15508646,0.24475528,0.12807587,0.15745798,0.134353
9a37c6ea-990f-5b42-abc1-bbe495f3237b,dip,extremely_close,6,3,0,3,0.3333333333333333,0.33769047,0.26539132,0.3300849,0.33498037,0.3299841
9a37c6ea-990f-5b42-abc1-bbe495f3237b,dip,extremely_close,6,3,1,1,0.1111111111111111,0.2704545,0.25054428,0.27360496,0.27006677,0.27276102
9a37c6ea-990f-5b42-abc1-bbe495f3237b,dip,extremely_close,6,3,2,4,0.4444444444444444,0.2244097,0.25625244,0.23491126,0.22533904,0.23339608
9a37c6ea-990f-5b42-abc1-bbe495f3237b,dip,extremely_close,6,3,3,1,0.1111111111111111,0.16744532,0.22781193,0.16139889,0.16961384,0.1638588
9a37c6ea-990f-5b42-abc1-bbe495f3237b,social,not_close,13,0,0,6,0.5454545454545454,0.38478413,0.29484272,0.45282483,0.38051066,0.43652424
9a37c6ea-990f-5b42-abc1-bbe495f3237b,social,not_close,13,0,1,1,0.0909090909090909,0.26153043,0.23070611,0.24479835,0.261622,0.24863854
9a37c6ea-990f-5b42-abc1-bbe495f3237b,social,not_close,13,0,2,3,0.2727272727272727,0.20087723,0.25057164,0.17145851,0.20253547,0.17819941
9a37c6ea-990f-5b42-abc1-bbe495f3237b,social,not_close,13,0,3,1,0.0909090909090909,0.15280823,0.22387956,0.13091831,0.15533185,0.1366378
9a37c6ea-990f-5b42-abc1-bbe495f3237b,cooking,not_close,4,0,0,5,0.2777777777777778,0.32508844,0.28153455,0.3056378,0.32288563,0.3086708
9a37c6ea-990f-5b42-abc1-bbe495f3237b,cooking,not_close,4,0,1,7,0.3888888888888889,0.30092797,0.22757895,0.36421698,0.2995782,0.35040545
9a37c6ea-990f-5b42-abc1-bbe495f3237b,cooking,not_close,4,0,2,5,0.2777777777777778,0.21122348,0.2310226,0.18061243,0.21250805,0.1873101
9a37c6ea-990f-5b42-abc1-bbe495f3237b,cooking,not_close,4,0,3,1,0.0555555555555555,0.16276015,0.2598639,0.14953284,0.1650281,0.15361361
9a37c6ea-990f-5b42-abc1-bbe495f3237b,brunch,somewhat_close,2,1,0,4,0.2,0.30243197,0.3026591,0.31512022,0.30091482,0.31172588
9a37c6ea-990f-5b42-abc1-bbe495f3237b,brunch,somewhat_close,2,1,1,4,0.2,0.29379916,0.21859324,0.28702608,0.29257798,0.28772363
9a37c6ea-990f-5b42-abc1-bbe495f3237b,brunch,somewhat_close,2,1,2,7,0.35,0.22932231,0.23039065,0.24061216,0.23006326,0.23888367
9a37c6ea-990f-5b42-abc1-bbe495f3237b,brunch,somewhat_close,2,1,3,5,0.25,0.17444655,0.24835704,0.15724157,0.17644392,0.16166675
9a37c6ea-990f-5b42-abc1-bbe495f3237b,basketball,extremely_close,0,3,0,4,0.1904761904761904,0.3173009,0.27931517,0.3131195,0.3154185,0.3128357
9a37c6ea-990f-5b42-abc1-bbe495f3237b,basketball,extremely_close,0,3,1,5,0.238095238095238,0.31123364,0.2196531,0.3208935,0.3095655,0.31794766
9a37c6ea-990f-5b42-abc1-bbe495f3237b,basketball,extremely_close,0,3,2,6,0.2857142857142857,0.22057617,0.24769424,0.21410309,0.22165884,0.21602215
9a37c6ea-990f-5b42-abc1-bbe495f3237b,basketball,extremely_close,0,3,3,6,0.2857142857142857,0.15088934,0.25333744,0.15188394,0.15335715,0.15319455
9a37c6ea-990f-5b42-abc1-bbe495f3237b,gala,somewhat_close,10,1,0,4,0.3333333333333333,0.36258376,0.29305857,0.32763717,0.35897562,0.33230746
9a37c6ea-990f-5b42-abc1-bbe495f3237b,gala,somewhat_close,10,1,1,4,0.3333333333333333,0.24803236,0.2547296,0.2531211,0.2483613,0.25235286
9a37c6ea-990f-5b42-abc1-bbe495f3237b,gala,somewhat_close,10,1,2,2,0.1666666666666666,0.21528816,0.24108168,0.2304504,0.2164861,0.2281751
9a37c6ea-990f-5b42-abc1-bbe495f3237b,gala,somewhat_close,10,1,3,2,0.1666666666666666,0.17409568,0.21113022,0.18879129,0.17617695,0.18716459
9a37c6ea-990f-5b42-abc1-bbe495f3237b,driving,extremely_close,8,3,0,3,0.15,0.32080168,0.28850093,0.27412885,0.3188238,0.28191045
9a37c6ea-990f-5b42-abc1-bbe495f3237b,driving,extremely_close,8,3,1,6,0.3,0.31365657,0.23262726,0.3215029,0.31193233,0.31907967
9a37c6ea-990f-5b42-abc1-bbe495f3237b,driving,extremely_close,8,3,2,6,0.3,0.21734229,0.23673908,0.22807299,0.21852566,0.2268027
9a37c6ea-990f-5b42-abc1-bbe495f3237b,driving,extremely_close,8,3,3,5,0.25,0.14819951,0.24213271,0.17629525,0.1507182,0.17220715
9a37c6ea-990f-5b42-abc1-bbe495f3237b,crabs,close,5,2,0,5,0.2777777777777778,0.32949838,0.29960105,0.31679517,0.3272346,0.318014
9a37c6ea-990f-5b42-abc1-bbe495f3237b,crabs,close,5,2,1,5,0.2777777777777778,0.32009298,0.23267563,0.34010246,0.31816855,0.3349067
9a37c6ea-990f-5b42-abc1-bbe495f3237b,crabs,close,5,2,2,3,0.1666666666666666,0.18702544,0.23678833,0.18733868,0.18890499,0.18845895
9a37c6ea-990f-5b42-abc1-bbe495f3237b,crabs,close,5,2,3,5,0.2777777777777778,0.16338322,0.23093499,0.1557637,0.16569182,0.15862034
9a37c6ea-990f-5b42-abc1-bbe495f3237b,birthday,not_close,1,0,0,2,0.1538461538461538,0.32165617,0.28021994,0.37109387,0.3196522,0.36021808
9a37c6ea-990f-5b42-abc1-bbe495f3237b,birthday,not_close,1,0,1,4,0.3076923076923077,0.31348172,0.22091691,0.33231905,0.311768,0.32817322
9a37c6ea-990f-5b42-abc1-bbe495f3237b,birthday,not_close,1,0,2,5,0.3846153846153846,0.21722111,0.24974371,0.17350394,0.21841055,0.18240416
9a37c6ea-990f-5b42-abc1-bbe495f3237b,birthday,not_close,1,0,3,2,0.1538461538461538,0.14764105,0.24911939,0.12308306,0.15016927,0.12920454
9a37c6ea-990f-5b42-abc1-bbe495f3237b,soup,close,14,2,0,5,0.2631578947368421,0.33818597,0.3010139,0.3503503,0.33563444,0.34637958
9a37c6ea-990f-5b42-abc1-bbe495f3237b,soup,close,14,2,1,6,0.3157894736842105,0.31507322,0.22628844,0.3096027,0.31335708,0.30970412
9a37c6ea-990f-5b42-abc1-bbe495f3237b,soup,close,14,2,2,4,0.2105263157894736,0.18950173,0.22069465,0.19093937,0.19134966,0.19181013
9a37c6ea-990f-5b42-abc1-bbe495f3237b,soup,close,14,2,3,4,0.2105263157894736,0.15723914,0.25200298,0.14910766,0.15965882,0.15210615
6c1be0b8-9b5f-574a-8236-28b13c21005f,conference,not_close,3,0,0,4,0.3333333333333333,0.33627447,0.28567946,0.33324155,0.33383918,0.33397454
6c1be0b8-9b5f-574a-8236-28b13c21005f,conference,not_close,3,0,1,5,0.4166666666666667,0.32249793,0.2440027,0.41457385,0.32056218,0.3949526
6c1be0b8-9b5f-574a-8236-28b13c21005f,conference,not_close,3,0,2,2,0.1666666666666666,0.19272308,0.2495618,0.14458562,0.19453102,0.15464573
6c1be0b8-9b5f-574a-8236-28b13c21005f,conference,not_close,3,0,3,1,0.0833333333333333,0.14850451,0.22075598,0.10759906,0.15106763,0.11642715
6c1be0b8-9b5f-574a-8236-28b13c21005f,fair,close,9,2,0,2,0.25,0.32837287,0.2946545,0.34993604,0.32618845,0.3445345
6c1be0b8-9b5f-574a-8236-28b13c21005f,fair,close,9,2,1,3,0.375,0.32105917,0.21227996,0.34182274,0.31913775,0.33674547
6c1be0b8-9b5f-574a-8236-28b13c21005f,fair,close,9,2,2,2,0.25,0.20461664,0.2554765,0.18358052,0.20614377,0.18860486
6c1be0b8-9b5f-574a-8236-28b13c21005f,fair,close,9,2,3,1,0.125,0.14595127,0.23758905,0.12466064,0.14853,0.13011518
6c1be0b8-9b5f-574a-8236-28b13c21005f,oysters,extremely_close,12,3,0,5,0.3333333333333333,0.3400336,0.31127194,0.34521964,0.3373747,0.3425975
6c1be0b8-9b5f-574a-8236-28b13c21005f,oysters,extremely_close,12,3,1,6,0.4,0.30284005,0.21870834,0.30538067,0.3015121,0.30410308
6c1be0b8-9b5f-574a-8236-28b13c21005f,oysters,extremely_close,12,3,2,2,0.1333333333333333,0.20254946,0.2491106,0.20126957,0.20409547,0.20247553
6c1be0b8-9b5f-574a-8236-28b13c21005f,oysters,extremely_close,12,3,3,2,0.1333333333333333,0.15457693,0.22090909,0.1481301,0.1570177,0.15082388
6c1be0b8-9b5f-574a-8236-28b13c21005f,cooking,not_close,4,0,0,1,0.0666666666666666,0.32508844,0.28153455,0.3056378,0.32288563,0.3086708
6c1be0b8-9b5f-574a-8236-28b13c21005f,cooking,not_close,4,0,1,7,0.4666666666666667,0.30092797,0.22757895,0.36421698,0.2995782,0.35040545
6c1be0b8-9b5f-574a-8236-28b13c21005f,cooking,not_close,4,0,2,5,0.3333333333333333,0.21122348,0.2310226,0.18061243,0.21250805,0.1873101
6c1be0b8-9b5f-574a-8236-28b13c21005f,cooking,not_close,4,0,3,2,0.1333333333333333,0.16276015,0.2598639,0.14953284,0.1650281,0.15361361
6c1be0b8-9b5f-574a-8236-28b13c21005f,hike,extremely_close,11,3,0,5,0.3125,0.33404678,0.30082837,0.33788186,0.33169934,0.33572078
6c1be0b8-9b5f-574a-8236-28b13c21005f,hike,extremely_close,11,3,1,5,0.3125,0.32451156,0.21243119,0.2973505,0.32250962,0.3014346
6c1be0b8-9b5f-574a-8236-28b13c21005f,hike,extremely_close,11,3,2,4,0.25,0.19580749,0.25311163,0.20556362,0.19755435,0.2047168
6c1be0b8-9b5f-574a-8236-28b13c21005f,hike,extremely_close,11,3,3,2,0.125,0.14563413,0.23362878,0.15920395,0.14823666,0.15812786
6c1be0b8-9b5f-574a-8236-28b13c21005f,birthday,extremely_close,1,3,0,4,0.2,0.32165617,0.28021994,0.29297653,0.3196522,0.2974144
6c1be0b8-9b5f-574a-8236-28b13c21005f,birthday,extremely_close,1,3,1,7,0.35,0.31348172,0.22091691,0.2967644,0.311768,0.2991094
6c1be0b8-9b5f-574a-8236-28b13c21005f,birthday,extremely_close,1,3,2,6,0.3,0.21722111,0.24974371,0.24162844,0.21841055,0.2374631
6c1be0b8-9b5f-574a-8236-28b13c21005f,birthday,extremely_close,1,3,3,3,0.15,0.14764105,0.24911939,0.16863064,0.15016927,0.16601305
6c1be0b8-9b5f-574a-8236-28b13c21005f,crabs,somewhat_close,5,1,0,2,0.1818181818181818,0.32949838,0.29960105,0.36052796,0.3272346,0.35396707
6c1be0b8-9b5f-574a-8236-28b13c21005f,crabs,somewhat_close,5,1,1,6,0.5454545454545454,0.32009298,0.23267563,0.37403747,0.31816855,0.36267853
6c1be0b8-9b5f-574a-8236-28b13c21005f,crabs,somewhat_close,5,1,2,2,0.1818181818181818,0.18702544,0.23678833,0.13190359,0.18890499,0.14269985
6c1be0b8-9b5f-574a-8236-28b13c21005f,crabs,somewhat_close,5,1,3,1,0.0909090909090909,0.16338322,0.23093499,0.13353097,0.16569182,0.14065453
6c1be0b8-9b5f-574a-8236-28b13c21005f,soup,not_close,14,0,0,7,0.5833333333333334,0.33818597,0.3010139,0.3825187,0.33563444,0.37256363
6c1be0b8-9b5f-574a-8236-28b13c21005f,soup,not_close,14,0,1,2,0.1666666666666666,0.31507322,0.22628844,0.33879057,0.31335708,0.33371714
6c1be0b8-9b5f-574a-8236-28b13c21005f,soup,not_close,14,0,2,2,0.1666666666666666,0.18950173,0.22069465,0.16353203,0.19134966,0.16979322
6c1be0b8-9b5f-574a-8236-28b13c21005f,soup,not_close,14,0,3,1,0.0833333333333333,0.15723914,0.25200298,0.11515866,0.15965882,0.12392601
6c1be0b8-9b5f-574a-8236-28b13c21005f,wedding,extremely_close,15,3,0,6,0.375,0.30876625,0.29976675,0.29720375,0.30711403,0.2985504
6c1be0b8-9b5f-574a-8236-28b13c21005f,wedding,extremely_close,15,3,1,5,0.3125,0.29898903,0.2203311,0.27952927,0.29767475,0.2825817
6c1be0b8-9b5f-574a-8236-28b13c21005f,wedding,extremely_close,15,3,2,3,0.1875,0.23715827,0.23514688,0.2412807,0.23775323,0.24087891
6c1be0b8-9b5f-574a-8236-28b13c21005f,wedding,extremely_close,15,3,3,2,0.125,0.15508646,0.24475528,0.18198623,0.15745798,0.17798899
6c1be0b8-9b5f-574a-8236-28b13c21005f,basketball,close,0,2,0,6,0.4,0.3173009,0.27931517,0.331041,0.3154185,0.32719913
6c1be0b8-9b5f-574a-8236-28b13c21005f,basketball,close,0,2,1,5,0.3333333333333333,0.31123364,0.2196531,0.3025721,0.3095655,0.30337024
6c1be0b8-9b5f-574a-8236-28b13c21005f,basketball,close,0,2,2,2,0.1333333333333333,0.22057617,0.24769424,0.19962241,0.22165884,0.20426738
6c1be0b8-9b5f-574a-8236-28b13c21005f,basketball,close,0,2,3,2,0.1333333333333333,0.15088934,0.25333744,0.16676445,0.15335715,0.16516323
6c1be0b8-9b5f-574a-8236-28b13c21005f,brunch,somewhat_close,2,1,0,4,0.2666666666666666,0.30243197,0.3026591,0.31512022,0.30091482,0.31172588
6c1be0b8-9b5f-574a-8236-28b13c21005f,brunch,somewhat_close,2,1,1,6,0.4,0.29379916,0.21859324,0.28702608,0.29257798,0.28772363
6c1be0b8-9b5f-574a-8236-28b13c21005f,brunch,somewhat_close,2,1,2,3,0.2,0.22932231,0.23039065,0.24061216,0.23006326,0.23888367
6c1be0b8-9b5f-574a-8236-28b13c21005f,brunch,somewhat_close,2,1,3,2,0.1333333333333333,0.17444655,0.24835704,0.15724157,0.17644392,0.16166675
6c1be0b8-9b5f-574a-8236-28b13c21005f,social,not_close,13,0,0,6,0.6,0.38478413,0.29484272,0.45282483,0.38051066,0.43652424
6c1be0b8-9b5f-574a-8236-28b13c21005f,social,not_close,13,0,1,2,0.2,0.26153043,0.23070611,0.24479835,0.261622,0.24863854
6c1be0b8-9b5f-574a-8236-28b13c21005f,social,not_close,13,0,2,1,0.1,0.20087723,0.25057164,0.17145851,0.20253547,0.17819941
6c1be0b8-9b5f-574a-8236-28b13c21005f,social,not_close,13,0,3,1,0.1,0.15280823,0.22387956,0.13091831,0.15533185,0.1366378
6c1be0b8-9b5f-574a-8236-28b13c21005f,dip,somewhat_close,6,1,0,6,0.375,0.33769047,0.26539132,0.36435014,0.33498037,0.3577161
6c1be0b8-9b5f-574a-8236-28b13c21005f,dip,somewhat_close,6,1,1,5,0.3125,0.2704545,0.25054428,0.28163436,0.27006677,0.27957094
6c1be0b8-9b5f-574a-8236-28b13c21005f,dip,somewhat_close,6,1,2,4,0.25,0.2244097,0.25625244,0.22864093,0.22533904,0.2287165
6c1be0b8-9b5f-574a-8236-28b13c21005f,dip,somewhat_close,6,1,3,1,0.0625,0.16744532,0.22781193,0.12537463,0.16961384,0.1339964
6c1be0b8-9b5f-574a-8236-28b13c21005f,driving,close,8,2,0,5,0.2777777777777778,0.32080168,0.28850093,0.30510676,0.3188238,0.30702308
6c1be0b8-9b5f-574a-8236-28b13c21005f,driving,close,8,2,1,6,0.3333333333333333,0.31365657,0.23262726,0.3255142,0.31193233,0.32208744
6c1be0b8-9b5f-574a-8236-28b13c21005f,driving,close,8,2,2,5,0.2777777777777778,0.21734229,0.23673908,0.21140538,0.21852566,0.21328457
6c1be0b8-9b5f-574a-8236-28b13c21005f,driving,close,8,2,3,2,0.1111111111111111,0.14819951,0.24213271,0.15797366,0.1507182,0.1576049
6c1be0b8-9b5f-574a-8236-28b13c21005f,drinks,close,7,2,0,5,0.238095238095238,0.33517203,0.25649023,0.3006383,0.33253023,0.30577487
6c1be0b8-9b5f-574a-8236-28b13c21005f,drinks,close,7,2,1,6,0.2857142857142857,0.26757511,0.23912959,0.2817904,0.2672558,0.2787861
6c1be0b8-9b5f-574a-8236-28b13c21005f,drinks,close,7,2,2,5,0.238095238095238,0.22562149,0.24335633,0.23456235,0.22650158,0.23337154
6c1be0b8-9b5f-574a-8236-28b13c21005f,drinks,close,7,2,3,5,0.238095238095238,0.17163132,0.26102385,0.18300895,0.17371236,0.18206751
6c1be0b8-9b5f-574a-8236-28b13c21005f,gala,somewhat_close,10,1,0,5,0.2941176470588235,0.36258376,0.29305857,0.32763717,0.35897562,0.33230746
6c1be0b8-9b5f-574a-8236-28b13c21005f,gala,somewhat_close,10,1,1,5,0.2941176470588235,0.24803236,0.2547296,0.2531211,0.2483613,0.25235286
6c1be0b8-9b5f-574a-8236-28b13c21005f,gala,somewhat_close,10,1,2,5,0.2941176470588235,0.21528816,0.24108168,0.2304504,0.2164861,0.2281751
6c1be0b8-9b5f-574a-8236-28b13c21005f,gala,somewhat_close,10,1,3,2,0.1176470588235294,0.17409568,0.21113022,0.18879129,0.17617695,0.18716459
