subject_id,scenario_label,intimacy,motivation,action,p_action,intimacy_scaled,reward_condition,scenario_idx,pred_access_full_gamma,pred_access_full_typed_gamma,pred_access_full_gamma_alpha,pred_access_full_gamma_vpow
15e4b468-56da-5152-a637-1f11b624f2e9,bed,0,low,0,1.0,0.0,0,0,0.5839662,0.59730697,0.583587,0.58603805
15e4b468-56da-5152-a637-1f11b624f2e9,bed,0,low,1,0.0,0.0,0,0,0.20742352,0.20367499,0.20724803,0.20505466
15e4b468-56da-5152-a637-1f11b624f2e9,bed,0,low,2,0.0,0.0,0,0,0.13821883,0.133116,0.13850865,0.1376429
15e4b468-56da-5152-a637-1f11b624f2e9,bed,0,low,3,0.0,0.0,0,0,0.07039145,0.06590201,0.07065637,0.07126434
15e4b468-56da-5152-a637-1f11b624f2e9,blanket,100,high,0,0.0,1.0,1,1,0.176551,0.17659476,0.17560706,0.18027712
15e4b468-56da-5152-a637-1f11b624f2e9,blanket,100,high,1,0.08,1.0,1,1,0.2568252,0.2568758,0.25687397,0.23690228
15e4b468-56da-5152-a637-1f11b624f2e9,blanket,100,high,2,0.44,1.0,1,1,0.27982113,0.2798303,0.28022188,0.2770717
15e4b468-56da-5152-a637-1f11b624f2e9,blanket,100,high,3,0.48,1.0,1,1,0.28680268,0.28669912,0.2872971,0.30574885
15e4b468-56da-5152-a637-1f11b624f2e9,breakup,50,low,0,0.61,0.5,0,2,0.40690207,0.40398762,0.40744045,0.43060875
15e4b468-56da-5152-a637-1f11b624f2e9,breakup,50,low,1,0.19,0.5,0,2,0.31974164,0.31924915,0.32001236,0.2956866
15e4b468-56da-5152-a637-1f11b624f2e9,breakup,50,low,2,0.0,0.5,0,2,0.17943308,0.18110068,0.17912231,0.18993418
15e4b468-56da-5152-a637-1f11b624f2e9,breakup,50,low,3,0.2,0.5,0,2,0.09392326,0.095662616,0.09342494,0.083770484
15e4b468-56da-5152-a637-1f11b624f2e9,chapstick,75,low,0,0.25,0.75,0,3,0.20568444,0.20686784,0.20425162,0.21914543
15e4b468-56da-5152-a637-1f11b624f2e9,chapstick,75,low,1,0.28,0.75,0,3,0.25203893,0.25215885,0.2516028,0.24203728
15e4b468-56da-5152-a637-1f11b624f2e9,chapstick,75,low,2,0.35,0.75,0,3,0.25955108,0.25905678,0.2600223,0.24828233
15e4b468-56da-5152-a637-1f11b624f2e9,chapstick,75,low,3,0.12,0.75,0,3,0.28272554,0.28191656,0.28412324,0.29053497
15e4b468-56da-5152-a637-1f11b624f2e9,gossip,50,high,0,0.28,0.5,1,4,0.22101347,0.21722858,0.2187554,0.22651461
15e4b468-56da-5152-a637-1f11b624f2e9,gossip,50,high,1,0.28,0.5,1,4,0.28730857,0.28495875,0.28668517,0.2685374
15e4b468-56da-5152-a637-1f11b624f2e9,gossip,50,high,2,0.44,0.5,1,4,0.2640435,0.26601756,0.26518917,0.26254034
15e4b468-56da-5152-a637-1f11b624f2e9,gossip,50,high,3,0.0,0.5,1,4,0.22763443,0.2317951,0.22937018,0.2424077
15e4b468-56da-5152-a637-1f11b624f2e9,hairbrush,100,low,0,0.0,1.0,0,5,0.24567762,0.24614748,0.24569245,0.24282312
15e4b468-56da-5152-a637-1f11b624f2e9,hairbrush,100,low,1,0.33,1.0,0,5,0.2219248,0.221121,0.2213722,0.22137372
15e4b468-56da-5152-a637-1f11b624f2e9,hairbrush,100,low,2,0.33,1.0,0,5,0.2696332,0.26951072,0.26990148,0.28554282
15e4b468-56da-5152-a637-1f11b624f2e9,hairbrush,100,low,3,0.34,1.0,0,5,0.26276445,0.26322082,0.26303387,0.25026035
15e4b468-56da-5152-a637-1f11b624f2e9,harmonica,100,low,0,0.26,1.0,0,6,0.23570418,0.23607264,0.23556162,0.24797374
15e4b468-56da-5152-a637-1f11b624f2e9,harmonica,100,low,1,0.0,1.0,0,6,0.23757489,0.23691371,0.23726432,0.24101813
15e4b468-56da-5152-a637-1f11b624f2e9,harmonica,100,low,2,0.06,1.0,0,6,0.25436953,0.254221,0.25440025,0.24815778
15e4b468-56da-5152-a637-1f11b624f2e9,harmonica,100,low,3,0.68,1.0,0,6,0.27235138,0.2727926,0.2727738,0.2628503
15e4b468-56da-5152-a637-1f11b624f2e9,hat,75,high,0,0.04,0.75,1,7,0.1863332,0.18708767,0.1850922,0.18495668
15e4b468-56da-5152-a637-1f11b624f2e9,hat,75,high,1,0.24,0.75,1,7,0.29602545,0.29648525,0.29642054,0.30789787
15e4b468-56da-5152-a637-1f11b624f2e9,hat,75,high,2,0.31,0.75,1,7,0.24844491,0.24843542,0.24776448,0.2441257
15e4b468-56da-5152-a637-1f11b624f2e9,hat,75,high,3,0.41,0.75,1,7,0.26919642,0.26799172,0.2707228,0.2630197
15e4b468-56da-5152-a637-1f11b624f2e9,home,50,high,0,0.48,0.5,1,8,0.2360439,0.23389146,0.23458995,0.2289165
15e4b468-56da-5152-a637-1f11b624f2e9,home,50,high,1,0.25,0.5,1,8,0.30203402,0.29939345,0.30170026,0.30177653
15e4b468-56da-5152-a637-1f11b624f2e9,home,50,high,2,0.27,0.5,1,8,0.29314858,0.29370794,0.29401863,0.28201237
15e4b468-56da-5152-a637-1f11b624f2e9,home,50,high,3,0.0,0.5,1,8,0.16877349,0.17300719,0.16969116,0.1872946
15e4b468-56da-5152-a637-1f11b624f2e9,locker-room,0,high,0,1.0,0.0,1,9,0.2703913,0.27374586,0.2683354,0.2942191
15e4b468-56da-5152-a637-1f11b624f2e9,locker-room,0,high,1,0.0,0.0,1,9,0.37902337,0.3821654,0.3794715,0.36064354
15e4b468-56da-5152-a637-1f11b624f2e9,locker-room,0,high,2,0.0,0.0,1,9,0.2849212,0.28306937,0.28586432,0.27751017
15e4b468-56da-5152-a637-1f11b624f2e9,locker-room,0,high,3,0.0,0.0,1,9,0.06566415,0.06101932,0.06632879,0.06762722
15e4b468-56da-5152-a637-1f11b624f2e9,navigation,75,low,0,0.07,0.75,0,10,0.33332106,0.33291394,0.33368188,0.31004733
15e4b468-56da-5152-a637-1f11b624f2e9,navigation,75,low,1,0.27,0.75,0,10,0.25475883,0.25461736,0.25464043,0.2596411
15e4b468-56da-5152-a637-1f11b624f2e9,navigation,75,low,2,0.37,0.75,0,10,0.21411923,0.21427003,0.21397461,0.2231979
15e4b468-56da-5152-a637-1f11b624f2e9,navigation,75,low,3,0.29,0.75,0,10,0.19780089,0.19819866,0.19770318,0.20711371
15e4b468-56da-5152-a637-1f11b624f2e9,payment,50,low,0,0.5,0.5,0,11,0.27762604,0.27347755,0.2759274,0.2850898
15e4b468-56da-5152-a637-1f11b624f2e9,payment,50,low,1,0.18,0.5,0,11,0.25361395,0.25326845,0.2535896,0.2538881
15e4b468-56da-5152-a637-1f11b624f2e9,payment,50,low,2,0.14,0.5,0,11,0.23472261,0.23557784,0.23496749,0.22414184
15e4b468-56da-5152-a637-1f11b624f2e9,payment,50,low,3,0.18,0.5,0,11,0.23403738,0.23767617,0.2355155,0.23688027
15e4b468-56da-5152-a637-1f11b624f2e9,sauna,0,high,0,0.46,0.0,1,12,0.26629624,0.26938814,0.26469922,0.26253438
15e4b468-56da-5152-a637-1f11b624f2e9,sauna,0,high,1,0.0,0.0,1,12,0.39797512,0.40242046,0.39792076,0.38305524
15e4b468-56da-5152-a637-1f11b624f2e9,sauna,0,high,2,0.47,0.0,1,12,0.27139494,0.2685218,0.2724275,0.28191498
15e4b468-56da-5152-a637-1f11b624f2e9,sauna,0,high,3,0.07,0.0,1,12,0.064333715,0.059669595,0.06495248,0.07249539
15e4b468-56da-5152-a637-1f11b624f2e9,sleeping-bag,0,low,0,1.0,0.0,0,13,0.60762817,0.6189006,0.6079149,0.61399865
15e4b468-56da-5152-a637-1f11b624f2e9,sleeping-bag,0,low,1,0.0,0.0,0,13,0.2521555,0.24860515,0.25204697,0.24458636
15e4b468-56da-5152-a637-1f11b624f2e9,sleeping-bag,0,low,2,0.0,0.0,0,13,0.10425289,0.099299476,0.10426075,0.101019874
15e4b468-56da-5152-a637-1f11b624f2e9,sleeping-bag,0,low,3,0.0,0.0,0,13,0.035963356,0.033194732,0.035777405,0.040395048
15e4b468-56da-5152-a637-1f11b624f2e9,sunscreen,100,high,0,0.0,1.0,1,14,0.16472293,0.16477501,0.16365787,0.15177664
15e4b468-56da-5152-a637-1f11b624f2e9,sunscreen,100,high,1,0.06,1.0,1,14,0.30850083,0.30898708,0.30944628,0.32252902
15e4b468-56da-5152-a637-1f11b624f2e9,sunscreen,100,high,2,0.4,1.0,1,14,0.26834598,0.26829636,0.2685229,0.25762144
15e4b468-56da-5152-a637-1f11b624f2e9,sunscreen,100,high,3,0.54,1.0,1,14,0.25843027,0.2579415,0.25837296,0.26807293
15e4b468-56da-5152-a637-1f11b624f2e9,towel,75,high,0,0.25,0.75,1,15,0.1968054,0.1979509,0.19542424,0.20592242
15e4b468-56da-5152-a637-1f11b624f2e9,towel,75,high,1,0.35,0.75,1,15,0.3037393,0.30491588,0.30411506,0.29660213
15e4b468-56da-5152-a637-1f11b624f2e9,towel,75,high,2,0.32,0.75,1,15,0.25102514,0.25045317,0.25133154,0.23644279
15e4b468-56da-5152-a637-1f11b624f2e9,towel,75,high,3,0.08,0.75,1,15,0.24843015,0.24668007,0.24912919,0.26103264
367dcae5-5607-5a12-a236-2b4a06b8efef,bed,75,high,0,0.72,0.75,1,0,0.19546765,0.19652571,0.19396739,0.21123792
367dcae5-5607-5a12-a236-2b4a06b8efef,bed,75,high,1,0.14,0.75,1,0,0.24559543,0.2455964,0.24519882,0.22705637
367dcae5-5607-5a12-a236-2b4a06b8efef,bed,75,high,2,0.14,0.75,1,0,0.277786,0.27766085,0.2783918,0.2726694
367dcae5-5607-5a12-a236-2b4a06b8efef,bed,75,high,3,0.0,0.75,1,0,0.28115094,0.28021702,0.282442,0.2890363
367dcae5-5607-5a12-a236-2b4a06b8efef,blanket,75,low,0,0.4,0.75,0,1,0.28380778,0.2855855,0.28357956,0.2922485
367dcae5-5607-5a12-a236-2b4a06b8efef,blanket,75,low,1,0.32,0.75,0,1,0.2522979,0.25295976,0.25185767,0.2574405
367dcae5-5607-5a12-a236-2b4a06b8efef,blanket,75,low,2,0.12,0.75,0,1,0.23673438,0.23596065,0.23689073,0.23303674
367dcae5-5607-5a12-a236-2b4a06b8efef,blanket,75,low,3,0.16,0.75,0,1,0.22715989,0.22549403,0.22767207,0.21727428
367dcae5-5607-5a12-a236-2b4a06b8efef,breakup,100,high,0,0.02,1.0,1,2,0.19177578,0.19187546,0.19099353,0.19160055
367dcae5-5607-5a12-a236-2b4a06b8efef,breakup,100,high,1,0.02,1.0,1,2,0.22375025,0.22390045,0.22335434,0.23864841
367dcae5-5607-5a12-a236-2b4a06b8efef,breakup,100,high,2,0.04,1.0,1,2,0.31074786,0.3111528,0.31175038,0.29204455
367dcae5-5607-5a12-a236-2b4a06b8efef,breakup,100,high,3,0.92,1.0,1,2,0.27372614,0.27307126,0.27390176,0.2777065
367dcae5-5607-5a12-a236-2b4a06b8efef,chapstick,0,high,0,0.78,0.0,1,3,0.4633781,0.47547835,0.46101487,0.47937527
367dcae5-5607-5a12-a236-2b4a06b8efef,chapstick,0,high,1,0.13,0.0,1,3,0.30172145,0.29992396,0.30234608,0.28597742
367dcae5-5607-5a12-a236-2b4a06b8efef,chapstick,0,high,2,0.09,0.0,1,3,0.14275105,0.1374547,0.1436747,0.14235577
367dcae5-5607-5a12-a236-2b4a06b8efef,chapstick,0,high,3,0.0,0.0,1,3,0.09214939,0.08714301,0.092964344,0.09229153
367dcae5-5607-5a12-a236-2b4a06b8efef,gossip,0,low,0,0.71,0.0,0,4,0.5684264,0.5518067,0.56899905,0.57836086
367dcae5-5607-5a12-a236-2b4a06b8efef,gossip,0,low,1,0.11,0.0,0,4,0.3053371,0.30836543,0.30524865,0.2872331
367dcae5-5607-5a12-a236-2b4a06b8efef,gossip,0,low,2,0.08,0.0,0,4,0.08997974,0.098086156,0.08969991,0.09859536
367dcae5-5607-5a12-a236-2b4a06b8efef,gossip,0,low,3,0.1,0.0,0,4,0.036256865,0.04174174,0.036052372,0.03581071
367dcae5-5607-5a12-a236-2b4a06b8efef,hairbrush,50,high,0,0.26,0.5,1,5,0.24310046,0.24601492,0.24151413,0.2609533
367dcae5-5607-5a12-a236-2b4a06b8efef,hairbrush,50,high,1,0.31,0.5,1,5,0.28094515,0.28232118,0.2799106,0.2851407
367dcae5-5607-5a12-a236-2b4a06b8efef,hairbrush,50,high,2,0.24,0.5,1,5,0.26529682,0.2646184,0.26588255,0.25954586
367dcae5-5607-5a12-a236-2b4a06b8efef,hairbrush,50,high,3,0.19,0.5,1,5,0.21065757,0.2070456,0.21269272,0.19436017
367dcae5-5607-5a12-a236-2b4a06b8efef,harmonica,50,high,0,0.93,0.5,1,6,0.21066564,0.21353059,0.20848162,0.19663203
367dcae5-5607-5a12-a236-2b4a06b8efef,harmonica,50,high,1,0.07,0.5,1,6,0.2662669,0.26713055,0.26542184,0.25720182
367dcae5-5607-5a12-a236-2b4a06b8efef,harmonica,50,high,2,0.0,0.5,1,6,0.2825976,0.28256774,0.28308377,0.28877652
367dcae5-5607-5a12-a236-2b4a06b8efef,harmonica,50,high,3,0.0,0.5,1,6,0.24046993,0.23677114,0.24301271,0.25738966
367dcae5-5607-5a12-a236-2b4a06b8efef,hat,50,low,0,0.73,0.5,0,7,0.27053034,0.27300566,0.2696854,0.27618253
367dcae5-5607-5a12-a236-2b4a06b8efef,hat,50,low,1,0.23,0.5,0,7,0.28038535,0.2808034,0.28051093,0.2792195
367dcae5-5607-5a12-a236-2b4a06b8efef,hat,50,low,2,0.02,0.5,0,7,0.26973343,0.27053726,0.26889685,0.27716178
367dcae5-5607-5a12-a236-2b4a06b8efef,hat,50,low,3,0.02,0.5,0,7,0.17935094,0.17565367,0.18090685,0.16743618
367dcae5-5607-5a12-a236-2b4a06b8efef,home,0,low,0,0.88,0.0,0,8,0.6044116,0.5925936,0.6070314,0.5947951
367dcae5-5607-5a12-a236-2b4a06b8efef,home,0,low,1,0.12,0.0,0,8,0.19724393,0.1960051,0.19537853,0.2014738
367dcae5-5607-5a12-a236-2b4a06b8efef,home,0,low,2,0.0,0.0,0,8,0.15098187,0.15671958,0.15026198,0.15970884
367dcae5-5607-5a12-a236-2b4a06b8efef,home,0,low,3,0.0,0.0,0,8,0.047362626,0.054681633,0.047327984,0.044022292
367dcae5-5607-5a12-a236-2b4a06b8efef,locker-room,100,low,0,0.25,1.0,0,9,0.23466483,0.23418413,0.2343483,0.22824976
367dcae5-5607-5a12-a236-2b4a06b8efef,locker-room,100,low,1,0.3,1.0,0,9,0.26142937,0.26143187,0.26159704,0.25688663
367dcae5-5607-5a12-a236-2b4a06b8efef,locker-room,100,low,2,0.21,1.0,0,9,0.26645997,0.2665594,0.2667246,0.262301
367dcae5-5607-5a12-a236-2b4a06b8efef,locker-room,100,low,3,0.24,1.0,0,9,0.23744582,0.23782457,0.23733008,0.25256264
367dcae5-5607-5a12-a236-2b4a06b8efef,navigation,0,high,0,0.07,0.0,1,10,0.4557364,0.4273537,0.4529395,0.4373581
367dcae5-5607-5a12-a236-2b4a06b8efef,navigation,0,high,1,0.47,0.0,1,10,0.31892887,0.3235443,0.32029697,0.32170925
367dcae5-5607-5a12-a236-2b4a06b8efef,navigation,0,high,2,0.28,0.0,1,10,0.1357371,0.14779972,0.13652357,0.14390421
367dcae5-5607-5a12-a236-2b4a06b8efef,navigation,0,high,3,0.18,0.0,1,10,0.089597635,0.10130233,0.09023995,0.09702842
367dcae5-5607-5a12-a236-2b4a06b8efef,payment,100,high,0,0.31,1.0,1,11,0.15761784,0.1575305,0.1564645,0.14539629
367dcae5-5607-5a12-a236-2b4a06b8efef,payment,100,high,1,0.22,1.0,1,11,0.2721815,0.27192754,0.27236912,0.28523022
367dcae5-5607-5a12-a236-2b4a06b8efef,payment,100,high,2,0.16,1.0,1,11,0.26832032,0.2682382,0.26848015,0.2604881
367dcae5-5607-5a12-a236-2b4a06b8efef,payment,100,high,3,0.31,1.0,1,11,0.30188033,0.30230376,0.3026862,0.3088854
367dcae5-5607-5a12-a236-2b4a06b8efef,sauna,100,low,0,0.89,1.0,0,12,0.38332516,0.3841652,0.3856593,0.39744395
367dcae5-5607-5a12-a236-2b4a06b8efef,sauna,100,low,1,0.0,1.0,0,12,0.22772105,0.227331,0.22717704,0.22550084
367dcae5-5607-5a12-a236-2b4a06b8efef,sauna,100,low,2,0.05,1.0,0,12,0.20314918,0.20285234,0.20233048,0.21029657
367dcae5-5607-5a12-a236-2b4a06b8efef,sauna,100,low,3,0.06,1.0,0,12,0.18580464,0.18565147,0.18483321,0.16675863
367dcae5-5607-5a12-a236-2b4a06b8efef,sleeping-bag,75,high,0,0.09,0.75,1,13,0.19220091,0.19341041,0.19073184,0.19807364
367dcae5-5607-5a12-a236-2b4a06b8efef,sleeping-bag,75,high,1,0.75,0.75,1,13,0.2804837,0.28132185,0.28056496,0.26407674
367dcae5-5607-5a12-a236-2b4a06b8efef,sleeping-bag,75,high,2,0.11,0.75,1,13,0.2826234,0.28229395,0.2834421,0.28277904
367dcae5-5607-5a12-a236-2b4a06b8efef,sleeping-bag,75,high,3,0.05,0.75,1,13,0.244692,0.2429738,0.2452611,0.2550706
367dcae5-5607-5a12-a236-2b4a06b8efef,sunscreen,75,low,0,0.03,0.75,0,14,0.21066958,0.2116532,0.20963179,0.22157872
367dcae5-5607-5a12-a236-2b4a06b8efef,sunscreen,75,low,1,0.42,0.75,0,14,0.2925483,0.29371384,0.2927062,0.27968952
367dcae5-5607-5a12-a236-2b4a06b8efef,sunscreen,75,low,2,0.23,0.75,0,14,0.26731423,0.2670832,0.26764315,0.2651665
367dcae5-5607-5a12-a236-2b4a06b8efef,sunscreen,75,low,3,0.32,0.75,0,14,0.22946788,0.22754982,0.23001887,0.23356523
367dcae5-5607-5a12-a236-2b4a06b8efef,towel,50,low,0,1.0,0.5,0,15,0.3304968,0.33501223,0.3294134,0.33793098
367dcae5-5607-5a12-a236-2b4a06b8efef,towel,50,low,1,0.0,0.5,0,15,0.2913541,0.29273325,0.2911472,0.28885478
367dcae5-5607-5a12-a236-2b4a06b8efef,towel,50,low,2,0.0,0.5,0,15,0.20698197,0.20479068,0.20746283,0.2043336
367dcae5-5607-5a12-a236-2b4a06b8efef,towel,50,low,3,0.0,0.5,0,15,0.17116712,0.16746382,0.1719766,0.16888069
40bd5b02-b879-5f02-8ba6-1776564b4b04,bed,100,low,0,0.0,1.0,0,0,0.2618546,0.2620625,0.2620695,0.26171654
40bd5b02-b879-5f02-8ba6-1776564b4b04,bed,100,low,1,0.0,1.0,0,0,0.230609,0.23023342,0.23025829,0.2277412
40bd5b02-b879-5f02-8ba6-1776564b4b04,bed,100,low,2,0.5,1.0,0,0,0.25366715,0.25371477,0.25372672,0.2527748
40bd5b02-b879-5f02-8ba6-1776564b4b04,bed,100,low,3,0.5,1.0,0,0,0.25386924,0.2539893,0.2539455,0.25776747
40bd5b02-b879-5f02-8ba6-1776564b4b04,blanket,100,low,0,0.03,1.0,0,1,0.26760522,0.26805466,0.26795703,0.27589294
40bd5b02-b879-5f02-8ba6-1776564b4b04,blanket,100,low,1,0.14,1.0,0,1,0.2432801,0.24324615,0.24317236,0.24856982
40bd5b02-b879-5f02-8ba6-1776564b4b04,blanket,100,low,2,0.31,1.0,0,1,0.24413061,0.24398103,0.24401334,0.24073848
40bd5b02-b879-5f02-8ba6-1776564b4b04,blanket,100,low,3,0.52,1.0,0,1,0.2449841,0.24471813,0.24485725,0.2347988
40bd5b02-b879-5f02-8ba6-1776564b4b04,breakup,50,low,0,0.25,0.5,0,2,0.40690207,0.40398762,0.40744045,0.43060875
40bd5b02-b879-5f02-8ba6-1776564b4b04,breakup,50,low,1,0.59,0.5,0,2,0.31974164,0.31924915,0.32001236,0.2956866
40bd5b02-b879-5f02-8ba6-1776564b4b04,breakup,50,low,2,0.11,0.5,0,2,0.17943308,0.18110068,0.17912231,0.18993418
40bd5b02-b879-5f02-8ba6-1776564b4b04,breakup,50,low,3,0.05,0.5,0,2,0.09392326,0.095662616,0.09342494,0.083770484
40bd5b02-b879-5f02-8ba6-1776564b4b04,chapstick,100,high,0,0.0,1.0,1,3,0.1707859,0.17067738,0.16974956,0.17719729
40bd5b02-b879-5f02-8ba6-1776564b4b04,chapstick,100,high,1,0.06,1.0,1,3,0.24725607,0.24684167,0.24705994,0.2356676
40bd5b02-b879-5f02-8ba6-1776564b4b04,chapstick,100,high,2,0.09,1.0,1,3,0.28173876,0.28181562,0.28216484,0.28336638
40bd5b02-b879-5f02-8ba6-1776564b4b04,chapstick,100,high,3,0.85,1.0,1,3,0.30021927,0.30066532,0.3010257,0.30376875
40bd5b02-b879-5f02-8ba6-1776564b4b04,gossip,0,high,0,0.39,0.0,1,4,0.39091268,0.37128755,0.38878998,0.40471685
40bd5b02-b879-5f02-8ba6-1776564b4b04,gossip,0,high,1,0.47,0.0,1,4,0.3563363,0.35279888,0.35686377,0.33609897
40bd5b02-b879-5f02-8ba6-1776564b4b04,gossip,0,high,2,0.14,0.0,1,4,0.16548002,0.17714629,0.16643,0.16571608
40bd5b02-b879-5f02-8ba6-1776564b4b04,gossip,0,high,3,0.0,0.0,1,4,0.08727103,0.098767266,0.087916285,0.09346814
40bd5b02-b879-5f02-8ba6-1776564b4b04,hairbrush,75,low,0,0.21,0.75,0,5,0.25843117,0.2599163,0.25799385,0.25532517
40bd5b02-b879-5f02-8ba6-1776564b4b04,hairbrush,75,low,1,0.06,0.75,0,5,0.23084676,0.23069273,0.22996207,0.23016436
40bd5b02-b879-5f02-8ba6-1776564b4b04,hairbrush,75,low,2,0.28,0.75,0,5,0.26819208,0.26794344,0.26853493,0.28380293
40bd5b02-b879-5f02-8ba6-1776564b4b04,hairbrush,75,low,3,0.45,0.75,0,5,0.24253002,0.24144754,0.24350914,0.23070754
40bd5b02-b879-5f02-8ba6-1776564b4b04,harmonica,0,low,0,0.45,0.0,0,6,0.4617061,0.47053498,0.46117195,0.47638157
40bd5b02-b879-5f02-8ba6-1776564b4b04,harmonica,0,low,1,0.08,0.0,0,6,0.27987576,0.27849358,0.27969128,0.27798775
40bd5b02-b879-5f02-8ba6-1776564b4b04,harmonica,0,low,2,0.33,0.0,0,6,0.1980652,0.19440313,0.19841172,0.18892084
40bd5b02-b879-5f02-8ba6-1776564b4b04,harmonica,0,low,3,0.14,0.0,0,6,0.060352918,0.056568325,0.060724996,0.056709778
40bd5b02-b879-5f02-8ba6-1776564b4b04,hat,50,low,0,0.73,0.5,0,7,0.27053034,0.27300566,0.2696854,0.27618253
40bd5b02-b879-5f02-8ba6-1776564b4b04,hat,50,low,1,0.09,0.5,0,7,0.28038535,0.2808034,0.28051093,0.2792195
40bd5b02-b879-5f02-8ba6-1776564b4b04,hat,50,low,2,0.09,0.5,0,7,0.26973343,0.27053726,0.26889685,0.27716178
40bd5b02-b879-5f02-8ba6-1776564b4b04,hat,50,low,3,0.09,0.5,0,7,0.17935094,0.17565367,0.18090685,0.16743618
40bd5b02-b879-5f02-8ba6-1776564b4b04,home,75,high,0,0.14,0.75,1,8,0.20885213,0.20866585,0.20785153,0.20129082
40bd5b02-b879-5f02-8ba6-1776564b4b04,home,75,high,1,0.18,0.75,1,8,0.28022653,0.2790894,0.28011686,0.2783098
40bd5b02-b879-5f02-8ba6-1776564b4b04,home,75,high,2,0.36,0.75,1,8,0.29703793,0.29704437,0.29776597,0.28414953
40bd5b02-b879-5f02-8ba6-1776564b4b04,home,75,high,3,0.32,0.75,1,8,0.21388341,0.21520038,0.21426561,0.23624991
40bd5b02-b879-5f02-8ba6-1776564b4b04,locker-room,100,high,0,0.05,1.0,1,9,0.15050025,0.14987682,0.14917806,0.16268723
40bd5b02-b879-5f02-8ba6-1776564b4b04,locker-room,100,high,1,0.14,1.0,1,9,0.25297618,0.25283834,0.25286514,0.23927318
40bd5b02-b879-5f02-8ba6-1776564b4b04,locker-room,100,high,2,0.3,1.0,1,9,0.2734492,0.27345997,0.27367508,0.26507053
40bd5b02-b879-5f02-8ba6-1776564b4b04,locker-room,100,high,3,0.51,1.0,1,9,0.32307434,0.32382485,0.3242817,0.3329691
40bd5b02-b879-5f02-8ba6-1776564b4b04,navigation,50,high,0,0.17,0.5,1,10,0.22217017,0.21761796,0.21949232,0.20702717
40bd5b02-b879-5f02-8ba6-1776564b4b04,navigation,50,high,1,0.51,0.5,1,10,0.3076857,0.30631232,0.30786005,0.3019586
40bd5b02-b879-5f02-8ba6-1776564b4b04,navigation,50,high,2,0.23,0.5,1,10,0.24537948,0.24756083,0.24639724,0.25355232
40bd5b02-b879-5f02-8ba6-1776564b4b04,navigation,50,high,3,0.09,0.5,1,10,0.22476467,0.22850886,0.22625038,0.23746195
40bd5b02-b879-5f02-8ba6-1776564b4b04,payment,0,high,0,0.55,0.0,1,11,0.39002043,0.3661321,0.38735947,0.36812592
40bd5b02-b879-5f02-8ba6-1776564b4b04,payment,0,high,1,0.28,0.0,1,11,0.27164075,0.27560124,0.27254757,0.29038352
40bd5b02-b879-5f02-8ba6-1776564b4b04,payment,0,high,2,0.17,0.0,1,11,0.20766968,0.21548839,0.20846862,0.2054838
40bd5b02-b879-5f02-8ba6-1776564b4b04,payment,0,high,3,0.0,0.0,1,11,0.13066916,0.14277825,0.13162436,0.13600679
40bd5b02-b879-5f02-8ba6-1776564b4b04,sauna,50,high,0,0.26,0.5,1,12,0.192065,0.19379856,0.19020861,0.18416588
40bd5b02-b879-5f02-8ba6-1776564b4b04,sauna,50,high,1,0.09,0.5,1,12,0.28703785,0.28950238,0.28593948,0.26871032
40bd5b02-b879-5f02-8ba6-1776564b4b04,sauna,50,high,2,0.49,0.5,1,12,0.2948152,0.295271,0.29524416,0.29820666
40bd5b02-b879-5f02-8ba6-1776564b4b04,sauna,50,high,3,0.16,0.5,1,12,0.22608203,0.22142808,0.22860771,0.24891712
40bd5b02-b879-5f02-8ba6-1776564b4b04,sleeping-bag,75,low,0,0.07,0.75,0,13,0.33379236,0.33597782,0.33423024,0.33415103
40bd5b02-b879-5f02-8ba6-1776564b4b04,sleeping-bag,75,low,1,0.22,0.75,0,13,0.27386603,0.27415982,0.27395415,0.26373908
40bd5b02-b879-5f02-8ba6-1776564b4b04,sleeping-bag,75,low,2,0.31,0.75,0,13,0.23965806,0.23879492,0.23983365,0.23110674
40bd5b02-b879-5f02-8ba6-1776564b4b04,sleeping-bag,75,low,3,0.4,0.75,0,13,0.15268354,0.15106744,0.15198201,0.17100312
40bd5b02-b879-5f02-8ba6-1776564b4b04,sunscreen,75,high,0,0.08,0.75,1,14,0.17330302,0.17400533,0.17187437,0.15985796
40bd5b02-b879-5f02-8ba6-1776564b4b04,sunscreen,75,high,1,0.42,0.75,1,14,0.3209572,0.3223869,0.3214956,0.3358973
40bd5b02-b879-5f02-8ba6-1776564b4b04,sunscreen,75,high,2,0.34,0.75,1,14,0.2669565,0.26675647,0.26719815,0.25647986
40bd5b02-b879-5f02-8ba6-1776564b4b04,sunscreen,75,high,3,0.16,0.75,1,14,0.2387833,0.23685123,0.23943192,0.24776483
40bd5b02-b879-5f02-8ba6-1776564b4b04,towel,0,low,0,0.85,0.0,0,15,0.5305295,0.5399935,0.5301538,0.53909206
40bd5b02-b879-5f02-8ba6-1776564b4b04,towel,0,low,1,0.08,0.0,0,15,0.3105264,0.30918092,0.31068507,0.30558938
40bd5b02-b879-5f02-8ba6-1776564b4b04,towel,0,low,2,0.07,0.0,0,15,0.10554878,0.10106334,0.10566545,0.1032099
40bd5b02-b879-5f02-8ba6-1776564b4b04,towel,0,low,3,0.0,0.0,0,15,0.053395312,0.049762227,0.053495683,0.052108675
5f70cbd5-2cc1-521e-9464-87016bc694c8,bed,50,low,0,1.0,0.5,0,0,0.33744445,0.34258372,0.33616352,0.33796647
5f70cbd5-2cc1-521e-9464-87016bc694c8,bed,50,low,1,0.0,0.5,0,0,0.23719971,0.23693117,0.23678643,0.23448291
5f70cbd5-2cc1-521e-9464-87016bc694c8,bed,50,low,2,0.0,0.5,0,0,0.23038752,0.22879282,0.230951,0.22966854
5f70cbd5-2cc1-521e-9464-87016bc694c8,bed,50,low,3,0.0,0.5,0,0,0.19496834,0.19169225,0.19609916,0.19788206
5f70cbd5-2cc1-521e-9464-87016bc694c8,blanket,0,high,0,0.51,0.0,1,1,0.38968873,0.3980529,0.38778824,0.40633976
5f70cbd5-2cc1-521e-9464-87016bc694c8,blanket,0,high,1,0.49,0.0,1,1,0.39422762,0.3965307,0.39482734,0.37089524
5f70cbd5-2cc1-521e-9464-87016bc694c8,blanket,0,high,2,0.0,0.0,1,1,0.14446914,0.13874596,0.14524207,0.14536984
5f70cbd5-2cc1-521e-9464-87016bc694c8,blanket,0,high,3,0.0,0.0,1,1,0.07161454,0.06667045,0.07214239,0.07739514
5f70cbd5-2cc1-521e-9464-87016bc694c8,breakup,50,high,0,0.0,0.5,1,2,0.24017376,0.23678558,0.23829877,0.23968078
5f70cbd5-2cc1-521e-9464-87016bc694c8,breakup,50,high,1,0.0,0.5,1,2,0.2546736,0.25278726,0.25374454,0.27119702
5f70cbd5-2cc1-521e-9464-87016bc694c8,breakup,50,high,2,0.0,0.5,1,2,0.29373485,0.29552191,0.29519668,0.27536973
5f70cbd5-2cc1-521e-9464-87016bc694c8,breakup,50,high,3,1.0,0.5,1,2,0.21141773,0.21490523,0.21276,0.21375242
5f70cbd5-2cc1-521e-9464-87016bc694c8,chapstick,100,low,0,0.0,1.0,0,3,0.19015764,0.19011521,0.18934259,0.20261686
5f70cbd5-2cc1-521e-9464-87016bc694c8,chapstick,100,low,1,1.0,1.0,0,3,0.24477658,0.24435917,0.24457365,0.2351519
5f70cbd5-2cc1-521e-9464-87016bc694c8,chapstick,100,low,2,0.0,1.0,0,3,0.26610553,0.26612335,0.2663038,0.2547343
5f70cbd5-2cc1-521e-9464-87016bc694c8,chapstick,100,low,3,0.0,1.0,0,3,0.2989602,0.29940227,0.2997799,0.30749696
5f70cbd5-2cc1-521e-9464-87016bc694c8,gossip,75,low,0,0.27,0.75,0,4,0.3515246,0.35123214,0.35233757,0.35465187
5f70cbd5-2cc1-521e-9464-87016bc694c8,gossip,75,low,1,0.25,0.75,0,4,0.29409078,0.29398543,0.2943723,0.27470484
5f70cbd5-2cc1-521e-9464-87016bc694c8,gossip,75,low,2,0.24,0.75,0,4,0.20318212,0.20336545,0.20278093,0.22166488
5f70cbd5-2cc1-521e-9464-87016bc694c8,gossip,75,low,3,0.24,0.75,0,4,0.15120256,0.151417,0.15050921,0.14897843
5f70cbd5-2cc1-521e-9464-87016bc694c8,hairbrush,100,high,0,0.0,1.0,1,5,0.19827689,0.19851214,0.19761062,0.21481992
5f70cbd5-2cc1-521e-9464-87016bc694c8,hairbrush,100,high,1,1.0,1.0,1,5,0.23971142,0.23893169,0.23937874,0.24560969
5f70cbd5-2cc1-521e-9464-87016bc694c8,hairbrush,100,high,2,0.0,1.0,1,5,0.27109563,0.27099988,0.27136266,0.26797774
5f70cbd5-2cc1-521e-9464-87016bc694c8,hairbrush,100,high,3,0.0,1.0,1,5,0.29091603,0.2915563,0.29164797,0.27159265
5f70cbd5-2cc1-521e-9464-87016bc694c8,harmonica,0,low,0,1.0,0.0,0,6,0.4617061,0.47053498,0.46117195,0.47638157
5f70cbd5-2cc1-521e-9464-87016bc694c8,harmonica,0,low,1,0.0,0.0,0,6,0.27987576,0.27849358,0.27969128,0.27798775
5f70cbd5-2cc1-521e-9464-87016bc694c8,harmonica,0,low,2,0.0,0.0,0,6,0.1980652,0.19440313,0.19841172,0.18892084
5f70cbd5-2cc1-521e-9464-87016bc694c8,harmonica,0,low,3,0.0,0.0,0,6,0.060352918,0.056568325,0.060724996,0.056709778
5f70cbd5-2cc1-521e-9464-87016bc694c8,hat,100,high,0,0.0,1.0,1,7,0.17810921,0.17821966,0.17718756,0.1768417
5f70cbd5-2cc1-521e-9464-87016bc694c8,hat,100,high,1,0.0,1.0,1,7,0.2900148,0.29002053,0.2905756,0.3017747
5f70cbd5-2cc1-521e-9464-87016bc694c8,hat,100,high,2,0.0,1.0,1,7,0.2390799,0.23837705,0.23872331,0.23499744
5f70cbd5-2cc1-521e-9464-87016bc694c8,hat,100,high,3,1.0,1.0,1,7,0.2927961,0.29338276,0.29351354,0.2863862
5f70cbd5-2cc1-521e-9464-87016bc694c8,home,75,high,0,0.0,0.75,1,8,0.20885213,0.20866585,0.20785153,0.20129082
5f70cbd5-2cc1-521e-9464-87016bc694c8,home,75,high,1,1.0,0.75,1,8,0.28022653,0.2790894,0.28011686,0.2783098
5f70cbd5-2cc1-521e-9464-87016bc694c8,home,75,high,2,0.0,0.75,1,8,0.29703793,0.29704437,0.29776597,0.28414953
5f70cbd5-2cc1-521e-9464-87016bc694c8,home,75,high,3,0.0,0.75,1,8,0.21388341,0.21520038,0.21426561,0.23624991
5f70cbd5-2cc1-521e-9464-87016bc694c8,locker-room,50,low,0,0.25,0.5,0,9,0.2742865,0.2760811,0.27317858,0.2687269
5f70cbd5-2cc1-521e-9464-87016bc694c8,locker-room,50,low,1,0.25,0.5,0,9,0.29209894,0.29380292,0.2917556,0.28904647
5f70cbd5-2cc1-521e-9464-87016bc694c8,locker-room,50,low,2,0.25,0.5,0,9,0.27204823,0.27222523,0.27230296,0.26957336
5f70cbd5-2cc1-521e-9464-87016bc694c8,locker-room,50,low,3,0.25,0.5,0,9,0.16156632,0.15789075,0.16276294,0.1726533
5f70cbd5-2cc1-521e-9464-87016bc694c8,navigation,75,high,0,0.0,0.75,1,10,0.17576978,0.175029,0.17408656,0.16252442
5f70cbd5-2cc1-521e-9464-87016bc694c8,navigation,75,high,1,0.5,0.75,1,10,0.28837875,0.28818113,0.2885823,0.28103057
5f70cbd5-2cc1-521e-9464-87016bc694c8,navigation,75,high,2,0.0,0.75,1,10,0.26878428,0.26904315,0.26935002,0.27597857
5f70cbd5-2cc1-521e-9464-87016bc694c8,navigation,75,high,3,0.5,0.75,1,10,0.2670672,0.26774678,0.2679812,0.2804665
5f70cbd5-2cc1-521e-9464-87016bc694c8,payment,75,low,0,0.23,0.75,0,11,0.23257764,0.23199391,0.23162925,0.23892608
5f70cbd5-2cc1-521e-9464-87016bc694c8,payment,75,low,1,0.23,0.75,0,11,0.25169727,0.25131696,0.25159413,0.2522546
5f70cbd5-2cc1-521e-9464-87016bc694c8,payment,75,low,2,0.26,0.75,0,11,0.24426857,0.2442526,0.24428488,0.23356934
5f70cbd5-2cc1-521e-9464-87016bc694c8,payment,75,low,3,0.28,0.75,0,11,0.27145654,0.27243653,0.27249178,0.27525
5f70cbd5-2cc1-521e-9464-87016bc694c8,sauna,50,high,0,0.0,0.5,1,12,0.192065,0.19379856,0.19020861,0.18416588
5f70cbd5-2cc1-521e-9464-87016bc694c8,sauna,50,high,1,0.0,0.5,1,12,0.28703785,0.28950238,0.28593948,0.26871032
5f70cbd5-2cc1-521e-9464-87016bc694c8,sauna,50,high,2,1.0,0.5,1,12,0.2948152,0.295271,0.29524416,0.29820666
5f70cbd5-2cc1-521e-9464-87016bc694c8,sauna,50,high,3,0.0,0.5,1,12,0.22608203,0.22142808,0.22860771,0.24891712
5f70cbd5-2cc1-521e-9464-87016bc694c8,sleeping-bag,0,high,0,0.25,0.0,1,13,0.44361103,0.45550868,0.44136706,0.45912683
5f70cbd5-2cc1-521e-9464-87016bc694c8,sleeping-bag,0,high,1,0.25,0.0,1,13,0.32743365,0.3261491,0.32841024,0.3089365
5f70cbd5-2cc1-521e-9464-87016bc694c8,sleeping-bag,0,high,2,0.25,0.0,1,13,0.1558797,0.15008245,0.15676706,0.15592754
5f70cbd5-2cc1-521e-9464-87016bc694c8,sleeping-bag,0,high,3,0.25,0.0,1,13,0.073075704,0.068259664,0.07345562,0.07600913
5f70cbd5-2cc1-521e-9464-87016bc694c8,sunscreen,0,low,0,0.28,0.0,0,14,0.3492605,0.35412237,0.34792197,0.36790514
5f70cbd5-2cc1-521e-9464-87016bc694c8,sunscreen,0,low,1,0.24,0.0,0,14,0.40901327,0.4118952,0.4096928,0.39141935
5f70cbd5-2cc1-521e-9464-87016bc694c8,sunscreen,0,low,2,0.24,0.0,0,14,0.18902999,0.18486041,0.1894912,0.18729143
5f70cbd5-2cc1-521e-9464-87016bc694c8,sunscreen,0,low,3,0.24,0.0,0,14,0.052696187,0.049122065,0.052894082,0.053384125
5f70cbd5-2cc1-521e-9464-87016bc694c8,towel,100,low,0,0.0,1.0,0,15,0.2622242,0.26272386,0.26249832,0.26848787
5f70cbd5-2cc1-521e-9464-87016bc694c8,towel,100,low,1,0.55,1.0,0,15,0.26464835,0.26486525,0.264907,0.26290566
5f70cbd5-2cc1-521e-9464-87016bc694c8,towel,100,low,2,0.0,1.0,0,15,0.23983753,0.23970027,0.23965862,0.2375215
5f70cbd5-2cc1-521e-9464-87016bc694c8,towel,100,low,3,0.45,1.0,0,15,0.2332899,0.23271061,0.23293608,0.23108491
61123e76-0a91-5ece-9403-c4e0f1b45b87,bed,100,low,0,0.47,1.0,0,0,0.2618546,0.2620625,0.2620695,0.26171654
61123e76-0a91-5ece-9403-c4e0f1b45b87,bed,100,low,1,0.04,1.0,0,0,0.230609,0.23023342,0.23025829,0.2277412
61123e76-0a91-5ece-9403-c4e0f1b45b87,bed,100,low,2,0.04,1.0,0,0,0.25366715,0.25371477,0.25372672,0.2527748
61123e76-0a91-5ece-9403-c4e0f1b45b87,bed,100,low,3,0.45,1.0,0,0,0.25386924,0.2539893,0.2539455,0.25776747
61123e76-0a91-5ece-9403-c4e0f1b45b87,blanket,75,high,0,0.0,0.75,1,1,0.18896674,0.19002795,0.18751998,0.19338997
61123e76-0a91-5ece-9403-c4e0f1b45b87,blanket,75,high,1,0.12,0.75,1,1,0.26880056,0.26980844,0.26844597,0.24847308
61123e76-0a91-5ece-9403-c4e0f1b45b87,blanket,75,high,2,0.34,0.75,1,1,0.27384514,0.27334127,0.27449366,0.2716143
61123e76-0a91-5ece-9403-c4e0f1b45b87,blanket,75,high,3,0.54,0.75,1,1,0.26838753,0.26682234,0.2695404,0.2865226
61123e76-0a91-5ece-9403-c4e0f1b45b87,breakup,100,high,0,0.0,1.0,1,2,0.19177578,0.19187546,0.19099353,0.19160055
61123e76-0a91-5ece-9403-c4e0f1b45b87,breakup,100,high,1,0.08,1.0,1,2,0.22375025,0.22390045,0.22335434,0.23864841
61123e76-0a91-5ece-9403-c4e0f1b45b87,breakup,100,high,2,0.47,1.0,1,2,0.31074786,0.3111528,0.31175038,0.29204455
61123e76-0a91-5ece-9403-c4e0f1b45b87,breakup,100,high,3,0.45,1.0,1,2,0.27372614,0.27307126,0.27390176,0.2777065
61123e76-0a91-5ece-9403-c4e0f1b45b87,chapstick,50,low,0,0.22,0.5,0,3,0.25684294,0.26096573,0.25447297,0.27328068
61123e76-0a91-5ece-9403-c4e0f1b45b87,chapstick,50,low,1,0.34,0.5,0,3,0.271124,0.27195346,0.27060112,0.2598446
61123e76-0a91-5ece-9403-c4e0f1b45b87,chapstick,50,low,2,0.3,0.5,0,3,0.23696312,0.23514633,0.23789018,0.22606204
61123e76-0a91-5ece-9403-c4e0f1b45b87,chapstick,50,low,3,0.14,0.5,0,3,0.23506995,0.2319345,0.2370357,0.24081263
61123e76-0a91-5ece-9403-c4e0f1b45b87,gossip,0,low,0,0.54,0.0,0,4,0.5684264,0.5518067,0.56899905,0.57836086
61123e76-0a91-5ece-9403-c4e0f1b45b87,gossip,0,low,1,0.17,0.0,0,4,0.3053371,0.30836543,0.30524865,0.2872331
61123e76-0a91-5ece-9403-c4e0f1b45b87,gossip,0,low,2,0.29,0.0,0,4,0.08997974,0.098086156,0.08969991,0.09859536
61123e76-0a91-5ece-9403-c4e0f1b45b87,gossip,0,low,3,0.0,0.0,0,4,0.036256865,0.04174174,0.036052372,0.03581071
61123e76-0a91-5ece-9403-c4e0f1b45b87,hairbrush,50,high,0,0.06,0.5,1,5,0.24310046,0.24601492,0.24151413,0.2609533
61123e76-0a91-5ece-9403-c4e0f1b45b87,hairbrush,50,high,1,0.11,0.5,1,5,0.28094515,0.28232118,0.2799106,0.2851407
61123e76-0a91-5ece-9403-c4e0f1b45b87,hairbrush,50,high,2,0.41,0.5,1,5,0.26529682,0.2646184,0.26588255,0.25954586
61123e76-0a91-5ece-9403-c4e0f1b45b87,hairbrush,50,high,3,0.42,0.5,1,5,0.21065757,0.2070456,0.21269272,0.19436017
61123e76-0a91-5ece-9403-c4e0f1b45b87,harmonica,75,low,0,0.08,0.75,0,6,0.24958725,0.2510589,0.24893972,0.26227105
61123e76-0a91-5ece-9403-c4e0f1b45b87,harmonica,75,low,1,0.06,0.75,0,6,0.24380572,0.24359277,0.24327964,0.24700053
61123e76-0a91-5ece-9403-c4e0f1b45b87,harmonica,75,low,2,0.53,0.75,0,6,0.25446296,0.25430307,0.25451323,0.24786958
61123e76-0a91-5ece-9403-c4e0f1b45b87,harmonica,75,low,3,0.33,0.75,0,6,0.252144,0.25104526,0.25326744,0.24285886
61123e76-0a91-5ece-9403-c4e0f1b45b87,hat,50,high,0,0.11,0.5,1,7,0.21016869,0.21210125,0.2085693,0.20842317
61123e76-0a91-5ece-9403-c4e0f1b45b87,hat,50,high,1,0.2,0.5,1,7,0.3099017,0.3107893,0.31034133,0.32192898
61123e76-0a91-5ece-9403-c4e0f1b45b87,hat,50,high,2,0.28,0.5,1,7,0.27458462,0.27569523,0.27364838,0.2695378
61123e76-0a91-5ece-9403-c4e0f1b45b87,hat,50,high,3,0.41,0.5,1,7,0.20534493,0.20141417,0.20744096,0.20011
61123e76-0a91-5ece-9403-c4e0f1b45b87,home,0,high,0,0.51,0.0,1,8,0.33961323,0.32902583,0.3383317,0.33417094
61123e76-0a91-5ece-9403-c4e0f1b45b87,home,0,high,1,0.0,0.0,1,8,0.35895833,0.3540359,0.3591956,0.36369288
61123e76-0a91-5ece-9403-c4e0f1b45b87,home,0,high,2,0.49,0.0,1,8,0.24430165,0.25157794,0.24517211,0.23808104
61123e76-0a91-5ece-9403-c4e0f1b45b87,home,0,high,3,0.0,0.0,1,8,0.057126835,0.065360285,0.057300612,0.06405517
61123e76-0a91-5ece-9403-c4e0f1b45b87,locker-room,100,low,0,0.13,1.0,0,9,0.23466483,0.23418413,0.2343483,0.22824976
61123e76-0a91-5ece-9403-c4e0f1b45b87,locker-room,100,low,1,0.18,1.0,0,9,0.26142937,0.26143187,0.26159704,0.25688663
61123e76-0a91-5ece-9403-c4e0f1b45b87,locker-room,100,low,2,0.31,1.0,0,9,0.26645997,0.2665594,0.2667246,0.262301
61123e76-0a91-5ece-9403-c4e0f1b45b87,locker-room,100,low,3,0.38,1.0,0,9,0.23744582,0.23782457,0.23733008,0.25256264
61123e76-0a91-5ece-9403-c4e0f1b45b87,navigation,0,high,0,0.16,0.0,1,10,0.4557364,0.4273537,0.4529395,0.4373581
61123e76-0a91-5ece-9403-c4e0f1b45b87,navigation,0,high,1,0.5,0.0,1,10,0.31892887,0.3235443,0.32029697,0.32170925
61123e76-0a91-5ece-9403-c4e0f1b45b87,navigation,0,high,2,0.23,0.0,1,10,0.1357371,0.14779972,0.13652357,0.14390421
61123e76-0a91-5ece-9403-c4e0f1b45b87,navigation,0,high,3,0.11,0.0,1,10,0.089597635,0.10130233,0.09023995,0.09702842
61123e76-0a91-5ece-9403-c4e0f1b45b87,payment,0,low,0,0.62,0.0,0,11,0.48975557,0.46472403,0.48853117,0.50007635
61123e76-0a91-5ece-9403-c4e0f1b45b87,payment,0,low,1,0.38,0.0,0,11,0.22607416,0.23148936,0.22636406,0.22459666
61123e76-0a91-5ece-9403-c4e0f1b45b87,payment,0,low,2,0.0,0.0,0,11,0.17283396,0.18099801,0.17314337,0.16369732
61123e76-0a91-5ece-9403-c4e0f1b45b87,payment,0,low,3,0.0,0.0,0,11,0.11133633,0.12278859,0.1119613,0.11162967
61123e76-0a91-5ece-9403-c4e0f1b45b87,sauna,100,high,0,0.0,1.0,1,12,0.16031633,0.16017775,0.15916705,0.15151547
61123e76-0a91-5ece-9403-c4e0f1b45b87,sauna,100,high,1,0.0,1.0,1,12,0.23959,0.23927855,0.2392749,0.22107121
61123e76-0a91-5ece-9403-c4e0f1b45b87,sauna,100,high,2,0.25,1.0,1,12,0.28172275,0.28171974,0.2820979,0.28105342
61123e76-0a91-5ece-9403-c4e0f1b45b87,sauna,100,high,3,0.75,1.0,1,12,0.31837088,0.3188239,0.3194601,0.34635994
61123e76-0a91-5ece-9403-c4e0f1b45b87,sleeping-bag,75,high,0,0.08,0.75,1,13,0.19220091,0.19341041,0.19073184,0.19807364
61123e76-0a91-5ece-9403-c4e0f1b45b87,sleeping-bag,75,high,1,0.28,0.75,1,13,0.2804837,0.28132185,0.28056496,0.26407674
61123e76-0a91-5ece-9403-c4e0f1b45b87,sleeping-bag,75,high,2,0.42,0.75,1,13,0.2826234,0.28229395,0.2834421,0.28277904
61123e76-0a91-5ece-9403-c4e0f1b45b87,sleeping-bag,75,high,3,0.22,0.75,1,13,0.244692,0.2429738,0.2452611,0.2550706
61123e76-0a91-5ece-9403-c4e0f1b45b87,sunscreen,75,low,0,0.0,0.75,0,14,0.21066958,0.2116532,0.20963179,0.22157872
61123e76-0a91-5ece-9403-c4e0f1b45b87,sunscreen,75,low,1,0.52,0.75,0,14,0.2925483,0.29371384,0.2927062,0.27968952
61123e76-0a91-5ece-9403-c4e0f1b45b87,sunscreen,75,low,2,0.32,0.75,0,14,0.26731423,0.2670832,0.26764315,0.2651665
61123e76-0a91-5ece-9403-c4e0f1b45b87,sunscreen,75,low,3,0.16,0.75,0,14,0.22946788,0.22754982,0.23001887,0.23356523
61123e76-0a91-5ece-9403-c4e0f1b45b87,towel,50,low,0,0.5,0.5,0,15,0.3304968,0.33501223,0.3294134,0.33793098
61123e76-0a91-5ece-9403-c4e0f1b45b87,towel,50,low,1,0.0,0.5,0,15,0.2913541,0.29273325,0.2911472,0.28885478
61123e76-0a91-5ece-9403-c4e0f1b45b87,towel,50,low,2,0.5,0.5,0,15,0.20698197,0.20479068,0.20746283,0.2043336
61123e76-0a91-5ece-9403-c4e0f1b45b87,towel,50,low,3,0.0,0.5,0,15,0.17116712,0.16746382,0.1719766,0.16888069
62300955-42a5-5d2d-914c-9d1d01f9a0a1,bed,50,low,0,0.97,0.5,0,0,0.33744445,0.34258372,0.33616352,0.33796647
62300955-42a5-5d2d-914c-9d1d01f9a0a1,bed,50,low,1,0.03,0.5,0,0,0.23719971,0.23693117,0.23678643,0.23448291
62300955-42a5-5d2d-914c-9d1d01f9a0a1,bed,50,low,2,0.0,0.5,0,0,0.23038752,0.22879282,0.230951,0.22966854
62300955-42a5-5d2d-914c-9d1d01f9a0a1,bed,50,low,3,0.0,0.5,0,0,0.19496834,0.19169225,0.19609916,0.19788206
62300955-42a5-5d2d-914c-9d1d01f9a0a1,blanket,0,high,0,0.97,0.0,1,1,0.38968873,0.3980529,0.38778824,0.40633976
62300955-42a5-5d2d-914c-9d1d01f9a0a1,blanket,0,high,1,0.03,0.0,1,1,0.39422762,0.3965307,0.39482734,0.37089524
62300955-42a5-5d2d-914c-9d1d01f9a0a1,blanket,0,high,2,0.0,0.0,1,1,0.14446914,0.13874596,0.14524207,0.14536984
62300955-42a5-5d2d-914c-9d1d01f9a0a1,blanket,0,high,3,0.0,0.0,1,1,0.07161454,0.06667045,0.07214239,0.07739514
62300955-42a5-5d2d-914c-9d1d01f9a0a1,breakup,75,low,0,0.1,0.75,0,2,0.36749586,0.36749622,0.3686305,0.3900571
62300955-42a5-5d2d-914c-9d1d01f9a0a1,breakup,75,low,1,0.81,0.75,0,2,0.3102895,0.31037232,0.31078765,0.28788358
62300955-42a5-5d2d-914c-9d1d01f9a0a1,breakup,75,low,2,0.09,0.75,0,2,0.20022337,0.20034385,0.19963872,0.21276206
62300955-42a5-5d2d-914c-9d1d01f9a0a1,breakup,75,low,3,0.0,0.75,0,2,0.12199128,0.12178761,0.12094309,0.10929739
62300955-42a5-5d2d-914c-9d1d01f9a0a1,chapstick,100,low,0,0.08,1.0,0,3,0.19015764,0.19011521,0.18934259,0.20261686
62300955-42a5-5d2d-914c-9d1d01f9a0a1,chapstick,100,low,1,0.05,1.0,0,3,0.24477658,0.24435917,0.24457365,0.2351519
62300955-42a5-5d2d-914c-9d1d01f9a0a1,chapstick,100,low,2,0.45,1.0,0,3,0.26610553,0.26612335,0.2663038,0.2547343
62300955-42a5-5d2d-914c-9d1d01f9a0a1,chapstick,100,low,3,0.42,1.0,0,3,0.2989602,0.29940227,0.2997799,0.30749696
62300955-42a5-5d2d-914c-9d1d01f9a0a1,gossip,75,high,0,0.04,0.75,1,4,0.18278523,0.18203892,0.18126352,0.1864529
62300955-42a5-5d2d-914c-9d1d01f9a0a1,gossip,75,high,1,0.42,0.75,1,4,0.25950256,0.25908002,0.2591156,0.24149795
62300955-42a5-5d2d-914c-9d1d01f9a0a1,gossip,75,high,2,0.33,0.75,1,4,0.282531,0.28290984,0.28327915,0.27991074
62300955-42a5-5d2d-914c-9d1d01f9a0a1,gossip,75,high,3,0.21,0.75,1,4,0.2751812,0.27597123,0.27634174,0.29213837
62300955-42a5-5d2d-914c-9d1d01f9a0a1,hairbrush,0,low,0,1.0,0.0,0,5,0.43025687,0.4369543,0.4301578,0.42456698
62300955-42a5-5d2d-914c-9d1d01f9a0a1,hairbrush,0,low,1,0.0,0.0,0,5,0.32411483,0.32506496,0.32335255,0.32258853
62300955-42a5-5d2d-914c-9d1d01f9a0a1,hairbrush,0,low,2,0.0,0.0,0,5,0.19045392,0.18634354,0.19099736,0.20075245
62300955-42a5-5d2d-914c-9d1d01f9a0a1,hairbrush,0,low,3,0.0,0.0,0,5,0.055174362,0.051637284,0.055492304,0.05209201
62300955-42a5-5d2d-914c-9d1d01f9a0a1,harmonica,0,low,0,0.69,0.0,0,6,0.4617061,0.47053498,0.46117195,0.47638157
62300955-42a5-5d2d-914c-9d1d01f9a0a1,harmonica,0,low,1,0.14,0.0,0,6,0.27987576,0.27849358,0.27969128,0.27798775
62300955-42a5-5d2d-914c-9d1d01f9a0a1,harmonica,0,low,2,0.17,0.0,0,6,0.1980652,0.19440313,0.19841172,0.18892084
62300955-42a5-5d2d-914c-9d1d01f9a0a1,harmonica,0,low,3,0.0,0.0,0,6,0.060352918,0.056568325,0.060724996,0.056709778
62300955-42a5-5d2d-914c-9d1d01f9a0a1,hat,100,high,0,0.07,1.0,1,7,0.17810921,0.17821966,0.17718756,0.1768417
62300955-42a5-5d2d-914c-9d1d01f9a0a1,hat,100,high,1,0.3,1.0,1,7,0.2900148,0.29002053,0.2905756,0.3017747
62300955-42a5-5d2d-914c-9d1d01f9a0a1,hat,100,high,2,0.37,1.0,1,7,0.2390799,0.23837705,0.23872331,0.23499744
62300955-42a5-5d2d-914c-9d1d01f9a0a1,hat,100,high,3,0.26,1.0,1,7,0.2927961,0.29338276,0.29351354,0.2863862
62300955-42a5-5d2d-914c-9d1d01f9a0a1,home,75,high,0,0.0,0.75,1,8,0.20885213,0.20866585,0.20785153,0.20129082
62300955-42a5-5d2d-914c-9d1d01f9a0a1,home,75,high,1,0.08,0.75,1,8,0.28022653,0.2790894,0.28011686,0.2783098
62300955-42a5-5d2d-914c-9d1d01f9a0a1,home,75,high,2,0.35,0.75,1,8,0.29703793,0.29704437,0.29776597,0.28414953
62300955-42a5-5d2d-914c-9d1d01f9a0a1,home,75,high,3,0.57,0.75,1,8,0.21388341,0.21520038,0.21426561,0.23624991
62300955-42a5-5d2d-914c-9d1d01f9a0a1,locker-room,50,high,0,0.8,0.5,1,9,0.18370396,0.18499811,0.18157545,0.19935124
62300955-42a5-5d2d-914c-9d1d01f9a0a1,locker-room,50,high,1,0.2,0.5,1,9,0.2951753,0.29750493,0.29447109,0.28021085
62300955-42a5-5d2d-914c-9d1d01f9a0a1,locker-room,50,high,2,0.0,0.5,1,9,0.29155156,0.29240298,0.2917373,0.2835327
62300955-42a5-5d2d-914c-9d1d01f9a0a1,locker-room,50,high,3,0.0,0.5,1,9,0.22956918,0.22509396,0.23221621,0.23690516
62300955-42a5-5d2d-914c-9d1d01f9a0a1,navigation,100,low,0,1.0,1.0,0,10,0.3122761,0.31296304,0.3133827,0.28962788
62300955-42a5-5d2d-914c-9d1d01f9a0a1,navigation,100,low,1,0.0,1.0,0,10,0.25241312,0.25239745,0.25240144,0.25659245
62300955-42a5-5d2d-914c-9d1d01f9a0a1,navigation,100,low,2,0.0,1.0,0,10,0.22335748,0.22302388,0.22288203,0.23230681
62300955-42a5-5d2d-914c-9d1d01f9a0a1,navigation,100,low,3,0.0,1.0,0,10,0.21195334,0.21161567,0.21133381,0.22147286
62300955-42a5-5d2d-914c-9d1d01f9a0a1,payment,75,low,0,0.64,0.75,0,11,0.23257764,0.23199391,0.23162925,0.23892608
62300955-42a5-5d2d-914c-9d1d01f9a0a1,payment,75,low,1,0.1,0.75,0,11,0.25169727,0.25131696,0.25159413,0.2522546
62300955-42a5-5d2d-914c-9d1d01f9a0a1,payment,75,low,2,0.07,0.75,0,11,0.24426857,0.2442526,0.24428488,0.23356934
62300955-42a5-5d2d-914c-9d1d01f9a0a1,payment,75,low,3,0.19,0.75,0,11,0.27145654,0.27243653,0.27249178,0.27525
62300955-42a5-5d2d-914c-9d1d01f9a0a1,sauna,50,high,0,0.01,0.5,1,12,0.192065,0.19379856,0.19020861,0.18416588
62300955-42a5-5d2d-914c-9d1d01f9a0a1,sauna,50,high,1,0.01,0.5,1,12,0.28703785,0.28950238,0.28593948,0.26871032
62300955-42a5-5d2d-914c-9d1d01f9a0a1,sauna,50,high,2,0.33,0.5,1,12,0.2948152,0.295271,0.29524416,0.29820666
62300955-42a5-5d2d-914c-9d1d01f9a0a1,sauna,50,high,3,0.65,0.5,1,12,0.22608203,0.22142808,0.22860771,0.24891712
62300955-42a5-5d2d-914c-9d1d01f9a0a1,sleeping-bag,50,low,0,0.46,0.5,0,13,0.39045578,0.39582184,0.39008865,0.3923746
62300955-42a5-5d2d-914c-9d1d01f9a0a1,sleeping-bag,50,low,1,0.51,0.5,0,13,0.27974063,0.27995047,0.27973002,0.27027178
62300955-42a5-5d2d-914c-9d1d01f9a0a1,sleeping-bag,50,low,2,0.03,0.5,0,13,0.21088402,0.20834328,0.21140209,0.20388897
62300955-42a5-5d2d-914c-9d1d01f9a0a1,sleeping-bag,50,low,3,0.0,0.5,0,13,0.118919656,0.11588433,0.118779264,0.13346471
62300955-42a5-5d2d-914c-9d1d01f9a0a1,sunscreen,0,high,0,0.97,0.0,1,14,0.29327837,0.297377,0.29123282,0.27270877
62300955-42a5-5d2d-914c-9d1d01f9a0a1,sunscreen,0,high,1,0.03,0.0,1,14,0.4580503,0.46180207,0.4594157,0.48298055
62300955-42a5-5d2d-914c-9d1d01f9a0a1,sunscreen,0,high,2,0.0,0.0,1,14,0.19269718,0.18859428,0.19313934,0.18612708
62300955-42a5-5d2d-914c-9d1d01f9a0a1,sunscreen,0,high,3,0.0,0.0,1,14,0.05597413,0.052226625,0.056212142,0.058183618
62300955-42a5-5d2d-914c-9d1d01f9a0a1,towel,100,high,0,0.01,1.0,1,15,0.18378663,0.18391876,0.18293646,0.1921935
62300955-42a5-5d2d-914c-9d1d01f9a0a1,towel,100,high,1,0.05,1.0,1,15,0.29333365,0.29373196,0.29404444,0.2863414
62300955-42a5-5d2d-914c-9d1d01f9a0a1,towel,100,high,2,0.29,1.0,1,15,0.2575309,0.25749123,0.2575834,0.24257754
62300955-42a5-5d2d-914c-9d1d01f9a0a1,towel,100,high,3,0.65,1.0,1,15,0.26534885,0.264858,0.26543576,0.27888754
6389b091-156f-5161-b52d-cf810f06fe43,bed,50,high,0,0.09,0.5,1,0,0.24225992,0.24621601,0.23985809,0.26153773
6389b091-156f-5161-b52d-cf810f06fe43,bed,50,high,1,0.09,0.5,1,0,0.25693864,0.25732335,0.25655088,0.23712716
6389b091-156f-5161-b52d-cf810f06fe43,bed,50,high,2,0.38,0.5,1,0,0.26466325,0.2635814,0.26561505,0.25922868
6389b091-156f-5161-b52d-cf810f06fe43,bed,50,high,3,0.44,0.5,1,0,0.23613821,0.2328792,0.23797597,0.24210645
6389b091-156f-5161-b52d-cf810f06fe43,blanket,50,low,0,0.17,0.5,0,1,0.33336887,0.337901,0.33247945,0.3419527
6389b091-156f-5161-b52d-cf810f06fe43,blanket,50,low,1,0.17,0.5,0,1,0.27693343,0.27864346,0.27619568,0.2814004
6389b091-156f-5161-b52d-cf810f06fe43,blanket,50,low,2,0.33,0.5,0,1,0.21203423,0.20973426,0.21258135,0.2076703
6389b091-156f-5161-b52d-cf810f06fe43,blanket,50,low,3,0.33,0.5,0,1,0.17766352,0.1737213,0.1787436,0.16897655
6389b091-156f-5161-b52d-cf810f06fe43,breakup,75,low,0,0.1,0.75,0,2,0.36749586,0.36749622,0.3686305,0.3900571
6389b091-156f-5161-b52d-cf810f06fe43,breakup,75,low,1,0.53,0.75,0,2,0.3102895,0.31037232,0.31078765,0.28788358
6389b091-156f-5161-b52d-cf810f06fe43,breakup,75,low,2,0.27,0.75,0,2,0.20022337,0.20034385,0.19963872,0.21276206
6389b091-156f-5161-b52d-cf810f06fe43,breakup,75,low,3,0.1,0.75,0,2,0.12199128,0.12178761,0.12094309,0.10929739
6389b091-156f-5161-b52d-cf810f06fe43,chapstick,100,high,0,0.07,1.0,1,3,0.1707859,0.17067738,0.16974956,0.17719729
6389b091-156f-5161-b52d-cf810f06fe43,chapstick,100,high,1,0.07,1.0,1,3,0.24725607,0.24684167,0.24705994,0.2356676
6389b091-156f-5161-b52d-cf810f06fe43,chapstick,100,high,2,0.07,1.0,1,3,0.28173876,0.28181562,0.28216484,0.28336638
6389b091-156f-5161-b52d-cf810f06fe43,chapstick,100,high,3,0.79,1.0,1,3,0.30021927,0.30066532,0.3010257,0.30376875
6389b091-156f-5161-b52d-cf810f06fe43,gossip,75,high,0,0.1,0.75,1,4,0.18278523,0.18203892,0.18126352,0.1864529
6389b091-156f-5161-b52d-cf810f06fe43,gossip,75,high,1,0.1,0.75,1,4,0.25950256,0.25908002,0.2591156,0.24149795
6389b091-156f-5161-b52d-cf810f06fe43,gossip,75,high,2,0.52,0.75,1,4,0.282531,0.28290984,0.28327915,0.27991074
6389b091-156f-5161-b52d-cf810f06fe43,gossip,75,high,3,0.28,0.75,1,4,0.2751812,0.27597123,0.27634174,0.29213837
6389b091-156f-5161-b52d-cf810f06fe43,hairbrush,0,low,0,0.88,0.0,0,5,0.43025687,0.4369543,0.4301578,0.42456698
6389b091-156f-5161-b52d-cf810f06fe43,hairbrush,0,low,1,0.04,0.0,0,5,0.32411483,0.32506496,0.32335255,0.32258853
6389b091-156f-5161-b52d-cf810f06fe43,hairbrush,0,low,2,0.04,0.0,0,5,0.19045392,0.18634354,0.19099736,0.20075245
6389b091-156f-5161-b52d-cf810f06fe43,hairbrush,0,low,3,0.04,0.0,0,5,0.055174362,0.051637284,0.055492304,0.05209201
6389b091-156f-5161-b52d-cf810f06fe43,harmonica,0,high,0,0.15,0.0,1,6,0.3630126,0.37113804,0.36101046,0.3475488
6389b091-156f-5161-b52d-cf810f06fe43,harmonica,0,high,1,0.77,0.0,1,6,0.31306747,0.31293258,0.31320786,0.3098497
6389b091-156f-5161-b52d-cf810f06fe43,harmonica,0,high,2,0.05,0.0,1,6,0.24339516,0.24006203,0.24444821,0.25460854
6389b091-156f-5161-b52d-cf810f06fe43,harmonica,0,high,3,0.03,0.0,1,6,0.080524735,0.07586736,0.08133353,0.08799293
6389b091-156f-5161-b52d-cf810f06fe43,hat,0,low,0,0.85,0.0,0,7,0.35418648,0.3582206,0.3538532,0.35748085
6389b091-156f-5161-b52d-cf810f06fe43,hat,0,low,1,0.05,0.0,0,7,0.27185488,0.2702406,0.27230155,0.26741952
6389b091-156f-5161-b52d-cf810f06fe43,hat,0,low,2,0.05,0.0,0,7,0.32537025,0.32620344,0.32498315,0.33045676
6389b091-156f-5161-b52d-cf810f06fe43,hat,0,low,3,0.05,0.0,0,7,0.04858842,0.04533535,0.048862107,0.044642862
6389b091-156f-5161-b52d-cf810f06fe43,home,100,low,0,0.26,1.0,0,8,0.4041246,0.4053374,0.40687415,0.39930686
6389b091-156f-5161-b52d-cf810f06fe43,home,100,low,1,0.21,1.0,0,8,0.17006029,0.16914211,0.1687647,0.17455995
6389b091-156f-5161-b52d-cf810f06fe43,home,100,low,2,0.24,1.0,0,8,0.20872952,0.20822798,0.20788787,0.22222945
6389b091-156f-5161-b52d-cf810f06fe43,home,100,low,3,0.29,1.0,0,8,0.21708563,0.21729256,0.21647334,0.20390375
6389b091-156f-5161-b52d-cf810f06fe43,locker-room,50,high,0,0.07,0.5,1,9,0.18370396,0.18499811,0.18157545,0.19935124
6389b091-156f-5161-b52d-cf810f06fe43,locker-room,50,high,1,0.07,0.5,1,9,0.2951753,0.29750493,0.29447109,0.28021085
6389b091-156f-5161-b52d-cf810f06fe43,locker-room,50,high,2,0.07,0.5,1,9,0.29155156,0.29240298,0.2917373,0.2835327
6389b091-156f-5161-b52d-cf810f06fe43,locker-room,50,high,3,0.79,0.5,1,9,0.22956918,0.22509396,0.23221621,0.23690516
6389b091-156f-5161-b52d-cf810f06fe43,navigation,100,low,0,0.73,1.0,0,10,0.3122761,0.31296304,0.3133827,0.28962788
6389b091-156f-5161-b52d-cf810f06fe43,navigation,100,low,1,0.09,1.0,0,10,0.25241312,0.25239745,0.25240144,0.25659245
6389b091-156f-5161-b52d-cf810f06fe43,navigation,100,low,2,0.09,1.0,0,10,0.22335748,0.22302388,0.22288203,0.23230681
6389b091-156f-5161-b52d-cf810f06fe43,navigation,100,low,3,0.09,1.0,0,10,0.21195334,0.21161567,0.21133381,0.22147286
6389b091-156f-5161-b52d-cf810f06fe43,payment,75,high,0,0.11,0.75,1,11,0.16841719,0.1677509,0.16680348,0.1555694
6389b091-156f-5161-b52d-cf810f06fe43,payment,75,high,1,0.11,0.75,1,11,0.27500015,0.27461073,0.2751219,0.2884751
6389b091-156f-5161-b52d-cf810f06fe43,payment,75,high,2,0.41,0.75,1,11,0.26688367,0.2668916,0.26712912,0.2593298
6389b091-156f-5161-b52d-cf810f06fe43,payment,75,high,3,0.37,0.75,1,11,0.289699,0.29074678,0.29094547,0.2966257
6389b091-156f-5161-b52d-cf810f06fe43,sauna,75,low,0,0.11,0.75,0,12,0.3949094,0.39667472,0.3968425,0.40864563
6389b091-156f-5161-b52d-cf810f06fe43,sauna,75,low,1,0.13,0.75,0,12,0.23460287,0.23473355,0.23376465,0.2318564
6389b091-156f-5161-b52d-cf810f06fe43,sauna,75,low,2,0.11,0.75,0,12,0.20237704,0.20199265,0.20156842,0.20903951
6389b091-156f-5161-b52d-cf810f06fe43,sauna,75,low,3,0.65,0.75,0,12,0.16811064,0.16659907,0.16782443,0.15045847
6389b091-156f-5161-b52d-cf810f06fe43,sleeping-bag,50,low,0,0.52,0.5,0,13,0.39045578,0.39582184,0.39008865,0.3923746
6389b091-156f-5161-b52d-cf810f06fe43,sleeping-bag,50,low,1,0.16,0.5,0,13,0.27974063,0.27995047,0.27973002,0.27027178
6389b091-156f-5161-b52d-cf810f06fe43,sleeping-bag,50,low,2,0.16,0.5,0,13,0.21088402,0.20834328,0.21140209,0.20388897
6389b091-156f-5161-b52d-cf810f06fe43,sleeping-bag,50,low,3,0.16,0.5,0,13,0.118919656,0.11588433,0.118779264,0.13346471
6389b091-156f-5161-b52d-cf810f06fe43,sunscreen,0,high,0,0.04,0.0,1,14,0.29327837,0.297377,0.29123282,0.27270877
6389b091-156f-5161-b52d-cf810f06fe43,sunscreen,0,high,1,0.88,0.0,1,14,0.4580503,0.46180207,0.4594157,0.48298055
6389b091-156f-5161-b52d-cf810f06fe43,sunscreen,0,high,2,0.04,0.0,1,14,0.19269718,0.18859428,0.19313934,0.18612708
6389b091-156f-5161-b52d-cf810f06fe43,sunscreen,0,high,3,0.04,0.0,1,14,0.05597413,0.052226625,0.056212142,0.058183618
6389b091-156f-5161-b52d-cf810f06fe43,towel,100,high,0,0.06,1.0,1,15,0.18378663,0.18391876,0.18293646,0.1921935
6389b091-156f-5161-b52d-cf810f06fe43,towel,100,high,1,0.06,1.0,1,15,0.29333365,0.29373196,0.29404444,0.2863414
6389b091-156f-5161-b52d-cf810f06fe43,towel,100,high,2,0.06,1.0,1,15,0.2575309,0.25749123,0.2575834,0.24257754
6389b091-156f-5161-b52d-cf810f06fe43,towel,100,high,3,0.82,1.0,1,15,0.26534885,0.264858,0.26543576,0.27888754
65cee937-8ec0-521f-ac2d-7d8f08423bad,bed,100,low,0,0.01,1.0,0,0,0.2618546,0.2620625,0.2620695,0.26171654
65cee937-8ec0-521f-ac2d-7d8f08423bad,bed,100,low,1,0.1,1.0,0,0,0.230609,0.23023342,0.23025829,0.2277412
65cee937-8ec0-521f-ac2d-7d8f08423bad,bed,100,low,2,0.1,1.0,0,0,0.25366715,0.25371477,0.25372672,0.2527748
65cee937-8ec0-521f-ac2d-7d8f08423bad,bed,100,low,3,0.79,1.0,0,0,0.25386924,0.2539893,0.2539455,0.25776747
65cee937-8ec0-521f-ac2d-7d8f08423bad,blanket,75,high,0,0.11,0.75,1,1,0.18896674,0.19002795,0.18751998,0.19338997
65cee937-8ec0-521f-ac2d-7d8f08423bad,blanket,75,high,1,0.15,0.75,1,1,0.26880056,0.26980844,0.26844597,0.24847308
65cee937-8ec0-521f-ac2d-7d8f08423bad,blanket,75,high,2,0.45,0.75,1,1,0.27384514,0.27334127,0.27449366,0.2716143
65cee937-8ec0-521f-ac2d-7d8f08423bad,blanket,75,high,3,0.29,0.75,1,1,0.26838753,0.26682234,0.2695404,0.2865226
65cee937-8ec0-521f-ac2d-7d8f08423bad,breakup,0,low,0,0.77,0.0,0,2,0.5464853,0.5327849,0.5472489,0.5726613
65cee937-8ec0-521f-ac2d-7d8f08423bad,breakup,0,low,1,0.11,0.0,0,2,0.32151157,0.3236834,0.3214999,0.2941671
65cee937-8ec0-521f-ac2d-7d8f08423bad,breakup,0,low,2,0.1,0.0,0,2,0.102809235,0.11015093,0.10235018,0.10749682
65cee937-8ec0-521f-ac2d-7d8f08423bad,breakup,0,low,3,0.02,0.0,0,2,0.029193848,0.033380784,0.02890095,0.025674872
65cee937-8ec0-521f-ac2d-7d8f08423bad,chapstick,50,low,0,0.14,0.5,0,3,0.25684294,0.26096573,0.25447297,0.27328068
65cee937-8ec0-521f-ac2d-7d8f08423bad,chapstick,50,low,1,0.27,0.5,0,3,0.271124,0.27195346,0.27060112,0.2598446
65cee937-8ec0-521f-ac2d-7d8f08423bad,chapstick,50,low,2,0.5,0.5,0,3,0.23696312,0.23514633,0.23789018,0.22606204
65cee937-8ec0-521f-ac2d-7d8f08423bad,chapstick,50,low,3,0.09,0.5,0,3,0.23506995,0.2319345,0.2370357,0.24081263
65cee937-8ec0-521f-ac2d-7d8f08423bad,gossip,0,high,0,0.24,0.0,1,4,0.39091268,0.37128755,0.38878998,0.40471685
65cee937-8ec0-521f-ac2d-7d8f08423bad,gossip,0,high,1,0.39,0.0,1,4,0.3563363,0.35279888,0.35686377,0.33609897
65cee937-8ec0-521f-ac2d-7d8f08423bad,gossip,0,high,2,0.25,0.0,1,4,0.16548002,0.17714629,0.16643,0.16571608
65cee937-8ec0-521f-ac2d-7d8f08423bad,gossip,0,high,3,0.12,0.0,1,4,0.08727103,0.098767266,0.087916285,0.09346814
65cee937-8ec0-521f-ac2d-7d8f08423bad,hairbrush,75,low,0,0.14,0.75,0,5,0.25843117,0.2599163,0.25799385,0.25532517
65cee937-8ec0-521f-ac2d-7d8f08423bad,hairbrush,75,low,1,0.05,0.75,0,5,0.23084676,0.23069273,0.22996207,0.23016436
65cee937-8ec0-521f-ac2d-7d8f08423bad,hairbrush,75,low,2,0.68,0.75,0,5,0.26819208,0.26794344,0.26853493,0.28380293
65cee937-8ec0-521f-ac2d-7d8f08423bad,hairbrush,75,low,3,0.13,0.75,0,5,0.24253002,0.24144754,0.24350914,0.23070754
65cee937-8ec0-521f-ac2d-7d8f08423bad,harmonica,75,low,0,0.22,0.75,0,6,0.24958725,0.2510589,0.24893972,0.26227105
65cee937-8ec0-521f-ac2d-7d8f08423bad,harmonica,75,low,1,0.22,0.75,0,6,0.24380572,0.24359277,0.24327964,0.24700053
65cee937-8ec0-521f-ac2d-7d8f08423bad,harmonica,75,low,2,0.51,0.75,0,6,0.25446296,0.25430307,0.25451323,0.24786958
65cee937-8ec0-521f-ac2d-7d8f08423bad,harmonica,75,low,3,0.05,0.75,0,6,0.252144,0.25104526,0.25326744,0.24285886
65cee937-8ec0-521f-ac2d-7d8f08423bad,hat,50,high,0,0.26,0.5,1,7,0.21016869,0.21210125,0.2085693,0.20842317
65cee937-8ec0-521f-ac2d-7d8f08423bad,hat,50,high,1,0.47,0.5,1,7,0.3099017,0.3107893,0.31034133,0.32192898
65cee937-8ec0-521f-ac2d-7d8f08423bad,hat,50,high,2,0.14,0.5,1,7,0.27458462,0.27569523,0.27364838,0.2695378
65cee937-8ec0-521f-ac2d-7d8f08423bad,hat,50,high,3,0.13,0.5,1,7,0.20534493,0.20141417,0.20744096,0.20011
65cee937-8ec0-521f-ac2d-7d8f08423bad,home,0,high,0,0.39,0.0,1,8,0.33961323,0.32902583,0.3383317,0.33417094
65cee937-8ec0-521f-ac2d-7d8f08423bad,home,0,high,1,0.22,0.0,1,8,0.35895833,0.3540359,0.3591956,0.36369288
65cee937-8ec0-521f-ac2d-7d8f08423bad,home,0,high,2,0.38,0.0,1,8,0.24430165,0.25157794,0.24517211,0.23808104
65cee937-8ec0-521f-ac2d-7d8f08423bad,home,0,high,3,0.01,0.0,1,8,0.057126835,0.065360285,0.057300612,0.06405517
65cee937-8ec0-521f-ac2d-7d8f08423bad,locker-room,100,high,0,0.05,1.0,1,9,0.15050025,0.14987682,0.14917806,0.16268723
65cee937-8ec0-521f-ac2d-7d8f08423bad,locker-room,100,high,1,0.05,1.0,1,9,0.25297618,0.25283834,0.25286514,0.23927318
65cee937-8ec0-521f-ac2d-7d8f08423bad,locker-room,100,high,2,0.04,1.0,1,9,0.2734492,0.27345997,0.27367508,0.26507053
65cee937-8ec0-521f-ac2d-7d8f08423bad,locker-room,100,high,3,0.86,1.0,1,9,0.32307434,0.32382485,0.3242817,0.3329691
65cee937-8ec0-521f-ac2d-7d8f08423bad,navigation,50,low,0,0.02,0.5,0,10,0.39932114,0.39388296,0.3987727,0.37459037
65cee937-8ec0-521f-ac2d-7d8f08423bad,navigation,50,low,1,0.39,0.5,0,10,0.25762692,0.2575357,0.25748366,0.2645984
65cee937-8ec0-521f-ac2d-7d8f08423bad,navigation,50,low,2,0.44,0.5,0,10,0.18527122,0.18761687,0.1855324,0.19449222
65cee937-8ec0-521f-ac2d-7d8f08423bad,navigation,50,low,3,0.15,0.5,0,10,0.15778063,0.16096444,0.15821123,0.16631898
65cee937-8ec0-521f-ac2d-7d8f08423bad,payment,0,low,0,0.59,0.0,0,11,0.48975557,0.46472403,0.48853117,0.50007635
65cee937-8ec0-521f-ac2d-7d8f08423bad,payment,0,low,1,0.34,0.0,0,11,0.22607416,0.23148936,0.22636406,0.22459666
65cee937-8ec0-521f-ac2d-7d8f08423bad,payment,0,low,2,0.05,0.0,0,11,0.17283396,0.18099801,0.17314337,0.16369732
65cee937-8ec0-521f-ac2d-7d8f08423bad,payment,0,low,3,0.02,0.0,0,11,0.11133633,0.12278859,0.1119613,0.11162967
65cee937-8ec0-521f-ac2d-7d8f08423bad,sauna,100,high,0,0.05,1.0,1,12,0.16031633,0.16017775,0.15916705,0.15151547
65cee937-8ec0-521f-ac2d-7d8f08423bad,sauna,100,high,1,0.16,1.0,1,12,0.23959,0.23927855,0.2392749,0.22107121
65cee937-8ec0-521f-ac2d-7d8f08423bad,sauna,100,high,2,0.35,1.0,1,12,0.28172275,0.28171974,0.2820979,0.28105342
65cee937-8ec0-521f-ac2d-7d8f08423bad,sauna,100,high,3,0.44,1.0,1,12,0.31837088,0.3188239,0.3194601,0.34635994
65cee937-8ec0-521f-ac2d-7d8f08423bad,sleeping-bag,100,low,0,0.02,1.0,0,13,0.3154583,0.31614473,0.31655836,0.31528595
65cee937-8ec0-521f-ac2d-7d8f08423bad,sleeping-bag,100,low,1,0.11,1.0,0,13,0.27067557,0.2707658,0.2709091,0.26031712
65cee937-8ec0-521f-ac2d-7d8f08423bad,sleeping-bag,100,low,2,0.25,1.0,0,13,0.24882434,0.2487317,0.2486951,0.23969772
65cee937-8ec0-521f-ac2d-7d8f08423bad,sleeping-bag,100,low,3,0.62,1.0,0,13,0.16504176,0.16435772,0.16383746,0.18469924
65cee937-8ec0-521f-ac2d-7d8f08423bad,sunscreen,75,high,0,0.06,0.75,1,14,0.17330302,0.17400533,0.17187437,0.15985796
65cee937-8ec0-521f-ac2d-7d8f08423bad,sunscreen,75,high,1,0.29,0.75,1,14,0.3209572,0.3223869,0.3214956,0.3358973
65cee937-8ec0-521f-ac2d-7d8f08423bad,sunscreen,75,high,2,0.43,0.75,1,14,0.2669565,0.26675647,0.26719815,0.25647986
65cee937-8ec0-521f-ac2d-7d8f08423bad,sunscreen,75,high,3,0.22,0.75,1,14,0.2387833,0.23685123,0.23943192,0.24776483
65cee937-8ec0-521f-ac2d-7d8f08423bad,towel,50,high,0,0.11,0.5,1,15,0.23842967,0.24183968,0.23625802,0.24964081
65cee937-8ec0-521f-ac2d-7d8f08423bad,towel,50,high,1,0.38,0.5,1,15,0.3324036,0.33476394,0.33258584,0.32466635
65cee937-8ec0-521f-ac2d-7d8f08423bad,towel,50,high,2,0.18,0.5,1,15,0.2287687,0.22685301,0.22947574,0.21535802
65cee937-8ec0-521f-ac2d-7d8f08423bad,towel,50,high,3,0.33,0.5,1,15,0.20039803,0.19654335,0.20168036,0.21033478
66a3a06d-558b-5a29-8ca4-509d5a6a72f6,bed,75,low,0,0.12,0.75,0,0,0.27984005,0.28153902,0.27940315,0.27987835
66a3a06d-558b-5a29-8ca4-509d5a6a72f6,bed,75,low,1,0.12,0.75,0,0,0.23303396,0.23282723,0.2325991,0.23020868
66a3a06d-558b-5a29-8ca4-509d5a6a72f6,bed,75,low,2,0.24,0.75,0,0,0.24853635,0.24814817,0.2487883,0.2476926
66a3a06d-558b-5a29-8ca4-509d5a6a72f6,bed,75,low,3,0.52,0.75,0,0,0.23858964,0.23748554,0.23920941,0.24222033
66a3a06d-558b-5a29-8ca4-509d5a6a72f6,blanket,50,high,0,0.15,0.5,1,1,0.22831427,0.23165806,0.22614646,0.23503356
66a3a06d-558b-5a29-8ca4-509d5a6a72f6,blanket,50,high,1,0.15,0.5,1,1,0.30348614,0.3062172,0.3028105,0.28210407
66a3a06d-558b-5a29-8ca4-509d5a6a72f6,blanket,50,high,2,0.55,0.5,1,1,0.252288,0.2503292,0.25337386,0.25141132
66a3a06d-558b-5a29-8ca4-509d5a6a72f6,blanket,50,high,3,0.15,0.5,1,1,0.21591158,0.21179551,0.2176692,0.23145105
66a3a06d-558b-5a29-8ca4-509d5a6a72f6,breakup,100,low,0,0.66,1.0,0,2,0.35421643,0.3549185,0.35585076,0.37633032
66a3a06d-558b-5a29-8ca4-509d5a6a72f6,breakup,100,low,1,0.18,1.0,0,2,0.30625933,0.30656737,0.30695263,0.2844645
66a3a06d-558b-5a29-8ca4-509d5a6a72f6,breakup,100,low,2,0.08,1.0,0,2,0.20695016,0.20672858,0.2061352,0.22022106
66a3a06d-558b-5a29-8ca4-509d5a6a72f6,breakup,100,low,3,0.08,1.0,0,2,0.13257405,0.13178551,0.13106133,0.11898407
66a3a06d-558b-5a29-8ca4-509d5a6a72f6,chapstick,0,low,0,0.12,0.0,0,3,0.49550954,0.5077381,0.4936379,0.51962084
66a3a06d-558b-5a29-8ca4-509d5a6a72f6,chapstick,0,low,1,0.21,0.0,0,3,0.2868692,0.28463575,0.28731984,0.27050346
66a3a06d-558b-5a29-8ca4-509d5a6a72f6,chapstick,0,low,2,0.46,0.0,0,3,0.12949154,0.12443589,0.13016932,0.12131277
66a3a06d-558b-5a29-8ca4-509d5a6a72f6,chapstick,0,low,3,0.21,0.0,0,3,0.08812964,0.08319024,0.08887288,0.08856293
66a3a06d-558b-5a29-8ca4-509d5a6a72f6,gossip,100,high,0,0.14,1.0,1,4,0.17090626,0.17079769,0.1698729,0.17401575
66a3a06d-558b-5a29-8ca4-509d5a6a72f6,gossip,100,high,1,0.2,1.0,1,4,0.24980323,0.24987932,0.24973918,0.23208714
66a3a06d-558b-5a29-8ca4-509d5a6a72f6,gossip,100,high,2,0.41,1.0,1,4,0.28762668,0.2877268,0.28815743,0.2845871
66a3a06d-558b-5a29-8ca4-509d5a6a72f6,gossip,100,high,3,0.25,1.0,1,4,0.2916639,0.29159617,0.29223052,0.30931002
66a3a06d-558b-5a29-8ca4-509d5a6a72f6,hairbrush,50,low,0,0.73,0.5,0,5,0.2966327,0.3001232,0.29572147,0.2927377
66a3a06d-558b-5a29-8ca4-509d5a6a72f6,hairbrush,50,low,1,0.09,0.5,0,5,0.2561406,0.25705704,0.25492686,0.2550587
66a3a06d-558b-5a29-8ca4-509d5a6a72f6,hairbrush,50,low,2,0.09,0.5,0,5,0.2598499,0.25891474,0.26043767,0.27446502
66a3a06d-558b-5a29-8ca4-509d5a6a72f6,hairbrush,50,low,3,0.09,0.5,0,5,0.18737677,0.18390504,0.188914,0.17773856
66a3a06d-558b-5a29-8ca4-509d5a6a72f6,harmonica,50,low,0,0.16,0.5,0,6,0.2924552,0.29624966,0.29120752,0.3061243
66a3a06d-558b-5a29-8ca4-509d5a6a72f6,harmonica,50,low,1,0.33,0.5,0,6,0.25981617,0.26015323,0.25916398,0.26209155
66a3a06d-558b-5a29-8ca4-509d5a6a72f6,harmonica,50,low,2,0.35,0.5,0,6,0.25100735,0.2504054,0.25123906,0.24337344
66a3a06d-558b-5a29-8ca4-509d5a6a72f6,harmonica,50,low,3,0.16,0.5,0,6,0.19672136,0.19319168,0.19838944,0.18841076
66a3a06d-558b-5a29-8ca4-509d5a6a72f6,hat,0,high,0,0.15,0.0,1,7,0.28588414,0.28935596,0.28456867,0.28313354
66a3a06d-558b-5a29-8ca4-509d5a6a72f6,hat,0,high,1,0.15,0.0,1,7,0.3121848,0.31097433,0.31326428,0.3235908
66a3a06d-558b-5a29-8ca4-509d5a6a72f6,hat,0,high,2,0.4,0.0,1,7,0.34413218,0.34562168,0.3439054,0.33727935
66a3a06d-558b-5a29-8ca4-509d5a6a72f6,hat,0,high,3,0.3,0.0,1,7,0.057798848,0.05404806,0.058261625,0.05599641
66a3a06d-558b-5a29-8ca4-509d5a6a72f6,home,100,high,0,0.47,1.0,1,8,0.19986369,0.20012762,0.19921672,0.19216728
66a3a06d-558b-5a29-8ca4-509d5a6a72f6,home,100,high,1,0.09,1.0,1,8,0.2724019,0.27167457,0.27256495,0.2699182
66a3a06d-558b-5a29-8ca4-509d5a6a72f6,home,100,high,2,0.35,1.0,1,8,0.29727083,0.29723892,0.29797876,0.28377154
66a3a06d-558b-5a29-8ca4-509d5a6a72f6,home,100,high,3,0.09,1.0,1,8,0.23046358,0.23095892,0.23023953,0.254143
66a3a06d-558b-5a29-8ca4-509d5a6a72f6,locker-room,75,high,0,0.64,0.75,1,9,0.15883166,0.15885891,0.15716146,0.17189789
66a3a06d-558b-5a29-8ca4-509d5a6a72f6,locker-room,75,high,1,0.12,0.75,1,9,0.26400864,0.26476857,0.26353943,0.2499882
66a3a06d-558b-5a29-8ca4-509d5a6a72f6,locker-room,75,high,2,0.12,0.75,1,9,0.27905673,0.27951813,0.27914068,0.27077198
66a3a06d-558b-5a29-8ca4-509d5a6a72f6,locker-room,75,high,3,0.12,0.75,1,9,0.29810295,0.29685438,0.30015844,0.3073419
66a3a06d-558b-5a29-8ca4-509d5a6a72f6,navigation,0,low,0,0.16,0.0,0,10,0.65448916,0.62942755,0.65481627,0.63227016
66a3a06d-558b-5a29-8ca4-509d5a6a72f6,navigation,0,low,1,0.33,0.0,0,10,0.21336833,0.22135662,0.21316816,0.22523692
66a3a06d-558b-5a29-8ca4-509d5a6a72f6,navigation,0,low,2,0.31,0.0,0,10,0.08188806,0.09114846,0.08180217,0.08819509
66a3a06d-558b-5a29-8ca4-509d5a6a72f6,navigation,0,low,3,0.2,0.0,0,10,0.050254434,0.05806737,0.050213445,0.05429789
66a3a06d-558b-5a29-8ca4-509d5a6a72f6,payment,100,low,0,0.38,1.0,0,11,0.21870612,0.21885052,0.21828564,0.22465944
66a3a06d-558b-5a29-8ca4-509d5a6a72f6,payment,100,low,1,0.34,1.0,0,11,0.25030994,0.24999346,0.2502386,0.2509333
66a3a06d-558b-5a29-8ca4-509d5a6a72f6,payment,100,low,2,0.14,1.0,0,11,0.24675904,0.24660172,0.24666561,0.23603873
66a3a06d-558b-5a29-8ca4-509d5a6a72f6,payment,100,low,3,0.14,1.0,0,11,0.28422487,0.2845543,0.2848102,0.28836852
66a3a06d-558b-5a29-8ca4-509d5a6a72f6,sauna,75,high,0,0.14,0.75,1,12,0.16841213,0.1689251,0.16693868,0.159786
66a3a06d-558b-5a29-8ca4-509d5a6a72f6,sauna,75,high,1,0.14,0.75,1,12,0.25168902,0.25234562,0.25095797,0.23313847
66a3a06d-558b-5a29-8ca4-509d5a6a72f6,sauna,75,high,2,0.37,0.75,1,12,0.2861762,0.28651562,0.28645107,0.28654695
66a3a06d-558b-5a29-8ca4-509d5a6a72f6,sauna,75,high,3,0.35,0.75,1,12,0.29372266,0.29221365,0.29565227,0.3205286
66a3a06d-558b-5a29-8ca4-509d5a6a72f6,sleeping-bag,75,low,0,0.1,0.75,0,13,0.33379236,0.33597782,0.33423024,0.33415103
66a3a06d-558b-5a29-8ca4-509d5a6a72f6,sleeping-bag,75,low,1,0.51,0.75,0,13,0.27386603,0.27415982,0.27395415,0.26373908
66a3a06d-558b-5a29-8ca4-509d5a6a72f6,sleeping-bag,75,low,2,0.29,0.75,0,13,0.23965806,0.23879492,0.23983365,0.23110674
66a3a06d-558b-5a29-8ca4-509d5a6a72f6,sleeping-bag,75,low,3,0.1,0.75,0,13,0.15268354,0.15106744,0.15198201,0.17100312
66a3a06d-558b-5a29-8ca4-509d5a6a72f6,sunscreen,50,high,0,0.13,0.5,1,14,0.19918355,0.20115598,0.19724602,0.18421195
66a3a06d-558b-5a29-8ca4-509d5a6a72f6,sunscreen,50,high,1,0.24,0.5,1,14,0.35659474,0.35964763,0.35682726,0.37411672
66a3a06d-558b-5a29-8ca4-509d5a6a72f6,sunscreen,50,high,2,0.28,0.5,1,14,0.25899434,0.25806725,0.2594538,0.24929982
66a3a06d-558b-5a29-8ca4-509d5a6a72f6,sunscreen,50,high,3,0.35,0.5,1,14,0.18522732,0.18112917,0.18647286,0.19237152
66a3a06d-558b-5a29-8ca4-509d5a6a72f6,towel,0,high,0,0.19,0.0,1,15,0.41775116,0.4266119,0.4156673,0.43505102
66a3a06d-558b-5a29-8ca4-509d5a6a72f6,towel,0,high,1,0.21,0.0,1,15,0.38668582,0.3869517,0.38798076,0.37521976
66a3a06d-558b-5a29-8ca4-509d5a6a72f6,towel,0,high,2,0.41,0.0,1,15,0.1273305,0.1225196,0.12776977,0.11883169
66a3a06d-558b-5a29-8ca4-509d5a6a72f6,towel,0,high,3,0.19,0.0,1,15,0.06823251,0.063916735,0.06858222,0.0708975
8f3ed398-3a66-5497-9967-5e3d1a46068d,bed,75,high,0,0.13,0.75,1,0,0.19546765,0.19652571,0.19396739,0.21123792
8f3ed398-3a66-5497-9967-5e3d1a46068d,bed,75,high,1,0.21,0.75,1,0,0.24559543,0.2455964,0.24519882,0.22705637
8f3ed398-3a66-5497-9967-5e3d1a46068d,bed,75,high,2,0.62,0.75,1,0,0.277786,0.27766085,0.2783918,0.2726694
8f3ed398-3a66-5497-9967-5e3d1a46068d,bed,75,high,3,0.04,0.75,1,0,0.28115094,0.28021702,0.282442,0.2890363
8f3ed398-3a66-5497-9967-5e3d1a46068d,blanket,75,low,0,0.48,0.75,0,1,0.28380778,0.2855855,0.28357956,0.2922485
8f3ed398-3a66-5497-9967-5e3d1a46068d,blanket,75,low,1,0.33,0.75,0,1,0.2522979,0.25295976,0.25185767,0.2574405
8f3ed398-3a66-5497-9967-5e3d1a46068d,blanket,75,low,2,0.13,0.75,0,1,0.23673438,0.23596065,0.23689073,0.23303674
8f3ed398-3a66-5497-9967-5e3d1a46068d,blanket,75,low,3,0.06,0.75,0,1,0.22715989,0.22549403,0.22767207,0.21727428
8f3ed398-3a66-5497-9967-5e3d1a46068d,breakup,100,low,0,0.12,1.0,0,2,0.35421643,0.3549185,0.35585076,0.37633032
8f3ed398-3a66-5497-9967-5e3d1a46068d,breakup,100,low,1,0.3,1.0,0,2,0.30625933,0.30656737,0.30695263,0.2844645
8f3ed398-3a66-5497-9967-5e3d1a46068d,breakup,100,low,2,0.29,1.0,0,2,0.20695016,0.20672858,0.2061352,0.22022106
8f3ed398-3a66-5497-9967-5e3d1a46068d,breakup,100,low,3,0.29,1.0,0,2,0.13257405,0.13178551,0.13106133,0.11898407
8f3ed398-3a66-5497-9967-5e3d1a46068d,chapstick,0,high,0,0.88,0.0,1,3,0.4633781,0.47547835,0.46101487,0.47937527
8f3ed398-3a66-5497-9967-5e3d1a46068d,chapstick,0,high,1,0.04,0.0,1,3,0.30172145,0.29992396,0.30234608,0.28597742
8f3ed398-3a66-5497-9967-5e3d1a46068d,chapstick,0,high,2,0.04,0.0,1,3,0.14275105,0.1374547,0.1436747,0.14235577
8f3ed398-3a66-5497-9967-5e3d1a46068d,chapstick,0,high,3,0.04,0.0,1,3,0.09214939,0.08714301,0.092964344,0.09229153
8f3ed398-3a66-5497-9967-5e3d1a46068d,gossip,100,high,0,0.15,1.0,1,4,0.17090626,0.17079769,0.1698729,0.17401575
8f3ed398-3a66-5497-9967-5e3d1a46068d,gossip,100,high,1,0.26,1.0,1,4,0.24980323,0.24987932,0.24973918,0.23208714
8f3ed398-3a66-5497-9967-5e3d1a46068d,gossip,100,high,2,0.25,1.0,1,4,0.28762668,0.2877268,0.28815743,0.2845871
8f3ed398-3a66-5497-9967-5e3d1a46068d,gossip,100,high,3,0.34,1.0,1,4,0.2916639,0.29159617,0.29223052,0.30931002
8f3ed398-3a66-5497-9967-5e3d1a46068d,hairbrush,50,low,0,0.24,0.5,0,5,0.2966327,0.3001232,0.29572147,0.2927377
8f3ed398-3a66-5497-9967-5e3d1a46068d,hairbrush,50,low,1,0.21,0.5,0,5,0.2561406,0.25705704,0.25492686,0.2550587
8f3ed398-3a66-5497-9967-5e3d1a46068d,hairbrush,50,low,2,0.21,0.5,0,5,0.2598499,0.25891474,0.26043767,0.27446502
8f3ed398-3a66-5497-9967-5e3d1a46068d,hairbrush,50,low,3,0.34,0.5,0,5,0.18737677,0.18390504,0.188914,0.17773856
8f3ed398-3a66-5497-9967-5e3d1a46068d,harmonica,50,high,0,0.1,0.5,1,6,0.21066564,0.21353059,0.20848162,0.19663203
8f3ed398-3a66-5497-9967-5e3d1a46068d,harmonica,50,high,1,0.3,0.5,1,6,0.2662669,0.26713055,0.26542184,0.25720182
8f3ed398-3a66-5497-9967-5e3d1a46068d,harmonica,50,high,2,0.55,0.5,1,6,0.2825976,0.28256774,0.28308377,0.28877652
8f3ed398-3a66-5497-9967-5e3d1a46068d,harmonica,50,high,3,0.05,0.5,1,6,0.24046993,0.23677114,0.24301271,0.25738966
8f3ed398-3a66-5497-9967-5e3d1a46068d,hat,50,low,0,0.14,0.5,0,7,0.27053034,0.27300566,0.2696854,0.27618253
8f3ed398-3a66-5497-9967-5e3d1a46068d,hat,50,low,1,0.2,0.5,0,7,0.28038535,0.2808034,0.28051093,0.2792195
8f3ed398-3a66-5497-9967-5e3d1a46068d,hat,50,low,2,0.58,0.5,0,7,0.26973343,0.27053726,0.26889685,0.27716178
8f3ed398-3a66-5497-9967-5e3d1a46068d,hat,50,low,3,0.08,0.5,0,7,0.17935094,0.17565367,0.18090685,0.16743618
8f3ed398-3a66-5497-9967-5e3d1a46068d,home,0,low,0,0.68,0.0,0,8,0.6044116,0.5925936,0.6070314,0.5947951
8f3ed398-3a66-5497-9967-5e3d1a46068d,home,0,low,1,0.13,0.0,0,8,0.19724393,0.1960051,0.19537853,0.2014738
8f3ed398-3a66-5497-9967-5e3d1a46068d,home,0,low,2,0.11,0.0,0,8,0.15098187,0.15671958,0.15026198,0.15970884
8f3ed398-3a66-5497-9967-5e3d1a46068d,home,0,low,3,0.08,0.0,0,8,0.047362626,0.054681633,0.047327984,0.044022292
8f3ed398-3a66-5497-9967-5e3d1a46068d,locker-room,75,high,0,0.28,0.75,1,9,0.15883166,0.15885891,0.15716146,0.17189789
8f3ed398-3a66-5497-9967-5e3d1a46068d,locker-room,75,high,1,0.3,0.75,1,9,0.26400864,0.26476857,0.26353943,0.2499882
8f3ed398-3a66-5497-9967-5e3d1a46068d,locker-room,75,high,2,0.39,0.75,1,9,0.27905673,0.27951813,0.27914068,0.27077198
8f3ed398-3a66-5497-9967-5e3d1a46068d,locker-room,75,high,3,0.03,0.75,1,9,0.29810295,0.29685438,0.30015844,0.3073419
8f3ed398-3a66-5497-9967-5e3d1a46068d,navigation,0,low,0,0.73,0.0,0,10,0.65448916,0.62942755,0.65481627,0.63227016
8f3ed398-3a66-5497-9967-5e3d1a46068d,navigation,0,low,1,0.04,0.0,0,10,0.21336833,0.22135662,0.21316816,0.22523692
8f3ed398-3a66-5497-9967-5e3d1a46068d,navigation,0,low,2,0.06,0.0,0,10,0.08188806,0.09114846,0.08180217,0.08819509
8f3ed398-3a66-5497-9967-5e3d1a46068d,navigation,0,low,3,0.17,0.0,0,10,0.050254434,0.05806737,0.050213445,0.05429789
8f3ed398-3a66-5497-9967-5e3d1a46068d,payment,100,high,0,0.0,1.0,1,11,0.15761784,0.1575305,0.1564645,0.14539629
8f3ed398-3a66-5497-9967-5e3d1a46068d,payment,100,high,1,0.24,1.0,1,11,0.2721815,0.27192754,0.27236912,0.28523022
8f3ed398-3a66-5497-9967-5e3d1a46068d,payment,100,high,2,0.25,1.0,1,11,0.26832032,0.2682382,0.26848015,0.2604881
8f3ed398-3a66-5497-9967-5e3d1a46068d,payment,100,high,3,0.51,1.0,1,11,0.30188033,0.30230376,0.3026862,0.3088854
8f3ed398-3a66-5497-9967-5e3d1a46068d,sauna,100,low,0,0.14,1.0,0,12,0.38332516,0.3841652,0.3856593,0.39744395
8f3ed398-3a66-5497-9967-5e3d1a46068d,sauna,100,low,1,0.17,1.0,0,12,0.22772105,0.227331,0.22717704,0.22550084
8f3ed398-3a66-5497-9967-5e3d1a46068d,sauna,100,low,2,0.51,1.0,0,12,0.20314918,0.20285234,0.20233048,0.21029657
8f3ed398-3a66-5497-9967-5e3d1a46068d,sauna,100,low,3,0.18,1.0,0,12,0.18580464,0.18565147,0.18483321,0.16675863
8f3ed398-3a66-5497-9967-5e3d1a46068d,sleeping-bag,75,low,0,0.2,0.75,0,13,0.33379236,0.33597782,0.33423024,0.33415103
8f3ed398-3a66-5497-9967-5e3d1a46068d,sleeping-bag,75,low,1,0.36,0.75,0,13,0.27386603,0.27415982,0.27395415,0.26373908
8f3ed398-3a66-5497-9967-5e3d1a46068d,sleeping-bag,75,low,2,0.35,0.75,0,13,0.23965806,0.23879492,0.23983365,0.23110674
8f3ed398-3a66-5497-9967-5e3d1a46068d,sleeping-bag,75,low,3,0.09,0.75,0,13,0.15268354,0.15106744,0.15198201,0.17100312
8f3ed398-3a66-5497-9967-5e3d1a46068d,sunscreen,50,high,0,0.03,0.5,1,14,0.19918355,0.20115598,0.19724602,0.18421195
8f3ed398-3a66-5497-9967-5e3d1a46068d,sunscreen,50,high,1,0.53,0.5,1,14,0.35659474,0.35964763,0.35682726,0.37411672
8f3ed398-3a66-5497-9967-5e3d1a46068d,sunscreen,50,high,2,0.22,0.5,1,14,0.25899434,0.25806725,0.2594538,0.24929982
8f3ed398-3a66-5497-9967-5e3d1a46068d,sunscreen,50,high,3,0.22,0.5,1,14,0.18522732,0.18112917,0.18647286,0.19237152
8f3ed398-3a66-5497-9967-5e3d1a46068d,towel,0,high,0,0.94,0.0,1,15,0.41775116,0.4266119,0.4156673,0.43505102
8f3ed398-3a66-5497-9967-5e3d1a46068d,towel,0,high,1,0.0,0.0,1,15,0.38668582,0.3869517,0.38798076,0.37521976
8f3ed398-3a66-5497-9967-5e3d1a46068d,towel,0,high,2,0.06,0.0,1,15,0.1273305,0.1225196,0.12776977,0.11883169
8f3ed398-3a66-5497-9967-5e3d1a46068d,towel,0,high,3,0.0,0.0,1,15,0.06823251,0.063916735,0.06858222,0.0708975
ad0329d1-8f33-559a-9f00-9c08bf0f8aab,bed,0,high,0,0.5,0.0,1,0,0.4721396,0.48566782,0.46998215,0.5019885
ad0329d1-8f33-559a-9f00-9c08bf0f8aab,bed,0,high,1,0.25,0.0,1,0,0.2530328,0.25025737,0.25344235,0.22953397
ad0329d1-8f33-559a-9f00-9c08bf0f8aab,bed,0,high,2,0.25,0.0,1,0,0.17881562,0.17349811,0.1797967,0.17196597
ad0329d1-8f33-559a-9f00-9c08bf0f8aab,bed,0,high,3,0.0,0.0,1,0,0.09601202,0.09057679,0.096778885,0.09651158
ad0329d1-8f33-559a-9f00-9c08bf0f8aab,blanket,0,low,0,1.0,0.0,0,1,0.51303536,0.52195865,0.51300216,0.51961577
ad0329d1-8f33-559a-9f00-9c08bf0f8aab,blanket,0,low,1,0.0,0.0,0,1,0.3243553,0.3243765,0.324043,0.3251798
ad0329d1-8f33-559a-9f00-9c08bf0f8aab,blanket,0,low,2,0.0,0.0,0,1,0.109476745,0.10450364,0.10964915,0.10554089
ad0329d1-8f33-559a-9f00-9c08bf0f8aab,blanket,0,low,3,0.0,0.0,0,1,0.05313259,0.049161255,0.053305693,0.04966355
ad0329d1-8f33-559a-9f00-9c08bf0f8aab,breakup,50,high,0,0.05,0.5,1,2,0.24017376,0.23678558,0.23829877,0.23968078
ad0329d1-8f33-559a-9f00-9c08bf0f8aab,breakup,50,high,1,0.19,0.5,1,2,0.2546736,0.25278726,0.25374454,0.27119702
ad0329d1-8f33-559a-9f00-9c08bf0f8aab,breakup,50,high,2,0.45,0.5,1,2,0.29373485,0.29552191,0.29519668,0.27536973
ad0329d1-8f33-559a-9f00-9c08bf0f8aab,breakup,50,high,3,0.31,0.5,1,2,0.21141773,0.21490523,0.21276,0.21375242
ad0329d1-8f33-559a-9f00-9c08bf0f8aab,chapstick,75,high,0,0.03,0.75,1,3,0.18509404,0.1861125,0.18346632,0.19214763
ad0329d1-8f33-559a-9f00-9c08bf0f8aab,chapstick,75,high,1,0.33,0.75,1,3,0.25509238,0.25526273,0.25464702,0.24319504
ad0329d1-8f33-559a-9f00-9c08bf0f8aab,chapstick,75,high,2,0.32,0.75,1,3,0.27533934,0.27491626,0.2760366,0.27690312
ad0329d1-8f33-559a-9f00-9c08bf0f8aab,chapstick,75,high,3,0.32,0.75,1,3,0.28447425,0.28370845,0.28585008,0.28775427
ad0329d1-8f33-559a-9f00-9c08bf0f8aab,gossip,75,low,0,0.3,0.75,0,4,0.3515246,0.35123214,0.35233757,0.35465187
ad0329d1-8f33-559a-9f00-9c08bf0f8aab,gossip,75,low,1,0.5,0.75,0,4,0.29409078,0.29398543,0.2943723,0.27470484
ad0329d1-8f33-559a-9f00-9c08bf0f8aab,gossip,75,low,2,0.1,0.75,0,4,0.20318212,0.20336545,0.20278093,0.22166488
ad0329d1-8f33-559a-9f00-9c08bf0f8aab,gossip,75,low,3,0.1,0.75,0,4,0.15120256,0.151417,0.15050921,0.14897843
ad0329d1-8f33-559a-9f00-9c08bf0f8aab,hairbrush,100,high,0,0.0,1.0,1,5,0.19827689,0.19851214,0.19761062,0.21481992
ad0329d1-8f33-559a-9f00-9c08bf0f8aab,hairbrush,100,high,1,0.1,1.0,1,5,0.23971142,0.23893169,0.23937874,0.24560969
ad0329d1-8f33-559a-9f00-9c08bf0f8aab,hairbrush,100,high,2,0.12,1.0,1,5,0.27109563,0.27099988,0.27136266,0.26797774
ad0329d1-8f33-559a-9f00-9c08bf0f8aab,hairbrush,100,high,3,0.78,1.0,1,5,0.29091603,0.2915563,0.29164797,0.27159265
ad0329d1-8f33-559a-9f00-9c08bf0f8aab,harmonica,100,high,0,0.45,1.0,1,6,0.16443178,0.16446169,0.1633493,0.15179132
ad0329d1-8f33-559a-9f00-9c08bf0f8aab,harmonica,100,high,1,0.49,1.0,1,6,0.23579553,0.23512636,0.23536503,0.22540085
ad0329d1-8f33-559a-9f00-9c08bf0f8aab,harmonica,100,high,2,0.03,1.0,1,6,0.27735195,0.27727267,0.27764693,0.28060886
ad0329d1-8f33-559a-9f00-9c08bf0f8aab,harmonica,100,high,3,0.03,1.0,1,6,0.32242072,0.32313925,0.3236388,0.34219897
ad0329d1-8f33-559a-9f00-9c08bf0f8aab,hat,100,low,0,0.49,1.0,0,7,0.23340765,0.23378782,0.23323601,0.23976628
ad0329d1-8f33-559a-9f00-9c08bf0f8aab,hat,100,low,1,0.17,1.0,0,7,0.26713592,0.26705638,0.26737744,0.2678069
ad0329d1-8f33-559a-9f00-9c08bf0f8aab,hat,100,low,2,0.17,1.0,0,7,0.23910154,0.23839664,0.23880476,0.2472464
ad0329d1-8f33-559a-9f00-9c08bf0f8aab,hat,100,low,3,0.17,1.0,0,7,0.26035488,0.26075915,0.26058176,0.24518046
ad0329d1-8f33-559a-9f00-9c08bf0f8aab,home,75,low,0,0.23,0.75,0,8,0.41924778,0.41971475,0.42149836,0.41399035
ad0329d1-8f33-559a-9f00-9c08bf0f8aab,home,75,low,1,0.37,0.75,0,8,0.17368108,0.17255966,0.17221034,0.17814754
ad0329d1-8f33-559a-9f00-9c08bf0f8aab,home,75,low,2,0.35,0.75,0,8,0.20705895,0.20665598,0.20626584,0.22025138
ad0329d1-8f33-559a-9f00-9c08bf0f8aab,home,75,low,3,0.05,0.75,0,8,0.20001216,0.20106961,0.20002551,0.18761073
ad0329d1-8f33-559a-9f00-9c08bf0f8aab,locker-room,50,low,0,0.44,0.5,0,9,0.2742865,0.2760811,0.27317858,0.2687269
ad0329d1-8f33-559a-9f00-9c08bf0f8aab,locker-room,50,low,1,0.45,0.5,0,9,0.29209894,0.29380292,0.2917556,0.28904647
ad0329d1-8f33-559a-9f00-9c08bf0f8aab,locker-room,50,low,2,0.07,0.5,0,9,0.27204823,0.27222523,0.27230296,0.26957336
ad0329d1-8f33-559a-9f00-9c08bf0f8aab,locker-room,50,low,3,0.04,0.5,0,9,0.16156632,0.15789075,0.16276294,0.1726533
ad0329d1-8f33-559a-9f00-9c08bf0f8aab,navigation,75,high,0,0.09,0.75,1,10,0.17576978,0.175029,0.17408656,0.16252442
ad0329d1-8f33-559a-9f00-9c08bf0f8aab,navigation,75,high,1,0.42,0.75,1,10,0.28837875,0.28818113,0.2885823,0.28103057
ad0329d1-8f33-559a-9f00-9c08bf0f8aab,navigation,75,high,2,0.31,0.75,1,10,0.26878428,0.26904315,0.26935002,0.27597857
ad0329d1-8f33-559a-9f00-9c08bf0f8aab,navigation,75,high,3,0.18,0.75,1,10,0.2670672,0.26774678,0.2679812,0.2804665
ad0329d1-8f33-559a-9f00-9c08bf0f8aab,payment,50,high,0,0.19,0.5,1,11,0.20423414,0.20064574,0.2018501,0.18939465
ad0329d1-8f33-559a-9f00-9c08bf0f8aab,payment,50,high,1,0.5,0.5,1,11,0.28149933,0.28079975,0.2816946,0.29623544
ad0329d1-8f33-559a-9f00-9c08bf0f8aab,payment,50,high,2,0.21,0.5,1,11,0.26053083,0.26118612,0.26100862,0.25391302
ad0329d1-8f33-559a-9f00-9c08bf0f8aab,payment,50,high,3,0.1,0.5,1,11,0.25373575,0.2573684,0.2554466,0.26045686
ad0329d1-8f33-559a-9f00-9c08bf0f8aab,sauna,50,low,0,0.44,0.5,0,12,0.42656708,0.42981538,0.42816815,0.43910903
ad0329d1-8f33-559a-9f00-9c08bf0f8aab,sauna,50,low,1,0.02,0.5,0,12,0.25340968,0.25434464,0.25221738,0.24914066
ad0329d1-8f33-559a-9f00-9c08bf0f8aab,sauna,50,low,2,0.47,0.5,0,12,0.19746612,0.1966071,0.19673263,0.20281729
ad0329d1-8f33-559a-9f00-9c08bf0f8aab,sauna,50,low,3,0.07,0.5,0,12,0.12255718,0.11923282,0.12288189,0.108933054
ad0329d1-8f33-559a-9f00-9c08bf0f8aab,sleeping-bag,0,high,0,0.57,0.0,1,13,0.44361103,0.45550868,0.44136706,0.45912683
ad0329d1-8f33-559a-9f00-9c08bf0f8aab,sleeping-bag,0,high,1,0.4,0.0,1,13,0.32743365,0.3261491,0.32841024,0.3089365
ad0329d1-8f33-559a-9f00-9c08bf0f8aab,sleeping-bag,0,high,2,0.01,0.0,1,13,0.1558797,0.15008245,0.15676706,0.15592754
ad0329d1-8f33-559a-9f00-9c08bf0f8aab,sleeping-bag,0,high,3,0.02,0.0,1,13,0.073075704,0.068259664,0.07345562,0.07600913
ad0329d1-8f33-559a-9f00-9c08bf0f8aab,sunscreen,0,low,0,0.74,0.0,0,14,0.3492605,0.35412237,0.34792197,0.36790514
ad0329d1-8f33-559a-9f00-9c08bf0f8aab,sunscreen,0,low,1,0.24,0.0,0,14,0.40901327,0.4118952,0.4096928,0.39141935
ad0329d1-8f33-559a-9f00-9c08bf0f8aab,sunscreen,0,low,2,0.02,0.0,0,14,0.18902999,0.18486041,0.1894912,0.18729143
ad0329d1-8f33-559a-9f00-9c08bf0f8aab,sunscreen,0,low,3,0.0,0.0,0,14,0.052696187,0.049122065,0.052894082,0.053384125
ad0329d1-8f33-559a-9f00-9c08bf0f8aab,towel,100,low,0,0.04,1.0,0,15,0.2622242,0.26272386,0.26249832,0.26848787
ad0329d1-8f33-559a-9f00-9c08bf0f8aab,towel,100,low,1,0.0,1.0,0,15,0.26464835,0.26486525,0.264907,0.26290566
ad0329d1-8f33-559a-9f00-9c08bf0f8aab,towel,100,low,2,0.45,1.0,0,15,0.23983753,0.23970027,0.23965862,0.2375215
ad0329d1-8f33-559a-9f00-9c08bf0f8aab,towel,100,low,3,0.51,1.0,0,15,0.2332899,0.23271061,0.23293608,0.23108491
be4e7694-2ba4-5f8e-8520-ccad5ed396c7,bed,100,high,0,0.03,1.0,1,0,0.18134144,0.18123206,0.18041413,0.19596156
be4e7694-2ba4-5f8e-8520-ccad5ed396c7,bed,100,high,1,0.09,1.0,1,0,0.2409623,0.24060573,0.24070342,0.22283876
be4e7694-2ba4-5f8e-8520-ccad5ed396c7,bed,100,high,2,0.22,1.0,1,0,0.28109717,0.281254,0.28154597,0.27605414
be4e7694-2ba4-5f8e-8520-ccad5ed396c7,bed,100,high,3,0.66,1.0,1,0,0.2965991,0.2969082,0.29733646,0.30514556
be4e7694-2ba4-5f8e-8520-ccad5ed396c7,blanket,100,low,0,0.1,1.0,0,1,0.26760522,0.26805466,0.26795703,0.27589294
be4e7694-2ba4-5f8e-8520-ccad5ed396c7,blanket,100,low,1,0.17,1.0,0,1,0.2432801,0.24324615,0.24317236,0.24856982
be4e7694-2ba4-5f8e-8520-ccad5ed396c7,blanket,100,low,2,0.22,1.0,0,1,0.24413061,0.24398103,0.24401334,0.24073848
be4e7694-2ba4-5f8e-8520-ccad5ed396c7,blanket,100,low,3,0.51,1.0,0,1,0.2449841,0.24471813,0.24485725,0.2347988
be4e7694-2ba4-5f8e-8520-ccad5ed396c7,breakup,0,high,0,0.37,0.0,1,2,0.39692172,0.37929386,0.3953977,0.39355767
be4e7694-2ba4-5f8e-8520-ccad5ed396c7,breakup,0,high,1,0.22,0.0,1,2,0.31511718,0.3113025,0.31492156,0.33312523
be4e7694-2ba4-5f8e-8520-ccad5ed396c7,breakup,0,high,2,0.28,0.0,1,2,0.20709796,0.21832052,0.20837322,0.19242826
be4e7694-2ba4-5f8e-8520-ccad5ed396c7,breakup,0,high,3,0.13,0.0,1,2,0.08086308,0.091083154,0.08130755,0.08088883
be4e7694-2ba4-5f8e-8520-ccad5ed396c7,chapstick,50,high,0,0.28,0.5,1,3,0.23265718,0.23642953,0.23007943,0.24170916
be4e7694-2ba4-5f8e-8520-ccad5ed396c7,chapstick,50,high,1,0.06,0.5,1,3,0.27622035,0.2772321,0.2756754,0.26337087
be4e7694-2ba4-5f8e-8520-ccad5ed396c7,chapstick,50,high,2,0.28,0.5,1,3,0.253037,0.25129244,0.25420132,0.25432628
be4e7694-2ba4-5f8e-8520-ccad5ed396c7,chapstick,50,high,3,0.38,0.5,1,3,0.23808546,0.23504594,0.24004383,0.24059369
be4e7694-2ba4-5f8e-8520-ccad5ed396c7,gossip,50,low,0,0.34,0.5,0,4,0.39887324,0.39507583,0.3990127,0.40348014
be4e7694-2ba4-5f8e-8520-ccad5ed396c7,gossip,50,low,1,0.35,0.5,0,4,0.3055553,0.30479467,0.30562443,0.28605562
be4e7694-2ba4-5f8e-8520-ccad5ed396c7,gossip,50,low,2,0.17,0.5,0,4,0.17819536,0.18024902,0.17813438,0.1947001
be4e7694-2ba4-5f8e-8520-ccad5ed396c7,gossip,50,low,3,0.14,0.5,0,4,0.117376134,0.119880505,0.11722844,0.11576415
be4e7694-2ba4-5f8e-8520-ccad5ed396c7,hairbrush,75,high,0,0.07,0.75,1,5,0.20939086,0.21051022,0.20830455,0.22634174
be4e7694-2ba4-5f8e-8520-ccad5ed396c7,hairbrush,75,high,1,0.31,0.75,1,5,0.25033006,0.25033736,0.24962589,0.2558845
be4e7694-2ba4-5f8e-8520-ccad5ed396c7,hairbrush,75,high,2,0.22,0.75,1,5,0.27070823,0.2705728,0.27102947,0.26688907
be4e7694-2ba4-5f8e-8520-ccad5ed396c7,hairbrush,75,high,3,0.4,0.75,1,5,0.2695708,0.26857957,0.27104005,0.2508847
be4e7694-2ba4-5f8e-8520-ccad5ed396c7,harmonica,75,high,0,0.52,0.75,1,6,0.1755124,0.17641965,0.1739792,0.16249397
be4e7694-2ba4-5f8e-8520-ccad5ed396c7,harmonica,75,high,1,0.18,0.75,1,6,0.24391915,0.2438528,0.24322358,0.23380259
be4e7694-2ba4-5f8e-8520-ccad5ed396c7,harmonica,75,high,2,0.29,0.75,1,6,0.2796776,0.27976894,0.2799472,0.2836889
be4e7694-2ba4-5f8e-8520-ccad5ed396c7,harmonica,75,high,3,0.01,0.75,1,6,0.30089083,0.29995868,0.30285007,0.32001457
be4e7694-2ba4-5f8e-8520-ccad5ed396c7,hat,75,low,0,0.36,0.75,0,7,0.24304391,0.24418104,0.24252689,0.24926423
be4e7694-2ba4-5f8e-8520-ccad5ed396c7,hat,75,low,1,0.13,0.75,0,7,0.27139825,0.27163,0.27150843,0.2716014
be4e7694-2ba4-5f8e-8520-ccad5ed396c7,hat,75,low,2,0.19,0.75,0,7,0.24730635,0.24720068,0.2467156,0.2553094
be4e7694-2ba4-5f8e-8520-ccad5ed396c7,hat,75,low,3,0.32,0.75,0,7,0.23825146,0.23698825,0.23924902,0.22382496
be4e7694-2ba4-5f8e-8520-ccad5ed396c7,home,50,low,0,0.48,0.5,0,8,0.4630864,0.46052992,0.46489623,0.45651603
be4e7694-2ba4-5f8e-8520-ccad5ed396c7,home,50,low,1,0.29,0.5,0,8,0.18295172,0.18120863,0.18125902,0.18730505
be4e7694-2ba4-5f8e-8520-ccad5ed396c7,home,50,low,2,0.15,0.5,0,8,0.19971342,0.2000244,0.19903573,0.21195935
be4e7694-2ba4-5f8e-8520-ccad5ed396c7,home,50,low,3,0.08,0.5,0,8,0.15424846,0.15823704,0.15480898,0.14421949
be4e7694-2ba4-5f8e-8520-ccad5ed396c7,locker-room,0,low,0,0.3,0.0,0,9,0.37008986,0.37401295,0.3693605,0.3666342
be4e7694-2ba4-5f8e-8520-ccad5ed396c7,locker-room,0,low,1,0.43,0.0,0,9,0.34383053,0.34552783,0.3439844,0.3438989
be4e7694-2ba4-5f8e-8520-ccad5ed396c7,locker-room,0,low,2,0.22,0.0,0,9,0.24371585,0.24127327,0.24412,0.24390605
be4e7694-2ba4-5f8e-8520-ccad5ed396c7,locker-room,0,low,3,0.05,0.0,0,9,0.042363722,0.039185915,0.042535152,0.045560855
be4e7694-2ba4-5f8e-8520-ccad5ed396c7,navigation,50,high,0,0.09,0.5,1,10,0.22217017,0.21761796,0.21949232,0.20702717
be4e7694-2ba4-5f8e-8520-ccad5ed396c7,navigation,50,high,1,0.39,0.5,1,10,0.3076857,0.30631232,0.30786005,0.3019586
be4e7694-2ba4-5f8e-8520-ccad5ed396c7,navigation,50,high,2,0.19,0.5,1,10,0.24537948,0.24756083,0.24639724,0.25355232
be4e7694-2ba4-5f8e-8520-ccad5ed396c7,navigation,50,high,3,0.33,0.5,1,10,0.22476467,0.22850886,0.22625038,0.23746195
be4e7694-2ba4-5f8e-8520-ccad5ed396c7,payment,0,high,0,0.58,0.0,1,11,0.39002043,0.3661321,0.38735947,0.36812592
be4e7694-2ba4-5f8e-8520-ccad5ed396c7,payment,0,high,1,0.24,0.0,1,11,0.27164075,0.27560124,0.27254757,0.29038352
be4e7694-2ba4-5f8e-8520-ccad5ed396c7,payment,0,high,2,0.15,0.0,1,11,0.20766968,0.21548839,0.20846862,0.2054838
be4e7694-2ba4-5f8e-8520-ccad5ed396c7,payment,0,high,3,0.03,0.0,1,11,0.13066916,0.14277825,0.13162436,0.13600679
be4e7694-2ba4-5f8e-8520-ccad5ed396c7,sauna,0,low,0,0.45,0.0,0,12,0.51010275,0.5141941,0.51221335,0.51965123
be4e7694-2ba4-5f8e-8520-ccad5ed396c7,sauna,0,low,1,0.39,0.0,0,12,0.3030355,0.30427602,0.30172518,0.29483852
be4e7694-2ba4-5f8e-8520-ccad5ed396c7,sauna,0,low,2,0.16,0.0,0,12,0.15678267,0.15387748,0.15604867,0.15917261
be4e7694-2ba4-5f8e-8520-ccad5ed396c7,sauna,0,low,3,0.0,0.0,0,12,0.030079111,0.027652439,0.030012818,0.026337706
be4e7694-2ba4-5f8e-8520-ccad5ed396c7,sleeping-bag,100,high,0,0.51,1.0,1,13,0.17864443,0.17873615,0.17773215,0.18388776
be4e7694-2ba4-5f8e-8520-ccad5ed396c7,sleeping-bag,100,high,1,0.2,1.0,1,13,0.2726384,0.2728668,0.2729694,0.2564618
be4e7694-2ba4-5f8e-8520-ccad5ed396c7,sleeping-bag,100,high,2,0.15,1.0,1,13,0.28858748,0.28877848,0.28917205,0.28857774
be4e7694-2ba4-5f8e-8520-ccad5ed396c7,sleeping-bag,100,high,3,0.14,1.0,1,13,0.26012966,0.2596186,0.26012644,0.27107272
be4e7694-2ba4-5f8e-8520-ccad5ed396c7,sunscreen,100,low,0,0.24,1.0,0,14,0.20054272,0.20075332,0.19990383,0.21080059
be4e7694-2ba4-5f8e-8520-ccad5ed396c7,sunscreen,100,low,1,0.12,1.0,0,14,0.28162032,0.28196585,0.2821502,0.2690987
be4e7694-2ba4-5f8e-8520-ccad5ed396c7,sunscreen,100,low,2,0.17,1.0,0,14,0.2691125,0.26906398,0.2693657,0.26688272
be4e7694-2ba4-5f8e-8520-ccad5ed396c7,sunscreen,100,low,3,0.47,1.0,0,14,0.24872448,0.24821685,0.2485803,0.25321802
be4e7694-2ba4-5f8e-8520-ccad5ed396c7,towel,75,low,0,0.46,0.75,0,15,0.27883908,0.28063396,0.27850536,0.28544074
be4e7694-2ba4-5f8e-8520-ccad5ed396c7,towel,75,low,1,0.01,0.75,0,15,0.2721235,0.27287456,0.27211168,0.27021936
be4e7694-2ba4-5f8e-8520-ccad5ed396c7,towel,75,low,2,0.38,0.75,0,15,0.23214681,0.23138854,0.23224747,0.22972313
be4e7694-2ba4-5f8e-8520-ccad5ed396c7,towel,75,low,3,0.15,0.75,0,15,0.21689063,0.21510294,0.21713547,0.21461675
d2da222a-c4b1-55f3-aff3-17816acf30c4,bed,0,high,0,0.87,0.0,1,0,0.4721396,0.48566782,0.46998215,0.5019885
d2da222a-c4b1-55f3-aff3-17816acf30c4,bed,0,high,1,0.04,0.0,1,0,0.2530328,0.25025737,0.25344235,0.22953397
d2da222a-c4b1-55f3-aff3-17816acf30c4,bed,0,high,2,0.09,0.0,1,0,0.17881562,0.17349811,0.1797967,0.17196597
d2da222a-c4b1-55f3-aff3-17816acf30c4,bed,0,high,3,0.0,0.0,1,0,0.09601202,0.09057679,0.096778885,0.09651158
d2da222a-c4b1-55f3-aff3-17816acf30c4,blanket,0,low,0,0.13,0.0,0,1,0.51303536,0.52195865,0.51300216,0.51961577
d2da222a-c4b1-55f3-aff3-17816acf30c4,blanket,0,low,1,0.56,0.0,0,1,0.3243553,0.3243765,0.324043,0.3251798
d2da222a-c4b1-55f3-aff3-17816acf30c4,blanket,0,low,2,0.25,0.0,0,1,0.109476745,0.10450364,0.10964915,0.10554089
d2da222a-c4b1-55f3-aff3-17816acf30c4,blanket,0,low,3,0.06,0.0,0,1,0.05313259,0.049161255,0.053305693,0.04966355
d2da222a-c4b1-55f3-aff3-17816acf30c4,breakup,50,low,0,0.32,0.5,0,2,0.40690207,0.40398762,0.40744045,0.43060875
d2da222a-c4b1-55f3-aff3-17816acf30c4,breakup,50,low,1,0.42,0.5,0,2,0.31974164,0.31924915,0.32001236,0.2956866
d2da222a-c4b1-55f3-aff3-17816acf30c4,breakup,50,low,2,0.25,0.5,0,2,0.17943308,0.18110068,0.17912231,0.18993418
d2da222a-c4b1-55f3-aff3-17816acf30c4,breakup,50,low,3,0.01,0.5,0,2,0.09392326,0.095662616,0.09342494,0.083770484
d2da222a-c4b1-55f3-aff3-17816acf30c4,chapstick,75,high,0,0.2,0.75,1,3,0.18509404,0.1861125,0.18346632,0.19214763
d2da222a-c4b1-55f3-aff3-17816acf30c4,chapstick,75,high,1,0.46,0.75,1,3,0.25509238,0.25526273,0.25464702,0.24319504
d2da222a-c4b1-55f3-aff3-17816acf30c4,chapstick,75,high,2,0.27,0.75,1,3,0.27533934,0.27491626,0.2760366,0.27690312
d2da222a-c4b1-55f3-aff3-17816acf30c4,chapstick,75,high,3,0.07,0.75,1,3,0.28447425,0.28370845,0.28585008,0.28775427
d2da222a-c4b1-55f3-aff3-17816acf30c4,gossip,50,high,0,0.12,0.5,1,4,0.22101347,0.21722858,0.2187554,0.22651461
d2da222a-c4b1-55f3-aff3-17816acf30c4,gossip,50,high,1,0.24,0.5,1,4,0.28730857,0.28495875,0.28668517,0.2685374
d2da222a-c4b1-55f3-aff3-17816acf30c4,gossip,50,high,2,0.41,0.5,1,4,0.2640435,0.26601756,0.26518917,0.26254034
d2da222a-c4b1-55f3-aff3-17816acf30c4,gossip,50,high,3,0.23,0.5,1,4,0.22763443,0.2317951,0.22937018,0.2424077
d2da222a-c4b1-55f3-aff3-17816acf30c4,hairbrush,100,low,0,0.05,1.0,0,5,0.24567762,0.24614748,0.24569245,0.24282312
d2da222a-c4b1-55f3-aff3-17816acf30c4,hairbrush,100,low,1,0.28,1.0,0,5,0.2219248,0.221121,0.2213722,0.22137372
d2da222a-c4b1-55f3-aff3-17816acf30c4,hairbrush,100,low,2,0.44,1.0,0,5,0.2696332,0.26951072,0.26990148,0.28554282
d2da222a-c4b1-55f3-aff3-17816acf30c4,hairbrush,100,low,3,0.23,1.0,0,5,0.26276445,0.26322082,0.26303387,0.25026035
d2da222a-c4b1-55f3-aff3-17816acf30c4,harmonica,100,high,0,0.11,1.0,1,6,0.16443178,0.16446169,0.1633493,0.15179132
d2da222a-c4b1-55f3-aff3-17816acf30c4,harmonica,100,high,1,0.27,1.0,1,6,0.23579553,0.23512636,0.23536503,0.22540085
d2da222a-c4b1-55f3-aff3-17816acf30c4,harmonica,100,high,2,0.43,1.0,1,6,0.27735195,0.27727267,0.27764693,0.28060886
d2da222a-c4b1-55f3-aff3-17816acf30c4,harmonica,100,high,3,0.19,1.0,1,6,0.32242072,0.32313925,0.3236388,0.34219897
d2da222a-c4b1-55f3-aff3-17816acf30c4,hat,100,low,0,0.11,1.0,0,7,0.23340765,0.23378782,0.23323601,0.23976628
d2da222a-c4b1-55f3-aff3-17816acf30c4,hat,100,low,1,0.4,1.0,0,7,0.26713592,0.26705638,0.26737744,0.2678069
d2da222a-c4b1-55f3-aff3-17816acf30c4,hat,100,low,2,0.32,1.0,0,7,0.23910154,0.23839664,0.23880476,0.2472464
d2da222a-c4b1-55f3-aff3-17816acf30c4,hat,100,low,3,0.17,1.0,0,7,0.26035488,0.26075915,0.26058176,0.24518046
d2da222a-c4b1-55f3-aff3-17816acf30c4,home,75,low,0,0.64,0.75,0,8,0.41924778,0.41971475,0.42149836,0.41399035
d2da222a-c4b1-55f3-aff3-17816acf30c4,home,75,low,1,0.23,0.75,0,8,0.17368108,0.17255966,0.17221034,0.17814754
d2da222a-c4b1-55f3-aff3-17816acf30c4,home,75,low,2,0.1,0.75,0,8,0.20705895,0.20665598,0.20626584,0.22025138
d2da222a-c4b1-55f3-aff3-17816acf30c4,home,75,low,3,0.03,0.75,0,8,0.20001216,0.20106961,0.20002551,0.18761073
d2da222a-c4b1-55f3-aff3-17816acf30c4,locker-room,0,high,0,0.11,0.0,1,9,0.2703913,0.27374586,0.2683354,0.2942191
d2da222a-c4b1-55f3-aff3-17816acf30c4,locker-room,0,high,1,0.27,0.0,1,9,0.37902337,0.3821654,0.3794715,0.36064354
d2da222a-c4b1-55f3-aff3-17816acf30c4,locker-room,0,high,2,0.46,0.0,1,9,0.2849212,0.28306937,0.28586432,0.27751017
d2da222a-c4b1-55f3-aff3-17816acf30c4,locker-room,0,high,3,0.16,0.0,1,9,0.06566415,0.06101932,0.06632879,0.06762722
d2da222a-c4b1-55f3-aff3-17816acf30c4,navigation,75,low,0,0.23,0.75,0,10,0.33332106,0.33291394,0.33368188,0.31004733
d2da222a-c4b1-55f3-aff3-17816acf30c4,navigation,75,low,1,0.42,0.75,0,10,0.25475883,0.25461736,0.25464043,0.2596411
d2da222a-c4b1-55f3-aff3-17816acf30c4,navigation,75,low,2,0.12,0.75,0,10,0.21411923,0.21427003,0.21397461,0.2231979
d2da222a-c4b1-55f3-aff3-17816acf30c4,navigation,75,low,3,0.23,0.75,0,10,0.19780089,0.19819866,0.19770318,0.20711371
d2da222a-c4b1-55f3-aff3-17816acf30c4,payment,50,high,0,0.53,0.5,1,11,0.20423414,0.20064574,0.2018501,0.18939465
d2da222a-c4b1-55f3-aff3-17816acf30c4,payment,50,high,1,0.25,0.5,1,11,0.28149933,0.28079975,0.2816946,0.29623544
d2da222a-c4b1-55f3-aff3-17816acf30c4,payment,50,high,2,0.07,0.5,1,11,0.26053083,0.26118612,0.26100862,0.25391302
d2da222a-c4b1-55f3-aff3-17816acf30c4,payment,50,high,3,0.15,0.5,1,11,0.25373575,0.2573684,0.2554466,0.26045686
d2da222a-c4b1-55f3-aff3-17816acf30c4,sauna,50,low,0,0.23,0.5,0,12,0.42656708,0.42981538,0.42816815,0.43910903
d2da222a-c4b1-55f3-aff3-17816acf30c4,sauna,50,low,1,0.54,0.5,0,12,0.25340968,0.25434464,0.25221738,0.24914066
d2da222a-c4b1-55f3-aff3-17816acf30c4,sauna,50,low,2,0.23,0.5,0,12,0.19746612,0.1966071,0.19673263,0.20281729
d2da222a-c4b1-55f3-aff3-17816acf30c4,sauna,50,low,3,0.0,0.5,0,12,0.12255718,0.11923282,0.12288189,0.108933054
d2da222a-c4b1-55f3-aff3-17816acf30c4,sleeping-bag,0,low,0,0.14,0.0,0,13,0.60762817,0.6189006,0.6079149,0.61399865
d2da222a-c4b1-55f3-aff3-17816acf30c4,sleeping-bag,0,low,1,0.4,0.0,0,13,0.2521555,0.24860515,0.25204697,0.24458636
d2da222a-c4b1-55f3-aff3-17816acf30c4,sleeping-bag,0,low,2,0.33,0.0,0,13,0.10425289,0.099299476,0.10426075,0.101019874
d2da222a-c4b1-55f3-aff3-17816acf30c4,sleeping-bag,0,low,3,0.13,0.0,0,13,0.035963356,0.033194732,0.035777405,0.040395048
d2da222a-c4b1-55f3-aff3-17816acf30c4,sunscreen,100,high,0,0.0,1.0,1,14,0.16472293,0.16477501,0.16365787,0.15177664
d2da222a-c4b1-55f3-aff3-17816acf30c4,sunscreen,100,high,1,0.24,1.0,1,14,0.30850083,0.30898708,0.30944628,0.32252902
d2da222a-c4b1-55f3-aff3-17816acf30c4,sunscreen,100,high,2,0.33,1.0,1,14,0.26834598,0.26829636,0.2685229,0.25762144
d2da222a-c4b1-55f3-aff3-17816acf30c4,sunscreen,100,high,3,0.43,1.0,1,14,0.25843027,0.2579415,0.25837296,0.26807293
d2da222a-c4b1-55f3-aff3-17816acf30c4,towel,75,high,0,0.09,0.75,1,15,0.1968054,0.1979509,0.19542424,0.20592242
d2da222a-c4b1-55f3-aff3-17816acf30c4,towel,75,high,1,0.46,0.75,1,15,0.3037393,0.30491588,0.30411506,0.29660213
d2da222a-c4b1-55f3-aff3-17816acf30c4,towel,75,high,2,0.2,0.75,1,15,0.25102514,0.25045317,0.25133154,0.23644279
d2da222a-c4b1-55f3-aff3-17816acf30c4,towel,75,high,3,0.25,0.75,1,15,0.24843015,0.24668007,0.24912919,0.26103264
d696d64e-5490-5cb2-97b1-454e69f9fcb8,bed,100,high,0,0.19,1.0,1,0,0.18134144,0.18123206,0.18041413,0.19596156
d696d64e-5490-5cb2-97b1-454e69f9fcb8,bed,100,high,1,0.15,1.0,1,0,0.2409623,0.24060573,0.24070342,0.22283876
d696d64e-5490-5cb2-97b1-454e69f9fcb8,bed,100,high,2,0.32,1.0,1,0,0.28109717,0.281254,0.28154597,0.27605414
d696d64e-5490-5cb2-97b1-454e69f9fcb8,bed,100,high,3,0.34,1.0,1,0,0.2965991,0.2969082,0.29733646,0.30514556
d696d64e-5490-5cb2-97b1-454e69f9fcb8,blanket,100,low,0,0.05,1.0,0,1,0.26760522,0.26805466,0.26795703,0.27589294
d696d64e-5490-5cb2-97b1-454e69f9fcb8,blanket,100,low,1,0.11,1.0,0,1,0.2432801,0.24324615,0.24317236,0.24856982
d696d64e-5490-5cb2-97b1-454e69f9fcb8,blanket,100,low,2,0.36,1.0,0,1,0.24413061,0.24398103,0.24401334,0.24073848
d696d64e-5490-5cb2-97b1-454e69f9fcb8,blanket,100,low,3,0.48,1.0,0,1,0.2449841,0.24471813,0.24485725,0.2347988
d696d64e-5490-5cb2-97b1-454e69f9fcb8,breakup,50,low,0,0.18,0.5,0,2,0.40690207,0.40398762,0.40744045,0.43060875
d696d64e-5490-5cb2-97b1-454e69f9fcb8,breakup,50,low,1,0.36,0.5,0,2,0.31974164,0.31924915,0.32001236,0.2956866
d696d64e-5490-5cb2-97b1-454e69f9fcb8,breakup,50,low,2,0.35,0.5,0,2,0.17943308,0.18110068,0.17912231,0.18993418
d696d64e-5490-5cb2-97b1-454e69f9fcb8,breakup,50,low,3,0.11,0.5,0,2,0.09392326,0.095662616,0.09342494,0.083770484
d696d64e-5490-5cb2-97b1-454e69f9fcb8,chapstick,0,low,0,0.44,0.0,0,3,0.49550954,0.5077381,0.4936379,0.51962084
d696d64e-5490-5cb2-97b1-454e69f9fcb8,chapstick,0,low,1,0.31,0.0,0,3,0.2868692,0.28463575,0.28731984,0.27050346
d696d64e-5490-5cb2-97b1-454e69f9fcb8,chapstick,0,low,2,0.19,0.0,0,3,0.12949154,0.12443589,0.13016932,0.12131277
d696d64e-5490-5cb2-97b1-454e69f9fcb8,chapstick,0,low,3,0.06,0.0,0,3,0.08812964,0.08319024,0.08887288,0.08856293
d696d64e-5490-5cb2-97b1-454e69f9fcb8,gossip,50,low,0,0.22,0.5,0,4,0.39887324,0.39507583,0.3990127,0.40348014
d696d64e-5490-5cb2-97b1-454e69f9fcb8,gossip,50,low,1,0.28,0.5,0,4,0.3055553,0.30479467,0.30562443,0.28605562
d696d64e-5490-5cb2-97b1-454e69f9fcb8,gossip,50,low,2,0.34,0.5,0,4,0.17819536,0.18024902,0.17813438,0.1947001
d696d64e-5490-5cb2-97b1-454e69f9fcb8,gossip,50,low,3,0.16,0.5,0,4,0.117376134,0.119880505,0.11722844,0.11576415
d696d64e-5490-5cb2-97b1-454e69f9fcb8,hairbrush,75,low,0,0.33,0.75,0,5,0.25843117,0.2599163,0.25799385,0.25532517
d696d64e-5490-5cb2-97b1-454e69f9fcb8,hairbrush,75,low,1,0.21,0.75,0,5,0.23084676,0.23069273,0.22996207,0.23016436
d696d64e-5490-5cb2-97b1-454e69f9fcb8,hairbrush,75,low,2,0.27,0.75,0,5,0.26819208,0.26794344,0.26853493,0.28380293
d696d64e-5490-5cb2-97b1-454e69f9fcb8,hairbrush,75,low,3,0.19,0.75,0,5,0.24253002,0.24144754,0.24350914,0.23070754
d696d64e-5490-5cb2-97b1-454e69f9fcb8,harmonica,0,high,0,0.59,0.0,1,6,0.3630126,0.37113804,0.36101046,0.3475488
d696d64e-5490-5cb2-97b1-454e69f9fcb8,harmonica,0,high,1,0.21,0.0,1,6,0.31306747,0.31293258,0.31320786,0.3098497
d696d64e-5490-5cb2-97b1-454e69f9fcb8,harmonica,0,high,2,0.1,0.0,1,6,0.24339516,0.24006203,0.24444821,0.25460854
d696d64e-5490-5cb2-97b1-454e69f9fcb8,harmonica,0,high,3,0.1,0.0,1,6,0.080524735,0.07586736,0.08133353,0.08799293
d696d64e-5490-5cb2-97b1-454e69f9fcb8,hat,50,high,0,0.07,0.5,1,7,0.21016869,0.21210125,0.2085693,0.20842317
d696d64e-5490-5cb2-97b1-454e69f9fcb8,hat,50,high,1,0.36,0.5,1,7,0.3099017,0.3107893,0.31034133,0.32192898
d696d64e-5490-5cb2-97b1-454e69f9fcb8,hat,50,high,2,0.3,0.5,1,7,0.27458462,0.27569523,0.27364838,0.2695378
d696d64e-5490-5cb2-97b1-454e69f9fcb8,hat,50,high,3,0.27,0.5,1,7,0.20534493,0.20141417,0.20744096,0.20011
d696d64e-5490-5cb2-97b1-454e69f9fcb8,home,100,low,0,0.4,1.0,0,8,0.4041246,0.4053374,0.40687415,0.39930686
d696d64e-5490-5cb2-97b1-454e69f9fcb8,home,100,low,1,0.3,1.0,0,8,0.17006029,0.16914211,0.1687647,0.17455995
d696d64e-5490-5cb2-97b1-454e69f9fcb8,home,100,low,2,0.25,1.0,0,8,0.20872952,0.20822798,0.20788787,0.22222945
d696d64e-5490-5cb2-97b1-454e69f9fcb8,home,100,low,3,0.05,1.0,0,8,0.21708563,0.21729256,0.21647334,0.20390375
d696d64e-5490-5cb2-97b1-454e69f9fcb8,locker-room,100,high,0,0.04,1.0,1,9,0.15050025,0.14987682,0.14917806,0.16268723
d696d64e-5490-5cb2-97b1-454e69f9fcb8,locker-room,100,high,1,0.1,1.0,1,9,0.25297618,0.25283834,0.25286514,0.23927318
d696d64e-5490-5cb2-97b1-454e69f9fcb8,locker-room,100,high,2,0.36,1.0,1,9,0.2734492,0.27345997,0.27367508,0.26507053
d696d64e-5490-5cb2-97b1-454e69f9fcb8,locker-room,100,high,3,0.5,1.0,1,9,0.32307434,0.32382485,0.3242817,0.3329691
d696d64e-5490-5cb2-97b1-454e69f9fcb8,navigation,75,low,0,0.46,0.75,0,10,0.33332106,0.33291394,0.33368188,0.31004733
d696d64e-5490-5cb2-97b1-454e69f9fcb8,navigation,75,low,1,0.24,0.75,0,10,0.25475883,0.25461736,0.25464043,0.2596411
d696d64e-5490-5cb2-97b1-454e69f9fcb8,navigation,75,low,2,0.18,0.75,0,10,0.21411923,0.21427003,0.21397461,0.2231979
d696d64e-5490-5cb2-97b1-454e69f9fcb8,navigation,75,low,3,0.12,0.75,0,10,0.19780089,0.19819866,0.19770318,0.20711371
d696d64e-5490-5cb2-97b1-454e69f9fcb8,payment,0,high,0,0.3,0.0,1,11,0.39002043,0.3661321,0.38735947,0.36812592
d696d64e-5490-5cb2-97b1-454e69f9fcb8,payment,0,high,1,0.38,0.0,1,11,0.27164075,0.27560124,0.27254757,0.29038352
d696d64e-5490-5cb2-97b1-454e69f9fcb8,payment,0,high,2,0.16,0.0,1,11,0.20766968,0.21548839,0.20846862,0.2054838
d696d64e-5490-5cb2-97b1-454e69f9fcb8,payment,0,high,3,0.16,0.0,1,11,0.13066916,0.14277825,0.13162436,0.13600679
d696d64e-5490-5cb2-97b1-454e69f9fcb8,sauna,50,high,0,0.06,0.5,1,12,0.192065,0.19379856,0.19020861,0.18416588
d696d64e-5490-5cb2-97b1-454e69f9fcb8,sauna,50,high,1,0.07,0.5,1,12,0.28703785,0.28950238,0.28593948,0.26871032
d696d64e-5490-5cb2-97b1-454e69f9fcb8,sauna,50,high,2,0.46,0.5,1,12,0.2948152,0.295271,0.29524416,0.29820666
d696d64e-5490-5cb2-97b1-454e69f9fcb8,sauna,50,high,3,0.41,0.5,1,12,0.22608203,0.22142808,0.22860771,0.24891712
d696d64e-5490-5cb2-97b1-454e69f9fcb8,sleeping-bag,75,high,0,0.11,0.75,1,13,0.19220091,0.19341041,0.19073184,0.19807364
d696d64e-5490-5cb2-97b1-454e69f9fcb8,sleeping-bag,75,high,1,0.13,0.75,1,13,0.2804837,0.28132185,0.28056496,0.26407674
d696d64e-5490-5cb2-97b1-454e69f9fcb8,sleeping-bag,75,high,2,0.27,0.75,1,13,0.2826234,0.28229395,0.2834421,0.28277904
d696d64e-5490-5cb2-97b1-454e69f9fcb8,sleeping-bag,75,high,3,0.49,0.75,1,13,0.244692,0.2429738,0.2452611,0.2550706
d696d64e-5490-5cb2-97b1-454e69f9fcb8,sunscreen,75,high,0,0.12,0.75,1,14,0.17330302,0.17400533,0.17187437,0.15985796
d696d64e-5490-5cb2-97b1-454e69f9fcb8,sunscreen,75,high,1,0.33,0.75,1,14,0.3209572,0.3223869,0.3214956,0.3358973
d696d64e-5490-5cb2-97b1-454e69f9fcb8,sunscreen,75,high,2,0.12,0.75,1,14,0.2669565,0.26675647,0.26719815,0.25647986
d696d64e-5490-5cb2-97b1-454e69f9fcb8,sunscreen,75,high,3,0.43,0.75,1,14,0.2387833,0.23685123,0.23943192,0.24776483
d696d64e-5490-5cb2-97b1-454e69f9fcb8,towel,0,low,0,0.51,0.0,0,15,0.5305295,0.5399935,0.5301538,0.53909206
d696d64e-5490-5cb2-97b1-454e69f9fcb8,towel,0,low,1,0.13,0.0,0,15,0.3105264,0.30918092,0.31068507,0.30558938
d696d64e-5490-5cb2-97b1-454e69f9fcb8,towel,0,low,2,0.28,0.0,0,15,0.10554878,0.10106334,0.10566545,0.1032099
d696d64e-5490-5cb2-97b1-454e69f9fcb8,towel,0,low,3,0.08,0.0,0,15,0.053395312,0.049762227,0.053495683,0.052108675
df3fecb8-9f26-5077-b1c8-554912d103c9,bed,0,low,0,0.22,0.0,0,0,0.5839662,0.59730697,0.583587,0.58603805
df3fecb8-9f26-5077-b1c8-554912d103c9,bed,0,low,1,0.14,0.0,0,0,0.20742352,0.20367499,0.20724803,0.20505466
df3fecb8-9f26-5077-b1c8-554912d103c9,bed,0,low,2,0.25,0.0,0,0,0.13821883,0.133116,0.13850865,0.1376429
df3fecb8-9f26-5077-b1c8-554912d103c9,bed,0,low,3,0.55,0.0,0,0,0.07039145,0.06590201,0.07065637,0.07126434
df3fecb8-9f26-5077-b1c8-554912d103c9,blanket,100,high,0,0.17,1.0,1,1,0.176551,0.17659476,0.17560706,0.18027712
df3fecb8-9f26-5077-b1c8-554912d103c9,blanket,100,high,1,0.35,1.0,1,1,0.2568252,0.2568758,0.25687397,0.23690228
df3fecb8-9f26-5077-b1c8-554912d103c9,blanket,100,high,2,0.38,1.0,1,1,0.27982113,0.2798303,0.28022188,0.2770717
df3fecb8-9f26-5077-b1c8-554912d103c9,blanket,100,high,3,0.49,1.0,1,1,0.28680268,0.28669912,0.2872971,0.30574885
df3fecb8-9f26-5077-b1c8-554912d103c9,breakup,50,high,0,0.17,0.5,1,2,0.24017376,0.23678558,0.23829877,0.23968078
df3fecb8-9f26-5077-b1c8-554912d103c9,breakup,50,high,1,0.38,0.5,1,2,0.2546736,0.25278726,0.25374454,0.27119702
df3fecb8-9f26-5077-b1c8-554912d103c9,breakup,50,high,2,0.36,0.5,1,2,0.29373485,0.29552191,0.29519668,0.27536973
df3fecb8-9f26-5077-b1c8-554912d103c9,breakup,50,high,3,0.34,0.5,1,2,0.21141773,0.21490523,0.21276,0.21375242
df3fecb8-9f26-5077-b1c8-554912d103c9,chapstick,0,high,0,0.41,0.0,1,3,0.4633781,0.47547835,0.46101487,0.47937527
df3fecb8-9f26-5077-b1c8-554912d103c9,chapstick,0,high,1,0.34,0.0,1,3,0.30172145,0.29992396,0.30234608,0.28597742
df3fecb8-9f26-5077-b1c8-554912d103c9,chapstick,0,high,2,0.47,0.0,1,3,0.14275105,0.1374547,0.1436747,0.14235577
df3fecb8-9f26-5077-b1c8-554912d103c9,chapstick,0,high,3,0.25,0.0,1,3,0.09214939,0.08714301,0.092964344,0.09229153
df3fecb8-9f26-5077-b1c8-554912d103c9,gossip,50,high,0,0.18,0.5,1,4,0.22101347,0.21722858,0.2187554,0.22651461
df3fecb8-9f26-5077-b1c8-554912d103c9,gossip,50,high,1,0.34,0.5,1,4,0.28730857,0.28495875,0.28668517,0.2685374
df3fecb8-9f26-5077-b1c8-554912d103c9,gossip,50,high,2,0.29,0.5,1,4,0.2640435,0.26601756,0.26518917,0.26254034
df3fecb8-9f26-5077-b1c8-554912d103c9,gossip,50,high,3,0.19,0.5,1,4,0.22763443,0.2317951,0.22937018,0.2424077
df3fecb8-9f26-5077-b1c8-554912d103c9,hairbrush,75,high,0,0.1,0.75,1,5,0.20939086,0.21051022,0.20830455,0.22634174
df3fecb8-9f26-5077-b1c8-554912d103c9,hairbrush,75,high,1,0.15,0.75,1,5,0.25033006,0.25033736,0.24962589,0.2558845
df3fecb8-9f26-5077-b1c8-554912d103c9,hairbrush,75,high,2,0.4,0.75,1,5,0.27070823,0.2705728,0.27102947,0.26688907
df3fecb8-9f26-5077-b1c8-554912d103c9,hairbrush,75,high,3,0.35,0.75,1,5,0.2695708,0.26857957,0.27104005,0.2508847
df3fecb8-9f26-5077-b1c8-554912d103c9,harmonica,50,low,0,0.33,0.5,0,6,0.2924552,0.29624966,0.29120752,0.3061243
df3fecb8-9f26-5077-b1c8-554912d103c9,harmonica,50,low,1,0.19,0.5,0,6,0.25981617,0.26015323,0.25916398,0.26209155
df3fecb8-9f26-5077-b1c8-554912d103c9,harmonica,50,low,2,0.37,0.5,0,6,0.25100735,0.2504054,0.25123906,0.24337344
df3fecb8-9f26-5077-b1c8-554912d103c9,harmonica,50,low,3,0.24,0.5,0,6,0.19672136,0.19319168,0.19838944,0.18841076
df3fecb8-9f26-5077-b1c8-554912d103c9,hat,75,low,0,0.29,0.75,0,7,0.24304391,0.24418104,0.24252689,0.24926423
df3fecb8-9f26-5077-b1c8-554912d103c9,hat,75,low,1,0.41,0.75,0,7,0.27139825,0.27163,0.27150843,0.2716014
df3fecb8-9f26-5077-b1c8-554912d103c9,hat,75,low,2,0.61,0.75,0,7,0.24730635,0.24720068,0.2467156,0.2553094
df3fecb8-9f26-5077-b1c8-554912d103c9,hat,75,low,3,0.5,0.75,0,7,0.23825146,0.23698825,0.23924902,0.22382496
df3fecb8-9f26-5077-b1c8-554912d103c9,home,100,high,0,0.36,1.0,1,8,0.19986369,0.20012762,0.19921672,0.19216728
df3fecb8-9f26-5077-b1c8-554912d103c9,home,100,high,1,0.06,1.0,1,8,0.2724019,0.27167457,0.27256495,0.2699182
df3fecb8-9f26-5077-b1c8-554912d103c9,home,100,high,2,0.46,1.0,1,8,0.29727083,0.29723892,0.29797876,0.28377154
df3fecb8-9f26-5077-b1c8-554912d103c9,home,100,high,3,0.08,1.0,1,8,0.23046358,0.23095892,0.23023953,0.254143
df3fecb8-9f26-5077-b1c8-554912d103c9,locker-room,0,low,0,0.2,0.0,0,9,0.37008986,0.37401295,0.3693605,0.3666342
df3fecb8-9f26-5077-b1c8-554912d103c9,locker-room,0,low,1,0.31,0.0,0,9,0.34383053,0.34552783,0.3439844,0.3438989
df3fecb8-9f26-5077-b1c8-554912d103c9,locker-room,0,low,2,0.33,0.0,0,9,0.24371585,0.24127327,0.24412,0.24390605
df3fecb8-9f26-5077-b1c8-554912d103c9,locker-room,0,low,3,0.32,0.0,0,9,0.042363722,0.039185915,0.042535152,0.045560855
df3fecb8-9f26-5077-b1c8-554912d103c9,navigation,75,high,0,0.15,0.75,1,10,0.17576978,0.175029,0.17408656,0.16252442
df3fecb8-9f26-5077-b1c8-554912d103c9,navigation,75,high,1,0.1,0.75,1,10,0.28837875,0.28818113,0.2885823,0.28103057
df3fecb8-9f26-5077-b1c8-554912d103c9,navigation,75,high,2,0.58,0.75,1,10,0.26878428,0.26904315,0.26935002,0.27597857
df3fecb8-9f26-5077-b1c8-554912d103c9,navigation,75,high,3,0.52,0.75,1,10,0.2670672,0.26774678,0.2679812,0.2804665
df3fecb8-9f26-5077-b1c8-554912d103c9,payment,50,low,0,0.08,0.5,0,11,0.27762604,0.27347755,0.2759274,0.2850898
df3fecb8-9f26-5077-b1c8-554912d103c9,payment,50,low,1,0.27,0.5,0,11,0.25361395,0.25326845,0.2535896,0.2538881
df3fecb8-9f26-5077-b1c8-554912d103c9,payment,50,low,2,0.27,0.5,0,11,0.23472261,0.23557784,0.23496749,0.22414184
df3fecb8-9f26-5077-b1c8-554912d103c9,payment,50,low,3,0.38,0.5,0,11,0.23403738,0.23767617,0.2355155,0.23688027
df3fecb8-9f26-5077-b1c8-554912d103c9,sauna,75,low,0,0.19,0.75,0,12,0.3949094,0.39667472,0.3968425,0.40864563
df3fecb8-9f26-5077-b1c8-554912d103c9,sauna,75,low,1,0.37,0.75,0,12,0.23460287,0.23473355,0.23376465,0.2318564
df3fecb8-9f26-5077-b1c8-554912d103c9,sauna,75,low,2,0.29,0.75,0,12,0.20237704,0.20199265,0.20156842,0.20903951
df3fecb8-9f26-5077-b1c8-554912d103c9,sauna,75,low,3,0.28,0.75,0,12,0.16811064,0.16659907,0.16782443,0.15045847
df3fecb8-9f26-5077-b1c8-554912d103c9,sleeping-bag,100,low,0,0.37,1.0,0,13,0.3154583,0.31614473,0.31655836,0.31528595
df3fecb8-9f26-5077-b1c8-554912d103c9,sleeping-bag,100,low,1,0.35,1.0,0,13,0.27067557,0.2707658,0.2709091,0.26031712
df3fecb8-9f26-5077-b1c8-554912d103c9,sleeping-bag,100,low,2,0.34,1.0,0,13,0.24882434,0.2487317,0.2486951,0.23969772
df3fecb8-9f26-5077-b1c8-554912d103c9,sleeping-bag,100,low,3,0.09,1.0,0,13,0.16504176,0.16435772,0.16383746,0.18469924
df3fecb8-9f26-5077-b1c8-554912d103c9,sunscreen,100,low,0,0.2,1.0,0,14,0.20054272,0.20075332,0.19990383,0.21080059
df3fecb8-9f26-5077-b1c8-554912d103c9,sunscreen,100,low,1,0.46,1.0,0,14,0.28162032,0.28196585,0.2821502,0.2690987
df3fecb8-9f26-5077-b1c8-554912d103c9,sunscreen,100,low,2,0.3,1.0,0,14,0.2691125,0.26906398,0.2693657,0.26688272
df3fecb8-9f26-5077-b1c8-554912d103c9,sunscreen,100,low,3,0.34,1.0,0,14,0.24872448,0.24821685,0.2485803,0.25321802
df3fecb8-9f26-5077-b1c8-554912d103c9,towel,0,high,0,0.16,0.0,1,15,0.41775116,0.4266119,0.4156673,0.43505102
df3fecb8-9f26-5077-b1c8-554912d103c9,towel,0,high,1,0.47,0.0,1,15,0.38668582,0.3869517,0.38798076,0.37521976
df3fecb8-9f26-5077-b1c8-554912d103c9,towel,0,high,2,0.52,0.0,1,15,0.1273305,0.1225196,0.12776977,0.11883169
df3fecb8-9f26-5077-b1c8-554912d103c9,towel,0,high,3,0.35,0.0,1,15,0.06823251,0.063916735,0.06858222,0.0708975
e7625797-0ff1-538c-ba19-4e74b90e962a,bed,0,low,0,0.63,0.0,0,0,0.5839662,0.59730697,0.583587,0.58603805
e7625797-0ff1-538c-ba19-4e74b90e962a,bed,0,low,1,0.27,0.0,0,0,0.20742352,0.20367499,0.20724803,0.20505466
e7625797-0ff1-538c-ba19-4e74b90e962a,bed,0,low,2,0.07,0.0,0,0,0.13821883,0.133116,0.13850865,0.1376429
e7625797-0ff1-538c-ba19-4e74b90e962a,bed,0,low,3,0.03,0.0,0,0,0.07039145,0.06590201,0.07065637,0.07126434
e7625797-0ff1-538c-ba19-4e74b90e962a,blanket,100,high,0,0.02,1.0,1,1,0.176551,0.17659476,0.17560706,0.18027712
e7625797-0ff1-538c-ba19-4e74b90e962a,blanket,100,high,1,0.11,1.0,1,1,0.2568252,0.2568758,0.25687397,0.23690228
e7625797-0ff1-538c-ba19-4e74b90e962a,blanket,100,high,2,0.34,1.0,1,1,0.27982113,0.2798303,0.28022188,0.2770717
e7625797-0ff1-538c-ba19-4e74b90e962a,blanket,100,high,3,0.53,1.0,1,1,0.28680268,0.28669912,0.2872971,0.30574885
e7625797-0ff1-538c-ba19-4e74b90e962a,breakup,0,high,0,0.02,0.0,1,2,0.39692172,0.37929386,0.3953977,0.39355767
e7625797-0ff1-538c-ba19-4e74b90e962a,breakup,0,high,1,0.26,0.0,1,2,0.31511718,0.3113025,0.31492156,0.33312523
e7625797-0ff1-538c-ba19-4e74b90e962a,breakup,0,high,2,0.65,0.0,1,2,0.20709796,0.21832052,0.20837322,0.19242826
e7625797-0ff1-538c-ba19-4e74b90e962a,breakup,0,high,3,0.07,0.0,1,2,0.08086308,0.091083154,0.08130755,0.08088883
e7625797-0ff1-538c-ba19-4e74b90e962a,chapstick,75,low,0,0.14,0.75,0,3,0.20568444,0.20686784,0.20425162,0.21914543
e7625797-0ff1-538c-ba19-4e74b90e962a,chapstick,75,low,1,0.14,0.75,0,3,0.25203893,0.25215885,0.2516028,0.24203728
e7625797-0ff1-538c-ba19-4e74b90e962a,chapstick,75,low,2,0.37,0.75,0,3,0.25955108,0.25905678,0.2600223,0.24828233
e7625797-0ff1-538c-ba19-4e74b90e962a,chapstick,75,low,3,0.35,0.75,0,3,0.28272554,0.28191656,0.28412324,0.29053497
e7625797-0ff1-538c-ba19-4e74b90e962a,gossip,50,low,0,0.36,0.5,0,4,0.39887324,0.39507583,0.3990127,0.40348014
e7625797-0ff1-538c-ba19-4e74b90e962a,gossip,50,low,1,0.56,0.5,0,4,0.3055553,0.30479467,0.30562443,0.28605562
e7625797-0ff1-538c-ba19-4e74b90e962a,gossip,50,low,2,0.04,0.5,0,4,0.17819536,0.18024902,0.17813438,0.1947001
e7625797-0ff1-538c-ba19-4e74b90e962a,gossip,50,low,3,0.04,0.5,0,4,0.117376134,0.119880505,0.11722844,0.11576415
e7625797-0ff1-538c-ba19-4e74b90e962a,hairbrush,75,high,0,0.09,0.75,1,5,0.20939086,0.21051022,0.20830455,0.22634174
e7625797-0ff1-538c-ba19-4e74b90e962a,hairbrush,75,high,1,0.19,0.75,1,5,0.25033006,0.25033736,0.24962589,0.2558845
e7625797-0ff1-538c-ba19-4e74b90e962a,hairbrush,75,high,2,0.53,0.75,1,5,0.27070823,0.2705728,0.27102947,0.26688907
e7625797-0ff1-538c-ba19-4e74b90e962a,hairbrush,75,high,3,0.19,0.75,1,5,0.2695708,0.26857957,0.27104005,0.2508847
e7625797-0ff1-538c-ba19-4e74b90e962a,harmonica,100,low,0,0.01,1.0,0,6,0.23570418,0.23607264,0.23556162,0.24797374
e7625797-0ff1-538c-ba19-4e74b90e962a,harmonica,100,low,1,0.17,1.0,0,6,0.23757489,0.23691371,0.23726432,0.24101813
e7625797-0ff1-538c-ba19-4e74b90e962a,harmonica,100,low,2,0.26,1.0,0,6,0.25436953,0.254221,0.25440025,0.24815778
e7625797-0ff1-538c-ba19-4e74b90e962a,harmonica,100,low,3,0.56,1.0,0,6,0.27235138,0.2727926,0.2727738,0.2628503
e7625797-0ff1-538c-ba19-4e74b90e962a,hat,75,high,0,0.13,0.75,1,7,0.1863332,0.18708767,0.1850922,0.18495668
e7625797-0ff1-538c-ba19-4e74b90e962a,hat,75,high,1,0.13,0.75,1,7,0.29602545,0.29648525,0.29642054,0.30789787
e7625797-0ff1-538c-ba19-4e74b90e962a,hat,75,high,2,0.34,0.75,1,7,0.24844491,0.24843542,0.24776448,0.2441257
e7625797-0ff1-538c-ba19-4e74b90e962a,hat,75,high,3,0.4,0.75,1,7,0.26919642,0.26799172,0.2707228,0.2630197
e7625797-0ff1-538c-ba19-4e74b90e962a,home,50,high,0,0.06,0.5,1,8,0.2360439,0.23389146,0.23458995,0.2289165
e7625797-0ff1-538c-ba19-4e74b90e962a,home,50,high,1,0.22,0.5,1,8,0.30203402,0.29939345,0.30170026,0.30177653
e7625797-0ff1-538c-ba19-4e74b90e962a,home,50,high,2,0.5,0.5,1,8,0.29314858,0.29370794,0.29401863,0.28201237
e7625797-0ff1-538c-ba19-4e74b90e962a,home,50,high,3,0.22,0.5,1,8,0.16877349,0.17300719,0.16969116,0.1872946
e7625797-0ff1-538c-ba19-4e74b90e962a,locker-room,0,low,0,0.65,0.0,0,9,0.37008986,0.37401295,0.3693605,0.3666342
e7625797-0ff1-538c-ba19-4e74b90e962a,locker-room,0,low,1,0.27,0.0,0,9,0.34383053,0.34552783,0.3439844,0.3438989
e7625797-0ff1-538c-ba19-4e74b90e962a,locker-room,0,low,2,0.06,0.0,0,9,0.24371585,0.24127327,0.24412,0.24390605
e7625797-0ff1-538c-ba19-4e74b90e962a,locker-room,0,low,3,0.02,0.0,0,9,0.042363722,0.039185915,0.042535152,0.045560855
e7625797-0ff1-538c-ba19-4e74b90e962a,navigation,50,high,0,0.04,0.5,1,10,0.22217017,0.21761796,0.21949232,0.20702717
e7625797-0ff1-538c-ba19-4e74b90e962a,navigation,50,high,1,0.21,0.5,1,10,0.3076857,0.30631232,0.30786005,0.3019586
e7625797-0ff1-538c-ba19-4e74b90e962a,navigation,50,high,2,0.43,0.5,1,10,0.24537948,0.24756083,0.24639724,0.25355232
e7625797-0ff1-538c-ba19-4e74b90e962a,navigation,50,high,3,0.32,0.5,1,10,0.22476467,0.22850886,0.22625038,0.23746195
e7625797-0ff1-538c-ba19-4e74b90e962a,payment,50,low,0,0.18,0.5,0,11,0.27762604,0.27347755,0.2759274,0.2850898
e7625797-0ff1-538c-ba19-4e74b90e962a,payment,50,low,1,0.3,0.5,0,11,0.25361395,0.25326845,0.2535896,0.2538881
e7625797-0ff1-538c-ba19-4e74b90e962a,payment,50,low,2,0.34,0.5,0,11,0.23472261,0.23557784,0.23496749,0.22414184
e7625797-0ff1-538c-ba19-4e74b90e962a,payment,50,low,3,0.18,0.5,0,11,0.23403738,0.23767617,0.2355155,0.23688027
e7625797-0ff1-538c-ba19-4e74b90e962a,sauna,0,high,0,0.29,0.0,1,12,0.26629624,0.26938814,0.26469922,0.26253438
e7625797-0ff1-538c-ba19-4e74b90e962a,sauna,0,high,1,0.29,0.0,1,12,0.39797512,0.40242046,0.39792076,0.38305524
e7625797-0ff1-538c-ba19-4e74b90e962a,sauna,0,high,2,0.38,0.0,1,12,0.27139494,0.2685218,0.2724275,0.28191498
e7625797-0ff1-538c-ba19-4e74b90e962a,sauna,0,high,3,0.04,0.0,1,12,0.064333715,0.059669595,0.06495248,0.07249539
e7625797-0ff1-538c-ba19-4e74b90e962a,sleeping-bag,100,high,0,0.01,1.0,1,13,0.17864443,0.17873615,0.17773215,0.18388776
e7625797-0ff1-538c-ba19-4e74b90e962a,sleeping-bag,100,high,1,0.06,1.0,1,13,0.2726384,0.2728668,0.2729694,0.2564618
e7625797-0ff1-538c-ba19-4e74b90e962a,sleeping-bag,100,high,2,0.25,1.0,1,13,0.28858748,0.28877848,0.28917205,0.28857774
e7625797-0ff1-538c-ba19-4e74b90e962a,sleeping-bag,100,high,3,0.68,1.0,1,13,0.26012966,0.2596186,0.26012644,0.27107272
e7625797-0ff1-538c-ba19-4e74b90e962a,sunscreen,100,low,0,0.05,1.0,0,14,0.20054272,0.20075332,0.19990383,0.21080059
e7625797-0ff1-538c-ba19-4e74b90e962a,sunscreen,100,low,1,0.14,1.0,0,14,0.28162032,0.28196585,0.2821502,0.2690987
e7625797-0ff1-538c-ba19-4e74b90e962a,sunscreen,100,low,2,0.32,1.0,0,14,0.2691125,0.26906398,0.2693657,0.26688272
e7625797-0ff1-538c-ba19-4e74b90e962a,sunscreen,100,low,3,0.49,1.0,0,14,0.24872448,0.24821685,0.2485803,0.25321802
e7625797-0ff1-538c-ba19-4e74b90e962a,towel,75,low,0,0.15,0.75,0,15,0.27883908,0.28063396,0.27850536,0.28544074
e7625797-0ff1-538c-ba19-4e74b90e962a,towel,75,low,1,0.15,0.75,0,15,0.2721235,0.27287456,0.27211168,0.27021936
e7625797-0ff1-538c-ba19-4e74b90e962a,towel,75,low,2,0.55,0.75,0,15,0.23214681,0.23138854,0.23224747,0.22972313
e7625797-0ff1-538c-ba19-4e74b90e962a,towel,75,low,3,0.15,0.75,0,15,0.21689063,0.21510294,0.21713547,0.21461675
fd63c71e-7a9e-528a-88d0-0176756077e0,bed,100,low,0,0.85,1.0,0,0,0.2618546,0.2620625,0.2620695,0.26171654
fd63c71e-7a9e-528a-88d0-0176756077e0,bed,100,low,1,0.1,1.0,0,0,0.230609,0.23023342,0.23025829,0.2277412
fd63c71e-7a9e-528a-88d0-0176756077e0,bed,100,low,2,0.03,1.0,0,0,0.25366715,0.25371477,0.25372672,0.2527748
fd63c71e-7a9e-528a-88d0-0176756077e0,bed,100,low,3,0.02,1.0,0,0,0.25386924,0.2539893,0.2539455,0.25776747
fd63c71e-7a9e-528a-88d0-0176756077e0,blanket,75,high,0,0.65,0.75,1,1,0.18896674,0.19002795,0.18751998,0.19338997
fd63c71e-7a9e-528a-88d0-0176756077e0,blanket,75,high,1,0.25,0.75,1,1,0.26880056,0.26980844,0.26844597,0.24847308
fd63c71e-7a9e-528a-88d0-0176756077e0,blanket,75,high,2,0.07,0.75,1,1,0.27384514,0.27334127,0.27449366,0.2716143
fd63c71e-7a9e-528a-88d0-0176756077e0,blanket,75,high,3,0.03,0.75,1,1,0.26838753,0.26682234,0.2695404,0.2865226
fd63c71e-7a9e-528a-88d0-0176756077e0,breakup,0,high,0,0.5,0.0,1,2,0.39692172,0.37929386,0.3953977,0.39355767
fd63c71e-7a9e-528a-88d0-0176756077e0,breakup,0,high,1,0.35,0.0,1,2,0.31511718,0.3113025,0.31492156,0.33312523
fd63c71e-7a9e-528a-88d0-0176756077e0,breakup,0,high,2,0.13,0.0,1,2,0.20709796,0.21832052,0.20837322,0.19242826
fd63c71e-7a9e-528a-88d0-0176756077e0,breakup,0,high,3,0.02,0.0,1,2,0.08086308,0.091083154,0.08130755,0.08088883
fd63c71e-7a9e-528a-88d0-0176756077e0,chapstick,100,high,0,0.75,1.0,1,3,0.1707859,0.17067738,0.16974956,0.17719729
fd63c71e-7a9e-528a-88d0-0176756077e0,chapstick,100,high,1,0.15,1.0,1,3,0.24725607,0.24684167,0.24705994,0.2356676
fd63c71e-7a9e-528a-88d0-0176756077e0,chapstick,100,high,2,0.05,1.0,1,3,0.28173876,0.28181562,0.28216484,0.28336638
fd63c71e-7a9e-528a-88d0-0176756077e0,chapstick,100,high,3,0.05,1.0,1,3,0.30021927,0.30066532,0.3010257,0.30376875
fd63c71e-7a9e-528a-88d0-0176756077e0,gossip,0,high,0,0.7,0.0,1,4,0.39091268,0.37128755,0.38878998,0.40471685
fd63c71e-7a9e-528a-88d0-0176756077e0,gossip,0,high,1,0.2,0.0,1,4,0.3563363,0.35279888,0.35686377,0.33609897
fd63c71e-7a9e-528a-88d0-0176756077e0,gossip,0,high,2,0.09,0.0,1,4,0.16548002,0.17714629,0.16643,0.16571608
fd63c71e-7a9e-528a-88d0-0176756077e0,gossip,0,high,3,0.01,0.0,1,4,0.08727103,0.098767266,0.087916285,0.09346814
fd63c71e-7a9e-528a-88d0-0176756077e0,hairbrush,50,high,0,0.5,0.5,1,5,0.24310046,0.24601492,0.24151413,0.2609533
fd63c71e-7a9e-528a-88d0-0176756077e0,hairbrush,50,high,1,0.25,0.5,1,5,0.28094515,0.28232118,0.2799106,0.2851407
fd63c71e-7a9e-528a-88d0-0176756077e0,hairbrush,50,high,2,0.15,0.5,1,5,0.26529682,0.2646184,0.26588255,0.25954586
fd63c71e-7a9e-528a-88d0-0176756077e0,hairbrush,50,high,3,0.1,0.5,1,5,0.21065757,0.2070456,0.21269272,0.19436017
fd63c71e-7a9e-528a-88d0-0176756077e0,harmonica,0,low,0,0.8,0.0,0,6,0.4617061,0.47053498,0.46117195,0.47638157
fd63c71e-7a9e-528a-88d0-0176756077e0,harmonica,0,low,1,0.15,0.0,0,6,0.27987576,0.27849358,0.27969128,0.27798775
fd63c71e-7a9e-528a-88d0-0176756077e0,harmonica,0,low,2,0.04,0.0,0,6,0.1980652,0.19440313,0.19841172,0.18892084
fd63c71e-7a9e-528a-88d0-0176756077e0,harmonica,0,low,3,0.01,0.0,0,6,0.060352918,0.056568325,0.060724996,0.056709778
fd63c71e-7a9e-528a-88d0-0176756077e0,hat,50,low,0,0.65,0.5,0,7,0.27053034,0.27300566,0.2696854,0.27618253
fd63c71e-7a9e-528a-88d0-0176756077e0,hat,50,low,1,0.2,0.5,0,7,0.28038535,0.2808034,0.28051093,0.2792195
fd63c71e-7a9e-528a-88d0-0176756077e0,hat,50,low,2,0.12,0.5,0,7,0.26973343,0.27053726,0.26889685,0.27716178
fd63c71e-7a9e-528a-88d0-0176756077e0,hat,50,low,3,0.03,0.5,0,7,0.17935094,0.17565367,0.18090685,0.16743618
fd63c71e-7a9e-528a-88d0-0176756077e0,home,75,high,0,0.55,0.75,1,8,0.20885213,0.20866585,0.20785153,0.20129082
fd63c71e-7a9e-528a-88d0-0176756077e0,home,75,high,1,0.25,0.75,1,8,0.28022653,0.2790894,0.28011686,0.2783098
fd63c71e-7a9e-528a-88d0-0176756077e0,home,75,high,2,0.15,0.75,1,8,0.29703793,0.29704437,0.29776597,0.28414953
fd63c71e-7a9e-528a-88d0-0176756077e0,home,75,high,3,0.05,0.75,1,8,0.21388341,0.21520038,0.21426561,0.23624991
fd63c71e-7a9e-528a-88d0-0176756077e0,locker-room,100,low,0,0.85,1.0,0,9,0.23466483,0.23418413,0.2343483,0.22824976
fd63c71e-7a9e-528a-88d0-0176756077e0,locker-room,100,low,1,0.1,1.0,0,9,0.26142937,0.26143187,0.26159704,0.25688663
fd63c71e-7a9e-528a-88d0-0176756077e0,locker-room,100,low,2,0.03,1.0,0,9,0.26645997,0.2665594,0.2667246,0.262301
fd63c71e-7a9e-528a-88d0-0176756077e0,locker-room,100,low,3,0.02,1.0,0,9,0.23744582,0.23782457,0.23733008,0.25256264
fd63c71e-7a9e-528a-88d0-0176756077e0,navigation,50,high,0,0.5,0.5,1,10,0.22217017,0.21761796,0.21949232,0.20702717
fd63c71e-7a9e-528a-88d0-0176756077e0,navigation,50,high,1,0.35,0.5,1,10,0.3076857,0.30631232,0.30786005,0.3019586
fd63c71e-7a9e-528a-88d0-0176756077e0,navigation,50,high,2,0.1,0.5,1,10,0.24537948,0.24756083,0.24639724,0.25355232
fd63c71e-7a9e-528a-88d0-0176756077e0,navigation,50,high,3,0.05,0.5,1,10,0.22476467,0.22850886,0.22625038,0.23746195
fd63c71e-7a9e-528a-88d0-0176756077e0,payment,0,low,0,0.9,0.0,0,11,0.48975557,0.46472403,0.48853117,0.50007635
fd63c71e-7a9e-528a-88d0-0176756077e0,payment,0,low,1,0.08,0.0,0,11,0.22607416,0.23148936,0.22636406,0.22459666
fd63c71e-7a9e-528a-88d0-0176756077e0,payment,0,low,2,0.01,0.0,0,11,0.17283396,0.18099801,0.17314337,0.16369732
fd63c71e-7a9e-528a-88d0-0176756077e0,payment,0,low,3,0.01,0.0,0,11,0.11133633,0.12278859,0.1119613,0.11162967
fd63c71e-7a9e-528a-88d0-0176756077e0,sauna,50,low,0,0.75,0.5,0,12,0.42656708,0.42981538,0.42816815,0.43910903
fd63c71e-7a9e-528a-88d0-0176756077e0,sauna,50,low,1,0.15,0.5,0,12,0.25340968,0.25434464,0.25221738,0.24914066
fd63c71e-7a9e-528a-88d0-0176756077e0,sauna,50,low,2,0.08,0.5,0,12,0.19746612,0.1966071,0.19673263,0.20281729
fd63c71e-7a9e-528a-88d0-0176756077e0,sauna,50,low,3,0.02,0.5,0,12,0.12255718,0.11923282,0.12288189,0.108933054
fd63c71e-7a9e-528a-88d0-0176756077e0,sleeping-bag,75,low,0,0.5,0.75,0,13,0.33379236,0.33597782,0.33423024,0.33415103
fd63c71e-7a9e-528a-88d0-0176756077e0,sleeping-bag,75,low,1,0.25,0.75,0,13,0.27386603,0.27415982,0.27395415,0.26373908
fd63c71e-7a9e-528a-88d0-0176756077e0,sleeping-bag,75,low,2,0.15,0.75,0,13,0.23965806,0.23879492,0.23983365,0.23110674
fd63c71e-7a9e-528a-88d0-0176756077e0,sleeping-bag,75,low,3,0.1,0.75,0,13,0.15268354,0.15106744,0.15198201,0.17100312
fd63c71e-7a9e-528a-88d0-0176756077e0,sunscreen,75,low,0,0.6,0.75,0,14,0.21066958,0.2116532,0.20963179,0.22157872
fd63c71e-7a9e-528a-88d0-0176756077e0,sunscreen,75,low,1,0.2,0.75,0,14,0.2925483,0.29371384,0.2927062,0.27968952
fd63c71e-7a9e-528a-88d0-0176756077e0,sunscreen,75,low,2,0.15,0.75,0,14,0.26731423,0.2670832,0.26764315,0.2651665
fd63c71e-7a9e-528a-88d0-0176756077e0,sunscreen,75,low,3,0.05,0.75,0,14,0.22946788,0.22754982,0.23001887,0.23356523
fd63c71e-7a9e-528a-88d0-0176756077e0,towel,100,high,0,0.7,1.0,1,15,0.18378663,0.18391876,0.18293646,0.1921935
fd63c71e-7a9e-528a-88d0-0176756077e0,towel,100,high,1,0.25,1.0,1,15,0.29333365,0.29373196,0.29404444,0.2863414
fd63c71e-7a9e-528a-88d0-0176756077e0,towel,100,high,2,0.04,1.0,1,15,0.2575309,0.25749123,0.2575834,0.24257754
fd63c71e-7a9e-528a-88d0-0176756077e0,towel,100,high,3,0.01,1.0,1,15,0.26534885,0.264858,0.26543576,0.27888754
