subject_id,scenario_label,intimacy,motivation,action,p_action,intimacy_scaled,reward_condition,scenario_idx,pred_access_full_gamma
00f163d0-f623-5456-b48c-e09b0d6c6fd5,apples,0,high,0,0.94,0.0,1,0,0.42698184
00f163d0-f623-5456-b48c-e09b0d6c6fd5,apples,0,high,1,0.02,0.0,1,0,0.40298706
00f163d0-f623-5456-b48c-e09b0d6c6fd5,apples,0,high,2,0.02,0.0,1,0,0.09085414
00f163d0-f623-5456-b48c-e09b0d6c6fd5,apples,0,high,3,0.02,0.0,1,0,0.079176955
00f163d0-f623-5456-b48c-e09b0d6c6fd5,basketball,75,low,0,0.59,0.75,0,1,0.42199868
00f163d0-f623-5456-b48c-e09b0d6c6fd5,basketball,75,low,1,0.39,0.75,0,1,0.27848366
00f163d0-f623-5456-b48c-e09b0d6c6fd5,basketball,75,low,2,0.01,0.75,0,1,0.15602612
00f163d0-f623-5456-b48c-e09b0d6c6fd5,basketball,75,low,3,0.01,0.75,0,1,0.1434915
00f163d0-f623-5456-b48c-e09b0d6c6fd5,birthday,0,high,0,0.59,0.0,1,2,0.20118563
00f163d0-f623-5456-b48c-e09b0d6c6fd5,birthday,0,high,1,0.33,0.0,1,2,0.6368108
00f163d0-f623-5456-b48c-e09b0d6c6fd5,birthday,0,high,2,0.05,0.0,1,2,0.12867387
00f163d0-f623-5456-b48c-e09b0d6c6fd5,birthday,0,high,3,0.03,0.0,1,2,0.033329796
00f163d0-f623-5456-b48c-e09b0d6c6fd5,brunch,50,low,0,0.26,0.5,0,3,0.27989364
00f163d0-f623-5456-b48c-e09b0d6c6fd5,brunch,50,low,1,0.41,0.5,0,3,0.3171549
00f163d0-f623-5456-b48c-e09b0d6c6fd5,brunch,50,low,2,0.16,0.5,0,3,0.2594152
00f163d0-f623-5456-b48c-e09b0d6c6fd5,brunch,50,low,3,0.17,0.5,0,3,0.14353625
00f163d0-f623-5456-b48c-e09b0d6c6fd5,cooking,0,low,0,0.48,0.0,0,4,0.8578861
00f163d0-f623-5456-b48c-e09b0d6c6fd5,cooking,0,low,1,0.36,0.0,0,4,0.09232124
00f163d0-f623-5456-b48c-e09b0d6c6fd5,cooking,0,low,2,0.14,0.0,0,4,0.03482614
00f163d0-f623-5456-b48c-e09b0d6c6fd5,cooking,0,low,3,0.02,0.0,0,4,0.014966578
00f163d0-f623-5456-b48c-e09b0d6c6fd5,dip,50,low,0,0.56,0.5,0,5,0.6932131
00f163d0-f623-5456-b48c-e09b0d6c6fd5,dip,50,low,1,0.4,0.5,0,5,0.19159518
00f163d0-f623-5456-b48c-e09b0d6c6fd5,dip,50,low,2,0.03,0.5,0,5,0.08706623
00f163d0-f623-5456-b48c-e09b0d6c6fd5,dip,50,low,3,0.01,0.5,0,5,0.028125498
00f163d0-f623-5456-b48c-e09b0d6c6fd5,drinks,100,low,0,0.42,1.0,0,6,0.56589127
00f163d0-f623-5456-b48c-e09b0d6c6fd5,drinks,100,low,1,0.29,1.0,0,6,0.15074226
00f163d0-f623-5456-b48c-e09b0d6c6fd5,drinks,100,low,2,0.2,1.0,0,6,0.14196308
00f163d0-f623-5456-b48c-e09b0d6c6fd5,drinks,100,low,3,0.09,1.0,0,6,0.14140333
00f163d0-f623-5456-b48c-e09b0d6c6fd5,driving,75,low,0,0.57,0.75,0,7,0.36953267
00f163d0-f623-5456-b48c-e09b0d6c6fd5,driving,75,low,1,0.38,0.75,0,7,0.30730876
00f163d0-f623-5456-b48c-e09b0d6c6fd5,driving,75,low,2,0.04,0.75,0,7,0.21764581
00f163d0-f623-5456-b48c-e09b0d6c6fd5,driving,75,low,3,0.01,0.75,0,7,0.10551278
00f163d0-f623-5456-b48c-e09b0d6c6fd5,fair,100,high,0,0.22,1.0,1,8,0.116963215
00f163d0-f623-5456-b48c-e09b0d6c6fd5,fair,100,high,1,0.46,1.0,1,8,0.2474626
00f163d0-f623-5456-b48c-e09b0d6c6fd5,fair,100,high,2,0.28,1.0,1,8,0.30874684
00f163d0-f623-5456-b48c-e09b0d6c6fd5,fair,100,high,3,0.04,1.0,1,8,0.32682738
00f163d0-f623-5456-b48c-e09b0d6c6fd5,gala,100,high,0,0.45,1.0,1,9,0.08383131
00f163d0-f623-5456-b48c-e09b0d6c6fd5,gala,100,high,1,0.22,1.0,1,9,0.30393267
00f163d0-f623-5456-b48c-e09b0d6c6fd5,gala,100,high,2,0.22,1.0,1,9,0.28360444
00f163d0-f623-5456-b48c-e09b0d6c6fd5,gala,100,high,3,0.11,1.0,1,9,0.32863158
00f163d0-f623-5456-b48c-e09b0d6c6fd5,hike,50,high,0,0.41,0.5,1,10,0.22081594
00f163d0-f623-5456-b48c-e09b0d6c6fd5,hike,50,high,1,0.56,0.5,1,10,0.48932368
00f163d0-f623-5456-b48c-e09b0d6c6fd5,hike,50,high,2,0.02,0.5,1,10,0.17706409
00f163d0-f623-5456-b48c-e09b0d6c6fd5,hike,50,high,3,0.01,0.5,1,10,0.11279631
00f163d0-f623-5456-b48c-e09b0d6c6fd5,oysters,50,high,0,0.43,0.5,1,11,0.24033377
00f163d0-f623-5456-b48c-e09b0d6c6fd5,oysters,50,high,1,0.53,0.5,1,11,0.30433637
00f163d0-f623-5456-b48c-e09b0d6c6fd5,oysters,50,high,2,0.02,0.5,1,11,0.32420126
00f163d0-f623-5456-b48c-e09b0d6c6fd5,oysters,50,high,3,0.02,0.5,1,11,0.1311286
00f163d0-f623-5456-b48c-e09b0d6c6fd5,social,0,low,0,0.76,0.0,0,12,0.82478136
00f163d0-f623-5456-b48c-e09b0d6c6fd5,social,0,low,1,0.22,0.0,0,12,0.042306297
00f163d0-f623-5456-b48c-e09b0d6c6fd5,social,0,low,2,0.01,0.0,0,12,0.10070582
00f163d0-f623-5456-b48c-e09b0d6c6fd5,social,0,low,3,0.01,0.0,0,12,0.032206487
00f163d0-f623-5456-b48c-e09b0d6c6fd5,soup,75,high,0,0.39,0.75,1,13,0.22527981
00f163d0-f623-5456-b48c-e09b0d6c6fd5,soup,75,high,1,0.55,0.75,1,13,0.3707575
00f163d0-f623-5456-b48c-e09b0d6c6fd5,soup,75,high,2,0.03,0.75,1,13,0.21040073
00f163d0-f623-5456-b48c-e09b0d6c6fd5,soup,75,high,3,0.03,0.75,1,13,0.19356199
00f163d0-f623-5456-b48c-e09b0d6c6fd5,takeout,100,low,0,0.19,1.0,0,14,0.3651162
00f163d0-f623-5456-b48c-e09b0d6c6fd5,takeout,100,low,1,0.53,1.0,0,14,0.27645305
00f163d0-f623-5456-b48c-e09b0d6c6fd5,takeout,100,low,2,0.27,1.0,0,14,0.2725342
00f163d0-f623-5456-b48c-e09b0d6c6fd5,takeout,100,low,3,0.01,1.0,0,14,0.085896574
00f163d0-f623-5456-b48c-e09b0d6c6fd5,wedding,75,high,0,0.37,0.75,1,15,0.16501321
00f163d0-f623-5456-b48c-e09b0d6c6fd5,wedding,75,high,1,0.33,0.75,1,15,0.32890013
00f163d0-f623-5456-b48c-e09b0d6c6fd5,wedding,75,high,2,0.27,0.75,1,15,0.27954394
00f163d0-f623-5456-b48c-e09b0d6c6fd5,wedding,75,high,3,0.03,0.75,1,15,0.22654271
016d631b-870f-5249-8608-d9bc2e354682,apples,0,low,0,0.77,0.0,0,0,0.7356681
016d631b-870f-5249-8608-d9bc2e354682,apples,0,low,1,0.11,0.0,0,0,0.1928364
016d631b-870f-5249-8608-d9bc2e354682,apples,0,low,2,0.11,0.0,0,0,0.038202766
016d631b-870f-5249-8608-d9bc2e354682,apples,0,low,3,0.01,0.0,0,0,0.033292685
016d631b-870f-5249-8608-d9bc2e354682,basketball,75,low,0,0.55,0.75,0,1,0.42199868
016d631b-870f-5249-8608-d9bc2e354682,basketball,75,low,1,0.08,0.75,0,1,0.27848366
016d631b-870f-5249-8608-d9bc2e354682,basketball,75,low,2,0.25,0.75,0,1,0.15602612
016d631b-870f-5249-8608-d9bc2e354682,basketball,75,low,3,0.12,0.75,0,1,0.1434915
016d631b-870f-5249-8608-d9bc2e354682,birthday,0,high,0,0.64,0.0,1,2,0.20118563
016d631b-870f-5249-8608-d9bc2e354682,birthday,0,high,1,0.32,0.0,1,2,0.6368108
016d631b-870f-5249-8608-d9bc2e354682,birthday,0,high,2,0.04,0.0,1,2,0.12867387
016d631b-870f-5249-8608-d9bc2e354682,birthday,0,high,3,0.0,0.0,1,2,0.033329796
016d631b-870f-5249-8608-d9bc2e354682,brunch,100,high,0,0.0,1.0,1,3,0.23770595
016d631b-870f-5249-8608-d9bc2e354682,brunch,100,high,1,0.05,1.0,1,3,0.22106798
016d631b-870f-5249-8608-d9bc2e354682,brunch,100,high,2,0.49,1.0,1,3,0.2566543
016d631b-870f-5249-8608-d9bc2e354682,brunch,100,high,3,0.46,1.0,1,3,0.2845718
016d631b-870f-5249-8608-d9bc2e354682,cooking,75,high,0,0.0,0.75,1,4,0.14785571
016d631b-870f-5249-8608-d9bc2e354682,cooking,75,high,1,0.33,0.75,1,4,0.3630791
016d631b-870f-5249-8608-d9bc2e354682,cooking,75,high,2,0.19,0.75,1,4,0.26713452
016d631b-870f-5249-8608-d9bc2e354682,cooking,75,high,3,0.48,0.75,1,4,0.22193062
016d631b-870f-5249-8608-d9bc2e354682,dip,0,high,0,0.0,0.0,1,5,0.17585786
016d631b-870f-5249-8608-d9bc2e354682,dip,0,high,1,1.0,0.0,1,5,0.6451156
016d631b-870f-5249-8608-d9bc2e354682,dip,0,high,2,0.0,0.0,1,5,0.1563427
016d631b-870f-5249-8608-d9bc2e354682,dip,0,high,3,0.0,0.0,1,5,0.022683876
016d631b-870f-5249-8608-d9bc2e354682,drinks,0,low,0,0.83,0.0,0,6,0.85738873
016d631b-870f-5249-8608-d9bc2e354682,drinks,0,low,1,0.17,0.0,0,6,0.10405775
016d631b-870f-5249-8608-d9bc2e354682,drinks,0,low,2,0.0,0.0,0,6,0.027316885
016d631b-870f-5249-8608-d9bc2e354682,drinks,0,low,3,0.0,0.0,0,6,0.011236587
016d631b-870f-5249-8608-d9bc2e354682,driving,50,high,0,0.07,0.5,1,7,0.16074733
016d631b-870f-5249-8608-d9bc2e354682,driving,50,high,1,0.88,0.5,1,7,0.4870178
016d631b-870f-5249-8608-d9bc2e354682,driving,50,high,2,0.02,0.5,1,7,0.25592417
016d631b-870f-5249-8608-d9bc2e354682,driving,50,high,3,0.03,0.5,1,7,0.09631069
016d631b-870f-5249-8608-d9bc2e354682,fair,100,low,0,0.0,1.0,0,8,0.37053174
016d631b-870f-5249-8608-d9bc2e354682,fair,100,low,1,0.44,1.0,0,8,0.2363968
016d631b-870f-5249-8608-d9bc2e354682,fair,100,low,2,0.36,1.0,0,8,0.2622352
016d631b-870f-5249-8608-d9bc2e354682,fair,100,low,3,0.2,1.0,0,8,0.1308363
016d631b-870f-5249-8608-d9bc2e354682,gala,75,high,0,0.0,0.75,1,9,0.15333995
016d631b-870f-5249-8608-d9bc2e354682,gala,75,high,1,0.0,0.75,1,9,0.36573878
016d631b-870f-5249-8608-d9bc2e354682,gala,75,high,2,0.63,0.75,1,9,0.25414434
016d631b-870f-5249-8608-d9bc2e354682,gala,75,high,3,0.37,0.75,1,9,0.22677697
016d631b-870f-5249-8608-d9bc2e354682,hike,100,high,0,0.0,1.0,1,10,0.10209092
016d631b-870f-5249-8608-d9bc2e354682,hike,100,high,1,0.13,1.0,1,10,0.34788167
016d631b-870f-5249-8608-d9bc2e354682,hike,100,high,2,0.58,1.0,1,10,0.27311608
016d631b-870f-5249-8608-d9bc2e354682,hike,100,high,3,0.29,1.0,1,10,0.27691132
016d631b-870f-5249-8608-d9bc2e354682,oysters,50,low,0,0.93,0.5,0,11,0.5016542
016d631b-870f-5249-8608-d9bc2e354682,oysters,50,low,1,0.07,0.5,0,11,0.17642859
016d631b-870f-5249-8608-d9bc2e354682,oysters,50,low,2,0.0,0.5,0,11,0.2551191
016d631b-870f-5249-8608-d9bc2e354682,oysters,50,low,3,0.0,0.5,0,11,0.066798165
016d631b-870f-5249-8608-d9bc2e354682,social,100,low,0,0.71,1.0,0,12,0.28530437
016d631b-870f-5249-8608-d9bc2e354682,social,100,low,1,0.01,1.0,0,12,0.23726287
016d631b-870f-5249-8608-d9bc2e354682,social,100,low,2,0.24,1.0,0,12,0.26501882
016d631b-870f-5249-8608-d9bc2e354682,social,100,low,3,0.04,1.0,0,12,0.21241392
016d631b-870f-5249-8608-d9bc2e354682,soup,75,low,0,0.9,0.75,0,13,0.25817782
016d631b-870f-5249-8608-d9bc2e354682,soup,75,low,1,0.06,0.75,0,13,0.36900678
016d631b-870f-5249-8608-d9bc2e354682,soup,75,low,2,0.04,0.75,0,13,0.19745578
016d631b-870f-5249-8608-d9bc2e354682,soup,75,low,3,0.0,0.75,0,13,0.17535962
016d631b-870f-5249-8608-d9bc2e354682,takeout,50,low,0,0.7,0.5,0,14,0.56748694
016d631b-870f-5249-8608-d9bc2e354682,takeout,50,low,1,0.3,0.5,0,14,0.30020222
016d631b-870f-5249-8608-d9bc2e354682,takeout,50,low,2,0.0,0.5,0,14,0.10843349
016d631b-870f-5249-8608-d9bc2e354682,takeout,50,low,3,0.0,0.5,0,14,0.023877341
016d631b-870f-5249-8608-d9bc2e354682,wedding,50,high,0,0.05,0.5,1,15,0.23947777
016d631b-870f-5249-8608-d9bc2e354682,wedding,50,high,1,0.84,0.5,1,15,0.35416168
016d631b-870f-5249-8608-d9bc2e354682,wedding,50,high,2,0.11,0.5,1,15,0.2457274
016d631b-870f-5249-8608-d9bc2e354682,wedding,50,high,3,0.0,0.5,1,15,0.16063312
0383cffe-7969-5917-85d5-e47d0c729fcc,apples,50,high,0,0.13,0.5,1,0,0.25700086
0383cffe-7969-5917-85d5-e47d0c729fcc,apples,50,high,1,0.87,0.5,1,0,0.4043876
0383cffe-7969-5917-85d5-e47d0c729fcc,apples,50,high,2,0.0,0.5,1,0,0.17610174
0383cffe-7969-5917-85d5-e47d0c729fcc,apples,50,high,3,0.0,0.5,1,0,0.1625098
0383cffe-7969-5917-85d5-e47d0c729fcc,basketball,0,low,0,0.68,0.0,0,1,0.59798855
0383cffe-7969-5917-85d5-e47d0c729fcc,basketball,0,low,1,0.32,0.0,0,1,0.33563203
0383cffe-7969-5917-85d5-e47d0c729fcc,basketball,0,low,2,0.0,0.0,0,1,0.03724604
0383cffe-7969-5917-85d5-e47d0c729fcc,basketball,0,low,3,0.0,0.0,0,1,0.02913338
0383cffe-7969-5917-85d5-e47d0c729fcc,birthday,100,high,0,0.03,1.0,1,2,0.09661102
0383cffe-7969-5917-85d5-e47d0c729fcc,birthday,100,high,1,0.97,1.0,1,2,0.30580187
0383cffe-7969-5917-85d5-e47d0c729fcc,birthday,100,high,2,0.0,1.0,1,2,0.3316454
0383cffe-7969-5917-85d5-e47d0c729fcc,birthday,100,high,3,0.0,1.0,1,2,0.2659417
0383cffe-7969-5917-85d5-e47d0c729fcc,brunch,100,low,0,0.74,1.0,0,3,0.25663456
0383cffe-7969-5917-85d5-e47d0c729fcc,brunch,100,low,1,0.14,1.0,0,3,0.21827695
0383cffe-7969-5917-85d5-e47d0c729fcc,brunch,100,low,2,0.09,1.0,0,3,0.2570134
0383cffe-7969-5917-85d5-e47d0c729fcc,brunch,100,low,3,0.03,1.0,0,3,0.26807508
0383cffe-7969-5917-85d5-e47d0c729fcc,cooking,100,low,0,0.62,1.0,0,4,0.56390643
0383cffe-7969-5917-85d5-e47d0c729fcc,cooking,100,low,1,0.18,1.0,0,4,0.1621197
0383cffe-7969-5917-85d5-e47d0c729fcc,cooking,100,low,2,0.04,1.0,0,4,0.14098814
0383cffe-7969-5917-85d5-e47d0c729fcc,cooking,100,low,3,0.16,1.0,0,4,0.13298574
0383cffe-7969-5917-85d5-e47d0c729fcc,dip,50,low,0,0.85,0.5,0,5,0.6932131
0383cffe-7969-5917-85d5-e47d0c729fcc,dip,50,low,1,0.15,0.5,0,5,0.19159518
0383cffe-7969-5917-85d5-e47d0c729fcc,dip,50,low,2,0.0,0.5,0,5,0.08706623
0383cffe-7969-5917-85d5-e47d0c729fcc,dip,50,low,3,0.0,0.5,0,5,0.028125498
0383cffe-7969-5917-85d5-e47d0c729fcc,drinks,100,high,0,0.18,1.0,1,6,0.17412922
0383cffe-7969-5917-85d5-e47d0c729fcc,drinks,100,high,1,0.82,1.0,1,6,0.28677985
0383cffe-7969-5917-85d5-e47d0c729fcc,drinks,100,high,2,0.0,1.0,1,6,0.2700779
0383cffe-7969-5917-85d5-e47d0c729fcc,drinks,100,high,3,0.0,1.0,1,6,0.269013
0383cffe-7969-5917-85d5-e47d0c729fcc,driving,0,high,0,0.0,0.0,1,7,0.19378443
0383cffe-7969-5917-85d5-e47d0c729fcc,driving,0,high,1,1.0,0.0,1,7,0.58711064
0383cffe-7969-5917-85d5-e47d0c729fcc,driving,0,high,2,0.0,0.0,1,7,0.18505675
0383cffe-7969-5917-85d5-e47d0c729fcc,driving,0,high,3,0.0,0.0,1,7,0.034048196
0383cffe-7969-5917-85d5-e47d0c729fcc,fair,0,high,0,0.0,0.0,1,8,0.32640508
0383cffe-7969-5917-85d5-e47d0c729fcc,fair,0,high,1,0.94,0.0,1,8,0.540167
0383cffe-7969-5917-85d5-e47d0c729fcc,fair,0,high,2,0.06,0.0,1,8,0.08559175
0383cffe-7969-5917-85d5-e47d0c729fcc,fair,0,high,3,0.0,0.0,1,8,0.047836132
0383cffe-7969-5917-85d5-e47d0c729fcc,gala,75,high,0,0.05,0.75,1,9,0.15333995
0383cffe-7969-5917-85d5-e47d0c729fcc,gala,75,high,1,0.6,0.75,1,9,0.36573878
0383cffe-7969-5917-85d5-e47d0c729fcc,gala,75,high,2,0.24,0.75,1,9,0.25414434
0383cffe-7969-5917-85d5-e47d0c729fcc,gala,75,high,3,0.11,0.75,1,9,0.22677697
0383cffe-7969-5917-85d5-e47d0c729fcc,hike,75,low,0,0.93,0.75,0,10,0.4188641
0383cffe-7969-5917-85d5-e47d0c729fcc,hike,75,low,1,0.07,0.75,0,10,0.2709454
0383cffe-7969-5917-85d5-e47d0c729fcc,hike,75,low,2,0.0,0.75,0,10,0.19254148
0383cffe-7969-5917-85d5-e47d0c729fcc,hike,75,low,3,0.0,0.75,0,10,0.117649004
0383cffe-7969-5917-85d5-e47d0c729fcc,oysters,0,low,0,1.0,0.0,0,11,0.64080536
0383cffe-7969-5917-85d5-e47d0c729fcc,oysters,0,low,1,0.0,0.0,0,11,0.12204299
0383cffe-7969-5917-85d5-e47d0c729fcc,oysters,0,low,2,0.0,0.0,0,11,0.21212909
0383cffe-7969-5917-85d5-e47d0c729fcc,oysters,0,low,3,0.0,0.0,0,11,0.025022497
0383cffe-7969-5917-85d5-e47d0c729fcc,social,75,high,0,0.0,0.75,1,12,0.26838598
0383cffe-7969-5917-85d5-e47d0c729fcc,social,75,high,1,0.97,0.75,1,12,0.22903113
0383cffe-7969-5917-85d5-e47d0c729fcc,social,75,high,2,0.02,0.75,1,12,0.2943885
0383cffe-7969-5917-85d5-e47d0c729fcc,social,75,high,3,0.01,0.75,1,12,0.20819436
0383cffe-7969-5917-85d5-e47d0c729fcc,soup,50,high,0,0.29,0.5,1,13,0.2746141
0383cffe-7969-5917-85d5-e47d0c729fcc,soup,50,high,1,0.14,0.5,1,13,0.4519501
0383cffe-7969-5917-85d5-e47d0c729fcc,soup,50,high,2,0.0,0.5,1,13,0.15815441
0383cffe-7969-5917-85d5-e47d0c729fcc,soup,50,high,3,0.57,0.5,1,13,0.11528138
0383cffe-7969-5917-85d5-e47d0c729fcc,takeout,50,low,0,0.93,0.5,0,14,0.56748694
0383cffe-7969-5917-85d5-e47d0c729fcc,takeout,50,low,1,0.07,0.5,0,14,0.30020222
0383cffe-7969-5917-85d5-e47d0c729fcc,takeout,50,low,2,0.0,0.5,0,14,0.10843349
0383cffe-7969-5917-85d5-e47d0c729fcc,takeout,50,low,3,0.0,0.5,0,14,0.023877341
0383cffe-7969-5917-85d5-e47d0c729fcc,wedding,75,low,0,1.0,0.75,0,15,0.51931244
0383cffe-7969-5917-85d5-e47d0c729fcc,wedding,75,low,1,0.0,0.75,0,15,0.2142844
0383cffe-7969-5917-85d5-e47d0c729fcc,wedding,75,low,2,0.0,0.75,0,15,0.16972683
0383cffe-7969-5917-85d5-e47d0c729fcc,wedding,75,low,3,0.0,0.75,0,15,0.09667626
0872f56d-77a1-55ee-a5a1-726393de53df,apples,100,high,0,0.12,1.0,1,0,0.08853757
0872f56d-77a1-55ee-a5a1-726393de53df,apples,100,high,1,0.64,1.0,1,0,0.2854008
0872f56d-77a1-55ee-a5a1-726393de53df,apples,100,high,2,0.12,1.0,1,0,0.3130308
0872f56d-77a1-55ee-a5a1-726393de53df,apples,100,high,3,0.12,1.0,1,0,0.31303078
0872f56d-77a1-55ee-a5a1-726393de53df,basketball,0,high,0,0.08,0.0,1,1,0.34058285
0872f56d-77a1-55ee-a5a1-726393de53df,basketball,0,high,1,0.76,0.0,1,1,0.5505353
0872f56d-77a1-55ee-a5a1-726393de53df,basketball,0,high,2,0.08,0.0,1,1,0.061094463
0872f56d-77a1-55ee-a5a1-726393de53df,basketball,0,high,3,0.08,0.0,1,1,0.047787316
0872f56d-77a1-55ee-a5a1-726393de53df,birthday,75,low,0,0.19,0.75,0,2,0.25470307
0872f56d-77a1-55ee-a5a1-726393de53df,birthday,75,low,1,0.43,0.75,0,2,0.36682245
0872f56d-77a1-55ee-a5a1-726393de53df,birthday,75,low,2,0.19,0.75,0,2,0.24243777
0872f56d-77a1-55ee-a5a1-726393de53df,birthday,75,low,3,0.19,0.75,0,2,0.13603675
0872f56d-77a1-55ee-a5a1-726393de53df,brunch,50,high,0,0.14,0.5,1,3,0.26137137
0872f56d-77a1-55ee-a5a1-726393de53df,brunch,50,high,1,0.14,0.5,1,3,0.3238393
0872f56d-77a1-55ee-a5a1-726393de53df,brunch,50,high,2,0.58,0.5,1,3,0.26117304
0872f56d-77a1-55ee-a5a1-726393de53df,brunch,50,high,3,0.14,0.5,1,3,0.15361626
0872f56d-77a1-55ee-a5a1-726393de53df,cooking,75,low,0,0.67,0.75,0,4,0.6957702
0872f56d-77a1-55ee-a5a1-726393de53df,cooking,75,low,1,0.11,0.75,0,4,0.14309031
0872f56d-77a1-55ee-a5a1-726393de53df,cooking,75,low,2,0.11,0.75,0,4,0.093604214
0872f56d-77a1-55ee-a5a1-726393de53df,cooking,75,low,3,0.11,0.75,0,4,0.06753522
0872f56d-77a1-55ee-a5a1-726393de53df,dip,0,low,0,0.61,0.0,0,5,0.7331288
0872f56d-77a1-55ee-a5a1-726393de53df,dip,0,low,1,0.13,0.0,0,5,0.20262736
0872f56d-77a1-55ee-a5a1-726393de53df,dip,0,low,2,0.13,0.0,0,5,0.055230852
0872f56d-77a1-55ee-a5a1-726393de53df,dip,0,low,3,0.13,0.0,0,5,0.00901291
0872f56d-77a1-55ee-a5a1-726393de53df,drinks,100,low,0,0.13,1.0,0,6,0.56589127
0872f56d-77a1-55ee-a5a1-726393de53df,drinks,100,low,1,0.13,1.0,0,6,0.15074226
0872f56d-77a1-55ee-a5a1-726393de53df,drinks,100,low,2,0.13,1.0,0,6,0.14196308
0872f56d-77a1-55ee-a5a1-726393de53df,drinks,100,low,3,0.61,1.0,0,6,0.14140333
0872f56d-77a1-55ee-a5a1-726393de53df,driving,50,high,0,0.1,0.5,1,7,0.16074733
0872f56d-77a1-55ee-a5a1-726393de53df,driving,50,high,1,0.7,0.5,1,7,0.4870178
0872f56d-77a1-55ee-a5a1-726393de53df,driving,50,high,2,0.1,0.5,1,7,0.25592417
0872f56d-77a1-55ee-a5a1-726393de53df,driving,50,high,3,0.1,0.5,1,7,0.09631069
0872f56d-77a1-55ee-a5a1-726393de53df,fair,0,low,0,0.08,0.0,0,8,0.62978035
0872f56d-77a1-55ee-a5a1-726393de53df,fair,0,low,1,0.76,0.0,0,8,0.31427956
0872f56d-77a1-55ee-a5a1-726393de53df,fair,0,low,2,0.08,0.0,0,8,0.04427682
0872f56d-77a1-55ee-a5a1-726393de53df,fair,0,low,3,0.08,0.0,0,8,0.011663312
0872f56d-77a1-55ee-a5a1-726393de53df,gala,0,high,0,0.2,0.0,1,9,0.36991814
0872f56d-77a1-55ee-a5a1-726393de53df,gala,0,high,1,0.4,0.0,1,9,0.39267284
0872f56d-77a1-55ee-a5a1-726393de53df,gala,0,high,2,0.2,0.0,1,9,0.15431948
0872f56d-77a1-55ee-a5a1-726393de53df,gala,0,high,3,0.2,0.0,1,9,0.083089605
0872f56d-77a1-55ee-a5a1-726393de53df,hike,50,low,0,0.2,0.5,0,10,0.51034856
0872f56d-77a1-55ee-a5a1-726393de53df,hike,50,low,1,0.4,0.5,0,10,0.27600068
0872f56d-77a1-55ee-a5a1-726393de53df,hike,50,low,2,0.2,0.5,0,10,0.1420938
0872f56d-77a1-55ee-a5a1-726393de53df,hike,50,low,3,0.2,0.5,0,10,0.07155705
0872f56d-77a1-55ee-a5a1-726393de53df,oysters,100,low,0,0.15,1.0,0,11,0.28530428
0872f56d-77a1-55ee-a5a1-726393de53df,oysters,100,low,1,0.55,1.0,0,11,0.237263
0872f56d-77a1-55ee-a5a1-726393de53df,oysters,100,low,2,0.15,1.0,0,11,0.2650189
0872f56d-77a1-55ee-a5a1-726393de53df,oysters,100,low,3,0.15,1.0,0,11,0.21241386
0872f56d-77a1-55ee-a5a1-726393de53df,social,50,low,0,0.76,0.5,0,12,0.6326194
0872f56d-77a1-55ee-a5a1-726393de53df,social,50,low,1,0.08,0.5,0,12,0.10343386
0872f56d-77a1-55ee-a5a1-726393de53df,social,50,low,2,0.08,0.5,0,12,0.17970979
0872f56d-77a1-55ee-a5a1-726393de53df,social,50,low,3,0.08,0.5,0,12,0.08423695
0872f56d-77a1-55ee-a5a1-726393de53df,soup,100,high,0,0.1,1.0,1,13,0.14633904
0872f56d-77a1-55ee-a5a1-726393de53df,soup,100,high,1,0.1,1.0,1,13,0.24083959
0872f56d-77a1-55ee-a5a1-726393de53df,soup,100,high,2,0.1,1.0,1,13,0.26933384
0872f56d-77a1-55ee-a5a1-726393de53df,soup,100,high,3,0.7,1.0,1,13,0.34348753
0872f56d-77a1-55ee-a5a1-726393de53df,takeout,75,high,0,0.12,0.75,1,14,0.2439953
0872f56d-77a1-55ee-a5a1-726393de53df,takeout,75,high,1,0.64,0.75,1,14,0.45767552
0872f56d-77a1-55ee-a5a1-726393de53df,takeout,75,high,2,0.12,0.75,1,14,0.2510497
0872f56d-77a1-55ee-a5a1-726393de53df,takeout,75,high,3,0.12,0.75,1,14,0.047279578
0872f56d-77a1-55ee-a5a1-726393de53df,wedding,75,high,0,0.12,0.75,1,15,0.16501321
0872f56d-77a1-55ee-a5a1-726393de53df,wedding,75,high,1,0.12,0.75,1,15,0.32890013
0872f56d-77a1-55ee-a5a1-726393de53df,wedding,75,high,2,0.64,0.75,1,15,0.27954394
0872f56d-77a1-55ee-a5a1-726393de53df,wedding,75,high,3,0.12,0.75,1,15,0.22654271
0d8efafa-c343-5c93-b244-201b9956a453,apples,100,low,0,0.13,1.0,0,0,0.2761688
0d8efafa-c343-5c93-b244-201b9956a453,apples,100,low,1,0.21,1.0,0,0,0.247245
0d8efafa-c343-5c93-b244-201b9956a453,apples,100,low,2,0.3,1.0,0,0,0.23829313
0d8efafa-c343-5c93-b244-201b9956a453,apples,100,low,3,0.36,1.0,0,0,0.23829311
0d8efafa-c343-5c93-b244-201b9956a453,basketball,0,high,0,0.13,0.0,1,1,0.34058285
0d8efafa-c343-5c93-b244-201b9956a453,basketball,0,high,1,0.62,0.0,1,1,0.5505353
0d8efafa-c343-5c93-b244-201b9956a453,basketball,0,high,2,0.2,0.0,1,1,0.061094463
0d8efafa-c343-5c93-b244-201b9956a453,basketball,0,high,3,0.05,0.0,1,1,0.047787316
0d8efafa-c343-5c93-b244-201b9956a453,birthday,0,low,0,0.4,0.0,0,2,0.3523034
0d8efafa-c343-5c93-b244-201b9956a453,birthday,0,low,1,0.43,0.0,0,2,0.507386
0d8efafa-c343-5c93-b244-201b9956a453,birthday,0,low,2,0.14,0.0,0,2,0.110791706
0d8efafa-c343-5c93-b244-201b9956a453,birthday,0,low,3,0.03,0.0,0,2,0.029518887
0d8efafa-c343-5c93-b244-201b9956a453,brunch,0,low,0,0.23,0.0,0,3,0.2796343
0d8efafa-c343-5c93-b244-201b9956a453,brunch,0,low,1,0.38,0.0,0,3,0.38874203
0d8efafa-c343-5c93-b244-201b9956a453,brunch,0,low,2,0.26,0.0,0,3,0.24525556
0d8efafa-c343-5c93-b244-201b9956a453,brunch,0,low,3,0.13,0.0,0,3,0.086368114
0d8efafa-c343-5c93-b244-201b9956a453,cooking,75,low,0,0.19,0.75,0,4,0.6957702
0d8efafa-c343-5c93-b244-201b9956a453,cooking,75,low,1,0.37,0.75,0,4,0.14309031
0d8efafa-c343-5c93-b244-201b9956a453,cooking,75,low,2,0.22,0.75,0,4,0.093604214
0d8efafa-c343-5c93-b244-201b9956a453,cooking,75,low,3,0.22,0.75,0,4,0.06753522
0d8efafa-c343-5c93-b244-201b9956a453,dip,50,high,0,0.05,0.5,1,5,0.1520621
0d8efafa-c343-5c93-b244-201b9956a453,dip,50,high,1,0.41,0.5,1,5,0.5578234
0d8efafa-c343-5c93-b244-201b9956a453,dip,50,high,2,0.36,0.5,1,5,0.22538151
0d8efafa-c343-5c93-b244-201b9956a453,dip,50,high,3,0.18,0.5,1,5,0.06473294
0d8efafa-c343-5c93-b244-201b9956a453,drinks,75,low,0,0.5,0.75,0,6,0.7045375
0d8efafa-c343-5c93-b244-201b9956a453,drinks,75,low,1,0.3,0.75,0,6,0.1435551
0d8efafa-c343-5c93-b244-201b9956a453,drinks,75,low,2,0.15,0.75,0,6,0.08746405
0d8efafa-c343-5c93-b244-201b9956a453,drinks,75,low,3,0.05,0.75,0,6,0.06444328
0d8efafa-c343-5c93-b244-201b9956a453,driving,50,low,0,0.22,0.5,0,7,0.41526043
0d8efafa-c343-5c93-b244-201b9956a453,driving,50,low,1,0.43,0.5,0,7,0.34533665
0d8efafa-c343-5c93-b244-201b9956a453,driving,50,low,2,0.23,0.5,0,7,0.1814718
0d8efafa-c343-5c93-b244-201b9956a453,driving,50,low,3,0.12,0.5,0,7,0.05793105
0d8efafa-c343-5c93-b244-201b9956a453,fair,100,high,0,0.06,1.0,1,8,0.116963215
0d8efafa-c343-5c93-b244-201b9956a453,fair,100,high,1,0.16,1.0,1,8,0.2474626
0d8efafa-c343-5c93-b244-201b9956a453,fair,100,high,2,0.39,1.0,1,8,0.30874684
0d8efafa-c343-5c93-b244-201b9956a453,fair,100,high,3,0.39,1.0,1,8,0.32682738
0d8efafa-c343-5c93-b244-201b9956a453,gala,50,low,0,0.7,0.5,0,9,0.79520184
0d8efafa-c343-5c93-b244-201b9956a453,gala,50,low,1,0.21,0.5,0,9,0.10983461
0d8efafa-c343-5c93-b244-201b9956a453,gala,50,low,2,0.07,0.5,0,9,0.059997436
0d8efafa-c343-5c93-b244-201b9956a453,gala,50,low,3,0.02,0.5,0,9,0.034966037
0d8efafa-c343-5c93-b244-201b9956a453,hike,50,high,0,0.06,0.5,1,10,0.22081594
0d8efafa-c343-5c93-b244-201b9956a453,hike,50,high,1,0.57,0.5,1,10,0.48932368
0d8efafa-c343-5c93-b244-201b9956a453,hike,50,high,2,0.26,0.5,1,10,0.17706409
0d8efafa-c343-5c93-b244-201b9956a453,hike,50,high,3,0.11,0.5,1,10,0.11279631
0d8efafa-c343-5c93-b244-201b9956a453,oysters,0,high,0,0.54,0.0,1,11,0.36713034
0d8efafa-c343-5c93-b244-201b9956a453,oysters,0,high,1,0.31,0.0,1,11,0.251757
0d8efafa-c343-5c93-b244-201b9956a453,oysters,0,high,2,0.14,0.0,1,11,0.32237086
0d8efafa-c343-5c93-b244-201b9956a453,oysters,0,high,3,0.01,0.0,1,11,0.058741804
0d8efafa-c343-5c93-b244-201b9956a453,social,100,low,0,0.49,1.0,0,12,0.28530437
0d8efafa-c343-5c93-b244-201b9956a453,social,100,low,1,0.22,1.0,0,12,0.23726287
0d8efafa-c343-5c93-b244-201b9956a453,social,100,low,2,0.16,1.0,0,12,0.26501882
0d8efafa-c343-5c93-b244-201b9956a453,social,100,low,3,0.13,1.0,0,12,0.21241392
0d8efafa-c343-5c93-b244-201b9956a453,soup,75,high,0,0.12,0.75,1,13,0.22527981
0d8efafa-c343-5c93-b244-201b9956a453,soup,75,high,1,0.29,0.75,1,13,0.3707575
0d8efafa-c343-5c93-b244-201b9956a453,soup,75,high,2,0.38,0.75,1,13,0.21040073
0d8efafa-c343-5c93-b244-201b9956a453,soup,75,high,3,0.21,0.75,1,13,0.19356199
0d8efafa-c343-5c93-b244-201b9956a453,takeout,100,high,0,0.06,1.0,1,14,0.16335048
0d8efafa-c343-5c93-b244-201b9956a453,takeout,100,high,1,0.18,1.0,1,14,0.37776726
0d8efafa-c343-5c93-b244-201b9956a453,takeout,100,high,2,0.54,1.0,1,14,0.37241223
0d8efafa-c343-5c93-b244-201b9956a453,takeout,100,high,3,0.22,1.0,1,14,0.086470015
0d8efafa-c343-5c93-b244-201b9956a453,wedding,75,high,0,0.06,0.75,1,15,0.16501321
0d8efafa-c343-5c93-b244-201b9956a453,wedding,75,high,1,0.4,0.75,1,15,0.32890013
0d8efafa-c343-5c93-b244-201b9956a453,wedding,75,high,2,0.27,0.75,1,15,0.27954394
0d8efafa-c343-5c93-b244-201b9956a453,wedding,75,high,3,0.27,0.75,1,15,0.22654271
108de2c6-ae82-548b-88df-50b707abe8fa,apples,0,high,0,0.0,0.0,1,0,0.42698184
108de2c6-ae82-548b-88df-50b707abe8fa,apples,0,high,1,0.97,0.0,1,0,0.40298706
108de2c6-ae82-548b-88df-50b707abe8fa,apples,0,high,2,0.03,0.0,1,0,0.09085414
108de2c6-ae82-548b-88df-50b707abe8fa,apples,0,high,3,0.0,0.0,1,0,0.079176955
108de2c6-ae82-548b-88df-50b707abe8fa,basketball,50,high,0,0.0,0.5,1,1,0.26170138
108de2c6-ae82-548b-88df-50b707abe8fa,basketball,50,high,1,0.87,0.5,1,1,0.46855953
108de2c6-ae82-548b-88df-50b707abe8fa,basketball,50,high,2,0.13,0.5,1,1,0.1445255
108de2c6-ae82-548b-88df-50b707abe8fa,basketball,50,high,3,0.0,0.5,1,1,0.12521361
108de2c6-ae82-548b-88df-50b707abe8fa,birthday,100,low,0,0.2,1.0,0,2,0.18114941
108de2c6-ae82-548b-88df-50b707abe8fa,birthday,100,low,1,0.5,1.0,0,2,0.26089072
108de2c6-ae82-548b-88df-50b707abe8fa,birthday,100,low,2,0.25,1.0,0,2,0.30576038
108de2c6-ae82-548b-88df-50b707abe8fa,birthday,100,low,3,0.05,1.0,0,2,0.2521995
108de2c6-ae82-548b-88df-50b707abe8fa,brunch,75,high,0,0.0,0.75,1,3,0.2549862
108de2c6-ae82-548b-88df-50b707abe8fa,brunch,75,high,1,0.0,0.75,1,3,0.28037846
108de2c6-ae82-548b-88df-50b707abe8fa,brunch,75,high,2,0.5,0.75,1,3,0.2631387
108de2c6-ae82-548b-88df-50b707abe8fa,brunch,75,high,3,0.5,0.75,1,3,0.20149668
108de2c6-ae82-548b-88df-50b707abe8fa,cooking,100,low,0,1.0,1.0,0,4,0.56390643
108de2c6-ae82-548b-88df-50b707abe8fa,cooking,100,low,1,0.0,1.0,0,4,0.1621197
108de2c6-ae82-548b-88df-50b707abe8fa,cooking,100,low,2,0.0,1.0,0,4,0.14098814
108de2c6-ae82-548b-88df-50b707abe8fa,cooking,100,low,3,0.0,1.0,0,4,0.13298574
108de2c6-ae82-548b-88df-50b707abe8fa,dip,50,low,0,1.0,0.5,0,5,0.6932131
108de2c6-ae82-548b-88df-50b707abe8fa,dip,50,low,1,0.0,0.5,0,5,0.19159518
108de2c6-ae82-548b-88df-50b707abe8fa,dip,50,low,2,0.0,0.5,0,5,0.08706623
108de2c6-ae82-548b-88df-50b707abe8fa,dip,50,low,3,0.0,0.5,0,5,0.028125498
108de2c6-ae82-548b-88df-50b707abe8fa,drinks,0,low,0,1.0,0.0,0,6,0.85738873
108de2c6-ae82-548b-88df-50b707abe8fa,drinks,0,low,1,0.0,0.0,0,6,0.10405775
108de2c6-ae82-548b-88df-50b707abe8fa,drinks,0,low,2,0.0,0.0,0,6,0.027316885
108de2c6-ae82-548b-88df-50b707abe8fa,drinks,0,low,3,0.0,0.0,0,6,0.011236587
108de2c6-ae82-548b-88df-50b707abe8fa,driving,75,high,0,0.14,0.75,1,7,0.1351035
108de2c6-ae82-548b-88df-50b707abe8fa,driving,75,high,1,0.55,0.75,1,7,0.40932438
108de2c6-ae82-548b-88df-50b707abe8fa,driving,75,high,2,0.16,0.75,1,7,0.28989655
108de2c6-ae82-548b-88df-50b707abe8fa,driving,75,high,3,0.15,0.75,1,7,0.16567567
108de2c6-ae82-548b-88df-50b707abe8fa,fair,50,low,0,0.0,0.5,0,8,0.5556539
108de2c6-ae82-548b-88df-50b707abe8fa,fair,50,low,1,0.85,0.5,0,8,0.30713385
108de2c6-ae82-548b-88df-50b707abe8fa,fair,50,low,2,0.1,0.5,0,8,0.10212145
108de2c6-ae82-548b-88df-50b707abe8fa,fair,50,low,3,0.05,0.5,0,8,0.035090752
108de2c6-ae82-548b-88df-50b707abe8fa,gala,50,high,0,0.0,0.5,1,9,0.22198972
108de2c6-ae82-548b-88df-50b707abe8fa,gala,50,high,1,0.69,0.5,1,9,0.39286163
108de2c6-ae82-548b-88df-50b707abe8fa,gala,50,high,2,0.21,0.5,1,9,0.22126077
108de2c6-ae82-548b-88df-50b707abe8fa,gala,50,high,3,0.1,0.5,1,9,0.1638879
108de2c6-ae82-548b-88df-50b707abe8fa,hike,75,low,0,0.45,0.75,0,10,0.4188641
108de2c6-ae82-548b-88df-50b707abe8fa,hike,75,low,1,0.4,0.75,0,10,0.2709454
108de2c6-ae82-548b-88df-50b707abe8fa,hike,75,low,2,0.1,0.75,0,10,0.19254148
108de2c6-ae82-548b-88df-50b707abe8fa,hike,75,low,3,0.05,0.75,0,10,0.117649004
108de2c6-ae82-548b-88df-50b707abe8fa,oysters,0,low,0,1.0,0.0,0,11,0.64080536
108de2c6-ae82-548b-88df-50b707abe8fa,oysters,0,low,1,0.0,0.0,0,11,0.12204299
108de2c6-ae82-548b-88df-50b707abe8fa,oysters,0,low,2,0.0,0.0,0,11,0.21212909
108de2c6-ae82-548b-88df-50b707abe8fa,oysters,0,low,3,0.0,0.0,0,11,0.025022497
108de2c6-ae82-548b-88df-50b707abe8fa,social,75,low,0,1.0,0.75,0,12,0.48559067
108de2c6-ae82-548b-88df-50b707abe8fa,social,75,low,1,0.0,0.75,0,12,0.1562225
108de2c6-ae82-548b-88df-50b707abe8fa,social,75,low,2,0.0,0.75,0,12,0.22584657
108de2c6-ae82-548b-88df-50b707abe8fa,social,75,low,3,0.0,0.75,0,12,0.13234024
108de2c6-ae82-548b-88df-50b707abe8fa,soup,0,high,0,0.52,0.0,1,13,0.3310718
108de2c6-ae82-548b-88df-50b707abe8fa,soup,0,high,1,0.37,0.0,1,13,0.5448662
108de2c6-ae82-548b-88df-50b707abe8fa,soup,0,high,2,0.07,0.0,1,13,0.08330492
108de2c6-ae82-548b-88df-50b707abe8fa,soup,0,high,3,0.04,0.0,1,13,0.040757075
108de2c6-ae82-548b-88df-50b707abe8fa,takeout,100,high,0,0.09,1.0,1,14,0.16335048
108de2c6-ae82-548b-88df-50b707abe8fa,takeout,100,high,1,0.69,1.0,1,14,0.37776726
108de2c6-ae82-548b-88df-50b707abe8fa,takeout,100,high,2,0.11,1.0,1,14,0.37241223
108de2c6-ae82-548b-88df-50b707abe8fa,takeout,100,high,3,0.11,1.0,1,14,0.086470015
108de2c6-ae82-548b-88df-50b707abe8fa,wedding,100,high,0,0.0,1.0,1,15,0.08925787
108de2c6-ae82-548b-88df-50b707abe8fa,wedding,100,high,1,0.5,1.0,1,15,0.2704253
108de2c6-ae82-548b-88df-50b707abe8fa,wedding,100,high,2,0.5,1.0,1,15,0.30555892
108de2c6-ae82-548b-88df-50b707abe8fa,wedding,100,high,3,0.0,1.0,1,15,0.33475792
1185d51e-2bcc-5ab1-87d3-6f75ca1b6d34,apples,0,low,0,0.9,0.0,0,0,0.7356681
1185d51e-2bcc-5ab1-87d3-6f75ca1b6d34,apples,0,low,1,0.1,0.0,0,0,0.1928364
1185d51e-2bcc-5ab1-87d3-6f75ca1b6d34,apples,0,low,2,0.0,0.0,0,0,0.038202766
1185d51e-2bcc-5ab1-87d3-6f75ca1b6d34,apples,0,low,3,0.0,0.0,0,0,0.033292685
1185d51e-2bcc-5ab1-87d3-6f75ca1b6d34,basketball,50,high,0,0.0,0.5,1,1,0.26170138
1185d51e-2bcc-5ab1-87d3-6f75ca1b6d34,basketball,50,high,1,1.0,0.5,1,1,0.46855953
1185d51e-2bcc-5ab1-87d3-6f75ca1b6d34,basketball,50,high,2,0.0,0.5,1,1,0.1445255
1185d51e-2bcc-5ab1-87d3-6f75ca1b6d34,basketball,50,high,3,0.0,0.5,1,1,0.12521361
1185d51e-2bcc-5ab1-87d3-6f75ca1b6d34,birthday,50,low,0,0.88,0.5,0,2,0.29914954
1185d51e-2bcc-5ab1-87d3-6f75ca1b6d34,birthday,50,low,1,0.12,0.5,0,2,0.43083405
1185d51e-2bcc-5ab1-87d3-6f75ca1b6d34,birthday,50,low,2,0.0,0.5,0,2,0.18929946
1185d51e-2bcc-5ab1-87d3-6f75ca1b6d34,birthday,50,low,3,0.0,0.5,0,2,0.08071703
1185d51e-2bcc-5ab1-87d3-6f75ca1b6d34,brunch,100,high,0,0.0,1.0,1,3,0.23770595
1185d51e-2bcc-5ab1-87d3-6f75ca1b6d34,brunch,100,high,1,0.0,1.0,1,3,0.22106798
1185d51e-2bcc-5ab1-87d3-6f75ca1b6d34,brunch,100,high,2,0.1,1.0,1,3,0.2566543
1185d51e-2bcc-5ab1-87d3-6f75ca1b6d34,brunch,100,high,3,0.9,1.0,1,3,0.2845718
1185d51e-2bcc-5ab1-87d3-6f75ca1b6d34,cooking,50,high,0,0.0,0.5,1,4,0.20437361
1185d51e-2bcc-5ab1-87d3-6f75ca1b6d34,cooking,50,high,1,0.3,0.5,1,4,0.39527634
1185d51e-2bcc-5ab1-87d3-6f75ca1b6d34,cooking,50,high,2,0.7,0.5,1,4,0.2374081
1185d51e-2bcc-5ab1-87d3-6f75ca1b6d34,cooking,50,high,3,0.0,0.5,1,4,0.16294199
1185d51e-2bcc-5ab1-87d3-6f75ca1b6d34,dip,100,high,0,0.0,1.0,1,5,0.10021788
1185d51e-2bcc-5ab1-87d3-6f75ca1b6d34,dip,100,high,1,0.12,1.0,1,5,0.36763847
1185d51e-2bcc-5ab1-87d3-6f75ca1b6d34,dip,100,high,2,0.49,1.0,1,5,0.30430344
1185d51e-2bcc-5ab1-87d3-6f75ca1b6d34,dip,100,high,3,0.39,1.0,1,5,0.22784017
1185d51e-2bcc-5ab1-87d3-6f75ca1b6d34,drinks,0,high,0,0.68,0.0,1,6,0.49300584
1185d51e-2bcc-5ab1-87d3-6f75ca1b6d34,drinks,0,high,1,0.15,0.0,1,6,0.36993352
1185d51e-2bcc-5ab1-87d3-6f75ca1b6d34,drinks,0,high,2,0.11,0.0,1,6,0.097113706
1185d51e-2bcc-5ab1-87d3-6f75ca1b6d34,drinks,0,high,3,0.06,0.0,1,6,0.039946947
1185d51e-2bcc-5ab1-87d3-6f75ca1b6d34,driving,0,high,0,0.4,0.0,1,7,0.19378443
1185d51e-2bcc-5ab1-87d3-6f75ca1b6d34,driving,0,high,1,0.6,0.0,1,7,0.58711064
1185d51e-2bcc-5ab1-87d3-6f75ca1b6d34,driving,0,high,2,0.0,0.0,1,7,0.18505675
1185d51e-2bcc-5ab1-87d3-6f75ca1b6d34,driving,0,high,3,0.0,0.0,1,7,0.034048196
1185d51e-2bcc-5ab1-87d3-6f75ca1b6d34,fair,100,low,0,0.0,1.0,0,8,0.37053174
1185d51e-2bcc-5ab1-87d3-6f75ca1b6d34,fair,100,low,1,0.0,1.0,0,8,0.2363968
1185d51e-2bcc-5ab1-87d3-6f75ca1b6d34,fair,100,low,2,0.4,1.0,0,8,0.2622352
1185d51e-2bcc-5ab1-87d3-6f75ca1b6d34,fair,100,low,3,0.6,1.0,0,8,0.1308363
1185d51e-2bcc-5ab1-87d3-6f75ca1b6d34,gala,0,low,0,1.0,0.0,0,9,0.8866782
1185d51e-2bcc-5ab1-87d3-6f75ca1b6d34,gala,0,low,1,0.0,0.0,0,9,0.07345924
1185d51e-2bcc-5ab1-87d3-6f75ca1b6d34,gala,0,low,2,0.0,0.0,0,9,0.028000446
1185d51e-2bcc-5ab1-87d3-6f75ca1b6d34,gala,0,low,3,0.0,0.0,0,9,0.011862111
1185d51e-2bcc-5ab1-87d3-6f75ca1b6d34,hike,75,high,0,0.0,0.75,1,10,0.16673161
1185d51e-2bcc-5ab1-87d3-6f75ca1b6d34,hike,75,high,1,0.6,0.75,1,10,0.44192556
1185d51e-2bcc-5ab1-87d3-6f75ca1b6d34,hike,75,high,2,0.24,0.75,1,10,0.22072983
1185d51e-2bcc-5ab1-87d3-6f75ca1b6d34,hike,75,high,3,0.16,0.75,1,10,0.17061298
1185d51e-2bcc-5ab1-87d3-6f75ca1b6d34,oysters,50,low,0,0.85,0.5,0,11,0.5016542
1185d51e-2bcc-5ab1-87d3-6f75ca1b6d34,oysters,50,low,1,0.15,0.5,0,11,0.17642859
1185d51e-2bcc-5ab1-87d3-6f75ca1b6d34,oysters,50,low,2,0.0,0.5,0,11,0.2551191
1185d51e-2bcc-5ab1-87d3-6f75ca1b6d34,oysters,50,low,3,0.0,0.5,0,11,0.066798165
1185d51e-2bcc-5ab1-87d3-6f75ca1b6d34,social,75,low,0,1.0,0.75,0,12,0.48559067
1185d51e-2bcc-5ab1-87d3-6f75ca1b6d34,social,75,low,1,0.0,0.75,0,12,0.1562225
1185d51e-2bcc-5ab1-87d3-6f75ca1b6d34,social,75,low,2,0.0,0.75,0,12,0.22584657
1185d51e-2bcc-5ab1-87d3-6f75ca1b6d34,social,75,low,3,0.0,0.75,0,12,0.13234024
1185d51e-2bcc-5ab1-87d3-6f75ca1b6d34,soup,75,high,0,0.0,0.75,1,13,0.22527981
1185d51e-2bcc-5ab1-87d3-6f75ca1b6d34,soup,75,high,1,0.23,0.75,1,13,0.3707575
1185d51e-2bcc-5ab1-87d3-6f75ca1b6d34,soup,75,high,2,0.54,0.75,1,13,0.21040073
1185d51e-2bcc-5ab1-87d3-6f75ca1b6d34,soup,75,high,3,0.23,0.75,1,13,0.19356199
1185d51e-2bcc-5ab1-87d3-6f75ca1b6d34,takeout,100,low,0,0.0,1.0,0,14,0.3651162
1185d51e-2bcc-5ab1-87d3-6f75ca1b6d34,takeout,100,low,1,0.0,1.0,0,14,0.27645305
1185d51e-2bcc-5ab1-87d3-6f75ca1b6d34,takeout,100,low,2,0.6,1.0,0,14,0.2725342
1185d51e-2bcc-5ab1-87d3-6f75ca1b6d34,takeout,100,low,3,0.4,1.0,0,14,0.085896574
1185d51e-2bcc-5ab1-87d3-6f75ca1b6d34,wedding,75,low,0,1.0,0.75,0,15,0.51931244
1185d51e-2bcc-5ab1-87d3-6f75ca1b6d34,wedding,75,low,1,0.0,0.75,0,15,0.2142844
1185d51e-2bcc-5ab1-87d3-6f75ca1b6d34,wedding,75,low,2,0.0,0.75,0,15,0.16972683
1185d51e-2bcc-5ab1-87d3-6f75ca1b6d34,wedding,75,low,3,0.0,0.75,0,15,0.09667626
14513583-8a0f-5fb2-bc10-80869014805d,apples,75,high,0,0.19,0.75,1,0,0.17327306
14513583-8a0f-5fb2-bc10-80869014805d,apples,75,high,1,0.25,0.75,1,0,0.36745417
14513583-8a0f-5fb2-bc10-80869014805d,apples,75,high,2,0.29,0.75,1,0,0.23502025
14513583-8a0f-5fb2-bc10-80869014805d,apples,75,high,3,0.27,0.75,1,0,0.22425258
14513583-8a0f-5fb2-bc10-80869014805d,basketball,100,high,0,0.0,1.0,1,1,0.11880685
14513583-8a0f-5fb2-bc10-80869014805d,basketball,100,high,1,0.5,1.0,1,1,0.24552351
14513583-8a0f-5fb2-bc10-80869014805d,basketball,100,high,2,0.5,1.0,1,1,0.31783482
14513583-8a0f-5fb2-bc10-80869014805d,basketball,100,high,3,0.0,1.0,1,1,0.3178348
14513583-8a0f-5fb2-bc10-80869014805d,birthday,0,high,0,0.0,0.0,1,2,0.20118563
14513583-8a0f-5fb2-bc10-80869014805d,birthday,0,high,1,1.0,0.0,1,2,0.6368108
14513583-8a0f-5fb2-bc10-80869014805d,birthday,0,high,2,0.0,0.0,1,2,0.12867387
14513583-8a0f-5fb2-bc10-80869014805d,birthday,0,high,3,0.0,0.0,1,2,0.033329796
14513583-8a0f-5fb2-bc10-80869014805d,brunch,0,high,0,0.0,0.0,1,3,0.26180592
14513583-8a0f-5fb2-bc10-80869014805d,brunch,0,high,1,1.0,0.0,1,3,0.39796382
14513583-8a0f-5fb2-bc10-80869014805d,brunch,0,high,2,0.0,0.0,1,3,0.24755734
14513583-8a0f-5fb2-bc10-80869014805d,brunch,0,high,3,0.0,0.0,1,3,0.09267295
14513583-8a0f-5fb2-bc10-80869014805d,cooking,50,low,0,0.7,0.5,0,4,0.7692103
14513583-8a0f-5fb2-bc10-80869014805d,cooking,50,low,1,0.3,0.5,0,4,0.12459549
14513583-8a0f-5fb2-bc10-80869014805d,cooking,50,low,2,0.0,0.5,0,4,0.0665355
14513583-8a0f-5fb2-bc10-80869014805d,cooking,50,low,3,0.0,0.5,0,4,0.039658718
14513583-8a0f-5fb2-bc10-80869014805d,dip,100,low,0,1.0,1.0,0,5,0.571308
14513583-8a0f-5fb2-bc10-80869014805d,dip,100,low,1,0.0,1.0,0,5,0.15790218
14513583-8a0f-5fb2-bc10-80869014805d,dip,100,low,2,0.0,1.0,0,5,0.14700009
14513583-8a0f-5fb2-bc10-80869014805d,dip,100,low,3,0.0,1.0,0,5,0.12378971
14513583-8a0f-5fb2-bc10-80869014805d,drinks,50,high,0,0.11,0.5,1,6,0.35946196
14513583-8a0f-5fb2-bc10-80869014805d,drinks,50,high,1,0.32,0.5,1,6,0.3741043
14513583-8a0f-5fb2-bc10-80869014805d,drinks,50,high,2,0.31,0.5,1,6,0.167113
14513583-8a0f-5fb2-bc10-80869014805d,drinks,50,high,3,0.26,0.5,1,6,0.09932076
14513583-8a0f-5fb2-bc10-80869014805d,driving,0,low,0,0.51,0.0,0,7,0.46846104
14513583-8a0f-5fb2-bc10-80869014805d,driving,0,low,1,0.49,0.0,0,7,0.38957903
14513583-8a0f-5fb2-bc10-80869014805d,driving,0,low,2,0.0,0.0,0,7,0.12279496
14513583-8a0f-5fb2-bc10-80869014805d,driving,0,low,3,0.0,0.0,0,7,0.019165
14513583-8a0f-5fb2-bc10-80869014805d,fair,75,high,0,0.0,0.75,1,8,0.19342518
14513583-8a0f-5fb2-bc10-80869014805d,fair,75,high,1,1.0,0.75,1,8,0.376359
14513583-8a0f-5fb2-bc10-80869014805d,fair,75,high,2,0.0,0.75,1,8,0.23236895
14513583-8a0f-5fb2-bc10-80869014805d,fair,75,high,3,0.0,0.75,1,8,0.1978469
14513583-8a0f-5fb2-bc10-80869014805d,gala,100,low,0,1.0,1.0,0,9,0.56416404
14513583-8a0f-5fb2-bc10-80869014805d,gala,100,low,1,0.0,1.0,0,9,0.15963629
14513583-8a0f-5fb2-bc10-80869014805d,gala,100,low,2,0.0,1.0,0,9,0.14447609
14513583-8a0f-5fb2-bc10-80869014805d,gala,100,low,3,0.0,1.0,0,9,0.13172355
14513583-8a0f-5fb2-bc10-80869014805d,hike,100,high,0,0.0,1.0,1,10,0.10209092
14513583-8a0f-5fb2-bc10-80869014805d,hike,100,high,1,0.67,1.0,1,10,0.34788167
14513583-8a0f-5fb2-bc10-80869014805d,hike,100,high,2,0.33,1.0,1,10,0.27311608
14513583-8a0f-5fb2-bc10-80869014805d,hike,100,high,3,0.0,1.0,1,10,0.27691132
14513583-8a0f-5fb2-bc10-80869014805d,oysters,75,low,0,0.5,0.75,0,11,0.4116703
14513583-8a0f-5fb2-bc10-80869014805d,oysters,75,low,1,0.5,0.75,0,11,0.20713082
14513583-8a0f-5fb2-bc10-80869014805d,oysters,75,low,2,0.0,0.75,0,11,0.2690045
14513583-8a0f-5fb2-bc10-80869014805d,oysters,75,low,3,0.0,0.75,0,11,0.112194374
14513583-8a0f-5fb2-bc10-80869014805d,social,0,low,0,1.0,0.0,0,12,0.82478136
14513583-8a0f-5fb2-bc10-80869014805d,social,0,low,1,0.0,0.0,0,12,0.042306297
14513583-8a0f-5fb2-bc10-80869014805d,social,0,low,2,0.0,0.0,0,12,0.10070582
14513583-8a0f-5fb2-bc10-80869014805d,social,0,low,3,0.0,0.0,0,12,0.032206487
14513583-8a0f-5fb2-bc10-80869014805d,soup,75,low,0,0.78,0.75,0,13,0.25817782
14513583-8a0f-5fb2-bc10-80869014805d,soup,75,low,1,0.22,0.75,0,13,0.36900678
14513583-8a0f-5fb2-bc10-80869014805d,soup,75,low,2,0.0,0.75,0,13,0.19745578
14513583-8a0f-5fb2-bc10-80869014805d,soup,75,low,3,0.0,0.75,0,13,0.17535962
14513583-8a0f-5fb2-bc10-80869014805d,takeout,50,high,0,0.0,0.5,1,14,0.30358016
14513583-8a0f-5fb2-bc10-80869014805d,takeout,50,high,1,1.0,0.5,1,14,0.49050692
14513583-8a0f-5fb2-bc10-80869014805d,takeout,50,high,2,0.0,0.5,1,14,0.17717181
14513583-8a0f-5fb2-bc10-80869014805d,takeout,50,high,3,0.0,0.5,1,14,0.028741147
14513583-8a0f-5fb2-bc10-80869014805d,wedding,50,low,0,1.0,0.5,0,15,0.62692803
14513583-8a0f-5fb2-bc10-80869014805d,wedding,50,low,1,0.0,0.5,0,15,0.19194227
14513583-8a0f-5fb2-bc10-80869014805d,wedding,50,low,2,0.0,0.5,0,15,0.124107055
14513583-8a0f-5fb2-bc10-80869014805d,wedding,50,low,3,0.0,0.5,0,15,0.057022646
15832765-d793-5df5-beb5-7ac8603e0ce0,apples,75,high,0,0.25,0.75,1,0,0.17327306
15832765-d793-5df5-beb5-7ac8603e0ce0,apples,75,high,1,0.16,0.75,1,0,0.36745417
15832765-d793-5df5-beb5-7ac8603e0ce0,apples,75,high,2,0.19,0.75,1,0,0.23502025
15832765-d793-5df5-beb5-7ac8603e0ce0,apples,75,high,3,0.4,0.75,1,0,0.22425258
15832765-d793-5df5-beb5-7ac8603e0ce0,basketball,0,low,0,0.34,0.0,0,1,0.59798855
15832765-d793-5df5-beb5-7ac8603e0ce0,basketball,0,low,1,0.26,0.0,0,1,0.33563203
15832765-d793-5df5-beb5-7ac8603e0ce0,basketball,0,low,2,0.26,0.0,0,1,0.03724604
15832765-d793-5df5-beb5-7ac8603e0ce0,basketball,0,low,3,0.14,0.0,0,1,0.02913338
15832765-d793-5df5-beb5-7ac8603e0ce0,birthday,75,high,0,0.15,0.75,1,2,0.13972035
15832765-d793-5df5-beb5-7ac8603e0ce0,birthday,75,high,1,0.2,0.75,1,2,0.44225538
15832765-d793-5df5-beb5-7ac8603e0ce0,birthday,75,high,2,0.37,0.75,1,2,0.270476
15832765-d793-5df5-beb5-7ac8603e0ce0,birthday,75,high,3,0.28,0.75,1,2,0.14754832
15832765-d793-5df5-beb5-7ac8603e0ce0,brunch,100,low,0,0.27,1.0,0,3,0.25663456
15832765-d793-5df5-beb5-7ac8603e0ce0,brunch,100,low,1,0.17,1.0,0,3,0.21827695
15832765-d793-5df5-beb5-7ac8603e0ce0,brunch,100,low,2,0.26,1.0,0,3,0.2570134
15832765-d793-5df5-beb5-7ac8603e0ce0,brunch,100,low,3,0.3,1.0,0,3,0.26807508
15832765-d793-5df5-beb5-7ac8603e0ce0,cooking,75,low,0,0.49,0.75,0,4,0.6957702
15832765-d793-5df5-beb5-7ac8603e0ce0,cooking,75,low,1,0.18,0.75,0,4,0.14309031
15832765-d793-5df5-beb5-7ac8603e0ce0,cooking,75,low,2,0.26,0.75,0,4,0.093604214
15832765-d793-5df5-beb5-7ac8603e0ce0,cooking,75,low,3,0.07,0.75,0,4,0.06753522
15832765-d793-5df5-beb5-7ac8603e0ce0,dip,100,low,0,0.08,1.0,0,5,0.571308
15832765-d793-5df5-beb5-7ac8603e0ce0,dip,100,low,1,0.43,1.0,0,5,0.15790218
15832765-d793-5df5-beb5-7ac8603e0ce0,dip,100,low,2,0.38,1.0,0,5,0.14700009
15832765-d793-5df5-beb5-7ac8603e0ce0,dip,100,low,3,0.11,1.0,0,5,0.12378971
15832765-d793-5df5-beb5-7ac8603e0ce0,drinks,50,low,0,0.46,0.5,0,6,0.7762677
15832765-d793-5df5-beb5-7ac8603e0ce0,drinks,50,low,1,0.19,0.5,0,6,0.13067015
15832765-d793-5df5-beb5-7ac8603e0ce0,drinks,50,low,2,0.21,0.5,0,6,0.05837057
15832765-d793-5df5-beb5-7ac8603e0ce0,drinks,50,low,3,0.14,0.5,0,6,0.034691554
15832765-d793-5df5-beb5-7ac8603e0ce0,driving,0,low,0,0.46,0.0,0,7,0.46846104
15832765-d793-5df5-beb5-7ac8603e0ce0,driving,0,low,1,0.37,0.0,0,7,0.38957903
15832765-d793-5df5-beb5-7ac8603e0ce0,driving,0,low,2,0.06,0.0,0,7,0.12279496
15832765-d793-5df5-beb5-7ac8603e0ce0,driving,0,low,3,0.11,0.0,0,7,0.019165
15832765-d793-5df5-beb5-7ac8603e0ce0,fair,50,high,0,0.06,0.5,1,8,0.24886383
15832765-d793-5df5-beb5-7ac8603e0ce0,fair,50,high,1,0.42,0.5,1,8,0.45617265
15832765-d793-5df5-beb5-7ac8603e0ce0,fair,50,high,2,0.26,0.5,1,8,0.17059332
15832765-d793-5df5-beb5-7ac8603e0ce0,fair,50,high,3,0.26,0.5,1,8,0.124370255
15832765-d793-5df5-beb5-7ac8603e0ce0,gala,50,high,0,0.17,0.5,1,9,0.22198972
15832765-d793-5df5-beb5-7ac8603e0ce0,gala,50,high,1,0.32,0.5,1,9,0.39286163
15832765-d793-5df5-beb5-7ac8603e0ce0,gala,50,high,2,0.28,0.5,1,9,0.22126077
15832765-d793-5df5-beb5-7ac8603e0ce0,gala,50,high,3,0.23,0.5,1,9,0.1638879
15832765-d793-5df5-beb5-7ac8603e0ce0,hike,100,high,0,0.15,1.0,1,10,0.10209092
15832765-d793-5df5-beb5-7ac8603e0ce0,hike,100,high,1,0.2,1.0,1,10,0.34788167
15832765-d793-5df5-beb5-7ac8603e0ce0,hike,100,high,2,0.27,1.0,1,10,0.27311608
15832765-d793-5df5-beb5-7ac8603e0ce0,hike,100,high,3,0.38,1.0,1,10,0.27691132
15832765-d793-5df5-beb5-7ac8603e0ce0,oysters,100,high,0,0.14,1.0,1,11,0.10516431
15832765-d793-5df5-beb5-7ac8603e0ce0,oysters,100,high,1,0.46,1.0,1,11,0.31489423
15832765-d793-5df5-beb5-7ac8603e0ce0,oysters,100,high,2,0.07,1.0,1,11,0.25911844
15832765-d793-5df5-beb5-7ac8603e0ce0,oysters,100,high,3,0.33,1.0,1,11,0.32082298
15832765-d793-5df5-beb5-7ac8603e0ce0,social,75,low,0,0.62,0.75,0,12,0.48559067
15832765-d793-5df5-beb5-7ac8603e0ce0,social,75,low,1,0.07,0.75,0,12,0.1562225
15832765-d793-5df5-beb5-7ac8603e0ce0,social,75,low,2,0.15,0.75,0,12,0.22584657
15832765-d793-5df5-beb5-7ac8603e0ce0,social,75,low,3,0.16,0.75,0,12,0.13234024
15832765-d793-5df5-beb5-7ac8603e0ce0,soup,0,high,0,0.41,0.0,1,13,0.3310718
15832765-d793-5df5-beb5-7ac8603e0ce0,soup,0,high,1,0.32,0.0,1,13,0.5448662
15832765-d793-5df5-beb5-7ac8603e0ce0,soup,0,high,2,0.05,0.0,1,13,0.08330492
15832765-d793-5df5-beb5-7ac8603e0ce0,soup,0,high,3,0.22,0.0,1,13,0.040757075
15832765-d793-5df5-beb5-7ac8603e0ce0,takeout,50,low,0,0.51,0.5,0,14,0.56748694
15832765-d793-5df5-beb5-7ac8603e0ce0,takeout,50,low,1,0.23,0.5,0,14,0.30020222
15832765-d793-5df5-beb5-7ac8603e0ce0,takeout,50,low,2,0.18,0.5,0,14,0.10843349
15832765-d793-5df5-beb5-7ac8603e0ce0,takeout,50,low,3,0.08,0.5,0,14,0.023877341
15832765-d793-5df5-beb5-7ac8603e0ce0,wedding,0,high,0,0.44,0.0,1,15,0.3970557
15832765-d793-5df5-beb5-7ac8603e0ce0,wedding,0,high,1,0.17,0.0,1,15,0.35221374
15832765-d793-5df5-beb5-7ac8603e0ce0,wedding,0,high,2,0.34,0.0,1,15,0.17262787
15832765-d793-5df5-beb5-7ac8603e0ce0,wedding,0,high,3,0.05,0.0,1,15,0.07810264
19b70ddd-31f8-5660-b10c-1d21450bb331,apples,0,low,0,0.62,0.0,0,0,0.7356681
19b70ddd-31f8-5660-b10c-1d21450bb331,apples,0,low,1,0.14,0.0,0,0,0.1928364
19b70ddd-31f8-5660-b10c-1d21450bb331,apples,0,low,2,0.14,0.0,0,0,0.038202766
19b70ddd-31f8-5660-b10c-1d21450bb331,apples,0,low,3,0.1,0.0,0,0,0.033292685
19b70ddd-31f8-5660-b10c-1d21450bb331,basketball,75,high,0,0.2,0.75,1,1,0.20223837
19b70ddd-31f8-5660-b10c-1d21450bb331,basketball,75,high,1,0.58,0.75,1,1,0.38436523
19b70ddd-31f8-5660-b10c-1d21450bb331,basketball,75,high,2,0.11,0.75,1,1,0.2153484
19b70ddd-31f8-5660-b10c-1d21450bb331,basketball,75,high,3,0.11,0.75,1,1,0.19804801
19b70ddd-31f8-5660-b10c-1d21450bb331,birthday,50,high,0,0.27,0.5,1,2,0.16706371
19b70ddd-31f8-5660-b10c-1d21450bb331,birthday,50,high,1,0.34,0.5,1,2,0.5288051
19b70ddd-31f8-5660-b10c-1d21450bb331,birthday,50,high,2,0.32,0.5,1,2,0.21500385
19b70ddd-31f8-5660-b10c-1d21450bb331,birthday,50,high,3,0.07,0.5,1,2,0.08912745
19b70ddd-31f8-5660-b10c-1d21450bb331,brunch,50,high,0,0.18,0.5,1,3,0.26137137
19b70ddd-31f8-5660-b10c-1d21450bb331,brunch,50,high,1,0.51,0.5,1,3,0.3238393
19b70ddd-31f8-5660-b10c-1d21450bb331,brunch,50,high,2,0.17,0.5,1,3,0.26117304
19b70ddd-31f8-5660-b10c-1d21450bb331,brunch,50,high,3,0.14,0.5,1,3,0.15361626
19b70ddd-31f8-5660-b10c-1d21450bb331,cooking,50,low,0,0.08,0.5,0,4,0.7692103
19b70ddd-31f8-5660-b10c-1d21450bb331,cooking,50,low,1,0.41,0.5,0,4,0.12459549
19b70ddd-31f8-5660-b10c-1d21450bb331,cooking,50,low,2,0.33,0.5,0,4,0.0665355
19b70ddd-31f8-5660-b10c-1d21450bb331,cooking,50,low,3,0.18,0.5,0,4,0.039658718
19b70ddd-31f8-5660-b10c-1d21450bb331,dip,100,high,0,0.05,1.0,1,5,0.10021788
19b70ddd-31f8-5660-b10c-1d21450bb331,dip,100,high,1,0.62,1.0,1,5,0.36763847
19b70ddd-31f8-5660-b10c-1d21450bb331,dip,100,high,2,0.05,1.0,1,5,0.30430344
19b70ddd-31f8-5660-b10c-1d21450bb331,dip,100,high,3,0.28,1.0,1,5,0.22784017
19b70ddd-31f8-5660-b10c-1d21450bb331,drinks,75,low,0,0.5,0.75,0,6,0.7045375
19b70ddd-31f8-5660-b10c-1d21450bb331,drinks,75,low,1,0.31,0.75,0,6,0.1435551
19b70ddd-31f8-5660-b10c-1d21450bb331,drinks,75,low,2,0.14,0.75,0,6,0.08746405
19b70ddd-31f8-5660-b10c-1d21450bb331,drinks,75,low,3,0.05,0.75,0,6,0.06444328
19b70ddd-31f8-5660-b10c-1d21450bb331,driving,75,high,0,0.17,0.75,1,7,0.1351035
19b70ddd-31f8-5660-b10c-1d21450bb331,driving,75,high,1,0.49,0.75,1,7,0.40932438
19b70ddd-31f8-5660-b10c-1d21450bb331,driving,75,high,2,0.22,0.75,1,7,0.28989655
19b70ddd-31f8-5660-b10c-1d21450bb331,driving,75,high,3,0.12,0.75,1,7,0.16567567
19b70ddd-31f8-5660-b10c-1d21450bb331,fair,100,low,0,0.26,1.0,0,8,0.37053174
19b70ddd-31f8-5660-b10c-1d21450bb331,fair,100,low,1,0.58,1.0,0,8,0.2363968
19b70ddd-31f8-5660-b10c-1d21450bb331,fair,100,low,2,0.08,1.0,0,8,0.2622352
19b70ddd-31f8-5660-b10c-1d21450bb331,fair,100,low,3,0.08,1.0,0,8,0.1308363
19b70ddd-31f8-5660-b10c-1d21450bb331,gala,0,high,0,0.12,0.0,1,9,0.36991814
19b70ddd-31f8-5660-b10c-1d21450bb331,gala,0,high,1,0.49,0.0,1,9,0.39267284
19b70ddd-31f8-5660-b10c-1d21450bb331,gala,0,high,2,0.22,0.0,1,9,0.15431948
19b70ddd-31f8-5660-b10c-1d21450bb331,gala,0,high,3,0.17,0.0,1,9,0.083089605
19b70ddd-31f8-5660-b10c-1d21450bb331,hike,0,high,0,0.25,0.0,1,10,0.31990948
19b70ddd-31f8-5660-b10c-1d21450bb331,hike,0,high,1,0.62,0.0,1,10,0.5216798
19b70ddd-31f8-5660-b10c-1d21450bb331,hike,0,high,2,0.06,0.0,1,10,0.108692184
19b70ddd-31f8-5660-b10c-1d21450bb331,hike,0,high,3,0.07,0.0,1,10,0.049718577
19b70ddd-31f8-5660-b10c-1d21450bb331,oysters,75,low,0,0.35,0.75,0,11,0.4116703
19b70ddd-31f8-5660-b10c-1d21450bb331,oysters,75,low,1,0.34,0.75,0,11,0.20713082
19b70ddd-31f8-5660-b10c-1d21450bb331,oysters,75,low,2,0.15,0.75,0,11,0.2690045
19b70ddd-31f8-5660-b10c-1d21450bb331,oysters,75,low,3,0.16,0.75,0,11,0.112194374
19b70ddd-31f8-5660-b10c-1d21450bb331,social,50,low,0,0.68,0.5,0,12,0.6326194
19b70ddd-31f8-5660-b10c-1d21450bb331,social,50,low,1,0.17,0.5,0,12,0.10343386
19b70ddd-31f8-5660-b10c-1d21450bb331,social,50,low,2,0.07,0.5,0,12,0.17970979
19b70ddd-31f8-5660-b10c-1d21450bb331,social,50,low,3,0.08,0.5,0,12,0.08423695
19b70ddd-31f8-5660-b10c-1d21450bb331,soup,100,high,0,0.19,1.0,1,13,0.14633904
19b70ddd-31f8-5660-b10c-1d21450bb331,soup,100,high,1,0.32,1.0,1,13,0.24083959
19b70ddd-31f8-5660-b10c-1d21450bb331,soup,100,high,2,0.17,1.0,1,13,0.26933384
19b70ddd-31f8-5660-b10c-1d21450bb331,soup,100,high,3,0.32,1.0,1,13,0.34348753
19b70ddd-31f8-5660-b10c-1d21450bb331,takeout,100,low,0,0.33,1.0,0,14,0.3651162
19b70ddd-31f8-5660-b10c-1d21450bb331,takeout,100,low,1,0.29,1.0,0,14,0.27645305
19b70ddd-31f8-5660-b10c-1d21450bb331,takeout,100,low,2,0.28,1.0,0,14,0.2725342
19b70ddd-31f8-5660-b10c-1d21450bb331,takeout,100,low,3,0.1,1.0,0,14,0.085896574
19b70ddd-31f8-5660-b10c-1d21450bb331,wedding,0,low,0,0.5,0.0,0,15,0.77268213
19b70ddd-31f8-5660-b10c-1d21450bb331,wedding,0,low,1,0.19,0.0,0,15,0.1418967
19b70ddd-31f8-5660-b10c-1d21450bb331,wedding,0,low,2,0.19,0.0,0,15,0.0648113
19b70ddd-31f8-5660-b10c-1d21450bb331,wedding,0,low,3,0.12,0.0,0,15,0.020609858
19bf2c00-936f-53a5-b3d4-8bcba57c5b44,apples,75,low,0,0.97,0.75,0,0,0.447258
19bf2c00-936f-53a5-b3d4-8bcba57c5b44,apples,75,low,1,0.01,0.75,0,0,0.26342416
19bf2c00-936f-53a5-b3d4-8bcba57c5b44,apples,75,low,2,0.01,0.75,0,0,0.14805049
19bf2c00-936f-53a5-b3d4-8bcba57c5b44,apples,75,low,3,0.01,0.75,0,0,0.1412674
19bf2c00-936f-53a5-b3d4-8bcba57c5b44,basketball,100,low,0,0.84,1.0,0,1,0.27969223
19bf2c00-936f-53a5-b3d4-8bcba57c5b44,basketball,100,low,1,0.0,1.0,0,1,0.20069663
19bf2c00-936f-53a5-b3d4-8bcba57c5b44,basketball,100,low,2,0.0,1.0,0,1,0.25980562
19bf2c00-936f-53a5-b3d4-8bcba57c5b44,basketball,100,low,3,0.16,1.0,0,1,0.25980556
19bf2c00-936f-53a5-b3d4-8bcba57c5b44,birthday,100,low,0,0.17,1.0,0,2,0.18114941
19bf2c00-936f-53a5-b3d4-8bcba57c5b44,birthday,100,low,1,0.01,1.0,0,2,0.26089072
19bf2c00-936f-53a5-b3d4-8bcba57c5b44,birthday,100,low,2,0.38,1.0,0,2,0.30576038
19bf2c00-936f-53a5-b3d4-8bcba57c5b44,birthday,100,low,3,0.44,1.0,0,2,0.2521995
19bf2c00-936f-53a5-b3d4-8bcba57c5b44,brunch,50,high,0,0.06,0.5,1,3,0.26137137
19bf2c00-936f-53a5-b3d4-8bcba57c5b44,brunch,50,high,1,0.09,0.5,1,3,0.3238393
19bf2c00-936f-53a5-b3d4-8bcba57c5b44,brunch,50,high,2,0.62,0.5,1,3,0.26117304
19bf2c00-936f-53a5-b3d4-8bcba57c5b44,brunch,50,high,3,0.23,0.5,1,3,0.15361626
19bf2c00-936f-53a5-b3d4-8bcba57c5b44,cooking,100,high,0,0.0,1.0,1,4,0.08743349
19bf2c00-936f-53a5-b3d4-8bcba57c5b44,cooking,100,high,1,0.74,1.0,1,4,0.30014092
19bf2c00-936f-53a5-b3d4-8bcba57c5b44,cooking,100,high,2,0.04,1.0,1,4,0.2935727
19bf2c00-936f-53a5-b3d4-8bcba57c5b44,cooking,100,high,3,0.22,1.0,1,4,0.3188529
19bf2c00-936f-53a5-b3d4-8bcba57c5b44,dip,50,low,0,0.84,0.5,0,5,0.6932131
19bf2c00-936f-53a5-b3d4-8bcba57c5b44,dip,50,low,1,0.16,0.5,0,5,0.19159518
19bf2c00-936f-53a5-b3d4-8bcba57c5b44,dip,50,low,2,0.0,0.5,0,5,0.08706623
19bf2c00-936f-53a5-b3d4-8bcba57c5b44,dip,50,low,3,0.0,0.5,0,5,0.028125498
19bf2c00-936f-53a5-b3d4-8bcba57c5b44,drinks,75,high,0,0.07,0.75,1,6,0.27833256
19bf2c00-936f-53a5-b3d4-8bcba57c5b44,drinks,75,high,1,0.05,0.75,1,6,0.35063356
19bf2c00-936f-53a5-b3d4-8bcba57c5b44,drinks,75,high,2,0.06,0.75,1,6,0.21363103
19bf2c00-936f-53a5-b3d4-8bcba57c5b44,drinks,75,high,3,0.82,0.75,1,6,0.15740284
19bf2c00-936f-53a5-b3d4-8bcba57c5b44,driving,75,low,0,0.03,0.75,0,7,0.36953267
19bf2c00-936f-53a5-b3d4-8bcba57c5b44,driving,75,low,1,0.04,0.75,0,7,0.30730876
19bf2c00-936f-53a5-b3d4-8bcba57c5b44,driving,75,low,2,0.09,0.75,0,7,0.21764581
19bf2c00-936f-53a5-b3d4-8bcba57c5b44,driving,75,low,3,0.84,0.75,0,7,0.10551278
19bf2c00-936f-53a5-b3d4-8bcba57c5b44,fair,0,high,0,0.09,0.0,1,8,0.32640508
19bf2c00-936f-53a5-b3d4-8bcba57c5b44,fair,0,high,1,0.84,0.0,1,8,0.540167
19bf2c00-936f-53a5-b3d4-8bcba57c5b44,fair,0,high,2,0.06,0.0,1,8,0.08559175
19bf2c00-936f-53a5-b3d4-8bcba57c5b44,fair,0,high,3,0.01,0.0,1,8,0.047836132
19bf2c00-936f-53a5-b3d4-8bcba57c5b44,gala,50,high,0,0.01,0.5,1,9,0.22198972
19bf2c00-936f-53a5-b3d4-8bcba57c5b44,gala,50,high,1,0.33,0.5,1,9,0.39286163
19bf2c00-936f-53a5-b3d4-8bcba57c5b44,gala,50,high,2,0.35,0.5,1,9,0.22126077
19bf2c00-936f-53a5-b3d4-8bcba57c5b44,gala,50,high,3,0.31,0.5,1,9,0.1638879
19bf2c00-936f-53a5-b3d4-8bcba57c5b44,hike,0,low,0,0.85,0.0,0,10,0.64159936
19bf2c00-936f-53a5-b3d4-8bcba57c5b44,hike,0,low,1,0.13,0.0,0,10,0.25533968
19bf2c00-936f-53a5-b3d4-8bcba57c5b44,hike,0,low,2,0.01,0.0,0,10,0.07569081
19bf2c00-936f-53a5-b3d4-8bcba57c5b44,hike,0,low,3,0.01,0.0,0,10,0.027370106
19bf2c00-936f-53a5-b3d4-8bcba57c5b44,oysters,75,high,0,0.02,0.75,1,11,0.17662722
19bf2c00-936f-53a5-b3d4-8bcba57c5b44,oysters,75,high,1,0.52,0.75,1,11,0.31998342
19bf2c00-936f-53a5-b3d4-8bcba57c5b44,oysters,75,high,2,0.28,0.75,1,11,0.30614635
19bf2c00-936f-53a5-b3d4-8bcba57c5b44,oysters,75,high,3,0.18,0.75,1,11,0.19724306
19bf2c00-936f-53a5-b3d4-8bcba57c5b44,social,100,high,0,0.0,1.0,1,12,0.13305385
19bf2c00-936f-53a5-b3d4-8bcba57c5b44,social,100,high,1,0.02,1.0,1,12,0.29350144
19bf2c00-936f-53a5-b3d4-8bcba57c5b44,social,100,high,2,0.49,1.0,1,12,0.29148328
19bf2c00-936f-53a5-b3d4-8bcba57c5b44,social,100,high,3,0.49,1.0,1,12,0.28196135
19bf2c00-936f-53a5-b3d4-8bcba57c5b44,soup,0,high,0,0.35,0.0,1,13,0.3310718
19bf2c00-936f-53a5-b3d4-8bcba57c5b44,soup,0,high,1,0.47,0.0,1,13,0.5448662
19bf2c00-936f-53a5-b3d4-8bcba57c5b44,soup,0,high,2,0.15,0.0,1,13,0.08330492
19bf2c00-936f-53a5-b3d4-8bcba57c5b44,soup,0,high,3,0.03,0.0,1,13,0.040757075
19bf2c00-936f-53a5-b3d4-8bcba57c5b44,takeout,50,low,0,0.65,0.5,0,14,0.56748694
19bf2c00-936f-53a5-b3d4-8bcba57c5b44,takeout,50,low,1,0.25,0.5,0,14,0.30020222
19bf2c00-936f-53a5-b3d4-8bcba57c5b44,takeout,50,low,2,0.1,0.5,0,14,0.10843349
19bf2c00-936f-53a5-b3d4-8bcba57c5b44,takeout,50,low,3,0.0,0.5,0,14,0.023877341
19bf2c00-936f-53a5-b3d4-8bcba57c5b44,wedding,0,low,0,0.97,0.0,0,15,0.77268213
19bf2c00-936f-53a5-b3d4-8bcba57c5b44,wedding,0,low,1,0.01,0.0,0,15,0.1418967
19bf2c00-936f-53a5-b3d4-8bcba57c5b44,wedding,0,low,2,0.01,0.0,0,15,0.0648113
19bf2c00-936f-53a5-b3d4-8bcba57c5b44,wedding,0,low,3,0.01,0.0,0,15,0.020609858
19d323a7-f567-5e3d-bfee-b4ded7a46a5d,apples,100,low,0,0.34,1.0,0,0,0.2761688
19d323a7-f567-5e3d-bfee-b4ded7a46a5d,apples,100,low,1,0.33,1.0,0,0,0.247245
19d323a7-f567-5e3d-bfee-b4ded7a46a5d,apples,100,low,2,0.33,1.0,0,0,0.23829313
19d323a7-f567-5e3d-bfee-b4ded7a46a5d,apples,100,low,3,0.0,1.0,0,0,0.23829311
19d323a7-f567-5e3d-bfee-b4ded7a46a5d,basketball,50,low,0,0.25,0.5,0,1,0.505161
19d323a7-f567-5e3d-bfee-b4ded7a46a5d,basketball,50,low,1,0.25,0.5,0,1,0.31404844
19d323a7-f567-5e3d-bfee-b4ded7a46a5d,basketball,50,low,2,0.25,0.5,0,1,0.096867114
19d323a7-f567-5e3d-bfee-b4ded7a46a5d,basketball,50,low,3,0.25,0.5,0,1,0.083923474
19d323a7-f567-5e3d-bfee-b4ded7a46a5d,birthday,0,low,0,0.33,0.0,0,2,0.3523034
19d323a7-f567-5e3d-bfee-b4ded7a46a5d,birthday,0,low,1,0.33,0.0,0,2,0.507386
19d323a7-f567-5e3d-bfee-b4ded7a46a5d,birthday,0,low,2,0.17,0.0,0,2,0.110791706
19d323a7-f567-5e3d-bfee-b4ded7a46a5d,birthday,0,low,3,0.17,0.0,0,2,0.029518887
19d323a7-f567-5e3d-bfee-b4ded7a46a5d,brunch,0,high,0,0.5,0.0,1,3,0.26180592
19d323a7-f567-5e3d-bfee-b4ded7a46a5d,brunch,0,high,1,0.0,0.0,1,3,0.39796382
19d323a7-f567-5e3d-bfee-b4ded7a46a5d,brunch,0,high,2,0.5,0.0,1,3,0.24755734
19d323a7-f567-5e3d-bfee-b4ded7a46a5d,brunch,0,high,3,0.0,0.0,1,3,0.09267295
19d323a7-f567-5e3d-bfee-b4ded7a46a5d,cooking,75,low,0,0.25,0.75,0,4,0.6957702
19d323a7-f567-5e3d-bfee-b4ded7a46a5d,cooking,75,low,1,0.25,0.75,0,4,0.14309031
19d323a7-f567-5e3d-bfee-b4ded7a46a5d,cooking,75,low,2,0.25,0.75,0,4,0.093604214
19d323a7-f567-5e3d-bfee-b4ded7a46a5d,cooking,75,low,3,0.25,0.75,0,4,0.06753522
19d323a7-f567-5e3d-bfee-b4ded7a46a5d,dip,50,high,0,0.51,0.5,1,5,0.1520621
19d323a7-f567-5e3d-bfee-b4ded7a46a5d,dip,50,high,1,0.0,0.5,1,5,0.5578234
19d323a7-f567-5e3d-bfee-b4ded7a46a5d,dip,50,high,2,0.0,0.5,1,5,0.22538151
19d323a7-f567-5e3d-bfee-b4ded7a46a5d,dip,50,high,3,0.49,0.5,1,5,0.06473294
19d323a7-f567-5e3d-bfee-b4ded7a46a5d,drinks,75,high,0,0.25,0.75,1,6,0.27833256
19d323a7-f567-5e3d-bfee-b4ded7a46a5d,drinks,75,high,1,0.25,0.75,1,6,0.35063356
19d323a7-f567-5e3d-bfee-b4ded7a46a5d,drinks,75,high,2,0.25,0.75,1,6,0.21363103
19d323a7-f567-5e3d-bfee-b4ded7a46a5d,drinks,75,high,3,0.25,0.75,1,6,0.15740284
19d323a7-f567-5e3d-bfee-b4ded7a46a5d,driving,50,high,0,0.51,0.5,1,7,0.16074733
19d323a7-f567-5e3d-bfee-b4ded7a46a5d,driving,50,high,1,0.49,0.5,1,7,0.4870178
19d323a7-f567-5e3d-bfee-b4ded7a46a5d,driving,50,high,2,0.0,0.5,1,7,0.25592417
19d323a7-f567-5e3d-bfee-b4ded7a46a5d,driving,50,high,3,0.0,0.5,1,7,0.09631069
19d323a7-f567-5e3d-bfee-b4ded7a46a5d,fair,100,high,0,0.0,1.0,1,8,0.116963215
19d323a7-f567-5e3d-bfee-b4ded7a46a5d,fair,100,high,1,0.34,1.0,1,8,0.2474626
19d323a7-f567-5e3d-bfee-b4ded7a46a5d,fair,100,high,2,0.33,1.0,1,8,0.30874684
19d323a7-f567-5e3d-bfee-b4ded7a46a5d,fair,100,high,3,0.33,1.0,1,8,0.32682738
19d323a7-f567-5e3d-bfee-b4ded7a46a5d,gala,50,low,0,0.25,0.5,0,9,0.79520184
19d323a7-f567-5e3d-bfee-b4ded7a46a5d,gala,50,low,1,0.25,0.5,0,9,0.10983461
19d323a7-f567-5e3d-bfee-b4ded7a46a5d,gala,50,low,2,0.25,0.5,0,9,0.059997436
19d323a7-f567-5e3d-bfee-b4ded7a46a5d,gala,50,low,3,0.25,0.5,0,9,0.034966037
19d323a7-f567-5e3d-bfee-b4ded7a46a5d,hike,75,low,0,0.34,0.75,0,10,0.4188641
19d323a7-f567-5e3d-bfee-b4ded7a46a5d,hike,75,low,1,0.33,0.75,0,10,0.2709454
19d323a7-f567-5e3d-bfee-b4ded7a46a5d,hike,75,low,2,0.0,0.75,0,10,0.19254148
19d323a7-f567-5e3d-bfee-b4ded7a46a5d,hike,75,low,3,0.33,0.75,0,10,0.117649004
19d323a7-f567-5e3d-bfee-b4ded7a46a5d,oysters,0,high,0,0.0,0.0,1,11,0.36713034
19d323a7-f567-5e3d-bfee-b4ded7a46a5d,oysters,0,high,1,0.0,0.0,1,11,0.251757
19d323a7-f567-5e3d-bfee-b4ded7a46a5d,oysters,0,high,2,0.5,0.0,1,11,0.32237086
19d323a7-f567-5e3d-bfee-b4ded7a46a5d,oysters,0,high,3,0.5,0.0,1,11,0.058741804
19d323a7-f567-5e3d-bfee-b4ded7a46a5d,social,100,high,0,0.0,1.0,1,12,0.13305385
19d323a7-f567-5e3d-bfee-b4ded7a46a5d,social,100,high,1,0.34,1.0,1,12,0.29350144
19d323a7-f567-5e3d-bfee-b4ded7a46a5d,social,100,high,2,0.33,1.0,1,12,0.29148328
19d323a7-f567-5e3d-bfee-b4ded7a46a5d,social,100,high,3,0.33,1.0,1,12,0.28196135
19d323a7-f567-5e3d-bfee-b4ded7a46a5d,soup,100,low,0,0.25,1.0,0,13,0.17265384
19d323a7-f567-5e3d-bfee-b4ded7a46a5d,soup,100,low,1,0.25,1.0,0,13,0.2467696
19d323a7-f567-5e3d-bfee-b4ded7a46a5d,soup,100,low,2,0.25,1.0,0,13,0.26021537
19d323a7-f567-5e3d-bfee-b4ded7a46a5d,soup,100,low,3,0.25,1.0,0,13,0.32036123
19d323a7-f567-5e3d-bfee-b4ded7a46a5d,takeout,0,low,0,0.34,0.0,0,14,0.66916895
19d323a7-f567-5e3d-bfee-b4ded7a46a5d,takeout,0,low,1,0.33,0.0,0,14,0.27415937
19d323a7-f567-5e3d-bfee-b4ded7a46a5d,takeout,0,low,2,0.0,0.0,0,14,0.048414838
19d323a7-f567-5e3d-bfee-b4ded7a46a5d,takeout,0,low,3,0.33,0.0,0,14,0.008256775
19d323a7-f567-5e3d-bfee-b4ded7a46a5d,wedding,75,high,0,0.25,0.75,1,15,0.16501321
19d323a7-f567-5e3d-bfee-b4ded7a46a5d,wedding,75,high,1,0.25,0.75,1,15,0.32890013
19d323a7-f567-5e3d-bfee-b4ded7a46a5d,wedding,75,high,2,0.25,0.75,1,15,0.27954394
19d323a7-f567-5e3d-bfee-b4ded7a46a5d,wedding,75,high,3,0.25,0.75,1,15,0.22654271
1d3e8a3c-208f-5272-b1e7-389f4a2efa1f,apples,50,low,0,0.36,0.5,0,0,0.56864893
1d3e8a3c-208f-5272-b1e7-389f4a2efa1f,apples,50,low,1,0.52,0.5,0,0,0.24850366
1d3e8a3c-208f-5272-b1e7-389f4a2efa1f,apples,50,low,2,0.12,0.5,0,0,0.09509347
1d3e8a3c-208f-5272-b1e7-389f4a2efa1f,apples,50,low,3,0.0,0.5,0,0,0.08775395
1d3e8a3c-208f-5272-b1e7-389f4a2efa1f,basketball,75,high,0,0.0,0.75,1,1,0.20223837
1d3e8a3c-208f-5272-b1e7-389f4a2efa1f,basketball,75,high,1,0.6,0.75,1,1,0.38436523
1d3e8a3c-208f-5272-b1e7-389f4a2efa1f,basketball,75,high,2,0.4,0.75,1,1,0.2153484
1d3e8a3c-208f-5272-b1e7-389f4a2efa1f,basketball,75,high,3,0.0,0.75,1,1,0.19804801
1d3e8a3c-208f-5272-b1e7-389f4a2efa1f,birthday,50,low,0,0.0,0.5,0,2,0.29914954
1d3e8a3c-208f-5272-b1e7-389f4a2efa1f,birthday,50,low,1,0.7,0.5,0,2,0.43083405
1d3e8a3c-208f-5272-b1e7-389f4a2efa1f,birthday,50,low,2,0.3,0.5,0,2,0.18929946
1d3e8a3c-208f-5272-b1e7-389f4a2efa1f,birthday,50,low,3,0.0,0.5,0,2,0.08071703
1d3e8a3c-208f-5272-b1e7-389f4a2efa1f,brunch,50,high,0,0.0,0.5,1,3,0.26137137
1d3e8a3c-208f-5272-b1e7-389f4a2efa1f,brunch,50,high,1,0.6,0.5,1,3,0.3238393
1d3e8a3c-208f-5272-b1e7-389f4a2efa1f,brunch,50,high,2,0.4,0.5,1,3,0.26117304
1d3e8a3c-208f-5272-b1e7-389f4a2efa1f,brunch,50,high,3,0.0,0.5,1,3,0.15361626
1d3e8a3c-208f-5272-b1e7-389f4a2efa1f,cooking,0,high,0,0.0,0.0,1,4,0.32258898
1d3e8a3c-208f-5272-b1e7-389f4a2efa1f,cooking,0,high,1,1.0,0.0,1,4,0.41451508
1d3e8a3c-208f-5272-b1e7-389f4a2efa1f,cooking,0,high,2,0.0,0.0,1,4,0.17586832
1d3e8a3c-208f-5272-b1e7-389f4a2efa1f,cooking,0,high,3,0.0,0.0,1,4,0.08702758
1d3e8a3c-208f-5272-b1e7-389f4a2efa1f,dip,50,high,0,0.0,0.5,1,5,0.1520621
1d3e8a3c-208f-5272-b1e7-389f4a2efa1f,dip,50,high,1,1.0,0.5,1,5,0.5578234
1d3e8a3c-208f-5272-b1e7-389f4a2efa1f,dip,50,high,2,0.0,0.5,1,5,0.22538151
1d3e8a3c-208f-5272-b1e7-389f4a2efa1f,dip,50,high,3,0.0,0.5,1,5,0.06473294
1d3e8a3c-208f-5272-b1e7-389f4a2efa1f,drinks,100,high,0,0.0,1.0,1,6,0.17412922
1d3e8a3c-208f-5272-b1e7-389f4a2efa1f,drinks,100,high,1,0.0,1.0,1,6,0.28677985
1d3e8a3c-208f-5272-b1e7-389f4a2efa1f,drinks,100,high,2,0.1,1.0,1,6,0.2700779
1d3e8a3c-208f-5272-b1e7-389f4a2efa1f,drinks,100,high,3,0.9,1.0,1,6,0.269013
1d3e8a3c-208f-5272-b1e7-389f4a2efa1f,driving,75,high,0,0.0,0.75,1,7,0.1351035
1d3e8a3c-208f-5272-b1e7-389f4a2efa1f,driving,75,high,1,0.45,0.75,1,7,0.40932438
1d3e8a3c-208f-5272-b1e7-389f4a2efa1f,driving,75,high,2,0.45,0.75,1,7,0.28989655
1d3e8a3c-208f-5272-b1e7-389f4a2efa1f,driving,75,high,3,0.1,0.75,1,7,0.16567567
1d3e8a3c-208f-5272-b1e7-389f4a2efa1f,fair,0,low,0,0.0,0.0,0,8,0.62978035
1d3e8a3c-208f-5272-b1e7-389f4a2efa1f,fair,0,low,1,1.0,0.0,0,8,0.31427956
1d3e8a3c-208f-5272-b1e7-389f4a2efa1f,fair,0,low,2,0.0,0.0,0,8,0.04427682
1d3e8a3c-208f-5272-b1e7-389f4a2efa1f,fair,0,low,3,0.0,0.0,0,8,0.011663312
1d3e8a3c-208f-5272-b1e7-389f4a2efa1f,gala,0,low,0,1.0,0.0,0,9,0.8866782
1d3e8a3c-208f-5272-b1e7-389f4a2efa1f,gala,0,low,1,0.0,0.0,0,9,0.07345924
1d3e8a3c-208f-5272-b1e7-389f4a2efa1f,gala,0,low,2,0.0,0.0,0,9,0.028000446
1d3e8a3c-208f-5272-b1e7-389f4a2efa1f,gala,0,low,3,0.0,0.0,0,9,0.011862111
1d3e8a3c-208f-5272-b1e7-389f4a2efa1f,hike,75,low,0,0.66,0.75,0,10,0.4188641
1d3e8a3c-208f-5272-b1e7-389f4a2efa1f,hike,75,low,1,0.34,0.75,0,10,0.2709454
1d3e8a3c-208f-5272-b1e7-389f4a2efa1f,hike,75,low,2,0.0,0.75,0,10,0.19254148
1d3e8a3c-208f-5272-b1e7-389f4a2efa1f,hike,75,low,3,0.0,0.75,0,10,0.117649004
1d3e8a3c-208f-5272-b1e7-389f4a2efa1f,oysters,75,low,0,1.0,0.75,0,11,0.4116703
1d3e8a3c-208f-5272-b1e7-389f4a2efa1f,oysters,75,low,1,0.0,0.75,0,11,0.20713082
1d3e8a3c-208f-5272-b1e7-389f4a2efa1f,oysters,75,low,2,0.0,0.75,0,11,0.2690045
1d3e8a3c-208f-5272-b1e7-389f4a2efa1f,oysters,75,low,3,0.0,0.75,0,11,0.112194374
1d3e8a3c-208f-5272-b1e7-389f4a2efa1f,social,0,high,0,0.9,0.0,1,12,0.65139556
1d3e8a3c-208f-5272-b1e7-389f4a2efa1f,social,0,high,1,0.1,0.0,1,12,0.08862829
1d3e8a3c-208f-5272-b1e7-389f4a2efa1f,social,0,high,2,0.0,0.0,1,12,0.1875765
1d3e8a3c-208f-5272-b1e7-389f4a2efa1f,social,0,high,3,0.0,0.0,1,12,0.07239971
1d3e8a3c-208f-5272-b1e7-389f4a2efa1f,soup,100,low,0,0.39,1.0,0,13,0.17265384
1d3e8a3c-208f-5272-b1e7-389f4a2efa1f,soup,100,low,1,0.0,1.0,0,13,0.2467696
1d3e8a3c-208f-5272-b1e7-389f4a2efa1f,soup,100,low,2,0.0,1.0,0,13,0.26021537
1d3e8a3c-208f-5272-b1e7-389f4a2efa1f,soup,100,low,3,0.61,1.0,0,13,0.32036123
1d3e8a3c-208f-5272-b1e7-389f4a2efa1f,takeout,100,high,0,0.0,1.0,1,14,0.16335048
1d3e8a3c-208f-5272-b1e7-389f4a2efa1f,takeout,100,high,1,0.3,1.0,1,14,0.37776726
1d3e8a3c-208f-5272-b1e7-389f4a2efa1f,takeout,100,high,2,0.6,1.0,1,14,0.37241223
1d3e8a3c-208f-5272-b1e7-389f4a2efa1f,takeout,100,high,3,0.1,1.0,1,14,0.086470015
1d3e8a3c-208f-5272-b1e7-389f4a2efa1f,wedding,100,low,0,0.75,1.0,0,15,0.35762483
1d3e8a3c-208f-5272-b1e7-389f4a2efa1f,wedding,100,low,1,0.0,1.0,0,15,0.22430809
1d3e8a3c-208f-5272-b1e7-389f4a2efa1f,wedding,100,low,2,0.0,1.0,0,15,0.2361927
1d3e8a3c-208f-5272-b1e7-389f4a2efa1f,wedding,100,low,3,0.25,1.0,0,15,0.18187447
1e2ee641-3b58-5eff-ad2e-96b35f97ca0f,apples,75,high,0,0.0,0.75,1,0,0.17327306
1e2ee641-3b58-5eff-ad2e-96b35f97ca0f,apples,75,high,1,0.56,0.75,1,0,0.36745417
1e2ee641-3b58-5eff-ad2e-96b35f97ca0f,apples,75,high,2,0.33,0.75,1,0,0.23502025
1e2ee641-3b58-5eff-ad2e-96b35f97ca0f,apples,75,high,3,0.11,0.75,1,0,0.22425258
1e2ee641-3b58-5eff-ad2e-96b35f97ca0f,basketball,0,low,0,0.44,0.0,0,1,0.59798855
1e2ee641-3b58-5eff-ad2e-96b35f97ca0f,basketball,0,low,1,0.56,0.0,0,1,0.33563203
1e2ee641-3b58-5eff-ad2e-96b35f97ca0f,basketball,0,low,2,0.0,0.0,0,1,0.03724604
1e2ee641-3b58-5eff-ad2e-96b35f97ca0f,basketball,0,low,3,0.0,0.0,0,1,0.02913338
1e2ee641-3b58-5eff-ad2e-96b35f97ca0f,birthday,75,low,0,0.0,0.75,0,2,0.25470307
1e2ee641-3b58-5eff-ad2e-96b35f97ca0f,birthday,75,low,1,0.77,0.75,0,2,0.36682245
1e2ee641-3b58-5eff-ad2e-96b35f97ca0f,birthday,75,low,2,0.23,0.75,0,2,0.24243777
1e2ee641-3b58-5eff-ad2e-96b35f97ca0f,birthday,75,low,3,0.0,0.75,0,2,0.13603675
1e2ee641-3b58-5eff-ad2e-96b35f97ca0f,brunch,100,low,0,0.28,1.0,0,3,0.25663456
1e2ee641-3b58-5eff-ad2e-96b35f97ca0f,brunch,100,low,1,0.19,1.0,0,3,0.21827695
1e2ee641-3b58-5eff-ad2e-96b35f97ca0f,brunch,100,low,2,0.23,1.0,0,3,0.2570134
1e2ee641-3b58-5eff-ad2e-96b35f97ca0f,brunch,100,low,3,0.3,1.0,0,3,0.26807508
1e2ee641-3b58-5eff-ad2e-96b35f97ca0f,cooking,50,high,0,0.0,0.5,1,4,0.20437361
1e2ee641-3b58-5eff-ad2e-96b35f97ca0f,cooking,50,high,1,0.32,0.5,1,4,0.39527634
1e2ee641-3b58-5eff-ad2e-96b35f97ca0f,cooking,50,high,2,0.53,0.5,1,4,0.2374081
1e2ee641-3b58-5eff-ad2e-96b35f97ca0f,cooking,50,high,3,0.15,0.5,1,4,0.16294199
1e2ee641-3b58-5eff-ad2e-96b35f97ca0f,dip,75,high,0,0.0,0.75,1,5,0.13296467
1e2ee641-3b58-5eff-ad2e-96b35f97ca0f,dip,75,high,1,0.57,0.75,1,5,0.4877666
1e2ee641-3b58-5eff-ad2e-96b35f97ca0f,dip,75,high,2,0.27,0.75,1,5,0.26560885
1e2ee641-3b58-5eff-ad2e-96b35f97ca0f,dip,75,high,3,0.16,0.75,1,5,0.11365985
1e2ee641-3b58-5eff-ad2e-96b35f97ca0f,drinks,0,high,0,1.0,0.0,1,6,0.49300584
1e2ee641-3b58-5eff-ad2e-96b35f97ca0f,drinks,0,high,1,0.0,0.0,1,6,0.36993352
1e2ee641-3b58-5eff-ad2e-96b35f97ca0f,drinks,0,high,2,0.0,0.0,1,6,0.097113706
1e2ee641-3b58-5eff-ad2e-96b35f97ca0f,drinks,0,high,3,0.0,0.0,1,6,0.039946947
1e2ee641-3b58-5eff-ad2e-96b35f97ca0f,driving,100,high,0,0.16,1.0,1,7,0.09397328
1e2ee641-3b58-5eff-ad2e-96b35f97ca0f,driving,100,high,1,0.35,1.0,1,7,0.28471178
1e2ee641-3b58-5eff-ad2e-96b35f97ca0f,driving,100,high,2,0.29,1.0,1,7,0.3065041
1e2ee641-3b58-5eff-ad2e-96b35f97ca0f,driving,100,high,3,0.2,1.0,1,7,0.31481075
1e2ee641-3b58-5eff-ad2e-96b35f97ca0f,fair,50,low,0,0.3,0.5,0,8,0.5556539
1e2ee641-3b58-5eff-ad2e-96b35f97ca0f,fair,50,low,1,0.61,0.5,0,8,0.30713385
1e2ee641-3b58-5eff-ad2e-96b35f97ca0f,fair,50,low,2,0.09,0.5,0,8,0.10212145
1e2ee641-3b58-5eff-ad2e-96b35f97ca0f,fair,50,low,3,0.0,0.5,0,8,0.035090752
1e2ee641-3b58-5eff-ad2e-96b35f97ca0f,gala,50,high,0,0.25,0.5,1,9,0.22198972
1e2ee641-3b58-5eff-ad2e-96b35f97ca0f,gala,50,high,1,0.38,0.5,1,9,0.39286163
1e2ee641-3b58-5eff-ad2e-96b35f97ca0f,gala,50,high,2,0.19,0.5,1,9,0.22126077
1e2ee641-3b58-5eff-ad2e-96b35f97ca0f,gala,50,high,3,0.18,0.5,1,9,0.1638879
1e2ee641-3b58-5eff-ad2e-96b35f97ca0f,hike,100,high,0,0.58,1.0,1,10,0.10209092
1e2ee641-3b58-5eff-ad2e-96b35f97ca0f,hike,100,high,1,0.26,1.0,1,10,0.34788167
1e2ee641-3b58-5eff-ad2e-96b35f97ca0f,hike,100,high,2,0.09,1.0,1,10,0.27311608
1e2ee641-3b58-5eff-ad2e-96b35f97ca0f,hike,100,high,3,0.07,1.0,1,10,0.27691132
1e2ee641-3b58-5eff-ad2e-96b35f97ca0f,oysters,100,low,0,0.28,1.0,0,11,0.28530428
1e2ee641-3b58-5eff-ad2e-96b35f97ca0f,oysters,100,low,1,0.37,1.0,0,11,0.237263
1e2ee641-3b58-5eff-ad2e-96b35f97ca0f,oysters,100,low,2,0.1,1.0,0,11,0.2650189
1e2ee641-3b58-5eff-ad2e-96b35f97ca0f,oysters,100,low,3,0.25,1.0,0,11,0.21241386
1e2ee641-3b58-5eff-ad2e-96b35f97ca0f,social,75,low,0,0.2,0.75,0,12,0.48559067
1e2ee641-3b58-5eff-ad2e-96b35f97ca0f,social,75,low,1,0.53,0.75,0,12,0.1562225
1e2ee641-3b58-5eff-ad2e-96b35f97ca0f,social,75,low,2,0.27,0.75,0,12,0.22584657
1e2ee641-3b58-5eff-ad2e-96b35f97ca0f,social,75,low,3,0.0,0.75,0,12,0.13234024
1e2ee641-3b58-5eff-ad2e-96b35f97ca0f,soup,0,high,0,0.33,0.0,1,13,0.3310718
1e2ee641-3b58-5eff-ad2e-96b35f97ca0f,soup,0,high,1,0.51,0.0,1,13,0.5448662
1e2ee641-3b58-5eff-ad2e-96b35f97ca0f,soup,0,high,2,0.16,0.0,1,13,0.08330492
1e2ee641-3b58-5eff-ad2e-96b35f97ca0f,soup,0,high,3,0.0,0.0,1,13,0.040757075
1e2ee641-3b58-5eff-ad2e-96b35f97ca0f,takeout,50,low,0,0.76,0.5,0,14,0.56748694
1e2ee641-3b58-5eff-ad2e-96b35f97ca0f,takeout,50,low,1,0.24,0.5,0,14,0.30020222
1e2ee641-3b58-5eff-ad2e-96b35f97ca0f,takeout,50,low,2,0.0,0.5,0,14,0.10843349
1e2ee641-3b58-5eff-ad2e-96b35f97ca0f,takeout,50,low,3,0.0,0.5,0,14,0.023877341
1e2ee641-3b58-5eff-ad2e-96b35f97ca0f,wedding,0,low,0,0.6,0.0,0,15,0.77268213
1e2ee641-3b58-5eff-ad2e-96b35f97ca0f,wedding,0,low,1,0.1,0.0,0,15,0.1418967
1e2ee641-3b58-5eff-ad2e-96b35f97ca0f,wedding,0,low,2,0.3,0.0,0,15,0.0648113
1e2ee641-3b58-5eff-ad2e-96b35f97ca0f,wedding,0,low,3,0.0,0.0,0,15,0.020609858
2125ccd9-1598-5441-8454-687b2b918471,apples,0,low,0,1.0,0.0,0,0,0.7356681
2125ccd9-1598-5441-8454-687b2b918471,apples,0,low,1,0.0,0.0,0,0,0.1928364
2125ccd9-1598-5441-8454-687b2b918471,apples,0,low,2,0.0,0.0,0,0,0.038202766
2125ccd9-1598-5441-8454-687b2b918471,apples,0,low,3,0.0,0.0,0,0,0.033292685
2125ccd9-1598-5441-8454-687b2b918471,basketball,100,low,0,1.0,1.0,0,1,0.27969223
2125ccd9-1598-5441-8454-687b2b918471,basketball,100,low,1,0.0,1.0,0,1,0.20069663
2125ccd9-1598-5441-8454-687b2b918471,basketball,100,low,2,0.0,1.0,0,1,0.25980562
2125ccd9-1598-5441-8454-687b2b918471,basketball,100,low,3,0.0,1.0,0,1,0.25980556
2125ccd9-1598-5441-8454-687b2b918471,birthday,100,low,0,0.49,1.0,0,2,0.18114941
2125ccd9-1598-5441-8454-687b2b918471,birthday,100,low,1,0.0,1.0,0,2,0.26089072
2125ccd9-1598-5441-8454-687b2b918471,birthday,100,low,2,0.22,1.0,0,2,0.30576038
2125ccd9-1598-5441-8454-687b2b918471,birthday,100,low,3,0.29,1.0,0,2,0.2521995
2125ccd9-1598-5441-8454-687b2b918471,brunch,100,high,0,0.0,1.0,1,3,0.23770595
2125ccd9-1598-5441-8454-687b2b918471,brunch,100,high,1,0.3,1.0,1,3,0.22106798
2125ccd9-1598-5441-8454-687b2b918471,brunch,100,high,2,0.46,1.0,1,3,0.2566543
2125ccd9-1598-5441-8454-687b2b918471,brunch,100,high,3,0.24,1.0,1,3,0.2845718
2125ccd9-1598-5441-8454-687b2b918471,cooking,0,low,0,1.0,0.0,0,4,0.8578861
2125ccd9-1598-5441-8454-687b2b918471,cooking,0,low,1,0.0,0.0,0,4,0.09232124
2125ccd9-1598-5441-8454-687b2b918471,cooking,0,low,2,0.0,0.0,0,4,0.03482614
2125ccd9-1598-5441-8454-687b2b918471,cooking,0,low,3,0.0,0.0,0,4,0.014966578
2125ccd9-1598-5441-8454-687b2b918471,dip,0,high,0,0.0,0.0,1,5,0.17585786
2125ccd9-1598-5441-8454-687b2b918471,dip,0,high,1,1.0,0.0,1,5,0.6451156
2125ccd9-1598-5441-8454-687b2b918471,dip,0,high,2,0.0,0.0,1,5,0.1563427
2125ccd9-1598-5441-8454-687b2b918471,dip,0,high,3,0.0,0.0,1,5,0.022683876
2125ccd9-1598-5441-8454-687b2b918471,drinks,0,high,0,0.12,0.0,1,6,0.49300584
2125ccd9-1598-5441-8454-687b2b918471,drinks,0,high,1,0.88,0.0,1,6,0.36993352
2125ccd9-1598-5441-8454-687b2b918471,drinks,0,high,2,0.0,0.0,1,6,0.097113706
2125ccd9-1598-5441-8454-687b2b918471,drinks,0,high,3,0.0,0.0,1,6,0.039946947
2125ccd9-1598-5441-8454-687b2b918471,driving,50,low,0,0.06,0.5,0,7,0.41526043
2125ccd9-1598-5441-8454-687b2b918471,driving,50,low,1,0.94,0.5,0,7,0.34533665
2125ccd9-1598-5441-8454-687b2b918471,driving,50,low,2,0.0,0.5,0,7,0.1814718
2125ccd9-1598-5441-8454-687b2b918471,driving,50,low,3,0.0,0.5,0,7,0.05793105
2125ccd9-1598-5441-8454-687b2b918471,fair,50,low,0,0.07,0.5,0,8,0.5556539
2125ccd9-1598-5441-8454-687b2b918471,fair,50,low,1,0.31,0.5,0,8,0.30713385
2125ccd9-1598-5441-8454-687b2b918471,fair,50,low,2,0.62,0.5,0,8,0.10212145
2125ccd9-1598-5441-8454-687b2b918471,fair,50,low,3,0.0,0.5,0,8,0.035090752
2125ccd9-1598-5441-8454-687b2b918471,gala,50,high,0,0.18,0.5,1,9,0.22198972
2125ccd9-1598-5441-8454-687b2b918471,gala,50,high,1,0.18,0.5,1,9,0.39286163
2125ccd9-1598-5441-8454-687b2b918471,gala,50,high,2,0.55,0.5,1,9,0.22126077
2125ccd9-1598-5441-8454-687b2b918471,gala,50,high,3,0.09,0.5,1,9,0.1638879
2125ccd9-1598-5441-8454-687b2b918471,hike,50,high,0,0.11,0.5,1,10,0.22081594
2125ccd9-1598-5441-8454-687b2b918471,hike,50,high,1,0.87,0.5,1,10,0.48932368
2125ccd9-1598-5441-8454-687b2b918471,hike,50,high,2,0.02,0.5,1,10,0.17706409
2125ccd9-1598-5441-8454-687b2b918471,hike,50,high,3,0.0,0.5,1,10,0.11279631
2125ccd9-1598-5441-8454-687b2b918471,oysters,75,low,0,0.61,0.75,0,11,0.4116703
2125ccd9-1598-5441-8454-687b2b918471,oysters,75,low,1,0.19,0.75,0,11,0.20713082
2125ccd9-1598-5441-8454-687b2b918471,oysters,75,low,2,0.12,0.75,0,11,0.2690045
2125ccd9-1598-5441-8454-687b2b918471,oysters,75,low,3,0.08,0.75,0,11,0.112194374
2125ccd9-1598-5441-8454-687b2b918471,social,75,low,0,1.0,0.75,0,12,0.48559067
2125ccd9-1598-5441-8454-687b2b918471,social,75,low,1,0.0,0.75,0,12,0.1562225
2125ccd9-1598-5441-8454-687b2b918471,social,75,low,2,0.0,0.75,0,12,0.22584657
2125ccd9-1598-5441-8454-687b2b918471,social,75,low,3,0.0,0.75,0,12,0.13234024
2125ccd9-1598-5441-8454-687b2b918471,soup,75,high,0,0.07,0.75,1,13,0.22527981
2125ccd9-1598-5441-8454-687b2b918471,soup,75,high,1,0.46,0.75,1,13,0.3707575
2125ccd9-1598-5441-8454-687b2b918471,soup,75,high,2,0.0,0.75,1,13,0.21040073
2125ccd9-1598-5441-8454-687b2b918471,soup,75,high,3,0.47,0.75,1,13,0.19356199
2125ccd9-1598-5441-8454-687b2b918471,takeout,100,high,0,0.0,1.0,1,14,0.16335048
2125ccd9-1598-5441-8454-687b2b918471,takeout,100,high,1,0.6,1.0,1,14,0.37776726
2125ccd9-1598-5441-8454-687b2b918471,takeout,100,high,2,0.4,1.0,1,14,0.37241223
2125ccd9-1598-5441-8454-687b2b918471,takeout,100,high,3,0.0,1.0,1,14,0.086470015
2125ccd9-1598-5441-8454-687b2b918471,wedding,75,high,0,0.01,0.75,1,15,0.16501321
2125ccd9-1598-5441-8454-687b2b918471,wedding,75,high,1,0.5,0.75,1,15,0.32890013
2125ccd9-1598-5441-8454-687b2b918471,wedding,75,high,2,0.39,0.75,1,15,0.27954394
2125ccd9-1598-5441-8454-687b2b918471,wedding,75,high,3,0.1,0.75,1,15,0.22654271
2144bf90-015d-5051-91a5-a60679957dad,apples,100,high,0,0.15,1.0,1,0,0.08853757
2144bf90-015d-5051-91a5-a60679957dad,apples,100,high,1,0.15,1.0,1,0,0.2854008
2144bf90-015d-5051-91a5-a60679957dad,apples,100,high,2,0.55,1.0,1,0,0.3130308
2144bf90-015d-5051-91a5-a60679957dad,apples,100,high,3,0.15,1.0,1,0,0.31303078
2144bf90-015d-5051-91a5-a60679957dad,basketball,0,high,0,0.28,0.0,1,1,0.34058285
2144bf90-015d-5051-91a5-a60679957dad,basketball,0,high,1,0.72,0.0,1,1,0.5505353
2144bf90-015d-5051-91a5-a60679957dad,basketball,0,high,2,0.0,0.0,1,1,0.061094463
2144bf90-015d-5051-91a5-a60679957dad,basketball,0,high,3,0.0,0.0,1,1,0.047787316
2144bf90-015d-5051-91a5-a60679957dad,birthday,50,high,0,0.0,0.5,1,2,0.16706371
2144bf90-015d-5051-91a5-a60679957dad,birthday,50,high,1,1.0,0.5,1,2,0.5288051
2144bf90-015d-5051-91a5-a60679957dad,birthday,50,high,2,0.0,0.5,1,2,0.21500385
2144bf90-015d-5051-91a5-a60679957dad,birthday,50,high,3,0.0,0.5,1,2,0.08912745
2144bf90-015d-5051-91a5-a60679957dad,brunch,50,high,0,0.0,0.5,1,3,0.26137137
2144bf90-015d-5051-91a5-a60679957dad,brunch,50,high,1,1.0,0.5,1,3,0.3238393
2144bf90-015d-5051-91a5-a60679957dad,brunch,50,high,2,0.0,0.5,1,3,0.26117304
2144bf90-015d-5051-91a5-a60679957dad,brunch,50,high,3,0.0,0.5,1,3,0.15361626
2144bf90-015d-5051-91a5-a60679957dad,cooking,75,low,0,1.0,0.75,0,4,0.6957702
2144bf90-015d-5051-91a5-a60679957dad,cooking,75,low,1,0.0,0.75,0,4,0.14309031
2144bf90-015d-5051-91a5-a60679957dad,cooking,75,low,2,0.0,0.75,0,4,0.093604214
2144bf90-015d-5051-91a5-a60679957dad,cooking,75,low,3,0.0,0.75,0,4,0.06753522
2144bf90-015d-5051-91a5-a60679957dad,dip,0,low,0,1.0,0.0,0,5,0.7331288
2144bf90-015d-5051-91a5-a60679957dad,dip,0,low,1,0.0,0.0,0,5,0.20262736
2144bf90-015d-5051-91a5-a60679957dad,dip,0,low,2,0.0,0.0,0,5,0.055230852
2144bf90-015d-5051-91a5-a60679957dad,dip,0,low,3,0.0,0.0,0,5,0.00901291
2144bf90-015d-5051-91a5-a60679957dad,drinks,75,high,0,0.0,0.75,1,6,0.27833256
2144bf90-015d-5051-91a5-a60679957dad,drinks,75,high,1,1.0,0.75,1,6,0.35063356
2144bf90-015d-5051-91a5-a60679957dad,drinks,75,high,2,0.0,0.75,1,6,0.21363103
2144bf90-015d-5051-91a5-a60679957dad,drinks,75,high,3,0.0,0.75,1,6,0.15740284
2144bf90-015d-5051-91a5-a60679957dad,driving,50,low,0,0.0,0.5,0,7,0.41526043
2144bf90-015d-5051-91a5-a60679957dad,driving,50,low,1,1.0,0.5,0,7,0.34533665
2144bf90-015d-5051-91a5-a60679957dad,driving,50,low,2,0.0,0.5,0,7,0.1814718
2144bf90-015d-5051-91a5-a60679957dad,driving,50,low,3,0.0,0.5,0,7,0.05793105
2144bf90-015d-5051-91a5-a60679957dad,fair,100,high,0,0.0,1.0,1,8,0.116963215
2144bf90-015d-5051-91a5-a60679957dad,fair,100,high,1,1.0,1.0,1,8,0.2474626
2144bf90-015d-5051-91a5-a60679957dad,fair,100,high,2,0.0,1.0,1,8,0.30874684
2144bf90-015d-5051-91a5-a60679957dad,fair,100,high,3,0.0,1.0,1,8,0.32682738
2144bf90-015d-5051-91a5-a60679957dad,gala,0,low,0,1.0,0.0,0,9,0.8866782
2144bf90-015d-5051-91a5-a60679957dad,gala,0,low,1,0.0,0.0,0,9,0.07345924
2144bf90-015d-5051-91a5-a60679957dad,gala,0,low,2,0.0,0.0,0,9,0.028000446
2144bf90-015d-5051-91a5-a60679957dad,gala,0,low,3,0.0,0.0,0,9,0.011862111
2144bf90-015d-5051-91a5-a60679957dad,hike,0,high,0,0.0,0.0,1,10,0.31990948
2144bf90-015d-5051-91a5-a60679957dad,hike,0,high,1,1.0,0.0,1,10,0.5216798
2144bf90-015d-5051-91a5-a60679957dad,hike,0,high,2,0.0,0.0,1,10,0.108692184
2144bf90-015d-5051-91a5-a60679957dad,hike,0,high,3,0.0,0.0,1,10,0.049718577
2144bf90-015d-5051-91a5-a60679957dad,oysters,100,low,0,1.0,1.0,0,11,0.28530428
2144bf90-015d-5051-91a5-a60679957dad,oysters,100,low,1,0.0,1.0,0,11,0.237263
2144bf90-015d-5051-91a5-a60679957dad,oysters,100,low,2,0.0,1.0,0,11,0.2650189
2144bf90-015d-5051-91a5-a60679957dad,oysters,100,low,3,0.0,1.0,0,11,0.21241386
2144bf90-015d-5051-91a5-a60679957dad,social,50,low,0,1.0,0.5,0,12,0.6326194
2144bf90-015d-5051-91a5-a60679957dad,social,50,low,1,0.0,0.5,0,12,0.10343386
2144bf90-015d-5051-91a5-a60679957dad,social,50,low,2,0.0,0.5,0,12,0.17970979
2144bf90-015d-5051-91a5-a60679957dad,social,50,low,3,0.0,0.5,0,12,0.08423695
2144bf90-015d-5051-91a5-a60679957dad,soup,100,low,0,0.0,1.0,0,13,0.17265384
2144bf90-015d-5051-91a5-a60679957dad,soup,100,low,1,1.0,1.0,0,13,0.2467696
2144bf90-015d-5051-91a5-a60679957dad,soup,100,low,2,0.0,1.0,0,13,0.26021537
2144bf90-015d-5051-91a5-a60679957dad,soup,100,low,3,0.0,1.0,0,13,0.32036123
2144bf90-015d-5051-91a5-a60679957dad,takeout,75,high,0,0.0,0.75,1,14,0.2439953
2144bf90-015d-5051-91a5-a60679957dad,takeout,75,high,1,1.0,0.75,1,14,0.45767552
2144bf90-015d-5051-91a5-a60679957dad,takeout,75,high,2,0.0,0.75,1,14,0.2510497
2144bf90-015d-5051-91a5-a60679957dad,takeout,75,high,3,0.0,0.75,1,14,0.047279578
2144bf90-015d-5051-91a5-a60679957dad,wedding,75,low,0,1.0,0.75,0,15,0.51931244
2144bf90-015d-5051-91a5-a60679957dad,wedding,75,low,1,0.0,0.75,0,15,0.2142844
2144bf90-015d-5051-91a5-a60679957dad,wedding,75,low,2,0.0,0.75,0,15,0.16972683
2144bf90-015d-5051-91a5-a60679957dad,wedding,75,low,3,0.0,0.75,0,15,0.09667626
23b763f0-6f84-5438-a48f-653c28ae37c7,apples,75,low,0,0.57,0.75,0,0,0.447258
23b763f0-6f84-5438-a48f-653c28ae37c7,apples,75,low,1,0.09,0.75,0,0,0.26342416
23b763f0-6f84-5438-a48f-653c28ae37c7,apples,75,low,2,0.17,0.75,0,0,0.14805049
23b763f0-6f84-5438-a48f-653c28ae37c7,apples,75,low,3,0.17,0.75,0,0,0.1412674
23b763f0-6f84-5438-a48f-653c28ae37c7,basketball,100,low,0,0.19,1.0,0,1,0.27969223
23b763f0-6f84-5438-a48f-653c28ae37c7,basketball,100,low,1,0.17,1.0,0,1,0.20069663
23b763f0-6f84-5438-a48f-653c28ae37c7,basketball,100,low,2,0.32,1.0,0,1,0.25980562
23b763f0-6f84-5438-a48f-653c28ae37c7,basketball,100,low,3,0.32,1.0,0,1,0.25980556
23b763f0-6f84-5438-a48f-653c28ae37c7,birthday,0,high,0,0.2,0.0,1,2,0.20118563
23b763f0-6f84-5438-a48f-653c28ae37c7,birthday,0,high,1,0.65,0.0,1,2,0.6368108
23b763f0-6f84-5438-a48f-653c28ae37c7,birthday,0,high,2,0.08,0.0,1,2,0.12867387
23b763f0-6f84-5438-a48f-653c28ae37c7,birthday,0,high,3,0.07,0.0,1,2,0.033329796
23b763f0-6f84-5438-a48f-653c28ae37c7,brunch,0,low,0,0.56,0.0,0,3,0.2796343
23b763f0-6f84-5438-a48f-653c28ae37c7,brunch,0,low,1,0.27,0.0,0,3,0.38874203
23b763f0-6f84-5438-a48f-653c28ae37c7,brunch,0,low,2,0.08,0.0,0,3,0.24525556
23b763f0-6f84-5438-a48f-653c28ae37c7,brunch,0,low,3,0.09,0.0,0,3,0.086368114
23b763f0-6f84-5438-a48f-653c28ae37c7,cooking,0,high,0,0.09,0.0,1,4,0.32258898
23b763f0-6f84-5438-a48f-653c28ae37c7,cooking,0,high,1,0.58,0.0,1,4,0.41451508
23b763f0-6f84-5438-a48f-653c28ae37c7,cooking,0,high,2,0.15,0.0,1,4,0.17586832
23b763f0-6f84-5438-a48f-653c28ae37c7,cooking,0,high,3,0.18,0.0,1,4,0.08702758
23b763f0-6f84-5438-a48f-653c28ae37c7,dip,75,high,0,0.06,0.75,1,5,0.13296467
23b763f0-6f84-5438-a48f-653c28ae37c7,dip,75,high,1,0.31,0.75,1,5,0.4877666
23b763f0-6f84-5438-a48f-653c28ae37c7,dip,75,high,2,0.46,0.75,1,5,0.26560885
23b763f0-6f84-5438-a48f-653c28ae37c7,dip,75,high,3,0.17,0.75,1,5,0.11365985
23b763f0-6f84-5438-a48f-653c28ae37c7,drinks,50,high,0,0.2,0.5,1,6,0.35946196
23b763f0-6f84-5438-a48f-653c28ae37c7,drinks,50,high,1,0.28,0.5,1,6,0.3741043
23b763f0-6f84-5438-a48f-653c28ae37c7,drinks,50,high,2,0.45,0.5,1,6,0.167113
23b763f0-6f84-5438-a48f-653c28ae37c7,drinks,50,high,3,0.07,0.5,1,6,0.09932076
23b763f0-6f84-5438-a48f-653c28ae37c7,driving,0,low,0,0.47,0.0,0,7,0.46846104
23b763f0-6f84-5438-a48f-653c28ae37c7,driving,0,low,1,0.35,0.0,0,7,0.38957903
23b763f0-6f84-5438-a48f-653c28ae37c7,driving,0,low,2,0.1,0.0,0,7,0.12279496
23b763f0-6f84-5438-a48f-653c28ae37c7,driving,0,low,3,0.08,0.0,0,7,0.019165
23b763f0-6f84-5438-a48f-653c28ae37c7,fair,75,high,0,0.08,0.75,1,8,0.19342518
23b763f0-6f84-5438-a48f-653c28ae37c7,fair,75,high,1,0.42,0.75,1,8,0.376359
23b763f0-6f84-5438-a48f-653c28ae37c7,fair,75,high,2,0.42,0.75,1,8,0.23236895
23b763f0-6f84-5438-a48f-653c28ae37c7,fair,75,high,3,0.08,0.75,1,8,0.1978469
23b763f0-6f84-5438-a48f-653c28ae37c7,gala,100,low,0,0.54,1.0,0,9,0.56416404
23b763f0-6f84-5438-a48f-653c28ae37c7,gala,100,low,1,0.15,1.0,0,9,0.15963629
23b763f0-6f84-5438-a48f-653c28ae37c7,gala,100,low,2,0.15,1.0,0,9,0.14447609
23b763f0-6f84-5438-a48f-653c28ae37c7,gala,100,low,3,0.16,1.0,0,9,0.13172355
23b763f0-6f84-5438-a48f-653c28ae37c7,hike,100,high,0,0.06,1.0,1,10,0.10209092
23b763f0-6f84-5438-a48f-653c28ae37c7,hike,100,high,1,0.09,1.0,1,10,0.34788167
23b763f0-6f84-5438-a48f-653c28ae37c7,hike,100,high,2,0.33,1.0,1,10,0.27311608
23b763f0-6f84-5438-a48f-653c28ae37c7,hike,100,high,3,0.52,1.0,1,10,0.27691132
23b763f0-6f84-5438-a48f-653c28ae37c7,oysters,50,high,0,0.21,0.5,1,11,0.24033377
23b763f0-6f84-5438-a48f-653c28ae37c7,oysters,50,high,1,0.53,0.5,1,11,0.30433637
23b763f0-6f84-5438-a48f-653c28ae37c7,oysters,50,high,2,0.07,0.5,1,11,0.32420126
23b763f0-6f84-5438-a48f-653c28ae37c7,oysters,50,high,3,0.19,0.5,1,11,0.1311286
23b763f0-6f84-5438-a48f-653c28ae37c7,social,100,high,0,0.07,1.0,1,12,0.13305385
23b763f0-6f84-5438-a48f-653c28ae37c7,social,100,high,1,0.46,1.0,1,12,0.29350144
23b763f0-6f84-5438-a48f-653c28ae37c7,social,100,high,2,0.25,1.0,1,12,0.29148328
23b763f0-6f84-5438-a48f-653c28ae37c7,social,100,high,3,0.22,1.0,1,12,0.28196135
23b763f0-6f84-5438-a48f-653c28ae37c7,soup,75,low,0,0.36,0.75,0,13,0.25817782
23b763f0-6f84-5438-a48f-653c28ae37c7,soup,75,low,1,0.17,0.75,0,13,0.36900678
23b763f0-6f84-5438-a48f-653c28ae37c7,soup,75,low,2,0.2,0.75,0,13,0.19745578
23b763f0-6f84-5438-a48f-653c28ae37c7,soup,75,low,3,0.27,0.75,0,13,0.17535962
23b763f0-6f84-5438-a48f-653c28ae37c7,takeout,50,low,0,0.29,0.5,0,14,0.56748694
23b763f0-6f84-5438-a48f-653c28ae37c7,takeout,50,low,1,0.51,0.5,0,14,0.30020222
23b763f0-6f84-5438-a48f-653c28ae37c7,takeout,50,low,2,0.15,0.5,0,14,0.10843349
23b763f0-6f84-5438-a48f-653c28ae37c7,takeout,50,low,3,0.05,0.5,0,14,0.023877341
23b763f0-6f84-5438-a48f-653c28ae37c7,wedding,50,low,0,0.79,0.5,0,15,0.62692803
23b763f0-6f84-5438-a48f-653c28ae37c7,wedding,50,low,1,0.13,0.5,0,15,0.19194227
23b763f0-6f84-5438-a48f-653c28ae37c7,wedding,50,low,2,0.06,0.5,0,15,0.124107055
23b763f0-6f84-5438-a48f-653c28ae37c7,wedding,50,low,3,0.02,0.5,0,15,0.057022646
2573e7f2-3cb1-5b2a-9c77-3c169c9accc5,apples,75,high,0,0.1,0.75,1,0,0.17327306
2573e7f2-3cb1-5b2a-9c77-3c169c9accc5,apples,75,high,1,0.15,0.75,1,0,0.36745417
2573e7f2-3cb1-5b2a-9c77-3c169c9accc5,apples,75,high,2,0.45,0.75,1,0,0.23502025
2573e7f2-3cb1-5b2a-9c77-3c169c9accc5,apples,75,high,3,0.3,0.75,1,0,0.22425258
2573e7f2-3cb1-5b2a-9c77-3c169c9accc5,basketball,50,low,0,0.21,0.5,0,1,0.505161
2573e7f2-3cb1-5b2a-9c77-3c169c9accc5,basketball,50,low,1,0.49,0.5,0,1,0.31404844
2573e7f2-3cb1-5b2a-9c77-3c169c9accc5,basketball,50,low,2,0.09,0.5,0,1,0.096867114
2573e7f2-3cb1-5b2a-9c77-3c169c9accc5,basketball,50,low,3,0.21,0.5,0,1,0.083923474
2573e7f2-3cb1-5b2a-9c77-3c169c9accc5,birthday,0,low,0,0.11,0.0,0,2,0.3523034
2573e7f2-3cb1-5b2a-9c77-3c169c9accc5,birthday,0,low,1,0.75,0.0,0,2,0.507386
2573e7f2-3cb1-5b2a-9c77-3c169c9accc5,birthday,0,low,2,0.11,0.0,0,2,0.110791706
2573e7f2-3cb1-5b2a-9c77-3c169c9accc5,birthday,0,low,3,0.03,0.0,0,2,0.029518887
2573e7f2-3cb1-5b2a-9c77-3c169c9accc5,brunch,0,low,0,0.15,0.0,0,3,0.2796343
2573e7f2-3cb1-5b2a-9c77-3c169c9accc5,brunch,0,low,1,0.36,0.0,0,3,0.38874203
2573e7f2-3cb1-5b2a-9c77-3c169c9accc5,brunch,0,low,2,0.37,0.0,0,3,0.24525556
2573e7f2-3cb1-5b2a-9c77-3c169c9accc5,brunch,0,low,3,0.12,0.0,0,3,0.086368114
2573e7f2-3cb1-5b2a-9c77-3c169c9accc5,cooking,100,high,0,0.0,1.0,1,4,0.08743349
2573e7f2-3cb1-5b2a-9c77-3c169c9accc5,cooking,100,high,1,0.56,1.0,1,4,0.30014092
2573e7f2-3cb1-5b2a-9c77-3c169c9accc5,cooking,100,high,2,0.28,1.0,1,4,0.2935727
2573e7f2-3cb1-5b2a-9c77-3c169c9accc5,cooking,100,high,3,0.16,1.0,1,4,0.3188529
2573e7f2-3cb1-5b2a-9c77-3c169c9accc5,dip,75,low,0,0.59,0.75,0,5,0.65482223
2573e7f2-3cb1-5b2a-9c77-3c169c9accc5,dip,75,low,1,0.18,0.75,0,5,0.18098444
2573e7f2-3cb1-5b2a-9c77-3c169c9accc5,dip,75,low,2,0.18,0.75,0,5,0.110844776
2573e7f2-3cb1-5b2a-9c77-3c169c9accc5,dip,75,low,3,0.05,0.75,0,5,0.05334865
2573e7f2-3cb1-5b2a-9c77-3c169c9accc5,drinks,0,high,0,0.49,0.0,1,6,0.49300584
2573e7f2-3cb1-5b2a-9c77-3c169c9accc5,drinks,0,high,1,0.17,0.0,1,6,0.36993352
2573e7f2-3cb1-5b2a-9c77-3c169c9accc5,drinks,0,high,2,0.17,0.0,1,6,0.097113706
2573e7f2-3cb1-5b2a-9c77-3c169c9accc5,drinks,0,high,3,0.17,0.0,1,6,0.039946947
2573e7f2-3cb1-5b2a-9c77-3c169c9accc5,driving,50,low,0,0.05,0.5,0,7,0.41526043
2573e7f2-3cb1-5b2a-9c77-3c169c9accc5,driving,50,low,1,0.77,0.5,0,7,0.34533665
2573e7f2-3cb1-5b2a-9c77-3c169c9accc5,driving,50,low,2,0.09,0.5,0,7,0.1814718
2573e7f2-3cb1-5b2a-9c77-3c169c9accc5,driving,50,low,3,0.09,0.5,0,7,0.05793105
2573e7f2-3cb1-5b2a-9c77-3c169c9accc5,fair,50,high,0,0.05,0.5,1,8,0.24886383
2573e7f2-3cb1-5b2a-9c77-3c169c9accc5,fair,50,high,1,0.73,0.5,1,8,0.45617265
2573e7f2-3cb1-5b2a-9c77-3c169c9accc5,fair,50,high,2,0.11,0.5,1,8,0.17059332
2573e7f2-3cb1-5b2a-9c77-3c169c9accc5,fair,50,high,3,0.11,0.5,1,8,0.124370255
2573e7f2-3cb1-5b2a-9c77-3c169c9accc5,gala,100,low,0,0.56,1.0,0,9,0.56416404
2573e7f2-3cb1-5b2a-9c77-3c169c9accc5,gala,100,low,1,0.04,1.0,0,9,0.15963629
2573e7f2-3cb1-5b2a-9c77-3c169c9accc5,gala,100,low,2,0.07,1.0,0,9,0.14447609
2573e7f2-3cb1-5b2a-9c77-3c169c9accc5,gala,100,low,3,0.33,1.0,0,9,0.13172355
2573e7f2-3cb1-5b2a-9c77-3c169c9accc5,hike,100,low,0,0.2,1.0,0,10,0.28530428
2573e7f2-3cb1-5b2a-9c77-3c169c9accc5,hike,100,low,1,0.59,1.0,0,10,0.2372631
2573e7f2-3cb1-5b2a-9c77-3c169c9accc5,hike,100,low,2,0.12,1.0,0,10,0.26501876
2573e7f2-3cb1-5b2a-9c77-3c169c9accc5,hike,100,low,3,0.09,1.0,0,10,0.21241388
2573e7f2-3cb1-5b2a-9c77-3c169c9accc5,oysters,0,high,0,0.76,0.0,1,11,0.36713034
2573e7f2-3cb1-5b2a-9c77-3c169c9accc5,oysters,0,high,1,0.08,0.0,1,11,0.251757
2573e7f2-3cb1-5b2a-9c77-3c169c9accc5,oysters,0,high,2,0.08,0.0,1,11,0.32237086
2573e7f2-3cb1-5b2a-9c77-3c169c9accc5,oysters,0,high,3,0.08,0.0,1,11,0.058741804
2573e7f2-3cb1-5b2a-9c77-3c169c9accc5,social,100,high,0,0.1,1.0,1,12,0.13305385
2573e7f2-3cb1-5b2a-9c77-3c169c9accc5,social,100,high,1,0.18,1.0,1,12,0.29350144
2573e7f2-3cb1-5b2a-9c77-3c169c9accc5,social,100,high,2,0.18,1.0,1,12,0.29148328
2573e7f2-3cb1-5b2a-9c77-3c169c9accc5,social,100,high,3,0.54,1.0,1,12,0.28196135
2573e7f2-3cb1-5b2a-9c77-3c169c9accc5,soup,75,low,0,0.41,0.75,0,13,0.25817782
2573e7f2-3cb1-5b2a-9c77-3c169c9accc5,soup,75,low,1,0.11,0.75,0,13,0.36900678
2573e7f2-3cb1-5b2a-9c77-3c169c9accc5,soup,75,low,2,0.24,0.75,0,13,0.19745578
2573e7f2-3cb1-5b2a-9c77-3c169c9accc5,soup,75,low,3,0.24,0.75,0,13,0.17535962
2573e7f2-3cb1-5b2a-9c77-3c169c9accc5,takeout,50,high,0,0.1,0.5,1,14,0.30358016
2573e7f2-3cb1-5b2a-9c77-3c169c9accc5,takeout,50,high,1,0.6,0.5,1,14,0.49050692
2573e7f2-3cb1-5b2a-9c77-3c169c9accc5,takeout,50,high,2,0.25,0.5,1,14,0.17717181
2573e7f2-3cb1-5b2a-9c77-3c169c9accc5,takeout,50,high,3,0.05,0.5,1,14,0.028741147
2573e7f2-3cb1-5b2a-9c77-3c169c9accc5,wedding,75,high,0,0.09,0.75,1,15,0.16501321
2573e7f2-3cb1-5b2a-9c77-3c169c9accc5,wedding,75,high,1,0.24,0.75,1,15,0.32890013
2573e7f2-3cb1-5b2a-9c77-3c169c9accc5,wedding,75,high,2,0.47,0.75,1,15,0.27954394
2573e7f2-3cb1-5b2a-9c77-3c169c9accc5,wedding,75,high,3,0.2,0.75,1,15,0.22654271
260b614b-507b-5e7c-94e9-d28e107fc436,apples,50,low,0,0.28,0.5,0,0,0.56864893
260b614b-507b-5e7c-94e9-d28e107fc436,apples,50,low,1,0.02,0.5,0,0,0.24850366
260b614b-507b-5e7c-94e9-d28e107fc436,apples,50,low,2,0.14,0.5,0,0,0.09509347
260b614b-507b-5e7c-94e9-d28e107fc436,apples,50,low,3,0.56,0.5,0,0,0.08775395
260b614b-507b-5e7c-94e9-d28e107fc436,basketball,100,high,0,0.15,1.0,1,1,0.11880685
260b614b-507b-5e7c-94e9-d28e107fc436,basketball,100,high,1,0.59,1.0,1,1,0.24552351
260b614b-507b-5e7c-94e9-d28e107fc436,basketball,100,high,2,0.23,1.0,1,1,0.31783482
260b614b-507b-5e7c-94e9-d28e107fc436,basketball,100,high,3,0.03,1.0,1,1,0.3178348
260b614b-507b-5e7c-94e9-d28e107fc436,birthday,75,high,0,0.02,0.75,1,2,0.13972035
260b614b-507b-5e7c-94e9-d28e107fc436,birthday,75,high,1,0.63,0.75,1,2,0.44225538
260b614b-507b-5e7c-94e9-d28e107fc436,birthday,75,high,2,0.28,0.75,1,2,0.270476
260b614b-507b-5e7c-94e9-d28e107fc436,birthday,75,high,3,0.07,0.75,1,2,0.14754832
260b614b-507b-5e7c-94e9-d28e107fc436,brunch,75,high,0,0.05,0.75,1,3,0.2549862
260b614b-507b-5e7c-94e9-d28e107fc436,brunch,75,high,1,0.44,0.75,1,3,0.28037846
260b614b-507b-5e7c-94e9-d28e107fc436,brunch,75,high,2,0.18,0.75,1,3,0.2631387
260b614b-507b-5e7c-94e9-d28e107fc436,brunch,75,high,3,0.33,0.75,1,3,0.20149668
260b614b-507b-5e7c-94e9-d28e107fc436,cooking,75,low,0,0.63,0.75,0,4,0.6957702
260b614b-507b-5e7c-94e9-d28e107fc436,cooking,75,low,1,0.21,0.75,0,4,0.14309031
260b614b-507b-5e7c-94e9-d28e107fc436,cooking,75,low,2,0.09,0.75,0,4,0.093604214
260b614b-507b-5e7c-94e9-d28e107fc436,cooking,75,low,3,0.07,0.75,0,4,0.06753522
260b614b-507b-5e7c-94e9-d28e107fc436,dip,0,high,0,0.21,0.0,1,5,0.17585786
260b614b-507b-5e7c-94e9-d28e107fc436,dip,0,high,1,0.59,0.0,1,5,0.6451156
260b614b-507b-5e7c-94e9-d28e107fc436,dip,0,high,2,0.2,0.0,1,5,0.1563427
260b614b-507b-5e7c-94e9-d28e107fc436,dip,0,high,3,0.0,0.0,1,5,0.022683876
260b614b-507b-5e7c-94e9-d28e107fc436,drinks,100,low,0,0.54,1.0,0,6,0.56589127
260b614b-507b-5e7c-94e9-d28e107fc436,drinks,100,low,1,0.04,1.0,0,6,0.15074226
260b614b-507b-5e7c-94e9-d28e107fc436,drinks,100,low,2,0.04,1.0,0,6,0.14196308
260b614b-507b-5e7c-94e9-d28e107fc436,drinks,100,low,3,0.38,1.0,0,6,0.14140333
260b614b-507b-5e7c-94e9-d28e107fc436,driving,100,high,0,0.34,1.0,1,7,0.09397328
260b614b-507b-5e7c-94e9-d28e107fc436,driving,100,high,1,0.08,1.0,1,7,0.28471178
260b614b-507b-5e7c-94e9-d28e107fc436,driving,100,high,2,0.04,1.0,1,7,0.3065041
260b614b-507b-5e7c-94e9-d28e107fc436,driving,100,high,3,0.54,1.0,1,7,0.31481075
260b614b-507b-5e7c-94e9-d28e107fc436,fair,0,low,0,0.88,0.0,0,8,0.62978035
260b614b-507b-5e7c-94e9-d28e107fc436,fair,0,low,1,0.04,0.0,0,8,0.31427956
260b614b-507b-5e7c-94e9-d28e107fc436,fair,0,low,2,0.04,0.0,0,8,0.04427682
260b614b-507b-5e7c-94e9-d28e107fc436,fair,0,low,3,0.04,0.0,0,8,0.011663312
260b614b-507b-5e7c-94e9-d28e107fc436,gala,50,high,0,0.08,0.5,1,9,0.22198972
260b614b-507b-5e7c-94e9-d28e107fc436,gala,50,high,1,0.39,0.5,1,9,0.39286163
260b614b-507b-5e7c-94e9-d28e107fc436,gala,50,high,2,0.27,0.5,1,9,0.22126077
260b614b-507b-5e7c-94e9-d28e107fc436,gala,50,high,3,0.26,0.5,1,9,0.1638879
260b614b-507b-5e7c-94e9-d28e107fc436,hike,50,high,0,0.02,0.5,1,10,0.22081594
260b614b-507b-5e7c-94e9-d28e107fc436,hike,50,high,1,0.53,0.5,1,10,0.48932368
260b614b-507b-5e7c-94e9-d28e107fc436,hike,50,high,2,0.08,0.5,1,10,0.17706409
260b614b-507b-5e7c-94e9-d28e107fc436,hike,50,high,3,0.37,0.5,1,10,0.11279631
260b614b-507b-5e7c-94e9-d28e107fc436,oysters,100,low,0,0.18,1.0,0,11,0.28530428
260b614b-507b-5e7c-94e9-d28e107fc436,oysters,100,low,1,0.53,1.0,0,11,0.237263
260b614b-507b-5e7c-94e9-d28e107fc436,oysters,100,low,2,0.2,1.0,0,11,0.2650189
260b614b-507b-5e7c-94e9-d28e107fc436,oysters,100,low,3,0.09,1.0,0,11,0.21241386
260b614b-507b-5e7c-94e9-d28e107fc436,social,75,low,0,0.88,0.75,0,12,0.48559067
260b614b-507b-5e7c-94e9-d28e107fc436,social,75,low,1,0.04,0.75,0,12,0.1562225
260b614b-507b-5e7c-94e9-d28e107fc436,social,75,low,2,0.04,0.75,0,12,0.22584657
260b614b-507b-5e7c-94e9-d28e107fc436,social,75,low,3,0.04,0.75,0,12,0.13234024
260b614b-507b-5e7c-94e9-d28e107fc436,soup,0,high,0,0.49,0.0,1,13,0.3310718
260b614b-507b-5e7c-94e9-d28e107fc436,soup,0,high,1,0.4,0.0,1,13,0.5448662
260b614b-507b-5e7c-94e9-d28e107fc436,soup,0,high,2,0.08,0.0,1,13,0.08330492
260b614b-507b-5e7c-94e9-d28e107fc436,soup,0,high,3,0.03,0.0,1,13,0.040757075
260b614b-507b-5e7c-94e9-d28e107fc436,takeout,0,low,0,0.68,0.0,0,14,0.66916895
260b614b-507b-5e7c-94e9-d28e107fc436,takeout,0,low,1,0.25,0.0,0,14,0.27415937
260b614b-507b-5e7c-94e9-d28e107fc436,takeout,0,low,2,0.06,0.0,0,14,0.048414838
260b614b-507b-5e7c-94e9-d28e107fc436,takeout,0,low,3,0.01,0.0,0,14,0.008256775
260b614b-507b-5e7c-94e9-d28e107fc436,wedding,50,low,0,0.63,0.5,0,15,0.62692803
260b614b-507b-5e7c-94e9-d28e107fc436,wedding,50,low,1,0.04,0.5,0,15,0.19194227
260b614b-507b-5e7c-94e9-d28e107fc436,wedding,50,low,2,0.2,0.5,0,15,0.124107055
260b614b-507b-5e7c-94e9-d28e107fc436,wedding,50,low,3,0.13,0.5,0,15,0.057022646
263300c1-dcfe-52be-a99a-af45ed836bfe,apples,0,high,0,0.0,0.0,1,0,0.42698184
263300c1-dcfe-52be-a99a-af45ed836bfe,apples,0,high,1,0.0,0.0,1,0,0.40298706
263300c1-dcfe-52be-a99a-af45ed836bfe,apples,0,high,2,0.72,0.0,1,0,0.09085414
263300c1-dcfe-52be-a99a-af45ed836bfe,apples,0,high,3,0.28,0.0,1,0,0.079176955
263300c1-dcfe-52be-a99a-af45ed836bfe,basketball,100,high,0,0.0,1.0,1,1,0.11880685
263300c1-dcfe-52be-a99a-af45ed836bfe,basketball,100,high,1,0.77,1.0,1,1,0.24552351
263300c1-dcfe-52be-a99a-af45ed836bfe,basketball,100,high,2,0.12,1.0,1,1,0.31783482
263300c1-dcfe-52be-a99a-af45ed836bfe,basketball,100,high,3,0.11,1.0,1,1,0.3178348
263300c1-dcfe-52be-a99a-af45ed836bfe,birthday,75,low,0,0.11,0.75,0,2,0.25470307
263300c1-dcfe-52be-a99a-af45ed836bfe,birthday,75,low,1,0.09,0.75,0,2,0.36682245
263300c1-dcfe-52be-a99a-af45ed836bfe,birthday,75,low,2,0.65,0.75,0,2,0.24243777
263300c1-dcfe-52be-a99a-af45ed836bfe,birthday,75,low,3,0.15,0.75,0,2,0.13603675
263300c1-dcfe-52be-a99a-af45ed836bfe,brunch,75,high,0,0.0,0.75,1,3,0.2549862
263300c1-dcfe-52be-a99a-af45ed836bfe,brunch,75,high,1,0.92,0.75,1,3,0.28037846
263300c1-dcfe-52be-a99a-af45ed836bfe,brunch,75,high,2,0.04,0.75,1,3,0.2631387
263300c1-dcfe-52be-a99a-af45ed836bfe,brunch,75,high,3,0.04,0.75,1,3,0.20149668
263300c1-dcfe-52be-a99a-af45ed836bfe,cooking,75,low,0,0.96,0.75,0,4,0.6957702
263300c1-dcfe-52be-a99a-af45ed836bfe,cooking,75,low,1,0.0,0.75,0,4,0.14309031
263300c1-dcfe-52be-a99a-af45ed836bfe,cooking,75,low,2,0.0,0.75,0,4,0.093604214
263300c1-dcfe-52be-a99a-af45ed836bfe,cooking,75,low,3,0.04,0.75,0,4,0.06753522
263300c1-dcfe-52be-a99a-af45ed836bfe,dip,50,low,0,0.94,0.5,0,5,0.6932131
263300c1-dcfe-52be-a99a-af45ed836bfe,dip,50,low,1,0.06,0.5,0,5,0.19159518
263300c1-dcfe-52be-a99a-af45ed836bfe,dip,50,low,2,0.0,0.5,0,5,0.08706623
263300c1-dcfe-52be-a99a-af45ed836bfe,dip,50,low,3,0.0,0.5,0,5,0.028125498
263300c1-dcfe-52be-a99a-af45ed836bfe,drinks,0,low,0,0.98,0.0,0,6,0.85738873
263300c1-dcfe-52be-a99a-af45ed836bfe,drinks,0,low,1,0.02,0.0,0,6,0.10405775
263300c1-dcfe-52be-a99a-af45ed836bfe,drinks,0,low,2,0.0,0.0,0,6,0.027316885
263300c1-dcfe-52be-a99a-af45ed836bfe,drinks,0,low,3,0.0,0.0,0,6,0.011236587
263300c1-dcfe-52be-a99a-af45ed836bfe,driving,0,low,0,0.64,0.0,0,7,0.46846104
263300c1-dcfe-52be-a99a-af45ed836bfe,driving,0,low,1,0.36,0.0,0,7,0.38957903
263300c1-dcfe-52be-a99a-af45ed836bfe,driving,0,low,2,0.0,0.0,0,7,0.12279496
263300c1-dcfe-52be-a99a-af45ed836bfe,driving,0,low,3,0.0,0.0,0,7,0.019165
263300c1-dcfe-52be-a99a-af45ed836bfe,fair,50,low,0,0.0,0.5,0,8,0.5556539
263300c1-dcfe-52be-a99a-af45ed836bfe,fair,50,low,1,0.94,0.5,0,8,0.30713385
263300c1-dcfe-52be-a99a-af45ed836bfe,fair,50,low,2,0.06,0.5,0,8,0.10212145
263300c1-dcfe-52be-a99a-af45ed836bfe,fair,50,low,3,0.0,0.5,0,8,0.035090752
263300c1-dcfe-52be-a99a-af45ed836bfe,gala,100,low,0,1.0,1.0,0,9,0.56416404
263300c1-dcfe-52be-a99a-af45ed836bfe,gala,100,low,1,0.0,1.0,0,9,0.15963629
263300c1-dcfe-52be-a99a-af45ed836bfe,gala,100,low,2,0.0,1.0,0,9,0.14447609
263300c1-dcfe-52be-a99a-af45ed836bfe,gala,100,low,3,0.0,1.0,0,9,0.13172355
263300c1-dcfe-52be-a99a-af45ed836bfe,hike,50,high,0,0.16,0.5,1,10,0.22081594
263300c1-dcfe-52be-a99a-af45ed836bfe,hike,50,high,1,0.78,0.5,1,10,0.48932368
263300c1-dcfe-52be-a99a-af45ed836bfe,hike,50,high,2,0.06,0.5,1,10,0.17706409
263300c1-dcfe-52be-a99a-af45ed836bfe,hike,50,high,3,0.0,0.5,1,10,0.11279631
263300c1-dcfe-52be-a99a-af45ed836bfe,oysters,100,low,0,1.0,1.0,0,11,0.28530428
263300c1-dcfe-52be-a99a-af45ed836bfe,oysters,100,low,1,0.0,1.0,0,11,0.237263
263300c1-dcfe-52be-a99a-af45ed836bfe,oysters,100,low,2,0.0,1.0,0,11,0.2650189
263300c1-dcfe-52be-a99a-af45ed836bfe,oysters,100,low,3,0.0,1.0,0,11,0.21241386
263300c1-dcfe-52be-a99a-af45ed836bfe,social,75,high,0,0.0,0.75,1,12,0.26838598
263300c1-dcfe-52be-a99a-af45ed836bfe,social,75,high,1,0.88,0.75,1,12,0.22903113
263300c1-dcfe-52be-a99a-af45ed836bfe,social,75,high,2,0.06,0.75,1,12,0.2943885
263300c1-dcfe-52be-a99a-af45ed836bfe,social,75,high,3,0.06,0.75,1,12,0.20819436
263300c1-dcfe-52be-a99a-af45ed836bfe,soup,0,high,0,0.25,0.0,1,13,0.3310718
263300c1-dcfe-52be-a99a-af45ed836bfe,soup,0,high,1,0.74,0.0,1,13,0.5448662
263300c1-dcfe-52be-a99a-af45ed836bfe,soup,0,high,2,0.0,0.0,1,13,0.08330492
263300c1-dcfe-52be-a99a-af45ed836bfe,soup,0,high,3,0.01,0.0,1,13,0.040757075
263300c1-dcfe-52be-a99a-af45ed836bfe,takeout,50,high,0,0.01,0.5,1,14,0.30358016
263300c1-dcfe-52be-a99a-af45ed836bfe,takeout,50,high,1,0.89,0.5,1,14,0.49050692
263300c1-dcfe-52be-a99a-af45ed836bfe,takeout,50,high,2,0.06,0.5,1,14,0.17717181
263300c1-dcfe-52be-a99a-af45ed836bfe,takeout,50,high,3,0.04,0.5,1,14,0.028741147
263300c1-dcfe-52be-a99a-af45ed836bfe,wedding,100,high,0,0.0,1.0,1,15,0.08925787
263300c1-dcfe-52be-a99a-af45ed836bfe,wedding,100,high,1,0.51,1.0,1,15,0.2704253
263300c1-dcfe-52be-a99a-af45ed836bfe,wedding,100,high,2,0.49,1.0,1,15,0.30555892
263300c1-dcfe-52be-a99a-af45ed836bfe,wedding,100,high,3,0.0,1.0,1,15,0.33475792
276cc28c-e6fa-5b77-9af4-bdc59b3a91da,apples,75,low,0,0.78,0.75,0,0,0.447258
276cc28c-e6fa-5b77-9af4-bdc59b3a91da,apples,75,low,1,0.19,0.75,0,0,0.26342416
276cc28c-e6fa-5b77-9af4-bdc59b3a91da,apples,75,low,2,0.03,0.75,0,0,0.14805049
276cc28c-e6fa-5b77-9af4-bdc59b3a91da,apples,75,low,3,0.0,0.75,0,0,0.1412674
276cc28c-e6fa-5b77-9af4-bdc59b3a91da,basketball,100,high,0,0.06,1.0,1,1,0.11880685
276cc28c-e6fa-5b77-9af4-bdc59b3a91da,basketball,100,high,1,0.61,1.0,1,1,0.24552351
276cc28c-e6fa-5b77-9af4-bdc59b3a91da,basketball,100,high,2,0.27,1.0,1,1,0.31783482
276cc28c-e6fa-5b77-9af4-bdc59b3a91da,basketball,100,high,3,0.06,1.0,1,1,0.3178348
276cc28c-e6fa-5b77-9af4-bdc59b3a91da,birthday,100,low,0,0.4,1.0,0,2,0.18114941
276cc28c-e6fa-5b77-9af4-bdc59b3a91da,birthday,100,low,1,0.34,1.0,0,2,0.26089072
276cc28c-e6fa-5b77-9af4-bdc59b3a91da,birthday,100,low,2,0.23,1.0,0,2,0.30576038
276cc28c-e6fa-5b77-9af4-bdc59b3a91da,birthday,100,low,3,0.03,1.0,0,2,0.2521995
276cc28c-e6fa-5b77-9af4-bdc59b3a91da,brunch,100,low,0,0.5,1.0,0,3,0.25663456
276cc28c-e6fa-5b77-9af4-bdc59b3a91da,brunch,100,low,1,0.0,1.0,0,3,0.21827695
276cc28c-e6fa-5b77-9af4-bdc59b3a91da,brunch,100,low,2,0.34,1.0,0,3,0.2570134
276cc28c-e6fa-5b77-9af4-bdc59b3a91da,brunch,100,low,3,0.16,1.0,0,3,0.26807508
276cc28c-e6fa-5b77-9af4-bdc59b3a91da,cooking,50,low,0,0.61,0.5,0,4,0.7692103
276cc28c-e6fa-5b77-9af4-bdc59b3a91da,cooking,50,low,1,0.34,0.5,0,4,0.12459549
276cc28c-e6fa-5b77-9af4-bdc59b3a91da,cooking,50,low,2,0.05,0.5,0,4,0.0665355
276cc28c-e6fa-5b77-9af4-bdc59b3a91da,cooking,50,low,3,0.0,0.5,0,4,0.039658718
276cc28c-e6fa-5b77-9af4-bdc59b3a91da,dip,0,high,0,0.1,0.0,1,5,0.17585786
276cc28c-e6fa-5b77-9af4-bdc59b3a91da,dip,0,high,1,0.52,0.0,1,5,0.6451156
276cc28c-e6fa-5b77-9af4-bdc59b3a91da,dip,0,high,2,0.37,0.0,1,5,0.1563427
276cc28c-e6fa-5b77-9af4-bdc59b3a91da,dip,0,high,3,0.01,0.0,1,5,0.022683876
276cc28c-e6fa-5b77-9af4-bdc59b3a91da,drinks,50,low,0,0.87,0.5,0,6,0.7762677
276cc28c-e6fa-5b77-9af4-bdc59b3a91da,drinks,50,low,1,0.07,0.5,0,6,0.13067015
276cc28c-e6fa-5b77-9af4-bdc59b3a91da,drinks,50,low,2,0.06,0.5,0,6,0.05837057
276cc28c-e6fa-5b77-9af4-bdc59b3a91da,drinks,50,low,3,0.0,0.5,0,6,0.034691554
276cc28c-e6fa-5b77-9af4-bdc59b3a91da,driving,0,low,0,0.57,0.0,0,7,0.46846104
276cc28c-e6fa-5b77-9af4-bdc59b3a91da,driving,0,low,1,0.43,0.0,0,7,0.38957903
276cc28c-e6fa-5b77-9af4-bdc59b3a91da,driving,0,low,2,0.0,0.0,0,7,0.12279496
276cc28c-e6fa-5b77-9af4-bdc59b3a91da,driving,0,low,3,0.0,0.0,0,7,0.019165
276cc28c-e6fa-5b77-9af4-bdc59b3a91da,fair,75,high,0,0.14,0.75,1,8,0.19342518
276cc28c-e6fa-5b77-9af4-bdc59b3a91da,fair,75,high,1,0.86,0.75,1,8,0.376359
276cc28c-e6fa-5b77-9af4-bdc59b3a91da,fair,75,high,2,0.0,0.75,1,8,0.23236895
276cc28c-e6fa-5b77-9af4-bdc59b3a91da,fair,75,high,3,0.0,0.75,1,8,0.1978469
276cc28c-e6fa-5b77-9af4-bdc59b3a91da,gala,0,low,0,0.9,0.0,0,9,0.8866782
276cc28c-e6fa-5b77-9af4-bdc59b3a91da,gala,0,low,1,0.1,0.0,0,9,0.07345924
276cc28c-e6fa-5b77-9af4-bdc59b3a91da,gala,0,low,2,0.0,0.0,0,9,0.028000446
276cc28c-e6fa-5b77-9af4-bdc59b3a91da,gala,0,low,3,0.0,0.0,0,9,0.011862111
276cc28c-e6fa-5b77-9af4-bdc59b3a91da,hike,0,high,0,0.26,0.0,1,10,0.31990948
276cc28c-e6fa-5b77-9af4-bdc59b3a91da,hike,0,high,1,0.5,0.0,1,10,0.5216798
276cc28c-e6fa-5b77-9af4-bdc59b3a91da,hike,0,high,2,0.15,0.0,1,10,0.108692184
276cc28c-e6fa-5b77-9af4-bdc59b3a91da,hike,0,high,3,0.09,0.0,1,10,0.049718577
276cc28c-e6fa-5b77-9af4-bdc59b3a91da,oysters,100,high,0,1.0,1.0,1,11,0.10516431
276cc28c-e6fa-5b77-9af4-bdc59b3a91da,oysters,100,high,1,0.0,1.0,1,11,0.31489423
276cc28c-e6fa-5b77-9af4-bdc59b3a91da,oysters,100,high,2,0.0,1.0,1,11,0.25911844
276cc28c-e6fa-5b77-9af4-bdc59b3a91da,oysters,100,high,3,0.0,1.0,1,11,0.32082298
276cc28c-e6fa-5b77-9af4-bdc59b3a91da,social,75,low,0,0.7,0.75,0,12,0.48559067
276cc28c-e6fa-5b77-9af4-bdc59b3a91da,social,75,low,1,0.07,0.75,0,12,0.1562225
276cc28c-e6fa-5b77-9af4-bdc59b3a91da,social,75,low,2,0.09,0.75,0,12,0.22584657
276cc28c-e6fa-5b77-9af4-bdc59b3a91da,social,75,low,3,0.14,0.75,0,12,0.13234024
276cc28c-e6fa-5b77-9af4-bdc59b3a91da,soup,50,high,0,0.69,0.5,1,13,0.2746141
276cc28c-e6fa-5b77-9af4-bdc59b3a91da,soup,50,high,1,0.24,0.5,1,13,0.4519501
276cc28c-e6fa-5b77-9af4-bdc59b3a91da,soup,50,high,2,0.07,0.5,1,13,0.15815441
276cc28c-e6fa-5b77-9af4-bdc59b3a91da,soup,50,high,3,0.0,0.5,1,13,0.11528138
276cc28c-e6fa-5b77-9af4-bdc59b3a91da,takeout,75,high,0,0.09,0.75,1,14,0.2439953
276cc28c-e6fa-5b77-9af4-bdc59b3a91da,takeout,75,high,1,0.91,0.75,1,14,0.45767552
276cc28c-e6fa-5b77-9af4-bdc59b3a91da,takeout,75,high,2,0.0,0.75,1,14,0.2510497
276cc28c-e6fa-5b77-9af4-bdc59b3a91da,takeout,75,high,3,0.0,0.75,1,14,0.047279578
276cc28c-e6fa-5b77-9af4-bdc59b3a91da,wedding,50,high,0,0.1,0.5,1,15,0.23947777
276cc28c-e6fa-5b77-9af4-bdc59b3a91da,wedding,50,high,1,0.55,0.5,1,15,0.35416168
276cc28c-e6fa-5b77-9af4-bdc59b3a91da,wedding,50,high,2,0.31,0.5,1,15,0.2457274
276cc28c-e6fa-5b77-9af4-bdc59b3a91da,wedding,50,high,3,0.04,0.5,1,15,0.16063312
284f6b5e-60c4-545f-8753-a73ee2962eb4,apples,100,high,0,0.05,1.0,1,0,0.08853757
284f6b5e-60c4-545f-8753-a73ee2962eb4,apples,100,high,1,0.65,1.0,1,0,0.2854008
284f6b5e-60c4-545f-8753-a73ee2962eb4,apples,100,high,2,0.15,1.0,1,0,0.3130308
284f6b5e-60c4-545f-8753-a73ee2962eb4,apples,100,high,3,0.15,1.0,1,0,0.31303078
284f6b5e-60c4-545f-8753-a73ee2962eb4,basketball,50,high,0,0.1,0.5,1,1,0.26170138
284f6b5e-60c4-545f-8753-a73ee2962eb4,basketball,50,high,1,0.5,0.5,1,1,0.46855953
284f6b5e-60c4-545f-8753-a73ee2962eb4,basketball,50,high,2,0.3,0.5,1,1,0.1445255
284f6b5e-60c4-545f-8753-a73ee2962eb4,basketball,50,high,3,0.1,0.5,1,1,0.12521361
284f6b5e-60c4-545f-8753-a73ee2962eb4,birthday,100,high,0,0.0,1.0,1,2,0.09661102
284f6b5e-60c4-545f-8753-a73ee2962eb4,birthday,100,high,1,0.35,1.0,1,2,0.30580187
284f6b5e-60c4-545f-8753-a73ee2962eb4,birthday,100,high,2,0.36,1.0,1,2,0.3316454
284f6b5e-60c4-545f-8753-a73ee2962eb4,birthday,100,high,3,0.29,1.0,1,2,0.2659417
284f6b5e-60c4-545f-8753-a73ee2962eb4,brunch,75,high,0,0.05,0.75,1,3,0.2549862
284f6b5e-60c4-545f-8753-a73ee2962eb4,brunch,75,high,1,0.4,0.75,1,3,0.28037846
284f6b5e-60c4-545f-8753-a73ee2962eb4,brunch,75,high,2,0.15,0.75,1,3,0.2631387
284f6b5e-60c4-545f-8753-a73ee2962eb4,brunch,75,high,3,0.4,0.75,1,3,0.20149668
284f6b5e-60c4-545f-8753-a73ee2962eb4,cooking,50,high,0,0.11,0.5,1,4,0.20437361
284f6b5e-60c4-545f-8753-a73ee2962eb4,cooking,50,high,1,0.73,0.5,1,4,0.39527634
284f6b5e-60c4-545f-8753-a73ee2962eb4,cooking,50,high,2,0.11,0.5,1,4,0.2374081
284f6b5e-60c4-545f-8753-a73ee2962eb4,cooking,50,high,3,0.05,0.5,1,4,0.16294199
284f6b5e-60c4-545f-8753-a73ee2962eb4,dip,0,low,0,0.36,0.0,0,5,0.7331288
284f6b5e-60c4-545f-8753-a73ee2962eb4,dip,0,low,1,0.39,0.0,0,5,0.20262736
284f6b5e-60c4-545f-8753-a73ee2962eb4,dip,0,low,2,0.15,0.0,0,5,0.055230852
284f6b5e-60c4-545f-8753-a73ee2962eb4,dip,0,low,3,0.1,0.0,0,5,0.00901291
284f6b5e-60c4-545f-8753-a73ee2962eb4,drinks,100,low,0,0.13,1.0,0,6,0.56589127
284f6b5e-60c4-545f-8753-a73ee2962eb4,drinks,100,low,1,0.13,1.0,0,6,0.15074226
284f6b5e-60c4-545f-8753-a73ee2962eb4,drinks,100,low,2,0.13,1.0,0,6,0.14196308
284f6b5e-60c4-545f-8753-a73ee2962eb4,drinks,100,low,3,0.61,1.0,0,6,0.14140333
284f6b5e-60c4-545f-8753-a73ee2962eb4,driving,0,high,0,0.5,0.0,1,7,0.19378443
284f6b5e-60c4-545f-8753-a73ee2962eb4,driving,0,high,1,0.5,0.0,1,7,0.58711064
284f6b5e-60c4-545f-8753-a73ee2962eb4,driving,0,high,2,0.0,0.0,1,7,0.18505675
284f6b5e-60c4-545f-8753-a73ee2962eb4,driving,0,high,3,0.0,0.0,1,7,0.034048196
284f6b5e-60c4-545f-8753-a73ee2962eb4,fair,75,high,0,0.1,0.75,1,8,0.19342518
284f6b5e-60c4-545f-8753-a73ee2962eb4,fair,75,high,1,0.66,0.75,1,8,0.376359
284f6b5e-60c4-545f-8753-a73ee2962eb4,fair,75,high,2,0.12,0.75,1,8,0.23236895
284f6b5e-60c4-545f-8753-a73ee2962eb4,fair,75,high,3,0.12,0.75,1,8,0.1978469
284f6b5e-60c4-545f-8753-a73ee2962eb4,gala,75,low,0,0.65,0.75,0,9,0.71443945
284f6b5e-60c4-545f-8753-a73ee2962eb4,gala,75,low,1,0.15,0.75,0,9,0.13299528
284f6b5e-60c4-545f-8753-a73ee2962eb4,gala,75,low,2,0.1,0.75,0,9,0.08963433
284f6b5e-60c4-545f-8753-a73ee2962eb4,gala,75,low,3,0.1,0.75,0,9,0.06293091
284f6b5e-60c4-545f-8753-a73ee2962eb4,hike,100,low,0,0.52,1.0,0,10,0.28530428
284f6b5e-60c4-545f-8753-a73ee2962eb4,hike,100,low,1,0.16,1.0,0,10,0.2372631
284f6b5e-60c4-545f-8753-a73ee2962eb4,hike,100,low,2,0.16,1.0,0,10,0.26501876
284f6b5e-60c4-545f-8753-a73ee2962eb4,hike,100,low,3,0.16,1.0,0,10,0.21241388
284f6b5e-60c4-545f-8753-a73ee2962eb4,oysters,0,low,0,0.75,0.0,0,11,0.64080536
284f6b5e-60c4-545f-8753-a73ee2962eb4,oysters,0,low,1,0.25,0.0,0,11,0.12204299
284f6b5e-60c4-545f-8753-a73ee2962eb4,oysters,0,low,2,0.0,0.0,0,11,0.21212909
284f6b5e-60c4-545f-8753-a73ee2962eb4,oysters,0,low,3,0.0,0.0,0,11,0.025022497
284f6b5e-60c4-545f-8753-a73ee2962eb4,social,75,low,0,0.62,0.75,0,12,0.48559067
284f6b5e-60c4-545f-8753-a73ee2962eb4,social,75,low,1,0.2,0.75,0,12,0.1562225
284f6b5e-60c4-545f-8753-a73ee2962eb4,social,75,low,2,0.13,0.75,0,12,0.22584657
284f6b5e-60c4-545f-8753-a73ee2962eb4,social,75,low,3,0.05,0.75,0,12,0.13234024
284f6b5e-60c4-545f-8753-a73ee2962eb4,soup,50,low,0,0.68,0.5,0,13,0.30933502
284f6b5e-60c4-545f-8753-a73ee2962eb4,soup,50,low,1,0.16,0.5,0,13,0.44212443
284f6b5e-60c4-545f-8753-a73ee2962eb4,soup,50,low,2,0.08,0.5,0,13,0.14588597
284f6b5e-60c4-545f-8753-a73ee2962eb4,soup,50,low,3,0.08,0.5,0,13,0.102654584
284f6b5e-60c4-545f-8753-a73ee2962eb4,takeout,0,high,0,0.25,0.0,1,14,0.39998376
284f6b5e-60c4-545f-8753-a73ee2962eb4,takeout,0,high,1,0.43,0.0,1,14,0.5005222
284f6b5e-60c4-545f-8753-a73ee2962eb4,takeout,0,high,2,0.19,0.0,1,14,0.088389106
284f6b5e-60c4-545f-8753-a73ee2962eb4,takeout,0,high,3,0.13,0.0,1,14,0.011104971
284f6b5e-60c4-545f-8753-a73ee2962eb4,wedding,50,low,0,0.56,0.5,0,15,0.62692803
284f6b5e-60c4-545f-8753-a73ee2962eb4,wedding,50,low,1,0.22,0.5,0,15,0.19194227
284f6b5e-60c4-545f-8753-a73ee2962eb4,wedding,50,low,2,0.11,0.5,0,15,0.124107055
284f6b5e-60c4-545f-8753-a73ee2962eb4,wedding,50,low,3,0.11,0.5,0,15,0.057022646
286c8e36-7466-518d-a670-7f4fdbb008de,apples,0,low,0,0.58,0.0,0,0,0.7356681
286c8e36-7466-518d-a670-7f4fdbb008de,apples,0,low,1,0.22,0.0,0,0,0.1928364
286c8e36-7466-518d-a670-7f4fdbb008de,apples,0,low,2,0.12,0.0,0,0,0.038202766
286c8e36-7466-518d-a670-7f4fdbb008de,apples,0,low,3,0.08,0.0,0,0,0.033292685
286c8e36-7466-518d-a670-7f4fdbb008de,basketball,50,high,0,0.28,0.5,1,1,0.26170138
286c8e36-7466-518d-a670-7f4fdbb008de,basketball,50,high,1,0.6,0.5,1,1,0.46855953
286c8e36-7466-518d-a670-7f4fdbb008de,basketball,50,high,2,0.08,0.5,1,1,0.1445255
286c8e36-7466-518d-a670-7f4fdbb008de,basketball,50,high,3,0.04,0.5,1,1,0.12521361
286c8e36-7466-518d-a670-7f4fdbb008de,birthday,100,high,0,0.07,1.0,1,2,0.09661102
286c8e36-7466-518d-a670-7f4fdbb008de,birthday,100,high,1,0.23,1.0,1,2,0.30580187
286c8e36-7466-518d-a670-7f4fdbb008de,birthday,100,high,2,0.24,1.0,1,2,0.3316454
286c8e36-7466-518d-a670-7f4fdbb008de,birthday,100,high,3,0.46,1.0,1,2,0.2659417
286c8e36-7466-518d-a670-7f4fdbb008de,brunch,0,high,0,0.07,0.0,1,3,0.26180592
286c8e36-7466-518d-a670-7f4fdbb008de,brunch,0,high,1,0.51,0.0,1,3,0.39796382
286c8e36-7466-518d-a670-7f4fdbb008de,brunch,0,high,2,0.4,0.0,1,3,0.24755734
286c8e36-7466-518d-a670-7f4fdbb008de,brunch,0,high,3,0.02,0.0,1,3,0.09267295
286c8e36-7466-518d-a670-7f4fdbb008de,cooking,100,low,0,0.75,1.0,0,4,0.56390643
286c8e36-7466-518d-a670-7f4fdbb008de,cooking,100,low,1,0.15,1.0,0,4,0.1621197
286c8e36-7466-518d-a670-7f4fdbb008de,cooking,100,low,2,0.05,1.0,0,4,0.14098814
286c8e36-7466-518d-a670-7f4fdbb008de,cooking,100,low,3,0.05,1.0,0,4,0.13298574
286c8e36-7466-518d-a670-7f4fdbb008de,dip,0,low,0,0.01,0.0,0,5,0.7331288
286c8e36-7466-518d-a670-7f4fdbb008de,dip,0,low,1,0.9,0.0,0,5,0.20262736
286c8e36-7466-518d-a670-7f4fdbb008de,dip,0,low,2,0.08,0.0,0,5,0.055230852
286c8e36-7466-518d-a670-7f4fdbb008de,dip,0,low,3,0.01,0.0,0,5,0.00901291
286c8e36-7466-518d-a670-7f4fdbb008de,drinks,75,low,0,0.54,0.75,0,6,0.7045375
286c8e36-7466-518d-a670-7f4fdbb008de,drinks,75,low,1,0.33,0.75,0,6,0.1435551
286c8e36-7466-518d-a670-7f4fdbb008de,drinks,75,low,2,0.08,0.75,0,6,0.08746405
286c8e36-7466-518d-a670-7f4fdbb008de,drinks,75,low,3,0.05,0.75,0,6,0.06444328
286c8e36-7466-518d-a670-7f4fdbb008de,driving,50,low,0,0.49,0.5,0,7,0.41526043
286c8e36-7466-518d-a670-7f4fdbb008de,driving,50,low,1,0.39,0.5,0,7,0.34533665
286c8e36-7466-518d-a670-7f4fdbb008de,driving,50,low,2,0.08,0.5,0,7,0.1814718
286c8e36-7466-518d-a670-7f4fdbb008de,driving,50,low,3,0.04,0.5,0,7,0.05793105
286c8e36-7466-518d-a670-7f4fdbb008de,fair,75,high,0,0.09,0.75,1,8,0.19342518
286c8e36-7466-518d-a670-7f4fdbb008de,fair,75,high,1,0.45,0.75,1,8,0.376359
286c8e36-7466-518d-a670-7f4fdbb008de,fair,75,high,2,0.39,0.75,1,8,0.23236895
286c8e36-7466-518d-a670-7f4fdbb008de,fair,75,high,3,0.07,0.75,1,8,0.1978469
286c8e36-7466-518d-a670-7f4fdbb008de,gala,100,low,0,0.51,1.0,0,9,0.56416404
286c8e36-7466-518d-a670-7f4fdbb008de,gala,100,low,1,0.23,1.0,0,9,0.15963629
286c8e36-7466-518d-a670-7f4fdbb008de,gala,100,low,2,0.14,1.0,0,9,0.14447609
286c8e36-7466-518d-a670-7f4fdbb008de,gala,100,low,3,0.12,1.0,0,9,0.13172355
286c8e36-7466-518d-a670-7f4fdbb008de,hike,50,low,0,0.57,0.5,0,10,0.51034856
286c8e36-7466-518d-a670-7f4fdbb008de,hike,50,low,1,0.27,0.5,0,10,0.27600068
286c8e36-7466-518d-a670-7f4fdbb008de,hike,50,low,2,0.13,0.5,0,10,0.1420938
286c8e36-7466-518d-a670-7f4fdbb008de,hike,50,low,3,0.03,0.5,0,10,0.07155705
286c8e36-7466-518d-a670-7f4fdbb008de,oysters,0,high,0,0.2,0.0,1,11,0.36713034
286c8e36-7466-518d-a670-7f4fdbb008de,oysters,0,high,1,0.63,0.0,1,11,0.251757
286c8e36-7466-518d-a670-7f4fdbb008de,oysters,0,high,2,0.15,0.0,1,11,0.32237086
286c8e36-7466-518d-a670-7f4fdbb008de,oysters,0,high,3,0.02,0.0,1,11,0.058741804
286c8e36-7466-518d-a670-7f4fdbb008de,social,100,high,0,0.1,1.0,1,12,0.13305385
286c8e36-7466-518d-a670-7f4fdbb008de,social,100,high,1,0.22,1.0,1,12,0.29350144
286c8e36-7466-518d-a670-7f4fdbb008de,social,100,high,2,0.39,1.0,1,12,0.29148328
286c8e36-7466-518d-a670-7f4fdbb008de,social,100,high,3,0.29,1.0,1,12,0.28196135
286c8e36-7466-518d-a670-7f4fdbb008de,soup,75,low,0,0.41,0.75,0,13,0.25817782
286c8e36-7466-518d-a670-7f4fdbb008de,soup,75,low,1,0.28,0.75,0,13,0.36900678
286c8e36-7466-518d-a670-7f4fdbb008de,soup,75,low,2,0.25,0.75,0,13,0.19745578
286c8e36-7466-518d-a670-7f4fdbb008de,soup,75,low,3,0.06,0.75,0,13,0.17535962
286c8e36-7466-518d-a670-7f4fdbb008de,takeout,75,high,0,0.13,0.75,1,14,0.2439953
286c8e36-7466-518d-a670-7f4fdbb008de,takeout,75,high,1,0.54,0.75,1,14,0.45767552
286c8e36-7466-518d-a670-7f4fdbb008de,takeout,75,high,2,0.28,0.75,1,14,0.2510497
286c8e36-7466-518d-a670-7f4fdbb008de,takeout,75,high,3,0.05,0.75,1,14,0.047279578
286c8e36-7466-518d-a670-7f4fdbb008de,wedding,50,high,0,0.13,0.5,1,15,0.23947777
286c8e36-7466-518d-a670-7f4fdbb008de,wedding,50,high,1,0.53,0.5,1,15,0.35416168
286c8e36-7466-518d-a670-7f4fdbb008de,wedding,50,high,2,0.26,0.5,1,15,0.2457274
286c8e36-7466-518d-a670-7f4fdbb008de,wedding,50,high,3,0.08,0.5,1,15,0.16063312
29e8397a-61e4-5062-ba20-43c1c9994cb4,apples,75,high,0,0.0,0.75,1,0,0.17327306
29e8397a-61e4-5062-ba20-43c1c9994cb4,apples,75,high,1,0.0,0.75,1,0,0.36745417
29e8397a-61e4-5062-ba20-43c1c9994cb4,apples,75,high,2,0.0,0.75,1,0,0.23502025
29e8397a-61e4-5062-ba20-43c1c9994cb4,apples,75,high,3,1.0,0.75,1,0,0.22425258
29e8397a-61e4-5062-ba20-43c1c9994cb4,basketball,0,low,0,1.0,0.0,0,1,0.59798855
29e8397a-61e4-5062-ba20-43c1c9994cb4,basketball,0,low,1,0.0,0.0,0,1,0.33563203
29e8397a-61e4-5062-ba20-43c1c9994cb4,basketball,0,low,2,0.0,0.0,0,1,0.03724604
29e8397a-61e4-5062-ba20-43c1c9994cb4,basketball,0,low,3,0.0,0.0,0,1,0.02913338
29e8397a-61e4-5062-ba20-43c1c9994cb4,birthday,0,low,0,1.0,0.0,0,2,0.3523034
29e8397a-61e4-5062-ba20-43c1c9994cb4,birthday,0,low,1,0.0,0.0,0,2,0.507386
29e8397a-61e4-5062-ba20-43c1c9994cb4,birthday,0,low,2,0.0,0.0,0,2,0.110791706
29e8397a-61e4-5062-ba20-43c1c9994cb4,birthday,0,low,3,0.0,0.0,0,2,0.029518887
29e8397a-61e4-5062-ba20-43c1c9994cb4,brunch,50,high,0,0.0,0.5,1,3,0.26137137
29e8397a-61e4-5062-ba20-43c1c9994cb4,brunch,50,high,1,1.0,0.5,1,3,0.3238393
29e8397a-61e4-5062-ba20-43c1c9994cb4,brunch,50,high,2,0.0,0.5,1,3,0.26117304
29e8397a-61e4-5062-ba20-43c1c9994cb4,brunch,50,high,3,0.0,0.5,1,3,0.15361626
29e8397a-61e4-5062-ba20-43c1c9994cb4,cooking,0,high,0,0.0,0.0,1,4,0.32258898
29e8397a-61e4-5062-ba20-43c1c9994cb4,cooking,0,high,1,1.0,0.0,1,4,0.41451508
29e8397a-61e4-5062-ba20-43c1c9994cb4,cooking,0,high,2,0.0,0.0,1,4,0.17586832
29e8397a-61e4-5062-ba20-43c1c9994cb4,cooking,0,high,3,0.0,0.0,1,4,0.08702758
29e8397a-61e4-5062-ba20-43c1c9994cb4,dip,100,low,0,1.0,1.0,0,5,0.571308
29e8397a-61e4-5062-ba20-43c1c9994cb4,dip,100,low,1,0.0,1.0,0,5,0.15790218
29e8397a-61e4-5062-ba20-43c1c9994cb4,dip,100,low,2,0.0,1.0,0,5,0.14700009
29e8397a-61e4-5062-ba20-43c1c9994cb4,dip,100,low,3,0.0,1.0,0,5,0.12378971
29e8397a-61e4-5062-ba20-43c1c9994cb4,drinks,75,high,0,0.0,0.75,1,6,0.27833256
29e8397a-61e4-5062-ba20-43c1c9994cb4,drinks,75,high,1,0.0,0.75,1,6,0.35063356
29e8397a-61e4-5062-ba20-43c1c9994cb4,drinks,75,high,2,0.0,0.75,1,6,0.21363103
29e8397a-61e4-5062-ba20-43c1c9994cb4,drinks,75,high,3,1.0,0.75,1,6,0.15740284
29e8397a-61e4-5062-ba20-43c1c9994cb4,driving,100,high,0,0.0,1.0,1,7,0.09397328
29e8397a-61e4-5062-ba20-43c1c9994cb4,driving,100,high,1,0.0,1.0,1,7,0.28471178
29e8397a-61e4-5062-ba20-43c1c9994cb4,driving,100,high,2,0.0,1.0,1,7,0.3065041
29e8397a-61e4-5062-ba20-43c1c9994cb4,driving,100,high,3,1.0,1.0,1,7,0.31481075
29e8397a-61e4-5062-ba20-43c1c9994cb4,fair,100,high,0,0.0,1.0,1,8,0.116963215
29e8397a-61e4-5062-ba20-43c1c9994cb4,fair,100,high,1,0.0,1.0,1,8,0.2474626
29e8397a-61e4-5062-ba20-43c1c9994cb4,fair,100,high,2,0.0,1.0,1,8,0.30874684
29e8397a-61e4-5062-ba20-43c1c9994cb4,fair,100,high,3,1.0,1.0,1,8,0.32682738
29e8397a-61e4-5062-ba20-43c1c9994cb4,gala,50,high,0,0.0,0.5,1,9,0.22198972
29e8397a-61e4-5062-ba20-43c1c9994cb4,gala,50,high,1,1.0,0.5,1,9,0.39286163
29e8397a-61e4-5062-ba20-43c1c9994cb4,gala,50,high,2,0.0,0.5,1,9,0.22126077
29e8397a-61e4-5062-ba20-43c1c9994cb4,gala,50,high,3,0.0,0.5,1,9,0.1638879
29e8397a-61e4-5062-ba20-43c1c9994cb4,hike,50,low,0,1.0,0.5,0,10,0.51034856
29e8397a-61e4-5062-ba20-43c1c9994cb4,hike,50,low,1,0.0,0.5,0,10,0.27600068
29e8397a-61e4-5062-ba20-43c1c9994cb4,hike,50,low,2,0.0,0.5,0,10,0.1420938
29e8397a-61e4-5062-ba20-43c1c9994cb4,hike,50,low,3,0.0,0.5,0,10,0.07155705
29e8397a-61e4-5062-ba20-43c1c9994cb4,oysters,0,high,0,1.0,0.0,1,11,0.36713034
29e8397a-61e4-5062-ba20-43c1c9994cb4,oysters,0,high,1,0.0,0.0,1,11,0.251757
29e8397a-61e4-5062-ba20-43c1c9994cb4,oysters,0,high,2,0.0,0.0,1,11,0.32237086
29e8397a-61e4-5062-ba20-43c1c9994cb4,oysters,0,high,3,0.0,0.0,1,11,0.058741804
29e8397a-61e4-5062-ba20-43c1c9994cb4,social,50,low,0,0.75,0.5,0,12,0.6326194
29e8397a-61e4-5062-ba20-43c1c9994cb4,social,50,low,1,0.25,0.5,0,12,0.10343386
29e8397a-61e4-5062-ba20-43c1c9994cb4,social,50,low,2,0.0,0.5,0,12,0.17970979
29e8397a-61e4-5062-ba20-43c1c9994cb4,social,50,low,3,0.0,0.5,0,12,0.08423695
29e8397a-61e4-5062-ba20-43c1c9994cb4,soup,100,low,0,0.0,1.0,0,13,0.17265384
29e8397a-61e4-5062-ba20-43c1c9994cb4,soup,100,low,1,0.0,1.0,0,13,0.2467696
29e8397a-61e4-5062-ba20-43c1c9994cb4,soup,100,low,2,0.0,1.0,0,13,0.26021537
29e8397a-61e4-5062-ba20-43c1c9994cb4,soup,100,low,3,1.0,1.0,0,13,0.32036123
29e8397a-61e4-5062-ba20-43c1c9994cb4,takeout,75,low,0,0.19,0.75,0,14,0.4908885
29e8397a-61e4-5062-ba20-43c1c9994cb4,takeout,75,low,1,0.0,0.75,0,14,0.3014709
29e8397a-61e4-5062-ba20-43c1c9994cb4,takeout,75,low,2,0.81,0.75,0,14,0.16536646
29e8397a-61e4-5062-ba20-43c1c9994cb4,takeout,75,low,3,0.0,0.75,0,14,0.042274114
29e8397a-61e4-5062-ba20-43c1c9994cb4,wedding,75,low,0,0.74,0.75,0,15,0.51931244
29e8397a-61e4-5062-ba20-43c1c9994cb4,wedding,75,low,1,0.0,0.75,0,15,0.2142844
29e8397a-61e4-5062-ba20-43c1c9994cb4,wedding,75,low,2,0.0,0.75,0,15,0.16972683
29e8397a-61e4-5062-ba20-43c1c9994cb4,wedding,75,low,3,0.26,0.75,0,15,0.09667626
2fc2c244-c59b-5f70-9d2c-6feaaf442214,apples,75,low,0,0.25,0.75,0,0,0.447258
2fc2c244-c59b-5f70-9d2c-6feaaf442214,apples,75,low,1,0.25,0.75,0,0,0.26342416
2fc2c244-c59b-5f70-9d2c-6feaaf442214,apples,75,low,2,0.25,0.75,0,0,0.14805049
2fc2c244-c59b-5f70-9d2c-6feaaf442214,apples,75,low,3,0.25,0.75,0,0,0.1412674
2fc2c244-c59b-5f70-9d2c-6feaaf442214,basketball,0,high,0,0.5,0.0,1,1,0.34058285
2fc2c244-c59b-5f70-9d2c-6feaaf442214,basketball,0,high,1,0.5,0.0,1,1,0.5505353
2fc2c244-c59b-5f70-9d2c-6feaaf442214,basketball,0,high,2,0.0,0.0,1,1,0.061094463
2fc2c244-c59b-5f70-9d2c-6feaaf442214,basketball,0,high,3,0.0,0.0,1,1,0.047787316
2fc2c244-c59b-5f70-9d2c-6feaaf442214,birthday,100,high,0,0.17,1.0,1,2,0.09661102
2fc2c244-c59b-5f70-9d2c-6feaaf442214,birthday,100,high,1,0.27,1.0,1,2,0.30580187
2fc2c244-c59b-5f70-9d2c-6feaaf442214,birthday,100,high,2,0.28,1.0,1,2,0.3316454
2fc2c244-c59b-5f70-9d2c-6feaaf442214,birthday,100,high,3,0.28,1.0,1,2,0.2659417
2fc2c244-c59b-5f70-9d2c-6feaaf442214,brunch,100,high,0,0.01,1.0,1,3,0.23770595
2fc2c244-c59b-5f70-9d2c-6feaaf442214,brunch,100,high,1,0.33,1.0,1,3,0.22106798
2fc2c244-c59b-5f70-9d2c-6feaaf442214,brunch,100,high,2,0.33,1.0,1,3,0.2566543
2fc2c244-c59b-5f70-9d2c-6feaaf442214,brunch,100,high,3,0.33,1.0,1,3,0.2845718
2fc2c244-c59b-5f70-9d2c-6feaaf442214,cooking,100,low,0,0.32,1.0,0,4,0.56390643
2fc2c244-c59b-5f70-9d2c-6feaaf442214,cooking,100,low,1,0.32,1.0,0,4,0.1621197
2fc2c244-c59b-5f70-9d2c-6feaaf442214,cooking,100,low,2,0.32,1.0,0,4,0.14098814
2fc2c244-c59b-5f70-9d2c-6feaaf442214,cooking,100,low,3,0.04,1.0,0,4,0.13298574
2fc2c244-c59b-5f70-9d2c-6feaaf442214,dip,50,high,0,0.01,0.5,1,5,0.1520621
2fc2c244-c59b-5f70-9d2c-6feaaf442214,dip,50,high,1,0.33,0.5,1,5,0.5578234
2fc2c244-c59b-5f70-9d2c-6feaaf442214,dip,50,high,2,0.33,0.5,1,5,0.22538151
2fc2c244-c59b-5f70-9d2c-6feaaf442214,dip,50,high,3,0.33,0.5,1,5,0.06473294
2fc2c244-c59b-5f70-9d2c-6feaaf442214,drinks,0,low,0,0.25,0.0,0,6,0.85738873
2fc2c244-c59b-5f70-9d2c-6feaaf442214,drinks,0,low,1,0.25,0.0,0,6,0.10405775
2fc2c244-c59b-5f70-9d2c-6feaaf442214,drinks,0,low,2,0.25,0.0,0,6,0.027316885
2fc2c244-c59b-5f70-9d2c-6feaaf442214,drinks,0,low,3,0.25,0.0,0,6,0.011236587
2fc2c244-c59b-5f70-9d2c-6feaaf442214,driving,0,high,0,0.5,0.0,1,7,0.19378443
2fc2c244-c59b-5f70-9d2c-6feaaf442214,driving,0,high,1,0.5,0.0,1,7,0.58711064
2fc2c244-c59b-5f70-9d2c-6feaaf442214,driving,0,high,2,0.0,0.0,1,7,0.18505675
2fc2c244-c59b-5f70-9d2c-6feaaf442214,driving,0,high,3,0.0,0.0,1,7,0.034048196
2fc2c244-c59b-5f70-9d2c-6feaaf442214,fair,50,low,0,0.1,0.5,0,8,0.5556539
2fc2c244-c59b-5f70-9d2c-6feaaf442214,fair,50,low,1,0.7,0.5,0,8,0.30713385
2fc2c244-c59b-5f70-9d2c-6feaaf442214,fair,50,low,2,0.1,0.5,0,8,0.10212145
2fc2c244-c59b-5f70-9d2c-6feaaf442214,fair,50,low,3,0.1,0.5,0,8,0.035090752
2fc2c244-c59b-5f70-9d2c-6feaaf442214,gala,75,high,0,0.05,0.75,1,9,0.15333995
2fc2c244-c59b-5f70-9d2c-6feaaf442214,gala,75,high,1,0.08,0.75,1,9,0.36573878
2fc2c244-c59b-5f70-9d2c-6feaaf442214,gala,75,high,2,0.4,0.75,1,9,0.25414434
2fc2c244-c59b-5f70-9d2c-6feaaf442214,gala,75,high,3,0.47,0.75,1,9,0.22677697
2fc2c244-c59b-5f70-9d2c-6feaaf442214,hike,75,high,0,0.19,0.75,1,10,0.16673161
2fc2c244-c59b-5f70-9d2c-6feaaf442214,hike,75,high,1,0.27,0.75,1,10,0.44192556
2fc2c244-c59b-5f70-9d2c-6feaaf442214,hike,75,high,2,0.27,0.75,1,10,0.22072983
2fc2c244-c59b-5f70-9d2c-6feaaf442214,hike,75,high,3,0.27,0.75,1,10,0.17061298
2fc2c244-c59b-5f70-9d2c-6feaaf442214,oysters,0,low,0,0.49,0.0,0,11,0.64080536
2fc2c244-c59b-5f70-9d2c-6feaaf442214,oysters,0,low,1,0.45,0.0,0,11,0.12204299
2fc2c244-c59b-5f70-9d2c-6feaaf442214,oysters,0,low,2,0.04,0.0,0,11,0.21212909
2fc2c244-c59b-5f70-9d2c-6feaaf442214,oysters,0,low,3,0.02,0.0,0,11,0.025022497
2fc2c244-c59b-5f70-9d2c-6feaaf442214,social,100,low,0,0.7,1.0,0,12,0.28530437
2fc2c244-c59b-5f70-9d2c-6feaaf442214,social,100,low,1,0.1,1.0,0,12,0.23726287
2fc2c244-c59b-5f70-9d2c-6feaaf442214,social,100,low,2,0.1,1.0,0,12,0.26501882
2fc2c244-c59b-5f70-9d2c-6feaaf442214,social,100,low,3,0.1,1.0,0,12,0.21241392
2fc2c244-c59b-5f70-9d2c-6feaaf442214,soup,50,high,0,0.55,0.5,1,13,0.2746141
2fc2c244-c59b-5f70-9d2c-6feaaf442214,soup,50,high,1,0.07,0.5,1,13,0.4519501
2fc2c244-c59b-5f70-9d2c-6feaaf442214,soup,50,high,2,0.02,0.5,1,13,0.15815441
2fc2c244-c59b-5f70-9d2c-6feaaf442214,soup,50,high,3,0.36,0.5,1,13,0.11528138
2fc2c244-c59b-5f70-9d2c-6feaaf442214,takeout,50,low,0,0.3,0.5,0,14,0.56748694
2fc2c244-c59b-5f70-9d2c-6feaaf442214,takeout,50,low,1,0.2,0.5,0,14,0.30020222
2fc2c244-c59b-5f70-9d2c-6feaaf442214,takeout,50,low,2,0.25,0.5,0,14,0.10843349
2fc2c244-c59b-5f70-9d2c-6feaaf442214,takeout,50,low,3,0.25,0.5,0,14,0.023877341
2fc2c244-c59b-5f70-9d2c-6feaaf442214,wedding,75,low,0,0.47,0.75,0,15,0.51931244
2fc2c244-c59b-5f70-9d2c-6feaaf442214,wedding,75,low,1,0.02,0.75,0,15,0.2142844
2fc2c244-c59b-5f70-9d2c-6feaaf442214,wedding,75,low,2,0.04,0.75,0,15,0.16972683
2fc2c244-c59b-5f70-9d2c-6feaaf442214,wedding,75,low,3,0.47,0.75,0,15,0.09667626
31f4637c-d1b6-5e1e-9293-382cd082326f,apples,0,high,0,0.6,0.0,1,0,0.42698184
31f4637c-d1b6-5e1e-9293-382cd082326f,apples,0,high,1,0.4,0.0,1,0,0.40298706
31f4637c-d1b6-5e1e-9293-382cd082326f,apples,0,high,2,0.0,0.0,1,0,0.09085414
31f4637c-d1b6-5e1e-9293-382cd082326f,apples,0,high,3,0.0,0.0,1,0,0.079176955
31f4637c-d1b6-5e1e-9293-382cd082326f,basketball,100,high,0,0.0,1.0,1,1,0.11880685
31f4637c-d1b6-5e1e-9293-382cd082326f,basketball,100,high,1,1.0,1.0,1,1,0.24552351
31f4637c-d1b6-5e1e-9293-382cd082326f,basketball,100,high,2,0.0,1.0,1,1,0.31783482
31f4637c-d1b6-5e1e-9293-382cd082326f,basketball,100,high,3,0.0,1.0,1,1,0.3178348
31f4637c-d1b6-5e1e-9293-382cd082326f,birthday,75,low,0,0.0,0.75,0,2,0.25470307
31f4637c-d1b6-5e1e-9293-382cd082326f,birthday,75,low,1,0.5,0.75,0,2,0.36682245
31f4637c-d1b6-5e1e-9293-382cd082326f,birthday,75,low,2,0.5,0.75,0,2,0.24243777
31f4637c-d1b6-5e1e-9293-382cd082326f,birthday,75,low,3,0.0,0.75,0,2,0.13603675
31f4637c-d1b6-5e1e-9293-382cd082326f,brunch,50,high,0,0.0,0.5,1,3,0.26137137
31f4637c-d1b6-5e1e-9293-382cd082326f,brunch,50,high,1,1.0,0.5,1,3,0.3238393
31f4637c-d1b6-5e1e-9293-382cd082326f,brunch,50,high,2,0.0,0.5,1,3,0.26117304
31f4637c-d1b6-5e1e-9293-382cd082326f,brunch,50,high,3,0.0,0.5,1,3,0.15361626
31f4637c-d1b6-5e1e-9293-382cd082326f,cooking,75,high,0,0.0,0.75,1,4,0.14785571
31f4637c-d1b6-5e1e-9293-382cd082326f,cooking,75,high,1,1.0,0.75,1,4,0.3630791
31f4637c-d1b6-5e1e-9293-382cd082326f,cooking,75,high,2,0.0,0.75,1,4,0.26713452
31f4637c-d1b6-5e1e-9293-382cd082326f,cooking,75,high,3,0.0,0.75,1,4,0.22193062
31f4637c-d1b6-5e1e-9293-382cd082326f,dip,0,low,0,0.0,0.0,0,5,0.7331288
31f4637c-d1b6-5e1e-9293-382cd082326f,dip,0,low,1,1.0,0.0,0,5,0.20262736
31f4637c-d1b6-5e1e-9293-382cd082326f,dip,0,low,2,0.0,0.0,0,5,0.055230852
31f4637c-d1b6-5e1e-9293-382cd082326f,dip,0,low,3,0.0,0.0,0,5,0.00901291
31f4637c-d1b6-5e1e-9293-382cd082326f,drinks,75,high,0,0.0,0.75,1,6,0.27833256
31f4637c-d1b6-5e1e-9293-382cd082326f,drinks,75,high,1,0.0,0.75,1,6,0.35063356
31f4637c-d1b6-5e1e-9293-382cd082326f,drinks,75,high,2,1.0,0.75,1,6,0.21363103
31f4637c-d1b6-5e1e-9293-382cd082326f,drinks,75,high,3,0.0,0.75,1,6,0.15740284
31f4637c-d1b6-5e1e-9293-382cd082326f,driving,100,low,0,0.0,1.0,0,7,0.28515202
31f4637c-d1b6-5e1e-9293-382cd082326f,driving,100,low,1,1.0,1.0,0,7,0.23713657
31f4637c-d1b6-5e1e-9293-382cd082326f,driving,100,low,2,0.0,1.0,0,7,0.25528738
31f4637c-d1b6-5e1e-9293-382cd082326f,driving,100,low,3,0.0,1.0,0,7,0.22242402
31f4637c-d1b6-5e1e-9293-382cd082326f,fair,100,low,0,0.0,1.0,0,8,0.37053174
31f4637c-d1b6-5e1e-9293-382cd082326f,fair,100,low,1,1.0,1.0,0,8,0.2363968
31f4637c-d1b6-5e1e-9293-382cd082326f,fair,100,low,2,0.0,1.0,0,8,0.2622352
31f4637c-d1b6-5e1e-9293-382cd082326f,fair,100,low,3,0.0,1.0,0,8,0.1308363
31f4637c-d1b6-5e1e-9293-382cd082326f,gala,50,low,0,1.0,0.5,0,9,0.79520184
31f4637c-d1b6-5e1e-9293-382cd082326f,gala,50,low,1,0.0,0.5,0,9,0.10983461
31f4637c-d1b6-5e1e-9293-382cd082326f,gala,50,low,2,0.0,0.5,0,9,0.059997436
31f4637c-d1b6-5e1e-9293-382cd082326f,gala,50,low,3,0.0,0.5,0,9,0.034966037
31f4637c-d1b6-5e1e-9293-382cd082326f,hike,75,low,0,1.0,0.75,0,10,0.4188641
31f4637c-d1b6-5e1e-9293-382cd082326f,hike,75,low,1,0.0,0.75,0,10,0.2709454
31f4637c-d1b6-5e1e-9293-382cd082326f,hike,75,low,2,0.0,0.75,0,10,0.19254148
31f4637c-d1b6-5e1e-9293-382cd082326f,hike,75,low,3,0.0,0.75,0,10,0.117649004
31f4637c-d1b6-5e1e-9293-382cd082326f,oysters,0,low,0,1.0,0.0,0,11,0.64080536
31f4637c-d1b6-5e1e-9293-382cd082326f,oysters,0,low,1,0.0,0.0,0,11,0.12204299
31f4637c-d1b6-5e1e-9293-382cd082326f,oysters,0,low,2,0.0,0.0,0,11,0.21212909
31f4637c-d1b6-5e1e-9293-382cd082326f,oysters,0,low,3,0.0,0.0,0,11,0.025022497
31f4637c-d1b6-5e1e-9293-382cd082326f,social,50,low,0,1.0,0.5,0,12,0.6326194
31f4637c-d1b6-5e1e-9293-382cd082326f,social,50,low,1,0.0,0.5,0,12,0.10343386
31f4637c-d1b6-5e1e-9293-382cd082326f,social,50,low,2,0.0,0.5,0,12,0.17970979
31f4637c-d1b6-5e1e-9293-382cd082326f,social,50,low,3,0.0,0.5,0,12,0.08423695
31f4637c-d1b6-5e1e-9293-382cd082326f,soup,100,high,0,1.0,1.0,1,13,0.14633904
31f4637c-d1b6-5e1e-9293-382cd082326f,soup,100,high,1,0.0,1.0,1,13,0.24083959
31f4637c-d1b6-5e1e-9293-382cd082326f,soup,100,high,2,0.0,1.0,1,13,0.26933384
31f4637c-d1b6-5e1e-9293-382cd082326f,soup,100,high,3,0.0,1.0,1,13,0.34348753
31f4637c-d1b6-5e1e-9293-382cd082326f,takeout,50,high,0,0.0,0.5,1,14,0.30358016
31f4637c-d1b6-5e1e-9293-382cd082326f,takeout,50,high,1,1.0,0.5,1,14,0.49050692
31f4637c-d1b6-5e1e-9293-382cd082326f,takeout,50,high,2,0.0,0.5,1,14,0.17717181
31f4637c-d1b6-5e1e-9293-382cd082326f,takeout,50,high,3,0.0,0.5,1,14,0.028741147
31f4637c-d1b6-5e1e-9293-382cd082326f,wedding,0,high,0,0.0,0.0,1,15,0.3970557
31f4637c-d1b6-5e1e-9293-382cd082326f,wedding,0,high,1,1.0,0.0,1,15,0.35221374
31f4637c-d1b6-5e1e-9293-382cd082326f,wedding,0,high,2,0.0,0.0,1,15,0.17262787
31f4637c-d1b6-5e1e-9293-382cd082326f,wedding,0,high,3,0.0,0.0,1,15,0.07810264
34d93cc8-4149-5b12-8609-f3768e4c931e,apples,50,high,0,0.5,0.5,1,0,0.25700086
34d93cc8-4149-5b12-8609-f3768e4c931e,apples,50,high,1,0.5,0.5,1,0,0.4043876
34d93cc8-4149-5b12-8609-f3768e4c931e,apples,50,high,2,0.0,0.5,1,0,0.17610174
34d93cc8-4149-5b12-8609-f3768e4c931e,apples,50,high,3,0.0,0.5,1,0,0.1625098
34d93cc8-4149-5b12-8609-f3768e4c931e,basketball,100,high,0,0.0,1.0,1,1,0.11880685
34d93cc8-4149-5b12-8609-f3768e4c931e,basketball,100,high,1,0.26,1.0,1,1,0.24552351
34d93cc8-4149-5b12-8609-f3768e4c931e,basketball,100,high,2,0.34,1.0,1,1,0.31783482
34d93cc8-4149-5b12-8609-f3768e4c931e,basketball,100,high,3,0.4,1.0,1,1,0.3178348
34d93cc8-4149-5b12-8609-f3768e4c931e,birthday,50,high,0,0.0,0.5,1,2,0.16706371
34d93cc8-4149-5b12-8609-f3768e4c931e,birthday,50,high,1,0.97,0.5,1,2,0.5288051
34d93cc8-4149-5b12-8609-f3768e4c931e,birthday,50,high,2,0.03,0.5,1,2,0.21500385
34d93cc8-4149-5b12-8609-f3768e4c931e,birthday,50,high,3,0.0,0.5,1,2,0.08912745
34d93cc8-4149-5b12-8609-f3768e4c931e,brunch,0,high,0,0.0,0.0,1,3,0.26180592
34d93cc8-4149-5b12-8609-f3768e4c931e,brunch,0,high,1,1.0,0.0,1,3,0.39796382
34d93cc8-4149-5b12-8609-f3768e4c931e,brunch,0,high,2,0.0,0.0,1,3,0.24755734
34d93cc8-4149-5b12-8609-f3768e4c931e,brunch,0,high,3,0.0,0.0,1,3,0.09267295
34d93cc8-4149-5b12-8609-f3768e4c931e,cooking,100,high,0,0.0,1.0,1,4,0.08743349
34d93cc8-4149-5b12-8609-f3768e4c931e,cooking,100,high,1,0.53,1.0,1,4,0.30014092
34d93cc8-4149-5b12-8609-f3768e4c931e,cooking,100,high,2,0.21,1.0,1,4,0.2935727
34d93cc8-4149-5b12-8609-f3768e4c931e,cooking,100,high,3,0.26,1.0,1,4,0.3188529
34d93cc8-4149-5b12-8609-f3768e4c931e,dip,75,low,0,0.95,0.75,0,5,0.65482223
34d93cc8-4149-5b12-8609-f3768e4c931e,dip,75,low,1,0.05,0.75,0,5,0.18098444
34d93cc8-4149-5b12-8609-f3768e4c931e,dip,75,low,2,0.0,0.75,0,5,0.110844776
34d93cc8-4149-5b12-8609-f3768e4c931e,dip,75,low,3,0.0,0.75,0,5,0.05334865
34d93cc8-4149-5b12-8609-f3768e4c931e,drinks,50,low,0,0.85,0.5,0,6,0.7762677
34d93cc8-4149-5b12-8609-f3768e4c931e,drinks,50,low,1,0.09,0.5,0,6,0.13067015
34d93cc8-4149-5b12-8609-f3768e4c931e,drinks,50,low,2,0.06,0.5,0,6,0.05837057
34d93cc8-4149-5b12-8609-f3768e4c931e,drinks,50,low,3,0.0,0.5,0,6,0.034691554
34d93cc8-4149-5b12-8609-f3768e4c931e,driving,75,high,0,0.59,0.75,1,7,0.1351035
34d93cc8-4149-5b12-8609-f3768e4c931e,driving,75,high,1,0.34,0.75,1,7,0.40932438
34d93cc8-4149-5b12-8609-f3768e4c931e,driving,75,high,2,0.07,0.75,1,7,0.28989655
34d93cc8-4149-5b12-8609-f3768e4c931e,driving,75,high,3,0.0,0.75,1,7,0.16567567
34d93cc8-4149-5b12-8609-f3768e4c931e,fair,0,high,0,0.2,0.0,1,8,0.32640508
34d93cc8-4149-5b12-8609-f3768e4c931e,fair,0,high,1,0.8,0.0,1,8,0.540167
34d93cc8-4149-5b12-8609-f3768e4c931e,fair,0,high,2,0.0,0.0,1,8,0.08559175
34d93cc8-4149-5b12-8609-f3768e4c931e,fair,0,high,3,0.0,0.0,1,8,0.047836132
34d93cc8-4149-5b12-8609-f3768e4c931e,gala,0,low,0,1.0,0.0,0,9,0.8866782
34d93cc8-4149-5b12-8609-f3768e4c931e,gala,0,low,1,0.0,0.0,0,9,0.07345924
34d93cc8-4149-5b12-8609-f3768e4c931e,gala,0,low,2,0.0,0.0,0,9,0.028000446
34d93cc8-4149-5b12-8609-f3768e4c931e,gala,0,low,3,0.0,0.0,0,9,0.011862111
34d93cc8-4149-5b12-8609-f3768e4c931e,hike,50,low,0,0.9,0.5,0,10,0.51034856
34d93cc8-4149-5b12-8609-f3768e4c931e,hike,50,low,1,0.1,0.5,0,10,0.27600068
34d93cc8-4149-5b12-8609-f3768e4c931e,hike,50,low,2,0.0,0.5,0,10,0.1420938
34d93cc8-4149-5b12-8609-f3768e4c931e,hike,50,low,3,0.0,0.5,0,10,0.07155705
34d93cc8-4149-5b12-8609-f3768e4c931e,oysters,75,low,0,1.0,0.75,0,11,0.4116703
34d93cc8-4149-5b12-8609-f3768e4c931e,oysters,75,low,1,0.0,0.75,0,11,0.20713082
34d93cc8-4149-5b12-8609-f3768e4c931e,oysters,75,low,2,0.0,0.75,0,11,0.2690045
34d93cc8-4149-5b12-8609-f3768e4c931e,oysters,75,low,3,0.0,0.75,0,11,0.112194374
34d93cc8-4149-5b12-8609-f3768e4c931e,social,0,low,0,1.0,0.0,0,12,0.82478136
34d93cc8-4149-5b12-8609-f3768e4c931e,social,0,low,1,0.0,0.0,0,12,0.042306297
34d93cc8-4149-5b12-8609-f3768e4c931e,social,0,low,2,0.0,0.0,0,12,0.10070582
34d93cc8-4149-5b12-8609-f3768e4c931e,social,0,low,3,0.0,0.0,0,12,0.032206487
34d93cc8-4149-5b12-8609-f3768e4c931e,soup,100,low,0,0.0,1.0,0,13,0.17265384
34d93cc8-4149-5b12-8609-f3768e4c931e,soup,100,low,1,0.0,1.0,0,13,0.2467696
34d93cc8-4149-5b12-8609-f3768e4c931e,soup,100,low,2,0.0,1.0,0,13,0.26021537
34d93cc8-4149-5b12-8609-f3768e4c931e,soup,100,low,3,1.0,1.0,0,13,0.32036123
34d93cc8-4149-5b12-8609-f3768e4c931e,takeout,75,high,0,0.0,0.75,1,14,0.2439953
34d93cc8-4149-5b12-8609-f3768e4c931e,takeout,75,high,1,0.84,0.75,1,14,0.45767552
34d93cc8-4149-5b12-8609-f3768e4c931e,takeout,75,high,2,0.16,0.75,1,14,0.2510497
34d93cc8-4149-5b12-8609-f3768e4c931e,takeout,75,high,3,0.0,0.75,1,14,0.047279578
34d93cc8-4149-5b12-8609-f3768e4c931e,wedding,100,low,0,0.66,1.0,0,15,0.35762483
34d93cc8-4149-5b12-8609-f3768e4c931e,wedding,100,low,1,0.0,1.0,0,15,0.22430809
34d93cc8-4149-5b12-8609-f3768e4c931e,wedding,100,low,2,0.0,1.0,0,15,0.2361927
34d93cc8-4149-5b12-8609-f3768e4c931e,wedding,100,low,3,0.34,1.0,0,15,0.18187447
350a7c7e-68ed-54a0-8502-6495f7d24e0b,apples,0,low,0,0.44,0.0,0,0,0.7356681
350a7c7e-68ed-54a0-8502-6495f7d24e0b,apples,0,low,1,0.32,0.0,0,0,0.1928364
350a7c7e-68ed-54a0-8502-6495f7d24e0b,apples,0,low,2,0.18,0.0,0,0,0.038202766
350a7c7e-68ed-54a0-8502-6495f7d24e0b,apples,0,low,3,0.06,0.0,0,0,0.033292685
350a7c7e-68ed-54a0-8502-6495f7d24e0b,basketball,75,low,0,0.52,0.75,0,1,0.42199868
350a7c7e-68ed-54a0-8502-6495f7d24e0b,basketball,75,low,1,0.33,0.75,0,1,0.27848366
350a7c7e-68ed-54a0-8502-6495f7d24e0b,basketball,75,low,2,0.1,0.75,0,1,0.15602612
350a7c7e-68ed-54a0-8502-6495f7d24e0b,basketball,75,low,3,0.05,0.75,0,1,0.1434915
350a7c7e-68ed-54a0-8502-6495f7d24e0b,birthday,50,low,0,0.23,0.5,0,2,0.29914954
350a7c7e-68ed-54a0-8502-6495f7d24e0b,birthday,50,low,1,0.64,0.5,0,2,0.43083405
350a7c7e-68ed-54a0-8502-6495f7d24e0b,birthday,50,low,2,0.07,0.5,0,2,0.18929946
350a7c7e-68ed-54a0-8502-6495f7d24e0b,birthday,50,low,3,0.06,0.5,0,2,0.08071703
350a7c7e-68ed-54a0-8502-6495f7d24e0b,brunch,50,high,0,0.08,0.5,1,3,0.26137137
350a7c7e-68ed-54a0-8502-6495f7d24e0b,brunch,50,high,1,0.6,0.5,1,3,0.3238393
350a7c7e-68ed-54a0-8502-6495f7d24e0b,brunch,50,high,2,0.24,0.5,1,3,0.26117304
350a7c7e-68ed-54a0-8502-6495f7d24e0b,brunch,50,high,3,0.08,0.5,1,3,0.15361626
350a7c7e-68ed-54a0-8502-6495f7d24e0b,cooking,100,low,0,0.48,1.0,0,4,0.56390643
350a7c7e-68ed-54a0-8502-6495f7d24e0b,cooking,100,low,1,0.3,1.0,0,4,0.1621197
350a7c7e-68ed-54a0-8502-6495f7d24e0b,cooking,100,low,2,0.16,1.0,0,4,0.14098814
350a7c7e-68ed-54a0-8502-6495f7d24e0b,cooking,100,low,3,0.06,1.0,0,4,0.13298574
350a7c7e-68ed-54a0-8502-6495f7d24e0b,dip,75,high,0,0.11,0.75,1,5,0.13296467
350a7c7e-68ed-54a0-8502-6495f7d24e0b,dip,75,high,1,0.55,0.75,1,5,0.4877666
350a7c7e-68ed-54a0-8502-6495f7d24e0b,dip,75,high,2,0.28,0.75,1,5,0.26560885
350a7c7e-68ed-54a0-8502-6495f7d24e0b,dip,75,high,3,0.06,0.75,1,5,0.11365985
350a7c7e-68ed-54a0-8502-6495f7d24e0b,drinks,100,high,0,0.1,1.0,1,6,0.17412922
350a7c7e-68ed-54a0-8502-6495f7d24e0b,drinks,100,high,1,0.16,1.0,1,6,0.28677985
350a7c7e-68ed-54a0-8502-6495f7d24e0b,drinks,100,high,2,0.25,1.0,1,6,0.2700779
350a7c7e-68ed-54a0-8502-6495f7d24e0b,drinks,100,high,3,0.49,1.0,1,6,0.269013
350a7c7e-68ed-54a0-8502-6495f7d24e0b,driving,75,high,0,0.65,0.75,1,7,0.1351035
350a7c7e-68ed-54a0-8502-6495f7d24e0b,driving,75,high,1,0.23,0.75,1,7,0.40932438
350a7c7e-68ed-54a0-8502-6495f7d24e0b,driving,75,high,2,0.08,0.75,1,7,0.28989655
350a7c7e-68ed-54a0-8502-6495f7d24e0b,driving,75,high,3,0.04,0.75,1,7,0.16567567
350a7c7e-68ed-54a0-8502-6495f7d24e0b,fair,0,high,0,0.09,0.0,1,8,0.32640508
350a7c7e-68ed-54a0-8502-6495f7d24e0b,fair,0,high,1,0.76,0.0,1,8,0.540167
350a7c7e-68ed-54a0-8502-6495f7d24e0b,fair,0,high,2,0.08,0.0,1,8,0.08559175
350a7c7e-68ed-54a0-8502-6495f7d24e0b,fair,0,high,3,0.07,0.0,1,8,0.047836132
350a7c7e-68ed-54a0-8502-6495f7d24e0b,gala,75,low,0,0.53,0.75,0,9,0.71443945
350a7c7e-68ed-54a0-8502-6495f7d24e0b,gala,75,low,1,0.13,0.75,0,9,0.13299528
350a7c7e-68ed-54a0-8502-6495f7d24e0b,gala,75,low,2,0.18,0.75,0,9,0.08963433
350a7c7e-68ed-54a0-8502-6495f7d24e0b,gala,75,low,3,0.16,0.75,0,9,0.06293091
350a7c7e-68ed-54a0-8502-6495f7d24e0b,hike,100,low,0,0.44,1.0,0,10,0.28530428
350a7c7e-68ed-54a0-8502-6495f7d24e0b,hike,100,low,1,0.18,1.0,0,10,0.2372631
350a7c7e-68ed-54a0-8502-6495f7d24e0b,hike,100,low,2,0.27,1.0,0,10,0.26501876
350a7c7e-68ed-54a0-8502-6495f7d24e0b,hike,100,low,3,0.11,1.0,0,10,0.21241388
350a7c7e-68ed-54a0-8502-6495f7d24e0b,oysters,50,high,0,0.12,0.5,1,11,0.24033377
350a7c7e-68ed-54a0-8502-6495f7d24e0b,oysters,50,high,1,0.58,0.5,1,11,0.30433637
350a7c7e-68ed-54a0-8502-6495f7d24e0b,oysters,50,high,2,0.11,0.5,1,11,0.32420126
350a7c7e-68ed-54a0-8502-6495f7d24e0b,oysters,50,high,3,0.19,0.5,1,11,0.1311286
350a7c7e-68ed-54a0-8502-6495f7d24e0b,social,0,high,0,0.26,0.0,1,12,0.65139556
350a7c7e-68ed-54a0-8502-6495f7d24e0b,social,0,high,1,0.56,0.0,1,12,0.08862829
350a7c7e-68ed-54a0-8502-6495f7d24e0b,social,0,high,2,0.11,0.0,1,12,0.1875765
350a7c7e-68ed-54a0-8502-6495f7d24e0b,social,0,high,3,0.07,0.0,1,12,0.07239971
350a7c7e-68ed-54a0-8502-6495f7d24e0b,soup,0,low,0,0.49,0.0,0,13,0.3659461
350a7c7e-68ed-54a0-8502-6495f7d24e0b,soup,0,low,1,0.32,0.0,0,13,0.5230372
350a7c7e-68ed-54a0-8502-6495f7d24e0b,soup,0,low,2,0.11,0.0,0,13,0.075403504
350a7c7e-68ed-54a0-8502-6495f7d24e0b,soup,0,low,3,0.08,0.0,0,13,0.035613187
350a7c7e-68ed-54a0-8502-6495f7d24e0b,takeout,50,low,0,0.31,0.5,0,14,0.56748694
350a7c7e-68ed-54a0-8502-6495f7d24e0b,takeout,50,low,1,0.44,0.5,0,14,0.30020222
350a7c7e-68ed-54a0-8502-6495f7d24e0b,takeout,50,low,2,0.22,0.5,0,14,0.10843349
350a7c7e-68ed-54a0-8502-6495f7d24e0b,takeout,50,low,3,0.03,0.5,0,14,0.023877341
350a7c7e-68ed-54a0-8502-6495f7d24e0b,wedding,100,high,0,0.07,1.0,1,15,0.08925787
350a7c7e-68ed-54a0-8502-6495f7d24e0b,wedding,100,high,1,0.29,1.0,1,15,0.2704253
350a7c7e-68ed-54a0-8502-6495f7d24e0b,wedding,100,high,2,0.37,1.0,1,15,0.30555892
350a7c7e-68ed-54a0-8502-6495f7d24e0b,wedding,100,high,3,0.27,1.0,1,15,0.33475792
35589abc-155b-52b6-99e4-8f8c00abbbb2,apples,50,high,0,0.07,0.5,1,0,0.25700086
35589abc-155b-52b6-99e4-8f8c00abbbb2,apples,50,high,1,0.9,0.5,1,0,0.4043876
35589abc-155b-52b6-99e4-8f8c00abbbb2,apples,50,high,2,0.03,0.5,1,0,0.17610174
35589abc-155b-52b6-99e4-8f8c00abbbb2,apples,50,high,3,0.0,0.5,1,0,0.1625098
35589abc-155b-52b6-99e4-8f8c00abbbb2,basketball,50,low,0,0.71,0.5,0,1,0.505161
35589abc-155b-52b6-99e4-8f8c00abbbb2,basketball,50,low,1,0.29,0.5,0,1,0.31404844
35589abc-155b-52b6-99e4-8f8c00abbbb2,basketball,50,low,2,0.0,0.5,0,1,0.096867114
35589abc-155b-52b6-99e4-8f8c00abbbb2,basketball,50,low,3,0.0,0.5,0,1,0.083923474
35589abc-155b-52b6-99e4-8f8c00abbbb2,birthday,100,low,0,0.0,1.0,0,2,0.18114941
35589abc-155b-52b6-99e4-8f8c00abbbb2,birthday,100,low,1,0.38,1.0,0,2,0.26089072
35589abc-155b-52b6-99e4-8f8c00abbbb2,birthday,100,low,2,0.61,1.0,0,2,0.30576038
35589abc-155b-52b6-99e4-8f8c00abbbb2,birthday,100,low,3,0.01,1.0,0,2,0.2521995
35589abc-155b-52b6-99e4-8f8c00abbbb2,brunch,100,high,0,0.04,1.0,1,3,0.23770595
35589abc-155b-52b6-99e4-8f8c00abbbb2,brunch,100,high,1,0.15,1.0,1,3,0.22106798
35589abc-155b-52b6-99e4-8f8c00abbbb2,brunch,100,high,2,0.28,1.0,1,3,0.2566543
35589abc-155b-52b6-99e4-8f8c00abbbb2,brunch,100,high,3,0.53,1.0,1,3,0.2845718
35589abc-155b-52b6-99e4-8f8c00abbbb2,cooking,100,high,0,0.0,1.0,1,4,0.08743349
35589abc-155b-52b6-99e4-8f8c00abbbb2,cooking,100,high,1,0.96,1.0,1,4,0.30014092
35589abc-155b-52b6-99e4-8f8c00abbbb2,cooking,100,high,2,0.04,1.0,1,4,0.2935727
35589abc-155b-52b6-99e4-8f8c00abbbb2,cooking,100,high,3,0.0,1.0,1,4,0.3188529
35589abc-155b-52b6-99e4-8f8c00abbbb2,dip,75,low,0,0.1,0.75,0,5,0.65482223
35589abc-155b-52b6-99e4-8f8c00abbbb2,dip,75,low,1,0.9,0.75,0,5,0.18098444
35589abc-155b-52b6-99e4-8f8c00abbbb2,dip,75,low,2,0.0,0.75,0,5,0.110844776
35589abc-155b-52b6-99e4-8f8c00abbbb2,dip,75,low,3,0.0,0.75,0,5,0.05334865
35589abc-155b-52b6-99e4-8f8c00abbbb2,drinks,50,high,0,0.02,0.5,1,6,0.35946196
35589abc-155b-52b6-99e4-8f8c00abbbb2,drinks,50,high,1,0.98,0.5,1,6,0.3741043
35589abc-155b-52b6-99e4-8f8c00abbbb2,drinks,50,high,2,0.0,0.5,1,6,0.167113
35589abc-155b-52b6-99e4-8f8c00abbbb2,drinks,50,high,3,0.0,0.5,1,6,0.09932076
35589abc-155b-52b6-99e4-8f8c00abbbb2,driving,50,low,0,0.93,0.5,0,7,0.41526043
35589abc-155b-52b6-99e4-8f8c00abbbb2,driving,50,low,1,0.07,0.5,0,7,0.34533665
35589abc-155b-52b6-99e4-8f8c00abbbb2,driving,50,low,2,0.0,0.5,0,7,0.1814718
35589abc-155b-52b6-99e4-8f8c00abbbb2,driving,50,low,3,0.0,0.5,0,7,0.05793105
35589abc-155b-52b6-99e4-8f8c00abbbb2,fair,75,high,0,0.08,0.75,1,8,0.19342518
35589abc-155b-52b6-99e4-8f8c00abbbb2,fair,75,high,1,0.59,0.75,1,8,0.376359
35589abc-155b-52b6-99e4-8f8c00abbbb2,fair,75,high,2,0.23,0.75,1,8,0.23236895
35589abc-155b-52b6-99e4-8f8c00abbbb2,fair,75,high,3,0.1,0.75,1,8,0.1978469
35589abc-155b-52b6-99e4-8f8c00abbbb2,gala,0,high,0,0.38,0.0,1,9,0.36991814
35589abc-155b-52b6-99e4-8f8c00abbbb2,gala,0,high,1,0.61,0.0,1,9,0.39267284
35589abc-155b-52b6-99e4-8f8c00abbbb2,gala,0,high,2,0.01,0.0,1,9,0.15431948
35589abc-155b-52b6-99e4-8f8c00abbbb2,gala,0,high,3,0.0,0.0,1,9,0.083089605
35589abc-155b-52b6-99e4-8f8c00abbbb2,hike,100,low,0,0.99,1.0,0,10,0.28530428
35589abc-155b-52b6-99e4-8f8c00abbbb2,hike,100,low,1,0.01,1.0,0,10,0.2372631
35589abc-155b-52b6-99e4-8f8c00abbbb2,hike,100,low,2,0.0,1.0,0,10,0.26501876
35589abc-155b-52b6-99e4-8f8c00abbbb2,hike,100,low,3,0.0,1.0,0,10,0.21241388
35589abc-155b-52b6-99e4-8f8c00abbbb2,oysters,0,low,0,0.91,0.0,0,11,0.64080536
35589abc-155b-52b6-99e4-8f8c00abbbb2,oysters,0,low,1,0.09,0.0,0,11,0.12204299
35589abc-155b-52b6-99e4-8f8c00abbbb2,oysters,0,low,2,0.0,0.0,0,11,0.21212909
35589abc-155b-52b6-99e4-8f8c00abbbb2,oysters,0,low,3,0.0,0.0,0,11,0.025022497
35589abc-155b-52b6-99e4-8f8c00abbbb2,social,0,low,0,1.0,0.0,0,12,0.82478136
35589abc-155b-52b6-99e4-8f8c00abbbb2,social,0,low,1,0.0,0.0,0,12,0.042306297
35589abc-155b-52b6-99e4-8f8c00abbbb2,social,0,low,2,0.0,0.0,0,12,0.10070582
35589abc-155b-52b6-99e4-8f8c00abbbb2,social,0,low,3,0.0,0.0,0,12,0.032206487
35589abc-155b-52b6-99e4-8f8c00abbbb2,soup,75,low,0,1.0,0.75,0,13,0.25817782
35589abc-155b-52b6-99e4-8f8c00abbbb2,soup,75,low,1,0.0,0.75,0,13,0.36900678
35589abc-155b-52b6-99e4-8f8c00abbbb2,soup,75,low,2,0.0,0.75,0,13,0.19745578
35589abc-155b-52b6-99e4-8f8c00abbbb2,soup,75,low,3,0.0,0.75,0,13,0.17535962
35589abc-155b-52b6-99e4-8f8c00abbbb2,takeout,75,high,0,0.09,0.75,1,14,0.2439953
35589abc-155b-52b6-99e4-8f8c00abbbb2,takeout,75,high,1,0.91,0.75,1,14,0.45767552
35589abc-155b-52b6-99e4-8f8c00abbbb2,takeout,75,high,2,0.0,0.75,1,14,0.2510497
35589abc-155b-52b6-99e4-8f8c00abbbb2,takeout,75,high,3,0.0,0.75,1,14,0.047279578
35589abc-155b-52b6-99e4-8f8c00abbbb2,wedding,0,high,0,0.1,0.0,1,15,0.3970557
35589abc-155b-52b6-99e4-8f8c00abbbb2,wedding,0,high,1,0.48,0.0,1,15,0.35221374
35589abc-155b-52b6-99e4-8f8c00abbbb2,wedding,0,high,2,0.42,0.0,1,15,0.17262787
35589abc-155b-52b6-99e4-8f8c00abbbb2,wedding,0,high,3,0.0,0.0,1,15,0.07810264
35b4b271-a254-561e-bced-73c2746d903f,apples,50,low,0,0.29,0.5,0,0,0.56864893
35b4b271-a254-561e-bced-73c2746d903f,apples,50,low,1,0.26,0.5,0,0,0.24850366
35b4b271-a254-561e-bced-73c2746d903f,apples,50,low,2,0.25,0.5,0,0,0.09509347
35b4b271-a254-561e-bced-73c2746d903f,apples,50,low,3,0.2,0.5,0,0,0.08775395
35b4b271-a254-561e-bced-73c2746d903f,basketball,0,low,0,0.31,0.0,0,1,0.59798855
35b4b271-a254-561e-bced-73c2746d903f,basketball,0,low,1,0.26,0.0,0,1,0.33563203
35b4b271-a254-561e-bced-73c2746d903f,basketball,0,low,2,0.22,0.0,0,1,0.03724604
35b4b271-a254-561e-bced-73c2746d903f,basketball,0,low,3,0.21,0.0,0,1,0.02913338
35b4b271-a254-561e-bced-73c2746d903f,birthday,75,low,0,0.34,0.75,0,2,0.25470307
35b4b271-a254-561e-bced-73c2746d903f,birthday,75,low,1,0.26,0.75,0,2,0.36682245
35b4b271-a254-561e-bced-73c2746d903f,birthday,75,low,2,0.23,0.75,0,2,0.24243777
35b4b271-a254-561e-bced-73c2746d903f,birthday,75,low,3,0.17,0.75,0,2,0.13603675
35b4b271-a254-561e-bced-73c2746d903f,brunch,75,low,0,0.28,0.75,0,3,0.27379805
35b4b271-a254-561e-bced-73c2746d903f,brunch,75,low,1,0.26,0.75,0,3,0.2753374
35b4b271-a254-561e-bced-73c2746d903f,brunch,75,low,2,0.24,0.75,0,3,0.262078
35b4b271-a254-561e-bced-73c2746d903f,brunch,75,low,3,0.22,0.75,0,3,0.18878654
35b4b271-a254-561e-bced-73c2746d903f,cooking,100,low,0,0.32,1.0,0,4,0.56390643
35b4b271-a254-561e-bced-73c2746d903f,cooking,100,low,1,0.24,1.0,0,4,0.1621197
35b4b271-a254-561e-bced-73c2746d903f,cooking,100,low,2,0.23,1.0,0,4,0.14098814
35b4b271-a254-561e-bced-73c2746d903f,cooking,100,low,3,0.21,1.0,0,4,0.13298574
35b4b271-a254-561e-bced-73c2746d903f,dip,0,low,0,0.26,0.0,0,5,0.7331288
35b4b271-a254-561e-bced-73c2746d903f,dip,0,low,1,0.27,0.0,0,5,0.20262736
35b4b271-a254-561e-bced-73c2746d903f,dip,0,low,2,0.26,0.0,0,5,0.055230852
35b4b271-a254-561e-bced-73c2746d903f,dip,0,low,3,0.21,0.0,0,5,0.00901291
35b4b271-a254-561e-bced-73c2746d903f,drinks,75,high,0,0.31,0.75,1,6,0.27833256
35b4b271-a254-561e-bced-73c2746d903f,drinks,75,high,1,0.28,0.75,1,6,0.35063356
35b4b271-a254-561e-bced-73c2746d903f,drinks,75,high,2,0.21,0.75,1,6,0.21363103
35b4b271-a254-561e-bced-73c2746d903f,drinks,75,high,3,0.2,0.75,1,6,0.15740284
35b4b271-a254-561e-bced-73c2746d903f,driving,100,high,0,0.24,1.0,1,7,0.09397328
35b4b271-a254-561e-bced-73c2746d903f,driving,100,high,1,0.34,1.0,1,7,0.28471178
35b4b271-a254-561e-bced-73c2746d903f,driving,100,high,2,0.23,1.0,1,7,0.3065041
35b4b271-a254-561e-bced-73c2746d903f,driving,100,high,3,0.19,1.0,1,7,0.31481075
35b4b271-a254-561e-bced-73c2746d903f,fair,100,low,0,0.37,1.0,0,8,0.37053174
35b4b271-a254-561e-bced-73c2746d903f,fair,100,low,1,0.21,1.0,0,8,0.2363968
35b4b271-a254-561e-bced-73c2746d903f,fair,100,low,2,0.23,1.0,0,8,0.2622352
35b4b271-a254-561e-bced-73c2746d903f,fair,100,low,3,0.19,1.0,0,8,0.1308363
35b4b271-a254-561e-bced-73c2746d903f,gala,50,low,0,0.85,0.5,0,9,0.79520184
35b4b271-a254-561e-bced-73c2746d903f,gala,50,low,1,0.05,0.5,0,9,0.10983461
35b4b271-a254-561e-bced-73c2746d903f,gala,50,low,2,0.05,0.5,0,9,0.059997436
35b4b271-a254-561e-bced-73c2746d903f,gala,50,low,3,0.05,0.5,0,9,0.034966037
35b4b271-a254-561e-bced-73c2746d903f,hike,75,high,0,0.36,0.75,1,10,0.16673161
35b4b271-a254-561e-bced-73c2746d903f,hike,75,high,1,0.29,0.75,1,10,0.44192556
35b4b271-a254-561e-bced-73c2746d903f,hike,75,high,2,0.2,0.75,1,10,0.22072983
35b4b271-a254-561e-bced-73c2746d903f,hike,75,high,3,0.15,0.75,1,10,0.17061298
35b4b271-a254-561e-bced-73c2746d903f,oysters,0,high,0,0.33,0.0,1,11,0.36713034
35b4b271-a254-561e-bced-73c2746d903f,oysters,0,high,1,0.28,0.0,1,11,0.251757
35b4b271-a254-561e-bced-73c2746d903f,oysters,0,high,2,0.22,0.0,1,11,0.32237086
35b4b271-a254-561e-bced-73c2746d903f,oysters,0,high,3,0.17,0.0,1,11,0.058741804
35b4b271-a254-561e-bced-73c2746d903f,social,50,high,0,0.32,0.5,1,12,0.4027943
35b4b271-a254-561e-bced-73c2746d903f,social,50,high,1,0.24,0.5,1,12,0.17468879
35b4b271-a254-561e-bced-73c2746d903f,social,50,high,2,0.23,0.5,1,12,0.26985493
35b4b271-a254-561e-bced-73c2746d903f,social,50,high,3,0.21,0.5,1,12,0.15266201
35b4b271-a254-561e-bced-73c2746d903f,soup,100,high,0,0.29,1.0,1,13,0.14633904
35b4b271-a254-561e-bced-73c2746d903f,soup,100,high,1,0.26,1.0,1,13,0.24083959
35b4b271-a254-561e-bced-73c2746d903f,soup,100,high,2,0.24,1.0,1,13,0.26933384
35b4b271-a254-561e-bced-73c2746d903f,soup,100,high,3,0.21,1.0,1,13,0.34348753
35b4b271-a254-561e-bced-73c2746d903f,takeout,50,high,0,0.31,0.5,1,14,0.30358016
35b4b271-a254-561e-bced-73c2746d903f,takeout,50,high,1,0.29,0.5,1,14,0.49050692
35b4b271-a254-561e-bced-73c2746d903f,takeout,50,high,2,0.23,0.5,1,14,0.17717181
35b4b271-a254-561e-bced-73c2746d903f,takeout,50,high,3,0.17,0.5,1,14,0.028741147
35b4b271-a254-561e-bced-73c2746d903f,wedding,0,high,0,0.37,0.0,1,15,0.3970557
35b4b271-a254-561e-bced-73c2746d903f,wedding,0,high,1,0.24,0.0,1,15,0.35221374
35b4b271-a254-561e-bced-73c2746d903f,wedding,0,high,2,0.21,0.0,1,15,0.17262787
35b4b271-a254-561e-bced-73c2746d903f,wedding,0,high,3,0.18,0.0,1,15,0.07810264
385fc83d-766b-52b3-81ef-f6075ee14f82,apples,50,high,0,0.16,0.5,1,0,0.25700086
385fc83d-766b-52b3-81ef-f6075ee14f82,apples,50,high,1,0.28,0.5,1,0,0.4043876
385fc83d-766b-52b3-81ef-f6075ee14f82,apples,50,high,2,0.5,0.5,1,0,0.17610174
385fc83d-766b-52b3-81ef-f6075ee14f82,apples,50,high,3,0.06,0.5,1,0,0.1625098
385fc83d-766b-52b3-81ef-f6075ee14f82,basketball,75,high,0,0.06,0.75,1,1,0.20223837
385fc83d-766b-52b3-81ef-f6075ee14f82,basketball,75,high,1,0.09,0.75,1,1,0.38436523
385fc83d-766b-52b3-81ef-f6075ee14f82,basketball,75,high,2,0.57,0.75,1,1,0.2153484
385fc83d-766b-52b3-81ef-f6075ee14f82,basketball,75,high,3,0.28,0.75,1,1,0.19804801
385fc83d-766b-52b3-81ef-f6075ee14f82,birthday,0,low,0,0.56,0.0,0,2,0.3523034
385fc83d-766b-52b3-81ef-f6075ee14f82,birthday,0,low,1,0.4,0.0,0,2,0.507386
385fc83d-766b-52b3-81ef-f6075ee14f82,birthday,0,low,2,0.04,0.0,0,2,0.110791706
385fc83d-766b-52b3-81ef-f6075ee14f82,birthday,0,low,3,0.0,0.0,0,2,0.029518887
385fc83d-766b-52b3-81ef-f6075ee14f82,brunch,100,high,0,0.13,1.0,1,3,0.23770595
385fc83d-766b-52b3-81ef-f6075ee14f82,brunch,100,high,1,0.22,1.0,1,3,0.22106798
385fc83d-766b-52b3-81ef-f6075ee14f82,brunch,100,high,2,0.29,1.0,1,3,0.2566543
385fc83d-766b-52b3-81ef-f6075ee14f82,brunch,100,high,3,0.36,1.0,1,3,0.2845718
385fc83d-766b-52b3-81ef-f6075ee14f82,cooking,0,low,0,0.49,0.0,0,4,0.8578861
385fc83d-766b-52b3-81ef-f6075ee14f82,cooking,0,low,1,0.29,0.0,0,4,0.09232124
385fc83d-766b-52b3-81ef-f6075ee14f82,cooking,0,low,2,0.15,0.0,0,4,0.03482614
385fc83d-766b-52b3-81ef-f6075ee14f82,cooking,0,low,3,0.07,0.0,0,4,0.014966578
385fc83d-766b-52b3-81ef-f6075ee14f82,dip,75,low,0,0.08,0.75,0,5,0.65482223
385fc83d-766b-52b3-81ef-f6075ee14f82,dip,75,low,1,0.56,0.75,0,5,0.18098444
385fc83d-766b-52b3-81ef-f6075ee14f82,dip,75,low,2,0.29,0.75,0,5,0.110844776
385fc83d-766b-52b3-81ef-f6075ee14f82,dip,75,low,3,0.07,0.75,0,5,0.05334865
385fc83d-766b-52b3-81ef-f6075ee14f82,drinks,50,low,0,0.87,0.5,0,6,0.7762677
385fc83d-766b-52b3-81ef-f6075ee14f82,drinks,50,low,1,0.1,0.5,0,6,0.13067015
385fc83d-766b-52b3-81ef-f6075ee14f82,drinks,50,low,2,0.03,0.5,0,6,0.05837057
385fc83d-766b-52b3-81ef-f6075ee14f82,drinks,50,low,3,0.0,0.5,0,6,0.034691554
385fc83d-766b-52b3-81ef-f6075ee14f82,driving,100,high,0,0.03,1.0,1,7,0.09397328
385fc83d-766b-52b3-81ef-f6075ee14f82,driving,100,high,1,0.19,1.0,1,7,0.28471178
385fc83d-766b-52b3-81ef-f6075ee14f82,driving,100,high,2,0.41,1.0,1,7,0.3065041
385fc83d-766b-52b3-81ef-f6075ee14f82,driving,100,high,3,0.37,1.0,1,7,0.31481075
385fc83d-766b-52b3-81ef-f6075ee14f82,fair,75,low,0,0.03,0.75,0,8,0.49065667
385fc83d-766b-52b3-81ef-f6075ee14f82,fair,75,low,1,0.61,0.75,0,8,0.28788748
385fc83d-766b-52b3-81ef-f6075ee14f82,fair,75,low,2,0.25,0.75,0,8,0.15803565
385fc83d-766b-52b3-81ef-f6075ee14f82,fair,75,low,3,0.11,0.75,0,8,0.06342018
385fc83d-766b-52b3-81ef-f6075ee14f82,gala,75,high,0,0.11,0.75,1,9,0.15333995
385fc83d-766b-52b3-81ef-f6075ee14f82,gala,75,high,1,0.44,0.75,1,9,0.36573878
385fc83d-766b-52b3-81ef-f6075ee14f82,gala,75,high,2,0.27,0.75,1,9,0.25414434
385fc83d-766b-52b3-81ef-f6075ee14f82,gala,75,high,3,0.18,0.75,1,9,0.22677697
385fc83d-766b-52b3-81ef-f6075ee14f82,hike,100,low,0,0.79,1.0,0,10,0.28530428
385fc83d-766b-52b3-81ef-f6075ee14f82,hike,100,low,1,0.05,1.0,0,10,0.2372631
385fc83d-766b-52b3-81ef-f6075ee14f82,hike,100,low,2,0.1,1.0,0,10,0.26501876
385fc83d-766b-52b3-81ef-f6075ee14f82,hike,100,low,3,0.06,1.0,0,10,0.21241388
385fc83d-766b-52b3-81ef-f6075ee14f82,oysters,50,low,0,0.8,0.5,0,11,0.5016542
385fc83d-766b-52b3-81ef-f6075ee14f82,oysters,50,low,1,0.12,0.5,0,11,0.17642859
385fc83d-766b-52b3-81ef-f6075ee14f82,oysters,50,low,2,0.04,0.5,0,11,0.2551191
385fc83d-766b-52b3-81ef-f6075ee14f82,oysters,50,low,3,0.04,0.5,0,11,0.066798165
385fc83d-766b-52b3-81ef-f6075ee14f82,social,100,low,0,0.85,1.0,0,12,0.28530437
385fc83d-766b-52b3-81ef-f6075ee14f82,social,100,low,1,0.03,1.0,0,12,0.23726287
385fc83d-766b-52b3-81ef-f6075ee14f82,social,100,low,2,0.09,1.0,0,12,0.26501882
385fc83d-766b-52b3-81ef-f6075ee14f82,social,100,low,3,0.03,1.0,0,12,0.21241392
385fc83d-766b-52b3-81ef-f6075ee14f82,soup,50,high,0,0.14,0.5,1,13,0.2746141
385fc83d-766b-52b3-81ef-f6075ee14f82,soup,50,high,1,0.57,0.5,1,13,0.4519501
385fc83d-766b-52b3-81ef-f6075ee14f82,soup,50,high,2,0.24,0.5,1,13,0.15815441
385fc83d-766b-52b3-81ef-f6075ee14f82,soup,50,high,3,0.05,0.5,1,13,0.11528138
385fc83d-766b-52b3-81ef-f6075ee14f82,takeout,0,high,0,0.49,0.0,1,14,0.39998376
385fc83d-766b-52b3-81ef-f6075ee14f82,takeout,0,high,1,0.51,0.0,1,14,0.5005222
385fc83d-766b-52b3-81ef-f6075ee14f82,takeout,0,high,2,0.0,0.0,1,14,0.088389106
385fc83d-766b-52b3-81ef-f6075ee14f82,takeout,0,high,3,0.0,0.0,1,14,0.011104971
385fc83d-766b-52b3-81ef-f6075ee14f82,wedding,0,high,0,0.65,0.0,1,15,0.3970557
385fc83d-766b-52b3-81ef-f6075ee14f82,wedding,0,high,1,0.11,0.0,1,15,0.35221374
385fc83d-766b-52b3-81ef-f6075ee14f82,wedding,0,high,2,0.24,0.0,1,15,0.17262787
385fc83d-766b-52b3-81ef-f6075ee14f82,wedding,0,high,3,0.0,0.0,1,15,0.07810264
395e2182-0568-546e-9c62-dafe12379160,apples,0,low,0,1.0,0.0,0,0,0.7356681
395e2182-0568-546e-9c62-dafe12379160,apples,0,low,1,0.0,0.0,0,0,0.1928364
395e2182-0568-546e-9c62-dafe12379160,apples,0,low,2,0.0,0.0,0,0,0.038202766
395e2182-0568-546e-9c62-dafe12379160,apples,0,low,3,0.0,0.0,0,0,0.033292685
395e2182-0568-546e-9c62-dafe12379160,basketball,50,low,0,0.96,0.5,0,1,0.505161
395e2182-0568-546e-9c62-dafe12379160,basketball,50,low,1,0.04,0.5,0,1,0.31404844
395e2182-0568-546e-9c62-dafe12379160,basketball,50,low,2,0.0,0.5,0,1,0.096867114
395e2182-0568-546e-9c62-dafe12379160,basketball,50,low,3,0.0,0.5,0,1,0.083923474
395e2182-0568-546e-9c62-dafe12379160,birthday,75,low,0,0.05,0.75,0,2,0.25470307
395e2182-0568-546e-9c62-dafe12379160,birthday,75,low,1,0.92,0.75,0,2,0.36682245
395e2182-0568-546e-9c62-dafe12379160,birthday,75,low,2,0.03,0.75,0,2,0.24243777
395e2182-0568-546e-9c62-dafe12379160,birthday,75,low,3,0.0,0.75,0,2,0.13603675
395e2182-0568-546e-9c62-dafe12379160,brunch,75,low,0,0.14,0.75,0,3,0.27379805
395e2182-0568-546e-9c62-dafe12379160,brunch,75,low,1,0.47,0.75,0,3,0.2753374
395e2182-0568-546e-9c62-dafe12379160,brunch,75,low,2,0.24,0.75,0,3,0.262078
395e2182-0568-546e-9c62-dafe12379160,brunch,75,low,3,0.15,0.75,0,3,0.18878654
395e2182-0568-546e-9c62-dafe12379160,cooking,75,high,0,0.0,0.75,1,4,0.14785571
395e2182-0568-546e-9c62-dafe12379160,cooking,75,high,1,0.99,0.75,1,4,0.3630791
395e2182-0568-546e-9c62-dafe12379160,cooking,75,high,2,0.01,0.75,1,4,0.26713452
395e2182-0568-546e-9c62-dafe12379160,cooking,75,high,3,0.0,0.75,1,4,0.22193062
395e2182-0568-546e-9c62-dafe12379160,dip,0,high,0,0.0,0.0,1,5,0.17585786
395e2182-0568-546e-9c62-dafe12379160,dip,0,high,1,1.0,0.0,1,5,0.6451156
395e2182-0568-546e-9c62-dafe12379160,dip,0,high,2,0.0,0.0,1,5,0.1563427
395e2182-0568-546e-9c62-dafe12379160,dip,0,high,3,0.0,0.0,1,5,0.022683876
395e2182-0568-546e-9c62-dafe12379160,drinks,100,low,0,0.88,1.0,0,6,0.56589127
395e2182-0568-546e-9c62-dafe12379160,drinks,100,low,1,0.04,1.0,0,6,0.15074226
395e2182-0568-546e-9c62-dafe12379160,drinks,100,low,2,0.04,1.0,0,6,0.14196308
395e2182-0568-546e-9c62-dafe12379160,drinks,100,low,3,0.04,1.0,0,6,0.14140333
395e2182-0568-546e-9c62-dafe12379160,driving,50,high,0,0.0,0.5,1,7,0.16074733
395e2182-0568-546e-9c62-dafe12379160,driving,50,high,1,1.0,0.5,1,7,0.4870178
395e2182-0568-546e-9c62-dafe12379160,driving,50,high,2,0.0,0.5,1,7,0.25592417
395e2182-0568-546e-9c62-dafe12379160,driving,50,high,3,0.0,0.5,1,7,0.09631069
395e2182-0568-546e-9c62-dafe12379160,fair,0,low,0,0.0,0.0,0,8,0.62978035
395e2182-0568-546e-9c62-dafe12379160,fair,0,low,1,1.0,0.0,0,8,0.31427956
395e2182-0568-546e-9c62-dafe12379160,fair,0,low,2,0.0,0.0,0,8,0.04427682
395e2182-0568-546e-9c62-dafe12379160,fair,0,low,3,0.0,0.0,0,8,0.011663312
395e2182-0568-546e-9c62-dafe12379160,gala,0,high,0,0.22,0.0,1,9,0.36991814
395e2182-0568-546e-9c62-dafe12379160,gala,0,high,1,0.78,0.0,1,9,0.39267284
395e2182-0568-546e-9c62-dafe12379160,gala,0,high,2,0.0,0.0,1,9,0.15431948
395e2182-0568-546e-9c62-dafe12379160,gala,0,high,3,0.0,0.0,1,9,0.083089605
395e2182-0568-546e-9c62-dafe12379160,hike,50,low,0,1.0,0.5,0,10,0.51034856
395e2182-0568-546e-9c62-dafe12379160,hike,50,low,1,0.0,0.5,0,10,0.27600068
395e2182-0568-546e-9c62-dafe12379160,hike,50,low,2,0.0,0.5,0,10,0.1420938
395e2182-0568-546e-9c62-dafe12379160,hike,50,low,3,0.0,0.5,0,10,0.07155705
395e2182-0568-546e-9c62-dafe12379160,oysters,100,high,0,0.04,1.0,1,11,0.10516431
395e2182-0568-546e-9c62-dafe12379160,oysters,100,high,1,0.07,1.0,1,11,0.31489423
395e2182-0568-546e-9c62-dafe12379160,oysters,100,high,2,0.07,1.0,1,11,0.25911844
395e2182-0568-546e-9c62-dafe12379160,oysters,100,high,3,0.82,1.0,1,11,0.32082298
395e2182-0568-546e-9c62-dafe12379160,social,50,high,0,0.85,0.5,1,12,0.4027943
395e2182-0568-546e-9c62-dafe12379160,social,50,high,1,0.15,0.5,1,12,0.17468879
395e2182-0568-546e-9c62-dafe12379160,social,50,high,2,0.0,0.5,1,12,0.26985493
395e2182-0568-546e-9c62-dafe12379160,social,50,high,3,0.0,0.5,1,12,0.15266201
395e2182-0568-546e-9c62-dafe12379160,soup,100,high,0,0.02,1.0,1,13,0.14633904
395e2182-0568-546e-9c62-dafe12379160,soup,100,high,1,0.92,1.0,1,13,0.24083959
395e2182-0568-546e-9c62-dafe12379160,soup,100,high,2,0.0,1.0,1,13,0.26933384
395e2182-0568-546e-9c62-dafe12379160,soup,100,high,3,0.06,1.0,1,13,0.34348753
395e2182-0568-546e-9c62-dafe12379160,takeout,100,low,0,0.07,1.0,0,14,0.3651162
395e2182-0568-546e-9c62-dafe12379160,takeout,100,low,1,0.47,1.0,0,14,0.27645305
395e2182-0568-546e-9c62-dafe12379160,takeout,100,low,2,0.46,1.0,0,14,0.2725342
395e2182-0568-546e-9c62-dafe12379160,takeout,100,low,3,0.0,1.0,0,14,0.085896574
395e2182-0568-546e-9c62-dafe12379160,wedding,75,high,0,0.0,0.75,1,15,0.16501321
395e2182-0568-546e-9c62-dafe12379160,wedding,75,high,1,0.71,0.75,1,15,0.32890013
395e2182-0568-546e-9c62-dafe12379160,wedding,75,high,2,0.26,0.75,1,15,0.27954394
395e2182-0568-546e-9c62-dafe12379160,wedding,75,high,3,0.03,0.75,1,15,0.22654271
3a02a885-bd84-5399-8cd1-3f4a124d5162,apples,75,low,0,0.84,0.75,0,0,0.447258
3a02a885-bd84-5399-8cd1-3f4a124d5162,apples,75,low,1,0.03,0.75,0,0,0.26342416
3a02a885-bd84-5399-8cd1-3f4a124d5162,apples,75,low,2,0.08,0.75,0,0,0.14805049
3a02a885-bd84-5399-8cd1-3f4a124d5162,apples,75,low,3,0.05,0.75,0,0,0.1412674
3a02a885-bd84-5399-8cd1-3f4a124d5162,basketball,100,high,0,0.0,1.0,1,1,0.11880685
3a02a885-bd84-5399-8cd1-3f4a124d5162,basketball,100,high,1,0.31,1.0,1,1,0.24552351
3a02a885-bd84-5399-8cd1-3f4a124d5162,basketball,100,high,2,0.33,1.0,1,1,0.31783482
3a02a885-bd84-5399-8cd1-3f4a124d5162,basketball,100,high,3,0.36,1.0,1,1,0.3178348
3a02a885-bd84-5399-8cd1-3f4a124d5162,birthday,50,high,0,0.0,0.5,1,2,0.16706371
3a02a885-bd84-5399-8cd1-3f4a124d5162,birthday,50,high,1,0.54,0.5,1,2,0.5288051
3a02a885-bd84-5399-8cd1-3f4a124d5162,birthday,50,high,2,0.35,0.5,1,2,0.21500385
3a02a885-bd84-5399-8cd1-3f4a124d5162,birthday,50,high,3,0.11,0.5,1,2,0.08912745
3a02a885-bd84-5399-8cd1-3f4a124d5162,brunch,75,high,0,0.0,0.75,1,3,0.2549862
3a02a885-bd84-5399-8cd1-3f4a124d5162,brunch,75,high,1,0.2,0.75,1,3,0.28037846
3a02a885-bd84-5399-8cd1-3f4a124d5162,brunch,75,high,2,0.6,0.75,1,3,0.2631387
3a02a885-bd84-5399-8cd1-3f4a124d5162,brunch,75,high,3,0.2,0.75,1,3,0.20149668
3a02a885-bd84-5399-8cd1-3f4a124d5162,cooking,50,low,0,0.55,0.5,0,4,0.7692103
3a02a885-bd84-5399-8cd1-3f4a124d5162,cooking,50,low,1,0.2,0.5,0,4,0.12459549
3a02a885-bd84-5399-8cd1-3f4a124d5162,cooking,50,low,2,0.25,0.5,0,4,0.0665355
3a02a885-bd84-5399-8cd1-3f4a124d5162,cooking,50,low,3,0.0,0.5,0,4,0.039658718
3a02a885-bd84-5399-8cd1-3f4a124d5162,dip,75,low,0,1.0,0.75,0,5,0.65482223
3a02a885-bd84-5399-8cd1-3f4a124d5162,dip,75,low,1,0.0,0.75,0,5,0.18098444
3a02a885-bd84-5399-8cd1-3f4a124d5162,dip,75,low,2,0.0,0.75,0,5,0.110844776
3a02a885-bd84-5399-8cd1-3f4a124d5162,dip,75,low,3,0.0,0.75,0,5,0.05334865
3a02a885-bd84-5399-8cd1-3f4a124d5162,drinks,0,low,0,0.48,0.0,0,6,0.85738873
3a02a885-bd84-5399-8cd1-3f4a124d5162,drinks,0,low,1,0.36,0.0,0,6,0.10405775
3a02a885-bd84-5399-8cd1-3f4a124d5162,drinks,0,low,2,0.11,0.0,0,6,0.027316885
3a02a885-bd84-5399-8cd1-3f4a124d5162,drinks,0,low,3,0.05,0.0,0,6,0.011236587
3a02a885-bd84-5399-8cd1-3f4a124d5162,driving,100,low,0,0.48,1.0,0,7,0.28515202
3a02a885-bd84-5399-8cd1-3f4a124d5162,driving,100,low,1,0.42,1.0,0,7,0.23713657
3a02a885-bd84-5399-8cd1-3f4a124d5162,driving,100,low,2,0.1,1.0,0,7,0.25528738
3a02a885-bd84-5399-8cd1-3f4a124d5162,driving,100,low,3,0.0,1.0,0,7,0.22242402
3a02a885-bd84-5399-8cd1-3f4a124d5162,fair,0,high,0,0.1,0.0,1,8,0.32640508
3a02a885-bd84-5399-8cd1-3f4a124d5162,fair,0,high,1,0.31,0.0,1,8,0.540167
3a02a885-bd84-5399-8cd1-3f4a124d5162,fair,0,high,2,0.59,0.0,1,8,0.08559175
3a02a885-bd84-5399-8cd1-3f4a124d5162,fair,0,high,3,0.0,0.0,1,8,0.047836132
3a02a885-bd84-5399-8cd1-3f4a124d5162,gala,50,low,0,0.7,0.5,0,9,0.79520184
3a02a885-bd84-5399-8cd1-3f4a124d5162,gala,50,low,1,0.1,0.5,0,9,0.10983461
3a02a885-bd84-5399-8cd1-3f4a124d5162,gala,50,low,2,0.1,0.5,0,9,0.059997436
3a02a885-bd84-5399-8cd1-3f4a124d5162,gala,50,low,3,0.1,0.5,0,9,0.034966037
3a02a885-bd84-5399-8cd1-3f4a124d5162,hike,100,low,0,0.21,1.0,0,10,0.28530428
3a02a885-bd84-5399-8cd1-3f4a124d5162,hike,100,low,1,0.59,1.0,0,10,0.2372631
3a02a885-bd84-5399-8cd1-3f4a124d5162,hike,100,low,2,0.1,1.0,0,10,0.26501876
3a02a885-bd84-5399-8cd1-3f4a124d5162,hike,100,low,3,0.1,1.0,0,10,0.21241388
3a02a885-bd84-5399-8cd1-3f4a124d5162,oysters,75,high,0,0.0,0.75,1,11,0.17662722
3a02a885-bd84-5399-8cd1-3f4a124d5162,oysters,75,high,1,0.72,0.75,1,11,0.31998342
3a02a885-bd84-5399-8cd1-3f4a124d5162,oysters,75,high,2,0.02,0.75,1,11,0.30614635
3a02a885-bd84-5399-8cd1-3f4a124d5162,oysters,75,high,3,0.26,0.75,1,11,0.19724306
3a02a885-bd84-5399-8cd1-3f4a124d5162,social,50,high,0,0.7,0.5,1,12,0.4027943
3a02a885-bd84-5399-8cd1-3f4a124d5162,social,50,high,1,0.3,0.5,1,12,0.17468879
3a02a885-bd84-5399-8cd1-3f4a124d5162,social,50,high,2,0.0,0.5,1,12,0.26985493
3a02a885-bd84-5399-8cd1-3f4a124d5162,social,50,high,3,0.0,0.5,1,12,0.15266201
3a02a885-bd84-5399-8cd1-3f4a124d5162,soup,0,low,0,0.26,0.0,0,13,0.3659461
3a02a885-bd84-5399-8cd1-3f4a124d5162,soup,0,low,1,0.19,0.0,0,13,0.5230372
3a02a885-bd84-5399-8cd1-3f4a124d5162,soup,0,low,2,0.11,0.0,0,13,0.075403504
3a02a885-bd84-5399-8cd1-3f4a124d5162,soup,0,low,3,0.44,0.0,0,13,0.035613187
3a02a885-bd84-5399-8cd1-3f4a124d5162,takeout,0,high,0,0.42,0.0,1,14,0.39998376
3a02a885-bd84-5399-8cd1-3f4a124d5162,takeout,0,high,1,0.52,0.0,1,14,0.5005222
3a02a885-bd84-5399-8cd1-3f4a124d5162,takeout,0,high,2,0.06,0.0,1,14,0.088389106
3a02a885-bd84-5399-8cd1-3f4a124d5162,takeout,0,high,3,0.0,0.0,1,14,0.011104971
3a02a885-bd84-5399-8cd1-3f4a124d5162,wedding,100,high,0,0.0,1.0,1,15,0.08925787
3a02a885-bd84-5399-8cd1-3f4a124d5162,wedding,100,high,1,0.58,1.0,1,15,0.2704253
3a02a885-bd84-5399-8cd1-3f4a124d5162,wedding,100,high,2,0.3,1.0,1,15,0.30555892
3a02a885-bd84-5399-8cd1-3f4a124d5162,wedding,100,high,3,0.12,1.0,1,15,0.33475792
3dc581b8-0bb5-507e-812a-4777609450f5,apples,100,high,0,0.0,1.0,1,0,0.08853757
3dc581b8-0bb5-507e-812a-4777609450f5,apples,100,high,1,0.02,1.0,1,0,0.2854008
3dc581b8-0bb5-507e-812a-4777609450f5,apples,100,high,2,0.59,1.0,1,0,0.3130308
3dc581b8-0bb5-507e-812a-4777609450f5,apples,100,high,3,0.39,1.0,1,0,0.31303078
3dc581b8-0bb5-507e-812a-4777609450f5,basketball,50,low,0,1.0,0.5,0,1,0.505161
3dc581b8-0bb5-507e-812a-4777609450f5,basketball,50,low,1,0.0,0.5,0,1,0.31404844
3dc581b8-0bb5-507e-812a-4777609450f5,basketball,50,low,2,0.0,0.5,0,1,0.096867114
3dc581b8-0bb5-507e-812a-4777609450f5,basketball,50,low,3,0.0,0.5,0,1,0.083923474
3dc581b8-0bb5-507e-812a-4777609450f5,birthday,100,low,0,0.0,1.0,0,2,0.18114941
3dc581b8-0bb5-507e-812a-4777609450f5,birthday,100,low,1,0.47,1.0,0,2,0.26089072
3dc581b8-0bb5-507e-812a-4777609450f5,birthday,100,low,2,0.26,1.0,0,2,0.30576038
3dc581b8-0bb5-507e-812a-4777609450f5,birthday,100,low,3,0.27,1.0,0,2,0.2521995
3dc581b8-0bb5-507e-812a-4777609450f5,brunch,0,low,0,0.88,0.0,0,3,0.2796343
3dc581b8-0bb5-507e-812a-4777609450f5,brunch,0,low,1,0.04,0.0,0,3,0.38874203
3dc581b8-0bb5-507e-812a-4777609450f5,brunch,0,low,2,0.04,0.0,0,3,0.24525556
3dc581b8-0bb5-507e-812a-4777609450f5,brunch,0,low,3,0.04,0.0,0,3,0.086368114
3dc581b8-0bb5-507e-812a-4777609450f5,cooking,75,high,0,0.0,0.75,1,4,0.14785571
3dc581b8-0bb5-507e-812a-4777609450f5,cooking,75,high,1,0.89,0.75,1,4,0.3630791
3dc581b8-0bb5-507e-812a-4777609450f5,cooking,75,high,2,0.11,0.75,1,4,0.26713452
3dc581b8-0bb5-507e-812a-4777609450f5,cooking,75,high,3,0.0,0.75,1,4,0.22193062
3dc581b8-0bb5-507e-812a-4777609450f5,dip,100,high,0,0.0,1.0,1,5,0.10021788
3dc581b8-0bb5-507e-812a-4777609450f5,dip,100,high,1,0.62,1.0,1,5,0.36763847
3dc581b8-0bb5-507e-812a-4777609450f5,dip,100,high,2,0.02,1.0,1,5,0.30430344
3dc581b8-0bb5-507e-812a-4777609450f5,dip,100,high,3,0.36,1.0,1,5,0.22784017
3dc581b8-0bb5-507e-812a-4777609450f5,drinks,50,high,0,0.74,0.5,1,6,0.35946196
3dc581b8-0bb5-507e-812a-4777609450f5,drinks,50,high,1,0.0,0.5,1,6,0.3741043
3dc581b8-0bb5-507e-812a-4777609450f5,drinks,50,high,2,0.0,0.5,1,6,0.167113
3dc581b8-0bb5-507e-812a-4777609450f5,drinks,50,high,3,0.26,0.5,1,6,0.09932076
3dc581b8-0bb5-507e-812a-4777609450f5,driving,0,high,0,0.9,0.0,1,7,0.19378443
3dc581b8-0bb5-507e-812a-4777609450f5,driving,0,high,1,0.1,0.0,1,7,0.58711064
3dc581b8-0bb5-507e-812a-4777609450f5,driving,0,high,2,0.0,0.0,1,7,0.18505675
3dc581b8-0bb5-507e-812a-4777609450f5,driving,0,high,3,0.0,0.0,1,7,0.034048196
3dc581b8-0bb5-507e-812a-4777609450f5,fair,75,low,0,0.0,0.75,0,8,0.49065667
3dc581b8-0bb5-507e-812a-4777609450f5,fair,75,low,1,0.36,0.75,0,8,0.28788748
3dc581b8-0bb5-507e-812a-4777609450f5,fair,75,low,2,0.5,0.75,0,8,0.15803565
3dc581b8-0bb5-507e-812a-4777609450f5,fair,75,low,3,0.14,0.75,0,8,0.06342018
3dc581b8-0bb5-507e-812a-4777609450f5,gala,75,high,0,0.0,0.75,1,9,0.15333995
3dc581b8-0bb5-507e-812a-4777609450f5,gala,75,high,1,0.21,0.75,1,9,0.36573878
3dc581b8-0bb5-507e-812a-4777609450f5,gala,75,high,2,0.21,0.75,1,9,0.25414434
3dc581b8-0bb5-507e-812a-4777609450f5,gala,75,high,3,0.58,0.75,1,9,0.22677697
3dc581b8-0bb5-507e-812a-4777609450f5,hike,0,high,0,0.0,0.0,1,10,0.31990948
3dc581b8-0bb5-507e-812a-4777609450f5,hike,0,high,1,0.95,0.0,1,10,0.5216798
3dc581b8-0bb5-507e-812a-4777609450f5,hike,0,high,2,0.05,0.0,1,10,0.108692184
3dc581b8-0bb5-507e-812a-4777609450f5,hike,0,high,3,0.0,0.0,1,10,0.049718577
3dc581b8-0bb5-507e-812a-4777609450f5,oysters,0,low,0,1.0,0.0,0,11,0.64080536
3dc581b8-0bb5-507e-812a-4777609450f5,oysters,0,low,1,0.0,0.0,0,11,0.12204299
3dc581b8-0bb5-507e-812a-4777609450f5,oysters,0,low,2,0.0,0.0,0,11,0.21212909
3dc581b8-0bb5-507e-812a-4777609450f5,oysters,0,low,3,0.0,0.0,0,11,0.025022497
3dc581b8-0bb5-507e-812a-4777609450f5,social,100,low,0,1.0,1.0,0,12,0.28530437
3dc581b8-0bb5-507e-812a-4777609450f5,social,100,low,1,0.0,1.0,0,12,0.23726287
3dc581b8-0bb5-507e-812a-4777609450f5,social,100,low,2,0.0,1.0,0,12,0.26501882
3dc581b8-0bb5-507e-812a-4777609450f5,social,100,low,3,0.0,1.0,0,12,0.21241392
3dc581b8-0bb5-507e-812a-4777609450f5,soup,50,high,0,0.07,0.5,1,13,0.2746141
3dc581b8-0bb5-507e-812a-4777609450f5,soup,50,high,1,0.31,0.5,1,13,0.4519501
3dc581b8-0bb5-507e-812a-4777609450f5,soup,50,high,2,0.0,0.5,1,13,0.15815441
3dc581b8-0bb5-507e-812a-4777609450f5,soup,50,high,3,0.62,0.5,1,13,0.11528138
3dc581b8-0bb5-507e-812a-4777609450f5,takeout,75,low,0,0.33,0.75,0,14,0.4908885
3dc581b8-0bb5-507e-812a-4777609450f5,takeout,75,low,1,0.34,0.75,0,14,0.3014709
3dc581b8-0bb5-507e-812a-4777609450f5,takeout,75,low,2,0.33,0.75,0,14,0.16536646
3dc581b8-0bb5-507e-812a-4777609450f5,takeout,75,low,3,0.0,0.75,0,14,0.042274114
3dc581b8-0bb5-507e-812a-4777609450f5,wedding,50,low,0,0.8,0.5,0,15,0.62692803
3dc581b8-0bb5-507e-812a-4777609450f5,wedding,50,low,1,0.0,0.5,0,15,0.19194227
3dc581b8-0bb5-507e-812a-4777609450f5,wedding,50,low,2,0.1,0.5,0,15,0.124107055
3dc581b8-0bb5-507e-812a-4777609450f5,wedding,50,low,3,0.1,0.5,0,15,0.057022646
403f2af4-82fc-5db9-a98b-7e75a165612b,apples,50,high,0,0.0,0.5,1,0,0.25700086
403f2af4-82fc-5db9-a98b-7e75a165612b,apples,50,high,1,0.5,0.5,1,0,0.4043876
403f2af4-82fc-5db9-a98b-7e75a165612b,apples,50,high,2,0.5,0.5,1,0,0.17610174
403f2af4-82fc-5db9-a98b-7e75a165612b,apples,50,high,3,0.0,0.5,1,0,0.1625098
403f2af4-82fc-5db9-a98b-7e75a165612b,basketball,100,low,0,1.0,1.0,0,1,0.27969223
403f2af4-82fc-5db9-a98b-7e75a165612b,basketball,100,low,1,0.0,1.0,0,1,0.20069663
403f2af4-82fc-5db9-a98b-7e75a165612b,basketball,100,low,2,0.0,1.0,0,1,0.25980562
403f2af4-82fc-5db9-a98b-7e75a165612b,basketball,100,low,3,0.0,1.0,0,1,0.25980556
403f2af4-82fc-5db9-a98b-7e75a165612b,birthday,50,high,0,0.0,0.5,1,2,0.16706371
403f2af4-82fc-5db9-a98b-7e75a165612b,birthday,50,high,1,0.5,0.5,1,2,0.5288051
403f2af4-82fc-5db9-a98b-7e75a165612b,birthday,50,high,2,0.5,0.5,1,2,0.21500385
403f2af4-82fc-5db9-a98b-7e75a165612b,birthday,50,high,3,0.0,0.5,1,2,0.08912745
403f2af4-82fc-5db9-a98b-7e75a165612b,brunch,75,low,0,1.0,0.75,0,3,0.27379805
403f2af4-82fc-5db9-a98b-7e75a165612b,brunch,75,low,1,0.0,0.75,0,3,0.2753374
403f2af4-82fc-5db9-a98b-7e75a165612b,brunch,75,low,2,0.0,0.75,0,3,0.262078
403f2af4-82fc-5db9-a98b-7e75a165612b,brunch,75,low,3,0.0,0.75,0,3,0.18878654
403f2af4-82fc-5db9-a98b-7e75a165612b,cooking,50,low,0,1.0,0.5,0,4,0.7692103
403f2af4-82fc-5db9-a98b-7e75a165612b,cooking,50,low,1,0.0,0.5,0,4,0.12459549
403f2af4-82fc-5db9-a98b-7e75a165612b,cooking,50,low,2,0.0,0.5,0,4,0.0665355
403f2af4-82fc-5db9-a98b-7e75a165612b,cooking,50,low,3,0.0,0.5,0,4,0.039658718
403f2af4-82fc-5db9-a98b-7e75a165612b,dip,75,low,0,0.0,0.75,0,5,0.65482223
403f2af4-82fc-5db9-a98b-7e75a165612b,dip,75,low,1,1.0,0.75,0,5,0.18098444
403f2af4-82fc-5db9-a98b-7e75a165612b,dip,75,low,2,0.0,0.75,0,5,0.110844776
403f2af4-82fc-5db9-a98b-7e75a165612b,dip,75,low,3,0.0,0.75,0,5,0.05334865
403f2af4-82fc-5db9-a98b-7e75a165612b,drinks,0,low,0,1.0,0.0,0,6,0.85738873
403f2af4-82fc-5db9-a98b-7e75a165612b,drinks,0,low,1,0.0,0.0,0,6,0.10405775
403f2af4-82fc-5db9-a98b-7e75a165612b,drinks,0,low,2,0.0,0.0,0,6,0.027316885
403f2af4-82fc-5db9-a98b-7e75a165612b,drinks,0,low,3,0.0,0.0,0,6,0.011236587
403f2af4-82fc-5db9-a98b-7e75a165612b,driving,100,low,0,0.0,1.0,0,7,0.28515202
403f2af4-82fc-5db9-a98b-7e75a165612b,driving,100,low,1,1.0,1.0,0,7,0.23713657
403f2af4-82fc-5db9-a98b-7e75a165612b,driving,100,low,2,0.0,1.0,0,7,0.25528738
403f2af4-82fc-5db9-a98b-7e75a165612b,driving,100,low,3,0.0,1.0,0,7,0.22242402
403f2af4-82fc-5db9-a98b-7e75a165612b,fair,0,high,0,0.0,0.0,1,8,0.32640508
403f2af4-82fc-5db9-a98b-7e75a165612b,fair,0,high,1,1.0,0.0,1,8,0.540167
403f2af4-82fc-5db9-a98b-7e75a165612b,fair,0,high,2,0.0,0.0,1,8,0.08559175
403f2af4-82fc-5db9-a98b-7e75a165612b,fair,0,high,3,0.0,0.0,1,8,0.047836132
403f2af4-82fc-5db9-a98b-7e75a165612b,gala,0,high,0,0.0,0.0,1,9,0.36991814
403f2af4-82fc-5db9-a98b-7e75a165612b,gala,0,high,1,1.0,0.0,1,9,0.39267284
403f2af4-82fc-5db9-a98b-7e75a165612b,gala,0,high,2,0.0,0.0,1,9,0.15431948
403f2af4-82fc-5db9-a98b-7e75a165612b,gala,0,high,3,0.0,0.0,1,9,0.083089605
403f2af4-82fc-5db9-a98b-7e75a165612b,hike,75,high,0,0.5,0.75,1,10,0.16673161
403f2af4-82fc-5db9-a98b-7e75a165612b,hike,75,high,1,0.5,0.75,1,10,0.44192556
403f2af4-82fc-5db9-a98b-7e75a165612b,hike,75,high,2,0.0,0.75,1,10,0.22072983
403f2af4-82fc-5db9-a98b-7e75a165612b,hike,75,high,3,0.0,0.75,1,10,0.17061298
403f2af4-82fc-5db9-a98b-7e75a165612b,oysters,75,high,0,0.0,0.75,1,11,0.17662722
403f2af4-82fc-5db9-a98b-7e75a165612b,oysters,75,high,1,1.0,0.75,1,11,0.31998342
403f2af4-82fc-5db9-a98b-7e75a165612b,oysters,75,high,2,0.0,0.75,1,11,0.30614635
403f2af4-82fc-5db9-a98b-7e75a165612b,oysters,75,high,3,0.0,0.75,1,11,0.19724306
403f2af4-82fc-5db9-a98b-7e75a165612b,social,50,low,0,1.0,0.5,0,12,0.6326194
403f2af4-82fc-5db9-a98b-7e75a165612b,social,50,low,1,0.0,0.5,0,12,0.10343386
403f2af4-82fc-5db9-a98b-7e75a165612b,social,50,low,2,0.0,0.5,0,12,0.17970979
403f2af4-82fc-5db9-a98b-7e75a165612b,social,50,low,3,0.0,0.5,0,12,0.08423695
403f2af4-82fc-5db9-a98b-7e75a165612b,soup,100,high,0,1.0,1.0,1,13,0.14633904
403f2af4-82fc-5db9-a98b-7e75a165612b,soup,100,high,1,0.0,1.0,1,13,0.24083959
403f2af4-82fc-5db9-a98b-7e75a165612b,soup,100,high,2,0.0,1.0,1,13,0.26933384
403f2af4-82fc-5db9-a98b-7e75a165612b,soup,100,high,3,0.0,1.0,1,13,0.34348753
403f2af4-82fc-5db9-a98b-7e75a165612b,takeout,0,low,0,0.5,0.0,0,14,0.66916895
403f2af4-82fc-5db9-a98b-7e75a165612b,takeout,0,low,1,0.5,0.0,0,14,0.27415937
403f2af4-82fc-5db9-a98b-7e75a165612b,takeout,0,low,2,0.0,0.0,0,14,0.048414838
403f2af4-82fc-5db9-a98b-7e75a165612b,takeout,0,low,3,0.0,0.0,0,14,0.008256775
403f2af4-82fc-5db9-a98b-7e75a165612b,wedding,100,high,0,0.5,1.0,1,15,0.08925787
403f2af4-82fc-5db9-a98b-7e75a165612b,wedding,100,high,1,0.0,1.0,1,15,0.2704253
403f2af4-82fc-5db9-a98b-7e75a165612b,wedding,100,high,2,0.5,1.0,1,15,0.30555892
403f2af4-82fc-5db9-a98b-7e75a165612b,wedding,100,high,3,0.0,1.0,1,15,0.33475792
47542b40-1fbb-5440-9d1c-10a6fca38e1f,apples,75,low,0,0.95,0.75,0,0,0.447258
47542b40-1fbb-5440-9d1c-10a6fca38e1f,apples,75,low,1,0.0,0.75,0,0,0.26342416
47542b40-1fbb-5440-9d1c-10a6fca38e1f,apples,75,low,2,0.0,0.75,0,0,0.14805049
47542b40-1fbb-5440-9d1c-10a6fca38e1f,apples,75,low,3,0.05,0.75,0,0,0.1412674
47542b40-1fbb-5440-9d1c-10a6fca38e1f,basketball,0,low,0,1.0,0.0,0,1,0.59798855
47542b40-1fbb-5440-9d1c-10a6fca38e1f,basketball,0,low,1,0.0,0.0,0,1,0.33563203
47542b40-1fbb-5440-9d1c-10a6fca38e1f,basketball,0,low,2,0.0,0.0,0,1,0.03724604
47542b40-1fbb-5440-9d1c-10a6fca38e1f,basketball,0,low,3,0.0,0.0,0,1,0.02913338
47542b40-1fbb-5440-9d1c-10a6fca38e1f,birthday,75,high,0,0.0,0.75,1,2,0.13972035
47542b40-1fbb-5440-9d1c-10a6fca38e1f,birthday,75,high,1,0.51,0.75,1,2,0.44225538
47542b40-1fbb-5440-9d1c-10a6fca38e1f,birthday,75,high,2,0.49,0.75,1,2,0.270476
47542b40-1fbb-5440-9d1c-10a6fca38e1f,birthday,75,high,3,0.0,0.75,1,2,0.14754832
47542b40-1fbb-5440-9d1c-10a6fca38e1f,brunch,50,high,0,0.0,0.5,1,3,0.26137137
47542b40-1fbb-5440-9d1c-10a6fca38e1f,brunch,50,high,1,0.58,0.5,1,3,0.3238393
47542b40-1fbb-5440-9d1c-10a6fca38e1f,brunch,50,high,2,0.4,0.5,1,3,0.26117304
47542b40-1fbb-5440-9d1c-10a6fca38e1f,brunch,50,high,3,0.02,0.5,1,3,0.15361626
47542b40-1fbb-5440-9d1c-10a6fca38e1f,cooking,0,high,0,0.0,0.0,1,4,0.32258898
47542b40-1fbb-5440-9d1c-10a6fca38e1f,cooking,0,high,1,1.0,0.0,1,4,0.41451508
47542b40-1fbb-5440-9d1c-10a6fca38e1f,cooking,0,high,2,0.0,0.0,1,4,0.17586832
47542b40-1fbb-5440-9d1c-10a6fca38e1f,cooking,0,high,3,0.0,0.0,1,4,0.08702758
47542b40-1fbb-5440-9d1c-10a6fca38e1f,dip,75,high,0,0.0,0.75,1,5,0.13296467
47542b40-1fbb-5440-9d1c-10a6fca38e1f,dip,75,high,1,1.0,0.75,1,5,0.4877666
47542b40-1fbb-5440-9d1c-10a6fca38e1f,dip,75,high,2,0.0,0.75,1,5,0.26560885
47542b40-1fbb-5440-9d1c-10a6fca38e1f,dip,75,high,3,0.0,0.75,1,5,0.11365985
47542b40-1fbb-5440-9d1c-10a6fca38e1f,drinks,75,low,0,0.89,0.75,0,6,0.7045375
47542b40-1fbb-5440-9d1c-10a6fca38e1f,drinks,75,low,1,0.0,0.75,0,6,0.1435551
47542b40-1fbb-5440-9d1c-10a6fca38e1f,drinks,75,low,2,0.06,0.75,0,6,0.08746405
47542b40-1fbb-5440-9d1c-10a6fca38e1f,drinks,75,low,3,0.05,0.75,0,6,0.06444328
47542b40-1fbb-5440-9d1c-10a6fca38e1f,driving,100,high,0,0.51,1.0,1,7,0.09397328
47542b40-1fbb-5440-9d1c-10a6fca38e1f,driving,100,high,1,0.0,1.0,1,7,0.28471178
47542b40-1fbb-5440-9d1c-10a6fca38e1f,driving,100,high,2,0.0,1.0,1,7,0.3065041
47542b40-1fbb-5440-9d1c-10a6fca38e1f,driving,100,high,3,0.49,1.0,1,7,0.31481075
47542b40-1fbb-5440-9d1c-10a6fca38e1f,fair,50,low,0,0.5,0.5,0,8,0.5556539
47542b40-1fbb-5440-9d1c-10a6fca38e1f,fair,50,low,1,0.5,0.5,0,8,0.30713385
47542b40-1fbb-5440-9d1c-10a6fca38e1f,fair,50,low,2,0.0,0.5,0,8,0.10212145
47542b40-1fbb-5440-9d1c-10a6fca38e1f,fair,50,low,3,0.0,0.5,0,8,0.035090752
47542b40-1fbb-5440-9d1c-10a6fca38e1f,gala,0,high,0,0.62,0.0,1,9,0.36991814
47542b40-1fbb-5440-9d1c-10a6fca38e1f,gala,0,high,1,0.38,0.0,1,9,0.39267284
47542b40-1fbb-5440-9d1c-10a6fca38e1f,gala,0,high,2,0.0,0.0,1,9,0.15431948
47542b40-1fbb-5440-9d1c-10a6fca38e1f,gala,0,high,3,0.0,0.0,1,9,0.083089605
47542b40-1fbb-5440-9d1c-10a6fca38e1f,hike,50,high,0,0.5,0.5,1,10,0.22081594
47542b40-1fbb-5440-9d1c-10a6fca38e1f,hike,50,high,1,0.5,0.5,1,10,0.48932368
47542b40-1fbb-5440-9d1c-10a6fca38e1f,hike,50,high,2,0.0,0.5,1,10,0.17706409
47542b40-1fbb-5440-9d1c-10a6fca38e1f,hike,50,high,3,0.0,0.5,1,10,0.11279631
47542b40-1fbb-5440-9d1c-10a6fca38e1f,oysters,100,low,0,1.0,1.0,0,11,0.28530428
47542b40-1fbb-5440-9d1c-10a6fca38e1f,oysters,100,low,1,0.0,1.0,0,11,0.237263
47542b40-1fbb-5440-9d1c-10a6fca38e1f,oysters,100,low,2,0.0,1.0,0,11,0.2650189
47542b40-1fbb-5440-9d1c-10a6fca38e1f,oysters,100,low,3,0.0,1.0,0,11,0.21241386
47542b40-1fbb-5440-9d1c-10a6fca38e1f,social,50,low,0,1.0,0.5,0,12,0.6326194
47542b40-1fbb-5440-9d1c-10a6fca38e1f,social,50,low,1,0.0,0.5,0,12,0.10343386
47542b40-1fbb-5440-9d1c-10a6fca38e1f,social,50,low,2,0.0,0.5,0,12,0.17970979
47542b40-1fbb-5440-9d1c-10a6fca38e1f,social,50,low,3,0.0,0.5,0,12,0.08423695
47542b40-1fbb-5440-9d1c-10a6fca38e1f,soup,0,low,0,1.0,0.0,0,13,0.3659461
47542b40-1fbb-5440-9d1c-10a6fca38e1f,soup,0,low,1,0.0,0.0,0,13,0.5230372
47542b40-1fbb-5440-9d1c-10a6fca38e1f,soup,0,low,2,0.0,0.0,0,13,0.075403504
47542b40-1fbb-5440-9d1c-10a6fca38e1f,soup,0,low,3,0.0,0.0,0,13,0.035613187
47542b40-1fbb-5440-9d1c-10a6fca38e1f,takeout,100,low,0,0.88,1.0,0,14,0.3651162
47542b40-1fbb-5440-9d1c-10a6fca38e1f,takeout,100,low,1,0.09,1.0,0,14,0.27645305
47542b40-1fbb-5440-9d1c-10a6fca38e1f,takeout,100,low,2,0.03,1.0,0,14,0.2725342
47542b40-1fbb-5440-9d1c-10a6fca38e1f,takeout,100,low,3,0.0,1.0,0,14,0.085896574
47542b40-1fbb-5440-9d1c-10a6fca38e1f,wedding,100,high,0,0.0,1.0,1,15,0.08925787
47542b40-1fbb-5440-9d1c-10a6fca38e1f,wedding,100,high,1,0.0,1.0,1,15,0.2704253
47542b40-1fbb-5440-9d1c-10a6fca38e1f,wedding,100,high,2,0.5,1.0,1,15,0.30555892
47542b40-1fbb-5440-9d1c-10a6fca38e1f,wedding,100,high,3,0.5,1.0,1,15,0.33475792
4a62653b-bf4f-50cc-9a42-b5bf7de627c0,apples,100,low,0,1.0,1.0,0,0,0.2761688
4a62653b-bf4f-50cc-9a42-b5bf7de627c0,apples,100,low,1,0.0,1.0,0,0,0.247245
4a62653b-bf4f-50cc-9a42-b5bf7de627c0,apples,100,low,2,0.0,1.0,0,0,0.23829313
4a62653b-bf4f-50cc-9a42-b5bf7de627c0,apples,100,low,3,0.0,1.0,0,0,0.23829311
4a62653b-bf4f-50cc-9a42-b5bf7de627c0,basketball,50,low,0,1.0,0.5,0,1,0.505161
4a62653b-bf4f-50cc-9a42-b5bf7de627c0,basketball,50,low,1,0.0,0.5,0,1,0.31404844
4a62653b-bf4f-50cc-9a42-b5bf7de627c0,basketball,50,low,2,0.0,0.5,0,1,0.096867114
4a62653b-bf4f-50cc-9a42-b5bf7de627c0,basketball,50,low,3,0.0,0.5,0,1,0.083923474
4a62653b-bf4f-50cc-9a42-b5bf7de627c0,birthday,100,low,0,0.58,1.0,0,2,0.18114941
4a62653b-bf4f-50cc-9a42-b5bf7de627c0,birthday,100,low,1,0.14,1.0,0,2,0.26089072
4a62653b-bf4f-50cc-9a42-b5bf7de627c0,birthday,100,low,2,0.14,1.0,0,2,0.30576038
4a62653b-bf4f-50cc-9a42-b5bf7de627c0,birthday,100,low,3,0.14,1.0,0,2,0.2521995
4a62653b-bf4f-50cc-9a42-b5bf7de627c0,brunch,75,low,0,0.0,0.75,0,3,0.27379805
4a62653b-bf4f-50cc-9a42-b5bf7de627c0,brunch,75,low,1,0.22,0.75,0,3,0.2753374
4a62653b-bf4f-50cc-9a42-b5bf7de627c0,brunch,75,low,2,0.21,0.75,0,3,0.262078
4a62653b-bf4f-50cc-9a42-b5bf7de627c0,brunch,75,low,3,0.57,0.75,0,3,0.18878654
4a62653b-bf4f-50cc-9a42-b5bf7de627c0,cooking,50,low,0,0.0,0.5,0,4,0.7692103
4a62653b-bf4f-50cc-9a42-b5bf7de627c0,cooking,50,low,1,0.48,0.5,0,4,0.12459549
4a62653b-bf4f-50cc-9a42-b5bf7de627c0,cooking,50,low,2,0.52,0.5,0,4,0.0665355
4a62653b-bf4f-50cc-9a42-b5bf7de627c0,cooking,50,low,3,0.0,0.5,0,4,0.039658718
4a62653b-bf4f-50cc-9a42-b5bf7de627c0,dip,100,high,0,0.2,1.0,1,5,0.10021788
4a62653b-bf4f-50cc-9a42-b5bf7de627c0,dip,100,high,1,0.35,1.0,1,5,0.36763847
4a62653b-bf4f-50cc-9a42-b5bf7de627c0,dip,100,high,2,0.45,1.0,1,5,0.30430344
4a62653b-bf4f-50cc-9a42-b5bf7de627c0,dip,100,high,3,0.0,1.0,1,5,0.22784017
4a62653b-bf4f-50cc-9a42-b5bf7de627c0,drinks,75,high,0,0.0,0.75,1,6,0.27833256
4a62653b-bf4f-50cc-9a42-b5bf7de627c0,drinks,75,high,1,0.24,0.75,1,6,0.35063356
4a62653b-bf4f-50cc-9a42-b5bf7de627c0,drinks,75,high,2,0.04,0.75,1,6,0.21363103
4a62653b-bf4f-50cc-9a42-b5bf7de627c0,drinks,75,high,3,0.72,0.75,1,6,0.15740284
4a62653b-bf4f-50cc-9a42-b5bf7de627c0,driving,0,low,0,0.56,0.0,0,7,0.46846104
4a62653b-bf4f-50cc-9a42-b5bf7de627c0,driving,0,low,1,0.44,0.0,0,7,0.38957903
4a62653b-bf4f-50cc-9a42-b5bf7de627c0,driving,0,low,2,0.0,0.0,0,7,0.12279496
4a62653b-bf4f-50cc-9a42-b5bf7de627c0,driving,0,low,3,0.0,0.0,0,7,0.019165
4a62653b-bf4f-50cc-9a42-b5bf7de627c0,fair,75,low,0,0.12,0.75,0,8,0.49065667
4a62653b-bf4f-50cc-9a42-b5bf7de627c0,fair,75,low,1,0.3,0.75,0,8,0.28788748
4a62653b-bf4f-50cc-9a42-b5bf7de627c0,fair,75,low,2,0.06,0.75,0,8,0.15803565
4a62653b-bf4f-50cc-9a42-b5bf7de627c0,fair,75,low,3,0.52,0.75,0,8,0.06342018
4a62653b-bf4f-50cc-9a42-b5bf7de627c0,gala,50,high,0,0.05,0.5,1,9,0.22198972
4a62653b-bf4f-50cc-9a42-b5bf7de627c0,gala,50,high,1,0.15,0.5,1,9,0.39286163
4a62653b-bf4f-50cc-9a42-b5bf7de627c0,gala,50,high,2,0.2,0.5,1,9,0.22126077
4a62653b-bf4f-50cc-9a42-b5bf7de627c0,gala,50,high,3,0.6,0.5,1,9,0.1638879
4a62653b-bf4f-50cc-9a42-b5bf7de627c0,hike,75,high,0,0.05,0.75,1,10,0.16673161
4a62653b-bf4f-50cc-9a42-b5bf7de627c0,hike,75,high,1,0.13,0.75,1,10,0.44192556
4a62653b-bf4f-50cc-9a42-b5bf7de627c0,hike,75,high,2,0.45,0.75,1,10,0.22072983
4a62653b-bf4f-50cc-9a42-b5bf7de627c0,hike,75,high,3,0.37,0.75,1,10,0.17061298
4a62653b-bf4f-50cc-9a42-b5bf7de627c0,oysters,100,high,0,0.2,1.0,1,11,0.10516431
4a62653b-bf4f-50cc-9a42-b5bf7de627c0,oysters,100,high,1,0.25,1.0,1,11,0.31489423
4a62653b-bf4f-50cc-9a42-b5bf7de627c0,oysters,100,high,2,0.5,1.0,1,11,0.25911844
4a62653b-bf4f-50cc-9a42-b5bf7de627c0,oysters,100,high,3,0.05,1.0,1,11,0.32082298
4a62653b-bf4f-50cc-9a42-b5bf7de627c0,social,50,high,0,0.36,0.5,1,12,0.4027943
4a62653b-bf4f-50cc-9a42-b5bf7de627c0,social,50,high,1,0.24,0.5,1,12,0.17468879
4a62653b-bf4f-50cc-9a42-b5bf7de627c0,social,50,high,2,0.4,0.5,1,12,0.26985493
4a62653b-bf4f-50cc-9a42-b5bf7de627c0,social,50,high,3,0.0,0.5,1,12,0.15266201
4a62653b-bf4f-50cc-9a42-b5bf7de627c0,soup,0,high,0,0.9,0.0,1,13,0.3310718
4a62653b-bf4f-50cc-9a42-b5bf7de627c0,soup,0,high,1,0.0,0.0,1,13,0.5448662
4a62653b-bf4f-50cc-9a42-b5bf7de627c0,soup,0,high,2,0.0,0.0,1,13,0.08330492
4a62653b-bf4f-50cc-9a42-b5bf7de627c0,soup,0,high,3,0.1,0.0,1,13,0.040757075
4a62653b-bf4f-50cc-9a42-b5bf7de627c0,takeout,0,low,0,0.45,0.0,0,14,0.66916895
4a62653b-bf4f-50cc-9a42-b5bf7de627c0,takeout,0,low,1,0.55,0.0,0,14,0.27415937
4a62653b-bf4f-50cc-9a42-b5bf7de627c0,takeout,0,low,2,0.0,0.0,0,14,0.048414838
4a62653b-bf4f-50cc-9a42-b5bf7de627c0,takeout,0,low,3,0.0,0.0,0,14,0.008256775
4a62653b-bf4f-50cc-9a42-b5bf7de627c0,wedding,0,high,0,0.42,0.0,1,15,0.3970557
4a62653b-bf4f-50cc-9a42-b5bf7de627c0,wedding,0,high,1,0.25,0.0,1,15,0.35221374
4a62653b-bf4f-50cc-9a42-b5bf7de627c0,wedding,0,high,2,0.16,0.0,1,15,0.17262787
4a62653b-bf4f-50cc-9a42-b5bf7de627c0,wedding,0,high,3,0.17,0.0,1,15,0.07810264
4f8633c4-b806-5812-9b42-61cd4cf17188,apples,100,low,0,0.34,1.0,0,0,0.2761688
4f8633c4-b806-5812-9b42-61cd4cf17188,apples,100,low,1,0.03,1.0,0,0,0.247245
4f8633c4-b806-5812-9b42-61cd4cf17188,apples,100,low,2,0.33,1.0,0,0,0.23829313
4f8633c4-b806-5812-9b42-61cd4cf17188,apples,100,low,3,0.3,1.0,0,0,0.23829311
4f8633c4-b806-5812-9b42-61cd4cf17188,basketball,50,low,0,0.67,0.5,0,1,0.505161
4f8633c4-b806-5812-9b42-61cd4cf17188,basketball,50,low,1,0.28,0.5,0,1,0.31404844
4f8633c4-b806-5812-9b42-61cd4cf17188,basketball,50,low,2,0.04,0.5,0,1,0.096867114
4f8633c4-b806-5812-9b42-61cd4cf17188,basketball,50,low,3,0.01,0.5,0,1,0.083923474
4f8633c4-b806-5812-9b42-61cd4cf17188,birthday,100,high,0,0.17,1.0,1,2,0.09661102
4f8633c4-b806-5812-9b42-61cd4cf17188,birthday,100,high,1,0.17,1.0,1,2,0.30580187
4f8633c4-b806-5812-9b42-61cd4cf17188,birthday,100,high,2,0.37,1.0,1,2,0.3316454
4f8633c4-b806-5812-9b42-61cd4cf17188,birthday,100,high,3,0.29,1.0,1,2,0.2659417
4f8633c4-b806-5812-9b42-61cd4cf17188,brunch,75,high,0,0.16,0.75,1,3,0.2549862
4f8633c4-b806-5812-9b42-61cd4cf17188,brunch,75,high,1,0.33,0.75,1,3,0.28037846
4f8633c4-b806-5812-9b42-61cd4cf17188,brunch,75,high,2,0.35,0.75,1,3,0.2631387
4f8633c4-b806-5812-9b42-61cd4cf17188,brunch,75,high,3,0.16,0.75,1,3,0.20149668
4f8633c4-b806-5812-9b42-61cd4cf17188,cooking,50,high,0,0.17,0.5,1,4,0.20437361
4f8633c4-b806-5812-9b42-61cd4cf17188,cooking,50,high,1,0.45,0.5,1,4,0.39527634
4f8633c4-b806-5812-9b42-61cd4cf17188,cooking,50,high,2,0.19,0.5,1,4,0.2374081
4f8633c4-b806-5812-9b42-61cd4cf17188,cooking,50,high,3,0.19,0.5,1,4,0.16294199
4f8633c4-b806-5812-9b42-61cd4cf17188,dip,100,high,0,0.11,1.0,1,5,0.10021788
4f8633c4-b806-5812-9b42-61cd4cf17188,dip,100,high,1,0.11,1.0,1,5,0.36763847
4f8633c4-b806-5812-9b42-61cd4cf17188,dip,100,high,2,0.41,1.0,1,5,0.30430344
4f8633c4-b806-5812-9b42-61cd4cf17188,dip,100,high,3,0.37,1.0,1,5,0.22784017
4f8633c4-b806-5812-9b42-61cd4cf17188,drinks,100,low,0,0.87,1.0,0,6,0.56589127
4f8633c4-b806-5812-9b42-61cd4cf17188,drinks,100,low,1,0.06,1.0,0,6,0.15074226
4f8633c4-b806-5812-9b42-61cd4cf17188,drinks,100,low,2,0.06,1.0,0,6,0.14196308
4f8633c4-b806-5812-9b42-61cd4cf17188,drinks,100,low,3,0.01,1.0,0,6,0.14140333
4f8633c4-b806-5812-9b42-61cd4cf17188,driving,0,high,0,0.56,0.0,1,7,0.19378443
4f8633c4-b806-5812-9b42-61cd4cf17188,driving,0,high,1,0.43,0.0,1,7,0.58711064
4f8633c4-b806-5812-9b42-61cd4cf17188,driving,0,high,2,0.01,0.0,1,7,0.18505675
4f8633c4-b806-5812-9b42-61cd4cf17188,driving,0,high,3,0.0,0.0,1,7,0.034048196
4f8633c4-b806-5812-9b42-61cd4cf17188,fair,75,low,0,0.16,0.75,0,8,0.49065667
4f8633c4-b806-5812-9b42-61cd4cf17188,fair,75,low,1,0.31,0.75,0,8,0.28788748
4f8633c4-b806-5812-9b42-61cd4cf17188,fair,75,low,2,0.37,0.75,0,8,0.15803565
4f8633c4-b806-5812-9b42-61cd4cf17188,fair,75,low,3,0.16,0.75,0,8,0.06342018
4f8633c4-b806-5812-9b42-61cd4cf17188,gala,50,high,0,0.47,0.5,1,9,0.22198972
4f8633c4-b806-5812-9b42-61cd4cf17188,gala,50,high,1,0.36,0.5,1,9,0.39286163
4f8633c4-b806-5812-9b42-61cd4cf17188,gala,50,high,2,0.14,0.5,1,9,0.22126077
4f8633c4-b806-5812-9b42-61cd4cf17188,gala,50,high,3,0.03,0.5,1,9,0.1638879
4f8633c4-b806-5812-9b42-61cd4cf17188,hike,75,high,0,0.19,0.75,1,10,0.16673161
4f8633c4-b806-5812-9b42-61cd4cf17188,hike,75,high,1,0.29,0.75,1,10,0.44192556
4f8633c4-b806-5812-9b42-61cd4cf17188,hike,75,high,2,0.33,0.75,1,10,0.22072983
4f8633c4-b806-5812-9b42-61cd4cf17188,hike,75,high,3,0.19,0.75,1,10,0.17061298
4f8633c4-b806-5812-9b42-61cd4cf17188,oysters,0,low,0,0.52,0.0,0,11,0.64080536
4f8633c4-b806-5812-9b42-61cd4cf17188,oysters,0,low,1,0.46,0.0,0,11,0.12204299
4f8633c4-b806-5812-9b42-61cd4cf17188,oysters,0,low,2,0.02,0.0,0,11,0.21212909
4f8633c4-b806-5812-9b42-61cd4cf17188,oysters,0,low,3,0.0,0.0,0,11,0.025022497
4f8633c4-b806-5812-9b42-61cd4cf17188,social,75,low,0,0.19,0.75,0,12,0.48559067
4f8633c4-b806-5812-9b42-61cd4cf17188,social,75,low,1,0.16,0.75,0,12,0.1562225
4f8633c4-b806-5812-9b42-61cd4cf17188,social,75,low,2,0.35,0.75,0,12,0.22584657
4f8633c4-b806-5812-9b42-61cd4cf17188,social,75,low,3,0.3,0.75,0,12,0.13234024
4f8633c4-b806-5812-9b42-61cd4cf17188,soup,50,low,0,0.16,0.5,0,13,0.30933502
4f8633c4-b806-5812-9b42-61cd4cf17188,soup,50,low,1,0.34,0.5,0,13,0.44212443
4f8633c4-b806-5812-9b42-61cd4cf17188,soup,50,low,2,0.34,0.5,0,13,0.14588597
4f8633c4-b806-5812-9b42-61cd4cf17188,soup,50,low,3,0.16,0.5,0,13,0.102654584
4f8633c4-b806-5812-9b42-61cd4cf17188,takeout,0,low,0,0.64,0.0,0,14,0.66916895
4f8633c4-b806-5812-9b42-61cd4cf17188,takeout,0,low,1,0.35,0.0,0,14,0.27415937
4f8633c4-b806-5812-9b42-61cd4cf17188,takeout,0,low,2,0.01,0.0,0,14,0.048414838
4f8633c4-b806-5812-9b42-61cd4cf17188,takeout,0,low,3,0.0,0.0,0,14,0.008256775
4f8633c4-b806-5812-9b42-61cd4cf17188,wedding,0,high,0,0.59,0.0,1,15,0.3970557
4f8633c4-b806-5812-9b42-61cd4cf17188,wedding,0,high,1,0.39,0.0,1,15,0.35221374
4f8633c4-b806-5812-9b42-61cd4cf17188,wedding,0,high,2,0.02,0.0,1,15,0.17262787
4f8633c4-b806-5812-9b42-61cd4cf17188,wedding,0,high,3,0.0,0.0,1,15,0.07810264
4fa86294-4f83-57c7-895f-70356cc6700b,apples,100,high,0,0.59,1.0,1,0,0.08853757
4fa86294-4f83-57c7-895f-70356cc6700b,apples,100,high,1,0.0,1.0,1,0,0.2854008
4fa86294-4f83-57c7-895f-70356cc6700b,apples,100,high,2,0.26,1.0,1,0,0.3130308
4fa86294-4f83-57c7-895f-70356cc6700b,apples,100,high,3,0.15,1.0,1,0,0.31303078
4fa86294-4f83-57c7-895f-70356cc6700b,basketball,75,low,0,0.84,0.75,0,1,0.42199868
4fa86294-4f83-57c7-895f-70356cc6700b,basketball,75,low,1,0.02,0.75,0,1,0.27848366
4fa86294-4f83-57c7-895f-70356cc6700b,basketball,75,low,2,0.05,0.75,0,1,0.15602612
4fa86294-4f83-57c7-895f-70356cc6700b,basketball,75,low,3,0.09,0.75,0,1,0.1434915
4fa86294-4f83-57c7-895f-70356cc6700b,birthday,75,high,0,0.0,0.75,1,2,0.13972035
4fa86294-4f83-57c7-895f-70356cc6700b,birthday,75,high,1,0.79,0.75,1,2,0.44225538
4fa86294-4f83-57c7-895f-70356cc6700b,birthday,75,high,2,0.21,0.75,1,2,0.270476
4fa86294-4f83-57c7-895f-70356cc6700b,birthday,75,high,3,0.0,0.75,1,2,0.14754832
4fa86294-4f83-57c7-895f-70356cc6700b,brunch,75,high,0,0.0,0.75,1,3,0.2549862
4fa86294-4f83-57c7-895f-70356cc6700b,brunch,75,high,1,0.89,0.75,1,3,0.28037846
4fa86294-4f83-57c7-895f-70356cc6700b,brunch,75,high,2,0.11,0.75,1,3,0.2631387
4fa86294-4f83-57c7-895f-70356cc6700b,brunch,75,high,3,0.0,0.75,1,3,0.20149668
4fa86294-4f83-57c7-895f-70356cc6700b,cooking,100,low,0,0.22,1.0,0,4,0.56390643
4fa86294-4f83-57c7-895f-70356cc6700b,cooking,100,low,1,0.78,1.0,0,4,0.1621197
4fa86294-4f83-57c7-895f-70356cc6700b,cooking,100,low,2,0.0,1.0,0,4,0.14098814
4fa86294-4f83-57c7-895f-70356cc6700b,cooking,100,low,3,0.0,1.0,0,4,0.13298574
4fa86294-4f83-57c7-895f-70356cc6700b,dip,100,high,0,0.03,1.0,1,5,0.10021788
4fa86294-4f83-57c7-895f-70356cc6700b,dip,100,high,1,0.97,1.0,1,5,0.36763847
4fa86294-4f83-57c7-895f-70356cc6700b,dip,100,high,2,0.0,1.0,1,5,0.30430344
4fa86294-4f83-57c7-895f-70356cc6700b,dip,100,high,3,0.0,1.0,1,5,0.22784017
4fa86294-4f83-57c7-895f-70356cc6700b,drinks,0,low,0,0.94,0.0,0,6,0.85738873
4fa86294-4f83-57c7-895f-70356cc6700b,drinks,0,low,1,0.02,0.0,0,6,0.10405775
4fa86294-4f83-57c7-895f-70356cc6700b,drinks,0,low,2,0.04,0.0,0,6,0.027316885
4fa86294-4f83-57c7-895f-70356cc6700b,drinks,0,low,3,0.0,0.0,0,6,0.011236587
4fa86294-4f83-57c7-895f-70356cc6700b,driving,0,low,0,0.88,0.0,0,7,0.46846104
4fa86294-4f83-57c7-895f-70356cc6700b,driving,0,low,1,0.12,0.0,0,7,0.38957903
4fa86294-4f83-57c7-895f-70356cc6700b,driving,0,low,2,0.0,0.0,0,7,0.12279496
4fa86294-4f83-57c7-895f-70356cc6700b,driving,0,low,3,0.0,0.0,0,7,0.019165
4fa86294-4f83-57c7-895f-70356cc6700b,fair,0,high,0,0.0,0.0,1,8,0.32640508
4fa86294-4f83-57c7-895f-70356cc6700b,fair,0,high,1,0.99,0.0,1,8,0.540167
4fa86294-4f83-57c7-895f-70356cc6700b,fair,0,high,2,0.01,0.0,1,8,0.08559175
4fa86294-4f83-57c7-895f-70356cc6700b,fair,0,high,3,0.0,0.0,1,8,0.047836132
4fa86294-4f83-57c7-895f-70356cc6700b,gala,0,high,0,0.97,0.0,1,9,0.36991814
4fa86294-4f83-57c7-895f-70356cc6700b,gala,0,high,1,0.0,0.0,1,9,0.39267284
4fa86294-4f83-57c7-895f-70356cc6700b,gala,0,high,2,0.03,0.0,1,9,0.15431948
4fa86294-4f83-57c7-895f-70356cc6700b,gala,0,high,3,0.0,0.0,1,9,0.083089605
4fa86294-4f83-57c7-895f-70356cc6700b,hike,50,low,0,0.84,0.5,0,10,0.51034856
4fa86294-4f83-57c7-895f-70356cc6700b,hike,50,low,1,0.16,0.5,0,10,0.27600068
4fa86294-4f83-57c7-895f-70356cc6700b,hike,50,low,2,0.0,0.5,0,10,0.1420938
4fa86294-4f83-57c7-895f-70356cc6700b,hike,50,low,3,0.0,0.5,0,10,0.07155705
4fa86294-4f83-57c7-895f-70356cc6700b,oysters,50,low,0,0.0,0.5,0,11,0.5016542
4fa86294-4f83-57c7-895f-70356cc6700b,oysters,50,low,1,0.0,0.5,0,11,0.17642859
4fa86294-4f83-57c7-895f-70356cc6700b,oysters,50,low,2,0.49,0.5,0,11,0.2551191
4fa86294-4f83-57c7-895f-70356cc6700b,oysters,50,low,3,0.51,0.5,0,11,0.066798165
4fa86294-4f83-57c7-895f-70356cc6700b,social,50,high,0,1.0,0.5,1,12,0.4027943
4fa86294-4f83-57c7-895f-70356cc6700b,social,50,high,1,0.0,0.5,1,12,0.17468879
4fa86294-4f83-57c7-895f-70356cc6700b,social,50,high,2,0.0,0.5,1,12,0.26985493
4fa86294-4f83-57c7-895f-70356cc6700b,social,50,high,3,0.0,0.5,1,12,0.15266201
4fa86294-4f83-57c7-895f-70356cc6700b,soup,50,high,0,0.71,0.5,1,13,0.2746141
4fa86294-4f83-57c7-895f-70356cc6700b,soup,50,high,1,0.05,0.5,1,13,0.4519501
4fa86294-4f83-57c7-895f-70356cc6700b,soup,50,high,2,0.0,0.5,1,13,0.15815441
4fa86294-4f83-57c7-895f-70356cc6700b,soup,50,high,3,0.24,0.5,1,13,0.11528138
4fa86294-4f83-57c7-895f-70356cc6700b,takeout,100,low,0,0.74,1.0,0,14,0.3651162
4fa86294-4f83-57c7-895f-70356cc6700b,takeout,100,low,1,0.08,1.0,0,14,0.27645305
4fa86294-4f83-57c7-895f-70356cc6700b,takeout,100,low,2,0.18,1.0,0,14,0.2725342
4fa86294-4f83-57c7-895f-70356cc6700b,takeout,100,low,3,0.0,1.0,0,14,0.085896574
4fa86294-4f83-57c7-895f-70356cc6700b,wedding,75,low,0,0.9,0.75,0,15,0.51931244
4fa86294-4f83-57c7-895f-70356cc6700b,wedding,75,low,1,0.0,0.75,0,15,0.2142844
4fa86294-4f83-57c7-895f-70356cc6700b,wedding,75,low,2,0.1,0.75,0,15,0.16972683
4fa86294-4f83-57c7-895f-70356cc6700b,wedding,75,low,3,0.0,0.75,0,15,0.09667626
5532e199-c574-5778-8a02-1bb52fc21310,apples,75,high,0,0.51,0.75,1,0,0.17327306
5532e199-c574-5778-8a02-1bb52fc21310,apples,75,high,1,0.49,0.75,1,0,0.36745417
5532e199-c574-5778-8a02-1bb52fc21310,apples,75,high,2,0.0,0.75,1,0,0.23502025
5532e199-c574-5778-8a02-1bb52fc21310,apples,75,high,3,0.0,0.75,1,0,0.22425258
5532e199-c574-5778-8a02-1bb52fc21310,basketball,50,high,0,0.0,0.5,1,1,0.26170138
5532e199-c574-5778-8a02-1bb52fc21310,basketball,50,high,1,0.74,0.5,1,1,0.46855953
5532e199-c574-5778-8a02-1bb52fc21310,basketball,50,high,2,0.26,0.5,1,1,0.1445255
5532e199-c574-5778-8a02-1bb52fc21310,basketball,50,high,3,0.0,0.5,1,1,0.12521361
5532e199-c574-5778-8a02-1bb52fc21310,birthday,0,low,0,0.51,0.0,0,2,0.3523034
5532e199-c574-5778-8a02-1bb52fc21310,birthday,0,low,1,0.49,0.0,0,2,0.507386
5532e199-c574-5778-8a02-1bb52fc21310,birthday,0,low,2,0.0,0.0,0,2,0.110791706
5532e199-c574-5778-8a02-1bb52fc21310,birthday,0,low,3,0.0,0.0,0,2,0.029518887
5532e199-c574-5778-8a02-1bb52fc21310,brunch,0,high,0,0.0,0.0,1,3,0.26180592
5532e199-c574-5778-8a02-1bb52fc21310,brunch,0,high,1,1.0,0.0,1,3,0.39796382
5532e199-c574-5778-8a02-1bb52fc21310,brunch,0,high,2,0.0,0.0,1,3,0.24755734
5532e199-c574-5778-8a02-1bb52fc21310,brunch,0,high,3,0.0,0.0,1,3,0.09267295
5532e199-c574-5778-8a02-1bb52fc21310,cooking,0,low,0,0.51,0.0,0,4,0.8578861
5532e199-c574-5778-8a02-1bb52fc21310,cooking,0,low,1,0.49,0.0,0,4,0.09232124
5532e199-c574-5778-8a02-1bb52fc21310,cooking,0,low,2,0.0,0.0,0,4,0.03482614
5532e199-c574-5778-8a02-1bb52fc21310,cooking,0,low,3,0.0,0.0,0,4,0.014966578
5532e199-c574-5778-8a02-1bb52fc21310,dip,100,low,0,0.94,1.0,0,5,0.571308
5532e199-c574-5778-8a02-1bb52fc21310,dip,100,low,1,0.02,1.0,0,5,0.15790218
5532e199-c574-5778-8a02-1bb52fc21310,dip,100,low,2,0.02,1.0,0,5,0.14700009
5532e199-c574-5778-8a02-1bb52fc21310,dip,100,low,3,0.02,1.0,0,5,0.12378971
5532e199-c574-5778-8a02-1bb52fc21310,drinks,75,low,0,1.0,0.75,0,6,0.7045375
5532e199-c574-5778-8a02-1bb52fc21310,drinks,75,low,1,0.0,0.75,0,6,0.1435551
5532e199-c574-5778-8a02-1bb52fc21310,drinks,75,low,2,0.0,0.75,0,6,0.08746405
5532e199-c574-5778-8a02-1bb52fc21310,drinks,75,low,3,0.0,0.75,0,6,0.06444328
5532e199-c574-5778-8a02-1bb52fc21310,driving,75,low,0,0.51,0.75,0,7,0.36953267
5532e199-c574-5778-8a02-1bb52fc21310,driving,75,low,1,0.49,0.75,0,7,0.30730876
5532e199-c574-5778-8a02-1bb52fc21310,driving,75,low,2,0.0,0.75,0,7,0.21764581
5532e199-c574-5778-8a02-1bb52fc21310,driving,75,low,3,0.0,0.75,0,7,0.10551278
5532e199-c574-5778-8a02-1bb52fc21310,fair,100,low,0,0.51,1.0,0,8,0.37053174
5532e199-c574-5778-8a02-1bb52fc21310,fair,100,low,1,0.49,1.0,0,8,0.2363968
5532e199-c574-5778-8a02-1bb52fc21310,fair,100,low,2,0.0,1.0,0,8,0.2622352
5532e199-c574-5778-8a02-1bb52fc21310,fair,100,low,3,0.0,1.0,0,8,0.1308363
5532e199-c574-5778-8a02-1bb52fc21310,gala,50,low,0,0.85,0.5,0,9,0.79520184
5532e199-c574-5778-8a02-1bb52fc21310,gala,50,low,1,0.15,0.5,0,9,0.10983461
5532e199-c574-5778-8a02-1bb52fc21310,gala,50,low,2,0.0,0.5,0,9,0.059997436
5532e199-c574-5778-8a02-1bb52fc21310,gala,50,low,3,0.0,0.5,0,9,0.034966037
5532e199-c574-5778-8a02-1bb52fc21310,hike,100,high,0,0.51,1.0,1,10,0.10209092
5532e199-c574-5778-8a02-1bb52fc21310,hike,100,high,1,0.49,1.0,1,10,0.34788167
5532e199-c574-5778-8a02-1bb52fc21310,hike,100,high,2,0.0,1.0,1,10,0.27311608
5532e199-c574-5778-8a02-1bb52fc21310,hike,100,high,3,0.0,1.0,1,10,0.27691132
5532e199-c574-5778-8a02-1bb52fc21310,oysters,50,low,0,1.0,0.5,0,11,0.5016542
5532e199-c574-5778-8a02-1bb52fc21310,oysters,50,low,1,0.0,0.5,0,11,0.17642859
5532e199-c574-5778-8a02-1bb52fc21310,oysters,50,low,2,0.0,0.5,0,11,0.2551191
5532e199-c574-5778-8a02-1bb52fc21310,oysters,50,low,3,0.0,0.5,0,11,0.066798165
5532e199-c574-5778-8a02-1bb52fc21310,social,0,high,0,1.0,0.0,1,12,0.65139556
5532e199-c574-5778-8a02-1bb52fc21310,social,0,high,1,0.0,0.0,1,12,0.08862829
5532e199-c574-5778-8a02-1bb52fc21310,social,0,high,2,0.0,0.0,1,12,0.1875765
5532e199-c574-5778-8a02-1bb52fc21310,social,0,high,3,0.0,0.0,1,12,0.07239971
5532e199-c574-5778-8a02-1bb52fc21310,soup,75,high,0,0.34,0.75,1,13,0.22527981
5532e199-c574-5778-8a02-1bb52fc21310,soup,75,high,1,0.33,0.75,1,13,0.3707575
5532e199-c574-5778-8a02-1bb52fc21310,soup,75,high,2,0.33,0.75,1,13,0.21040073
5532e199-c574-5778-8a02-1bb52fc21310,soup,75,high,3,0.0,0.75,1,13,0.19356199
5532e199-c574-5778-8a02-1bb52fc21310,takeout,100,high,0,0.0,1.0,1,14,0.16335048
5532e199-c574-5778-8a02-1bb52fc21310,takeout,100,high,1,1.0,1.0,1,14,0.37776726
5532e199-c574-5778-8a02-1bb52fc21310,takeout,100,high,2,0.0,1.0,1,14,0.37241223
5532e199-c574-5778-8a02-1bb52fc21310,takeout,100,high,3,0.0,1.0,1,14,0.086470015
5532e199-c574-5778-8a02-1bb52fc21310,wedding,50,high,0,0.89,0.5,1,15,0.23947777
5532e199-c574-5778-8a02-1bb52fc21310,wedding,50,high,1,0.11,0.5,1,15,0.35416168
5532e199-c574-5778-8a02-1bb52fc21310,wedding,50,high,2,0.0,0.5,1,15,0.2457274
5532e199-c574-5778-8a02-1bb52fc21310,wedding,50,high,3,0.0,0.5,1,15,0.16063312
55a2e9ac-ab73-5df2-82b9-d844abfdaf13,apples,0,high,0,0.64,0.0,1,0,0.42698184
55a2e9ac-ab73-5df2-82b9-d844abfdaf13,apples,0,high,1,0.22,0.0,1,0,0.40298706
55a2e9ac-ab73-5df2-82b9-d844abfdaf13,apples,0,high,2,0.07,0.0,1,0,0.09085414
55a2e9ac-ab73-5df2-82b9-d844abfdaf13,apples,0,high,3,0.07,0.0,1,0,0.079176955
55a2e9ac-ab73-5df2-82b9-d844abfdaf13,basketball,75,low,0,0.61,0.75,0,1,0.42199868
55a2e9ac-ab73-5df2-82b9-d844abfdaf13,basketball,75,low,1,0.13,0.75,0,1,0.27848366
55a2e9ac-ab73-5df2-82b9-d844abfdaf13,basketball,75,low,2,0.02,0.75,0,1,0.15602612
55a2e9ac-ab73-5df2-82b9-d844abfdaf13,basketball,75,low,3,0.24,0.75,0,1,0.1434915
55a2e9ac-ab73-5df2-82b9-d844abfdaf13,birthday,50,high,0,0.15,0.5,1,2,0.16706371
55a2e9ac-ab73-5df2-82b9-d844abfdaf13,birthday,50,high,1,0.65,0.5,1,2,0.5288051
55a2e9ac-ab73-5df2-82b9-d844abfdaf13,birthday,50,high,2,0.12,0.5,1,2,0.21500385
55a2e9ac-ab73-5df2-82b9-d844abfdaf13,birthday,50,high,3,0.08,0.5,1,2,0.08912745
55a2e9ac-ab73-5df2-82b9-d844abfdaf13,brunch,0,low,0,0.42,0.0,0,3,0.2796343
55a2e9ac-ab73-5df2-82b9-d844abfdaf13,brunch,0,low,1,0.35,0.0,0,3,0.38874203
55a2e9ac-ab73-5df2-82b9-d844abfdaf13,brunch,0,low,2,0.18,0.0,0,3,0.24525556
55a2e9ac-ab73-5df2-82b9-d844abfdaf13,brunch,0,low,3,0.05,0.0,0,3,0.086368114
55a2e9ac-ab73-5df2-82b9-d844abfdaf13,cooking,75,low,0,0.84,0.75,0,4,0.6957702
55a2e9ac-ab73-5df2-82b9-d844abfdaf13,cooking,75,low,1,0.12,0.75,0,4,0.14309031
55a2e9ac-ab73-5df2-82b9-d844abfdaf13,cooking,75,low,2,0.03,0.75,0,4,0.093604214
55a2e9ac-ab73-5df2-82b9-d844abfdaf13,cooking,75,low,3,0.01,0.75,0,4,0.06753522
55a2e9ac-ab73-5df2-82b9-d844abfdaf13,dip,0,low,0,0.61,0.0,0,5,0.7331288
55a2e9ac-ab73-5df2-82b9-d844abfdaf13,dip,0,low,1,0.15,0.0,0,5,0.20262736
55a2e9ac-ab73-5df2-82b9-d844abfdaf13,dip,0,low,2,0.23,0.0,0,5,0.055230852
55a2e9ac-ab73-5df2-82b9-d844abfdaf13,dip,0,low,3,0.01,0.0,0,5,0.00901291
55a2e9ac-ab73-5df2-82b9-d844abfdaf13,drinks,50,low,0,0.34,0.5,0,6,0.7762677
55a2e9ac-ab73-5df2-82b9-d844abfdaf13,drinks,50,low,1,0.51,0.5,0,6,0.13067015
55a2e9ac-ab73-5df2-82b9-d844abfdaf13,drinks,50,low,2,0.14,0.5,0,6,0.05837057
55a2e9ac-ab73-5df2-82b9-d844abfdaf13,drinks,50,low,3,0.01,0.5,0,6,0.034691554
55a2e9ac-ab73-5df2-82b9-d844abfdaf13,driving,50,low,0,0.74,0.5,0,7,0.41526043
55a2e9ac-ab73-5df2-82b9-d844abfdaf13,driving,50,low,1,0.14,0.5,0,7,0.34533665
55a2e9ac-ab73-5df2-82b9-d844abfdaf13,driving,50,low,2,0.12,0.5,0,7,0.1814718
55a2e9ac-ab73-5df2-82b9-d844abfdaf13,driving,50,low,3,0.0,0.5,0,7,0.05793105
55a2e9ac-ab73-5df2-82b9-d844abfdaf13,fair,100,high,0,0.0,1.0,1,8,0.116963215
55a2e9ac-ab73-5df2-82b9-d844abfdaf13,fair,100,high,1,0.02,1.0,1,8,0.2474626
55a2e9ac-ab73-5df2-82b9-d844abfdaf13,fair,100,high,2,0.52,1.0,1,8,0.30874684
55a2e9ac-ab73-5df2-82b9-d844abfdaf13,fair,100,high,3,0.46,1.0,1,8,0.32682738
55a2e9ac-ab73-5df2-82b9-d844abfdaf13,gala,0,high,0,0.01,0.0,1,9,0.36991814
55a2e9ac-ab73-5df2-82b9-d844abfdaf13,gala,0,high,1,0.23,0.0,1,9,0.39267284
55a2e9ac-ab73-5df2-82b9-d844abfdaf13,gala,0,high,2,0.07,0.0,1,9,0.15431948
55a2e9ac-ab73-5df2-82b9-d844abfdaf13,gala,0,high,3,0.69,0.0,1,9,0.083089605
55a2e9ac-ab73-5df2-82b9-d844abfdaf13,hike,100,low,0,0.03,1.0,0,10,0.28530428
55a2e9ac-ab73-5df2-82b9-d844abfdaf13,hike,100,low,1,0.03,1.0,0,10,0.2372631
55a2e9ac-ab73-5df2-82b9-d844abfdaf13,hike,100,low,2,0.03,1.0,0,10,0.26501876
55a2e9ac-ab73-5df2-82b9-d844abfdaf13,hike,100,low,3,0.91,1.0,0,10,0.21241388
55a2e9ac-ab73-5df2-82b9-d844abfdaf13,oysters,50,high,0,0.29,0.5,1,11,0.24033377
55a2e9ac-ab73-5df2-82b9-d844abfdaf13,oysters,50,high,1,0.53,0.5,1,11,0.30433637
55a2e9ac-ab73-5df2-82b9-d844abfdaf13,oysters,50,high,2,0.15,0.5,1,11,0.32420126
55a2e9ac-ab73-5df2-82b9-d844abfdaf13,oysters,50,high,3,0.03,0.5,1,11,0.1311286
55a2e9ac-ab73-5df2-82b9-d844abfdaf13,social,75,high,0,0.04,0.75,1,12,0.26838598
55a2e9ac-ab73-5df2-82b9-d844abfdaf13,social,75,high,1,0.34,0.75,1,12,0.22903113
55a2e9ac-ab73-5df2-82b9-d844abfdaf13,social,75,high,2,0.13,0.75,1,12,0.2943885
55a2e9ac-ab73-5df2-82b9-d844abfdaf13,social,75,high,3,0.49,0.75,1,12,0.20819436
55a2e9ac-ab73-5df2-82b9-d844abfdaf13,soup,100,low,0,0.0,1.0,0,13,0.17265384
55a2e9ac-ab73-5df2-82b9-d844abfdaf13,soup,100,low,1,0.12,1.0,0,13,0.2467696
55a2e9ac-ab73-5df2-82b9-d844abfdaf13,soup,100,low,2,0.38,1.0,0,13,0.26021537
55a2e9ac-ab73-5df2-82b9-d844abfdaf13,soup,100,low,3,0.5,1.0,0,13,0.32036123
55a2e9ac-ab73-5df2-82b9-d844abfdaf13,takeout,100,high,0,0.45,1.0,1,14,0.16335048
55a2e9ac-ab73-5df2-82b9-d844abfdaf13,takeout,100,high,1,0.31,1.0,1,14,0.37776726
55a2e9ac-ab73-5df2-82b9-d844abfdaf13,takeout,100,high,2,0.24,1.0,1,14,0.37241223
55a2e9ac-ab73-5df2-82b9-d844abfdaf13,takeout,100,high,3,0.0,1.0,1,14,0.086470015
55a2e9ac-ab73-5df2-82b9-d844abfdaf13,wedding,75,high,0,0.0,0.75,1,15,0.16501321
55a2e9ac-ab73-5df2-82b9-d844abfdaf13,wedding,75,high,1,0.36,0.75,1,15,0.32890013
55a2e9ac-ab73-5df2-82b9-d844abfdaf13,wedding,75,high,2,0.23,0.75,1,15,0.27954394
55a2e9ac-ab73-5df2-82b9-d844abfdaf13,wedding,75,high,3,0.41,0.75,1,15,0.22654271
57495ae2-43a7-51c3-8256-5da4ed520159,apples,100,high,0,0.02,1.0,1,0,0.08853757
57495ae2-43a7-51c3-8256-5da4ed520159,apples,100,high,1,0.07,1.0,1,0,0.2854008
57495ae2-43a7-51c3-8256-5da4ed520159,apples,100,high,2,0.5,1.0,1,0,0.3130308
57495ae2-43a7-51c3-8256-5da4ed520159,apples,100,high,3,0.41,1.0,1,0,0.31303078
57495ae2-43a7-51c3-8256-5da4ed520159,basketball,75,high,0,0.19,0.75,1,1,0.20223837
57495ae2-43a7-51c3-8256-5da4ed520159,basketball,75,high,1,0.39,0.75,1,1,0.38436523
57495ae2-43a7-51c3-8256-5da4ed520159,basketball,75,high,2,0.38,0.75,1,1,0.2153484
57495ae2-43a7-51c3-8256-5da4ed520159,basketball,75,high,3,0.04,0.75,1,1,0.19804801
57495ae2-43a7-51c3-8256-5da4ed520159,birthday,50,low,0,0.06,0.5,0,2,0.29914954
57495ae2-43a7-51c3-8256-5da4ed520159,birthday,50,low,1,0.34,0.5,0,2,0.43083405
57495ae2-43a7-51c3-8256-5da4ed520159,birthday,50,low,2,0.54,0.5,0,2,0.18929946
57495ae2-43a7-51c3-8256-5da4ed520159,birthday,50,low,3,0.06,0.5,0,2,0.08071703
57495ae2-43a7-51c3-8256-5da4ed520159,brunch,50,high,0,0.03,0.5,1,3,0.26137137
57495ae2-43a7-51c3-8256-5da4ed520159,brunch,50,high,1,0.47,0.5,1,3,0.3238393
57495ae2-43a7-51c3-8256-5da4ed520159,brunch,50,high,2,0.42,0.5,1,3,0.26117304
57495ae2-43a7-51c3-8256-5da4ed520159,brunch,50,high,3,0.08,0.5,1,3,0.15361626
57495ae2-43a7-51c3-8256-5da4ed520159,cooking,50,low,0,0.91,0.5,0,4,0.7692103
57495ae2-43a7-51c3-8256-5da4ed520159,cooking,50,low,1,0.03,0.5,0,4,0.12459549
57495ae2-43a7-51c3-8256-5da4ed520159,cooking,50,low,2,0.03,0.5,0,4,0.0665355
57495ae2-43a7-51c3-8256-5da4ed520159,cooking,50,low,3,0.03,0.5,0,4,0.039658718
57495ae2-43a7-51c3-8256-5da4ed520159,dip,0,low,0,0.85,0.0,0,5,0.7331288
57495ae2-43a7-51c3-8256-5da4ed520159,dip,0,low,1,0.13,0.0,0,5,0.20262736
57495ae2-43a7-51c3-8256-5da4ed520159,dip,0,low,2,0.01,0.0,0,5,0.055230852
57495ae2-43a7-51c3-8256-5da4ed520159,dip,0,low,3,0.01,0.0,0,5,0.00901291
57495ae2-43a7-51c3-8256-5da4ed520159,drinks,100,low,0,0.9,1.0,0,6,0.56589127
57495ae2-43a7-51c3-8256-5da4ed520159,drinks,100,low,1,0.03,1.0,0,6,0.15074226
57495ae2-43a7-51c3-8256-5da4ed520159,drinks,100,low,2,0.02,1.0,0,6,0.14196308
57495ae2-43a7-51c3-8256-5da4ed520159,drinks,100,low,3,0.05,1.0,0,6,0.14140333
57495ae2-43a7-51c3-8256-5da4ed520159,driving,100,low,0,0.1,1.0,0,7,0.28515202
57495ae2-43a7-51c3-8256-5da4ed520159,driving,100,low,1,0.05,1.0,0,7,0.23713657
57495ae2-43a7-51c3-8256-5da4ed520159,driving,100,low,2,0.1,1.0,0,7,0.25528738
57495ae2-43a7-51c3-8256-5da4ed520159,driving,100,low,3,0.75,1.0,0,7,0.22242402
57495ae2-43a7-51c3-8256-5da4ed520159,fair,0,low,0,0.06,0.0,0,8,0.62978035
57495ae2-43a7-51c3-8256-5da4ed520159,fair,0,low,1,0.82,0.0,0,8,0.31427956
57495ae2-43a7-51c3-8256-5da4ed520159,fair,0,low,2,0.1,0.0,0,8,0.04427682
57495ae2-43a7-51c3-8256-5da4ed520159,fair,0,low,3,0.02,0.0,0,8,0.011663312
57495ae2-43a7-51c3-8256-5da4ed520159,gala,75,low,0,0.85,0.75,0,9,0.71443945
57495ae2-43a7-51c3-8256-5da4ed520159,gala,75,low,1,0.05,0.75,0,9,0.13299528
57495ae2-43a7-51c3-8256-5da4ed520159,gala,75,low,2,0.05,0.75,0,9,0.08963433
57495ae2-43a7-51c3-8256-5da4ed520159,gala,75,low,3,0.05,0.75,0,9,0.06293091
57495ae2-43a7-51c3-8256-5da4ed520159,hike,0,high,0,0.32,0.0,1,10,0.31990948
57495ae2-43a7-51c3-8256-5da4ed520159,hike,0,high,1,0.32,0.0,1,10,0.5216798
57495ae2-43a7-51c3-8256-5da4ed520159,hike,0,high,2,0.33,0.0,1,10,0.108692184
57495ae2-43a7-51c3-8256-5da4ed520159,hike,0,high,3,0.03,0.0,1,10,0.049718577
57495ae2-43a7-51c3-8256-5da4ed520159,oysters,75,low,0,0.12,0.75,0,11,0.4116703
57495ae2-43a7-51c3-8256-5da4ed520159,oysters,75,low,1,0.38,0.75,0,11,0.20713082
57495ae2-43a7-51c3-8256-5da4ed520159,oysters,75,low,2,0.25,0.75,0,11,0.2690045
57495ae2-43a7-51c3-8256-5da4ed520159,oysters,75,low,3,0.25,0.75,0,11,0.112194374
57495ae2-43a7-51c3-8256-5da4ed520159,social,50,high,0,0.2,0.5,1,12,0.4027943
57495ae2-43a7-51c3-8256-5da4ed520159,social,50,high,1,0.39,0.5,1,12,0.17468879
57495ae2-43a7-51c3-8256-5da4ed520159,social,50,high,2,0.38,0.5,1,12,0.26985493
57495ae2-43a7-51c3-8256-5da4ed520159,social,50,high,3,0.03,0.5,1,12,0.15266201
57495ae2-43a7-51c3-8256-5da4ed520159,soup,100,high,0,0.24,1.0,1,13,0.14633904
57495ae2-43a7-51c3-8256-5da4ed520159,soup,100,high,1,0.14,1.0,1,13,0.24083959
57495ae2-43a7-51c3-8256-5da4ed520159,soup,100,high,2,0.06,1.0,1,13,0.26933384
57495ae2-43a7-51c3-8256-5da4ed520159,soup,100,high,3,0.56,1.0,1,13,0.34348753
57495ae2-43a7-51c3-8256-5da4ed520159,takeout,0,high,0,0.09,0.0,1,14,0.39998376
57495ae2-43a7-51c3-8256-5da4ed520159,takeout,0,high,1,0.87,0.0,1,14,0.5005222
57495ae2-43a7-51c3-8256-5da4ed520159,takeout,0,high,2,0.03,0.0,1,14,0.088389106
57495ae2-43a7-51c3-8256-5da4ed520159,takeout,0,high,3,0.01,0.0,1,14,0.011104971
57495ae2-43a7-51c3-8256-5da4ed520159,wedding,75,high,0,0.04,0.75,1,15,0.16501321
57495ae2-43a7-51c3-8256-5da4ed520159,wedding,75,high,1,0.19,0.75,1,15,0.32890013
57495ae2-43a7-51c3-8256-5da4ed520159,wedding,75,high,2,0.39,0.75,1,15,0.27954394
57495ae2-43a7-51c3-8256-5da4ed520159,wedding,75,high,3,0.38,0.75,1,15,0.22654271
5759e132-ec44-5413-86c4-0f0d499f6b3c,apples,50,high,0,0.14,0.5,1,0,0.25700086
5759e132-ec44-5413-86c4-0f0d499f6b3c,apples,50,high,1,0.3,0.5,1,0,0.4043876
5759e132-ec44-5413-86c4-0f0d499f6b3c,apples,50,high,2,0.51,0.5,1,0,0.17610174
5759e132-ec44-5413-86c4-0f0d499f6b3c,apples,50,high,3,0.05,0.5,1,0,0.1625098
5759e132-ec44-5413-86c4-0f0d499f6b3c,basketball,100,low,0,0.29,1.0,0,1,0.27969223
5759e132-ec44-5413-86c4-0f0d499f6b3c,basketball,100,low,1,0.55,1.0,0,1,0.20069663
5759e132-ec44-5413-86c4-0f0d499f6b3c,basketball,100,low,2,0.16,1.0,0,1,0.25980562
5759e132-ec44-5413-86c4-0f0d499f6b3c,basketball,100,low,3,0.0,1.0,0,1,0.25980556
5759e132-ec44-5413-86c4-0f0d499f6b3c,birthday,50,low,0,0.35,0.5,0,2,0.29914954
5759e132-ec44-5413-86c4-0f0d499f6b3c,birthday,50,low,1,0.62,0.5,0,2,0.43083405
5759e132-ec44-5413-86c4-0f0d499f6b3c,birthday,50,low,2,0.03,0.5,0,2,0.18929946
5759e132-ec44-5413-86c4-0f0d499f6b3c,birthday,50,low,3,0.0,0.5,0,2,0.08071703
5759e132-ec44-5413-86c4-0f0d499f6b3c,brunch,75,low,0,0.48,0.75,0,3,0.27379805
5759e132-ec44-5413-86c4-0f0d499f6b3c,brunch,75,low,1,0.25,0.75,0,3,0.2753374
5759e132-ec44-5413-86c4-0f0d499f6b3c,brunch,75,low,2,0.17,0.75,0,3,0.262078
5759e132-ec44-5413-86c4-0f0d499f6b3c,brunch,75,low,3,0.1,0.75,0,3,0.18878654
5759e132-ec44-5413-86c4-0f0d499f6b3c,cooking,0,high,0,0.0,0.0,1,4,0.32258898
5759e132-ec44-5413-86c4-0f0d499f6b3c,cooking,0,high,1,0.58,0.0,1,4,0.41451508
5759e132-ec44-5413-86c4-0f0d499f6b3c,cooking,0,high,2,0.38,0.0,1,4,0.17586832
5759e132-ec44-5413-86c4-0f0d499f6b3c,cooking,0,high,3,0.04,0.0,1,4,0.08702758
5759e132-ec44-5413-86c4-0f0d499f6b3c,dip,50,high,0,0.16,0.5,1,5,0.1520621
5759e132-ec44-5413-86c4-0f0d499f6b3c,dip,50,high,1,0.8,0.5,1,5,0.5578234
5759e132-ec44-5413-86c4-0f0d499f6b3c,dip,50,high,2,0.04,0.5,1,5,0.22538151
5759e132-ec44-5413-86c4-0f0d499f6b3c,dip,50,high,3,0.0,0.5,1,5,0.06473294
5759e132-ec44-5413-86c4-0f0d499f6b3c,drinks,100,high,0,0.0,1.0,1,6,0.17412922
5759e132-ec44-5413-86c4-0f0d499f6b3c,drinks,100,high,1,0.32,1.0,1,6,0.28677985
5759e132-ec44-5413-86c4-0f0d499f6b3c,drinks,100,high,2,0.13,1.0,1,6,0.2700779
5759e132-ec44-5413-86c4-0f0d499f6b3c,drinks,100,high,3,0.55,1.0,1,6,0.269013
5759e132-ec44-5413-86c4-0f0d499f6b3c,driving,75,high,0,0.03,0.75,1,7,0.1351035
5759e132-ec44-5413-86c4-0f0d499f6b3c,driving,75,high,1,0.51,0.75,1,7,0.40932438
5759e132-ec44-5413-86c4-0f0d499f6b3c,driving,75,high,2,0.33,0.75,1,7,0.28989655
5759e132-ec44-5413-86c4-0f0d499f6b3c,driving,75,high,3,0.13,0.75,1,7,0.16567567
5759e132-ec44-5413-86c4-0f0d499f6b3c,fair,0,low,0,0.35,0.0,0,8,0.62978035
5759e132-ec44-5413-86c4-0f0d499f6b3c,fair,0,low,1,0.57,0.0,0,8,0.31427956
5759e132-ec44-5413-86c4-0f0d499f6b3c,fair,0,low,2,0.07,0.0,0,8,0.04427682
5759e132-ec44-5413-86c4-0f0d499f6b3c,fair,0,low,3,0.01,0.0,0,8,0.011663312
5759e132-ec44-5413-86c4-0f0d499f6b3c,gala,0,high,0,0.42,0.0,1,9,0.36991814
5759e132-ec44-5413-86c4-0f0d499f6b3c,gala,0,high,1,0.33,0.0,1,9,0.39267284
5759e132-ec44-5413-86c4-0f0d499f6b3c,gala,0,high,2,0.18,0.0,1,9,0.15431948
5759e132-ec44-5413-86c4-0f0d499f6b3c,gala,0,high,3,0.07,0.0,1,9,0.083089605
5759e132-ec44-5413-86c4-0f0d499f6b3c,hike,75,high,0,0.29,0.75,1,10,0.16673161
5759e132-ec44-5413-86c4-0f0d499f6b3c,hike,75,high,1,0.42,0.75,1,10,0.44192556
5759e132-ec44-5413-86c4-0f0d499f6b3c,hike,75,high,2,0.15,0.75,1,10,0.22072983
5759e132-ec44-5413-86c4-0f0d499f6b3c,hike,75,high,3,0.14,0.75,1,10,0.17061298
5759e132-ec44-5413-86c4-0f0d499f6b3c,oysters,75,low,0,0.27,0.75,0,11,0.4116703
5759e132-ec44-5413-86c4-0f0d499f6b3c,oysters,75,low,1,0.58,0.75,0,11,0.20713082
5759e132-ec44-5413-86c4-0f0d499f6b3c,oysters,75,low,2,0.15,0.75,0,11,0.2690045
5759e132-ec44-5413-86c4-0f0d499f6b3c,oysters,75,low,3,0.0,0.75,0,11,0.112194374
5759e132-ec44-5413-86c4-0f0d499f6b3c,social,50,low,0,0.69,0.5,0,12,0.6326194
5759e132-ec44-5413-86c4-0f0d499f6b3c,social,50,low,1,0.2,0.5,0,12,0.10343386
5759e132-ec44-5413-86c4-0f0d499f6b3c,social,50,low,2,0.1,0.5,0,12,0.17970979
5759e132-ec44-5413-86c4-0f0d499f6b3c,social,50,low,3,0.01,0.5,0,12,0.08423695
5759e132-ec44-5413-86c4-0f0d499f6b3c,soup,100,high,0,0.03,1.0,1,13,0.14633904
5759e132-ec44-5413-86c4-0f0d499f6b3c,soup,100,high,1,0.12,1.0,1,13,0.24083959
5759e132-ec44-5413-86c4-0f0d499f6b3c,soup,100,high,2,0.31,1.0,1,13,0.26933384
5759e132-ec44-5413-86c4-0f0d499f6b3c,soup,100,high,3,0.54,1.0,1,13,0.34348753
5759e132-ec44-5413-86c4-0f0d499f6b3c,takeout,0,low,0,0.58,0.0,0,14,0.66916895
5759e132-ec44-5413-86c4-0f0d499f6b3c,takeout,0,low,1,0.38,0.0,0,14,0.27415937
5759e132-ec44-5413-86c4-0f0d499f6b3c,takeout,0,low,2,0.03,0.0,0,14,0.048414838
5759e132-ec44-5413-86c4-0f0d499f6b3c,takeout,0,low,3,0.01,0.0,0,14,0.008256775
5759e132-ec44-5413-86c4-0f0d499f6b3c,wedding,100,low,0,0.63,1.0,0,15,0.35762483
5759e132-ec44-5413-86c4-0f0d499f6b3c,wedding,100,low,1,0.12,1.0,0,15,0.22430809
5759e132-ec44-5413-86c4-0f0d499f6b3c,wedding,100,low,2,0.21,1.0,0,15,0.2361927
5759e132-ec44-5413-86c4-0f0d499f6b3c,wedding,100,low,3,0.04,1.0,0,15,0.18187447
598bc897-cc6a-5958-8c09-1b0dba70e077,apples,75,low,0,0.37,0.75,0,0,0.447258
598bc897-cc6a-5958-8c09-1b0dba70e077,apples,75,low,1,0.21,0.75,0,0,0.26342416
598bc897-cc6a-5958-8c09-1b0dba70e077,apples,75,low,2,0.21,0.75,0,0,0.14805049
598bc897-cc6a-5958-8c09-1b0dba70e077,apples,75,low,3,0.21,0.75,0,0,0.1412674
598bc897-cc6a-5958-8c09-1b0dba70e077,basketball,50,low,0,0.15,0.5,0,1,0.505161
598bc897-cc6a-5958-8c09-1b0dba70e077,basketball,50,low,1,0.45,0.5,0,1,0.31404844
598bc897-cc6a-5958-8c09-1b0dba70e077,basketball,50,low,2,0.2,0.5,0,1,0.096867114
598bc897-cc6a-5958-8c09-1b0dba70e077,basketball,50,low,3,0.2,0.5,0,1,0.083923474
598bc897-cc6a-5958-8c09-1b0dba70e077,birthday,50,low,0,0.08,0.5,0,2,0.29914954
598bc897-cc6a-5958-8c09-1b0dba70e077,birthday,50,low,1,0.47,0.5,0,2,0.43083405
598bc897-cc6a-5958-8c09-1b0dba70e077,birthday,50,low,2,0.32,0.5,0,2,0.18929946
598bc897-cc6a-5958-8c09-1b0dba70e077,birthday,50,low,3,0.13,0.5,0,2,0.08071703
598bc897-cc6a-5958-8c09-1b0dba70e077,brunch,50,high,0,0.09,0.5,1,3,0.26137137
598bc897-cc6a-5958-8c09-1b0dba70e077,brunch,50,high,1,0.28,0.5,1,3,0.3238393
598bc897-cc6a-5958-8c09-1b0dba70e077,brunch,50,high,2,0.43,0.5,1,3,0.26117304
598bc897-cc6a-5958-8c09-1b0dba70e077,brunch,50,high,3,0.2,0.5,1,3,0.15361626
598bc897-cc6a-5958-8c09-1b0dba70e077,cooking,75,low,0,0.2,0.75,0,4,0.6957702
598bc897-cc6a-5958-8c09-1b0dba70e077,cooking,75,low,1,0.39,0.75,0,4,0.14309031
598bc897-cc6a-5958-8c09-1b0dba70e077,cooking,75,low,2,0.25,0.75,0,4,0.093604214
598bc897-cc6a-5958-8c09-1b0dba70e077,cooking,75,low,3,0.16,0.75,0,4,0.06753522
598bc897-cc6a-5958-8c09-1b0dba70e077,dip,75,high,0,0.04,0.75,1,5,0.13296467
598bc897-cc6a-5958-8c09-1b0dba70e077,dip,75,high,1,0.45,0.75,1,5,0.4877666
598bc897-cc6a-5958-8c09-1b0dba70e077,dip,75,high,2,0.43,0.75,1,5,0.26560885
598bc897-cc6a-5958-8c09-1b0dba70e077,dip,75,high,3,0.08,0.75,1,5,0.11365985
598bc897-cc6a-5958-8c09-1b0dba70e077,drinks,75,high,0,0.11,0.75,1,6,0.27833256
598bc897-cc6a-5958-8c09-1b0dba70e077,drinks,75,high,1,0.4,0.75,1,6,0.35063356
598bc897-cc6a-5958-8c09-1b0dba70e077,drinks,75,high,2,0.33,0.75,1,6,0.21363103
598bc897-cc6a-5958-8c09-1b0dba70e077,drinks,75,high,3,0.16,0.75,1,6,0.15740284
598bc897-cc6a-5958-8c09-1b0dba70e077,driving,100,low,0,0.06,1.0,0,7,0.28515202
598bc897-cc6a-5958-8c09-1b0dba70e077,driving,100,low,1,0.21,1.0,0,7,0.23713657
598bc897-cc6a-5958-8c09-1b0dba70e077,driving,100,low,2,0.39,1.0,0,7,0.25528738
598bc897-cc6a-5958-8c09-1b0dba70e077,driving,100,low,3,0.34,1.0,0,7,0.22242402
598bc897-cc6a-5958-8c09-1b0dba70e077,fair,100,low,0,0.05,1.0,0,8,0.37053174
598bc897-cc6a-5958-8c09-1b0dba70e077,fair,100,low,1,0.15,1.0,0,8,0.2363968
598bc897-cc6a-5958-8c09-1b0dba70e077,fair,100,low,2,0.4,1.0,0,8,0.2622352
598bc897-cc6a-5958-8c09-1b0dba70e077,fair,100,low,3,0.4,1.0,0,8,0.1308363
598bc897-cc6a-5958-8c09-1b0dba70e077,gala,100,high,0,0.02,1.0,1,9,0.08383131
598bc897-cc6a-5958-8c09-1b0dba70e077,gala,100,high,1,0.19,1.0,1,9,0.30393267
598bc897-cc6a-5958-8c09-1b0dba70e077,gala,100,high,2,0.39,1.0,1,9,0.28360444
598bc897-cc6a-5958-8c09-1b0dba70e077,gala,100,high,3,0.4,1.0,1,9,0.32863158
598bc897-cc6a-5958-8c09-1b0dba70e077,hike,100,high,0,0.08,1.0,1,10,0.10209092
598bc897-cc6a-5958-8c09-1b0dba70e077,hike,100,high,1,0.25,1.0,1,10,0.34788167
598bc897-cc6a-5958-8c09-1b0dba70e077,hike,100,high,2,0.35,1.0,1,10,0.27311608
598bc897-cc6a-5958-8c09-1b0dba70e077,hike,100,high,3,0.32,1.0,1,10,0.27691132
598bc897-cc6a-5958-8c09-1b0dba70e077,oysters,0,low,0,0.75,0.0,0,11,0.64080536
598bc897-cc6a-5958-8c09-1b0dba70e077,oysters,0,low,1,0.15,0.0,0,11,0.12204299
598bc897-cc6a-5958-8c09-1b0dba70e077,oysters,0,low,2,0.08,0.0,0,11,0.21212909
598bc897-cc6a-5958-8c09-1b0dba70e077,oysters,0,low,3,0.02,0.0,0,11,0.025022497
598bc897-cc6a-5958-8c09-1b0dba70e077,social,0,low,0,0.64,0.0,0,12,0.82478136
598bc897-cc6a-5958-8c09-1b0dba70e077,social,0,low,1,0.3,0.0,0,12,0.042306297
598bc897-cc6a-5958-8c09-1b0dba70e077,social,0,low,2,0.05,0.0,0,12,0.10070582
598bc897-cc6a-5958-8c09-1b0dba70e077,social,0,low,3,0.01,0.0,0,12,0.032206487
598bc897-cc6a-5958-8c09-1b0dba70e077,soup,0,high,0,0.68,0.0,1,13,0.3310718
598bc897-cc6a-5958-8c09-1b0dba70e077,soup,0,high,1,0.22,0.0,1,13,0.5448662
598bc897-cc6a-5958-8c09-1b0dba70e077,soup,0,high,2,0.08,0.0,1,13,0.08330492
598bc897-cc6a-5958-8c09-1b0dba70e077,soup,0,high,3,0.02,0.0,1,13,0.040757075
598bc897-cc6a-5958-8c09-1b0dba70e077,takeout,50,high,0,0.15,0.5,1,14,0.30358016
598bc897-cc6a-5958-8c09-1b0dba70e077,takeout,50,high,1,0.41,0.5,1,14,0.49050692
598bc897-cc6a-5958-8c09-1b0dba70e077,takeout,50,high,2,0.13,0.5,1,14,0.17717181
598bc897-cc6a-5958-8c09-1b0dba70e077,takeout,50,high,3,0.31,0.5,1,14,0.028741147
598bc897-cc6a-5958-8c09-1b0dba70e077,wedding,0,high,0,0.74,0.0,1,15,0.3970557
598bc897-cc6a-5958-8c09-1b0dba70e077,wedding,0,high,1,0.17,0.0,1,15,0.35221374
598bc897-cc6a-5958-8c09-1b0dba70e077,wedding,0,high,2,0.07,0.0,1,15,0.17262787
598bc897-cc6a-5958-8c09-1b0dba70e077,wedding,0,high,3,0.02,0.0,1,15,0.07810264
5b3b8e27-4ab5-5ecb-aa01-f1038e43d4a3,apples,100,low,0,1.0,1.0,0,0,0.2761688
5b3b8e27-4ab5-5ecb-aa01-f1038e43d4a3,apples,100,low,1,0.0,1.0,0,0,0.247245
5b3b8e27-4ab5-5ecb-aa01-f1038e43d4a3,apples,100,low,2,0.0,1.0,0,0,0.23829313
5b3b8e27-4ab5-5ecb-aa01-f1038e43d4a3,apples,100,low,3,0.0,1.0,0,0,0.23829311
5b3b8e27-4ab5-5ecb-aa01-f1038e43d4a3,basketball,50,high,0,0.0,0.5,1,1,0.26170138
5b3b8e27-4ab5-5ecb-aa01-f1038e43d4a3,basketball,50,high,1,1.0,0.5,1,1,0.46855953
5b3b8e27-4ab5-5ecb-aa01-f1038e43d4a3,basketball,50,high,2,0.0,0.5,1,1,0.1445255
5b3b8e27-4ab5-5ecb-aa01-f1038e43d4a3,basketball,50,high,3,0.0,0.5,1,1,0.12521361
5b3b8e27-4ab5-5ecb-aa01-f1038e43d4a3,birthday,50,low,0,0.0,0.5,0,2,0.29914954
5b3b8e27-4ab5-5ecb-aa01-f1038e43d4a3,birthday,50,low,1,1.0,0.5,0,2,0.43083405
5b3b8e27-4ab5-5ecb-aa01-f1038e43d4a3,birthday,50,low,2,0.0,0.5,0,2,0.18929946
5b3b8e27-4ab5-5ecb-aa01-f1038e43d4a3,birthday,50,low,3,0.0,0.5,0,2,0.08071703
5b3b8e27-4ab5-5ecb-aa01-f1038e43d4a3,brunch,0,high,0,0.61,0.0,1,3,0.26180592
5b3b8e27-4ab5-5ecb-aa01-f1038e43d4a3,brunch,0,high,1,0.39,0.0,1,3,0.39796382
5b3b8e27-4ab5-5ecb-aa01-f1038e43d4a3,brunch,0,high,2,0.0,0.0,1,3,0.24755734
5b3b8e27-4ab5-5ecb-aa01-f1038e43d4a3,brunch,0,high,3,0.0,0.0,1,3,0.09267295
5b3b8e27-4ab5-5ecb-aa01-f1038e43d4a3,cooking,0,high,0,1.0,0.0,1,4,0.32258898
5b3b8e27-4ab5-5ecb-aa01-f1038e43d4a3,cooking,0,high,1,0.0,0.0,1,4,0.41451508
5b3b8e27-4ab5-5ecb-aa01-f1038e43d4a3,cooking,0,high,2,0.0,0.0,1,4,0.17586832
5b3b8e27-4ab5-5ecb-aa01-f1038e43d4a3,cooking,0,high,3,0.0,0.0,1,4,0.08702758
5b3b8e27-4ab5-5ecb-aa01-f1038e43d4a3,dip,75,high,0,0.08,0.75,1,5,0.13296467
5b3b8e27-4ab5-5ecb-aa01-f1038e43d4a3,dip,75,high,1,0.92,0.75,1,5,0.4877666
5b3b8e27-4ab5-5ecb-aa01-f1038e43d4a3,dip,75,high,2,0.0,0.75,1,5,0.26560885
5b3b8e27-4ab5-5ecb-aa01-f1038e43d4a3,dip,75,high,3,0.0,0.75,1,5,0.11365985
5b3b8e27-4ab5-5ecb-aa01-f1038e43d4a3,drinks,50,low,0,1.0,0.5,0,6,0.7762677
5b3b8e27-4ab5-5ecb-aa01-f1038e43d4a3,drinks,50,low,1,0.0,0.5,0,6,0.13067015
5b3b8e27-4ab5-5ecb-aa01-f1038e43d4a3,drinks,50,low,2,0.0,0.5,0,6,0.05837057
5b3b8e27-4ab5-5ecb-aa01-f1038e43d4a3,drinks,50,low,3,0.0,0.5,0,6,0.034691554
5b3b8e27-4ab5-5ecb-aa01-f1038e43d4a3,driving,75,low,0,1.0,0.75,0,7,0.36953267
5b3b8e27-4ab5-5ecb-aa01-f1038e43d4a3,driving,75,low,1,0.0,0.75,0,7,0.30730876
5b3b8e27-4ab5-5ecb-aa01-f1038e43d4a3,driving,75,low,2,0.0,0.75,0,7,0.21764581
5b3b8e27-4ab5-5ecb-aa01-f1038e43d4a3,driving,75,low,3,0.0,0.75,0,7,0.10551278
5b3b8e27-4ab5-5ecb-aa01-f1038e43d4a3,fair,75,low,0,0.0,0.75,0,8,0.49065667
5b3b8e27-4ab5-5ecb-aa01-f1038e43d4a3,fair,75,low,1,1.0,0.75,0,8,0.28788748
5b3b8e27-4ab5-5ecb-aa01-f1038e43d4a3,fair,75,low,2,0.0,0.75,0,8,0.15803565
5b3b8e27-4ab5-5ecb-aa01-f1038e43d4a3,fair,75,low,3,0.0,0.75,0,8,0.06342018
5b3b8e27-4ab5-5ecb-aa01-f1038e43d4a3,gala,0,low,0,1.0,0.0,0,9,0.8866782
5b3b8e27-4ab5-5ecb-aa01-f1038e43d4a3,gala,0,low,1,0.0,0.0,0,9,0.07345924
5b3b8e27-4ab5-5ecb-aa01-f1038e43d4a3,gala,0,low,2,0.0,0.0,0,9,0.028000446
5b3b8e27-4ab5-5ecb-aa01-f1038e43d4a3,gala,0,low,3,0.0,0.0,0,9,0.011862111
5b3b8e27-4ab5-5ecb-aa01-f1038e43d4a3,hike,100,high,0,0.0,1.0,1,10,0.10209092
5b3b8e27-4ab5-5ecb-aa01-f1038e43d4a3,hike,100,high,1,1.0,1.0,1,10,0.34788167
5b3b8e27-4ab5-5ecb-aa01-f1038e43d4a3,hike,100,high,2,0.0,1.0,1,10,0.27311608
5b3b8e27-4ab5-5ecb-aa01-f1038e43d4a3,hike,100,high,3,0.0,1.0,1,10,0.27691132
5b3b8e27-4ab5-5ecb-aa01-f1038e43d4a3,oysters,50,high,0,0.7,0.5,1,11,0.24033377
5b3b8e27-4ab5-5ecb-aa01-f1038e43d4a3,oysters,50,high,1,0.3,0.5,1,11,0.30433637
5b3b8e27-4ab5-5ecb-aa01-f1038e43d4a3,oysters,50,high,2,0.0,0.5,1,11,0.32420126
5b3b8e27-4ab5-5ecb-aa01-f1038e43d4a3,oysters,50,high,3,0.0,0.5,1,11,0.1311286
5b3b8e27-4ab5-5ecb-aa01-f1038e43d4a3,social,0,low,0,1.0,0.0,0,12,0.82478136
5b3b8e27-4ab5-5ecb-aa01-f1038e43d4a3,social,0,low,1,0.0,0.0,0,12,0.042306297
5b3b8e27-4ab5-5ecb-aa01-f1038e43d4a3,social,0,low,2,0.0,0.0,0,12,0.10070582
5b3b8e27-4ab5-5ecb-aa01-f1038e43d4a3,social,0,low,3,0.0,0.0,0,12,0.032206487
5b3b8e27-4ab5-5ecb-aa01-f1038e43d4a3,soup,100,low,0,1.0,1.0,0,13,0.17265384
5b3b8e27-4ab5-5ecb-aa01-f1038e43d4a3,soup,100,low,1,0.0,1.0,0,13,0.2467696
5b3b8e27-4ab5-5ecb-aa01-f1038e43d4a3,soup,100,low,2,0.0,1.0,0,13,0.26021537
5b3b8e27-4ab5-5ecb-aa01-f1038e43d4a3,soup,100,low,3,0.0,1.0,0,13,0.32036123
5b3b8e27-4ab5-5ecb-aa01-f1038e43d4a3,takeout,75,high,0,0.18,0.75,1,14,0.2439953
5b3b8e27-4ab5-5ecb-aa01-f1038e43d4a3,takeout,75,high,1,0.64,0.75,1,14,0.45767552
5b3b8e27-4ab5-5ecb-aa01-f1038e43d4a3,takeout,75,high,2,0.18,0.75,1,14,0.2510497
5b3b8e27-4ab5-5ecb-aa01-f1038e43d4a3,takeout,75,high,3,0.0,0.75,1,14,0.047279578
5b3b8e27-4ab5-5ecb-aa01-f1038e43d4a3,wedding,100,high,0,0.45,1.0,1,15,0.08925787
5b3b8e27-4ab5-5ecb-aa01-f1038e43d4a3,wedding,100,high,1,0.2,1.0,1,15,0.2704253
5b3b8e27-4ab5-5ecb-aa01-f1038e43d4a3,wedding,100,high,2,0.35,1.0,1,15,0.30555892
5b3b8e27-4ab5-5ecb-aa01-f1038e43d4a3,wedding,100,high,3,0.0,1.0,1,15,0.33475792
5c069e7c-d864-5e5b-a5e5-81d6536176e6,apples,50,low,0,0.9,0.5,0,0,0.56864893
5c069e7c-d864-5e5b-a5e5-81d6536176e6,apples,50,low,1,0.05,0.5,0,0,0.24850366
5c069e7c-d864-5e5b-a5e5-81d6536176e6,apples,50,low,2,0.05,0.5,0,0,0.09509347
5c069e7c-d864-5e5b-a5e5-81d6536176e6,apples,50,low,3,0.0,0.5,0,0,0.08775395
5c069e7c-d864-5e5b-a5e5-81d6536176e6,basketball,100,high,0,0.05,1.0,1,1,0.11880685
5c069e7c-d864-5e5b-a5e5-81d6536176e6,basketball,100,high,1,0.5,1.0,1,1,0.24552351
5c069e7c-d864-5e5b-a5e5-81d6536176e6,basketball,100,high,2,0.45,1.0,1,1,0.31783482
5c069e7c-d864-5e5b-a5e5-81d6536176e6,basketball,100,high,3,0.0,1.0,1,1,0.3178348
5c069e7c-d864-5e5b-a5e5-81d6536176e6,birthday,0,low,0,0.9,0.0,0,2,0.3523034
5c069e7c-d864-5e5b-a5e5-81d6536176e6,birthday,0,low,1,0.1,0.0,0,2,0.507386
5c069e7c-d864-5e5b-a5e5-81d6536176e6,birthday,0,low,2,0.0,0.0,0,2,0.110791706
5c069e7c-d864-5e5b-a5e5-81d6536176e6,birthday,0,low,3,0.0,0.0,0,2,0.029518887
5c069e7c-d864-5e5b-a5e5-81d6536176e6,brunch,0,low,0,0.8,0.0,0,3,0.2796343
5c069e7c-d864-5e5b-a5e5-81d6536176e6,brunch,0,low,1,0.15,0.0,0,3,0.38874203
5c069e7c-d864-5e5b-a5e5-81d6536176e6,brunch,0,low,2,0.05,0.0,0,3,0.24525556
5c069e7c-d864-5e5b-a5e5-81d6536176e6,brunch,0,low,3,0.0,0.0,0,3,0.086368114
5c069e7c-d864-5e5b-a5e5-81d6536176e6,cooking,0,high,0,0.9,0.0,1,4,0.32258898
5c069e7c-d864-5e5b-a5e5-81d6536176e6,cooking,0,high,1,0.1,0.0,1,4,0.41451508
5c069e7c-d864-5e5b-a5e5-81d6536176e6,cooking,0,high,2,0.0,0.0,1,4,0.17586832
5c069e7c-d864-5e5b-a5e5-81d6536176e6,cooking,0,high,3,0.0,0.0,1,4,0.08702758
5c069e7c-d864-5e5b-a5e5-81d6536176e6,dip,50,low,0,0.7,0.5,0,5,0.6932131
5c069e7c-d864-5e5b-a5e5-81d6536176e6,dip,50,low,1,0.25,0.5,0,5,0.19159518
5c069e7c-d864-5e5b-a5e5-81d6536176e6,dip,50,low,2,0.05,0.5,0,5,0.08706623
5c069e7c-d864-5e5b-a5e5-81d6536176e6,dip,50,low,3,0.0,0.5,0,5,0.028125498
5c069e7c-d864-5e5b-a5e5-81d6536176e6,drinks,50,high,0,0.5,0.5,1,6,0.35946196
5c069e7c-d864-5e5b-a5e5-81d6536176e6,drinks,50,high,1,0.3,0.5,1,6,0.3741043
5c069e7c-d864-5e5b-a5e5-81d6536176e6,drinks,50,high,2,0.15,0.5,1,6,0.167113
5c069e7c-d864-5e5b-a5e5-81d6536176e6,drinks,50,high,3,0.05,0.5,1,6,0.09932076
5c069e7c-d864-5e5b-a5e5-81d6536176e6,driving,50,high,0,0.1,0.5,1,7,0.16074733
5c069e7c-d864-5e5b-a5e5-81d6536176e6,driving,50,high,1,0.8,0.5,1,7,0.4870178
5c069e7c-d864-5e5b-a5e5-81d6536176e6,driving,50,high,2,0.1,0.5,1,7,0.25592417
5c069e7c-d864-5e5b-a5e5-81d6536176e6,driving,50,high,3,0.0,0.5,1,7,0.09631069
5c069e7c-d864-5e5b-a5e5-81d6536176e6,fair,75,low,0,0.5,0.75,0,8,0.49065667
5c069e7c-d864-5e5b-a5e5-81d6536176e6,fair,75,low,1,0.3,0.75,0,8,0.28788748
5c069e7c-d864-5e5b-a5e5-81d6536176e6,fair,75,low,2,0.15,0.75,0,8,0.15803565
5c069e7c-d864-5e5b-a5e5-81d6536176e6,fair,75,low,3,0.05,0.75,0,8,0.06342018
5c069e7c-d864-5e5b-a5e5-81d6536176e6,gala,75,low,0,0.85,0.75,0,9,0.71443945
5c069e7c-d864-5e5b-a5e5-81d6536176e6,gala,75,low,1,0.05,0.75,0,9,0.13299528
5c069e7c-d864-5e5b-a5e5-81d6536176e6,gala,75,low,2,0.05,0.75,0,9,0.08963433
5c069e7c-d864-5e5b-a5e5-81d6536176e6,gala,75,low,3,0.05,0.75,0,9,0.06293091
5c069e7c-d864-5e5b-a5e5-81d6536176e6,hike,75,high,0,0.1,0.75,1,10,0.16673161
5c069e7c-d864-5e5b-a5e5-81d6536176e6,hike,75,high,1,0.85,0.75,1,10,0.44192556
5c069e7c-d864-5e5b-a5e5-81d6536176e6,hike,75,high,2,0.05,0.75,1,10,0.22072983
5c069e7c-d864-5e5b-a5e5-81d6536176e6,hike,75,high,3,0.0,0.75,1,10,0.17061298
5c069e7c-d864-5e5b-a5e5-81d6536176e6,oysters,75,high,0,0.7,0.75,1,11,0.17662722
5c069e7c-d864-5e5b-a5e5-81d6536176e6,oysters,75,high,1,0.2,0.75,1,11,0.31998342
5c069e7c-d864-5e5b-a5e5-81d6536176e6,oysters,75,high,2,0.1,0.75,1,11,0.30614635
5c069e7c-d864-5e5b-a5e5-81d6536176e6,oysters,75,high,3,0.0,0.75,1,11,0.19724306
5c069e7c-d864-5e5b-a5e5-81d6536176e6,social,100,low,0,0.85,1.0,0,12,0.28530437
5c069e7c-d864-5e5b-a5e5-81d6536176e6,social,100,low,1,0.05,1.0,0,12,0.23726287
5c069e7c-d864-5e5b-a5e5-81d6536176e6,social,100,low,2,0.1,1.0,0,12,0.26501882
5c069e7c-d864-5e5b-a5e5-81d6536176e6,social,100,low,3,0.0,1.0,0,12,0.21241392
5c069e7c-d864-5e5b-a5e5-81d6536176e6,soup,100,low,0,0.05,1.0,0,13,0.17265384
5c069e7c-d864-5e5b-a5e5-81d6536176e6,soup,100,low,1,0.7,1.0,0,13,0.2467696
5c069e7c-d864-5e5b-a5e5-81d6536176e6,soup,100,low,2,0.2,1.0,0,13,0.26021537
5c069e7c-d864-5e5b-a5e5-81d6536176e6,soup,100,low,3,0.05,1.0,0,13,0.32036123
5c069e7c-d864-5e5b-a5e5-81d6536176e6,takeout,0,high,0,0.95,0.0,1,14,0.39998376
5c069e7c-d864-5e5b-a5e5-81d6536176e6,takeout,0,high,1,0.05,0.0,1,14,0.5005222
5c069e7c-d864-5e5b-a5e5-81d6536176e6,takeout,0,high,2,0.0,0.0,1,14,0.088389106
5c069e7c-d864-5e5b-a5e5-81d6536176e6,takeout,0,high,3,0.0,0.0,1,14,0.011104971
5c069e7c-d864-5e5b-a5e5-81d6536176e6,wedding,100,high,0,0.05,1.0,1,15,0.08925787
5c069e7c-d864-5e5b-a5e5-81d6536176e6,wedding,100,high,1,0.1,1.0,1,15,0.2704253
5c069e7c-d864-5e5b-a5e5-81d6536176e6,wedding,100,high,2,0.25,1.0,1,15,0.30555892
5c069e7c-d864-5e5b-a5e5-81d6536176e6,wedding,100,high,3,0.6,1.0,1,15,0.33475792
5c60b99d-a4a4-5108-8c2e-4a669c6e3f36,apples,100,low,0,0.38,1.0,0,0,0.2761688
5c60b99d-a4a4-5108-8c2e-4a669c6e3f36,apples,100,low,1,0.25,1.0,0,0,0.247245
5c60b99d-a4a4-5108-8c2e-4a669c6e3f36,apples,100,low,2,0.21,1.0,0,0,0.23829313
5c60b99d-a4a4-5108-8c2e-4a669c6e3f36,apples,100,low,3,0.16,1.0,0,0,0.23829311
5c60b99d-a4a4-5108-8c2e-4a669c6e3f36,basketball,0,high,0,0.01,0.0,1,1,0.34058285
5c60b99d-a4a4-5108-8c2e-4a669c6e3f36,basketball,0,high,1,0.97,0.0,1,1,0.5505353
5c60b99d-a4a4-5108-8c2e-4a669c6e3f36,basketball,0,high,2,0.01,0.0,1,1,0.061094463
5c60b99d-a4a4-5108-8c2e-4a669c6e3f36,basketball,0,high,3,0.01,0.0,1,1,0.047787316
5c60b99d-a4a4-5108-8c2e-4a669c6e3f36,birthday,0,low,0,0.2,0.0,0,2,0.3523034
5c60b99d-a4a4-5108-8c2e-4a669c6e3f36,birthday,0,low,1,0.31,0.0,0,2,0.507386
5c60b99d-a4a4-5108-8c2e-4a669c6e3f36,birthday,0,low,2,0.28,0.0,0,2,0.110791706
5c60b99d-a4a4-5108-8c2e-4a669c6e3f36,birthday,0,low,3,0.21,0.0,0,2,0.029518887
5c60b99d-a4a4-5108-8c2e-4a669c6e3f36,brunch,75,high,0,0.18,0.75,1,3,0.2549862
5c60b99d-a4a4-5108-8c2e-4a669c6e3f36,brunch,75,high,1,0.12,0.75,1,3,0.28037846
5c60b99d-a4a4-5108-8c2e-4a669c6e3f36,brunch,75,high,2,0.5,0.75,1,3,0.2631387
5c60b99d-a4a4-5108-8c2e-4a669c6e3f36,brunch,75,high,3,0.2,0.75,1,3,0.20149668
5c60b99d-a4a4-5108-8c2e-4a669c6e3f36,cooking,0,high,0,0.02,0.0,1,4,0.32258898
5c60b99d-a4a4-5108-8c2e-4a669c6e3f36,cooking,0,high,1,0.96,0.0,1,4,0.41451508
5c60b99d-a4a4-5108-8c2e-4a669c6e3f36,cooking,0,high,2,0.01,0.0,1,4,0.17586832
5c60b99d-a4a4-5108-8c2e-4a669c6e3f36,cooking,0,high,3,0.01,0.0,1,4,0.08702758
5c60b99d-a4a4-5108-8c2e-4a669c6e3f36,dip,75,high,0,0.03,0.75,1,5,0.13296467
5c60b99d-a4a4-5108-8c2e-4a669c6e3f36,dip,75,high,1,0.85,0.75,1,5,0.4877666
5c60b99d-a4a4-5108-8c2e-4a669c6e3f36,dip,75,high,2,0.06,0.75,1,5,0.26560885
5c60b99d-a4a4-5108-8c2e-4a669c6e3f36,dip,75,high,3,0.06,0.75,1,5,0.11365985
5c60b99d-a4a4-5108-8c2e-4a669c6e3f36,drinks,100,high,0,0.38,1.0,1,6,0.17412922
5c60b99d-a4a4-5108-8c2e-4a669c6e3f36,drinks,100,high,1,0.37,1.0,1,6,0.28677985
5c60b99d-a4a4-5108-8c2e-4a669c6e3f36,drinks,100,high,2,0.05,1.0,1,6,0.2700779
5c60b99d-a4a4-5108-8c2e-4a669c6e3f36,drinks,100,high,3,0.2,1.0,1,6,0.269013
5c60b99d-a4a4-5108-8c2e-4a669c6e3f36,driving,100,high,0,0.43,1.0,1,7,0.09397328
5c60b99d-a4a4-5108-8c2e-4a669c6e3f36,driving,100,high,1,0.4,1.0,1,7,0.28471178
5c60b99d-a4a4-5108-8c2e-4a669c6e3f36,driving,100,high,2,0.1,1.0,1,7,0.3065041
5c60b99d-a4a4-5108-8c2e-4a669c6e3f36,driving,100,high,3,0.07,1.0,1,7,0.31481075
5c60b99d-a4a4-5108-8c2e-4a669c6e3f36,fair,75,low,0,0.16,0.75,0,8,0.49065667
5c60b99d-a4a4-5108-8c2e-4a669c6e3f36,fair,75,low,1,0.33,0.75,0,8,0.28788748
5c60b99d-a4a4-5108-8c2e-4a669c6e3f36,fair,75,low,2,0.23,0.75,0,8,0.15803565
5c60b99d-a4a4-5108-8c2e-4a669c6e3f36,fair,75,low,3,0.28,0.75,0,8,0.06342018
5c60b99d-a4a4-5108-8c2e-4a669c6e3f36,gala,100,low,0,0.04,1.0,0,9,0.56416404
5c60b99d-a4a4-5108-8c2e-4a669c6e3f36,gala,100,low,1,0.31,1.0,0,9,0.15963629
5c60b99d-a4a4-5108-8c2e-4a669c6e3f36,gala,100,low,2,0.02,1.0,0,9,0.14447609
5c60b99d-a4a4-5108-8c2e-4a669c6e3f36,gala,100,low,3,0.63,1.0,0,9,0.13172355
5c60b99d-a4a4-5108-8c2e-4a669c6e3f36,hike,50,high,0,0.04,0.5,1,10,0.22081594
5c60b99d-a4a4-5108-8c2e-4a669c6e3f36,hike,50,high,1,0.94,0.5,1,10,0.48932368
5c60b99d-a4a4-5108-8c2e-4a669c6e3f36,hike,50,high,2,0.01,0.5,1,10,0.17706409
5c60b99d-a4a4-5108-8c2e-4a669c6e3f36,hike,50,high,3,0.01,0.5,1,10,0.11279631
5c60b99d-a4a4-5108-8c2e-4a669c6e3f36,oysters,0,low,0,0.87,0.0,0,11,0.64080536
5c60b99d-a4a4-5108-8c2e-4a669c6e3f36,oysters,0,low,1,0.12,0.0,0,11,0.12204299
5c60b99d-a4a4-5108-8c2e-4a669c6e3f36,oysters,0,low,2,0.01,0.0,0,11,0.21212909
5c60b99d-a4a4-5108-8c2e-4a669c6e3f36,oysters,0,low,3,0.0,0.0,0,11,0.025022497
5c60b99d-a4a4-5108-8c2e-4a669c6e3f36,social,50,low,0,0.82,0.5,0,12,0.6326194
5c60b99d-a4a4-5108-8c2e-4a669c6e3f36,social,50,low,1,0.09,0.5,0,12,0.10343386
5c60b99d-a4a4-5108-8c2e-4a669c6e3f36,social,50,low,2,0.09,0.5,0,12,0.17970979
5c60b99d-a4a4-5108-8c2e-4a669c6e3f36,social,50,low,3,0.0,0.5,0,12,0.08423695
5c60b99d-a4a4-5108-8c2e-4a669c6e3f36,soup,50,high,0,0.91,0.5,1,13,0.2746141
5c60b99d-a4a4-5108-8c2e-4a669c6e3f36,soup,50,high,1,0.04,0.5,1,13,0.4519501
5c60b99d-a4a4-5108-8c2e-4a669c6e3f36,soup,50,high,2,0.03,0.5,1,13,0.15815441
5c60b99d-a4a4-5108-8c2e-4a669c6e3f36,soup,50,high,3,0.02,0.5,1,13,0.11528138
5c60b99d-a4a4-5108-8c2e-4a669c6e3f36,takeout,75,low,0,0.08,0.75,0,14,0.4908885
5c60b99d-a4a4-5108-8c2e-4a669c6e3f36,takeout,75,low,1,0.42,0.75,0,14,0.3014709
5c60b99d-a4a4-5108-8c2e-4a669c6e3f36,takeout,75,low,2,0.48,0.75,0,14,0.16536646
5c60b99d-a4a4-5108-8c2e-4a669c6e3f36,takeout,75,low,3,0.02,0.75,0,14,0.042274114
5c60b99d-a4a4-5108-8c2e-4a669c6e3f36,wedding,50,low,0,0.7,0.5,0,15,0.62692803
5c60b99d-a4a4-5108-8c2e-4a669c6e3f36,wedding,50,low,1,0.15,0.5,0,15,0.19194227
5c60b99d-a4a4-5108-8c2e-4a669c6e3f36,wedding,50,low,2,0.15,0.5,0,15,0.124107055
5c60b99d-a4a4-5108-8c2e-4a669c6e3f36,wedding,50,low,3,0.0,0.5,0,15,0.057022646
64021993-4f9f-535e-a31b-f02cfc4c99b1,apples,100,low,0,0.34,1.0,0,0,0.2761688
64021993-4f9f-535e-a31b-f02cfc4c99b1,apples,100,low,1,0.13,1.0,0,0,0.247245
64021993-4f9f-535e-a31b-f02cfc4c99b1,apples,100,low,2,0.17,1.0,0,0,0.23829313
64021993-4f9f-535e-a31b-f02cfc4c99b1,apples,100,low,3,0.36,1.0,0,0,0.23829311
64021993-4f9f-535e-a31b-f02cfc4c99b1,basketball,0,low,0,0.51,0.0,0,1,0.59798855
64021993-4f9f-535e-a31b-f02cfc4c99b1,basketball,0,low,1,0.42,0.0,0,1,0.33563203
64021993-4f9f-535e-a31b-f02cfc4c99b1,basketball,0,low,2,0.05,0.0,0,1,0.03724604
64021993-4f9f-535e-a31b-f02cfc4c99b1,basketball,0,low,3,0.02,0.0,0,1,0.02913338
64021993-4f9f-535e-a31b-f02cfc4c99b1,birthday,50,low,0,0.41,0.5,0,2,0.29914954
64021993-4f9f-535e-a31b-f02cfc4c99b1,birthday,50,low,1,0.51,0.5,0,2,0.43083405
64021993-4f9f-535e-a31b-f02cfc4c99b1,birthday,50,low,2,0.05,0.5,0,2,0.18929946
64021993-4f9f-535e-a31b-f02cfc4c99b1,birthday,50,low,3,0.03,0.5,0,2,0.08071703
64021993-4f9f-535e-a31b-f02cfc4c99b1,brunch,50,low,0,0.3,0.5,0,3,0.27989364
64021993-4f9f-535e-a31b-f02cfc4c99b1,brunch,50,low,1,0.3,0.5,0,3,0.3171549
64021993-4f9f-535e-a31b-f02cfc4c99b1,brunch,50,low,2,0.3,0.5,0,3,0.2594152
64021993-4f9f-535e-a31b-f02cfc4c99b1,brunch,50,low,3,0.1,0.5,0,3,0.14353625
64021993-4f9f-535e-a31b-f02cfc4c99b1,cooking,50,high,0,0.01,0.5,1,4,0.20437361
64021993-4f9f-535e-a31b-f02cfc4c99b1,cooking,50,high,1,0.94,0.5,1,4,0.39527634
64021993-4f9f-535e-a31b-f02cfc4c99b1,cooking,50,high,2,0.03,0.5,1,4,0.2374081
64021993-4f9f-535e-a31b-f02cfc4c99b1,cooking,50,high,3,0.02,0.5,1,4,0.16294199
64021993-4f9f-535e-a31b-f02cfc4c99b1,dip,100,high,0,0.19,1.0,1,5,0.10021788
64021993-4f9f-535e-a31b-f02cfc4c99b1,dip,100,high,1,0.38,1.0,1,5,0.36763847
64021993-4f9f-535e-a31b-f02cfc4c99b1,dip,100,high,2,0.24,1.0,1,5,0.30430344
64021993-4f9f-535e-a31b-f02cfc4c99b1,dip,100,high,3,0.19,1.0,1,5,0.22784017
64021993-4f9f-535e-a31b-f02cfc4c99b1,drinks,75,low,0,0.68,0.75,0,6,0.7045375
64021993-4f9f-535e-a31b-f02cfc4c99b1,drinks,75,low,1,0.22,0.75,0,6,0.1435551
64021993-4f9f-535e-a31b-f02cfc4c99b1,drinks,75,low,2,0.09,0.75,0,6,0.08746405
64021993-4f9f-535e-a31b-f02cfc4c99b1,drinks,75,low,3,0.01,0.75,0,6,0.06444328
64021993-4f9f-535e-a31b-f02cfc4c99b1,driving,0,high,0,0.42,0.0,1,7,0.19378443
64021993-4f9f-535e-a31b-f02cfc4c99b1,driving,0,high,1,0.43,0.0,1,7,0.58711064
64021993-4f9f-535e-a31b-f02cfc4c99b1,driving,0,high,2,0.1,0.0,1,7,0.18505675
64021993-4f9f-535e-a31b-f02cfc4c99b1,driving,0,high,3,0.05,0.0,1,7,0.034048196
64021993-4f9f-535e-a31b-f02cfc4c99b1,fair,100,low,0,0.54,1.0,0,8,0.37053174
64021993-4f9f-535e-a31b-f02cfc4c99b1,fair,100,low,1,0.39,1.0,0,8,0.2363968
64021993-4f9f-535e-a31b-f02cfc4c99b1,fair,100,low,2,0.05,1.0,0,8,0.2622352
64021993-4f9f-535e-a31b-f02cfc4c99b1,fair,100,low,3,0.02,1.0,0,8,0.1308363
64021993-4f9f-535e-a31b-f02cfc4c99b1,gala,100,high,0,0.02,1.0,1,9,0.08383131
64021993-4f9f-535e-a31b-f02cfc4c99b1,gala,100,high,1,0.02,1.0,1,9,0.30393267
64021993-4f9f-535e-a31b-f02cfc4c99b1,gala,100,high,2,0.1,1.0,1,9,0.28360444
64021993-4f9f-535e-a31b-f02cfc4c99b1,gala,100,high,3,0.86,1.0,1,9,0.32863158
64021993-4f9f-535e-a31b-f02cfc4c99b1,hike,0,low,0,0.55,0.0,0,10,0.64159936
64021993-4f9f-535e-a31b-f02cfc4c99b1,hike,0,low,1,0.41,0.0,0,10,0.25533968
64021993-4f9f-535e-a31b-f02cfc4c99b1,hike,0,low,2,0.02,0.0,0,10,0.07569081
64021993-4f9f-535e-a31b-f02cfc4c99b1,hike,0,low,3,0.02,0.0,0,10,0.027370106
64021993-4f9f-535e-a31b-f02cfc4c99b1,oysters,75,high,0,0.29,0.75,1,11,0.17662722
64021993-4f9f-535e-a31b-f02cfc4c99b1,oysters,75,high,1,0.46,0.75,1,11,0.31998342
64021993-4f9f-535e-a31b-f02cfc4c99b1,oysters,75,high,2,0.1,0.75,1,11,0.30614635
64021993-4f9f-535e-a31b-f02cfc4c99b1,oysters,75,high,3,0.15,0.75,1,11,0.19724306
64021993-4f9f-535e-a31b-f02cfc4c99b1,social,0,high,0,0.94,0.0,1,12,0.65139556
64021993-4f9f-535e-a31b-f02cfc4c99b1,social,0,high,1,0.04,0.0,1,12,0.08862829
64021993-4f9f-535e-a31b-f02cfc4c99b1,social,0,high,2,0.01,0.0,1,12,0.1875765
64021993-4f9f-535e-a31b-f02cfc4c99b1,social,0,high,3,0.01,0.0,1,12,0.07239971
64021993-4f9f-535e-a31b-f02cfc4c99b1,soup,75,high,0,0.52,0.75,1,13,0.22527981
64021993-4f9f-535e-a31b-f02cfc4c99b1,soup,75,high,1,0.44,0.75,1,13,0.3707575
64021993-4f9f-535e-a31b-f02cfc4c99b1,soup,75,high,2,0.01,0.75,1,13,0.21040073
64021993-4f9f-535e-a31b-f02cfc4c99b1,soup,75,high,3,0.03,0.75,1,13,0.19356199
64021993-4f9f-535e-a31b-f02cfc4c99b1,takeout,75,low,0,0.48,0.75,0,14,0.4908885
64021993-4f9f-535e-a31b-f02cfc4c99b1,takeout,75,low,1,0.47,0.75,0,14,0.3014709
64021993-4f9f-535e-a31b-f02cfc4c99b1,takeout,75,low,2,0.05,0.75,0,14,0.16536646
64021993-4f9f-535e-a31b-f02cfc4c99b1,takeout,75,low,3,0.0,0.75,0,14,0.042274114
64021993-4f9f-535e-a31b-f02cfc4c99b1,wedding,50,high,0,0.29,0.5,1,15,0.23947777
64021993-4f9f-535e-a31b-f02cfc4c99b1,wedding,50,high,1,0.34,0.5,1,15,0.35416168
64021993-4f9f-535e-a31b-f02cfc4c99b1,wedding,50,high,2,0.32,0.5,1,15,0.2457274
64021993-4f9f-535e-a31b-f02cfc4c99b1,wedding,50,high,3,0.05,0.5,1,15,0.16063312
6537e2c5-1a74-5391-8bc2-846ddd9efe86,apples,0,high,0,0.83,0.0,1,0,0.42698184
6537e2c5-1a74-5391-8bc2-846ddd9efe86,apples,0,high,1,0.0,0.0,1,0,0.40298706
6537e2c5-1a74-5391-8bc2-846ddd9efe86,apples,0,high,2,0.17,0.0,1,0,0.09085414
6537e2c5-1a74-5391-8bc2-846ddd9efe86,apples,0,high,3,0.0,0.0,1,0,0.079176955
6537e2c5-1a74-5391-8bc2-846ddd9efe86,basketball,100,low,0,0.84,1.0,0,1,0.27969223
6537e2c5-1a74-5391-8bc2-846ddd9efe86,basketball,100,low,1,0.08,1.0,0,1,0.20069663
6537e2c5-1a74-5391-8bc2-846ddd9efe86,basketball,100,low,2,0.05,1.0,0,1,0.25980562
6537e2c5-1a74-5391-8bc2-846ddd9efe86,basketball,100,low,3,0.03,1.0,0,1,0.25980556
6537e2c5-1a74-5391-8bc2-846ddd9efe86,birthday,100,high,0,0.03,1.0,1,2,0.09661102
6537e2c5-1a74-5391-8bc2-846ddd9efe86,birthday,100,high,1,0.29,1.0,1,2,0.30580187
6537e2c5-1a74-5391-8bc2-846ddd9efe86,birthday,100,high,2,0.62,1.0,1,2,0.3316454
6537e2c5-1a74-5391-8bc2-846ddd9efe86,birthday,100,high,3,0.06,1.0,1,2,0.2659417
6537e2c5-1a74-5391-8bc2-846ddd9efe86,brunch,100,high,0,0.07,1.0,1,3,0.23770595
6537e2c5-1a74-5391-8bc2-846ddd9efe86,brunch,100,high,1,0.42,1.0,1,3,0.22106798
6537e2c5-1a74-5391-8bc2-846ddd9efe86,brunch,100,high,2,0.45,1.0,1,3,0.2566543
6537e2c5-1a74-5391-8bc2-846ddd9efe86,brunch,100,high,3,0.06,1.0,1,3,0.2845718
6537e2c5-1a74-5391-8bc2-846ddd9efe86,cooking,0,low,0,0.82,0.0,0,4,0.8578861
6537e2c5-1a74-5391-8bc2-846ddd9efe86,cooking,0,low,1,0.07,0.0,0,4,0.09232124
6537e2c5-1a74-5391-8bc2-846ddd9efe86,cooking,0,low,2,0.11,0.0,0,4,0.03482614
6537e2c5-1a74-5391-8bc2-846ddd9efe86,cooking,0,low,3,0.0,0.0,0,4,0.014966578
6537e2c5-1a74-5391-8bc2-846ddd9efe86,dip,0,high,0,0.09,0.0,1,5,0.17585786
6537e2c5-1a74-5391-8bc2-846ddd9efe86,dip,0,high,1,0.87,0.0,1,5,0.6451156
6537e2c5-1a74-5391-8bc2-846ddd9efe86,dip,0,high,2,0.02,0.0,1,5,0.1563427
6537e2c5-1a74-5391-8bc2-846ddd9efe86,dip,0,high,3,0.02,0.0,1,5,0.022683876
6537e2c5-1a74-5391-8bc2-846ddd9efe86,drinks,50,low,0,0.84,0.5,0,6,0.7762677
6537e2c5-1a74-5391-8bc2-846ddd9efe86,drinks,50,low,1,0.04,0.5,0,6,0.13067015
6537e2c5-1a74-5391-8bc2-846ddd9efe86,drinks,50,low,2,0.02,0.5,0,6,0.05837057
6537e2c5-1a74-5391-8bc2-846ddd9efe86,drinks,50,low,3,0.1,0.5,0,6,0.034691554
6537e2c5-1a74-5391-8bc2-846ddd9efe86,driving,50,low,0,0.32,0.5,0,7,0.41526043
6537e2c5-1a74-5391-8bc2-846ddd9efe86,driving,50,low,1,0.65,0.5,0,7,0.34533665
6537e2c5-1a74-5391-8bc2-846ddd9efe86,driving,50,low,2,0.03,0.5,0,7,0.1814718
6537e2c5-1a74-5391-8bc2-846ddd9efe86,driving,50,low,3,0.0,0.5,0,7,0.05793105
6537e2c5-1a74-5391-8bc2-846ddd9efe86,fair,50,high,0,0.13,0.5,1,8,0.24886383
6537e2c5-1a74-5391-8bc2-846ddd9efe86,fair,50,high,1,0.87,0.5,1,8,0.45617265
6537e2c5-1a74-5391-8bc2-846ddd9efe86,fair,50,high,2,0.0,0.5,1,8,0.17059332
6537e2c5-1a74-5391-8bc2-846ddd9efe86,fair,50,high,3,0.0,0.5,1,8,0.124370255
6537e2c5-1a74-5391-8bc2-846ddd9efe86,gala,50,high,0,0.31,0.5,1,9,0.22198972
6537e2c5-1a74-5391-8bc2-846ddd9efe86,gala,50,high,1,0.61,0.5,1,9,0.39286163
6537e2c5-1a74-5391-8bc2-846ddd9efe86,gala,50,high,2,0.05,0.5,1,9,0.22126077
6537e2c5-1a74-5391-8bc2-846ddd9efe86,gala,50,high,3,0.03,0.5,1,9,0.1638879
6537e2c5-1a74-5391-8bc2-846ddd9efe86,hike,75,low,0,0.78,0.75,0,10,0.4188641
6537e2c5-1a74-5391-8bc2-846ddd9efe86,hike,75,low,1,0.13,0.75,0,10,0.2709454
6537e2c5-1a74-5391-8bc2-846ddd9efe86,hike,75,low,2,0.05,0.75,0,10,0.19254148
6537e2c5-1a74-5391-8bc2-846ddd9efe86,hike,75,low,3,0.04,0.75,0,10,0.117649004
6537e2c5-1a74-5391-8bc2-846ddd9efe86,oysters,75,low,0,0.18,0.75,0,11,0.4116703
6537e2c5-1a74-5391-8bc2-846ddd9efe86,oysters,75,low,1,0.47,0.75,0,11,0.20713082
6537e2c5-1a74-5391-8bc2-846ddd9efe86,oysters,75,low,2,0.27,0.75,0,11,0.2690045
6537e2c5-1a74-5391-8bc2-846ddd9efe86,oysters,75,low,3,0.08,0.75,0,11,0.112194374
6537e2c5-1a74-5391-8bc2-846ddd9efe86,social,75,high,0,0.52,0.75,1,12,0.26838598
6537e2c5-1a74-5391-8bc2-846ddd9efe86,social,75,high,1,0.18,0.75,1,12,0.22903113
6537e2c5-1a74-5391-8bc2-846ddd9efe86,social,75,high,2,0.09,0.75,1,12,0.2943885
6537e2c5-1a74-5391-8bc2-846ddd9efe86,social,75,high,3,0.21,0.75,1,12,0.20819436
6537e2c5-1a74-5391-8bc2-846ddd9efe86,soup,75,high,0,0.31,0.75,1,13,0.22527981
6537e2c5-1a74-5391-8bc2-846ddd9efe86,soup,75,high,1,0.5,0.75,1,13,0.3707575
6537e2c5-1a74-5391-8bc2-846ddd9efe86,soup,75,high,2,0.05,0.75,1,13,0.21040073
6537e2c5-1a74-5391-8bc2-846ddd9efe86,soup,75,high,3,0.14,0.75,1,13,0.19356199
6537e2c5-1a74-5391-8bc2-846ddd9efe86,takeout,0,low,0,0.82,0.0,0,14,0.66916895
6537e2c5-1a74-5391-8bc2-846ddd9efe86,takeout,0,low,1,0.18,0.0,0,14,0.27415937
6537e2c5-1a74-5391-8bc2-846ddd9efe86,takeout,0,low,2,0.0,0.0,0,14,0.048414838
6537e2c5-1a74-5391-8bc2-846ddd9efe86,takeout,0,low,3,0.0,0.0,0,14,0.008256775
6537e2c5-1a74-5391-8bc2-846ddd9efe86,wedding,100,low,0,0.67,1.0,0,15,0.35762483
6537e2c5-1a74-5391-8bc2-846ddd9efe86,wedding,100,low,1,0.03,1.0,0,15,0.22430809
6537e2c5-1a74-5391-8bc2-846ddd9efe86,wedding,100,low,2,0.04,1.0,0,15,0.2361927
6537e2c5-1a74-5391-8bc2-846ddd9efe86,wedding,100,low,3,0.26,1.0,0,15,0.18187447
69028819-b9e9-5930-9cc5-4088760568ec,apples,75,high,0,0.01,0.75,1,0,0.17327306
69028819-b9e9-5930-9cc5-4088760568ec,apples,75,high,1,0.31,0.75,1,0,0.36745417
69028819-b9e9-5930-9cc5-4088760568ec,apples,75,high,2,0.33,0.75,1,0,0.23502025
69028819-b9e9-5930-9cc5-4088760568ec,apples,75,high,3,0.35,0.75,1,0,0.22425258
69028819-b9e9-5930-9cc5-4088760568ec,basketball,100,high,0,0.01,1.0,1,1,0.11880685
69028819-b9e9-5930-9cc5-4088760568ec,basketball,100,high,1,0.17,1.0,1,1,0.24552351
69028819-b9e9-5930-9cc5-4088760568ec,basketball,100,high,2,0.01,1.0,1,1,0.31783482
69028819-b9e9-5930-9cc5-4088760568ec,basketball,100,high,3,0.81,1.0,1,1,0.3178348
69028819-b9e9-5930-9cc5-4088760568ec,birthday,0,low,0,1.0,0.0,0,2,0.3523034
69028819-b9e9-5930-9cc5-4088760568ec,birthday,0,low,1,0.0,0.0,0,2,0.507386
69028819-b9e9-5930-9cc5-4088760568ec,birthday,0,low,2,0.0,0.0,0,2,0.110791706
69028819-b9e9-5930-9cc5-4088760568ec,birthday,0,low,3,0.0,0.0,0,2,0.029518887
69028819-b9e9-5930-9cc5-4088760568ec,brunch,50,low,0,0.66,0.5,0,3,0.27989364
69028819-b9e9-5930-9cc5-4088760568ec,brunch,50,low,1,0.32,0.5,0,3,0.3171549
69028819-b9e9-5930-9cc5-4088760568ec,brunch,50,low,2,0.01,0.5,0,3,0.2594152
69028819-b9e9-5930-9cc5-4088760568ec,brunch,50,low,3,0.01,0.5,0,3,0.14353625
69028819-b9e9-5930-9cc5-4088760568ec,cooking,0,low,0,0.38,0.0,0,4,0.8578861
69028819-b9e9-5930-9cc5-4088760568ec,cooking,0,low,1,0.62,0.0,0,4,0.09232124
69028819-b9e9-5930-9cc5-4088760568ec,cooking,0,low,2,0.0,0.0,0,4,0.03482614
69028819-b9e9-5930-9cc5-4088760568ec,cooking,0,low,3,0.0,0.0,0,4,0.014966578
69028819-b9e9-5930-9cc5-4088760568ec,dip,100,low,0,0.87,1.0,0,5,0.571308
69028819-b9e9-5930-9cc5-4088760568ec,dip,100,low,1,0.11,1.0,0,5,0.15790218
69028819-b9e9-5930-9cc5-4088760568ec,dip,100,low,2,0.01,1.0,0,5,0.14700009
69028819-b9e9-5930-9cc5-4088760568ec,dip,100,low,3,0.01,1.0,0,5,0.12378971
69028819-b9e9-5930-9cc5-4088760568ec,drinks,75,low,0,1.0,0.75,0,6,0.7045375
69028819-b9e9-5930-9cc5-4088760568ec,drinks,75,low,1,0.0,0.75,0,6,0.1435551
69028819-b9e9-5930-9cc5-4088760568ec,drinks,75,low,2,0.0,0.75,0,6,0.08746405
69028819-b9e9-5930-9cc5-4088760568ec,drinks,75,low,3,0.0,0.75,0,6,0.06444328
69028819-b9e9-5930-9cc5-4088760568ec,driving,100,low,0,0.0,1.0,0,7,0.28515202
69028819-b9e9-5930-9cc5-4088760568ec,driving,100,low,1,0.0,1.0,0,7,0.23713657
69028819-b9e9-5930-9cc5-4088760568ec,driving,100,low,2,0.0,1.0,0,7,0.25528738
69028819-b9e9-5930-9cc5-4088760568ec,driving,100,low,3,1.0,1.0,0,7,0.22242402
69028819-b9e9-5930-9cc5-4088760568ec,fair,100,high,0,0.0,1.0,1,8,0.116963215
69028819-b9e9-5930-9cc5-4088760568ec,fair,100,high,1,0.0,1.0,1,8,0.2474626
69028819-b9e9-5930-9cc5-4088760568ec,fair,100,high,2,0.11,1.0,1,8,0.30874684
69028819-b9e9-5930-9cc5-4088760568ec,fair,100,high,3,0.89,1.0,1,8,0.32682738
69028819-b9e9-5930-9cc5-4088760568ec,gala,50,high,0,0.93,0.5,1,9,0.22198972
69028819-b9e9-5930-9cc5-4088760568ec,gala,50,high,1,0.05,0.5,1,9,0.39286163
69028819-b9e9-5930-9cc5-4088760568ec,gala,50,high,2,0.01,0.5,1,9,0.22126077
69028819-b9e9-5930-9cc5-4088760568ec,gala,50,high,3,0.01,0.5,1,9,0.1638879
69028819-b9e9-5930-9cc5-4088760568ec,hike,50,low,0,0.81,0.5,0,10,0.51034856
69028819-b9e9-5930-9cc5-4088760568ec,hike,50,low,1,0.19,0.5,0,10,0.27600068
69028819-b9e9-5930-9cc5-4088760568ec,hike,50,low,2,0.0,0.5,0,10,0.1420938
69028819-b9e9-5930-9cc5-4088760568ec,hike,50,low,3,0.0,0.5,0,10,0.07155705
69028819-b9e9-5930-9cc5-4088760568ec,oysters,0,high,0,1.0,0.0,1,11,0.36713034
69028819-b9e9-5930-9cc5-4088760568ec,oysters,0,high,1,0.0,0.0,1,11,0.251757
69028819-b9e9-5930-9cc5-4088760568ec,oysters,0,high,2,0.0,0.0,1,11,0.32237086
69028819-b9e9-5930-9cc5-4088760568ec,oysters,0,high,3,0.0,0.0,1,11,0.058741804
69028819-b9e9-5930-9cc5-4088760568ec,social,0,high,0,1.0,0.0,1,12,0.65139556
69028819-b9e9-5930-9cc5-4088760568ec,social,0,high,1,0.0,0.0,1,12,0.08862829
69028819-b9e9-5930-9cc5-4088760568ec,social,0,high,2,0.0,0.0,1,12,0.1875765
69028819-b9e9-5930-9cc5-4088760568ec,social,0,high,3,0.0,0.0,1,12,0.07239971
69028819-b9e9-5930-9cc5-4088760568ec,soup,75,high,0,0.94,0.75,1,13,0.22527981
69028819-b9e9-5930-9cc5-4088760568ec,soup,75,high,1,0.02,0.75,1,13,0.3707575
69028819-b9e9-5930-9cc5-4088760568ec,soup,75,high,2,0.02,0.75,1,13,0.21040073
69028819-b9e9-5930-9cc5-4088760568ec,soup,75,high,3,0.02,0.75,1,13,0.19356199
69028819-b9e9-5930-9cc5-4088760568ec,takeout,75,low,0,0.76,0.75,0,14,0.4908885
69028819-b9e9-5930-9cc5-4088760568ec,takeout,75,low,1,0.23,0.75,0,14,0.3014709
69028819-b9e9-5930-9cc5-4088760568ec,takeout,75,low,2,0.01,0.75,0,14,0.16536646
69028819-b9e9-5930-9cc5-4088760568ec,takeout,75,low,3,0.0,0.75,0,14,0.042274114
69028819-b9e9-5930-9cc5-4088760568ec,wedding,50,high,0,0.92,0.5,1,15,0.23947777
69028819-b9e9-5930-9cc5-4088760568ec,wedding,50,high,1,0.06,0.5,1,15,0.35416168
69028819-b9e9-5930-9cc5-4088760568ec,wedding,50,high,2,0.02,0.5,1,15,0.2457274
69028819-b9e9-5930-9cc5-4088760568ec,wedding,50,high,3,0.0,0.5,1,15,0.16063312
6e28deed-e8a5-5901-b89e-daecf0877975,apples,100,low,0,0.52,1.0,0,0,0.2761688
6e28deed-e8a5-5901-b89e-daecf0877975,apples,100,low,1,0.16,1.0,0,0,0.247245
6e28deed-e8a5-5901-b89e-daecf0877975,apples,100,low,2,0.16,1.0,0,0,0.23829313
6e28deed-e8a5-5901-b89e-daecf0877975,apples,100,low,3,0.16,1.0,0,0,0.23829311
6e28deed-e8a5-5901-b89e-daecf0877975,basketball,0,high,0,0.18,0.0,1,1,0.34058285
6e28deed-e8a5-5901-b89e-daecf0877975,basketball,0,high,1,0.46,0.0,1,1,0.5505353
6e28deed-e8a5-5901-b89e-daecf0877975,basketball,0,high,2,0.18,0.0,1,1,0.061094463
6e28deed-e8a5-5901-b89e-daecf0877975,basketball,0,high,3,0.18,0.0,1,1,0.047787316
6e28deed-e8a5-5901-b89e-daecf0877975,birthday,75,high,0,0.07,0.75,1,2,0.13972035
6e28deed-e8a5-5901-b89e-daecf0877975,birthday,75,high,1,0.5,0.75,1,2,0.44225538
6e28deed-e8a5-5901-b89e-daecf0877975,birthday,75,high,2,0.36,0.75,1,2,0.270476
6e28deed-e8a5-5901-b89e-daecf0877975,birthday,75,high,3,0.07,0.75,1,2,0.14754832
6e28deed-e8a5-5901-b89e-daecf0877975,brunch,100,high,0,0.17,1.0,1,3,0.23770595
6e28deed-e8a5-5901-b89e-daecf0877975,brunch,100,high,1,0.17,1.0,1,3,0.22106798
6e28deed-e8a5-5901-b89e-daecf0877975,brunch,100,high,2,0.17,1.0,1,3,0.2566543
6e28deed-e8a5-5901-b89e-daecf0877975,brunch,100,high,3,0.49,1.0,1,3,0.2845718
6e28deed-e8a5-5901-b89e-daecf0877975,cooking,75,low,0,0.68,0.75,0,4,0.6957702
6e28deed-e8a5-5901-b89e-daecf0877975,cooking,75,low,1,0.07,0.75,0,4,0.14309031
6e28deed-e8a5-5901-b89e-daecf0877975,cooking,75,low,2,0.09,0.75,0,4,0.093604214
6e28deed-e8a5-5901-b89e-daecf0877975,cooking,75,low,3,0.16,0.75,0,4,0.06753522
6e28deed-e8a5-5901-b89e-daecf0877975,dip,100,low,0,0.58,1.0,0,5,0.571308
6e28deed-e8a5-5901-b89e-daecf0877975,dip,100,low,1,0.14,1.0,0,5,0.15790218
6e28deed-e8a5-5901-b89e-daecf0877975,dip,100,low,2,0.14,1.0,0,5,0.14700009
6e28deed-e8a5-5901-b89e-daecf0877975,dip,100,low,3,0.14,1.0,0,5,0.12378971
6e28deed-e8a5-5901-b89e-daecf0877975,drinks,50,low,0,0.52,0.5,0,6,0.7762677
6e28deed-e8a5-5901-b89e-daecf0877975,drinks,50,low,1,0.16,0.5,0,6,0.13067015
6e28deed-e8a5-5901-b89e-daecf0877975,drinks,50,low,2,0.16,0.5,0,6,0.05837057
6e28deed-e8a5-5901-b89e-daecf0877975,drinks,50,low,3,0.16,0.5,0,6,0.034691554
6e28deed-e8a5-5901-b89e-daecf0877975,driving,0,low,0,0.4,0.0,0,7,0.46846104
6e28deed-e8a5-5901-b89e-daecf0877975,driving,0,low,1,0.52,0.0,0,7,0.38957903
6e28deed-e8a5-5901-b89e-daecf0877975,driving,0,low,2,0.04,0.0,0,7,0.12279496
6e28deed-e8a5-5901-b89e-daecf0877975,driving,0,low,3,0.04,0.0,0,7,0.019165
6e28deed-e8a5-5901-b89e-daecf0877975,fair,50,high,0,0.14,0.5,1,8,0.24886383
6e28deed-e8a5-5901-b89e-daecf0877975,fair,50,high,1,0.58,0.5,1,8,0.45617265
6e28deed-e8a5-5901-b89e-daecf0877975,fair,50,high,2,0.14,0.5,1,8,0.17059332
6e28deed-e8a5-5901-b89e-daecf0877975,fair,50,high,3,0.14,0.5,1,8,0.124370255
6e28deed-e8a5-5901-b89e-daecf0877975,gala,75,low,0,0.52,0.75,0,9,0.71443945
6e28deed-e8a5-5901-b89e-daecf0877975,gala,75,low,1,0.16,0.75,0,9,0.13299528
6e28deed-e8a5-5901-b89e-daecf0877975,gala,75,low,2,0.16,0.75,0,9,0.08963433
6e28deed-e8a5-5901-b89e-daecf0877975,gala,75,low,3,0.16,0.75,0,9,0.06293091
6e28deed-e8a5-5901-b89e-daecf0877975,hike,0,low,0,0.52,0.0,0,10,0.64159936
6e28deed-e8a5-5901-b89e-daecf0877975,hike,0,low,1,0.16,0.0,0,10,0.25533968
6e28deed-e8a5-5901-b89e-daecf0877975,hike,0,low,2,0.16,0.0,0,10,0.07569081
6e28deed-e8a5-5901-b89e-daecf0877975,hike,0,low,3,0.16,0.0,0,10,0.027370106
6e28deed-e8a5-5901-b89e-daecf0877975,oysters,100,high,0,0.06,1.0,1,11,0.10516431
6e28deed-e8a5-5901-b89e-daecf0877975,oysters,100,high,1,0.05,1.0,1,11,0.31489423
6e28deed-e8a5-5901-b89e-daecf0877975,oysters,100,high,2,0.43,1.0,1,11,0.25911844
6e28deed-e8a5-5901-b89e-daecf0877975,oysters,100,high,3,0.46,1.0,1,11,0.32082298
6e28deed-e8a5-5901-b89e-daecf0877975,social,75,high,0,0.13,0.75,1,12,0.26838598
6e28deed-e8a5-5901-b89e-daecf0877975,social,75,high,1,0.13,0.75,1,12,0.22903113
6e28deed-e8a5-5901-b89e-daecf0877975,social,75,high,2,0.48,0.75,1,12,0.2943885
6e28deed-e8a5-5901-b89e-daecf0877975,social,75,high,3,0.26,0.75,1,12,0.20819436
6e28deed-e8a5-5901-b89e-daecf0877975,soup,50,low,0,0.58,0.5,0,13,0.30933502
6e28deed-e8a5-5901-b89e-daecf0877975,soup,50,low,1,0.28,0.5,0,13,0.44212443
6e28deed-e8a5-5901-b89e-daecf0877975,soup,50,low,2,0.07,0.5,0,13,0.14588597
6e28deed-e8a5-5901-b89e-daecf0877975,soup,50,low,3,0.07,0.5,0,13,0.102654584
6e28deed-e8a5-5901-b89e-daecf0877975,takeout,50,high,0,0.12,0.5,1,14,0.30358016
6e28deed-e8a5-5901-b89e-daecf0877975,takeout,50,high,1,0.64,0.5,1,14,0.49050692
6e28deed-e8a5-5901-b89e-daecf0877975,takeout,50,high,2,0.12,0.5,1,14,0.17717181
6e28deed-e8a5-5901-b89e-daecf0877975,takeout,50,high,3,0.12,0.5,1,14,0.028741147
6e28deed-e8a5-5901-b89e-daecf0877975,wedding,0,high,0,0.1,0.0,1,15,0.3970557
6e28deed-e8a5-5901-b89e-daecf0877975,wedding,0,high,1,0.58,0.0,1,15,0.35221374
6e28deed-e8a5-5901-b89e-daecf0877975,wedding,0,high,2,0.22,0.0,1,15,0.17262787
6e28deed-e8a5-5901-b89e-daecf0877975,wedding,0,high,3,0.1,0.0,1,15,0.07810264
6f7e0858-1860-55af-bf0e-954d3240ef0f,apples,75,low,0,0.52,0.75,0,0,0.447258
6f7e0858-1860-55af-bf0e-954d3240ef0f,apples,75,low,1,0.16,0.75,0,0,0.26342416
6f7e0858-1860-55af-bf0e-954d3240ef0f,apples,75,low,2,0.16,0.75,0,0,0.14805049
6f7e0858-1860-55af-bf0e-954d3240ef0f,apples,75,low,3,0.16,0.75,0,0,0.1412674
6f7e0858-1860-55af-bf0e-954d3240ef0f,basketball,100,high,0,0.0,1.0,1,1,0.11880685
6f7e0858-1860-55af-bf0e-954d3240ef0f,basketball,100,high,1,0.0,1.0,1,1,0.24552351
6f7e0858-1860-55af-bf0e-954d3240ef0f,basketball,100,high,2,0.0,1.0,1,1,0.31783482
6f7e0858-1860-55af-bf0e-954d3240ef0f,basketball,100,high,3,1.0,1.0,1,1,0.3178348
6f7e0858-1860-55af-bf0e-954d3240ef0f,birthday,100,low,0,0.0,1.0,0,2,0.18114941
6f7e0858-1860-55af-bf0e-954d3240ef0f,birthday,100,low,1,0.16,1.0,0,2,0.26089072
6f7e0858-1860-55af-bf0e-954d3240ef0f,birthday,100,low,2,0.16,1.0,0,2,0.30576038
6f7e0858-1860-55af-bf0e-954d3240ef0f,birthday,100,low,3,0.68,1.0,0,2,0.2521995
6f7e0858-1860-55af-bf0e-954d3240ef0f,brunch,50,high,0,0.0,0.5,1,3,0.26137137
6f7e0858-1860-55af-bf0e-954d3240ef0f,brunch,50,high,1,0.36,0.5,1,3,0.3238393
6f7e0858-1860-55af-bf0e-954d3240ef0f,brunch,50,high,2,0.58,0.5,1,3,0.26117304
6f7e0858-1860-55af-bf0e-954d3240ef0f,brunch,50,high,3,0.06,0.5,1,3,0.15361626
6f7e0858-1860-55af-bf0e-954d3240ef0f,cooking,100,high,0,0.0,1.0,1,4,0.08743349
6f7e0858-1860-55af-bf0e-954d3240ef0f,cooking,100,high,1,0.21,1.0,1,4,0.30014092
6f7e0858-1860-55af-bf0e-954d3240ef0f,cooking,100,high,2,0.31,1.0,1,4,0.2935727
6f7e0858-1860-55af-bf0e-954d3240ef0f,cooking,100,high,3,0.48,1.0,1,4,0.3188529
6f7e0858-1860-55af-bf0e-954d3240ef0f,dip,50,high,0,0.0,0.5,1,5,0.1520621
6f7e0858-1860-55af-bf0e-954d3240ef0f,dip,50,high,1,1.0,0.5,1,5,0.5578234
6f7e0858-1860-55af-bf0e-954d3240ef0f,dip,50,high,2,0.0,0.5,1,5,0.22538151
6f7e0858-1860-55af-bf0e-954d3240ef0f,dip,50,high,3,0.0,0.5,1,5,0.06473294
6f7e0858-1860-55af-bf0e-954d3240ef0f,drinks,75,high,0,0.06,0.75,1,6,0.27833256
6f7e0858-1860-55af-bf0e-954d3240ef0f,drinks,75,high,1,0.06,0.75,1,6,0.35063356
6f7e0858-1860-55af-bf0e-954d3240ef0f,drinks,75,high,2,0.06,0.75,1,6,0.21363103
6f7e0858-1860-55af-bf0e-954d3240ef0f,drinks,75,high,3,0.82,0.75,1,6,0.15740284
6f7e0858-1860-55af-bf0e-954d3240ef0f,driving,75,high,0,0.0,0.75,1,7,0.1351035
6f7e0858-1860-55af-bf0e-954d3240ef0f,driving,75,high,1,0.0,0.75,1,7,0.40932438
6f7e0858-1860-55af-bf0e-954d3240ef0f,driving,75,high,2,0.0,0.75,1,7,0.28989655
6f7e0858-1860-55af-bf0e-954d3240ef0f,driving,75,high,3,1.0,0.75,1,7,0.16567567
6f7e0858-1860-55af-bf0e-954d3240ef0f,fair,50,low,0,0.19,0.5,0,8,0.5556539
6f7e0858-1860-55af-bf0e-954d3240ef0f,fair,50,low,1,0.65,0.5,0,8,0.30713385
6f7e0858-1860-55af-bf0e-954d3240ef0f,fair,50,low,2,0.08,0.5,0,8,0.10212145
6f7e0858-1860-55af-bf0e-954d3240ef0f,fair,50,low,3,0.08,0.5,0,8,0.035090752
6f7e0858-1860-55af-bf0e-954d3240ef0f,gala,75,low,0,0.85,0.75,0,9,0.71443945
6f7e0858-1860-55af-bf0e-954d3240ef0f,gala,75,low,1,0.05,0.75,0,9,0.13299528
6f7e0858-1860-55af-bf0e-954d3240ef0f,gala,75,low,2,0.05,0.75,0,9,0.08963433
6f7e0858-1860-55af-bf0e-954d3240ef0f,gala,75,low,3,0.05,0.75,0,9,0.06293091
6f7e0858-1860-55af-bf0e-954d3240ef0f,hike,0,high,0,0.21,0.0,1,10,0.31990948
6f7e0858-1860-55af-bf0e-954d3240ef0f,hike,0,high,1,0.63,0.0,1,10,0.5216798
6f7e0858-1860-55af-bf0e-954d3240ef0f,hike,0,high,2,0.08,0.0,1,10,0.108692184
6f7e0858-1860-55af-bf0e-954d3240ef0f,hike,0,high,3,0.08,0.0,1,10,0.049718577
6f7e0858-1860-55af-bf0e-954d3240ef0f,oysters,100,low,0,0.04,1.0,0,11,0.28530428
6f7e0858-1860-55af-bf0e-954d3240ef0f,oysters,100,low,1,0.23,1.0,0,11,0.237263
6f7e0858-1860-55af-bf0e-954d3240ef0f,oysters,100,low,2,0.27,1.0,0,11,0.2650189
6f7e0858-1860-55af-bf0e-954d3240ef0f,oysters,100,low,3,0.46,1.0,0,11,0.21241386
6f7e0858-1860-55af-bf0e-954d3240ef0f,social,0,low,0,0.88,0.0,0,12,0.82478136
6f7e0858-1860-55af-bf0e-954d3240ef0f,social,0,low,1,0.04,0.0,0,12,0.042306297
6f7e0858-1860-55af-bf0e-954d3240ef0f,social,0,low,2,0.04,0.0,0,12,0.10070582
6f7e0858-1860-55af-bf0e-954d3240ef0f,social,0,low,3,0.04,0.0,0,12,0.032206487
6f7e0858-1860-55af-bf0e-954d3240ef0f,soup,0,high,0,0.57,0.0,1,13,0.3310718
6f7e0858-1860-55af-bf0e-954d3240ef0f,soup,0,high,1,0.27,0.0,1,13,0.5448662
6f7e0858-1860-55af-bf0e-954d3240ef0f,soup,0,high,2,0.08,0.0,1,13,0.08330492
6f7e0858-1860-55af-bf0e-954d3240ef0f,soup,0,high,3,0.08,0.0,1,13,0.040757075
6f7e0858-1860-55af-bf0e-954d3240ef0f,takeout,50,low,0,0.78,0.5,0,14,0.56748694
6f7e0858-1860-55af-bf0e-954d3240ef0f,takeout,50,low,1,0.22,0.5,0,14,0.30020222
6f7e0858-1860-55af-bf0e-954d3240ef0f,takeout,50,low,2,0.0,0.5,0,14,0.10843349
6f7e0858-1860-55af-bf0e-954d3240ef0f,takeout,50,low,3,0.0,0.5,0,14,0.023877341
6f7e0858-1860-55af-bf0e-954d3240ef0f,wedding,0,low,0,1.0,0.0,0,15,0.77268213
6f7e0858-1860-55af-bf0e-954d3240ef0f,wedding,0,low,1,0.0,0.0,0,15,0.1418967
6f7e0858-1860-55af-bf0e-954d3240ef0f,wedding,0,low,2,0.0,0.0,0,15,0.0648113
6f7e0858-1860-55af-bf0e-954d3240ef0f,wedding,0,low,3,0.0,0.0,0,15,0.020609858
6f99df75-b80f-50d9-9d42-6b95cdb35122,apples,50,low,0,0.54,0.5,0,0,0.56864893
6f99df75-b80f-50d9-9d42-6b95cdb35122,apples,50,low,1,0.31,0.5,0,0,0.24850366
6f99df75-b80f-50d9-9d42-6b95cdb35122,apples,50,low,2,0.08,0.5,0,0,0.09509347
6f99df75-b80f-50d9-9d42-6b95cdb35122,apples,50,low,3,0.07,0.5,0,0,0.08775395
6f99df75-b80f-50d9-9d42-6b95cdb35122,basketball,75,high,0,0.32,0.75,1,1,0.20223837
6f99df75-b80f-50d9-9d42-6b95cdb35122,basketball,75,high,1,0.61,0.75,1,1,0.38436523
6f99df75-b80f-50d9-9d42-6b95cdb35122,basketball,75,high,2,0.01,0.75,1,1,0.2153484
6f99df75-b80f-50d9-9d42-6b95cdb35122,basketball,75,high,3,0.06,0.75,1,1,0.19804801
6f99df75-b80f-50d9-9d42-6b95cdb35122,birthday,0,high,0,0.28,0.0,1,2,0.20118563
6f99df75-b80f-50d9-9d42-6b95cdb35122,birthday,0,high,1,0.54,0.0,1,2,0.6368108
6f99df75-b80f-50d9-9d42-6b95cdb35122,birthday,0,high,2,0.15,0.0,1,2,0.12867387
6f99df75-b80f-50d9-9d42-6b95cdb35122,birthday,0,high,3,0.03,0.0,1,2,0.033329796
6f99df75-b80f-50d9-9d42-6b95cdb35122,brunch,50,high,0,0.12,0.5,1,3,0.26137137
6f99df75-b80f-50d9-9d42-6b95cdb35122,brunch,50,high,1,0.64,0.5,1,3,0.3238393
6f99df75-b80f-50d9-9d42-6b95cdb35122,brunch,50,high,2,0.12,0.5,1,3,0.26117304
6f99df75-b80f-50d9-9d42-6b95cdb35122,brunch,50,high,3,0.12,0.5,1,3,0.15361626
6f99df75-b80f-50d9-9d42-6b95cdb35122,cooking,0,low,0,0.5,0.0,0,4,0.8578861
6f99df75-b80f-50d9-9d42-6b95cdb35122,cooking,0,low,1,0.32,0.0,0,4,0.09232124
6f99df75-b80f-50d9-9d42-6b95cdb35122,cooking,0,low,2,0.09,0.0,0,4,0.03482614
6f99df75-b80f-50d9-9d42-6b95cdb35122,cooking,0,low,3,0.09,0.0,0,4,0.014966578
6f99df75-b80f-50d9-9d42-6b95cdb35122,dip,50,low,0,0.5,0.5,0,5,0.6932131
6f99df75-b80f-50d9-9d42-6b95cdb35122,dip,50,low,1,0.33,0.5,0,5,0.19159518
6f99df75-b80f-50d9-9d42-6b95cdb35122,dip,50,low,2,0.11,0.5,0,5,0.08706623
6f99df75-b80f-50d9-9d42-6b95cdb35122,dip,50,low,3,0.06,0.5,0,5,0.028125498
6f99df75-b80f-50d9-9d42-6b95cdb35122,drinks,100,low,0,0.67,1.0,0,6,0.56589127
6f99df75-b80f-50d9-9d42-6b95cdb35122,drinks,100,low,1,0.21,1.0,0,6,0.15074226
6f99df75-b80f-50d9-9d42-6b95cdb35122,drinks,100,low,2,0.01,1.0,0,6,0.14196308
6f99df75-b80f-50d9-9d42-6b95cdb35122,drinks,100,low,3,0.11,1.0,0,6,0.14140333
6f99df75-b80f-50d9-9d42-6b95cdb35122,driving,75,low,0,0.15,0.75,0,7,0.36953267
6f99df75-b80f-50d9-9d42-6b95cdb35122,driving,75,low,1,0.55,0.75,0,7,0.30730876
6f99df75-b80f-50d9-9d42-6b95cdb35122,driving,75,low,2,0.15,0.75,0,7,0.21764581
6f99df75-b80f-50d9-9d42-6b95cdb35122,driving,75,low,3,0.15,0.75,0,7,0.10551278
6f99df75-b80f-50d9-9d42-6b95cdb35122,fair,100,high,0,0.12,1.0,1,8,0.116963215
6f99df75-b80f-50d9-9d42-6b95cdb35122,fair,100,high,1,0.64,1.0,1,8,0.2474626
6f99df75-b80f-50d9-9d42-6b95cdb35122,fair,100,high,2,0.12,1.0,1,8,0.30874684
6f99df75-b80f-50d9-9d42-6b95cdb35122,fair,100,high,3,0.12,1.0,1,8,0.32682738
6f99df75-b80f-50d9-9d42-6b95cdb35122,gala,0,low,0,0.64,0.0,0,9,0.8866782
6f99df75-b80f-50d9-9d42-6b95cdb35122,gala,0,low,1,0.12,0.0,0,9,0.07345924
6f99df75-b80f-50d9-9d42-6b95cdb35122,gala,0,low,2,0.12,0.0,0,9,0.028000446
6f99df75-b80f-50d9-9d42-6b95cdb35122,gala,0,low,3,0.12,0.0,0,9,0.011862111
6f99df75-b80f-50d9-9d42-6b95cdb35122,hike,75,low,0,0.3,0.75,0,10,0.4188641
6f99df75-b80f-50d9-9d42-6b95cdb35122,hike,75,low,1,0.48,0.75,0,10,0.2709454
6f99df75-b80f-50d9-9d42-6b95cdb35122,hike,75,low,2,0.11,0.75,0,10,0.19254148
6f99df75-b80f-50d9-9d42-6b95cdb35122,hike,75,low,3,0.11,0.75,0,10,0.117649004
6f99df75-b80f-50d9-9d42-6b95cdb35122,oysters,50,high,0,0.7,0.5,1,11,0.24033377
6f99df75-b80f-50d9-9d42-6b95cdb35122,oysters,50,high,1,0.1,0.5,1,11,0.30433637
6f99df75-b80f-50d9-9d42-6b95cdb35122,oysters,50,high,2,0.1,0.5,1,11,0.32420126
6f99df75-b80f-50d9-9d42-6b95cdb35122,oysters,50,high,3,0.1,0.5,1,11,0.1311286
6f99df75-b80f-50d9-9d42-6b95cdb35122,social,0,high,0,0.74,0.0,1,12,0.65139556
6f99df75-b80f-50d9-9d42-6b95cdb35122,social,0,high,1,0.2,0.0,1,12,0.08862829
6f99df75-b80f-50d9-9d42-6b95cdb35122,social,0,high,2,0.04,0.0,1,12,0.1875765
6f99df75-b80f-50d9-9d42-6b95cdb35122,social,0,high,3,0.02,0.0,1,12,0.07239971
6f99df75-b80f-50d9-9d42-6b95cdb35122,soup,100,low,0,0.11,1.0,0,13,0.17265384
6f99df75-b80f-50d9-9d42-6b95cdb35122,soup,100,low,1,0.11,1.0,0,13,0.2467696
6f99df75-b80f-50d9-9d42-6b95cdb35122,soup,100,low,2,0.11,1.0,0,13,0.26021537
6f99df75-b80f-50d9-9d42-6b95cdb35122,soup,100,low,3,0.67,1.0,0,13,0.32036123
6f99df75-b80f-50d9-9d42-6b95cdb35122,takeout,100,high,0,0.04,1.0,1,14,0.16335048
6f99df75-b80f-50d9-9d42-6b95cdb35122,takeout,100,high,1,0.25,1.0,1,14,0.37776726
6f99df75-b80f-50d9-9d42-6b95cdb35122,takeout,100,high,2,0.69,1.0,1,14,0.37241223
6f99df75-b80f-50d9-9d42-6b95cdb35122,takeout,100,high,3,0.02,1.0,1,14,0.086470015
6f99df75-b80f-50d9-9d42-6b95cdb35122,wedding,75,high,0,0.02,0.75,1,15,0.16501321
6f99df75-b80f-50d9-9d42-6b95cdb35122,wedding,75,high,1,0.2,0.75,1,15,0.32890013
6f99df75-b80f-50d9-9d42-6b95cdb35122,wedding,75,high,2,0.48,0.75,1,15,0.27954394
6f99df75-b80f-50d9-9d42-6b95cdb35122,wedding,75,high,3,0.3,0.75,1,15,0.22654271
6fd0b5b3-848d-5f65-8811-6f77f7dd0773,apples,50,high,0,0.25,0.5,1,0,0.25700086
6fd0b5b3-848d-5f65-8811-6f77f7dd0773,apples,50,high,1,0.48,0.5,1,0,0.4043876
6fd0b5b3-848d-5f65-8811-6f77f7dd0773,apples,50,high,2,0.24,0.5,1,0,0.17610174
6fd0b5b3-848d-5f65-8811-6f77f7dd0773,apples,50,high,3,0.03,0.5,1,0,0.1625098
6fd0b5b3-848d-5f65-8811-6f77f7dd0773,basketball,0,high,0,0.05,0.0,1,1,0.34058285
6fd0b5b3-848d-5f65-8811-6f77f7dd0773,basketball,0,high,1,0.79,0.0,1,1,0.5505353
6fd0b5b3-848d-5f65-8811-6f77f7dd0773,basketball,0,high,2,0.16,0.0,1,1,0.061094463
6fd0b5b3-848d-5f65-8811-6f77f7dd0773,basketball,0,high,3,0.0,0.0,1,1,0.047787316
6fd0b5b3-848d-5f65-8811-6f77f7dd0773,birthday,0,high,0,0.37,0.0,1,2,0.20118563
6fd0b5b3-848d-5f65-8811-6f77f7dd0773,birthday,0,high,1,0.52,0.0,1,2,0.6368108
6fd0b5b3-848d-5f65-8811-6f77f7dd0773,birthday,0,high,2,0.09,0.0,1,2,0.12867387
6fd0b5b3-848d-5f65-8811-6f77f7dd0773,birthday,0,high,3,0.02,0.0,1,2,0.033329796
6fd0b5b3-848d-5f65-8811-6f77f7dd0773,brunch,50,low,0,0.15,0.5,0,3,0.27989364
6fd0b5b3-848d-5f65-8811-6f77f7dd0773,brunch,50,low,1,0.59,0.5,0,3,0.3171549
6fd0b5b3-848d-5f65-8811-6f77f7dd0773,brunch,50,low,2,0.26,0.5,0,3,0.2594152
6fd0b5b3-848d-5f65-8811-6f77f7dd0773,brunch,50,low,3,0.0,0.5,0,3,0.14353625
6fd0b5b3-848d-5f65-8811-6f77f7dd0773,cooking,50,high,0,0.0,0.5,1,4,0.20437361
6fd0b5b3-848d-5f65-8811-6f77f7dd0773,cooking,50,high,1,0.91,0.5,1,4,0.39527634
6fd0b5b3-848d-5f65-8811-6f77f7dd0773,cooking,50,high,2,0.09,0.5,1,4,0.2374081
6fd0b5b3-848d-5f65-8811-6f77f7dd0773,cooking,50,high,3,0.0,0.5,1,4,0.16294199
6fd0b5b3-848d-5f65-8811-6f77f7dd0773,dip,75,low,0,0.54,0.75,0,5,0.65482223
6fd0b5b3-848d-5f65-8811-6f77f7dd0773,dip,75,low,1,0.42,0.75,0,5,0.18098444
6fd0b5b3-848d-5f65-8811-6f77f7dd0773,dip,75,low,2,0.04,0.75,0,5,0.110844776
6fd0b5b3-848d-5f65-8811-6f77f7dd0773,dip,75,low,3,0.0,0.75,0,5,0.05334865
6fd0b5b3-848d-5f65-8811-6f77f7dd0773,drinks,75,low,0,0.37,0.75,0,6,0.7045375
6fd0b5b3-848d-5f65-8811-6f77f7dd0773,drinks,75,low,1,0.3,0.75,0,6,0.1435551
6fd0b5b3-848d-5f65-8811-6f77f7dd0773,drinks,75,low,2,0.14,0.75,0,6,0.08746405
6fd0b5b3-848d-5f65-8811-6f77f7dd0773,drinks,75,low,3,0.19,0.75,0,6,0.06444328
6fd0b5b3-848d-5f65-8811-6f77f7dd0773,driving,75,high,0,0.07,0.75,1,7,0.1351035
6fd0b5b3-848d-5f65-8811-6f77f7dd0773,driving,75,high,1,0.49,0.75,1,7,0.40932438
6fd0b5b3-848d-5f65-8811-6f77f7dd0773,driving,75,high,2,0.3,0.75,1,7,0.28989655
6fd0b5b3-848d-5f65-8811-6f77f7dd0773,driving,75,high,3,0.14,0.75,1,7,0.16567567
6fd0b5b3-848d-5f65-8811-6f77f7dd0773,fair,75,high,0,0.35,0.75,1,8,0.19342518
6fd0b5b3-848d-5f65-8811-6f77f7dd0773,fair,75,high,1,0.56,0.75,1,8,0.376359
6fd0b5b3-848d-5f65-8811-6f77f7dd0773,fair,75,high,2,0.08,0.75,1,8,0.23236895
6fd0b5b3-848d-5f65-8811-6f77f7dd0773,fair,75,high,3,0.01,0.75,1,8,0.1978469
6fd0b5b3-848d-5f65-8811-6f77f7dd0773,gala,100,low,0,0.57,1.0,0,9,0.56416404
6fd0b5b3-848d-5f65-8811-6f77f7dd0773,gala,100,low,1,0.12,1.0,0,9,0.15963629
6fd0b5b3-848d-5f65-8811-6f77f7dd0773,gala,100,low,2,0.04,1.0,0,9,0.14447609
6fd0b5b3-848d-5f65-8811-6f77f7dd0773,gala,100,low,3,0.27,1.0,0,9,0.13172355
6fd0b5b3-848d-5f65-8811-6f77f7dd0773,hike,100,low,0,0.5,1.0,0,10,0.28530428
6fd0b5b3-848d-5f65-8811-6f77f7dd0773,hike,100,low,1,0.04,1.0,0,10,0.2372631
6fd0b5b3-848d-5f65-8811-6f77f7dd0773,hike,100,low,2,0.35,1.0,0,10,0.26501876
6fd0b5b3-848d-5f65-8811-6f77f7dd0773,hike,100,low,3,0.11,1.0,0,10,0.21241388
6fd0b5b3-848d-5f65-8811-6f77f7dd0773,oysters,100,high,0,0.28,1.0,1,11,0.10516431
6fd0b5b3-848d-5f65-8811-6f77f7dd0773,oysters,100,high,1,0.42,1.0,1,11,0.31489423
6fd0b5b3-848d-5f65-8811-6f77f7dd0773,oysters,100,high,2,0.24,1.0,1,11,0.25911844
6fd0b5b3-848d-5f65-8811-6f77f7dd0773,oysters,100,high,3,0.06,1.0,1,11,0.32082298
6fd0b5b3-848d-5f65-8811-6f77f7dd0773,social,100,high,0,0.0,1.0,1,12,0.13305385
6fd0b5b3-848d-5f65-8811-6f77f7dd0773,social,100,high,1,0.43,1.0,1,12,0.29350144
6fd0b5b3-848d-5f65-8811-6f77f7dd0773,social,100,high,2,0.32,1.0,1,12,0.29148328
6fd0b5b3-848d-5f65-8811-6f77f7dd0773,social,100,high,3,0.25,1.0,1,12,0.28196135
6fd0b5b3-848d-5f65-8811-6f77f7dd0773,soup,0,low,0,0.65,0.0,0,13,0.3659461
6fd0b5b3-848d-5f65-8811-6f77f7dd0773,soup,0,low,1,0.2,0.0,0,13,0.5230372
6fd0b5b3-848d-5f65-8811-6f77f7dd0773,soup,0,low,2,0.06,0.0,0,13,0.075403504
6fd0b5b3-848d-5f65-8811-6f77f7dd0773,soup,0,low,3,0.09,0.0,0,13,0.035613187
6fd0b5b3-848d-5f65-8811-6f77f7dd0773,takeout,50,low,0,0.53,0.5,0,14,0.56748694
6fd0b5b3-848d-5f65-8811-6f77f7dd0773,takeout,50,low,1,0.31,0.5,0,14,0.30020222
6fd0b5b3-848d-5f65-8811-6f77f7dd0773,takeout,50,low,2,0.16,0.5,0,14,0.10843349
6fd0b5b3-848d-5f65-8811-6f77f7dd0773,takeout,50,low,3,0.0,0.5,0,14,0.023877341
6fd0b5b3-848d-5f65-8811-6f77f7dd0773,wedding,0,low,0,0.93,0.0,0,15,0.77268213
6fd0b5b3-848d-5f65-8811-6f77f7dd0773,wedding,0,low,1,0.0,0.0,0,15,0.1418967
6fd0b5b3-848d-5f65-8811-6f77f7dd0773,wedding,0,low,2,0.07,0.0,0,15,0.0648113
6fd0b5b3-848d-5f65-8811-6f77f7dd0773,wedding,0,low,3,0.0,0.0,0,15,0.020609858
7207ebef-0a5d-5c50-ba17-162306ed7e3d,apples,75,low,0,1.0,0.75,0,0,0.447258
7207ebef-0a5d-5c50-ba17-162306ed7e3d,apples,75,low,1,0.0,0.75,0,0,0.26342416
7207ebef-0a5d-5c50-ba17-162306ed7e3d,apples,75,low,2,0.0,0.75,0,0,0.14805049
7207ebef-0a5d-5c50-ba17-162306ed7e3d,apples,75,low,3,0.0,0.75,0,0,0.1412674
7207ebef-0a5d-5c50-ba17-162306ed7e3d,basketball,100,high,0,0.0,1.0,1,1,0.11880685
7207ebef-0a5d-5c50-ba17-162306ed7e3d,basketball,100,high,1,0.06,1.0,1,1,0.24552351
7207ebef-0a5d-5c50-ba17-162306ed7e3d,basketball,100,high,2,0.88,1.0,1,1,0.31783482
7207ebef-0a5d-5c50-ba17-162306ed7e3d,basketball,100,high,3,0.06,1.0,1,1,0.3178348
7207ebef-0a5d-5c50-ba17-162306ed7e3d,birthday,75,low,0,1.0,0.75,0,2,0.25470307
7207ebef-0a5d-5c50-ba17-162306ed7e3d,birthday,75,low,1,0.0,0.75,0,2,0.36682245
7207ebef-0a5d-5c50-ba17-162306ed7e3d,birthday,75,low,2,0.0,0.75,0,2,0.24243777
7207ebef-0a5d-5c50-ba17-162306ed7e3d,birthday,75,low,3,0.0,0.75,0,2,0.13603675
7207ebef-0a5d-5c50-ba17-162306ed7e3d,brunch,75,high,0,0.0,0.75,1,3,0.2549862
7207ebef-0a5d-5c50-ba17-162306ed7e3d,brunch,75,high,1,0.42,0.75,1,3,0.28037846
7207ebef-0a5d-5c50-ba17-162306ed7e3d,brunch,75,high,2,0.43,0.75,1,3,0.2631387
7207ebef-0a5d-5c50-ba17-162306ed7e3d,brunch,75,high,3,0.15,0.75,1,3,0.20149668
7207ebef-0a5d-5c50-ba17-162306ed7e3d,cooking,50,high,0,0.0,0.5,1,4,0.20437361
7207ebef-0a5d-5c50-ba17-162306ed7e3d,cooking,50,high,1,1.0,0.5,1,4,0.39527634
7207ebef-0a5d-5c50-ba17-162306ed7e3d,cooking,50,high,2,0.0,0.5,1,4,0.2374081
7207ebef-0a5d-5c50-ba17-162306ed7e3d,cooking,50,high,3,0.0,0.5,1,4,0.16294199
7207ebef-0a5d-5c50-ba17-162306ed7e3d,dip,75,high,0,0.05,0.75,1,5,0.13296467
7207ebef-0a5d-5c50-ba17-162306ed7e3d,dip,75,high,1,0.95,0.75,1,5,0.4877666
7207ebef-0a5d-5c50-ba17-162306ed7e3d,dip,75,high,2,0.0,0.75,1,5,0.26560885
7207ebef-0a5d-5c50-ba17-162306ed7e3d,dip,75,high,3,0.0,0.75,1,5,0.11365985
7207ebef-0a5d-5c50-ba17-162306ed7e3d,drinks,0,high,0,0.04,0.0,1,6,0.49300584
7207ebef-0a5d-5c50-ba17-162306ed7e3d,drinks,0,high,1,0.96,0.0,1,6,0.36993352
7207ebef-0a5d-5c50-ba17-162306ed7e3d,drinks,0,high,2,0.0,0.0,1,6,0.097113706
7207ebef-0a5d-5c50-ba17-162306ed7e3d,drinks,0,high,3,0.0,0.0,1,6,0.039946947
7207ebef-0a5d-5c50-ba17-162306ed7e3d,driving,100,high,0,0.0,1.0,1,7,0.09397328
7207ebef-0a5d-5c50-ba17-162306ed7e3d,driving,100,high,1,0.15,1.0,1,7,0.28471178
7207ebef-0a5d-5c50-ba17-162306ed7e3d,driving,100,high,2,0.15,1.0,1,7,0.3065041
7207ebef-0a5d-5c50-ba17-162306ed7e3d,driving,100,high,3,0.7,1.0,1,7,0.31481075
7207ebef-0a5d-5c50-ba17-162306ed7e3d,fair,50,low,0,0.0,0.5,0,8,0.5556539
7207ebef-0a5d-5c50-ba17-162306ed7e3d,fair,50,low,1,1.0,0.5,0,8,0.30713385
7207ebef-0a5d-5c50-ba17-162306ed7e3d,fair,50,low,2,0.0,0.5,0,8,0.10212145
7207ebef-0a5d-5c50-ba17-162306ed7e3d,fair,50,low,3,0.0,0.5,0,8,0.035090752
7207ebef-0a5d-5c50-ba17-162306ed7e3d,gala,50,low,0,1.0,0.5,0,9,0.79520184
7207ebef-0a5d-5c50-ba17-162306ed7e3d,gala,50,low,1,0.0,0.5,0,9,0.10983461
7207ebef-0a5d-5c50-ba17-162306ed7e3d,gala,50,low,2,0.0,0.5,0,9,0.059997436
7207ebef-0a5d-5c50-ba17-162306ed7e3d,gala,50,low,3,0.0,0.5,0,9,0.034966037
7207ebef-0a5d-5c50-ba17-162306ed7e3d,hike,100,low,0,0.51,1.0,0,10,0.28530428
7207ebef-0a5d-5c50-ba17-162306ed7e3d,hike,100,low,1,0.49,1.0,0,10,0.2372631
7207ebef-0a5d-5c50-ba17-162306ed7e3d,hike,100,low,2,0.0,1.0,0,10,0.26501876
7207ebef-0a5d-5c50-ba17-162306ed7e3d,hike,100,low,3,0.0,1.0,0,10,0.21241388
7207ebef-0a5d-5c50-ba17-162306ed7e3d,oysters,100,low,0,1.0,1.0,0,11,0.28530428
7207ebef-0a5d-5c50-ba17-162306ed7e3d,oysters,100,low,1,0.0,1.0,0,11,0.237263
7207ebef-0a5d-5c50-ba17-162306ed7e3d,oysters,100,low,2,0.0,1.0,0,11,0.2650189
7207ebef-0a5d-5c50-ba17-162306ed7e3d,oysters,100,low,3,0.0,1.0,0,11,0.21241386
7207ebef-0a5d-5c50-ba17-162306ed7e3d,social,50,high,0,0.8,0.5,1,12,0.4027943
7207ebef-0a5d-5c50-ba17-162306ed7e3d,social,50,high,1,0.2,0.5,1,12,0.17468879
7207ebef-0a5d-5c50-ba17-162306ed7e3d,social,50,high,2,0.0,0.5,1,12,0.26985493
7207ebef-0a5d-5c50-ba17-162306ed7e3d,social,50,high,3,0.0,0.5,1,12,0.15266201
7207ebef-0a5d-5c50-ba17-162306ed7e3d,soup,0,low,0,1.0,0.0,0,13,0.3659461
7207ebef-0a5d-5c50-ba17-162306ed7e3d,soup,0,low,1,0.0,0.0,0,13,0.5230372
7207ebef-0a5d-5c50-ba17-162306ed7e3d,soup,0,low,2,0.0,0.0,0,13,0.075403504
7207ebef-0a5d-5c50-ba17-162306ed7e3d,soup,0,low,3,0.0,0.0,0,13,0.035613187
7207ebef-0a5d-5c50-ba17-162306ed7e3d,takeout,0,high,0,0.0,0.0,1,14,0.39998376
7207ebef-0a5d-5c50-ba17-162306ed7e3d,takeout,0,high,1,0.96,0.0,1,14,0.5005222
7207ebef-0a5d-5c50-ba17-162306ed7e3d,takeout,0,high,2,0.02,0.0,1,14,0.088389106
7207ebef-0a5d-5c50-ba17-162306ed7e3d,takeout,0,high,3,0.02,0.0,1,14,0.011104971
7207ebef-0a5d-5c50-ba17-162306ed7e3d,wedding,0,low,0,1.0,0.0,0,15,0.77268213
7207ebef-0a5d-5c50-ba17-162306ed7e3d,wedding,0,low,1,0.0,0.0,0,15,0.1418967
7207ebef-0a5d-5c50-ba17-162306ed7e3d,wedding,0,low,2,0.0,0.0,0,15,0.0648113
7207ebef-0a5d-5c50-ba17-162306ed7e3d,wedding,0,low,3,0.0,0.0,0,15,0.020609858
7409d007-304a-5577-a896-765481db99b1,apples,100,low,0,0.98,1.0,0,0,0.2761688
7409d007-304a-5577-a896-765481db99b1,apples,100,low,1,0.02,1.0,0,0,0.247245
7409d007-304a-5577-a896-765481db99b1,apples,100,low,2,0.0,1.0,0,0,0.23829313
7409d007-304a-5577-a896-765481db99b1,apples,100,low,3,0.0,1.0,0,0,0.23829311
7409d007-304a-5577-a896-765481db99b1,basketball,0,high,0,0.32,0.0,1,1,0.34058285
7409d007-304a-5577-a896-765481db99b1,basketball,0,high,1,0.68,0.0,1,1,0.5505353
7409d007-304a-5577-a896-765481db99b1,basketball,0,high,2,0.0,0.0,1,1,0.061094463
7409d007-304a-5577-a896-765481db99b1,basketball,0,high,3,0.0,0.0,1,1,0.047787316
7409d007-304a-5577-a896-765481db99b1,birthday,100,low,0,0.54,1.0,0,2,0.18114941
7409d007-304a-5577-a896-765481db99b1,birthday,100,low,1,0.41,1.0,0,2,0.26089072
7409d007-304a-5577-a896-765481db99b1,birthday,100,low,2,0.04,1.0,0,2,0.30576038
7409d007-304a-5577-a896-765481db99b1,birthday,100,low,3,0.01,1.0,0,2,0.2521995
7409d007-304a-5577-a896-765481db99b1,brunch,100,high,0,0.1,1.0,1,3,0.23770595
7409d007-304a-5577-a896-765481db99b1,brunch,100,high,1,0.44,1.0,1,3,0.22106798
7409d007-304a-5577-a896-765481db99b1,brunch,100,high,2,0.43,1.0,1,3,0.2566543
7409d007-304a-5577-a896-765481db99b1,brunch,100,high,3,0.03,1.0,1,3,0.2845718
7409d007-304a-5577-a896-765481db99b1,cooking,75,high,0,0.07,0.75,1,4,0.14785571
7409d007-304a-5577-a896-765481db99b1,cooking,75,high,1,0.92,0.75,1,4,0.3630791
7409d007-304a-5577-a896-765481db99b1,cooking,75,high,2,0.01,0.75,1,4,0.26713452
7409d007-304a-5577-a896-765481db99b1,cooking,75,high,3,0.0,0.75,1,4,0.22193062
7409d007-304a-5577-a896-765481db99b1,dip,100,high,0,0.65,1.0,1,5,0.10021788
7409d007-304a-5577-a896-765481db99b1,dip,100,high,1,0.33,1.0,1,5,0.36763847
7409d007-304a-5577-a896-765481db99b1,dip,100,high,2,0.01,1.0,1,5,0.30430344
7409d007-304a-5577-a896-765481db99b1,dip,100,high,3,0.01,1.0,1,5,0.22784017
7409d007-304a-5577-a896-765481db99b1,drinks,50,high,0,0.0,0.5,1,6,0.35946196
7409d007-304a-5577-a896-765481db99b1,drinks,50,high,1,0.93,0.5,1,6,0.3741043
7409d007-304a-5577-a896-765481db99b1,drinks,50,high,2,0.04,0.5,1,6,0.167113
7409d007-304a-5577-a896-765481db99b1,drinks,50,high,3,0.03,0.5,1,6,0.09932076
7409d007-304a-5577-a896-765481db99b1,driving,0,high,0,0.25,0.0,1,7,0.19378443
7409d007-304a-5577-a896-765481db99b1,driving,0,high,1,0.75,0.0,1,7,0.58711064
7409d007-304a-5577-a896-765481db99b1,driving,0,high,2,0.0,0.0,1,7,0.18505675
7409d007-304a-5577-a896-765481db99b1,driving,0,high,3,0.0,0.0,1,7,0.034048196
7409d007-304a-5577-a896-765481db99b1,fair,75,low,0,0.4,0.75,0,8,0.49065667
7409d007-304a-5577-a896-765481db99b1,fair,75,low,1,0.6,0.75,0,8,0.28788748
7409d007-304a-5577-a896-765481db99b1,fair,75,low,2,0.0,0.75,0,8,0.15803565
7409d007-304a-5577-a896-765481db99b1,fair,75,low,3,0.0,0.75,0,8,0.06342018
7409d007-304a-5577-a896-765481db99b1,gala,75,low,0,0.97,0.75,0,9,0.71443945
7409d007-304a-5577-a896-765481db99b1,gala,75,low,1,0.01,0.75,0,9,0.13299528
7409d007-304a-5577-a896-765481db99b1,gala,75,low,2,0.01,0.75,0,9,0.08963433
7409d007-304a-5577-a896-765481db99b1,gala,75,low,3,0.01,0.75,0,9,0.06293091
7409d007-304a-5577-a896-765481db99b1,hike,0,low,0,0.75,0.0,0,10,0.64159936
7409d007-304a-5577-a896-765481db99b1,hike,0,low,1,0.23,0.0,0,10,0.25533968
7409d007-304a-5577-a896-765481db99b1,hike,0,low,2,0.02,0.0,0,10,0.07569081
7409d007-304a-5577-a896-765481db99b1,hike,0,low,3,0.0,0.0,0,10,0.027370106
7409d007-304a-5577-a896-765481db99b1,oysters,0,low,0,1.0,0.0,0,11,0.64080536
7409d007-304a-5577-a896-765481db99b1,oysters,0,low,1,0.0,0.0,0,11,0.12204299
7409d007-304a-5577-a896-765481db99b1,oysters,0,low,2,0.0,0.0,0,11,0.21212909
7409d007-304a-5577-a896-765481db99b1,oysters,0,low,3,0.0,0.0,0,11,0.025022497
7409d007-304a-5577-a896-765481db99b1,social,75,high,0,1.0,0.75,1,12,0.26838598
7409d007-304a-5577-a896-765481db99b1,social,75,high,1,0.0,0.75,1,12,0.22903113
7409d007-304a-5577-a896-765481db99b1,social,75,high,2,0.0,0.75,1,12,0.2943885
7409d007-304a-5577-a896-765481db99b1,social,75,high,3,0.0,0.75,1,12,0.20819436
7409d007-304a-5577-a896-765481db99b1,soup,50,low,0,0.92,0.5,0,13,0.30933502
7409d007-304a-5577-a896-765481db99b1,soup,50,low,1,0.08,0.5,0,13,0.44212443
7409d007-304a-5577-a896-765481db99b1,soup,50,low,2,0.0,0.5,0,13,0.14588597
7409d007-304a-5577-a896-765481db99b1,soup,50,low,3,0.0,0.5,0,13,0.102654584
7409d007-304a-5577-a896-765481db99b1,takeout,50,high,0,0.11,0.5,1,14,0.30358016
7409d007-304a-5577-a896-765481db99b1,takeout,50,high,1,0.87,0.5,1,14,0.49050692
7409d007-304a-5577-a896-765481db99b1,takeout,50,high,2,0.02,0.5,1,14,0.17717181
7409d007-304a-5577-a896-765481db99b1,takeout,50,high,3,0.0,0.5,1,14,0.028741147
7409d007-304a-5577-a896-765481db99b1,wedding,50,low,0,0.95,0.5,0,15,0.62692803
7409d007-304a-5577-a896-765481db99b1,wedding,50,low,1,0.05,0.5,0,15,0.19194227
7409d007-304a-5577-a896-765481db99b1,wedding,50,low,2,0.0,0.5,0,15,0.124107055
7409d007-304a-5577-a896-765481db99b1,wedding,50,low,3,0.0,0.5,0,15,0.057022646
7496ff4c-818f-52b8-87b6-5a92ca15e604,apples,75,low,0,0.99,0.75,0,0,0.447258
7496ff4c-818f-52b8-87b6-5a92ca15e604,apples,75,low,1,0.01,0.75,0,0,0.26342416
7496ff4c-818f-52b8-87b6-5a92ca15e604,apples,75,low,2,0.0,0.75,0,0,0.14805049
7496ff4c-818f-52b8-87b6-5a92ca15e604,apples,75,low,3,0.0,0.75,0,0,0.1412674
7496ff4c-818f-52b8-87b6-5a92ca15e604,basketball,0,low,0,0.91,0.0,0,1,0.59798855
7496ff4c-818f-52b8-87b6-5a92ca15e604,basketball,0,low,1,0.0,0.0,0,1,0.33563203
7496ff4c-818f-52b8-87b6-5a92ca15e604,basketball,0,low,2,0.09,0.0,0,1,0.03724604
7496ff4c-818f-52b8-87b6-5a92ca15e604,basketball,0,low,3,0.0,0.0,0,1,0.02913338
7496ff4c-818f-52b8-87b6-5a92ca15e604,birthday,75,low,0,1.0,0.75,0,2,0.25470307
7496ff4c-818f-52b8-87b6-5a92ca15e604,birthday,75,low,1,0.0,0.75,0,2,0.36682245
7496ff4c-818f-52b8-87b6-5a92ca15e604,birthday,75,low,2,0.0,0.75,0,2,0.24243777
7496ff4c-818f-52b8-87b6-5a92ca15e604,birthday,75,low,3,0.0,0.75,0,2,0.13603675
7496ff4c-818f-52b8-87b6-5a92ca15e604,brunch,50,low,0,0.01,0.5,0,3,0.27989364
7496ff4c-818f-52b8-87b6-5a92ca15e604,brunch,50,low,1,0.01,0.5,0,3,0.3171549
7496ff4c-818f-52b8-87b6-5a92ca15e604,brunch,50,low,2,0.98,0.5,0,3,0.2594152
7496ff4c-818f-52b8-87b6-5a92ca15e604,brunch,50,low,3,0.0,0.5,0,3,0.14353625
7496ff4c-818f-52b8-87b6-5a92ca15e604,cooking,0,low,0,0.41,0.0,0,4,0.8578861
7496ff4c-818f-52b8-87b6-5a92ca15e604,cooking,0,low,1,0.59,0.0,0,4,0.09232124
7496ff4c-818f-52b8-87b6-5a92ca15e604,cooking,0,low,2,0.0,0.0,0,4,0.03482614
7496ff4c-818f-52b8-87b6-5a92ca15e604,cooking,0,low,3,0.0,0.0,0,4,0.014966578
7496ff4c-818f-52b8-87b6-5a92ca15e604,dip,75,high,0,0.12,0.75,1,5,0.13296467
7496ff4c-818f-52b8-87b6-5a92ca15e604,dip,75,high,1,0.62,0.75,1,5,0.4877666
7496ff4c-818f-52b8-87b6-5a92ca15e604,dip,75,high,2,0.26,0.75,1,5,0.26560885
7496ff4c-818f-52b8-87b6-5a92ca15e604,dip,75,high,3,0.0,0.75,1,5,0.11365985
7496ff4c-818f-52b8-87b6-5a92ca15e604,drinks,50,high,0,1.0,0.5,1,6,0.35946196
7496ff4c-818f-52b8-87b6-5a92ca15e604,drinks,50,high,1,0.0,0.5,1,6,0.3741043
7496ff4c-818f-52b8-87b6-5a92ca15e604,drinks,50,high,2,0.0,0.5,1,6,0.167113
7496ff4c-818f-52b8-87b6-5a92ca15e604,drinks,50,high,3,0.0,0.5,1,6,0.09932076
7496ff4c-818f-52b8-87b6-5a92ca15e604,driving,100,low,0,0.88,1.0,0,7,0.28515202
7496ff4c-818f-52b8-87b6-5a92ca15e604,driving,100,low,1,0.08,1.0,0,7,0.23713657
7496ff4c-818f-52b8-87b6-5a92ca15e604,driving,100,low,2,0.01,1.0,0,7,0.25528738
7496ff4c-818f-52b8-87b6-5a92ca15e604,driving,100,low,3,0.03,1.0,0,7,0.22242402
7496ff4c-818f-52b8-87b6-5a92ca15e604,fair,50,low,0,0.29,0.5,0,8,0.5556539
7496ff4c-818f-52b8-87b6-5a92ca15e604,fair,50,low,1,0.53,0.5,0,8,0.30713385
7496ff4c-818f-52b8-87b6-5a92ca15e604,fair,50,low,2,0.18,0.5,0,8,0.10212145
7496ff4c-818f-52b8-87b6-5a92ca15e604,fair,50,low,3,0.0,0.5,0,8,0.035090752
7496ff4c-818f-52b8-87b6-5a92ca15e604,gala,0,high,0,0.54,0.0,1,9,0.36991814
7496ff4c-818f-52b8-87b6-5a92ca15e604,gala,0,high,1,0.26,0.0,1,9,0.39267284
7496ff4c-818f-52b8-87b6-5a92ca15e604,gala,0,high,2,0.13,0.0,1,9,0.15431948
7496ff4c-818f-52b8-87b6-5a92ca15e604,gala,0,high,3,0.07,0.0,1,9,0.083089605
7496ff4c-818f-52b8-87b6-5a92ca15e604,hike,50,high,0,0.2,0.5,1,10,0.22081594
7496ff4c-818f-52b8-87b6-5a92ca15e604,hike,50,high,1,0.5,0.5,1,10,0.48932368
7496ff4c-818f-52b8-87b6-5a92ca15e604,hike,50,high,2,0.3,0.5,1,10,0.17706409
7496ff4c-818f-52b8-87b6-5a92ca15e604,hike,50,high,3,0.0,0.5,1,10,0.11279631
7496ff4c-818f-52b8-87b6-5a92ca15e604,oysters,75,high,0,0.57,0.75,1,11,0.17662722
7496ff4c-818f-52b8-87b6-5a92ca15e604,oysters,75,high,1,0.27,0.75,1,11,0.31998342
7496ff4c-818f-52b8-87b6-5a92ca15e604,oysters,75,high,2,0.09,0.75,1,11,0.30614635
7496ff4c-818f-52b8-87b6-5a92ca15e604,oysters,75,high,3,0.07,0.75,1,11,0.19724306
7496ff4c-818f-52b8-87b6-5a92ca15e604,social,0,high,0,0.0,0.0,1,12,0.65139556
7496ff4c-818f-52b8-87b6-5a92ca15e604,social,0,high,1,0.0,0.0,1,12,0.08862829
7496ff4c-818f-52b8-87b6-5a92ca15e604,social,0,high,2,1.0,0.0,1,12,0.1875765
7496ff4c-818f-52b8-87b6-5a92ca15e604,social,0,high,3,0.0,0.0,1,12,0.07239971
7496ff4c-818f-52b8-87b6-5a92ca15e604,soup,100,high,0,0.87,1.0,1,13,0.14633904
7496ff4c-818f-52b8-87b6-5a92ca15e604,soup,100,high,1,0.01,1.0,1,13,0.24083959
7496ff4c-818f-52b8-87b6-5a92ca15e604,soup,100,high,2,0.01,1.0,1,13,0.26933384
7496ff4c-818f-52b8-87b6-5a92ca15e604,soup,100,high,3,0.11,1.0,1,13,0.34348753
7496ff4c-818f-52b8-87b6-5a92ca15e604,takeout,100,low,0,0.2,1.0,0,14,0.3651162
7496ff4c-818f-52b8-87b6-5a92ca15e604,takeout,100,low,1,0.4,1.0,0,14,0.27645305
7496ff4c-818f-52b8-87b6-5a92ca15e604,takeout,100,low,2,0.39,1.0,0,14,0.2725342
7496ff4c-818f-52b8-87b6-5a92ca15e604,takeout,100,low,3,0.01,1.0,0,14,0.085896574
7496ff4c-818f-52b8-87b6-5a92ca15e604,wedding,100,high,0,0.46,1.0,1,15,0.08925787
7496ff4c-818f-52b8-87b6-5a92ca15e604,wedding,100,high,1,0.24,1.0,1,15,0.2704253
7496ff4c-818f-52b8-87b6-5a92ca15e604,wedding,100,high,2,0.11,1.0,1,15,0.30555892
7496ff4c-818f-52b8-87b6-5a92ca15e604,wedding,100,high,3,0.19,1.0,1,15,0.33475792
76dbb039-4342-5539-a49b-794567aa15b6,apples,0,high,0,0.0,0.0,1,0,0.42698184
76dbb039-4342-5539-a49b-794567aa15b6,apples,0,high,1,0.8,0.0,1,0,0.40298706
76dbb039-4342-5539-a49b-794567aa15b6,apples,0,high,2,0.2,0.0,1,0,0.09085414
76dbb039-4342-5539-a49b-794567aa15b6,apples,0,high,3,0.0,0.0,1,0,0.079176955
76dbb039-4342-5539-a49b-794567aa15b6,basketball,100,high,0,0.0,1.0,1,1,0.11880685
76dbb039-4342-5539-a49b-794567aa15b6,basketball,100,high,1,0.6,1.0,1,1,0.24552351
76dbb039-4342-5539-a49b-794567aa15b6,basketball,100,high,2,0.2,1.0,1,1,0.31783482
76dbb039-4342-5539-a49b-794567aa15b6,basketball,100,high,3,0.2,1.0,1,1,0.3178348
76dbb039-4342-5539-a49b-794567aa15b6,birthday,50,high,0,0.0,0.5,1,2,0.16706371
76dbb039-4342-5539-a49b-794567aa15b6,birthday,50,high,1,1.0,0.5,1,2,0.5288051
76dbb039-4342-5539-a49b-794567aa15b6,birthday,50,high,2,0.0,0.5,1,2,0.21500385
76dbb039-4342-5539-a49b-794567aa15b6,birthday,50,high,3,0.0,0.5,1,2,0.08912745
76dbb039-4342-5539-a49b-794567aa15b6,brunch,50,high,0,0.0,0.5,1,3,0.26137137
76dbb039-4342-5539-a49b-794567aa15b6,brunch,50,high,1,1.0,0.5,1,3,0.3238393
76dbb039-4342-5539-a49b-794567aa15b6,brunch,50,high,2,0.0,0.5,1,3,0.26117304
76dbb039-4342-5539-a49b-794567aa15b6,brunch,50,high,3,0.0,0.5,1,3,0.15361626
76dbb039-4342-5539-a49b-794567aa15b6,cooking,75,high,0,0.0,0.75,1,4,0.14785571
76dbb039-4342-5539-a49b-794567aa15b6,cooking,75,high,1,0.5,0.75,1,4,0.3630791
76dbb039-4342-5539-a49b-794567aa15b6,cooking,75,high,2,0.0,0.75,1,4,0.26713452
76dbb039-4342-5539-a49b-794567aa15b6,cooking,75,high,3,0.5,0.75,1,4,0.22193062
76dbb039-4342-5539-a49b-794567aa15b6,dip,100,high,0,0.0,1.0,1,5,0.10021788
76dbb039-4342-5539-a49b-794567aa15b6,dip,100,high,1,1.0,1.0,1,5,0.36763847
76dbb039-4342-5539-a49b-794567aa15b6,dip,100,high,2,0.0,1.0,1,5,0.30430344
76dbb039-4342-5539-a49b-794567aa15b6,dip,100,high,3,0.0,1.0,1,5,0.22784017
76dbb039-4342-5539-a49b-794567aa15b6,drinks,75,low,0,1.0,0.75,0,6,0.7045375
76dbb039-4342-5539-a49b-794567aa15b6,drinks,75,low,1,0.0,0.75,0,6,0.1435551
76dbb039-4342-5539-a49b-794567aa15b6,drinks,75,low,2,0.0,0.75,0,6,0.08746405
76dbb039-4342-5539-a49b-794567aa15b6,drinks,75,low,3,0.0,0.75,0,6,0.06444328
76dbb039-4342-5539-a49b-794567aa15b6,driving,100,low,0,0.65,1.0,0,7,0.28515202
76dbb039-4342-5539-a49b-794567aa15b6,driving,100,low,1,0.35,1.0,0,7,0.23713657
76dbb039-4342-5539-a49b-794567aa15b6,driving,100,low,2,0.0,1.0,0,7,0.25528738
76dbb039-4342-5539-a49b-794567aa15b6,driving,100,low,3,0.0,1.0,0,7,0.22242402
76dbb039-4342-5539-a49b-794567aa15b6,fair,75,high,0,0.0,0.75,1,8,0.19342518
76dbb039-4342-5539-a49b-794567aa15b6,fair,75,high,1,0.5,0.75,1,8,0.376359
76dbb039-4342-5539-a49b-794567aa15b6,fair,75,high,2,0.25,0.75,1,8,0.23236895
76dbb039-4342-5539-a49b-794567aa15b6,fair,75,high,3,0.25,0.75,1,8,0.1978469
76dbb039-4342-5539-a49b-794567aa15b6,gala,0,high,0,0.0,0.0,1,9,0.36991814
76dbb039-4342-5539-a49b-794567aa15b6,gala,0,high,1,1.0,0.0,1,9,0.39267284
76dbb039-4342-5539-a49b-794567aa15b6,gala,0,high,2,0.0,0.0,1,9,0.15431948
76dbb039-4342-5539-a49b-794567aa15b6,gala,0,high,3,0.0,0.0,1,9,0.083089605
76dbb039-4342-5539-a49b-794567aa15b6,hike,75,low,0,1.0,0.75,0,10,0.4188641
76dbb039-4342-5539-a49b-794567aa15b6,hike,75,low,1,0.0,0.75,0,10,0.2709454
76dbb039-4342-5539-a49b-794567aa15b6,hike,75,low,2,0.0,0.75,0,10,0.19254148
76dbb039-4342-5539-a49b-794567aa15b6,hike,75,low,3,0.0,0.75,0,10,0.117649004
76dbb039-4342-5539-a49b-794567aa15b6,oysters,0,low,0,1.0,0.0,0,11,0.64080536
76dbb039-4342-5539-a49b-794567aa15b6,oysters,0,low,1,0.0,0.0,0,11,0.12204299
76dbb039-4342-5539-a49b-794567aa15b6,oysters,0,low,2,0.0,0.0,0,11,0.21212909
76dbb039-4342-5539-a49b-794567aa15b6,oysters,0,low,3,0.0,0.0,0,11,0.025022497
76dbb039-4342-5539-a49b-794567aa15b6,social,50,low,0,1.0,0.5,0,12,0.6326194
76dbb039-4342-5539-a49b-794567aa15b6,social,50,low,1,0.0,0.5,0,12,0.10343386
76dbb039-4342-5539-a49b-794567aa15b6,social,50,low,2,0.0,0.5,0,12,0.17970979
76dbb039-4342-5539-a49b-794567aa15b6,social,50,low,3,0.0,0.5,0,12,0.08423695
76dbb039-4342-5539-a49b-794567aa15b6,soup,100,low,0,1.0,1.0,0,13,0.17265384
76dbb039-4342-5539-a49b-794567aa15b6,soup,100,low,1,0.0,1.0,0,13,0.2467696
76dbb039-4342-5539-a49b-794567aa15b6,soup,100,low,2,0.0,1.0,0,13,0.26021537
76dbb039-4342-5539-a49b-794567aa15b6,soup,100,low,3,0.0,1.0,0,13,0.32036123
76dbb039-4342-5539-a49b-794567aa15b6,takeout,50,low,0,0.0,0.5,0,14,0.56748694
76dbb039-4342-5539-a49b-794567aa15b6,takeout,50,low,1,1.0,0.5,0,14,0.30020222
76dbb039-4342-5539-a49b-794567aa15b6,takeout,50,low,2,0.0,0.5,0,14,0.10843349
76dbb039-4342-5539-a49b-794567aa15b6,takeout,50,low,3,0.0,0.5,0,14,0.023877341
76dbb039-4342-5539-a49b-794567aa15b6,wedding,0,low,0,1.0,0.0,0,15,0.77268213
76dbb039-4342-5539-a49b-794567aa15b6,wedding,0,low,1,0.0,0.0,0,15,0.1418967
76dbb039-4342-5539-a49b-794567aa15b6,wedding,0,low,2,0.0,0.0,0,15,0.0648113
76dbb039-4342-5539-a49b-794567aa15b6,wedding,0,low,3,0.0,0.0,0,15,0.020609858
7953e607-0ce9-59d4-ad7f-e92cc59e1a4a,apples,0,low,0,1.0,0.0,0,0,0.7356681
7953e607-0ce9-59d4-ad7f-e92cc59e1a4a,apples,0,low,1,0.0,0.0,0,0,0.1928364
7953e607-0ce9-59d4-ad7f-e92cc59e1a4a,apples,0,low,2,0.0,0.0,0,0,0.038202766
7953e607-0ce9-59d4-ad7f-e92cc59e1a4a,apples,0,low,3,0.0,0.0,0,0,0.033292685
7953e607-0ce9-59d4-ad7f-e92cc59e1a4a,basketball,75,high,0,0.0,0.75,1,1,0.20223837
7953e607-0ce9-59d4-ad7f-e92cc59e1a4a,basketball,75,high,1,0.35,0.75,1,1,0.38436523
7953e607-0ce9-59d4-ad7f-e92cc59e1a4a,basketball,75,high,2,0.0,0.75,1,1,0.2153484
7953e607-0ce9-59d4-ad7f-e92cc59e1a4a,basketball,75,high,3,0.65,0.75,1,1,0.19804801
7953e607-0ce9-59d4-ad7f-e92cc59e1a4a,birthday,75,low,0,0.17,0.75,0,2,0.25470307
7953e607-0ce9-59d4-ad7f-e92cc59e1a4a,birthday,75,low,1,0.26,0.75,0,2,0.36682245
7953e607-0ce9-59d4-ad7f-e92cc59e1a4a,birthday,75,low,2,0.37,0.75,0,2,0.24243777
7953e607-0ce9-59d4-ad7f-e92cc59e1a4a,birthday,75,low,3,0.2,0.75,0,2,0.13603675
7953e607-0ce9-59d4-ad7f-e92cc59e1a4a,brunch,50,high,0,0.0,0.5,1,3,0.26137137
7953e607-0ce9-59d4-ad7f-e92cc59e1a4a,brunch,50,high,1,0.2,0.5,1,3,0.3238393
7953e607-0ce9-59d4-ad7f-e92cc59e1a4a,brunch,50,high,2,0.49,0.5,1,3,0.26117304
7953e607-0ce9-59d4-ad7f-e92cc59e1a4a,brunch,50,high,3,0.31,0.5,1,3,0.15361626
7953e607-0ce9-59d4-ad7f-e92cc59e1a4a,cooking,50,high,0,0.0,0.5,1,4,0.20437361
7953e607-0ce9-59d4-ad7f-e92cc59e1a4a,cooking,50,high,1,0.0,0.5,1,4,0.39527634
7953e607-0ce9-59d4-ad7f-e92cc59e1a4a,cooking,50,high,2,0.74,0.5,1,4,0.2374081
7953e607-0ce9-59d4-ad7f-e92cc59e1a4a,cooking,50,high,3,0.26,0.5,1,4,0.16294199
7953e607-0ce9-59d4-ad7f-e92cc59e1a4a,dip,100,high,0,0.0,1.0,1,5,0.10021788
7953e607-0ce9-59d4-ad7f-e92cc59e1a4a,dip,100,high,1,0.0,1.0,1,5,0.36763847
7953e607-0ce9-59d4-ad7f-e92cc59e1a4a,dip,100,high,2,1.0,1.0,1,5,0.30430344
7953e607-0ce9-59d4-ad7f-e92cc59e1a4a,dip,100,high,3,0.0,1.0,1,5,0.22784017
7953e607-0ce9-59d4-ad7f-e92cc59e1a4a,drinks,75,low,0,0.7,0.75,0,6,0.7045375
7953e607-0ce9-59d4-ad7f-e92cc59e1a4a,drinks,75,low,1,0.0,0.75,0,6,0.1435551
7953e607-0ce9-59d4-ad7f-e92cc59e1a4a,drinks,75,low,2,0.0,0.75,0,6,0.08746405
7953e607-0ce9-59d4-ad7f-e92cc59e1a4a,drinks,75,low,3,0.3,0.75,0,6,0.06444328
7953e607-0ce9-59d4-ad7f-e92cc59e1a4a,driving,100,low,0,0.0,1.0,0,7,0.28515202
7953e607-0ce9-59d4-ad7f-e92cc59e1a4a,driving,100,low,1,0.15,1.0,0,7,0.23713657
7953e607-0ce9-59d4-ad7f-e92cc59e1a4a,driving,100,low,2,0.0,1.0,0,7,0.25528738
7953e607-0ce9-59d4-ad7f-e92cc59e1a4a,driving,100,low,3,0.85,1.0,0,7,0.22242402
7953e607-0ce9-59d4-ad7f-e92cc59e1a4a,fair,100,low,0,0.0,1.0,0,8,0.37053174
7953e607-0ce9-59d4-ad7f-e92cc59e1a4a,fair,100,low,1,0.0,1.0,0,8,0.2363968
7953e607-0ce9-59d4-ad7f-e92cc59e1a4a,fair,100,low,2,0.0,1.0,0,8,0.2622352
7953e607-0ce9-59d4-ad7f-e92cc59e1a4a,fair,100,low,3,1.0,1.0,0,8,0.1308363
7953e607-0ce9-59d4-ad7f-e92cc59e1a4a,gala,50,low,0,1.0,0.5,0,9,0.79520184
7953e607-0ce9-59d4-ad7f-e92cc59e1a4a,gala,50,low,1,0.0,0.5,0,9,0.10983461
7953e607-0ce9-59d4-ad7f-e92cc59e1a4a,gala,50,low,2,0.0,0.5,0,9,0.059997436
7953e607-0ce9-59d4-ad7f-e92cc59e1a4a,gala,50,low,3,0.0,0.5,0,9,0.034966037
7953e607-0ce9-59d4-ad7f-e92cc59e1a4a,hike,0,high,0,1.0,0.0,1,10,0.31990948
7953e607-0ce9-59d4-ad7f-e92cc59e1a4a,hike,0,high,1,0.0,0.0,1,10,0.5216798
7953e607-0ce9-59d4-ad7f-e92cc59e1a4a,hike,0,high,2,0.0,0.0,1,10,0.108692184
7953e607-0ce9-59d4-ad7f-e92cc59e1a4a,hike,0,high,3,0.0,0.0,1,10,0.049718577
7953e607-0ce9-59d4-ad7f-e92cc59e1a4a,oysters,75,high,0,0.0,0.75,1,11,0.17662722
7953e607-0ce9-59d4-ad7f-e92cc59e1a4a,oysters,75,high,1,0.32,0.75,1,11,0.31998342
7953e607-0ce9-59d4-ad7f-e92cc59e1a4a,oysters,75,high,2,0.0,0.75,1,11,0.30614635
7953e607-0ce9-59d4-ad7f-e92cc59e1a4a,oysters,75,high,3,0.68,0.75,1,11,0.19724306
7953e607-0ce9-59d4-ad7f-e92cc59e1a4a,social,50,low,0,1.0,0.5,0,12,0.6326194
7953e607-0ce9-59d4-ad7f-e92cc59e1a4a,social,50,low,1,0.0,0.5,0,12,0.10343386
7953e607-0ce9-59d4-ad7f-e92cc59e1a4a,social,50,low,2,0.0,0.5,0,12,0.17970979
7953e607-0ce9-59d4-ad7f-e92cc59e1a4a,social,50,low,3,0.0,0.5,0,12,0.08423695
7953e607-0ce9-59d4-ad7f-e92cc59e1a4a,soup,0,low,0,1.0,0.0,0,13,0.3659461
7953e607-0ce9-59d4-ad7f-e92cc59e1a4a,soup,0,low,1,0.0,0.0,0,13,0.5230372
7953e607-0ce9-59d4-ad7f-e92cc59e1a4a,soup,0,low,2,0.0,0.0,0,13,0.075403504
7953e607-0ce9-59d4-ad7f-e92cc59e1a4a,soup,0,low,3,0.0,0.0,0,13,0.035613187
7953e607-0ce9-59d4-ad7f-e92cc59e1a4a,takeout,100,high,0,0.16,1.0,1,14,0.16335048
7953e607-0ce9-59d4-ad7f-e92cc59e1a4a,takeout,100,high,1,0.08,1.0,1,14,0.37776726
7953e607-0ce9-59d4-ad7f-e92cc59e1a4a,takeout,100,high,2,0.76,1.0,1,14,0.37241223
7953e607-0ce9-59d4-ad7f-e92cc59e1a4a,takeout,100,high,3,0.0,1.0,1,14,0.086470015
7953e607-0ce9-59d4-ad7f-e92cc59e1a4a,wedding,0,high,0,0.88,0.0,1,15,0.3970557
7953e607-0ce9-59d4-ad7f-e92cc59e1a4a,wedding,0,high,1,0.0,0.0,1,15,0.35221374
7953e607-0ce9-59d4-ad7f-e92cc59e1a4a,wedding,0,high,2,0.12,0.0,1,15,0.17262787
7953e607-0ce9-59d4-ad7f-e92cc59e1a4a,wedding,0,high,3,0.0,0.0,1,15,0.07810264
7ab54605-0b7e-5466-b6df-1eb11e01cf88,apples,100,low,0,0.79,1.0,0,0,0.2761688
7ab54605-0b7e-5466-b6df-1eb11e01cf88,apples,100,low,1,0.0,1.0,0,0,0.247245
7ab54605-0b7e-5466-b6df-1eb11e01cf88,apples,100,low,2,0.14,1.0,0,0,0.23829313
7ab54605-0b7e-5466-b6df-1eb11e01cf88,apples,100,low,3,0.07,1.0,0,0,0.23829311
7ab54605-0b7e-5466-b6df-1eb11e01cf88,basketball,50,high,0,0.37,0.5,1,1,0.26170138
7ab54605-0b7e-5466-b6df-1eb11e01cf88,basketball,50,high,1,0.51,0.5,1,1,0.46855953
7ab54605-0b7e-5466-b6df-1eb11e01cf88,basketball,50,high,2,0.07,0.5,1,1,0.1445255
7ab54605-0b7e-5466-b6df-1eb11e01cf88,basketball,50,high,3,0.05,0.5,1,1,0.12521361
7ab54605-0b7e-5466-b6df-1eb11e01cf88,birthday,75,low,0,0.05,0.75,0,2,0.25470307
7ab54605-0b7e-5466-b6df-1eb11e01cf88,birthday,75,low,1,0.2,0.75,0,2,0.36682245
7ab54605-0b7e-5466-b6df-1eb11e01cf88,birthday,75,low,2,0.46,0.75,0,2,0.24243777
7ab54605-0b7e-5466-b6df-1eb11e01cf88,birthday,75,low,3,0.29,0.75,0,2,0.13603675
7ab54605-0b7e-5466-b6df-1eb11e01cf88,brunch,75,low,0,0.51,0.75,0,3,0.27379805
7ab54605-0b7e-5466-b6df-1eb11e01cf88,brunch,75,low,1,0.3,0.75,0,3,0.2753374
7ab54605-0b7e-5466-b6df-1eb11e01cf88,brunch,75,low,2,0.15,0.75,0,3,0.262078
7ab54605-0b7e-5466-b6df-1eb11e01cf88,brunch,75,low,3,0.04,0.75,0,3,0.18878654
7ab54605-0b7e-5466-b6df-1eb11e01cf88,cooking,75,high,0,0.03,0.75,1,4,0.14785571
7ab54605-0b7e-5466-b6df-1eb11e01cf88,cooking,75,high,1,0.76,0.75,1,4,0.3630791
7ab54605-0b7e-5466-b6df-1eb11e01cf88,cooking,75,high,2,0.17,0.75,1,4,0.26713452
7ab54605-0b7e-5466-b6df-1eb11e01cf88,cooking,75,high,3,0.04,0.75,1,4,0.22193062
7ab54605-0b7e-5466-b6df-1eb11e01cf88,dip,100,low,0,0.73,1.0,0,5,0.571308
7ab54605-0b7e-5466-b6df-1eb11e01cf88,dip,100,low,1,0.18,1.0,0,5,0.15790218
7ab54605-0b7e-5466-b6df-1eb11e01cf88,dip,100,low,2,0.06,1.0,0,5,0.14700009
7ab54605-0b7e-5466-b6df-1eb11e01cf88,dip,100,low,3,0.03,1.0,0,5,0.12378971
7ab54605-0b7e-5466-b6df-1eb11e01cf88,drinks,100,high,0,0.17,1.0,1,6,0.17412922
7ab54605-0b7e-5466-b6df-1eb11e01cf88,drinks,100,high,1,0.26,1.0,1,6,0.28677985
7ab54605-0b7e-5466-b6df-1eb11e01cf88,drinks,100,high,2,0.13,1.0,1,6,0.2700779
7ab54605-0b7e-5466-b6df-1eb11e01cf88,drinks,100,high,3,0.44,1.0,1,6,0.269013
7ab54605-0b7e-5466-b6df-1eb11e01cf88,driving,100,high,0,0.12,1.0,1,7,0.09397328
7ab54605-0b7e-5466-b6df-1eb11e01cf88,driving,100,high,1,0.36,1.0,1,7,0.28471178
7ab54605-0b7e-5466-b6df-1eb11e01cf88,driving,100,high,2,0.24,1.0,1,7,0.3065041
7ab54605-0b7e-5466-b6df-1eb11e01cf88,driving,100,high,3,0.28,1.0,1,7,0.31481075
7ab54605-0b7e-5466-b6df-1eb11e01cf88,fair,0,low,0,0.52,0.0,0,8,0.62978035
7ab54605-0b7e-5466-b6df-1eb11e01cf88,fair,0,low,1,0.41,0.0,0,8,0.31427956
7ab54605-0b7e-5466-b6df-1eb11e01cf88,fair,0,low,2,0.06,0.0,0,8,0.04427682
7ab54605-0b7e-5466-b6df-1eb11e01cf88,fair,0,low,3,0.01,0.0,0,8,0.011663312
7ab54605-0b7e-5466-b6df-1eb11e01cf88,gala,0,low,0,0.96,0.0,0,9,0.8866782
7ab54605-0b7e-5466-b6df-1eb11e01cf88,gala,0,low,1,0.04,0.0,0,9,0.07345924
7ab54605-0b7e-5466-b6df-1eb11e01cf88,gala,0,low,2,0.0,0.0,0,9,0.028000446
7ab54605-0b7e-5466-b6df-1eb11e01cf88,gala,0,low,3,0.0,0.0,0,9,0.011862111
7ab54605-0b7e-5466-b6df-1eb11e01cf88,hike,0,high,0,0.78,0.0,1,10,0.31990948
7ab54605-0b7e-5466-b6df-1eb11e01cf88,hike,0,high,1,0.13,0.0,1,10,0.5216798
7ab54605-0b7e-5466-b6df-1eb11e01cf88,hike,0,high,2,0.08,0.0,1,10,0.108692184
7ab54605-0b7e-5466-b6df-1eb11e01cf88,hike,0,high,3,0.01,0.0,1,10,0.049718577
7ab54605-0b7e-5466-b6df-1eb11e01cf88,oysters,0,high,0,0.84,0.0,1,11,0.36713034
7ab54605-0b7e-5466-b6df-1eb11e01cf88,oysters,0,high,1,0.16,0.0,1,11,0.251757
7ab54605-0b7e-5466-b6df-1eb11e01cf88,oysters,0,high,2,0.0,0.0,1,11,0.32237086
7ab54605-0b7e-5466-b6df-1eb11e01cf88,oysters,0,high,3,0.0,0.0,1,11,0.058741804
7ab54605-0b7e-5466-b6df-1eb11e01cf88,social,50,low,0,0.77,0.5,0,12,0.6326194
7ab54605-0b7e-5466-b6df-1eb11e01cf88,social,50,low,1,0.05,0.5,0,12,0.10343386
7ab54605-0b7e-5466-b6df-1eb11e01cf88,social,50,low,2,0.14,0.5,0,12,0.17970979
7ab54605-0b7e-5466-b6df-1eb11e01cf88,social,50,low,3,0.04,0.5,0,12,0.08423695
7ab54605-0b7e-5466-b6df-1eb11e01cf88,soup,50,low,0,0.64,0.5,0,13,0.30933502
7ab54605-0b7e-5466-b6df-1eb11e01cf88,soup,50,low,1,0.26,0.5,0,13,0.44212443
7ab54605-0b7e-5466-b6df-1eb11e01cf88,soup,50,low,2,0.08,0.5,0,13,0.14588597
7ab54605-0b7e-5466-b6df-1eb11e01cf88,soup,50,low,3,0.02,0.5,0,13,0.102654584
7ab54605-0b7e-5466-b6df-1eb11e01cf88,takeout,75,high,0,0.11,0.75,1,14,0.2439953
7ab54605-0b7e-5466-b6df-1eb11e01cf88,takeout,75,high,1,0.22,0.75,1,14,0.45767552
7ab54605-0b7e-5466-b6df-1eb11e01cf88,takeout,75,high,2,0.36,0.75,1,14,0.2510497
7ab54605-0b7e-5466-b6df-1eb11e01cf88,takeout,75,high,3,0.31,0.75,1,14,0.047279578
7ab54605-0b7e-5466-b6df-1eb11e01cf88,wedding,50,high,0,0.37,0.5,1,15,0.23947777
7ab54605-0b7e-5466-b6df-1eb11e01cf88,wedding,50,high,1,0.21,0.5,1,15,0.35416168
7ab54605-0b7e-5466-b6df-1eb11e01cf88,wedding,50,high,2,0.27,0.5,1,15,0.2457274
7ab54605-0b7e-5466-b6df-1eb11e01cf88,wedding,50,high,3,0.15,0.5,1,15,0.16063312
7b82c4d7-835d-5d63-a6a0-eaf0e94283d4,apples,50,low,0,0.1,0.5,0,0,0.56864893
7b82c4d7-835d-5d63-a6a0-eaf0e94283d4,apples,50,low,1,0.26,0.5,0,0,0.24850366
7b82c4d7-835d-5d63-a6a0-eaf0e94283d4,apples,50,low,2,0.54,0.5,0,0,0.09509347
7b82c4d7-835d-5d63-a6a0-eaf0e94283d4,apples,50,low,3,0.1,0.5,0,0,0.08775395
7b82c4d7-835d-5d63-a6a0-eaf0e94283d4,basketball,0,low,0,0.08,0.0,0,1,0.59798855
7b82c4d7-835d-5d63-a6a0-eaf0e94283d4,basketball,0,low,1,0.76,0.0,0,1,0.33563203
7b82c4d7-835d-5d63-a6a0-eaf0e94283d4,basketball,0,low,2,0.08,0.0,0,1,0.03724604
7b82c4d7-835d-5d63-a6a0-eaf0e94283d4,basketball,0,low,3,0.08,0.0,0,1,0.02913338
7b82c4d7-835d-5d63-a6a0-eaf0e94283d4,birthday,75,high,0,0.45,0.75,1,2,0.13972035
7b82c4d7-835d-5d63-a6a0-eaf0e94283d4,birthday,75,high,1,0.29,0.75,1,2,0.44225538
7b82c4d7-835d-5d63-a6a0-eaf0e94283d4,birthday,75,high,2,0.13,0.75,1,2,0.270476
7b82c4d7-835d-5d63-a6a0-eaf0e94283d4,birthday,75,high,3,0.13,0.75,1,2,0.14754832
7b82c4d7-835d-5d63-a6a0-eaf0e94283d4,brunch,100,low,0,0.33,1.0,0,3,0.25663456
7b82c4d7-835d-5d63-a6a0-eaf0e94283d4,brunch,100,low,1,0.51,1.0,0,3,0.21827695
7b82c4d7-835d-5d63-a6a0-eaf0e94283d4,brunch,100,low,2,0.08,1.0,0,3,0.2570134
7b82c4d7-835d-5d63-a6a0-eaf0e94283d4,brunch,100,low,3,0.08,1.0,0,3,0.26807508
7b82c4d7-835d-5d63-a6a0-eaf0e94283d4,cooking,75,high,0,0.73,0.75,1,4,0.14785571
7b82c4d7-835d-5d63-a6a0-eaf0e94283d4,cooking,75,high,1,0.09,0.75,1,4,0.3630791
7b82c4d7-835d-5d63-a6a0-eaf0e94283d4,cooking,75,high,2,0.09,0.75,1,4,0.26713452
7b82c4d7-835d-5d63-a6a0-eaf0e94283d4,cooking,75,high,3,0.09,0.75,1,4,0.22193062
7b82c4d7-835d-5d63-a6a0-eaf0e94283d4,dip,50,high,0,0.49,0.5,1,5,0.1520621
7b82c4d7-835d-5d63-a6a0-eaf0e94283d4,dip,50,high,1,0.17,0.5,1,5,0.5578234
7b82c4d7-835d-5d63-a6a0-eaf0e94283d4,dip,50,high,2,0.17,0.5,1,5,0.22538151
7b82c4d7-835d-5d63-a6a0-eaf0e94283d4,dip,50,high,3,0.17,0.5,1,5,0.06473294
7b82c4d7-835d-5d63-a6a0-eaf0e94283d4,drinks,0,high,0,0.28,0.0,1,6,0.49300584
7b82c4d7-835d-5d63-a6a0-eaf0e94283d4,drinks,0,high,1,0.44,0.0,1,6,0.36993352
7b82c4d7-835d-5d63-a6a0-eaf0e94283d4,drinks,0,high,2,0.14,0.0,1,6,0.097113706
7b82c4d7-835d-5d63-a6a0-eaf0e94283d4,drinks,0,high,3,0.14,0.0,1,6,0.039946947
7b82c4d7-835d-5d63-a6a0-eaf0e94283d4,driving,0,high,0,0.04,0.0,1,7,0.19378443
7b82c4d7-835d-5d63-a6a0-eaf0e94283d4,driving,0,high,1,0.87,0.0,1,7,0.58711064
7b82c4d7-835d-5d63-a6a0-eaf0e94283d4,driving,0,high,2,0.07,0.0,1,7,0.18505675
7b82c4d7-835d-5d63-a6a0-eaf0e94283d4,driving,0,high,3,0.02,0.0,1,7,0.034048196
7b82c4d7-835d-5d63-a6a0-eaf0e94283d4,fair,50,high,0,0.25,0.5,1,8,0.24886383
7b82c4d7-835d-5d63-a6a0-eaf0e94283d4,fair,50,high,1,0.53,0.5,1,8,0.45617265
7b82c4d7-835d-5d63-a6a0-eaf0e94283d4,fair,50,high,2,0.11,0.5,1,8,0.17059332
7b82c4d7-835d-5d63-a6a0-eaf0e94283d4,fair,50,high,3,0.11,0.5,1,8,0.124370255
7b82c4d7-835d-5d63-a6a0-eaf0e94283d4,gala,100,high,0,0.08,1.0,1,9,0.08383131
7b82c4d7-835d-5d63-a6a0-eaf0e94283d4,gala,100,high,1,0.31,1.0,1,9,0.30393267
7b82c4d7-835d-5d63-a6a0-eaf0e94283d4,gala,100,high,2,0.53,1.0,1,9,0.28360444
7b82c4d7-835d-5d63-a6a0-eaf0e94283d4,gala,100,high,3,0.08,1.0,1,9,0.32863158
7b82c4d7-835d-5d63-a6a0-eaf0e94283d4,hike,75,low,0,0.16,0.75,0,10,0.4188641
7b82c4d7-835d-5d63-a6a0-eaf0e94283d4,hike,75,low,1,0.52,0.75,0,10,0.2709454
7b82c4d7-835d-5d63-a6a0-eaf0e94283d4,hike,75,low,2,0.16,0.75,0,10,0.19254148
7b82c4d7-835d-5d63-a6a0-eaf0e94283d4,hike,75,low,3,0.16,0.75,0,10,0.117649004
7b82c4d7-835d-5d63-a6a0-eaf0e94283d4,oysters,100,high,0,0.57,1.0,1,11,0.10516431
7b82c4d7-835d-5d63-a6a0-eaf0e94283d4,oysters,100,high,1,0.29,1.0,1,11,0.31489423
7b82c4d7-835d-5d63-a6a0-eaf0e94283d4,oysters,100,high,2,0.07,1.0,1,11,0.25911844
7b82c4d7-835d-5d63-a6a0-eaf0e94283d4,oysters,100,high,3,0.07,1.0,1,11,0.32082298
7b82c4d7-835d-5d63-a6a0-eaf0e94283d4,social,100,low,0,0.1,1.0,0,12,0.28530437
7b82c4d7-835d-5d63-a6a0-eaf0e94283d4,social,100,low,1,0.24,1.0,0,12,0.23726287
7b82c4d7-835d-5d63-a6a0-eaf0e94283d4,social,100,low,2,0.56,1.0,0,12,0.26501882
7b82c4d7-835d-5d63-a6a0-eaf0e94283d4,social,100,low,3,0.1,1.0,0,12,0.21241392
7b82c4d7-835d-5d63-a6a0-eaf0e94283d4,soup,50,low,0,0.52,0.5,0,13,0.30933502
7b82c4d7-835d-5d63-a6a0-eaf0e94283d4,soup,50,low,1,0.3,0.5,0,13,0.44212443
7b82c4d7-835d-5d63-a6a0-eaf0e94283d4,soup,50,low,2,0.09,0.5,0,13,0.14588597
7b82c4d7-835d-5d63-a6a0-eaf0e94283d4,soup,50,low,3,0.09,0.5,0,13,0.102654584
7b82c4d7-835d-5d63-a6a0-eaf0e94283d4,takeout,75,low,0,0.47,0.75,0,14,0.4908885
7b82c4d7-835d-5d63-a6a0-eaf0e94283d4,takeout,75,low,1,0.33,0.75,0,14,0.3014709
7b82c4d7-835d-5d63-a6a0-eaf0e94283d4,takeout,75,low,2,0.1,0.75,0,14,0.16536646
7b82c4d7-835d-5d63-a6a0-eaf0e94283d4,takeout,75,low,3,0.1,0.75,0,14,0.042274114
7b82c4d7-835d-5d63-a6a0-eaf0e94283d4,wedding,0,low,0,0.3,0.0,0,15,0.77268213
7b82c4d7-835d-5d63-a6a0-eaf0e94283d4,wedding,0,low,1,0.5,0.0,0,15,0.1418967
7b82c4d7-835d-5d63-a6a0-eaf0e94283d4,wedding,0,low,2,0.1,0.0,0,15,0.0648113
7b82c4d7-835d-5d63-a6a0-eaf0e94283d4,wedding,0,low,3,0.1,0.0,0,15,0.020609858
7c21b186-a369-517c-886a-cc1e6dbda63d,apples,100,low,0,1.0,1.0,0,0,0.2761688
7c21b186-a369-517c-886a-cc1e6dbda63d,apples,100,low,1,0.0,1.0,0,0,0.247245
7c21b186-a369-517c-886a-cc1e6dbda63d,apples,100,low,2,0.0,1.0,0,0,0.23829313
7c21b186-a369-517c-886a-cc1e6dbda63d,apples,100,low,3,0.0,1.0,0,0,0.23829311
7c21b186-a369-517c-886a-cc1e6dbda63d,basketball,0,low,0,0.0,0.0,0,1,0.59798855
7c21b186-a369-517c-886a-cc1e6dbda63d,basketball,0,low,1,1.0,0.0,0,1,0.33563203
7c21b186-a369-517c-886a-cc1e6dbda63d,basketball,0,low,2,0.0,0.0,0,1,0.03724604
7c21b186-a369-517c-886a-cc1e6dbda63d,basketball,0,low,3,0.0,0.0,0,1,0.02913338
7c21b186-a369-517c-886a-cc1e6dbda63d,birthday,50,high,0,0.0,0.5,1,2,0.16706371
7c21b186-a369-517c-886a-cc1e6dbda63d,birthday,50,high,1,0.5,0.5,1,2,0.5288051
7c21b186-a369-517c-886a-cc1e6dbda63d,birthday,50,high,2,0.5,0.5,1,2,0.21500385
7c21b186-a369-517c-886a-cc1e6dbda63d,birthday,50,high,3,0.0,0.5,1,2,0.08912745
7c21b186-a369-517c-886a-cc1e6dbda63d,brunch,50,low,0,0.7,0.5,0,3,0.27989364
7c21b186-a369-517c-886a-cc1e6dbda63d,brunch,50,low,1,0.3,0.5,0,3,0.3171549
7c21b186-a369-517c-886a-cc1e6dbda63d,brunch,50,low,2,0.0,0.5,0,3,0.2594152
7c21b186-a369-517c-886a-cc1e6dbda63d,brunch,50,low,3,0.0,0.5,0,3,0.14353625
7c21b186-a369-517c-886a-cc1e6dbda63d,cooking,50,high,0,0.0,0.5,1,4,0.20437361
7c21b186-a369-517c-886a-cc1e6dbda63d,cooking,50,high,1,0.43,0.5,1,4,0.39527634
7c21b186-a369-517c-886a-cc1e6dbda63d,cooking,50,high,2,0.57,0.5,1,4,0.2374081
7c21b186-a369-517c-886a-cc1e6dbda63d,cooking,50,high,3,0.0,0.5,1,4,0.16294199
7c21b186-a369-517c-886a-cc1e6dbda63d,dip,100,high,0,0.0,1.0,1,5,0.10021788
7c21b186-a369-517c-886a-cc1e6dbda63d,dip,100,high,1,1.0,1.0,1,5,0.36763847
7c21b186-a369-517c-886a-cc1e6dbda63d,dip,100,high,2,0.0,1.0,1,5,0.30430344
7c21b186-a369-517c-886a-cc1e6dbda63d,dip,100,high,3,0.0,1.0,1,5,0.22784017
7c21b186-a369-517c-886a-cc1e6dbda63d,drinks,75,high,0,0.0,0.75,1,6,0.27833256
7c21b186-a369-517c-886a-cc1e6dbda63d,drinks,75,high,1,0.75,0.75,1,6,0.35063356
7c21b186-a369-517c-886a-cc1e6dbda63d,drinks,75,high,2,0.0,0.75,1,6,0.21363103
7c21b186-a369-517c-886a-cc1e6dbda63d,drinks,75,high,3,0.25,0.75,1,6,0.15740284
7c21b186-a369-517c-886a-cc1e6dbda63d,driving,50,low,0,0.0,0.5,0,7,0.41526043
7c21b186-a369-517c-886a-cc1e6dbda63d,driving,50,low,1,1.0,0.5,0,7,0.34533665
7c21b186-a369-517c-886a-cc1e6dbda63d,driving,50,low,2,0.0,0.5,0,7,0.1814718
7c21b186-a369-517c-886a-cc1e6dbda63d,driving,50,low,3,0.0,0.5,0,7,0.05793105
7c21b186-a369-517c-886a-cc1e6dbda63d,fair,100,high,0,0.0,1.0,1,8,0.116963215
7c21b186-a369-517c-886a-cc1e6dbda63d,fair,100,high,1,1.0,1.0,1,8,0.2474626
7c21b186-a369-517c-886a-cc1e6dbda63d,fair,100,high,2,0.0,1.0,1,8,0.30874684
7c21b186-a369-517c-886a-cc1e6dbda63d,fair,100,high,3,0.0,1.0,1,8,0.32682738
7c21b186-a369-517c-886a-cc1e6dbda63d,gala,0,low,0,1.0,0.0,0,9,0.8866782
7c21b186-a369-517c-886a-cc1e6dbda63d,gala,0,low,1,0.0,0.0,0,9,0.07345924
7c21b186-a369-517c-886a-cc1e6dbda63d,gala,0,low,2,0.0,0.0,0,9,0.028000446
7c21b186-a369-517c-886a-cc1e6dbda63d,gala,0,low,3,0.0,0.0,0,9,0.011862111
7c21b186-a369-517c-886a-cc1e6dbda63d,hike,0,high,0,0.0,0.0,1,10,0.31990948
7c21b186-a369-517c-886a-cc1e6dbda63d,hike,0,high,1,1.0,0.0,1,10,0.5216798
7c21b186-a369-517c-886a-cc1e6dbda63d,hike,0,high,2,0.0,0.0,1,10,0.108692184
7c21b186-a369-517c-886a-cc1e6dbda63d,hike,0,high,3,0.0,0.0,1,10,0.049718577
7c21b186-a369-517c-886a-cc1e6dbda63d,oysters,75,high,0,0.1,0.75,1,11,0.17662722
7c21b186-a369-517c-886a-cc1e6dbda63d,oysters,75,high,1,0.38,0.75,1,11,0.31998342
7c21b186-a369-517c-886a-cc1e6dbda63d,oysters,75,high,2,0.1,0.75,1,11,0.30614635
7c21b186-a369-517c-886a-cc1e6dbda63d,oysters,75,high,3,0.42,0.75,1,11,0.19724306
7c21b186-a369-517c-886a-cc1e6dbda63d,social,0,high,0,1.0,0.0,1,12,0.65139556
7c21b186-a369-517c-886a-cc1e6dbda63d,social,0,high,1,0.0,0.0,1,12,0.08862829
7c21b186-a369-517c-886a-cc1e6dbda63d,social,0,high,2,0.0,0.0,1,12,0.1875765
7c21b186-a369-517c-886a-cc1e6dbda63d,social,0,high,3,0.0,0.0,1,12,0.07239971
7c21b186-a369-517c-886a-cc1e6dbda63d,soup,100,low,0,1.0,1.0,0,13,0.17265384
7c21b186-a369-517c-886a-cc1e6dbda63d,soup,100,low,1,0.0,1.0,0,13,0.2467696
7c21b186-a369-517c-886a-cc1e6dbda63d,soup,100,low,2,0.0,1.0,0,13,0.26021537
7c21b186-a369-517c-886a-cc1e6dbda63d,soup,100,low,3,0.0,1.0,0,13,0.32036123
7c21b186-a369-517c-886a-cc1e6dbda63d,takeout,75,low,0,0.0,0.75,0,14,0.4908885
7c21b186-a369-517c-886a-cc1e6dbda63d,takeout,75,low,1,0.47,0.75,0,14,0.3014709
7c21b186-a369-517c-886a-cc1e6dbda63d,takeout,75,low,2,0.34,0.75,0,14,0.16536646
7c21b186-a369-517c-886a-cc1e6dbda63d,takeout,75,low,3,0.19,0.75,0,14,0.042274114
7c21b186-a369-517c-886a-cc1e6dbda63d,wedding,75,low,0,0.0,0.75,0,15,0.51931244
7c21b186-a369-517c-886a-cc1e6dbda63d,wedding,75,low,1,0.0,0.75,0,15,0.2142844
7c21b186-a369-517c-886a-cc1e6dbda63d,wedding,75,low,2,0.5,0.75,0,15,0.16972683
7c21b186-a369-517c-886a-cc1e6dbda63d,wedding,75,low,3,0.5,0.75,0,15,0.09667626
8242eb8d-345b-54ce-bb2a-653a4d6da22b,apples,0,high,0,0.0,0.0,1,0,0.42698184
8242eb8d-345b-54ce-bb2a-653a4d6da22b,apples,0,high,1,0.8,0.0,1,0,0.40298706
8242eb8d-345b-54ce-bb2a-653a4d6da22b,apples,0,high,2,0.2,0.0,1,0,0.09085414
8242eb8d-345b-54ce-bb2a-653a4d6da22b,apples,0,high,3,0.0,0.0,1,0,0.079176955
8242eb8d-345b-54ce-bb2a-653a4d6da22b,basketball,50,high,0,0.0,0.5,1,1,0.26170138
8242eb8d-345b-54ce-bb2a-653a4d6da22b,basketball,50,high,1,1.0,0.5,1,1,0.46855953
8242eb8d-345b-54ce-bb2a-653a4d6da22b,basketball,50,high,2,0.0,0.5,1,1,0.1445255
8242eb8d-345b-54ce-bb2a-653a4d6da22b,basketball,50,high,3,0.0,0.5,1,1,0.12521361
8242eb8d-345b-54ce-bb2a-653a4d6da22b,birthday,50,high,0,0.0,0.5,1,2,0.16706371
8242eb8d-345b-54ce-bb2a-653a4d6da22b,birthday,50,high,1,1.0,0.5,1,2,0.5288051
8242eb8d-345b-54ce-bb2a-653a4d6da22b,birthday,50,high,2,0.0,0.5,1,2,0.21500385
8242eb8d-345b-54ce-bb2a-653a4d6da22b,birthday,50,high,3,0.0,0.5,1,2,0.08912745
8242eb8d-345b-54ce-bb2a-653a4d6da22b,brunch,0,low,0,0.75,0.0,0,3,0.2796343
8242eb8d-345b-54ce-bb2a-653a4d6da22b,brunch,0,low,1,0.25,0.0,0,3,0.38874203
8242eb8d-345b-54ce-bb2a-653a4d6da22b,brunch,0,low,2,0.0,0.0,0,3,0.24525556
8242eb8d-345b-54ce-bb2a-653a4d6da22b,brunch,0,low,3,0.0,0.0,0,3,0.086368114
8242eb8d-345b-54ce-bb2a-653a4d6da22b,cooking,75,low,0,1.0,0.75,0,4,0.6957702
8242eb8d-345b-54ce-bb2a-653a4d6da22b,cooking,75,low,1,0.0,0.75,0,4,0.14309031
8242eb8d-345b-54ce-bb2a-653a4d6da22b,cooking,75,low,2,0.0,0.75,0,4,0.093604214
8242eb8d-345b-54ce-bb2a-653a4d6da22b,cooking,75,low,3,0.0,0.75,0,4,0.06753522
8242eb8d-345b-54ce-bb2a-653a4d6da22b,dip,100,high,0,0.0,1.0,1,5,0.10021788
8242eb8d-345b-54ce-bb2a-653a4d6da22b,dip,100,high,1,0.7,1.0,1,5,0.36763847
8242eb8d-345b-54ce-bb2a-653a4d6da22b,dip,100,high,2,0.0,1.0,1,5,0.30430344
8242eb8d-345b-54ce-bb2a-653a4d6da22b,dip,100,high,3,0.3,1.0,1,5,0.22784017
8242eb8d-345b-54ce-bb2a-653a4d6da22b,drinks,50,low,0,0.8,0.5,0,6,0.7762677
8242eb8d-345b-54ce-bb2a-653a4d6da22b,drinks,50,low,1,0.2,0.5,0,6,0.13067015
8242eb8d-345b-54ce-bb2a-653a4d6da22b,drinks,50,low,2,0.0,0.5,0,6,0.05837057
8242eb8d-345b-54ce-bb2a-653a4d6da22b,drinks,50,low,3,0.0,0.5,0,6,0.034691554
8242eb8d-345b-54ce-bb2a-653a4d6da22b,driving,0,high,0,0.0,0.0,1,7,0.19378443
8242eb8d-345b-54ce-bb2a-653a4d6da22b,driving,0,high,1,1.0,0.0,1,7,0.58711064
8242eb8d-345b-54ce-bb2a-653a4d6da22b,driving,0,high,2,0.0,0.0,1,7,0.18505675
8242eb8d-345b-54ce-bb2a-653a4d6da22b,driving,0,high,3,0.0,0.0,1,7,0.034048196
8242eb8d-345b-54ce-bb2a-653a4d6da22b,fair,100,low,0,0.0,1.0,0,8,0.37053174
8242eb8d-345b-54ce-bb2a-653a4d6da22b,fair,100,low,1,0.35,1.0,0,8,0.2363968
8242eb8d-345b-54ce-bb2a-653a4d6da22b,fair,100,low,2,0.18,1.0,0,8,0.2622352
8242eb8d-345b-54ce-bb2a-653a4d6da22b,fair,100,low,3,0.47,1.0,0,8,0.1308363
8242eb8d-345b-54ce-bb2a-653a4d6da22b,gala,0,low,0,0.65,0.0,0,9,0.8866782
8242eb8d-345b-54ce-bb2a-653a4d6da22b,gala,0,low,1,0.35,0.0,0,9,0.07345924
8242eb8d-345b-54ce-bb2a-653a4d6da22b,gala,0,low,2,0.0,0.0,0,9,0.028000446
8242eb8d-345b-54ce-bb2a-653a4d6da22b,gala,0,low,3,0.0,0.0,0,9,0.011862111
8242eb8d-345b-54ce-bb2a-653a4d6da22b,hike,75,high,0,0.7,0.75,1,10,0.16673161
8242eb8d-345b-54ce-bb2a-653a4d6da22b,hike,75,high,1,0.0,0.75,1,10,0.44192556
8242eb8d-345b-54ce-bb2a-653a4d6da22b,hike,75,high,2,0.0,0.75,1,10,0.22072983
8242eb8d-345b-54ce-bb2a-653a4d6da22b,hike,75,high,3,0.3,0.75,1,10,0.17061298
8242eb8d-345b-54ce-bb2a-653a4d6da22b,oysters,50,low,0,1.0,0.5,0,11,0.5016542
8242eb8d-345b-54ce-bb2a-653a4d6da22b,oysters,50,low,1,0.0,0.5,0,11,0.17642859
8242eb8d-345b-54ce-bb2a-653a4d6da22b,oysters,50,low,2,0.0,0.5,0,11,0.2551191
8242eb8d-345b-54ce-bb2a-653a4d6da22b,oysters,50,low,3,0.0,0.5,0,11,0.066798165
8242eb8d-345b-54ce-bb2a-653a4d6da22b,social,75,low,0,1.0,0.75,0,12,0.48559067
8242eb8d-345b-54ce-bb2a-653a4d6da22b,social,75,low,1,0.0,0.75,0,12,0.1562225
8242eb8d-345b-54ce-bb2a-653a4d6da22b,social,75,low,2,0.0,0.75,0,12,0.22584657
8242eb8d-345b-54ce-bb2a-653a4d6da22b,social,75,low,3,0.0,0.75,0,12,0.13234024
8242eb8d-345b-54ce-bb2a-653a4d6da22b,soup,100,low,0,0.1,1.0,0,13,0.17265384
8242eb8d-345b-54ce-bb2a-653a4d6da22b,soup,100,low,1,0.25,1.0,0,13,0.2467696
8242eb8d-345b-54ce-bb2a-653a4d6da22b,soup,100,low,2,0.0,1.0,0,13,0.26021537
8242eb8d-345b-54ce-bb2a-653a4d6da22b,soup,100,low,3,0.65,1.0,0,13,0.32036123
8242eb8d-345b-54ce-bb2a-653a4d6da22b,takeout,100,high,0,0.0,1.0,1,14,0.16335048
8242eb8d-345b-54ce-bb2a-653a4d6da22b,takeout,100,high,1,0.5,1.0,1,14,0.37776726
8242eb8d-345b-54ce-bb2a-653a4d6da22b,takeout,100,high,2,0.5,1.0,1,14,0.37241223
8242eb8d-345b-54ce-bb2a-653a4d6da22b,takeout,100,high,3,0.0,1.0,1,14,0.086470015
8242eb8d-345b-54ce-bb2a-653a4d6da22b,wedding,75,high,0,0.0,0.75,1,15,0.16501321
8242eb8d-345b-54ce-bb2a-653a4d6da22b,wedding,75,high,1,0.65,0.75,1,15,0.32890013
8242eb8d-345b-54ce-bb2a-653a4d6da22b,wedding,75,high,2,0.1,0.75,1,15,0.27954394
8242eb8d-345b-54ce-bb2a-653a4d6da22b,wedding,75,high,3,0.25,0.75,1,15,0.22654271
86db8b0d-1873-52e4-960c-bbafeb7a77df,apples,0,low,0,0.91,0.0,0,0,0.7356681
86db8b0d-1873-52e4-960c-bbafeb7a77df,apples,0,low,1,0.05,0.0,0,0,0.1928364
86db8b0d-1873-52e4-960c-bbafeb7a77df,apples,0,low,2,0.03,0.0,0,0,0.038202766
86db8b0d-1873-52e4-960c-bbafeb7a77df,apples,0,low,3,0.01,0.0,0,0,0.033292685
86db8b0d-1873-52e4-960c-bbafeb7a77df,basketball,50,low,0,0.48,0.5,0,1,0.505161
86db8b0d-1873-52e4-960c-bbafeb7a77df,basketball,50,low,1,0.37,0.5,0,1,0.31404844
86db8b0d-1873-52e4-960c-bbafeb7a77df,basketball,50,low,2,0.13,0.5,0,1,0.096867114
86db8b0d-1873-52e4-960c-bbafeb7a77df,basketball,50,low,3,0.02,0.5,0,1,0.083923474
86db8b0d-1873-52e4-960c-bbafeb7a77df,birthday,50,low,0,0.28,0.5,0,2,0.29914954
86db8b0d-1873-52e4-960c-bbafeb7a77df,birthday,50,low,1,0.55,0.5,0,2,0.43083405
86db8b0d-1873-52e4-960c-bbafeb7a77df,birthday,50,low,2,0.13,0.5,0,2,0.18929946
86db8b0d-1873-52e4-960c-bbafeb7a77df,birthday,50,low,3,0.04,0.5,0,2,0.08071703
86db8b0d-1873-52e4-960c-bbafeb7a77df,brunch,100,high,0,0.02,1.0,1,3,0.23770595
86db8b0d-1873-52e4-960c-bbafeb7a77df,brunch,100,high,1,0.4,1.0,1,3,0.22106798
86db8b0d-1873-52e4-960c-bbafeb7a77df,brunch,100,high,2,0.33,1.0,1,3,0.2566543
86db8b0d-1873-52e4-960c-bbafeb7a77df,brunch,100,high,3,0.25,1.0,1,3,0.2845718
86db8b0d-1873-52e4-960c-bbafeb7a77df,cooking,50,high,0,0.0,0.5,1,4,0.20437361
86db8b0d-1873-52e4-960c-bbafeb7a77df,cooking,50,high,1,0.98,0.5,1,4,0.39527634
86db8b0d-1873-52e4-960c-bbafeb7a77df,cooking,50,high,2,0.02,0.5,1,4,0.2374081
86db8b0d-1873-52e4-960c-bbafeb7a77df,cooking,50,high,3,0.0,0.5,1,4,0.16294199
86db8b0d-1873-52e4-960c-bbafeb7a77df,dip,100,low,0,0.33,1.0,0,5,0.571308
86db8b0d-1873-52e4-960c-bbafeb7a77df,dip,100,low,1,0.33,1.0,0,5,0.15790218
86db8b0d-1873-52e4-960c-bbafeb7a77df,dip,100,low,2,0.23,1.0,0,5,0.14700009
86db8b0d-1873-52e4-960c-bbafeb7a77df,dip,100,low,3,0.11,1.0,0,5,0.12378971
86db8b0d-1873-52e4-960c-bbafeb7a77df,drinks,0,high,0,0.82,0.0,1,6,0.49300584
86db8b0d-1873-52e4-960c-bbafeb7a77df,drinks,0,high,1,0.12,0.0,1,6,0.36993352
86db8b0d-1873-52e4-960c-bbafeb7a77df,drinks,0,high,2,0.05,0.0,1,6,0.097113706
86db8b0d-1873-52e4-960c-bbafeb7a77df,drinks,0,high,3,0.01,0.0,1,6,0.039946947
86db8b0d-1873-52e4-960c-bbafeb7a77df,driving,0,low,0,0.2,0.0,0,7,0.46846104
86db8b0d-1873-52e4-960c-bbafeb7a77df,driving,0,low,1,0.73,0.0,0,7,0.38957903
86db8b0d-1873-52e4-960c-bbafeb7a77df,driving,0,low,2,0.06,0.0,0,7,0.12279496
86db8b0d-1873-52e4-960c-bbafeb7a77df,driving,0,low,3,0.01,0.0,0,7,0.019165
86db8b0d-1873-52e4-960c-bbafeb7a77df,fair,75,high,0,0.05,0.75,1,8,0.19342518
86db8b0d-1873-52e4-960c-bbafeb7a77df,fair,75,high,1,0.7,0.75,1,8,0.376359
86db8b0d-1873-52e4-960c-bbafeb7a77df,fair,75,high,2,0.2,0.75,1,8,0.23236895
86db8b0d-1873-52e4-960c-bbafeb7a77df,fair,75,high,3,0.05,0.75,1,8,0.1978469
86db8b0d-1873-52e4-960c-bbafeb7a77df,gala,100,high,0,0.12,1.0,1,9,0.08383131
86db8b0d-1873-52e4-960c-bbafeb7a77df,gala,100,high,1,0.1,1.0,1,9,0.30393267
86db8b0d-1873-52e4-960c-bbafeb7a77df,gala,100,high,2,0.29,1.0,1,9,0.28360444
86db8b0d-1873-52e4-960c-bbafeb7a77df,gala,100,high,3,0.49,1.0,1,9,0.32863158
86db8b0d-1873-52e4-960c-bbafeb7a77df,hike,75,low,0,0.89,0.75,0,10,0.4188641
86db8b0d-1873-52e4-960c-bbafeb7a77df,hike,75,low,1,0.05,0.75,0,10,0.2709454
86db8b0d-1873-52e4-960c-bbafeb7a77df,hike,75,low,2,0.03,0.75,0,10,0.19254148
86db8b0d-1873-52e4-960c-bbafeb7a77df,hike,75,low,3,0.03,0.75,0,10,0.117649004
86db8b0d-1873-52e4-960c-bbafeb7a77df,oysters,0,high,0,0.69,0.0,1,11,0.36713034
86db8b0d-1873-52e4-960c-bbafeb7a77df,oysters,0,high,1,0.19,0.0,1,11,0.251757
86db8b0d-1873-52e4-960c-bbafeb7a77df,oysters,0,high,2,0.11,0.0,1,11,0.32237086
86db8b0d-1873-52e4-960c-bbafeb7a77df,oysters,0,high,3,0.01,0.0,1,11,0.058741804
86db8b0d-1873-52e4-960c-bbafeb7a77df,social,50,high,0,0.09,0.5,1,12,0.4027943
86db8b0d-1873-52e4-960c-bbafeb7a77df,social,50,high,1,0.68,0.5,1,12,0.17468879
86db8b0d-1873-52e4-960c-bbafeb7a77df,social,50,high,2,0.16,0.5,1,12,0.26985493
86db8b0d-1873-52e4-960c-bbafeb7a77df,social,50,high,3,0.07,0.5,1,12,0.15266201
86db8b0d-1873-52e4-960c-bbafeb7a77df,soup,75,high,0,0.71,0.75,1,13,0.22527981
86db8b0d-1873-52e4-960c-bbafeb7a77df,soup,75,high,1,0.15,0.75,1,13,0.3707575
86db8b0d-1873-52e4-960c-bbafeb7a77df,soup,75,high,2,0.05,0.75,1,13,0.21040073
86db8b0d-1873-52e4-960c-bbafeb7a77df,soup,75,high,3,0.09,0.75,1,13,0.19356199
86db8b0d-1873-52e4-960c-bbafeb7a77df,takeout,100,low,0,0.51,1.0,0,14,0.3651162
86db8b0d-1873-52e4-960c-bbafeb7a77df,takeout,100,low,1,0.3,1.0,0,14,0.27645305
86db8b0d-1873-52e4-960c-bbafeb7a77df,takeout,100,low,2,0.17,1.0,0,14,0.2725342
86db8b0d-1873-52e4-960c-bbafeb7a77df,takeout,100,low,3,0.02,1.0,0,14,0.085896574
86db8b0d-1873-52e4-960c-bbafeb7a77df,wedding,75,low,0,0.76,0.75,0,15,0.51931244
86db8b0d-1873-52e4-960c-bbafeb7a77df,wedding,75,low,1,0.02,0.75,0,15,0.2142844
86db8b0d-1873-52e4-960c-bbafeb7a77df,wedding,75,low,2,0.21,0.75,0,15,0.16972683
86db8b0d-1873-52e4-960c-bbafeb7a77df,wedding,75,low,3,0.01,0.75,0,15,0.09667626
90c919c4-1007-5899-a0f2-e050f6a1a8e7,apples,0,low,0,0.97,0.0,0,0,0.7356681
90c919c4-1007-5899-a0f2-e050f6a1a8e7,apples,0,low,1,0.01,0.0,0,0,0.1928364
90c919c4-1007-5899-a0f2-e050f6a1a8e7,apples,0,low,2,0.01,0.0,0,0,0.038202766
90c919c4-1007-5899-a0f2-e050f6a1a8e7,apples,0,low,3,0.01,0.0,0,0,0.033292685
90c919c4-1007-5899-a0f2-e050f6a1a8e7,basketball,50,low,0,0.9,0.5,0,1,0.505161
90c919c4-1007-5899-a0f2-e050f6a1a8e7,basketball,50,low,1,0.08,0.5,0,1,0.31404844
90c919c4-1007-5899-a0f2-e050f6a1a8e7,basketball,50,low,2,0.01,0.5,0,1,0.096867114
90c919c4-1007-5899-a0f2-e050f6a1a8e7,basketball,50,low,3,0.01,0.5,0,1,0.083923474
90c919c4-1007-5899-a0f2-e050f6a1a8e7,birthday,75,high,0,0.01,0.75,1,2,0.13972035
90c919c4-1007-5899-a0f2-e050f6a1a8e7,birthday,75,high,1,0.4,0.75,1,2,0.44225538
90c919c4-1007-5899-a0f2-e050f6a1a8e7,birthday,75,high,2,0.3,0.75,1,2,0.270476
90c919c4-1007-5899-a0f2-e050f6a1a8e7,birthday,75,high,3,0.29,0.75,1,2,0.14754832
90c919c4-1007-5899-a0f2-e050f6a1a8e7,brunch,75,low,0,0.7,0.75,0,3,0.27379805
90c919c4-1007-5899-a0f2-e050f6a1a8e7,brunch,75,low,1,0.1,0.75,0,3,0.2753374
90c919c4-1007-5899-a0f2-e050f6a1a8e7,brunch,75,low,2,0.1,0.75,0,3,0.262078
90c919c4-1007-5899-a0f2-e050f6a1a8e7,brunch,75,low,3,0.1,0.75,0,3,0.18878654
90c919c4-1007-5899-a0f2-e050f6a1a8e7,cooking,75,high,0,0.01,0.75,1,4,0.14785571
90c919c4-1007-5899-a0f2-e050f6a1a8e7,cooking,75,high,1,0.42,0.75,1,4,0.3630791
90c919c4-1007-5899-a0f2-e050f6a1a8e7,cooking,75,high,2,0.42,0.75,1,4,0.26713452
90c919c4-1007-5899-a0f2-e050f6a1a8e7,cooking,75,high,3,0.15,0.75,1,4,0.22193062
90c919c4-1007-5899-a0f2-e050f6a1a8e7,dip,0,high,0,0.01,0.0,1,5,0.17585786
90c919c4-1007-5899-a0f2-e050f6a1a8e7,dip,0,high,1,0.97,0.0,1,5,0.6451156
90c919c4-1007-5899-a0f2-e050f6a1a8e7,dip,0,high,2,0.01,0.0,1,5,0.1563427
90c919c4-1007-5899-a0f2-e050f6a1a8e7,dip,0,high,3,0.01,0.0,1,5,0.022683876
90c919c4-1007-5899-a0f2-e050f6a1a8e7,drinks,100,high,0,0.01,1.0,1,6,0.17412922
90c919c4-1007-5899-a0f2-e050f6a1a8e7,drinks,100,high,1,0.01,1.0,1,6,0.28677985
90c919c4-1007-5899-a0f2-e050f6a1a8e7,drinks,100,high,2,0.5,1.0,1,6,0.2700779
90c919c4-1007-5899-a0f2-e050f6a1a8e7,drinks,100,high,3,0.48,1.0,1,6,0.269013
90c919c4-1007-5899-a0f2-e050f6a1a8e7,driving,75,low,0,0.32,0.75,0,7,0.36953267
90c919c4-1007-5899-a0f2-e050f6a1a8e7,driving,75,low,1,0.32,0.75,0,7,0.30730876
90c919c4-1007-5899-a0f2-e050f6a1a8e7,driving,75,low,2,0.18,0.75,0,7,0.21764581
90c919c4-1007-5899-a0f2-e050f6a1a8e7,driving,75,low,3,0.18,0.75,0,7,0.10551278
90c919c4-1007-5899-a0f2-e050f6a1a8e7,fair,0,high,0,0.1,0.0,1,8,0.32640508
90c919c4-1007-5899-a0f2-e050f6a1a8e7,fair,0,high,1,0.7,0.0,1,8,0.540167
90c919c4-1007-5899-a0f2-e050f6a1a8e7,fair,0,high,2,0.1,0.0,1,8,0.08559175
90c919c4-1007-5899-a0f2-e050f6a1a8e7,fair,0,high,3,0.1,0.0,1,8,0.047836132
90c919c4-1007-5899-a0f2-e050f6a1a8e7,gala,50,low,0,0.97,0.5,0,9,0.79520184
90c919c4-1007-5899-a0f2-e050f6a1a8e7,gala,50,low,1,0.01,0.5,0,9,0.10983461
90c919c4-1007-5899-a0f2-e050f6a1a8e7,gala,50,low,2,0.01,0.5,0,9,0.059997436
90c919c4-1007-5899-a0f2-e050f6a1a8e7,gala,50,low,3,0.01,0.5,0,9,0.034966037
90c919c4-1007-5899-a0f2-e050f6a1a8e7,hike,50,high,0,0.2,0.5,1,10,0.22081594
90c919c4-1007-5899-a0f2-e050f6a1a8e7,hike,50,high,1,0.74,0.5,1,10,0.48932368
90c919c4-1007-5899-a0f2-e050f6a1a8e7,hike,50,high,2,0.05,0.5,1,10,0.17706409
90c919c4-1007-5899-a0f2-e050f6a1a8e7,hike,50,high,3,0.01,0.5,1,10,0.11279631
90c919c4-1007-5899-a0f2-e050f6a1a8e7,oysters,100,high,0,0.01,1.0,1,11,0.10516431
90c919c4-1007-5899-a0f2-e050f6a1a8e7,oysters,100,high,1,0.05,1.0,1,11,0.31489423
90c919c4-1007-5899-a0f2-e050f6a1a8e7,oysters,100,high,2,0.05,1.0,1,11,0.25911844
90c919c4-1007-5899-a0f2-e050f6a1a8e7,oysters,100,high,3,0.89,1.0,1,11,0.32082298
90c919c4-1007-5899-a0f2-e050f6a1a8e7,social,50,high,0,0.76,0.5,1,12,0.4027943
90c919c4-1007-5899-a0f2-e050f6a1a8e7,social,50,high,1,0.17,0.5,1,12,0.17468879
90c919c4-1007-5899-a0f2-e050f6a1a8e7,social,50,high,2,0.03,0.5,1,12,0.26985493
90c919c4-1007-5899-a0f2-e050f6a1a8e7,social,50,high,3,0.04,0.5,1,12,0.15266201
90c919c4-1007-5899-a0f2-e050f6a1a8e7,soup,0,low,0,0.97,0.0,0,13,0.3659461
90c919c4-1007-5899-a0f2-e050f6a1a8e7,soup,0,low,1,0.01,0.0,0,13,0.5230372
90c919c4-1007-5899-a0f2-e050f6a1a8e7,soup,0,low,2,0.01,0.0,0,13,0.075403504
90c919c4-1007-5899-a0f2-e050f6a1a8e7,soup,0,low,3,0.01,0.0,0,13,0.035613187
90c919c4-1007-5899-a0f2-e050f6a1a8e7,takeout,100,low,0,0.06,1.0,0,14,0.3651162
90c919c4-1007-5899-a0f2-e050f6a1a8e7,takeout,100,low,1,0.05,1.0,0,14,0.27645305
90c919c4-1007-5899-a0f2-e050f6a1a8e7,takeout,100,low,2,0.7,1.0,0,14,0.2725342
90c919c4-1007-5899-a0f2-e050f6a1a8e7,takeout,100,low,3,0.19,1.0,0,14,0.085896574
90c919c4-1007-5899-a0f2-e050f6a1a8e7,wedding,100,low,0,0.7,1.0,0,15,0.35762483
90c919c4-1007-5899-a0f2-e050f6a1a8e7,wedding,100,low,1,0.2,1.0,0,15,0.22430809
90c919c4-1007-5899-a0f2-e050f6a1a8e7,wedding,100,low,2,0.05,1.0,0,15,0.2361927
90c919c4-1007-5899-a0f2-e050f6a1a8e7,wedding,100,low,3,0.05,1.0,0,15,0.18187447
94c54958-f4df-594b-9614-e55ac75e0ad5,apples,100,high,0,0.02,1.0,1,0,0.08853757
94c54958-f4df-594b-9614-e55ac75e0ad5,apples,100,high,1,0.49,1.0,1,0,0.2854008
94c54958-f4df-594b-9614-e55ac75e0ad5,apples,100,high,2,0.49,1.0,1,0,0.3130308
94c54958-f4df-594b-9614-e55ac75e0ad5,apples,100,high,3,0.0,1.0,1,0,0.31303078
94c54958-f4df-594b-9614-e55ac75e0ad5,basketball,75,high,0,0.0,0.75,1,1,0.20223837
94c54958-f4df-594b-9614-e55ac75e0ad5,basketball,75,high,1,0.14,0.75,1,1,0.38436523
94c54958-f4df-594b-9614-e55ac75e0ad5,basketball,75,high,2,0.14,0.75,1,1,0.2153484
94c54958-f4df-594b-9614-e55ac75e0ad5,basketball,75,high,3,0.72,0.75,1,1,0.19804801
94c54958-f4df-594b-9614-e55ac75e0ad5,birthday,0,high,0,0.0,0.0,1,2,0.20118563
94c54958-f4df-594b-9614-e55ac75e0ad5,birthday,0,high,1,0.85,0.0,1,2,0.6368108
94c54958-f4df-594b-9614-e55ac75e0ad5,birthday,0,high,2,0.15,0.0,1,2,0.12867387
94c54958-f4df-594b-9614-e55ac75e0ad5,birthday,0,high,3,0.0,0.0,1,2,0.033329796
94c54958-f4df-594b-9614-e55ac75e0ad5,brunch,0,high,0,0.0,0.0,1,3,0.26180592
94c54958-f4df-594b-9614-e55ac75e0ad5,brunch,0,high,1,0.0,0.0,1,3,0.39796382
94c54958-f4df-594b-9614-e55ac75e0ad5,brunch,0,high,2,0.69,0.0,1,3,0.24755734
94c54958-f4df-594b-9614-e55ac75e0ad5,brunch,0,high,3,0.31,0.0,1,3,0.09267295
94c54958-f4df-594b-9614-e55ac75e0ad5,cooking,50,high,0,0.0,0.5,1,4,0.20437361
94c54958-f4df-594b-9614-e55ac75e0ad5,cooking,50,high,1,0.63,0.5,1,4,0.39527634
94c54958-f4df-594b-9614-e55ac75e0ad5,cooking,50,high,2,0.37,0.5,1,4,0.2374081
94c54958-f4df-594b-9614-e55ac75e0ad5,cooking,50,high,3,0.0,0.5,1,4,0.16294199
94c54958-f4df-594b-9614-e55ac75e0ad5,dip,75,high,0,0.0,0.75,1,5,0.13296467
94c54958-f4df-594b-9614-e55ac75e0ad5,dip,75,high,1,0.41,0.75,1,5,0.4877666
94c54958-f4df-594b-9614-e55ac75e0ad5,dip,75,high,2,0.17,0.75,1,5,0.26560885
94c54958-f4df-594b-9614-e55ac75e0ad5,dip,75,high,3,0.42,0.75,1,5,0.11365985
94c54958-f4df-594b-9614-e55ac75e0ad5,drinks,50,low,0,1.0,0.5,0,6,0.7762677
94c54958-f4df-594b-9614-e55ac75e0ad5,drinks,50,low,1,0.0,0.5,0,6,0.13067015
94c54958-f4df-594b-9614-e55ac75e0ad5,drinks,50,low,2,0.0,0.5,0,6,0.05837057
94c54958-f4df-594b-9614-e55ac75e0ad5,drinks,50,low,3,0.0,0.5,0,6,0.034691554
94c54958-f4df-594b-9614-e55ac75e0ad5,driving,75,low,0,0.09,0.75,0,7,0.36953267
94c54958-f4df-594b-9614-e55ac75e0ad5,driving,75,low,1,0.91,0.75,0,7,0.30730876
94c54958-f4df-594b-9614-e55ac75e0ad5,driving,75,low,2,0.0,0.75,0,7,0.21764581
94c54958-f4df-594b-9614-e55ac75e0ad5,driving,75,low,3,0.0,0.75,0,7,0.10551278
94c54958-f4df-594b-9614-e55ac75e0ad5,fair,50,high,0,0.2,0.5,1,8,0.24886383
94c54958-f4df-594b-9614-e55ac75e0ad5,fair,50,high,1,0.67,0.5,1,8,0.45617265
94c54958-f4df-594b-9614-e55ac75e0ad5,fair,50,high,2,0.11,0.5,1,8,0.17059332
94c54958-f4df-594b-9614-e55ac75e0ad5,fair,50,high,3,0.02,0.5,1,8,0.124370255
94c54958-f4df-594b-9614-e55ac75e0ad5,gala,100,high,0,0.0,1.0,1,9,0.08383131
94c54958-f4df-594b-9614-e55ac75e0ad5,gala,100,high,1,0.0,1.0,1,9,0.30393267
94c54958-f4df-594b-9614-e55ac75e0ad5,gala,100,high,2,0.02,1.0,1,9,0.28360444
94c54958-f4df-594b-9614-e55ac75e0ad5,gala,100,high,3,0.98,1.0,1,9,0.32863158
94c54958-f4df-594b-9614-e55ac75e0ad5,hike,50,low,0,0.95,0.5,0,10,0.51034856
94c54958-f4df-594b-9614-e55ac75e0ad5,hike,50,low,1,0.05,0.5,0,10,0.27600068
94c54958-f4df-594b-9614-e55ac75e0ad5,hike,50,low,2,0.0,0.5,0,10,0.1420938
94c54958-f4df-594b-9614-e55ac75e0ad5,hike,50,low,3,0.0,0.5,0,10,0.07155705
94c54958-f4df-594b-9614-e55ac75e0ad5,oysters,100,low,0,0.67,1.0,0,11,0.28530428
94c54958-f4df-594b-9614-e55ac75e0ad5,oysters,100,low,1,0.0,1.0,0,11,0.237263
94c54958-f4df-594b-9614-e55ac75e0ad5,oysters,100,low,2,0.33,1.0,0,11,0.2650189
94c54958-f4df-594b-9614-e55ac75e0ad5,oysters,100,low,3,0.0,1.0,0,11,0.21241386
94c54958-f4df-594b-9614-e55ac75e0ad5,social,0,low,0,1.0,0.0,0,12,0.82478136
94c54958-f4df-594b-9614-e55ac75e0ad5,social,0,low,1,0.0,0.0,0,12,0.042306297
94c54958-f4df-594b-9614-e55ac75e0ad5,social,0,low,2,0.0,0.0,0,12,0.10070582
94c54958-f4df-594b-9614-e55ac75e0ad5,social,0,low,3,0.0,0.0,0,12,0.032206487
94c54958-f4df-594b-9614-e55ac75e0ad5,soup,75,low,0,0.62,0.75,0,13,0.25817782
94c54958-f4df-594b-9614-e55ac75e0ad5,soup,75,low,1,0.19,0.75,0,13,0.36900678
94c54958-f4df-594b-9614-e55ac75e0ad5,soup,75,low,2,0.19,0.75,0,13,0.19745578
94c54958-f4df-594b-9614-e55ac75e0ad5,soup,75,low,3,0.0,0.75,0,13,0.17535962
94c54958-f4df-594b-9614-e55ac75e0ad5,takeout,0,low,0,0.41,0.0,0,14,0.66916895
94c54958-f4df-594b-9614-e55ac75e0ad5,takeout,0,low,1,0.51,0.0,0,14,0.27415937
94c54958-f4df-594b-9614-e55ac75e0ad5,takeout,0,low,2,0.08,0.0,0,14,0.048414838
94c54958-f4df-594b-9614-e55ac75e0ad5,takeout,0,low,3,0.0,0.0,0,14,0.008256775
94c54958-f4df-594b-9614-e55ac75e0ad5,wedding,100,low,0,0.2,1.0,0,15,0.35762483
94c54958-f4df-594b-9614-e55ac75e0ad5,wedding,100,low,1,0.03,1.0,0,15,0.22430809
94c54958-f4df-594b-9614-e55ac75e0ad5,wedding,100,low,2,0.54,1.0,0,15,0.2361927
94c54958-f4df-594b-9614-e55ac75e0ad5,wedding,100,low,3,0.23,1.0,0,15,0.18187447
9731c791-3bef-584c-9c2c-7a024629e6ea,apples,75,high,0,0.0,0.75,1,0,0.17327306
9731c791-3bef-584c-9c2c-7a024629e6ea,apples,75,high,1,0.51,0.75,1,0,0.36745417
9731c791-3bef-584c-9c2c-7a024629e6ea,apples,75,high,2,0.49,0.75,1,0,0.23502025
9731c791-3bef-584c-9c2c-7a024629e6ea,apples,75,high,3,0.0,0.75,1,0,0.22425258
9731c791-3bef-584c-9c2c-7a024629e6ea,basketball,50,low,0,0.49,0.5,0,1,0.505161
9731c791-3bef-584c-9c2c-7a024629e6ea,basketball,50,low,1,0.51,0.5,0,1,0.31404844
9731c791-3bef-584c-9c2c-7a024629e6ea,basketball,50,low,2,0.0,0.5,0,1,0.096867114
9731c791-3bef-584c-9c2c-7a024629e6ea,basketball,50,low,3,0.0,0.5,0,1,0.083923474
9731c791-3bef-584c-9c2c-7a024629e6ea,birthday,0,high,0,0.0,0.0,1,2,0.20118563
9731c791-3bef-584c-9c2c-7a024629e6ea,birthday,0,high,1,1.0,0.0,1,2,0.6368108
9731c791-3bef-584c-9c2c-7a024629e6ea,birthday,0,high,2,0.0,0.0,1,2,0.12867387
9731c791-3bef-584c-9c2c-7a024629e6ea,birthday,0,high,3,0.0,0.0,1,2,0.033329796
9731c791-3bef-584c-9c2c-7a024629e6ea,brunch,0,low,0,1.0,0.0,0,3,0.2796343
9731c791-3bef-584c-9c2c-7a024629e6ea,brunch,0,low,1,0.0,0.0,0,3,0.38874203
9731c791-3bef-584c-9c2c-7a024629e6ea,brunch,0,low,2,0.0,0.0,0,3,0.24525556
9731c791-3bef-584c-9c2c-7a024629e6ea,brunch,0,low,3,0.0,0.0,0,3,0.086368114
9731c791-3bef-584c-9c2c-7a024629e6ea,cooking,0,low,0,1.0,0.0,0,4,0.8578861
9731c791-3bef-584c-9c2c-7a024629e6ea,cooking,0,low,1,0.0,0.0,0,4,0.09232124
9731c791-3bef-584c-9c2c-7a024629e6ea,cooking,0,low,2,0.0,0.0,0,4,0.03482614
9731c791-3bef-584c-9c2c-7a024629e6ea,cooking,0,low,3,0.0,0.0,0,4,0.014966578
9731c791-3bef-584c-9c2c-7a024629e6ea,dip,75,low,0,0.9,0.75,0,5,0.65482223
9731c791-3bef-584c-9c2c-7a024629e6ea,dip,75,low,1,0.1,0.75,0,5,0.18098444
9731c791-3bef-584c-9c2c-7a024629e6ea,dip,75,low,2,0.0,0.75,0,5,0.110844776
9731c791-3bef-584c-9c2c-7a024629e6ea,dip,75,low,3,0.0,0.75,0,5,0.05334865
9731c791-3bef-584c-9c2c-7a024629e6ea,drinks,0,high,0,1.0,0.0,1,6,0.49300584
9731c791-3bef-584c-9c2c-7a024629e6ea,drinks,0,high,1,0.0,0.0,1,6,0.36993352
9731c791-3bef-584c-9c2c-7a024629e6ea,drinks,0,high,2,0.0,0.0,1,6,0.097113706
9731c791-3bef-584c-9c2c-7a024629e6ea,drinks,0,high,3,0.0,0.0,1,6,0.039946947
9731c791-3bef-584c-9c2c-7a024629e6ea,driving,50,high,0,0.0,0.5,1,7,0.16074733
9731c791-3bef-584c-9c2c-7a024629e6ea,driving,50,high,1,1.0,0.5,1,7,0.4870178
9731c791-3bef-584c-9c2c-7a024629e6ea,driving,50,high,2,0.0,0.5,1,7,0.25592417
9731c791-3bef-584c-9c2c-7a024629e6ea,driving,50,high,3,0.0,0.5,1,7,0.09631069
9731c791-3bef-584c-9c2c-7a024629e6ea,fair,50,high,0,0.0,0.5,1,8,0.24886383
9731c791-3bef-584c-9c2c-7a024629e6ea,fair,50,high,1,1.0,0.5,1,8,0.45617265
9731c791-3bef-584c-9c2c-7a024629e6ea,fair,50,high,2,0.0,0.5,1,8,0.17059332
9731c791-3bef-584c-9c2c-7a024629e6ea,fair,50,high,3,0.0,0.5,1,8,0.124370255
9731c791-3bef-584c-9c2c-7a024629e6ea,gala,100,high,0,0.05,1.0,1,9,0.08383131
9731c791-3bef-584c-9c2c-7a024629e6ea,gala,100,high,1,0.05,1.0,1,9,0.30393267
9731c791-3bef-584c-9c2c-7a024629e6ea,gala,100,high,2,0.05,1.0,1,9,0.28360444
9731c791-3bef-584c-9c2c-7a024629e6ea,gala,100,high,3,0.85,1.0,1,9,0.32863158
9731c791-3bef-584c-9c2c-7a024629e6ea,hike,100,low,0,0.34,1.0,0,10,0.28530428
9731c791-3bef-584c-9c2c-7a024629e6ea,hike,100,low,1,0.33,1.0,0,10,0.2372631
9731c791-3bef-584c-9c2c-7a024629e6ea,hike,100,low,2,0.0,1.0,0,10,0.26501876
9731c791-3bef-584c-9c2c-7a024629e6ea,hike,100,low,3,0.33,1.0,0,10,0.21241388
9731c791-3bef-584c-9c2c-7a024629e6ea,oysters,50,low,0,0.67,0.5,0,11,0.5016542
9731c791-3bef-584c-9c2c-7a024629e6ea,oysters,50,low,1,0.33,0.5,0,11,0.17642859
9731c791-3bef-584c-9c2c-7a024629e6ea,oysters,50,low,2,0.0,0.5,0,11,0.2551191
9731c791-3bef-584c-9c2c-7a024629e6ea,oysters,50,low,3,0.0,0.5,0,11,0.066798165
9731c791-3bef-584c-9c2c-7a024629e6ea,social,100,high,0,0.0,1.0,1,12,0.13305385
9731c791-3bef-584c-9c2c-7a024629e6ea,social,100,high,1,1.0,1.0,1,12,0.29350144
9731c791-3bef-584c-9c2c-7a024629e6ea,social,100,high,2,0.0,1.0,1,12,0.29148328
9731c791-3bef-584c-9c2c-7a024629e6ea,social,100,high,3,0.0,1.0,1,12,0.28196135
9731c791-3bef-584c-9c2c-7a024629e6ea,soup,75,high,0,0.47,0.75,1,13,0.22527981
9731c791-3bef-584c-9c2c-7a024629e6ea,soup,75,high,1,0.53,0.75,1,13,0.3707575
9731c791-3bef-584c-9c2c-7a024629e6ea,soup,75,high,2,0.0,0.75,1,13,0.21040073
9731c791-3bef-584c-9c2c-7a024629e6ea,soup,75,high,3,0.0,0.75,1,13,0.19356199
9731c791-3bef-584c-9c2c-7a024629e6ea,takeout,75,low,0,0.85,0.75,0,14,0.4908885
9731c791-3bef-584c-9c2c-7a024629e6ea,takeout,75,low,1,0.0,0.75,0,14,0.3014709
9731c791-3bef-584c-9c2c-7a024629e6ea,takeout,75,low,2,0.15,0.75,0,14,0.16536646
9731c791-3bef-584c-9c2c-7a024629e6ea,takeout,75,low,3,0.0,0.75,0,14,0.042274114
9731c791-3bef-584c-9c2c-7a024629e6ea,wedding,100,low,0,0.95,1.0,0,15,0.35762483
9731c791-3bef-584c-9c2c-7a024629e6ea,wedding,100,low,1,0.0,1.0,0,15,0.22430809
9731c791-3bef-584c-9c2c-7a024629e6ea,wedding,100,low,2,0.0,1.0,0,15,0.2361927
9731c791-3bef-584c-9c2c-7a024629e6ea,wedding,100,low,3,0.05,1.0,0,15,0.18187447
9b510722-9e86-5165-b450-35129609909a,apples,50,high,0,0.2,0.5,1,0,0.25700086
9b510722-9e86-5165-b450-35129609909a,apples,50,high,1,0.55,0.5,1,0,0.4043876
9b510722-9e86-5165-b450-35129609909a,apples,50,high,2,0.25,0.5,1,0,0.17610174
9b510722-9e86-5165-b450-35129609909a,apples,50,high,3,0.0,0.5,1,0,0.1625098
9b510722-9e86-5165-b450-35129609909a,basketball,100,high,0,0.0,1.0,1,1,0.11880685
9b510722-9e86-5165-b450-35129609909a,basketball,100,high,1,0.06,1.0,1,1,0.24552351
9b510722-9e86-5165-b450-35129609909a,basketball,100,high,2,0.48,1.0,1,1,0.31783482
9b510722-9e86-5165-b450-35129609909a,basketball,100,high,3,0.46,1.0,1,1,0.3178348
9b510722-9e86-5165-b450-35129609909a,birthday,75,high,0,0.01,0.75,1,2,0.13972035
9b510722-9e86-5165-b450-35129609909a,birthday,75,high,1,0.2,0.75,1,2,0.44225538
9b510722-9e86-5165-b450-35129609909a,birthday,75,high,2,0.7,0.75,1,2,0.270476
9b510722-9e86-5165-b450-35129609909a,birthday,75,high,3,0.09,0.75,1,2,0.14754832
9b510722-9e86-5165-b450-35129609909a,brunch,100,low,0,0.39,1.0,0,3,0.25663456
9b510722-9e86-5165-b450-35129609909a,brunch,100,low,1,0.0,1.0,0,3,0.21827695
9b510722-9e86-5165-b450-35129609909a,brunch,100,low,2,0.01,1.0,0,3,0.2570134
9b510722-9e86-5165-b450-35129609909a,brunch,100,low,3,0.6,1.0,0,3,0.26807508
9b510722-9e86-5165-b450-35129609909a,cooking,0,high,0,0.0,0.0,1,4,0.32258898
9b510722-9e86-5165-b450-35129609909a,cooking,0,high,1,1.0,0.0,1,4,0.41451508
9b510722-9e86-5165-b450-35129609909a,cooking,0,high,2,0.0,0.0,1,4,0.17586832
9b510722-9e86-5165-b450-35129609909a,cooking,0,high,3,0.0,0.0,1,4,0.08702758
9b510722-9e86-5165-b450-35129609909a,dip,0,low,0,1.0,0.0,0,5,0.7331288
9b510722-9e86-5165-b450-35129609909a,dip,0,low,1,0.0,0.0,0,5,0.20262736
9b510722-9e86-5165-b450-35129609909a,dip,0,low,2,0.0,0.0,0,5,0.055230852
9b510722-9e86-5165-b450-35129609909a,dip,0,low,3,0.0,0.0,0,5,0.00901291
9b510722-9e86-5165-b450-35129609909a,drinks,50,low,0,0.96,0.5,0,6,0.7762677
9b510722-9e86-5165-b450-35129609909a,drinks,50,low,1,0.04,0.5,0,6,0.13067015
9b510722-9e86-5165-b450-35129609909a,drinks,50,low,2,0.0,0.5,0,6,0.05837057
9b510722-9e86-5165-b450-35129609909a,drinks,50,low,3,0.0,0.5,0,6,0.034691554
9b510722-9e86-5165-b450-35129609909a,driving,0,low,0,1.0,0.0,0,7,0.46846104
9b510722-9e86-5165-b450-35129609909a,driving,0,low,1,0.0,0.0,0,7,0.38957903
9b510722-9e86-5165-b450-35129609909a,driving,0,low,2,0.0,0.0,0,7,0.12279496
9b510722-9e86-5165-b450-35129609909a,driving,0,low,3,0.0,0.0,0,7,0.019165
9b510722-9e86-5165-b450-35129609909a,fair,75,low,0,0.03,0.75,0,8,0.49065667
9b510722-9e86-5165-b450-35129609909a,fair,75,low,1,0.12,0.75,0,8,0.28788748
9b510722-9e86-5165-b450-35129609909a,fair,75,low,2,0.46,0.75,0,8,0.15803565
9b510722-9e86-5165-b450-35129609909a,fair,75,low,3,0.39,0.75,0,8,0.06342018
9b510722-9e86-5165-b450-35129609909a,gala,100,high,0,0.0,1.0,1,9,0.08383131
9b510722-9e86-5165-b450-35129609909a,gala,100,high,1,0.02,1.0,1,9,0.30393267
9b510722-9e86-5165-b450-35129609909a,gala,100,high,2,0.02,1.0,1,9,0.28360444
9b510722-9e86-5165-b450-35129609909a,gala,100,high,3,0.96,1.0,1,9,0.32863158
9b510722-9e86-5165-b450-35129609909a,hike,0,high,0,0.04,0.0,1,10,0.31990948
9b510722-9e86-5165-b450-35129609909a,hike,0,high,1,0.96,0.0,1,10,0.5216798
9b510722-9e86-5165-b450-35129609909a,hike,0,high,2,0.0,0.0,1,10,0.108692184
9b510722-9e86-5165-b450-35129609909a,hike,0,high,3,0.0,0.0,1,10,0.049718577
9b510722-9e86-5165-b450-35129609909a,oysters,100,low,0,0.0,1.0,0,11,0.28530428
9b510722-9e86-5165-b450-35129609909a,oysters,100,low,1,0.39,1.0,0,11,0.237263
9b510722-9e86-5165-b450-35129609909a,oysters,100,low,2,0.56,1.0,0,11,0.2650189
9b510722-9e86-5165-b450-35129609909a,oysters,100,low,3,0.05,1.0,0,11,0.21241386
9b510722-9e86-5165-b450-35129609909a,social,75,low,0,1.0,0.75,0,12,0.48559067
9b510722-9e86-5165-b450-35129609909a,social,75,low,1,0.0,0.75,0,12,0.1562225
9b510722-9e86-5165-b450-35129609909a,social,75,low,2,0.0,0.75,0,12,0.22584657
9b510722-9e86-5165-b450-35129609909a,social,75,low,3,0.0,0.75,0,12,0.13234024
9b510722-9e86-5165-b450-35129609909a,soup,50,high,0,0.37,0.5,1,13,0.2746141
9b510722-9e86-5165-b450-35129609909a,soup,50,high,1,0.63,0.5,1,13,0.4519501
9b510722-9e86-5165-b450-35129609909a,soup,50,high,2,0.0,0.5,1,13,0.15815441
9b510722-9e86-5165-b450-35129609909a,soup,50,high,3,0.0,0.5,1,13,0.11528138
9b510722-9e86-5165-b450-35129609909a,takeout,75,high,0,0.0,0.75,1,14,0.2439953
9b510722-9e86-5165-b450-35129609909a,takeout,75,high,1,1.0,0.75,1,14,0.45767552
9b510722-9e86-5165-b450-35129609909a,takeout,75,high,2,0.0,0.75,1,14,0.2510497
9b510722-9e86-5165-b450-35129609909a,takeout,75,high,3,0.0,0.75,1,14,0.047279578
9b510722-9e86-5165-b450-35129609909a,wedding,50,low,0,0.48,0.5,0,15,0.62692803
9b510722-9e86-5165-b450-35129609909a,wedding,50,low,1,0.11,0.5,0,15,0.19194227
9b510722-9e86-5165-b450-35129609909a,wedding,50,low,2,0.37,0.5,0,15,0.124107055
9b510722-9e86-5165-b450-35129609909a,wedding,50,low,3,0.04,0.5,0,15,0.057022646
9d8068da-6426-58cc-98ed-cb465d02a5aa,apples,75,high,0,0.1,0.75,1,0,0.17327306
9d8068da-6426-58cc-98ed-cb465d02a5aa,apples,75,high,1,0.39,0.75,1,0,0.36745417
9d8068da-6426-58cc-98ed-cb465d02a5aa,apples,75,high,2,0.31,0.75,1,0,0.23502025
9d8068da-6426-58cc-98ed-cb465d02a5aa,apples,75,high,3,0.2,0.75,1,0,0.22425258
9d8068da-6426-58cc-98ed-cb465d02a5aa,basketball,100,high,0,0.05,1.0,1,1,0.11880685
9d8068da-6426-58cc-98ed-cb465d02a5aa,basketball,100,high,1,0.35,1.0,1,1,0.24552351
9d8068da-6426-58cc-98ed-cb465d02a5aa,basketball,100,high,2,0.45,1.0,1,1,0.31783482
9d8068da-6426-58cc-98ed-cb465d02a5aa,basketball,100,high,3,0.15,1.0,1,1,0.3178348
9d8068da-6426-58cc-98ed-cb465d02a5aa,birthday,100,high,0,0.05,1.0,1,2,0.09661102
9d8068da-6426-58cc-98ed-cb465d02a5aa,birthday,100,high,1,0.27,1.0,1,2,0.30580187
9d8068da-6426-58cc-98ed-cb465d02a5aa,birthday,100,high,2,0.47,1.0,1,2,0.3316454
9d8068da-6426-58cc-98ed-cb465d02a5aa,birthday,100,high,3,0.21,1.0,1,2,0.2659417
9d8068da-6426-58cc-98ed-cb465d02a5aa,brunch,75,low,0,0.35,0.75,0,3,0.27379805
9d8068da-6426-58cc-98ed-cb465d02a5aa,brunch,75,low,1,0.3,0.75,0,3,0.2753374
9d8068da-6426-58cc-98ed-cb465d02a5aa,brunch,75,low,2,0.2,0.75,0,3,0.262078
9d8068da-6426-58cc-98ed-cb465d02a5aa,brunch,75,low,3,0.15,0.75,0,3,0.18878654
9d8068da-6426-58cc-98ed-cb465d02a5aa,cooking,0,low,0,0.4,0.0,0,4,0.8578861
9d8068da-6426-58cc-98ed-cb465d02a5aa,cooking,0,low,1,0.4,0.0,0,4,0.09232124
9d8068da-6426-58cc-98ed-cb465d02a5aa,cooking,0,low,2,0.15,0.0,0,4,0.03482614
9d8068da-6426-58cc-98ed-cb465d02a5aa,cooking,0,low,3,0.05,0.0,0,4,0.014966578
9d8068da-6426-58cc-98ed-cb465d02a5aa,dip,50,high,0,0.16,0.5,1,5,0.1520621
9d8068da-6426-58cc-98ed-cb465d02a5aa,dip,50,high,1,0.55,0.5,1,5,0.5578234
9d8068da-6426-58cc-98ed-cb465d02a5aa,dip,50,high,2,0.2,0.5,1,5,0.22538151
9d8068da-6426-58cc-98ed-cb465d02a5aa,dip,50,high,3,0.09,0.5,1,5,0.06473294
9d8068da-6426-58cc-98ed-cb465d02a5aa,drinks,100,low,0,0.55,1.0,0,6,0.56589127
9d8068da-6426-58cc-98ed-cb465d02a5aa,drinks,100,low,1,0.2,1.0,0,6,0.15074226
9d8068da-6426-58cc-98ed-cb465d02a5aa,drinks,100,low,2,0.15,1.0,0,6,0.14196308
9d8068da-6426-58cc-98ed-cb465d02a5aa,drinks,100,low,3,0.1,1.0,0,6,0.14140333
9d8068da-6426-58cc-98ed-cb465d02a5aa,driving,75,high,0,0.14,0.75,1,7,0.1351035
9d8068da-6426-58cc-98ed-cb465d02a5aa,driving,75,high,1,0.45,0.75,1,7,0.40932438
9d8068da-6426-58cc-98ed-cb465d02a5aa,driving,75,high,2,0.26,0.75,1,7,0.28989655
9d8068da-6426-58cc-98ed-cb465d02a5aa,driving,75,high,3,0.15,0.75,1,7,0.16567567
9d8068da-6426-58cc-98ed-cb465d02a5aa,fair,50,low,0,0.34,0.5,0,8,0.5556539
9d8068da-6426-58cc-98ed-cb465d02a5aa,fair,50,low,1,0.41,0.5,0,8,0.30713385
9d8068da-6426-58cc-98ed-cb465d02a5aa,fair,50,low,2,0.15,0.5,0,8,0.10212145
9d8068da-6426-58cc-98ed-cb465d02a5aa,fair,50,low,3,0.1,0.5,0,8,0.035090752
9d8068da-6426-58cc-98ed-cb465d02a5aa,gala,75,low,0,0.6,0.75,0,9,0.71443945
9d8068da-6426-58cc-98ed-cb465d02a5aa,gala,75,low,1,0.2,0.75,0,9,0.13299528
9d8068da-6426-58cc-98ed-cb465d02a5aa,gala,75,low,2,0.1,0.75,0,9,0.08963433
9d8068da-6426-58cc-98ed-cb465d02a5aa,gala,75,low,3,0.1,0.75,0,9,0.06293091
9d8068da-6426-58cc-98ed-cb465d02a5aa,hike,0,high,0,0.25,0.0,1,10,0.31990948
9d8068da-6426-58cc-98ed-cb465d02a5aa,hike,0,high,1,0.49,0.0,1,10,0.5216798
9d8068da-6426-58cc-98ed-cb465d02a5aa,hike,0,high,2,0.15,0.0,1,10,0.108692184
9d8068da-6426-58cc-98ed-cb465d02a5aa,hike,0,high,3,0.11,0.0,1,10,0.049718577
9d8068da-6426-58cc-98ed-cb465d02a5aa,oysters,100,low,0,0.1,1.0,0,11,0.28530428
9d8068da-6426-58cc-98ed-cb465d02a5aa,oysters,100,low,1,0.25,1.0,0,11,0.237263
9d8068da-6426-58cc-98ed-cb465d02a5aa,oysters,100,low,2,0.29,1.0,0,11,0.2650189
9d8068da-6426-58cc-98ed-cb465d02a5aa,oysters,100,low,3,0.36,1.0,0,11,0.21241386
9d8068da-6426-58cc-98ed-cb465d02a5aa,social,0,low,0,0.65,0.0,0,12,0.82478136
9d8068da-6426-58cc-98ed-cb465d02a5aa,social,0,low,1,0.15,0.0,0,12,0.042306297
9d8068da-6426-58cc-98ed-cb465d02a5aa,social,0,low,2,0.1,0.0,0,12,0.10070582
9d8068da-6426-58cc-98ed-cb465d02a5aa,social,0,low,3,0.1,0.0,0,12,0.032206487
9d8068da-6426-58cc-98ed-cb465d02a5aa,soup,50,low,0,0.35,0.5,0,13,0.30933502
9d8068da-6426-58cc-98ed-cb465d02a5aa,soup,50,low,1,0.4,0.5,0,13,0.44212443
9d8068da-6426-58cc-98ed-cb465d02a5aa,soup,50,low,2,0.15,0.5,0,13,0.14588597
9d8068da-6426-58cc-98ed-cb465d02a5aa,soup,50,low,3,0.1,0.5,0,13,0.102654584
9d8068da-6426-58cc-98ed-cb465d02a5aa,takeout,50,high,0,0.27,0.5,1,14,0.30358016
9d8068da-6426-58cc-98ed-cb465d02a5aa,takeout,50,high,1,0.5,0.5,1,14,0.49050692
9d8068da-6426-58cc-98ed-cb465d02a5aa,takeout,50,high,2,0.17,0.5,1,14,0.17717181
9d8068da-6426-58cc-98ed-cb465d02a5aa,takeout,50,high,3,0.06,0.5,1,14,0.028741147
9d8068da-6426-58cc-98ed-cb465d02a5aa,wedding,0,high,0,0.59,0.0,1,15,0.3970557
9d8068da-6426-58cc-98ed-cb465d02a5aa,wedding,0,high,1,0.26,0.0,1,15,0.35221374
9d8068da-6426-58cc-98ed-cb465d02a5aa,wedding,0,high,2,0.1,0.0,1,15,0.17262787
9d8068da-6426-58cc-98ed-cb465d02a5aa,wedding,0,high,3,0.05,0.0,1,15,0.07810264
9d913cc0-3f13-534e-90f5-0770d2a46ac4,apples,50,high,0,0.17,0.5,1,0,0.25700086
9d913cc0-3f13-534e-90f5-0770d2a46ac4,apples,50,high,1,0.29,0.5,1,0,0.4043876
9d913cc0-3f13-534e-90f5-0770d2a46ac4,apples,50,high,2,0.31,0.5,1,0,0.17610174
9d913cc0-3f13-534e-90f5-0770d2a46ac4,apples,50,high,3,0.23,0.5,1,0,0.1625098
9d913cc0-3f13-534e-90f5-0770d2a46ac4,basketball,0,low,0,0.41,0.0,0,1,0.59798855
9d913cc0-3f13-534e-90f5-0770d2a46ac4,basketball,0,low,1,0.3,0.0,0,1,0.33563203
9d913cc0-3f13-534e-90f5-0770d2a46ac4,basketball,0,low,2,0.2,0.0,0,1,0.03724604
9d913cc0-3f13-534e-90f5-0770d2a46ac4,basketball,0,low,3,0.09,0.0,0,1,0.02913338
9d913cc0-3f13-534e-90f5-0770d2a46ac4,birthday,100,low,0,0.05,1.0,0,2,0.18114941
9d913cc0-3f13-534e-90f5-0770d2a46ac4,birthday,100,low,1,0.18,1.0,0,2,0.26089072
9d913cc0-3f13-534e-90f5-0770d2a46ac4,birthday,100,low,2,0.29,1.0,0,2,0.30576038
9d913cc0-3f13-534e-90f5-0770d2a46ac4,birthday,100,low,3,0.48,1.0,0,2,0.2521995
9d913cc0-3f13-534e-90f5-0770d2a46ac4,brunch,100,low,0,0.09,1.0,0,3,0.25663456
9d913cc0-3f13-534e-90f5-0770d2a46ac4,brunch,100,low,1,0.15,1.0,0,3,0.21827695
9d913cc0-3f13-534e-90f5-0770d2a46ac4,brunch,100,low,2,0.29,1.0,0,3,0.2570134
9d913cc0-3f13-534e-90f5-0770d2a46ac4,brunch,100,low,3,0.47,1.0,0,3,0.26807508
9d913cc0-3f13-534e-90f5-0770d2a46ac4,cooking,75,high,0,0.2,0.75,1,4,0.14785571
9d913cc0-3f13-534e-90f5-0770d2a46ac4,cooking,75,high,1,0.29,0.75,1,4,0.3630791
9d913cc0-3f13-534e-90f5-0770d2a46ac4,cooking,75,high,2,0.22,0.75,1,4,0.26713452
9d913cc0-3f13-534e-90f5-0770d2a46ac4,cooking,75,high,3,0.29,0.75,1,4,0.22193062
9d913cc0-3f13-534e-90f5-0770d2a46ac4,dip,50,low,0,0.1,0.5,0,5,0.6932131
9d913cc0-3f13-534e-90f5-0770d2a46ac4,dip,50,low,1,0.4,0.5,0,5,0.19159518
9d913cc0-3f13-534e-90f5-0770d2a46ac4,dip,50,low,2,0.3,0.5,0,5,0.08706623
9d913cc0-3f13-534e-90f5-0770d2a46ac4,dip,50,low,3,0.2,0.5,0,5,0.028125498
9d913cc0-3f13-534e-90f5-0770d2a46ac4,drinks,100,high,0,0.1,1.0,1,6,0.17412922
9d913cc0-3f13-534e-90f5-0770d2a46ac4,drinks,100,high,1,0.22,1.0,1,6,0.28677985
9d913cc0-3f13-534e-90f5-0770d2a46ac4,drinks,100,high,2,0.27,1.0,1,6,0.2700779
9d913cc0-3f13-534e-90f5-0770d2a46ac4,drinks,100,high,3,0.41,1.0,1,6,0.269013
9d913cc0-3f13-534e-90f5-0770d2a46ac4,driving,0,low,0,0.4,0.0,0,7,0.46846104
9d913cc0-3f13-534e-90f5-0770d2a46ac4,driving,0,low,1,0.3,0.0,0,7,0.38957903
9d913cc0-3f13-534e-90f5-0770d2a46ac4,driving,0,low,2,0.2,0.0,0,7,0.12279496
9d913cc0-3f13-534e-90f5-0770d2a46ac4,driving,0,low,3,0.1,0.0,0,7,0.019165
9d913cc0-3f13-534e-90f5-0770d2a46ac4,fair,0,high,0,0.43,0.0,1,8,0.32640508
9d913cc0-3f13-534e-90f5-0770d2a46ac4,fair,0,high,1,0.32,0.0,1,8,0.540167
9d913cc0-3f13-534e-90f5-0770d2a46ac4,fair,0,high,2,0.17,0.0,1,8,0.08559175
9d913cc0-3f13-534e-90f5-0770d2a46ac4,fair,0,high,3,0.08,0.0,1,8,0.047836132
9d913cc0-3f13-534e-90f5-0770d2a46ac4,gala,75,low,0,0.09,0.75,0,9,0.71443945
9d913cc0-3f13-534e-90f5-0770d2a46ac4,gala,75,low,1,0.23,0.75,0,9,0.13299528
9d913cc0-3f13-534e-90f5-0770d2a46ac4,gala,75,low,2,0.42,0.75,0,9,0.08963433
9d913cc0-3f13-534e-90f5-0770d2a46ac4,gala,75,low,3,0.26,0.75,0,9,0.06293091
9d913cc0-3f13-534e-90f5-0770d2a46ac4,hike,75,low,0,0.08,0.75,0,10,0.4188641
9d913cc0-3f13-534e-90f5-0770d2a46ac4,hike,75,low,1,0.39,0.75,0,10,0.2709454
9d913cc0-3f13-534e-90f5-0770d2a46ac4,hike,75,low,2,0.24,0.75,0,10,0.19254148
9d913cc0-3f13-534e-90f5-0770d2a46ac4,hike,75,low,3,0.29,0.75,0,10,0.117649004
9d913cc0-3f13-534e-90f5-0770d2a46ac4,oysters,100,high,0,0.05,1.0,1,11,0.10516431
9d913cc0-3f13-534e-90f5-0770d2a46ac4,oysters,100,high,1,0.15,1.0,1,11,0.31489423
9d913cc0-3f13-534e-90f5-0770d2a46ac4,oysters,100,high,2,0.3,1.0,1,11,0.25911844
9d913cc0-3f13-534e-90f5-0770d2a46ac4,oysters,100,high,3,0.5,1.0,1,11,0.32082298
9d913cc0-3f13-534e-90f5-0770d2a46ac4,social,75,high,0,0.1,0.75,1,12,0.26838598
9d913cc0-3f13-534e-90f5-0770d2a46ac4,social,75,high,1,0.23,0.75,1,12,0.22903113
9d913cc0-3f13-534e-90f5-0770d2a46ac4,social,75,high,2,0.36,0.75,1,12,0.2943885
9d913cc0-3f13-534e-90f5-0770d2a46ac4,social,75,high,3,0.31,0.75,1,12,0.20819436
9d913cc0-3f13-534e-90f5-0770d2a46ac4,soup,50,low,0,0.39,0.5,0,13,0.30933502
9d913cc0-3f13-534e-90f5-0770d2a46ac4,soup,50,low,1,0.09,0.5,0,13,0.44212443
9d913cc0-3f13-534e-90f5-0770d2a46ac4,soup,50,low,2,0.33,0.5,0,13,0.14588597
9d913cc0-3f13-534e-90f5-0770d2a46ac4,soup,50,low,3,0.19,0.5,0,13,0.102654584
9d913cc0-3f13-534e-90f5-0770d2a46ac4,takeout,0,high,0,0.05,0.0,1,14,0.39998376
9d913cc0-3f13-534e-90f5-0770d2a46ac4,takeout,0,high,1,0.26,0.0,1,14,0.5005222
9d913cc0-3f13-534e-90f5-0770d2a46ac4,takeout,0,high,2,0.29,0.0,1,14,0.088389106
9d913cc0-3f13-534e-90f5-0770d2a46ac4,takeout,0,high,3,0.4,0.0,1,14,0.011104971
9d913cc0-3f13-534e-90f5-0770d2a46ac4,wedding,50,high,0,0.1,0.5,1,15,0.23947777
9d913cc0-3f13-534e-90f5-0770d2a46ac4,wedding,50,high,1,0.4,0.5,1,15,0.35416168
9d913cc0-3f13-534e-90f5-0770d2a46ac4,wedding,50,high,2,0.2,0.5,1,15,0.2457274
9d913cc0-3f13-534e-90f5-0770d2a46ac4,wedding,50,high,3,0.3,0.5,1,15,0.16063312
9e859b14-6fad-5bd8-9ab0-aaceaeb41118,apples,50,low,0,0.43,0.5,0,0,0.56864893
9e859b14-6fad-5bd8-9ab0-aaceaeb41118,apples,50,low,1,0.08,0.5,0,0,0.24850366
9e859b14-6fad-5bd8-9ab0-aaceaeb41118,apples,50,low,2,0.37,0.5,0,0,0.09509347
9e859b14-6fad-5bd8-9ab0-aaceaeb41118,apples,50,low,3,0.12,0.5,0,0,0.08775395
9e859b14-6fad-5bd8-9ab0-aaceaeb41118,basketball,100,low,0,0.0,1.0,0,1,0.27969223
9e859b14-6fad-5bd8-9ab0-aaceaeb41118,basketball,100,low,1,0.88,1.0,0,1,0.20069663
9e859b14-6fad-5bd8-9ab0-aaceaeb41118,basketball,100,low,2,0.06,1.0,0,1,0.25980562
9e859b14-6fad-5bd8-9ab0-aaceaeb41118,basketball,100,low,3,0.06,1.0,0,1,0.25980556
9e859b14-6fad-5bd8-9ab0-aaceaeb41118,birthday,50,high,0,0.01,0.5,1,2,0.16706371
9e859b14-6fad-5bd8-9ab0-aaceaeb41118,birthday,50,high,1,0.72,0.5,1,2,0.5288051
9e859b14-6fad-5bd8-9ab0-aaceaeb41118,birthday,50,high,2,0.24,0.5,1,2,0.21500385
9e859b14-6fad-5bd8-9ab0-aaceaeb41118,birthday,50,high,3,0.03,0.5,1,2,0.08912745
9e859b14-6fad-5bd8-9ab0-aaceaeb41118,brunch,0,high,0,0.01,0.0,1,3,0.26180592
9e859b14-6fad-5bd8-9ab0-aaceaeb41118,brunch,0,high,1,0.47,0.0,1,3,0.39796382
9e859b14-6fad-5bd8-9ab0-aaceaeb41118,brunch,0,high,2,0.39,0.0,1,3,0.24755734
9e859b14-6fad-5bd8-9ab0-aaceaeb41118,brunch,0,high,3,0.13,0.0,1,3,0.09267295
9e859b14-6fad-5bd8-9ab0-aaceaeb41118,cooking,100,high,0,0.01,1.0,1,4,0.08743349
9e859b14-6fad-5bd8-9ab0-aaceaeb41118,cooking,100,high,1,0.91,1.0,1,4,0.30014092
9e859b14-6fad-5bd8-9ab0-aaceaeb41118,cooking,100,high,2,0.07,1.0,1,4,0.2935727
9e859b14-6fad-5bd8-9ab0-aaceaeb41118,cooking,100,high,3,0.01,1.0,1,4,0.3188529
9e859b14-6fad-5bd8-9ab0-aaceaeb41118,dip,50,high,0,0.02,0.5,1,5,0.1520621
9e859b14-6fad-5bd8-9ab0-aaceaeb41118,dip,50,high,1,0.17,0.5,1,5,0.5578234
9e859b14-6fad-5bd8-9ab0-aaceaeb41118,dip,50,high,2,0.64,0.5,1,5,0.22538151
9e859b14-6fad-5bd8-9ab0-aaceaeb41118,dip,50,high,3,0.17,0.5,1,5,0.06473294
9e859b14-6fad-5bd8-9ab0-aaceaeb41118,drinks,50,low,0,0.85,0.5,0,6,0.7762677
9e859b14-6fad-5bd8-9ab0-aaceaeb41118,drinks,50,low,1,0.03,0.5,0,6,0.13067015
9e859b14-6fad-5bd8-9ab0-aaceaeb41118,drinks,50,low,2,0.06,0.5,0,6,0.05837057
9e859b14-6fad-5bd8-9ab0-aaceaeb41118,drinks,50,low,3,0.06,0.5,0,6,0.034691554
9e859b14-6fad-5bd8-9ab0-aaceaeb41118,driving,75,high,0,0.69,0.75,1,7,0.1351035
9e859b14-6fad-5bd8-9ab0-aaceaeb41118,driving,75,high,1,0.04,0.75,1,7,0.40932438
9e859b14-6fad-5bd8-9ab0-aaceaeb41118,driving,75,high,2,0.2,0.75,1,7,0.28989655
9e859b14-6fad-5bd8-9ab0-aaceaeb41118,driving,75,high,3,0.07,0.75,1,7,0.16567567
9e859b14-6fad-5bd8-9ab0-aaceaeb41118,fair,0,low,0,0.86,0.0,0,8,0.62978035
9e859b14-6fad-5bd8-9ab0-aaceaeb41118,fair,0,low,1,0.01,0.0,0,8,0.31427956
9e859b14-6fad-5bd8-9ab0-aaceaeb41118,fair,0,low,2,0.05,0.0,0,8,0.04427682
9e859b14-6fad-5bd8-9ab0-aaceaeb41118,fair,0,low,3,0.08,0.0,0,8,0.011663312
9e859b14-6fad-5bd8-9ab0-aaceaeb41118,gala,100,high,0,0.0,1.0,1,9,0.08383131
9e859b14-6fad-5bd8-9ab0-aaceaeb41118,gala,100,high,1,0.56,1.0,1,9,0.30393267
9e859b14-6fad-5bd8-9ab0-aaceaeb41118,gala,100,high,2,0.22,1.0,1,9,0.28360444
9e859b14-6fad-5bd8-9ab0-aaceaeb41118,gala,100,high,3,0.22,1.0,1,9,0.32863158
9e859b14-6fad-5bd8-9ab0-aaceaeb41118,hike,0,high,0,0.17,0.0,1,10,0.31990948
9e859b14-6fad-5bd8-9ab0-aaceaeb41118,hike,0,high,1,0.65,0.0,1,10,0.5216798
9e859b14-6fad-5bd8-9ab0-aaceaeb41118,hike,0,high,2,0.09,0.0,1,10,0.108692184
9e859b14-6fad-5bd8-9ab0-aaceaeb41118,hike,0,high,3,0.09,0.0,1,10,0.049718577
9e859b14-6fad-5bd8-9ab0-aaceaeb41118,oysters,75,low,0,0.17,0.75,0,11,0.4116703
9e859b14-6fad-5bd8-9ab0-aaceaeb41118,oysters,75,low,1,0.51,0.75,0,11,0.20713082
9e859b14-6fad-5bd8-9ab0-aaceaeb41118,oysters,75,low,2,0.06,0.75,0,11,0.2690045
9e859b14-6fad-5bd8-9ab0-aaceaeb41118,oysters,75,low,3,0.26,0.75,0,11,0.112194374
9e859b14-6fad-5bd8-9ab0-aaceaeb41118,social,0,low,0,0.68,0.0,0,12,0.82478136
9e859b14-6fad-5bd8-9ab0-aaceaeb41118,social,0,low,1,0.19,0.0,0,12,0.042306297
9e859b14-6fad-5bd8-9ab0-aaceaeb41118,social,0,low,2,0.13,0.0,0,12,0.10070582
9e859b14-6fad-5bd8-9ab0-aaceaeb41118,social,0,low,3,0.0,0.0,0,12,0.032206487
9e859b14-6fad-5bd8-9ab0-aaceaeb41118,soup,100,low,0,0.88,1.0,0,13,0.17265384
9e859b14-6fad-5bd8-9ab0-aaceaeb41118,soup,100,low,1,0.02,1.0,0,13,0.2467696
9e859b14-6fad-5bd8-9ab0-aaceaeb41118,soup,100,low,2,0.05,1.0,0,13,0.26021537
9e859b14-6fad-5bd8-9ab0-aaceaeb41118,soup,100,low,3,0.05,1.0,0,13,0.32036123
9e859b14-6fad-5bd8-9ab0-aaceaeb41118,takeout,75,low,0,0.53,0.75,0,14,0.4908885
9e859b14-6fad-5bd8-9ab0-aaceaeb41118,takeout,75,low,1,0.17,0.75,0,14,0.3014709
9e859b14-6fad-5bd8-9ab0-aaceaeb41118,takeout,75,low,2,0.22,0.75,0,14,0.16536646
9e859b14-6fad-5bd8-9ab0-aaceaeb41118,takeout,75,low,3,0.08,0.75,0,14,0.042274114
9e859b14-6fad-5bd8-9ab0-aaceaeb41118,wedding,75,high,0,0.14,0.75,1,15,0.16501321
9e859b14-6fad-5bd8-9ab0-aaceaeb41118,wedding,75,high,1,0.11,0.75,1,15,0.32890013
9e859b14-6fad-5bd8-9ab0-aaceaeb41118,wedding,75,high,2,0.34,0.75,1,15,0.27954394
9e859b14-6fad-5bd8-9ab0-aaceaeb41118,wedding,75,high,3,0.41,0.75,1,15,0.22654271
9fbba88f-576e-5747-ab59-a58d63cef7cb,apples,75,low,0,0.65,0.75,0,0,0.447258
9fbba88f-576e-5747-ab59-a58d63cef7cb,apples,75,low,1,0.13,0.75,0,0,0.26342416
9fbba88f-576e-5747-ab59-a58d63cef7cb,apples,75,low,2,0.13,0.75,0,0,0.14805049
9fbba88f-576e-5747-ab59-a58d63cef7cb,apples,75,low,3,0.09,0.75,0,0,0.1412674
9fbba88f-576e-5747-ab59-a58d63cef7cb,basketball,0,low,0,0.38,0.0,0,1,0.59798855
9fbba88f-576e-5747-ab59-a58d63cef7cb,basketball,0,low,1,0.0,0.0,0,1,0.33563203
9fbba88f-576e-5747-ab59-a58d63cef7cb,basketball,0,low,2,0.31,0.0,0,1,0.03724604
9fbba88f-576e-5747-ab59-a58d63cef7cb,basketball,0,low,3,0.31,0.0,0,1,0.02913338
9fbba88f-576e-5747-ab59-a58d63cef7cb,birthday,100,low,0,0.0,1.0,0,2,0.18114941
9fbba88f-576e-5747-ab59-a58d63cef7cb,birthday,100,low,1,0.5,1.0,0,2,0.26089072
9fbba88f-576e-5747-ab59-a58d63cef7cb,birthday,100,low,2,0.25,1.0,0,2,0.30576038
9fbba88f-576e-5747-ab59-a58d63cef7cb,birthday,100,low,3,0.25,1.0,0,2,0.2521995
9fbba88f-576e-5747-ab59-a58d63cef7cb,brunch,100,high,0,0.23,1.0,1,3,0.23770595
9fbba88f-576e-5747-ab59-a58d63cef7cb,brunch,100,high,1,0.23,1.0,1,3,0.22106798
9fbba88f-576e-5747-ab59-a58d63cef7cb,brunch,100,high,2,0.23,1.0,1,3,0.2566543
9fbba88f-576e-5747-ab59-a58d63cef7cb,brunch,100,high,3,0.31,1.0,1,3,0.2845718
9fbba88f-576e-5747-ab59-a58d63cef7cb,cooking,50,low,0,1.0,0.5,0,4,0.7692103
9fbba88f-576e-5747-ab59-a58d63cef7cb,cooking,50,low,1,0.0,0.5,0,4,0.12459549
9fbba88f-576e-5747-ab59-a58d63cef7cb,cooking,50,low,2,0.0,0.5,0,4,0.0665355
9fbba88f-576e-5747-ab59-a58d63cef7cb,cooking,50,low,3,0.0,0.5,0,4,0.039658718
9fbba88f-576e-5747-ab59-a58d63cef7cb,dip,0,high,0,0.0,0.0,1,5,0.17585786
9fbba88f-576e-5747-ab59-a58d63cef7cb,dip,0,high,1,0.5,0.0,1,5,0.6451156
9fbba88f-576e-5747-ab59-a58d63cef7cb,dip,0,high,2,0.5,0.0,1,5,0.1563427
9fbba88f-576e-5747-ab59-a58d63cef7cb,dip,0,high,3,0.0,0.0,1,5,0.022683876
9fbba88f-576e-5747-ab59-a58d63cef7cb,drinks,50,high,0,0.03,0.5,1,6,0.35946196
9fbba88f-576e-5747-ab59-a58d63cef7cb,drinks,50,high,1,0.32,0.5,1,6,0.3741043
9fbba88f-576e-5747-ab59-a58d63cef7cb,drinks,50,high,2,0.05,0.5,1,6,0.167113
9fbba88f-576e-5747-ab59-a58d63cef7cb,drinks,50,high,3,0.6,0.5,1,6,0.09932076
9fbba88f-576e-5747-ab59-a58d63cef7cb,driving,0,high,0,0.0,0.0,1,7,0.19378443
9fbba88f-576e-5747-ab59-a58d63cef7cb,driving,0,high,1,0.0,0.0,1,7,0.58711064
9fbba88f-576e-5747-ab59-a58d63cef7cb,driving,0,high,2,0.5,0.0,1,7,0.18505675
9fbba88f-576e-5747-ab59-a58d63cef7cb,driving,0,high,3,0.5,0.0,1,7,0.034048196
9fbba88f-576e-5747-ab59-a58d63cef7cb,fair,75,high,0,0.08,0.75,1,8,0.19342518
9fbba88f-576e-5747-ab59-a58d63cef7cb,fair,75,high,1,0.12,0.75,1,8,0.376359
9fbba88f-576e-5747-ab59-a58d63cef7cb,fair,75,high,2,0.4,0.75,1,8,0.23236895
9fbba88f-576e-5747-ab59-a58d63cef7cb,fair,75,high,3,0.4,0.75,1,8,0.1978469
9fbba88f-576e-5747-ab59-a58d63cef7cb,gala,0,low,0,1.0,0.0,0,9,0.8866782
9fbba88f-576e-5747-ab59-a58d63cef7cb,gala,0,low,1,0.0,0.0,0,9,0.07345924
9fbba88f-576e-5747-ab59-a58d63cef7cb,gala,0,low,2,0.0,0.0,0,9,0.028000446
9fbba88f-576e-5747-ab59-a58d63cef7cb,gala,0,low,3,0.0,0.0,0,9,0.011862111
9fbba88f-576e-5747-ab59-a58d63cef7cb,hike,50,low,0,1.0,0.5,0,10,0.51034856
9fbba88f-576e-5747-ab59-a58d63cef7cb,hike,50,low,1,0.0,0.5,0,10,0.27600068
9fbba88f-576e-5747-ab59-a58d63cef7cb,hike,50,low,2,0.0,0.5,0,10,0.1420938
9fbba88f-576e-5747-ab59-a58d63cef7cb,hike,50,low,3,0.0,0.5,0,10,0.07155705
9fbba88f-576e-5747-ab59-a58d63cef7cb,oysters,100,high,0,0.0,1.0,1,11,0.10516431
9fbba88f-576e-5747-ab59-a58d63cef7cb,oysters,100,high,1,0.49,1.0,1,11,0.31489423
9fbba88f-576e-5747-ab59-a58d63cef7cb,oysters,100,high,2,0.04,1.0,1,11,0.25911844
9fbba88f-576e-5747-ab59-a58d63cef7cb,oysters,100,high,3,0.47,1.0,1,11,0.32082298
9fbba88f-576e-5747-ab59-a58d63cef7cb,social,75,high,0,0.0,0.75,1,12,0.26838598
9fbba88f-576e-5747-ab59-a58d63cef7cb,social,75,high,1,0.34,0.75,1,12,0.22903113
9fbba88f-576e-5747-ab59-a58d63cef7cb,social,75,high,2,0.33,0.75,1,12,0.2943885
9fbba88f-576e-5747-ab59-a58d63cef7cb,social,75,high,3,0.33,0.75,1,12,0.20819436
9fbba88f-576e-5747-ab59-a58d63cef7cb,soup,75,low,0,1.0,0.75,0,13,0.25817782
9fbba88f-576e-5747-ab59-a58d63cef7cb,soup,75,low,1,0.0,0.75,0,13,0.36900678
9fbba88f-576e-5747-ab59-a58d63cef7cb,soup,75,low,2,0.0,0.75,0,13,0.19745578
9fbba88f-576e-5747-ab59-a58d63cef7cb,soup,75,low,3,0.0,0.75,0,13,0.17535962
9fbba88f-576e-5747-ab59-a58d63cef7cb,takeout,100,low,0,0.0,1.0,0,14,0.3651162
9fbba88f-576e-5747-ab59-a58d63cef7cb,takeout,100,low,1,0.0,1.0,0,14,0.27645305
9fbba88f-576e-5747-ab59-a58d63cef7cb,takeout,100,low,2,0.5,1.0,0,14,0.2725342
9fbba88f-576e-5747-ab59-a58d63cef7cb,takeout,100,low,3,0.5,1.0,0,14,0.085896574
9fbba88f-576e-5747-ab59-a58d63cef7cb,wedding,50,high,0,0.0,0.5,1,15,0.23947777
9fbba88f-576e-5747-ab59-a58d63cef7cb,wedding,50,high,1,0.34,0.5,1,15,0.35416168
9fbba88f-576e-5747-ab59-a58d63cef7cb,wedding,50,high,2,0.33,0.5,1,15,0.2457274
9fbba88f-576e-5747-ab59-a58d63cef7cb,wedding,50,high,3,0.33,0.5,1,15,0.16063312
a02f9dbb-c84a-5efe-81b6-6a9fbf248e61,apples,75,high,0,0.09,0.75,1,0,0.17327306
a02f9dbb-c84a-5efe-81b6-6a9fbf248e61,apples,75,high,1,0.24,0.75,1,0,0.36745417
a02f9dbb-c84a-5efe-81b6-6a9fbf248e61,apples,75,high,2,0.42,0.75,1,0,0.23502025
a02f9dbb-c84a-5efe-81b6-6a9fbf248e61,apples,75,high,3,0.25,0.75,1,0,0.22425258
a02f9dbb-c84a-5efe-81b6-6a9fbf248e61,basketball,0,low,0,0.4,0.0,0,1,0.59798855
a02f9dbb-c84a-5efe-81b6-6a9fbf248e61,basketball,0,low,1,0.5,0.0,0,1,0.33563203
a02f9dbb-c84a-5efe-81b6-6a9fbf248e61,basketball,0,low,2,0.05,0.0,0,1,0.03724604
a02f9dbb-c84a-5efe-81b6-6a9fbf248e61,basketball,0,low,3,0.05,0.0,0,1,0.02913338
a02f9dbb-c84a-5efe-81b6-6a9fbf248e61,birthday,100,high,0,0.06,1.0,1,2,0.09661102
a02f9dbb-c84a-5efe-81b6-6a9fbf248e61,birthday,100,high,1,0.11,1.0,1,2,0.30580187
a02f9dbb-c84a-5efe-81b6-6a9fbf248e61,birthday,100,high,2,0.42,1.0,1,2,0.3316454
a02f9dbb-c84a-5efe-81b6-6a9fbf248e61,birthday,100,high,3,0.41,1.0,1,2,0.2659417
a02f9dbb-c84a-5efe-81b6-6a9fbf248e61,brunch,100,high,0,0.09,1.0,1,3,0.23770595
a02f9dbb-c84a-5efe-81b6-6a9fbf248e61,brunch,100,high,1,0.09,1.0,1,3,0.22106798
a02f9dbb-c84a-5efe-81b6-6a9fbf248e61,brunch,100,high,2,0.32,1.0,1,3,0.2566543
a02f9dbb-c84a-5efe-81b6-6a9fbf248e61,brunch,100,high,3,0.5,1.0,1,3,0.2845718
a02f9dbb-c84a-5efe-81b6-6a9fbf248e61,cooking,50,high,0,0.04,0.5,1,4,0.20437361
a02f9dbb-c84a-5efe-81b6-6a9fbf248e61,cooking,50,high,1,0.17,0.5,1,4,0.39527634
a02f9dbb-c84a-5efe-81b6-6a9fbf248e61,cooking,50,high,2,0.37,0.5,1,4,0.2374081
a02f9dbb-c84a-5efe-81b6-6a9fbf248e61,cooking,50,high,3,0.42,0.5,1,4,0.16294199
a02f9dbb-c84a-5efe-81b6-6a9fbf248e61,dip,50,low,0,0.3,0.5,0,5,0.6932131
a02f9dbb-c84a-5efe-81b6-6a9fbf248e61,dip,50,low,1,0.35,0.5,0,5,0.19159518
a02f9dbb-c84a-5efe-81b6-6a9fbf248e61,dip,50,low,2,0.2,0.5,0,5,0.08706623
a02f9dbb-c84a-5efe-81b6-6a9fbf248e61,dip,50,low,3,0.15,0.5,0,5,0.028125498
a02f9dbb-c84a-5efe-81b6-6a9fbf248e61,drinks,50,high,0,0.15,0.5,1,6,0.35946196
a02f9dbb-c84a-5efe-81b6-6a9fbf248e61,drinks,50,high,1,0.19,0.5,1,6,0.3741043
a02f9dbb-c84a-5efe-81b6-6a9fbf248e61,drinks,50,high,2,0.4,0.5,1,6,0.167113
a02f9dbb-c84a-5efe-81b6-6a9fbf248e61,drinks,50,high,3,0.26,0.5,1,6,0.09932076
a02f9dbb-c84a-5efe-81b6-6a9fbf248e61,driving,0,high,0,0.5,0.0,1,7,0.19378443
a02f9dbb-c84a-5efe-81b6-6a9fbf248e61,driving,0,high,1,0.35,0.0,1,7,0.58711064
a02f9dbb-c84a-5efe-81b6-6a9fbf248e61,driving,0,high,2,0.1,0.0,1,7,0.18505675
a02f9dbb-c84a-5efe-81b6-6a9fbf248e61,driving,0,high,3,0.05,0.0,1,7,0.034048196
a02f9dbb-c84a-5efe-81b6-6a9fbf248e61,fair,100,low,0,0.06,1.0,0,8,0.37053174
a02f9dbb-c84a-5efe-81b6-6a9fbf248e61,fair,100,low,1,0.14,1.0,0,8,0.2363968
a02f9dbb-c84a-5efe-81b6-6a9fbf248e61,fair,100,low,2,0.39,1.0,0,8,0.2622352
a02f9dbb-c84a-5efe-81b6-6a9fbf248e61,fair,100,low,3,0.41,1.0,0,8,0.1308363
a02f9dbb-c84a-5efe-81b6-6a9fbf248e61,gala,0,high,0,0.59,0.0,1,9,0.36991814
a02f9dbb-c84a-5efe-81b6-6a9fbf248e61,gala,0,high,1,0.26,0.0,1,9,0.39267284
a02f9dbb-c84a-5efe-81b6-6a9fbf248e61,gala,0,high,2,0.1,0.0,1,9,0.15431948
a02f9dbb-c84a-5efe-81b6-6a9fbf248e61,gala,0,high,3,0.05,0.0,1,9,0.083089605
a02f9dbb-c84a-5efe-81b6-6a9fbf248e61,hike,50,low,0,0.3,0.5,0,10,0.51034856
a02f9dbb-c84a-5efe-81b6-6a9fbf248e61,hike,50,low,1,0.25,0.5,0,10,0.27600068
a02f9dbb-c84a-5efe-81b6-6a9fbf248e61,hike,50,low,2,0.25,0.5,0,10,0.1420938
a02f9dbb-c84a-5efe-81b6-6a9fbf248e61,hike,50,low,3,0.2,0.5,0,10,0.07155705
a02f9dbb-c84a-5efe-81b6-6a9fbf248e61,oysters,0,low,0,0.08,0.0,0,11,0.64080536
a02f9dbb-c84a-5efe-81b6-6a9fbf248e61,oysters,0,low,1,0.17,0.0,0,11,0.12204299
a02f9dbb-c84a-5efe-81b6-6a9fbf248e61,oysters,0,low,2,0.3,0.0,0,11,0.21212909
a02f9dbb-c84a-5efe-81b6-6a9fbf248e61,oysters,0,low,3,0.45,0.0,0,11,0.025022497
a02f9dbb-c84a-5efe-81b6-6a9fbf248e61,social,75,high,0,0.13,0.75,1,12,0.26838598
a02f9dbb-c84a-5efe-81b6-6a9fbf248e61,social,75,high,1,0.19,0.75,1,12,0.22903113
a02f9dbb-c84a-5efe-81b6-6a9fbf248e61,social,75,high,2,0.38,0.75,1,12,0.2943885
a02f9dbb-c84a-5efe-81b6-6a9fbf248e61,social,75,high,3,0.3,0.75,1,12,0.20819436
a02f9dbb-c84a-5efe-81b6-6a9fbf248e61,soup,75,low,0,0.17,0.75,0,13,0.25817782
a02f9dbb-c84a-5efe-81b6-6a9fbf248e61,soup,75,low,1,0.22,0.75,0,13,0.36900678
a02f9dbb-c84a-5efe-81b6-6a9fbf248e61,soup,75,low,2,0.33,0.75,0,13,0.19745578
a02f9dbb-c84a-5efe-81b6-6a9fbf248e61,soup,75,low,3,0.28,0.75,0,13,0.17535962
a02f9dbb-c84a-5efe-81b6-6a9fbf248e61,takeout,100,low,0,0.05,1.0,0,14,0.3651162
a02f9dbb-c84a-5efe-81b6-6a9fbf248e61,takeout,100,low,1,0.2,1.0,0,14,0.27645305
a02f9dbb-c84a-5efe-81b6-6a9fbf248e61,takeout,100,low,2,0.35,1.0,0,14,0.2725342
a02f9dbb-c84a-5efe-81b6-6a9fbf248e61,takeout,100,low,3,0.4,1.0,0,14,0.085896574
a02f9dbb-c84a-5efe-81b6-6a9fbf248e61,wedding,75,low,0,0.2,0.75,0,15,0.51931244
a02f9dbb-c84a-5efe-81b6-6a9fbf248e61,wedding,75,low,1,0.25,0.75,0,15,0.2142844
a02f9dbb-c84a-5efe-81b6-6a9fbf248e61,wedding,75,low,2,0.25,0.75,0,15,0.16972683
a02f9dbb-c84a-5efe-81b6-6a9fbf248e61,wedding,75,low,3,0.3,0.75,0,15,0.09667626
a22ec70c-faad-58b7-8e61-856c0cf3a14f,apples,50,low,0,0.9,0.5,0,0,0.56864893
a22ec70c-faad-58b7-8e61-856c0cf3a14f,apples,50,low,1,0.05,0.5,0,0,0.24850366
a22ec70c-faad-58b7-8e61-856c0cf3a14f,apples,50,low,2,0.05,0.5,0,0,0.09509347
a22ec70c-faad-58b7-8e61-856c0cf3a14f,apples,50,low,3,0.0,0.5,0,0,0.08775395
a22ec70c-faad-58b7-8e61-856c0cf3a14f,basketball,75,low,0,0.6,0.75,0,1,0.42199868
a22ec70c-faad-58b7-8e61-856c0cf3a14f,basketball,75,low,1,0.4,0.75,0,1,0.27848366
a22ec70c-faad-58b7-8e61-856c0cf3a14f,basketball,75,low,2,0.0,0.75,0,1,0.15602612
a22ec70c-faad-58b7-8e61-856c0cf3a14f,basketball,75,low,3,0.0,0.75,0,1,0.1434915
a22ec70c-faad-58b7-8e61-856c0cf3a14f,birthday,100,high,0,0.0,1.0,1,2,0.09661102
a22ec70c-faad-58b7-8e61-856c0cf3a14f,birthday,100,high,1,0.15,1.0,1,2,0.30580187
a22ec70c-faad-58b7-8e61-856c0cf3a14f,birthday,100,high,2,0.6,1.0,1,2,0.3316454
a22ec70c-faad-58b7-8e61-856c0cf3a14f,birthday,100,high,3,0.25,1.0,1,2,0.2659417
a22ec70c-faad-58b7-8e61-856c0cf3a14f,brunch,100,low,0,0.6,1.0,0,3,0.25663456
a22ec70c-faad-58b7-8e61-856c0cf3a14f,brunch,100,low,1,0.1,1.0,0,3,0.21827695
a22ec70c-faad-58b7-8e61-856c0cf3a14f,brunch,100,low,2,0.1,1.0,0,3,0.2570134
a22ec70c-faad-58b7-8e61-856c0cf3a14f,brunch,100,low,3,0.2,1.0,0,3,0.26807508
a22ec70c-faad-58b7-8e61-856c0cf3a14f,cooking,100,high,0,0.0,1.0,1,4,0.08743349
a22ec70c-faad-58b7-8e61-856c0cf3a14f,cooking,100,high,1,0.83,1.0,1,4,0.30014092
a22ec70c-faad-58b7-8e61-856c0cf3a14f,cooking,100,high,2,0.11,1.0,1,4,0.2935727
a22ec70c-faad-58b7-8e61-856c0cf3a14f,cooking,100,high,3,0.06,1.0,1,4,0.3188529
a22ec70c-faad-58b7-8e61-856c0cf3a14f,dip,50,high,0,0.0,0.5,1,5,0.1520621
a22ec70c-faad-58b7-8e61-856c0cf3a14f,dip,50,high,1,0.25,0.5,1,5,0.5578234
a22ec70c-faad-58b7-8e61-856c0cf3a14f,dip,50,high,2,0.75,0.5,1,5,0.22538151
a22ec70c-faad-58b7-8e61-856c0cf3a14f,dip,50,high,3,0.0,0.5,1,5,0.06473294
a22ec70c-faad-58b7-8e61-856c0cf3a14f,drinks,0,high,0,0.22,0.0,1,6,0.49300584
a22ec70c-faad-58b7-8e61-856c0cf3a14f,drinks,0,high,1,0.78,0.0,1,6,0.36993352
a22ec70c-faad-58b7-8e61-856c0cf3a14f,drinks,0,high,2,0.0,0.0,1,6,0.097113706
a22ec70c-faad-58b7-8e61-856c0cf3a14f,drinks,0,high,3,0.0,0.0,1,6,0.039946947
a22ec70c-faad-58b7-8e61-856c0cf3a14f,driving,100,low,0,0.1,1.0,0,7,0.28515202
a22ec70c-faad-58b7-8e61-856c0cf3a14f,driving,100,low,1,0.5,1.0,0,7,0.23713657
a22ec70c-faad-58b7-8e61-856c0cf3a14f,driving,100,low,2,0.1,1.0,0,7,0.25528738
a22ec70c-faad-58b7-8e61-856c0cf3a14f,driving,100,low,3,0.3,1.0,0,7,0.22242402
a22ec70c-faad-58b7-8e61-856c0cf3a14f,fair,50,high,0,0.11,0.5,1,8,0.24886383
a22ec70c-faad-58b7-8e61-856c0cf3a14f,fair,50,high,1,0.76,0.5,1,8,0.45617265
a22ec70c-faad-58b7-8e61-856c0cf3a14f,fair,50,high,2,0.13,0.5,1,8,0.17059332
a22ec70c-faad-58b7-8e61-856c0cf3a14f,fair,50,high,3,0.0,0.5,1,8,0.124370255
a22ec70c-faad-58b7-8e61-856c0cf3a14f,gala,75,low,0,1.0,0.75,0,9,0.71443945
a22ec70c-faad-58b7-8e61-856c0cf3a14f,gala,75,low,1,0.0,0.75,0,9,0.13299528
a22ec70c-faad-58b7-8e61-856c0cf3a14f,gala,75,low,2,0.0,0.75,0,9,0.08963433
a22ec70c-faad-58b7-8e61-856c0cf3a14f,gala,75,low,3,0.0,0.75,0,9,0.06293091
a22ec70c-faad-58b7-8e61-856c0cf3a14f,hike,75,high,0,0.3,0.75,1,10,0.16673161
a22ec70c-faad-58b7-8e61-856c0cf3a14f,hike,75,high,1,0.4,0.75,1,10,0.44192556
a22ec70c-faad-58b7-8e61-856c0cf3a14f,hike,75,high,2,0.15,0.75,1,10,0.22072983
a22ec70c-faad-58b7-8e61-856c0cf3a14f,hike,75,high,3,0.15,0.75,1,10,0.17061298
a22ec70c-faad-58b7-8e61-856c0cf3a14f,oysters,0,high,0,0.3,0.0,1,11,0.36713034
a22ec70c-faad-58b7-8e61-856c0cf3a14f,oysters,0,high,1,0.7,0.0,1,11,0.251757
a22ec70c-faad-58b7-8e61-856c0cf3a14f,oysters,0,high,2,0.0,0.0,1,11,0.32237086
a22ec70c-faad-58b7-8e61-856c0cf3a14f,oysters,0,high,3,0.0,0.0,1,11,0.058741804
a22ec70c-faad-58b7-8e61-856c0cf3a14f,social,75,high,0,0.07,0.75,1,12,0.26838598
a22ec70c-faad-58b7-8e61-856c0cf3a14f,social,75,high,1,0.5,0.75,1,12,0.22903113
a22ec70c-faad-58b7-8e61-856c0cf3a14f,social,75,high,2,0.13,0.75,1,12,0.2943885
a22ec70c-faad-58b7-8e61-856c0cf3a14f,social,75,high,3,0.3,0.75,1,12,0.20819436
a22ec70c-faad-58b7-8e61-856c0cf3a14f,soup,50,low,0,0.9,0.5,0,13,0.30933502
a22ec70c-faad-58b7-8e61-856c0cf3a14f,soup,50,low,1,0.05,0.5,0,13,0.44212443
a22ec70c-faad-58b7-8e61-856c0cf3a14f,soup,50,low,2,0.05,0.5,0,13,0.14588597
a22ec70c-faad-58b7-8e61-856c0cf3a14f,soup,50,low,3,0.0,0.5,0,13,0.102654584
a22ec70c-faad-58b7-8e61-856c0cf3a14f,takeout,0,low,0,0.32,0.0,0,14,0.66916895
a22ec70c-faad-58b7-8e61-856c0cf3a14f,takeout,0,low,1,0.63,0.0,0,14,0.27415937
a22ec70c-faad-58b7-8e61-856c0cf3a14f,takeout,0,low,2,0.05,0.0,0,14,0.048414838
a22ec70c-faad-58b7-8e61-856c0cf3a14f,takeout,0,low,3,0.0,0.0,0,14,0.008256775
a22ec70c-faad-58b7-8e61-856c0cf3a14f,wedding,0,low,0,1.0,0.0,0,15,0.77268213
a22ec70c-faad-58b7-8e61-856c0cf3a14f,wedding,0,low,1,0.0,0.0,0,15,0.1418967
a22ec70c-faad-58b7-8e61-856c0cf3a14f,wedding,0,low,2,0.0,0.0,0,15,0.0648113
a22ec70c-faad-58b7-8e61-856c0cf3a14f,wedding,0,low,3,0.0,0.0,0,15,0.020609858
a2ed6364-bcb4-5ed1-9220-3e3234ee97d3,apples,50,low,0,0.58,0.5,0,0,0.56864893
a2ed6364-bcb4-5ed1-9220-3e3234ee97d3,apples,50,low,1,0.01,0.5,0,0,0.24850366
a2ed6364-bcb4-5ed1-9220-3e3234ee97d3,apples,50,low,2,0.41,0.5,0,0,0.09509347
a2ed6364-bcb4-5ed1-9220-3e3234ee97d3,apples,50,low,3,0.0,0.5,0,0,0.08775395
a2ed6364-bcb4-5ed1-9220-3e3234ee97d3,basketball,75,high,0,0.0,0.75,1,1,0.20223837
a2ed6364-bcb4-5ed1-9220-3e3234ee97d3,basketball,75,high,1,0.52,0.75,1,1,0.38436523
a2ed6364-bcb4-5ed1-9220-3e3234ee97d3,basketball,75,high,2,0.48,0.75,1,1,0.2153484
a2ed6364-bcb4-5ed1-9220-3e3234ee97d3,basketball,75,high,3,0.0,0.75,1,1,0.19804801
a2ed6364-bcb4-5ed1-9220-3e3234ee97d3,birthday,75,low,0,0.0,0.75,0,2,0.25470307
a2ed6364-bcb4-5ed1-9220-3e3234ee97d3,birthday,75,low,1,0.23,0.75,0,2,0.36682245
a2ed6364-bcb4-5ed1-9220-3e3234ee97d3,birthday,75,low,2,0.77,0.75,0,2,0.24243777
a2ed6364-bcb4-5ed1-9220-3e3234ee97d3,birthday,75,low,3,0.0,0.75,0,2,0.13603675
a2ed6364-bcb4-5ed1-9220-3e3234ee97d3,brunch,75,low,0,0.23,0.75,0,3,0.27379805
a2ed6364-bcb4-5ed1-9220-3e3234ee97d3,brunch,75,low,1,0.72,0.75,0,3,0.2753374
a2ed6364-bcb4-5ed1-9220-3e3234ee97d3,brunch,75,low,2,0.01,0.75,0,3,0.262078
a2ed6364-bcb4-5ed1-9220-3e3234ee97d3,brunch,75,low,3,0.04,0.75,0,3,0.18878654
a2ed6364-bcb4-5ed1-9220-3e3234ee97d3,cooking,0,low,0,0.44,0.0,0,4,0.8578861
a2ed6364-bcb4-5ed1-9220-3e3234ee97d3,cooking,0,low,1,0.55,0.0,0,4,0.09232124
a2ed6364-bcb4-5ed1-9220-3e3234ee97d3,cooking,0,low,2,0.01,0.0,0,4,0.03482614
a2ed6364-bcb4-5ed1-9220-3e3234ee97d3,cooking,0,low,3,0.0,0.0,0,4,0.014966578
a2ed6364-bcb4-5ed1-9220-3e3234ee97d3,dip,100,high,0,0.0,1.0,1,5,0.10021788
a2ed6364-bcb4-5ed1-9220-3e3234ee97d3,dip,100,high,1,0.7,1.0,1,5,0.36763847
a2ed6364-bcb4-5ed1-9220-3e3234ee97d3,dip,100,high,2,0.3,1.0,1,5,0.30430344
a2ed6364-bcb4-5ed1-9220-3e3234ee97d3,dip,100,high,3,0.0,1.0,1,5,0.22784017
a2ed6364-bcb4-5ed1-9220-3e3234ee97d3,drinks,0,low,0,1.0,0.0,0,6,0.85738873
a2ed6364-bcb4-5ed1-9220-3e3234ee97d3,drinks,0,low,1,0.0,0.0,0,6,0.10405775
a2ed6364-bcb4-5ed1-9220-3e3234ee97d3,drinks,0,low,2,0.0,0.0,0,6,0.027316885
a2ed6364-bcb4-5ed1-9220-3e3234ee97d3,drinks,0,low,3,0.0,0.0,0,6,0.011236587
a2ed6364-bcb4-5ed1-9220-3e3234ee97d3,driving,100,low,0,0.0,1.0,0,7,0.28515202
a2ed6364-bcb4-5ed1-9220-3e3234ee97d3,driving,100,low,1,0.87,1.0,0,7,0.23713657
a2ed6364-bcb4-5ed1-9220-3e3234ee97d3,driving,100,low,2,0.13,1.0,0,7,0.25528738
a2ed6364-bcb4-5ed1-9220-3e3234ee97d3,driving,100,low,3,0.0,1.0,0,7,0.22242402
a2ed6364-bcb4-5ed1-9220-3e3234ee97d3,fair,50,high,0,0.06,0.5,1,8,0.24886383
a2ed6364-bcb4-5ed1-9220-3e3234ee97d3,fair,50,high,1,0.66,0.5,1,8,0.45617265
a2ed6364-bcb4-5ed1-9220-3e3234ee97d3,fair,50,high,2,0.24,0.5,1,8,0.17059332
a2ed6364-bcb4-5ed1-9220-3e3234ee97d3,fair,50,high,3,0.04,0.5,1,8,0.124370255
a2ed6364-bcb4-5ed1-9220-3e3234ee97d3,gala,100,low,0,0.77,1.0,0,9,0.56416404
a2ed6364-bcb4-5ed1-9220-3e3234ee97d3,gala,100,low,1,0.0,1.0,0,9,0.15963629
a2ed6364-bcb4-5ed1-9220-3e3234ee97d3,gala,100,low,2,0.23,1.0,0,9,0.14447609
a2ed6364-bcb4-5ed1-9220-3e3234ee97d3,gala,100,low,3,0.0,1.0,0,9,0.13172355
a2ed6364-bcb4-5ed1-9220-3e3234ee97d3,hike,100,high,0,0.0,1.0,1,10,0.10209092
a2ed6364-bcb4-5ed1-9220-3e3234ee97d3,hike,100,high,1,0.82,1.0,1,10,0.34788167
a2ed6364-bcb4-5ed1-9220-3e3234ee97d3,hike,100,high,2,0.0,1.0,1,10,0.27311608
a2ed6364-bcb4-5ed1-9220-3e3234ee97d3,hike,100,high,3,0.18,1.0,1,10,0.27691132
a2ed6364-bcb4-5ed1-9220-3e3234ee97d3,oysters,75,high,0,1.0,0.75,1,11,0.17662722
a2ed6364-bcb4-5ed1-9220-3e3234ee97d3,oysters,75,high,1,0.0,0.75,1,11,0.31998342
a2ed6364-bcb4-5ed1-9220-3e3234ee97d3,oysters,75,high,2,0.0,0.75,1,11,0.30614635
a2ed6364-bcb4-5ed1-9220-3e3234ee97d3,oysters,75,high,3,0.0,0.75,1,11,0.19724306
a2ed6364-bcb4-5ed1-9220-3e3234ee97d3,social,50,low,0,0.91,0.5,0,12,0.6326194
a2ed6364-bcb4-5ed1-9220-3e3234ee97d3,social,50,low,1,0.09,0.5,0,12,0.10343386
a2ed6364-bcb4-5ed1-9220-3e3234ee97d3,social,50,low,2,0.0,0.5,0,12,0.17970979
a2ed6364-bcb4-5ed1-9220-3e3234ee97d3,social,50,low,3,0.0,0.5,0,12,0.08423695
a2ed6364-bcb4-5ed1-9220-3e3234ee97d3,soup,0,high,0,0.41,0.0,1,13,0.3310718
a2ed6364-bcb4-5ed1-9220-3e3234ee97d3,soup,0,high,1,0.58,0.0,1,13,0.5448662
a2ed6364-bcb4-5ed1-9220-3e3234ee97d3,soup,0,high,2,0.01,0.0,1,13,0.08330492
a2ed6364-bcb4-5ed1-9220-3e3234ee97d3,soup,0,high,3,0.0,0.0,1,13,0.040757075
a2ed6364-bcb4-5ed1-9220-3e3234ee97d3,takeout,50,high,0,0.01,0.5,1,14,0.30358016
a2ed6364-bcb4-5ed1-9220-3e3234ee97d3,takeout,50,high,1,0.93,0.5,1,14,0.49050692
a2ed6364-bcb4-5ed1-9220-3e3234ee97d3,takeout,50,high,2,0.06,0.5,1,14,0.17717181
a2ed6364-bcb4-5ed1-9220-3e3234ee97d3,takeout,50,high,3,0.0,0.5,1,14,0.028741147
a2ed6364-bcb4-5ed1-9220-3e3234ee97d3,wedding,0,high,0,0.32,0.0,1,15,0.3970557
a2ed6364-bcb4-5ed1-9220-3e3234ee97d3,wedding,0,high,1,0.64,0.0,1,15,0.35221374
a2ed6364-bcb4-5ed1-9220-3e3234ee97d3,wedding,0,high,2,0.02,0.0,1,15,0.17262787
a2ed6364-bcb4-5ed1-9220-3e3234ee97d3,wedding,0,high,3,0.02,0.0,1,15,0.07810264
ac2a9eeb-7c2b-580a-86d0-3625e2611bc2,apples,50,high,0,0.36,0.5,1,0,0.25700086
ac2a9eeb-7c2b-580a-86d0-3625e2611bc2,apples,50,high,1,0.52,0.5,1,0,0.4043876
ac2a9eeb-7c2b-580a-86d0-3625e2611bc2,apples,50,high,2,0.12,0.5,1,0,0.17610174
ac2a9eeb-7c2b-580a-86d0-3625e2611bc2,apples,50,high,3,0.0,0.5,1,0,0.1625098
ac2a9eeb-7c2b-580a-86d0-3625e2611bc2,basketball,75,high,0,0.06,0.75,1,1,0.20223837
ac2a9eeb-7c2b-580a-86d0-3625e2611bc2,basketball,75,high,1,0.26,0.75,1,1,0.38436523
ac2a9eeb-7c2b-580a-86d0-3625e2611bc2,basketball,75,high,2,0.43,0.75,1,1,0.2153484
ac2a9eeb-7c2b-580a-86d0-3625e2611bc2,basketball,75,high,3,0.25,0.75,1,1,0.19804801
ac2a9eeb-7c2b-580a-86d0-3625e2611bc2,birthday,100,high,0,0.02,1.0,1,2,0.09661102
ac2a9eeb-7c2b-580a-86d0-3625e2611bc2,birthday,100,high,1,0.28,1.0,1,2,0.30580187
ac2a9eeb-7c2b-580a-86d0-3625e2611bc2,birthday,100,high,2,0.58,1.0,1,2,0.3316454
ac2a9eeb-7c2b-580a-86d0-3625e2611bc2,birthday,100,high,3,0.12,1.0,1,2,0.2659417
ac2a9eeb-7c2b-580a-86d0-3625e2611bc2,brunch,100,high,0,0.02,1.0,1,3,0.23770595
ac2a9eeb-7c2b-580a-86d0-3625e2611bc2,brunch,100,high,1,0.05,1.0,1,3,0.22106798
ac2a9eeb-7c2b-580a-86d0-3625e2611bc2,brunch,100,high,2,0.05,1.0,1,3,0.2566543
ac2a9eeb-7c2b-580a-86d0-3625e2611bc2,brunch,100,high,3,0.88,1.0,1,3,0.2845718
ac2a9eeb-7c2b-580a-86d0-3625e2611bc2,cooking,0,low,0,0.6,0.0,0,4,0.8578861
ac2a9eeb-7c2b-580a-86d0-3625e2611bc2,cooking,0,low,1,0.39,0.0,0,4,0.09232124
ac2a9eeb-7c2b-580a-86d0-3625e2611bc2,cooking,0,low,2,0.01,0.0,0,4,0.03482614
ac2a9eeb-7c2b-580a-86d0-3625e2611bc2,cooking,0,low,3,0.0,0.0,0,4,0.014966578
ac2a9eeb-7c2b-580a-86d0-3625e2611bc2,dip,75,low,0,0.39,0.75,0,5,0.65482223
ac2a9eeb-7c2b-580a-86d0-3625e2611bc2,dip,75,low,1,0.22,0.75,0,5,0.18098444
ac2a9eeb-7c2b-580a-86d0-3625e2611bc2,dip,75,low,2,0.39,0.75,0,5,0.110844776
ac2a9eeb-7c2b-580a-86d0-3625e2611bc2,dip,75,low,3,0.0,0.75,0,5,0.05334865
ac2a9eeb-7c2b-580a-86d0-3625e2611bc2,drinks,0,high,0,0.01,0.0,1,6,0.49300584
ac2a9eeb-7c2b-580a-86d0-3625e2611bc2,drinks,0,high,1,0.35,0.0,1,6,0.36993352
ac2a9eeb-7c2b-580a-86d0-3625e2611bc2,drinks,0,high,2,0.2,0.0,1,6,0.097113706
ac2a9eeb-7c2b-580a-86d0-3625e2611bc2,drinks,0,high,3,0.44,0.0,1,6,0.039946947
ac2a9eeb-7c2b-580a-86d0-3625e2611bc2,driving,100,low,0,0.15,1.0,0,7,0.28515202
ac2a9eeb-7c2b-580a-86d0-3625e2611bc2,driving,100,low,1,0.3,1.0,0,7,0.23713657
ac2a9eeb-7c2b-580a-86d0-3625e2611bc2,driving,100,low,2,0.31,1.0,0,7,0.25528738
ac2a9eeb-7c2b-580a-86d0-3625e2611bc2,driving,100,low,3,0.24,1.0,0,7,0.22242402
ac2a9eeb-7c2b-580a-86d0-3625e2611bc2,fair,50,high,0,0.16,0.5,1,8,0.24886383
ac2a9eeb-7c2b-580a-86d0-3625e2611bc2,fair,50,high,1,0.43,0.5,1,8,0.45617265
ac2a9eeb-7c2b-580a-86d0-3625e2611bc2,fair,50,high,2,0.3,0.5,1,8,0.17059332
ac2a9eeb-7c2b-580a-86d0-3625e2611bc2,fair,50,high,3,0.11,0.5,1,8,0.124370255
ac2a9eeb-7c2b-580a-86d0-3625e2611bc2,gala,75,low,0,0.83,0.75,0,9,0.71443945
ac2a9eeb-7c2b-580a-86d0-3625e2611bc2,gala,75,low,1,0.01,0.75,0,9,0.13299528
ac2a9eeb-7c2b-580a-86d0-3625e2611bc2,gala,75,low,2,0.11,0.75,0,9,0.08963433
ac2a9eeb-7c2b-580a-86d0-3625e2611bc2,gala,75,low,3,0.05,0.75,0,9,0.06293091
ac2a9eeb-7c2b-580a-86d0-3625e2611bc2,hike,75,high,0,0.05,0.75,1,10,0.16673161
ac2a9eeb-7c2b-580a-86d0-3625e2611bc2,hike,75,high,1,0.66,0.75,1,10,0.44192556
ac2a9eeb-7c2b-580a-86d0-3625e2611bc2,hike,75,high,2,0.29,0.75,1,10,0.22072983
ac2a9eeb-7c2b-580a-86d0-3625e2611bc2,hike,75,high,3,0.0,0.75,1,10,0.17061298
ac2a9eeb-7c2b-580a-86d0-3625e2611bc2,oysters,50,low,0,0.88,0.5,0,11,0.5016542
ac2a9eeb-7c2b-580a-86d0-3625e2611bc2,oysters,50,low,1,0.0,0.5,0,11,0.17642859
ac2a9eeb-7c2b-580a-86d0-3625e2611bc2,oysters,50,low,2,0.0,0.5,0,11,0.2551191
ac2a9eeb-7c2b-580a-86d0-3625e2611bc2,oysters,50,low,3,0.12,0.5,0,11,0.066798165
ac2a9eeb-7c2b-580a-86d0-3625e2611bc2,social,100,low,0,0.63,1.0,0,12,0.28530437
ac2a9eeb-7c2b-580a-86d0-3625e2611bc2,social,100,low,1,0.09,1.0,0,12,0.23726287
ac2a9eeb-7c2b-580a-86d0-3625e2611bc2,social,100,low,2,0.13,1.0,0,12,0.26501882
ac2a9eeb-7c2b-580a-86d0-3625e2611bc2,social,100,low,3,0.15,1.0,0,12,0.21241392
ac2a9eeb-7c2b-580a-86d0-3625e2611bc2,soup,50,low,0,0.86,0.5,0,13,0.30933502
ac2a9eeb-7c2b-580a-86d0-3625e2611bc2,soup,50,low,1,0.02,0.5,0,13,0.44212443
ac2a9eeb-7c2b-580a-86d0-3625e2611bc2,soup,50,low,2,0.1,0.5,0,13,0.14588597
ac2a9eeb-7c2b-580a-86d0-3625e2611bc2,soup,50,low,3,0.02,0.5,0,13,0.102654584
ac2a9eeb-7c2b-580a-86d0-3625e2611bc2,takeout,0,high,0,0.09,0.0,1,14,0.39998376
ac2a9eeb-7c2b-580a-86d0-3625e2611bc2,takeout,0,high,1,0.8,0.0,1,14,0.5005222
ac2a9eeb-7c2b-580a-86d0-3625e2611bc2,takeout,0,high,2,0.07,0.0,1,14,0.088389106
ac2a9eeb-7c2b-580a-86d0-3625e2611bc2,takeout,0,high,3,0.04,0.0,1,14,0.011104971
ac2a9eeb-7c2b-580a-86d0-3625e2611bc2,wedding,0,low,0,0.75,0.0,0,15,0.77268213
ac2a9eeb-7c2b-580a-86d0-3625e2611bc2,wedding,0,low,1,0.19,0.0,0,15,0.1418967
ac2a9eeb-7c2b-580a-86d0-3625e2611bc2,wedding,0,low,2,0.03,0.0,0,15,0.0648113
ac2a9eeb-7c2b-580a-86d0-3625e2611bc2,wedding,0,low,3,0.03,0.0,0,15,0.020609858
acaee114-24f7-55d5-9fd9-39cdb78682ea,apples,50,low,0,0.95,0.5,0,0,0.56864893
acaee114-24f7-55d5-9fd9-39cdb78682ea,apples,50,low,1,0.05,0.5,0,0,0.24850366
acaee114-24f7-55d5-9fd9-39cdb78682ea,apples,50,low,2,0.0,0.5,0,0,0.09509347
acaee114-24f7-55d5-9fd9-39cdb78682ea,apples,50,low,3,0.0,0.5,0,0,0.08775395
acaee114-24f7-55d5-9fd9-39cdb78682ea,basketball,75,low,0,0.72,0.75,0,1,0.42199868
acaee114-24f7-55d5-9fd9-39cdb78682ea,basketball,75,low,1,0.08,0.75,0,1,0.27848366
acaee114-24f7-55d5-9fd9-39cdb78682ea,basketball,75,low,2,0.16,0.75,0,1,0.15602612
acaee114-24f7-55d5-9fd9-39cdb78682ea,basketball,75,low,3,0.04,0.75,0,1,0.1434915
acaee114-24f7-55d5-9fd9-39cdb78682ea,birthday,100,low,0,0.15,1.0,0,2,0.18114941
acaee114-24f7-55d5-9fd9-39cdb78682ea,birthday,100,low,1,0.25,1.0,0,2,0.26089072
acaee114-24f7-55d5-9fd9-39cdb78682ea,birthday,100,low,2,0.3,1.0,0,2,0.30576038
acaee114-24f7-55d5-9fd9-39cdb78682ea,birthday,100,low,3,0.3,1.0,0,2,0.2521995
acaee114-24f7-55d5-9fd9-39cdb78682ea,brunch,100,low,0,0.18,1.0,0,3,0.25663456
acaee114-24f7-55d5-9fd9-39cdb78682ea,brunch,100,low,1,0.43,1.0,0,3,0.21827695
acaee114-24f7-55d5-9fd9-39cdb78682ea,brunch,100,low,2,0.24,1.0,0,3,0.2570134
acaee114-24f7-55d5-9fd9-39cdb78682ea,brunch,100,low,3,0.15,1.0,0,3,0.26807508
acaee114-24f7-55d5-9fd9-39cdb78682ea,cooking,100,high,0,0.0,1.0,1,4,0.08743349
acaee114-24f7-55d5-9fd9-39cdb78682ea,cooking,100,high,1,0.54,1.0,1,4,0.30014092
acaee114-24f7-55d5-9fd9-39cdb78682ea,cooking,100,high,2,0.44,1.0,1,4,0.2935727
acaee114-24f7-55d5-9fd9-39cdb78682ea,cooking,100,high,3,0.02,1.0,1,4,0.3188529
acaee114-24f7-55d5-9fd9-39cdb78682ea,dip,50,high,0,0.16,0.5,1,5,0.1520621
acaee114-24f7-55d5-9fd9-39cdb78682ea,dip,50,high,1,0.59,0.5,1,5,0.5578234
acaee114-24f7-55d5-9fd9-39cdb78682ea,dip,50,high,2,0.2,0.5,1,5,0.22538151
acaee114-24f7-55d5-9fd9-39cdb78682ea,dip,50,high,3,0.05,0.5,1,5,0.06473294
acaee114-24f7-55d5-9fd9-39cdb78682ea,drinks,0,low,0,1.0,0.0,0,6,0.85738873
acaee114-24f7-55d5-9fd9-39cdb78682ea,drinks,0,low,1,0.0,0.0,0,6,0.10405775
acaee114-24f7-55d5-9fd9-39cdb78682ea,drinks,0,low,2,0.0,0.0,0,6,0.027316885
acaee114-24f7-55d5-9fd9-39cdb78682ea,drinks,0,low,3,0.0,0.0,0,6,0.011236587
acaee114-24f7-55d5-9fd9-39cdb78682ea,driving,75,high,0,0.11,0.75,1,7,0.1351035
acaee114-24f7-55d5-9fd9-39cdb78682ea,driving,75,high,1,0.67,0.75,1,7,0.40932438
acaee114-24f7-55d5-9fd9-39cdb78682ea,driving,75,high,2,0.11,0.75,1,7,0.28989655
acaee114-24f7-55d5-9fd9-39cdb78682ea,driving,75,high,3,0.11,0.75,1,7,0.16567567
acaee114-24f7-55d5-9fd9-39cdb78682ea,fair,50,low,0,0.11,0.5,0,8,0.5556539
acaee114-24f7-55d5-9fd9-39cdb78682ea,fair,50,low,1,0.61,0.5,0,8,0.30713385
acaee114-24f7-55d5-9fd9-39cdb78682ea,fair,50,low,2,0.24,0.5,0,8,0.10212145
acaee114-24f7-55d5-9fd9-39cdb78682ea,fair,50,low,3,0.04,0.5,0,8,0.035090752
acaee114-24f7-55d5-9fd9-39cdb78682ea,gala,50,high,0,0.33,0.5,1,9,0.22198972
acaee114-24f7-55d5-9fd9-39cdb78682ea,gala,50,high,1,0.28,0.5,1,9,0.39286163
acaee114-24f7-55d5-9fd9-39cdb78682ea,gala,50,high,2,0.23,0.5,1,9,0.22126077
acaee114-24f7-55d5-9fd9-39cdb78682ea,gala,50,high,3,0.16,0.5,1,9,0.1638879
acaee114-24f7-55d5-9fd9-39cdb78682ea,hike,75,low,0,0.32,0.75,0,10,0.4188641
acaee114-24f7-55d5-9fd9-39cdb78682ea,hike,75,low,1,0.26,0.75,0,10,0.2709454
acaee114-24f7-55d5-9fd9-39cdb78682ea,hike,75,low,2,0.31,0.75,0,10,0.19254148
acaee114-24f7-55d5-9fd9-39cdb78682ea,hike,75,low,3,0.11,0.75,0,10,0.117649004
acaee114-24f7-55d5-9fd9-39cdb78682ea,oysters,0,high,0,0.9,0.0,1,11,0.36713034
acaee114-24f7-55d5-9fd9-39cdb78682ea,oysters,0,high,1,0.1,0.0,1,11,0.251757
acaee114-24f7-55d5-9fd9-39cdb78682ea,oysters,0,high,2,0.0,0.0,1,11,0.32237086
acaee114-24f7-55d5-9fd9-39cdb78682ea,oysters,0,high,3,0.0,0.0,1,11,0.058741804
acaee114-24f7-55d5-9fd9-39cdb78682ea,social,75,high,0,0.06,0.75,1,12,0.26838598
acaee114-24f7-55d5-9fd9-39cdb78682ea,social,75,high,1,0.3,0.75,1,12,0.22903113
acaee114-24f7-55d5-9fd9-39cdb78682ea,social,75,high,2,0.47,0.75,1,12,0.2943885
acaee114-24f7-55d5-9fd9-39cdb78682ea,social,75,high,3,0.17,0.75,1,12,0.20819436
acaee114-24f7-55d5-9fd9-39cdb78682ea,soup,0,high,0,0.67,0.0,1,13,0.3310718
acaee114-24f7-55d5-9fd9-39cdb78682ea,soup,0,high,1,0.33,0.0,1,13,0.5448662
acaee114-24f7-55d5-9fd9-39cdb78682ea,soup,0,high,2,0.0,0.0,1,13,0.08330492
acaee114-24f7-55d5-9fd9-39cdb78682ea,soup,0,high,3,0.0,0.0,1,13,0.040757075
acaee114-24f7-55d5-9fd9-39cdb78682ea,takeout,0,low,0,0.53,0.0,0,14,0.66916895
acaee114-24f7-55d5-9fd9-39cdb78682ea,takeout,0,low,1,0.41,0.0,0,14,0.27415937
acaee114-24f7-55d5-9fd9-39cdb78682ea,takeout,0,low,2,0.06,0.0,0,14,0.048414838
acaee114-24f7-55d5-9fd9-39cdb78682ea,takeout,0,low,3,0.0,0.0,0,14,0.008256775
acaee114-24f7-55d5-9fd9-39cdb78682ea,wedding,100,high,0,0.06,1.0,1,15,0.08925787
acaee114-24f7-55d5-9fd9-39cdb78682ea,wedding,100,high,1,0.36,1.0,1,15,0.2704253
acaee114-24f7-55d5-9fd9-39cdb78682ea,wedding,100,high,2,0.28,1.0,1,15,0.30555892
acaee114-24f7-55d5-9fd9-39cdb78682ea,wedding,100,high,3,0.3,1.0,1,15,0.33475792
b025de8f-24ee-507e-8eb0-d0edce5d2a93,apples,0,high,0,0.48,0.0,1,0,0.42698184
b025de8f-24ee-507e-8eb0-d0edce5d2a93,apples,0,high,1,0.39,0.0,1,0,0.40298706
b025de8f-24ee-507e-8eb0-d0edce5d2a93,apples,0,high,2,0.13,0.0,1,0,0.09085414
b025de8f-24ee-507e-8eb0-d0edce5d2a93,apples,0,high,3,0.0,0.0,1,0,0.079176955
b025de8f-24ee-507e-8eb0-d0edce5d2a93,basketball,75,low,0,0.13,0.75,0,1,0.42199868
b025de8f-24ee-507e-8eb0-d0edce5d2a93,basketball,75,low,1,0.36,0.75,0,1,0.27848366
b025de8f-24ee-507e-8eb0-d0edce5d2a93,basketball,75,low,2,0.3,0.75,0,1,0.15602612
b025de8f-24ee-507e-8eb0-d0edce5d2a93,basketball,75,low,3,0.21,0.75,0,1,0.1434915
b025de8f-24ee-507e-8eb0-d0edce5d2a93,birthday,50,high,0,0.07,0.5,1,2,0.16706371
b025de8f-24ee-507e-8eb0-d0edce5d2a93,birthday,50,high,1,0.54,0.5,1,2,0.5288051
b025de8f-24ee-507e-8eb0-d0edce5d2a93,birthday,50,high,2,0.34,0.5,1,2,0.21500385
b025de8f-24ee-507e-8eb0-d0edce5d2a93,birthday,50,high,3,0.05,0.5,1,2,0.08912745
b025de8f-24ee-507e-8eb0-d0edce5d2a93,brunch,50,high,0,0.32,0.5,1,3,0.26137137
b025de8f-24ee-507e-8eb0-d0edce5d2a93,brunch,50,high,1,0.23,0.5,1,3,0.3238393
b025de8f-24ee-507e-8eb0-d0edce5d2a93,brunch,50,high,2,0.32,0.5,1,3,0.26117304
b025de8f-24ee-507e-8eb0-d0edce5d2a93,brunch,50,high,3,0.13,0.5,1,3,0.15361626
b025de8f-24ee-507e-8eb0-d0edce5d2a93,cooking,100,high,0,0.03,1.0,1,4,0.08743349
b025de8f-24ee-507e-8eb0-d0edce5d2a93,cooking,100,high,1,0.57,1.0,1,4,0.30014092
b025de8f-24ee-507e-8eb0-d0edce5d2a93,cooking,100,high,2,0.39,1.0,1,4,0.2935727
b025de8f-24ee-507e-8eb0-d0edce5d2a93,cooking,100,high,3,0.01,1.0,1,4,0.3188529
b025de8f-24ee-507e-8eb0-d0edce5d2a93,dip,100,low,0,0.53,1.0,0,5,0.571308
b025de8f-24ee-507e-8eb0-d0edce5d2a93,dip,100,low,1,0.46,1.0,0,5,0.15790218
b025de8f-24ee-507e-8eb0-d0edce5d2a93,dip,100,low,2,0.01,1.0,0,5,0.14700009
b025de8f-24ee-507e-8eb0-d0edce5d2a93,dip,100,low,3,0.0,1.0,0,5,0.12378971
b025de8f-24ee-507e-8eb0-d0edce5d2a93,drinks,100,high,0,0.0,1.0,1,6,0.17412922
b025de8f-24ee-507e-8eb0-d0edce5d2a93,drinks,100,high,1,0.3,1.0,1,6,0.28677985
b025de8f-24ee-507e-8eb0-d0edce5d2a93,drinks,100,high,2,0.57,1.0,1,6,0.2700779
b025de8f-24ee-507e-8eb0-d0edce5d2a93,drinks,100,high,3,0.13,1.0,1,6,0.269013
b025de8f-24ee-507e-8eb0-d0edce5d2a93,driving,75,high,0,0.07,0.75,1,7,0.1351035
b025de8f-24ee-507e-8eb0-d0edce5d2a93,driving,75,high,1,0.7,0.75,1,7,0.40932438
b025de8f-24ee-507e-8eb0-d0edce5d2a93,driving,75,high,2,0.17,0.75,1,7,0.28989655
b025de8f-24ee-507e-8eb0-d0edce5d2a93,driving,75,high,3,0.06,0.75,1,7,0.16567567
b025de8f-24ee-507e-8eb0-d0edce5d2a93,fair,50,low,0,0.39,0.5,0,8,0.5556539
b025de8f-24ee-507e-8eb0-d0edce5d2a93,fair,50,low,1,0.53,0.5,0,8,0.30713385
b025de8f-24ee-507e-8eb0-d0edce5d2a93,fair,50,low,2,0.08,0.5,0,8,0.10212145
b025de8f-24ee-507e-8eb0-d0edce5d2a93,fair,50,low,3,0.0,0.5,0,8,0.035090752
b025de8f-24ee-507e-8eb0-d0edce5d2a93,gala,75,high,0,0.07,0.75,1,9,0.15333995
b025de8f-24ee-507e-8eb0-d0edce5d2a93,gala,75,high,1,0.16,0.75,1,9,0.36573878
b025de8f-24ee-507e-8eb0-d0edce5d2a93,gala,75,high,2,0.56,0.75,1,9,0.25414434
b025de8f-24ee-507e-8eb0-d0edce5d2a93,gala,75,high,3,0.21,0.75,1,9,0.22677697
b025de8f-24ee-507e-8eb0-d0edce5d2a93,hike,100,low,0,0.23,1.0,0,10,0.28530428
b025de8f-24ee-507e-8eb0-d0edce5d2a93,hike,100,low,1,0.16,1.0,0,10,0.2372631
b025de8f-24ee-507e-8eb0-d0edce5d2a93,hike,100,low,2,0.29,1.0,0,10,0.26501876
b025de8f-24ee-507e-8eb0-d0edce5d2a93,hike,100,low,3,0.32,1.0,0,10,0.21241388
b025de8f-24ee-507e-8eb0-d0edce5d2a93,oysters,75,low,0,0.58,0.75,0,11,0.4116703
b025de8f-24ee-507e-8eb0-d0edce5d2a93,oysters,75,low,1,0.42,0.75,0,11,0.20713082
b025de8f-24ee-507e-8eb0-d0edce5d2a93,oysters,75,low,2,0.0,0.75,0,11,0.2690045
b025de8f-24ee-507e-8eb0-d0edce5d2a93,oysters,75,low,3,0.0,0.75,0,11,0.112194374
b025de8f-24ee-507e-8eb0-d0edce5d2a93,social,0,high,0,0.41,0.0,1,12,0.65139556
b025de8f-24ee-507e-8eb0-d0edce5d2a93,social,0,high,1,0.56,0.0,1,12,0.08862829
b025de8f-24ee-507e-8eb0-d0edce5d2a93,social,0,high,2,0.03,0.0,1,12,0.1875765
b025de8f-24ee-507e-8eb0-d0edce5d2a93,social,0,high,3,0.0,0.0,1,12,0.07239971
b025de8f-24ee-507e-8eb0-d0edce5d2a93,soup,0,low,0,0.9,0.0,0,13,0.3659461
b025de8f-24ee-507e-8eb0-d0edce5d2a93,soup,0,low,1,0.08,0.0,0,13,0.5230372
b025de8f-24ee-507e-8eb0-d0edce5d2a93,soup,0,low,2,0.02,0.0,0,13,0.075403504
b025de8f-24ee-507e-8eb0-d0edce5d2a93,soup,0,low,3,0.0,0.0,0,13,0.035613187
b025de8f-24ee-507e-8eb0-d0edce5d2a93,takeout,50,low,0,0.33,0.5,0,14,0.56748694
b025de8f-24ee-507e-8eb0-d0edce5d2a93,takeout,50,low,1,0.57,0.5,0,14,0.30020222
b025de8f-24ee-507e-8eb0-d0edce5d2a93,takeout,50,low,2,0.1,0.5,0,14,0.10843349
b025de8f-24ee-507e-8eb0-d0edce5d2a93,takeout,50,low,3,0.0,0.5,0,14,0.023877341
b025de8f-24ee-507e-8eb0-d0edce5d2a93,wedding,0,low,0,0.98,0.0,0,15,0.77268213
b025de8f-24ee-507e-8eb0-d0edce5d2a93,wedding,0,low,1,0.01,0.0,0,15,0.1418967
b025de8f-24ee-507e-8eb0-d0edce5d2a93,wedding,0,low,2,0.01,0.0,0,15,0.0648113
b025de8f-24ee-507e-8eb0-d0edce5d2a93,wedding,0,low,3,0.0,0.0,0,15,0.020609858
b32c69d5-c745-56a6-a216-c9a8d12cf20b,apples,0,low,0,0.96,0.0,0,0,0.7356681
b32c69d5-c745-56a6-a216-c9a8d12cf20b,apples,0,low,1,0.04,0.0,0,0,0.1928364
b32c69d5-c745-56a6-a216-c9a8d12cf20b,apples,0,low,2,0.0,0.0,0,0,0.038202766
b32c69d5-c745-56a6-a216-c9a8d12cf20b,apples,0,low,3,0.0,0.0,0,0,0.033292685
b32c69d5-c745-56a6-a216-c9a8d12cf20b,basketball,100,low,0,0.0,1.0,0,1,0.27969223
b32c69d5-c745-56a6-a216-c9a8d12cf20b,basketball,100,low,1,0.14,1.0,0,1,0.20069663
b32c69d5-c745-56a6-a216-c9a8d12cf20b,basketball,100,low,2,0.05,1.0,0,1,0.25980562
b32c69d5-c745-56a6-a216-c9a8d12cf20b,basketball,100,low,3,0.81,1.0,0,1,0.25980556
b32c69d5-c745-56a6-a216-c9a8d12cf20b,birthday,50,low,0,0.72,0.5,0,2,0.29914954
b32c69d5-c745-56a6-a216-c9a8d12cf20b,birthday,50,low,1,0.28,0.5,0,2,0.43083405
b32c69d5-c745-56a6-a216-c9a8d12cf20b,birthday,50,low,2,0.0,0.5,0,2,0.18929946
b32c69d5-c745-56a6-a216-c9a8d12cf20b,birthday,50,low,3,0.0,0.5,0,2,0.08071703
b32c69d5-c745-56a6-a216-c9a8d12cf20b,brunch,50,low,0,0.61,0.5,0,3,0.27989364
b32c69d5-c745-56a6-a216-c9a8d12cf20b,brunch,50,low,1,0.12,0.5,0,3,0.3171549
b32c69d5-c745-56a6-a216-c9a8d12cf20b,brunch,50,low,2,0.22,0.5,0,3,0.2594152
b32c69d5-c745-56a6-a216-c9a8d12cf20b,brunch,50,low,3,0.05,0.5,0,3,0.14353625
b32c69d5-c745-56a6-a216-c9a8d12cf20b,cooking,75,low,0,0.87,0.75,0,4,0.6957702
b32c69d5-c745-56a6-a216-c9a8d12cf20b,cooking,75,low,1,0.13,0.75,0,4,0.14309031
b32c69d5-c745-56a6-a216-c9a8d12cf20b,cooking,75,low,2,0.0,0.75,0,4,0.093604214
b32c69d5-c745-56a6-a216-c9a8d12cf20b,cooking,75,low,3,0.0,0.75,0,4,0.06753522
b32c69d5-c745-56a6-a216-c9a8d12cf20b,dip,100,low,0,1.0,1.0,0,5,0.571308
b32c69d5-c745-56a6-a216-c9a8d12cf20b,dip,100,low,1,0.0,1.0,0,5,0.15790218
b32c69d5-c745-56a6-a216-c9a8d12cf20b,dip,100,low,2,0.0,1.0,0,5,0.14700009
b32c69d5-c745-56a6-a216-c9a8d12cf20b,dip,100,low,3,0.0,1.0,0,5,0.12378971
b32c69d5-c745-56a6-a216-c9a8d12cf20b,drinks,50,high,0,0.66,0.5,1,6,0.35946196
b32c69d5-c745-56a6-a216-c9a8d12cf20b,drinks,50,high,1,0.3,0.5,1,6,0.3741043
b32c69d5-c745-56a6-a216-c9a8d12cf20b,drinks,50,high,2,0.04,0.5,1,6,0.167113
b32c69d5-c745-56a6-a216-c9a8d12cf20b,drinks,50,high,3,0.0,0.5,1,6,0.09932076
b32c69d5-c745-56a6-a216-c9a8d12cf20b,driving,75,high,0,0.02,0.75,1,7,0.1351035
b32c69d5-c745-56a6-a216-c9a8d12cf20b,driving,75,high,1,0.54,0.75,1,7,0.40932438
b32c69d5-c745-56a6-a216-c9a8d12cf20b,driving,75,high,2,0.09,0.75,1,7,0.28989655
b32c69d5-c745-56a6-a216-c9a8d12cf20b,driving,75,high,3,0.35,0.75,1,7,0.16567567
b32c69d5-c745-56a6-a216-c9a8d12cf20b,fair,75,low,0,0.0,0.75,0,8,0.49065667
b32c69d5-c745-56a6-a216-c9a8d12cf20b,fair,75,low,1,0.89,0.75,0,8,0.28788748
b32c69d5-c745-56a6-a216-c9a8d12cf20b,fair,75,low,2,0.11,0.75,0,8,0.15803565
b32c69d5-c745-56a6-a216-c9a8d12cf20b,fair,75,low,3,0.0,0.75,0,8,0.06342018
b32c69d5-c745-56a6-a216-c9a8d12cf20b,gala,0,low,0,1.0,0.0,0,9,0.8866782
b32c69d5-c745-56a6-a216-c9a8d12cf20b,gala,0,low,1,0.0,0.0,0,9,0.07345924
b32c69d5-c745-56a6-a216-c9a8d12cf20b,gala,0,low,2,0.0,0.0,0,9,0.028000446
b32c69d5-c745-56a6-a216-c9a8d12cf20b,gala,0,low,3,0.0,0.0,0,9,0.011862111
b32c69d5-c745-56a6-a216-c9a8d12cf20b,hike,50,high,0,0.02,0.5,1,10,0.22081594
b32c69d5-c745-56a6-a216-c9a8d12cf20b,hike,50,high,1,0.96,0.5,1,10,0.48932368
b32c69d5-c745-56a6-a216-c9a8d12cf20b,hike,50,high,2,0.01,0.5,1,10,0.17706409
b32c69d5-c745-56a6-a216-c9a8d12cf20b,hike,50,high,3,0.01,0.5,1,10,0.11279631
b32c69d5-c745-56a6-a216-c9a8d12cf20b,oysters,100,high,0,0.0,1.0,1,11,0.10516431
b32c69d5-c745-56a6-a216-c9a8d12cf20b,oysters,100,high,1,0.41,1.0,1,11,0.31489423
b32c69d5-c745-56a6-a216-c9a8d12cf20b,oysters,100,high,2,0.34,1.0,1,11,0.25911844
b32c69d5-c745-56a6-a216-c9a8d12cf20b,oysters,100,high,3,0.25,1.0,1,11,0.32082298
b32c69d5-c745-56a6-a216-c9a8d12cf20b,social,0,high,0,0.97,0.0,1,12,0.65139556
b32c69d5-c745-56a6-a216-c9a8d12cf20b,social,0,high,1,0.03,0.0,1,12,0.08862829
b32c69d5-c745-56a6-a216-c9a8d12cf20b,social,0,high,2,0.0,0.0,1,12,0.1875765
b32c69d5-c745-56a6-a216-c9a8d12cf20b,social,0,high,3,0.0,0.0,1,12,0.07239971
b32c69d5-c745-56a6-a216-c9a8d12cf20b,soup,75,high,0,0.08,0.75,1,13,0.22527981
b32c69d5-c745-56a6-a216-c9a8d12cf20b,soup,75,high,1,0.56,0.75,1,13,0.3707575
b32c69d5-c745-56a6-a216-c9a8d12cf20b,soup,75,high,2,0.0,0.75,1,13,0.21040073
b32c69d5-c745-56a6-a216-c9a8d12cf20b,soup,75,high,3,0.36,0.75,1,13,0.19356199
b32c69d5-c745-56a6-a216-c9a8d12cf20b,takeout,0,high,0,0.06,0.0,1,14,0.39998376
b32c69d5-c745-56a6-a216-c9a8d12cf20b,takeout,0,high,1,0.94,0.0,1,14,0.5005222
b32c69d5-c745-56a6-a216-c9a8d12cf20b,takeout,0,high,2,0.0,0.0,1,14,0.088389106
b32c69d5-c745-56a6-a216-c9a8d12cf20b,takeout,0,high,3,0.0,0.0,1,14,0.011104971
b32c69d5-c745-56a6-a216-c9a8d12cf20b,wedding,100,high,0,0.0,1.0,1,15,0.08925787
b32c69d5-c745-56a6-a216-c9a8d12cf20b,wedding,100,high,1,0.0,1.0,1,15,0.2704253
b32c69d5-c745-56a6-a216-c9a8d12cf20b,wedding,100,high,2,0.5,1.0,1,15,0.30555892
b32c69d5-c745-56a6-a216-c9a8d12cf20b,wedding,100,high,3,0.5,1.0,1,15,0.33475792
b3345a52-1ed7-5396-8a1c-ff1b40efd620,apples,75,low,0,0.85,0.75,0,0,0.447258
b3345a52-1ed7-5396-8a1c-ff1b40efd620,apples,75,low,1,0.08,0.75,0,0,0.26342416
b3345a52-1ed7-5396-8a1c-ff1b40efd620,apples,75,low,2,0.06,0.75,0,0,0.14805049
b3345a52-1ed7-5396-8a1c-ff1b40efd620,apples,75,low,3,0.01,0.75,0,0,0.1412674
b3345a52-1ed7-5396-8a1c-ff1b40efd620,basketball,100,low,0,0.57,1.0,0,1,0.27969223
b3345a52-1ed7-5396-8a1c-ff1b40efd620,basketball,100,low,1,0.27,1.0,0,1,0.20069663
b3345a52-1ed7-5396-8a1c-ff1b40efd620,basketball,100,low,2,0.08,1.0,0,1,0.25980562
b3345a52-1ed7-5396-8a1c-ff1b40efd620,basketball,100,low,3,0.08,1.0,0,1,0.25980556
b3345a52-1ed7-5396-8a1c-ff1b40efd620,birthday,0,low,0,0.65,0.0,0,2,0.3523034
b3345a52-1ed7-5396-8a1c-ff1b40efd620,birthday,0,low,1,0.35,0.0,0,2,0.507386
b3345a52-1ed7-5396-8a1c-ff1b40efd620,birthday,0,low,2,0.0,0.0,0,2,0.110791706
b3345a52-1ed7-5396-8a1c-ff1b40efd620,birthday,0,low,3,0.0,0.0,0,2,0.029518887
b3345a52-1ed7-5396-8a1c-ff1b40efd620,brunch,0,low,0,0.52,0.0,0,3,0.2796343
b3345a52-1ed7-5396-8a1c-ff1b40efd620,brunch,0,low,1,0.16,0.0,0,3,0.38874203
b3345a52-1ed7-5396-8a1c-ff1b40efd620,brunch,0,low,2,0.16,0.0,0,3,0.24525556
b3345a52-1ed7-5396-8a1c-ff1b40efd620,brunch,0,low,3,0.16,0.0,0,3,0.086368114
b3345a52-1ed7-5396-8a1c-ff1b40efd620,cooking,0,high,0,0.06,0.0,1,4,0.32258898
b3345a52-1ed7-5396-8a1c-ff1b40efd620,cooking,0,high,1,0.68,0.0,1,4,0.41451508
b3345a52-1ed7-5396-8a1c-ff1b40efd620,cooking,0,high,2,0.13,0.0,1,4,0.17586832
b3345a52-1ed7-5396-8a1c-ff1b40efd620,cooking,0,high,3,0.13,0.0,1,4,0.08702758
b3345a52-1ed7-5396-8a1c-ff1b40efd620,dip,75,high,0,0.0,0.75,1,5,0.13296467
b3345a52-1ed7-5396-8a1c-ff1b40efd620,dip,75,high,1,0.86,0.75,1,5,0.4877666
b3345a52-1ed7-5396-8a1c-ff1b40efd620,dip,75,high,2,0.08,0.75,1,5,0.26560885
b3345a52-1ed7-5396-8a1c-ff1b40efd620,dip,75,high,3,0.06,0.75,1,5,0.11365985
b3345a52-1ed7-5396-8a1c-ff1b40efd620,drinks,50,low,0,0.4,0.5,0,6,0.7762677
b3345a52-1ed7-5396-8a1c-ff1b40efd620,drinks,50,low,1,0.26,0.5,0,6,0.13067015
b3345a52-1ed7-5396-8a1c-ff1b40efd620,drinks,50,low,2,0.17,0.5,0,6,0.05837057
b3345a52-1ed7-5396-8a1c-ff1b40efd620,drinks,50,low,3,0.17,0.5,0,6,0.034691554
b3345a52-1ed7-5396-8a1c-ff1b40efd620,driving,100,high,0,0.33,1.0,1,7,0.09397328
b3345a52-1ed7-5396-8a1c-ff1b40efd620,driving,100,high,1,0.11,1.0,1,7,0.28471178
b3345a52-1ed7-5396-8a1c-ff1b40efd620,driving,100,high,2,0.36,1.0,1,7,0.3065041
b3345a52-1ed7-5396-8a1c-ff1b40efd620,driving,100,high,3,0.2,1.0,1,7,0.31481075
b3345a52-1ed7-5396-8a1c-ff1b40efd620,fair,75,low,0,0.07,0.75,0,8,0.49065667
b3345a52-1ed7-5396-8a1c-ff1b40efd620,fair,75,low,1,0.32,0.75,0,8,0.28788748
b3345a52-1ed7-5396-8a1c-ff1b40efd620,fair,75,low,2,0.32,0.75,0,8,0.15803565
b3345a52-1ed7-5396-8a1c-ff1b40efd620,fair,75,low,3,0.29,0.75,0,8,0.06342018
b3345a52-1ed7-5396-8a1c-ff1b40efd620,gala,75,high,0,0.0,0.75,1,9,0.15333995
b3345a52-1ed7-5396-8a1c-ff1b40efd620,gala,75,high,1,0.12,0.75,1,9,0.36573878
b3345a52-1ed7-5396-8a1c-ff1b40efd620,gala,75,high,2,0.42,0.75,1,9,0.25414434
b3345a52-1ed7-5396-8a1c-ff1b40efd620,gala,75,high,3,0.46,0.75,1,9,0.22677697
b3345a52-1ed7-5396-8a1c-ff1b40efd620,hike,100,low,0,0.52,1.0,0,10,0.28530428
b3345a52-1ed7-5396-8a1c-ff1b40efd620,hike,100,low,1,0.16,1.0,0,10,0.2372631
b3345a52-1ed7-5396-8a1c-ff1b40efd620,hike,100,low,2,0.16,1.0,0,10,0.26501876
b3345a52-1ed7-5396-8a1c-ff1b40efd620,hike,100,low,3,0.16,1.0,0,10,0.21241388
b3345a52-1ed7-5396-8a1c-ff1b40efd620,oysters,50,high,0,0.28,0.5,1,11,0.24033377
b3345a52-1ed7-5396-8a1c-ff1b40efd620,oysters,50,high,1,0.44,0.5,1,11,0.30433637
b3345a52-1ed7-5396-8a1c-ff1b40efd620,oysters,50,high,2,0.14,0.5,1,11,0.32420126
b3345a52-1ed7-5396-8a1c-ff1b40efd620,oysters,50,high,3,0.14,0.5,1,11,0.1311286
b3345a52-1ed7-5396-8a1c-ff1b40efd620,social,100,high,0,0.0,1.0,1,12,0.13305385
b3345a52-1ed7-5396-8a1c-ff1b40efd620,social,100,high,1,0.23,1.0,1,12,0.29350144
b3345a52-1ed7-5396-8a1c-ff1b40efd620,social,100,high,2,0.31,1.0,1,12,0.29148328
b3345a52-1ed7-5396-8a1c-ff1b40efd620,social,100,high,3,0.46,1.0,1,12,0.28196135
b3345a52-1ed7-5396-8a1c-ff1b40efd620,soup,50,high,0,0.18,0.5,1,13,0.2746141
b3345a52-1ed7-5396-8a1c-ff1b40efd620,soup,50,high,1,0.13,0.5,1,13,0.4519501
b3345a52-1ed7-5396-8a1c-ff1b40efd620,soup,50,high,2,0.35,0.5,1,13,0.15815441
b3345a52-1ed7-5396-8a1c-ff1b40efd620,soup,50,high,3,0.34,0.5,1,13,0.11528138
b3345a52-1ed7-5396-8a1c-ff1b40efd620,takeout,50,low,0,0.55,0.5,0,14,0.56748694
b3345a52-1ed7-5396-8a1c-ff1b40efd620,takeout,50,low,1,0.32,0.5,0,14,0.30020222
b3345a52-1ed7-5396-8a1c-ff1b40efd620,takeout,50,low,2,0.06,0.5,0,14,0.10843349
b3345a52-1ed7-5396-8a1c-ff1b40efd620,takeout,50,low,3,0.07,0.5,0,14,0.023877341
b3345a52-1ed7-5396-8a1c-ff1b40efd620,wedding,0,high,0,0.21,0.0,1,15,0.3970557
b3345a52-1ed7-5396-8a1c-ff1b40efd620,wedding,0,high,1,0.28,0.0,1,15,0.35221374
b3345a52-1ed7-5396-8a1c-ff1b40efd620,wedding,0,high,2,0.41,0.0,1,15,0.17262787
b3345a52-1ed7-5396-8a1c-ff1b40efd620,wedding,0,high,3,0.1,0.0,1,15,0.07810264
b3a6a5a1-94c3-57ed-a1dd-5dfc2b81721d,apples,75,high,0,0.0,0.75,1,0,0.17327306
b3a6a5a1-94c3-57ed-a1dd-5dfc2b81721d,apples,75,high,1,0.0,0.75,1,0,0.36745417
b3a6a5a1-94c3-57ed-a1dd-5dfc2b81721d,apples,75,high,2,0.73,0.75,1,0,0.23502025
b3a6a5a1-94c3-57ed-a1dd-5dfc2b81721d,apples,75,high,3,0.27,0.75,1,0,0.22425258
b3a6a5a1-94c3-57ed-a1dd-5dfc2b81721d,basketball,0,high,0,1.0,0.0,1,1,0.34058285
b3a6a5a1-94c3-57ed-a1dd-5dfc2b81721d,basketball,0,high,1,0.0,0.0,1,1,0.5505353
b3a6a5a1-94c3-57ed-a1dd-5dfc2b81721d,basketball,0,high,2,0.0,0.0,1,1,0.061094463
b3a6a5a1-94c3-57ed-a1dd-5dfc2b81721d,basketball,0,high,3,0.0,0.0,1,1,0.047787316
b3a6a5a1-94c3-57ed-a1dd-5dfc2b81721d,birthday,75,high,0,0.0,0.75,1,2,0.13972035
b3a6a5a1-94c3-57ed-a1dd-5dfc2b81721d,birthday,75,high,1,0.5,0.75,1,2,0.44225538
b3a6a5a1-94c3-57ed-a1dd-5dfc2b81721d,birthday,75,high,2,0.5,0.75,1,2,0.270476
b3a6a5a1-94c3-57ed-a1dd-5dfc2b81721d,birthday,75,high,3,0.0,0.75,1,2,0.14754832
b3a6a5a1-94c3-57ed-a1dd-5dfc2b81721d,brunch,50,high,0,0.0,0.5,1,3,0.26137137
b3a6a5a1-94c3-57ed-a1dd-5dfc2b81721d,brunch,50,high,1,0.5,0.5,1,3,0.3238393
b3a6a5a1-94c3-57ed-a1dd-5dfc2b81721d,brunch,50,high,2,0.5,0.5,1,3,0.26117304
b3a6a5a1-94c3-57ed-a1dd-5dfc2b81721d,brunch,50,high,3,0.0,0.5,1,3,0.15361626
b3a6a5a1-94c3-57ed-a1dd-5dfc2b81721d,cooking,0,high,0,0.0,0.0,1,4,0.32258898
b3a6a5a1-94c3-57ed-a1dd-5dfc2b81721d,cooking,0,high,1,1.0,0.0,1,4,0.41451508
b3a6a5a1-94c3-57ed-a1dd-5dfc2b81721d,cooking,0,high,2,0.0,0.0,1,4,0.17586832
b3a6a5a1-94c3-57ed-a1dd-5dfc2b81721d,cooking,0,high,3,0.0,0.0,1,4,0.08702758
b3a6a5a1-94c3-57ed-a1dd-5dfc2b81721d,dip,100,low,0,1.0,1.0,0,5,0.571308
b3a6a5a1-94c3-57ed-a1dd-5dfc2b81721d,dip,100,low,1,0.0,1.0,0,5,0.15790218
b3a6a5a1-94c3-57ed-a1dd-5dfc2b81721d,dip,100,low,2,0.0,1.0,0,5,0.14700009
b3a6a5a1-94c3-57ed-a1dd-5dfc2b81721d,dip,100,low,3,0.0,1.0,0,5,0.12378971
b3a6a5a1-94c3-57ed-a1dd-5dfc2b81721d,drinks,75,low,0,1.0,0.75,0,6,0.7045375
b3a6a5a1-94c3-57ed-a1dd-5dfc2b81721d,drinks,75,low,1,0.0,0.75,0,6,0.1435551
b3a6a5a1-94c3-57ed-a1dd-5dfc2b81721d,drinks,75,low,2,0.0,0.75,0,6,0.08746405
b3a6a5a1-94c3-57ed-a1dd-5dfc2b81721d,drinks,75,low,3,0.0,0.75,0,6,0.06444328
b3a6a5a1-94c3-57ed-a1dd-5dfc2b81721d,driving,100,high,0,0.0,1.0,1,7,0.09397328
b3a6a5a1-94c3-57ed-a1dd-5dfc2b81721d,driving,100,high,1,0.0,1.0,1,7,0.28471178
b3a6a5a1-94c3-57ed-a1dd-5dfc2b81721d,driving,100,high,2,0.0,1.0,1,7,0.3065041
b3a6a5a1-94c3-57ed-a1dd-5dfc2b81721d,driving,100,high,3,1.0,1.0,1,7,0.31481075
b3a6a5a1-94c3-57ed-a1dd-5dfc2b81721d,fair,50,high,0,0.23,0.5,1,8,0.24886383
b3a6a5a1-94c3-57ed-a1dd-5dfc2b81721d,fair,50,high,1,0.58,0.5,1,8,0.45617265
b3a6a5a1-94c3-57ed-a1dd-5dfc2b81721d,fair,50,high,2,0.19,0.5,1,8,0.17059332
b3a6a5a1-94c3-57ed-a1dd-5dfc2b81721d,fair,50,high,3,0.0,0.5,1,8,0.124370255
b3a6a5a1-94c3-57ed-a1dd-5dfc2b81721d,gala,50,low,0,1.0,0.5,0,9,0.79520184
b3a6a5a1-94c3-57ed-a1dd-5dfc2b81721d,gala,50,low,1,0.0,0.5,0,9,0.10983461
b3a6a5a1-94c3-57ed-a1dd-5dfc2b81721d,gala,50,low,2,0.0,0.5,0,9,0.059997436
b3a6a5a1-94c3-57ed-a1dd-5dfc2b81721d,gala,50,low,3,0.0,0.5,0,9,0.034966037
b3a6a5a1-94c3-57ed-a1dd-5dfc2b81721d,hike,75,low,0,0.46,0.75,0,10,0.4188641
b3a6a5a1-94c3-57ed-a1dd-5dfc2b81721d,hike,75,low,1,0.0,0.75,0,10,0.2709454
b3a6a5a1-94c3-57ed-a1dd-5dfc2b81721d,hike,75,low,2,0.32,0.75,0,10,0.19254148
b3a6a5a1-94c3-57ed-a1dd-5dfc2b81721d,hike,75,low,3,0.22,0.75,0,10,0.117649004
b3a6a5a1-94c3-57ed-a1dd-5dfc2b81721d,oysters,100,low,0,0.47,1.0,0,11,0.28530428
b3a6a5a1-94c3-57ed-a1dd-5dfc2b81721d,oysters,100,low,1,0.27,1.0,0,11,0.237263
b3a6a5a1-94c3-57ed-a1dd-5dfc2b81721d,oysters,100,low,2,0.26,1.0,0,11,0.2650189
b3a6a5a1-94c3-57ed-a1dd-5dfc2b81721d,oysters,100,low,3,0.0,1.0,0,11,0.21241386
b3a6a5a1-94c3-57ed-a1dd-5dfc2b81721d,social,50,low,0,1.0,0.5,0,12,0.6326194
b3a6a5a1-94c3-57ed-a1dd-5dfc2b81721d,social,50,low,1,0.0,0.5,0,12,0.10343386
b3a6a5a1-94c3-57ed-a1dd-5dfc2b81721d,social,50,low,2,0.0,0.5,0,12,0.17970979
b3a6a5a1-94c3-57ed-a1dd-5dfc2b81721d,social,50,low,3,0.0,0.5,0,12,0.08423695
b3a6a5a1-94c3-57ed-a1dd-5dfc2b81721d,soup,0,low,0,1.0,0.0,0,13,0.3659461
b3a6a5a1-94c3-57ed-a1dd-5dfc2b81721d,soup,0,low,1,0.0,0.0,0,13,0.5230372
b3a6a5a1-94c3-57ed-a1dd-5dfc2b81721d,soup,0,low,2,0.0,0.0,0,13,0.075403504
b3a6a5a1-94c3-57ed-a1dd-5dfc2b81721d,soup,0,low,3,0.0,0.0,0,13,0.035613187
b3a6a5a1-94c3-57ed-a1dd-5dfc2b81721d,takeout,100,high,0,0.0,1.0,1,14,0.16335048
b3a6a5a1-94c3-57ed-a1dd-5dfc2b81721d,takeout,100,high,1,0.0,1.0,1,14,0.37776726
b3a6a5a1-94c3-57ed-a1dd-5dfc2b81721d,takeout,100,high,2,0.85,1.0,1,14,0.37241223
b3a6a5a1-94c3-57ed-a1dd-5dfc2b81721d,takeout,100,high,3,0.15,1.0,1,14,0.086470015
b3a6a5a1-94c3-57ed-a1dd-5dfc2b81721d,wedding,0,low,0,1.0,0.0,0,15,0.77268213
b3a6a5a1-94c3-57ed-a1dd-5dfc2b81721d,wedding,0,low,1,0.0,0.0,0,15,0.1418967
b3a6a5a1-94c3-57ed-a1dd-5dfc2b81721d,wedding,0,low,2,0.0,0.0,0,15,0.0648113
b3a6a5a1-94c3-57ed-a1dd-5dfc2b81721d,wedding,0,low,3,0.0,0.0,0,15,0.020609858
b41f3afe-3204-5a7e-8c41-de4fbfa6bc4e,apples,100,low,0,0.37,1.0,0,0,0.2761688
b41f3afe-3204-5a7e-8c41-de4fbfa6bc4e,apples,100,low,1,0.12,1.0,0,0,0.247245
b41f3afe-3204-5a7e-8c41-de4fbfa6bc4e,apples,100,low,2,0.14,1.0,0,0,0.23829313
b41f3afe-3204-5a7e-8c41-de4fbfa6bc4e,apples,100,low,3,0.37,1.0,0,0,0.23829311
b41f3afe-3204-5a7e-8c41-de4fbfa6bc4e,basketball,0,low,0,0.0,0.0,0,1,0.59798855
b41f3afe-3204-5a7e-8c41-de4fbfa6bc4e,basketball,0,low,1,0.0,0.0,0,1,0.33563203
b41f3afe-3204-5a7e-8c41-de4fbfa6bc4e,basketball,0,low,2,0.0,0.0,0,1,0.03724604
b41f3afe-3204-5a7e-8c41-de4fbfa6bc4e,basketball,0,low,3,1.0,0.0,0,1,0.02913338
b41f3afe-3204-5a7e-8c41-de4fbfa6bc4e,birthday,0,low,0,0.07,0.0,0,2,0.3523034
b41f3afe-3204-5a7e-8c41-de4fbfa6bc4e,birthday,0,low,1,0.85,0.0,0,2,0.507386
b41f3afe-3204-5a7e-8c41-de4fbfa6bc4e,birthday,0,low,2,0.08,0.0,0,2,0.110791706
b41f3afe-3204-5a7e-8c41-de4fbfa6bc4e,birthday,0,low,3,0.0,0.0,0,2,0.029518887
b41f3afe-3204-5a7e-8c41-de4fbfa6bc4e,brunch,75,high,0,0.0,0.75,1,3,0.2549862
b41f3afe-3204-5a7e-8c41-de4fbfa6bc4e,brunch,75,high,1,0.33,0.75,1,3,0.28037846
b41f3afe-3204-5a7e-8c41-de4fbfa6bc4e,brunch,75,high,2,0.33,0.75,1,3,0.2631387
b41f3afe-3204-5a7e-8c41-de4fbfa6bc4e,brunch,75,high,3,0.34,0.75,1,3,0.20149668
b41f3afe-3204-5a7e-8c41-de4fbfa6bc4e,cooking,0,high,0,0.0,0.0,1,4,0.32258898
b41f3afe-3204-5a7e-8c41-de4fbfa6bc4e,cooking,0,high,1,1.0,0.0,1,4,0.41451508
b41f3afe-3204-5a7e-8c41-de4fbfa6bc4e,cooking,0,high,2,0.0,0.0,1,4,0.17586832
b41f3afe-3204-5a7e-8c41-de4fbfa6bc4e,cooking,0,high,3,0.0,0.0,1,4,0.08702758
b41f3afe-3204-5a7e-8c41-de4fbfa6bc4e,dip,75,low,0,0.6,0.75,0,5,0.65482223
b41f3afe-3204-5a7e-8c41-de4fbfa6bc4e,dip,75,low,1,0.12,0.75,0,5,0.18098444
b41f3afe-3204-5a7e-8c41-de4fbfa6bc4e,dip,75,low,2,0.27,0.75,0,5,0.110844776
b41f3afe-3204-5a7e-8c41-de4fbfa6bc4e,dip,75,low,3,0.01,0.75,0,5,0.05334865
b41f3afe-3204-5a7e-8c41-de4fbfa6bc4e,drinks,100,high,0,0.0,1.0,1,6,0.17412922
b41f3afe-3204-5a7e-8c41-de4fbfa6bc4e,drinks,100,high,1,0.0,1.0,1,6,0.28677985
b41f3afe-3204-5a7e-8c41-de4fbfa6bc4e,drinks,100,high,2,0.0,1.0,1,6,0.2700779
b41f3afe-3204-5a7e-8c41-de4fbfa6bc4e,drinks,100,high,3,1.0,1.0,1,6,0.269013
b41f3afe-3204-5a7e-8c41-de4fbfa6bc4e,driving,100,low,0,0.0,1.0,0,7,0.28515202
b41f3afe-3204-5a7e-8c41-de4fbfa6bc4e,driving,100,low,1,0.4,1.0,0,7,0.23713657
b41f3afe-3204-5a7e-8c41-de4fbfa6bc4e,driving,100,low,2,0.0,1.0,0,7,0.25528738
b41f3afe-3204-5a7e-8c41-de4fbfa6bc4e,driving,100,low,3,0.6,1.0,0,7,0.22242402
b41f3afe-3204-5a7e-8c41-de4fbfa6bc4e,fair,50,high,0,0.0,0.5,1,8,0.24886383
b41f3afe-3204-5a7e-8c41-de4fbfa6bc4e,fair,50,high,1,0.0,0.5,1,8,0.45617265
b41f3afe-3204-5a7e-8c41-de4fbfa6bc4e,fair,50,high,2,0.55,0.5,1,8,0.17059332
b41f3afe-3204-5a7e-8c41-de4fbfa6bc4e,fair,50,high,3,0.45,0.5,1,8,0.124370255
b41f3afe-3204-5a7e-8c41-de4fbfa6bc4e,gala,75,high,0,0.22,0.75,1,9,0.15333995
b41f3afe-3204-5a7e-8c41-de4fbfa6bc4e,gala,75,high,1,0.1,0.75,1,9,0.36573878
b41f3afe-3204-5a7e-8c41-de4fbfa6bc4e,gala,75,high,2,0.15,0.75,1,9,0.25414434
b41f3afe-3204-5a7e-8c41-de4fbfa6bc4e,gala,75,high,3,0.53,0.75,1,9,0.22677697
b41f3afe-3204-5a7e-8c41-de4fbfa6bc4e,hike,50,low,0,0.49,0.5,0,10,0.51034856
b41f3afe-3204-5a7e-8c41-de4fbfa6bc4e,hike,50,low,1,0.14,0.5,0,10,0.27600068
b41f3afe-3204-5a7e-8c41-de4fbfa6bc4e,hike,50,low,2,0.37,0.5,0,10,0.1420938
b41f3afe-3204-5a7e-8c41-de4fbfa6bc4e,hike,50,low,3,0.0,0.5,0,10,0.07155705
b41f3afe-3204-5a7e-8c41-de4fbfa6bc4e,oysters,100,high,0,0.0,1.0,1,11,0.10516431
b41f3afe-3204-5a7e-8c41-de4fbfa6bc4e,oysters,100,high,1,0.72,1.0,1,11,0.31489423
b41f3afe-3204-5a7e-8c41-de4fbfa6bc4e,oysters,100,high,2,0.0,1.0,1,11,0.25911844
b41f3afe-3204-5a7e-8c41-de4fbfa6bc4e,oysters,100,high,3,0.28,1.0,1,11,0.32082298
b41f3afe-3204-5a7e-8c41-de4fbfa6bc4e,social,0,high,0,0.33,0.0,1,12,0.65139556
b41f3afe-3204-5a7e-8c41-de4fbfa6bc4e,social,0,high,1,0.67,0.0,1,12,0.08862829
b41f3afe-3204-5a7e-8c41-de4fbfa6bc4e,social,0,high,2,0.0,0.0,1,12,0.1875765
b41f3afe-3204-5a7e-8c41-de4fbfa6bc4e,social,0,high,3,0.0,0.0,1,12,0.07239971
b41f3afe-3204-5a7e-8c41-de4fbfa6bc4e,soup,50,high,0,0.52,0.5,1,13,0.2746141
b41f3afe-3204-5a7e-8c41-de4fbfa6bc4e,soup,50,high,1,0.34,0.5,1,13,0.4519501
b41f3afe-3204-5a7e-8c41-de4fbfa6bc4e,soup,50,high,2,0.0,0.5,1,13,0.15815441
b41f3afe-3204-5a7e-8c41-de4fbfa6bc4e,soup,50,high,3,0.14,0.5,1,13,0.11528138
b41f3afe-3204-5a7e-8c41-de4fbfa6bc4e,takeout,75,low,0,0.28,0.75,0,14,0.4908885
b41f3afe-3204-5a7e-8c41-de4fbfa6bc4e,takeout,75,low,1,0.48,0.75,0,14,0.3014709
b41f3afe-3204-5a7e-8c41-de4fbfa6bc4e,takeout,75,low,2,0.12,0.75,0,14,0.16536646
b41f3afe-3204-5a7e-8c41-de4fbfa6bc4e,takeout,75,low,3,0.12,0.75,0,14,0.042274114
b41f3afe-3204-5a7e-8c41-de4fbfa6bc4e,wedding,50,low,0,1.0,0.5,0,15,0.62692803
b41f3afe-3204-5a7e-8c41-de4fbfa6bc4e,wedding,50,low,1,0.0,0.5,0,15,0.19194227
b41f3afe-3204-5a7e-8c41-de4fbfa6bc4e,wedding,50,low,2,0.0,0.5,0,15,0.124107055
b41f3afe-3204-5a7e-8c41-de4fbfa6bc4e,wedding,50,low,3,0.0,0.5,0,15,0.057022646
b92bcd3b-cdee-5f9d-be3d-8b06fe63d94e,apples,75,high,0,0.04,0.75,1,0,0.17327306
b92bcd3b-cdee-5f9d-be3d-8b06fe63d94e,apples,75,high,1,0.29,0.75,1,0,0.36745417
b92bcd3b-cdee-5f9d-be3d-8b06fe63d94e,apples,75,high,2,0.4,0.75,1,0,0.23502025
b92bcd3b-cdee-5f9d-be3d-8b06fe63d94e,apples,75,high,3,0.27,0.75,1,0,0.22425258
b92bcd3b-cdee-5f9d-be3d-8b06fe63d94e,basketball,0,high,0,0.37,0.0,1,1,0.34058285
b92bcd3b-cdee-5f9d-be3d-8b06fe63d94e,basketball,0,high,1,0.48,0.0,1,1,0.5505353
b92bcd3b-cdee-5f9d-be3d-8b06fe63d94e,basketball,0,high,2,0.06,0.0,1,1,0.061094463
b92bcd3b-cdee-5f9d-be3d-8b06fe63d94e,basketball,0,high,3,0.09,0.0,1,1,0.047787316
b92bcd3b-cdee-5f9d-be3d-8b06fe63d94e,birthday,100,high,0,0.01,1.0,1,2,0.09661102
b92bcd3b-cdee-5f9d-be3d-8b06fe63d94e,birthday,100,high,1,0.48,1.0,1,2,0.30580187
b92bcd3b-cdee-5f9d-be3d-8b06fe63d94e,birthday,100,high,2,0.17,1.0,1,2,0.3316454
b92bcd3b-cdee-5f9d-be3d-8b06fe63d94e,birthday,100,high,3,0.34,1.0,1,2,0.2659417
b92bcd3b-cdee-5f9d-be3d-8b06fe63d94e,brunch,0,low,0,0.06,0.0,0,3,0.2796343
b92bcd3b-cdee-5f9d-be3d-8b06fe63d94e,brunch,0,low,1,0.32,0.0,0,3,0.38874203
b92bcd3b-cdee-5f9d-be3d-8b06fe63d94e,brunch,0,low,2,0.31,0.0,0,3,0.24525556
b92bcd3b-cdee-5f9d-be3d-8b06fe63d94e,brunch,0,low,3,0.31,0.0,0,3,0.086368114
b92bcd3b-cdee-5f9d-be3d-8b06fe63d94e,cooking,50,high,0,0.17,0.5,1,4,0.20437361
b92bcd3b-cdee-5f9d-be3d-8b06fe63d94e,cooking,50,high,1,0.49,0.5,1,4,0.39527634
b92bcd3b-cdee-5f9d-be3d-8b06fe63d94e,cooking,50,high,2,0.25,0.5,1,4,0.2374081
b92bcd3b-cdee-5f9d-be3d-8b06fe63d94e,cooking,50,high,3,0.09,0.5,1,4,0.16294199
b92bcd3b-cdee-5f9d-be3d-8b06fe63d94e,dip,50,low,0,0.88,0.5,0,5,0.6932131
b92bcd3b-cdee-5f9d-be3d-8b06fe63d94e,dip,50,low,1,0.02,0.5,0,5,0.19159518
b92bcd3b-cdee-5f9d-be3d-8b06fe63d94e,dip,50,low,2,0.1,0.5,0,5,0.08706623
b92bcd3b-cdee-5f9d-be3d-8b06fe63d94e,dip,50,low,3,0.0,0.5,0,5,0.028125498
b92bcd3b-cdee-5f9d-be3d-8b06fe63d94e,drinks,75,low,0,0.17,0.75,0,6,0.7045375
b92bcd3b-cdee-5f9d-be3d-8b06fe63d94e,drinks,75,low,1,0.25,0.75,0,6,0.1435551
b92bcd3b-cdee-5f9d-be3d-8b06fe63d94e,drinks,75,low,2,0.27,0.75,0,6,0.08746405
b92bcd3b-cdee-5f9d-be3d-8b06fe63d94e,drinks,75,low,3,0.31,0.75,0,6,0.06444328
b92bcd3b-cdee-5f9d-be3d-8b06fe63d94e,driving,50,low,0,0.69,0.5,0,7,0.41526043
b92bcd3b-cdee-5f9d-be3d-8b06fe63d94e,driving,50,low,1,0.05,0.5,0,7,0.34533665
b92bcd3b-cdee-5f9d-be3d-8b06fe63d94e,driving,50,low,2,0.13,0.5,0,7,0.1814718
b92bcd3b-cdee-5f9d-be3d-8b06fe63d94e,driving,50,low,3,0.13,0.5,0,7,0.05793105
b92bcd3b-cdee-5f9d-be3d-8b06fe63d94e,fair,100,low,0,0.03,1.0,0,8,0.37053174
b92bcd3b-cdee-5f9d-be3d-8b06fe63d94e,fair,100,low,1,0.27,1.0,0,8,0.2363968
b92bcd3b-cdee-5f9d-be3d-8b06fe63d94e,fair,100,low,2,0.3,1.0,0,8,0.2622352
b92bcd3b-cdee-5f9d-be3d-8b06fe63d94e,fair,100,low,3,0.4,1.0,0,8,0.1308363
b92bcd3b-cdee-5f9d-be3d-8b06fe63d94e,gala,0,high,0,0.12,0.0,1,9,0.36991814
b92bcd3b-cdee-5f9d-be3d-8b06fe63d94e,gala,0,high,1,0.1,0.0,1,9,0.39267284
b92bcd3b-cdee-5f9d-be3d-8b06fe63d94e,gala,0,high,2,0.35,0.0,1,9,0.15431948
b92bcd3b-cdee-5f9d-be3d-8b06fe63d94e,gala,0,high,3,0.43,0.0,1,9,0.083089605
b92bcd3b-cdee-5f9d-be3d-8b06fe63d94e,hike,50,high,0,0.1,0.5,1,10,0.22081594
b92bcd3b-cdee-5f9d-be3d-8b06fe63d94e,hike,50,high,1,0.4,0.5,1,10,0.48932368
b92bcd3b-cdee-5f9d-be3d-8b06fe63d94e,hike,50,high,2,0.18,0.5,1,10,0.17706409
b92bcd3b-cdee-5f9d-be3d-8b06fe63d94e,hike,50,high,3,0.32,0.5,1,10,0.11279631
b92bcd3b-cdee-5f9d-be3d-8b06fe63d94e,oysters,0,low,0,0.82,0.0,0,11,0.64080536
b92bcd3b-cdee-5f9d-be3d-8b06fe63d94e,oysters,0,low,1,0.11,0.0,0,11,0.12204299
b92bcd3b-cdee-5f9d-be3d-8b06fe63d94e,oysters,0,low,2,0.02,0.0,0,11,0.21212909
b92bcd3b-cdee-5f9d-be3d-8b06fe63d94e,oysters,0,low,3,0.05,0.0,0,11,0.025022497
b92bcd3b-cdee-5f9d-be3d-8b06fe63d94e,social,100,low,0,0.12,1.0,0,12,0.28530437
b92bcd3b-cdee-5f9d-be3d-8b06fe63d94e,social,100,low,1,0.17,1.0,0,12,0.23726287
b92bcd3b-cdee-5f9d-be3d-8b06fe63d94e,social,100,low,2,0.2,1.0,0,12,0.26501882
b92bcd3b-cdee-5f9d-be3d-8b06fe63d94e,social,100,low,3,0.51,1.0,0,12,0.21241392
b92bcd3b-cdee-5f9d-be3d-8b06fe63d94e,soup,75,high,0,0.01,0.75,1,13,0.22527981
b92bcd3b-cdee-5f9d-be3d-8b06fe63d94e,soup,75,high,1,0.47,0.75,1,13,0.3707575
b92bcd3b-cdee-5f9d-be3d-8b06fe63d94e,soup,75,high,2,0.13,0.75,1,13,0.21040073
b92bcd3b-cdee-5f9d-be3d-8b06fe63d94e,soup,75,high,3,0.39,0.75,1,13,0.19356199
b92bcd3b-cdee-5f9d-be3d-8b06fe63d94e,takeout,100,high,0,0.0,1.0,1,14,0.16335048
b92bcd3b-cdee-5f9d-be3d-8b06fe63d94e,takeout,100,high,1,0.15,1.0,1,14,0.37776726
b92bcd3b-cdee-5f9d-be3d-8b06fe63d94e,takeout,100,high,2,0.52,1.0,1,14,0.37241223
b92bcd3b-cdee-5f9d-be3d-8b06fe63d94e,takeout,100,high,3,0.33,1.0,1,14,0.086470015
b92bcd3b-cdee-5f9d-be3d-8b06fe63d94e,wedding,75,low,0,0.21,0.75,0,15,0.51931244
b92bcd3b-cdee-5f9d-be3d-8b06fe63d94e,wedding,75,low,1,0.26,0.75,0,15,0.2142844
b92bcd3b-cdee-5f9d-be3d-8b06fe63d94e,wedding,75,low,2,0.23,0.75,0,15,0.16972683
b92bcd3b-cdee-5f9d-be3d-8b06fe63d94e,wedding,75,low,3,0.3,0.75,0,15,0.09667626
ba5bee0c-da67-5ac7-9427-9dec797cbed9,apples,50,low,0,1.0,0.5,0,0,0.56864893
ba5bee0c-da67-5ac7-9427-9dec797cbed9,apples,50,low,1,0.0,0.5,0,0,0.24850366
ba5bee0c-da67-5ac7-9427-9dec797cbed9,apples,50,low,2,0.0,0.5,0,0,0.09509347
ba5bee0c-da67-5ac7-9427-9dec797cbed9,apples,50,low,3,0.0,0.5,0,0,0.08775395
ba5bee0c-da67-5ac7-9427-9dec797cbed9,basketball,100,low,0,0.73,1.0,0,1,0.27969223
ba5bee0c-da67-5ac7-9427-9dec797cbed9,basketball,100,low,1,0.2,1.0,0,1,0.20069663
ba5bee0c-da67-5ac7-9427-9dec797cbed9,basketball,100,low,2,0.07,1.0,0,1,0.25980562
ba5bee0c-da67-5ac7-9427-9dec797cbed9,basketball,100,low,3,0.0,1.0,0,1,0.25980556
ba5bee0c-da67-5ac7-9427-9dec797cbed9,birthday,75,low,0,0.27,0.75,0,2,0.25470307
ba5bee0c-da67-5ac7-9427-9dec797cbed9,birthday,75,low,1,0.46,0.75,0,2,0.36682245
ba5bee0c-da67-5ac7-9427-9dec797cbed9,birthday,75,low,2,0.25,0.75,0,2,0.24243777
ba5bee0c-da67-5ac7-9427-9dec797cbed9,birthday,75,low,3,0.02,0.75,0,2,0.13603675
ba5bee0c-da67-5ac7-9427-9dec797cbed9,brunch,75,high,0,0.26,0.75,1,3,0.2549862
ba5bee0c-da67-5ac7-9427-9dec797cbed9,brunch,75,high,1,0.51,0.75,1,3,0.28037846
ba5bee0c-da67-5ac7-9427-9dec797cbed9,brunch,75,high,2,0.14,0.75,1,3,0.2631387
ba5bee0c-da67-5ac7-9427-9dec797cbed9,brunch,75,high,3,0.09,0.75,1,3,0.20149668
ba5bee0c-da67-5ac7-9427-9dec797cbed9,cooking,0,low,0,0.99,0.0,0,4,0.8578861
ba5bee0c-da67-5ac7-9427-9dec797cbed9,cooking,0,low,1,0.01,0.0,0,4,0.09232124
ba5bee0c-da67-5ac7-9427-9dec797cbed9,cooking,0,low,2,0.0,0.0,0,4,0.03482614
ba5bee0c-da67-5ac7-9427-9dec797cbed9,cooking,0,low,3,0.0,0.0,0,4,0.014966578
ba5bee0c-da67-5ac7-9427-9dec797cbed9,dip,100,high,0,0.0,1.0,1,5,0.10021788
ba5bee0c-da67-5ac7-9427-9dec797cbed9,dip,100,high,1,0.79,1.0,1,5,0.36763847
ba5bee0c-da67-5ac7-9427-9dec797cbed9,dip,100,high,2,0.21,1.0,1,5,0.30430344
ba5bee0c-da67-5ac7-9427-9dec797cbed9,dip,100,high,3,0.0,1.0,1,5,0.22784017
ba5bee0c-da67-5ac7-9427-9dec797cbed9,drinks,0,high,0,0.55,0.0,1,6,0.49300584
ba5bee0c-da67-5ac7-9427-9dec797cbed9,drinks,0,high,1,0.45,0.0,1,6,0.36993352
ba5bee0c-da67-5ac7-9427-9dec797cbed9,drinks,0,high,2,0.0,0.0,1,6,0.097113706
ba5bee0c-da67-5ac7-9427-9dec797cbed9,drinks,0,high,3,0.0,0.0,1,6,0.039946947
ba5bee0c-da67-5ac7-9427-9dec797cbed9,driving,100,high,0,0.03,1.0,1,7,0.09397328
ba5bee0c-da67-5ac7-9427-9dec797cbed9,driving,100,high,1,0.55,1.0,1,7,0.28471178
ba5bee0c-da67-5ac7-9427-9dec797cbed9,driving,100,high,2,0.26,1.0,1,7,0.3065041
ba5bee0c-da67-5ac7-9427-9dec797cbed9,driving,100,high,3,0.16,1.0,1,7,0.31481075
ba5bee0c-da67-5ac7-9427-9dec797cbed9,fair,50,high,0,0.27,0.5,1,8,0.24886383
ba5bee0c-da67-5ac7-9427-9dec797cbed9,fair,50,high,1,0.72,0.5,1,8,0.45617265
ba5bee0c-da67-5ac7-9427-9dec797cbed9,fair,50,high,2,0.01,0.5,1,8,0.17059332
ba5bee0c-da67-5ac7-9427-9dec797cbed9,fair,50,high,3,0.0,0.5,1,8,0.124370255
ba5bee0c-da67-5ac7-9427-9dec797cbed9,gala,100,low,0,0.89,1.0,0,9,0.56416404
ba5bee0c-da67-5ac7-9427-9dec797cbed9,gala,100,low,1,0.0,1.0,0,9,0.15963629
ba5bee0c-da67-5ac7-9427-9dec797cbed9,gala,100,low,2,0.04,1.0,0,9,0.14447609
ba5bee0c-da67-5ac7-9427-9dec797cbed9,gala,100,low,3,0.07,1.0,0,9,0.13172355
ba5bee0c-da67-5ac7-9427-9dec797cbed9,hike,0,low,0,1.0,0.0,0,10,0.64159936
ba5bee0c-da67-5ac7-9427-9dec797cbed9,hike,0,low,1,0.0,0.0,0,10,0.25533968
ba5bee0c-da67-5ac7-9427-9dec797cbed9,hike,0,low,2,0.0,0.0,0,10,0.07569081
ba5bee0c-da67-5ac7-9427-9dec797cbed9,hike,0,low,3,0.0,0.0,0,10,0.027370106
ba5bee0c-da67-5ac7-9427-9dec797cbed9,oysters,75,high,0,0.64,0.75,1,11,0.17662722
ba5bee0c-da67-5ac7-9427-9dec797cbed9,oysters,75,high,1,0.36,0.75,1,11,0.31998342
ba5bee0c-da67-5ac7-9427-9dec797cbed9,oysters,75,high,2,0.0,0.75,1,11,0.30614635
ba5bee0c-da67-5ac7-9427-9dec797cbed9,oysters,75,high,3,0.0,0.75,1,11,0.19724306
ba5bee0c-da67-5ac7-9427-9dec797cbed9,social,50,high,0,0.95,0.5,1,12,0.4027943
ba5bee0c-da67-5ac7-9427-9dec797cbed9,social,50,high,1,0.05,0.5,1,12,0.17468879
ba5bee0c-da67-5ac7-9427-9dec797cbed9,social,50,high,2,0.0,0.5,1,12,0.26985493
ba5bee0c-da67-5ac7-9427-9dec797cbed9,social,50,high,3,0.0,0.5,1,12,0.15266201
ba5bee0c-da67-5ac7-9427-9dec797cbed9,soup,50,low,0,0.99,0.5,0,13,0.30933502
ba5bee0c-da67-5ac7-9427-9dec797cbed9,soup,50,low,1,0.01,0.5,0,13,0.44212443
ba5bee0c-da67-5ac7-9427-9dec797cbed9,soup,50,low,2,0.0,0.5,0,13,0.14588597
ba5bee0c-da67-5ac7-9427-9dec797cbed9,soup,50,low,3,0.0,0.5,0,13,0.102654584
ba5bee0c-da67-5ac7-9427-9dec797cbed9,takeout,75,low,0,0.09,0.75,0,14,0.4908885
ba5bee0c-da67-5ac7-9427-9dec797cbed9,takeout,75,low,1,0.84,0.75,0,14,0.3014709
ba5bee0c-da67-5ac7-9427-9dec797cbed9,takeout,75,low,2,0.07,0.75,0,14,0.16536646
ba5bee0c-da67-5ac7-9427-9dec797cbed9,takeout,75,low,3,0.0,0.75,0,14,0.042274114
ba5bee0c-da67-5ac7-9427-9dec797cbed9,wedding,0,high,0,0.81,0.0,1,15,0.3970557
ba5bee0c-da67-5ac7-9427-9dec797cbed9,wedding,0,high,1,0.19,0.0,1,15,0.35221374
ba5bee0c-da67-5ac7-9427-9dec797cbed9,wedding,0,high,2,0.0,0.0,1,15,0.17262787
ba5bee0c-da67-5ac7-9427-9dec797cbed9,wedding,0,high,3,0.0,0.0,1,15,0.07810264
c0f4b723-8005-5519-b890-46abd0fc30d7,apples,50,high,0,0.0,0.5,1,0,0.25700086
c0f4b723-8005-5519-b890-46abd0fc30d7,apples,50,high,1,0.5,0.5,1,0,0.4043876
c0f4b723-8005-5519-b890-46abd0fc30d7,apples,50,high,2,0.5,0.5,1,0,0.17610174
c0f4b723-8005-5519-b890-46abd0fc30d7,apples,50,high,3,0.0,0.5,1,0,0.1625098
c0f4b723-8005-5519-b890-46abd0fc30d7,basketball,0,high,0,0.0,0.0,1,1,0.34058285
c0f4b723-8005-5519-b890-46abd0fc30d7,basketball,0,high,1,1.0,0.0,1,1,0.5505353
c0f4b723-8005-5519-b890-46abd0fc30d7,basketball,0,high,2,0.0,0.0,1,1,0.061094463
c0f4b723-8005-5519-b890-46abd0fc30d7,basketball,0,high,3,0.0,0.0,1,1,0.047787316
c0f4b723-8005-5519-b890-46abd0fc30d7,birthday,100,low,0,0.0,1.0,0,2,0.18114941
c0f4b723-8005-5519-b890-46abd0fc30d7,birthday,100,low,1,0.0,1.0,0,2,0.26089072
c0f4b723-8005-5519-b890-46abd0fc30d7,birthday,100,low,2,1.0,1.0,0,2,0.30576038
c0f4b723-8005-5519-b890-46abd0fc30d7,birthday,100,low,3,0.0,1.0,0,2,0.2521995
c0f4b723-8005-5519-b890-46abd0fc30d7,brunch,100,high,0,0.0,1.0,1,3,0.23770595
c0f4b723-8005-5519-b890-46abd0fc30d7,brunch,100,high,1,0.0,1.0,1,3,0.22106798
c0f4b723-8005-5519-b890-46abd0fc30d7,brunch,100,high,2,0.0,1.0,1,3,0.2566543
c0f4b723-8005-5519-b890-46abd0fc30d7,brunch,100,high,3,1.0,1.0,1,3,0.2845718
c0f4b723-8005-5519-b890-46abd0fc30d7,cooking,100,low,0,1.0,1.0,0,4,0.56390643
c0f4b723-8005-5519-b890-46abd0fc30d7,cooking,100,low,1,0.0,1.0,0,4,0.1621197
c0f4b723-8005-5519-b890-46abd0fc30d7,cooking,100,low,2,0.0,1.0,0,4,0.14098814
c0f4b723-8005-5519-b890-46abd0fc30d7,cooking,100,low,3,0.0,1.0,0,4,0.13298574
c0f4b723-8005-5519-b890-46abd0fc30d7,dip,75,low,0,1.0,0.75,0,5,0.65482223
c0f4b723-8005-5519-b890-46abd0fc30d7,dip,75,low,1,0.0,0.75,0,5,0.18098444
c0f4b723-8005-5519-b890-46abd0fc30d7,dip,75,low,2,0.0,0.75,0,5,0.110844776
c0f4b723-8005-5519-b890-46abd0fc30d7,dip,75,low,3,0.0,0.75,0,5,0.05334865
c0f4b723-8005-5519-b890-46abd0fc30d7,drinks,50,low,0,1.0,0.5,0,6,0.7762677
c0f4b723-8005-5519-b890-46abd0fc30d7,drinks,50,low,1,0.0,0.5,0,6,0.13067015
c0f4b723-8005-5519-b890-46abd0fc30d7,drinks,50,low,2,0.0,0.5,0,6,0.05837057
c0f4b723-8005-5519-b890-46abd0fc30d7,drinks,50,low,3,0.0,0.5,0,6,0.034691554
c0f4b723-8005-5519-b890-46abd0fc30d7,driving,50,low,0,1.0,0.5,0,7,0.41526043
c0f4b723-8005-5519-b890-46abd0fc30d7,driving,50,low,1,0.0,0.5,0,7,0.34533665
c0f4b723-8005-5519-b890-46abd0fc30d7,driving,50,low,2,0.0,0.5,0,7,0.1814718
c0f4b723-8005-5519-b890-46abd0fc30d7,driving,50,low,3,0.0,0.5,0,7,0.05793105
c0f4b723-8005-5519-b890-46abd0fc30d7,fair,75,low,0,0.51,0.75,0,8,0.49065667
c0f4b723-8005-5519-b890-46abd0fc30d7,fair,75,low,1,0.49,0.75,0,8,0.28788748
c0f4b723-8005-5519-b890-46abd0fc30d7,fair,75,low,2,0.0,0.75,0,8,0.15803565
c0f4b723-8005-5519-b890-46abd0fc30d7,fair,75,low,3,0.0,0.75,0,8,0.06342018
c0f4b723-8005-5519-b890-46abd0fc30d7,gala,0,low,0,1.0,0.0,0,9,0.8866782
c0f4b723-8005-5519-b890-46abd0fc30d7,gala,0,low,1,0.0,0.0,0,9,0.07345924
c0f4b723-8005-5519-b890-46abd0fc30d7,gala,0,low,2,0.0,0.0,0,9,0.028000446
c0f4b723-8005-5519-b890-46abd0fc30d7,gala,0,low,3,0.0,0.0,0,9,0.011862111
c0f4b723-8005-5519-b890-46abd0fc30d7,hike,75,high,0,0.0,0.75,1,10,0.16673161
c0f4b723-8005-5519-b890-46abd0fc30d7,hike,75,high,1,0.0,0.75,1,10,0.44192556
c0f4b723-8005-5519-b890-46abd0fc30d7,hike,75,high,2,0.5,0.75,1,10,0.22072983
c0f4b723-8005-5519-b890-46abd0fc30d7,hike,75,high,3,0.5,0.75,1,10,0.17061298
c0f4b723-8005-5519-b890-46abd0fc30d7,oysters,0,low,0,1.0,0.0,0,11,0.64080536
c0f4b723-8005-5519-b890-46abd0fc30d7,oysters,0,low,1,0.0,0.0,0,11,0.12204299
c0f4b723-8005-5519-b890-46abd0fc30d7,oysters,0,low,2,0.0,0.0,0,11,0.21212909
c0f4b723-8005-5519-b890-46abd0fc30d7,oysters,0,low,3,0.0,0.0,0,11,0.025022497
c0f4b723-8005-5519-b890-46abd0fc30d7,social,100,high,0,0.0,1.0,1,12,0.13305385
c0f4b723-8005-5519-b890-46abd0fc30d7,social,100,high,1,0.0,1.0,1,12,0.29350144
c0f4b723-8005-5519-b890-46abd0fc30d7,social,100,high,2,0.0,1.0,1,12,0.29148328
c0f4b723-8005-5519-b890-46abd0fc30d7,social,100,high,3,1.0,1.0,1,12,0.28196135
c0f4b723-8005-5519-b890-46abd0fc30d7,soup,50,high,0,0.0,0.5,1,13,0.2746141
c0f4b723-8005-5519-b890-46abd0fc30d7,soup,50,high,1,0.0,0.5,1,13,0.4519501
c0f4b723-8005-5519-b890-46abd0fc30d7,soup,50,high,2,0.0,0.5,1,13,0.15815441
c0f4b723-8005-5519-b890-46abd0fc30d7,soup,50,high,3,1.0,0.5,1,13,0.11528138
c0f4b723-8005-5519-b890-46abd0fc30d7,takeout,75,high,0,0.0,0.75,1,14,0.2439953
c0f4b723-8005-5519-b890-46abd0fc30d7,takeout,75,high,1,0.0,0.75,1,14,0.45767552
c0f4b723-8005-5519-b890-46abd0fc30d7,takeout,75,high,2,1.0,0.75,1,14,0.2510497
c0f4b723-8005-5519-b890-46abd0fc30d7,takeout,75,high,3,0.0,0.75,1,14,0.047279578
c0f4b723-8005-5519-b890-46abd0fc30d7,wedding,0,high,0,0.0,0.0,1,15,0.3970557
c0f4b723-8005-5519-b890-46abd0fc30d7,wedding,0,high,1,0.51,0.0,1,15,0.35221374
c0f4b723-8005-5519-b890-46abd0fc30d7,wedding,0,high,2,0.49,0.0,1,15,0.17262787
c0f4b723-8005-5519-b890-46abd0fc30d7,wedding,0,high,3,0.0,0.0,1,15,0.07810264
c1c3e0eb-263f-5508-b90b-7e9f19e7e065,apples,0,high,0,0.84,0.0,1,0,0.42698184
c1c3e0eb-263f-5508-b90b-7e9f19e7e065,apples,0,high,1,0.0,0.0,1,0,0.40298706
c1c3e0eb-263f-5508-b90b-7e9f19e7e065,apples,0,high,2,0.16,0.0,1,0,0.09085414
c1c3e0eb-263f-5508-b90b-7e9f19e7e065,apples,0,high,3,0.0,0.0,1,0,0.079176955
c1c3e0eb-263f-5508-b90b-7e9f19e7e065,basketball,0,low,0,0.4,0.0,0,1,0.59798855
c1c3e0eb-263f-5508-b90b-7e9f19e7e065,basketball,0,low,1,0.39,0.0,0,1,0.33563203
c1c3e0eb-263f-5508-b90b-7e9f19e7e065,basketball,0,low,2,0.09,0.0,0,1,0.03724604
c1c3e0eb-263f-5508-b90b-7e9f19e7e065,basketball,0,low,3,0.12,0.0,0,1,0.02913338
c1c3e0eb-263f-5508-b90b-7e9f19e7e065,birthday,75,low,0,0.53,0.75,0,2,0.25470307
c1c3e0eb-263f-5508-b90b-7e9f19e7e065,birthday,75,low,1,0.01,0.75,0,2,0.36682245
c1c3e0eb-263f-5508-b90b-7e9f19e7e065,birthday,75,low,2,0.34,0.75,0,2,0.24243777
c1c3e0eb-263f-5508-b90b-7e9f19e7e065,birthday,75,low,3,0.12,0.75,0,2,0.13603675
c1c3e0eb-263f-5508-b90b-7e9f19e7e065,brunch,75,high,0,0.0,0.75,1,3,0.2549862
c1c3e0eb-263f-5508-b90b-7e9f19e7e065,brunch,75,high,1,0.0,0.75,1,3,0.28037846
c1c3e0eb-263f-5508-b90b-7e9f19e7e065,brunch,75,high,2,0.12,0.75,1,3,0.2631387
c1c3e0eb-263f-5508-b90b-7e9f19e7e065,brunch,75,high,3,0.88,0.75,1,3,0.20149668
c1c3e0eb-263f-5508-b90b-7e9f19e7e065,cooking,75,high,0,0.0,0.75,1,4,0.14785571
c1c3e0eb-263f-5508-b90b-7e9f19e7e065,cooking,75,high,1,0.61,0.75,1,4,0.3630791
c1c3e0eb-263f-5508-b90b-7e9f19e7e065,cooking,75,high,2,0.39,0.75,1,4,0.26713452
c1c3e0eb-263f-5508-b90b-7e9f19e7e065,cooking,75,high,3,0.0,0.75,1,4,0.22193062
c1c3e0eb-263f-5508-b90b-7e9f19e7e065,dip,50,low,0,1.0,0.5,0,5,0.6932131
c1c3e0eb-263f-5508-b90b-7e9f19e7e065,dip,50,low,1,0.0,0.5,0,5,0.19159518
c1c3e0eb-263f-5508-b90b-7e9f19e7e065,dip,50,low,2,0.0,0.5,0,5,0.08706623
c1c3e0eb-263f-5508-b90b-7e9f19e7e065,dip,50,low,3,0.0,0.5,0,5,0.028125498
c1c3e0eb-263f-5508-b90b-7e9f19e7e065,drinks,0,high,0,0.34,0.0,1,6,0.49300584
c1c3e0eb-263f-5508-b90b-7e9f19e7e065,drinks,0,high,1,0.33,0.0,1,6,0.36993352
c1c3e0eb-263f-5508-b90b-7e9f19e7e065,drinks,0,high,2,0.33,0.0,1,6,0.097113706
c1c3e0eb-263f-5508-b90b-7e9f19e7e065,drinks,0,high,3,0.0,0.0,1,6,0.039946947
c1c3e0eb-263f-5508-b90b-7e9f19e7e065,driving,0,low,0,0.12,0.0,0,7,0.46846104
c1c3e0eb-263f-5508-b90b-7e9f19e7e065,driving,0,low,1,0.88,0.0,0,7,0.38957903
c1c3e0eb-263f-5508-b90b-7e9f19e7e065,driving,0,low,2,0.0,0.0,0,7,0.12279496
c1c3e0eb-263f-5508-b90b-7e9f19e7e065,driving,0,low,3,0.0,0.0,0,7,0.019165
c1c3e0eb-263f-5508-b90b-7e9f19e7e065,fair,50,high,0,0.0,0.5,1,8,0.24886383
c1c3e0eb-263f-5508-b90b-7e9f19e7e065,fair,50,high,1,0.34,0.5,1,8,0.45617265
c1c3e0eb-263f-5508-b90b-7e9f19e7e065,fair,50,high,2,0.33,0.5,1,8,0.17059332
c1c3e0eb-263f-5508-b90b-7e9f19e7e065,fair,50,high,3,0.33,0.5,1,8,0.124370255
c1c3e0eb-263f-5508-b90b-7e9f19e7e065,gala,100,high,0,0.0,1.0,1,9,0.08383131
c1c3e0eb-263f-5508-b90b-7e9f19e7e065,gala,100,high,1,0.0,1.0,1,9,0.30393267
c1c3e0eb-263f-5508-b90b-7e9f19e7e065,gala,100,high,2,0.0,1.0,1,9,0.28360444
c1c3e0eb-263f-5508-b90b-7e9f19e7e065,gala,100,high,3,1.0,1.0,1,9,0.32863158
c1c3e0eb-263f-5508-b90b-7e9f19e7e065,hike,75,low,0,0.68,0.75,0,10,0.4188641
c1c3e0eb-263f-5508-b90b-7e9f19e7e065,hike,75,low,1,0.32,0.75,0,10,0.2709454
c1c3e0eb-263f-5508-b90b-7e9f19e7e065,hike,75,low,2,0.0,0.75,0,10,0.19254148
c1c3e0eb-263f-5508-b90b-7e9f19e7e065,hike,75,low,3,0.0,0.75,0,10,0.117649004
c1c3e0eb-263f-5508-b90b-7e9f19e7e065,oysters,100,low,0,1.0,1.0,0,11,0.28530428
c1c3e0eb-263f-5508-b90b-7e9f19e7e065,oysters,100,low,1,0.0,1.0,0,11,0.237263
c1c3e0eb-263f-5508-b90b-7e9f19e7e065,oysters,100,low,2,0.0,1.0,0,11,0.2650189
c1c3e0eb-263f-5508-b90b-7e9f19e7e065,oysters,100,low,3,0.0,1.0,0,11,0.21241386
c1c3e0eb-263f-5508-b90b-7e9f19e7e065,social,100,low,0,1.0,1.0,0,12,0.28530437
c1c3e0eb-263f-5508-b90b-7e9f19e7e065,social,100,low,1,0.0,1.0,0,12,0.23726287
c1c3e0eb-263f-5508-b90b-7e9f19e7e065,social,100,low,2,0.0,1.0,0,12,0.26501882
c1c3e0eb-263f-5508-b90b-7e9f19e7e065,social,100,low,3,0.0,1.0,0,12,0.21241392
c1c3e0eb-263f-5508-b90b-7e9f19e7e065,soup,50,low,0,1.0,0.5,0,13,0.30933502
c1c3e0eb-263f-5508-b90b-7e9f19e7e065,soup,50,low,1,0.0,0.5,0,13,0.44212443
c1c3e0eb-263f-5508-b90b-7e9f19e7e065,soup,50,low,2,0.0,0.5,0,13,0.14588597
c1c3e0eb-263f-5508-b90b-7e9f19e7e065,soup,50,low,3,0.0,0.5,0,13,0.102654584
c1c3e0eb-263f-5508-b90b-7e9f19e7e065,takeout,50,high,0,0.0,0.5,1,14,0.30358016
c1c3e0eb-263f-5508-b90b-7e9f19e7e065,takeout,50,high,1,0.73,0.5,1,14,0.49050692
c1c3e0eb-263f-5508-b90b-7e9f19e7e065,takeout,50,high,2,0.27,0.5,1,14,0.17717181
c1c3e0eb-263f-5508-b90b-7e9f19e7e065,takeout,50,high,3,0.0,0.5,1,14,0.028741147
c1c3e0eb-263f-5508-b90b-7e9f19e7e065,wedding,100,high,0,0.0,1.0,1,15,0.08925787
c1c3e0eb-263f-5508-b90b-7e9f19e7e065,wedding,100,high,1,0.0,1.0,1,15,0.2704253
c1c3e0eb-263f-5508-b90b-7e9f19e7e065,wedding,100,high,2,0.5,1.0,1,15,0.30555892
c1c3e0eb-263f-5508-b90b-7e9f19e7e065,wedding,100,high,3,0.5,1.0,1,15,0.33475792
c64ae71d-efa6-518f-ae24-f9374155f832,apples,50,high,0,0.26,0.5,1,0,0.25700086
c64ae71d-efa6-518f-ae24-f9374155f832,apples,50,high,1,0.42,0.5,1,0,0.4043876
c64ae71d-efa6-518f-ae24-f9374155f832,apples,50,high,2,0.22,0.5,1,0,0.17610174
c64ae71d-efa6-518f-ae24-f9374155f832,apples,50,high,3,0.1,0.5,1,0,0.1625098
c64ae71d-efa6-518f-ae24-f9374155f832,basketball,100,low,0,0.29,1.0,0,1,0.27969223
c64ae71d-efa6-518f-ae24-f9374155f832,basketball,100,low,1,0.11,1.0,0,1,0.20069663
c64ae71d-efa6-518f-ae24-f9374155f832,basketball,100,low,2,0.38,1.0,0,1,0.25980562
c64ae71d-efa6-518f-ae24-f9374155f832,basketball,100,low,3,0.22,1.0,0,1,0.25980556
c64ae71d-efa6-518f-ae24-f9374155f832,birthday,75,high,0,0.1,0.75,1,2,0.13972035
c64ae71d-efa6-518f-ae24-f9374155f832,birthday,75,high,1,0.45,0.75,1,2,0.44225538
c64ae71d-efa6-518f-ae24-f9374155f832,birthday,75,high,2,0.29,0.75,1,2,0.270476
c64ae71d-efa6-518f-ae24-f9374155f832,birthday,75,high,3,0.16,0.75,1,2,0.14754832
c64ae71d-efa6-518f-ae24-f9374155f832,brunch,75,high,0,0.15,0.75,1,3,0.2549862
c64ae71d-efa6-518f-ae24-f9374155f832,brunch,75,high,1,0.41,0.75,1,3,0.28037846
c64ae71d-efa6-518f-ae24-f9374155f832,brunch,75,high,2,0.28,0.75,1,3,0.2631387
c64ae71d-efa6-518f-ae24-f9374155f832,brunch,75,high,3,0.16,0.75,1,3,0.20149668
c64ae71d-efa6-518f-ae24-f9374155f832,cooking,0,high,0,0.21,0.0,1,4,0.32258898
c64ae71d-efa6-518f-ae24-f9374155f832,cooking,0,high,1,0.59,0.0,1,4,0.41451508
c64ae71d-efa6-518f-ae24-f9374155f832,cooking,0,high,2,0.19,0.0,1,4,0.17586832
c64ae71d-efa6-518f-ae24-f9374155f832,cooking,0,high,3,0.01,0.0,1,4,0.08702758
c64ae71d-efa6-518f-ae24-f9374155f832,dip,0,low,0,0.6,0.0,0,5,0.7331288
c64ae71d-efa6-518f-ae24-f9374155f832,dip,0,low,1,0.31,0.0,0,5,0.20262736
c64ae71d-efa6-518f-ae24-f9374155f832,dip,0,low,2,0.07,0.0,0,5,0.055230852
c64ae71d-efa6-518f-ae24-f9374155f832,dip,0,low,3,0.02,0.0,0,5,0.00901291
c64ae71d-efa6-518f-ae24-f9374155f832,drinks,0,high,0,0.36,0.0,1,6,0.49300584
c64ae71d-efa6-518f-ae24-f9374155f832,drinks,0,high,1,0.52,0.0,1,6,0.36993352
c64ae71d-efa6-518f-ae24-f9374155f832,drinks,0,high,2,0.1,0.0,1,6,0.097113706
c64ae71d-efa6-518f-ae24-f9374155f832,drinks,0,high,3,0.02,0.0,1,6,0.039946947
c64ae71d-efa6-518f-ae24-f9374155f832,driving,100,high,0,0.24,1.0,1,7,0.09397328
c64ae71d-efa6-518f-ae24-f9374155f832,driving,100,high,1,0.31,1.0,1,7,0.28471178
c64ae71d-efa6-518f-ae24-f9374155f832,driving,100,high,2,0.34,1.0,1,7,0.3065041
c64ae71d-efa6-518f-ae24-f9374155f832,driving,100,high,3,0.11,1.0,1,7,0.31481075
c64ae71d-efa6-518f-ae24-f9374155f832,fair,75,low,0,0.19,0.75,0,8,0.49065667
c64ae71d-efa6-518f-ae24-f9374155f832,fair,75,low,1,0.38,0.75,0,8,0.28788748
c64ae71d-efa6-518f-ae24-f9374155f832,fair,75,low,2,0.32,0.75,0,8,0.15803565
c64ae71d-efa6-518f-ae24-f9374155f832,fair,75,low,3,0.11,0.75,0,8,0.06342018
c64ae71d-efa6-518f-ae24-f9374155f832,gala,100,high,0,0.06,1.0,1,9,0.08383131
c64ae71d-efa6-518f-ae24-f9374155f832,gala,100,high,1,0.15,1.0,1,9,0.30393267
c64ae71d-efa6-518f-ae24-f9374155f832,gala,100,high,2,0.24,1.0,1,9,0.28360444
c64ae71d-efa6-518f-ae24-f9374155f832,gala,100,high,3,0.55,1.0,1,9,0.32863158
c64ae71d-efa6-518f-ae24-f9374155f832,hike,0,low,0,0.64,0.0,0,10,0.64159936
c64ae71d-efa6-518f-ae24-f9374155f832,hike,0,low,1,0.24,0.0,0,10,0.25533968
c64ae71d-efa6-518f-ae24-f9374155f832,hike,0,low,2,0.08,0.0,0,10,0.07569081
c64ae71d-efa6-518f-ae24-f9374155f832,hike,0,low,3,0.04,0.0,0,10,0.027370106
c64ae71d-efa6-518f-ae24-f9374155f832,oysters,100,low,0,0.15,1.0,0,11,0.28530428
c64ae71d-efa6-518f-ae24-f9374155f832,oysters,100,low,1,0.12,1.0,0,11,0.237263
c64ae71d-efa6-518f-ae24-f9374155f832,oysters,100,low,2,0.27,1.0,0,11,0.2650189
c64ae71d-efa6-518f-ae24-f9374155f832,oysters,100,low,3,0.46,1.0,0,11,0.21241386
c64ae71d-efa6-518f-ae24-f9374155f832,social,50,high,0,0.32,0.5,1,12,0.4027943
c64ae71d-efa6-518f-ae24-f9374155f832,social,50,high,1,0.47,0.5,1,12,0.17468879
c64ae71d-efa6-518f-ae24-f9374155f832,social,50,high,2,0.19,0.5,1,12,0.26985493
c64ae71d-efa6-518f-ae24-f9374155f832,social,50,high,3,0.02,0.5,1,12,0.15266201
c64ae71d-efa6-518f-ae24-f9374155f832,soup,50,low,0,0.47,0.5,0,13,0.30933502
c64ae71d-efa6-518f-ae24-f9374155f832,soup,50,low,1,0.26,0.5,0,13,0.44212443
c64ae71d-efa6-518f-ae24-f9374155f832,soup,50,low,2,0.17,0.5,0,13,0.14588597
c64ae71d-efa6-518f-ae24-f9374155f832,soup,50,low,3,0.1,0.5,0,13,0.102654584
c64ae71d-efa6-518f-ae24-f9374155f832,takeout,75,low,0,0.43,0.75,0,14,0.4908885
c64ae71d-efa6-518f-ae24-f9374155f832,takeout,75,low,1,0.35,0.75,0,14,0.3014709
c64ae71d-efa6-518f-ae24-f9374155f832,takeout,75,low,2,0.18,0.75,0,14,0.16536646
c64ae71d-efa6-518f-ae24-f9374155f832,takeout,75,low,3,0.04,0.75,0,14,0.042274114
c64ae71d-efa6-518f-ae24-f9374155f832,wedding,50,low,0,0.5,0.5,0,15,0.62692803
c64ae71d-efa6-518f-ae24-f9374155f832,wedding,50,low,1,0.23,0.5,0,15,0.19194227
c64ae71d-efa6-518f-ae24-f9374155f832,wedding,50,low,2,0.15,0.5,0,15,0.124107055
c64ae71d-efa6-518f-ae24-f9374155f832,wedding,50,low,3,0.12,0.5,0,15,0.057022646
c99eff66-d667-5f48-915b-7f03a9702efc,apples,50,high,0,0.02,0.5,1,0,0.25700086
c99eff66-d667-5f48-915b-7f03a9702efc,apples,50,high,1,0.56,0.5,1,0,0.4043876
c99eff66-d667-5f48-915b-7f03a9702efc,apples,50,high,2,0.32,0.5,1,0,0.17610174
c99eff66-d667-5f48-915b-7f03a9702efc,apples,50,high,3,0.1,0.5,1,0,0.1625098
c99eff66-d667-5f48-915b-7f03a9702efc,basketball,100,low,0,0.08,1.0,0,1,0.27969223
c99eff66-d667-5f48-915b-7f03a9702efc,basketball,100,low,1,0.06,1.0,0,1,0.20069663
c99eff66-d667-5f48-915b-7f03a9702efc,basketball,100,low,2,0.18,1.0,0,1,0.25980562
c99eff66-d667-5f48-915b-7f03a9702efc,basketball,100,low,3,0.68,1.0,0,1,0.25980556
c99eff66-d667-5f48-915b-7f03a9702efc,birthday,75,high,0,0.0,0.75,1,2,0.13972035
c99eff66-d667-5f48-915b-7f03a9702efc,birthday,75,high,1,0.05,0.75,1,2,0.44225538
c99eff66-d667-5f48-915b-7f03a9702efc,birthday,75,high,2,0.67,0.75,1,2,0.270476
c99eff66-d667-5f48-915b-7f03a9702efc,birthday,75,high,3,0.28,0.75,1,2,0.14754832
c99eff66-d667-5f48-915b-7f03a9702efc,brunch,50,low,0,0.15,0.5,0,3,0.27989364
c99eff66-d667-5f48-915b-7f03a9702efc,brunch,50,low,1,0.0,0.5,0,3,0.3171549
c99eff66-d667-5f48-915b-7f03a9702efc,brunch,50,low,2,0.36,0.5,0,3,0.2594152
c99eff66-d667-5f48-915b-7f03a9702efc,brunch,50,low,3,0.49,0.5,0,3,0.14353625
c99eff66-d667-5f48-915b-7f03a9702efc,cooking,100,low,0,0.19,1.0,0,4,0.56390643
c99eff66-d667-5f48-915b-7f03a9702efc,cooking,100,low,1,0.36,1.0,0,4,0.1621197
c99eff66-d667-5f48-915b-7f03a9702efc,cooking,100,low,2,0.44,1.0,0,4,0.14098814
c99eff66-d667-5f48-915b-7f03a9702efc,cooking,100,low,3,0.01,1.0,0,4,0.13298574
c99eff66-d667-5f48-915b-7f03a9702efc,dip,50,low,0,0.5,0.5,0,5,0.6932131
c99eff66-d667-5f48-915b-7f03a9702efc,dip,50,low,1,0.33,0.5,0,5,0.19159518
c99eff66-d667-5f48-915b-7f03a9702efc,dip,50,low,2,0.16,0.5,0,5,0.08706623
c99eff66-d667-5f48-915b-7f03a9702efc,dip,50,low,3,0.01,0.5,0,5,0.028125498
c99eff66-d667-5f48-915b-7f03a9702efc,drinks,75,low,0,0.64,0.75,0,6,0.7045375
c99eff66-d667-5f48-915b-7f03a9702efc,drinks,75,low,1,0.0,0.75,0,6,0.1435551
c99eff66-d667-5f48-915b-7f03a9702efc,drinks,75,low,2,0.0,0.75,0,6,0.08746405
c99eff66-d667-5f48-915b-7f03a9702efc,drinks,75,low,3,0.36,0.75,0,6,0.06444328
c99eff66-d667-5f48-915b-7f03a9702efc,driving,75,low,0,0.05,0.75,0,7,0.36953267
c99eff66-d667-5f48-915b-7f03a9702efc,driving,75,low,1,0.28,0.75,0,7,0.30730876
c99eff66-d667-5f48-915b-7f03a9702efc,driving,75,low,2,0.23,0.75,0,7,0.21764581
c99eff66-d667-5f48-915b-7f03a9702efc,driving,75,low,3,0.44,0.75,0,7,0.10551278
c99eff66-d667-5f48-915b-7f03a9702efc,fair,0,high,0,0.02,0.0,1,8,0.32640508
c99eff66-d667-5f48-915b-7f03a9702efc,fair,0,high,1,0.91,0.0,1,8,0.540167
c99eff66-d667-5f48-915b-7f03a9702efc,fair,0,high,2,0.07,0.0,1,8,0.08559175
c99eff66-d667-5f48-915b-7f03a9702efc,fair,0,high,3,0.0,0.0,1,8,0.047836132
c99eff66-d667-5f48-915b-7f03a9702efc,gala,50,high,0,0.0,0.5,1,9,0.22198972
c99eff66-d667-5f48-915b-7f03a9702efc,gala,50,high,1,0.45,0.5,1,9,0.39286163
c99eff66-d667-5f48-915b-7f03a9702efc,gala,50,high,2,0.37,0.5,1,9,0.22126077
c99eff66-d667-5f48-915b-7f03a9702efc,gala,50,high,3,0.18,0.5,1,9,0.1638879
c99eff66-d667-5f48-915b-7f03a9702efc,hike,0,low,0,0.95,0.0,0,10,0.64159936
c99eff66-d667-5f48-915b-7f03a9702efc,hike,0,low,1,0.05,0.0,0,10,0.25533968
c99eff66-d667-5f48-915b-7f03a9702efc,hike,0,low,2,0.0,0.0,0,10,0.07569081
c99eff66-d667-5f48-915b-7f03a9702efc,hike,0,low,3,0.0,0.0,0,10,0.027370106
c99eff66-d667-5f48-915b-7f03a9702efc,oysters,75,high,0,0.0,0.75,1,11,0.17662722
c99eff66-d667-5f48-915b-7f03a9702efc,oysters,75,high,1,0.25,0.75,1,11,0.31998342
c99eff66-d667-5f48-915b-7f03a9702efc,oysters,75,high,2,0.23,0.75,1,11,0.30614635
c99eff66-d667-5f48-915b-7f03a9702efc,oysters,75,high,3,0.52,0.75,1,11,0.19724306
c99eff66-d667-5f48-915b-7f03a9702efc,social,100,high,0,0.01,1.0,1,12,0.13305385
c99eff66-d667-5f48-915b-7f03a9702efc,social,100,high,1,0.17,1.0,1,12,0.29350144
c99eff66-d667-5f48-915b-7f03a9702efc,social,100,high,2,0.32,1.0,1,12,0.29148328
c99eff66-d667-5f48-915b-7f03a9702efc,social,100,high,3,0.5,1.0,1,12,0.28196135
c99eff66-d667-5f48-915b-7f03a9702efc,soup,0,low,0,0.95,0.0,0,13,0.3659461
c99eff66-d667-5f48-915b-7f03a9702efc,soup,0,low,1,0.01,0.0,0,13,0.5230372
c99eff66-d667-5f48-915b-7f03a9702efc,soup,0,low,2,0.0,0.0,0,13,0.075403504
c99eff66-d667-5f48-915b-7f03a9702efc,soup,0,low,3,0.04,0.0,0,13,0.035613187
c99eff66-d667-5f48-915b-7f03a9702efc,takeout,0,high,0,0.61,0.0,1,14,0.39998376
c99eff66-d667-5f48-915b-7f03a9702efc,takeout,0,high,1,0.39,0.0,1,14,0.5005222
c99eff66-d667-5f48-915b-7f03a9702efc,takeout,0,high,2,0.0,0.0,1,14,0.088389106
c99eff66-d667-5f48-915b-7f03a9702efc,takeout,0,high,3,0.0,0.0,1,14,0.011104971
c99eff66-d667-5f48-915b-7f03a9702efc,wedding,100,high,0,0.0,1.0,1,15,0.08925787
c99eff66-d667-5f48-915b-7f03a9702efc,wedding,100,high,1,0.0,1.0,1,15,0.2704253
c99eff66-d667-5f48-915b-7f03a9702efc,wedding,100,high,2,0.15,1.0,1,15,0.30555892
c99eff66-d667-5f48-915b-7f03a9702efc,wedding,100,high,3,0.85,1.0,1,15,0.33475792
cd96a160-6862-554f-9fd3-1cc1d22910fe,apples,0,high,0,0.66,0.0,1,0,0.42698184
cd96a160-6862-554f-9fd3-1cc1d22910fe,apples,0,high,1,0.22,0.0,1,0,0.40298706
cd96a160-6862-554f-9fd3-1cc1d22910fe,apples,0,high,2,0.1,0.0,1,0,0.09085414
cd96a160-6862-554f-9fd3-1cc1d22910fe,apples,0,high,3,0.02,0.0,1,0,0.079176955
cd96a160-6862-554f-9fd3-1cc1d22910fe,basketball,75,high,0,0.06,0.75,1,1,0.20223837
cd96a160-6862-554f-9fd3-1cc1d22910fe,basketball,75,high,1,0.19,0.75,1,1,0.38436523
cd96a160-6862-554f-9fd3-1cc1d22910fe,basketball,75,high,2,0.41,0.75,1,1,0.2153484
cd96a160-6862-554f-9fd3-1cc1d22910fe,basketball,75,high,3,0.34,0.75,1,1,0.19804801
cd96a160-6862-554f-9fd3-1cc1d22910fe,birthday,50,low,0,0.11,0.5,0,2,0.29914954
cd96a160-6862-554f-9fd3-1cc1d22910fe,birthday,50,low,1,0.58,0.5,0,2,0.43083405
cd96a160-6862-554f-9fd3-1cc1d22910fe,birthday,50,low,2,0.26,0.5,0,2,0.18929946
cd96a160-6862-554f-9fd3-1cc1d22910fe,birthday,50,low,3,0.05,0.5,0,2,0.08071703
cd96a160-6862-554f-9fd3-1cc1d22910fe,brunch,0,low,0,0.13,0.0,0,3,0.2796343
cd96a160-6862-554f-9fd3-1cc1d22910fe,brunch,0,low,1,0.3,0.0,0,3,0.38874203
cd96a160-6862-554f-9fd3-1cc1d22910fe,brunch,0,low,2,0.52,0.0,0,3,0.24525556
cd96a160-6862-554f-9fd3-1cc1d22910fe,brunch,0,low,3,0.05,0.0,0,3,0.086368114
cd96a160-6862-554f-9fd3-1cc1d22910fe,cooking,100,low,0,0.75,1.0,0,4,0.56390643
cd96a160-6862-554f-9fd3-1cc1d22910fe,cooking,100,low,1,0.12,1.0,0,4,0.1621197
cd96a160-6862-554f-9fd3-1cc1d22910fe,cooking,100,low,2,0.11,1.0,0,4,0.14098814
cd96a160-6862-554f-9fd3-1cc1d22910fe,cooking,100,low,3,0.02,1.0,0,4,0.13298574
cd96a160-6862-554f-9fd3-1cc1d22910fe,dip,50,low,0,0.79,0.5,0,5,0.6932131
cd96a160-6862-554f-9fd3-1cc1d22910fe,dip,50,low,1,0.15,0.5,0,5,0.19159518
cd96a160-6862-554f-9fd3-1cc1d22910fe,dip,50,low,2,0.06,0.5,0,5,0.08706623
cd96a160-6862-554f-9fd3-1cc1d22910fe,dip,50,low,3,0.0,0.5,0,5,0.028125498
cd96a160-6862-554f-9fd3-1cc1d22910fe,drinks,0,high,0,0.66,0.0,1,6,0.49300584
cd96a160-6862-554f-9fd3-1cc1d22910fe,drinks,0,high,1,0.25,0.0,1,6,0.36993352
cd96a160-6862-554f-9fd3-1cc1d22910fe,drinks,0,high,2,0.08,0.0,1,6,0.097113706
cd96a160-6862-554f-9fd3-1cc1d22910fe,drinks,0,high,3,0.01,0.0,1,6,0.039946947
cd96a160-6862-554f-9fd3-1cc1d22910fe,driving,75,low,0,0.42,0.75,0,7,0.36953267
cd96a160-6862-554f-9fd3-1cc1d22910fe,driving,75,low,1,0.23,0.75,0,7,0.30730876
cd96a160-6862-554f-9fd3-1cc1d22910fe,driving,75,low,2,0.13,0.75,0,7,0.21764581
cd96a160-6862-554f-9fd3-1cc1d22910fe,driving,75,low,3,0.22,0.75,0,7,0.10551278
cd96a160-6862-554f-9fd3-1cc1d22910fe,fair,100,high,0,0.06,1.0,1,8,0.116963215
cd96a160-6862-554f-9fd3-1cc1d22910fe,fair,100,high,1,0.2,1.0,1,8,0.2474626
cd96a160-6862-554f-9fd3-1cc1d22910fe,fair,100,high,2,0.31,1.0,1,8,0.30874684
cd96a160-6862-554f-9fd3-1cc1d22910fe,fair,100,high,3,0.43,1.0,1,8,0.32682738
cd96a160-6862-554f-9fd3-1cc1d22910fe,gala,100,low,0,0.53,1.0,0,9,0.56416404
cd96a160-6862-554f-9fd3-1cc1d22910fe,gala,100,low,1,0.11,1.0,0,9,0.15963629
cd96a160-6862-554f-9fd3-1cc1d22910fe,gala,100,low,2,0.14,1.0,0,9,0.14447609
cd96a160-6862-554f-9fd3-1cc1d22910fe,gala,100,low,3,0.22,1.0,0,9,0.13172355
cd96a160-6862-554f-9fd3-1cc1d22910fe,hike,0,low,0,0.84,0.0,0,10,0.64159936
cd96a160-6862-554f-9fd3-1cc1d22910fe,hike,0,low,1,0.15,0.0,0,10,0.25533968
cd96a160-6862-554f-9fd3-1cc1d22910fe,hike,0,low,2,0.01,0.0,0,10,0.07569081
cd96a160-6862-554f-9fd3-1cc1d22910fe,hike,0,low,3,0.0,0.0,0,10,0.027370106
cd96a160-6862-554f-9fd3-1cc1d22910fe,oysters,50,high,0,0.42,0.5,1,11,0.24033377
cd96a160-6862-554f-9fd3-1cc1d22910fe,oysters,50,high,1,0.3,0.5,1,11,0.30433637
cd96a160-6862-554f-9fd3-1cc1d22910fe,oysters,50,high,2,0.18,0.5,1,11,0.32420126
cd96a160-6862-554f-9fd3-1cc1d22910fe,oysters,50,high,3,0.1,0.5,1,11,0.1311286
cd96a160-6862-554f-9fd3-1cc1d22910fe,social,100,high,0,0.06,1.0,1,12,0.13305385
cd96a160-6862-554f-9fd3-1cc1d22910fe,social,100,high,1,0.23,1.0,1,12,0.29350144
cd96a160-6862-554f-9fd3-1cc1d22910fe,social,100,high,2,0.3,1.0,1,12,0.29148328
cd96a160-6862-554f-9fd3-1cc1d22910fe,social,100,high,3,0.41,1.0,1,12,0.28196135
cd96a160-6862-554f-9fd3-1cc1d22910fe,soup,75,high,0,0.16,0.75,1,13,0.22527981
cd96a160-6862-554f-9fd3-1cc1d22910fe,soup,75,high,1,0.22,0.75,1,13,0.3707575
cd96a160-6862-554f-9fd3-1cc1d22910fe,soup,75,high,2,0.16,0.75,1,13,0.21040073
cd96a160-6862-554f-9fd3-1cc1d22910fe,soup,75,high,3,0.46,0.75,1,13,0.19356199
cd96a160-6862-554f-9fd3-1cc1d22910fe,takeout,50,high,0,0.13,0.5,1,14,0.30358016
cd96a160-6862-554f-9fd3-1cc1d22910fe,takeout,50,high,1,0.64,0.5,1,14,0.49050692
cd96a160-6862-554f-9fd3-1cc1d22910fe,takeout,50,high,2,0.23,0.5,1,14,0.17717181
cd96a160-6862-554f-9fd3-1cc1d22910fe,takeout,50,high,3,0.0,0.5,1,14,0.028741147
cd96a160-6862-554f-9fd3-1cc1d22910fe,wedding,75,low,0,0.55,0.75,0,15,0.51931244
cd96a160-6862-554f-9fd3-1cc1d22910fe,wedding,75,low,1,0.09,0.75,0,15,0.2142844
cd96a160-6862-554f-9fd3-1cc1d22910fe,wedding,75,low,2,0.2,0.75,0,15,0.16972683
cd96a160-6862-554f-9fd3-1cc1d22910fe,wedding,75,low,3,0.16,0.75,0,15,0.09667626
cdb390b1-d54a-582c-9127-7a1ea2cf5679,apples,100,low,0,0.13,1.0,0,0,0.2761688
cdb390b1-d54a-582c-9127-7a1ea2cf5679,apples,100,low,1,0.14,1.0,0,0,0.247245
cdb390b1-d54a-582c-9127-7a1ea2cf5679,apples,100,low,2,0.36,1.0,0,0,0.23829313
cdb390b1-d54a-582c-9127-7a1ea2cf5679,apples,100,low,3,0.37,1.0,0,0,0.23829311
cdb390b1-d54a-582c-9127-7a1ea2cf5679,basketball,50,high,0,0.49,0.5,1,1,0.26170138
cdb390b1-d54a-582c-9127-7a1ea2cf5679,basketball,50,high,1,0.48,0.5,1,1,0.46855953
cdb390b1-d54a-582c-9127-7a1ea2cf5679,basketball,50,high,2,0.03,0.5,1,1,0.1445255
cdb390b1-d54a-582c-9127-7a1ea2cf5679,basketball,50,high,3,0.0,0.5,1,1,0.12521361
cdb390b1-d54a-582c-9127-7a1ea2cf5679,birthday,0,high,0,0.33,0.0,1,2,0.20118563
cdb390b1-d54a-582c-9127-7a1ea2cf5679,birthday,0,high,1,0.67,0.0,1,2,0.6368108
cdb390b1-d54a-582c-9127-7a1ea2cf5679,birthday,0,high,2,0.0,0.0,1,2,0.12867387
cdb390b1-d54a-582c-9127-7a1ea2cf5679,birthday,0,high,3,0.0,0.0,1,2,0.033329796
cdb390b1-d54a-582c-9127-7a1ea2cf5679,brunch,0,high,0,0.16,0.0,1,3,0.26180592
cdb390b1-d54a-582c-9127-7a1ea2cf5679,brunch,0,high,1,0.35,0.0,1,3,0.39796382
cdb390b1-d54a-582c-9127-7a1ea2cf5679,brunch,0,high,2,0.32,0.0,1,3,0.24755734
cdb390b1-d54a-582c-9127-7a1ea2cf5679,brunch,0,high,3,0.17,0.0,1,3,0.09267295
cdb390b1-d54a-582c-9127-7a1ea2cf5679,cooking,0,low,0,0.12,0.0,0,4,0.8578861
cdb390b1-d54a-582c-9127-7a1ea2cf5679,cooking,0,low,1,0.43,0.0,0,4,0.09232124
cdb390b1-d54a-582c-9127-7a1ea2cf5679,cooking,0,low,2,0.45,0.0,0,4,0.03482614
cdb390b1-d54a-582c-9127-7a1ea2cf5679,cooking,0,low,3,0.0,0.0,0,4,0.014966578
cdb390b1-d54a-582c-9127-7a1ea2cf5679,dip,75,high,0,0.04,0.75,1,5,0.13296467
cdb390b1-d54a-582c-9127-7a1ea2cf5679,dip,75,high,1,0.53,0.75,1,5,0.4877666
cdb390b1-d54a-582c-9127-7a1ea2cf5679,dip,75,high,2,0.15,0.75,1,5,0.26560885
cdb390b1-d54a-582c-9127-7a1ea2cf5679,dip,75,high,3,0.28,0.75,1,5,0.11365985
cdb390b1-d54a-582c-9127-7a1ea2cf5679,drinks,50,low,0,0.31,0.5,0,6,0.7762677
cdb390b1-d54a-582c-9127-7a1ea2cf5679,drinks,50,low,1,0.32,0.5,0,6,0.13067015
cdb390b1-d54a-582c-9127-7a1ea2cf5679,drinks,50,low,2,0.32,0.5,0,6,0.05837057
cdb390b1-d54a-582c-9127-7a1ea2cf5679,drinks,50,low,3,0.05,0.5,0,6,0.034691554
cdb390b1-d54a-582c-9127-7a1ea2cf5679,driving,50,high,0,0.17,0.5,1,7,0.16074733
cdb390b1-d54a-582c-9127-7a1ea2cf5679,driving,50,high,1,0.33,0.5,1,7,0.4870178
cdb390b1-d54a-582c-9127-7a1ea2cf5679,driving,50,high,2,0.31,0.5,1,7,0.25592417
cdb390b1-d54a-582c-9127-7a1ea2cf5679,driving,50,high,3,0.19,0.5,1,7,0.09631069
cdb390b1-d54a-582c-9127-7a1ea2cf5679,fair,75,low,0,0.11,0.75,0,8,0.49065667
cdb390b1-d54a-582c-9127-7a1ea2cf5679,fair,75,low,1,0.21,0.75,0,8,0.28788748
cdb390b1-d54a-582c-9127-7a1ea2cf5679,fair,75,low,2,0.34,0.75,0,8,0.15803565
cdb390b1-d54a-582c-9127-7a1ea2cf5679,fair,75,low,3,0.34,0.75,0,8,0.06342018
cdb390b1-d54a-582c-9127-7a1ea2cf5679,gala,100,high,0,0.0,1.0,1,9,0.08383131
cdb390b1-d54a-582c-9127-7a1ea2cf5679,gala,100,high,1,0.26,1.0,1,9,0.30393267
cdb390b1-d54a-582c-9127-7a1ea2cf5679,gala,100,high,2,0.37,1.0,1,9,0.28360444
cdb390b1-d54a-582c-9127-7a1ea2cf5679,gala,100,high,3,0.37,1.0,1,9,0.32863158
cdb390b1-d54a-582c-9127-7a1ea2cf5679,hike,100,high,0,0.21,1.0,1,10,0.10209092
cdb390b1-d54a-582c-9127-7a1ea2cf5679,hike,100,high,1,0.45,1.0,1,10,0.34788167
cdb390b1-d54a-582c-9127-7a1ea2cf5679,hike,100,high,2,0.13,1.0,1,10,0.27311608
cdb390b1-d54a-582c-9127-7a1ea2cf5679,hike,100,high,3,0.21,1.0,1,10,0.27691132
cdb390b1-d54a-582c-9127-7a1ea2cf5679,oysters,50,low,0,0.29,0.5,0,11,0.5016542
cdb390b1-d54a-582c-9127-7a1ea2cf5679,oysters,50,low,1,0.44,0.5,0,11,0.17642859
cdb390b1-d54a-582c-9127-7a1ea2cf5679,oysters,50,low,2,0.14,0.5,0,11,0.2551191
cdb390b1-d54a-582c-9127-7a1ea2cf5679,oysters,50,low,3,0.13,0.5,0,11,0.066798165
cdb390b1-d54a-582c-9127-7a1ea2cf5679,social,0,low,0,1.0,0.0,0,12,0.82478136
cdb390b1-d54a-582c-9127-7a1ea2cf5679,social,0,low,1,0.0,0.0,0,12,0.042306297
cdb390b1-d54a-582c-9127-7a1ea2cf5679,social,0,low,2,0.0,0.0,0,12,0.10070582
cdb390b1-d54a-582c-9127-7a1ea2cf5679,social,0,low,3,0.0,0.0,0,12,0.032206487
cdb390b1-d54a-582c-9127-7a1ea2cf5679,soup,75,high,0,0.27,0.75,1,13,0.22527981
cdb390b1-d54a-582c-9127-7a1ea2cf5679,soup,75,high,1,0.19,0.75,1,13,0.3707575
cdb390b1-d54a-582c-9127-7a1ea2cf5679,soup,75,high,2,0.27,0.75,1,13,0.21040073
cdb390b1-d54a-582c-9127-7a1ea2cf5679,soup,75,high,3,0.27,0.75,1,13,0.19356199
cdb390b1-d54a-582c-9127-7a1ea2cf5679,takeout,75,low,0,0.11,0.75,0,14,0.4908885
cdb390b1-d54a-582c-9127-7a1ea2cf5679,takeout,75,low,1,0.33,0.75,0,14,0.3014709
cdb390b1-d54a-582c-9127-7a1ea2cf5679,takeout,75,low,2,0.39,0.75,0,14,0.16536646
cdb390b1-d54a-582c-9127-7a1ea2cf5679,takeout,75,low,3,0.17,0.75,0,14,0.042274114
cdb390b1-d54a-582c-9127-7a1ea2cf5679,wedding,100,low,0,0.32,1.0,0,15,0.35762483
cdb390b1-d54a-582c-9127-7a1ea2cf5679,wedding,100,low,1,0.02,1.0,0,15,0.22430809
cdb390b1-d54a-582c-9127-7a1ea2cf5679,wedding,100,low,2,0.35,1.0,0,15,0.2361927
cdb390b1-d54a-582c-9127-7a1ea2cf5679,wedding,100,low,3,0.31,1.0,0,15,0.18187447
cf26f4da-0a4e-5a6a-b3be-e13f81e4661b,apples,0,high,0,0.0,0.0,1,0,0.42698184
cf26f4da-0a4e-5a6a-b3be-e13f81e4661b,apples,0,high,1,0.71,0.0,1,0,0.40298706
cf26f4da-0a4e-5a6a-b3be-e13f81e4661b,apples,0,high,2,0.2,0.0,1,0,0.09085414
cf26f4da-0a4e-5a6a-b3be-e13f81e4661b,apples,0,high,3,0.09,0.0,1,0,0.079176955
cf26f4da-0a4e-5a6a-b3be-e13f81e4661b,basketball,100,low,0,0.0,1.0,0,1,0.27969223
cf26f4da-0a4e-5a6a-b3be-e13f81e4661b,basketball,100,low,1,0.75,1.0,0,1,0.20069663
cf26f4da-0a4e-5a6a-b3be-e13f81e4661b,basketball,100,low,2,0.23,1.0,0,1,0.25980562
cf26f4da-0a4e-5a6a-b3be-e13f81e4661b,basketball,100,low,3,0.02,1.0,0,1,0.25980556
cf26f4da-0a4e-5a6a-b3be-e13f81e4661b,birthday,75,high,0,0.0,0.75,1,2,0.13972035
cf26f4da-0a4e-5a6a-b3be-e13f81e4661b,birthday,75,high,1,0.0,0.75,1,2,0.44225538
cf26f4da-0a4e-5a6a-b3be-e13f81e4661b,birthday,75,high,2,0.5,0.75,1,2,0.270476
cf26f4da-0a4e-5a6a-b3be-e13f81e4661b,birthday,75,high,3,0.5,0.75,1,2,0.14754832
cf26f4da-0a4e-5a6a-b3be-e13f81e4661b,brunch,75,low,0,0.64,0.75,0,3,0.27379805
cf26f4da-0a4e-5a6a-b3be-e13f81e4661b,brunch,75,low,1,0.0,0.75,0,3,0.2753374
cf26f4da-0a4e-5a6a-b3be-e13f81e4661b,brunch,75,low,2,0.04,0.75,0,3,0.262078
cf26f4da-0a4e-5a6a-b3be-e13f81e4661b,brunch,75,low,3,0.32,0.75,0,3,0.18878654
cf26f4da-0a4e-5a6a-b3be-e13f81e4661b,cooking,75,low,0,0.93,0.75,0,4,0.6957702
cf26f4da-0a4e-5a6a-b3be-e13f81e4661b,cooking,75,low,1,0.0,0.75,0,4,0.14309031
cf26f4da-0a4e-5a6a-b3be-e13f81e4661b,cooking,75,low,2,0.06,0.75,0,4,0.093604214
cf26f4da-0a4e-5a6a-b3be-e13f81e4661b,cooking,75,low,3,0.01,0.75,0,4,0.06753522
cf26f4da-0a4e-5a6a-b3be-e13f81e4661b,dip,0,low,0,1.0,0.0,0,5,0.7331288
cf26f4da-0a4e-5a6a-b3be-e13f81e4661b,dip,0,low,1,0.0,0.0,0,5,0.20262736
cf26f4da-0a4e-5a6a-b3be-e13f81e4661b,dip,0,low,2,0.0,0.0,0,5,0.055230852
cf26f4da-0a4e-5a6a-b3be-e13f81e4661b,dip,0,low,3,0.0,0.0,0,5,0.00901291
cf26f4da-0a4e-5a6a-b3be-e13f81e4661b,drinks,75,high,0,0.57,0.75,1,6,0.27833256
cf26f4da-0a4e-5a6a-b3be-e13f81e4661b,drinks,75,high,1,0.43,0.75,1,6,0.35063356
cf26f4da-0a4e-5a6a-b3be-e13f81e4661b,drinks,75,high,2,0.0,0.75,1,6,0.21363103
cf26f4da-0a4e-5a6a-b3be-e13f81e4661b,drinks,75,high,3,0.0,0.75,1,6,0.15740284
cf26f4da-0a4e-5a6a-b3be-e13f81e4661b,driving,100,high,0,0.0,1.0,1,7,0.09397328
cf26f4da-0a4e-5a6a-b3be-e13f81e4661b,driving,100,high,1,0.82,1.0,1,7,0.28471178
cf26f4da-0a4e-5a6a-b3be-e13f81e4661b,driving,100,high,2,0.0,1.0,1,7,0.3065041
cf26f4da-0a4e-5a6a-b3be-e13f81e4661b,driving,100,high,3,0.18,1.0,1,7,0.31481075
cf26f4da-0a4e-5a6a-b3be-e13f81e4661b,fair,100,high,0,0.0,1.0,1,8,0.116963215
cf26f4da-0a4e-5a6a-b3be-e13f81e4661b,fair,100,high,1,0.0,1.0,1,8,0.2474626
cf26f4da-0a4e-5a6a-b3be-e13f81e4661b,fair,100,high,2,0.5,1.0,1,8,0.30874684
cf26f4da-0a4e-5a6a-b3be-e13f81e4661b,fair,100,high,3,0.5,1.0,1,8,0.32682738
cf26f4da-0a4e-5a6a-b3be-e13f81e4661b,gala,50,high,0,0.0,0.5,1,9,0.22198972
cf26f4da-0a4e-5a6a-b3be-e13f81e4661b,gala,50,high,1,0.19,0.5,1,9,0.39286163
cf26f4da-0a4e-5a6a-b3be-e13f81e4661b,gala,50,high,2,0.81,0.5,1,9,0.22126077
cf26f4da-0a4e-5a6a-b3be-e13f81e4661b,gala,50,high,3,0.0,0.5,1,9,0.1638879
cf26f4da-0a4e-5a6a-b3be-e13f81e4661b,hike,50,low,0,0.21,0.5,0,10,0.51034856
cf26f4da-0a4e-5a6a-b3be-e13f81e4661b,hike,50,low,1,0.37,0.5,0,10,0.27600068
cf26f4da-0a4e-5a6a-b3be-e13f81e4661b,hike,50,low,2,0.21,0.5,0,10,0.1420938
cf26f4da-0a4e-5a6a-b3be-e13f81e4661b,hike,50,low,3,0.21,0.5,0,10,0.07155705
cf26f4da-0a4e-5a6a-b3be-e13f81e4661b,oysters,100,low,0,0.06,1.0,0,11,0.28530428
cf26f4da-0a4e-5a6a-b3be-e13f81e4661b,oysters,100,low,1,0.18,1.0,0,11,0.237263
cf26f4da-0a4e-5a6a-b3be-e13f81e4661b,oysters,100,low,2,0.38,1.0,0,11,0.2650189
cf26f4da-0a4e-5a6a-b3be-e13f81e4661b,oysters,100,low,3,0.38,1.0,0,11,0.21241386
cf26f4da-0a4e-5a6a-b3be-e13f81e4661b,social,50,high,0,0.0,0.5,1,12,0.4027943
cf26f4da-0a4e-5a6a-b3be-e13f81e4661b,social,50,high,1,0.88,0.5,1,12,0.17468879
cf26f4da-0a4e-5a6a-b3be-e13f81e4661b,social,50,high,2,0.12,0.5,1,12,0.26985493
cf26f4da-0a4e-5a6a-b3be-e13f81e4661b,social,50,high,3,0.0,0.5,1,12,0.15266201
cf26f4da-0a4e-5a6a-b3be-e13f81e4661b,soup,0,high,0,0.0,0.0,1,13,0.3310718
cf26f4da-0a4e-5a6a-b3be-e13f81e4661b,soup,0,high,1,1.0,0.0,1,13,0.5448662
cf26f4da-0a4e-5a6a-b3be-e13f81e4661b,soup,0,high,2,0.0,0.0,1,13,0.08330492
cf26f4da-0a4e-5a6a-b3be-e13f81e4661b,soup,0,high,3,0.0,0.0,1,13,0.040757075
cf26f4da-0a4e-5a6a-b3be-e13f81e4661b,takeout,0,low,0,1.0,0.0,0,14,0.66916895
cf26f4da-0a4e-5a6a-b3be-e13f81e4661b,takeout,0,low,1,0.0,0.0,0,14,0.27415937
cf26f4da-0a4e-5a6a-b3be-e13f81e4661b,takeout,0,low,2,0.0,0.0,0,14,0.048414838
cf26f4da-0a4e-5a6a-b3be-e13f81e4661b,takeout,0,low,3,0.0,0.0,0,14,0.008256775
cf26f4da-0a4e-5a6a-b3be-e13f81e4661b,wedding,50,low,0,0.25,0.5,0,15,0.62692803
cf26f4da-0a4e-5a6a-b3be-e13f81e4661b,wedding,50,low,1,0.12,0.5,0,15,0.19194227
cf26f4da-0a4e-5a6a-b3be-e13f81e4661b,wedding,50,low,2,0.43,0.5,0,15,0.124107055
cf26f4da-0a4e-5a6a-b3be-e13f81e4661b,wedding,50,low,3,0.2,0.5,0,15,0.057022646
cf708493-e6fe-5eed-8bf6-40cd627279e3,apples,0,low,0,0.67,0.0,0,0,0.7356681
cf708493-e6fe-5eed-8bf6-40cd627279e3,apples,0,low,1,0.19,0.0,0,0,0.1928364
cf708493-e6fe-5eed-8bf6-40cd627279e3,apples,0,low,2,0.07,0.0,0,0,0.038202766
cf708493-e6fe-5eed-8bf6-40cd627279e3,apples,0,low,3,0.07,0.0,0,0,0.033292685
cf708493-e6fe-5eed-8bf6-40cd627279e3,basketball,100,high,0,0.01,1.0,1,1,0.11880685
cf708493-e6fe-5eed-8bf6-40cd627279e3,basketball,100,high,1,0.76,1.0,1,1,0.24552351
cf708493-e6fe-5eed-8bf6-40cd627279e3,basketball,100,high,2,0.18,1.0,1,1,0.31783482
cf708493-e6fe-5eed-8bf6-40cd627279e3,basketball,100,high,3,0.05,1.0,1,1,0.3178348
cf708493-e6fe-5eed-8bf6-40cd627279e3,birthday,50,high,0,0.1,0.5,1,2,0.16706371
cf708493-e6fe-5eed-8bf6-40cd627279e3,birthday,50,high,1,0.76,0.5,1,2,0.5288051
cf708493-e6fe-5eed-8bf6-40cd627279e3,birthday,50,high,2,0.1,0.5,1,2,0.21500385
cf708493-e6fe-5eed-8bf6-40cd627279e3,birthday,50,high,3,0.04,0.5,1,2,0.08912745
cf708493-e6fe-5eed-8bf6-40cd627279e3,brunch,75,low,0,0.22,0.75,0,3,0.27379805
cf708493-e6fe-5eed-8bf6-40cd627279e3,brunch,75,low,1,0.07,0.75,0,3,0.2753374
cf708493-e6fe-5eed-8bf6-40cd627279e3,brunch,75,low,2,0.54,0.75,0,3,0.262078
cf708493-e6fe-5eed-8bf6-40cd627279e3,brunch,75,low,3,0.17,0.75,0,3,0.18878654
cf708493-e6fe-5eed-8bf6-40cd627279e3,cooking,75,low,0,0.49,0.75,0,4,0.6957702
cf708493-e6fe-5eed-8bf6-40cd627279e3,cooking,75,low,1,0.21,0.75,0,4,0.14309031
cf708493-e6fe-5eed-8bf6-40cd627279e3,cooking,75,low,2,0.23,0.75,0,4,0.093604214
cf708493-e6fe-5eed-8bf6-40cd627279e3,cooking,75,low,3,0.07,0.75,0,4,0.06753522
cf708493-e6fe-5eed-8bf6-40cd627279e3,dip,0,high,0,0.05,0.0,1,5,0.17585786
cf708493-e6fe-5eed-8bf6-40cd627279e3,dip,0,high,1,0.68,0.0,1,5,0.6451156
cf708493-e6fe-5eed-8bf6-40cd627279e3,dip,0,high,2,0.2,0.0,1,5,0.1563427
cf708493-e6fe-5eed-8bf6-40cd627279e3,dip,0,high,3,0.07,0.0,1,5,0.022683876
cf708493-e6fe-5eed-8bf6-40cd627279e3,drinks,0,low,0,0.83,0.0,0,6,0.85738873
cf708493-e6fe-5eed-8bf6-40cd627279e3,drinks,0,low,1,0.05,0.0,0,6,0.10405775
cf708493-e6fe-5eed-8bf6-40cd627279e3,drinks,0,low,2,0.08,0.0,0,6,0.027316885
cf708493-e6fe-5eed-8bf6-40cd627279e3,drinks,0,low,3,0.04,0.0,0,6,0.011236587
cf708493-e6fe-5eed-8bf6-40cd627279e3,driving,100,high,0,0.07,1.0,1,7,0.09397328
cf708493-e6fe-5eed-8bf6-40cd627279e3,driving,100,high,1,0.73,1.0,1,7,0.28471178
cf708493-e6fe-5eed-8bf6-40cd627279e3,driving,100,high,2,0.1,1.0,1,7,0.3065041
cf708493-e6fe-5eed-8bf6-40cd627279e3,driving,100,high,3,0.1,1.0,1,7,0.31481075
cf708493-e6fe-5eed-8bf6-40cd627279e3,fair,50,low,0,0.06,0.5,0,8,0.5556539
cf708493-e6fe-5eed-8bf6-40cd627279e3,fair,50,low,1,0.86,0.5,0,8,0.30713385
cf708493-e6fe-5eed-8bf6-40cd627279e3,fair,50,low,2,0.04,0.5,0,8,0.10212145
cf708493-e6fe-5eed-8bf6-40cd627279e3,fair,50,low,3,0.04,0.5,0,8,0.035090752
cf708493-e6fe-5eed-8bf6-40cd627279e3,gala,100,low,0,0.76,1.0,0,9,0.56416404
cf708493-e6fe-5eed-8bf6-40cd627279e3,gala,100,low,1,0.08,1.0,0,9,0.15963629
cf708493-e6fe-5eed-8bf6-40cd627279e3,gala,100,low,2,0.08,1.0,0,9,0.14447609
cf708493-e6fe-5eed-8bf6-40cd627279e3,gala,100,low,3,0.08,1.0,0,9,0.13172355
cf708493-e6fe-5eed-8bf6-40cd627279e3,hike,50,high,0,0.16,0.5,1,10,0.22081594
cf708493-e6fe-5eed-8bf6-40cd627279e3,hike,50,high,1,0.73,0.5,1,10,0.48932368
cf708493-e6fe-5eed-8bf6-40cd627279e3,hike,50,high,2,0.05,0.5,1,10,0.17706409
cf708493-e6fe-5eed-8bf6-40cd627279e3,hike,50,high,3,0.06,0.5,1,10,0.11279631
cf708493-e6fe-5eed-8bf6-40cd627279e3,oysters,75,high,0,0.24,0.75,1,11,0.17662722
cf708493-e6fe-5eed-8bf6-40cd627279e3,oysters,75,high,1,0.37,0.75,1,11,0.31998342
cf708493-e6fe-5eed-8bf6-40cd627279e3,oysters,75,high,2,0.15,0.75,1,11,0.30614635
cf708493-e6fe-5eed-8bf6-40cd627279e3,oysters,75,high,3,0.24,0.75,1,11,0.19724306
cf708493-e6fe-5eed-8bf6-40cd627279e3,social,75,high,0,0.05,0.75,1,12,0.26838598
cf708493-e6fe-5eed-8bf6-40cd627279e3,social,75,high,1,0.39,0.75,1,12,0.22903113
cf708493-e6fe-5eed-8bf6-40cd627279e3,social,75,high,2,0.38,0.75,1,12,0.2943885
cf708493-e6fe-5eed-8bf6-40cd627279e3,social,75,high,3,0.18,0.75,1,12,0.20819436
cf708493-e6fe-5eed-8bf6-40cd627279e3,soup,0,high,0,0.81,0.0,1,13,0.3310718
cf708493-e6fe-5eed-8bf6-40cd627279e3,soup,0,high,1,0.12,0.0,1,13,0.5448662
cf708493-e6fe-5eed-8bf6-40cd627279e3,soup,0,high,2,0.02,0.0,1,13,0.08330492
cf708493-e6fe-5eed-8bf6-40cd627279e3,soup,0,high,3,0.05,0.0,1,13,0.040757075
cf708493-e6fe-5eed-8bf6-40cd627279e3,takeout,50,low,0,0.65,0.5,0,14,0.56748694
cf708493-e6fe-5eed-8bf6-40cd627279e3,takeout,50,low,1,0.24,0.5,0,14,0.30020222
cf708493-e6fe-5eed-8bf6-40cd627279e3,takeout,50,low,2,0.11,0.5,0,14,0.10843349
cf708493-e6fe-5eed-8bf6-40cd627279e3,takeout,50,low,3,0.0,0.5,0,14,0.023877341
cf708493-e6fe-5eed-8bf6-40cd627279e3,wedding,100,low,0,0.7,1.0,0,15,0.35762483
cf708493-e6fe-5eed-8bf6-40cd627279e3,wedding,100,low,1,0.05,1.0,0,15,0.22430809
cf708493-e6fe-5eed-8bf6-40cd627279e3,wedding,100,low,2,0.1,1.0,0,15,0.2361927
cf708493-e6fe-5eed-8bf6-40cd627279e3,wedding,100,low,3,0.15,1.0,0,15,0.18187447
d4c930bf-5e95-50f6-90cb-c4ede99ae77f,apples,75,high,0,0.0,0.75,1,0,0.17327306
d4c930bf-5e95-50f6-90cb-c4ede99ae77f,apples,75,high,1,0.18,0.75,1,0,0.36745417
d4c930bf-5e95-50f6-90cb-c4ede99ae77f,apples,75,high,2,0.36,0.75,1,0,0.23502025
d4c930bf-5e95-50f6-90cb-c4ede99ae77f,apples,75,high,3,0.46,0.75,1,0,0.22425258
d4c930bf-5e95-50f6-90cb-c4ede99ae77f,basketball,100,high,0,0.0,1.0,1,1,0.11880685
d4c930bf-5e95-50f6-90cb-c4ede99ae77f,basketball,100,high,1,0.0,1.0,1,1,0.24552351
d4c930bf-5e95-50f6-90cb-c4ede99ae77f,basketball,100,high,2,0.0,1.0,1,1,0.31783482
d4c930bf-5e95-50f6-90cb-c4ede99ae77f,basketball,100,high,3,1.0,1.0,1,1,0.3178348
d4c930bf-5e95-50f6-90cb-c4ede99ae77f,birthday,50,low,0,0.19,0.5,0,2,0.29914954
d4c930bf-5e95-50f6-90cb-c4ede99ae77f,birthday,50,low,1,0.81,0.5,0,2,0.43083405
d4c930bf-5e95-50f6-90cb-c4ede99ae77f,birthday,50,low,2,0.0,0.5,0,2,0.18929946
d4c930bf-5e95-50f6-90cb-c4ede99ae77f,birthday,50,low,3,0.0,0.5,0,2,0.08071703
d4c930bf-5e95-50f6-90cb-c4ede99ae77f,brunch,0,high,0,0.0,0.0,1,3,0.26180592
d4c930bf-5e95-50f6-90cb-c4ede99ae77f,brunch,0,high,1,1.0,0.0,1,3,0.39796382
d4c930bf-5e95-50f6-90cb-c4ede99ae77f,brunch,0,high,2,0.0,0.0,1,3,0.24755734
d4c930bf-5e95-50f6-90cb-c4ede99ae77f,brunch,0,high,3,0.0,0.0,1,3,0.09267295
d4c930bf-5e95-50f6-90cb-c4ede99ae77f,cooking,50,low,0,0.66,0.5,0,4,0.7692103
d4c930bf-5e95-50f6-90cb-c4ede99ae77f,cooking,50,low,1,0.34,0.5,0,4,0.12459549
d4c930bf-5e95-50f6-90cb-c4ede99ae77f,cooking,50,low,2,0.0,0.5,0,4,0.0665355
d4c930bf-5e95-50f6-90cb-c4ede99ae77f,cooking,50,low,3,0.0,0.5,0,4,0.039658718
d4c930bf-5e95-50f6-90cb-c4ede99ae77f,dip,100,low,0,0.45,1.0,0,5,0.571308
d4c930bf-5e95-50f6-90cb-c4ede99ae77f,dip,100,low,1,0.37,1.0,0,5,0.15790218
d4c930bf-5e95-50f6-90cb-c4ede99ae77f,dip,100,low,2,0.0,1.0,0,5,0.14700009
d4c930bf-5e95-50f6-90cb-c4ede99ae77f,dip,100,low,3,0.18,1.0,0,5,0.12378971
d4c930bf-5e95-50f6-90cb-c4ede99ae77f,drinks,75,low,0,0.5,0.75,0,6,0.7045375
d4c930bf-5e95-50f6-90cb-c4ede99ae77f,drinks,75,low,1,0.16,0.75,0,6,0.1435551
d4c930bf-5e95-50f6-90cb-c4ede99ae77f,drinks,75,low,2,0.18,0.75,0,6,0.08746405
d4c930bf-5e95-50f6-90cb-c4ede99ae77f,drinks,75,low,3,0.16,0.75,0,6,0.06444328
d4c930bf-5e95-50f6-90cb-c4ede99ae77f,driving,0,high,0,0.59,0.0,1,7,0.19378443
d4c930bf-5e95-50f6-90cb-c4ede99ae77f,driving,0,high,1,0.41,0.0,1,7,0.58711064
d4c930bf-5e95-50f6-90cb-c4ede99ae77f,driving,0,high,2,0.0,0.0,1,7,0.18505675
d4c930bf-5e95-50f6-90cb-c4ede99ae77f,driving,0,high,3,0.0,0.0,1,7,0.034048196
d4c930bf-5e95-50f6-90cb-c4ede99ae77f,fair,100,low,0,0.0,1.0,0,8,0.37053174
d4c930bf-5e95-50f6-90cb-c4ede99ae77f,fair,100,low,1,0.0,1.0,0,8,0.2363968
d4c930bf-5e95-50f6-90cb-c4ede99ae77f,fair,100,low,2,0.0,1.0,0,8,0.2622352
d4c930bf-5e95-50f6-90cb-c4ede99ae77f,fair,100,low,3,1.0,1.0,0,8,0.1308363
d4c930bf-5e95-50f6-90cb-c4ede99ae77f,gala,100,high,0,0.0,1.0,1,9,0.08383131
d4c930bf-5e95-50f6-90cb-c4ede99ae77f,gala,100,high,1,0.0,1.0,1,9,0.30393267
d4c930bf-5e95-50f6-90cb-c4ede99ae77f,gala,100,high,2,0.0,1.0,1,9,0.28360444
d4c930bf-5e95-50f6-90cb-c4ede99ae77f,gala,100,high,3,1.0,1.0,1,9,0.32863158
d4c930bf-5e95-50f6-90cb-c4ede99ae77f,hike,0,low,0,0.77,0.0,0,10,0.64159936
d4c930bf-5e95-50f6-90cb-c4ede99ae77f,hike,0,low,1,0.23,0.0,0,10,0.25533968
d4c930bf-5e95-50f6-90cb-c4ede99ae77f,hike,0,low,2,0.0,0.0,0,10,0.07569081
d4c930bf-5e95-50f6-90cb-c4ede99ae77f,hike,0,low,3,0.0,0.0,0,10,0.027370106
d4c930bf-5e95-50f6-90cb-c4ede99ae77f,oysters,75,low,0,0.44,0.75,0,11,0.4116703
d4c930bf-5e95-50f6-90cb-c4ede99ae77f,oysters,75,low,1,0.16,0.75,0,11,0.20713082
d4c930bf-5e95-50f6-90cb-c4ede99ae77f,oysters,75,low,2,0.16,0.75,0,11,0.2690045
d4c930bf-5e95-50f6-90cb-c4ede99ae77f,oysters,75,low,3,0.24,0.75,0,11,0.112194374
d4c930bf-5e95-50f6-90cb-c4ede99ae77f,social,0,low,0,1.0,0.0,0,12,0.82478136
d4c930bf-5e95-50f6-90cb-c4ede99ae77f,social,0,low,1,0.0,0.0,0,12,0.042306297
d4c930bf-5e95-50f6-90cb-c4ede99ae77f,social,0,low,2,0.0,0.0,0,12,0.10070582
d4c930bf-5e95-50f6-90cb-c4ede99ae77f,social,0,low,3,0.0,0.0,0,12,0.032206487
d4c930bf-5e95-50f6-90cb-c4ede99ae77f,soup,75,high,0,0.0,0.75,1,13,0.22527981
d4c930bf-5e95-50f6-90cb-c4ede99ae77f,soup,75,high,1,0.16,0.75,1,13,0.3707575
d4c930bf-5e95-50f6-90cb-c4ede99ae77f,soup,75,high,2,0.16,0.75,1,13,0.21040073
d4c930bf-5e95-50f6-90cb-c4ede99ae77f,soup,75,high,3,0.68,0.75,1,13,0.19356199
d4c930bf-5e95-50f6-90cb-c4ede99ae77f,takeout,50,high,0,0.34,0.5,1,14,0.30358016
d4c930bf-5e95-50f6-90cb-c4ede99ae77f,takeout,50,high,1,0.5,0.5,1,14,0.49050692
d4c930bf-5e95-50f6-90cb-c4ede99ae77f,takeout,50,high,2,0.16,0.5,1,14,0.17717181
d4c930bf-5e95-50f6-90cb-c4ede99ae77f,takeout,50,high,3,0.0,0.5,1,14,0.028741147
d4c930bf-5e95-50f6-90cb-c4ede99ae77f,wedding,50,high,0,0.43,0.5,1,15,0.23947777
d4c930bf-5e95-50f6-90cb-c4ede99ae77f,wedding,50,high,1,0.35,0.5,1,15,0.35416168
d4c930bf-5e95-50f6-90cb-c4ede99ae77f,wedding,50,high,2,0.22,0.5,1,15,0.2457274
d4c930bf-5e95-50f6-90cb-c4ede99ae77f,wedding,50,high,3,0.0,0.5,1,15,0.16063312
d4c97722-8cfb-5355-9d91-503b9620f272,apples,75,low,0,0.55,0.75,0,0,0.447258
d4c97722-8cfb-5355-9d91-503b9620f272,apples,75,low,1,0.1,0.75,0,0,0.26342416
d4c97722-8cfb-5355-9d91-503b9620f272,apples,75,low,2,0.25,0.75,0,0,0.14805049
d4c97722-8cfb-5355-9d91-503b9620f272,apples,75,low,3,0.1,0.75,0,0,0.1412674
d4c97722-8cfb-5355-9d91-503b9620f272,basketball,0,high,0,0.75,0.0,1,1,0.34058285
d4c97722-8cfb-5355-9d91-503b9620f272,basketball,0,high,1,0.24,0.0,1,1,0.5505353
d4c97722-8cfb-5355-9d91-503b9620f272,basketball,0,high,2,0.01,0.0,1,1,0.061094463
d4c97722-8cfb-5355-9d91-503b9620f272,basketball,0,high,3,0.0,0.0,1,1,0.047787316
d4c97722-8cfb-5355-9d91-503b9620f272,birthday,50,low,0,0.4,0.5,0,2,0.29914954
d4c97722-8cfb-5355-9d91-503b9620f272,birthday,50,low,1,0.35,0.5,0,2,0.43083405
d4c97722-8cfb-5355-9d91-503b9620f272,birthday,50,low,2,0.2,0.5,0,2,0.18929946
d4c97722-8cfb-5355-9d91-503b9620f272,birthday,50,low,3,0.05,0.5,0,2,0.08071703
d4c97722-8cfb-5355-9d91-503b9620f272,brunch,50,low,0,0.3,0.5,0,3,0.27989364
d4c97722-8cfb-5355-9d91-503b9620f272,brunch,50,low,1,0.4,0.5,0,3,0.3171549
d4c97722-8cfb-5355-9d91-503b9620f272,brunch,50,low,2,0.2,0.5,0,3,0.2594152
d4c97722-8cfb-5355-9d91-503b9620f272,brunch,50,low,3,0.1,0.5,0,3,0.14353625
d4c97722-8cfb-5355-9d91-503b9620f272,cooking,50,high,0,0.05,0.5,1,4,0.20437361
d4c97722-8cfb-5355-9d91-503b9620f272,cooking,50,high,1,0.7,0.5,1,4,0.39527634
d4c97722-8cfb-5355-9d91-503b9620f272,cooking,50,high,2,0.2,0.5,1,4,0.2374081
d4c97722-8cfb-5355-9d91-503b9620f272,cooking,50,high,3,0.05,0.5,1,4,0.16294199
d4c97722-8cfb-5355-9d91-503b9620f272,dip,75,low,0,0.6,0.75,0,5,0.65482223
d4c97722-8cfb-5355-9d91-503b9620f272,dip,75,low,1,0.25,0.75,0,5,0.18098444
d4c97722-8cfb-5355-9d91-503b9620f272,dip,75,low,2,0.12,0.75,0,5,0.110844776
d4c97722-8cfb-5355-9d91-503b9620f272,dip,75,low,3,0.03,0.75,0,5,0.05334865
d4c97722-8cfb-5355-9d91-503b9620f272,drinks,75,high,0,0.1,0.75,1,6,0.27833256
d4c97722-8cfb-5355-9d91-503b9620f272,drinks,75,high,1,0.15,0.75,1,6,0.35063356
d4c97722-8cfb-5355-9d91-503b9620f272,drinks,75,high,2,0.3,0.75,1,6,0.21363103
d4c97722-8cfb-5355-9d91-503b9620f272,drinks,75,high,3,0.45,0.75,1,6,0.15740284
d4c97722-8cfb-5355-9d91-503b9620f272,driving,75,high,0,0.2,0.75,1,7,0.1351035
d4c97722-8cfb-5355-9d91-503b9620f272,driving,75,high,1,0.45,0.75,1,7,0.40932438
d4c97722-8cfb-5355-9d91-503b9620f272,driving,75,high,2,0.25,0.75,1,7,0.28989655
d4c97722-8cfb-5355-9d91-503b9620f272,driving,75,high,3,0.1,0.75,1,7,0.16567567
d4c97722-8cfb-5355-9d91-503b9620f272,fair,100,low,0,0.2,1.0,0,8,0.37053174
d4c97722-8cfb-5355-9d91-503b9620f272,fair,100,low,1,0.05,1.0,0,8,0.2363968
d4c97722-8cfb-5355-9d91-503b9620f272,fair,100,low,2,0.35,1.0,0,8,0.2622352
d4c97722-8cfb-5355-9d91-503b9620f272,fair,100,low,3,0.4,1.0,0,8,0.1308363
d4c97722-8cfb-5355-9d91-503b9620f272,gala,100,low,0,0.75,1.0,0,9,0.56416404
d4c97722-8cfb-5355-9d91-503b9620f272,gala,100,low,1,0.05,1.0,0,9,0.15963629
d4c97722-8cfb-5355-9d91-503b9620f272,gala,100,low,2,0.05,1.0,0,9,0.14447609
d4c97722-8cfb-5355-9d91-503b9620f272,gala,100,low,3,0.15,1.0,0,9,0.13172355
d4c97722-8cfb-5355-9d91-503b9620f272,hike,100,high,0,0.05,1.0,1,10,0.10209092
d4c97722-8cfb-5355-9d91-503b9620f272,hike,100,high,1,0.25,1.0,1,10,0.34788167
d4c97722-8cfb-5355-9d91-503b9620f272,hike,100,high,2,0.3,1.0,1,10,0.27311608
d4c97722-8cfb-5355-9d91-503b9620f272,hike,100,high,3,0.4,1.0,1,10,0.27691132
d4c97722-8cfb-5355-9d91-503b9620f272,oysters,100,high,0,0.2,1.0,1,11,0.10516431
d4c97722-8cfb-5355-9d91-503b9620f272,oysters,100,high,1,0.45,1.0,1,11,0.31489423
d4c97722-8cfb-5355-9d91-503b9620f272,oysters,100,high,2,0.05,1.0,1,11,0.25911844
d4c97722-8cfb-5355-9d91-503b9620f272,oysters,100,high,3,0.3,1.0,1,11,0.32082298
d4c97722-8cfb-5355-9d91-503b9620f272,social,0,low,0,0.95,0.0,0,12,0.82478136
d4c97722-8cfb-5355-9d91-503b9620f272,social,0,low,1,0.04,0.0,0,12,0.042306297
d4c97722-8cfb-5355-9d91-503b9620f272,social,0,low,2,0.01,0.0,0,12,0.10070582
d4c97722-8cfb-5355-9d91-503b9620f272,social,0,low,3,0.0,0.0,0,12,0.032206487
d4c97722-8cfb-5355-9d91-503b9620f272,soup,0,low,0,0.85,0.0,0,13,0.3659461
d4c97722-8cfb-5355-9d91-503b9620f272,soup,0,low,1,0.12,0.0,0,13,0.5230372
d4c97722-8cfb-5355-9d91-503b9620f272,soup,0,low,2,0.03,0.0,0,13,0.075403504
d4c97722-8cfb-5355-9d91-503b9620f272,soup,0,low,3,0.0,0.0,0,13,0.035613187
d4c97722-8cfb-5355-9d91-503b9620f272,takeout,50,high,0,0.2,0.5,1,14,0.30358016
d4c97722-8cfb-5355-9d91-503b9620f272,takeout,50,high,1,0.65,0.5,1,14,0.49050692
d4c97722-8cfb-5355-9d91-503b9620f272,takeout,50,high,2,0.15,0.5,1,14,0.17717181
d4c97722-8cfb-5355-9d91-503b9620f272,takeout,50,high,3,0.0,0.5,1,14,0.028741147
d4c97722-8cfb-5355-9d91-503b9620f272,wedding,0,high,0,0.8,0.0,1,15,0.3970557
d4c97722-8cfb-5355-9d91-503b9620f272,wedding,0,high,1,0.18,0.0,1,15,0.35221374
d4c97722-8cfb-5355-9d91-503b9620f272,wedding,0,high,2,0.02,0.0,1,15,0.17262787
d4c97722-8cfb-5355-9d91-503b9620f272,wedding,0,high,3,0.0,0.0,1,15,0.07810264
d5258047-de46-5fb3-b9e2-a4fb3cd57d94,apples,50,high,0,0.2,0.5,1,0,0.25700086
d5258047-de46-5fb3-b9e2-a4fb3cd57d94,apples,50,high,1,0.35,0.5,1,0,0.4043876
d5258047-de46-5fb3-b9e2-a4fb3cd57d94,apples,50,high,2,0.37,0.5,1,0,0.17610174
d5258047-de46-5fb3-b9e2-a4fb3cd57d94,apples,50,high,3,0.08,0.5,1,0,0.1625098
d5258047-de46-5fb3-b9e2-a4fb3cd57d94,basketball,100,high,0,0.06,1.0,1,1,0.11880685
d5258047-de46-5fb3-b9e2-a4fb3cd57d94,basketball,100,high,1,0.12,1.0,1,1,0.24552351
d5258047-de46-5fb3-b9e2-a4fb3cd57d94,basketball,100,high,2,0.42,1.0,1,1,0.31783482
d5258047-de46-5fb3-b9e2-a4fb3cd57d94,basketball,100,high,3,0.4,1.0,1,1,0.3178348
d5258047-de46-5fb3-b9e2-a4fb3cd57d94,birthday,75,low,0,0.19,0.75,0,2,0.25470307
d5258047-de46-5fb3-b9e2-a4fb3cd57d94,birthday,75,low,1,0.79,0.75,0,2,0.36682245
d5258047-de46-5fb3-b9e2-a4fb3cd57d94,birthday,75,low,2,0.02,0.75,0,2,0.24243777
d5258047-de46-5fb3-b9e2-a4fb3cd57d94,birthday,75,low,3,0.0,0.75,0,2,0.13603675
d5258047-de46-5fb3-b9e2-a4fb3cd57d94,brunch,50,low,0,0.26,0.5,0,3,0.27989364
d5258047-de46-5fb3-b9e2-a4fb3cd57d94,brunch,50,low,1,0.5,0.5,0,3,0.3171549
d5258047-de46-5fb3-b9e2-a4fb3cd57d94,brunch,50,low,2,0.18,0.5,0,3,0.2594152
d5258047-de46-5fb3-b9e2-a4fb3cd57d94,brunch,50,low,3,0.06,0.5,0,3,0.14353625
d5258047-de46-5fb3-b9e2-a4fb3cd57d94,cooking,0,low,0,0.27,0.0,0,4,0.8578861
d5258047-de46-5fb3-b9e2-a4fb3cd57d94,cooking,0,low,1,0.59,0.0,0,4,0.09232124
d5258047-de46-5fb3-b9e2-a4fb3cd57d94,cooking,0,low,2,0.14,0.0,0,4,0.03482614
d5258047-de46-5fb3-b9e2-a4fb3cd57d94,cooking,0,low,3,0.0,0.0,0,4,0.014966578
d5258047-de46-5fb3-b9e2-a4fb3cd57d94,dip,75,low,0,0.4,0.75,0,5,0.65482223
d5258047-de46-5fb3-b9e2-a4fb3cd57d94,dip,75,low,1,0.34,0.75,0,5,0.18098444
d5258047-de46-5fb3-b9e2-a4fb3cd57d94,dip,75,low,2,0.16,0.75,0,5,0.110844776
d5258047-de46-5fb3-b9e2-a4fb3cd57d94,dip,75,low,3,0.1,0.75,0,5,0.05334865
d5258047-de46-5fb3-b9e2-a4fb3cd57d94,drinks,50,high,0,0.19,0.5,1,6,0.35946196
d5258047-de46-5fb3-b9e2-a4fb3cd57d94,drinks,50,high,1,0.77,0.5,1,6,0.3741043
d5258047-de46-5fb3-b9e2-a4fb3cd57d94,drinks,50,high,2,0.04,0.5,1,6,0.167113
d5258047-de46-5fb3-b9e2-a4fb3cd57d94,drinks,50,high,3,0.0,0.5,1,6,0.09932076
d5258047-de46-5fb3-b9e2-a4fb3cd57d94,driving,100,low,0,0.36,1.0,0,7,0.28515202
d5258047-de46-5fb3-b9e2-a4fb3cd57d94,driving,100,low,1,0.25,1.0,0,7,0.23713657
d5258047-de46-5fb3-b9e2-a4fb3cd57d94,driving,100,low,2,0.3,1.0,0,7,0.25528738
d5258047-de46-5fb3-b9e2-a4fb3cd57d94,driving,100,low,3,0.09,1.0,0,7,0.22242402
d5258047-de46-5fb3-b9e2-a4fb3cd57d94,fair,0,high,0,0.1,0.0,1,8,0.32640508
d5258047-de46-5fb3-b9e2-a4fb3cd57d94,fair,0,high,1,0.87,0.0,1,8,0.540167
d5258047-de46-5fb3-b9e2-a4fb3cd57d94,fair,0,high,2,0.03,0.0,1,8,0.08559175
d5258047-de46-5fb3-b9e2-a4fb3cd57d94,fair,0,high,3,0.0,0.0,1,8,0.047836132
d5258047-de46-5fb3-b9e2-a4fb3cd57d94,gala,0,low,0,0.76,0.0,0,9,0.8866782
d5258047-de46-5fb3-b9e2-a4fb3cd57d94,gala,0,low,1,0.2,0.0,0,9,0.07345924
d5258047-de46-5fb3-b9e2-a4fb3cd57d94,gala,0,low,2,0.02,0.0,0,9,0.028000446
d5258047-de46-5fb3-b9e2-a4fb3cd57d94,gala,0,low,3,0.02,0.0,0,9,0.011862111
d5258047-de46-5fb3-b9e2-a4fb3cd57d94,hike,50,low,0,0.56,0.5,0,10,0.51034856
d5258047-de46-5fb3-b9e2-a4fb3cd57d94,hike,50,low,1,0.33,0.5,0,10,0.27600068
d5258047-de46-5fb3-b9e2-a4fb3cd57d94,hike,50,low,2,0.1,0.5,0,10,0.1420938
d5258047-de46-5fb3-b9e2-a4fb3cd57d94,hike,50,low,3,0.01,0.5,0,10,0.07155705
d5258047-de46-5fb3-b9e2-a4fb3cd57d94,oysters,75,high,0,0.09,0.75,1,11,0.17662722
d5258047-de46-5fb3-b9e2-a4fb3cd57d94,oysters,75,high,1,0.9,0.75,1,11,0.31998342
d5258047-de46-5fb3-b9e2-a4fb3cd57d94,oysters,75,high,2,0.0,0.75,1,11,0.30614635
d5258047-de46-5fb3-b9e2-a4fb3cd57d94,oysters,75,high,3,0.01,0.75,1,11,0.19724306
d5258047-de46-5fb3-b9e2-a4fb3cd57d94,social,0,high,0,0.85,0.0,1,12,0.65139556
d5258047-de46-5fb3-b9e2-a4fb3cd57d94,social,0,high,1,0.11,0.0,1,12,0.08862829
d5258047-de46-5fb3-b9e2-a4fb3cd57d94,social,0,high,2,0.03,0.0,1,12,0.1875765
d5258047-de46-5fb3-b9e2-a4fb3cd57d94,social,0,high,3,0.01,0.0,1,12,0.07239971
d5258047-de46-5fb3-b9e2-a4fb3cd57d94,soup,100,high,0,0.28,1.0,1,13,0.14633904
d5258047-de46-5fb3-b9e2-a4fb3cd57d94,soup,100,high,1,0.37,1.0,1,13,0.24083959
d5258047-de46-5fb3-b9e2-a4fb3cd57d94,soup,100,high,2,0.35,1.0,1,13,0.26933384
d5258047-de46-5fb3-b9e2-a4fb3cd57d94,soup,100,high,3,0.0,1.0,1,13,0.34348753
d5258047-de46-5fb3-b9e2-a4fb3cd57d94,takeout,75,high,0,0.06,0.75,1,14,0.2439953
d5258047-de46-5fb3-b9e2-a4fb3cd57d94,takeout,75,high,1,0.94,0.75,1,14,0.45767552
d5258047-de46-5fb3-b9e2-a4fb3cd57d94,takeout,75,high,2,0.0,0.75,1,14,0.2510497
d5258047-de46-5fb3-b9e2-a4fb3cd57d94,takeout,75,high,3,0.0,0.75,1,14,0.047279578
d5258047-de46-5fb3-b9e2-a4fb3cd57d94,wedding,100,low,0,0.23,1.0,0,15,0.35762483
d5258047-de46-5fb3-b9e2-a4fb3cd57d94,wedding,100,low,1,0.15,1.0,0,15,0.22430809
d5258047-de46-5fb3-b9e2-a4fb3cd57d94,wedding,100,low,2,0.38,1.0,0,15,0.2361927
d5258047-de46-5fb3-b9e2-a4fb3cd57d94,wedding,100,low,3,0.24,1.0,0,15,0.18187447
d55b08a4-11b4-500e-a46b-b3e5d7490553,apples,100,low,0,0.05,1.0,0,0,0.2761688
d55b08a4-11b4-500e-a46b-b3e5d7490553,apples,100,low,1,0.05,1.0,0,0,0.247245
d55b08a4-11b4-500e-a46b-b3e5d7490553,apples,100,low,2,0.35,1.0,0,0,0.23829313
d55b08a4-11b4-500e-a46b-b3e5d7490553,apples,100,low,3,0.55,1.0,0,0,0.23829311
d55b08a4-11b4-500e-a46b-b3e5d7490553,basketball,75,high,0,0.0,0.75,1,1,0.20223837
d55b08a4-11b4-500e-a46b-b3e5d7490553,basketball,75,high,1,0.5,0.75,1,1,0.38436523
d55b08a4-11b4-500e-a46b-b3e5d7490553,basketball,75,high,2,0.5,0.75,1,1,0.2153484
d55b08a4-11b4-500e-a46b-b3e5d7490553,basketball,75,high,3,0.0,0.75,1,1,0.19804801
d55b08a4-11b4-500e-a46b-b3e5d7490553,birthday,0,high,0,0.0,0.0,1,2,0.20118563
d55b08a4-11b4-500e-a46b-b3e5d7490553,birthday,0,high,1,1.0,0.0,1,2,0.6368108
d55b08a4-11b4-500e-a46b-b3e5d7490553,birthday,0,high,2,0.0,0.0,1,2,0.12867387
d55b08a4-11b4-500e-a46b-b3e5d7490553,birthday,0,high,3,0.0,0.0,1,2,0.033329796
d55b08a4-11b4-500e-a46b-b3e5d7490553,brunch,50,low,0,0.4,0.5,0,3,0.27989364
d55b08a4-11b4-500e-a46b-b3e5d7490553,brunch,50,low,1,0.3,0.5,0,3,0.3171549
d55b08a4-11b4-500e-a46b-b3e5d7490553,brunch,50,low,2,0.3,0.5,0,3,0.2594152
d55b08a4-11b4-500e-a46b-b3e5d7490553,brunch,50,low,3,0.0,0.5,0,3,0.14353625
d55b08a4-11b4-500e-a46b-b3e5d7490553,cooking,50,low,0,0.8,0.5,0,4,0.7692103
d55b08a4-11b4-500e-a46b-b3e5d7490553,cooking,50,low,1,0.2,0.5,0,4,0.12459549
d55b08a4-11b4-500e-a46b-b3e5d7490553,cooking,50,low,2,0.0,0.5,0,4,0.0665355
d55b08a4-11b4-500e-a46b-b3e5d7490553,cooking,50,low,3,0.0,0.5,0,4,0.039658718
d55b08a4-11b4-500e-a46b-b3e5d7490553,dip,100,high,0,0.0,1.0,1,5,0.10021788
d55b08a4-11b4-500e-a46b-b3e5d7490553,dip,100,high,1,0.45,1.0,1,5,0.36763847
d55b08a4-11b4-500e-a46b-b3e5d7490553,dip,100,high,2,0.1,1.0,1,5,0.30430344
d55b08a4-11b4-500e-a46b-b3e5d7490553,dip,100,high,3,0.45,1.0,1,5,0.22784017
d55b08a4-11b4-500e-a46b-b3e5d7490553,drinks,100,low,0,0.4,1.0,0,6,0.56589127
d55b08a4-11b4-500e-a46b-b3e5d7490553,drinks,100,low,1,0.04,1.0,0,6,0.15074226
d55b08a4-11b4-500e-a46b-b3e5d7490553,drinks,100,low,2,0.28,1.0,0,6,0.14196308
d55b08a4-11b4-500e-a46b-b3e5d7490553,drinks,100,low,3,0.28,1.0,0,6,0.14140333
d55b08a4-11b4-500e-a46b-b3e5d7490553,driving,75,high,0,0.02,0.75,1,7,0.1351035
d55b08a4-11b4-500e-a46b-b3e5d7490553,driving,75,high,1,0.32,0.75,1,7,0.40932438
d55b08a4-11b4-500e-a46b-b3e5d7490553,driving,75,high,2,0.33,0.75,1,7,0.28989655
d55b08a4-11b4-500e-a46b-b3e5d7490553,driving,75,high,3,0.33,0.75,1,7,0.16567567
d55b08a4-11b4-500e-a46b-b3e5d7490553,fair,0,low,0,0.7,0.0,0,8,0.62978035
d55b08a4-11b4-500e-a46b-b3e5d7490553,fair,0,low,1,0.3,0.0,0,8,0.31427956
d55b08a4-11b4-500e-a46b-b3e5d7490553,fair,0,low,2,0.0,0.0,0,8,0.04427682
d55b08a4-11b4-500e-a46b-b3e5d7490553,fair,0,low,3,0.0,0.0,0,8,0.011663312
d55b08a4-11b4-500e-a46b-b3e5d7490553,gala,75,low,0,0.7,0.75,0,9,0.71443945
d55b08a4-11b4-500e-a46b-b3e5d7490553,gala,75,low,1,0.0,0.75,0,9,0.13299528
d55b08a4-11b4-500e-a46b-b3e5d7490553,gala,75,low,2,0.15,0.75,0,9,0.08963433
d55b08a4-11b4-500e-a46b-b3e5d7490553,gala,75,low,3,0.15,0.75,0,9,0.06293091
d55b08a4-11b4-500e-a46b-b3e5d7490553,hike,0,high,0,0.45,0.0,1,10,0.31990948
d55b08a4-11b4-500e-a46b-b3e5d7490553,hike,0,high,1,0.45,0.0,1,10,0.5216798
d55b08a4-11b4-500e-a46b-b3e5d7490553,hike,0,high,2,0.05,0.0,1,10,0.108692184
d55b08a4-11b4-500e-a46b-b3e5d7490553,hike,0,high,3,0.05,0.0,1,10,0.049718577
d55b08a4-11b4-500e-a46b-b3e5d7490553,oysters,50,high,0,0.2,0.5,1,11,0.24033377
d55b08a4-11b4-500e-a46b-b3e5d7490553,oysters,50,high,1,0.8,0.5,1,11,0.30433637
d55b08a4-11b4-500e-a46b-b3e5d7490553,oysters,50,high,2,0.0,0.5,1,11,0.32420126
d55b08a4-11b4-500e-a46b-b3e5d7490553,oysters,50,high,3,0.0,0.5,1,11,0.1311286
d55b08a4-11b4-500e-a46b-b3e5d7490553,social,50,high,0,0.02,0.5,1,12,0.4027943
d55b08a4-11b4-500e-a46b-b3e5d7490553,social,50,high,1,0.8,0.5,1,12,0.17468879
d55b08a4-11b4-500e-a46b-b3e5d7490553,social,50,high,2,0.1,0.5,1,12,0.26985493
d55b08a4-11b4-500e-a46b-b3e5d7490553,social,50,high,3,0.08,0.5,1,12,0.15266201
d55b08a4-11b4-500e-a46b-b3e5d7490553,soup,100,high,0,0.0,1.0,1,13,0.14633904
d55b08a4-11b4-500e-a46b-b3e5d7490553,soup,100,high,1,0.0,1.0,1,13,0.24083959
d55b08a4-11b4-500e-a46b-b3e5d7490553,soup,100,high,2,0.0,1.0,1,13,0.26933384
d55b08a4-11b4-500e-a46b-b3e5d7490553,soup,100,high,3,1.0,1.0,1,13,0.34348753
d55b08a4-11b4-500e-a46b-b3e5d7490553,takeout,0,low,0,0.95,0.0,0,14,0.66916895
d55b08a4-11b4-500e-a46b-b3e5d7490553,takeout,0,low,1,0.05,0.0,0,14,0.27415937
d55b08a4-11b4-500e-a46b-b3e5d7490553,takeout,0,low,2,0.0,0.0,0,14,0.048414838
d55b08a4-11b4-500e-a46b-b3e5d7490553,takeout,0,low,3,0.0,0.0,0,14,0.008256775
d55b08a4-11b4-500e-a46b-b3e5d7490553,wedding,75,low,0,0.25,0.75,0,15,0.51931244
d55b08a4-11b4-500e-a46b-b3e5d7490553,wedding,75,low,1,0.25,0.75,0,15,0.2142844
d55b08a4-11b4-500e-a46b-b3e5d7490553,wedding,75,low,2,0.25,0.75,0,15,0.16972683
d55b08a4-11b4-500e-a46b-b3e5d7490553,wedding,75,low,3,0.25,0.75,0,15,0.09667626
d779b210-5987-56b8-a3c3-bf06e8c304fb,apples,50,low,0,0.85,0.5,0,0,0.56864893
d779b210-5987-56b8-a3c3-bf06e8c304fb,apples,50,low,1,0.06,0.5,0,0,0.24850366
d779b210-5987-56b8-a3c3-bf06e8c304fb,apples,50,low,2,0.06,0.5,0,0,0.09509347
d779b210-5987-56b8-a3c3-bf06e8c304fb,apples,50,low,3,0.03,0.5,0,0,0.08775395
d779b210-5987-56b8-a3c3-bf06e8c304fb,basketball,75,low,0,0.19,0.75,0,1,0.42199868
d779b210-5987-56b8-a3c3-bf06e8c304fb,basketball,75,low,1,0.73,0.75,0,1,0.27848366
d779b210-5987-56b8-a3c3-bf06e8c304fb,basketball,75,low,2,0.05,0.75,0,1,0.15602612
d779b210-5987-56b8-a3c3-bf06e8c304fb,basketball,75,low,3,0.03,0.75,0,1,0.1434915
d779b210-5987-56b8-a3c3-bf06e8c304fb,birthday,75,low,0,0.02,0.75,0,2,0.25470307
d779b210-5987-56b8-a3c3-bf06e8c304fb,birthday,75,low,1,0.07,0.75,0,2,0.36682245
d779b210-5987-56b8-a3c3-bf06e8c304fb,birthday,75,low,2,0.82,0.75,0,2,0.24243777
d779b210-5987-56b8-a3c3-bf06e8c304fb,birthday,75,low,3,0.09,0.75,0,2,0.13603675
d779b210-5987-56b8-a3c3-bf06e8c304fb,brunch,0,high,0,0.0,0.0,1,3,0.26180592
d779b210-5987-56b8-a3c3-bf06e8c304fb,brunch,0,high,1,0.6,0.0,1,3,0.39796382
d779b210-5987-56b8-a3c3-bf06e8c304fb,brunch,0,high,2,0.39,0.0,1,3,0.24755734
d779b210-5987-56b8-a3c3-bf06e8c304fb,brunch,0,high,3,0.01,0.0,1,3,0.09267295
d779b210-5987-56b8-a3c3-bf06e8c304fb,cooking,75,high,0,0.0,0.75,1,4,0.14785571
d779b210-5987-56b8-a3c3-bf06e8c304fb,cooking,75,high,1,0.91,0.75,1,4,0.3630791
d779b210-5987-56b8-a3c3-bf06e8c304fb,cooking,75,high,2,0.08,0.75,1,4,0.26713452
d779b210-5987-56b8-a3c3-bf06e8c304fb,cooking,75,high,3,0.01,0.75,1,4,0.22193062
d779b210-5987-56b8-a3c3-bf06e8c304fb,dip,0,low,0,0.97,0.0,0,5,0.7331288
d779b210-5987-56b8-a3c3-bf06e8c304fb,dip,0,low,1,0.02,0.0,0,5,0.20262736
d779b210-5987-56b8-a3c3-bf06e8c304fb,dip,0,low,2,0.01,0.0,0,5,0.055230852
d779b210-5987-56b8-a3c3-bf06e8c304fb,dip,0,low,3,0.0,0.0,0,5,0.00901291
d779b210-5987-56b8-a3c3-bf06e8c304fb,drinks,50,high,0,0.07,0.5,1,6,0.35946196
d779b210-5987-56b8-a3c3-bf06e8c304fb,drinks,50,high,1,0.0,0.5,1,6,0.3741043
d779b210-5987-56b8-a3c3-bf06e8c304fb,drinks,50,high,2,0.52,0.5,1,6,0.167113
d779b210-5987-56b8-a3c3-bf06e8c304fb,drinks,50,high,3,0.41,0.5,1,6,0.09932076
d779b210-5987-56b8-a3c3-bf06e8c304fb,driving,50,low,0,0.9,0.5,0,7,0.41526043
d779b210-5987-56b8-a3c3-bf06e8c304fb,driving,50,low,1,0.08,0.5,0,7,0.34533665
d779b210-5987-56b8-a3c3-bf06e8c304fb,driving,50,low,2,0.01,0.5,0,7,0.1814718
d779b210-5987-56b8-a3c3-bf06e8c304fb,driving,50,low,3,0.01,0.5,0,7,0.05793105
d779b210-5987-56b8-a3c3-bf06e8c304fb,fair,100,high,0,0.0,1.0,1,8,0.116963215
d779b210-5987-56b8-a3c3-bf06e8c304fb,fair,100,high,1,0.01,1.0,1,8,0.2474626
d779b210-5987-56b8-a3c3-bf06e8c304fb,fair,100,high,2,0.09,1.0,1,8,0.30874684
d779b210-5987-56b8-a3c3-bf06e8c304fb,fair,100,high,3,0.9,1.0,1,8,0.32682738
d779b210-5987-56b8-a3c3-bf06e8c304fb,gala,0,high,0,0.01,0.0,1,9,0.36991814
d779b210-5987-56b8-a3c3-bf06e8c304fb,gala,0,high,1,0.18,0.0,1,9,0.39267284
d779b210-5987-56b8-a3c3-bf06e8c304fb,gala,0,high,2,0.52,0.0,1,9,0.15431948
d779b210-5987-56b8-a3c3-bf06e8c304fb,gala,0,high,3,0.29,0.0,1,9,0.083089605
d779b210-5987-56b8-a3c3-bf06e8c304fb,hike,100,low,0,0.92,1.0,0,10,0.28530428
d779b210-5987-56b8-a3c3-bf06e8c304fb,hike,100,low,1,0.02,1.0,0,10,0.2372631
d779b210-5987-56b8-a3c3-bf06e8c304fb,hike,100,low,2,0.03,1.0,0,10,0.26501876
d779b210-5987-56b8-a3c3-bf06e8c304fb,hike,100,low,3,0.03,1.0,0,10,0.21241388
d779b210-5987-56b8-a3c3-bf06e8c304fb,oysters,50,high,0,0.52,0.5,1,11,0.24033377
d779b210-5987-56b8-a3c3-bf06e8c304fb,oysters,50,high,1,0.48,0.5,1,11,0.30433637
d779b210-5987-56b8-a3c3-bf06e8c304fb,oysters,50,high,2,0.0,0.5,1,11,0.32420126
d779b210-5987-56b8-a3c3-bf06e8c304fb,oysters,50,high,3,0.0,0.5,1,11,0.1311286
d779b210-5987-56b8-a3c3-bf06e8c304fb,social,75,high,0,0.01,0.75,1,12,0.26838598
d779b210-5987-56b8-a3c3-bf06e8c304fb,social,75,high,1,0.47,0.75,1,12,0.22903113
d779b210-5987-56b8-a3c3-bf06e8c304fb,social,75,high,2,0.37,0.75,1,12,0.2943885
d779b210-5987-56b8-a3c3-bf06e8c304fb,social,75,high,3,0.15,0.75,1,12,0.20819436
d779b210-5987-56b8-a3c3-bf06e8c304fb,soup,100,high,0,0.99,1.0,1,13,0.14633904
d779b210-5987-56b8-a3c3-bf06e8c304fb,soup,100,high,1,0.0,1.0,1,13,0.24083959
d779b210-5987-56b8-a3c3-bf06e8c304fb,soup,100,high,2,0.0,1.0,1,13,0.26933384
d779b210-5987-56b8-a3c3-bf06e8c304fb,soup,100,high,3,0.01,1.0,1,13,0.34348753
d779b210-5987-56b8-a3c3-bf06e8c304fb,takeout,0,low,0,0.91,0.0,0,14,0.66916895
d779b210-5987-56b8-a3c3-bf06e8c304fb,takeout,0,low,1,0.06,0.0,0,14,0.27415937
d779b210-5987-56b8-a3c3-bf06e8c304fb,takeout,0,low,2,0.03,0.0,0,14,0.048414838
d779b210-5987-56b8-a3c3-bf06e8c304fb,takeout,0,low,3,0.0,0.0,0,14,0.008256775
d779b210-5987-56b8-a3c3-bf06e8c304fb,wedding,100,low,0,0.95,1.0,0,15,0.35762483
d779b210-5987-56b8-a3c3-bf06e8c304fb,wedding,100,low,1,0.01,1.0,0,15,0.22430809
d779b210-5987-56b8-a3c3-bf06e8c304fb,wedding,100,low,2,0.01,1.0,0,15,0.2361927
d779b210-5987-56b8-a3c3-bf06e8c304fb,wedding,100,low,3,0.03,1.0,0,15,0.18187447
d847c1ab-03f1-5c32-bc70-e304793fe6a6,apples,0,low,0,0.77,0.0,0,0,0.7356681
d847c1ab-03f1-5c32-bc70-e304793fe6a6,apples,0,low,1,0.23,0.0,0,0,0.1928364
d847c1ab-03f1-5c32-bc70-e304793fe6a6,apples,0,low,2,0.0,0.0,0,0,0.038202766
d847c1ab-03f1-5c32-bc70-e304793fe6a6,apples,0,low,3,0.0,0.0,0,0,0.033292685
d847c1ab-03f1-5c32-bc70-e304793fe6a6,basketball,50,high,0,0.02,0.5,1,1,0.26170138
d847c1ab-03f1-5c32-bc70-e304793fe6a6,basketball,50,high,1,0.81,0.5,1,1,0.46855953
d847c1ab-03f1-5c32-bc70-e304793fe6a6,basketball,50,high,2,0.14,0.5,1,1,0.1445255
d847c1ab-03f1-5c32-bc70-e304793fe6a6,basketball,50,high,3,0.03,0.5,1,1,0.12521361
d847c1ab-03f1-5c32-bc70-e304793fe6a6,birthday,50,low,0,0.06,0.5,0,2,0.29914954
d847c1ab-03f1-5c32-bc70-e304793fe6a6,birthday,50,low,1,0.71,0.5,0,2,0.43083405
d847c1ab-03f1-5c32-bc70-e304793fe6a6,birthday,50,low,2,0.23,0.5,0,2,0.18929946
d847c1ab-03f1-5c32-bc70-e304793fe6a6,birthday,50,low,3,0.0,0.5,0,2,0.08071703
d847c1ab-03f1-5c32-bc70-e304793fe6a6,brunch,50,low,0,0.06,0.5,0,3,0.27989364
d847c1ab-03f1-5c32-bc70-e304793fe6a6,brunch,50,low,1,0.7,0.5,0,3,0.3171549
d847c1ab-03f1-5c32-bc70-e304793fe6a6,brunch,50,low,2,0.15,0.5,0,3,0.2594152
d847c1ab-03f1-5c32-bc70-e304793fe6a6,brunch,50,low,3,0.09,0.5,0,3,0.14353625
d847c1ab-03f1-5c32-bc70-e304793fe6a6,cooking,100,low,0,0.86,1.0,0,4,0.56390643
d847c1ab-03f1-5c32-bc70-e304793fe6a6,cooking,100,low,1,0.05,1.0,0,4,0.1621197
d847c1ab-03f1-5c32-bc70-e304793fe6a6,cooking,100,low,2,0.09,1.0,0,4,0.14098814
d847c1ab-03f1-5c32-bc70-e304793fe6a6,cooking,100,low,3,0.0,1.0,0,4,0.13298574
d847c1ab-03f1-5c32-bc70-e304793fe6a6,dip,75,high,0,0.0,0.75,1,5,0.13296467
d847c1ab-03f1-5c32-bc70-e304793fe6a6,dip,75,high,1,0.26,0.75,1,5,0.4877666
d847c1ab-03f1-5c32-bc70-e304793fe6a6,dip,75,high,2,0.61,0.75,1,5,0.26560885
d847c1ab-03f1-5c32-bc70-e304793fe6a6,dip,75,high,3,0.13,0.75,1,5,0.11365985
d847c1ab-03f1-5c32-bc70-e304793fe6a6,drinks,100,low,0,0.06,1.0,0,6,0.56589127
d847c1ab-03f1-5c32-bc70-e304793fe6a6,drinks,100,low,1,0.47,1.0,0,6,0.15074226
d847c1ab-03f1-5c32-bc70-e304793fe6a6,drinks,100,low,2,0.22,1.0,0,6,0.14196308
d847c1ab-03f1-5c32-bc70-e304793fe6a6,drinks,100,low,3,0.25,1.0,0,6,0.14140333
d847c1ab-03f1-5c32-bc70-e304793fe6a6,driving,75,low,0,0.6,0.75,0,7,0.36953267
d847c1ab-03f1-5c32-bc70-e304793fe6a6,driving,75,low,1,0.35,0.75,0,7,0.30730876
d847c1ab-03f1-5c32-bc70-e304793fe6a6,driving,75,low,2,0.0,0.75,0,7,0.21764581
d847c1ab-03f1-5c32-bc70-e304793fe6a6,driving,75,low,3,0.05,0.75,0,7,0.10551278
d847c1ab-03f1-5c32-bc70-e304793fe6a6,fair,0,high,0,0.0,0.0,1,8,0.32640508
d847c1ab-03f1-5c32-bc70-e304793fe6a6,fair,0,high,1,0.84,0.0,1,8,0.540167
d847c1ab-03f1-5c32-bc70-e304793fe6a6,fair,0,high,2,0.14,0.0,1,8,0.08559175
d847c1ab-03f1-5c32-bc70-e304793fe6a6,fair,0,high,3,0.02,0.0,1,8,0.047836132
d847c1ab-03f1-5c32-bc70-e304793fe6a6,gala,75,low,0,0.76,0.75,0,9,0.71443945
d847c1ab-03f1-5c32-bc70-e304793fe6a6,gala,75,low,1,0.13,0.75,0,9,0.13299528
d847c1ab-03f1-5c32-bc70-e304793fe6a6,gala,75,low,2,0.09,0.75,0,9,0.08963433
d847c1ab-03f1-5c32-bc70-e304793fe6a6,gala,75,low,3,0.02,0.75,0,9,0.06293091
d847c1ab-03f1-5c32-bc70-e304793fe6a6,hike,75,high,0,0.07,0.75,1,10,0.16673161
d847c1ab-03f1-5c32-bc70-e304793fe6a6,hike,75,high,1,0.36,0.75,1,10,0.44192556
d847c1ab-03f1-5c32-bc70-e304793fe6a6,hike,75,high,2,0.44,0.75,1,10,0.22072983
d847c1ab-03f1-5c32-bc70-e304793fe6a6,hike,75,high,3,0.13,0.75,1,10,0.17061298
d847c1ab-03f1-5c32-bc70-e304793fe6a6,oysters,50,high,0,0.86,0.5,1,11,0.24033377
d847c1ab-03f1-5c32-bc70-e304793fe6a6,oysters,50,high,1,0.06,0.5,1,11,0.30433637
d847c1ab-03f1-5c32-bc70-e304793fe6a6,oysters,50,high,2,0.08,0.5,1,11,0.32420126
d847c1ab-03f1-5c32-bc70-e304793fe6a6,oysters,50,high,3,0.0,0.5,1,11,0.1311286
d847c1ab-03f1-5c32-bc70-e304793fe6a6,social,0,low,0,1.0,0.0,0,12,0.82478136
d847c1ab-03f1-5c32-bc70-e304793fe6a6,social,0,low,1,0.0,0.0,0,12,0.042306297
d847c1ab-03f1-5c32-bc70-e304793fe6a6,social,0,low,2,0.0,0.0,0,12,0.10070582
d847c1ab-03f1-5c32-bc70-e304793fe6a6,social,0,low,3,0.0,0.0,0,12,0.032206487
d847c1ab-03f1-5c32-bc70-e304793fe6a6,soup,100,high,0,0.07,1.0,1,13,0.14633904
d847c1ab-03f1-5c32-bc70-e304793fe6a6,soup,100,high,1,0.34,1.0,1,13,0.24083959
d847c1ab-03f1-5c32-bc70-e304793fe6a6,soup,100,high,2,0.0,1.0,1,13,0.26933384
d847c1ab-03f1-5c32-bc70-e304793fe6a6,soup,100,high,3,0.59,1.0,1,13,0.34348753
d847c1ab-03f1-5c32-bc70-e304793fe6a6,takeout,0,high,0,0.11,0.0,1,14,0.39998376
d847c1ab-03f1-5c32-bc70-e304793fe6a6,takeout,0,high,1,0.55,0.0,1,14,0.5005222
d847c1ab-03f1-5c32-bc70-e304793fe6a6,takeout,0,high,2,0.34,0.0,1,14,0.088389106
d847c1ab-03f1-5c32-bc70-e304793fe6a6,takeout,0,high,3,0.0,0.0,1,14,0.011104971
d847c1ab-03f1-5c32-bc70-e304793fe6a6,wedding,100,high,0,0.11,1.0,1,15,0.08925787
d847c1ab-03f1-5c32-bc70-e304793fe6a6,wedding,100,high,1,0.39,1.0,1,15,0.2704253
d847c1ab-03f1-5c32-bc70-e304793fe6a6,wedding,100,high,2,0.2,1.0,1,15,0.30555892
d847c1ab-03f1-5c32-bc70-e304793fe6a6,wedding,100,high,3,0.3,1.0,1,15,0.33475792
d8b3a6ed-1126-57e6-9e79-e9a60816a91f,apples,100,low,0,1.0,1.0,0,0,0.2761688
d8b3a6ed-1126-57e6-9e79-e9a60816a91f,apples,100,low,1,0.0,1.0,0,0,0.247245
d8b3a6ed-1126-57e6-9e79-e9a60816a91f,apples,100,low,2,0.0,1.0,0,0,0.23829313
d8b3a6ed-1126-57e6-9e79-e9a60816a91f,apples,100,low,3,0.0,1.0,0,0,0.23829311
d8b3a6ed-1126-57e6-9e79-e9a60816a91f,basketball,0,high,0,0.0,0.0,1,1,0.34058285
d8b3a6ed-1126-57e6-9e79-e9a60816a91f,basketball,0,high,1,1.0,0.0,1,1,0.5505353
d8b3a6ed-1126-57e6-9e79-e9a60816a91f,basketball,0,high,2,0.0,0.0,1,1,0.061094463
d8b3a6ed-1126-57e6-9e79-e9a60816a91f,basketball,0,high,3,0.0,0.0,1,1,0.047787316
d8b3a6ed-1126-57e6-9e79-e9a60816a91f,birthday,0,high,0,0.0,0.0,1,2,0.20118563
d8b3a6ed-1126-57e6-9e79-e9a60816a91f,birthday,0,high,1,1.0,0.0,1,2,0.6368108
d8b3a6ed-1126-57e6-9e79-e9a60816a91f,birthday,0,high,2,0.0,0.0,1,2,0.12867387
d8b3a6ed-1126-57e6-9e79-e9a60816a91f,birthday,0,high,3,0.0,0.0,1,2,0.033329796
d8b3a6ed-1126-57e6-9e79-e9a60816a91f,brunch,75,low,0,0.64,0.75,0,3,0.27379805
d8b3a6ed-1126-57e6-9e79-e9a60816a91f,brunch,75,low,1,0.36,0.75,0,3,0.2753374
d8b3a6ed-1126-57e6-9e79-e9a60816a91f,brunch,75,low,2,0.0,0.75,0,3,0.262078
d8b3a6ed-1126-57e6-9e79-e9a60816a91f,brunch,75,low,3,0.0,0.75,0,3,0.18878654
d8b3a6ed-1126-57e6-9e79-e9a60816a91f,cooking,50,low,0,0.0,0.5,0,4,0.7692103
d8b3a6ed-1126-57e6-9e79-e9a60816a91f,cooking,50,low,1,1.0,0.5,0,4,0.12459549
d8b3a6ed-1126-57e6-9e79-e9a60816a91f,cooking,50,low,2,0.0,0.5,0,4,0.0665355
d8b3a6ed-1126-57e6-9e79-e9a60816a91f,cooking,50,low,3,0.0,0.5,0,4,0.039658718
d8b3a6ed-1126-57e6-9e79-e9a60816a91f,dip,100,high,0,0.0,1.0,1,5,0.10021788
d8b3a6ed-1126-57e6-9e79-e9a60816a91f,dip,100,high,1,0.68,1.0,1,5,0.36763847
d8b3a6ed-1126-57e6-9e79-e9a60816a91f,dip,100,high,2,0.32,1.0,1,5,0.30430344
d8b3a6ed-1126-57e6-9e79-e9a60816a91f,dip,100,high,3,0.0,1.0,1,5,0.22784017
d8b3a6ed-1126-57e6-9e79-e9a60816a91f,drinks,100,low,0,0.22,1.0,0,6,0.56589127
d8b3a6ed-1126-57e6-9e79-e9a60816a91f,drinks,100,low,1,0.0,1.0,0,6,0.15074226
d8b3a6ed-1126-57e6-9e79-e9a60816a91f,drinks,100,low,2,0.0,1.0,0,6,0.14196308
d8b3a6ed-1126-57e6-9e79-e9a60816a91f,drinks,100,low,3,0.78,1.0,0,6,0.14140333
d8b3a6ed-1126-57e6-9e79-e9a60816a91f,driving,0,low,0,0.4,0.0,0,7,0.46846104
d8b3a6ed-1126-57e6-9e79-e9a60816a91f,driving,0,low,1,0.6,0.0,0,7,0.38957903
d8b3a6ed-1126-57e6-9e79-e9a60816a91f,driving,0,low,2,0.0,0.0,0,7,0.12279496
d8b3a6ed-1126-57e6-9e79-e9a60816a91f,driving,0,low,3,0.0,0.0,0,7,0.019165
d8b3a6ed-1126-57e6-9e79-e9a60816a91f,fair,0,low,0,0.0,0.0,0,8,0.62978035
d8b3a6ed-1126-57e6-9e79-e9a60816a91f,fair,0,low,1,1.0,0.0,0,8,0.31427956
d8b3a6ed-1126-57e6-9e79-e9a60816a91f,fair,0,low,2,0.0,0.0,0,8,0.04427682
d8b3a6ed-1126-57e6-9e79-e9a60816a91f,fair,0,low,3,0.0,0.0,0,8,0.011663312
d8b3a6ed-1126-57e6-9e79-e9a60816a91f,gala,75,low,0,1.0,0.75,0,9,0.71443945
d8b3a6ed-1126-57e6-9e79-e9a60816a91f,gala,75,low,1,0.0,0.75,0,9,0.13299528
d8b3a6ed-1126-57e6-9e79-e9a60816a91f,gala,75,low,2,0.0,0.75,0,9,0.08963433
d8b3a6ed-1126-57e6-9e79-e9a60816a91f,gala,75,low,3,0.0,0.75,0,9,0.06293091
d8b3a6ed-1126-57e6-9e79-e9a60816a91f,hike,50,high,0,0.2,0.5,1,10,0.22081594
d8b3a6ed-1126-57e6-9e79-e9a60816a91f,hike,50,high,1,0.8,0.5,1,10,0.48932368
d8b3a6ed-1126-57e6-9e79-e9a60816a91f,hike,50,high,2,0.0,0.5,1,10,0.17706409
d8b3a6ed-1126-57e6-9e79-e9a60816a91f,hike,50,high,3,0.0,0.5,1,10,0.11279631
d8b3a6ed-1126-57e6-9e79-e9a60816a91f,oysters,50,low,0,0.85,0.5,0,11,0.5016542
d8b3a6ed-1126-57e6-9e79-e9a60816a91f,oysters,50,low,1,0.15,0.5,0,11,0.17642859
d8b3a6ed-1126-57e6-9e79-e9a60816a91f,oysters,50,low,2,0.0,0.5,0,11,0.2551191
d8b3a6ed-1126-57e6-9e79-e9a60816a91f,oysters,50,low,3,0.0,0.5,0,11,0.066798165
d8b3a6ed-1126-57e6-9e79-e9a60816a91f,social,50,high,0,1.0,0.5,1,12,0.4027943
d8b3a6ed-1126-57e6-9e79-e9a60816a91f,social,50,high,1,0.0,0.5,1,12,0.17468879
d8b3a6ed-1126-57e6-9e79-e9a60816a91f,social,50,high,2,0.0,0.5,1,12,0.26985493
d8b3a6ed-1126-57e6-9e79-e9a60816a91f,social,50,high,3,0.0,0.5,1,12,0.15266201
d8b3a6ed-1126-57e6-9e79-e9a60816a91f,soup,100,high,0,0.0,1.0,1,13,0.14633904
d8b3a6ed-1126-57e6-9e79-e9a60816a91f,soup,100,high,1,0.56,1.0,1,13,0.24083959
d8b3a6ed-1126-57e6-9e79-e9a60816a91f,soup,100,high,2,0.24,1.0,1,13,0.26933384
d8b3a6ed-1126-57e6-9e79-e9a60816a91f,soup,100,high,3,0.2,1.0,1,13,0.34348753
d8b3a6ed-1126-57e6-9e79-e9a60816a91f,takeout,75,high,0,0.0,0.75,1,14,0.2439953
d8b3a6ed-1126-57e6-9e79-e9a60816a91f,takeout,75,high,1,0.63,0.75,1,14,0.45767552
d8b3a6ed-1126-57e6-9e79-e9a60816a91f,takeout,75,high,2,0.28,0.75,1,14,0.2510497
d8b3a6ed-1126-57e6-9e79-e9a60816a91f,takeout,75,high,3,0.09,0.75,1,14,0.047279578
d8b3a6ed-1126-57e6-9e79-e9a60816a91f,wedding,75,high,0,0.0,0.75,1,15,0.16501321
d8b3a6ed-1126-57e6-9e79-e9a60816a91f,wedding,75,high,1,1.0,0.75,1,15,0.32890013
d8b3a6ed-1126-57e6-9e79-e9a60816a91f,wedding,75,high,2,0.0,0.75,1,15,0.27954394
d8b3a6ed-1126-57e6-9e79-e9a60816a91f,wedding,75,high,3,0.0,0.75,1,15,0.22654271
da0f168e-2e19-5c58-b50d-eefc4629b8d7,apples,100,high,0,0.0,1.0,1,0,0.08853757
da0f168e-2e19-5c58-b50d-eefc4629b8d7,apples,100,high,1,0.01,1.0,1,0,0.2854008
da0f168e-2e19-5c58-b50d-eefc4629b8d7,apples,100,high,2,0.41,1.0,1,0,0.3130308
da0f168e-2e19-5c58-b50d-eefc4629b8d7,apples,100,high,3,0.58,1.0,1,0,0.31303078
da0f168e-2e19-5c58-b50d-eefc4629b8d7,basketball,50,low,0,0.98,0.5,0,1,0.505161
da0f168e-2e19-5c58-b50d-eefc4629b8d7,basketball,50,low,1,0.02,0.5,0,1,0.31404844
da0f168e-2e19-5c58-b50d-eefc4629b8d7,basketball,50,low,2,0.0,0.5,0,1,0.096867114
da0f168e-2e19-5c58-b50d-eefc4629b8d7,basketball,50,low,3,0.0,0.5,0,1,0.083923474
da0f168e-2e19-5c58-b50d-eefc4629b8d7,birthday,100,high,0,0.0,1.0,1,2,0.09661102
da0f168e-2e19-5c58-b50d-eefc4629b8d7,birthday,100,high,1,0.0,1.0,1,2,0.30580187
da0f168e-2e19-5c58-b50d-eefc4629b8d7,birthday,100,high,2,0.5,1.0,1,2,0.3316454
da0f168e-2e19-5c58-b50d-eefc4629b8d7,birthday,100,high,3,0.5,1.0,1,2,0.2659417
da0f168e-2e19-5c58-b50d-eefc4629b8d7,brunch,0,low,0,0.9,0.0,0,3,0.2796343
da0f168e-2e19-5c58-b50d-eefc4629b8d7,brunch,0,low,1,0.1,0.0,0,3,0.38874203
da0f168e-2e19-5c58-b50d-eefc4629b8d7,brunch,0,low,2,0.0,0.0,0,3,0.24525556
da0f168e-2e19-5c58-b50d-eefc4629b8d7,brunch,0,low,3,0.0,0.0,0,3,0.086368114
da0f168e-2e19-5c58-b50d-eefc4629b8d7,cooking,100,low,0,0.96,1.0,0,4,0.56390643
da0f168e-2e19-5c58-b50d-eefc4629b8d7,cooking,100,low,1,0.0,1.0,0,4,0.1621197
da0f168e-2e19-5c58-b50d-eefc4629b8d7,cooking,100,low,2,0.0,1.0,0,4,0.14098814
da0f168e-2e19-5c58-b50d-eefc4629b8d7,cooking,100,low,3,0.04,1.0,0,4,0.13298574
da0f168e-2e19-5c58-b50d-eefc4629b8d7,dip,0,low,0,0.97,0.0,0,5,0.7331288
da0f168e-2e19-5c58-b50d-eefc4629b8d7,dip,0,low,1,0.03,0.0,0,5,0.20262736
da0f168e-2e19-5c58-b50d-eefc4629b8d7,dip,0,low,2,0.0,0.0,0,5,0.055230852
da0f168e-2e19-5c58-b50d-eefc4629b8d7,dip,0,low,3,0.0,0.0,0,5,0.00901291
da0f168e-2e19-5c58-b50d-eefc4629b8d7,drinks,75,low,0,0.55,0.75,0,6,0.7045375
da0f168e-2e19-5c58-b50d-eefc4629b8d7,drinks,75,low,1,0.27,0.75,0,6,0.1435551
da0f168e-2e19-5c58-b50d-eefc4629b8d7,drinks,75,low,2,0.0,0.75,0,6,0.08746405
da0f168e-2e19-5c58-b50d-eefc4629b8d7,drinks,75,low,3,0.18,0.75,0,6,0.06444328
da0f168e-2e19-5c58-b50d-eefc4629b8d7,driving,50,low,0,0.12,0.5,0,7,0.41526043
da0f168e-2e19-5c58-b50d-eefc4629b8d7,driving,50,low,1,0.81,0.5,0,7,0.34533665
da0f168e-2e19-5c58-b50d-eefc4629b8d7,driving,50,low,2,0.04,0.5,0,7,0.1814718
da0f168e-2e19-5c58-b50d-eefc4629b8d7,driving,50,low,3,0.03,0.5,0,7,0.05793105
da0f168e-2e19-5c58-b50d-eefc4629b8d7,fair,75,high,0,0.0,0.75,1,8,0.19342518
da0f168e-2e19-5c58-b50d-eefc4629b8d7,fair,75,high,1,0.62,0.75,1,8,0.376359
da0f168e-2e19-5c58-b50d-eefc4629b8d7,fair,75,high,2,0.35,0.75,1,8,0.23236895
da0f168e-2e19-5c58-b50d-eefc4629b8d7,fair,75,high,3,0.03,0.75,1,8,0.1978469
da0f168e-2e19-5c58-b50d-eefc4629b8d7,gala,75,high,0,0.05,0.75,1,9,0.15333995
da0f168e-2e19-5c58-b50d-eefc4629b8d7,gala,75,high,1,0.42,0.75,1,9,0.36573878
da0f168e-2e19-5c58-b50d-eefc4629b8d7,gala,75,high,2,0.05,0.75,1,9,0.25414434
da0f168e-2e19-5c58-b50d-eefc4629b8d7,gala,75,high,3,0.48,0.75,1,9,0.22677697
da0f168e-2e19-5c58-b50d-eefc4629b8d7,hike,0,high,0,0.61,0.0,1,10,0.31990948
da0f168e-2e19-5c58-b50d-eefc4629b8d7,hike,0,high,1,0.39,0.0,1,10,0.5216798
da0f168e-2e19-5c58-b50d-eefc4629b8d7,hike,0,high,2,0.0,0.0,1,10,0.108692184
da0f168e-2e19-5c58-b50d-eefc4629b8d7,hike,0,high,3,0.0,0.0,1,10,0.049718577
da0f168e-2e19-5c58-b50d-eefc4629b8d7,oysters,0,high,0,0.2,0.0,1,11,0.36713034
da0f168e-2e19-5c58-b50d-eefc4629b8d7,oysters,0,high,1,0.79,0.0,1,11,0.251757
da0f168e-2e19-5c58-b50d-eefc4629b8d7,oysters,0,high,2,0.0,0.0,1,11,0.32237086
da0f168e-2e19-5c58-b50d-eefc4629b8d7,oysters,0,high,3,0.01,0.0,1,11,0.058741804
da0f168e-2e19-5c58-b50d-eefc4629b8d7,social,100,low,0,0.17,1.0,0,12,0.28530437
da0f168e-2e19-5c58-b50d-eefc4629b8d7,social,100,low,1,0.04,1.0,0,12,0.23726287
da0f168e-2e19-5c58-b50d-eefc4629b8d7,social,100,low,2,0.7,1.0,0,12,0.26501882
da0f168e-2e19-5c58-b50d-eefc4629b8d7,social,100,low,3,0.09,1.0,0,12,0.21241392
da0f168e-2e19-5c58-b50d-eefc4629b8d7,soup,50,high,0,0.09,0.5,1,13,0.2746141
da0f168e-2e19-5c58-b50d-eefc4629b8d7,soup,50,high,1,0.82,0.5,1,13,0.4519501
da0f168e-2e19-5c58-b50d-eefc4629b8d7,soup,50,high,2,0.06,0.5,1,13,0.15815441
da0f168e-2e19-5c58-b50d-eefc4629b8d7,soup,50,high,3,0.03,0.5,1,13,0.11528138
da0f168e-2e19-5c58-b50d-eefc4629b8d7,takeout,75,low,0,0.51,0.75,0,14,0.4908885
da0f168e-2e19-5c58-b50d-eefc4629b8d7,takeout,75,low,1,0.44,0.75,0,14,0.3014709
da0f168e-2e19-5c58-b50d-eefc4629b8d7,takeout,75,low,2,0.05,0.75,0,14,0.16536646
da0f168e-2e19-5c58-b50d-eefc4629b8d7,takeout,75,low,3,0.0,0.75,0,14,0.042274114
da0f168e-2e19-5c58-b50d-eefc4629b8d7,wedding,50,high,0,0.6,0.5,1,15,0.23947777
da0f168e-2e19-5c58-b50d-eefc4629b8d7,wedding,50,high,1,0.17,0.5,1,15,0.35416168
da0f168e-2e19-5c58-b50d-eefc4629b8d7,wedding,50,high,2,0.23,0.5,1,15,0.2457274
da0f168e-2e19-5c58-b50d-eefc4629b8d7,wedding,50,high,3,0.0,0.5,1,15,0.16063312
dacef120-9a25-5ccc-a5b6-72a910ccd117,apples,0,low,0,0.52,0.0,0,0,0.7356681
dacef120-9a25-5ccc-a5b6-72a910ccd117,apples,0,low,1,0.24,0.0,0,0,0.1928364
dacef120-9a25-5ccc-a5b6-72a910ccd117,apples,0,low,2,0.19,0.0,0,0,0.038202766
dacef120-9a25-5ccc-a5b6-72a910ccd117,apples,0,low,3,0.05,0.0,0,0,0.033292685
dacef120-9a25-5ccc-a5b6-72a910ccd117,basketball,75,low,0,0.52,0.75,0,1,0.42199868
dacef120-9a25-5ccc-a5b6-72a910ccd117,basketball,75,low,1,0.12,0.75,0,1,0.27848366
dacef120-9a25-5ccc-a5b6-72a910ccd117,basketball,75,low,2,0.12,0.75,0,1,0.15602612
dacef120-9a25-5ccc-a5b6-72a910ccd117,basketball,75,low,3,0.24,0.75,0,1,0.1434915
dacef120-9a25-5ccc-a5b6-72a910ccd117,birthday,0,low,0,0.44,0.0,0,2,0.3523034
dacef120-9a25-5ccc-a5b6-72a910ccd117,birthday,0,low,1,0.26,0.0,0,2,0.507386
dacef120-9a25-5ccc-a5b6-72a910ccd117,birthday,0,low,2,0.15,0.0,0,2,0.110791706
dacef120-9a25-5ccc-a5b6-72a910ccd117,birthday,0,low,3,0.15,0.0,0,2,0.029518887
dacef120-9a25-5ccc-a5b6-72a910ccd117,brunch,100,low,0,0.5,1.0,0,3,0.25663456
dacef120-9a25-5ccc-a5b6-72a910ccd117,brunch,100,low,1,0.06,1.0,0,3,0.21827695
dacef120-9a25-5ccc-a5b6-72a910ccd117,brunch,100,low,2,0.14,1.0,0,3,0.2570134
dacef120-9a25-5ccc-a5b6-72a910ccd117,brunch,100,low,3,0.3,1.0,0,3,0.26807508
dacef120-9a25-5ccc-a5b6-72a910ccd117,cooking,75,low,0,0.44,0.75,0,4,0.6957702
dacef120-9a25-5ccc-a5b6-72a910ccd117,cooking,75,low,1,0.08,0.75,0,4,0.14309031
dacef120-9a25-5ccc-a5b6-72a910ccd117,cooking,75,low,2,0.14,0.75,0,4,0.093604214
dacef120-9a25-5ccc-a5b6-72a910ccd117,cooking,75,low,3,0.34,0.75,0,4,0.06753522
dacef120-9a25-5ccc-a5b6-72a910ccd117,dip,0,high,0,0.02,0.0,1,5,0.17585786
dacef120-9a25-5ccc-a5b6-72a910ccd117,dip,0,high,1,0.7,0.0,1,5,0.6451156
dacef120-9a25-5ccc-a5b6-72a910ccd117,dip,0,high,2,0.19,0.0,1,5,0.1563427
dacef120-9a25-5ccc-a5b6-72a910ccd117,dip,0,high,3,0.09,0.0,1,5,0.022683876
dacef120-9a25-5ccc-a5b6-72a910ccd117,drinks,100,high,0,0.02,1.0,1,6,0.17412922
dacef120-9a25-5ccc-a5b6-72a910ccd117,drinks,100,high,1,0.19,1.0,1,6,0.28677985
dacef120-9a25-5ccc-a5b6-72a910ccd117,drinks,100,high,2,0.31,1.0,1,6,0.2700779
dacef120-9a25-5ccc-a5b6-72a910ccd117,drinks,100,high,3,0.48,1.0,1,6,0.269013
dacef120-9a25-5ccc-a5b6-72a910ccd117,driving,50,low,0,0.13,0.5,0,7,0.41526043
dacef120-9a25-5ccc-a5b6-72a910ccd117,driving,50,low,1,0.5,0.5,0,7,0.34533665
dacef120-9a25-5ccc-a5b6-72a910ccd117,driving,50,low,2,0.09,0.5,0,7,0.1814718
dacef120-9a25-5ccc-a5b6-72a910ccd117,driving,50,low,3,0.28,0.5,0,7,0.05793105
dacef120-9a25-5ccc-a5b6-72a910ccd117,fair,100,low,0,0.13,1.0,0,8,0.37053174
dacef120-9a25-5ccc-a5b6-72a910ccd117,fair,100,low,1,0.18,1.0,0,8,0.2363968
dacef120-9a25-5ccc-a5b6-72a910ccd117,fair,100,low,2,0.48,1.0,0,8,0.2622352
dacef120-9a25-5ccc-a5b6-72a910ccd117,fair,100,low,3,0.21,1.0,0,8,0.1308363
dacef120-9a25-5ccc-a5b6-72a910ccd117,gala,75,high,0,0.04,0.75,1,9,0.15333995
dacef120-9a25-5ccc-a5b6-72a910ccd117,gala,75,high,1,0.31,0.75,1,9,0.36573878
dacef120-9a25-5ccc-a5b6-72a910ccd117,gala,75,high,2,0.47,0.75,1,9,0.25414434
dacef120-9a25-5ccc-a5b6-72a910ccd117,gala,75,high,3,0.18,0.75,1,9,0.22677697
dacef120-9a25-5ccc-a5b6-72a910ccd117,hike,100,high,0,0.29,1.0,1,10,0.10209092
dacef120-9a25-5ccc-a5b6-72a910ccd117,hike,100,high,1,0.35,1.0,1,10,0.34788167
dacef120-9a25-5ccc-a5b6-72a910ccd117,hike,100,high,2,0.26,1.0,1,10,0.27311608
dacef120-9a25-5ccc-a5b6-72a910ccd117,hike,100,high,3,0.1,1.0,1,10,0.27691132
dacef120-9a25-5ccc-a5b6-72a910ccd117,oysters,0,high,0,0.08,0.0,1,11,0.36713034
dacef120-9a25-5ccc-a5b6-72a910ccd117,oysters,0,high,1,0.65,0.0,1,11,0.251757
dacef120-9a25-5ccc-a5b6-72a910ccd117,oysters,0,high,2,0.11,0.0,1,11,0.32237086
dacef120-9a25-5ccc-a5b6-72a910ccd117,oysters,0,high,3,0.16,0.0,1,11,0.058741804
dacef120-9a25-5ccc-a5b6-72a910ccd117,social,75,high,0,0.01,0.75,1,12,0.26838598
dacef120-9a25-5ccc-a5b6-72a910ccd117,social,75,high,1,0.18,0.75,1,12,0.22903113
dacef120-9a25-5ccc-a5b6-72a910ccd117,social,75,high,2,0.44,0.75,1,12,0.2943885
dacef120-9a25-5ccc-a5b6-72a910ccd117,social,75,high,3,0.37,0.75,1,12,0.20819436
dacef120-9a25-5ccc-a5b6-72a910ccd117,soup,50,high,0,0.07,0.5,1,13,0.2746141
dacef120-9a25-5ccc-a5b6-72a910ccd117,soup,50,high,1,0.47,0.5,1,13,0.4519501
dacef120-9a25-5ccc-a5b6-72a910ccd117,soup,50,high,2,0.33,0.5,1,13,0.15815441
dacef120-9a25-5ccc-a5b6-72a910ccd117,soup,50,high,3,0.13,0.5,1,13,0.11528138
dacef120-9a25-5ccc-a5b6-72a910ccd117,takeout,50,low,0,0.27,0.5,0,14,0.56748694
dacef120-9a25-5ccc-a5b6-72a910ccd117,takeout,50,low,1,0.44,0.5,0,14,0.30020222
dacef120-9a25-5ccc-a5b6-72a910ccd117,takeout,50,low,2,0.12,0.5,0,14,0.10843349
dacef120-9a25-5ccc-a5b6-72a910ccd117,takeout,50,low,3,0.17,0.5,0,14,0.023877341
dacef120-9a25-5ccc-a5b6-72a910ccd117,wedding,50,high,0,0.03,0.5,1,15,0.23947777
dacef120-9a25-5ccc-a5b6-72a910ccd117,wedding,50,high,1,0.36,0.5,1,15,0.35416168
dacef120-9a25-5ccc-a5b6-72a910ccd117,wedding,50,high,2,0.43,0.5,1,15,0.2457274
dacef120-9a25-5ccc-a5b6-72a910ccd117,wedding,50,high,3,0.18,0.5,1,15,0.16063312
dca4dc5d-51cd-5098-afe8-8d6438b5eb40,apples,50,low,0,0.81,0.5,0,0,0.56864893
dca4dc5d-51cd-5098-afe8-8d6438b5eb40,apples,50,low,1,0.19,0.5,0,0,0.24850366
dca4dc5d-51cd-5098-afe8-8d6438b5eb40,apples,50,low,2,0.0,0.5,0,0,0.09509347
dca4dc5d-51cd-5098-afe8-8d6438b5eb40,apples,50,low,3,0.0,0.5,0,0,0.08775395
dca4dc5d-51cd-5098-afe8-8d6438b5eb40,basketball,0,high,0,0.0,0.0,1,1,0.34058285
dca4dc5d-51cd-5098-afe8-8d6438b5eb40,basketball,0,high,1,1.0,0.0,1,1,0.5505353
dca4dc5d-51cd-5098-afe8-8d6438b5eb40,basketball,0,high,2,0.0,0.0,1,1,0.061094463
dca4dc5d-51cd-5098-afe8-8d6438b5eb40,basketball,0,high,3,0.0,0.0,1,1,0.047787316
dca4dc5d-51cd-5098-afe8-8d6438b5eb40,birthday,75,high,0,0.13,0.75,1,2,0.13972035
dca4dc5d-51cd-5098-afe8-8d6438b5eb40,birthday,75,high,1,0.44,0.75,1,2,0.44225538
dca4dc5d-51cd-5098-afe8-8d6438b5eb40,birthday,75,high,2,0.43,0.75,1,2,0.270476
dca4dc5d-51cd-5098-afe8-8d6438b5eb40,birthday,75,high,3,0.0,0.75,1,2,0.14754832
dca4dc5d-51cd-5098-afe8-8d6438b5eb40,brunch,100,low,0,0.14,1.0,0,3,0.25663456
dca4dc5d-51cd-5098-afe8-8d6438b5eb40,brunch,100,low,1,0.0,1.0,0,3,0.21827695
dca4dc5d-51cd-5098-afe8-8d6438b5eb40,brunch,100,low,2,0.28,1.0,0,3,0.2570134
dca4dc5d-51cd-5098-afe8-8d6438b5eb40,brunch,100,low,3,0.58,1.0,0,3,0.26807508
dca4dc5d-51cd-5098-afe8-8d6438b5eb40,cooking,100,low,0,1.0,1.0,0,4,0.56390643
dca4dc5d-51cd-5098-afe8-8d6438b5eb40,cooking,100,low,1,0.0,1.0,0,4,0.1621197
dca4dc5d-51cd-5098-afe8-8d6438b5eb40,cooking,100,low,2,0.0,1.0,0,4,0.14098814
dca4dc5d-51cd-5098-afe8-8d6438b5eb40,cooking,100,low,3,0.0,1.0,0,4,0.13298574
dca4dc5d-51cd-5098-afe8-8d6438b5eb40,dip,50,high,0,0.47,0.5,1,5,0.1520621
dca4dc5d-51cd-5098-afe8-8d6438b5eb40,dip,50,high,1,0.46,0.5,1,5,0.5578234
dca4dc5d-51cd-5098-afe8-8d6438b5eb40,dip,50,high,2,0.07,0.5,1,5,0.22538151
dca4dc5d-51cd-5098-afe8-8d6438b5eb40,dip,50,high,3,0.0,0.5,1,5,0.06473294
dca4dc5d-51cd-5098-afe8-8d6438b5eb40,drinks,50,low,0,0.24,0.5,0,6,0.7762677
dca4dc5d-51cd-5098-afe8-8d6438b5eb40,drinks,50,low,1,0.76,0.5,0,6,0.13067015
dca4dc5d-51cd-5098-afe8-8d6438b5eb40,drinks,50,low,2,0.0,0.5,0,6,0.05837057
dca4dc5d-51cd-5098-afe8-8d6438b5eb40,drinks,50,low,3,0.0,0.5,0,6,0.034691554
dca4dc5d-51cd-5098-afe8-8d6438b5eb40,driving,0,high,0,0.8,0.0,1,7,0.19378443
dca4dc5d-51cd-5098-afe8-8d6438b5eb40,driving,0,high,1,0.2,0.0,1,7,0.58711064
dca4dc5d-51cd-5098-afe8-8d6438b5eb40,driving,0,high,2,0.0,0.0,1,7,0.18505675
dca4dc5d-51cd-5098-afe8-8d6438b5eb40,driving,0,high,3,0.0,0.0,1,7,0.034048196
dca4dc5d-51cd-5098-afe8-8d6438b5eb40,fair,75,low,0,0.14,0.75,0,8,0.49065667
dca4dc5d-51cd-5098-afe8-8d6438b5eb40,fair,75,low,1,0.43,0.75,0,8,0.28788748
dca4dc5d-51cd-5098-afe8-8d6438b5eb40,fair,75,low,2,0.43,0.75,0,8,0.15803565
dca4dc5d-51cd-5098-afe8-8d6438b5eb40,fair,75,low,3,0.0,0.75,0,8,0.06342018
dca4dc5d-51cd-5098-afe8-8d6438b5eb40,gala,0,low,0,1.0,0.0,0,9,0.8866782
dca4dc5d-51cd-5098-afe8-8d6438b5eb40,gala,0,low,1,0.0,0.0,0,9,0.07345924
dca4dc5d-51cd-5098-afe8-8d6438b5eb40,gala,0,low,2,0.0,0.0,0,9,0.028000446
dca4dc5d-51cd-5098-afe8-8d6438b5eb40,gala,0,low,3,0.0,0.0,0,9,0.011862111
dca4dc5d-51cd-5098-afe8-8d6438b5eb40,hike,75,high,0,0.0,0.75,1,10,0.16673161
dca4dc5d-51cd-5098-afe8-8d6438b5eb40,hike,75,high,1,0.61,0.75,1,10,0.44192556
dca4dc5d-51cd-5098-afe8-8d6438b5eb40,hike,75,high,2,0.39,0.75,1,10,0.22072983
dca4dc5d-51cd-5098-afe8-8d6438b5eb40,hike,75,high,3,0.0,0.75,1,10,0.17061298
dca4dc5d-51cd-5098-afe8-8d6438b5eb40,oysters,100,high,0,0.0,1.0,1,11,0.10516431
dca4dc5d-51cd-5098-afe8-8d6438b5eb40,oysters,100,high,1,0.32,1.0,1,11,0.31489423
dca4dc5d-51cd-5098-afe8-8d6438b5eb40,oysters,100,high,2,0.68,1.0,1,11,0.25911844
dca4dc5d-51cd-5098-afe8-8d6438b5eb40,oysters,100,high,3,0.0,1.0,1,11,0.32082298
dca4dc5d-51cd-5098-afe8-8d6438b5eb40,social,100,high,0,0.0,1.0,1,12,0.13305385
dca4dc5d-51cd-5098-afe8-8d6438b5eb40,social,100,high,1,0.07,1.0,1,12,0.29350144
dca4dc5d-51cd-5098-afe8-8d6438b5eb40,social,100,high,2,0.23,1.0,1,12,0.29148328
dca4dc5d-51cd-5098-afe8-8d6438b5eb40,social,100,high,3,0.7,1.0,1,12,0.28196135
dca4dc5d-51cd-5098-afe8-8d6438b5eb40,soup,50,high,0,0.56,0.5,1,13,0.2746141
dca4dc5d-51cd-5098-afe8-8d6438b5eb40,soup,50,high,1,0.41,0.5,1,13,0.4519501
dca4dc5d-51cd-5098-afe8-8d6438b5eb40,soup,50,high,2,0.03,0.5,1,13,0.15815441
dca4dc5d-51cd-5098-afe8-8d6438b5eb40,soup,50,high,3,0.0,0.5,1,13,0.11528138
dca4dc5d-51cd-5098-afe8-8d6438b5eb40,takeout,75,low,0,0.0,0.75,0,14,0.4908885
dca4dc5d-51cd-5098-afe8-8d6438b5eb40,takeout,75,low,1,0.5,0.75,0,14,0.3014709
dca4dc5d-51cd-5098-afe8-8d6438b5eb40,takeout,75,low,2,0.5,0.75,0,14,0.16536646
dca4dc5d-51cd-5098-afe8-8d6438b5eb40,takeout,75,low,3,0.0,0.75,0,14,0.042274114
dca4dc5d-51cd-5098-afe8-8d6438b5eb40,wedding,0,low,0,1.0,0.0,0,15,0.77268213
dca4dc5d-51cd-5098-afe8-8d6438b5eb40,wedding,0,low,1,0.0,0.0,0,15,0.1418967
dca4dc5d-51cd-5098-afe8-8d6438b5eb40,wedding,0,low,2,0.0,0.0,0,15,0.0648113
dca4dc5d-51cd-5098-afe8-8d6438b5eb40,wedding,0,low,3,0.0,0.0,0,15,0.020609858
dccea98a-610d-5fa2-993f-ffb051c257db,apples,75,low,0,1.0,0.75,0,0,0.447258
dccea98a-610d-5fa2-993f-ffb051c257db,apples,75,low,1,0.0,0.75,0,0,0.26342416
dccea98a-610d-5fa2-993f-ffb051c257db,apples,75,low,2,0.0,0.75,0,0,0.14805049
dccea98a-610d-5fa2-993f-ffb051c257db,apples,75,low,3,0.0,0.75,0,0,0.1412674
dccea98a-610d-5fa2-993f-ffb051c257db,basketball,0,high,0,0.0,0.0,1,1,0.34058285
dccea98a-610d-5fa2-993f-ffb051c257db,basketball,0,high,1,1.0,0.0,1,1,0.5505353
dccea98a-610d-5fa2-993f-ffb051c257db,basketball,0,high,2,0.0,0.0,1,1,0.061094463
dccea98a-610d-5fa2-993f-ffb051c257db,basketball,0,high,3,0.0,0.0,1,1,0.047787316
dccea98a-610d-5fa2-993f-ffb051c257db,birthday,0,low,0,0.0,0.0,0,2,0.3523034
dccea98a-610d-5fa2-993f-ffb051c257db,birthday,0,low,1,1.0,0.0,0,2,0.507386
dccea98a-610d-5fa2-993f-ffb051c257db,birthday,0,low,2,0.0,0.0,0,2,0.110791706
dccea98a-610d-5fa2-993f-ffb051c257db,birthday,0,low,3,0.0,0.0,0,2,0.029518887
dccea98a-610d-5fa2-993f-ffb051c257db,brunch,100,high,0,0.0,1.0,1,3,0.23770595
dccea98a-610d-5fa2-993f-ffb051c257db,brunch,100,high,1,0.0,1.0,1,3,0.22106798
dccea98a-610d-5fa2-993f-ffb051c257db,brunch,100,high,2,1.0,1.0,1,3,0.2566543
dccea98a-610d-5fa2-993f-ffb051c257db,brunch,100,high,3,0.0,1.0,1,3,0.2845718
dccea98a-610d-5fa2-993f-ffb051c257db,cooking,100,high,0,0.0,1.0,1,4,0.08743349
dccea98a-610d-5fa2-993f-ffb051c257db,cooking,100,high,1,1.0,1.0,1,4,0.30014092
dccea98a-610d-5fa2-993f-ffb051c257db,cooking,100,high,2,0.0,1.0,1,4,0.2935727
dccea98a-610d-5fa2-993f-ffb051c257db,cooking,100,high,3,0.0,1.0,1,4,0.3188529
dccea98a-610d-5fa2-993f-ffb051c257db,dip,50,high,0,0.0,0.5,1,5,0.1520621
dccea98a-610d-5fa2-993f-ffb051c257db,dip,50,high,1,1.0,0.5,1,5,0.5578234
dccea98a-610d-5fa2-993f-ffb051c257db,dip,50,high,2,0.0,0.5,1,5,0.22538151
dccea98a-610d-5fa2-993f-ffb051c257db,dip,50,high,3,0.0,0.5,1,5,0.06473294
dccea98a-610d-5fa2-993f-ffb051c257db,drinks,0,low,0,1.0,0.0,0,6,0.85738873
dccea98a-610d-5fa2-993f-ffb051c257db,drinks,0,low,1,0.0,0.0,0,6,0.10405775
dccea98a-610d-5fa2-993f-ffb051c257db,drinks,0,low,2,0.0,0.0,0,6,0.027316885
dccea98a-610d-5fa2-993f-ffb051c257db,drinks,0,low,3,0.0,0.0,0,6,0.011236587
dccea98a-610d-5fa2-993f-ffb051c257db,driving,50,low,0,0.0,0.5,0,7,0.41526043
dccea98a-610d-5fa2-993f-ffb051c257db,driving,50,low,1,1.0,0.5,0,7,0.34533665
dccea98a-610d-5fa2-993f-ffb051c257db,driving,50,low,2,0.0,0.5,0,7,0.1814718
dccea98a-610d-5fa2-993f-ffb051c257db,driving,50,low,3,0.0,0.5,0,7,0.05793105
dccea98a-610d-5fa2-993f-ffb051c257db,fair,50,low,0,0.0,0.5,0,8,0.5556539
dccea98a-610d-5fa2-993f-ffb051c257db,fair,50,low,1,1.0,0.5,0,8,0.30713385
dccea98a-610d-5fa2-993f-ffb051c257db,fair,50,low,2,0.0,0.5,0,8,0.10212145
dccea98a-610d-5fa2-993f-ffb051c257db,fair,50,low,3,0.0,0.5,0,8,0.035090752
dccea98a-610d-5fa2-993f-ffb051c257db,gala,100,low,0,1.0,1.0,0,9,0.56416404
dccea98a-610d-5fa2-993f-ffb051c257db,gala,100,low,1,0.0,1.0,0,9,0.15963629
dccea98a-610d-5fa2-993f-ffb051c257db,gala,100,low,2,0.0,1.0,0,9,0.14447609
dccea98a-610d-5fa2-993f-ffb051c257db,gala,100,low,3,0.0,1.0,0,9,0.13172355
dccea98a-610d-5fa2-993f-ffb051c257db,hike,75,high,0,0.0,0.75,1,10,0.16673161
dccea98a-610d-5fa2-993f-ffb051c257db,hike,75,high,1,1.0,0.75,1,10,0.44192556
dccea98a-610d-5fa2-993f-ffb051c257db,hike,75,high,2,0.0,0.75,1,10,0.22072983
dccea98a-610d-5fa2-993f-ffb051c257db,hike,75,high,3,0.0,0.75,1,10,0.17061298
dccea98a-610d-5fa2-993f-ffb051c257db,oysters,0,high,0,0.0,0.0,1,11,0.36713034
dccea98a-610d-5fa2-993f-ffb051c257db,oysters,0,high,1,0.0,0.0,1,11,0.251757
dccea98a-610d-5fa2-993f-ffb051c257db,oysters,0,high,2,0.0,0.0,1,11,0.32237086
dccea98a-610d-5fa2-993f-ffb051c257db,oysters,0,high,3,1.0,0.0,1,11,0.058741804
dccea98a-610d-5fa2-993f-ffb051c257db,social,100,low,0,1.0,1.0,0,12,0.28530437
dccea98a-610d-5fa2-993f-ffb051c257db,social,100,low,1,0.0,1.0,0,12,0.23726287
dccea98a-610d-5fa2-993f-ffb051c257db,social,100,low,2,0.0,1.0,0,12,0.26501882
dccea98a-610d-5fa2-993f-ffb051c257db,social,100,low,3,0.0,1.0,0,12,0.21241392
dccea98a-610d-5fa2-993f-ffb051c257db,soup,75,low,0,1.0,0.75,0,13,0.25817782
dccea98a-610d-5fa2-993f-ffb051c257db,soup,75,low,1,0.0,0.75,0,13,0.36900678
dccea98a-610d-5fa2-993f-ffb051c257db,soup,75,low,2,0.0,0.75,0,13,0.19745578
dccea98a-610d-5fa2-993f-ffb051c257db,soup,75,low,3,0.0,0.75,0,13,0.17535962
dccea98a-610d-5fa2-993f-ffb051c257db,takeout,50,high,0,0.0,0.5,1,14,0.30358016
dccea98a-610d-5fa2-993f-ffb051c257db,takeout,50,high,1,0.0,0.5,1,14,0.49050692
dccea98a-610d-5fa2-993f-ffb051c257db,takeout,50,high,2,1.0,0.5,1,14,0.17717181
dccea98a-610d-5fa2-993f-ffb051c257db,takeout,50,high,3,0.0,0.5,1,14,0.028741147
dccea98a-610d-5fa2-993f-ffb051c257db,wedding,75,high,0,0.0,0.75,1,15,0.16501321
dccea98a-610d-5fa2-993f-ffb051c257db,wedding,75,high,1,0.0,0.75,1,15,0.32890013
dccea98a-610d-5fa2-993f-ffb051c257db,wedding,75,high,2,1.0,0.75,1,15,0.27954394
dccea98a-610d-5fa2-993f-ffb051c257db,wedding,75,high,3,0.0,0.75,1,15,0.22654271
e46af49d-cdd3-590b-a967-f6828714c380,apples,100,high,0,0.0,1.0,1,0,0.08853757
e46af49d-cdd3-590b-a967-f6828714c380,apples,100,high,1,0.07,1.0,1,0,0.2854008
e46af49d-cdd3-590b-a967-f6828714c380,apples,100,high,2,0.5,1.0,1,0,0.3130308
e46af49d-cdd3-590b-a967-f6828714c380,apples,100,high,3,0.43,1.0,1,0,0.31303078
e46af49d-cdd3-590b-a967-f6828714c380,basketball,75,high,0,0.0,0.75,1,1,0.20223837
e46af49d-cdd3-590b-a967-f6828714c380,basketball,75,high,1,0.59,0.75,1,1,0.38436523
e46af49d-cdd3-590b-a967-f6828714c380,basketball,75,high,2,0.29,0.75,1,1,0.2153484
e46af49d-cdd3-590b-a967-f6828714c380,basketball,75,high,3,0.12,0.75,1,1,0.19804801
e46af49d-cdd3-590b-a967-f6828714c380,birthday,50,low,0,0.34,0.5,0,2,0.29914954
e46af49d-cdd3-590b-a967-f6828714c380,birthday,50,low,1,0.66,0.5,0,2,0.43083405
e46af49d-cdd3-590b-a967-f6828714c380,birthday,50,low,2,0.0,0.5,0,2,0.18929946
e46af49d-cdd3-590b-a967-f6828714c380,birthday,50,low,3,0.0,0.5,0,2,0.08071703
e46af49d-cdd3-590b-a967-f6828714c380,brunch,0,high,0,0.0,0.0,1,3,0.26180592
e46af49d-cdd3-590b-a967-f6828714c380,brunch,0,high,1,0.93,0.0,1,3,0.39796382
e46af49d-cdd3-590b-a967-f6828714c380,brunch,0,high,2,0.07,0.0,1,3,0.24755734
e46af49d-cdd3-590b-a967-f6828714c380,brunch,0,high,3,0.0,0.0,1,3,0.09267295
e46af49d-cdd3-590b-a967-f6828714c380,cooking,50,high,0,0.0,0.5,1,4,0.20437361
e46af49d-cdd3-590b-a967-f6828714c380,cooking,50,high,1,1.0,0.5,1,4,0.39527634
e46af49d-cdd3-590b-a967-f6828714c380,cooking,50,high,2,0.0,0.5,1,4,0.2374081
e46af49d-cdd3-590b-a967-f6828714c380,cooking,50,high,3,0.0,0.5,1,4,0.16294199
e46af49d-cdd3-590b-a967-f6828714c380,dip,100,low,0,0.97,1.0,0,5,0.571308
e46af49d-cdd3-590b-a967-f6828714c380,dip,100,low,1,0.0,1.0,0,5,0.15790218
e46af49d-cdd3-590b-a967-f6828714c380,dip,100,low,2,0.03,1.0,0,5,0.14700009
e46af49d-cdd3-590b-a967-f6828714c380,dip,100,low,3,0.0,1.0,0,5,0.12378971
e46af49d-cdd3-590b-a967-f6828714c380,drinks,50,high,0,0.0,0.5,1,6,0.35946196
e46af49d-cdd3-590b-a967-f6828714c380,drinks,50,high,1,0.44,0.5,1,6,0.3741043
e46af49d-cdd3-590b-a967-f6828714c380,drinks,50,high,2,0.56,0.5,1,6,0.167113
e46af49d-cdd3-590b-a967-f6828714c380,drinks,50,high,3,0.0,0.5,1,6,0.09932076
e46af49d-cdd3-590b-a967-f6828714c380,driving,75,low,0,0.14,0.75,0,7,0.36953267
e46af49d-cdd3-590b-a967-f6828714c380,driving,75,low,1,0.43,0.75,0,7,0.30730876
e46af49d-cdd3-590b-a967-f6828714c380,driving,75,low,2,0.35,0.75,0,7,0.21764581
e46af49d-cdd3-590b-a967-f6828714c380,driving,75,low,3,0.08,0.75,0,7,0.10551278
e46af49d-cdd3-590b-a967-f6828714c380,fair,75,low,0,0.0,0.75,0,8,0.49065667
e46af49d-cdd3-590b-a967-f6828714c380,fair,75,low,1,0.57,0.75,0,8,0.28788748
e46af49d-cdd3-590b-a967-f6828714c380,fair,75,low,2,0.39,0.75,0,8,0.15803565
e46af49d-cdd3-590b-a967-f6828714c380,fair,75,low,3,0.04,0.75,0,8,0.06342018
e46af49d-cdd3-590b-a967-f6828714c380,gala,0,low,0,1.0,0.0,0,9,0.8866782
e46af49d-cdd3-590b-a967-f6828714c380,gala,0,low,1,0.0,0.0,0,9,0.07345924
e46af49d-cdd3-590b-a967-f6828714c380,gala,0,low,2,0.0,0.0,0,9,0.028000446
e46af49d-cdd3-590b-a967-f6828714c380,gala,0,low,3,0.0,0.0,0,9,0.011862111
e46af49d-cdd3-590b-a967-f6828714c380,hike,50,low,0,0.75,0.5,0,10,0.51034856
e46af49d-cdd3-590b-a967-f6828714c380,hike,50,low,1,0.25,0.5,0,10,0.27600068
e46af49d-cdd3-590b-a967-f6828714c380,hike,50,low,2,0.0,0.5,0,10,0.1420938
e46af49d-cdd3-590b-a967-f6828714c380,hike,50,low,3,0.0,0.5,0,10,0.07155705
e46af49d-cdd3-590b-a967-f6828714c380,oysters,100,low,0,0.66,1.0,0,11,0.28530428
e46af49d-cdd3-590b-a967-f6828714c380,oysters,100,low,1,0.0,1.0,0,11,0.237263
e46af49d-cdd3-590b-a967-f6828714c380,oysters,100,low,2,0.34,1.0,0,11,0.2650189
e46af49d-cdd3-590b-a967-f6828714c380,oysters,100,low,3,0.0,1.0,0,11,0.21241386
e46af49d-cdd3-590b-a967-f6828714c380,social,0,low,0,1.0,0.0,0,12,0.82478136
e46af49d-cdd3-590b-a967-f6828714c380,social,0,low,1,0.0,0.0,0,12,0.042306297
e46af49d-cdd3-590b-a967-f6828714c380,social,0,low,2,0.0,0.0,0,12,0.10070582
e46af49d-cdd3-590b-a967-f6828714c380,social,0,low,3,0.0,0.0,0,12,0.032206487
e46af49d-cdd3-590b-a967-f6828714c380,soup,75,high,0,0.04,0.75,1,13,0.22527981
e46af49d-cdd3-590b-a967-f6828714c380,soup,75,high,1,0.21,0.75,1,13,0.3707575
e46af49d-cdd3-590b-a967-f6828714c380,soup,75,high,2,0.42,0.75,1,13,0.21040073
e46af49d-cdd3-590b-a967-f6828714c380,soup,75,high,3,0.33,0.75,1,13,0.19356199
e46af49d-cdd3-590b-a967-f6828714c380,takeout,0,high,0,0.91,0.0,1,14,0.39998376
e46af49d-cdd3-590b-a967-f6828714c380,takeout,0,high,1,0.09,0.0,1,14,0.5005222
e46af49d-cdd3-590b-a967-f6828714c380,takeout,0,high,2,0.0,0.0,1,14,0.088389106
e46af49d-cdd3-590b-a967-f6828714c380,takeout,0,high,3,0.0,0.0,1,14,0.011104971
e46af49d-cdd3-590b-a967-f6828714c380,wedding,100,high,0,0.0,1.0,1,15,0.08925787
e46af49d-cdd3-590b-a967-f6828714c380,wedding,100,high,1,0.06,1.0,1,15,0.2704253
e46af49d-cdd3-590b-a967-f6828714c380,wedding,100,high,2,0.41,1.0,1,15,0.30555892
e46af49d-cdd3-590b-a967-f6828714c380,wedding,100,high,3,0.53,1.0,1,15,0.33475792
e571f0b3-e771-5323-9e88-bff4f3803d06,apples,75,high,0,0.0,0.75,1,0,0.17327306
e571f0b3-e771-5323-9e88-bff4f3803d06,apples,75,high,1,0.01,0.75,1,0,0.36745417
e571f0b3-e771-5323-9e88-bff4f3803d06,apples,75,high,2,0.66,0.75,1,0,0.23502025
e571f0b3-e771-5323-9e88-bff4f3803d06,apples,75,high,3,0.33,0.75,1,0,0.22425258
e571f0b3-e771-5323-9e88-bff4f3803d06,basketball,50,high,0,0.37,0.5,1,1,0.26170138
e571f0b3-e771-5323-9e88-bff4f3803d06,basketball,50,high,1,0.63,0.5,1,1,0.46855953
e571f0b3-e771-5323-9e88-bff4f3803d06,basketball,50,high,2,0.0,0.5,1,1,0.1445255
e571f0b3-e771-5323-9e88-bff4f3803d06,basketball,50,high,3,0.0,0.5,1,1,0.12521361
e571f0b3-e771-5323-9e88-bff4f3803d06,birthday,50,high,0,0.08,0.5,1,2,0.16706371
e571f0b3-e771-5323-9e88-bff4f3803d06,birthday,50,high,1,0.65,0.5,1,2,0.5288051
e571f0b3-e771-5323-9e88-bff4f3803d06,birthday,50,high,2,0.19,0.5,1,2,0.21500385
e571f0b3-e771-5323-9e88-bff4f3803d06,birthday,50,high,3,0.08,0.5,1,2,0.08912745
e571f0b3-e771-5323-9e88-bff4f3803d06,brunch,75,low,0,0.5,0.75,0,3,0.27379805
e571f0b3-e771-5323-9e88-bff4f3803d06,brunch,75,low,1,0.04,0.75,0,3,0.2753374
e571f0b3-e771-5323-9e88-bff4f3803d06,brunch,75,low,2,0.18,0.75,0,3,0.262078
e571f0b3-e771-5323-9e88-bff4f3803d06,brunch,75,low,3,0.28,0.75,0,3,0.18878654
e571f0b3-e771-5323-9e88-bff4f3803d06,cooking,75,high,0,0.0,0.75,1,4,0.14785571
e571f0b3-e771-5323-9e88-bff4f3803d06,cooking,75,high,1,0.47,0.75,1,4,0.3630791
e571f0b3-e771-5323-9e88-bff4f3803d06,cooking,75,high,2,0.38,0.75,1,4,0.26713452
e571f0b3-e771-5323-9e88-bff4f3803d06,cooking,75,high,3,0.15,0.75,1,4,0.22193062
e571f0b3-e771-5323-9e88-bff4f3803d06,dip,100,low,0,0.82,1.0,0,5,0.571308
e571f0b3-e771-5323-9e88-bff4f3803d06,dip,100,low,1,0.07,1.0,0,5,0.15790218
e571f0b3-e771-5323-9e88-bff4f3803d06,dip,100,low,2,0.02,1.0,0,5,0.14700009
e571f0b3-e771-5323-9e88-bff4f3803d06,dip,100,low,3,0.09,1.0,0,5,0.12378971
e571f0b3-e771-5323-9e88-bff4f3803d06,drinks,100,low,0,0.8,1.0,0,6,0.56589127
e571f0b3-e771-5323-9e88-bff4f3803d06,drinks,100,low,1,0.0,1.0,0,6,0.15074226
e571f0b3-e771-5323-9e88-bff4f3803d06,drinks,100,low,2,0.0,1.0,0,6,0.14196308
e571f0b3-e771-5323-9e88-bff4f3803d06,drinks,100,low,3,0.2,1.0,0,6,0.14140333
e571f0b3-e771-5323-9e88-bff4f3803d06,driving,100,high,0,0.11,1.0,1,7,0.09397328
e571f0b3-e771-5323-9e88-bff4f3803d06,driving,100,high,1,0.05,1.0,1,7,0.28471178
e571f0b3-e771-5323-9e88-bff4f3803d06,driving,100,high,2,0.19,1.0,1,7,0.3065041
e571f0b3-e771-5323-9e88-bff4f3803d06,driving,100,high,3,0.65,1.0,1,7,0.31481075
e571f0b3-e771-5323-9e88-bff4f3803d06,fair,100,high,0,0.0,1.0,1,8,0.116963215
e571f0b3-e771-5323-9e88-bff4f3803d06,fair,100,high,1,0.05,1.0,1,8,0.2474626
e571f0b3-e771-5323-9e88-bff4f3803d06,fair,100,high,2,0.15,1.0,1,8,0.30874684
e571f0b3-e771-5323-9e88-bff4f3803d06,fair,100,high,3,0.8,1.0,1,8,0.32682738
e571f0b3-e771-5323-9e88-bff4f3803d06,gala,0,low,0,1.0,0.0,0,9,0.8866782
e571f0b3-e771-5323-9e88-bff4f3803d06,gala,0,low,1,0.0,0.0,0,9,0.07345924
e571f0b3-e771-5323-9e88-bff4f3803d06,gala,0,low,2,0.0,0.0,0,9,0.028000446
e571f0b3-e771-5323-9e88-bff4f3803d06,gala,0,low,3,0.0,0.0,0,9,0.011862111
e571f0b3-e771-5323-9e88-bff4f3803d06,hike,0,low,0,0.95,0.0,0,10,0.64159936
e571f0b3-e771-5323-9e88-bff4f3803d06,hike,0,low,1,0.05,0.0,0,10,0.25533968
e571f0b3-e771-5323-9e88-bff4f3803d06,hike,0,low,2,0.0,0.0,0,10,0.07569081
e571f0b3-e771-5323-9e88-bff4f3803d06,hike,0,low,3,0.0,0.0,0,10,0.027370106
e571f0b3-e771-5323-9e88-bff4f3803d06,oysters,0,high,0,0.9,0.0,1,11,0.36713034
e571f0b3-e771-5323-9e88-bff4f3803d06,oysters,0,high,1,0.08,0.0,1,11,0.251757
e571f0b3-e771-5323-9e88-bff4f3803d06,oysters,0,high,2,0.02,0.0,1,11,0.32237086
e571f0b3-e771-5323-9e88-bff4f3803d06,oysters,0,high,3,0.0,0.0,1,11,0.058741804
e571f0b3-e771-5323-9e88-bff4f3803d06,social,0,high,0,1.0,0.0,1,12,0.65139556
e571f0b3-e771-5323-9e88-bff4f3803d06,social,0,high,1,0.0,0.0,1,12,0.08862829
e571f0b3-e771-5323-9e88-bff4f3803d06,social,0,high,2,0.0,0.0,1,12,0.1875765
e571f0b3-e771-5323-9e88-bff4f3803d06,social,0,high,3,0.0,0.0,1,12,0.07239971
e571f0b3-e771-5323-9e88-bff4f3803d06,soup,50,low,0,0.22,0.5,0,13,0.30933502
e571f0b3-e771-5323-9e88-bff4f3803d06,soup,50,low,1,0.62,0.5,0,13,0.44212443
e571f0b3-e771-5323-9e88-bff4f3803d06,soup,50,low,2,0.0,0.5,0,13,0.14588597
e571f0b3-e771-5323-9e88-bff4f3803d06,soup,50,low,3,0.16,0.5,0,13,0.102654584
e571f0b3-e771-5323-9e88-bff4f3803d06,takeout,75,low,0,0.16,0.75,0,14,0.4908885
e571f0b3-e771-5323-9e88-bff4f3803d06,takeout,75,low,1,0.53,0.75,0,14,0.3014709
e571f0b3-e771-5323-9e88-bff4f3803d06,takeout,75,low,2,0.22,0.75,0,14,0.16536646
e571f0b3-e771-5323-9e88-bff4f3803d06,takeout,75,low,3,0.09,0.75,0,14,0.042274114
e571f0b3-e771-5323-9e88-bff4f3803d06,wedding,50,low,0,0.7,0.5,0,15,0.62692803
e571f0b3-e771-5323-9e88-bff4f3803d06,wedding,50,low,1,0.22,0.5,0,15,0.19194227
e571f0b3-e771-5323-9e88-bff4f3803d06,wedding,50,low,2,0.05,0.5,0,15,0.124107055
e571f0b3-e771-5323-9e88-bff4f3803d06,wedding,50,low,3,0.03,0.5,0,15,0.057022646
e72209af-363e-5431-96df-3a92ab4412bd,apples,50,low,0,0.39,0.5,0,0,0.56864893
e72209af-363e-5431-96df-3a92ab4412bd,apples,50,low,1,0.18,0.5,0,0,0.24850366
e72209af-363e-5431-96df-3a92ab4412bd,apples,50,low,2,0.32,0.5,0,0,0.09509347
e72209af-363e-5431-96df-3a92ab4412bd,apples,50,low,3,0.11,0.5,0,0,0.08775395
e72209af-363e-5431-96df-3a92ab4412bd,basketball,0,low,0,0.14,0.0,0,1,0.59798855
e72209af-363e-5431-96df-3a92ab4412bd,basketball,0,low,1,0.16,0.0,0,1,0.33563203
e72209af-363e-5431-96df-3a92ab4412bd,basketball,0,low,2,0.4,0.0,0,1,0.03724604
e72209af-363e-5431-96df-3a92ab4412bd,basketball,0,low,3,0.3,0.0,0,1,0.02913338
e72209af-363e-5431-96df-3a92ab4412bd,birthday,0,low,0,0.2,0.0,0,2,0.3523034
e72209af-363e-5431-96df-3a92ab4412bd,birthday,0,low,1,0.45,0.0,0,2,0.507386
e72209af-363e-5431-96df-3a92ab4412bd,birthday,0,low,2,0.27,0.0,0,2,0.110791706
e72209af-363e-5431-96df-3a92ab4412bd,birthday,0,low,3,0.08,0.0,0,2,0.029518887
e72209af-363e-5431-96df-3a92ab4412bd,brunch,0,high,0,0.3,0.0,1,3,0.26180592
e72209af-363e-5431-96df-3a92ab4412bd,brunch,0,high,1,0.31,0.0,1,3,0.39796382
e72209af-363e-5431-96df-3a92ab4412bd,brunch,0,high,2,0.21,0.0,1,3,0.24755734
e72209af-363e-5431-96df-3a92ab4412bd,brunch,0,high,3,0.18,0.0,1,3,0.09267295
e72209af-363e-5431-96df-3a92ab4412bd,cooking,50,low,0,0.39,0.5,0,4,0.7692103
e72209af-363e-5431-96df-3a92ab4412bd,cooking,50,low,1,0.29,0.5,0,4,0.12459549
e72209af-363e-5431-96df-3a92ab4412bd,cooking,50,low,2,0.21,0.5,0,4,0.0665355
e72209af-363e-5431-96df-3a92ab4412bd,cooking,50,low,3,0.11,0.5,0,4,0.039658718
e72209af-363e-5431-96df-3a92ab4412bd,dip,50,high,0,0.05,0.5,1,5,0.1520621
e72209af-363e-5431-96df-3a92ab4412bd,dip,50,high,1,0.6,0.5,1,5,0.5578234
e72209af-363e-5431-96df-3a92ab4412bd,dip,50,high,2,0.05,0.5,1,5,0.22538151
e72209af-363e-5431-96df-3a92ab4412bd,dip,50,high,3,0.3,0.5,1,5,0.06473294
e72209af-363e-5431-96df-3a92ab4412bd,drinks,50,high,0,0.06,0.5,1,6,0.35946196
e72209af-363e-5431-96df-3a92ab4412bd,drinks,50,high,1,0.3,0.5,1,6,0.3741043
e72209af-363e-5431-96df-3a92ab4412bd,drinks,50,high,2,0.19,0.5,1,6,0.167113
e72209af-363e-5431-96df-3a92ab4412bd,drinks,50,high,3,0.45,0.5,1,6,0.09932076
e72209af-363e-5431-96df-3a92ab4412bd,driving,75,low,0,0.07,0.75,0,7,0.36953267
e72209af-363e-5431-96df-3a92ab4412bd,driving,75,low,1,0.47,0.75,0,7,0.30730876
e72209af-363e-5431-96df-3a92ab4412bd,driving,75,low,2,0.18,0.75,0,7,0.21764581
e72209af-363e-5431-96df-3a92ab4412bd,driving,75,low,3,0.28,0.75,0,7,0.10551278
e72209af-363e-5431-96df-3a92ab4412bd,fair,75,low,0,0.11,0.75,0,8,0.49065667
e72209af-363e-5431-96df-3a92ab4412bd,fair,75,low,1,0.32,0.75,0,8,0.28788748
e72209af-363e-5431-96df-3a92ab4412bd,fair,75,low,2,0.4,0.75,0,8,0.15803565
e72209af-363e-5431-96df-3a92ab4412bd,fair,75,low,3,0.17,0.75,0,8,0.06342018
e72209af-363e-5431-96df-3a92ab4412bd,gala,75,high,0,0.12,0.75,1,9,0.15333995
e72209af-363e-5431-96df-3a92ab4412bd,gala,75,high,1,0.18,0.75,1,9,0.36573878
e72209af-363e-5431-96df-3a92ab4412bd,gala,75,high,2,0.21,0.75,1,9,0.25414434
e72209af-363e-5431-96df-3a92ab4412bd,gala,75,high,3,0.49,0.75,1,9,0.22677697
e72209af-363e-5431-96df-3a92ab4412bd,hike,75,high,0,0.06,0.75,1,10,0.16673161
e72209af-363e-5431-96df-3a92ab4412bd,hike,75,high,1,0.46,0.75,1,10,0.44192556
e72209af-363e-5431-96df-3a92ab4412bd,hike,75,high,2,0.19,0.75,1,10,0.22072983
e72209af-363e-5431-96df-3a92ab4412bd,hike,75,high,3,0.29,0.75,1,10,0.17061298
e72209af-363e-5431-96df-3a92ab4412bd,oysters,100,low,0,0.14,1.0,0,11,0.28530428
e72209af-363e-5431-96df-3a92ab4412bd,oysters,100,low,1,0.19,1.0,0,11,0.237263
e72209af-363e-5431-96df-3a92ab4412bd,oysters,100,low,2,0.21,1.0,0,11,0.2650189
e72209af-363e-5431-96df-3a92ab4412bd,oysters,100,low,3,0.46,1.0,0,11,0.21241386
e72209af-363e-5431-96df-3a92ab4412bd,social,100,low,0,0.17,1.0,0,12,0.28530437
e72209af-363e-5431-96df-3a92ab4412bd,social,100,low,1,0.13,1.0,0,12,0.23726287
e72209af-363e-5431-96df-3a92ab4412bd,social,100,low,2,0.22,1.0,0,12,0.26501882
e72209af-363e-5431-96df-3a92ab4412bd,social,100,low,3,0.48,1.0,0,12,0.21241392
e72209af-363e-5431-96df-3a92ab4412bd,soup,100,high,0,0.12,1.0,1,13,0.14633904
e72209af-363e-5431-96df-3a92ab4412bd,soup,100,high,1,0.3,1.0,1,13,0.24083959
e72209af-363e-5431-96df-3a92ab4412bd,soup,100,high,2,0.06,1.0,1,13,0.26933384
e72209af-363e-5431-96df-3a92ab4412bd,soup,100,high,3,0.52,1.0,1,13,0.34348753
e72209af-363e-5431-96df-3a92ab4412bd,takeout,0,high,0,0.1,0.0,1,14,0.39998376
e72209af-363e-5431-96df-3a92ab4412bd,takeout,0,high,1,0.37,0.0,1,14,0.5005222
e72209af-363e-5431-96df-3a92ab4412bd,takeout,0,high,2,0.5,0.0,1,14,0.088389106
e72209af-363e-5431-96df-3a92ab4412bd,takeout,0,high,3,0.03,0.0,1,14,0.011104971
e72209af-363e-5431-96df-3a92ab4412bd,wedding,100,high,0,0.09,1.0,1,15,0.08925787
e72209af-363e-5431-96df-3a92ab4412bd,wedding,100,high,1,0.18,1.0,1,15,0.2704253
e72209af-363e-5431-96df-3a92ab4412bd,wedding,100,high,2,0.26,1.0,1,15,0.30555892
e72209af-363e-5431-96df-3a92ab4412bd,wedding,100,high,3,0.47,1.0,1,15,0.33475792
e874461f-d100-53b4-85fc-a8d010458714,apples,0,low,0,0.7,0.0,0,0,0.7356681
e874461f-d100-53b4-85fc-a8d010458714,apples,0,low,1,0.24,0.0,0,0,0.1928364
e874461f-d100-53b4-85fc-a8d010458714,apples,0,low,2,0.06,0.0,0,0,0.038202766
e874461f-d100-53b4-85fc-a8d010458714,apples,0,low,3,0.0,0.0,0,0,0.033292685
e874461f-d100-53b4-85fc-a8d010458714,basketball,75,high,0,0.0,0.75,1,1,0.20223837
e874461f-d100-53b4-85fc-a8d010458714,basketball,75,high,1,0.74,0.75,1,1,0.38436523
e874461f-d100-53b4-85fc-a8d010458714,basketball,75,high,2,0.25,0.75,1,1,0.2153484
e874461f-d100-53b4-85fc-a8d010458714,basketball,75,high,3,0.01,0.75,1,1,0.19804801
e874461f-d100-53b4-85fc-a8d010458714,birthday,100,low,0,0.02,1.0,0,2,0.18114941
e874461f-d100-53b4-85fc-a8d010458714,birthday,100,low,1,0.04,1.0,0,2,0.26089072
e874461f-d100-53b4-85fc-a8d010458714,birthday,100,low,2,0.43,1.0,0,2,0.30576038
e874461f-d100-53b4-85fc-a8d010458714,birthday,100,low,3,0.51,1.0,0,2,0.2521995
e874461f-d100-53b4-85fc-a8d010458714,brunch,100,low,0,0.56,1.0,0,3,0.25663456
e874461f-d100-53b4-85fc-a8d010458714,brunch,100,low,1,0.0,1.0,0,3,0.21827695
e874461f-d100-53b4-85fc-a8d010458714,brunch,100,low,2,0.12,1.0,0,3,0.2570134
e874461f-d100-53b4-85fc-a8d010458714,brunch,100,low,3,0.32,1.0,0,3,0.26807508
e874461f-d100-53b4-85fc-a8d010458714,cooking,100,high,0,0.0,1.0,1,4,0.08743349
e874461f-d100-53b4-85fc-a8d010458714,cooking,100,high,1,0.25,1.0,1,4,0.30014092
e874461f-d100-53b4-85fc-a8d010458714,cooking,100,high,2,0.71,1.0,1,4,0.2935727
e874461f-d100-53b4-85fc-a8d010458714,cooking,100,high,3,0.04,1.0,1,4,0.3188529
e874461f-d100-53b4-85fc-a8d010458714,dip,0,low,0,0.48,0.0,0,5,0.7331288
e874461f-d100-53b4-85fc-a8d010458714,dip,0,low,1,0.46,0.0,0,5,0.20262736
e874461f-d100-53b4-85fc-a8d010458714,dip,0,low,2,0.06,0.0,0,5,0.055230852
e874461f-d100-53b4-85fc-a8d010458714,dip,0,low,3,0.0,0.0,0,5,0.00901291
e874461f-d100-53b4-85fc-a8d010458714,drinks,0,high,0,0.11,0.0,1,6,0.49300584
e874461f-d100-53b4-85fc-a8d010458714,drinks,0,high,1,0.71,0.0,1,6,0.36993352
e874461f-d100-53b4-85fc-a8d010458714,drinks,0,high,2,0.18,0.0,1,6,0.097113706
e874461f-d100-53b4-85fc-a8d010458714,drinks,0,high,3,0.0,0.0,1,6,0.039946947
e874461f-d100-53b4-85fc-a8d010458714,driving,0,high,0,0.34,0.0,1,7,0.19378443
e874461f-d100-53b4-85fc-a8d010458714,driving,0,high,1,0.63,0.0,1,7,0.58711064
e874461f-d100-53b4-85fc-a8d010458714,driving,0,high,2,0.03,0.0,1,7,0.18505675
e874461f-d100-53b4-85fc-a8d010458714,driving,0,high,3,0.0,0.0,1,7,0.034048196
e874461f-d100-53b4-85fc-a8d010458714,fair,50,low,0,0.19,0.5,0,8,0.5556539
e874461f-d100-53b4-85fc-a8d010458714,fair,50,low,1,0.61,0.5,0,8,0.30713385
e874461f-d100-53b4-85fc-a8d010458714,fair,50,low,2,0.2,0.5,0,8,0.10212145
e874461f-d100-53b4-85fc-a8d010458714,fair,50,low,3,0.0,0.5,0,8,0.035090752
e874461f-d100-53b4-85fc-a8d010458714,gala,50,low,0,0.59,0.5,0,9,0.79520184
e874461f-d100-53b4-85fc-a8d010458714,gala,50,low,1,0.22,0.5,0,9,0.10983461
e874461f-d100-53b4-85fc-a8d010458714,gala,50,low,2,0.15,0.5,0,9,0.059997436
e874461f-d100-53b4-85fc-a8d010458714,gala,50,low,3,0.04,0.5,0,9,0.034966037
e874461f-d100-53b4-85fc-a8d010458714,hike,50,high,0,0.29,0.5,1,10,0.22081594
e874461f-d100-53b4-85fc-a8d010458714,hike,50,high,1,0.67,0.5,1,10,0.48932368
e874461f-d100-53b4-85fc-a8d010458714,hike,50,high,2,0.04,0.5,1,10,0.17706409
e874461f-d100-53b4-85fc-a8d010458714,hike,50,high,3,0.0,0.5,1,10,0.11279631
e874461f-d100-53b4-85fc-a8d010458714,oysters,50,high,0,0.5,0.5,1,11,0.24033377
e874461f-d100-53b4-85fc-a8d010458714,oysters,50,high,1,0.5,0.5,1,11,0.30433637
e874461f-d100-53b4-85fc-a8d010458714,oysters,50,high,2,0.0,0.5,1,11,0.32420126
e874461f-d100-53b4-85fc-a8d010458714,oysters,50,high,3,0.0,0.5,1,11,0.1311286
e874461f-d100-53b4-85fc-a8d010458714,social,75,low,0,0.79,0.75,0,12,0.48559067
e874461f-d100-53b4-85fc-a8d010458714,social,75,low,1,0.14,0.75,0,12,0.1562225
e874461f-d100-53b4-85fc-a8d010458714,social,75,low,2,0.07,0.75,0,12,0.22584657
e874461f-d100-53b4-85fc-a8d010458714,social,75,low,3,0.0,0.75,0,12,0.13234024
e874461f-d100-53b4-85fc-a8d010458714,soup,75,low,0,0.57,0.75,0,13,0.25817782
e874461f-d100-53b4-85fc-a8d010458714,soup,75,low,1,0.23,0.75,0,13,0.36900678
e874461f-d100-53b4-85fc-a8d010458714,soup,75,low,2,0.1,0.75,0,13,0.19745578
e874461f-d100-53b4-85fc-a8d010458714,soup,75,low,3,0.1,0.75,0,13,0.17535962
e874461f-d100-53b4-85fc-a8d010458714,takeout,100,high,0,0.02,1.0,1,14,0.16335048
e874461f-d100-53b4-85fc-a8d010458714,takeout,100,high,1,0.67,1.0,1,14,0.37776726
e874461f-d100-53b4-85fc-a8d010458714,takeout,100,high,2,0.3,1.0,1,14,0.37241223
e874461f-d100-53b4-85fc-a8d010458714,takeout,100,high,3,0.01,1.0,1,14,0.086470015
e874461f-d100-53b4-85fc-a8d010458714,wedding,75,high,0,0.01,0.75,1,15,0.16501321
e874461f-d100-53b4-85fc-a8d010458714,wedding,75,high,1,0.41,0.75,1,15,0.32890013
e874461f-d100-53b4-85fc-a8d010458714,wedding,75,high,2,0.36,0.75,1,15,0.27954394
e874461f-d100-53b4-85fc-a8d010458714,wedding,75,high,3,0.22,0.75,1,15,0.22654271
ec1d2a6c-44a0-5520-ac14-8b6f160023f6,apples,0,high,0,0.3,0.0,1,0,0.42698184
ec1d2a6c-44a0-5520-ac14-8b6f160023f6,apples,0,high,1,0.55,0.0,1,0,0.40298706
ec1d2a6c-44a0-5520-ac14-8b6f160023f6,apples,0,high,2,0.15,0.0,1,0,0.09085414
ec1d2a6c-44a0-5520-ac14-8b6f160023f6,apples,0,high,3,0.0,0.0,1,0,0.079176955
ec1d2a6c-44a0-5520-ac14-8b6f160023f6,basketball,50,high,0,0.06,0.5,1,1,0.26170138
ec1d2a6c-44a0-5520-ac14-8b6f160023f6,basketball,50,high,1,0.55,0.5,1,1,0.46855953
ec1d2a6c-44a0-5520-ac14-8b6f160023f6,basketball,50,high,2,0.36,0.5,1,1,0.1445255
ec1d2a6c-44a0-5520-ac14-8b6f160023f6,basketball,50,high,3,0.03,0.5,1,1,0.12521361
ec1d2a6c-44a0-5520-ac14-8b6f160023f6,birthday,75,high,0,0.04,0.75,1,2,0.13972035
ec1d2a6c-44a0-5520-ac14-8b6f160023f6,birthday,75,high,1,0.43,0.75,1,2,0.44225538
ec1d2a6c-44a0-5520-ac14-8b6f160023f6,birthday,75,high,2,0.33,0.75,1,2,0.270476
ec1d2a6c-44a0-5520-ac14-8b6f160023f6,birthday,75,high,3,0.2,0.75,1,2,0.14754832
ec1d2a6c-44a0-5520-ac14-8b6f160023f6,brunch,75,high,0,0.04,0.75,1,3,0.2549862
ec1d2a6c-44a0-5520-ac14-8b6f160023f6,brunch,75,high,1,0.57,0.75,1,3,0.28037846
ec1d2a6c-44a0-5520-ac14-8b6f160023f6,brunch,75,high,2,0.35,0.75,1,3,0.2631387
ec1d2a6c-44a0-5520-ac14-8b6f160023f6,brunch,75,high,3,0.04,0.75,1,3,0.20149668
ec1d2a6c-44a0-5520-ac14-8b6f160023f6,cooking,100,low,0,0.83,1.0,0,4,0.56390643
ec1d2a6c-44a0-5520-ac14-8b6f160023f6,cooking,100,low,1,0.08,1.0,0,4,0.1621197
ec1d2a6c-44a0-5520-ac14-8b6f160023f6,cooking,100,low,2,0.06,1.0,0,4,0.14098814
ec1d2a6c-44a0-5520-ac14-8b6f160023f6,cooking,100,low,3,0.03,1.0,0,4,0.13298574
ec1d2a6c-44a0-5520-ac14-8b6f160023f6,dip,50,low,0,0.56,0.5,0,5,0.6932131
ec1d2a6c-44a0-5520-ac14-8b6f160023f6,dip,50,low,1,0.44,0.5,0,5,0.19159518
ec1d2a6c-44a0-5520-ac14-8b6f160023f6,dip,50,low,2,0.0,0.5,0,5,0.08706623
ec1d2a6c-44a0-5520-ac14-8b6f160023f6,dip,50,low,3,0.0,0.5,0,5,0.028125498
ec1d2a6c-44a0-5520-ac14-8b6f160023f6,drinks,100,high,0,0.0,1.0,1,6,0.17412922
ec1d2a6c-44a0-5520-ac14-8b6f160023f6,drinks,100,high,1,0.01,1.0,1,6,0.28677985
ec1d2a6c-44a0-5520-ac14-8b6f160023f6,drinks,100,high,2,0.1,1.0,1,6,0.2700779
ec1d2a6c-44a0-5520-ac14-8b6f160023f6,drinks,100,high,3,0.89,1.0,1,6,0.269013
ec1d2a6c-44a0-5520-ac14-8b6f160023f6,driving,75,low,0,0.19,0.75,0,7,0.36953267
ec1d2a6c-44a0-5520-ac14-8b6f160023f6,driving,75,low,1,0.27,0.75,0,7,0.30730876
ec1d2a6c-44a0-5520-ac14-8b6f160023f6,driving,75,low,2,0.3,0.75,0,7,0.21764581
ec1d2a6c-44a0-5520-ac14-8b6f160023f6,driving,75,low,3,0.24,0.75,0,7,0.10551278
ec1d2a6c-44a0-5520-ac14-8b6f160023f6,fair,0,high,0,0.13,0.0,1,8,0.32640508
ec1d2a6c-44a0-5520-ac14-8b6f160023f6,fair,0,high,1,0.35,0.0,1,8,0.540167
ec1d2a6c-44a0-5520-ac14-8b6f160023f6,fair,0,high,2,0.52,0.0,1,8,0.08559175
ec1d2a6c-44a0-5520-ac14-8b6f160023f6,fair,0,high,3,0.0,0.0,1,8,0.047836132
ec1d2a6c-44a0-5520-ac14-8b6f160023f6,gala,50,low,0,0.77,0.5,0,9,0.79520184
ec1d2a6c-44a0-5520-ac14-8b6f160023f6,gala,50,low,1,0.07,0.5,0,9,0.10983461
ec1d2a6c-44a0-5520-ac14-8b6f160023f6,gala,50,low,2,0.14,0.5,0,9,0.059997436
ec1d2a6c-44a0-5520-ac14-8b6f160023f6,gala,50,low,3,0.02,0.5,0,9,0.034966037
ec1d2a6c-44a0-5520-ac14-8b6f160023f6,hike,50,high,0,0.28,0.5,1,10,0.22081594
ec1d2a6c-44a0-5520-ac14-8b6f160023f6,hike,50,high,1,0.5,0.5,1,10,0.48932368
ec1d2a6c-44a0-5520-ac14-8b6f160023f6,hike,50,high,2,0.19,0.5,1,10,0.17706409
ec1d2a6c-44a0-5520-ac14-8b6f160023f6,hike,50,high,3,0.03,0.5,1,10,0.11279631
ec1d2a6c-44a0-5520-ac14-8b6f160023f6,oysters,0,low,0,0.93,0.0,0,11,0.64080536
ec1d2a6c-44a0-5520-ac14-8b6f160023f6,oysters,0,low,1,0.07,0.0,0,11,0.12204299
ec1d2a6c-44a0-5520-ac14-8b6f160023f6,oysters,0,low,2,0.0,0.0,0,11,0.21212909
ec1d2a6c-44a0-5520-ac14-8b6f160023f6,oysters,0,low,3,0.0,0.0,0,11,0.025022497
ec1d2a6c-44a0-5520-ac14-8b6f160023f6,social,75,low,0,0.51,0.75,0,12,0.48559067
ec1d2a6c-44a0-5520-ac14-8b6f160023f6,social,75,low,1,0.42,0.75,0,12,0.1562225
ec1d2a6c-44a0-5520-ac14-8b6f160023f6,social,75,low,2,0.05,0.75,0,12,0.22584657
ec1d2a6c-44a0-5520-ac14-8b6f160023f6,social,75,low,3,0.02,0.75,0,12,0.13234024
ec1d2a6c-44a0-5520-ac14-8b6f160023f6,soup,0,low,0,0.95,0.0,0,13,0.3659461
ec1d2a6c-44a0-5520-ac14-8b6f160023f6,soup,0,low,1,0.01,0.0,0,13,0.5230372
ec1d2a6c-44a0-5520-ac14-8b6f160023f6,soup,0,low,2,0.04,0.0,0,13,0.075403504
ec1d2a6c-44a0-5520-ac14-8b6f160023f6,soup,0,low,3,0.0,0.0,0,13,0.035613187
ec1d2a6c-44a0-5520-ac14-8b6f160023f6,takeout,100,high,0,0.0,1.0,1,14,0.16335048
ec1d2a6c-44a0-5520-ac14-8b6f160023f6,takeout,100,high,1,0.23,1.0,1,14,0.37776726
ec1d2a6c-44a0-5520-ac14-8b6f160023f6,takeout,100,high,2,0.69,1.0,1,14,0.37241223
ec1d2a6c-44a0-5520-ac14-8b6f160023f6,takeout,100,high,3,0.08,1.0,1,14,0.086470015
ec1d2a6c-44a0-5520-ac14-8b6f160023f6,wedding,100,low,0,0.73,1.0,0,15,0.35762483
ec1d2a6c-44a0-5520-ac14-8b6f160023f6,wedding,100,low,1,0.04,1.0,0,15,0.22430809
ec1d2a6c-44a0-5520-ac14-8b6f160023f6,wedding,100,low,2,0.05,1.0,0,15,0.2361927
ec1d2a6c-44a0-5520-ac14-8b6f160023f6,wedding,100,low,3,0.18,1.0,0,15,0.18187447
ec84d25f-7743-51dc-954a-f107b41adbaa,apples,50,low,0,1.0,0.5,0,0,0.56864893
ec84d25f-7743-51dc-954a-f107b41adbaa,apples,50,low,1,0.0,0.5,0,0,0.24850366
ec84d25f-7743-51dc-954a-f107b41adbaa,apples,50,low,2,0.0,0.5,0,0,0.09509347
ec84d25f-7743-51dc-954a-f107b41adbaa,apples,50,low,3,0.0,0.5,0,0,0.08775395
ec84d25f-7743-51dc-954a-f107b41adbaa,basketball,100,low,0,0.6,1.0,0,1,0.27969223
ec84d25f-7743-51dc-954a-f107b41adbaa,basketball,100,low,1,0.2,1.0,0,1,0.20069663
ec84d25f-7743-51dc-954a-f107b41adbaa,basketball,100,low,2,0.0,1.0,0,1,0.25980562
ec84d25f-7743-51dc-954a-f107b41adbaa,basketball,100,low,3,0.2,1.0,0,1,0.25980556
ec84d25f-7743-51dc-954a-f107b41adbaa,birthday,50,low,0,0.0,0.5,0,2,0.29914954
ec84d25f-7743-51dc-954a-f107b41adbaa,birthday,50,low,1,0.58,0.5,0,2,0.43083405
ec84d25f-7743-51dc-954a-f107b41adbaa,birthday,50,low,2,0.23,0.5,0,2,0.18929946
ec84d25f-7743-51dc-954a-f107b41adbaa,birthday,50,low,3,0.19,0.5,0,2,0.08071703
ec84d25f-7743-51dc-954a-f107b41adbaa,brunch,0,low,0,0.8,0.0,0,3,0.2796343
ec84d25f-7743-51dc-954a-f107b41adbaa,brunch,0,low,1,0.0,0.0,0,3,0.38874203
ec84d25f-7743-51dc-954a-f107b41adbaa,brunch,0,low,2,0.2,0.0,0,3,0.24525556
ec84d25f-7743-51dc-954a-f107b41adbaa,brunch,0,low,3,0.0,0.0,0,3,0.086368114
ec84d25f-7743-51dc-954a-f107b41adbaa,cooking,100,low,0,1.0,1.0,0,4,0.56390643
ec84d25f-7743-51dc-954a-f107b41adbaa,cooking,100,low,1,0.0,1.0,0,4,0.1621197
ec84d25f-7743-51dc-954a-f107b41adbaa,cooking,100,low,2,0.0,1.0,0,4,0.14098814
ec84d25f-7743-51dc-954a-f107b41adbaa,cooking,100,low,3,0.0,1.0,0,4,0.13298574
ec84d25f-7743-51dc-954a-f107b41adbaa,dip,50,high,0,0.0,0.5,1,5,0.1520621
ec84d25f-7743-51dc-954a-f107b41adbaa,dip,50,high,1,0.85,0.5,1,5,0.5578234
ec84d25f-7743-51dc-954a-f107b41adbaa,dip,50,high,2,0.0,0.5,1,5,0.22538151
ec84d25f-7743-51dc-954a-f107b41adbaa,dip,50,high,3,0.15,0.5,1,5,0.06473294
ec84d25f-7743-51dc-954a-f107b41adbaa,drinks,0,high,0,0.28,0.0,1,6,0.49300584
ec84d25f-7743-51dc-954a-f107b41adbaa,drinks,0,high,1,0.54,0.0,1,6,0.36993352
ec84d25f-7743-51dc-954a-f107b41adbaa,drinks,0,high,2,0.18,0.0,1,6,0.097113706
ec84d25f-7743-51dc-954a-f107b41adbaa,drinks,0,high,3,0.0,0.0,1,6,0.039946947
ec84d25f-7743-51dc-954a-f107b41adbaa,driving,75,low,0,0.39,0.75,0,7,0.36953267
ec84d25f-7743-51dc-954a-f107b41adbaa,driving,75,low,1,0.24,0.75,0,7,0.30730876
ec84d25f-7743-51dc-954a-f107b41adbaa,driving,75,low,2,0.0,0.75,0,7,0.21764581
ec84d25f-7743-51dc-954a-f107b41adbaa,driving,75,low,3,0.37,0.75,0,7,0.10551278
ec84d25f-7743-51dc-954a-f107b41adbaa,fair,0,low,0,0.2,0.0,0,8,0.62978035
ec84d25f-7743-51dc-954a-f107b41adbaa,fair,0,low,1,0.8,0.0,0,8,0.31427956
ec84d25f-7743-51dc-954a-f107b41adbaa,fair,0,low,2,0.0,0.0,0,8,0.04427682
ec84d25f-7743-51dc-954a-f107b41adbaa,fair,0,low,3,0.0,0.0,0,8,0.011663312
ec84d25f-7743-51dc-954a-f107b41adbaa,gala,100,high,0,0.0,1.0,1,9,0.08383131
ec84d25f-7743-51dc-954a-f107b41adbaa,gala,100,high,1,0.0,1.0,1,9,0.30393267
ec84d25f-7743-51dc-954a-f107b41adbaa,gala,100,high,2,0.0,1.0,1,9,0.28360444
ec84d25f-7743-51dc-954a-f107b41adbaa,gala,100,high,3,1.0,1.0,1,9,0.32863158
ec84d25f-7743-51dc-954a-f107b41adbaa,hike,0,high,0,0.2,0.0,1,10,0.31990948
ec84d25f-7743-51dc-954a-f107b41adbaa,hike,0,high,1,0.8,0.0,1,10,0.5216798
ec84d25f-7743-51dc-954a-f107b41adbaa,hike,0,high,2,0.0,0.0,1,10,0.108692184
ec84d25f-7743-51dc-954a-f107b41adbaa,hike,0,high,3,0.0,0.0,1,10,0.049718577
ec84d25f-7743-51dc-954a-f107b41adbaa,oysters,50,high,0,0.0,0.5,1,11,0.24033377
ec84d25f-7743-51dc-954a-f107b41adbaa,oysters,50,high,1,0.81,0.5,1,11,0.30433637
ec84d25f-7743-51dc-954a-f107b41adbaa,oysters,50,high,2,0.0,0.5,1,11,0.32420126
ec84d25f-7743-51dc-954a-f107b41adbaa,oysters,50,high,3,0.19,0.5,1,11,0.1311286
ec84d25f-7743-51dc-954a-f107b41adbaa,social,100,high,0,0.0,1.0,1,12,0.13305385
ec84d25f-7743-51dc-954a-f107b41adbaa,social,100,high,1,0.5,1.0,1,12,0.29350144
ec84d25f-7743-51dc-954a-f107b41adbaa,social,100,high,2,0.5,1.0,1,12,0.29148328
ec84d25f-7743-51dc-954a-f107b41adbaa,social,100,high,3,0.0,1.0,1,12,0.28196135
ec84d25f-7743-51dc-954a-f107b41adbaa,soup,75,high,0,0.43,0.75,1,13,0.22527981
ec84d25f-7743-51dc-954a-f107b41adbaa,soup,75,high,1,0.17,0.75,1,13,0.3707575
ec84d25f-7743-51dc-954a-f107b41adbaa,soup,75,high,2,0.0,0.75,1,13,0.21040073
ec84d25f-7743-51dc-954a-f107b41adbaa,soup,75,high,3,0.4,0.75,1,13,0.19356199
ec84d25f-7743-51dc-954a-f107b41adbaa,takeout,75,low,0,0.45,0.75,0,14,0.4908885
ec84d25f-7743-51dc-954a-f107b41adbaa,takeout,75,low,1,0.18,0.75,0,14,0.3014709
ec84d25f-7743-51dc-954a-f107b41adbaa,takeout,75,low,2,0.37,0.75,0,14,0.16536646
ec84d25f-7743-51dc-954a-f107b41adbaa,takeout,75,low,3,0.0,0.75,0,14,0.042274114
ec84d25f-7743-51dc-954a-f107b41adbaa,wedding,75,high,0,0.0,0.75,1,15,0.16501321
ec84d25f-7743-51dc-954a-f107b41adbaa,wedding,75,high,1,0.4,0.75,1,15,0.32890013
ec84d25f-7743-51dc-954a-f107b41adbaa,wedding,75,high,2,0.39,0.75,1,15,0.27954394
ec84d25f-7743-51dc-954a-f107b41adbaa,wedding,75,high,3,0.21,0.75,1,15,0.22654271
eca1ab10-bb84-5744-bfab-2769ad3461e0,apples,75,low,0,0.25,0.75,0,0,0.447258
eca1ab10-bb84-5744-bfab-2769ad3461e0,apples,75,low,1,0.25,0.75,0,0,0.26342416
eca1ab10-bb84-5744-bfab-2769ad3461e0,apples,75,low,2,0.25,0.75,0,0,0.14805049
eca1ab10-bb84-5744-bfab-2769ad3461e0,apples,75,low,3,0.25,0.75,0,0,0.1412674
eca1ab10-bb84-5744-bfab-2769ad3461e0,basketball,50,high,0,0.25,0.5,1,1,0.26170138
eca1ab10-bb84-5744-bfab-2769ad3461e0,basketball,50,high,1,0.25,0.5,1,1,0.46855953
eca1ab10-bb84-5744-bfab-2769ad3461e0,basketball,50,high,2,0.25,0.5,1,1,0.1445255
eca1ab10-bb84-5744-bfab-2769ad3461e0,basketball,50,high,3,0.25,0.5,1,1,0.12521361
eca1ab10-bb84-5744-bfab-2769ad3461e0,birthday,100,high,0,0.0,1.0,1,2,0.09661102
eca1ab10-bb84-5744-bfab-2769ad3461e0,birthday,100,high,1,1.0,1.0,1,2,0.30580187
eca1ab10-bb84-5744-bfab-2769ad3461e0,birthday,100,high,2,0.0,1.0,1,2,0.3316454
eca1ab10-bb84-5744-bfab-2769ad3461e0,birthday,100,high,3,0.0,1.0,1,2,0.2659417
eca1ab10-bb84-5744-bfab-2769ad3461e0,brunch,0,low,0,0.25,0.0,0,3,0.2796343
eca1ab10-bb84-5744-bfab-2769ad3461e0,brunch,0,low,1,0.25,0.0,0,3,0.38874203
eca1ab10-bb84-5744-bfab-2769ad3461e0,brunch,0,low,2,0.25,0.0,0,3,0.24525556
eca1ab10-bb84-5744-bfab-2769ad3461e0,brunch,0,low,3,0.25,0.0,0,3,0.086368114
eca1ab10-bb84-5744-bfab-2769ad3461e0,cooking,0,low,0,0.25,0.0,0,4,0.8578861
eca1ab10-bb84-5744-bfab-2769ad3461e0,cooking,0,low,1,0.25,0.0,0,4,0.09232124
eca1ab10-bb84-5744-bfab-2769ad3461e0,cooking,0,low,2,0.25,0.0,0,4,0.03482614
eca1ab10-bb84-5744-bfab-2769ad3461e0,cooking,0,low,3,0.25,0.0,0,4,0.014966578
eca1ab10-bb84-5744-bfab-2769ad3461e0,dip,75,high,0,0.25,0.75,1,5,0.13296467
eca1ab10-bb84-5744-bfab-2769ad3461e0,dip,75,high,1,0.25,0.75,1,5,0.4877666
eca1ab10-bb84-5744-bfab-2769ad3461e0,dip,75,high,2,0.25,0.75,1,5,0.26560885
eca1ab10-bb84-5744-bfab-2769ad3461e0,dip,75,high,3,0.25,0.75,1,5,0.11365985
eca1ab10-bb84-5744-bfab-2769ad3461e0,drinks,75,low,0,0.1,0.75,0,6,0.7045375
eca1ab10-bb84-5744-bfab-2769ad3461e0,drinks,75,low,1,0.31,0.75,0,6,0.1435551
eca1ab10-bb84-5744-bfab-2769ad3461e0,drinks,75,low,2,0.35,0.75,0,6,0.08746405
eca1ab10-bb84-5744-bfab-2769ad3461e0,drinks,75,low,3,0.24,0.75,0,6,0.06444328
eca1ab10-bb84-5744-bfab-2769ad3461e0,driving,50,high,0,0.25,0.5,1,7,0.16074733
eca1ab10-bb84-5744-bfab-2769ad3461e0,driving,50,high,1,0.25,0.5,1,7,0.4870178
eca1ab10-bb84-5744-bfab-2769ad3461e0,driving,50,high,2,0.25,0.5,1,7,0.25592417
eca1ab10-bb84-5744-bfab-2769ad3461e0,driving,50,high,3,0.25,0.5,1,7,0.09631069
eca1ab10-bb84-5744-bfab-2769ad3461e0,fair,100,low,0,0.25,1.0,0,8,0.37053174
eca1ab10-bb84-5744-bfab-2769ad3461e0,fair,100,low,1,0.25,1.0,0,8,0.2363968
eca1ab10-bb84-5744-bfab-2769ad3461e0,fair,100,low,2,0.25,1.0,0,8,0.2622352
eca1ab10-bb84-5744-bfab-2769ad3461e0,fair,100,low,3,0.25,1.0,0,8,0.1308363
eca1ab10-bb84-5744-bfab-2769ad3461e0,gala,50,low,0,0.25,0.5,0,9,0.79520184
eca1ab10-bb84-5744-bfab-2769ad3461e0,gala,50,low,1,0.25,0.5,0,9,0.10983461
eca1ab10-bb84-5744-bfab-2769ad3461e0,gala,50,low,2,0.25,0.5,0,9,0.059997436
eca1ab10-bb84-5744-bfab-2769ad3461e0,gala,50,low,3,0.25,0.5,0,9,0.034966037
eca1ab10-bb84-5744-bfab-2769ad3461e0,hike,100,high,0,0.0,1.0,1,10,0.10209092
eca1ab10-bb84-5744-bfab-2769ad3461e0,hike,100,high,1,0.2,1.0,1,10,0.34788167
eca1ab10-bb84-5744-bfab-2769ad3461e0,hike,100,high,2,0.25,1.0,1,10,0.27311608
eca1ab10-bb84-5744-bfab-2769ad3461e0,hike,100,high,3,0.55,1.0,1,10,0.27691132
eca1ab10-bb84-5744-bfab-2769ad3461e0,oysters,0,high,0,0.7,0.0,1,11,0.36713034
eca1ab10-bb84-5744-bfab-2769ad3461e0,oysters,0,high,1,0.1,0.0,1,11,0.251757
eca1ab10-bb84-5744-bfab-2769ad3461e0,oysters,0,high,2,0.1,0.0,1,11,0.32237086
eca1ab10-bb84-5744-bfab-2769ad3461e0,oysters,0,high,3,0.1,0.0,1,11,0.058741804
eca1ab10-bb84-5744-bfab-2769ad3461e0,social,0,high,0,0.0,0.0,1,12,0.65139556
eca1ab10-bb84-5744-bfab-2769ad3461e0,social,0,high,1,0.0,0.0,1,12,0.08862829
eca1ab10-bb84-5744-bfab-2769ad3461e0,social,0,high,2,1.0,0.0,1,12,0.1875765
eca1ab10-bb84-5744-bfab-2769ad3461e0,social,0,high,3,0.0,0.0,1,12,0.07239971
eca1ab10-bb84-5744-bfab-2769ad3461e0,soup,75,high,0,0.11,0.75,1,13,0.22527981
eca1ab10-bb84-5744-bfab-2769ad3461e0,soup,75,high,1,0.34,0.75,1,13,0.3707575
eca1ab10-bb84-5744-bfab-2769ad3461e0,soup,75,high,2,0.33,0.75,1,13,0.21040073
eca1ab10-bb84-5744-bfab-2769ad3461e0,soup,75,high,3,0.22,0.75,1,13,0.19356199
eca1ab10-bb84-5744-bfab-2769ad3461e0,takeout,100,low,0,0.25,1.0,0,14,0.3651162
eca1ab10-bb84-5744-bfab-2769ad3461e0,takeout,100,low,1,0.25,1.0,0,14,0.27645305
eca1ab10-bb84-5744-bfab-2769ad3461e0,takeout,100,low,2,0.25,1.0,0,14,0.2725342
eca1ab10-bb84-5744-bfab-2769ad3461e0,takeout,100,low,3,0.25,1.0,0,14,0.085896574
eca1ab10-bb84-5744-bfab-2769ad3461e0,wedding,50,low,0,0.52,0.5,0,15,0.62692803
eca1ab10-bb84-5744-bfab-2769ad3461e0,wedding,50,low,1,0.16,0.5,0,15,0.19194227
eca1ab10-bb84-5744-bfab-2769ad3461e0,wedding,50,low,2,0.16,0.5,0,15,0.124107055
eca1ab10-bb84-5744-bfab-2769ad3461e0,wedding,50,low,3,0.16,0.5,0,15,0.057022646
edfe5af8-c57a-5024-b825-36acecbcdf0b,apples,50,low,0,0.1,0.5,0,0,0.56864893
edfe5af8-c57a-5024-b825-36acecbcdf0b,apples,50,low,1,0.32,0.5,0,0,0.24850366
edfe5af8-c57a-5024-b825-36acecbcdf0b,apples,50,low,2,0.44,0.5,0,0,0.09509347
edfe5af8-c57a-5024-b825-36acecbcdf0b,apples,50,low,3,0.14,0.5,0,0,0.08775395
edfe5af8-c57a-5024-b825-36acecbcdf0b,basketball,0,low,0,0.7,0.0,0,1,0.59798855
edfe5af8-c57a-5024-b825-36acecbcdf0b,basketball,0,low,1,0.25,0.0,0,1,0.33563203
edfe5af8-c57a-5024-b825-36acecbcdf0b,basketball,0,low,2,0.04,0.0,0,1,0.03724604
edfe5af8-c57a-5024-b825-36acecbcdf0b,basketball,0,low,3,0.01,0.0,0,1,0.02913338
edfe5af8-c57a-5024-b825-36acecbcdf0b,birthday,75,high,0,0.02,0.75,1,2,0.13972035
edfe5af8-c57a-5024-b825-36acecbcdf0b,birthday,75,high,1,0.48,0.75,1,2,0.44225538
edfe5af8-c57a-5024-b825-36acecbcdf0b,birthday,75,high,2,0.44,0.75,1,2,0.270476
edfe5af8-c57a-5024-b825-36acecbcdf0b,birthday,75,high,3,0.06,0.75,1,2,0.14754832
edfe5af8-c57a-5024-b825-36acecbcdf0b,brunch,75,low,0,0.13,0.75,0,3,0.27379805
edfe5af8-c57a-5024-b825-36acecbcdf0b,brunch,75,low,1,0.41,0.75,0,3,0.2753374
edfe5af8-c57a-5024-b825-36acecbcdf0b,brunch,75,low,2,0.2,0.75,0,3,0.262078
edfe5af8-c57a-5024-b825-36acecbcdf0b,brunch,75,low,3,0.26,0.75,0,3,0.18878654
edfe5af8-c57a-5024-b825-36acecbcdf0b,cooking,100,low,0,0.1,1.0,0,4,0.56390643
edfe5af8-c57a-5024-b825-36acecbcdf0b,cooking,100,low,1,0.56,1.0,0,4,0.1621197
edfe5af8-c57a-5024-b825-36acecbcdf0b,cooking,100,low,2,0.34,1.0,0,4,0.14098814
edfe5af8-c57a-5024-b825-36acecbcdf0b,cooking,100,low,3,0.0,1.0,0,4,0.13298574
edfe5af8-c57a-5024-b825-36acecbcdf0b,dip,0,high,0,0.45,0.0,1,5,0.17585786
edfe5af8-c57a-5024-b825-36acecbcdf0b,dip,0,high,1,0.55,0.0,1,5,0.6451156
edfe5af8-c57a-5024-b825-36acecbcdf0b,dip,0,high,2,0.0,0.0,1,5,0.1563427
edfe5af8-c57a-5024-b825-36acecbcdf0b,dip,0,high,3,0.0,0.0,1,5,0.022683876
edfe5af8-c57a-5024-b825-36acecbcdf0b,drinks,100,low,0,0.49,1.0,0,6,0.56589127
edfe5af8-c57a-5024-b825-36acecbcdf0b,drinks,100,low,1,0.04,1.0,0,6,0.15074226
edfe5af8-c57a-5024-b825-36acecbcdf0b,drinks,100,low,2,0.09,1.0,0,6,0.14196308
edfe5af8-c57a-5024-b825-36acecbcdf0b,drinks,100,low,3,0.38,1.0,0,6,0.14140333
edfe5af8-c57a-5024-b825-36acecbcdf0b,driving,100,high,0,0.09,1.0,1,7,0.09397328
edfe5af8-c57a-5024-b825-36acecbcdf0b,driving,100,high,1,0.5,1.0,1,7,0.28471178
edfe5af8-c57a-5024-b825-36acecbcdf0b,driving,100,high,2,0.29,1.0,1,7,0.3065041
edfe5af8-c57a-5024-b825-36acecbcdf0b,driving,100,high,3,0.12,1.0,1,7,0.31481075
edfe5af8-c57a-5024-b825-36acecbcdf0b,fair,100,high,0,0.25,1.0,1,8,0.116963215
edfe5af8-c57a-5024-b825-36acecbcdf0b,fair,100,high,1,0.03,1.0,1,8,0.2474626
edfe5af8-c57a-5024-b825-36acecbcdf0b,fair,100,high,2,0.47,1.0,1,8,0.30874684
edfe5af8-c57a-5024-b825-36acecbcdf0b,fair,100,high,3,0.25,1.0,1,8,0.32682738
edfe5af8-c57a-5024-b825-36acecbcdf0b,gala,50,high,0,0.13,0.5,1,9,0.22198972
edfe5af8-c57a-5024-b825-36acecbcdf0b,gala,50,high,1,0.5,0.5,1,9,0.39286163
edfe5af8-c57a-5024-b825-36acecbcdf0b,gala,50,high,2,0.26,0.5,1,9,0.22126077
edfe5af8-c57a-5024-b825-36acecbcdf0b,gala,50,high,3,0.11,0.5,1,9,0.1638879
edfe5af8-c57a-5024-b825-36acecbcdf0b,hike,75,high,0,0.21,0.75,1,10,0.16673161
edfe5af8-c57a-5024-b825-36acecbcdf0b,hike,75,high,1,0.31,0.75,1,10,0.44192556
edfe5af8-c57a-5024-b825-36acecbcdf0b,hike,75,high,2,0.07,0.75,1,10,0.22072983
edfe5af8-c57a-5024-b825-36acecbcdf0b,hike,75,high,3,0.41,0.75,1,10,0.17061298
edfe5af8-c57a-5024-b825-36acecbcdf0b,oysters,0,high,0,1.0,0.0,1,11,0.36713034
edfe5af8-c57a-5024-b825-36acecbcdf0b,oysters,0,high,1,0.0,0.0,1,11,0.251757
edfe5af8-c57a-5024-b825-36acecbcdf0b,oysters,0,high,2,0.0,0.0,1,11,0.32237086
edfe5af8-c57a-5024-b825-36acecbcdf0b,oysters,0,high,3,0.0,0.0,1,11,0.058741804
edfe5af8-c57a-5024-b825-36acecbcdf0b,social,50,high,0,0.18,0.5,1,12,0.4027943
edfe5af8-c57a-5024-b825-36acecbcdf0b,social,50,high,1,0.43,0.5,1,12,0.17468879
edfe5af8-c57a-5024-b825-36acecbcdf0b,social,50,high,2,0.31,0.5,1,12,0.26985493
edfe5af8-c57a-5024-b825-36acecbcdf0b,social,50,high,3,0.08,0.5,1,12,0.15266201
edfe5af8-c57a-5024-b825-36acecbcdf0b,soup,0,low,0,1.0,0.0,0,13,0.3659461
edfe5af8-c57a-5024-b825-36acecbcdf0b,soup,0,low,1,0.0,0.0,0,13,0.5230372
edfe5af8-c57a-5024-b825-36acecbcdf0b,soup,0,low,2,0.0,0.0,0,13,0.075403504
edfe5af8-c57a-5024-b825-36acecbcdf0b,soup,0,low,3,0.0,0.0,0,13,0.035613187
edfe5af8-c57a-5024-b825-36acecbcdf0b,takeout,75,low,0,0.55,0.75,0,14,0.4908885
edfe5af8-c57a-5024-b825-36acecbcdf0b,takeout,75,low,1,0.28,0.75,0,14,0.3014709
edfe5af8-c57a-5024-b825-36acecbcdf0b,takeout,75,low,2,0.17,0.75,0,14,0.16536646
edfe5af8-c57a-5024-b825-36acecbcdf0b,takeout,75,low,3,0.0,0.75,0,14,0.042274114
edfe5af8-c57a-5024-b825-36acecbcdf0b,wedding,50,low,0,1.0,0.5,0,15,0.62692803
edfe5af8-c57a-5024-b825-36acecbcdf0b,wedding,50,low,1,0.0,0.5,0,15,0.19194227
edfe5af8-c57a-5024-b825-36acecbcdf0b,wedding,50,low,2,0.0,0.5,0,15,0.124107055
edfe5af8-c57a-5024-b825-36acecbcdf0b,wedding,50,low,3,0.0,0.5,0,15,0.057022646
f7477c97-4660-5400-8ce2-6e270b9e8996,apples,75,high,0,0.12,0.75,1,0,0.17327306
f7477c97-4660-5400-8ce2-6e270b9e8996,apples,75,high,1,0.39,0.75,1,0,0.36745417
f7477c97-4660-5400-8ce2-6e270b9e8996,apples,75,high,2,0.27,0.75,1,0,0.23502025
f7477c97-4660-5400-8ce2-6e270b9e8996,apples,75,high,3,0.22,0.75,1,0,0.22425258
f7477c97-4660-5400-8ce2-6e270b9e8996,basketball,50,low,0,0.13,0.5,0,1,0.505161
f7477c97-4660-5400-8ce2-6e270b9e8996,basketball,50,low,1,0.13,0.5,0,1,0.31404844
f7477c97-4660-5400-8ce2-6e270b9e8996,basketball,50,low,2,0.61,0.5,0,1,0.096867114
f7477c97-4660-5400-8ce2-6e270b9e8996,basketball,50,low,3,0.13,0.5,0,1,0.083923474
f7477c97-4660-5400-8ce2-6e270b9e8996,birthday,50,high,0,0.07,0.5,1,2,0.16706371
f7477c97-4660-5400-8ce2-6e270b9e8996,birthday,50,high,1,0.36,0.5,1,2,0.5288051
f7477c97-4660-5400-8ce2-6e270b9e8996,birthday,50,high,2,0.23,0.5,1,2,0.21500385
f7477c97-4660-5400-8ce2-6e270b9e8996,birthday,50,high,3,0.34,0.5,1,2,0.08912745
f7477c97-4660-5400-8ce2-6e270b9e8996,brunch,50,high,0,0.26,0.5,1,3,0.26137137
f7477c97-4660-5400-8ce2-6e270b9e8996,brunch,50,high,1,0.1,0.5,1,3,0.3238393
f7477c97-4660-5400-8ce2-6e270b9e8996,brunch,50,high,2,0.23,0.5,1,3,0.26117304
f7477c97-4660-5400-8ce2-6e270b9e8996,brunch,50,high,3,0.41,0.5,1,3,0.15361626
f7477c97-4660-5400-8ce2-6e270b9e8996,cooking,75,low,0,0.07,0.75,0,4,0.6957702
f7477c97-4660-5400-8ce2-6e270b9e8996,cooking,75,low,1,0.16,0.75,0,4,0.14309031
f7477c97-4660-5400-8ce2-6e270b9e8996,cooking,75,low,2,0.51,0.75,0,4,0.093604214
f7477c97-4660-5400-8ce2-6e270b9e8996,cooking,75,low,3,0.26,0.75,0,4,0.06753522
f7477c97-4660-5400-8ce2-6e270b9e8996,dip,75,high,0,0.17,0.75,1,5,0.13296467
f7477c97-4660-5400-8ce2-6e270b9e8996,dip,75,high,1,0.49,0.75,1,5,0.4877666
f7477c97-4660-5400-8ce2-6e270b9e8996,dip,75,high,2,0.17,0.75,1,5,0.26560885
f7477c97-4660-5400-8ce2-6e270b9e8996,dip,75,high,3,0.17,0.75,1,5,0.11365985
f7477c97-4660-5400-8ce2-6e270b9e8996,drinks,100,low,0,0.21,1.0,0,6,0.56589127
f7477c97-4660-5400-8ce2-6e270b9e8996,drinks,100,low,1,0.21,1.0,0,6,0.15074226
f7477c97-4660-5400-8ce2-6e270b9e8996,drinks,100,low,2,0.21,1.0,0,6,0.14196308
f7477c97-4660-5400-8ce2-6e270b9e8996,drinks,100,low,3,0.37,1.0,0,6,0.14140333
f7477c97-4660-5400-8ce2-6e270b9e8996,driving,100,low,0,0.01,1.0,0,7,0.28515202
f7477c97-4660-5400-8ce2-6e270b9e8996,driving,100,low,1,0.29,1.0,0,7,0.23713657
f7477c97-4660-5400-8ce2-6e270b9e8996,driving,100,low,2,0.38,1.0,0,7,0.25528738
f7477c97-4660-5400-8ce2-6e270b9e8996,driving,100,low,3,0.32,1.0,0,7,0.22242402
f7477c97-4660-5400-8ce2-6e270b9e8996,fair,100,high,0,0.1,1.0,1,8,0.116963215
f7477c97-4660-5400-8ce2-6e270b9e8996,fair,100,high,1,0.52,1.0,1,8,0.2474626
f7477c97-4660-5400-8ce2-6e270b9e8996,fair,100,high,2,0.1,1.0,1,8,0.30874684
f7477c97-4660-5400-8ce2-6e270b9e8996,fair,100,high,3,0.28,1.0,1,8,0.32682738
f7477c97-4660-5400-8ce2-6e270b9e8996,gala,100,high,0,0.12,1.0,1,9,0.08383131
f7477c97-4660-5400-8ce2-6e270b9e8996,gala,100,high,1,0.64,1.0,1,9,0.30393267
f7477c97-4660-5400-8ce2-6e270b9e8996,gala,100,high,2,0.12,1.0,1,9,0.28360444
f7477c97-4660-5400-8ce2-6e270b9e8996,gala,100,high,3,0.12,1.0,1,9,0.32863158
f7477c97-4660-5400-8ce2-6e270b9e8996,hike,0,low,0,0.69,0.0,0,10,0.64159936
f7477c97-4660-5400-8ce2-6e270b9e8996,hike,0,low,1,0.16,0.0,0,10,0.25533968
f7477c97-4660-5400-8ce2-6e270b9e8996,hike,0,low,2,0.07,0.0,0,10,0.07569081
f7477c97-4660-5400-8ce2-6e270b9e8996,hike,0,low,3,0.08,0.0,0,10,0.027370106
f7477c97-4660-5400-8ce2-6e270b9e8996,oysters,0,low,0,0.12,0.0,0,11,0.64080536
f7477c97-4660-5400-8ce2-6e270b9e8996,oysters,0,low,1,0.09,0.0,0,11,0.12204299
f7477c97-4660-5400-8ce2-6e270b9e8996,oysters,0,low,2,0.54,0.0,0,11,0.21212909
f7477c97-4660-5400-8ce2-6e270b9e8996,oysters,0,low,3,0.25,0.0,0,11,0.025022497
f7477c97-4660-5400-8ce2-6e270b9e8996,social,0,high,0,0.07,0.0,1,12,0.65139556
f7477c97-4660-5400-8ce2-6e270b9e8996,social,0,high,1,0.19,0.0,1,12,0.08862829
f7477c97-4660-5400-8ce2-6e270b9e8996,social,0,high,2,0.19,0.0,1,12,0.1875765
f7477c97-4660-5400-8ce2-6e270b9e8996,social,0,high,3,0.55,0.0,1,12,0.07239971
f7477c97-4660-5400-8ce2-6e270b9e8996,soup,0,high,0,0.2,0.0,1,13,0.3310718
f7477c97-4660-5400-8ce2-6e270b9e8996,soup,0,high,1,0.2,0.0,1,13,0.5448662
f7477c97-4660-5400-8ce2-6e270b9e8996,soup,0,high,2,0.46,0.0,1,13,0.08330492
f7477c97-4660-5400-8ce2-6e270b9e8996,soup,0,high,3,0.14,0.0,1,13,0.040757075
f7477c97-4660-5400-8ce2-6e270b9e8996,takeout,75,low,0,0.26,0.75,0,14,0.4908885
f7477c97-4660-5400-8ce2-6e270b9e8996,takeout,75,low,1,0.31,0.75,0,14,0.3014709
f7477c97-4660-5400-8ce2-6e270b9e8996,takeout,75,low,2,0.11,0.75,0,14,0.16536646
f7477c97-4660-5400-8ce2-6e270b9e8996,takeout,75,low,3,0.32,0.75,0,14,0.042274114
f7477c97-4660-5400-8ce2-6e270b9e8996,wedding,50,low,0,0.07,0.5,0,15,0.62692803
f7477c97-4660-5400-8ce2-6e270b9e8996,wedding,50,low,1,0.25,0.5,0,15,0.19194227
f7477c97-4660-5400-8ce2-6e270b9e8996,wedding,50,low,2,0.3,0.5,0,15,0.124107055
f7477c97-4660-5400-8ce2-6e270b9e8996,wedding,50,low,3,0.38,0.5,0,15,0.057022646
fa367f98-35d7-5574-88c9-0925aae9654a,apples,50,low,0,1.0,0.5,0,0,0.56864893
fa367f98-35d7-5574-88c9-0925aae9654a,apples,50,low,1,0.0,0.5,0,0,0.24850366
fa367f98-35d7-5574-88c9-0925aae9654a,apples,50,low,2,0.0,0.5,0,0,0.09509347
fa367f98-35d7-5574-88c9-0925aae9654a,apples,50,low,3,0.0,0.5,0,0,0.08775395
fa367f98-35d7-5574-88c9-0925aae9654a,basketball,100,high,0,0.0,1.0,1,1,0.11880685
fa367f98-35d7-5574-88c9-0925aae9654a,basketball,100,high,1,0.0,1.0,1,1,0.24552351
fa367f98-35d7-5574-88c9-0925aae9654a,basketball,100,high,2,1.0,1.0,1,1,0.31783482
fa367f98-35d7-5574-88c9-0925aae9654a,basketball,100,high,3,0.0,1.0,1,1,0.3178348
fa367f98-35d7-5574-88c9-0925aae9654a,birthday,100,low,0,0.0,1.0,0,2,0.18114941
fa367f98-35d7-5574-88c9-0925aae9654a,birthday,100,low,1,0.0,1.0,0,2,0.26089072
fa367f98-35d7-5574-88c9-0925aae9654a,birthday,100,low,2,1.0,1.0,0,2,0.30576038
fa367f98-35d7-5574-88c9-0925aae9654a,birthday,100,low,3,0.0,1.0,0,2,0.2521995
fa367f98-35d7-5574-88c9-0925aae9654a,brunch,75,high,0,0.0,0.75,1,3,0.2549862
fa367f98-35d7-5574-88c9-0925aae9654a,brunch,75,high,1,1.0,0.75,1,3,0.28037846
fa367f98-35d7-5574-88c9-0925aae9654a,brunch,75,high,2,0.0,0.75,1,3,0.2631387
fa367f98-35d7-5574-88c9-0925aae9654a,brunch,75,high,3,0.0,0.75,1,3,0.20149668
fa367f98-35d7-5574-88c9-0925aae9654a,cooking,75,high,0,0.0,0.75,1,4,0.14785571
fa367f98-35d7-5574-88c9-0925aae9654a,cooking,75,high,1,1.0,0.75,1,4,0.3630791
fa367f98-35d7-5574-88c9-0925aae9654a,cooking,75,high,2,0.0,0.75,1,4,0.26713452
fa367f98-35d7-5574-88c9-0925aae9654a,cooking,75,high,3,0.0,0.75,1,4,0.22193062
fa367f98-35d7-5574-88c9-0925aae9654a,dip,0,high,0,0.0,0.0,1,5,0.17585786
fa367f98-35d7-5574-88c9-0925aae9654a,dip,0,high,1,1.0,0.0,1,5,0.6451156
fa367f98-35d7-5574-88c9-0925aae9654a,dip,0,high,2,0.0,0.0,1,5,0.1563427
fa367f98-35d7-5574-88c9-0925aae9654a,dip,0,high,3,0.0,0.0,1,5,0.022683876
fa367f98-35d7-5574-88c9-0925aae9654a,drinks,100,low,0,0.0,1.0,0,6,0.56589127
fa367f98-35d7-5574-88c9-0925aae9654a,drinks,100,low,1,0.0,1.0,0,6,0.15074226
fa367f98-35d7-5574-88c9-0925aae9654a,drinks,100,low,2,0.0,1.0,0,6,0.14196308
fa367f98-35d7-5574-88c9-0925aae9654a,drinks,100,low,3,1.0,1.0,0,6,0.14140333
fa367f98-35d7-5574-88c9-0925aae9654a,driving,0,low,0,0.5,0.0,0,7,0.46846104
fa367f98-35d7-5574-88c9-0925aae9654a,driving,0,low,1,0.5,0.0,0,7,0.38957903
fa367f98-35d7-5574-88c9-0925aae9654a,driving,0,low,2,0.0,0.0,0,7,0.12279496
fa367f98-35d7-5574-88c9-0925aae9654a,driving,0,low,3,0.0,0.0,0,7,0.019165
fa367f98-35d7-5574-88c9-0925aae9654a,fair,0,low,0,0.0,0.0,0,8,0.62978035
fa367f98-35d7-5574-88c9-0925aae9654a,fair,0,low,1,0.5,0.0,0,8,0.31427956
fa367f98-35d7-5574-88c9-0925aae9654a,fair,0,low,2,0.5,0.0,0,8,0.04427682
fa367f98-35d7-5574-88c9-0925aae9654a,fair,0,low,3,0.0,0.0,0,8,0.011663312
fa367f98-35d7-5574-88c9-0925aae9654a,gala,75,low,0,1.0,0.75,0,9,0.71443945
fa367f98-35d7-5574-88c9-0925aae9654a,gala,75,low,1,0.0,0.75,0,9,0.13299528
fa367f98-35d7-5574-88c9-0925aae9654a,gala,75,low,2,0.0,0.75,0,9,0.08963433
fa367f98-35d7-5574-88c9-0925aae9654a,gala,75,low,3,0.0,0.75,0,9,0.06293091
fa367f98-35d7-5574-88c9-0925aae9654a,hike,50,high,0,0.0,0.5,1,10,0.22081594
fa367f98-35d7-5574-88c9-0925aae9654a,hike,50,high,1,1.0,0.5,1,10,0.48932368
fa367f98-35d7-5574-88c9-0925aae9654a,hike,50,high,2,0.0,0.5,1,10,0.17706409
fa367f98-35d7-5574-88c9-0925aae9654a,hike,50,high,3,0.0,0.5,1,10,0.11279631
fa367f98-35d7-5574-88c9-0925aae9654a,oysters,100,high,0,1.0,1.0,1,11,0.10516431
fa367f98-35d7-5574-88c9-0925aae9654a,oysters,100,high,1,0.0,1.0,1,11,0.31489423
fa367f98-35d7-5574-88c9-0925aae9654a,oysters,100,high,2,0.0,1.0,1,11,0.25911844
fa367f98-35d7-5574-88c9-0925aae9654a,oysters,100,high,3,0.0,1.0,1,11,0.32082298
fa367f98-35d7-5574-88c9-0925aae9654a,social,75,low,0,1.0,0.75,0,12,0.48559067
fa367f98-35d7-5574-88c9-0925aae9654a,social,75,low,1,0.0,0.75,0,12,0.1562225
fa367f98-35d7-5574-88c9-0925aae9654a,social,75,low,2,0.0,0.75,0,12,0.22584657
fa367f98-35d7-5574-88c9-0925aae9654a,social,75,low,3,0.0,0.75,0,12,0.13234024
fa367f98-35d7-5574-88c9-0925aae9654a,soup,50,low,0,1.0,0.5,0,13,0.30933502
fa367f98-35d7-5574-88c9-0925aae9654a,soup,50,low,1,0.0,0.5,0,13,0.44212443
fa367f98-35d7-5574-88c9-0925aae9654a,soup,50,low,2,0.0,0.5,0,13,0.14588597
fa367f98-35d7-5574-88c9-0925aae9654a,soup,50,low,3,0.0,0.5,0,13,0.102654584
fa367f98-35d7-5574-88c9-0925aae9654a,takeout,0,high,0,0.0,0.0,1,14,0.39998376
fa367f98-35d7-5574-88c9-0925aae9654a,takeout,0,high,1,1.0,0.0,1,14,0.5005222
fa367f98-35d7-5574-88c9-0925aae9654a,takeout,0,high,2,0.0,0.0,1,14,0.088389106
fa367f98-35d7-5574-88c9-0925aae9654a,takeout,0,high,3,0.0,0.0,1,14,0.011104971
fa367f98-35d7-5574-88c9-0925aae9654a,wedding,50,high,0,0.0,0.5,1,15,0.23947777
fa367f98-35d7-5574-88c9-0925aae9654a,wedding,50,high,1,0.0,0.5,1,15,0.35416168
fa367f98-35d7-5574-88c9-0925aae9654a,wedding,50,high,2,1.0,0.5,1,15,0.2457274
fa367f98-35d7-5574-88c9-0925aae9654a,wedding,50,high,3,0.0,0.5,1,15,0.16063312
fc29af42-5b75-5b19-942b-23b88009e99c,apples,100,high,0,0.0,1.0,1,0,0.08853757
fc29af42-5b75-5b19-942b-23b88009e99c,apples,100,high,1,0.05,1.0,1,0,0.2854008
fc29af42-5b75-5b19-942b-23b88009e99c,apples,100,high,2,0.04,1.0,1,0,0.3130308
fc29af42-5b75-5b19-942b-23b88009e99c,apples,100,high,3,0.91,1.0,1,0,0.31303078
fc29af42-5b75-5b19-942b-23b88009e99c,basketball,75,low,0,0.62,0.75,0,1,0.42199868
fc29af42-5b75-5b19-942b-23b88009e99c,basketball,75,low,1,0.19,0.75,0,1,0.27848366
fc29af42-5b75-5b19-942b-23b88009e99c,basketball,75,low,2,0.19,0.75,0,1,0.15602612
fc29af42-5b75-5b19-942b-23b88009e99c,basketball,75,low,3,0.0,0.75,0,1,0.1434915
fc29af42-5b75-5b19-942b-23b88009e99c,birthday,50,low,0,0.96,0.5,0,2,0.29914954
fc29af42-5b75-5b19-942b-23b88009e99c,birthday,50,low,1,0.02,0.5,0,2,0.43083405
fc29af42-5b75-5b19-942b-23b88009e99c,birthday,50,low,2,0.01,0.5,0,2,0.18929946
fc29af42-5b75-5b19-942b-23b88009e99c,birthday,50,low,3,0.01,0.5,0,2,0.08071703
fc29af42-5b75-5b19-942b-23b88009e99c,brunch,50,low,0,0.8,0.5,0,3,0.27989364
fc29af42-5b75-5b19-942b-23b88009e99c,brunch,50,low,1,0.2,0.5,0,3,0.3171549
fc29af42-5b75-5b19-942b-23b88009e99c,brunch,50,low,2,0.0,0.5,0,3,0.2594152
fc29af42-5b75-5b19-942b-23b88009e99c,brunch,50,low,3,0.0,0.5,0,3,0.14353625
fc29af42-5b75-5b19-942b-23b88009e99c,cooking,0,high,0,0.0,0.0,1,4,0.32258898
fc29af42-5b75-5b19-942b-23b88009e99c,cooking,0,high,1,0.89,0.0,1,4,0.41451508
fc29af42-5b75-5b19-942b-23b88009e99c,cooking,0,high,2,0.11,0.0,1,4,0.17586832
fc29af42-5b75-5b19-942b-23b88009e99c,cooking,0,high,3,0.0,0.0,1,4,0.08702758
fc29af42-5b75-5b19-942b-23b88009e99c,dip,100,low,0,0.57,1.0,0,5,0.571308
fc29af42-5b75-5b19-942b-23b88009e99c,dip,100,low,1,0.03,1.0,0,5,0.15790218
fc29af42-5b75-5b19-942b-23b88009e99c,dip,100,low,2,0.15,1.0,0,5,0.14700009
fc29af42-5b75-5b19-942b-23b88009e99c,dip,100,low,3,0.25,1.0,0,5,0.12378971
fc29af42-5b75-5b19-942b-23b88009e99c,drinks,50,high,0,0.0,0.5,1,6,0.35946196
fc29af42-5b75-5b19-942b-23b88009e99c,drinks,50,high,1,0.55,0.5,1,6,0.3741043
fc29af42-5b75-5b19-942b-23b88009e99c,drinks,50,high,2,0.45,0.5,1,6,0.167113
fc29af42-5b75-5b19-942b-23b88009e99c,drinks,50,high,3,0.0,0.5,1,6,0.09932076
fc29af42-5b75-5b19-942b-23b88009e99c,driving,75,low,0,0.18,0.75,0,7,0.36953267
fc29af42-5b75-5b19-942b-23b88009e99c,driving,75,low,1,0.71,0.75,0,7,0.30730876
fc29af42-5b75-5b19-942b-23b88009e99c,driving,75,low,2,0.08,0.75,0,7,0.21764581
fc29af42-5b75-5b19-942b-23b88009e99c,driving,75,low,3,0.03,0.75,0,7,0.10551278
fc29af42-5b75-5b19-942b-23b88009e99c,fair,75,high,0,0.0,0.75,1,8,0.19342518
fc29af42-5b75-5b19-942b-23b88009e99c,fair,75,high,1,0.0,0.75,1,8,0.376359
fc29af42-5b75-5b19-942b-23b88009e99c,fair,75,high,2,0.14,0.75,1,8,0.23236895
fc29af42-5b75-5b19-942b-23b88009e99c,fair,75,high,3,0.86,0.75,1,8,0.1978469
fc29af42-5b75-5b19-942b-23b88009e99c,gala,0,low,0,0.94,0.0,0,9,0.8866782
fc29af42-5b75-5b19-942b-23b88009e99c,gala,0,low,1,0.06,0.0,0,9,0.07345924
fc29af42-5b75-5b19-942b-23b88009e99c,gala,0,low,2,0.0,0.0,0,9,0.028000446
fc29af42-5b75-5b19-942b-23b88009e99c,gala,0,low,3,0.0,0.0,0,9,0.011862111
fc29af42-5b75-5b19-942b-23b88009e99c,hike,0,low,0,0.98,0.0,0,10,0.64159936
fc29af42-5b75-5b19-942b-23b88009e99c,hike,0,low,1,0.01,0.0,0,10,0.25533968
fc29af42-5b75-5b19-942b-23b88009e99c,hike,0,low,2,0.01,0.0,0,10,0.07569081
fc29af42-5b75-5b19-942b-23b88009e99c,hike,0,low,3,0.0,0.0,0,10,0.027370106
fc29af42-5b75-5b19-942b-23b88009e99c,oysters,50,high,0,0.43,0.5,1,11,0.24033377
fc29af42-5b75-5b19-942b-23b88009e99c,oysters,50,high,1,0.57,0.5,1,11,0.30433637
fc29af42-5b75-5b19-942b-23b88009e99c,oysters,50,high,2,0.0,0.5,1,11,0.32420126
fc29af42-5b75-5b19-942b-23b88009e99c,oysters,50,high,3,0.0,0.5,1,11,0.1311286
fc29af42-5b75-5b19-942b-23b88009e99c,social,0,high,0,0.09,0.0,1,12,0.65139556
fc29af42-5b75-5b19-942b-23b88009e99c,social,0,high,1,0.78,0.0,1,12,0.08862829
fc29af42-5b75-5b19-942b-23b88009e99c,social,0,high,2,0.11,0.0,1,12,0.1875765
fc29af42-5b75-5b19-942b-23b88009e99c,social,0,high,3,0.02,0.0,1,12,0.07239971
fc29af42-5b75-5b19-942b-23b88009e99c,soup,100,low,0,0.51,1.0,0,13,0.17265384
fc29af42-5b75-5b19-942b-23b88009e99c,soup,100,low,1,0.0,1.0,0,13,0.2467696
fc29af42-5b75-5b19-942b-23b88009e99c,soup,100,low,2,0.0,1.0,0,13,0.26021537
fc29af42-5b75-5b19-942b-23b88009e99c,soup,100,low,3,0.49,1.0,0,13,0.32036123
fc29af42-5b75-5b19-942b-23b88009e99c,takeout,75,high,0,0.0,0.75,1,14,0.2439953
fc29af42-5b75-5b19-942b-23b88009e99c,takeout,75,high,1,0.19,0.75,1,14,0.45767552
fc29af42-5b75-5b19-942b-23b88009e99c,takeout,75,high,2,0.81,0.75,1,14,0.2510497
fc29af42-5b75-5b19-942b-23b88009e99c,takeout,75,high,3,0.0,0.75,1,14,0.047279578
fc29af42-5b75-5b19-942b-23b88009e99c,wedding,100,high,0,0.0,1.0,1,15,0.08925787
fc29af42-5b75-5b19-942b-23b88009e99c,wedding,100,high,1,0.0,1.0,1,15,0.2704253
fc29af42-5b75-5b19-942b-23b88009e99c,wedding,100,high,2,0.91,1.0,1,15,0.30555892
fc29af42-5b75-5b19-942b-23b88009e99c,wedding,100,high,3,0.09,1.0,1,15,0.33475792
fd4c236f-f55b-521e-b43d-76ff594bbcfd,apples,0,high,0,0.79,0.0,1,0,0.42698184
fd4c236f-f55b-521e-b43d-76ff594bbcfd,apples,0,high,1,0.17,0.0,1,0,0.40298706
fd4c236f-f55b-521e-b43d-76ff594bbcfd,apples,0,high,2,0.04,0.0,1,0,0.09085414
fd4c236f-f55b-521e-b43d-76ff594bbcfd,apples,0,high,3,0.0,0.0,1,0,0.079176955
fd4c236f-f55b-521e-b43d-76ff594bbcfd,basketball,75,low,0,0.2,0.75,0,1,0.42199868
fd4c236f-f55b-521e-b43d-76ff594bbcfd,basketball,75,low,1,0.22,0.75,0,1,0.27848366
fd4c236f-f55b-521e-b43d-76ff594bbcfd,basketball,75,low,2,0.52,0.75,0,1,0.15602612
fd4c236f-f55b-521e-b43d-76ff594bbcfd,basketball,75,low,3,0.06,0.75,0,1,0.1434915
fd4c236f-f55b-521e-b43d-76ff594bbcfd,birthday,0,low,0,0.67,0.0,0,2,0.3523034
fd4c236f-f55b-521e-b43d-76ff594bbcfd,birthday,0,low,1,0.33,0.0,0,2,0.507386
fd4c236f-f55b-521e-b43d-76ff594bbcfd,birthday,0,low,2,0.0,0.0,0,2,0.110791706
fd4c236f-f55b-521e-b43d-76ff594bbcfd,birthday,0,low,3,0.0,0.0,0,2,0.029518887
fd4c236f-f55b-521e-b43d-76ff594bbcfd,brunch,50,low,0,0.06,0.5,0,3,0.27989364
fd4c236f-f55b-521e-b43d-76ff594bbcfd,brunch,50,low,1,0.12,0.5,0,3,0.3171549
fd4c236f-f55b-521e-b43d-76ff594bbcfd,brunch,50,low,2,0.53,0.5,0,3,0.2594152
fd4c236f-f55b-521e-b43d-76ff594bbcfd,brunch,50,low,3,0.29,0.5,0,3,0.14353625
fd4c236f-f55b-521e-b43d-76ff594bbcfd,cooking,100,high,0,0.01,1.0,1,4,0.08743349
fd4c236f-f55b-521e-b43d-76ff594bbcfd,cooking,100,high,1,0.73,1.0,1,4,0.30014092
fd4c236f-f55b-521e-b43d-76ff594bbcfd,cooking,100,high,2,0.16,1.0,1,4,0.2935727
fd4c236f-f55b-521e-b43d-76ff594bbcfd,cooking,100,high,3,0.1,1.0,1,4,0.3188529
fd4c236f-f55b-521e-b43d-76ff594bbcfd,dip,0,high,0,0.02,0.0,1,5,0.17585786
fd4c236f-f55b-521e-b43d-76ff594bbcfd,dip,0,high,1,0.81,0.0,1,5,0.6451156
fd4c236f-f55b-521e-b43d-76ff594bbcfd,dip,0,high,2,0.17,0.0,1,5,0.1563427
fd4c236f-f55b-521e-b43d-76ff594bbcfd,dip,0,high,3,0.0,0.0,1,5,0.022683876
fd4c236f-f55b-521e-b43d-76ff594bbcfd,drinks,75,high,0,0.06,0.75,1,6,0.27833256
fd4c236f-f55b-521e-b43d-76ff594bbcfd,drinks,75,high,1,0.24,0.75,1,6,0.35063356
fd4c236f-f55b-521e-b43d-76ff594bbcfd,drinks,75,high,2,0.34,0.75,1,6,0.21363103
fd4c236f-f55b-521e-b43d-76ff594bbcfd,drinks,75,high,3,0.36,0.75,1,6,0.15740284
fd4c236f-f55b-521e-b43d-76ff594bbcfd,driving,50,high,0,0.08,0.5,1,7,0.16074733
fd4c236f-f55b-521e-b43d-76ff594bbcfd,driving,50,high,1,0.84,0.5,1,7,0.4870178
fd4c236f-f55b-521e-b43d-76ff594bbcfd,driving,50,high,2,0.08,0.5,1,7,0.25592417
fd4c236f-f55b-521e-b43d-76ff594bbcfd,driving,50,high,3,0.0,0.5,1,7,0.09631069
fd4c236f-f55b-521e-b43d-76ff594bbcfd,fair,100,low,0,0.02,1.0,0,8,0.37053174
fd4c236f-f55b-521e-b43d-76ff594bbcfd,fair,100,low,1,0.21,1.0,0,8,0.2363968
fd4c236f-f55b-521e-b43d-76ff594bbcfd,fair,100,low,2,0.64,1.0,0,8,0.2622352
fd4c236f-f55b-521e-b43d-76ff594bbcfd,fair,100,low,3,0.13,1.0,0,8,0.1308363
fd4c236f-f55b-521e-b43d-76ff594bbcfd,gala,100,high,0,0.01,1.0,1,9,0.08383131
fd4c236f-f55b-521e-b43d-76ff594bbcfd,gala,100,high,1,0.01,1.0,1,9,0.30393267
fd4c236f-f55b-521e-b43d-76ff594bbcfd,gala,100,high,2,0.17,1.0,1,9,0.28360444
fd4c236f-f55b-521e-b43d-76ff594bbcfd,gala,100,high,3,0.81,1.0,1,9,0.32863158
fd4c236f-f55b-521e-b43d-76ff594bbcfd,hike,50,high,0,0.39,0.5,1,10,0.22081594
fd4c236f-f55b-521e-b43d-76ff594bbcfd,hike,50,high,1,0.54,0.5,1,10,0.48932368
fd4c236f-f55b-521e-b43d-76ff594bbcfd,hike,50,high,2,0.07,0.5,1,10,0.17706409
fd4c236f-f55b-521e-b43d-76ff594bbcfd,hike,50,high,3,0.0,0.5,1,10,0.11279631
fd4c236f-f55b-521e-b43d-76ff594bbcfd,oysters,50,low,0,0.89,0.5,0,11,0.5016542
fd4c236f-f55b-521e-b43d-76ff594bbcfd,oysters,50,low,1,0.09,0.5,0,11,0.17642859
fd4c236f-f55b-521e-b43d-76ff594bbcfd,oysters,50,low,2,0.02,0.5,0,11,0.2551191
fd4c236f-f55b-521e-b43d-76ff594bbcfd,oysters,50,low,3,0.0,0.5,0,11,0.066798165
fd4c236f-f55b-521e-b43d-76ff594bbcfd,social,0,low,0,1.0,0.0,0,12,0.82478136
fd4c236f-f55b-521e-b43d-76ff594bbcfd,social,0,low,1,0.0,0.0,0,12,0.042306297
fd4c236f-f55b-521e-b43d-76ff594bbcfd,social,0,low,2,0.0,0.0,0,12,0.10070582
fd4c236f-f55b-521e-b43d-76ff594bbcfd,social,0,low,3,0.0,0.0,0,12,0.032206487
fd4c236f-f55b-521e-b43d-76ff594bbcfd,soup,75,high,0,0.52,0.75,1,13,0.22527981
fd4c236f-f55b-521e-b43d-76ff594bbcfd,soup,75,high,1,0.16,0.75,1,13,0.3707575
fd4c236f-f55b-521e-b43d-76ff594bbcfd,soup,75,high,2,0.0,0.75,1,13,0.21040073
fd4c236f-f55b-521e-b43d-76ff594bbcfd,soup,75,high,3,0.32,0.75,1,13,0.19356199
fd4c236f-f55b-521e-b43d-76ff594bbcfd,takeout,100,low,0,0.43,1.0,0,14,0.3651162
fd4c236f-f55b-521e-b43d-76ff594bbcfd,takeout,100,low,1,0.56,1.0,0,14,0.27645305
fd4c236f-f55b-521e-b43d-76ff594bbcfd,takeout,100,low,2,0.01,1.0,0,14,0.2725342
fd4c236f-f55b-521e-b43d-76ff594bbcfd,takeout,100,low,3,0.0,1.0,0,14,0.085896574
fd4c236f-f55b-521e-b43d-76ff594bbcfd,wedding,75,low,0,0.9,0.75,0,15,0.51931244
fd4c236f-f55b-521e-b43d-76ff594bbcfd,wedding,75,low,1,0.01,0.75,0,15,0.2142844
fd4c236f-f55b-521e-b43d-76ff594bbcfd,wedding,75,low,2,0.09,0.75,0,15,0.16972683
fd4c236f-f55b-521e-b43d-76ff594bbcfd,wedding,75,low,3,0.0,0.75,0,15,0.09667626
